# This file uses centimeters as units for non-parametric coordinates.

g default
v -0.233798 0.096522 0.333983
v -0.272137 0.096522 0.326356
v -0.304639 0.096522 0.304639
v -0.326356 0.096522 0.272137
v -0.333983 0.096522 0.233798
v -0.333983 1.168422 0.233798
v -0.326356 1.168422 0.272137
v -0.304639 1.168422 0.304639
v -0.272137 1.168422 0.326356
v -0.233798 1.168422 0.333983
v -0.333983 0.096522 -0.233798
v -0.326356 0.096522 -0.272137
v -0.304639 0.096522 -0.304639
v -0.272137 0.096522 -0.326356
v -0.233798 0.096522 -0.333983
v -0.233798 1.168422 -0.333983
v -0.272137 1.168422 -0.326356
v -0.304639 1.168422 -0.304639
v -0.326356 1.168422 -0.272137
v -0.333983 1.168422 -0.233798
v 0.333983 0.096522 0.233798
v 0.326356 0.096522 0.272137
v 0.304639 0.096522 0.304639
v 0.272137 0.096522 0.326356
v 0.233798 0.096522 0.333983
v 0.233798 1.168422 0.333983
v 0.272137 1.168422 0.326356
v 0.304639 1.168422 0.304639
v 0.326356 1.168422 0.272137
v 0.333983 1.168422 0.233798
v 0.233798 0.096522 -0.333983
v 0.272137 0.096522 -0.326356
v 0.304639 0.096522 -0.304639
v 0.326356 0.096522 -0.272137
v 0.333983 0.096522 -0.233798
v 0.333983 1.168422 -0.233798
v 0.326356 1.168422 -0.272137
v 0.304639 1.168422 -0.304639
v 0.272137 1.168422 -0.326356
v 0.233798 1.168422 -0.333983
v -0.333983 0.383963 -0.233798
v -0.333983 0.429142 -0.233798
v -0.333983 0.429142 0.233798
v -0.333983 0.383963 0.233798
v -0.326356 0.429142 0.272137
v -0.326356 0.383963 0.272137
v -0.304639 0.429142 0.304639
v -0.304639 0.383963 0.304639
v -0.272137 0.429142 0.326356
v -0.272137 0.383963 0.326356
v -0.233798 0.383963 0.333983
v -0.233798 0.429142 0.333983
v 0.233798 0.429142 0.333983
v 0.233798 0.383963 0.333983
v 0.272137 0.429142 0.326356
v 0.272137 0.383963 0.326356
v 0.304639 0.429142 0.304639
v 0.304639 0.383963 0.304639
v 0.326356 0.429142 0.272137
v 0.326356 0.383963 0.272137
v 0.333983 0.383963 0.233798
v 0.333983 0.429142 0.233798
v 0.333983 0.429142 -0.233798
v 0.333983 0.383963 -0.233798
v 0.326356 0.429142 -0.272137
v 0.326356 0.383963 -0.272137
v 0.304639 0.429142 -0.304639
v 0.304639 0.383963 -0.304639
v 0.272137 0.429142 -0.326356
v 0.272137 0.383963 -0.326356
v 0.233798 0.383963 -0.333983
v 0.233798 0.429142 -0.333983
v -0.233798 0.429142 -0.333983
v -0.233798 0.383963 -0.333983
v -0.272137 0.429142 -0.326356
v -0.272137 0.383963 -0.326356
v -0.304639 0.429142 -0.304639
v -0.304639 0.383963 -0.304639
v -0.326356 0.429142 -0.272137
v -0.326356 0.383963 -0.272137
v -0.333983 0.835801 -0.233798
v -0.333983 0.880980 -0.233798
v -0.333983 0.880980 0.233798
v -0.333983 0.835801 0.233798
v -0.326356 0.880980 0.272137
v -0.326356 0.835801 0.272137
v -0.304639 0.880980 0.304639
v -0.304639 0.835801 0.304639
v -0.272137 0.880980 0.326356
v -0.272137 0.835801 0.326356
v -0.233798 0.880980 0.333983
v -0.233798 0.835801 0.333983
v 0.233798 0.880980 0.333983
v 0.233798 0.835801 0.333983
v 0.272137 0.880980 0.326356
v 0.272137 0.835801 0.326356
v 0.304639 0.880980 0.304639
v 0.304639 0.835801 0.304639
v 0.326356 0.880980 0.272137
v 0.326356 0.835801 0.272137
v 0.333983 0.880980 0.233798
v 0.333983 0.835801 0.233798
v 0.333983 0.880980 -0.233798
v 0.333983 0.835801 -0.233798
v 0.326356 0.880980 -0.272137
v 0.326356 0.835801 -0.272137
v 0.304639 0.880980 -0.304639
v 0.304639 0.835801 -0.304639
v 0.272137 0.880980 -0.326356
v 0.272137 0.835801 -0.326356
v 0.233798 0.880980 -0.333983
v 0.233798 0.835801 -0.333983
v -0.233798 0.880980 -0.333983
v -0.233798 0.835801 -0.333983
v -0.272137 0.880980 -0.326356
v -0.272137 0.835801 -0.326356
v -0.304639 0.880980 -0.304639
v -0.304639 0.835801 -0.304639
v -0.326356 0.880980 -0.272137
v -0.326356 0.835801 -0.272137
v -0.349250 0.429142 -0.235209
v -0.360544 0.417849 -0.236414
v -0.350658 0.417849 -0.282203
v -0.340072 0.429142 -0.277717
v -0.360544 0.395257 -0.236414
v -0.349250 0.383963 -0.235209
v -0.340072 0.383963 -0.277717
v -0.350658 0.395257 -0.282203
v -0.360544 0.395257 0.236414
v -0.349250 0.383963 0.235209
v -0.349250 0.429142 0.235209
v -0.360544 0.417849 0.236414
v -0.350658 0.395257 0.282203
v -0.340072 0.383963 0.277717
v -0.340072 0.429142 0.277717
v -0.350658 0.417849 0.282203
v -0.323239 0.395257 0.323239
v -0.315096 0.383963 0.315096
v -0.315096 0.429142 0.315096
v -0.323239 0.417849 0.323239
v -0.282203 0.395257 0.350658
v -0.277717 0.383963 0.340072
v -0.277717 0.429142 0.340072
v -0.282203 0.417849 0.350658
v -0.236414 0.395257 0.360544
v -0.235209 0.383963 0.349250
v -0.235209 0.429142 0.349250
v -0.236414 0.417849 0.360544
v 0.236414 0.395257 0.360544
v 0.235209 0.383963 0.349250
v 0.235209 0.429142 0.349250
v 0.236414 0.417849 0.360544
v 0.282203 0.395257 0.350658
v 0.277717 0.383963 0.340072
v 0.277717 0.429142 0.340072
v 0.282203 0.417849 0.350658
v 0.323239 0.395257 0.323239
v 0.315096 0.383963 0.315096
v 0.315096 0.429142 0.315096
v 0.323239 0.417849 0.323239
v 0.350658 0.395257 0.282203
v 0.340072 0.383963 0.277717
v 0.340072 0.429142 0.277717
v 0.350658 0.417849 0.282203
v 0.360544 0.395257 0.236414
v 0.349250 0.383963 0.235209
v 0.349250 0.429142 0.235209
v 0.360544 0.417849 0.236414
v 0.360544 0.395257 -0.236414
v 0.349250 0.383963 -0.235209
v 0.349250 0.429142 -0.235209
v 0.360544 0.417849 -0.236414
v 0.350658 0.395257 -0.282203
v 0.340072 0.383963 -0.277717
v 0.340072 0.429142 -0.277717
v 0.350658 0.417849 -0.282203
v 0.323239 0.395257 -0.323239
v 0.315096 0.383963 -0.315096
v 0.315096 0.429142 -0.315096
v 0.323239 0.417849 -0.323239
v 0.282203 0.395257 -0.350658
v 0.277717 0.383963 -0.340072
v 0.277717 0.429142 -0.340072
v 0.282203 0.417849 -0.350658
v 0.236414 0.395257 -0.360544
v 0.235209 0.383963 -0.349250
v 0.235209 0.429142 -0.349250
v 0.236414 0.417849 -0.360544
v -0.236414 0.395257 -0.360544
v -0.235209 0.383963 -0.349250
v -0.235209 0.429142 -0.349250
v -0.236414 0.417849 -0.360544
v -0.282203 0.395257 -0.350658
v -0.277717 0.383963 -0.340072
v -0.277717 0.429142 -0.340072
v -0.282203 0.417849 -0.350658
v -0.323239 0.395257 -0.323239
v -0.315096 0.383963 -0.315096
v -0.315096 0.429142 -0.315096
v -0.323239 0.417849 -0.323239
v -0.349250 0.880980 -0.235209
v -0.360544 0.869687 -0.236414
v -0.350658 0.869687 -0.282203
v -0.340072 0.880980 -0.277717
v -0.360544 0.847095 -0.236414
v -0.349250 0.835801 -0.235209
v -0.340072 0.835801 -0.277717
v -0.350658 0.847095 -0.282203
v -0.360544 0.847095 0.236414
v -0.349250 0.835801 0.235209
v -0.349250 0.880980 0.235209
v -0.360544 0.869687 0.236414
v -0.350658 0.847095 0.282203
v -0.340072 0.835801 0.277717
v -0.340072 0.880980 0.277717
v -0.350658 0.869687 0.282203
v -0.323239 0.847095 0.323239
v -0.315096 0.835801 0.315096
v -0.315096 0.880980 0.315096
v -0.323239 0.869687 0.323239
v -0.282203 0.847095 0.350658
v -0.277717 0.835801 0.340072
v -0.277717 0.880980 0.340072
v -0.282203 0.869687 0.350658
v -0.236414 0.847095 0.360544
v -0.235209 0.835801 0.349250
v -0.235209 0.880980 0.349250
v -0.236414 0.869687 0.360544
v 0.236414 0.847095 0.360544
v 0.235209 0.835801 0.349250
v 0.235209 0.880980 0.349250
v 0.236414 0.869687 0.360544
v 0.282203 0.847095 0.350658
v 0.277717 0.835801 0.340072
v 0.277717 0.880980 0.340072
v 0.282203 0.869687 0.350658
v 0.323239 0.847095 0.323239
v 0.315096 0.835801 0.315096
v 0.315096 0.880980 0.315096
v 0.323239 0.869687 0.323239
v 0.350658 0.847095 0.282203
v 0.340072 0.835801 0.277717
v 0.340072 0.880980 0.277717
v 0.350658 0.869687 0.282203
v 0.360544 0.847095 0.236414
v 0.349250 0.835801 0.235209
v 0.349250 0.880980 0.235209
v 0.360544 0.869687 0.236414
v 0.360544 0.847095 -0.236414
v 0.349250 0.835801 -0.235209
v 0.349250 0.880980 -0.235209
v 0.360544 0.869687 -0.236414
v 0.350658 0.847095 -0.282203
v 0.340072 0.835801 -0.277717
v 0.340072 0.880980 -0.277717
v 0.350658 0.869687 -0.282203
v 0.323239 0.847095 -0.323239
v 0.315096 0.835801 -0.315096
v 0.315096 0.880980 -0.315096
v 0.323239 0.869687 -0.323239
v 0.282203 0.847095 -0.350658
v 0.277717 0.835801 -0.340072
v 0.277717 0.880980 -0.340072
v 0.282203 0.869687 -0.350658
v 0.236414 0.847095 -0.360544
v 0.235209 0.835801 -0.349250
v 0.235209 0.880980 -0.349250
v 0.236414 0.869687 -0.360544
v -0.236414 0.847095 -0.360544
v -0.235209 0.835801 -0.349250
v -0.235209 0.880980 -0.349250
v -0.236414 0.869687 -0.360544
v -0.282203 0.847095 -0.350658
v -0.277717 0.835801 -0.340072
v -0.277717 0.880980 -0.340072
v -0.282203 0.869687 -0.350658
v -0.323239 0.847095 -0.323239
v -0.315096 0.835801 -0.315096
v -0.315096 0.880980 -0.315096
v -0.323239 0.869687 -0.323239
v -0.383264 0.000000 0.268296
v -0.268296 0.000000 0.383264
v -0.303824 0.000000 0.377638
v -0.335873 0.000000 0.361308
v -0.361308 0.000000 0.335873
v -0.377638 0.000000 0.303824
v 0.383264 0.000000 0.268296
v 0.377638 0.000000 0.303824
v 0.361308 0.000000 0.335873
v 0.335873 0.000000 0.361308
v 0.303824 0.000000 0.377638
v 0.268296 0.000000 0.383264
v -0.377638 0.000000 -0.303824
v -0.361308 0.000000 -0.335873
v -0.335873 0.000000 -0.361308
v -0.303824 0.000000 -0.377638
v -0.268296 0.000000 -0.383264
v -0.383264 0.000000 -0.268296
v 0.303824 0.000000 -0.377638
v 0.335873 0.000000 -0.361308
v 0.361308 0.000000 -0.335873
v 0.377638 0.000000 -0.303824
v 0.383264 0.000000 -0.268296
v 0.268296 0.000000 -0.383264
v -0.259842 0.096522 0.275837
v 0.259842 0.096522 0.275837
v 0.275837 0.096522 0.259842
v 0.275837 0.096522 -0.259842
v -0.275837 1.168422 -0.259842
v -0.275837 1.168422 0.259842
v 0.259842 1.168422 -0.275837
v -0.259842 1.168422 -0.275837
v -0.275837 0.096522 -0.259842
v -0.275837 0.096522 0.259842
v 0.259842 0.096522 -0.275837
v -0.259842 0.096522 -0.275837
v -0.259842 1.168422 0.275837
v 0.259842 1.168422 0.275837
v 0.275837 1.168422 0.259842
v 0.275837 1.168422 -0.259842
v -0.276101 0.096522 0.270832
v -0.274936 0.096522 0.273120
v -0.273120 0.096522 0.274936
v -0.270832 0.096522 0.276101
v 0.270832 0.096522 0.276101
v 0.273120 0.096522 0.274936
v 0.274936 0.096522 0.273120
v 0.276101 0.096522 0.270832
v -0.276101 1.168422 -0.270832
v -0.274936 1.168422 -0.273120
v -0.273120 1.168422 -0.274936
v -0.270832 1.168422 -0.276101
v 0.270832 1.168422 -0.276101
v 0.273120 1.168422 -0.274936
v 0.274936 1.168422 -0.273120
v 0.276101 1.168422 -0.270832
v -0.270832 0.096522 -0.276101
v -0.273120 0.096522 -0.274936
v -0.274936 0.096522 -0.273120
v -0.276101 0.096522 -0.270832
v 0.276101 0.096522 -0.270832
v 0.274936 0.096522 -0.273120
v 0.273120 0.096522 -0.274936
v 0.270832 0.096522 -0.276101
v -0.270832 1.168422 0.276101
v -0.273120 1.168422 0.274936
v -0.274936 1.168422 0.273120
v -0.276101 1.168422 0.270832
v 0.276101 1.168422 0.270832
v 0.274936 1.168422 0.273120
v 0.273120 1.168422 0.274936
v 0.270832 1.168422 0.276101
v -0.275837 1.168422 0.175695
v -0.275837 1.165549 0.161239
v -0.275837 1.157368 0.148985
v -0.275837 1.145124 0.140797
v -0.275837 1.130681 0.137921
v -0.275837 1.130681 -0.137921
v -0.275837 1.145124 -0.140797
v -0.275837 1.157368 -0.148985
v -0.275837 1.165549 -0.161239
v -0.275837 1.168422 -0.175695
v 0.275837 1.168422 -0.175695
v 0.275837 1.165549 -0.161239
v 0.275837 1.157368 -0.148985
v 0.275837 1.145124 -0.140797
v 0.275837 1.130681 -0.137921
v 0.275837 1.130681 0.137921
v 0.275837 1.145124 0.140797
v 0.275837 1.157368 0.148985
v 0.275837 1.165549 0.161239
v 0.275837 1.168422 0.175695
v -0.275837 1.060581 -0.100148
v -0.275837 1.063453 -0.114603
v -0.275837 1.071635 -0.126858
v -0.275837 1.083878 -0.135046
v -0.275837 1.098321 -0.137921
v -0.275837 1.098321 0.137921
v -0.275837 1.083878 0.135046
v -0.275837 1.071635 0.126858
v -0.275837 1.063453 0.114603
v -0.275837 1.060581 0.100148
v 0.275837 1.060581 0.100148
v 0.275837 1.063453 0.114603
v 0.275837 1.071635 0.126858
v 0.275837 1.083878 0.135046
v 0.275837 1.098321 0.137921
v 0.275837 1.098321 -0.137921
v 0.275837 1.083878 -0.135046
v 0.275837 1.071635 -0.126858
v 0.275837 1.063453 -0.114603
v 0.275837 1.060581 -0.100148
v -0.267051 1.264943 -0.365157
v -0.268296 1.246848 -0.383264
v 0.268296 1.246857 -0.383264
v 0.266873 1.264943 -0.365178
v -0.383264 1.186508 -0.268296
v -0.365178 1.168422 -0.266873
v -0.383264 1.186582 -0.178395
v -0.365141 1.168422 -0.179425
v -0.268296 1.186508 -0.383264
v -0.266873 1.168422 -0.365178
v 0.268296 1.186508 -0.383264
v 0.266873 1.168422 -0.365178
v -0.268296 1.246857 0.383264
v -0.266873 1.264943 0.365178
v 0.267051 1.264943 0.365157
v 0.268296 1.246848 0.383264
v -0.268296 1.186508 0.383264
v -0.266873 1.168422 0.365178
v 0.268296 1.186508 0.383264
v 0.266873 1.168422 0.365178
v 0.365157 1.264943 -0.267051
v 0.383264 1.246848 -0.268296
v 0.383264 1.246857 0.268296
v 0.365178 1.264943 0.266873
v 0.383264 1.186508 0.268296
v 0.365178 1.168422 0.266873
v 0.383264 1.186582 0.178395
v 0.365141 1.168422 0.179425
v -0.377638 1.246857 -0.303824
v -0.360222 1.264943 -0.298165
v -0.365178 1.264943 -0.266873
v -0.383264 1.246857 -0.268296
v -0.377638 1.186508 -0.303824
v -0.360222 1.168422 -0.298165
v -0.361308 1.246857 -0.335873
v -0.346493 1.264943 -0.325110
v -0.361308 1.186508 -0.335873
v -0.346493 1.168422 -0.325110
v -0.335873 1.246857 -0.361308
v -0.325110 1.264943 -0.346493
v -0.335873 1.186508 -0.361308
v -0.325110 1.168422 -0.346493
v -0.303824 1.246856 -0.377638
v -0.298341 1.264943 -0.360180
v -0.303824 1.186508 -0.377638
v -0.298165 1.168422 -0.360222
v 0.303824 1.246857 -0.377638
v 0.298165 1.264943 -0.360222
v 0.303824 1.186508 -0.377638
v 0.298165 1.168422 -0.360222
v 0.335873 1.246857 -0.361308
v 0.325110 1.264943 -0.346493
v 0.335873 1.186508 -0.361308
v 0.325110 1.168422 -0.346493
v 0.361308 1.246857 -0.335873
v 0.346493 1.264943 -0.325110
v 0.361308 1.186508 -0.335873
v 0.346493 1.168422 -0.325110
v 0.377638 1.246856 -0.303824
v 0.360180 1.264943 -0.298341
v 0.377638 1.186508 -0.303824
v 0.360222 1.168422 -0.298165
v 0.365178 1.168422 -0.266873
v 0.383264 1.186508 -0.268296
v -0.303824 1.246857 0.377638
v -0.298165 1.264943 0.360222
v -0.303824 1.186508 0.377638
v -0.298165 1.168422 0.360222
v -0.335873 1.246857 0.361308
v -0.325110 1.264943 0.346493
v -0.335873 1.186508 0.361308
v -0.325110 1.168422 0.346493
v -0.361308 1.246857 0.335873
v -0.346493 1.264943 0.325110
v -0.361308 1.186508 0.335873
v -0.346493 1.168422 0.325110
v -0.377638 1.246856 0.303824
v -0.360180 1.264943 0.298341
v -0.377638 1.186508 0.303824
v -0.360222 1.168422 0.298165
v -0.383264 1.246863 0.268296
v -0.365171 1.264943 0.267051
v -0.365178 1.168422 0.266873
v -0.383264 1.186508 0.268296
v 0.377638 1.246857 0.303824
v 0.360222 1.264943 0.298165
v 0.377638 1.186508 0.303824
v 0.360222 1.168422 0.298165
v 0.361308 1.246857 0.335873
v 0.346493 1.264943 0.325110
v 0.361308 1.186508 0.335873
v 0.346493 1.168422 0.325110
v 0.335873 1.246857 0.361308
v 0.325110 1.264943 0.346493
v 0.335873 1.186508 0.361308
v 0.325110 1.168422 0.346493
v 0.303824 1.246856 0.377638
v 0.298341 1.264943 0.360180
v 0.303824 1.186508 0.377638
v 0.298165 1.168422 0.360222
v -0.383264 1.132571 0.123950
v -0.364815 1.130681 0.141638
v -0.364812 1.098321 0.141638
v -0.383264 1.100157 0.123943
v -0.365141 1.168422 0.179425
v -0.383264 1.186604 0.178545
v -0.364808 1.130681 -0.141638
v -0.383264 1.132432 -0.123930
v -0.383264 1.100142 -0.123941
v -0.364811 1.098321 -0.141638
v 0.383264 1.132571 -0.123950
v 0.364815 1.130681 -0.141638
v 0.364812 1.098321 -0.141638
v 0.383264 1.100157 -0.123943
v 0.365141 1.168422 -0.179425
v 0.383264 1.186604 -0.178545
v 0.364808 1.130681 0.141638
v 0.383264 1.132432 0.123930
v 0.383264 1.100142 0.123941
v 0.364811 1.098321 0.141638
v -0.365134 1.060581 -0.103878
v -0.383264 1.078711 -0.102698
v -0.383264 1.078735 0.102849
v -0.365134 1.060581 0.103878
v 0.365134 1.060581 0.103878
v 0.383264 1.078711 0.102698
v 0.383264 1.078735 -0.102849
v 0.365134 1.060581 -0.103878
v -0.383264 1.152410 0.127995
v -0.364840 1.145124 0.144515
v -0.383264 1.170693 0.140414
v -0.364932 1.157368 0.152707
v -0.383264 1.182707 0.158792
v -0.365041 1.165549 0.164966
v -0.383264 1.182776 -0.158563
v -0.365041 1.165549 -0.164966
v -0.383264 1.170553 -0.140114
v -0.364932 1.157368 -0.152707
v -0.383264 1.152335 -0.127889
v -0.364840 1.145124 -0.144515
v 0.383264 1.152410 -0.127995
v 0.364840 1.145124 -0.144515
v 0.383264 1.170693 -0.140414
v 0.364932 1.157368 -0.152707
v 0.383264 1.182707 -0.158792
v 0.365041 1.165549 -0.164966
v 0.383264 1.182776 0.158563
v 0.365041 1.165549 0.164966
v 0.383264 1.170553 0.140114
v 0.364932 1.157368 0.152707
v 0.383264 1.152335 0.127889
v 0.364840 1.145124 0.144515
v -0.365026 1.063453 -0.118329
v -0.383264 1.080621 -0.111847
v -0.364907 1.071635 -0.130578
v -0.383264 1.084831 -0.118029
v -0.364835 1.083878 -0.138764
v -0.383264 1.091035 -0.122127
v -0.364835 1.083878 0.138764
v -0.383264 1.091065 0.122197
v -0.364907 1.071635 0.130578
v -0.383264 1.084853 0.118196
v -0.365026 1.063453 0.118329
v -0.383264 1.080553 0.112014
v 0.365026 1.063453 0.118329
v 0.383264 1.080621 0.111847
v 0.364907 1.071635 0.130578
v 0.383264 1.084831 0.118029
v 0.364835 1.083878 0.138764
v 0.383264 1.091035 0.122127
v 0.364835 1.083878 -0.138764
v 0.383264 1.091065 -0.122197
v 0.364907 1.071635 -0.130578
v 0.383264 1.084853 -0.118196
v 0.365026 1.063453 -0.118329
v 0.383264 1.080553 -0.112014
v -0.383264 1.246857 -0.178395
v -0.365177 1.264943 -0.178395
v 0.365161 1.264943 -0.178545
v 0.383264 1.246850 -0.178545
v 0.383264 1.246855 0.178395
v 0.365174 1.264943 0.178395
v -0.365172 1.264943 0.178545
v -0.383264 1.246861 0.178545
v -0.322568 1.264942 0.235896
v -0.322569 1.264939 0.178545
v -0.318159 1.264939 0.263534
v -0.306069 1.264939 0.287180
v -0.287180 1.264939 0.306069
v -0.263379 1.264939 0.318196
v -0.235738 1.264939 0.322574
v 0.235895 1.264942 0.322556
v 0.263534 1.264939 0.318159
v 0.287180 1.264939 0.306069
v 0.306069 1.264939 0.287180
v 0.318196 1.264939 0.263379
v 0.322574 1.264939 0.235738
v 0.322571 1.264939 0.178395
v 0.322558 1.264939 -0.178545
v 0.322556 1.264942 -0.235895
v 0.318159 1.264939 -0.263534
v 0.306069 1.264939 -0.287180
v 0.287180 1.264939 -0.306069
v 0.263379 1.264939 -0.318196
v 0.235738 1.264939 -0.322574
v -0.235895 1.264942 -0.322556
v -0.263535 1.264939 -0.318159
v -0.287180 1.264939 -0.306069
v -0.306069 1.264939 -0.287180
v -0.318196 1.264939 -0.263379
v -0.322574 1.264939 -0.235738
v -0.322573 1.264939 -0.178395
v -0.303312 1.245698 0.234539
v -0.303333 1.245698 0.178545
v -0.299566 1.245698 0.257681
v -0.290132 1.245698 0.275947
v -0.275733 1.245698 0.290312
v -0.257361 1.245698 0.299673
v -0.234225 1.245698 0.303338
v 0.234542 1.245698 0.303300
v 0.257655 1.245698 0.299576
v 0.275864 1.245698 0.290201
v 0.290312 1.245698 0.275732
v 0.299673 1.245698 0.257361
v 0.303337 1.245698 0.234225
v 0.303334 1.245698 0.178395
v 0.303322 1.245698 -0.178545
v 0.303300 1.245698 -0.234542
v 0.299564 1.245698 -0.257684
v 0.290131 1.245698 -0.275947
v 0.275732 1.245698 -0.290312
v 0.257361 1.245698 -0.299673
v 0.234224 1.245698 -0.303338
v -0.234543 1.245698 -0.303300
v -0.257655 1.245698 -0.299576
v -0.275865 1.245698 -0.290201
v -0.290313 1.245698 -0.275732
v -0.299673 1.245698 -0.257361
v -0.303338 1.245698 -0.234224
v -0.303337 1.245698 -0.178395
v -0.268296 0.067568 0.383264
v -0.266018 0.096522 0.354311
v 0.268296 0.067568 0.383264
v 0.266018 0.096522 0.354311
v 0.383264 0.067568 0.268296
v 0.354311 0.096522 0.266018
v 0.383264 0.067568 -0.268296
v 0.354311 0.096522 -0.266018
v -0.383264 0.067568 0.268296
v -0.354311 0.096522 0.266018
v -0.383264 0.067568 -0.268296
v -0.354311 0.096522 -0.266018
v -0.268296 0.067568 -0.383264
v -0.266018 0.096522 -0.354311
v 0.268296 0.067568 -0.383264
v 0.266018 0.096522 -0.354311
v -0.377638 0.067568 0.303824
v -0.349758 0.096522 0.294765
v -0.361308 0.067568 0.335873
v -0.337592 0.096522 0.318643
v -0.335873 0.067568 0.361308
v -0.318643 0.096522 0.337592
v -0.303824 0.067568 0.377638
v -0.294765 0.096522 0.349758
v 0.303824 0.067568 0.377638
v 0.294765 0.096522 0.349758
v 0.335873 0.067568 0.361308
v 0.318643 0.096522 0.337592
v 0.361308 0.067568 0.335873
v 0.337592 0.096522 0.318643
v 0.377638 0.067568 0.303824
v 0.349758 0.096522 0.294765
v -0.303824 0.067568 -0.377638
v -0.294765 0.096522 -0.349758
v -0.335873 0.067568 -0.361308
v -0.318643 0.096522 -0.337592
v -0.361308 0.067568 -0.335873
v -0.337592 0.096522 -0.318643
v -0.377638 0.067568 -0.303824
v -0.349758 0.096522 -0.294765
v 0.377638 0.067568 -0.303824
v 0.349758 0.096522 -0.294765
v 0.361308 0.067568 -0.335873
v 0.337592 0.096522 -0.318643
v 0.335873 0.067568 -0.361308
v 0.318643 0.096522 -0.337592
v 0.303824 0.067568 -0.377638
v 0.294765 0.096522 -0.349758
v -0.333983 0.880980 -0.093060
v -0.333983 0.880980 0.093060
v -0.093060 0.880980 0.333983
v 0.093060 0.880980 0.333983
v 0.333983 0.880980 0.093060
v 0.333983 0.880980 -0.093060
v 0.093060 0.880980 -0.333983
v -0.093060 0.880980 -0.333983
v -0.333983 0.383963 -0.093060
v -0.333983 0.383963 0.093060
v -0.093060 0.383963 0.333983
v 0.093060 0.383963 0.333983
v 0.333983 0.383963 0.093060
v 0.333983 0.383963 -0.093060
v 0.093060 0.383963 -0.333983
v -0.093060 0.383963 -0.333983
v -0.333983 0.895877 -0.093060
v -0.333983 0.918216 -0.070706
v -0.333983 0.918216 0.070706
v -0.333983 0.895877 0.093060
v -0.093060 0.895877 0.333983
v -0.070706 0.918216 0.333983
v 0.070706 0.918216 0.333983
v 0.093060 0.895877 0.333983
v 0.333983 0.895877 0.093060
v 0.333983 0.918216 0.070706
v 0.333983 0.918216 -0.070706
v 0.333983 0.895877 -0.093060
v 0.093060 0.895877 -0.333983
v 0.070706 0.918216 -0.333983
v -0.070706 0.918216 -0.333983
v -0.093060 0.895877 -0.333983
v -0.333983 0.369067 0.093060
v -0.333983 0.346727 0.070706
v -0.333983 0.346727 -0.070706
v -0.333983 0.369067 -0.093060
v 0.093060 0.369066 0.333983
v 0.070706 0.346727 0.333983
v -0.070706 0.346727 0.333983
v -0.093060 0.369066 0.333983
v 0.333983 0.369067 -0.093060
v 0.333983 0.346727 -0.070706
v 0.333983 0.346727 0.070706
v 0.333983 0.369067 0.093060
v -0.093060 0.369067 -0.333983
v -0.070706 0.346727 -0.333983
v 0.070706 0.346727 -0.333983
v 0.093060 0.369067 -0.333983
v -0.344909 0.880980 -0.085983
v -0.341617 0.880980 -0.093340
v -0.344909 0.892712 -0.085983
v -0.341638 0.895877 -0.093341
v -0.341617 0.880980 0.093340
v -0.344909 0.880980 0.085983
v -0.344909 0.892729 0.086024
v -0.341638 0.895877 0.093341
v -0.085983 0.880980 0.344909
v -0.093340 0.880980 0.341617
v -0.085983 0.892712 0.344909
v -0.093341 0.895877 0.341638
v 0.093340 0.880980 0.341617
v 0.085983 0.880980 0.344909
v 0.086024 0.892729 0.344909
v 0.093341 0.895877 0.341638
v 0.344909 0.880980 0.085983
v 0.341617 0.880980 0.093340
v 0.344909 0.892712 0.085983
v 0.341638 0.895877 0.093341
v 0.341617 0.880980 -0.093340
v 0.344909 0.880980 -0.085983
v 0.344909 0.892729 -0.086024
v 0.341638 0.895877 -0.093341
v 0.085983 0.880980 -0.344909
v 0.093340 0.880980 -0.341617
v 0.085983 0.892712 -0.344909
v 0.093341 0.895877 -0.341638
v -0.093340 0.880980 -0.341617
v -0.085983 0.880980 -0.344909
v -0.086024 0.892729 -0.344909
v -0.093341 0.895877 -0.341638
v -0.344909 0.383963 0.085983
v -0.341617 0.383963 0.093340
v -0.344909 0.372232 0.085983
v -0.341638 0.369067 0.093341
v -0.341617 0.383963 -0.093340
v -0.344909 0.383963 -0.085983
v -0.344909 0.372215 -0.086024
v -0.341638 0.369067 -0.093341
v 0.085983 0.383963 0.344909
v 0.093340 0.383963 0.341617
v 0.085983 0.372232 0.344909
v 0.093341 0.369066 0.341638
v -0.093340 0.383963 0.341617
v -0.085983 0.383963 0.344909
v -0.086024 0.372215 0.344909
v -0.093341 0.369066 0.341638
v 0.344909 0.383963 -0.085983
v 0.341617 0.383963 -0.093340
v 0.344909 0.372232 -0.085983
v 0.341638 0.369067 -0.093341
v 0.341617 0.383963 0.093340
v 0.344909 0.383963 0.085983
v 0.344909 0.372215 0.086024
v 0.341638 0.369067 0.093341
v -0.085983 0.383963 -0.344909
v -0.093340 0.383963 -0.341617
v -0.085983 0.372232 -0.344909
v -0.093341 0.369067 -0.341638
v 0.093340 0.383963 -0.341617
v 0.085983 0.383963 -0.344909
v 0.086024 0.372215 -0.344909
v 0.093341 0.369067 -0.341638
v -0.344909 0.910620 -0.068122
v -0.341706 0.918216 -0.070989
v -0.344909 0.910718 0.068162
v -0.341706 0.918216 0.070989
v -0.068122 0.910620 0.344909
v -0.070989 0.918216 0.341706
v 0.068162 0.910718 0.344909
v 0.070989 0.918216 0.341706
v 0.344909 0.910620 0.068122
v 0.341706 0.918216 0.070989
v 0.344909 0.910718 -0.068162
v 0.341706 0.918216 -0.070989
v 0.068122 0.910620 -0.344909
v 0.070989 0.918216 -0.341706
v -0.068162 0.910718 -0.344909
v -0.070989 0.918216 -0.341706
v -0.344909 0.354323 0.068122
v -0.341706 0.346727 0.070989
v -0.344909 0.354225 -0.068162
v -0.341706 0.346727 -0.070989
v 0.068122 0.354323 0.344909
v 0.070989 0.346727 0.341706
v -0.068162 0.354225 0.344909
v -0.070989 0.346727 0.341706
v 0.344909 0.354323 -0.068122
v 0.341706 0.346727 -0.070989
v 0.344909 0.354225 0.068162
v 0.341706 0.346727 0.070989
v -0.068122 0.354323 -0.344909
v -0.070989 0.346727 -0.341706
v 0.068162 0.354225 -0.344909
v 0.070989 0.346727 -0.341706
vt 0.558108 0.686729
vt 0.848243 0.552370
vt 0.538536 0.863920
vt 0.670472 0.801391
vt 0.504188 0.113251
vt 0.078102 0.465710
vt 0.264369 0.516252
vt 0.490704 0.737325
vt 0.054712 0.686570
vt 0.842184 0.392636
vt 0.740791 0.843246
vt 0.009777 0.801241
vt 0.212967 0.748539
vt 0.794156 0.562008
vt 0.454750 0.342753
vt 0.878137 0.542304
vt 0.031565 0.464564
vt 0.684539 0.801391
vt 0.047393 0.464406
vt 0.698605 0.801391
vt 0.063266 0.464600
vt 0.712671 0.801391
vt 0.894780 0.553521
vt 0.780089 0.562010
vt 0.878952 0.553678
vt 0.766023 0.562012
vt 0.863078 0.553482
vt 0.751957 0.562014
vt 0.795647 0.391491
vt 0.504770 0.737323
vt 0.811475 0.391333
vt 0.518836 0.737321
vt 0.827349 0.391526
vt 0.532903 0.737319
vt 0.831600 0.541150
vt 0.023843 0.801239
vt 0.847428 0.540994
vt 0.037909 0.801238
vt 0.863301 0.541191
vt 0.051975 0.801236
vt 0.381223 0.821025
vt 0.077194 0.801244
vt 0.672432 0.124464
vt 0.012247 0.476944
vt 0.751970 0.676681
vt 0.027083 0.478055
vt 0.766037 0.676683
vt 0.042956 0.478250
vt 0.780103 0.676685
vt 0.058784 0.478092
vt 0.794169 0.676687
vt 0.190492 0.832242
vt 0.484182 0.468645
vt 0.402757 0.633879
vt 0.158674 0.697808
vt 0.499017 0.469758
vt 0.172740 0.697809
vt 0.514890 0.469956
vt 0.186806 0.697809
vt 0.530719 0.469801
vt 0.200873 0.697810
vt 0.392750 0.791448
vt 0.848245 0.468003
vt 0.726367 0.468622
vt 0.617119 0.697959
vt 0.863080 0.469117
vt 0.631185 0.697959
vt 0.878953 0.469315
vt 0.645251 0.697959
vt 0.894781 0.469161
vt 0.659318 0.697959
vt 0.178969 0.843085
vt 0.622991 0.353955
vt 0.518570 0.543030
vt 0.119392 0.801240
vt 0.503735 0.541918
vt 0.105326 0.801241
vt 0.487862 0.541722
vt 0.091260 0.801243
vt 0.472034 0.541879
vt 0.370275 0.833312
vt 0.457213 0.510915
vt 0.212967 0.790385
vt 0.016741 0.433602
vt 0.027069 0.507907
vt 0.031577 0.434712
vt 0.042898 0.507750
vt 0.047450 0.434906
vt 0.058771 0.507945
vt 0.063278 0.434748
vt 0.073606 0.509055
vt 0.096102 0.485672
vt 0.780822 0.360530
vt 0.358751 0.862865
vt 0.498999 0.499611
vt 0.795658 0.361639
vt 0.514827 0.499456
vt 0.811531 0.361833
vt 0.530700 0.499653
vt 0.827359 0.361674
vt 0.545536 0.500766
vt 0.572533 0.812621
vt 0.816782 0.510185
vt 0.561007 0.822079
vt 0.863061 0.498969
vt 0.831617 0.511298
vt 0.878889 0.498815
vt 0.847490 0.511494
vt 0.894762 0.499013
vt 0.863318 0.511339
vt 0.909597 0.500127
vt 0.381222 0.779181
vt 0.010706 0.812489
vt 0.909600 0.584485
vt 0.503750 0.512066
vt 0.894765 0.583373
vt 0.487922 0.512223
vt 0.878892 0.583178
vt 0.472048 0.512027
vt 0.863064 0.583334
vt 0.381734 0.795907
vt 0.454731 0.522536
vt 0.212024 0.801626
vt 0.011018 0.503541
vt 0.471573 0.517338
vt 0.471279 0.522963
vt 0.487917 0.517258
vt 0.487922 0.523002
vt 0.382166 0.809784
vt 0.455982 0.537512
vt 0.212455 0.815503
vt 0.009766 0.488565
vt 0.471212 0.530931
vt 0.471547 0.536565
vt 0.487861 0.530943
vt 0.487866 0.536687
vt 0.026607 0.483366
vt 0.026313 0.488991
vt 0.026247 0.496959
vt 0.026583 0.502593
vt 0.042951 0.483286
vt 0.042957 0.489029
vt 0.042896 0.496970
vt 0.042902 0.502714
vt 0.059271 0.483406
vt 0.059606 0.489041
vt 0.059540 0.497008
vt 0.059246 0.502633
vt 0.074836 0.482458
vt 0.189550 0.843484
vt 0.076088 0.497435
vt 0.189983 0.857360
vt 0.359260 0.837747
vt 0.481698 0.480265
vt 0.359693 0.851623
vt 0.482948 0.495242
vt 0.498541 0.475069
vt 0.498246 0.480694
vt 0.498178 0.488662
vt 0.498513 0.494297
vt 0.514885 0.474992
vt 0.514890 0.480735
vt 0.514828 0.488676
vt 0.514832 0.494420
vt 0.531204 0.475115
vt 0.531539 0.480749
vt 0.531471 0.488717
vt 0.531177 0.494342
vt 0.546770 0.474170
vt 0.391807 0.802689
vt 0.548019 0.489146
vt 0.392239 0.816566
vt 0.561518 0.796962
vt 0.845761 0.479623
vt 0.561950 0.810838
vt 0.847010 0.494600
vt 0.862604 0.474428
vt 0.862309 0.480053
vt 0.862241 0.488021
vt 0.862575 0.493655
vt 0.878948 0.474351
vt 0.878952 0.480094
vt 0.878890 0.488035
vt 0.878894 0.493779
vt 0.895267 0.474475
vt 0.895602 0.480109
vt 0.895533 0.488077
vt 0.895238 0.493702
vt 0.910832 0.473530
vt 0.179910 0.831843
vt 0.912081 0.488506
vt 0.179475 0.817967
vt 0.010201 0.837606
vt 0.521052 0.531409
vt 0.009766 0.823730
vt 0.519801 0.516433
vt 0.504210 0.536607
vt 0.504505 0.530982
vt 0.504572 0.523014
vt 0.504236 0.517380
vt 0.369768 0.858430
vt 0.845761 0.563991
vt 0.539477 0.852679
vt 0.015513 0.460199
vt 0.862603 0.558793
vt 0.862309 0.564418
vt 0.878947 0.558713
vt 0.878952 0.564457
vt 0.369333 0.844553
vt 0.847012 0.578967
vt 0.539043 0.838802
vt 0.014260 0.445223
vt 0.862242 0.572386
vt 0.862577 0.578020
vt 0.878891 0.572398
vt 0.878896 0.578142
vt 0.031102 0.440023
vt 0.030808 0.445648
vt 0.030742 0.453616
vt 0.031078 0.459250
vt 0.047446 0.439942
vt 0.047452 0.445685
vt 0.047391 0.453626
vt 0.047397 0.459370
vt 0.063765 0.440062
vt 0.064101 0.445696
vt 0.064035 0.453664
vt 0.063741 0.459289
vt 0.079330 0.439113
vt 0.095163 0.496914
vt 0.080583 0.454089
vt 0.095599 0.510790
vt 0.264871 0.491134
vt 0.778342 0.372150
vt 0.265308 0.505011
vt 0.779595 0.387127
vt 0.795183 0.366950
vt 0.794890 0.372576
vt 0.794824 0.380543
vt 0.795160 0.386178
vt 0.811527 0.366868
vt 0.811533 0.372612
vt 0.811473 0.380553
vt 0.811479 0.386297
vt 0.827847 0.366988
vt 0.828183 0.372622
vt 0.828117 0.380590
vt 0.827823 0.386215
vt 0.843412 0.366039
vt 0.571591 0.823862
vt 0.844665 0.381015
vt 0.572024 0.837738
vt 0.741301 0.818128
vt 0.814299 0.521805
vt 0.741734 0.832005
vt 0.815549 0.536782
vt 0.831141 0.516609
vt 0.830846 0.522234
vt 0.830779 0.530201
vt 0.831114 0.535836
vt 0.847485 0.516530
vt 0.847490 0.522274
vt 0.847428 0.530215
vt 0.847433 0.535959
vt 0.863805 0.516653
vt 0.864139 0.522287
vt 0.864072 0.530255
vt 0.863777 0.535880
vt 0.879370 0.515707
vt 0.382166 0.767940
vt 0.880620 0.530683
vt 0.381735 0.754063
vt 0.212455 0.773657
vt 0.912082 0.572865
vt 0.212024 0.759780
vt 0.910832 0.557888
vt 0.895240 0.578062
vt 0.895535 0.572437
vt 0.895602 0.564470
vt 0.895266 0.558835
vt 0.212459 0.754033
vt 0.622991 0.239288
vt 0.794170 0.665441
vt 0.909480 0.552370
vt 0.470545 0.633885
vt 0.443207 0.543232
vt 0.212962 0.779151
vt 0.910970 0.578960
vt 0.879507 0.536779
vt 0.066031 0.697801
vt 0.454731 0.239320
vt 0.381228 0.748569
vt 0.274947 0.543226
vt 0.084031 0.422366
vt 0.878019 0.510188
vt 0.381731 0.773687
vt 0.741299 0.837752
vt 0.222979 0.583147
vt 0.009766 0.697807
vt 0.816900 0.542301
vt 0.027766 0.422375
vt 0.222994 0.195595
vt 0.740794 0.812634
vt 0.815412 0.515710
vt 0.843553 0.387111
vt 0.546953 0.633883
vt 0.054718 0.583136
vt 0.572531 0.843232
vt 0.054734 0.195620
vt 0.735752 0.385451
vt 0.842059 0.360520
vt 0.572025 0.818114
vt 0.264875 0.510758
vt 0.672432 0.009791
vt 0.490688 0.633892
vt 0.780947 0.392645
vt 0.679487 0.385461
vt 0.263436 0.422350
vt 0.264363 0.485641
vt 0.779453 0.366054
vt 0.079471 0.460185
vt 0.726737 0.697958
vt 0.504171 0.009818
vt 0.096108 0.516284
vt 0.095175 0.422365
vt 0.740220 0.156131
vt 0.077978 0.433594
vt 0.095596 0.491166
vt 0.539043 0.858426
vt 0.726367 0.583294
vt 0.670471 0.697958
vt 0.016865 0.465717
vt 0.683955 0.156124
vt 0.443207 0.385668
vt 0.538535 0.833308
vt 0.015372 0.439127
vt 0.274947 0.385653
vt 0.414279 0.633886
vt 0.848363 0.584486
vt 0.369767 0.838806
vt 0.846873 0.557895
vt 0.737905 0.665449
vt 0.558107 0.583296
vt 0.370275 0.863924
vt 0.010199 0.817983
vt 0.443212 0.396899
vt 0.470549 0.780217
vt 0.518450 0.510914
vt 0.133450 0.697806
vt 0.623010 0.457389
vt 0.010709 0.843100
vt 0.519940 0.537505
vt 0.910968 0.494602
vt 0.084009 0.276033
vt 0.274951 0.396894
vt 0.178967 0.812473
vt 0.454749 0.457419
vt 0.659318 0.801392
vt 0.909482 0.468011
vt 0.179476 0.837591
vt 0.561515 0.816586
vt 0.222972 0.049262
vt 0.027744 0.276042
vt 0.848360 0.500119
vt 0.603053 0.801392
vt 0.726373 0.572055
vt 0.561011 0.791468
vt 0.846874 0.473528
vt 0.546906 0.495242
vt 0.735726 0.239118
vt 0.054712 0.049288
vt 0.392746 0.822060
vt 0.558113 0.572066
vt 0.200869 0.801243
vt 0.545419 0.468651
vt 0.392242 0.796942
vt 0.359259 0.857371
vt 0.263424 0.276018
vt 0.679461 0.239128
vt 0.484299 0.500761
vt 0.144604 0.801241
vt 0.402756 0.737313
vt 0.358753 0.832253
vt 0.482812 0.474170
vt 0.074976 0.503531
vt 0.740238 0.009798
vt 0.095163 0.276032
vt 0.190490 0.862854
vt 0.234496 0.737311
vt 0.794156 0.780120
vt 0.073484 0.476940
vt 0.189984 0.837736
vt 0.212458 0.795879
vt 0.443221 0.239335
vt 0.683973 0.009791
vt 0.012369 0.509060
vt 0.737890 0.780113
vt 0.672444 0.227897
vt 0.212962 0.820997
vt 0.010878 0.482469
vt 0.504183 0.227916
vt 0.077185 0.697810
vt 0.457333 0.543031
vt 0.381731 0.815531
vt 0.455843 0.516440
vt 0.414284 0.780219
vt 0.274960 0.239320
vt 0.381228 0.790413
vt 0.212023 0.767910
vt 0.911894 0.563974
vt 0.880431 0.521792
vt 0.382167 0.759810
vt 0.741734 0.823875
vt 0.814487 0.530696
vt 0.844475 0.372124
vt 0.571590 0.831991
vt 0.265306 0.496882
vt 0.778532 0.381041
vt 0.080393 0.445198
vt 0.095164 0.505043
vt 0.539477 0.844549
vt 0.014450 0.454114
vt 0.845950 0.572882
vt 0.369334 0.852683
vt 0.009766 0.831859
vt 0.520864 0.522518
vt 0.911894 0.479615
vt 0.179909 0.823714
vt 0.561951 0.802709
vt 0.845948 0.488514
vt 0.547831 0.480255
vt 0.391806 0.810818
vt 0.359693 0.843494
vt 0.481886 0.489156
vt 0.075898 0.488544
vt 0.189550 0.851613
vt 0.212023 0.809756
vt 0.009955 0.497456
vt 0.454920 0.531427
vt 0.382167 0.801654
vt 0.133459 0.801239
vt 0.454731 0.353986
vt 0.603053 0.697959
vt 0.558107 0.468632
vt 0.144607 0.697808
vt 0.234496 0.633878
vt 0.737904 0.676679
vt 0.504171 0.124483
vt 0.066042 0.801235
vt 0.623011 0.342722
vt 0.222972 0.686581
vt 0.546969 0.737316
vt 0.672448 0.113225
vt 0.726737 0.801391
vt 0.726368 0.686727
vt 0.737890 0.562016
vt 0.751971 0.665447
vt 0.766038 0.665445
vt 0.442412 0.633885
vt 0.428346 0.633886
vt 0.780104 0.665443
vt 0.456478 0.633885
vt 0.051964 0.697803
vt 0.069965 0.422368
vt 0.037898 0.697804
vt 0.055898 0.422371
vt 0.023832 0.697806
vt 0.041832 0.422373
vt 0.532886 0.633885
vt 0.721686 0.385453
vt 0.518820 0.633887
vt 0.707620 0.385456
vt 0.504754 0.633890
vt 0.693554 0.385459
vt 0.712670 0.697958
vt 0.726154 0.156129
vt 0.698604 0.697958
vt 0.712088 0.156128
vt 0.684538 0.697958
vt 0.698022 0.156126
vt 0.428350 0.780219
vt 0.442417 0.780218
vt 0.105317 0.697808
vt 0.091251 0.697809
vt 0.456483 0.780218
vt 0.119383 0.697807
vt 0.069943 0.276036
vt 0.645251 0.801392
vt 0.055877 0.276038
vt 0.631185 0.801392
vt 0.041810 0.276040
vt 0.617119 0.801392
vt 0.721660 0.239121
vt 0.186802 0.801243
vt 0.707593 0.239123
vt 0.172736 0.801242
vt 0.693527 0.239126
vt 0.158670 0.801242
vt 0.726172 0.009796
vt 0.780089 0.780118
vt 0.712106 0.009795
vt 0.766023 0.780116
vt 0.698039 0.009793
vt 0.751957 0.780114
vt 0.066816 0.909628
vt 0.071310 0.917681
vt 0.059633 0.923267
vt 0.056530 0.914545
vt 0.351355 0.943885
vt 0.351803 0.934673
vt 0.543931 0.934661
vt 0.544444 0.943865
vt 0.952726 0.470468
vt 0.944642 0.466037
vt 0.949557 0.455751
vt 0.958306 0.458788
vt 0.985328 0.042139
vt 0.976124 0.041630
vt 0.976104 0.010162
vt 0.985336 0.009789
vt 0.940147 0.340623
vt 0.948229 0.336189
vt 0.953815 0.347865
vt 0.945068 0.350907
vt 0.737890 0.397035
vt 0.747123 0.396673
vt 0.747877 0.401924
vt 0.738856 0.404237
vt 0.948236 0.397731
vt 0.940153 0.393299
vt 0.945071 0.383013
vt 0.953820 0.386054
vt 0.549629 0.964299
vt 0.549117 0.955095
vt 0.742206 0.955101
vt 0.741694 0.964305
vt 0.943321 0.877775
vt 0.947755 0.885857
vt 0.936078 0.891442
vt 0.933036 0.882695
vt 0.746328 0.436448
vt 0.754412 0.440878
vt 0.749498 0.451165
vt 0.740748 0.448127
vt 0.149610 0.944806
vt 0.149098 0.935602
vt 0.342187 0.935612
vt 0.341738 0.944824
vt 0.081679 0.952120
vt 0.077185 0.944066
vt 0.088860 0.938480
vt 0.091965 0.947202
vt 0.751374 0.949024
vt 0.751886 0.939820
vt 0.943950 0.939805
vt 0.944463 0.949009
vt 0.153530 0.470580
vt 0.149098 0.462497
vt 0.160776 0.456914
vt 0.163816 0.465663
vt 0.813760 0.402701
vt 0.821842 0.407135
vt 0.816922 0.417419
vt 0.808174 0.414377
vt 0.944650 0.413418
vt 0.952703 0.408924
vt 0.958290 0.420599
vt 0.949568 0.423704
vt 0.832499 0.746457
vt 0.823288 0.746008
vt 0.823291 0.714160
vt 0.832501 0.714161
vt 0.138728 0.944045
vt 0.134298 0.952129
vt 0.124012 0.947214
vt 0.127050 0.938465
vt 0.751374 0.145017
vt 0.751882 0.135813
vt 0.783350 0.135790
vt 0.783725 0.145022
vt 0.821838 0.459810
vt 0.813756 0.464243
vt 0.808172 0.452566
vt 0.816920 0.449525
vt 0.109009 0.474441
vt 0.108647 0.465208
vt 0.113898 0.464454
vt 0.116211 0.473475
vt 0.021444 0.923280
vt 0.024483 0.914531
vt 0.035096 0.916935
vt 0.034068 0.926139
vt 0.009766 0.917699
vt 0.014196 0.909616
vt 0.931373 0.601154
vt 0.922169 0.601664
vt 0.922173 0.569314
vt 0.931378 0.569315
vt 0.956680 0.360487
vt 0.947476 0.361519
vt 0.045978 0.916931
vt 0.047011 0.926135
vt 0.956681 0.373431
vt 0.947477 0.372401
vt 0.951959 0.445137
vt 0.961164 0.446164
vt 0.923456 0.894307
vt 0.922424 0.885103
vt 0.951955 0.434256
vt 0.961159 0.433221
vt 0.910512 0.894308
vt 0.911542 0.885104
vt 0.897889 0.891446
vt 0.900930 0.882698
vt 0.886212 0.885862
vt 0.890645 0.877779
vt 0.823615 0.475484
vt 0.824122 0.484688
vt 0.791826 0.484695
vt 0.792147 0.475457
vt 0.747095 0.461778
vt 0.737890 0.460751
vt 0.173399 0.454053
vt 0.174428 0.463257
vt 0.747100 0.472660
vt 0.737896 0.473695
vt 0.186342 0.454054
vt 0.185310 0.463258
vt 0.749487 0.483212
vt 0.740764 0.486316
vt 0.198965 0.456919
vt 0.195922 0.465667
vt 0.754402 0.493500
vt 0.746355 0.497990
vt 0.210641 0.462506
vt 0.206206 0.470588
vt 0.985315 0.085154
vt 0.976111 0.085661
vt 0.976104 0.053364
vt 0.985342 0.053686
vt 0.113398 0.944811
vt 0.114426 0.935606
vt 0.805309 0.439943
vt 0.814514 0.438913
vt 0.102517 0.944815
vt 0.101482 0.935611
vt 0.805310 0.427000
vt 0.814514 0.428031
vt 0.753053 0.525711
vt 0.757827 0.533601
vt 0.753470 0.536617
vt 0.747080 0.529884
vt 0.763449 0.520423
vt 0.768207 0.528324
vt 0.766195 0.518536
vt 0.772558 0.525297
vt 0.747158 0.550784
vt 0.737920 0.550471
vt 0.738912 0.543295
vt 0.747915 0.545533
vt 0.757806 0.413840
vt 0.753089 0.421768
vt 0.747081 0.417618
vt 0.753442 0.410834
vt 0.768196 0.419097
vt 0.763458 0.427011
vt 0.772552 0.422114
vt 0.766207 0.428910
vt 0.237684 0.459276
vt 0.245574 0.454502
vt 0.248590 0.458858
vt 0.241858 0.465249
vt 0.232396 0.448880
vt 0.240297 0.444122
vt 0.230509 0.446134
vt 0.237271 0.439771
vt 0.262757 0.465170
vt 0.262445 0.474408
vt 0.255268 0.473416
vt 0.257507 0.464413
vt 0.125813 0.454525
vt 0.133742 0.459242
vt 0.129591 0.465250
vt 0.122807 0.458889
vt 0.131070 0.444135
vt 0.138984 0.448872
vt 0.134087 0.439778
vt 0.140884 0.446124
vt 0.778739 0.436323
vt 0.769513 0.436747
vt 0.769025 0.433419
vt 0.778034 0.431068
vt 0.778734 0.511082
vt 0.769502 0.510711
vt 0.778028 0.516337
vt 0.769038 0.514041
vt 0.148296 0.433591
vt 0.148720 0.442818
vt 0.145392 0.443305
vt 0.143041 0.434297
vt 0.223055 0.433595
vt 0.222684 0.442827
vt 0.228310 0.434301
vt 0.226014 0.443291
vt 0.750078 0.540690
vt 0.742048 0.536043
vt 0.750043 0.406765
vt 0.742053 0.411531
vt 0.252664 0.462251
vt 0.248017 0.470280
vt 0.118739 0.462288
vt 0.123505 0.470278
vt 0.767922 0.430964
vt 0.775919 0.426207
vt 0.767912 0.516506
vt 0.775917 0.521199
vt 0.142938 0.444409
vt 0.138180 0.436412
vt 0.228479 0.444417
vt 0.233172 0.436412
vt 0.701934 0.928587
vt 0.701934 0.906871
vt 0.895022 0.906865
vt 0.895023 0.928578
vt 0.212023 0.896861
vt 0.212024 0.875149
vt 0.405112 0.875156
vt 0.405111 0.896872
vt 0.858097 0.011995
vt 0.773094 0.011994
vt 0.775318 0.010479
vt 0.855872 0.010448
vt 0.844612 0.823457
vt 0.759608 0.823459
vt 0.761832 0.821944
vt 0.842387 0.821910
vt 0.883512 0.779399
vt 0.870568 0.779400
vt 0.870567 0.757684
vt 0.883511 0.757683
vt 0.857625 0.779400
vt 0.857624 0.757684
vt 0.844681 0.779401
vt 0.844680 0.757685
vt 0.831738 0.779401
vt 0.831737 0.757685
vt 0.818794 0.779399
vt 0.818793 0.757686
vt 0.959923 0.724074
vt 0.946979 0.724077
vt 0.946975 0.702361
vt 0.959919 0.702359
vt 0.934036 0.724079
vt 0.934032 0.702363
vt 0.921093 0.724082
vt 0.921088 0.702366
vt 0.908149 0.724084
vt 0.908145 0.702368
vt 0.895205 0.724083
vt 0.895201 0.702371
vt 0.591362 0.770271
vt 0.578418 0.770270
vt 0.578420 0.748554
vt 0.591363 0.748555
vt 0.565475 0.770269
vt 0.565476 0.748554
vt 0.552531 0.770269
vt 0.552533 0.748553
vt 0.539588 0.770267
vt 0.539589 0.748552
vt 0.526644 0.770269
vt 0.526646 0.748551
vt 0.959922 0.757023
vt 0.946979 0.757025
vt 0.946975 0.735310
vt 0.959919 0.735308
vt 0.934035 0.757028
vt 0.934032 0.735312
vt 0.921092 0.757030
vt 0.921088 0.735314
vt 0.908148 0.757031
vt 0.908145 0.735316
vt 0.895205 0.757031
vt 0.895201 0.735318
vt 0.041909 0.607924
vt 0.009774 0.606577
vt 0.009766 0.575109
vt 0.041914 0.577644
vt 0.045145 0.539740
vt 0.237209 0.539769
vt 0.234674 0.571917
vt 0.047670 0.571889
vt 0.511372 0.622657
vt 0.319307 0.622641
vt 0.321840 0.590493
vt 0.508844 0.590508
vt 0.514603 0.554473
vt 0.546738 0.555818
vt 0.546749 0.587286
vt 0.514600 0.584753
vt 0.011551 0.563849
vt 0.041819 0.573689
vt 0.016492 0.554154
vt 0.042239 0.572866
vt 0.024188 0.546461
vt 0.042892 0.572213
vt 0.033885 0.541522
vt 0.043716 0.571793
vt 0.248469 0.541554
vt 0.238629 0.571823
vt 0.258164 0.546496
vt 0.239452 0.572242
vt 0.265858 0.554191
vt 0.240106 0.572896
vt 0.270797 0.563888
vt 0.240525 0.573719
vt 0.272578 0.575148
vt 0.240429 0.577674
vt 0.308047 0.620857
vt 0.317885 0.590588
vt 0.298352 0.615916
vt 0.317062 0.590168
vt 0.290658 0.608221
vt 0.316409 0.589515
vt 0.285719 0.598525
vt 0.315989 0.588692
vt 0.283936 0.587264
vt 0.316085 0.584737
vt 0.544964 0.598546
vt 0.514695 0.588708
vt 0.540023 0.608241
vt 0.514276 0.589531
vt 0.532328 0.615935
vt 0.513622 0.590184
vt 0.522632 0.620874
vt 0.512799 0.590604
vt 0.283952 0.555797
vt 0.316087 0.554457
vt 0.779013 0.294818
vt 0.746880 0.296155
vt 0.746890 0.221396
vt 0.779023 0.222743
vt 0.272560 0.606616
vt 0.240425 0.607953
vt 0.635653 0.294502
vt 0.667786 0.293164
vt 0.667776 0.367923
vt 0.635643 0.366577
vt 0.747816 0.188566
vt 0.779831 0.189908
vt 0.779344 0.201542
vt 0.747327 0.200200
vt 0.779812 0.327653
vt 0.747794 0.328986
vt 0.747311 0.317351
vt 0.779327 0.316019
vt 0.666851 0.400753
vt 0.634835 0.399412
vt 0.635323 0.387777
vt 0.667339 0.389119
vt 0.634853 0.261667
vt 0.666871 0.260333
vt 0.667355 0.271968
vt 0.635338 0.273301
vt 0.779989 0.332949
vt 0.747962 0.334282
vt 0.780087 0.338248
vt 0.748026 0.339583
vt 0.780123 0.343550
vt 0.748024 0.344887
vt 0.780127 0.348854
vt 0.747991 0.350191
vt 0.780152 0.168707
vt 0.780147 0.174010
vt 0.748048 0.172665
vt 0.748017 0.167360
vt 0.780109 0.179312
vt 0.748049 0.177969
vt 0.780010 0.184612
vt 0.747983 0.183269
vt 0.634676 0.256371
vt 0.666703 0.255037
vt 0.634578 0.251071
vt 0.666639 0.249736
vt 0.634542 0.245769
vt 0.666641 0.244433
vt 0.634538 0.240466
vt 0.666674 0.239128
vt 0.634515 0.420612
vt 0.634520 0.415309
vt 0.666619 0.416654
vt 0.666650 0.421959
vt 0.634558 0.410007
vt 0.666618 0.411351
vt 0.634657 0.404708
vt 0.666683 0.406050
vt 0.746934 0.216094
vt 0.779028 0.217440
vt 0.747015 0.210794
vt 0.779066 0.212138
vt 0.747140 0.205496
vt 0.779165 0.206838
vt 0.747125 0.312055
vt 0.779150 0.310722
vt 0.747002 0.306757
vt 0.779053 0.305423
vt 0.746922 0.301457
vt 0.779016 0.300121
vt 0.667732 0.373225
vt 0.635638 0.371880
vt 0.667651 0.378525
vt 0.635601 0.377182
vt 0.667526 0.383823
vt 0.635502 0.382481
vt 0.667540 0.277264
vt 0.635515 0.278597
vt 0.667664 0.282562
vt 0.635613 0.283897
vt 0.667743 0.287862
vt 0.635649 0.289199
vt 0.765125 0.821256
vt 0.839089 0.821256
vt 0.846681 0.828964
vt 0.757482 0.828969
vt 0.758134 0.825692
vt 0.846052 0.825692
vt 0.756063 0.847750
vt 0.757487 0.840588
vt 0.846685 0.840627
vt 0.848141 0.847766
vt 0.751665 0.854307
vt 0.852611 0.854345
vt 0.859224 0.858667
vt 0.745027 0.858706
vt 0.822524 0.092192
vt 0.800835 0.092189
vt 0.800838 0.059839
vt 0.822554 0.059841
vt 0.866333 0.860068
vt 0.737890 0.860076
vt 0.778610 0.009791
vt 0.852574 0.009794
vt 0.860166 0.017502
vt 0.770967 0.017503
vt 0.771619 0.014226
vt 0.859537 0.014230
vt 0.769548 0.036285
vt 0.770972 0.029123
vt 0.860169 0.029166
vt 0.861625 0.036304
vt 0.765149 0.042841
vt 0.866095 0.042883
vt 0.872708 0.047205
vt 0.758511 0.047240
vt 0.642491 0.896872
vt 0.642492 0.875194
vt 0.674788 0.875161
vt 0.674787 0.896874
vt 0.879816 0.048607
vt 0.751374 0.048610
vt 0.800819 0.220631
vt 0.822502 0.220634
vt 0.822533 0.252930
vt 0.800815 0.252928
vt 0.931396 0.440873
vt 0.922192 0.440872
vt 0.922196 0.408576
vt 0.931400 0.409025
vt 0.832509 0.585719
vt 0.823304 0.585718
vt 0.823307 0.553880
vt 0.832511 0.553368
vt 0.514050 0.875179
vt 0.514049 0.896868
vt 0.481698 0.896867
vt 0.481699 0.875151
vt 0.904196 0.041614
vt 0.904191 0.009766
vt 0.919523 0.020974
vt 0.919526 0.041611
vt 0.693997 0.217332
vt 0.687299 0.208106
vt 0.706846 0.206256
vt 0.712762 0.214406
vt 0.683963 0.197814
vt 0.703899 0.197165
vt 0.683955 0.186932
vt 0.703892 0.187553
vt 0.687311 0.176581
vt 0.706856 0.178409
vt 0.694005 0.167353
vt 0.712770 0.170258
vt 0.490688 0.908098
vt 0.682816 0.908105
vt 0.671604 0.923435
vt 0.501891 0.923429
vt 0.791826 0.314243
vt 0.801049 0.307542
vt 0.802899 0.327089
vt 0.794751 0.333009
vt 0.811341 0.304206
vt 0.811989 0.324142
vt 0.822222 0.304198
vt 0.821602 0.324135
vt 0.832574 0.307553
vt 0.830746 0.327099
vt 0.841802 0.314248
vt 0.838897 0.333013
vt 0.928509 0.205226
vt 0.928513 0.237065
vt 0.913182 0.237067
vt 0.913180 0.216433
vt 0.928531 0.365507
vt 0.913201 0.365509
vt 0.928536 0.397354
vt 0.913204 0.386146
vt 0.716204 0.396679
vt 0.722907 0.405901
vt 0.703360 0.407753
vt 0.697439 0.399606
vt 0.726244 0.416193
vt 0.706307 0.416843
vt 0.726252 0.427074
vt 0.706315 0.426456
vt 0.722898 0.437426
vt 0.703352 0.435600
vt 0.716204 0.446655
vt 0.697439 0.443752
vt 0.480559 0.923422
vt 0.288431 0.923451
vt 0.299639 0.908119
vt 0.469352 0.908093
vt 0.841802 0.282925
vt 0.832578 0.289626
vt 0.830730 0.270079
vt 0.838878 0.264160
vt 0.822286 0.292961
vt 0.821639 0.273025
vt 0.811404 0.292968
vt 0.812027 0.273031
vt 0.801053 0.289612
vt 0.802883 0.270066
vt 0.791826 0.282917
vt 0.794732 0.264152
vt 0.904222 0.201894
vt 0.904217 0.170056
vt 0.919547 0.170053
vt 0.919550 0.190688
vt 0.982166 0.368656
vt 0.973602 0.373437
vt 0.969249 0.364355
vt 0.978532 0.361044
vt 0.953631 0.009790
vt 0.963427 0.010277
vt 0.963423 0.030426
vt 0.953633 0.030427
vt 0.963429 0.158868
vt 0.953639 0.158869
vt 0.967129 0.355037
vt 0.976912 0.353825
vt 0.967115 0.345424
vt 0.976907 0.346506
vt 0.969227 0.336047
vt 0.978537 0.339268
vt 0.973558 0.326955
vt 0.982162 0.331658
vt 0.329426 0.564249
vt 0.328882 0.554458
vt 0.498595 0.554477
vt 0.498108 0.564273
vt 0.967120 0.472847
vt 0.975685 0.468068
vt 0.980037 0.477149
vt 0.970751 0.480449
vt 0.982154 0.486468
vt 0.972369 0.487639
vt 0.982166 0.496081
vt 0.972374 0.494997
vt 0.980051 0.505458
vt 0.970742 0.502234
vt 0.975718 0.514548
vt 0.967115 0.509843
vt 0.931158 0.010334
vt 0.940948 0.009788
vt 0.940950 0.030422
vt 0.931160 0.030423
vt 0.940962 0.158864
vt 0.931172 0.158865
vt 0.940965 0.179501
vt 0.931169 0.179015
vt 0.944646 0.516619
vt 0.953210 0.511839
vt 0.957563 0.520921
vt 0.948280 0.524232
vt 0.959681 0.530240
vt 0.949898 0.531449
vt 0.959693 0.539852
vt 0.949901 0.538768
vt 0.957578 0.549229
vt 0.948269 0.546006
vt 0.953245 0.558319
vt 0.944642 0.553615
vt 0.219387 0.206878
vt 0.219930 0.216668
vt 0.050217 0.216646
vt 0.050705 0.206850
vt 0.680710 0.432770
vt 0.685490 0.441335
vt 0.676408 0.445688
vt 0.673108 0.436402
vt 0.667089 0.447805
vt 0.665918 0.438020
vt 0.657477 0.447818
vt 0.658561 0.438026
vt 0.648100 0.445704
vt 0.651322 0.436395
vt 0.639009 0.441372
vt 0.643713 0.432768
vt 0.963430 0.178958
vt 0.953640 0.179503
vt 0.274947 0.054706
vt 0.493251 0.054734
vt 0.493262 0.183176
vt 0.274961 0.183148
vt 0.284851 0.223380
vt 0.483339 0.223396
vt 0.476728 0.226765
vt 0.291404 0.226752
vt 0.476809 0.011130
vt 0.291484 0.011117
vt 0.299810 0.009798
vt 0.468492 0.009791
vt 0.468403 0.228085
vt 0.299721 0.228091
vt 0.276282 0.211563
vt 0.491913 0.211654
vt 0.488520 0.218226
vt 0.279651 0.218174
vt 0.493256 0.203327
vt 0.274963 0.203238
vt 0.488561 0.019709
vt 0.279693 0.019656
vt 0.284874 0.014486
vt 0.483362 0.014503
vt 0.493250 0.034645
vt 0.274952 0.034557
vt 0.276299 0.026230
vt 0.491930 0.026319
vt 0.948596 0.263446
vt 0.961534 0.270544
vt 0.957015 0.279992
vt 0.943011 0.275123
vt 0.086995 0.924378
vt 0.086174 0.909644
vt 0.279262 0.909622
vt 0.278444 0.924356
vt 0.866343 0.838706
vt 0.859245 0.825768
vt 0.870921 0.820182
vt 0.875791 0.834186
vt 0.920787 0.825764
vt 0.913691 0.838703
vt 0.904242 0.834185
vt 0.909110 0.820180
vt 0.854757 0.264976
vt 0.869491 0.264156
vt 0.869484 0.457245
vt 0.854750 0.456424
vt 0.940154 0.197805
vt 0.953094 0.190709
vt 0.958677 0.202387
vt 0.944672 0.207254
vt 0.886212 0.264155
vt 0.900947 0.264973
vt 0.900972 0.456422
vt 0.886238 0.457244
vt 0.961534 0.317892
vt 0.948595 0.324989
vt 0.943011 0.313312
vt 0.957015 0.308443
vt 0.886212 0.859572
vt 0.893310 0.846634
vt 0.902758 0.851154
vt 0.897889 0.865158
vt 0.751374 0.806084
vt 0.752195 0.791349
vt 0.943643 0.791354
vt 0.944463 0.806088
vt 0.940658 0.846637
vt 0.947755 0.859576
vt 0.936078 0.865160
vt 0.931210 0.851156
vt 0.953085 0.252252
vt 0.940147 0.245153
vt 0.944668 0.235705
vt 0.958671 0.240576
vt 0.940147 0.300689
vt 0.954882 0.299039
vt 0.940147 0.287746
vt 0.954882 0.289396
vt 0.883544 0.817318
vt 0.885195 0.832053
vt 0.896487 0.817317
vt 0.894838 0.832052
vt 0.923455 0.868023
vt 0.921805 0.853288
vt 0.910511 0.868022
vt 0.912162 0.853288
vt 0.961538 0.215010
vt 0.946804 0.216658
vt 0.961536 0.227954
vt 0.946802 0.226301
vt 0.892565 0.252926
vt 0.868251 0.252928
vt 0.868234 0.059839
vt 0.892548 0.059837
vt 0.683959 0.895642
vt 0.683955 0.871328
vt 0.877044 0.871298
vt 0.877048 0.895612
vt 0.832292 0.059838
vt 0.856606 0.059840
vt 0.856591 0.252929
vt 0.832277 0.252927
vt 0.009766 0.898399
vt 0.009766 0.874085
vt 0.202854 0.874086
vt 0.202854 0.898400
vt 0.789179 0.059842
vt 0.789178 0.072786
vt 0.764864 0.072783
vt 0.764865 0.059840
vt 0.789176 0.085730
vt 0.764862 0.085727
vt 0.789175 0.098673
vt 0.764861 0.098670
vt 0.789173 0.111617
vt 0.764859 0.111614
vt 0.789172 0.124560
vt 0.764858 0.124557
vt 0.845764 0.666812
vt 0.858708 0.666814
vt 0.858704 0.691128
vt 0.845761 0.691126
vt 0.871651 0.666816
vt 0.871648 0.691130
vt 0.884595 0.666818
vt 0.884591 0.691132
vt 0.897538 0.666820
vt 0.897535 0.691134
vt 0.910482 0.666822
vt 0.910478 0.691136
vt 0.895201 0.631274
vt 0.908145 0.631272
vt 0.908149 0.655586
vt 0.895206 0.655588
vt 0.921088 0.631269
vt 0.921093 0.655583
vt 0.934032 0.631267
vt 0.934036 0.655581
vt 0.946975 0.631265
vt 0.946980 0.655579
vt 0.959919 0.631262
vt 0.959923 0.655576
vt 0.845765 0.595713
vt 0.858709 0.595716
vt 0.858704 0.620030
vt 0.845761 0.620027
vt 0.871652 0.595718
vt 0.871648 0.620032
vt 0.884596 0.595721
vt 0.884591 0.620034
vt 0.897539 0.595723
vt 0.897535 0.620037
vt 0.910483 0.595725
vt 0.910478 0.620039
vt 0.041533 0.009815
vt 0.232982 0.009791
vt 0.230763 0.038030
vt 0.043759 0.038053
vt 0.264757 0.041559
vt 0.264782 0.233008
vt 0.236543 0.230789
vt 0.236520 0.043785
vt 0.009790 0.233040
vt 0.009766 0.041591
vt 0.038004 0.043810
vt 0.038027 0.230814
vt 0.233014 0.264783
vt 0.041565 0.264807
vt 0.043784 0.236569
vt 0.230788 0.236545
vt 0.011403 0.031246
vt 0.037908 0.039855
vt 0.015779 0.022654
vt 0.038328 0.039032
vt 0.022597 0.015834
vt 0.038981 0.038378
vt 0.031189 0.011455
vt 0.039804 0.037959
vt 0.243327 0.011428
vt 0.234718 0.037934
vt 0.251919 0.015805
vt 0.235541 0.038353
vt 0.258739 0.022623
vt 0.236195 0.039007
vt 0.263118 0.031215
vt 0.236614 0.039830
vt 0.031221 0.263170
vt 0.039829 0.236664
vt 0.022628 0.258793
vt 0.039006 0.236245
vt 0.015808 0.251976
vt 0.038353 0.235592
vt 0.011429 0.243384
vt 0.037933 0.234769
vt 0.263144 0.243352
vt 0.236639 0.234744
vt 0.258768 0.251945
vt 0.236219 0.235567
vt 0.251950 0.258764
vt 0.235566 0.236220
vt 0.243358 0.263143
vt 0.234743 0.236640
vt 0.089317 0.973558
vt 0.087152 0.975610
vt 0.083962 0.972557
vt 0.085619 0.970081
vt 0.075122 0.969120
vt 0.075787 0.966093
vt 0.013766 0.975613
vt 0.011596 0.973566
vt 0.015283 0.970079
vt 0.016942 0.972539
vt 0.025118 0.966085
vt 0.025776 0.969051
vt 0.228649 0.966279
vt 0.226485 0.968332
vt 0.223295 0.965279
vt 0.224951 0.962803
vt 0.214454 0.961844
vt 0.215118 0.958817
vt 0.153100 0.968351
vt 0.150930 0.966304
vt 0.154615 0.962816
vt 0.156274 0.965276
vt 0.164449 0.958820
vt 0.165108 0.961786
vt 0.323036 0.966287
vt 0.320872 0.968340
vt 0.317681 0.965287
vt 0.319338 0.962811
vt 0.308840 0.961852
vt 0.309504 0.958825
vt 0.247486 0.968359
vt 0.245316 0.966313
vt 0.249002 0.962825
vt 0.250661 0.965285
vt 0.258836 0.958828
vt 0.259494 0.961794
vt 0.534282 0.965343
vt 0.532118 0.967396
vt 0.528928 0.964343
vt 0.530584 0.961867
vt 0.520087 0.960908
vt 0.520750 0.957881
vt 0.458732 0.967416
vt 0.456562 0.965369
vt 0.460248 0.961881
vt 0.461907 0.964341
vt 0.470082 0.957885
vt 0.470740 0.960851
vt 0.439896 0.965353
vt 0.437731 0.967406
vt 0.434541 0.964353
vt 0.436197 0.961877
vt 0.425700 0.960918
vt 0.426364 0.957891
vt 0.364346 0.967426
vt 0.362176 0.965379
vt 0.365861 0.961891
vt 0.367520 0.964351
vt 0.375696 0.957894
vt 0.376354 0.960861
vt 0.965764 0.970488
vt 0.963599 0.972540
vt 0.960409 0.969488
vt 0.962066 0.967011
vt 0.951568 0.966052
vt 0.952232 0.963025
vt 0.890213 0.972554
vt 0.888043 0.970508
vt 0.891730 0.967020
vt 0.893388 0.969480
vt 0.901564 0.963024
vt 0.902222 0.965990
vt 0.983741 0.915795
vt 0.981577 0.917848
vt 0.978387 0.914794
vt 0.980044 0.912318
vt 0.969547 0.911356
vt 0.970212 0.908330
vt 0.908191 0.917847
vt 0.906021 0.915800
vt 0.909708 0.912313
vt 0.911367 0.914773
vt 0.919543 0.908319
vt 0.920201 0.911286
vt 0.871377 0.970496
vt 0.869212 0.972549
vt 0.866022 0.969496
vt 0.867679 0.967020
vt 0.857182 0.966060
vt 0.857846 0.963033
vt 0.795827 0.972562
vt 0.793657 0.970515
vt 0.797343 0.967027
vt 0.799002 0.969487
vt 0.807177 0.963032
vt 0.807835 0.965998
vt 0.024840 0.963304
vt 0.076070 0.963338
vt 0.164171 0.956039
vt 0.215400 0.956062
vt 0.258557 0.956047
vt 0.309787 0.956070
vt 0.469803 0.955104
vt 0.521033 0.955126
vt 0.375417 0.955113
vt 0.426646 0.955136
vt 0.901285 0.960243
vt 0.952515 0.960270
vt 0.919265 0.905538
vt 0.970495 0.905575
vt 0.806899 0.960251
vt 0.858129 0.960278
vt 0.091142 0.971437
vt 0.087016 0.967654
vt 0.468215 0.982830
vt 0.530111 0.982824
vt 0.523685 0.989298
vt 0.474644 0.989273
vt 0.009766 0.971449
vt 0.013884 0.967652
vt 0.230475 0.964158
vt 0.226348 0.960375
vt 0.616537 0.979769
vt 0.678432 0.979761
vt 0.672007 0.986236
vt 0.622966 0.986211
vt 0.149098 0.964188
vt 0.153216 0.960389
vt 0.324861 0.964165
vt 0.320734 0.960383
vt 0.544624 0.979768
vt 0.606519 0.979759
vt 0.600093 0.986234
vt 0.551053 0.986211
vt 0.243485 0.964196
vt 0.247602 0.960398
vt 0.536107 0.963221
vt 0.531980 0.959439
vt 0.719913 0.979765
vt 0.781808 0.979754
vt 0.775383 0.986229
vt 0.726342 0.986207
vt 0.454731 0.963253
vt 0.458848 0.959454
vt 0.441721 0.963231
vt 0.437594 0.959449
vt 0.373829 0.982836
vt 0.373828 0.978614
vt 0.435708 0.978606
vt 0.435724 0.982834
vt 0.360344 0.963263
vt 0.364462 0.959464
vt 0.967589 0.968366
vt 0.963462 0.964584
vt 0.162582 0.983761
vt 0.162582 0.979540
vt 0.224462 0.979533
vt 0.224478 0.983760
vt 0.886212 0.968391
vt 0.890330 0.964593
vt 0.985567 0.913674
vt 0.981441 0.909891
vt 0.922170 0.772490
vt 0.922169 0.768269
vt 0.984049 0.768250
vt 0.984065 0.772477
vt 0.904191 0.913683
vt 0.908309 0.909886
vt 0.873202 0.968375
vt 0.869075 0.964592
vt 0.922170 0.671044
vt 0.984066 0.671030
vt 0.977640 0.677506
vt 0.928600 0.677487
vt 0.791826 0.968398
vt 0.795944 0.964600
vt 0.922169 0.666823
vt 0.984049 0.666802
vt 0.429297 0.989308
vt 0.380257 0.989279
vt 0.218051 0.990234
vt 0.169010 0.990205
vt 0.977640 0.778953
vt 0.928599 0.778932
vt 0.719912 0.975543
vt 0.781792 0.975526
vt 0.468215 0.978609
vt 0.530095 0.978596
vt 0.616536 0.975547
vt 0.678417 0.975533
vt 0.544623 0.975546
vt 0.606503 0.975531
vn -0.999886 0.000000 -0.015072
vn -0.999886 0.000000 -0.015072
vn -0.999886 0.000000 0.015072
vn -0.999886 0.000000 0.015072
vn -0.015072 0.000000 0.999887
vn -0.015072 0.000000 0.999887
vn 0.015072 0.000000 0.999887
vn 0.015072 0.000000 0.999887
vn 0.999886 0.000000 0.015072
vn 0.999886 0.000000 0.015072
vn 0.999886 0.000000 -0.015072
vn 0.999886 0.000000 -0.015072
vn -0.015072 0.000000 -0.999887
vn -0.015072 0.000000 -0.999887
vn 0.015072 0.000000 -0.999887
vn 0.015072 0.000000 -0.999887
vn -0.923880 0.000000 0.382683
vn -0.923880 0.000000 0.382683
vn -0.707107 0.000000 0.707107
vn -0.707107 0.000000 0.707107
vn -0.382683 0.000000 0.923880
vn -0.382683 0.000000 0.923880
vn -0.382683 0.000000 -0.923880
vn -0.382683 0.000000 -0.923880
vn -0.707107 0.000000 -0.707107
vn -0.707107 0.000000 -0.707107
vn -0.923880 0.000000 -0.382683
vn -0.923880 0.000000 -0.382683
vn 0.382683 0.000000 0.923880
vn 0.382683 0.000000 0.923880
vn 0.707107 0.000000 0.707107
vn 0.707107 0.000000 0.707107
vn 0.923880 0.000000 0.382683
vn 0.923880 0.000000 0.382683
vn 0.923880 0.000000 -0.382683
vn 0.923880 0.000000 -0.382683
vn 0.707107 0.000000 -0.707107
vn 0.707107 0.000000 -0.707107
vn 0.382683 0.000000 -0.923880
vn 0.382683 0.000000 -0.923880
vn -0.999887 0.000000 -0.015072
vn -0.999887 0.000000 -0.015072
vn -0.999887 0.000000 0.015072
vn -0.999887 0.000000 0.015072
vn -0.923880 0.000000 0.382683
vn -0.923880 0.000000 0.382683
vn -0.707107 0.000000 0.707107
vn -0.707107 0.000000 0.707107
vn -0.382683 0.000000 0.923880
vn -0.382683 0.000000 0.923880
vn -0.015072 0.000000 0.999886
vn -0.015072 0.000000 0.999886
vn 0.015072 0.000000 0.999886
vn 0.015072 0.000000 0.999886
vn 0.382683 0.000000 0.923880
vn 0.382683 0.000000 0.923880
vn 0.707107 0.000000 0.707107
vn 0.707107 0.000000 0.707107
vn 0.923880 0.000000 0.382683
vn 0.923880 0.000000 0.382683
vn 0.999887 0.000000 0.015072
vn 0.999887 0.000000 0.015072
vn 0.999887 0.000000 -0.015072
vn 0.999887 0.000000 -0.015072
vn 0.923880 0.000000 -0.382683
vn 0.923880 0.000000 -0.382683
vn 0.707107 0.000000 -0.707107
vn 0.707107 0.000000 -0.707107
vn 0.382683 0.000000 -0.923880
vn 0.382683 0.000000 -0.923880
vn 0.015072 0.000000 -0.999886
vn 0.015072 0.000000 -0.999886
vn -0.015072 0.000000 -0.999886
vn -0.015072 0.000000 -0.999886
vn -0.382683 0.000000 -0.923880
vn -0.382683 0.000000 -0.923880
vn -0.707107 0.000000 -0.707107
vn -0.707107 0.000000 -0.707107
vn -0.923880 0.000000 -0.382683
vn -0.923880 0.000000 -0.382683
vn -0.999887 0.000000 -0.015072
vn -0.999887 0.000000 -0.015072
vn -0.999887 0.000000 0.015072
vn -0.999887 0.000000 0.015072
vn -0.923880 0.000000 0.382683
vn -0.923880 0.000000 0.382683
vn -0.707107 0.000000 0.707107
vn -0.707107 0.000000 0.707107
vn -0.382683 0.000000 0.923880
vn -0.382683 0.000000 0.923880
vn -0.015072 0.000000 0.999886
vn -0.015072 0.000000 0.999886
vn 0.015072 0.000000 0.999886
vn 0.015072 0.000000 0.999886
vn 0.382683 0.000000 0.923880
vn 0.382683 0.000000 0.923880
vn 0.707107 0.000000 0.707107
vn 0.707107 0.000000 0.707107
vn 0.923880 0.000000 0.382683
vn 0.923880 0.000000 0.382683
vn 0.999887 0.000000 0.015072
vn 0.999887 0.000000 0.015072
vn 0.999887 0.000000 -0.015072
vn 0.999887 0.000000 -0.015072
vn 0.923880 0.000000 -0.382683
vn 0.923880 0.000000 -0.382683
vn 0.707107 0.000000 -0.707107
vn 0.707107 0.000000 -0.707107
vn 0.382683 0.000000 -0.923880
vn 0.382683 0.000000 -0.923880
vn 0.015072 0.000000 -0.999886
vn 0.015072 0.000000 -0.999886
vn -0.015072 0.000000 -0.999886
vn -0.015072 0.000000 -0.999886
vn -0.382683 0.000000 -0.923880
vn -0.382683 0.000000 -0.923880
vn -0.707107 0.000000 -0.707107
vn -0.707107 0.000000 -0.707107
vn -0.923880 0.000000 -0.382683
vn -0.923880 0.000000 -0.382683
vn -0.706353 0.707739 -0.013054
vn -0.706353 0.707739 -0.013054
vn -0.706353 0.707739 0.013054
vn -0.706353 0.707739 0.013054
vn -0.644108 0.713372 -0.276089
vn -0.644108 0.713372 -0.276089
vn -0.495127 0.713932 -0.495127
vn -0.495127 0.713932 -0.495127
vn -0.706355 -0.707738 -0.013054
vn -0.706355 -0.707738 -0.013054
vn -0.706355 -0.707737 0.013054
vn -0.706355 -0.707738 0.013054
vn -0.644109 -0.713371 -0.276090
vn -0.644109 -0.713371 -0.276090
vn -0.495129 -0.713930 -0.495128
vn -0.495129 -0.713930 -0.495128
vn -0.644110 -0.713370 0.276090
vn -0.644110 -0.713370 0.276090
vn -0.644107 0.713373 0.276089
vn -0.644108 0.713373 0.276089
vn -0.495129 -0.713930 0.495128
vn -0.495129 -0.713930 0.495128
vn -0.495127 0.713931 0.495128
vn -0.495127 0.713931 0.495127
vn -0.276090 -0.713371 0.644109
vn -0.276090 -0.713371 0.644109
vn -0.276089 0.713371 0.644109
vn -0.276089 0.713371 0.644109
vn -0.013054 -0.707738 0.706355
vn -0.013054 -0.707738 0.706355
vn -0.013054 0.707739 0.706353
vn -0.013054 0.707739 0.706353
vn 0.013054 -0.707738 0.706355
vn 0.013054 -0.707738 0.706355
vn 0.013054 0.707739 0.706353
vn 0.013054 0.707739 0.706353
vn 0.276090 -0.713371 0.644109
vn 0.276090 -0.713371 0.644109
vn 0.276089 0.713371 0.644109
vn 0.276089 0.713371 0.644109
vn 0.495129 -0.713930 0.495128
vn 0.495129 -0.713930 0.495128
vn 0.495127 0.713932 0.495127
vn 0.495127 0.713932 0.495127
vn 0.644109 -0.713371 0.276090
vn 0.644109 -0.713371 0.276090
vn 0.644108 0.713372 0.276089
vn 0.644108 0.713372 0.276089
vn 0.706355 -0.707738 0.013054
vn 0.706355 -0.707738 0.013054
vn 0.706353 0.707739 0.013054
vn 0.706353 0.707739 0.013054
vn 0.706355 -0.707737 -0.013054
vn 0.706355 -0.707738 -0.013054
vn 0.706353 0.707739 -0.013054
vn 0.706353 0.707739 -0.013054
vn 0.644110 -0.713370 -0.276090
vn 0.644110 -0.713370 -0.276090
vn 0.644107 0.713373 -0.276089
vn 0.644108 0.713373 -0.276089
vn 0.495129 -0.713930 -0.495128
vn 0.495129 -0.713930 -0.495128
vn 0.495127 0.713931 -0.495128
vn 0.495127 0.713931 -0.495127
vn 0.276090 -0.713371 -0.644109
vn 0.276090 -0.713371 -0.644109
vn 0.276089 0.713371 -0.644109
vn 0.276089 0.713371 -0.644109
vn 0.013054 -0.707738 -0.706355
vn 0.013054 -0.707738 -0.706355
vn 0.013054 0.707739 -0.706353
vn 0.013054 0.707739 -0.706353
vn -0.013054 -0.707738 -0.706355
vn -0.013054 -0.707738 -0.706355
vn -0.013054 0.707739 -0.706353
vn -0.013054 0.707739 -0.706353
vn -0.276090 -0.713371 -0.644109
vn -0.276090 -0.713371 -0.644109
vn -0.276089 0.713371 -0.644109
vn -0.276089 0.713371 -0.644109
vn -0.706357 0.707736 -0.013054
vn -0.706357 0.707736 -0.013054
vn -0.706357 0.707736 0.013054
vn -0.706357 0.707736 0.013054
vn -0.644112 0.713368 -0.276090
vn -0.644112 0.713368 -0.276091
vn -0.495130 0.713928 -0.495130
vn -0.495130 0.713928 -0.495130
vn -0.706351 -0.707741 -0.013054
vn -0.706351 -0.707741 -0.013054
vn -0.706351 -0.707741 0.013054
vn -0.706351 -0.707741 0.013054
vn -0.644105 -0.713374 -0.276089
vn -0.644106 -0.713374 -0.276089
vn -0.495126 -0.713934 -0.495124
vn -0.495126 -0.713934 -0.495124
vn -0.644106 -0.713374 0.276090
vn -0.644106 -0.713374 0.276090
vn -0.644111 0.713369 0.276090
vn -0.644111 0.713369 0.276090
vn -0.495126 -0.713933 0.495126
vn -0.495126 -0.713933 0.495126
vn -0.495130 0.713928 0.495130
vn -0.495130 0.713928 0.495130
vn -0.276088 -0.713373 0.644107
vn -0.276088 -0.713373 0.644107
vn -0.276090 0.713367 0.644113
vn -0.276090 0.713367 0.644113
vn -0.013054 -0.707742 0.706351
vn -0.013054 -0.707742 0.706351
vn -0.013054 0.707736 0.706357
vn -0.013054 0.707736 0.706357
vn 0.013054 -0.707742 0.706351
vn 0.013054 -0.707742 0.706351
vn 0.013054 0.707735 0.706357
vn 0.013054 0.707735 0.706357
vn 0.276089 -0.713375 0.644105
vn 0.276089 -0.713375 0.644105
vn 0.276090 0.713367 0.644113
vn 0.276090 0.713367 0.644113
vn 0.495126 -0.713934 0.495124
vn 0.495126 -0.713934 0.495124
vn 0.495130 0.713928 0.495130
vn 0.495130 0.713928 0.495130
vn 0.644106 -0.713374 0.276089
vn 0.644105 -0.713374 0.276089
vn 0.644111 0.713369 0.276091
vn 0.644111 0.713369 0.276090
vn 0.706351 -0.707741 0.013054
vn 0.706351 -0.707741 0.013054
vn 0.706357 0.707736 0.013054
vn 0.706357 0.707736 0.013054
vn 0.706351 -0.707741 -0.013054
vn 0.706351 -0.707741 -0.013054
vn 0.706357 0.707736 -0.013054
vn 0.706357 0.707736 -0.013054
vn 0.644106 -0.713374 -0.276090
vn 0.644106 -0.713374 -0.276090
vn 0.644111 0.713369 -0.276090
vn 0.644111 0.713369 -0.276090
vn 0.495126 -0.713933 -0.495126
vn 0.495126 -0.713933 -0.495126
vn 0.495130 0.713928 -0.495130
vn 0.495130 0.713928 -0.495130
vn 0.276088 -0.713373 -0.644107
vn 0.276088 -0.713373 -0.644107
vn 0.276090 0.713367 -0.644113
vn 0.276090 0.713367 -0.644113
vn 0.013054 -0.707742 -0.706351
vn 0.013054 -0.707742 -0.706351
vn 0.013054 0.707736 -0.706357
vn 0.013054 0.707736 -0.706357
vn -0.013054 -0.707742 -0.706351
vn -0.013054 -0.707742 -0.706351
vn -0.013054 0.707735 -0.706357
vn -0.013054 0.707735 -0.706357
vn -0.276089 -0.713375 -0.644105
vn -0.276089 -0.713375 -0.644105
vn -0.276090 0.713367 -0.644113
vn -0.276090 0.713367 -0.644113
vn -0.999818 0.000000 -0.019059
vn -0.999818 0.000000 -0.019059
vn -0.918782 0.000000 -0.394765
vn -0.918782 0.000000 -0.394765
vn -0.999818 0.000000 0.019059
vn -0.999818 0.000000 0.019059
vn -0.918782 0.000000 0.394765
vn -0.918782 0.000000 0.394765
vn -0.707107 0.000000 0.707107
vn -0.707107 0.000000 0.707107
vn -0.394765 0.000000 0.918782
vn -0.394765 0.000000 0.918782
vn -0.019059 0.000000 0.999818
vn -0.019059 0.000000 0.999818
vn 0.019059 0.000000 0.999818
vn 0.019059 0.000000 0.999818
vn 0.394765 0.000000 0.918782
vn 0.394765 0.000000 0.918782
vn 0.707107 0.000000 0.707107
vn 0.707107 0.000000 0.707107
vn 0.918782 0.000000 0.394765
vn 0.918782 0.000000 0.394765
vn 0.999818 0.000000 0.019059
vn 0.999818 0.000000 0.019059
vn 0.999818 0.000000 -0.019059
vn 0.999818 0.000000 -0.019059
vn 0.918782 0.000000 -0.394765
vn 0.918782 0.000000 -0.394765
vn 0.707107 0.000000 -0.707107
vn 0.707107 0.000000 -0.707107
vn 0.394765 0.000000 -0.918782
vn 0.394765 0.000000 -0.918782
vn 0.019059 0.000000 -0.999818
vn 0.019059 0.000000 -0.999818
vn -0.019059 0.000000 -0.999818
vn -0.019059 0.000000 -0.999818
vn -0.394765 0.000000 -0.918782
vn -0.394765 0.000000 -0.918782
vn -0.707107 0.000000 -0.707107
vn -0.707107 0.000000 -0.707107
vn -0.999818 0.000000 -0.019059
vn -0.999818 0.000000 -0.019059
vn -0.918782 0.000000 -0.394765
vn -0.918782 0.000000 -0.394765
vn -0.999818 0.000000 0.019059
vn -0.999818 0.000000 0.019059
vn -0.918782 0.000000 0.394765
vn -0.918782 0.000000 0.394765
vn -0.707107 0.000000 0.707107
vn -0.707107 0.000000 0.707107
vn -0.394766 0.000000 0.918782
vn -0.394766 0.000000 0.918782
vn -0.019059 0.000000 0.999818
vn -0.019059 0.000000 0.999818
vn 0.019059 0.000000 0.999818
vn 0.019059 0.000000 0.999818
vn 0.394766 0.000000 0.918782
vn 0.394766 0.000000 0.918782
vn 0.707107 0.000000 0.707107
vn 0.707107 0.000000 0.707107
vn 0.918782 0.000000 0.394765
vn 0.918782 0.000000 0.394765
vn 0.999818 0.000000 0.019059
vn 0.999818 0.000000 0.019059
vn 0.999818 0.000000 -0.019059
vn 0.999818 0.000000 -0.019059
vn 0.918782 0.000000 -0.394765
vn 0.918782 0.000000 -0.394765
vn 0.707107 0.000000 -0.707107
vn 0.707107 0.000000 -0.707107
vn 0.394766 0.000000 -0.918782
vn 0.394766 0.000000 -0.918782
vn 0.019059 0.000000 -0.999818
vn 0.019059 0.000000 -0.999818
vn -0.019059 0.000000 -0.999818
vn -0.019059 0.000000 -0.999818
vn -0.394766 0.000000 -0.918782
vn -0.394766 0.000000 -0.918782
vn -0.707107 0.000000 -0.707107
vn -0.707107 0.000000 -0.707107
vn 0.000000 1.000000 0.000000
vn 0.000000 1.000000 0.000000
vn 0.000000 1.000000 0.000000
vn 0.000000 1.000000 0.000000
vn 0.000000 -1.000000 0.000001
vn 0.000000 -1.000000 0.000000
vn 0.000000 -1.000000 0.000000
vn 0.000000 -1.000000 0.000001
vn 0.000000 -1.000000 0.000000
vn 0.000000 -1.000000 0.000000
vn 0.000000 1.000000 0.000000
vn 0.000000 1.000000 0.000000
vn 0.000000 -1.000000 -0.000000
vn 0.000000 -1.000000 -0.000000
vn 0.000000 1.000000 0.000000
vn 0.000000 1.000000 0.000000
vn 0.000000 -1.000000 -0.000000
vn 0.000000 -1.000000 -0.000000
vn 0.000000 1.000000 0.000000
vn 0.000000 1.000000 0.000000
vn 0.000000 -1.000000 0.000000
vn 0.000000 -1.000000 -0.000000
vn 0.000000 1.000000 0.000000
vn 0.000000 1.000000 0.000000
vn 0.000000 -1.000000 -0.000001
vn 0.000000 -1.000000 -0.000001
vn 0.000000 1.000000 -0.000001
vn 0.000000 1.000000 -0.000001
vn 0.000000 -1.000000 -0.000001
vn 0.000000 -1.000000 -0.000001
vn 0.000000 1.000000 -0.000001
vn 0.000000 1.000000 -0.000001
vn 0.000000 -1.000000 -0.000001
vn 0.000000 -1.000000 -0.000001
vn 0.000000 1.000000 -0.000001
vn 0.000000 1.000000 -0.000001
vn 0.000000 -1.000000 -0.000001
vn 0.000000 -1.000000 -0.000001
vn 0.000000 1.000000 -0.000001
vn 0.000000 1.000000 -0.000001
vn 0.000000 -1.000000 -0.000001
vn 0.000000 -1.000000 -0.000001
vn 0.000000 1.000000 0.000000
vn 0.000000 1.000000 0.000000
vn 0.000000 -1.000000 -0.000000
vn 0.000000 -1.000000 -0.000000
vn 0.000000 1.000000 0.000000
vn 0.000000 1.000000 0.000000
vn 0.000000 -1.000000 0.000000
vn 0.000000 -1.000000 0.000000
vn 0.000000 1.000000 -0.000000
vn 0.000000 1.000000 -0.000000
vn 0.000000 -1.000000 0.000000
vn 0.000000 -1.000000 0.000000
vn 0.000000 1.000000 -0.000000
vn 0.000000 1.000000 -0.000000
vn 0.000000 -1.000000 0.000000
vn 0.000000 -1.000000 0.000000
vn 0.000000 1.000000 0.000000
vn 0.000000 1.000000 0.000000
vn 0.000000 -1.000000 -0.000000
vn 0.000000 -1.000000 0.000000
vn 0.000000 1.000000 -0.000000
vn 0.000000 1.000000 -0.000000
vn 0.000000 -1.000000 0.000001
vn 0.000000 -1.000000 0.000001
vn 0.000000 1.000000 0.000001
vn 0.000000 1.000000 0.000001
vn 0.000000 -1.000000 0.000001
vn 0.000000 -1.000000 0.000001
vn 0.000000 1.000000 0.000001
vn 0.000000 1.000000 0.000001
vn 0.000000 -1.000000 0.000001
vn 0.000000 -1.000000 0.000001
vn 0.000000 1.000000 0.000001
vn 0.000000 1.000000 0.000001
vn 0.000000 -1.000000 0.000001
vn 0.000000 -1.000000 0.000001
vn 0.000000 1.000000 0.000001
vn 0.000000 1.000000 0.000001
vn 0.000000 1.000000 0.000000
vn 0.000000 1.000000 0.000001
vn 0.000000 1.000000 0.000001
vn 0.000000 1.000000 0.000000
vn 0.000000 -1.000000 0.000000
vn 0.000000 -1.000000 -0.000000
vn 0.000000 -1.000000 -0.000000
vn 0.000000 -1.000000 -0.000000
vn 0.000000 -1.000000 0.000000
vn 0.000000 -1.000000 0.000000
vn 0.000000 1.000000 -0.000000
vn 0.000000 1.000000 -0.000000
vn 0.000000 -1.000000 -0.000001
vn 0.000000 -1.000000 -0.000001
vn 0.000000 1.000000 -0.000002
vn 0.000000 1.000000 -0.000002
vn 0.000000 -1.000000 -0.000000
vn 0.000000 -1.000000 -0.000000
vn 0.000000 1.000000 -0.000003
vn 0.000000 1.000000 -0.000003
vn 0.000000 -1.000000 -0.000000
vn 0.000000 -1.000000 -0.000000
vn 0.000000 1.000000 -0.000001
vn 0.000000 1.000000 -0.000001
vn 0.000000 -1.000000 0.000002
vn 0.000000 -1.000000 0.000002
vn 0.000000 1.000000 0.000000
vn 0.000000 1.000000 -0.000000
vn 0.000000 -1.000000 0.000002
vn 0.000000 -1.000000 0.000002
vn 0.000000 1.000000 -0.000000
vn 0.000000 1.000000 -0.000000
vn 0.000000 -1.000000 -0.000002
vn 0.000000 -1.000000 -0.000002
vn 0.000000 1.000000 -0.000001
vn 0.000000 1.000000 -0.000001
vn 0.000000 -1.000000 -0.000001
vn 0.000000 -1.000000 -0.000001
vn 0.000000 1.000000 -0.000001
vn 0.000000 1.000000 -0.000001
vn 0.000000 -1.000000 -0.000000
vn 0.000000 -1.000000 0.000000
vn 0.000000 1.000000 -0.000001
vn 0.000000 1.000000 -0.000001
vn 0.000000 -1.000000 0.000000
vn 0.000000 -1.000000 0.000000
vn 0.000000 1.000000 0.000000
vn 0.000000 1.000000 0.000000
vn 0.000000 -1.000000 0.000000
vn 0.000000 -1.000000 0.000000
vn 0.000000 1.000000 0.000000
vn 0.000000 1.000000 0.000000
vn 0.000000 -1.000000 0.000001
vn 0.000000 -1.000000 0.000001
vn 0.000000 1.000000 0.000002
vn 0.000000 1.000000 0.000002
vn 0.000000 -1.000000 0.000000
vn 0.000000 -1.000000 0.000000
vn 0.000000 1.000000 0.000003
vn 0.000000 1.000000 0.000003
vn 0.000000 -1.000000 0.000000
vn 0.000000 -1.000000 0.000000
vn 0.000000 1.000000 0.000001
vn 0.000000 1.000000 0.000001
vn 0.000000 -1.000000 -0.000002
vn 0.000000 -1.000000 -0.000002
vn 0.000000 1.000000 -0.000000
vn 0.000000 1.000000 0.000000
vn 0.000000 -1.000000 -0.000002
vn 0.000000 -1.000000 -0.000002
vn 0.000000 1.000000 0.000000
vn 0.000000 1.000000 0.000000
vn 0.000000 -1.000000 0.000002
vn 0.000000 -1.000000 0.000002
vn 0.000000 1.000000 0.000001
vn 0.000000 1.000000 0.000001
vn 0.000000 -1.000000 0.000001
vn 0.000000 -1.000000 0.000001
vn 0.000000 1.000000 0.000001
vn 0.000000 1.000000 0.000001
vn -0.006658 0.707460 -0.706722
vn -0.006546 0.707456 -0.706727
vn -0.215686 0.711261 -0.669020
vn -0.216682 0.711260 -0.668699
vn 0.006556 0.707459 -0.706724
vn 0.006556 0.707459 -0.706724
vn 0.216009 0.711471 -0.668692
vn 0.216009 0.711471 -0.668692
vn -0.705850 -0.707717 -0.030221
vn -0.705849 -0.707717 -0.030226
vn -0.707998 -0.705860 -0.022375
vn -0.707977 -0.705923 -0.021003
vn -0.668691 -0.711471 -0.216009
vn -0.668691 -0.711471 -0.216010
vn -0.709489 -0.650169 -0.271857
vn -0.709587 -0.651874 -0.267480
vn -0.006578 -0.707346 -0.706837
vn -0.006578 -0.707346 -0.706837
vn -0.216009 -0.711470 -0.668693
vn -0.216008 -0.711470 -0.668693
vn 0.006578 -0.707346 -0.706837
vn 0.006578 -0.707346 -0.706837
vn 0.216008 -0.711470 -0.668693
vn 0.216009 -0.711470 -0.668693
vn -0.006556 0.707459 0.706724
vn -0.006556 0.707459 0.706724
vn -0.216009 0.711471 0.668692
vn -0.216009 0.711471 0.668692
vn 0.006546 0.707456 0.706727
vn 0.006658 0.707460 0.706722
vn 0.215686 0.711261 0.669020
vn 0.216682 0.711260 0.668699
vn -0.006578 -0.707346 0.706837
vn -0.006578 -0.707346 0.706837
vn 0.006578 -0.707346 0.706837
vn 0.006578 -0.707346 0.706837
vn -0.216008 -0.711470 0.668693
vn -0.216009 -0.711470 0.668693
vn 0.216009 -0.711470 0.668693
vn 0.216008 -0.711470 0.668693
vn 0.705413 0.708131 -0.030706
vn 0.705437 0.708125 -0.030306
vn 0.669021 0.711260 -0.215685
vn 0.668700 0.711259 -0.216681
vn 0.706969 0.707245 -0.000019
vn 0.706969 0.707245 -0.000019
vn 0.705569 0.707987 0.030437
vn 0.705569 0.707987 0.030437
vn 0.668691 0.711472 0.216009
vn 0.668692 0.711472 0.216008
vn 0.705850 -0.707717 0.030221
vn 0.705849 -0.707717 0.030226
vn 0.707998 -0.705860 0.022375
vn 0.707977 -0.705923 0.021003
vn 0.668691 -0.711471 0.216009
vn 0.668691 -0.711471 0.216010
vn 0.709489 -0.650169 0.271857
vn 0.709587 -0.651874 0.267480
vn -0.668692 0.711471 -0.216008
vn -0.668692 0.711471 -0.216009
vn -0.568507 0.711473 -0.413044
vn -0.568507 0.711473 -0.413044
vn -0.705573 0.707983 -0.030451
vn -0.705573 0.707983 -0.030451
vn -0.707016 0.707198 0.000001
vn -0.707016 0.707198 0.000001
vn -0.568507 -0.711474 -0.413044
vn -0.568507 -0.711473 -0.413044
vn -0.413504 0.711243 -0.568460
vn -0.413477 0.711243 -0.568480
vn -0.413044 -0.711473 -0.568507
vn -0.413044 -0.711473 -0.568507
vn 0.413044 0.711473 -0.568508
vn 0.413044 0.711473 -0.568508
vn 0.413044 -0.711473 -0.568507
vn 0.413044 -0.711473 -0.568507
vn 0.568459 0.711244 -0.413504
vn 0.568479 0.711244 -0.413477
vn 0.568507 -0.711474 -0.413044
vn 0.568507 -0.711474 -0.413044
vn 0.668691 -0.711472 -0.216009
vn 0.668691 -0.711471 -0.216010
vn 0.706004 -0.707565 -0.030166
vn 0.706003 -0.707565 -0.030173
vn 0.707997 -0.705901 -0.021063
vn 0.708008 -0.705837 -0.022782
vn -0.413044 0.711473 0.568508
vn -0.413044 0.711473 0.568508
vn -0.413044 -0.711473 0.568507
vn -0.413044 -0.711473 0.568507
vn -0.568459 0.711244 0.413504
vn -0.568479 0.711244 0.413477
vn -0.568507 -0.711474 0.413044
vn -0.568507 -0.711474 0.413044
vn -0.668649 0.711254 0.216858
vn -0.668969 0.711255 0.215864
vn -0.668691 -0.711472 0.216009
vn -0.668691 -0.711471 0.216010
vn -0.705397 0.708143 0.030786
vn -0.705421 0.708137 0.030384
vn -0.706004 -0.707565 0.030166
vn -0.706003 -0.707565 0.030173
vn -0.707997 -0.705901 0.021063
vn -0.708008 -0.705837 0.022782
vn 0.568507 0.711473 0.413044
vn 0.568507 0.711473 0.413044
vn 0.568507 -0.711474 0.413044
vn 0.568507 -0.711473 0.413044
vn 0.413504 0.711243 0.568460
vn 0.413477 0.711243 0.568480
vn 0.413044 -0.711473 0.568507
vn 0.413044 -0.711473 0.568507
vn -0.693712 -0.050603 0.718473
vn -0.693706 -0.050177 0.718508
vn -0.700028 -0.278624 0.657518
vn -0.700039 -0.281087 0.656457
vn -0.693394 -0.037346 0.719591
vn -0.693400 -0.037652 0.719568
vn -0.699410 -0.262593 0.664733
vn -0.699433 -0.264910 0.663790
vn -0.707661 -0.654095 0.267161
vn -0.707514 -0.651987 0.272648
vn -0.694017 -0.049652 -0.718245
vn -0.694018 -0.049705 -0.718240
vn -0.701464 -0.278139 -0.656191
vn -0.701443 -0.276060 -0.657091
vn -0.693731 -0.037998 -0.719231
vn -0.693727 -0.037809 -0.719245
vn -0.700671 -0.266465 -0.661858
vn -0.700651 -0.264988 -0.662472
vn 0.693712 -0.050603 -0.718473
vn 0.693706 -0.050177 -0.718508
vn 0.700028 -0.278624 -0.657518
vn 0.700039 -0.281087 -0.656457
vn 0.693394 -0.037346 -0.719591
vn 0.693400 -0.037652 -0.719568
vn 0.699410 -0.262593 -0.664733
vn 0.699433 -0.264910 -0.663790
vn 0.707661 -0.654095 -0.267161
vn 0.707514 -0.651987 -0.272648
vn 0.694017 -0.049652 0.718245
vn 0.694018 -0.049705 0.718240
vn 0.701464 -0.278139 0.656191
vn 0.701443 -0.276060 0.657091
vn 0.693731 -0.037998 0.719231
vn 0.693727 -0.037809 0.719245
vn 0.700671 -0.266465 0.661858
vn 0.700651 -0.264988 0.662472
vn -0.707564 -0.706608 -0.007685
vn -0.707576 -0.706590 -0.008136
vn -0.708961 -0.650483 -0.272480
vn -0.709022 -0.651954 -0.268783
vn -0.707492 -0.706681 0.007559
vn -0.707502 -0.706666 0.008082
vn -0.707644 -0.653474 0.268721
vn -0.707550 -0.651661 0.273333
vn 0.707564 -0.706608 0.007685
vn 0.707576 -0.706590 0.008136
vn 0.708961 -0.650483 0.272480
vn 0.709022 -0.651954 0.268783
vn 0.707492 -0.706681 -0.007559
vn 0.707502 -0.706666 -0.008082
vn 0.707644 -0.653474 -0.268721
vn 0.707550 -0.651661 -0.273333
vn -0.702808 -0.504754 0.501283
vn -0.702880 -0.508131 0.497758
vn -0.705033 -0.502591 -0.500331
vn -0.705078 -0.504732 -0.498107
vn 0.702808 -0.504754 -0.501283
vn 0.702880 -0.508131 -0.497758
vn 0.705033 -0.502591 0.500331
vn 0.705078 -0.504732 0.498107
vn -0.704032 -0.497473 -0.506813
vn -0.704079 -0.499634 -0.504617
vn -0.702022 -0.496525 0.510517
vn -0.702085 -0.499799 0.507226
vn 0.704032 -0.497473 0.506813
vn 0.704079 -0.499634 0.504617
vn 0.702022 -0.496525 -0.510517
vn 0.702085 -0.499799 -0.507226
vn -0.009835 0.000000 0.999952
vn -0.009835 0.000000 0.999952
vn 0.009834 0.000000 0.999952
vn 0.009835 0.000000 0.999952
vn -0.009834 0.000000 -0.999952
vn -0.009835 0.000000 -0.999952
vn 0.009835 0.000000 -0.999952
vn 0.009835 0.000000 -0.999952
vn 1.000000 -0.000000 0.000000
vn 1.000000 -0.000000 0.000000
vn 1.000000 0.000004 0.000000
vn 1.000000 0.000004 0.000000
vn -1.000000 -0.000000 0.000000
vn -1.000000 -0.000000 0.000000
vn -1.000000 0.000004 0.000000
vn -1.000000 0.000004 0.000000
vn -0.998994 0.000000 -0.044834
vn -0.951058 0.000000 -0.309012
vn -0.951058 0.000000 -0.309012
vn -0.998994 0.000000 -0.044850
vn -0.809018 0.000000 -0.587784
vn -0.809018 0.000000 -0.587784
vn -0.587786 0.000000 -0.809017
vn -0.587785 0.000000 -0.809017
vn -0.309029 0.000000 -0.951053
vn -0.309017 0.000000 -0.951056
vn 0.309012 0.000000 -0.951058
vn 0.309012 0.000000 -0.951058
vn 0.587784 0.000000 -0.809018
vn 0.587784 0.000000 -0.809018
vn 0.809017 0.000000 -0.587785
vn 0.809018 0.000000 -0.587784
vn 0.951053 0.000000 -0.309028
vn 0.951057 0.000000 -0.309017
vn 0.998992 0.000000 -0.044899
vn 0.998991 0.000000 -0.044917
vn -0.309012 0.000000 0.951058
vn -0.309012 0.000000 0.951058
vn -0.587784 0.000000 0.809018
vn -0.587784 0.000000 0.809018
vn -0.809017 0.000000 0.587785
vn -0.809018 0.000000 0.587784
vn -0.951062 0.000000 0.308999
vn -0.951060 0.000000 0.309008
vn -0.998992 0.000000 0.044888
vn -0.998991 0.000000 0.044914
vn 0.998995 0.000000 0.044835
vn 0.951058 0.000000 0.309012
vn 0.951058 0.000000 0.309012
vn 0.998994 0.000000 0.044851
vn 0.809018 0.000000 0.587784
vn 0.809018 0.000000 0.587784
vn 0.587786 0.000000 0.809017
vn 0.587785 0.000000 0.809017
vn 0.309029 0.000000 0.951053
vn 0.309017 0.000000 0.951056
vn 0.001251 -0.999551 -0.029943
vn 0.001138 -0.999628 -0.027253
vn 0.000000 -1.000000 -0.000001
vn 0.000000 -1.000000 -0.000001
vn 0.000000 -1.000000 -0.000000
vn 0.000000 -1.000000 -0.000000
vn 0.000000 -1.000000 -0.000000
vn 0.000000 -1.000000 -0.000000
vn 0.000000 -1.000000 0.000000
vn 0.000000 -1.000000 0.000000
vn 0.000000 -1.000000 0.000000
vn 0.000000 -1.000000 0.000000
vn -0.001251 -0.999551 0.029943
vn -0.001138 -0.999628 0.027253
vn 0.000000 -1.000000 0.000001
vn 0.000000 -1.000000 0.000001
vn 0.000000 -1.000000 0.000000
vn 0.000000 -1.000000 0.000000
vn 0.000000 -1.000000 0.000000
vn 0.000000 -1.000000 0.000000
vn 0.000000 -1.000000 0.000001
vn 0.000000 -1.000000 0.000001
vn 0.000000 -1.000000 0.000000
vn 0.000000 -1.000000 -0.000000
vn 0.000000 -1.000000 -0.000001
vn 0.000000 -1.000000 -0.000001
vn 0.000000 -1.000000 0.000000
vn 0.000000 -1.000000 0.000000
vn 0.000000 -1.000000 0.000000
vn 0.000000 -1.000000 0.000000
vn 0.000000 -1.000000 0.000000
vn 0.000000 -1.000000 0.000000
vn 0.000000 -1.000000 0.000000
vn 0.000000 -1.000000 0.000000
vn 0.000000 -1.000000 0.000001
vn 0.000000 -1.000000 0.000001
vn 0.000000 -1.000000 0.000000
vn 0.000000 -1.000000 0.000000
vn 0.000000 -1.000000 0.000000
vn 0.000000 -1.000000 0.000000
vn 0.000000 -1.000000 0.000000
vn 0.000000 -1.000000 0.000000
vn 0.000000 -1.000000 0.000000
vn 0.000000 -1.000000 0.000000
vn 0.000000 -1.000000 0.000000
vn 0.000000 -1.000000 0.000000
vn 0.000000 -1.000000 0.000000
vn 0.000000 -1.000000 0.000000
vn 0.000000 -1.000000 -0.000001
vn 0.000000 -1.000000 -0.000001
vn 0.000000 -1.000000 -0.000000
vn 0.000000 -1.000000 0.000000
vn 0.001138 -0.999628 0.027253
vn 0.001251 -0.999551 0.029943
vn 0.000522 -0.999922 0.012506
vn 0.000574 -0.999905 0.013740
vn 0.000574 -0.999905 -0.013740
vn 0.000522 -0.999922 -0.012506
vn -0.001138 -0.999628 -0.027253
vn -0.001251 -0.999551 -0.029943
vn -0.000522 -0.999922 -0.012506
vn -0.000574 -0.999905 -0.013740
vn -0.000574 -0.999905 0.013740
vn -0.000522 -0.999922 0.012506
vn 0.041658 -0.061549 -0.997234
vn 0.041660 -0.061055 -0.997265
vn 0.041658 -0.061490 -0.997238
vn 0.041659 -0.061098 -0.997262
vn 0.041660 -0.061055 0.997265
vn 0.041658 -0.061541 0.997235
vn 0.041659 -0.061090 0.997262
vn 0.041658 -0.061489 0.997238
vn -0.041658 -0.061549 0.997234
vn -0.041660 -0.061055 0.997265
vn -0.041658 -0.061490 0.997238
vn -0.041659 -0.061098 0.997262
vn -0.041660 -0.061055 -0.997265
vn -0.041658 -0.061541 -0.997235
vn -0.041659 -0.061090 -0.997262
vn -0.041658 -0.061489 -0.997238
vn 0.038591 -0.380899 0.923811
vn 0.038520 -0.385025 0.922102
vn 0.029618 -0.704582 0.709004
vn 0.029376 -0.710372 0.703213
vn 0.016152 -0.922076 0.386671
vn 0.015748 -0.926080 0.376997
vn 0.016152 -0.922077 -0.386670
vn 0.015748 -0.926081 -0.376995
vn 0.029617 -0.704581 -0.709005
vn 0.029375 -0.710372 -0.703213
vn 0.038591 -0.380902 -0.923810
vn 0.038519 -0.385057 -0.922089
vn -0.038591 -0.380899 -0.923811
vn -0.038520 -0.385025 -0.922102
vn -0.029618 -0.704582 -0.709004
vn -0.029376 -0.710372 -0.703213
vn -0.016152 -0.922076 -0.386671
vn -0.015748 -0.926080 -0.376997
vn -0.016152 -0.922077 0.386670
vn -0.015748 -0.926081 0.376995
vn -0.029617 -0.704581 0.709005
vn -0.029375 -0.710372 0.703213
vn -0.038591 -0.380902 0.923810
vn -0.038519 -0.385057 0.922089
vn 0.016114 -0.922462 -0.385752
vn 0.015782 -0.925750 -0.377806
vn 0.029593 -0.705165 -0.708426
vn 0.029401 -0.709764 -0.703826
vn 0.038584 -0.381272 -0.923657
vn 0.038527 -0.384556 -0.922297
vn 0.038584 -0.381269 0.923659
vn 0.038527 -0.384556 0.922297
vn 0.029593 -0.705163 0.708427
vn 0.029401 -0.709762 0.703828
vn 0.016114 -0.922462 0.385753
vn 0.015782 -0.925749 0.377808
vn -0.016114 -0.922462 0.385752
vn -0.015782 -0.925750 0.377806
vn -0.029593 -0.705165 0.708426
vn -0.029401 -0.709764 0.703826
vn -0.038584 -0.381272 0.923657
vn -0.038527 -0.384556 0.922297
vn -0.038584 -0.381269 -0.923659
vn -0.038527 -0.384556 -0.922297
vn -0.029593 -0.705163 -0.708427
vn -0.029401 -0.709762 -0.703828
vn -0.016114 -0.922462 -0.385753
vn -0.015782 -0.925749 -0.377808
vn -1.000000 0.000001 0.000000
vn -1.000000 0.000001 0.000000
vn -1.000000 0.000001 0.000000
vn -1.000000 0.000001 0.000000
vn -1.000000 -0.000001 0.000000
vn -1.000000 -0.000001 0.000000
vn -1.000000 0.000001 0.000000
vn -1.000000 0.000001 0.000000
vn -1.000000 0.000001 0.000000
vn -1.000000 0.000001 0.000000
vn -1.000000 0.000000 0.000000
vn -1.000000 0.000000 0.000000
vn -1.000000 -0.000003 0.000000
vn -1.000000 -0.000003 0.000000
vn -1.000000 -0.000000 0.000000
vn -1.000000 0.000000 0.000000
vn -1.000000 -0.000000 0.000000
vn 1.000000 0.000001 0.000000
vn 1.000000 0.000001 0.000000
vn 1.000000 0.000001 0.000000
vn 1.000000 0.000001 0.000000
vn 1.000000 -0.000001 0.000000
vn 1.000000 -0.000001 0.000000
vn 1.000000 0.000001 0.000000
vn 1.000000 0.000001 0.000000
vn 1.000000 0.000001 0.000000
vn 1.000000 0.000001 0.000000
vn 1.000000 0.000000 0.000000
vn 1.000000 0.000000 0.000000
vn 1.000000 -0.000003 0.000000
vn 1.000000 -0.000003 0.000000
vn 1.000000 0.000000 0.000000
vn 1.000000 -0.000000 0.000000
vn 1.000000 -0.000000 0.000000
vn -1.000000 0.000000 0.000000
vn -0.706973 0.707240 -0.000000
vn -0.706973 0.707240 -0.000000
vn 0.707009 0.707204 -0.000019
vn 0.707009 0.707204 -0.000019
vn 1.000000 0.000000 0.000000
vn 0.000099 1.000000 -0.000004
vn 0.000078 1.000000 0.000006
vn 0.000068 1.000000 -0.000011
vn 0.000099 1.000000 -0.000004
vn 0.000079 1.000000 -0.000012
vn 0.000085 1.000000 0.000005
vn 0.000065 1.000000 -0.000048
vn 0.000066 1.000000 -0.000046
vn 0.000050 1.000000 -0.000063
vn 0.000048 1.000000 -0.000064
vn 0.000030 1.000000 -0.000080
vn 0.000025 1.000000 -0.000086
vn -0.000001 1.000000 -0.000073
vn -0.000003 1.000000 -0.000070
vn 0.000001 1.000000 -0.000072
vn -0.000002 1.000000 -0.000070
vn -0.000012 1.000000 -0.000079
vn 0.000005 1.000000 -0.000084
vn -0.000046 1.000000 -0.000065
vn -0.000045 1.000000 -0.000066
vn -0.000063 1.000000 -0.000049
vn -0.000065 1.000000 -0.000047
vn -0.000083 1.000000 -0.000031
vn -0.000087 1.000000 -0.000026
vn -0.000101 1.000000 -0.000009
vn -0.000104 1.000000 -0.000003
vn -0.000106 1.000000 0.000000
vn -0.000106 1.000000 0.000000
vn -0.000099 1.000000 0.000004
vn -0.000099 1.000000 0.000004
vn -0.000078 1.000000 -0.000005
vn -0.000068 1.000000 0.000012
vn -0.000079 1.000000 0.000011
vn -0.000085 1.000000 -0.000005
vn -0.000065 1.000000 0.000046
vn -0.000066 1.000000 0.000044
vn -0.000050 1.000000 0.000065
vn -0.000048 1.000000 0.000067
vn -0.000030 1.000000 0.000084
vn -0.000025 1.000000 0.000087
vn 0.000001 1.000000 0.000074
vn 0.000003 1.000000 0.000072
vn -0.000001 1.000000 0.000074
vn 0.000002 1.000000 0.000072
vn 0.000012 1.000000 0.000078
vn -0.000005 1.000000 0.000083
vn 0.000046 1.000000 0.000065
vn 0.000045 1.000000 0.000066
vn 0.000063 1.000000 0.000049
vn 0.000065 1.000000 0.000047
vn 0.000083 1.000000 0.000030
vn 0.000087 1.000000 0.000025
vn 0.000101 1.000000 0.000008
vn 0.000104 1.000000 0.000003
vn 0.000106 1.000000 0.000000
vn 0.000106 1.000000 0.000000
vn 0.705124 0.708203 -0.035343
vn 0.705151 0.708196 -0.034934
vn 0.669099 0.711808 -0.213626
vn 0.668727 0.711813 -0.214769
vn 0.707167 0.707046 -0.000028
vn 0.707167 0.707046 -0.000028
vn 0.707188 0.707026 -0.000008
vn 0.707188 0.707026 -0.000008
vn 0.568293 0.711435 -0.413405
vn 0.567337 0.711430 -0.414724
vn 0.412758 0.711267 -0.568972
vn 0.412736 0.711267 -0.568989
vn 0.212800 0.711383 -0.669814
vn 0.212800 0.711383 -0.669814
vn 0.005692 0.707386 -0.706805
vn 0.005692 0.707386 -0.706805
vn -0.005786 0.707403 -0.706787
vn -0.005878 0.707406 -0.706783
vn -0.213306 0.711683 -0.669334
vn -0.214257 0.711686 -0.669027
vn -0.413631 0.711388 -0.568187
vn -0.414469 0.711386 -0.567579
vn -0.568819 0.711315 -0.412888
vn -0.568829 0.711315 -0.412875
vn -0.669813 0.711384 -0.212799
vn -0.669813 0.711384 -0.212799
vn -0.705404 0.707961 -0.034576
vn -0.705404 0.707961 -0.034576
vn -0.707188 0.707025 0.000026
vn -0.707188 0.707025 0.000026
vn -0.707167 0.707047 0.000045
vn -0.707167 0.707047 0.000045
vn -0.705161 0.708190 0.034852
vn -0.705134 0.708197 0.035260
vn -0.669137 0.711821 0.213464
vn -0.668765 0.711826 0.214609
vn -0.568287 0.711434 0.413414
vn -0.567332 0.711429 0.414732
vn -0.412758 0.711266 0.568975
vn -0.412735 0.711266 0.568991
vn -0.212801 0.711386 0.669810
vn -0.212802 0.711386 0.669810
vn -0.005692 0.707389 0.706801
vn -0.005692 0.707389 0.706801
vn 0.005786 0.707406 0.706784
vn 0.005878 0.707409 0.706780
vn 0.213308 0.711683 0.669333
vn 0.214258 0.711687 0.669026
vn 0.413631 0.711388 0.568187
vn 0.414468 0.711386 0.567579
vn 0.568820 0.711314 0.412888
vn 0.568830 0.711314 0.412875
vn 0.669811 0.711386 0.212798
vn 0.669811 0.711386 0.212798
vn 0.705400 0.707965 0.034593
vn 0.705400 0.707965 0.034593
vn 0.000000 1.000000 -0.000000
vn 0.000000 1.000000 -0.000000
vn 0.000000 1.000000 0.000000
vn 0.000000 1.000000 0.000000
vn 0.000000 1.000000 -0.000000
vn 0.000000 1.000000 -0.000000
vn 0.000000 1.000000 0.000006
vn 0.000000 1.000000 0.000006
vn 0.000000 1.000000 -0.000007
vn 0.000000 1.000000 -0.000007
vn 0.000000 1.000000 0.000021
vn 0.000000 1.000000 0.000021
vn 0.000000 1.000000 -0.000008
vn 0.000000 1.000000 -0.000008
vn 0.000000 1.000000 0.000002
vn 0.000000 1.000000 0.000002
vn 0.000000 1.000000 0.000003
vn 0.000000 1.000000 0.000003
vn 0.000000 1.000000 0.000002
vn 0.000000 1.000000 0.000002
vn 0.000000 1.000000 0.000001
vn 0.000000 1.000000 0.000001
vn 0.000000 1.000000 -0.000006
vn 0.000000 1.000000 -0.000006
vn 0.000000 1.000000 -0.000001
vn 0.000000 1.000000 -0.000001
vn 0.000000 1.000000 -0.000001
vn 0.000000 1.000000 -0.000001
vn -0.006351 0.707341 0.706844
vn -0.006351 0.707341 0.706844
vn -0.215236 0.711471 0.668941
vn -0.215236 0.711471 0.668941
vn 0.006351 0.707341 0.706844
vn 0.006351 0.707341 0.706844
vn 0.215236 0.711471 0.668941
vn 0.215236 0.711471 0.668941
vn 0.706844 0.707341 0.006351
vn 0.706844 0.707341 0.006351
vn 0.668941 0.711471 0.215236
vn 0.668941 0.711471 0.215237
vn 0.706844 0.707341 -0.006351
vn 0.706844 0.707341 -0.006351
vn 0.668941 0.711471 -0.215237
vn 0.668941 0.711471 -0.215237
vn -0.706844 0.707341 0.006351
vn -0.706844 0.707341 0.006351
vn -0.706844 0.707341 -0.006351
vn -0.706844 0.707341 -0.006351
vn -0.668941 0.711471 0.215237
vn -0.668941 0.711471 0.215237
vn -0.668941 0.711471 -0.215236
vn -0.668941 0.711471 -0.215237
vn -0.006351 0.707341 -0.706844
vn -0.006351 0.707341 -0.706844
vn 0.006351 0.707341 -0.706844
vn 0.006351 0.707341 -0.706844
vn -0.215236 0.711471 -0.668941
vn -0.215236 0.711471 -0.668941
vn 0.215236 0.711471 -0.668941
vn 0.215236 0.711471 -0.668941
vn -0.568507 0.711473 0.413044
vn -0.568507 0.711473 0.413044
vn -0.413044 0.711473 0.568508
vn -0.413044 0.711473 0.568508
vn 0.413044 0.711473 0.568508
vn 0.413044 0.711473 0.568508
vn 0.568507 0.711473 0.413044
vn 0.568507 0.711473 0.413044
vn -0.413044 0.711473 -0.568508
vn -0.413044 0.711473 -0.568508
vn -0.568507 0.711473 -0.413044
vn -0.568507 0.711473 -0.413044
vn 0.568507 0.711473 -0.413044
vn 0.568507 0.711473 -0.413044
vn 0.413044 0.711473 -0.568508
vn 0.413044 0.711473 -0.568508
vn -0.999952 0.000000 -0.009834
vn -0.999952 0.000000 -0.009834
vn -0.999952 0.000000 0.009834
vn -0.999952 0.000000 0.009834
vn -0.009834 0.000000 0.999952
vn -0.009834 0.000000 0.999952
vn 0.009834 0.000000 0.999952
vn 0.009834 0.000000 0.999952
vn 0.999952 0.000000 0.009834
vn 0.999952 0.000000 0.009834
vn 0.999952 0.000000 -0.009834
vn 0.999952 0.000000 -0.009834
vn -0.009834 0.000000 -0.999952
vn -0.009834 0.000000 -0.999952
vn 0.009834 0.000000 -0.999952
vn 0.009834 0.000000 -0.999952
vn -0.951058 0.000000 0.309012
vn -0.951058 0.000000 0.309012
vn -0.809018 0.000000 0.587784
vn -0.809018 0.000000 0.587784
vn -0.587784 0.000000 0.809018
vn -0.587784 0.000000 0.809018
vn -0.309012 0.000000 0.951058
vn -0.309012 0.000000 0.951058
vn 0.309012 0.000000 0.951058
vn 0.309012 0.000000 0.951058
vn 0.587784 0.000000 0.809018
vn 0.587784 0.000000 0.809018
vn 0.809018 0.000000 0.587784
vn 0.809018 0.000000 0.587784
vn 0.951058 0.000000 0.309012
vn 0.951058 0.000000 0.309012
vn -0.309012 0.000000 -0.951058
vn -0.309012 0.000000 -0.951058
vn -0.587784 0.000000 -0.809018
vn -0.587784 0.000000 -0.809018
vn -0.809018 0.000000 -0.587784
vn -0.809018 0.000000 -0.587784
vn -0.951058 0.000000 -0.309012
vn -0.951058 0.000000 -0.309012
vn 0.951058 0.000000 -0.309012
vn 0.951058 0.000000 -0.309012
vn 0.809018 0.000000 -0.587784
vn 0.809018 0.000000 -0.587784
vn 0.587784 0.000000 -0.809018
vn 0.587784 0.000000 -0.809018
vn 0.309012 0.000000 -0.951058
vn 0.309012 0.000000 -0.951058
vn 0.000000 1.000000 0.000000
vn 0.000000 1.000000 0.000000
vn 0.000000 1.000000 0.000000
vn 0.000000 1.000000 0.000000
vn 0.000000 1.000000 0.000000
vn 0.000000 1.000000 0.000000
vn 0.000000 1.000000 0.000000
vn 0.000000 1.000000 0.000000
vn 0.000000 1.000000 0.000000
vn 0.000000 1.000000 0.000000
vn 0.000000 1.000000 0.000000
vn 0.000000 1.000000 0.000000
vn 0.000000 1.000000 -0.000000
vn 0.000000 1.000000 -0.000000
vn 0.000000 1.000000 -0.000000
vn 0.000000 1.000000 -0.000000
vn 0.000000 1.000000 0.000000
vn 0.000000 1.000000 0.000000
vn 0.000000 1.000000 -0.000000
vn 0.000000 1.000000 -0.000000
vn 0.000000 1.000000 -0.000000
vn 0.000000 1.000000 0.000000
vn 0.000000 1.000000 0.000000
vn 0.000000 1.000000 0.000000
vn 0.000000 1.000000 0.000000
vn 0.000000 1.000000 0.000000
vn 0.000000 1.000000 -0.000000
vn 0.000000 1.000000 -0.000000
vn 0.000000 1.000000 -0.000000
vn 0.000000 1.000000 -0.000000
vn 0.000000 1.000000 0.000000
vn 0.000000 1.000000 0.000000
vn 0.000000 1.000000 -0.000000
vn 0.000000 1.000000 -0.000000
vn 0.000000 1.000000 0.000000
vn 0.000000 1.000000 0.000000
vn 0.000000 1.000000 0.000000
vn 0.000000 1.000000 0.000000
vn 0.000000 1.000000 0.000000
vn 0.000000 1.000000 0.000000
vn 0.000000 1.000000 0.000000
vn 0.000000 1.000000 0.000000
vn 0.000000 1.000000 0.000000
vn 0.000000 1.000000 0.000000
vn 0.000000 1.000000 0.000000
vn 0.000000 1.000000 -0.000000
vn 0.000000 1.000000 -0.000000
vn 0.000000 1.000000 -0.000000
vn -0.913219 -0.000714 -0.407468
vn -0.913219 -0.000714 -0.407468
vn -0.913219 -0.000714 -0.407468
vn -0.913219 -0.000714 -0.407468
vn -0.916542 0.281895 -0.283699
vn -0.916542 0.281895 -0.283699
vn -0.916542 0.281895 -0.283699
vn -0.916542 0.281895 -0.283699
vn -0.912744 -0.001342 0.408530
vn -0.912744 -0.001342 0.408530
vn -0.912744 -0.001342 0.408530
vn -0.912744 -0.001342 0.408530
vn -0.915150 0.283856 0.286228
vn -0.915150 0.283856 0.286228
vn -0.915150 0.283856 0.286228
vn -0.915150 0.283856 0.286228
vn -0.407471 -0.000710 0.913218
vn -0.407471 -0.000710 0.913218
vn -0.407471 -0.000710 0.913218
vn -0.407471 -0.000710 0.913218
vn -0.283699 0.281900 0.916541
vn -0.283699 0.281900 0.916541
vn -0.283698 0.281900 0.916541
vn -0.283698 0.281900 0.916541
vn 0.408528 -0.001339 0.912745
vn 0.408528 -0.001339 0.912745
vn 0.408528 -0.001339 0.912745
vn 0.408528 -0.001339 0.912745
vn 0.286229 0.283865 0.915147
vn 0.286229 0.283865 0.915147
vn 0.286229 0.283865 0.915147
vn 0.286229 0.283865 0.915147
vn 0.913219 -0.000714 0.407468
vn 0.913219 -0.000714 0.407468
vn 0.913219 -0.000714 0.407468
vn 0.913219 -0.000714 0.407468
vn 0.916542 0.281895 0.283699
vn 0.916542 0.281895 0.283699
vn 0.916542 0.281895 0.283699
vn 0.916542 0.281895 0.283699
vn 0.912744 -0.001342 -0.408530
vn 0.912744 -0.001342 -0.408530
vn 0.912744 -0.001342 -0.408530
vn 0.912744 -0.001342 -0.408530
vn 0.915150 0.283856 -0.286228
vn 0.915150 0.283856 -0.286228
vn 0.915150 0.283856 -0.286228
vn 0.915150 0.283856 -0.286228
vn 0.407471 -0.000710 -0.913218
vn 0.407471 -0.000710 -0.913218
vn 0.407471 -0.000710 -0.913218
vn 0.407471 -0.000710 -0.913218
vn 0.283699 0.281900 -0.916541
vn 0.283699 0.281900 -0.916541
vn 0.283698 0.281900 -0.916541
vn 0.283698 0.281900 -0.916541
vn -0.408528 -0.001339 -0.912745
vn -0.408528 -0.001339 -0.912745
vn -0.408528 -0.001339 -0.912745
vn -0.408528 -0.001339 -0.912745
vn -0.286229 0.283865 -0.915147
vn -0.286229 0.283865 -0.915147
vn -0.286229 0.283865 -0.915147
vn -0.286229 0.283865 -0.915147
vn -0.913219 0.000714 0.407469
vn -0.913219 0.000714 0.407469
vn -0.913219 0.000714 0.407470
vn -0.913219 0.000714 0.407469
vn -0.916543 -0.281895 0.283697
vn -0.916543 -0.281895 0.283697
vn -0.916543 -0.281895 0.283697
vn -0.916543 -0.281895 0.283697
vn -0.912744 0.001342 -0.408531
vn -0.912744 0.001342 -0.408531
vn -0.912744 0.001342 -0.408531
vn -0.912744 0.001342 -0.408531
vn -0.915151 -0.283855 -0.286226
vn -0.915151 -0.283855 -0.286226
vn -0.915151 -0.283855 -0.286226
vn -0.915151 -0.283855 -0.286226
vn 0.407471 0.000715 0.913218
vn 0.407471 0.000715 0.913218
vn 0.407471 0.000715 0.913218
vn 0.407471 0.000715 0.913218
vn 0.283699 -0.281897 0.916542
vn 0.283699 -0.281897 0.916542
vn 0.283699 -0.281897 0.916542
vn 0.283699 -0.281897 0.916542
vn -0.408529 0.001343 0.912745
vn -0.408529 0.001343 0.912745
vn -0.408529 0.001343 0.912745
vn -0.408529 0.001343 0.912745
vn -0.286226 -0.283859 0.915150
vn -0.286226 -0.283859 0.915150
vn -0.286226 -0.283859 0.915150
vn -0.286226 -0.283859 0.915150
vn 0.913218 0.000714 -0.407470
vn 0.913218 0.000714 -0.407470
vn 0.913218 0.000714 -0.407470
vn 0.913218 0.000714 -0.407470
vn 0.916543 -0.281895 -0.283697
vn 0.916543 -0.281895 -0.283697
vn 0.916543 -0.281895 -0.283697
vn 0.916543 -0.281895 -0.283697
vn 0.912744 0.001342 0.408531
vn 0.912744 0.001342 0.408531
vn 0.912744 0.001342 0.408531
vn 0.912744 0.001342 0.408531
vn 0.915151 -0.283855 0.286226
vn 0.915151 -0.283855 0.286227
vn 0.915151 -0.283855 0.286227
vn 0.915151 -0.283855 0.286227
vn -0.407471 0.000715 -0.913218
vn -0.407471 0.000715 -0.913218
vn -0.407471 0.000715 -0.913218
vn -0.407471 0.000715 -0.913218
vn -0.283698 -0.281896 -0.916543
vn -0.283698 -0.281896 -0.916543
vn -0.283698 -0.281896 -0.916543
vn -0.283698 -0.281896 -0.916543
vn 0.408528 0.001343 -0.912745
vn 0.408528 0.001343 -0.912745
vn 0.408528 0.001343 -0.912745
vn 0.408528 0.001343 -0.912745
vn 0.286224 -0.283857 -0.915151
vn 0.286224 -0.283857 -0.915151
vn 0.286224 -0.283857 -0.915151
vn 0.286224 -0.283857 -0.915151
vn -0.920507 0.390726 -0.000138
vn -0.920507 0.390726 -0.000138
vn -0.920507 0.390726 -0.000138
vn -0.920507 0.390726 -0.000138
vn -0.000138 0.390734 0.920504
vn -0.000138 0.390734 0.920504
vn -0.000138 0.390734 0.920504
vn -0.000138 0.390734 0.920504
vn 0.920507 0.390726 0.000138
vn 0.920507 0.390726 0.000138
vn 0.920507 0.390726 0.000138
vn 0.920507 0.390726 0.000138
vn 0.000138 0.390734 -0.920504
vn 0.000138 0.390734 -0.920504
vn 0.000138 0.390734 -0.920504
vn 0.000138 0.390734 -0.920504
vn -0.920507 -0.390725 0.000138
vn -0.920507 -0.390725 0.000138
vn -0.920507 -0.390725 0.000138
vn -0.920507 -0.390725 0.000138
vn 0.000138 -0.390728 0.920506
vn 0.000138 -0.390728 0.920506
vn 0.000138 -0.390727 0.920506
vn 0.000138 -0.390728 0.920506
vn 0.920507 -0.390725 -0.000138
vn 0.920507 -0.390725 -0.000138
vn 0.920507 -0.390725 -0.000138
vn 0.920507 -0.390725 -0.000138
vn -0.000138 -0.390729 -0.920506
vn -0.000138 -0.390729 -0.920506
vn -0.000138 -0.390729 -0.920506
vn -0.000138 -0.390729 -0.920506
vn 0.000000 1.000000 0.000000
vn 0.000000 1.000000 0.000000
vn 0.000000 1.000000 0.000000
vn 0.000000 1.000000 0.000000
vn 0.000000 1.000000 0.000000
vn 0.000000 1.000000 0.000000
vn 0.000000 1.000000 0.000000
vn 0.000000 1.000000 0.000000
vn 0.000000 1.000000 0.000000
vn 0.000000 1.000000 0.000000
vn 0.000000 1.000000 0.000000
vn 0.000000 1.000000 0.000000
vn 0.000000 1.000000 0.000000
vn 0.000000 1.000000 0.000000
vn 0.000000 1.000000 0.000000
vn 0.000000 1.000000 0.000000
vn 0.000000 -1.000000 0.000000
vn 0.000000 -1.000000 0.000000
vn 0.000000 -1.000000 0.000000
vn 0.000000 -1.000000 0.000000
vn 0.000000 -1.000000 0.000000
vn 0.000000 -1.000000 0.000000
vn 0.000000 -1.000000 0.000000
vn 0.000000 -1.000000 0.000000
vn 0.000000 -1.000000 0.000000
vn 0.000000 -1.000000 0.000000
vn 0.000000 -1.000000 0.000000
vn 0.000000 -1.000000 0.000000
vn 0.000000 -1.000000 0.000000
vn 0.000000 -1.000000 0.000000
vn 0.000000 -1.000000 0.000000
vn 0.000000 -1.000000 0.000000
vn 0.036719 0.000000 -0.999326
vn 0.036719 0.000000 -0.999326
vn 0.036719 0.000000 -0.999326
vn 0.036719 0.000000 -0.999326
vn -1.000000 0.000000 0.000000
vn -1.000000 0.000000 0.000000
vn -1.000000 0.000001 0.000000
vn -1.000000 0.000001 0.000000
vn 0.036719 0.000000 0.999326
vn 0.036719 0.000000 0.999326
vn 0.036719 0.000000 0.999326
vn 0.036719 0.000000 0.999326
vn -0.999326 0.000000 -0.036720
vn -0.999326 0.000000 -0.036720
vn -0.999326 0.000000 -0.036720
vn -0.999326 0.000000 -0.036720
vn 0.000000 0.000005 1.000000
vn 0.000000 0.000005 1.000000
vn 0.000000 0.000005 1.000000
vn 0.000000 0.000005 1.000000
vn 0.999326 0.000000 -0.036720
vn 0.999326 0.000000 -0.036720
vn 0.999326 0.000000 -0.036720
vn 0.999326 0.000000 -0.036720
vn -0.036719 0.000000 0.999326
vn -0.036719 0.000000 0.999326
vn -0.036719 0.000000 0.999326
vn -0.036719 0.000000 0.999326
vn 1.000000 0.000000 0.000000
vn 1.000000 0.000000 0.000000
vn 1.000000 0.000001 0.000000
vn 1.000000 0.000001 0.000000
vn -0.036719 0.000000 -0.999326
vn -0.036719 0.000000 -0.999326
vn -0.036719 0.000000 -0.999326
vn -0.036719 0.000000 -0.999326
vn 0.999326 0.000000 0.036720
vn 0.999326 0.000000 0.036720
vn 0.999326 0.000000 0.036720
vn 0.999326 0.000000 0.036720
vn -0.000000 0.000005 -1.000000
vn -0.000000 0.000005 -1.000000
vn 0.000000 0.000005 -1.000000
vn 0.000000 0.000005 -1.000000
vn -0.999326 0.000000 0.036720
vn -0.999326 0.000000 0.036720
vn -0.999326 0.000000 0.036720
vn -0.999326 0.000000 0.036720
vn 0.036719 -0.000000 0.999326
vn 0.036719 -0.000000 0.999326
vn 0.036719 -0.000000 0.999326
vn 0.036719 -0.000000 0.999326
vn -1.000000 -0.000000 0.000000
vn -1.000000 0.000000 0.000000
vn -1.000000 0.000000 0.000000
vn -1.000000 -0.000000 0.000000
vn 0.036719 -0.000000 -0.999326
vn 0.036719 -0.000000 -0.999326
vn 0.036719 -0.000000 -0.999326
vn 0.036719 -0.000000 -0.999326
vn 0.999326 -0.000001 -0.036720
vn 0.999326 -0.000001 -0.036720
vn 0.999326 -0.000001 -0.036720
vn 0.999326 -0.000001 -0.036720
vn -0.000000 0.000000 1.000000
vn -0.000000 0.000000 1.000000
vn -0.000000 0.000000 1.000000
vn -0.000000 0.000000 1.000000
vn -0.999326 -0.000001 -0.036720
vn -0.999326 -0.000001 -0.036720
vn -0.999326 -0.000001 -0.036720
vn -0.999326 -0.000001 -0.036720
vn -0.036719 -0.000000 -0.999326
vn -0.036719 -0.000000 -0.999326
vn -0.036719 -0.000000 -0.999326
vn -0.036719 -0.000000 -0.999326
vn 1.000000 -0.000000 0.000000
vn 1.000000 0.000000 0.000000
vn 1.000000 0.000000 0.000000
vn 1.000000 -0.000000 0.000000
vn -0.036719 -0.000000 0.999326
vn -0.036719 -0.000000 0.999326
vn -0.036719 -0.000000 0.999326
vn -0.036719 -0.000000 0.999326
vn -0.999326 -0.000001 0.036720
vn -0.999326 -0.000001 0.036720
vn -0.999326 -0.000001 0.036720
vn -0.999326 -0.000001 0.036720
vn 0.000000 0.000000 -1.000000
vn 0.000000 0.000000 -1.000000
vn 0.000000 0.000000 -1.000000
vn 0.000000 0.000000 -1.000000
vn 0.999326 -0.000001 0.036720
vn 0.999326 -0.000001 0.036720
vn 0.999326 -0.000001 0.036720
vn 0.999326 -0.000001 0.036720
vn 0.025966 0.707106 -0.706630
vn 0.025966 0.707106 -0.706630
vn 0.025966 0.707106 -0.706630
vn 0.025966 0.707106 -0.706630
vn 0.025966 0.707106 0.706630
vn 0.025966 0.707106 0.706630
vn 0.025966 0.707106 0.706630
vn 0.025966 0.707106 0.706630
vn -0.706630 0.707107 -0.025967
vn -0.706630 0.707107 -0.025967
vn -0.706630 0.707107 -0.025967
vn -0.706630 0.707107 -0.025967
vn 0.706630 0.707107 -0.025967
vn 0.706630 0.707107 -0.025967
vn 0.706630 0.707107 -0.025967
vn 0.706630 0.707107 -0.025967
vn -0.025966 0.707106 0.706630
vn -0.025966 0.707106 0.706630
vn -0.025966 0.707106 0.706630
vn -0.025966 0.707106 0.706630
vn -0.025966 0.707106 -0.706630
vn -0.025966 0.707106 -0.706630
vn -0.025966 0.707106 -0.706630
vn -0.025966 0.707106 -0.706630
vn 0.706630 0.707107 0.025967
vn 0.706630 0.707107 0.025967
vn 0.706630 0.707107 0.025967
vn 0.706630 0.707107 0.025967
vn -0.706630 0.707107 0.025967
vn -0.706630 0.707107 0.025967
vn -0.706630 0.707107 0.025967
vn -0.706630 0.707107 0.025967
vn 0.025966 -0.707106 0.706630
vn 0.025966 -0.707106 0.706630
vn 0.025966 -0.707106 0.706630
vn 0.025966 -0.707106 0.706630
vn 0.025966 -0.707106 -0.706630
vn 0.025966 -0.707106 -0.706630
vn 0.025966 -0.707106 -0.706630
vn 0.025966 -0.707106 -0.706630
vn 0.706630 -0.707107 -0.025965
vn 0.706630 -0.707107 -0.025965
vn 0.706630 -0.707107 -0.025965
vn 0.706630 -0.707107 -0.025965
vn -0.706630 -0.707107 -0.025964
vn -0.706630 -0.707107 -0.025964
vn -0.706630 -0.707107 -0.025964
vn -0.706630 -0.707107 -0.025964
vn -0.025966 -0.707106 -0.706630
vn -0.025966 -0.707106 -0.706630
vn -0.025966 -0.707106 -0.706630
vn -0.025966 -0.707106 -0.706630
vn -0.025966 -0.707106 0.706630
vn -0.025966 -0.707106 0.706630
vn -0.025966 -0.707106 0.706630
vn -0.025966 -0.707106 0.706630
vn -0.706630 -0.707107 0.025965
vn -0.706630 -0.707107 0.025965
vn -0.706630 -0.707107 0.025965
vn -0.706630 -0.707107 0.025965
vn 0.706630 -0.707107 0.025965
vn 0.706630 -0.707107 0.025965
vn 0.706630 -0.707107 0.025965
vn 0.706630 -0.707107 0.025965
vn 0.000000 0.000000 -1.000000
vn 0.000000 0.000000 -1.000000
vn -1.000000 -0.000001 0.000000
vn -1.000000 -0.000001 0.000000
vn -0.000000 0.000000 1.000000
vn -0.000000 0.000000 1.000000
vn 1.000000 -0.000001 0.000000
vn 1.000000 -0.000001 0.000000
vn -0.000000 0.000005 -1.000000
vn -0.000000 0.000005 -1.000000
vn -1.000000 0.000000 0.000000
vn -1.000000 0.000000 0.000000
vn 0.000000 0.000005 1.000000
vn 0.000000 0.000005 1.000000
vn 1.000000 0.000000 0.000000
vn 1.000000 0.000000 0.000000
s 1
g Crate2_low
f 20/1/1 82/343/2 83/330/3 6/455/4
f 10/5/5 91/323/6 93/314/7 26/453/8
f 30/9/9 101/307/10 103/298/11 36/451/12
f 113/282/13 16/450/14 40/15/15 111/291/16
f 83/331/3 85/479/17 7/18/18 6/4/4
f 85/479/17 87/477/19 8/20/20 7/18/18
f 87/477/19 89/475/21 9/22/22 8/20/20
f 89/475/21 91/322/6 10/454/5 9/22/22
f 113/283/13 115/461/23 17/24/24 16/14/14
f 115/461/23 117/458/25 18/26/26 17/24/24
f 117/458/25 119/457/27 19/28/28 18/26/26
f 119/457/27 82/342/2 20/456/1 19/28/28
f 93/315/7 95/473/29 27/30/30 26/8/8
f 95/473/29 97/471/31 28/32/32 27/30/30
f 97/471/31 99/469/33 29/34/34 28/32/32
f 99/469/33 101/306/10 30/452/9 29/34/34
f 103/299/11 105/467/35 37/36/36 36/12/12
f 105/467/35 107/465/37 38/38/38 37/36/36
f 107/465/37 109/463/39 39/40/40 38/38/38
f 109/463/39 111/290/16 40/449/15 39/40/40
s 5
f 41/401/41 11/448/42 5/43/43 44/398/44
f 5/447/43 4/45/45 46/504/46 44/397/44
f 4/45/45 3/47/47 48/502/48 46/504/46
f 3/47/47 2/49/49 50/500/50 48/502/48
f 2/49/49 1/51/51 51/390/52 50/500/50
f 54/382/53 51/389/52 1/446/51 25/54/54
f 25/445/54 24/55/55 56/498/56 54/381/53
f 24/55/55 23/57/57 58/496/58 56/498/56
f 23/57/57 22/59/59 60/494/60 58/496/58
f 22/59/59 21/61/61 61/374/62 60/494/60
f 64/366/63 61/373/62 21/444/61 35/64/64
f 35/443/64 34/65/65 66/492/66 64/365/63
f 34/65/65 33/67/67 68/490/68 66/492/66
f 33/67/67 32/69/69 70/488/70 68/490/68
f 32/69/69 31/71/71 71/358/72 70/488/70
f 15/73/73 74/350/74 71/357/72 31/442/71
f 15/441/73 14/75/75 76/486/76 74/349/74
f 14/75/75 13/77/77 78/483/78 76/486/76
f 13/77/77 12/79/79 80/484/80 78/483/78
f 12/79/79 11/42/42 41/402/41 80/484/80
s 6
f 81/337/81 42/407/82 43/394/83 84/334/84
f 43/395/83 45/503/85 86/480/86 84/333/84
f 45/503/85 47/501/87 88/478/88 86/480/86
f 47/501/87 49/499/89 90/476/90 88/478/88
f 49/499/89 52/386/91 92/326/92 90/476/90
f 94/318/93 92/325/92 52/387/91 53/378/94
f 53/379/94 55/497/95 96/474/96 94/317/93
f 55/497/95 57/495/97 98/472/98 96/474/96
f 57/495/97 59/493/99 100/470/100 98/472/98
f 59/493/99 62/370/101 102/310/102 100/470/100
f 104/302/103 102/309/102 62/371/101 63/362/104
f 63/363/104 65/491/105 106/468/106 104/301/103
f 65/491/105 67/489/107 108/466/108 106/468/106
f 67/489/107 69/487/109 110/464/110 108/466/108
f 69/487/109 72/354/111 112/294/112 110/464/110
f 73/346/113 114/286/114 112/293/112 72/355/111
f 73/347/113 75/485/115 116/462/116 114/285/114
f 75/485/115 77/482/117 118/459/118 116/462/116
f 77/482/117 79/481/119 120/460/120 118/459/118
f 79/481/119 42/406/82 81/338/81 120/460/120
s 7
f 121/121/121 122/440/122 132/123/123 131/393/124
f 122/122/122 121/405/121 124/125/125 123/126/126
f 123/126/126 124/125/125 199/127/127 200/128/128
s 8
f 125/129/129 126/404/130 130/131/131 129/437/132
f 126/130/130 125/439/129 128/133/133 127/134/134
f 127/134/134 128/133/133 197/135/135 198/136/136
f 129/132/132 130/400/131 134/137/137 133/138/138
s 7
f 131/124/124 132/438/123 136/139/139 135/140/140
s 8
f 133/138/138 134/137/137 138/141/141 137/142/142
s 7
f 135/140/140 136/139/139 140/143/143 139/144/144
s 8
f 137/142/142 138/141/141 142/145/145 141/146/146
s 7
f 139/144/144 140/143/143 144/147/147 143/148/148
s 8
f 141/146/146 142/145/145 146/149/149 145/435/150
s 7
f 143/148/148 144/147/147 148/151/151 147/385/152
s 8
f 145/150/150 146/392/149 150/153/153 149/433/154
s 7
f 147/152/152 148/436/151 152/155/155 151/377/156
s 8
f 149/154/154 150/384/153 154/157/157 153/158/158
s 7
f 151/156/156 152/434/155 156/159/159 155/160/160
s 8
f 153/158/158 154/157/157 158/161/161 157/162/162
s 7
f 155/160/160 156/159/159 160/163/163 159/164/164
s 8
f 157/162/162 158/161/161 162/165/165 161/166/166
s 7
f 159/164/164 160/163/163 164/167/167 163/168/168
s 8
f 161/166/166 162/165/165 166/169/169 165/431/170
s 7
f 163/168/168 164/167/167 168/171/171 167/369/172
s 8
f 165/170/170 166/376/169 170/173/173 169/429/174
s 7
f 167/172/172 168/432/171 172/175/175 171/361/176
s 8
f 169/174/174 170/368/173 174/177/177 173/178/178
s 7
f 171/176/176 172/430/175 176/179/179 175/180/180
s 8
f 173/178/178 174/177/177 178/181/181 177/182/182
s 7
f 175/180/180 176/179/179 180/183/183 179/184/184
s 8
f 177/182/182 178/181/181 182/185/185 181/186/186
s 7
f 179/184/184 180/183/183 184/187/187 183/188/188
s 8
f 181/186/186 182/185/185 186/189/189 185/427/190
s 7
f 183/188/188 184/187/187 188/191/191 187/353/192
s 8
f 185/190/190 186/360/189 190/193/193 189/425/194
s 7
f 187/192/192 188/428/191 192/195/195 191/345/196
s 8
f 189/194/194 190/352/193 194/197/197 193/198/198
s 7
f 191/196/196 192/426/195 196/199/199 195/200/200
s 8
f 193/198/198 194/197/197 198/136/136 197/135/135
s 7
f 195/200/200 196/199/199 200/128/128 199/127/127
s 9
f 201/201/201 202/424/202 212/203/203 211/329/204
f 202/202/202 201/341/201 204/205/205 203/206/206
f 203/206/206 204/205/205 279/207/207 280/208/208
s 10
f 205/209/209 206/340/210 210/211/211 209/421/212
f 206/210/210 205/423/209 208/213/213 207/214/214
f 207/214/214 208/213/213 277/215/215 278/216/216
f 209/212/212 210/336/211 214/217/217 213/218/218
s 9
f 211/204/204 212/422/203 216/219/219 215/220/220
s 10
f 213/218/218 214/217/217 218/221/221 217/222/222
s 9
f 215/220/220 216/219/219 220/223/223 219/224/224
s 10
f 217/222/222 218/221/221 222/225/225 221/226/226
s 9
f 219/224/224 220/223/223 224/227/227 223/228/228
s 10
f 221/226/226 222/225/225 226/229/229 225/419/230
s 9
f 223/228/228 224/227/227 228/231/231 227/321/232
s 10
f 225/230/230 226/328/229 230/233/233 229/417/234
s 9
f 227/232/232 228/420/231 232/235/235 231/313/236
s 10
f 229/234/234 230/320/233 234/237/237 233/238/238
s 9
f 231/236/236 232/418/235 236/239/239 235/240/240
s 10
f 233/238/238 234/237/237 238/241/241 237/242/242
s 9
f 235/240/240 236/239/239 240/243/243 239/244/244
s 10
f 237/242/242 238/241/241 242/245/245 241/246/246
s 9
f 239/244/244 240/243/243 244/247/247 243/248/248
s 10
f 241/246/246 242/245/245 246/249/249 245/415/250
s 9
f 243/248/248 244/247/247 248/251/251 247/305/252
s 10
f 245/250/250 246/312/249 250/253/253 249/413/254
s 9
f 247/252/252 248/416/251 252/255/255 251/297/256
s 10
f 249/254/254 250/304/253 254/257/257 253/258/258
s 9
f 251/256/256 252/414/255 256/259/259 255/260/260
s 10
f 253/258/258 254/257/257 258/261/261 257/262/262
s 9
f 255/260/260 256/259/259 260/263/263 259/264/264
s 10
f 257/262/262 258/261/261 262/265/265 261/266/266
s 9
f 259/264/264 260/263/263 264/267/267 263/268/268
s 10
f 261/266/266 262/265/265 266/269/269 265/411/270
s 9
f 263/268/268 264/267/267 268/271/271 267/289/272
s 10
f 265/270/270 266/296/269 270/273/273 269/409/274
s 9
f 267/272/272 268/412/271 272/275/275 271/281/276
s 10
f 269/274/274 270/288/273 274/277/277 273/278/278
s 9
f 271/276/276 272/410/275 276/279/279 275/280/280
s 10
f 273/278/278 274/277/277 278/216/216 277/215/215
s 9
f 275/280/280 276/279/279 280/208/208 279/207/207
s 11
f 125/439/281 122/122/282 123/126/283 128/133/284
f 122/440/282 125/129/281 129/437/285 132/123/286
f 132/438/286 129/132/285 133/138/287 136/139/288
f 136/139/288 133/138/287 137/142/289 140/143/290
f 140/143/290 137/142/289 141/146/291 144/147/292
f 144/147/292 141/146/291 145/435/293 148/151/294
f 148/436/294 145/150/293 149/433/295 152/155/296
f 152/434/296 149/154/295 153/158/297 156/159/298
f 156/159/298 153/158/297 157/162/299 160/163/300
f 160/163/300 157/162/299 161/166/301 164/167/302
f 164/167/302 161/166/301 165/431/303 168/171/304
f 168/432/304 165/170/303 169/429/305 172/175/306
f 172/430/306 169/174/305 173/178/307 176/179/308
f 176/179/308 173/178/307 177/182/309 180/183/310
f 180/183/310 177/182/309 181/186/311 184/187/312
f 184/187/312 181/186/311 185/427/313 188/191/314
f 188/428/314 185/190/313 189/425/315 192/195/316
f 192/426/316 189/194/315 193/198/317 196/199/318
f 196/199/318 193/198/317 197/135/319 200/128/320
f 200/128/320 197/135/319 128/133/284 123/126/283
s 12
f 205/423/321 202/202/322 203/206/323 208/213/324
f 202/424/322 205/209/321 209/421/325 212/203/326
f 212/422/326 209/212/325 213/218/327 216/219/328
f 216/219/328 213/218/327 217/222/329 220/223/330
f 220/223/330 217/222/329 221/226/331 224/227/332
f 224/227/332 221/226/331 225/419/333 228/231/334
f 228/420/334 225/230/333 229/417/335 232/235/336
f 232/418/336 229/234/335 233/238/337 236/239/338
f 236/239/338 233/238/337 237/242/339 240/243/340
f 240/243/340 237/242/339 241/246/341 244/247/342
f 244/247/342 241/246/341 245/415/343 248/251/344
f 248/416/344 245/250/343 249/413/345 252/255/346
f 252/414/346 249/254/345 253/258/347 256/259/348
f 256/259/348 253/258/347 257/262/349 260/263/350
f 260/263/350 257/262/349 261/266/351 264/267/352
f 264/267/352 261/266/351 265/411/353 268/271/354
f 268/412/354 265/270/353 269/409/355 272/275/356
f 272/410/356 269/274/355 273/278/357 276/279/358
f 276/279/358 273/278/357 277/215/359 280/208/360
f 280/208/360 277/215/359 208/213/324 203/206/323
s 13
f 42/82/361 79/119/362 124/125/363 121/405/364
s 14
f 80/80/365 41/403/366 126/130/367 127/134/368
f 41/41/366 44/399/369 130/131/370 126/404/367
s 13
f 43/83/371 42/408/361 121/121/364 131/393/372
s 14
f 44/44/369 46/46/373 134/137/374 130/400/370
s 13
f 45/85/375 43/396/371 131/124/372 135/140/376
s 14
f 46/46/373 48/48/377 138/141/378 134/137/374
s 13
f 47/87/379 45/85/375 135/140/376 139/144/380
s 14
f 48/48/377 50/50/381 142/145/382 138/141/378
s 13
f 49/89/383 47/87/379 139/144/380 143/148/384
s 14
f 50/50/381 51/391/385 146/149/386 142/145/382
s 13
f 52/91/387 49/89/383 143/148/384 147/385/388
s 14
f 51/52/385 54/383/389 150/153/390 146/392/386
s 13
f 53/94/391 52/388/387 147/152/388 151/377/392
s 14
f 54/53/389 56/56/393 154/157/394 150/384/390
s 13
f 55/95/395 53/380/391 151/156/392 155/160/396
s 14
f 56/56/393 58/58/397 158/161/398 154/157/394
s 13
f 57/97/399 55/95/395 155/160/396 159/164/400
s 14
f 58/58/397 60/60/401 162/165/402 158/161/398
s 13
f 59/99/403 57/97/399 159/164/400 163/168/404
s 14
f 60/60/401 61/375/405 166/169/406 162/165/402
s 13
f 62/101/407 59/99/403 163/168/404 167/369/408
s 14
f 61/62/405 64/367/409 170/173/410 166/376/406
s 13
f 63/104/411 62/372/407 167/172/408 171/361/412
s 14
f 64/63/409 66/66/413 174/177/414 170/368/410
s 13
f 65/105/415 63/364/411 171/176/412 175/180/416
s 14
f 66/66/413 68/68/417 178/181/418 174/177/414
s 13
f 67/107/419 65/105/415 175/180/416 179/184/420
s 14
f 68/68/417 70/70/421 182/185/422 178/181/418
s 13
f 69/109/423 67/107/419 179/184/420 183/188/424
s 14
f 70/70/421 71/359/425 186/189/426 182/185/422
s 13
f 72/111/427 69/109/423 183/188/424 187/353/428
s 14
f 71/72/425 74/351/429 190/193/430 186/360/426
s 13
f 73/113/431 72/356/427 187/192/428 191/345/432
s 14
f 74/74/429 76/76/433 194/197/434 190/352/430
s 13
f 75/115/435 73/348/431 191/196/432 195/200/436
s 14
f 76/76/433 78/78/437 198/136/438 194/197/434
s 13
f 77/117/439 75/115/435 195/200/436 199/127/440
s 14
f 78/78/437 80/80/365 127/134/368 198/136/438
s 13
f 79/119/362 77/117/439 199/127/440 124/125/363
s 15
f 82/2/441 119/27/442 204/205/443 201/341/444
s 16
f 120/120/445 81/339/446 206/210/447 207/214/448
f 81/81/446 84/335/449 210/211/450 206/340/447
s 15
f 83/3/451 82/344/441 201/201/444 211/329/452
s 16
f 84/84/449 86/86/453 214/217/454 210/336/450
s 15
f 85/17/455 83/332/451 211/204/452 215/220/456
s 16
f 86/86/453 88/88/457 218/221/458 214/217/454
s 15
f 87/19/459 85/17/455 215/220/456 219/224/460
s 16
f 88/88/457 90/90/461 222/225/462 218/221/458
s 15
f 89/21/463 87/19/459 219/224/460 223/228/464
s 16
f 90/90/461 92/327/465 226/229/466 222/225/462
s 15
f 91/6/467 89/21/463 223/228/464 227/321/468
s 16
f 92/92/465 94/319/469 230/233/470 226/328/466
s 15
f 93/7/471 91/324/467 227/232/468 231/313/472
s 16
f 94/93/469 96/96/473 234/237/474 230/320/470
s 15
f 95/29/475 93/316/471 231/236/472 235/240/476
s 16
f 96/96/473 98/98/477 238/241/478 234/237/474
s 15
f 97/31/479 95/29/475 235/240/476 239/244/480
s 16
f 98/98/477 100/100/481 242/245/482 238/241/478
s 15
f 99/33/483 97/31/479 239/244/480 243/248/484
s 16
f 100/100/481 102/311/485 246/249/486 242/245/482
s 15
f 101/10/487 99/33/483 243/248/484 247/305/488
s 16
f 102/102/485 104/303/489 250/253/490 246/312/486
s 15
f 103/11/491 101/308/487 247/252/488 251/297/492
s 16
f 104/103/489 106/106/493 254/257/494 250/304/490
s 15
f 105/35/495 103/300/491 251/256/492 255/260/496
s 16
f 106/106/493 108/108/497 258/261/498 254/257/494
s 15
f 107/37/499 105/35/495 255/260/496 259/264/500
s 16
f 108/108/497 110/110/501 262/265/502 258/261/498
s 15
f 109/39/503 107/37/499 259/264/500 263/268/504
s 16
f 110/110/501 112/295/505 266/269/506 262/265/502
s 15
f 111/16/507 109/39/503 263/268/504 267/289/508
s 16
f 112/112/505 114/287/509 270/273/510 266/296/506
s 15
f 113/13/511 111/292/507 267/272/508 271/281/512
s 16
f 114/114/509 116/116/513 274/277/514 270/288/510
s 15
f 115/23/515 113/284/511 271/276/512 275/280/516
s 16
f 116/116/513 118/118/517 278/216/518 274/277/514
s 15
f 117/25/519 115/23/515 275/280/516 279/207/520
s 16
f 118/118/517 120/120/445 207/214/448 278/216/518
s 15
f 119/27/442 117/25/519 279/207/520 204/205/443
s 17
f 393/505/521 394/506/522 435/507/523 436/508/524
f 394/509/522 393/510/521 396/511/525 395/512/526
f 395/513/526 396/514/525 440/515/527 439/516/528
s 18
f 397/517/529 398/518/530 400/519/531 399/520/532
f 398/521/530 397/522/529 425/523/533 426/524/534
f 399/525/532 400/526/531 528/527/535 527/528/536
f 401/529/537 402/530/538 438/531/539 437/532/540
f 402/533/538 401/534/537 403/535/541 404/536/542
f 404/537/542 403/538/541 441/539/543 442/540/544
s 17
f 405/541/545 406/542/546 458/543/547 457/544/548
f 406/545/546 405/546/545 408/547/549 407/548/550
f 407/549/550 408/550/549 489/551/551 490/552/552
s 18
f 409/553/553 410/554/554 412/555/555 411/556/556
f 410/557/554 409/558/553 459/559/557 460/560/558
f 411/561/556 412/562/555 492/563/559 491/564/560
s 17
f 413/565/561 414/566/562 451/567/563 452/568/564
f 414/569/562 413/570/561 571/571/565 572/572/566
f 415/573/567 416/574/568 478/575/569 477/576/570
s 18
f 417/577/571 418/578/572 420/579/573 419/580/574
f 418/581/572 417/582/571 479/583/575 480/584/576
f 419/585/574 420/586/573 540/587/577 539/588/578
s 17
f 421/589/579 422/590/580 428/591/581 427/592/582
f 422/590/580 421/589/579 424/593/583 423/594/584
f 423/595/584 424/596/583 569/597/585 570/598/586
s 18
f 426/524/534 425/523/533 429/599/587 430/600/588
s 17
f 427/592/582 428/591/581 432/601/589 431/602/590
s 18
f 430/600/588 429/599/587 433/603/591 434/604/592
s 17
f 431/602/590 432/601/589 436/508/524 435/507/523
s 18
f 434/604/592 433/603/591 437/532/540 438/531/539
s 17
f 439/516/528 440/515/527 444/605/593 443/606/594
s 18
f 442/540/544 441/539/543 445/607/595 446/608/596
s 17
f 443/606/594 444/605/593 448/609/597 447/610/598
s 18
f 446/608/596 445/607/595 449/611/599 450/612/600
s 17
f 447/610/598 448/609/597 452/568/564 451/567/563
s 18
f 450/612/600 449/611/599 453/613/601 454/614/602
f 454/614/602 453/613/601 456/615/603 455/616/604
f 455/617/604 456/618/603 508/619/605 507/620/606
s 17
f 457/544/548 458/543/547 462/621/607 461/622/608
s 18
f 460/560/558 459/559/557 463/623/609 464/624/610
s 17
f 461/622/608 462/621/607 466/625/611 465/626/612
s 18
f 464/624/610 463/623/609 467/627/613 468/628/614
s 17
f 465/626/612 466/625/611 470/629/615 469/630/616
s 18
f 468/628/614 467/627/613 471/631/617 472/632/618
s 17
f 469/630/616 470/629/615 474/633/619 473/634/620
s 18
f 472/632/618 471/631/617 476/635/621 475/636/622
f 475/637/622 476/638/621 498/639/623 497/640/624
s 17
f 477/576/570 478/575/569 482/641/625 481/642/626
s 18
f 480/584/576 479/583/575 483/643/627 484/644/628
s 17
f 481/642/626 482/641/625 486/645/629 485/646/630
s 18
f 484/644/628 483/643/627 487/647/631 488/648/632
s 17
f 485/646/630 486/645/629 490/552/552 489/551/551
s 18
f 488/648/632 487/647/631 491/564/560 492/563/559
f 493/649/633 494/650/634 522/651/635 521/652/636
f 494/650/634 493/649/633 496/653/637 495/654/638
f 495/654/638 496/653/637 552/655/639 551/656/640
f 497/657/624 498/658/623 525/659/641 526/660/642
f 499/661/643 500/662/644 531/663/645 532/664/646
f 500/662/644 499/661/643 502/665/647 501/666/648
f 501/666/648 502/665/647 549/667/649 550/668/650
f 503/669/651 504/670/652 534/671/653 533/672/654
f 504/670/652 503/669/651 506/673/655 505/674/656
f 505/674/656 506/673/655 564/675/657 563/676/658
f 507/677/606 508/678/605 537/679/659 538/680/660
f 509/681/661 510/682/662 543/683/663 544/684/664
f 510/682/662 509/681/661 512/685/665 511/686/666
f 511/686/666 512/685/665 561/687/667 562/688/668
f 513/689/669 514/690/670 546/691/671 545/692/672
f 514/690/670 513/689/669 516/693/673 515/694/674
f 515/694/674 516/693/673 555/695/675 556/696/676
f 517/697/677 518/698/678 558/699/679 557/700/680
f 518/698/678 517/697/677 520/701/681 519/702/682
f 519/702/682 520/701/681 567/703/683 568/704/684
f 521/652/636 522/651/635 524/705/685 523/706/686
f 523/706/686 524/705/685 526/660/642 525/659/641
f 527/528/536 528/527/535 530/707/687 529/708/688
f 529/708/688 530/707/687 532/664/646 531/663/645
f 533/672/654 534/671/653 536/709/689 535/710/690
f 535/710/690 536/709/689 538/680/660 537/679/659
f 539/588/578 540/587/577 542/711/691 541/712/692
f 541/712/692 542/711/691 544/684/664 543/683/663
f 545/692/672 546/691/671 548/713/693 547/714/694
f 547/714/694 548/713/693 550/668/650 549/667/649
f 551/656/640 552/655/639 554/715/695 553/716/696
f 553/716/696 554/715/695 556/696/676 555/695/675
f 557/700/680 558/699/679 560/717/697 559/718/698
f 559/718/698 560/717/697 562/688/668 561/687/667
f 563/676/658 564/675/657 566/719/699 565/720/700
f 565/720/700 566/719/699 568/704/684 567/703/683
s 32
f 405/721/701 409/722/702 411/723/703 408/724/704
f 401/725/705 394/726/706 395/727/707 403/728/708
f 566/729/709 560/730/710 558/731/711 568/732/712
f 554/733/713 548/734/714 546/735/715 556/736/716
f 424/737/717 421/738/718 425/739/719 397/740/720
f 421/738/718 427/741/721 429/742/722 425/739/719
f 427/741/721 431/743/723 433/744/724 429/742/722
f 431/743/723 435/745/725 437/746/726 433/744/724
f 435/745/725 394/747/706 401/748/705 437/746/726
f 395/749/707 439/750/727 441/751/728 403/752/708
f 439/750/727 443/753/729 445/754/730 441/751/728
f 443/753/729 447/755/731 449/756/732 445/754/730
f 447/755/731 451/757/733 453/758/734 449/756/732
f 451/757/733 414/759/735 456/760/736 453/758/734
f 405/761/701 457/762/737 459/763/738 409/764/702
f 457/762/737 461/765/739 463/766/740 459/763/738
f 461/765/739 465/767/741 467/768/742 463/766/740
f 465/767/741 469/769/743 471/770/744 467/768/742
f 469/769/743 473/771/745 476/772/746 471/770/744
f 415/773/747 477/774/748 479/775/749 417/776/750
f 477/774/748 481/777/751 483/778/752 479/775/749
f 481/777/751 485/779/753 487/780/754 483/778/752
f 485/779/753 489/781/755 491/782/756 487/780/754
f 489/781/755 408/783/704 411/784/703 491/782/756
s 38
f 362/785/757 400/786/758 398/787/759 309/788/760
f 402/789/761 404/790/762 311/791/763 312/792/764
f 412/793/765 410/794/766 317/795/767 318/796/768
f 372/797/769 420/798/770 418/799/771 319/800/772
f 398/787/759 426/801/773 329/802/774 309/788/760
f 426/801/773 430/803/775 330/804/776 329/802/774
f 430/803/775 434/805/777 331/806/778 330/804/776
f 434/805/777 438/807/779 332/808/780 331/806/778
f 438/807/779 402/789/761 312/792/764 332/808/780
f 404/790/762 442/809/781 333/810/782 311/791/763
f 442/809/781 446/811/783 334/812/784 333/810/782
f 446/811/783 450/813/785 335/814/786 334/812/784
f 450/813/785 454/815/787 336/816/788 335/814/786
f 454/815/787 455/817/789 320/818/790 336/816/788
f 410/794/766 460/819/791 345/820/792 317/795/767
f 460/819/791 464/821/793 346/822/794 345/820/792
f 464/821/793 468/823/795 347/824/796 346/822/794
f 468/823/795 472/825/797 348/826/798 347/824/796
f 472/825/797 475/827/799 310/828/800 348/826/798
f 418/799/771 480/829/801 349/830/802 319/800/772
f 480/829/801 484/831/803 350/832/804 349/830/802
f 484/831/803 488/833/805 351/834/806 350/832/804
f 488/833/805 492/835/807 352/836/808 351/834/806
f 492/835/807 412/793/765 318/796/768 352/836/808
f 475/827/799 497/837/809 353/838/810 310/828/800
f 382/839/811 516/840/812 513/841/813 373/842/814
f 455/817/789 507/843/815 363/844/816 320/818/790
f 392/845/817 520/846/818 517/847/819 383/848/820
f 499/849/821 358/850/822 377/851/823 502/852/824
f 357/853/825 494/854/826 495/855/827 378/856/828
f 509/857/829 368/858/830 387/859/831 512/860/832
f 367/861/833 504/862/834 505/863/835 388/864/836
f 357/853/825 356/865/837 522/866/838 494/854/826
f 356/865/837 355/867/839 524/868/840 522/866/838
f 355/867/839 354/869/841 526/870/842 524/868/840
f 354/869/841 353/871/810 497/872/809 526/870/842
f 362/873/757 361/874/843 528/875/844 400/876/758
f 361/874/843 360/877/845 530/878/846 528/875/844
f 360/877/845 359/879/847 532/880/848 530/878/846
f 359/879/847 358/850/822 499/849/821 532/880/848
f 367/861/833 366/881/849 534/882/850 504/862/834
f 366/881/849 365/883/851 536/884/852 534/882/850
f 365/883/851 364/885/853 538/886/854 536/884/852
f 364/885/853 363/887/816 507/888/815 538/886/854
f 372/889/769 371/890/855 540/891/856 420/892/770
f 371/890/855 370/893/857 542/894/858 540/891/856
f 370/893/857 369/895/859 544/896/860 542/894/858
f 369/895/859 368/858/830 509/857/829 544/896/860
f 513/841/813 545/897/861 374/898/862 373/842/814
f 545/897/861 547/899/863 375/900/864 374/898/862
f 547/899/863 549/901/865 376/902/866 375/900/864
f 549/901/865 502/852/824 377/851/823 376/902/866
f 495/855/827 551/903/867 379/904/868 378/856/828
f 551/903/867 553/905/869 380/906/870 379/904/868
f 553/905/869 555/907/871 381/908/872 380/906/870
f 555/907/871 516/840/812 382/839/811 381/908/872
f 517/847/819 557/909/873 384/910/874 383/848/820
f 557/909/873 559/911/875 385/912/876 384/910/874
f 559/911/875 561/913/877 386/914/878 385/912/876
f 561/913/877 512/860/832 387/859/831 386/914/878
f 505/863/835 563/915/879 389/916/880 388/864/836
f 563/915/879 565/917/881 390/918/882 389/916/880
f 565/917/881 567/919/883 391/920/884 390/918/882
f 567/919/883 520/846/818 392/845/817 391/920/884
s 32
f 556/736/716 546/735/715 514/921/885 515/922/886
f 496/923/887 501/924/888 550/925/889 552/926/890
f 552/926/890 550/925/889 548/734/714 554/733/713
f 531/927/891 500/928/892 493/929/893 521/930/894
f 493/929/893 500/928/892 501/924/888 496/923/887
f 529/931/895 523/932/896 525/933/897 527/934/898
f 531/927/891 521/930/894 523/932/896 529/931/895
f 399/935/899 569/936/900 424/937/717 397/938/720
f 527/934/898 525/933/897 498/939/901 399/940/899
f 568/732/712 558/731/711 518/941/902 519/942/903
f 506/943/904 511/944/905 562/945/906 564/946/907
f 564/946/907 562/945/906 560/730/710 566/729/709
f 543/947/908 510/948/909 503/949/910 533/950/911
f 503/949/910 510/948/909 511/944/905 506/943/904
f 541/951/912 535/952/913 537/953/914 539/954/915
f 543/947/908 533/950/911 535/952/913 541/951/912
f 572/955/916 508/956/917 456/957/736 414/958/735
f 539/954/915 537/953/914 508/959/917 419/960/918
f 576/961/919 498/962/901 476/963/746 473/964/745
s 17
f 575/965/920 576/966/921 473/967/620 474/968/619
f 573/969/922 574/970/923 416/971/568 415/972/567
s 32
f 419/973/918 573/974/924 415/975/747 417/976/750
f 419/973/918 508/956/917 572/955/916 573/974/924
s 17
f 572/572/566 571/571/565 574/970/923 573/969/922
f 570/598/586 569/597/585 576/966/921 575/965/920
s 32
f 399/935/899 498/962/901 576/961/919 569/936/900
s 50
f 575/977/925 474/978/926 577/979/927 578/980/928
f 474/981/926 470/982/929 579/983/930 577/984/927
f 470/982/929 466/985/931 580/986/932 579/983/930
f 466/985/931 462/987/933 581/988/934 580/986/932
f 462/987/933 458/989/935 582/990/936 581/988/934
f 458/989/935 406/991/937 583/992/938 582/990/936
f 406/993/937 407/994/939 584/995/940 583/996/938
f 407/997/939 490/998/941 585/999/942 584/1000/940
f 490/998/941 486/1001/943 586/1002/944 585/999/942
f 486/1001/943 482/1003/945 587/1004/946 586/1002/944
f 482/1003/945 478/1005/947 588/1006/948 587/1004/946
f 478/1005/947 416/1007/949 589/1008/950 588/1006/948
f 416/1009/949 574/1010/951 590/1011/952 589/1012/950
f 574/1010/951 571/1013/953 591/1014/954 590/1011/952
f 571/1013/953 413/1015/955 592/1016/956 591/1014/954
f 413/1017/955 452/1018/957 593/1019/958 592/1020/956
f 452/1018/957 448/1021/959 594/1022/960 593/1019/958
f 448/1021/959 444/1023/961 595/1024/962 594/1022/960
f 444/1023/961 440/1025/963 596/1026/964 595/1024/962
f 440/1025/963 396/1027/965 597/1028/966 596/1026/964
f 396/1029/965 393/1030/967 598/1031/968 597/1032/966
f 393/1033/967 436/1034/969 599/1035/970 598/1036/968
f 436/1034/969 432/1037/971 600/1038/972 599/1035/970
f 432/1037/971 428/1039/973 601/1040/974 600/1038/972
f 428/1039/973 422/1041/975 602/1042/976 601/1040/974
f 422/1041/975 423/1043/977 603/1044/978 602/1042/976
f 423/1045/977 570/1046/979 604/1047/980 603/1048/978
f 570/1046/979 575/977/925 578/980/928 604/1047/980
s 51
f 605/1049/981 577/1050/982 579/1051/983 607/1052/984
f 577/1053/982 605/1054/981 606/1055/985 578/1056/986
f 578/1056/986 606/1055/985 632/1057/987 604/1058/988
f 607/1052/984 579/1051/983 580/1059/989 608/1060/990
f 608/1060/990 580/1059/989 581/1061/991 609/1062/992
f 609/1062/992 581/1061/991 582/1063/993 610/1064/994
f 610/1064/994 582/1063/993 583/1065/995 611/1066/996
f 611/1067/996 583/1068/995 584/1069/997 612/1070/998
f 612/1071/998 584/1072/997 585/1073/999 613/1074/1000
f 613/1074/1000 585/1073/999 586/1075/1001 614/1076/1002
f 614/1076/1002 586/1075/1001 587/1077/1003 615/1078/1004
f 615/1078/1004 587/1077/1003 588/1079/1005 616/1080/1006
f 616/1080/1006 588/1079/1005 589/1081/1007 617/1082/1008
f 617/1083/1008 589/1084/1007 590/1085/1009 618/1086/1010
f 618/1086/1010 590/1085/1009 591/1087/1011 619/1088/1012
f 619/1088/1012 591/1087/1011 592/1089/1013 620/1090/1014
f 620/1091/1014 592/1092/1013 593/1093/1015 621/1094/1016
f 621/1094/1016 593/1093/1015 594/1095/1017 622/1096/1018
f 622/1096/1018 594/1095/1017 595/1097/1019 623/1098/1020
f 623/1098/1020 595/1097/1019 596/1099/1021 624/1100/1022
f 624/1100/1022 596/1099/1021 597/1101/1023 625/1102/1024
f 625/1103/1024 597/1104/1023 598/1105/1025 626/1106/1026
f 626/1107/1026 598/1108/1025 599/1109/1027 627/1110/1028
f 627/1110/1028 599/1109/1027 600/1111/1029 628/1112/1030
f 628/1112/1030 600/1111/1029 601/1113/1031 629/1114/1032
f 629/1114/1032 601/1113/1031 602/1115/1033 630/1116/1034
f 630/1116/1034 602/1115/1033 603/1117/1035 631/1118/1036
f 631/1119/1036 603/1120/1035 604/1058/988 632/1057/987
s 52
f 606/1121/1037 618/1122/1038 619/1123/1039 632/1124/1040
f 628/1125/1041 623/1126/1042 624/1127/1043 627/1128/1044
f 613/1129/1045 610/1130/1046 611/1131/1047 612/1132/1048
f 627/1128/1044 624/1127/1043 625/1133/1049 626/1134/1050
f 630/1135/1051 621/1136/1052 622/1137/1053 629/1138/1054
f 629/1138/1054 622/1137/1053 623/1126/1042 628/1125/1041
f 632/1124/1040 619/1123/1039 620/1139/1055 631/1140/1056
f 631/1140/1056 620/1139/1055 621/1136/1052 630/1135/1051
f 615/1141/1057 608/1142/1058 609/1143/1059 614/1144/1060
f 614/1144/1060 609/1143/1059 610/1130/1046 613/1129/1045
f 617/1145/1061 605/1146/1062 607/1147/1063 616/1148/1064
f 616/1148/1064 607/1147/1063 608/1142/1058 615/1141/1057
f 606/1121/1037 605/1146/1062 617/1145/1061 618/1122/1038
s 57
f 633/1149/1065 634/1150/1066 656/1151/1067 655/1152/1068
f 634/1153/1066 633/1154/1065 635/1155/1069 636/1156/1070
f 636/1157/1070 635/1158/1069 657/1159/1071 658/1160/1072
f 637/1161/1073 638/1162/1074 664/1163/1075 663/1164/1076
f 638/1165/1074 637/1166/1073 639/1167/1077 640/1168/1078
f 640/1169/1078 639/1170/1077 673/1171/1079 674/1172/1080
f 641/1173/1081 642/1174/1082 644/1175/1083 643/1176/1084
f 642/1177/1082 641/1178/1081 649/1179/1085 650/1180/1086
f 643/1181/1084 644/1182/1083 672/1183/1087 671/1184/1088
f 645/1185/1089 646/1186/1090 648/1187/1091 647/1188/1092
f 646/1189/1090 645/1190/1089 665/1191/1093 666/1192/1094
f 647/1193/1092 648/1194/1091 680/1195/1095 679/1196/1096
f 650/1180/1086 649/1179/1085 651/1197/1097 652/1198/1098
f 652/1198/1098 651/1197/1097 653/1199/1099 654/1200/1100
f 654/1200/1100 653/1199/1099 655/1152/1068 656/1151/1067
f 658/1160/1072 657/1159/1071 659/1201/1101 660/1202/1102
f 660/1202/1102 659/1201/1101 661/1203/1103 662/1204/1104
f 662/1204/1104 661/1203/1103 663/1164/1076 664/1163/1075
f 666/1192/1094 665/1191/1093 667/1205/1105 668/1206/1106
f 668/1206/1106 667/1205/1105 669/1207/1107 670/1208/1108
f 670/1208/1108 669/1207/1107 671/1184/1088 672/1183/1087
f 674/1172/1080 673/1171/1079 675/1209/1109 676/1210/1110
f 676/1210/1110 675/1209/1109 677/1211/1111 678/1212/1112
f 678/1212/1112 677/1211/1111 679/1196/1096 680/1195/1095
s 61
f 643/1213/1113 298/1214/1114 281/1215/1115 641/1216/1116
f 633/1217/1117 282/1218/1118 292/1219/1119 635/1220/1120
f 637/1221/1121 287/1222/1122 303/1223/1123 639/1224/1124
f 297/1225/1125 645/1226/1126 647/1227/1127 304/1228/1128
f 281/1229/1115 286/1230/1129 649/1231/1130 641/1232/1116
f 286/1230/1129 285/1233/1131 651/1234/1132 649/1231/1130
f 285/1233/1131 284/1235/1133 653/1236/1134 651/1234/1132
f 284/1235/1133 283/1237/1135 655/1238/1136 653/1236/1134
f 283/1237/1135 282/1239/1118 633/1240/1117 655/1238/1136
f 292/1241/1119 291/1242/1137 657/1243/1138 635/1244/1120
f 291/1242/1137 290/1245/1139 659/1246/1140 657/1243/1138
f 290/1245/1139 289/1247/1141 661/1248/1142 659/1246/1140
f 289/1247/1141 288/1249/1143 663/1250/1144 661/1248/1142
f 288/1249/1143 287/1251/1122 637/1252/1121 663/1250/1144
f 297/1253/1125 296/1254/1145 665/1255/1146 645/1256/1126
f 296/1254/1145 295/1257/1147 667/1258/1148 665/1255/1146
f 295/1257/1147 294/1259/1149 669/1260/1150 667/1258/1148
f 294/1259/1149 293/1261/1151 671/1262/1152 669/1260/1150
f 293/1261/1151 298/1263/1114 643/1264/1113 671/1262/1152
f 303/1265/1123 302/1266/1153 673/1267/1154 639/1268/1124
f 302/1266/1153 301/1269/1155 675/1270/1156 673/1267/1154
f 301/1269/1155 300/1271/1157 677/1272/1158 675/1270/1156
f 300/1271/1157 299/1273/1159 679/1274/1160 677/1272/1158
f 299/1273/1159 304/1275/1128 647/1276/1127 679/1274/1160
s 65
f 634/1277/1161 636/1278/1162 306/1279/1163 305/1280/1164
f 638/1281/1165 640/1282/1166 308/1283/1167 307/1284/1168
f 644/1285/1169 642/1286/1170 314/1287/1171 313/1288/1172
f 648/1289/1173 646/1290/1174 316/1291/1175 315/1292/1176
f 642/1286/1170 650/1293/1177 321/1294/1178 314/1287/1171
f 650/1293/1177 652/1295/1179 322/1296/1180 321/1294/1178
f 652/1295/1179 654/1297/1181 323/1298/1182 322/1296/1180
f 654/1297/1181 656/1299/1183 324/1300/1184 323/1298/1182
f 656/1299/1183 634/1277/1161 305/1280/1164 324/1300/1184
f 636/1278/1162 658/1301/1185 325/1302/1186 306/1279/1163
f 658/1301/1185 660/1303/1187 326/1304/1188 325/1302/1186
f 660/1303/1187 662/1305/1189 327/1306/1190 326/1304/1188
f 662/1305/1189 664/1307/1191 328/1308/1192 327/1306/1190
f 664/1307/1191 638/1281/1165 307/1284/1168 328/1308/1192
f 646/1290/1174 666/1309/1193 337/1310/1194 316/1291/1175
f 666/1309/1193 668/1311/1195 338/1312/1196 337/1310/1194
f 668/1311/1195 670/1313/1197 339/1314/1198 338/1312/1196
f 670/1313/1197 672/1315/1199 340/1316/1200 339/1314/1198
f 672/1315/1199 644/1285/1169 313/1288/1172 340/1316/1200
f 640/1282/1166 674/1317/1201 341/1318/1202 308/1283/1167
f 674/1317/1201 676/1319/1203 342/1320/1204 341/1318/1202
f 676/1319/1203 678/1321/1205 343/1322/1206 342/1320/1204
f 678/1321/1205 680/1323/1207 344/1324/1208 343/1322/1206
f 680/1323/1207 648/1289/1173 315/1292/1176 344/1324/1208
s off
f 730/1325/1209 729/1326/1210 731/1327/1211 732/1328/1212
f 732/1328/1213 731/1327/1214 793/1329/1215 794/1330/1216
f 734/1331/1217 733/1332/1218 736/1333/1219 735/1334/1220
f 735/1334/1221 736/1333/1222 796/1335/1223 795/1336/1224
f 738/1337/1225 737/1338/1226 739/1339/1227 740/1340/1228
f 740/1340/1229 739/1339/1230 797/1341/1231 798/1342/1232
f 742/1343/1233 741/1344/1234 744/1345/1235 743/1346/1236
f 743/1346/1237 744/1345/1238 800/1347/1239 799/1348/1240
f 746/1349/1241 745/1350/1242 747/1351/1243 748/1352/1244
f 748/1352/1245 747/1351/1246 801/1353/1247 802/1354/1248
f 750/1355/1249 749/1356/1250 752/1357/1251 751/1358/1252
f 751/1358/1253 752/1357/1254 804/1359/1255 803/1360/1256
f 754/1361/1257 753/1362/1258 755/1363/1259 756/1364/1260
f 756/1364/1261 755/1363/1262 805/1365/1263 806/1366/1264
f 758/1367/1265 757/1368/1266 760/1369/1267 759/1370/1268
f 759/1370/1269 760/1369/1270 808/1371/1271 807/1372/1272
f 762/1373/1273 761/1374/1274 763/1375/1275 764/1376/1276
f 764/1376/1277 763/1375/1278 809/1377/1279 810/1378/1280
f 766/1379/1281 765/1380/1282 768/1381/1283 767/1382/1284
f 767/1382/1285 768/1381/1286 812/1383/1287 811/1384/1288
f 770/1385/1289 769/1386/1290 771/1387/1291 772/1388/1292
f 772/1388/1293 771/1387/1294 813/1389/1295 814/1390/1296
f 774/1391/1297 773/1392/1298 776/1393/1299 775/1394/1300
f 775/1394/1301 776/1393/1302 816/1395/1303 815/1396/1304
f 778/1397/1305 777/1398/1306 779/1399/1307 780/1400/1308
f 780/1400/1309 779/1399/1310 817/1401/1311 818/1402/1312
f 782/1403/1313 781/1404/1314 784/1405/1315 783/1406/1316
f 783/1406/1317 784/1405/1318 820/1407/1319 819/1408/1320
f 786/1409/1321 785/1410/1322 787/1411/1323 788/1412/1324
f 788/1412/1325 787/1411/1326 821/1413/1327 822/1414/1328
f 790/1415/1329 789/1416/1330 792/1417/1331 791/1418/1332
f 791/1418/1333 792/1417/1334 824/1419/1335 823/1420/1336
f 794/1330/1337 793/1329/1338 795/1336/1339 796/1335/1340
f 798/1342/1341 797/1341/1342 799/1348/1343 800/1347/1344
f 802/1354/1345 801/1353/1346 803/1360/1347 804/1359/1348
f 806/1366/1349 805/1365/1350 807/1372/1351 808/1371/1352
f 810/1378/1353 809/1377/1354 811/1384/1355 812/1383/1356
f 814/1390/1357 813/1389/1358 815/1396/1359 816/1395/1360
f 818/1402/1361 817/1401/1362 819/1408/1363 820/1407/1364
f 822/1414/1365 821/1413/1366 823/1420/1367 824/1419/1368
f 796/1335/1369 699/1421/1370 698/1422/1371 794/1330/1372
f 800/1347/1373 703/1423/1374 702/1424/1375 798/1342/1376
f 804/1359/1377 707/1425/1378 706/1426/1379 802/1354/1380
f 808/1371/1381 711/1427/1382 710/1428/1383 806/1366/1384
f 812/1383/1385 715/1429/1386 714/1430/1387 810/1378/1388
f 816/1395/1389 719/1431/1390 718/1432/1391 814/1390/1392
f 820/1407/1393 723/1433/1394 722/1434/1395 818/1402/1396
f 824/1419/1397 727/1435/1398 726/1436/1399 822/1414/1400
f 681/1437/1401 730/1325/1402 732/1328/1403 697/1438/1404
s 69
f 731/1439/1405 735/1440/1406 795/1441/1407 793/1442/1408
s off
f 736/1333/1409 733/1332/1410 682/1443/1411 700/1444/1412
f 683/1445/1413 738/1337/1414 740/1340/1415 701/1446/1416
s 70
f 739/1447/1417 743/1448/1418 799/1449/1419 797/1450/1420
s off
f 744/1345/1421 741/1344/1422 684/1451/1423 704/1452/1424
f 685/1453/1425 746/1349/1426 748/1352/1427 705/1454/1428
s 71
f 747/1455/1429 751/1456/1430 803/1457/1431 801/1458/1432
s off
f 752/1357/1433 749/1356/1434 686/1459/1435 708/1460/1436
f 687/1461/1437 754/1361/1438 756/1364/1439 709/1462/1440
s 72
f 755/1463/1441 759/1464/1442 807/1465/1443 805/1466/1444
s off
f 760/1369/1445 757/1368/1446 688/1467/1447 712/1468/1448
f 690/1469/1449 762/1373/1450 764/1376/1451 713/1470/1452
s 73
f 763/1471/1453 761/1472/1454 766/1473/1455 767/1474/1456
s off
f 768/1381/1457 765/1380/1458 689/1475/1459 716/1476/1460
f 692/1477/1461 770/1385/1462 772/1388/1463 717/1478/1464
s 74
f 771/1479/1465 769/1480/1466 774/1481/1467 775/1482/1468
s off
f 776/1393/1469 773/1392/1470 691/1483/1471 720/1484/1472
f 694/1485/1473 778/1397/1474 780/1400/1475 721/1486/1476
s 75
f 779/1487/1477 777/1488/1478 782/1489/1479 783/1490/1480
s off
f 784/1405/1481 781/1404/1482 693/1491/1483 724/1492/1484
f 696/1493/1485 786/1409/1486 788/1412/1487 725/1494/1488
s 76
f 787/1495/1489 791/1496/1490 823/1497/1491 821/1498/1492
s off
f 792/1417/1493 789/1416/1494 695/1499/1495 728/1500/1496
f 698/1422/1497 697/1438/1498 732/1328/1499 794/1330/1500
f 700/1444/1501 699/1421/1502 796/1335/1503 736/1333/1504
f 702/1424/1505 701/1446/1506 740/1340/1507 798/1342/1508
f 704/1452/1509 703/1423/1510 800/1347/1511 744/1345/1512
f 706/1426/1513 705/1454/1514 748/1352/1515 802/1354/1516
f 708/1460/1517 707/1425/1518 804/1359/1519 752/1357/1520
f 710/1428/1521 709/1462/1522 756/1364/1523 806/1366/1524
f 712/1468/1525 711/1427/1526 808/1371/1527 760/1369/1528
f 714/1430/1529 713/1470/1530 764/1376/1531 810/1378/1532
f 716/1476/1533 715/1429/1534 812/1383/1535 768/1381/1536
f 718/1432/1537 717/1478/1538 772/1388/1539 814/1390/1540
f 720/1484/1541 719/1431/1542 816/1395/1543 776/1393/1544
f 722/1434/1545 721/1486/1546 780/1400/1547 818/1402/1548
f 724/1492/1549 723/1433/1550 820/1407/1551 784/1405/1552
f 726/1436/1553 725/1494/1554 788/1412/1555 822/1414/1556
f 728/1500/1557 727/1435/1558 824/1419/1559 792/1417/1560
s 76
f 787/1495/1489 785/1501/1561 790/1502/1562 791/1496/1490
s 73
f 763/1471/1453 767/1474/1456 811/1503/1563 809/1504/1564
s 74
f 771/1479/1465 775/1482/1468 815/1505/1565 813/1506/1566
s 75
f 779/1487/1477 783/1490/1480 819/1507/1567 817/1508/1568
s 72
f 755/1463/1441 753/1509/1569 758/1510/1570 759/1464/1442
s 69
f 731/1439/1405 729/1511/1571 734/1512/1572 735/1440/1406
s 70
f 739/1447/1417 737/1513/1573 742/1514/1574 743/1448/1418
s 71
f 747/1455/1429 745/1515/1575 750/1516/1576 751/1456/1430
