# This file uses centimeters as units for non-parametric coordinates.

g default
v -0.467401 0.304611 -0.160175
v -0.427363 0.304611 -0.200214
v -0.427363 0.107537 -0.200214
v -0.467401 0.107537 -0.160175
v -0.398872 0.304611 -0.200214
v -0.398872 0.107538 -0.200214
v -0.467401 0.107538 -0.135913
v -0.467401 0.304611 -0.135913
v -0.467401 0.107537 0.160175
v -0.427363 0.107537 0.200214
v -0.427363 0.304611 0.200214
v -0.467401 0.304611 0.160175
v -0.398872 0.107538 0.200214
v -0.398872 0.304611 0.200214
v -0.467401 0.304611 0.135913
v -0.467401 0.107538 0.135913
v 0.427363 0.107537 0.200214
v 0.467401 0.107537 0.160175
v 0.467401 0.304611 0.160175
v 0.427363 0.304611 0.200214
v 0.398872 0.304611 0.200214
v 0.398872 0.107538 0.200214
v 0.467401 0.107538 0.135913
v 0.467401 0.304611 0.135913
v 0.427363 0.304611 -0.200214
v 0.467401 0.304611 -0.160175
v 0.467401 0.107537 -0.160175
v 0.427363 0.107537 -0.200214
v 0.398872 0.107538 -0.200214
v 0.398872 0.304611 -0.200214
v 0.467401 0.304611 -0.135913
v 0.467401 0.107538 -0.135913
v 0.429162 0.244596 -0.204557
v 0.429162 0.251501 -0.204557
v 0.471745 0.251501 -0.161974
v 0.471745 0.244596 -0.161974
v 0.401672 0.244596 -0.200214
v 0.401672 0.251501 -0.200214
v 0.467401 0.244596 -0.138714
v 0.467401 0.251501 -0.138714
v 0.401672 0.244596 0.200214
v 0.401672 0.251501 0.200214
v 0.429162 0.244596 0.204557
v 0.429162 0.251501 0.204557
v 0.471745 0.244596 0.161974
v 0.471745 0.251501 0.161974
v 0.467401 0.244596 0.138714
v 0.467401 0.251501 0.138714
v -0.429162 0.244596 0.204557
v -0.429162 0.251501 0.204557
v -0.471745 0.251501 0.161974
v -0.471745 0.244596 0.161974
v -0.401672 0.244596 0.200214
v -0.401672 0.251501 0.200214
v -0.467401 0.244596 0.138714
v -0.467401 0.251501 0.138714
v -0.471745 0.244596 -0.161974
v -0.471745 0.251501 -0.161974
v -0.429162 0.251501 -0.204557
v -0.429162 0.244596 -0.204557
v -0.467401 0.244596 -0.138714
v -0.467401 0.251501 -0.138714
v -0.401672 0.244596 -0.200214
v -0.401672 0.251501 -0.200214
v -0.430510 0.304611 -0.207813
v -0.431142 0.303086 -0.209338
v -0.475001 0.304611 -0.163323
v -0.476526 0.303086 -0.163954
v -0.430510 0.107537 -0.207813
v -0.431142 0.109063 -0.209338
v -0.475001 0.107537 -0.163323
v -0.476526 0.109063 -0.163954
v -0.400397 0.303086 -0.209338
v -0.398872 0.304611 -0.207813
v -0.398872 0.107538 -0.207813
v -0.400397 0.109063 -0.209338
v -0.476526 0.109063 -0.137438
v -0.475001 0.107538 -0.135913
v -0.475001 0.304611 -0.135913
v -0.476526 0.303086 -0.137438
v -0.430510 0.107537 0.207813
v -0.431142 0.109063 0.209338
v -0.475001 0.107537 0.163323
v -0.476526 0.109063 0.163954
v -0.430510 0.304611 0.207813
v -0.431142 0.303086 0.209338
v -0.475001 0.304611 0.163323
v -0.476526 0.303086 0.163954
v -0.400397 0.109063 0.209338
v -0.398872 0.107538 0.207813
v -0.398872 0.304611 0.207813
v -0.400397 0.303086 0.209338
v -0.476526 0.303086 0.137438
v -0.475001 0.304611 0.135913
v -0.475001 0.107538 0.135913
v -0.476526 0.109063 0.137438
v 0.475001 0.107537 0.163323
v 0.476526 0.109063 0.163954
v 0.430510 0.107537 0.207813
v 0.431142 0.109063 0.209338
v 0.475001 0.304611 0.163323
v 0.476526 0.303086 0.163954
v 0.430510 0.304611 0.207813
v 0.431142 0.303086 0.209338
v 0.400397 0.303086 0.209338
v 0.398872 0.304611 0.207813
v 0.398872 0.107538 0.207813
v 0.400397 0.109063 0.209338
v 0.476526 0.109063 0.137438
v 0.475001 0.107538 0.135913
v 0.475001 0.304611 0.135913
v 0.476526 0.303086 0.137438
v 0.475001 0.304611 -0.163323
v 0.476526 0.303086 -0.163954
v 0.430510 0.304611 -0.207813
v 0.431142 0.303086 -0.209338
v 0.475001 0.107537 -0.163323
v 0.476526 0.109063 -0.163954
v 0.430510 0.107537 -0.207813
v 0.431142 0.109063 -0.209338
v 0.400397 0.109063 -0.209338
v 0.398872 0.107538 -0.207813
v 0.398872 0.304611 -0.207813
v 0.400397 0.303085 -0.209338
v 0.476526 0.303086 -0.137438
v 0.475001 0.304611 -0.135913
v 0.475001 0.107538 -0.135913
v 0.476526 0.109063 -0.137438
v 0.431142 0.253026 -0.209338
v 0.430510 0.251501 -0.207813
v 0.476526 0.253026 -0.163954
v 0.475001 0.251501 -0.163323
v 0.431142 0.243071 -0.209338
v 0.430510 0.244596 -0.207813
v 0.476526 0.243071 -0.163954
v 0.475001 0.244596 -0.163323
v 0.401093 0.244596 -0.207758
v 0.400367 0.243101 -0.209338
v 0.398872 0.243133 -0.207875
v 0.400455 0.244596 -0.204420
v 0.400455 0.251501 -0.204420
v 0.398872 0.252995 -0.207844
v 0.400337 0.252966 -0.209338
v 0.401093 0.251501 -0.207758
v 0.400397 0.244596 -0.200214
v 0.398872 0.243071 -0.200214
v 0.398872 0.253026 -0.200214
v 0.400397 0.251501 -0.200214
v 0.467401 0.243071 -0.135913
v 0.467401 0.244596 -0.137438
v 0.471608 0.244596 -0.137496
v 0.475032 0.243102 -0.135913
v 0.476526 0.243131 -0.137378
v 0.474945 0.244596 -0.138134
v 0.467401 0.251501 -0.137438
v 0.467401 0.253026 -0.135913
v 0.474945 0.251501 -0.138134
v 0.476526 0.252996 -0.137408
v 0.475063 0.252964 -0.135913
v 0.471608 0.251501 -0.137496
v 0.398872 0.243071 0.200214
v 0.400397 0.244596 0.200214
v 0.400455 0.244596 0.204420
v 0.398872 0.243102 0.207844
v 0.400337 0.243131 0.209338
v 0.401093 0.244596 0.207758
v 0.400397 0.251501 0.200214
v 0.398872 0.253026 0.200214
v 0.401093 0.251501 0.207758
v 0.400367 0.252996 0.209338
v 0.398872 0.252964 0.207875
v 0.400455 0.251501 0.204420
v 0.431142 0.243071 0.209338
v 0.430510 0.244596 0.207813
v 0.431142 0.253026 0.209338
v 0.430510 0.251501 0.207813
v 0.476526 0.243071 0.163954
v 0.475001 0.244596 0.163323
v 0.476526 0.253026 0.163954
v 0.475001 0.251501 0.163323
v 0.474945 0.244596 0.138134
v 0.476526 0.243101 0.137408
v 0.475063 0.243133 0.135913
v 0.471608 0.244596 0.137496
v 0.471608 0.251501 0.137496
v 0.475032 0.252995 0.135913
v 0.476526 0.252966 0.137378
v 0.474945 0.251501 0.138134
v 0.467401 0.244596 0.137438
v 0.467401 0.243071 0.135913
v 0.467401 0.253026 0.135913
v 0.467401 0.251501 0.137438
v -0.431142 0.253026 0.209338
v -0.430510 0.251501 0.207813
v -0.476526 0.253026 0.163954
v -0.475001 0.251501 0.163323
v -0.431142 0.243071 0.209338
v -0.430510 0.244596 0.207813
v -0.476526 0.243071 0.163954
v -0.475001 0.244596 0.163323
v -0.401093 0.244596 0.207758
v -0.400367 0.243101 0.209338
v -0.398872 0.243133 0.207875
v -0.400455 0.244596 0.204420
v -0.400455 0.251501 0.204420
v -0.398872 0.252995 0.207844
v -0.400337 0.252966 0.209338
v -0.401093 0.251501 0.207758
v -0.400397 0.244596 0.200214
v -0.398872 0.243071 0.200214
v -0.398872 0.253026 0.200214
v -0.400397 0.251501 0.200214
v -0.467401 0.243071 0.135913
v -0.467401 0.244596 0.137438
v -0.471608 0.244596 0.137496
v -0.475032 0.243102 0.135913
v -0.476526 0.243131 0.137378
v -0.474945 0.244596 0.138134
v -0.467401 0.251501 0.137438
v -0.467401 0.253026 0.135913
v -0.474945 0.251501 0.138134
v -0.476526 0.252996 0.137408
v -0.475063 0.252964 0.135913
v -0.471608 0.251501 0.137496
v -0.476526 0.253026 -0.163954
v -0.475001 0.251501 -0.163323
v -0.431142 0.253026 -0.209338
v -0.430510 0.251501 -0.207813
v -0.476526 0.243071 -0.163954
v -0.475001 0.244596 -0.163323
v -0.431142 0.243071 -0.209338
v -0.430510 0.244596 -0.207813
v -0.474945 0.244596 -0.138134
v -0.476526 0.243101 -0.137408
v -0.475063 0.243133 -0.135913
v -0.471608 0.244596 -0.137496
v -0.471608 0.251501 -0.137496
v -0.475032 0.252995 -0.135913
v -0.476526 0.252966 -0.137378
v -0.474945 0.251501 -0.138134
v -0.467401 0.244596 -0.137438
v -0.467401 0.243071 -0.135913
v -0.467401 0.253026 -0.135913
v -0.467401 0.251501 -0.137438
v -0.398872 0.243071 -0.200214
v -0.400397 0.244596 -0.200214
v -0.400455 0.244596 -0.204420
v -0.398872 0.243102 -0.207844
v -0.400337 0.243131 -0.209338
v -0.401093 0.244596 -0.207758
v -0.400397 0.251501 -0.200214
v -0.398872 0.253026 -0.200214
v -0.401093 0.251501 -0.207758
v -0.400367 0.252996 -0.209338
v -0.398872 0.252964 -0.207875
v -0.400455 0.251501 -0.204420
v 0.403223 0.244596 -0.204557
v 0.401672 0.244596 -0.203007
v 0.403223 0.251501 -0.204557
v 0.401672 0.251501 -0.203007
v 0.470194 0.244596 -0.138714
v 0.471745 0.244596 -0.140264
v 0.470194 0.251501 -0.138714
v 0.471745 0.251501 -0.140264
v 0.401672 0.244596 0.203007
v 0.403223 0.244596 0.204557
v 0.401672 0.251501 0.203007
v 0.403223 0.251501 0.204557
v 0.471745 0.244596 0.140264
v 0.470194 0.244596 0.138714
v 0.471745 0.251501 0.140264
v 0.470194 0.251501 0.138714
v -0.403223 0.244596 0.204557
v -0.401672 0.244596 0.203007
v -0.403223 0.251501 0.204557
v -0.401672 0.251501 0.203007
v -0.470194 0.244596 0.138714
v -0.471745 0.244596 0.140264
v -0.470194 0.251501 0.138714
v -0.471745 0.251501 0.140264
v -0.471745 0.244596 -0.140264
v -0.470194 0.244596 -0.138714
v -0.471745 0.251501 -0.140264
v -0.470194 0.251501 -0.138714
v -0.401672 0.244596 -0.203007
v -0.403223 0.244596 -0.204557
v -0.401672 0.251501 -0.203007
v -0.403223 0.251501 -0.204557
v -0.440064 0.377577 0.148851
v -0.467401 0.359395 0.160175
v -0.440064 0.377577 -0.148851
v -0.467401 0.359395 -0.160175
v -0.416039 0.377577 0.172876
v -0.427363 0.359395 0.200214
v 0.416039 0.377577 0.172876
v 0.427363 0.359395 0.200214
v 0.440064 0.377577 0.148851
v 0.467401 0.359395 0.160175
v 0.440064 0.377577 -0.148851
v 0.467401 0.359395 -0.160175
v -0.416039 0.377577 -0.172876
v -0.427363 0.359395 -0.200214
v 0.416039 0.377577 -0.172876
v 0.427363 0.359395 -0.200214
v -0.421701 0.000000 0.186545
v -0.427363 0.013669 0.200214
v 0.421701 0.000000 0.186545
v 0.427363 0.013669 0.200214
v -0.453733 0.000000 0.154513
v -0.467401 0.013669 0.160175
v 0.453733 0.000000 0.154513
v 0.467401 0.013669 0.160175
v -0.453733 0.000000 -0.154513
v -0.467401 0.013669 -0.160175
v -0.421701 0.000000 -0.186545
v -0.427363 0.013669 -0.200214
v 0.421701 0.000000 -0.186545
v 0.427363 0.013669 -0.200214
v 0.453733 0.000000 -0.154513
v 0.467401 0.013669 -0.160175
v -0.396985 0.309625 0.200211
v -0.391611 0.317668 0.200211
v -0.383569 0.323041 0.200211
v -0.374082 0.324928 0.200211
v -0.398872 0.300139 0.200207
v -0.383569 0.040867 0.200210
v -0.391611 0.046241 0.200210
v -0.396985 0.054283 0.200210
v -0.398872 0.063770 0.200211
v -0.374082 0.038980 0.200210
v 0.396985 0.054283 0.200211
v 0.391611 0.046241 0.200211
v 0.383569 0.040867 0.200211
v 0.374082 0.038980 0.200211
v 0.398872 0.063770 0.200207
v 0.383569 0.323041 0.200210
v 0.391611 0.317668 0.200210
v 0.396985 0.309625 0.200210
v 0.398872 0.300139 0.200211
v 0.374082 0.324928 0.200210
v -0.396985 0.054283 -0.200211
v -0.391611 0.046241 -0.200211
v -0.383569 0.040867 -0.200211
v -0.374082 0.038980 -0.200211
v -0.398872 0.063770 -0.200207
v -0.383569 0.323041 -0.200210
v -0.391611 0.317668 -0.200210
v -0.396985 0.309625 -0.200210
v -0.398872 0.300139 -0.200211
v -0.374082 0.324928 -0.200210
v 0.396985 0.309625 -0.200211
v 0.391611 0.317668 -0.200211
v 0.383569 0.323041 -0.200211
v 0.374082 0.324928 -0.200211
v 0.398872 0.300139 -0.200207
v 0.383569 0.040867 -0.200210
v 0.391611 0.046241 -0.200210
v 0.396985 0.054283 -0.200210
v 0.398872 0.063770 -0.200211
v 0.374082 0.038980 -0.200210
v 0.467398 0.309625 0.134026
v 0.467398 0.317668 0.128652
v 0.467398 0.323041 0.120610
v 0.467401 0.324928 0.111124
v 0.467398 0.300139 0.135913
v 0.467398 0.040867 0.120610
v 0.467398 0.046241 0.128652
v 0.467398 0.054283 0.134026
v 0.467401 0.063770 0.135913
v 0.467398 0.038980 0.111124
v 0.467398 0.054283 -0.134026
v 0.467398 0.046241 -0.128652
v 0.467398 0.040867 -0.120610
v 0.467401 0.038980 -0.111124
v 0.467398 0.063770 -0.135913
v 0.467398 0.323041 -0.120610
v 0.467398 0.317668 -0.128652
v 0.467398 0.309625 -0.134026
v 0.467401 0.300139 -0.135913
v 0.467398 0.324928 -0.111124
v -0.467398 0.309625 -0.134026
v -0.467398 0.317668 -0.128652
v -0.467398 0.323041 -0.120610
v -0.467401 0.324928 -0.111124
v -0.467398 0.300139 -0.135913
v -0.467398 0.040867 -0.120610
v -0.467398 0.046241 -0.128652
v -0.467398 0.054283 -0.134026
v -0.467401 0.063770 -0.135913
v -0.467398 0.038980 -0.111124
v -0.467398 0.054283 0.134026
v -0.467398 0.046241 0.128652
v -0.467398 0.040867 0.120610
v -0.467401 0.038980 0.111124
v -0.467398 0.063770 0.135913
v -0.467398 0.323041 0.120610
v -0.467398 0.317668 0.128652
v -0.467398 0.309625 0.134026
v -0.467401 0.300139 0.135913
v -0.467398 0.324928 0.111124
v -0.373089 0.311283 0.186610
v 0.372743 0.311332 0.186610
v -0.385296 0.298666 0.186610
v -0.385232 0.064801 0.186610
v 0.385296 0.065242 0.186610
v 0.385232 0.299108 0.186610
v -0.372743 0.052576 0.186610
v 0.373089 0.052625 0.186610
v -0.373089 0.052625 -0.186610
v 0.372743 0.052576 -0.186610
v -0.385296 0.065242 -0.186610
v -0.385232 0.299108 -0.186610
v 0.385296 0.298666 -0.186610
v 0.385232 0.064801 -0.186610
v -0.372743 0.311332 -0.186610
v 0.373089 0.311283 -0.186610
v 0.453798 0.311316 0.109895
v 0.453798 0.311332 -0.109784
v 0.453798 0.298800 0.122317
v 0.453798 0.065005 0.122302
v 0.453798 0.065109 -0.122317
v 0.453798 0.298904 -0.122302
v 0.453798 0.052576 0.109784
v 0.453798 0.052592 -0.109895
v -0.453798 0.311316 -0.109895
v -0.453798 0.311332 0.109784
v -0.453798 0.298800 -0.122317
v -0.453798 0.065005 -0.122302
v -0.453798 0.065109 0.122317
v -0.453798 0.298904 0.122302
v -0.453798 0.052576 -0.109784
v -0.453798 0.052592 0.109895
v -0.378574 0.310070 0.186610
v -0.382031 0.307597 0.186610
v -0.384280 0.303989 0.186610
v -0.384127 0.059494 0.186610
v -0.381721 0.055971 0.186610
v -0.378143 0.053638 0.186610
v 0.378574 0.053838 0.186610
v 0.382031 0.056311 0.186610
v 0.384280 0.059920 0.186610
v 0.384127 0.304415 0.186610
v 0.381721 0.307938 0.186610
v 0.378143 0.310271 0.186610
v -0.378574 0.053838 -0.186610
v -0.382031 0.056311 -0.186610
v -0.384280 0.059920 -0.186610
v -0.384127 0.304415 -0.186610
v -0.381721 0.307938 -0.186610
v -0.378143 0.310271 -0.186610
v 0.378574 0.310070 -0.186610
v 0.382031 0.307597 -0.186610
v 0.384280 0.303989 -0.186610
v 0.384127 0.059494 -0.186610
v 0.381721 0.055971 -0.186610
v 0.378143 0.053638 -0.186610
v 0.453798 0.310181 0.115405
v 0.453798 0.307771 0.118927
v 0.453798 0.304191 0.121258
v 0.453798 0.059494 0.121168
v 0.453798 0.055971 0.118762
v 0.453798 0.053638 0.115184
v 0.453798 0.053728 -0.115405
v 0.453798 0.056137 -0.118927
v 0.453798 0.059717 -0.121258
v 0.453798 0.304415 -0.121168
v 0.453798 0.307938 -0.118762
v 0.453798 0.310271 -0.115184
v -0.453798 0.310181 -0.115405
v -0.453798 0.307771 -0.118927
v -0.453798 0.304191 -0.121258
v -0.453798 0.059494 -0.121168
v -0.453798 0.055971 -0.118762
v -0.453798 0.053638 -0.115184
v -0.453798 0.053728 0.115405
v -0.453798 0.056137 0.118927
v -0.453798 0.059717 0.121258
v -0.453798 0.304415 0.121168
v -0.453798 0.307938 0.118762
v -0.453798 0.310271 0.115184
v 0.440064 0.377577 0.071577
v 0.440064 0.377577 0.082182
v 0.467401 0.350240 0.071577
v 0.467401 0.359395 0.082182
v 0.467400 0.324928 0.071577
v 0.467400 0.324928 0.082181
v 0.453798 0.311321 0.071577
v 0.453798 0.311321 0.082181
v 0.453798 0.310212 0.071577
v 0.453798 0.310208 0.082181
v 0.453798 0.307829 0.071577
v 0.453798 0.307822 0.082181
v 0.453798 0.304268 0.071577
v 0.453798 0.304260 0.082181
v 0.453798 0.298835 0.071577
v 0.453798 0.298832 0.082181
v 0.453798 0.065041 0.071577
v 0.453798 0.065037 0.082181
v 0.453798 0.059571 0.071577
v 0.453798 0.059562 0.082181
v 0.453798 0.056028 0.071577
v 0.453798 0.056021 0.082181
v 0.453798 0.053669 0.071577
v 0.453798 0.053665 0.082181
v 0.453798 0.052581 0.082181
v 0.453798 0.052582 0.071577
v 0.467399 0.038980 0.082181
v 0.467399 0.038980 0.071577
v 0.467401 0.013669 0.082182
v 0.467401 0.013669 0.071577
v 0.453733 0.000000 0.082182
v 0.453733 0.000000 0.071577
v 0.440064 0.377577 -0.082182
v 0.440064 0.377577 -0.071577
v 0.467401 0.359395 -0.082182
v 0.467401 0.350240 -0.071577
v 0.467399 0.324928 -0.082181
v 0.467399 0.324928 -0.071577
v 0.453798 0.311327 -0.082181
v 0.453798 0.311326 -0.071577
v 0.453798 0.310243 -0.082181
v 0.453798 0.310240 -0.071577
v 0.453798 0.307887 -0.082181
v 0.453798 0.307880 -0.071577
v 0.453798 0.304346 -0.082181
v 0.453798 0.304338 -0.071577
v 0.453798 0.298872 -0.082181
v 0.453798 0.298868 -0.071577
v 0.453798 0.065077 -0.082181
v 0.453798 0.065073 -0.071577
v 0.453798 0.059649 -0.082181
v 0.453798 0.059640 -0.071577
v 0.453798 0.056086 -0.082181
v 0.453798 0.056080 -0.071577
v 0.453798 0.053700 -0.082181
v 0.453798 0.053697 -0.071577
v 0.453798 0.052588 -0.082181
v 0.453798 0.052587 -0.071577
v 0.467400 0.038980 -0.082181
v 0.467400 0.038980 -0.071577
v 0.467401 0.013669 -0.082182
v 0.467401 0.013669 -0.071577
v 0.453733 0.000000 -0.071577
v 0.453733 0.000000 -0.082182
v -0.453733 0.000000 0.071577
v -0.453733 0.000000 0.082182
v -0.467401 0.013669 0.071577
v -0.467401 0.013669 0.082182
v -0.467400 0.038980 0.071577
v -0.467400 0.038980 0.082181
v -0.453798 0.052587 0.071577
v -0.453798 0.052588 0.082181
v -0.453798 0.053700 0.082181
v -0.453798 0.053697 0.071577
v -0.453798 0.056086 0.082181
v -0.453798 0.056080 0.071577
v -0.453798 0.059649 0.082181
v -0.453798 0.059640 0.071577
v -0.453798 0.065077 0.082181
v -0.453798 0.065073 0.071577
v -0.453798 0.298872 0.082181
v -0.453798 0.298868 0.071577
v -0.453798 0.304346 0.082181
v -0.453798 0.304338 0.071577
v -0.453798 0.307887 0.082181
v -0.453798 0.307880 0.071577
v -0.453798 0.310243 0.082181
v -0.453798 0.310240 0.071577
v -0.453798 0.311327 0.082181
v -0.453798 0.311326 0.071577
v -0.467399 0.324928 0.082181
v -0.467399 0.324928 0.071577
v -0.467401 0.359395 0.082182
v -0.467401 0.350240 0.071577
v -0.440064 0.377577 0.082182
v -0.440064 0.377577 0.071577
v -0.453733 0.000000 -0.082182
v -0.453733 0.000000 -0.071577
v -0.467401 0.013669 -0.082182
v -0.467401 0.013669 -0.071577
v -0.467399 0.038980 -0.082181
v -0.467399 0.038980 -0.071577
v -0.453798 0.052581 -0.082181
v -0.453798 0.052582 -0.071577
v -0.453798 0.053665 -0.082181
v -0.453798 0.053669 -0.071577
v -0.453798 0.056021 -0.082181
v -0.453798 0.056028 -0.071577
v -0.453798 0.059562 -0.082181
v -0.453798 0.059571 -0.071577
v -0.453798 0.065037 -0.082181
v -0.453798 0.065041 -0.071577
v -0.453798 0.298832 -0.082181
v -0.453798 0.298835 -0.071577
v -0.453798 0.304260 -0.082181
v -0.453798 0.304268 -0.071577
v -0.453798 0.307822 -0.082181
v -0.453798 0.307829 -0.071577
v -0.453798 0.310208 -0.082181
v -0.453798 0.310212 -0.071577
v -0.453798 0.311321 -0.082181
v -0.453798 0.311321 -0.071577
v -0.467400 0.324928 -0.082181
v -0.467400 0.324928 -0.071577
v -0.467401 0.359395 -0.082182
v -0.467401 0.350240 -0.071577
v -0.440064 0.377577 -0.071577
v -0.440064 0.377577 -0.082182
v -0.094077 0.000000 -0.186545
v -0.103799 0.000000 -0.186545
v -0.094077 0.013669 -0.200214
v -0.103800 0.013669 -0.200214
v -0.094077 0.038980 -0.200211
v -0.103799 0.038980 -0.200211
v -0.094077 0.052609 -0.186610
v -0.103799 0.052609 -0.186610
v -0.094077 0.053770 -0.186610
v -0.103799 0.053772 -0.186610
v -0.094077 0.056195 -0.186610
v -0.103799 0.056199 -0.186610
v -0.094077 0.059774 -0.186610
v -0.103799 0.059779 -0.186610
v -0.094077 0.065091 -0.186610
v -0.103799 0.065097 -0.186610
v -0.094077 0.298957 -0.186610
v -0.103799 0.298962 -0.186610
v -0.094077 0.304269 -0.186610
v -0.103799 0.304275 -0.186610
v -0.094077 0.307821 -0.186610
v -0.103799 0.307826 -0.186610
v -0.094077 0.310202 -0.186610
v -0.103799 0.310205 -0.186610
v -0.103799 0.311316 -0.186610
v -0.094077 0.311315 -0.186610
v -0.103799 0.324928 -0.200210
v -0.094077 0.324928 -0.200210
v -0.103800 0.350240 -0.200214
v -0.094077 0.359395 -0.200214
v -0.103799 0.377577 -0.172876
v -0.094077 0.377577 -0.172876
v 0.103800 0.000000 -0.186545
v 0.094077 0.000000 -0.186545
v 0.103800 0.013669 -0.200214
v 0.094077 0.013669 -0.200214
v 0.103799 0.038980 -0.200210
v 0.094077 0.038980 -0.200210
v 0.103799 0.052592 -0.186610
v 0.094077 0.052593 -0.186610
v 0.103799 0.053704 -0.186610
v 0.094077 0.053706 -0.186610
v 0.103799 0.056083 -0.186610
v 0.094077 0.056087 -0.186610
v 0.103799 0.059634 -0.186610
v 0.094077 0.059639 -0.186610
v 0.103799 0.064946 -0.186610
v 0.094077 0.064951 -0.186610
v 0.103799 0.298811 -0.186610
v 0.094077 0.298817 -0.186610
v 0.103799 0.304129 -0.186610
v 0.094077 0.304134 -0.186610
v 0.103799 0.307709 -0.186610
v 0.094077 0.307714 -0.186610
v 0.103799 0.310136 -0.186610
v 0.094077 0.310139 -0.186610
v 0.094077 0.311300 -0.186610
v 0.103799 0.311299 -0.186610
v 0.094077 0.324928 -0.200211
v 0.103799 0.324928 -0.200211
v 0.094077 0.359395 -0.200214
v 0.103800 0.350240 -0.200214
v 0.094077 0.377577 -0.172876
v 0.103800 0.377577 -0.172876
v -0.094077 0.377577 0.172876
v -0.103799 0.377577 0.172876
v -0.094077 0.359395 0.200214
v -0.103800 0.350240 0.200214
v -0.094077 0.324928 0.200211
v -0.103799 0.324928 0.200211
v -0.094077 0.311300 0.186610
v -0.103799 0.311299 0.186610
v -0.094077 0.310139 0.186610
v -0.103799 0.310136 0.186610
v -0.094077 0.307714 0.186610
v -0.103799 0.307709 0.186610
v -0.094077 0.304134 0.186610
v -0.103799 0.304129 0.186610
v -0.094077 0.298817 0.186610
v -0.103799 0.298811 0.186610
v -0.094077 0.064952 0.186610
v -0.103799 0.064946 0.186610
v -0.094077 0.059639 0.186610
v -0.103799 0.059634 0.186610
v -0.094077 0.056087 0.186610
v -0.103799 0.056083 0.186610
v -0.094077 0.053706 0.186610
v -0.103799 0.053704 0.186610
v -0.103799 0.052592 0.186610
v -0.094077 0.052593 0.186610
v -0.103799 0.038980 0.200210
v -0.094077 0.038980 0.200210
v -0.103800 0.013669 0.200214
v -0.094077 0.013669 0.200214
v -0.103799 0.000000 0.186545
v -0.094077 0.000000 0.186545
v 0.103800 0.377577 0.172876
v 0.094077 0.377577 0.172876
v 0.103800 0.350240 0.200214
v 0.094077 0.359395 0.200214
v 0.103799 0.324928 0.200210
v 0.094077 0.324928 0.200210
v 0.103799 0.311316 0.186610
v 0.094077 0.311315 0.186610
v 0.103799 0.310205 0.186610
v 0.094077 0.310202 0.186610
v 0.103799 0.307826 0.186610
v 0.094077 0.307821 0.186610
v 0.103799 0.304275 0.186610
v 0.094077 0.304269 0.186610
v 0.103799 0.298962 0.186610
v 0.094077 0.298957 0.186610
v 0.103799 0.065097 0.186610
v 0.094077 0.065092 0.186610
v 0.103799 0.059779 0.186610
v 0.094077 0.059774 0.186610
v 0.103799 0.056199 0.186610
v 0.094077 0.056195 0.186610
v 0.103799 0.053772 0.186610
v 0.094077 0.053770 0.186610
v 0.094077 0.052609 0.186610
v 0.103799 0.052609 0.186610
v 0.094077 0.038980 0.200211
v 0.103799 0.038980 0.200211
v 0.094077 0.013669 0.200214
v 0.103800 0.013669 0.200214
v 0.094077 0.000000 0.186545
v 0.103800 0.000000 0.186545
v 0.286857 0.377577 -0.172876
v 0.296579 0.377577 -0.172876
v 0.286857 0.350240 -0.200214
v 0.296579 0.359395 -0.200214
v 0.286857 0.324928 -0.200211
v 0.296579 0.324928 -0.200211
v 0.286857 0.311291 -0.186610
v 0.296579 0.311291 -0.186610
v 0.286857 0.310104 -0.186610
v 0.296579 0.310102 -0.186610
v 0.286857 0.307655 -0.186610
v 0.296579 0.307651 -0.186610
v 0.286857 0.304062 -0.186610
v 0.296579 0.304056 -0.186610
v 0.286857 0.298741 -0.186610
v 0.296579 0.298736 -0.186610
v 0.286857 0.064876 -0.186610
v 0.296579 0.064870 -0.186610
v 0.286857 0.059566 -0.186610
v 0.296579 0.059561 -0.186610
v 0.286857 0.056029 -0.186610
v 0.296579 0.056024 -0.186610
v 0.286857 0.053672 -0.186610
v 0.296579 0.053669 -0.186610
v 0.286857 0.052585 -0.186610
v 0.296579 0.052584 -0.186610
v 0.286857 0.038980 -0.200210
v 0.296579 0.038980 -0.200210
v 0.286857 0.013669 -0.200214
v 0.296579 0.013669 -0.200214
v 0.296579 0.000000 -0.186545
v 0.286857 0.000000 -0.186545
v -0.296579 0.377577 -0.172876
v -0.286857 0.377577 -0.172876
v -0.296579 0.359395 -0.200214
v -0.286857 0.350240 -0.200214
v -0.296579 0.324928 -0.200210
v -0.286857 0.324928 -0.200210
v -0.296579 0.311324 -0.186610
v -0.286857 0.311324 -0.186610
v -0.296579 0.310239 -0.186610
v -0.286857 0.310236 -0.186610
v -0.296579 0.307884 -0.186610
v -0.286857 0.307880 -0.186610
v -0.296579 0.304348 -0.186610
v -0.286857 0.304342 -0.186610
v -0.296579 0.299038 -0.186610
v -0.286857 0.299032 -0.186610
v -0.296579 0.065173 -0.186610
v -0.286857 0.065167 -0.186610
v -0.296579 0.059852 -0.186610
v -0.286857 0.059847 -0.186610
v -0.296579 0.056257 -0.186610
v -0.286857 0.056253 -0.186610
v -0.296579 0.053807 -0.186610
v -0.286857 0.053804 -0.186610
v -0.296579 0.052618 -0.186610
v -0.286857 0.052617 -0.186610
v -0.296579 0.038980 -0.200211
v -0.286857 0.038980 -0.200211
v -0.296579 0.013669 -0.200214
v -0.286857 0.013669 -0.200214
v -0.286857 0.000000 -0.186545
v -0.296579 0.000000 -0.186545
v -0.286857 0.377577 0.172876
v -0.296579 0.377577 0.172876
v -0.286857 0.350240 0.200214
v -0.296579 0.359395 0.200214
v -0.286857 0.324928 0.200211
v -0.296579 0.324928 0.200211
v -0.286857 0.311291 0.186610
v -0.296579 0.311291 0.186610
v -0.286857 0.310104 0.186610
v -0.296579 0.310102 0.186610
v -0.286857 0.307655 0.186610
v -0.296579 0.307651 0.186610
v -0.286857 0.304062 0.186610
v -0.296579 0.304056 0.186610
v -0.286857 0.298741 0.186610
v -0.296579 0.298736 0.186610
v -0.286857 0.064876 0.186610
v -0.296579 0.064870 0.186610
v -0.286857 0.059566 0.186610
v -0.296579 0.059561 0.186610
v -0.286857 0.056029 0.186610
v -0.296579 0.056024 0.186610
v -0.286857 0.053672 0.186610
v -0.296579 0.053669 0.186610
v -0.286857 0.052585 0.186610
v -0.296579 0.052584 0.186610
v -0.286857 0.038980 0.200210
v -0.296579 0.038980 0.200210
v -0.286857 0.013669 0.200214
v -0.296579 0.013669 0.200214
v -0.296579 0.000000 0.186545
v -0.286857 0.000000 0.186545
v 0.296579 0.377577 0.172876
v 0.286857 0.377577 0.172876
v 0.296579 0.359395 0.200214
v 0.286857 0.350240 0.200214
v 0.296579 0.324928 0.200210
v 0.286857 0.324928 0.200210
v 0.296579 0.311324 0.186610
v 0.286857 0.311324 0.186610
v 0.296579 0.310239 0.186610
v 0.286857 0.310236 0.186610
v 0.296579 0.307884 0.186610
v 0.286857 0.307880 0.186610
v 0.296579 0.304348 0.186610
v 0.286857 0.304342 0.186610
v 0.296579 0.299038 0.186610
v 0.286857 0.299032 0.186610
v 0.296579 0.065173 0.186610
v 0.286857 0.065167 0.186610
v 0.296579 0.059852 0.186610
v 0.286857 0.059847 0.186610
v 0.296579 0.056257 0.186610
v 0.286857 0.056253 0.186610
v 0.296579 0.053807 0.186610
v 0.286857 0.053804 0.186610
v 0.296579 0.052618 0.186610
v 0.286857 0.052617 0.186610
v 0.296579 0.038980 0.200211
v 0.286857 0.038980 0.200211
v 0.296579 0.013669 0.200214
v 0.286857 0.013669 0.200214
v 0.286857 0.000000 0.186545
v 0.296579 0.000000 0.186545
v 0.467401 0.377577 0.082182
v 0.467401 0.377577 0.071577
v 0.467401 0.377577 -0.071577
v 0.467401 0.377577 -0.082182
v -0.467401 0.377577 0.082182
v -0.467401 0.377577 0.071577
v -0.467401 0.377577 -0.071577
v -0.467401 0.377577 -0.082182
v -0.103800 0.377577 -0.200214
v -0.094077 0.377577 -0.200214
v 0.094077 0.377577 -0.200214
v 0.103800 0.377577 -0.200214
v -0.103800 0.377577 0.200214
v -0.094077 0.377577 0.200214
v 0.094077 0.377577 0.200214
v 0.103800 0.377577 0.200214
v 0.296579 0.377577 -0.200214
v 0.286857 0.377577 -0.200214
v -0.286857 0.377577 -0.200214
v -0.296579 0.377577 -0.200214
v -0.296579 0.377577 0.200214
v -0.286857 0.377577 0.200214
v 0.286857 0.377577 0.200214
v 0.296579 0.377577 0.200214
v -0.440064 0.350240 -0.071577
v -0.440064 0.350240 0.071577
v -0.286857 0.350240 0.172876
v -0.103799 0.350240 0.172876
v 0.103800 0.350240 0.172876
v 0.286857 0.350240 0.172876
v 0.440064 0.350240 0.071577
v 0.440064 0.350240 -0.071577
v 0.286857 0.350240 -0.172876
v 0.103800 0.350240 -0.172876
v -0.103799 0.350240 -0.172876
v -0.286857 0.350240 -0.172876
v 0.416039 0.377577 -0.071577
v -0.416039 0.377577 -0.071577
v -0.416039 0.377577 -0.082182
v 0.416039 0.377577 -0.082182
v 0.296579 0.377577 -0.082182
v 0.416039 0.377577 0.071577
v -0.416039 0.377577 0.071577
v -0.416039 0.377577 0.082181
v 0.296579 0.377577 0.082181
v 0.416039 0.377577 0.082181
v 0.286857 0.377577 0.082181
v 0.286857 0.377577 -0.082182
v 0.103800 0.377577 -0.082182
v 0.103800 0.377577 0.082181
v 0.094078 0.377577 0.082181
v 0.094078 0.377577 -0.082182
v -0.094077 0.377577 -0.082182
v -0.094077 0.377577 0.082181
v -0.103799 0.377577 0.082181
v -0.103799 0.377577 -0.082182
v -0.286857 0.377577 -0.082182
v -0.286857 0.377577 0.082181
v -0.296579 0.377577 0.082181
v -0.296579 0.377577 -0.082182
v 0.308111 0.377577 -0.115045
v 0.309836 0.372369 -0.119960
v 0.392241 0.377577 -0.114896
v 0.387177 0.372513 -0.119960
v 0.392241 0.377577 -0.140162
v 0.387177 0.372513 -0.135098
v 0.308111 0.377577 -0.140013
v 0.309836 0.372369 -0.135098
v 0.122126 0.377577 -0.115245
v 0.124739 0.372187 -0.119960
v 0.268531 0.377577 -0.115245
v 0.265918 0.372187 -0.119960
v 0.122126 0.377577 -0.139813
v 0.124739 0.372187 -0.135098
v 0.268531 0.377577 -0.139813
v 0.265918 0.372187 -0.135098
v -0.075202 0.377577 -0.115264
v -0.072522 0.372170 -0.119960
v 0.075202 0.377577 -0.115264
v 0.072523 0.372170 -0.119960
v -0.075202 0.377577 -0.139794
v -0.072522 0.372170 -0.135098
v 0.075202 0.377577 -0.139794
v 0.072522 0.372170 -0.135098
v -0.268531 0.377577 -0.115245
v -0.265918 0.372187 -0.119960
v -0.122125 0.377577 -0.115245
v -0.124739 0.372187 -0.119960
v -0.268531 0.377577 -0.139813
v -0.265918 0.372187 -0.135098
v -0.122126 0.377577 -0.139813
v -0.124739 0.372187 -0.135098
v -0.392241 0.377577 -0.140162
v -0.387177 0.372513 -0.135098
v -0.392241 0.377577 -0.114896
v -0.387177 0.372513 -0.119960
v -0.308111 0.377577 -0.115045
v -0.309836 0.372369 -0.119960
v -0.308111 0.377577 -0.140013
v -0.309836 0.372369 -0.135098
v 0.268531 0.377577 0.115245
v 0.265918 0.372187 0.119960
v 0.122126 0.377577 0.115245
v 0.124739 0.372187 0.119960
v 0.268531 0.377577 0.139813
v 0.265918 0.372187 0.135098
v 0.122126 0.377577 0.139813
v 0.124739 0.372187 0.135098
v 0.308111 0.377577 0.115045
v 0.309836 0.372369 0.119960
v 0.392241 0.377577 0.114896
v 0.387177 0.372513 0.119960
v 0.308111 0.377577 0.140013
v 0.309836 0.372369 0.135098
v 0.392241 0.377577 0.140162
v 0.387177 0.372513 0.135098
v 0.075202 0.377577 0.115264
v 0.072523 0.372170 0.119960
v -0.075202 0.377577 0.115264
v -0.072522 0.372170 0.119960
v 0.075202 0.377577 0.139794
v 0.072522 0.372170 0.135098
v -0.075202 0.377577 0.139794
v -0.072522 0.372170 0.135098
v -0.122126 0.377577 0.115245
v -0.124739 0.372187 0.119960
v -0.268531 0.377577 0.115245
v -0.265918 0.372187 0.119960
v -0.122126 0.377577 0.139813
v -0.124739 0.372187 0.135098
v -0.268531 0.377577 0.139813
v -0.265918 0.372187 0.135098
v -0.308111 0.377577 0.115045
v -0.309836 0.372369 0.119960
v -0.392241 0.377577 0.114896
v -0.387177 0.372513 0.119960
v -0.392241 0.377577 0.140162
v -0.387177 0.372513 0.135098
v -0.308111 0.377577 0.140013
v -0.309836 0.372369 0.135098
v 0.299417 0.377577 -0.074415
v 0.296579 0.374739 -0.071577
v 0.286857 0.377577 -0.074415
v 0.286857 0.374739 -0.071577
v 0.299417 0.377577 0.074415
v 0.296579 0.374739 0.071577
v 0.286857 0.377577 0.074415
v 0.286857 0.374739 0.071577
v 0.103800 0.377577 0.074415
v 0.103800 0.374739 0.071577
v 0.103800 0.377577 -0.074415
v 0.103800 0.374739 -0.071577
v 0.094078 0.377577 -0.074415
v 0.094077 0.374739 -0.071577
v 0.094078 0.377577 0.074415
v 0.094077 0.374739 0.071577
v -0.094078 0.377577 0.074415
v -0.094078 0.374739 0.071577
v -0.094078 0.377577 -0.074415
v -0.094078 0.374739 -0.071577
v -0.103799 0.377577 -0.074415
v -0.103799 0.374739 -0.071577
v -0.103799 0.377577 0.074415
v -0.103799 0.374739 0.071577
v -0.286857 0.377577 0.074415
v -0.286857 0.374739 0.071577
v -0.286857 0.377577 -0.074415
v -0.286857 0.374739 -0.071577
v -0.299417 0.377577 -0.074415
v -0.296579 0.374739 -0.071577
v -0.299417 0.377577 0.074415
v -0.296579 0.374739 0.071577
v 0.421701 0.000000 0.082182
v 0.421701 0.000000 0.071577
v 0.421701 0.000000 -0.071577
v 0.421701 0.000000 -0.082182
v -0.421701 0.000000 0.082182
v -0.421701 0.000000 0.071577
v -0.421701 0.000000 -0.071577
v -0.421701 0.000000 -0.082182
v -0.296579 0.000000 -0.082182
v -0.296580 0.000000 -0.071577
v -0.296579 0.000000 0.071577
v -0.296580 0.000000 0.082182
v -0.286857 0.000000 0.082182
v -0.286858 0.000000 0.071577
v -0.286857 0.000000 -0.071577
v -0.286858 0.000000 -0.082182
v -0.103799 0.000000 -0.082182
v -0.103800 0.000000 -0.071577
v -0.103799 0.000000 0.071577
v -0.103800 0.000000 0.082182
v -0.094077 0.000000 0.082182
v -0.094078 0.000000 0.071577
v -0.094077 0.000000 -0.071577
v -0.094078 0.000000 -0.082182
v 0.094077 0.000000 -0.082182
v 0.094077 0.000000 -0.071577
v 0.094077 0.000000 0.071577
v 0.094077 0.000000 0.082182
v 0.103800 0.000000 0.082182
v 0.103800 0.000000 0.071577
v 0.103800 0.000000 -0.071577
v 0.103800 0.000000 -0.082182
v 0.286857 0.000000 -0.082182
v 0.286857 0.000000 -0.071577
v 0.286857 0.000000 0.071577
v 0.286857 0.000000 0.082182
v 0.296579 0.000000 0.082182
v 0.296579 0.000000 0.071577
v 0.296579 0.000000 -0.071577
v 0.296579 0.000000 -0.082182
v 0.452647 0.265490 0.111791
v 0.452647 0.296880 0.078257
v 0.452647 0.067028 0.078257
v 0.452647 0.098418 0.111791
v 0.452647 0.098418 -0.111791
v 0.452647 0.067028 -0.078257
v 0.452647 0.296880 -0.078257
v 0.452647 0.265490 -0.111791
v -0.367223 0.262134 0.185452
v -0.337094 0.292263 0.185452
v -0.337094 0.071645 0.185452
v -0.367223 0.101774 0.185452
v 0.367223 0.101774 0.185452
v 0.337094 0.071645 0.185452
v 0.337094 0.292263 0.185452
v 0.367223 0.262134 0.185452
v -0.452647 0.265490 -0.111791
v -0.452647 0.296880 -0.078257
v -0.452647 0.067028 -0.078257
v -0.452647 0.098418 -0.111791
v -0.452647 0.098418 0.111791
v -0.452647 0.067028 0.078257
v -0.452647 0.296880 0.078257
v -0.452647 0.265490 0.111791
v -0.367223 0.101774 -0.185452
v -0.337094 0.071645 -0.185452
v -0.337094 0.292263 -0.185452
v -0.367223 0.262134 -0.185452
v 0.367223 0.262134 -0.185452
v 0.337094 0.292263 -0.185452
v 0.337094 0.071645 -0.185452
v 0.367223 0.101774 -0.185452
v 0.470144 0.257627 0.091510
v 0.470144 0.106281 0.091510
v 0.470144 0.277896 0.069856
v 0.470144 0.277896 -0.069856
v 0.470144 0.086012 0.069856
v 0.470144 0.106281 -0.091510
v 0.470144 0.257627 -0.091510
v 0.470144 0.086012 -0.069856
v -0.349002 0.254587 0.202965
v -0.349002 0.109322 0.202965
v -0.329547 0.274042 0.202965
v 0.329547 0.274042 0.202965
v -0.329547 0.089867 0.202965
v 0.349002 0.109322 0.202965
v 0.349002 0.254587 0.202965
v 0.329547 0.089867 0.202965
v -0.470144 0.257627 -0.091510
v -0.470144 0.106281 -0.091510
v -0.470144 0.277896 -0.069856
v -0.470144 0.277896 0.069856
v -0.470144 0.086012 -0.069856
v -0.470144 0.106281 0.091510
v -0.470144 0.257627 0.091510
v -0.470144 0.086012 0.069856
v -0.349002 0.109322 -0.202965
v -0.349002 0.254587 -0.202965
v -0.329547 0.089867 -0.202965
v 0.329547 0.089867 -0.202965
v -0.329547 0.274042 -0.202965
v 0.349002 0.254587 -0.202965
v 0.349002 0.109322 -0.202965
v 0.329547 0.274042 -0.202965
v 0.465894 0.224811 -0.060445
v 0.470144 0.225230 -0.064694
v 0.470144 0.138678 -0.064694
v 0.465894 0.139097 -0.060445
v 0.470144 0.244219 -0.045705
v 0.465894 0.239970 -0.045287
v 0.465894 0.239970 0.045287
v 0.470144 0.244219 0.045705
v 0.470144 0.225230 0.064694
v 0.465894 0.224811 0.060445
v 0.465894 0.139097 0.060445
v 0.470144 0.138678 0.064694
v 0.470144 0.119689 0.045705
v 0.465894 0.123938 0.045287
v 0.465894 0.123938 -0.045287
v 0.470144 0.119689 -0.045705
v -0.465894 0.224811 0.060445
v -0.470144 0.225230 0.064694
v -0.470144 0.138678 0.064694
v -0.465894 0.139097 0.060445
v -0.470144 0.244219 0.045705
v -0.465894 0.239970 0.045287
v -0.465894 0.239970 -0.045287
v -0.470144 0.244219 -0.045705
v -0.470144 0.225230 -0.064694
v -0.465894 0.224811 -0.060445
v -0.465894 0.139097 -0.060445
v -0.470144 0.138678 -0.064694
v -0.470144 0.119689 -0.045705
v -0.465894 0.123938 -0.045287
v -0.465894 0.123938 0.045287
v -0.470144 0.119689 0.045705
v 0.465894 0.230612 -0.059291
v 0.470144 0.232270 -0.063294
v 0.465894 0.235530 -0.056005
v 0.470144 0.238594 -0.059069
v 0.465894 0.238816 -0.051088
v 0.470144 0.242819 -0.052746
v 0.465894 0.238816 0.051088
v 0.470144 0.242819 0.052746
v 0.465894 0.235530 0.056005
v 0.470144 0.238594 0.059069
v 0.465894 0.230612 0.059291
v 0.470144 0.232270 0.063294
v 0.465894 0.133296 0.059291
v 0.470144 0.131638 0.063294
v 0.465894 0.128378 0.056005
v 0.470144 0.125315 0.059069
v 0.465894 0.125092 0.051088
v 0.470144 0.121090 0.052746
v 0.465894 0.125092 -0.051088
v 0.470144 0.121090 -0.052746
v 0.465894 0.128378 -0.056005
v 0.470144 0.125315 -0.059069
v 0.465894 0.133296 -0.059291
v 0.470144 0.131638 -0.063294
v -0.465894 0.230612 0.059291
v -0.470144 0.232270 0.063294
v -0.465894 0.235530 0.056005
v -0.470144 0.238594 0.059069
v -0.465894 0.238816 0.051088
v -0.470144 0.242819 0.052746
v -0.465894 0.238816 -0.051088
v -0.470144 0.242819 -0.052746
v -0.465894 0.235530 -0.056005
v -0.470144 0.238594 -0.059069
v -0.465894 0.230612 -0.059291
v -0.470144 0.232270 -0.063294
v -0.465894 0.133296 -0.059291
v -0.470144 0.131638 -0.063294
v -0.465894 0.128378 -0.056005
v -0.470144 0.125315 -0.059069
v -0.465894 0.125092 -0.051088
v -0.470144 0.121090 -0.052746
v -0.465894 0.125092 0.051088
v -0.470144 0.121090 0.052746
v -0.465894 0.128378 0.056005
v -0.470144 0.125315 0.059069
v -0.465894 0.133296 0.059291
v -0.470144 0.131638 0.063294
v 0.293067 0.370120 -0.188540
v 0.293067 0.369126 -0.190491
v 0.293067 0.367577 -0.192039
v 0.293067 0.365626 -0.193033
v 0.293067 0.363464 -0.193376
v 0.293067 0.361301 -0.193033
v 0.293067 0.359350 -0.192039
v 0.293067 0.357802 -0.190491
v 0.293067 0.356808 -0.188540
v 0.293067 0.356466 -0.186378
v 0.293067 0.356808 -0.184215
v 0.293067 0.357802 -0.182264
v 0.293067 0.359350 -0.180716
v 0.293067 0.361301 -0.179722
v 0.293067 0.363464 -0.179379
v 0.293067 0.365626 -0.179722
v 0.293067 0.367577 -0.180716
v 0.293067 0.369126 -0.182264
v 0.293067 0.370120 -0.184215
v 0.293067 0.370462 -0.186378
v 0.096325 0.370120 -0.188540
v 0.096325 0.369126 -0.190491
v 0.096325 0.367577 -0.192039
v 0.096325 0.365626 -0.193033
v 0.096325 0.363464 -0.193376
v 0.096325 0.361301 -0.193033
v 0.096325 0.359350 -0.192039
v 0.096325 0.357802 -0.190491
v 0.096325 0.356808 -0.188540
v 0.096325 0.356466 -0.186378
v 0.096325 0.356808 -0.184215
v 0.096325 0.357802 -0.182264
v 0.096325 0.359350 -0.180716
v 0.096325 0.361301 -0.179722
v 0.096325 0.363464 -0.179379
v 0.096325 0.365626 -0.179722
v 0.096325 0.367577 -0.180716
v 0.096325 0.369126 -0.182264
v 0.096325 0.370120 -0.184215
v 0.096325 0.370462 -0.186378
v -0.094931 0.370120 -0.188540
v -0.094931 0.369126 -0.190491
v -0.094931 0.367577 -0.192039
v -0.094931 0.365626 -0.193033
v -0.094931 0.363464 -0.193376
v -0.094931 0.361301 -0.193033
v -0.094931 0.359350 -0.192039
v -0.094931 0.357802 -0.190491
v -0.094931 0.356808 -0.188540
v -0.094931 0.356466 -0.186378
v -0.094931 0.356808 -0.184215
v -0.094931 0.357802 -0.182264
v -0.094931 0.359350 -0.180716
v -0.094931 0.361301 -0.179722
v -0.094931 0.363464 -0.179379
v -0.094931 0.365626 -0.179722
v -0.094931 0.367577 -0.180716
v -0.094931 0.369126 -0.182264
v -0.094931 0.370120 -0.184215
v -0.094931 0.370462 -0.186378
v -0.291673 0.370120 -0.188540
v -0.291673 0.369126 -0.190491
v -0.291673 0.367577 -0.192039
v -0.291673 0.365626 -0.193033
v -0.291673 0.363464 -0.193376
v -0.291673 0.361301 -0.193033
v -0.291673 0.359350 -0.192039
v -0.291673 0.357802 -0.190491
v -0.291673 0.356808 -0.188540
v -0.291673 0.356466 -0.186378
v -0.291673 0.356808 -0.184215
v -0.291673 0.357802 -0.182264
v -0.291673 0.359350 -0.180716
v -0.291673 0.361301 -0.179722
v -0.291673 0.363464 -0.179379
v -0.291673 0.365626 -0.179722
v -0.291673 0.367577 -0.180716
v -0.291673 0.369126 -0.182264
v -0.291673 0.370120 -0.184215
v -0.291673 0.370462 -0.186378
v -0.451706 0.370120 0.075590
v -0.449755 0.369126 0.075590
v -0.448207 0.367577 0.075590
v -0.447213 0.365626 0.075590
v -0.446871 0.363464 0.075590
v -0.447213 0.361301 0.075590
v -0.448207 0.359350 0.075590
v -0.449755 0.357802 0.075590
v -0.451706 0.356808 0.075590
v -0.453869 0.356466 0.075590
v -0.456032 0.356808 0.075590
v -0.457983 0.357802 0.075590
v -0.459531 0.359350 0.075590
v -0.460525 0.361301 0.075590
v -0.460867 0.363464 0.075590
v -0.460525 0.365626 0.075590
v -0.459531 0.367577 0.075590
v -0.457983 0.369126 0.075590
v -0.456032 0.370120 0.075590
v -0.453869 0.370462 0.075590
v -0.451706 0.370120 -0.075521
v -0.449755 0.369126 -0.075521
v -0.448207 0.367577 -0.075521
v -0.447213 0.365626 -0.075521
v -0.446871 0.363464 -0.075521
v -0.447213 0.361301 -0.075521
v -0.448207 0.359350 -0.075521
v -0.449755 0.357802 -0.075521
v -0.451706 0.356808 -0.075521
v -0.453869 0.356466 -0.075521
v -0.456032 0.356808 -0.075521
v -0.457983 0.357802 -0.075521
v -0.459531 0.359350 -0.075521
v -0.460525 0.361301 -0.075521
v -0.460867 0.363464 -0.075521
v -0.460525 0.365626 -0.075521
v -0.459531 0.367577 -0.075521
v -0.457983 0.369126 -0.075521
v -0.456032 0.370120 -0.075521
v -0.453869 0.370462 -0.075521
v -0.094931 0.370120 0.183834
v -0.094931 0.369126 0.181883
v -0.094931 0.367577 0.180335
v -0.094931 0.365626 0.179341
v -0.094931 0.363464 0.178998
v -0.094931 0.361301 0.179341
v -0.094931 0.359350 0.180335
v -0.094931 0.357802 0.181883
v -0.094931 0.356808 0.183834
v -0.094931 0.356466 0.185996
v -0.094931 0.356808 0.188159
v -0.094931 0.357802 0.190110
v -0.094931 0.359350 0.191658
v -0.094931 0.361301 0.192652
v -0.094931 0.363464 0.192995
v -0.094931 0.365626 0.192652
v -0.094931 0.367577 0.191658
v -0.094931 0.369126 0.190110
v -0.094931 0.370120 0.188159
v -0.094931 0.370462 0.185996
v -0.291673 0.370120 0.183834
v -0.291673 0.369126 0.181883
v -0.291673 0.367577 0.180335
v -0.291673 0.365626 0.179341
v -0.291673 0.363464 0.178998
v -0.291673 0.361301 0.179341
v -0.291673 0.359350 0.180335
v -0.291673 0.357802 0.181883
v -0.291673 0.356808 0.183834
v -0.291673 0.356466 0.185996
v -0.291673 0.356808 0.188159
v -0.291673 0.357802 0.190110
v -0.291673 0.359350 0.191658
v -0.291673 0.361301 0.192652
v -0.291673 0.363464 0.192995
v -0.291673 0.365626 0.192652
v -0.291673 0.367577 0.191658
v -0.291673 0.369126 0.190110
v -0.291673 0.370120 0.188159
v -0.291673 0.370462 0.185996
v 0.293067 0.370120 0.183834
v 0.293067 0.369126 0.181883
v 0.293067 0.367577 0.180335
v 0.293067 0.365626 0.179341
v 0.293067 0.363464 0.178998
v 0.293067 0.361301 0.179341
v 0.293067 0.359350 0.180335
v 0.293067 0.357802 0.181883
v 0.293067 0.356808 0.183834
v 0.293067 0.356466 0.185996
v 0.293067 0.356808 0.188159
v 0.293067 0.357802 0.190110
v 0.293067 0.359350 0.191658
v 0.293067 0.361301 0.192652
v 0.293067 0.363464 0.192995
v 0.293067 0.365626 0.192652
v 0.293067 0.367577 0.191658
v 0.293067 0.369126 0.190110
v 0.293067 0.370120 0.188159
v 0.293067 0.370462 0.185996
v 0.096325 0.370120 0.183834
v 0.096325 0.369126 0.181883
v 0.096325 0.367577 0.180335
v 0.096325 0.365626 0.179341
v 0.096325 0.363464 0.178998
v 0.096325 0.361301 0.179341
v 0.096325 0.359350 0.180335
v 0.096325 0.357802 0.181883
v 0.096325 0.356808 0.183834
v 0.096325 0.356466 0.185996
v 0.096325 0.356808 0.188159
v 0.096325 0.357802 0.190110
v 0.096325 0.359350 0.191658
v 0.096325 0.361301 0.192652
v 0.096325 0.363464 0.192995
v 0.096325 0.365626 0.192652
v 0.096325 0.367577 0.191658
v 0.096325 0.369126 0.190110
v 0.096325 0.370120 0.188159
v 0.096325 0.370462 0.185996
v 0.455798 0.370120 0.075590
v 0.457749 0.369126 0.075590
v 0.459297 0.367577 0.075590
v 0.460291 0.365626 0.075590
v 0.460634 0.363464 0.075590
v 0.460291 0.361301 0.075590
v 0.459297 0.359350 0.075590
v 0.457749 0.357802 0.075590
v 0.455798 0.356808 0.075590
v 0.453635 0.356466 0.075590
v 0.451473 0.356808 0.075590
v 0.449522 0.357802 0.075590
v 0.447974 0.359350 0.075590
v 0.446979 0.361301 0.075590
v 0.446637 0.363464 0.075590
v 0.446979 0.365626 0.075590
v 0.447974 0.367577 0.075590
v 0.449522 0.369126 0.075590
v 0.451473 0.370120 0.075590
v 0.453635 0.370462 0.075590
v 0.455798 0.370120 -0.075521
v 0.457749 0.369126 -0.075521
v 0.459297 0.367577 -0.075521
v 0.460291 0.365626 -0.075521
v 0.460634 0.363464 -0.075521
v 0.460291 0.361301 -0.075521
v 0.459297 0.359350 -0.075521
v 0.457749 0.357802 -0.075521
v 0.455798 0.356808 -0.075521
v 0.453635 0.356466 -0.075521
v 0.451473 0.356808 -0.075521
v 0.449522 0.357802 -0.075521
v 0.447974 0.359350 -0.075521
v 0.446979 0.361301 -0.075521
v 0.446637 0.363464 -0.075521
v 0.446979 0.365626 -0.075521
v 0.447974 0.367577 -0.075521
v 0.449522 0.369126 -0.075521
v 0.451473 0.370120 -0.075521
v 0.453635 0.370462 -0.075521
vt 0.436506 0.606906
vt 0.742201 0.045873
vt 0.730609 0.046680
vt 0.350140 0.631521
vt 0.903339 0.468761
vt 0.464661 0.473891
vt 0.360300 0.606920
vt 0.593444 0.470557
vt 0.865713 0.240737
vt 0.781412 0.285787
vt 0.843806 0.253431
vt 0.436505 0.631507
vt 0.093526 0.117294
vt 0.640597 0.461075
vt 0.538993 0.046139
vt 0.275446 0.130897
vt 0.711117 0.501357
vt 0.517786 0.474856
vt 0.566870 0.070990
vt 0.065862 0.131018
vt 0.632102 0.115247
vt 0.632246 0.116308
vt 0.651596 0.485929
vt 0.076555 0.135812
vt 0.974973 0.442604
vt 0.065648 0.054825
vt 0.212979 0.143808
vt 0.968216 0.454223
vt 0.988239 0.618562
vt 0.326248 0.634376
vt 0.326316 0.618312
vt 0.325953 0.617294
vt 0.654080 0.120605
vt 0.653916 0.121539
vt 0.273052 0.143815
vt 0.974977 0.514271
vt 0.266179 0.612331
vt 0.266221 0.611383
vt 0.651619 0.463471
vt 0.098674 0.130968
vt 0.988239 0.635628
vt 0.244964 0.583444
vt 0.837838 0.178267
vt 0.965809 0.601799
vt 0.366880 0.137734
vt 0.366539 0.136709
vt 0.498975 0.620501
vt 0.971762 0.591908
vt 0.953138 0.009901
vt 0.871678 0.278286
vt 0.756555 0.298675
vt 0.947861 0.022478
vt 0.182776 0.644659
vt 0.458552 0.511443
vt 0.947855 0.084543
vt 0.948912 0.084363
vt 0.306831 0.130952
vt 0.306885 0.130004
vt 0.779013 0.298704
vt 0.953194 0.044456
vt 0.952720 0.062424
vt 0.953657 0.062567
vt 0.438901 0.620485
vt 0.965794 0.531775
vt 0.010732 0.324388
vt 0.102719 0.641232
vt 0.422771 0.579048
vt 0.901767 0.540729
vt 0.595567 0.118833
vt 0.595204 0.117815
vt 0.451752 0.411422
vt 0.890148 0.533971
vt 0.017893 0.206392
vt 0.878480 0.496629
vt 0.568589 0.481555
vt 0.013098 0.217086
vt 0.013174 0.254769
vt 0.873400 0.373868
vt 0.733707 0.115016
vt 0.733850 0.116077
vt 0.755684 0.120375
vt 0.895848 0.360084
vt 0.451743 0.471496
vt 0.830100 0.540732
vt 0.535430 0.112857
vt 0.535471 0.111909
vt 0.591047 0.481579
vt 0.017940 0.239204
vt 0.947927 0.108413
vt 0.527947 0.487549
vt 0.705759 0.074556
vt 0.670327 0.112901
vt 0.523594 0.057240
vt 0.522538 0.057420
vt 0.755093 0.070728
vt 0.682904 0.118176
vt 0.909923 0.756397
vt 0.498974 0.579026
vt 0.412612 0.620524
vt 0.915878 0.746507
vt 0.925172 0.234306
vt 0.199242 0.130022
vt 0.686932 0.509583
vt 0.686591 0.508559
vt 0.626884 0.502791
vt 0.626938 0.501843
vt 0.755118 0.048270
vt 0.704882 0.112839
vt 0.518742 0.079361
vt 0.517805 0.079219
vt 0.352538 0.620499
vt 0.909920 0.686373
vt 0.741315 0.048299
vt 0.729156 0.074269
vt 0.754778 0.047305
vt 0.728184 0.045793
vt 0.528229 0.510946
vt 0.518212 0.080319
vt 0.438931 0.607793
vt 0.138229 0.130308
vt 0.437961 0.579317
vt 0.352566 0.632407
vt 0.625889 0.502348
vt 0.351573 0.620839
vt 0.625600 0.503950
vt 0.624892 0.504374
vt 0.289178 0.130009
vt 0.626093 0.506211
vt 0.625094 0.505837
vt 0.706310 0.113851
vt 0.753824 0.045871
vt 0.843901 0.394829
vt 0.707032 0.115685
vt 0.706085 0.116166
vt 0.912981 0.684627
vt 0.913334 0.685629
vt 0.911088 0.685101
vt 0.350139 0.621793
vt 0.901895 0.139652
vt 0.522106 0.080492
vt 0.521639 0.081449
vt 0.519792 0.080762
vt 0.520154 0.081510
vt 0.846013 0.379043
vt 0.828313 0.537692
vt 0.829311 0.537326
vt 0.828812 0.539580
vt 0.452083 0.472461
vt 0.453038 0.473895
vt 0.986416 0.400445
vt 0.465547 0.471465
vt 0.361758 0.579331
vt 0.756892 0.117035
vt 0.757838 0.117525
vt 0.757109 0.119357
vt 0.896822 0.360409
vt 0.757866 0.119011
vt 0.792117 0.284900
vt 0.896797 0.373591
vt 0.900914 0.467873
vt 0.362725 0.607807
vt 0.041705 0.641510
vt 0.901877 0.496349
vt 0.591018 0.469671
vt 0.534430 0.112427
vt 0.592012 0.481239
vt 0.534163 0.114032
vt 0.533461 0.114465
vt 0.502545 0.114935
vt 0.534685 0.116284
vt 0.533682 0.115923
vt 0.016896 0.240610
vt 0.593446 0.480285
vt 0.932376 0.139647
vt 0.015048 0.241290
vt 0.014589 0.240333
vt 0.778987 0.284900
vt 0.871394 0.254889
vt 0.779978 0.298364
vt 0.842919 0.255856
vt 0.458275 0.488046
vt 0.953250 0.061466
vt 0.866600 0.238312
vt 0.183951 0.583728
vt 0.838124 0.239280
vt 0.438931 0.632393
vt 0.305836 0.130509
vt 0.437936 0.620825
vt 0.305548 0.132111
vt 0.304840 0.132535
vt 0.124624 0.141649
vt 0.306040 0.134372
vt 0.305041 0.133997
vt 0.952181 0.045885
vt 0.781412 0.297410
vt 0.986147 0.387753
vt 0.950347 0.046606
vt 0.949866 0.045659
vt 0.968855 0.530028
vt 0.969208 0.531030
vt 0.966962 0.530503
vt 0.436502 0.621780
vt 0.884812 0.277381
vt 0.949356 0.061291
vt 0.949824 0.060335
vt 0.951670 0.061023
vt 0.951309 0.060274
vt 0.776876 0.114448
vt 0.639710 0.463500
vt 0.566582 0.047592
vt 0.651279 0.462506
vt 0.538107 0.048564
vt 0.541183 0.474574
vt 0.655026 0.121156
vt 0.094413 0.114869
vt 0.265234 0.634644
vt 0.065937 0.115838
vt 0.273020 0.130011
vt 0.265180 0.611901
vt 0.274018 0.143475
vt 0.264912 0.613506
vt 0.264210 0.613939
vt 0.258263 0.481399
vt 0.265434 0.615759
vt 0.264431 0.615397
vt 0.100079 0.132011
vt 0.650324 0.461072
vt 0.437485 0.197971
vt 0.100759 0.133859
vt 0.099803 0.134319
vt 0.971937 0.516058
vt 0.971571 0.515060
vt 0.973825 0.515559
vt 0.275451 0.142520
vt 0.917135 0.139649
vt 0.655288 0.117265
vt 0.656234 0.117754
vt 0.655505 0.119586
vt 0.656262 0.119241
vt 0.846013 0.356623
vt 0.065648 0.134845
vt 0.712528 0.504761
vt 0.971220 0.441981
vt 0.986828 0.615157
vt 0.631974 0.111909
vt 0.964843 0.453880
vt 0.326682 0.621682
vt 0.076399 0.139145
vt 0.969571 0.602467
vt 0.986828 0.632223
vt 0.949325 0.009766
vt 0.184186 0.648064
vt 0.367228 0.141106
vt 0.944523 0.022352
vt 0.944523 0.084704
vt 0.975132 0.592269
vt 0.902390 0.536976
vt 0.014137 0.322978
vt 0.014066 0.206178
vt 0.009768 0.256179
vt 0.733578 0.111678
vt 0.890491 0.530599
vt 0.595934 0.122202
vt 0.009766 0.216929
vt 0.670192 0.116714
vt 0.944523 0.109824
vt 0.913685 0.757065
vt 0.928577 0.232895
vt 0.687279 0.512955
vt 0.682779 0.121514
vt 0.526927 0.057077
vt 0.919248 0.746869
vt 0.624532 0.505629
vt 0.845153 0.394829
vt 0.521381 0.081989
vt 0.901895 0.138400
vt 0.758373 0.117795
vt 0.985164 0.400445
vt 0.533118 0.115723
vt 0.932376 0.138395
vt 0.304480 0.133790
vt 0.987398 0.387753
vt 0.950082 0.059794
vt 0.883560 0.277381
vt 0.263867 0.615197
vt 0.438737 0.197972
vt 0.656769 0.118025
vt 0.917135 0.138397
vt 0.136771 0.484504
vt 0.656571 0.120252
vt 0.917135 0.140631
vt 0.842919 0.345001
vt 0.914041 0.139649
vt 0.914041 0.138397
vt 0.972141 0.516620
vt 0.973396 0.516265
vt 0.101301 0.133605
vt 0.100826 0.132378
vt 0.437486 0.194877
vt 0.438737 0.194878
vt 0.436502 0.197971
vt 0.248535 0.484492
vt 0.163755 0.481409
vt 0.263776 0.612981
vt 0.268856 0.484492
vt 0.952312 0.059943
vt 0.885794 0.277381
vt 0.786604 0.111352
vt 0.884812 0.280475
vt 0.883561 0.280475
vt 0.968659 0.529464
vt 0.967399 0.529802
vt 0.950614 0.047142
vt 0.951831 0.046640
vt 0.986147 0.384659
vt 0.987399 0.384659
vt 0.985164 0.387753
vt 0.121531 0.130026
vt 0.295841 0.481401
vt 0.304417 0.131571
vt 0.015303 0.241831
vt 0.016530 0.241357
vt 0.929282 0.139646
vt 0.929282 0.138395
vt 0.932376 0.140629
vt 0.512273 0.111840
vt 0.988258 0.371967
vt 0.533026 0.113507
vt 0.985167 0.344982
vt 0.758175 0.120022
vt 0.987398 0.400445
vt 0.795211 0.296523
vt 0.986416 0.403539
vt 0.985164 0.403539
vt 0.827751 0.537895
vt 0.828106 0.539151
vt 0.012860 0.364336
vt 0.519151 0.081842
vt 0.901895 0.140635
vt 0.842919 0.369315
vt 0.898801 0.139652
vt 0.898801 0.138400
vt 0.912785 0.684063
vt 0.911526 0.684401
vt 0.707568 0.115418
vt 0.707066 0.114201
vt 0.843901 0.391735
vt 0.845153 0.391735
vt 0.842919 0.394829
vt 0.292271 0.141632
vt 0.009770 0.337351
vt 0.624470 0.503410
vt 0.136771 0.481410
vt 0.066541 0.117297
vt 0.273987 0.130293
vt 0.094130 0.115836
vt 0.248535 0.481398
vt 0.263776 0.635249
vt 0.163755 0.484503
vt 0.565978 0.046134
vt 0.639993 0.462534
vt 0.538389 0.047598
vt 0.846013 0.345001
vt 0.542642 0.473970
vt 0.268856 0.481398
vt 0.838728 0.240739
vt 0.437964 0.632111
vt 0.866317 0.239279
vt 0.124625 0.130027
vt 0.182492 0.584333
vt 0.295840 0.484495
vt 0.870790 0.253430
vt 0.779953 0.285183
vt 0.843202 0.254889
vt 0.786604 0.114446
vt 0.457671 0.486587
vt 0.985164 0.371967
vt 0.903336 0.495745
vt 0.591985 0.469953
vt 0.361758 0.607524
vt 0.512273 0.114934
vt 0.040247 0.642114
vt 0.792117 0.296523
vt 0.898256 0.372987
vt 0.901881 0.468156
vt 0.465264 0.472432
vt 0.988261 0.344983
vt 0.360299 0.579935
vt 0.009766 0.364336
vt 0.436502 0.579922
vt 0.351599 0.632125
vt 0.437965 0.607510
vt 0.289177 0.141632
vt 0.136771 0.130912
vt 0.012864 0.337352
vt 0.730614 0.073664
vt 0.741597 0.047332
vt 0.729150 0.046076
vt 0.846013 0.369316
vt 0.528833 0.512405
vt 0.975939 0.442900
vt 0.065654 0.114872
vt 0.266201 0.634362
vt 0.988522 0.619528
vt 0.964847 0.601490
vt 0.837841 0.238313
vt 0.184918 0.583445
vt 0.988522 0.636594
vt 0.009766 0.324671
vt 0.042672 0.641227
vt 0.901471 0.541695
vt 0.362725 0.579048
vt 0.908961 0.756088
vt 0.438928 0.579034
vt 0.139196 0.130025
vt 0.924206 0.234589
vt 0.728189 0.074552
vt 0.670497 0.111902
vt 0.948894 0.108129
vt 0.527946 0.509980
vt 0.014140 0.254486
vt 0.895831 0.373873
vt 0.900911 0.496632
vt 0.018888 0.206586
vt 0.182492 0.643692
vt 0.458558 0.489012
vt 0.871677 0.255855
vt 0.954137 0.010072
vt 0.566865 0.048559
vt 0.066056 0.130023
vt 0.710833 0.500390
vt 0.540217 0.474857
vt 0.925168 0.206113
vt 0.928574 0.207523
vt 0.699173 0.506562
vt 0.698545 0.502809
vt 0.947933 0.136605
vt 0.944527 0.135196
vt 0.522608 0.046332
vt 0.518780 0.046552
vt 0.013171 0.282962
vt 0.009766 0.281551
vt 0.720994 0.116493
vt 0.721133 0.120307
vt 0.010733 0.296195
vt 0.014138 0.297606
vt 0.606124 0.116624
vt 0.605451 0.112861
vt 0.210968 0.644658
vt 0.209558 0.648063
vt 0.948836 0.095451
vt 0.952663 0.095233
vt 0.960046 0.635629
vt 0.961456 0.632224
vt 0.379121 0.134711
vt 0.378492 0.130958
vt 0.960046 0.618565
vt 0.961456 0.615160
vt 0.336873 0.616104
vt 0.336200 0.612342
vt 0.739309 0.501351
vt 0.737900 0.504757
vt 0.619390 0.116725
vt 0.619529 0.120538
vt 0.974355 0.516693
vt 0.842919 0.356624
vt 0.914041 0.140631
vt 0.542639 0.462347
vt 0.101164 0.131378
vt 0.258263 0.484493
vt 0.436503 0.194877
vt 0.263776 0.644976
vt 0.966447 0.529362
vt 0.776876 0.111354
vt 0.885795 0.280475
vt 0.447943 0.486587
vt 0.952838 0.046956
vt 0.121530 0.141649
vt 0.985165 0.384659
vt 0.182495 0.595956
vt 0.017529 0.241694
vt 0.502545 0.111841
vt 0.929282 0.140629
vt 0.040249 0.651842
vt 0.827678 0.540110
vt 0.795211 0.284900
vt 0.987398 0.403539
vt 0.898256 0.361364
vt 0.910573 0.683961
vt 0.842919 0.379043
vt 0.898801 0.140634
vt 0.538561 0.512403
vt 0.707381 0.113194
vt 0.292272 0.130009
vt 0.842919 0.391735
vt 0.136774 0.142535
vt 0.541205 0.461393
vt 0.975425 0.515278
vt 0.099644 0.130432
vt 0.265210 0.645931
vt 0.975928 0.514239
vt 0.266185 0.646257
vt 0.540230 0.461067
vt 0.098553 0.130026
vt 0.446989 0.488021
vt 0.965359 0.530762
vt 0.953751 0.045415
vt 0.183930 0.596910
vt 0.964843 0.531794
vt 0.184904 0.597235
vt 0.446663 0.488996
vt 0.954133 0.044315
vt 0.018476 0.240174
vt 0.041683 0.652796
vt 0.018882 0.239084
vt 0.042657 0.653122
vt 0.755520 0.121309
vt 0.756630 0.120927
vt 0.829093 0.541180
vt 0.830132 0.541683
vt 0.539515 0.510969
vt 0.909485 0.685361
vt 0.705840 0.112281
vt 0.138208 0.143489
vt 0.908969 0.686392
vt 0.139183 0.143815
vt 0.539841 0.509994
vt 0.704740 0.111899
vt 0.199243 0.143799
vt 0.698248 0.501843
vt 0.498978 0.607785
vt 0.924202 0.205830
vt 0.412612 0.632406
vt 0.914861 0.746146
vt 0.948899 0.136888
vt 0.741317 0.070730
vt 0.683046 0.117116
vt 0.539829 0.487550
vt 0.517786 0.046748
vt 0.705753 0.045797
vt 0.873403 0.360091
vt 0.721304 0.121306
vt 0.878484 0.467870
vt 0.014137 0.283245
vt 0.568588 0.469674
vt 0.014154 0.217264
vt 0.009766 0.295912
vt 0.465529 0.411418
vt 0.889809 0.534995
vt 0.102718 0.653113
vt 0.605140 0.111900
vt 0.422772 0.607807
vt 0.446671 0.511440
vt 0.953658 0.095038
vt 0.842919 0.278287
vt 0.211251 0.643692
vt 0.756556 0.284899
vt 0.948921 0.022620
vt 0.959763 0.636596
vt 0.498977 0.632382
vt 0.970745 0.591547
vt 0.244964 0.597221
vt 0.378196 0.129992
vt 0.866597 0.178265
vt 0.326245 0.646258
vt 0.335889 0.611380
vt 0.094407 0.054822
vt 0.959763 0.619531
vt 0.212974 0.130032
vt 0.969239 0.454562
vt 0.739592 0.500385
vt 0.639715 0.485931
vt 0.076734 0.134757
vt 0.517786 0.461080
vt 0.619701 0.121537
vt 0.538111 0.070995
vt 0.932118 0.536564
vt 0.918540 0.544165
vt 0.914041 0.519195
vt 0.929419 0.521581
vt 0.882978 0.201178
vt 0.896557 0.208780
vt 0.893858 0.223763
vt 0.878480 0.226148
vt 0.933960 0.625443
vt 0.949338 0.623060
vt 0.944836 0.648030
vt 0.931258 0.640426
vt 0.495221 0.480568
vt 0.481642 0.488169
vt 0.477144 0.463199
vt 0.492522 0.465585
vt 0.404138 0.432776
vt 0.393372 0.432777
vt 0.393372 0.428025
vt 0.404137 0.428025
vt 0.033884 0.185313
vt 0.030315 0.193719
vt 0.011256 0.174851
vt 0.019486 0.171185
vt 0.414674 0.193600
vt 0.411268 0.185203
vt 0.425422 0.171265
vt 0.433715 0.175036
vt 0.018891 0.033318
vt 0.010598 0.029547
vt 0.029640 0.010983
vt 0.033045 0.019380
vt 0.410429 0.019270
vt 0.413998 0.010864
vt 0.433058 0.029732
vt 0.424827 0.033398
vt 0.422360 0.254284
vt 0.422364 0.207521
vt 0.436715 0.221874
vt 0.436713 0.254285
vt 0.964862 0.009766
vt 0.990234 0.009769
vt 0.990215 0.164683
vt 0.964843 0.164680
vt 0.964862 0.177373
vt 0.990234 0.177377
vt 0.990215 0.332291
vt 0.964843 0.332287
vt 0.969894 0.824943
vt 0.944523 0.824939
vt 0.944545 0.670025
vt 0.969917 0.670029
vt 0.385727 0.877531
vt 0.360355 0.877540
vt 0.360299 0.722626
vt 0.385671 0.722617
vt 0.157120 0.709965
vt 0.157091 0.555051
vt 0.169862 0.577497
vt 0.169882 0.683410
vt 0.540079 0.554979
vt 0.540108 0.709893
vt 0.527337 0.683344
vt 0.527317 0.577431
vt 0.799169 0.387323
vt 0.799197 0.542237
vt 0.786426 0.515687
vt 0.786407 0.409774
vt 0.416209 0.542305
vt 0.416182 0.387391
vt 0.428952 0.409838
vt 0.428971 0.515751
vt 0.751485 0.827612
vt 0.751475 0.672698
vt 0.762348 0.695146
vt 0.762355 0.801059
vt 0.895018 0.672688
vt 0.895029 0.827602
vt 0.884156 0.801051
vt 0.884148 0.695138
vt 0.807365 0.308826
vt 0.807357 0.153912
vt 0.818230 0.176361
vt 0.818235 0.282274
vt 0.950900 0.153904
vt 0.950908 0.308818
vt 0.940036 0.282267
vt 0.940030 0.176354
vt 0.170728 0.687661
vt 0.173136 0.691264
vt 0.176741 0.693671
vt 0.180991 0.694516
vt 0.180968 0.566388
vt 0.176717 0.567234
vt 0.173114 0.569642
vt 0.170707 0.573247
vt 0.526471 0.573180
vt 0.524062 0.569577
vt 0.520458 0.567170
vt 0.516207 0.566325
vt 0.516231 0.694454
vt 0.520482 0.693607
vt 0.524085 0.691199
vt 0.526492 0.687595
vt 0.785561 0.405524
vt 0.783152 0.401920
vt 0.779548 0.399513
vt 0.775297 0.398668
vt 0.775320 0.526797
vt 0.779571 0.525951
vt 0.783174 0.523542
vt 0.785581 0.519938
vt 0.429817 0.520002
vt 0.432226 0.523605
vt 0.435830 0.526012
vt 0.440081 0.526857
vt 0.440058 0.398728
vt 0.435807 0.399575
vt 0.432204 0.401983
vt 0.429797 0.405587
vt 0.763201 0.805310
vt 0.765609 0.808913
vt 0.769213 0.811321
vt 0.773463 0.812166
vt 0.773455 0.684038
vt 0.769204 0.684884
vt 0.765601 0.687292
vt 0.763193 0.690895
vt 0.883302 0.690887
vt 0.880894 0.687284
vt 0.877291 0.684876
vt 0.873040 0.684031
vt 0.873048 0.812159
vt 0.877299 0.811314
vt 0.880903 0.808905
vt 0.883310 0.805302
vt 0.819081 0.286524
vt 0.821489 0.290128
vt 0.825093 0.292536
vt 0.829344 0.293381
vt 0.829337 0.165252
vt 0.825086 0.166098
vt 0.821483 0.168506
vt 0.819075 0.172110
vt 0.939184 0.172104
vt 0.936776 0.168500
vt 0.933173 0.166092
vt 0.928922 0.165247
vt 0.928929 0.293376
vt 0.933179 0.292530
vt 0.936783 0.290122
vt 0.939190 0.286518
vt 0.056264 0.156189
vt 0.054862 0.164598
vt 0.050365 0.163191
vt 0.053890 0.155609
vt 0.392282 0.162800
vt 0.390477 0.154449
vt 0.392837 0.153863
vt 0.396804 0.161281
vt 0.042356 0.152088
vt 0.050861 0.150635
vt 0.051360 0.152941
vt 0.043793 0.156657
vt 0.040247 0.046761
vt 0.048894 0.047640
vt 0.041601 0.042154
vt 0.049391 0.045359
vt 0.402481 0.044548
vt 0.393975 0.046001
vt 0.393477 0.043695
vt 0.401044 0.039979
vt 0.404590 0.149875
vt 0.395943 0.148996
vt 0.403235 0.154482
vt 0.395446 0.151277
vt 0.052554 0.033836
vt 0.054359 0.042187
vt 0.051999 0.042773
vt 0.048033 0.035355
vt 0.388573 0.040447
vt 0.389975 0.032038
vt 0.394471 0.033445
vt 0.390946 0.041027
vt 0.794989 0.018788
vt 0.796390 0.010379
vt 0.800887 0.011786
vt 0.797362 0.019368
vt 0.458969 0.012191
vt 0.460775 0.020542
vt 0.458415 0.021128
vt 0.454448 0.013710
vt 0.808897 0.022889
vt 0.800391 0.024342
vt 0.799893 0.022036
vt 0.807460 0.018320
vt 0.811010 0.128216
vt 0.802363 0.127337
vt 0.809655 0.132822
vt 0.801866 0.129618
vt 0.448776 0.130443
vt 0.457281 0.128991
vt 0.457780 0.131296
vt 0.450213 0.135012
vt 0.446663 0.025116
vt 0.455310 0.025995
vt 0.448017 0.020510
vt 0.455807 0.023714
vt 0.798703 0.141141
vt 0.796898 0.132790
vt 0.799257 0.132204
vt 0.803225 0.139622
vt 0.462684 0.134544
vt 0.461283 0.142953
vt 0.456786 0.141546
vt 0.460311 0.133964
vt 0.935118 0.330759
vt 0.936862 0.322520
vt 0.941298 0.323948
vt 0.937509 0.331355
vt 0.834741 0.322499
vt 0.836568 0.330745
vt 0.834226 0.331320
vt 0.830238 0.323964
vt 0.949173 0.335212
vt 0.940555 0.336449
vt 0.940069 0.334075
vt 0.947778 0.330589
vt 0.949301 0.441501
vt 0.940747 0.440417
vt 0.947995 0.446029
vt 0.940234 0.442786
vt 0.822726 0.441485
vt 0.831343 0.440249
vt 0.831829 0.442622
vt 0.824120 0.446109
vt 0.822598 0.335196
vt 0.831152 0.336280
vt 0.823903 0.330669
vt 0.831664 0.333911
vt 0.937157 0.454199
vt 0.935330 0.445953
vt 0.937672 0.445378
vt 0.941660 0.452734
vt 0.836780 0.445938
vt 0.835037 0.454178
vt 0.830601 0.452749
vt 0.834389 0.445342
vt 0.034001 0.679438
vt 0.032250 0.687676
vt 0.027815 0.686243
vt 0.031611 0.678839
vt 0.134370 0.687796
vt 0.132551 0.679549
vt 0.134894 0.678976
vt 0.138875 0.686336
vt 0.019951 0.674972
vt 0.028570 0.673743
vt 0.029053 0.676117
vt 0.021341 0.679596
vt 0.019926 0.568682
vt 0.028479 0.569775
vt 0.021236 0.564156
vt 0.028994 0.567406
vt 0.146501 0.568821
vt 0.137882 0.570049
vt 0.137399 0.567675
vt 0.145111 0.564196
vt 0.146526 0.675110
vt 0.137973 0.674018
vt 0.145216 0.679636
vt 0.137458 0.676387
vt 0.032082 0.555997
vt 0.033901 0.564244
vt 0.031558 0.564817
vt 0.027577 0.557457
vt 0.132451 0.564354
vt 0.134202 0.556117
vt 0.138637 0.557550
vt 0.134841 0.564953
vt 0.046548 0.160478
vt 0.052384 0.154497
vt 0.044251 0.038222
vt 0.050449 0.043823
vt 0.398288 0.036158
vt 0.392453 0.042140
vt 0.400585 0.158414
vt 0.394387 0.152813
vt 0.804704 0.014499
vt 0.798868 0.020481
vt 0.807006 0.136754
vt 0.800808 0.131154
vt 0.452969 0.138833
vt 0.458804 0.132852
vt 0.450667 0.016578
vt 0.456865 0.022178
vt 0.945068 0.326707
vt 0.939040 0.332477
vt 0.945399 0.449901
vt 0.939200 0.444320
vt 0.826830 0.449990
vt 0.832859 0.444220
vt 0.826499 0.326796
vt 0.832699 0.332377
vt 0.024047 0.683481
vt 0.030081 0.677716
vt 0.023836 0.560286
vt 0.030030 0.565873
vt 0.142404 0.560312
vt 0.136371 0.566076
vt 0.142616 0.683507
vt 0.136422 0.677919
vt 0.118212 0.468720
vt 0.118213 0.473471
vt 0.105963 0.473473
vt 0.105963 0.468722
vt 0.791184 0.823507
vt 0.786433 0.827609
vt 0.786432 0.812165
vt 0.791184 0.812165
vt 0.918424 0.321640
vt 0.923377 0.321638
vt 0.922973 0.330354
vt 0.918249 0.330280
vt 0.845353 0.125717
vt 0.840602 0.125718
vt 0.840601 0.125220
vt 0.845353 0.125220
vt 0.840601 0.124151
vt 0.845353 0.124152
vt 0.840601 0.122554
vt 0.845352 0.122557
vt 0.840600 0.120122
vt 0.845352 0.120123
vt 0.840575 0.015363
vt 0.845327 0.015363
vt 0.840574 0.012910
vt 0.845326 0.012912
vt 0.840574 0.011323
vt 0.845326 0.011325
vt 0.840574 0.010267
vt 0.845325 0.010268
vt 0.840573 0.009781
vt 0.845325 0.009781
vt 0.918051 0.446521
vt 0.922897 0.446391
vt 0.923330 0.455110
vt 0.918250 0.455189
vt 0.791175 0.684036
vt 0.786423 0.684037
vt 0.786422 0.672695
vt 0.791174 0.672695
vt 0.434482 0.134089
vt 0.434548 0.138996
vt 0.425774 0.138800
vt 0.425797 0.134015
vt 0.182357 0.473461
vt 0.182357 0.468709
vt 0.194606 0.468707
vt 0.194607 0.473459
vt 0.860081 0.827604
vt 0.855329 0.823502
vt 0.855328 0.812161
vt 0.860080 0.812160
vt 0.848568 0.321587
vt 0.853648 0.321508
vt 0.853847 0.330177
vt 0.849002 0.330307
vt 0.914250 0.125703
vt 0.909498 0.125704
vt 0.909498 0.125217
vt 0.914249 0.125218
vt 0.909497 0.124160
vt 0.914249 0.124162
vt 0.909497 0.122572
vt 0.914249 0.122575
vt 0.909496 0.120121
vt 0.914248 0.120122
vt 0.909471 0.015362
vt 0.914223 0.015363
vt 0.909471 0.012928
vt 0.914222 0.012931
vt 0.909470 0.011332
vt 0.914222 0.011334
vt 0.909470 0.010265
vt 0.914222 0.010265
vt 0.909470 0.009767
vt 0.914222 0.009767
vt 0.848926 0.446344
vt 0.853650 0.446418
vt 0.853474 0.455057
vt 0.848522 0.455059
vt 0.860071 0.684032
vt 0.855320 0.684032
vt 0.855319 0.672691
vt 0.860071 0.672690
vt 0.434294 0.064975
vt 0.434274 0.069830
vt 0.425574 0.069933
vt 0.425543 0.065206
vt 0.018739 0.134650
vt 0.018770 0.139377
vt 0.010019 0.139608
vt 0.010040 0.134753
vt 0.911201 0.153906
vt 0.915953 0.153906
vt 0.915953 0.165248
vt 0.911202 0.165248
vt 0.115766 0.555219
vt 0.120718 0.555223
vt 0.120305 0.563937
vt 0.115582 0.563859
vt 0.919632 0.840295
vt 0.924384 0.840295
vt 0.924384 0.840794
vt 0.919632 0.840792
vt 0.924384 0.841863
vt 0.919632 0.841860
vt 0.924384 0.843459
vt 0.919632 0.843456
vt 0.924384 0.845891
vt 0.919632 0.845890
vt 0.924390 0.950651
vt 0.919638 0.950649
vt 0.924390 0.953104
vt 0.919639 0.953100
vt 0.924390 0.954690
vt 0.919639 0.954688
vt 0.924390 0.955746
vt 0.919639 0.955745
vt 0.924390 0.956232
vt 0.919639 0.956232
vt 0.115271 0.680099
vt 0.120117 0.679974
vt 0.120542 0.688694
vt 0.115462 0.688768
vt 0.911208 0.293377
vt 0.915960 0.293376
vt 0.915961 0.308820
vt 0.911209 0.304718
vt 0.758507 0.479445
vt 0.758507 0.484196
vt 0.746257 0.484196
vt 0.746257 0.479444
vt 0.018539 0.065783
vt 0.018516 0.070568
vt 0.009832 0.070494
vt 0.009766 0.065586
vt 0.842305 0.153910
vt 0.847056 0.153910
vt 0.847057 0.165251
vt 0.842305 0.165252
vt 0.045909 0.555099
vt 0.050990 0.555024
vt 0.051180 0.563693
vt 0.046335 0.563819
vt 0.850736 0.840297
vt 0.855488 0.840297
vt 0.855488 0.840784
vt 0.850736 0.840782
vt 0.855488 0.841841
vt 0.850736 0.841838
vt 0.855488 0.843428
vt 0.850736 0.843425
vt 0.855488 0.845879
vt 0.850736 0.845878
vt 0.855494 0.950638
vt 0.850742 0.950637
vt 0.855494 0.953073
vt 0.850742 0.953069
vt 0.855494 0.954668
vt 0.850742 0.954666
vt 0.855494 0.955736
vt 0.850742 0.955735
vt 0.855494 0.956233
vt 0.850742 0.956233
vt 0.046146 0.679855
vt 0.050870 0.679934
vt 0.050686 0.688573
vt 0.045734 0.688570
vt 0.842312 0.293380
vt 0.847064 0.293380
vt 0.847064 0.304721
vt 0.842313 0.308824
vt 0.669863 0.484196
vt 0.669863 0.479444
vt 0.682113 0.479444
vt 0.682113 0.484196
vt 0.909059 0.177916
vt 0.918851 0.188895
vt 0.517515 0.500452
vt 0.507723 0.511431
vt 0.929037 0.125226
vt 0.926618 0.125702
vt 0.930640 0.124181
vt 0.931718 0.122602
vt 0.932225 0.120132
vt 0.932207 0.015373
vt 0.931732 0.012957
vt 0.930687 0.011353
vt 0.929109 0.010274
vt 0.926639 0.009766
vt 0.838325 0.956232
vt 0.835855 0.955723
vt 0.834277 0.954644
vt 0.833233 0.953039
vt 0.832758 0.950624
vt 0.832759 0.845864
vt 0.833267 0.843395
vt 0.834345 0.841816
vt 0.835948 0.840771
vt 0.838367 0.840295
vt 0.918752 0.671287
vt 0.908961 0.660307
vt 0.828184 0.125719
vt 0.825714 0.125211
vt 0.824136 0.124132
vt 0.823091 0.122528
vt 0.822616 0.120112
vt 0.822598 0.015353
vt 0.823105 0.012883
vt 0.824183 0.011304
vt 0.825786 0.010258
vt 0.828205 0.009782
vt 0.936802 0.840297
vt 0.939271 0.840805
vt 0.940849 0.841885
vt 0.941894 0.843489
vt 0.942368 0.845905
vt 0.942367 0.950664
vt 0.941860 0.953134
vt 0.940781 0.954712
vt 0.939178 0.955758
vt 0.936759 0.956233
vt 0.954413 0.556448
vt 0.944621 0.567427
vt 0.179903 0.018433
vt 0.175530 0.018439
vt 0.175495 0.009776
vt 0.179903 0.009766
vt 0.649830 0.387349
vt 0.654186 0.387349
vt 0.654188 0.398690
vt 0.649832 0.398691
vt 0.671096 0.009790
vt 0.675450 0.009794
vt 0.675363 0.018427
vt 0.671018 0.018421
vt 0.610658 0.722603
vt 0.615014 0.722603
vt 0.615014 0.723125
vt 0.610658 0.723124
vt 0.615014 0.724212
vt 0.610658 0.724210
vt 0.615014 0.725816
vt 0.610658 0.725814
vt 0.615014 0.728199
vt 0.610658 0.728197
vt 0.615016 0.832990
vt 0.610660 0.832988
vt 0.615016 0.835370
vt 0.610660 0.835368
vt 0.615016 0.836962
vt 0.610660 0.836960
vt 0.615016 0.838027
vt 0.610660 0.838026
vt 0.615016 0.838525
vt 0.610660 0.838525
vt 0.671112 0.134936
vt 0.675478 0.134940
vt 0.675474 0.143564
vt 0.671062 0.143566
vt 0.649855 0.526819
vt 0.654211 0.526819
vt 0.654213 0.538160
vt 0.649858 0.542263
vt 0.532303 0.440260
vt 0.532303 0.435904
vt 0.544552 0.435903
vt 0.544553 0.440259
vt 0.268910 0.018475
vt 0.264548 0.018474
vt 0.264572 0.009809
vt 0.268939 0.009808
vt 0.561165 0.387365
vt 0.565521 0.387365
vt 0.565523 0.398706
vt 0.561167 0.398707
vt 0.582198 0.009768
vt 0.586611 0.009766
vt 0.586561 0.018396
vt 0.582195 0.018392
vt 0.521993 0.722597
vt 0.526349 0.722598
vt 0.526349 0.723096
vt 0.521993 0.723095
vt 0.526349 0.724163
vt 0.521993 0.724161
vt 0.526349 0.725755
vt 0.521993 0.725753
vt 0.526349 0.728135
vt 0.521993 0.728133
vt 0.526351 0.832926
vt 0.521994 0.832924
vt 0.526351 0.835309
vt 0.521994 0.835307
vt 0.526351 0.836913
vt 0.521995 0.836911
vt 0.526351 0.837999
vt 0.521995 0.837998
vt 0.526351 0.838520
vt 0.521995 0.838519
vt 0.582310 0.134905
vt 0.586655 0.134911
vt 0.586576 0.143542
vt 0.582223 0.143538
vt 0.561190 0.526835
vt 0.565546 0.526835
vt 0.565549 0.542278
vt 0.561192 0.538177
vt 0.689631 0.070238
vt 0.689632 0.074594
vt 0.677383 0.074598
vt 0.677381 0.070242
vt 0.311604 0.473061
vt 0.311604 0.468705
vt 0.323854 0.468704
vt 0.323854 0.473061
vt 0.306460 0.709937
vt 0.302103 0.705835
vt 0.302101 0.694494
vt 0.306457 0.694493
vt 0.180155 0.165192
vt 0.175802 0.165188
vt 0.175889 0.156555
vt 0.180234 0.156561
vt 0.582233 0.272179
vt 0.577876 0.272178
vt 0.577876 0.271657
vt 0.582233 0.271659
vt 0.577876 0.270570
vt 0.582233 0.270572
vt 0.577877 0.268965
vt 0.582233 0.268968
vt 0.577877 0.266583
vt 0.582233 0.266585
vt 0.577884 0.161792
vt 0.582240 0.161795
vt 0.577884 0.159411
vt 0.582241 0.159414
vt 0.577884 0.157820
vt 0.582241 0.157822
vt 0.577884 0.156754
vt 0.582241 0.156756
vt 0.577884 0.156256
vt 0.582241 0.156257
vt 0.180145 0.040046
vt 0.175779 0.040042
vt 0.175783 0.031419
vt 0.180195 0.031416
vt 0.306433 0.566364
vt 0.302077 0.566365
vt 0.302074 0.555023
vt 0.306431 0.555023
vt 0.179741 0.194774
vt 0.175374 0.194775
vt 0.175404 0.186108
vt 0.179765 0.186109
vt 0.671557 0.435880
vt 0.671556 0.440236
vt 0.659307 0.440234
vt 0.659307 0.435878
vt 0.395124 0.705818
vt 0.390769 0.709921
vt 0.390766 0.694477
vt 0.395122 0.694476
vt 0.269053 0.165217
vt 0.264641 0.165220
vt 0.264691 0.156590
vt 0.269057 0.156594
vt 0.670898 0.272192
vt 0.666541 0.272192
vt 0.666541 0.271693
vt 0.670898 0.271694
vt 0.666541 0.270626
vt 0.670898 0.270628
vt 0.666542 0.269035
vt 0.670898 0.269037
vt 0.666542 0.266654
vt 0.670898 0.266657
vt 0.666549 0.161863
vt 0.670905 0.161866
vt 0.666549 0.159481
vt 0.670906 0.159483
vt 0.666549 0.157877
vt 0.670906 0.157879
vt 0.666550 0.156790
vt 0.670906 0.156792
vt 0.666550 0.156270
vt 0.670906 0.156270
vt 0.268947 0.040081
vt 0.264602 0.040075
vt 0.264681 0.031444
vt 0.269034 0.031448
vt 0.395098 0.566348
vt 0.390742 0.566348
vt 0.390740 0.555007
vt 0.395096 0.555006
vt 0.268818 0.194807
vt 0.264411 0.194817
vt 0.264410 0.186150
vt 0.268784 0.186144
vt 0.595356 0.070267
vt 0.595358 0.074624
vt 0.583108 0.074627
vt 0.583107 0.070271
vt 0.479167 0.538192
vt 0.474811 0.542295
vt 0.474809 0.526851
vt 0.479165 0.526850
vt 0.500486 0.143492
vt 0.496091 0.143553
vt 0.496284 0.134838
vt 0.500609 0.134844
vt 0.439970 0.838517
vt 0.435613 0.838517
vt 0.435613 0.837984
vt 0.439970 0.837985
vt 0.435613 0.836886
vt 0.439970 0.836888
vt 0.435613 0.835275
vt 0.439970 0.835278
vt 0.435613 0.832891
vt 0.439970 0.832894
vt 0.435612 0.728100
vt 0.439968 0.728103
vt 0.435612 0.725721
vt 0.439968 0.725724
vt 0.435612 0.724137
vt 0.439968 0.724138
vt 0.435611 0.723081
vt 0.439968 0.723082
vt 0.435612 0.722595
vt 0.439968 0.722595
vt 0.499527 0.018868
vt 0.495140 0.018950
vt 0.494714 0.010267
vt 0.499352 0.010217
vt 0.479142 0.398722
vt 0.474786 0.398722
vt 0.474783 0.387381
vt 0.479140 0.387380
vt 0.351018 0.009858
vt 0.355445 0.009814
vt 0.355276 0.018546
vt 0.350931 0.018535
vt 0.626578 0.440254
vt 0.626577 0.435897
vt 0.638827 0.435897
vt 0.638827 0.440253
vt 0.740595 0.542247
vt 0.736238 0.538145
vt 0.736236 0.526804
vt 0.740592 0.526803
vt 0.762958 0.143066
vt 0.758321 0.143115
vt 0.758145 0.134464
vt 0.762532 0.134382
vt 0.701397 0.838528
vt 0.697041 0.838528
vt 0.697041 0.838040
vt 0.701397 0.838042
vt 0.697041 0.836984
vt 0.701397 0.836986
vt 0.697041 0.835399
vt 0.701397 0.835402
vt 0.697041 0.833020
vt 0.701397 0.833022
vt 0.697039 0.728229
vt 0.701395 0.728231
vt 0.697039 0.725845
vt 0.701395 0.725848
vt 0.697039 0.724235
vt 0.701395 0.724237
vt 0.697039 0.723137
vt 0.701395 0.723139
vt 0.697039 0.722606
vt 0.701395 0.722606
vt 0.761389 0.018494
vt 0.757063 0.018488
vt 0.757186 0.009840
vt 0.761581 0.009779
vt 0.740569 0.398675
vt 0.736213 0.398675
vt 0.736211 0.387334
vt 0.740567 0.387333
vt 0.088729 0.010102
vt 0.093167 0.010118
vt 0.093260 0.018798
vt 0.088902 0.018825
vt 0.229579 0.468706
vt 0.229580 0.473063
vt 0.217330 0.473063
vt 0.217330 0.468707
vt 0.220078 0.705850
vt 0.215722 0.709954
vt 0.215719 0.694510
vt 0.220076 0.694509
vt 0.094065 0.165138
vt 0.089670 0.165200
vt 0.089863 0.156484
vt 0.094189 0.156491
vt 0.495851 0.272169
vt 0.491495 0.272168
vt 0.491495 0.271636
vt 0.495851 0.271637
vt 0.491495 0.270538
vt 0.495851 0.270540
vt 0.491495 0.268927
vt 0.495852 0.268929
vt 0.491495 0.266543
vt 0.495852 0.266546
vt 0.491503 0.161752
vt 0.495859 0.161755
vt 0.491503 0.159373
vt 0.495859 0.159375
vt 0.491503 0.157788
vt 0.495859 0.157790
vt 0.491503 0.156733
vt 0.495860 0.156734
vt 0.491503 0.156246
vt 0.495860 0.156247
vt 0.093112 0.040515
vt 0.088724 0.040597
vt 0.088299 0.031913
vt 0.092937 0.031863
vt 0.220052 0.566380
vt 0.215695 0.566381
vt 0.215693 0.555040
vt 0.220049 0.555039
vt 0.093295 0.194725
vt 0.088868 0.194769
vt 0.089038 0.186037
vt 0.093382 0.186048
vt 0.753581 0.440249
vt 0.753582 0.435892
vt 0.765831 0.435894
vt 0.765831 0.440250
vt 0.481506 0.709904
vt 0.477149 0.705802
vt 0.477147 0.694461
vt 0.481503 0.694460
vt 0.356537 0.164723
vt 0.351900 0.164773
vt 0.351725 0.156121
vt 0.356112 0.156039
vt 0.757279 0.272202
vt 0.752923 0.272202
vt 0.752923 0.271714
vt 0.757279 0.271716
vt 0.752923 0.270658
vt 0.757279 0.270661
vt 0.752923 0.269073
vt 0.757279 0.269076
vt 0.752923 0.266694
vt 0.757279 0.266697
vt 0.752930 0.161903
vt 0.757287 0.161906
vt 0.752931 0.159519
vt 0.757287 0.159522
vt 0.752931 0.157909
vt 0.757287 0.157911
vt 0.752931 0.156812
vt 0.757287 0.156813
vt 0.752931 0.156280
vt 0.757287 0.156280
vt 0.354973 0.040151
vt 0.350648 0.040145
vt 0.350771 0.031498
vt 0.355166 0.031436
vt 0.481479 0.566332
vt 0.477123 0.566332
vt 0.477121 0.554991
vt 0.481477 0.554990
vt 0.355584 0.194481
vt 0.351146 0.194466
vt 0.351053 0.185785
vt 0.355411 0.185758
vt 0.908964 0.578110
vt 0.921973 0.571240
vt 0.793826 0.271733
vt 0.791407 0.272208
vt 0.795429 0.270687
vt 0.796508 0.269109
vt 0.797003 0.266731
vt 0.797039 0.161940
vt 0.796584 0.159555
vt 0.795576 0.157938
vt 0.794028 0.156830
vt 0.791570 0.156286
vt 0.735678 0.722609
vt 0.738136 0.723152
vt 0.739685 0.724260
vt 0.740693 0.725877
vt 0.741148 0.728262
vt 0.741121 0.833053
vt 0.740626 0.835431
vt 0.739548 0.837010
vt 0.737944 0.838055
vt 0.735525 0.838531
vt 0.918861 0.271092
vt 0.905854 0.277964
vt 0.959765 0.344982
vt 0.974476 0.344982
vt 0.974474 0.429291
vt 0.959763 0.429291
vt 0.477149 0.032945
vt 0.491860 0.032945
vt 0.491855 0.117254
vt 0.477144 0.117253
vt 0.504517 0.411384
vt 0.517525 0.418255
vt 0.401331 0.838514
vt 0.398873 0.837971
vt 0.397324 0.836863
vt 0.396316 0.835246
vt 0.395861 0.832861
vt 0.395888 0.728070
vt 0.396383 0.725692
vt 0.397461 0.724113
vt 0.399064 0.723068
vt 0.401484 0.722592
vt 0.941414 0.467379
vt 0.954422 0.474251
vt 0.457212 0.272163
vt 0.454754 0.271619
vt 0.453206 0.270511
vt 0.452198 0.268894
vt 0.451743 0.266509
vt 0.451779 0.161718
vt 0.452274 0.159340
vt 0.453353 0.157761
vt 0.454956 0.156716
vt 0.457375 0.156241
vt 0.105965 0.481620
vt 0.101209 0.460575
vt 0.105960 0.456472
vt 0.101211 0.468722
vt 0.118210 0.456470
vt 0.182354 0.456460
vt 0.194604 0.456458
vt 0.199356 0.460559
vt 0.199358 0.468706
vt 0.194608 0.481606
vt 0.758507 0.467195
vt 0.763258 0.471297
vt 0.763258 0.479444
vt 0.758507 0.492343
vt 0.746257 0.467195
vt 0.665112 0.471297
vt 0.669863 0.467195
vt 0.665112 0.479444
vt 0.682113 0.467195
vt 0.669863 0.492343
vt 0.527946 0.427757
vt 0.532302 0.423654
vt 0.527946 0.435904
vt 0.544551 0.423653
vt 0.532304 0.448407
vt 0.689627 0.057989
vt 0.693985 0.062090
vt 0.693987 0.070237
vt 0.689635 0.082741
vt 0.677377 0.057992
vt 0.311604 0.456455
vt 0.323854 0.456455
vt 0.328210 0.460557
vt 0.328210 0.468704
vt 0.323854 0.481208
vt 0.659306 0.448381
vt 0.654953 0.427730
vt 0.659309 0.423629
vt 0.654951 0.435877
vt 0.671559 0.423630
vt 0.583111 0.082774
vt 0.578748 0.062125
vt 0.583103 0.058022
vt 0.578751 0.070272
vt 0.595352 0.058018
vt 0.626576 0.423648
vt 0.638826 0.423647
vt 0.643182 0.427749
vt 0.643183 0.435896
vt 0.638828 0.448400
vt 0.217330 0.481210
vt 0.212974 0.460560
vt 0.217330 0.456457
vt 0.212974 0.468707
vt 0.229579 0.456457
vt 0.753584 0.423643
vt 0.765833 0.423645
vt 0.770189 0.427748
vt 0.770187 0.435895
vt 0.765829 0.448398
vt 0.746257 0.454946
vt 0.682113 0.454945
vt 0.311604 0.444206
vt 0.229579 0.444207
vt 0.671561 0.411381
vt 0.753586 0.411394
vt 0.118208 0.444221
vt 0.182353 0.444210
vt 0.677374 0.045743
vt 0.595349 0.045768
vt 0.544551 0.411404
vt 0.626576 0.411399
vt 0.009767 0.428047
vt 0.020532 0.428047
vt 0.020533 0.432798
vt 0.009768 0.432799
vt 0.393379 0.542312
vt 0.393376 0.501673
vt 0.404142 0.501673
vt 0.404143 0.531546
vt 0.009772 0.501696
vt 0.020537 0.501695
vt 0.020539 0.542334
vt 0.009773 0.531569
vt 0.009771 0.496944
vt 0.020536 0.496943
vt 0.393376 0.496922
vt 0.404141 0.496921
vt 0.009766 0.398174
vt 0.020530 0.387408
vt 0.393370 0.387387
vt 0.404136 0.398151
vt 0.766470 0.321351
vt 0.767227 0.324598
vt 0.747523 0.324630
vt 0.748699 0.321417
vt 0.804643 0.321558
vt 0.801743 0.324587
vt 0.804734 0.334272
vt 0.801903 0.331253
vt 0.766455 0.334709
vt 0.767211 0.331463
vt 0.748698 0.334637
vt 0.747523 0.331424
vt 0.683022 0.321410
vt 0.684194 0.324623
vt 0.660771 0.324621
vt 0.661973 0.321409
vt 0.683020 0.334626
vt 0.684193 0.331414
vt 0.661972 0.334624
vt 0.660770 0.331411
vt 0.594505 0.321402
vt 0.595707 0.324614
vt 0.572284 0.324612
vt 0.573457 0.321399
vt 0.594504 0.334617
vt 0.595707 0.331405
vt 0.573455 0.334615
vt 0.572284 0.331403
vt 0.507779 0.321388
vt 0.508954 0.324602
vt 0.489266 0.324562
vt 0.490022 0.321317
vt 0.507778 0.334608
vt 0.508954 0.331395
vt 0.490007 0.334674
vt 0.489250 0.331427
vt 0.451835 0.334467
vt 0.454735 0.331439
vt 0.451743 0.321754
vt 0.454575 0.324773
vt 0.748700 0.360689
vt 0.747524 0.357476
vt 0.767212 0.357512
vt 0.766457 0.360758
vt 0.683023 0.360690
vt 0.684194 0.357477
vt 0.661974 0.360691
vt 0.660771 0.357478
vt 0.748699 0.347470
vt 0.747524 0.350683
vt 0.684194 0.350686
vt 0.683022 0.347474
vt 0.766469 0.347401
vt 0.767227 0.350647
vt 0.660771 0.350688
vt 0.661973 0.347475
vt 0.801904 0.357296
vt 0.804736 0.360314
vt 0.801743 0.350630
vt 0.804642 0.347601
vt 0.594506 0.360695
vt 0.595708 0.357483
vt 0.573457 0.360697
vt 0.572285 0.357485
vt 0.595708 0.350692
vt 0.594505 0.347480
vt 0.572285 0.350694
vt 0.573456 0.347481
vt 0.507780 0.360701
vt 0.508955 0.357488
vt 0.490010 0.360770
vt 0.489252 0.357523
vt 0.508955 0.350694
vt 0.507779 0.347481
vt 0.489267 0.350658
vt 0.490022 0.347412
vt 0.451837 0.360569
vt 0.454736 0.357540
vt 0.451743 0.347855
vt 0.454575 0.350874
vt 0.339849 0.501676
vt 0.382714 0.516333
vt 0.345017 0.516402
vt 0.382714 0.527654
vt 0.339851 0.542315
vt 0.345017 0.527589
vt 0.253467 0.501682
vt 0.335492 0.501677
vt 0.327282 0.516492
vt 0.261680 0.516496
vt 0.335495 0.542315
vt 0.253470 0.542320
vt 0.261680 0.527505
vt 0.327282 0.527501
vt 0.164802 0.501687
vt 0.249111 0.501682
vt 0.240654 0.516506
vt 0.173261 0.516510
vt 0.249113 0.542320
vt 0.164804 0.542325
vt 0.173262 0.527501
vt 0.240655 0.527497
vt 0.078421 0.501692
vt 0.160446 0.501687
vt 0.152235 0.516502
vt 0.086633 0.516506
vt 0.160448 0.542326
vt 0.078423 0.542330
vt 0.086634 0.527515
vt 0.152236 0.527511
vt 0.031201 0.516353
vt 0.031202 0.527674
vt 0.074065 0.501692
vt 0.068898 0.516418
vt 0.074067 0.542331
vt 0.068899 0.527605
vt 0.335488 0.428029
vt 0.253463 0.428033
vt 0.261674 0.413218
vt 0.327276 0.413214
vt 0.253461 0.387395
vt 0.335486 0.387390
vt 0.327275 0.402206
vt 0.261673 0.402209
vt 0.339844 0.428028
vt 0.345011 0.413303
vt 0.382708 0.413367
vt 0.339842 0.387390
vt 0.382707 0.402046
vt 0.345010 0.402115
vt 0.249107 0.428034
vt 0.164798 0.428038
vt 0.173255 0.413214
vt 0.240648 0.413211
vt 0.164796 0.387400
vt 0.249104 0.387395
vt 0.240647 0.402219
vt 0.173254 0.402223
vt 0.160442 0.428039
vt 0.078417 0.428043
vt 0.086627 0.413228
vt 0.152229 0.413224
vt 0.078414 0.387405
vt 0.160439 0.387400
vt 0.152229 0.402216
vt 0.086627 0.402219
vt 0.074060 0.428044
vt 0.031195 0.413387
vt 0.068892 0.413318
vt 0.031195 0.402066
vt 0.074058 0.387405
vt 0.068892 0.402131
vt 0.395861 0.851207
vt 0.430517 0.851209
vt 0.430516 0.857993
vt 0.395861 0.857991
vt 0.450196 0.851211
vt 0.450195 0.857994
vt 0.513456 0.851214
vt 0.513455 0.857998
vt 0.536853 0.851216
vt 0.536852 0.857999
vt 0.601845 0.851220
vt 0.601844 0.858003
vt 0.625242 0.851221
vt 0.625242 0.858004
vt 0.688502 0.851225
vt 0.688502 0.858008
vt 0.708181 0.851226
vt 0.708181 0.858009
vt 0.742836 0.851228
vt 0.742836 0.858011
vt 0.742836 0.877487
vt 0.708181 0.877485
vt 0.708181 0.870702
vt 0.742836 0.870704
vt 0.688502 0.877484
vt 0.688502 0.870701
vt 0.625242 0.877481
vt 0.625242 0.870697
vt 0.601844 0.877479
vt 0.601845 0.870696
vt 0.536852 0.877476
vt 0.536853 0.870692
vt 0.513455 0.877475
vt 0.513456 0.870691
vt 0.450195 0.877471
vt 0.450196 0.870688
vt 0.430516 0.877470
vt 0.430517 0.870687
vt 0.395861 0.877468
vt 0.395861 0.870685
vt 0.772572 0.098005
vt 0.770779 0.096603
vt 0.770119 0.033362
vt 0.771893 0.031943
vt 0.766527 0.098687
vt 0.766425 0.096886
vt 0.684024 0.099231
vt 0.683994 0.097433
vt 0.765787 0.033127
vt 0.765878 0.031326
vt 0.684160 0.033042
vt 0.684185 0.031242
vt 0.679793 0.033050
vt 0.679796 0.031252
vt 0.679652 0.099224
vt 0.679648 0.097425
vt 0.595321 0.099208
vt 0.595324 0.097409
vt 0.595469 0.033035
vt 0.595465 0.031236
vt 0.591124 0.033027
vt 0.591093 0.031229
vt 0.590932 0.099218
vt 0.590957 0.097418
vt 0.509239 0.099134
vt 0.509329 0.097333
vt 0.508692 0.033574
vt 0.508590 0.031773
vt 0.504338 0.033857
vt 0.502545 0.032455
vt 0.503224 0.098517
vt 0.504998 0.097098
vt 0.341116 0.431508
vt 0.341120 0.498196
vt 0.335492 0.498197
vt 0.253467 0.498201
vt 0.253463 0.431513
vt 0.335488 0.431509
vt 0.249111 0.498202
vt 0.164802 0.498206
vt 0.164798 0.431519
vt 0.249107 0.431514
vt 0.160446 0.498207
vt 0.078421 0.498211
vt 0.078417 0.431524
vt 0.160442 0.431519
vt 0.072793 0.498212
vt 0.072789 0.431524
vt 0.372080 0.117307
vt 0.367724 0.117308
vt 0.367717 0.053163
vt 0.372073 0.053163
vt 0.285699 0.117316
vt 0.285692 0.053172
vt 0.281342 0.117317
vt 0.281336 0.053172
vt 0.197034 0.117326
vt 0.197027 0.053181
vt 0.192677 0.117326
vt 0.192671 0.053181
vt 0.110652 0.117334
vt 0.110646 0.053190
vt 0.106296 0.117335
vt 0.106289 0.053190
vt 0.422356 0.323181
vt 0.422360 0.259036
vt 0.436713 0.259037
vt 0.436708 0.323182
vt 0.422352 0.374696
vt 0.422355 0.327932
vt 0.436708 0.327933
vt 0.436706 0.360344
vt 0.044438 0.374670
vt 0.044442 0.327906
vt 0.100506 0.327910
vt 0.100503 0.374674
vt 0.044442 0.323155
vt 0.100507 0.323159
vt 0.044446 0.259010
vt 0.100511 0.259014
vt 0.044447 0.254258
vt 0.100511 0.254262
vt 0.044450 0.207495
vt 0.100515 0.207499
vt 0.030089 0.327905
vt 0.030086 0.360316
vt 0.030089 0.323154
vt 0.030093 0.259009
vt 0.030094 0.254257
vt 0.030096 0.221847
vt 0.104868 0.254262
vt 0.104871 0.207499
vt 0.186896 0.207505
vt 0.186893 0.254268
vt 0.104867 0.259014
vt 0.186892 0.259020
vt 0.104863 0.323159
vt 0.186888 0.323164
vt 0.104863 0.327910
vt 0.186888 0.327916
vt 0.104859 0.374674
vt 0.186884 0.374680
vt 0.191249 0.254268
vt 0.191252 0.207505
vt 0.275561 0.207511
vt 0.275558 0.254274
vt 0.191249 0.259020
vt 0.275558 0.259026
vt 0.191244 0.323165
vt 0.275553 0.323170
vt 0.191244 0.327916
vt 0.275553 0.327922
vt 0.191241 0.374680
vt 0.275550 0.374686
vt 0.279914 0.254274
vt 0.279917 0.207511
vt 0.361942 0.207516
vt 0.361939 0.254280
vt 0.279914 0.259026
vt 0.361939 0.259032
vt 0.279910 0.323171
vt 0.361934 0.323176
vt 0.279909 0.327923
vt 0.361934 0.327928
vt 0.279906 0.374686
vt 0.361931 0.374691
vt 0.366295 0.254280
vt 0.366299 0.207517
vt 0.366295 0.259032
vt 0.366291 0.323177
vt 0.366290 0.327928
vt 0.366287 0.374692
vt 0.021673 0.928645
vt 0.009789 0.933111
vt 0.009766 0.856395
vt 0.021479 0.860871
vt 0.031354 0.937642
vt 0.026439 0.948931
vt 0.026249 0.840351
vt 0.031162 0.851843
vt 0.093820 0.937467
vt 0.098728 0.948961
vt 0.103516 0.928453
vt 0.115227 0.932938
vt 0.098550 0.840393
vt 0.093635 0.851683
vt 0.103321 0.860668
vt 0.115205 0.856199
vt 0.020956 0.807747
vt 0.009766 0.812067
vt 0.009967 0.738020
vt 0.020982 0.742632
vt 0.029702 0.816444
vt 0.025250 0.827657
vt 0.025317 0.722645
vt 0.029575 0.733923
vt 0.325019 0.816409
vt 0.329278 0.827687
vt 0.333611 0.807699
vt 0.344627 0.812308
vt 0.329335 0.722673
vt 0.324884 0.733886
vt 0.333632 0.742585
vt 0.344821 0.738263
vt 0.138506 0.928655
vt 0.126621 0.933120
vt 0.126610 0.856404
vt 0.138323 0.860881
vt 0.148185 0.937654
vt 0.143268 0.948943
vt 0.143096 0.840362
vt 0.148008 0.851856
vt 0.210651 0.937490
vt 0.215557 0.948985
vt 0.220349 0.928477
vt 0.232059 0.932964
vt 0.215397 0.840417
vt 0.210480 0.851706
vt 0.220165 0.860693
vt 0.232049 0.856225
vt 0.877209 0.574895
vt 0.888399 0.570574
vt 0.888202 0.644621
vt 0.877187 0.640009
vt 0.868463 0.566198
vt 0.872914 0.554985
vt 0.872852 0.659997
vt 0.868593 0.648719
vt 0.573146 0.566248
vt 0.568886 0.554970
vt 0.564554 0.574959
vt 0.553538 0.570350
vt 0.568835 0.659984
vt 0.573285 0.648771
vt 0.564536 0.640073
vt 0.553347 0.644396
vt 0.860883 0.352388
vt 0.858194 0.352104
vt 0.858959 0.348724
vt 0.861426 0.349818
vt 0.860856 0.390855
vt 0.858159 0.391152
vt 0.861392 0.393429
vt 0.858952 0.394498
vt 0.867387 0.342989
vt 0.867659 0.345688
vt 0.865078 0.346206
vt 0.864037 0.343753
vt 0.908559 0.342986
vt 0.908254 0.345673
vt 0.911928 0.343765
vt 0.910821 0.346220
vt 0.917723 0.352166
vt 0.915027 0.352463
vt 0.914490 0.349888
vt 0.916930 0.348820
vt 0.917688 0.391214
vt 0.915000 0.390930
vt 0.916923 0.394593
vt 0.914457 0.393500
vt 0.908495 0.400329
vt 0.908223 0.397630
vt 0.910804 0.397112
vt 0.911845 0.399565
vt 0.867323 0.400332
vt 0.867628 0.397645
vt 0.863955 0.399553
vt 0.865061 0.397098
vt 0.610188 0.500514
vt 0.612876 0.500798
vt 0.612111 0.504178
vt 0.609645 0.503084
vt 0.610216 0.462047
vt 0.612912 0.461750
vt 0.609680 0.459473
vt 0.612119 0.458405
vt 0.603683 0.509913
vt 0.603411 0.507214
vt 0.605992 0.506696
vt 0.607033 0.509149
vt 0.562511 0.509915
vt 0.562816 0.507228
vt 0.559143 0.509136
vt 0.560249 0.506681
vt 0.553347 0.500735
vt 0.556044 0.500438
vt 0.556580 0.503012
vt 0.554140 0.504080
vt 0.553383 0.461686
vt 0.556072 0.461971
vt 0.554148 0.458307
vt 0.556615 0.459400
vt 0.562577 0.452572
vt 0.562848 0.455271
vt 0.560268 0.455789
vt 0.559227 0.453336
vt 0.603749 0.452570
vt 0.603443 0.455257
vt 0.607117 0.453349
vt 0.606010 0.455804
vt 0.861018 0.345729
vt 0.862892 0.347654
vt 0.914920 0.345814
vt 0.913007 0.347703
vt 0.914865 0.397588
vt 0.912990 0.395664
vt 0.860962 0.397503
vt 0.862875 0.395615
vt 0.610052 0.507173
vt 0.608178 0.505248
vt 0.556150 0.507086
vt 0.558063 0.505198
vt 0.556207 0.455312
vt 0.558082 0.457236
vt 0.610110 0.455399
vt 0.608197 0.457287
vt 0.042133 0.922591
vt 0.083008 0.922495
vt 0.033515 0.875358
vt 0.033617 0.914108
vt 0.082862 0.866725
vt 0.041989 0.866826
vt 0.091481 0.913963
vt 0.091377 0.875208
vt 0.158966 0.922605
vt 0.199841 0.922516
vt 0.150356 0.875370
vt 0.150452 0.914121
vt 0.199705 0.866746
vt 0.158832 0.866840
vt 0.208316 0.913986
vt 0.208218 0.875230
vt 0.086157 0.921860
vt 0.088981 0.919959
vt 0.090863 0.917121
vt 0.034252 0.917260
vt 0.036149 0.920087
vt 0.038982 0.921972
vt 0.038839 0.867461
vt 0.036015 0.869362
vt 0.034133 0.872200
vt 0.090742 0.872056
vt 0.088845 0.869229
vt 0.086013 0.867344
vt 0.202991 0.921881
vt 0.205815 0.919981
vt 0.207698 0.917143
vt 0.151086 0.917273
vt 0.152983 0.920100
vt 0.155816 0.921985
vt 0.155682 0.867475
vt 0.152857 0.869375
vt 0.150975 0.872213
vt 0.207584 0.872079
vt 0.205688 0.869251
vt 0.202855 0.867366
vt 0.097784 0.576543
vt 0.100383 0.577060
vt 0.054600 0.577061
vt 0.057199 0.576544
vt 0.102587 0.578533
vt 0.052397 0.578533
vt 0.104059 0.580736
vt 0.050924 0.580737
vt 0.104576 0.583335
vt 0.050407 0.583336
vt 0.104576 0.621743
vt 0.050408 0.621743
vt 0.104060 0.624342
vt 0.050925 0.624343
vt 0.102587 0.626545
vt 0.052397 0.626546
vt 0.100384 0.628018
vt 0.054601 0.628018
vt 0.097784 0.628535
vt 0.057200 0.628535
vt 0.819229 0.519780
vt 0.816630 0.519263
vt 0.862413 0.519265
vt 0.859814 0.519782
vt 0.814426 0.517790
vt 0.864616 0.517793
vt 0.812954 0.515587
vt 0.866089 0.515589
vt 0.812437 0.512987
vt 0.866606 0.512990
vt 0.812439 0.474580
vt 0.866608 0.474583
vt 0.812956 0.471981
vt 0.866091 0.471983
vt 0.814429 0.469777
vt 0.864619 0.469780
vt 0.816632 0.468305
vt 0.862415 0.468307
vt 0.819232 0.467788
vt 0.859816 0.467790
vt 0.641505 0.290769
vt 0.641505 0.291750
vt 0.553348 0.291743
vt 0.553348 0.290761
vt 0.641505 0.292731
vt 0.553348 0.292724
vt 0.641505 0.293712
vt 0.553348 0.293705
vt 0.641505 0.294693
vt 0.553348 0.294686
vt 0.641505 0.295674
vt 0.553348 0.295667
vt 0.641505 0.296655
vt 0.553348 0.296648
vt 0.641504 0.297636
vt 0.553348 0.297629
vt 0.641504 0.298618
vt 0.553348 0.298610
vt 0.641504 0.299599
vt 0.553348 0.299591
vt 0.641504 0.300580
vt 0.553347 0.300573
vt 0.641504 0.301561
vt 0.553347 0.301554
vt 0.641504 0.302542
vt 0.553347 0.302535
vt 0.641504 0.303523
vt 0.553347 0.303516
vt 0.641504 0.304504
vt 0.553347 0.304497
vt 0.641505 0.284882
vt 0.641505 0.285863
vt 0.553349 0.285856
vt 0.553349 0.284875
vt 0.641505 0.286844
vt 0.553349 0.286837
vt 0.641505 0.287825
vt 0.553348 0.287818
vt 0.641505 0.288807
vt 0.553348 0.288799
vt 0.641505 0.289788
vt 0.553348 0.289780
vt 0.743108 0.289800
vt 0.743108 0.290781
vt 0.654951 0.290785
vt 0.654951 0.289804
vt 0.743108 0.291762
vt 0.654951 0.291767
vt 0.743108 0.292743
vt 0.654952 0.292748
vt 0.743108 0.293724
vt 0.654952 0.293729
vt 0.743108 0.294705
vt 0.654952 0.294710
vt 0.743108 0.295686
vt 0.654952 0.295691
vt 0.743109 0.296667
vt 0.654952 0.296672
vt 0.743109 0.297648
vt 0.654952 0.297653
vt 0.743109 0.298630
vt 0.654952 0.298634
vt 0.743109 0.299611
vt 0.654952 0.299615
vt 0.743109 0.300592
vt 0.654952 0.300597
vt 0.743109 0.301573
vt 0.654952 0.301578
vt 0.743109 0.302554
vt 0.654952 0.302559
vt 0.743109 0.303535
vt 0.654952 0.303540
vt 0.743109 0.304516
vt 0.654952 0.304521
vt 0.743108 0.284894
vt 0.743108 0.285875
vt 0.654951 0.285880
vt 0.654951 0.284899
vt 0.743108 0.286856
vt 0.654951 0.286861
vt 0.743108 0.287837
vt 0.654951 0.287842
vt 0.743108 0.288818
vt 0.654951 0.288823
vt 0.915710 0.428733
vt 0.915709 0.429714
vt 0.847999 0.429701
vt 0.847999 0.428720
vt 0.915709 0.430695
vt 0.847999 0.430683
vt 0.915709 0.431676
vt 0.847999 0.431664
vt 0.915709 0.432657
vt 0.847999 0.432645
vt 0.915712 0.413035
vt 0.915712 0.414016
vt 0.848002 0.414004
vt 0.848002 0.413023
vt 0.915712 0.414997
vt 0.848002 0.414985
vt 0.915712 0.415978
vt 0.848002 0.415966
vt 0.915712 0.416959
vt 0.848002 0.416947
vt 0.915712 0.417940
vt 0.848001 0.417928
vt 0.915711 0.418922
vt 0.848001 0.418909
vt 0.915711 0.419903
vt 0.848001 0.419890
vt 0.915711 0.420884
vt 0.848001 0.420872
vt 0.915711 0.421865
vt 0.848001 0.421853
vt 0.915711 0.422846
vt 0.848001 0.422834
vt 0.915711 0.423827
vt 0.848000 0.423815
vt 0.915710 0.424808
vt 0.848000 0.424796
vt 0.915710 0.425789
vt 0.848000 0.425777
vt 0.915710 0.426770
vt 0.848000 0.426758
vt 0.915710 0.427752
vt 0.848000 0.427739
vt 0.539900 0.300566
vt 0.539900 0.301547
vt 0.451743 0.301536
vt 0.451744 0.300555
vt 0.539900 0.302528
vt 0.451743 0.302517
vt 0.539900 0.303509
vt 0.451743 0.303499
vt 0.539900 0.304490
vt 0.451743 0.304480
vt 0.539902 0.284868
vt 0.539902 0.285849
vt 0.451745 0.285839
vt 0.451745 0.284858
vt 0.539902 0.286830
vt 0.451745 0.286820
vt 0.539902 0.287811
vt 0.451745 0.287801
vt 0.539902 0.288792
vt 0.451745 0.288782
vt 0.539902 0.289773
vt 0.451745 0.289763
vt 0.539901 0.290755
vt 0.451745 0.290744
vt 0.539901 0.291736
vt 0.451745 0.291725
vt 0.539901 0.292717
vt 0.451744 0.292706
vt 0.539901 0.293698
vt 0.451744 0.293687
vt 0.539901 0.294679
vt 0.451744 0.294669
vt 0.539901 0.295660
vt 0.451744 0.295650
vt 0.539901 0.296641
vt 0.451744 0.296631
vt 0.539901 0.297622
vt 0.451744 0.297612
vt 0.539901 0.298603
vt 0.451744 0.298593
vt 0.539900 0.299584
vt 0.451744 0.299574
vt 0.346852 0.594768
vt 0.346852 0.595749
vt 0.258696 0.595746
vt 0.258696 0.594765
vt 0.346852 0.596731
vt 0.258696 0.596727
vt 0.346852 0.597712
vt 0.258696 0.597708
vt 0.346852 0.598693
vt 0.258695 0.598689
vt 0.346853 0.579071
vt 0.346853 0.580052
vt 0.258696 0.580048
vt 0.258696 0.579067
vt 0.346853 0.581033
vt 0.258696 0.581029
vt 0.346853 0.582014
vt 0.258696 0.582010
vt 0.346853 0.582995
vt 0.258696 0.582991
vt 0.346853 0.583976
vt 0.258696 0.583972
vt 0.346853 0.584957
vt 0.258696 0.584954
vt 0.346853 0.585939
vt 0.258696 0.585935
vt 0.346853 0.586920
vt 0.258696 0.586916
vt 0.346853 0.587901
vt 0.258696 0.587897
vt 0.346853 0.588882
vt 0.258696 0.588878
vt 0.346853 0.589863
vt 0.258696 0.589859
vt 0.346853 0.590844
vt 0.258696 0.590840
vt 0.346853 0.591825
vt 0.258696 0.591821
vt 0.346852 0.592806
vt 0.258696 0.592802
vt 0.346852 0.593787
vt 0.258696 0.593783
vt 0.250205 0.617268
vt 0.250204 0.618249
vt 0.182494 0.618240
vt 0.182494 0.617259
vt 0.250204 0.619230
vt 0.182494 0.619221
vt 0.250204 0.620211
vt 0.182494 0.620202
vt 0.250204 0.621192
vt 0.182494 0.621183
vt 0.250204 0.622174
vt 0.182494 0.622164
vt 0.250204 0.623155
vt 0.182493 0.623145
vt 0.250204 0.624136
vt 0.182493 0.624127
vt 0.250203 0.625117
vt 0.182493 0.625108
vt 0.250203 0.626098
vt 0.182493 0.626089
vt 0.250203 0.627079
vt 0.182493 0.627070
vt 0.250203 0.628060
vt 0.182493 0.628051
vt 0.250203 0.629041
vt 0.182493 0.629032
vt 0.250203 0.630022
vt 0.182493 0.630013
vt 0.250203 0.631003
vt 0.182492 0.630994
vt 0.250205 0.611381
vt 0.250205 0.612363
vt 0.182495 0.612353
vt 0.182495 0.611372
vt 0.250205 0.613344
vt 0.182495 0.613334
vt 0.250205 0.614325
vt 0.182495 0.614316
vt 0.250205 0.615306
vt 0.182495 0.615297
vt 0.250205 0.616287
vt 0.182494 0.616278
vn 0.707107 0.000000 -0.707106
vn 0.707107 0.000000 -0.707106
vn 0.707107 0.000000 -0.707106
vn 0.707107 0.000000 -0.707106
vn 0.707107 0.000000 0.707106
vn 0.707107 0.000000 0.707106
vn 0.707107 0.000000 0.707106
vn 0.707107 0.000000 0.707106
vn -0.707107 0.000000 0.707106
vn -0.707107 0.000000 0.707106
vn -0.707107 0.000000 0.707106
vn -0.707107 0.000000 0.707106
vn -0.707107 0.000000 -0.707106
vn -0.707107 0.000000 -0.707106
vn -0.707107 0.000000 -0.707106
vn -0.707107 0.000000 -0.707106
vn -0.499999 0.707102 -0.500008
vn -0.499999 0.707102 -0.500008
vn -0.499999 0.707102 -0.500008
vn -0.499999 0.707102 -0.500008
vn 0.000003 0.707099 -0.707115
vn 0.000003 0.707099 -0.707115
vn 0.000003 0.707099 -0.707115
vn 0.000003 0.707099 -0.707115
vn -0.707116 0.707098 0.000005
vn -0.707116 0.707098 0.000005
vn -0.707116 0.707098 0.000005
vn -0.707116 0.707098 0.000005
vn 0.000006 -0.707107 -0.707106
vn 0.000006 -0.707107 -0.707106
vn 0.000006 -0.707107 -0.707106
vn 0.000006 -0.707107 -0.707106
vn -0.500006 -0.707097 -0.500007
vn -0.500006 -0.707097 -0.500007
vn -0.500006 -0.707097 -0.500007
vn -0.500006 -0.707097 -0.500007
vn -0.707116 -0.707097 0.000007
vn -0.707116 -0.707098 0.000007
vn -0.707116 -0.707098 0.000007
vn -0.707116 -0.707098 0.000007
vn 0.703205 0.000642 -0.710986
vn 0.703205 0.000642 -0.710987
vn 0.703205 0.000642 -0.710987
vn 0.703205 0.000642 -0.710987
vn 0.710502 -0.000240 -0.703695
vn 0.710502 -0.000240 -0.703695
vn 0.710502 -0.000240 -0.703695
vn 0.710502 -0.000240 -0.703695
vn -0.710893 -0.000242 0.703300
vn -0.710893 -0.000242 0.703300
vn -0.710893 -0.000242 0.703300
vn -0.710893 -0.000242 0.703300
vn -0.703797 0.000637 0.710400
vn -0.703797 0.000637 0.710400
vn -0.703797 0.000637 0.710400
vn -0.703797 0.000637 0.710400
vn -0.500001 -0.707104 0.500002
vn -0.500001 -0.707104 0.500002
vn -0.500001 -0.707104 0.500002
vn -0.500001 -0.707104 0.500002
vn 0.000006 -0.707104 0.707110
vn 0.000006 -0.707104 0.707110
vn 0.000006 -0.707104 0.707110
vn 0.000006 -0.707104 0.707110
vn -0.707116 -0.707098 -0.000007
vn -0.707116 -0.707098 -0.000007
vn -0.707116 -0.707098 -0.000007
vn -0.707116 -0.707098 -0.000007
vn 0.000003 0.707099 0.707115
vn 0.000003 0.707099 0.707115
vn 0.000003 0.707099 0.707115
vn 0.000003 0.707099 0.707115
vn -0.500004 0.707095 0.500012
vn -0.500004 0.707096 0.500012
vn -0.500004 0.707095 0.500012
vn -0.500004 0.707096 0.500012
vn -0.707115 0.707098 -0.000005
vn -0.707115 0.707098 -0.000005
vn -0.707115 0.707098 -0.000005
vn -0.707115 0.707098 -0.000005
vn 0.703296 -0.000242 0.710897
vn 0.703296 -0.000242 0.710897
vn 0.703296 -0.000242 0.710897
vn 0.703296 -0.000242 0.710897
vn 0.710408 0.000636 0.703790
vn 0.710408 0.000636 0.703790
vn 0.710408 0.000636 0.703790
vn 0.710408 0.000636 0.703790
vn -0.710992 0.000643 -0.703200
vn -0.710992 0.000643 -0.703200
vn -0.710992 0.000643 -0.703200
vn -0.710992 0.000643 -0.703200
vn -0.703692 -0.000240 -0.710505
vn -0.703692 -0.000240 -0.710505
vn -0.703692 -0.000240 -0.710505
vn -0.703692 -0.000240 -0.710505
vn 0.500002 -0.707104 0.500002
vn 0.500002 -0.707104 0.500002
vn 0.500002 -0.707104 0.500002
vn 0.500002 -0.707104 0.500002
vn 0.707116 -0.707097 -0.000007
vn 0.707116 -0.707098 -0.000007
vn 0.707116 -0.707098 -0.000007
vn 0.707116 -0.707098 -0.000007
vn -0.000006 -0.707107 0.707106
vn -0.000006 -0.707107 0.707106
vn -0.000006 -0.707107 0.707106
vn -0.000006 -0.707107 0.707106
vn 0.707116 0.707098 -0.000005
vn 0.707116 0.707098 -0.000005
vn 0.707116 0.707098 -0.000005
vn 0.707116 0.707098 -0.000005
vn 0.499999 0.707102 0.500008
vn 0.499999 0.707102 0.500008
vn 0.499999 0.707102 0.500008
vn 0.499999 0.707102 0.500008
vn -0.000003 0.707099 0.707115
vn -0.000003 0.707099 0.707115
vn -0.000003 0.707099 0.707115
vn -0.000003 0.707099 0.707115
vn -0.703205 0.000642 0.710986
vn -0.703205 0.000642 0.710987
vn -0.703205 0.000642 0.710987
vn -0.703205 0.000642 0.710987
vn -0.710502 -0.000240 0.703695
vn -0.710502 -0.000240 0.703695
vn -0.710502 -0.000240 0.703695
vn -0.710502 -0.000240 0.703695
vn 0.710893 -0.000242 -0.703300
vn 0.710893 -0.000242 -0.703300
vn 0.710893 -0.000242 -0.703300
vn 0.710893 -0.000242 -0.703300
vn 0.703797 0.000637 -0.710400
vn 0.703797 0.000637 -0.710400
vn 0.703797 0.000637 -0.710400
vn 0.703797 0.000637 -0.710400
vn 0.499989 0.707116 -0.499998
vn 0.499989 0.707116 -0.499998
vn 0.499989 0.707116 -0.499998
vn 0.499989 0.707116 -0.499998
vn 0.707107 0.707106 0.000005
vn 0.707107 0.707106 0.000005
vn 0.707107 0.707106 0.000005
vn 0.707107 0.707106 0.000005
vn -0.000008 0.707112 -0.707102
vn -0.000008 0.707112 -0.707102
vn -0.000008 0.707112 -0.707102
vn -0.000008 0.707112 -0.707102
vn 0.707108 -0.707106 0.000007
vn 0.707108 -0.707106 0.000007
vn 0.707108 -0.707106 0.000007
vn 0.707108 -0.707106 0.000007
vn 0.499992 -0.707118 -0.499993
vn 0.499992 -0.707118 -0.499993
vn 0.499992 -0.707118 -0.499993
vn 0.499992 -0.707118 -0.499993
vn -0.000006 -0.707103 -0.707110
vn -0.000006 -0.707103 -0.707110
vn -0.000006 -0.707103 -0.707110
vn -0.000006 -0.707103 -0.707110
vn -0.703297 -0.000242 -0.710896
vn -0.703297 -0.000242 -0.710896
vn -0.703297 -0.000242 -0.710896
vn -0.703297 -0.000242 -0.710896
vn -0.710400 0.000636 -0.703798
vn -0.710400 0.000636 -0.703798
vn -0.710400 0.000636 -0.703798
vn -0.710400 0.000636 -0.703798
vn 0.710992 0.000643 0.703200
vn 0.710992 0.000643 0.703200
vn 0.710992 0.000643 0.703200
vn 0.710992 0.000643 0.703200
vn 0.703692 -0.000240 0.710505
vn 0.703692 -0.000240 0.710505
vn 0.703692 -0.000240 0.710505
vn 0.703692 -0.000240 0.710505
vn 0.000087 -0.720404 -0.693554
vn 0.000087 -0.720404 -0.693554
vn 0.000087 -0.720404 -0.693554
vn 0.000087 -0.720404 -0.693554
vn 0.499991 -0.707118 -0.499993
vn 0.499991 -0.707118 -0.499993
vn 0.499991 -0.707118 -0.499993
vn 0.499991 -0.707118 -0.499993
vn 0.697161 -0.716914 0.000328
vn 0.697161 -0.716914 0.000328
vn 0.697161 -0.716914 0.000328
vn 0.697161 -0.716914 0.000328
vn 0.499997 0.707114 -0.499992
vn 0.499997 0.707114 -0.499993
vn 0.499997 0.707114 -0.499992
vn 0.499997 0.707114 -0.499992
vn -0.000282 0.716914 -0.697161
vn -0.000282 0.716914 -0.697161
vn -0.000282 0.716914 -0.697161
vn -0.000282 0.716914 -0.697161
vn 0.693553 0.720406 -0.000102
vn 0.693553 0.720406 -0.000102
vn 0.693552 0.720406 -0.000102
vn 0.693553 0.720406 -0.000102
vn -0.000002 1.000000 0.000000
vn 0.000000 1.000000 -0.000007
vn 0.000000 1.000000 -0.000004
vn -0.000002 1.000000 0.000000
vn -0.675813 0.736477 -0.029643
vn -0.592992 0.790443 -0.153494
vn -0.693271 0.720677 0.000376
vn -0.693271 0.720677 0.000376
vn 0.000000 -1.000000 0.000000
vn 0.000002 -1.000000 0.000001
vn 0.000002 -1.000000 0.000001
vn 0.000000 -1.000000 0.000000
vn -0.601063 -0.785482 -0.147447
vn -0.678989 -0.733514 -0.030521
vn -0.695894 -0.718143 -0.001532
vn -0.695894 -0.718143 -0.001532
vn 0.001532 0.718147 0.695890
vn 0.001532 0.718147 0.695890
vn 0.147442 0.785481 0.601066
vn 0.030520 0.733517 0.678986
vn 0.000000 1.000000 -0.000006
vn 0.000000 1.000000 -0.000002
vn 0.000000 1.000000 -0.000002
vn 0.000000 1.000000 -0.000009
vn -0.000373 -0.720677 0.693271
vn -0.000373 -0.720677 0.693271
vn 0.029645 -0.736477 0.675813
vn 0.153492 -0.790444 0.592991
vn -0.000000 -1.000000 0.000003
vn 0.000000 -1.000000 0.000010
vn 0.000000 -1.000000 0.000011
vn -0.000000 -1.000000 0.000003
vn -0.695894 0.718143 0.001532
vn -0.695894 0.718143 0.001532
vn -0.601058 0.785487 0.147441
vn -0.678988 0.733515 0.030520
vn 0.000000 1.000000 -0.000004
vn 0.000002 1.000000 0.000002
vn 0.000002 1.000000 0.000002
vn 0.000000 1.000000 -0.000002
vn 0.000088 0.720412 0.693546
vn 0.000088 0.720412 0.693546
vn 0.000088 0.720412 0.693546
vn 0.000088 0.720412 0.693546
vn -0.693276 -0.720673 -0.000375
vn -0.693276 -0.720673 -0.000375
vn -0.675816 -0.736474 0.029644
vn -0.592991 -0.790444 0.153495
vn -0.000002 -1.000000 -0.000003
vn 0.000000 -1.000000 0.000000
vn 0.000000 -1.000000 0.000000
vn -0.000002 -1.000000 -0.000003
vn -0.000282 -0.716922 0.697154
vn -0.000282 -0.716922 0.697153
vn -0.000282 -0.716922 0.697154
vn -0.000282 -0.716922 0.697154
vn 0.500002 0.707107 0.499997
vn 0.500002 0.707107 0.499997
vn 0.500002 0.707107 0.499997
vn 0.500002 0.707107 0.499997
vn 0.500005 -0.707098 0.500007
vn 0.500005 -0.707098 0.500007
vn 0.500005 -0.707098 0.500007
vn 0.500005 -0.707098 0.500007
vn 0.697163 0.716912 -0.000325
vn 0.697163 0.716912 -0.000325
vn 0.697163 0.716912 -0.000325
vn 0.697163 0.716912 -0.000325
vn 0.693550 -0.720408 0.000099
vn 0.693550 -0.720408 0.000099
vn 0.693551 -0.720408 0.000099
vn 0.693550 -0.720408 0.000099
vn 0.000000 1.000000 0.000002
vn 0.000000 1.000000 -0.000010
vn 0.000000 1.000000 -0.000011
vn 0.000000 1.000000 0.000002
vn 0.029645 0.736481 -0.675809
vn 0.153493 0.790440 -0.592996
vn -0.000373 0.720682 -0.693266
vn -0.000373 0.720682 -0.693266
vn 0.000000 -1.000000 0.000004
vn -0.000000 -1.000000 -0.000002
vn -0.000000 -1.000000 -0.000002
vn 0.000000 -1.000000 0.000002
vn 0.147440 -0.785485 -0.601061
vn 0.030520 -0.733513 -0.678990
vn 0.001532 -0.718142 -0.695895
vn 0.001532 -0.718142 -0.695895
vn -0.000085 -0.720405 0.693554
vn -0.000085 -0.720405 0.693554
vn -0.000085 -0.720405 0.693554
vn -0.000085 -0.720405 0.693554
vn -0.500001 -0.707105 0.500002
vn -0.500001 -0.707105 0.500002
vn -0.500001 -0.707105 0.500002
vn -0.500001 -0.707105 0.500002
vn -0.697161 -0.716914 -0.000328
vn -0.697161 -0.716914 -0.000328
vn -0.697161 -0.716914 -0.000328
vn -0.697161 -0.716914 -0.000328
vn -0.500007 0.707100 0.500002
vn -0.500007 0.707100 0.500002
vn -0.500007 0.707100 0.500002
vn -0.500007 0.707100 0.500002
vn 0.000279 0.716915 0.697161
vn 0.000279 0.716915 0.697161
vn 0.000279 0.716915 0.697161
vn 0.000279 0.716915 0.697161
vn -0.693553 0.720406 0.000102
vn -0.693553 0.720406 0.000102
vn -0.693552 0.720406 0.000102
vn -0.693553 0.720406 0.000102
vn -0.000002 1.000000 0.000004
vn 0.000000 1.000000 0.000000
vn 0.000000 1.000000 0.000000
vn -0.000002 1.000000 0.000004
vn 0.675812 0.736478 0.029645
vn 0.592989 0.790445 0.153495
vn 0.693271 0.720677 -0.000374
vn 0.693271 0.720677 -0.000374
vn 0.000000 -1.000000 -0.000004
vn 0.000002 -1.000000 -0.000003
vn 0.000002 -1.000000 -0.000003
vn 0.000000 -1.000000 -0.000002
vn 0.601058 -0.785486 0.147445
vn 0.678989 -0.733514 0.030519
vn 0.695894 -0.718143 0.001530
vn 0.695894 -0.718143 0.001530
vn -0.001532 0.718147 -0.695890
vn -0.001532 0.718147 -0.695890
vn -0.147442 0.785481 -0.601066
vn -0.030520 0.733517 -0.678986
vn 0.000000 1.000000 0.000001
vn -0.000000 1.000000 0.000002
vn -0.000000 1.000000 0.000002
vn 0.000000 1.000000 -0.000005
vn 0.000373 -0.720677 -0.693271
vn 0.000373 -0.720677 -0.693271
vn -0.029645 -0.736477 -0.675813
vn -0.153492 -0.790444 -0.592991
vn 0.000000 -1.000000 -0.000003
vn 0.000000 -1.000000 -0.000007
vn 0.000000 -1.000000 -0.000004
vn 0.000000 -1.000000 -0.000003
vn -0.693550 -0.720408 -0.000099
vn -0.693550 -0.720408 -0.000099
vn -0.693551 -0.720408 -0.000099
vn -0.693550 -0.720408 -0.000099
vn -0.500001 -0.707105 -0.500002
vn -0.500001 -0.707105 -0.500002
vn -0.500001 -0.707105 -0.500002
vn -0.500001 -0.707105 -0.500002
vn 0.000282 -0.716922 -0.697153
vn 0.000282 -0.716922 -0.697153
vn 0.000282 -0.716922 -0.697153
vn 0.000282 -0.716922 -0.697153
vn -0.500007 0.707100 -0.500002
vn -0.500007 0.707100 -0.500002
vn -0.500007 0.707100 -0.500002
vn -0.500007 0.707100 -0.500002
vn -0.697163 0.716912 0.000325
vn -0.697163 0.716912 0.000325
vn -0.697163 0.716912 0.000325
vn -0.697163 0.716912 0.000325
vn -0.000088 0.720412 -0.693546
vn -0.000088 0.720412 -0.693546
vn -0.000088 0.720412 -0.693546
vn -0.000088 0.720412 -0.693547
vn -0.000000 1.000000 -0.000002
vn 0.000000 1.000000 0.000010
vn 0.000000 1.000000 0.000011
vn -0.000000 1.000000 -0.000002
vn -0.029645 0.736481 0.675809
vn -0.153493 0.790440 0.592996
vn 0.000373 0.720682 0.693266
vn 0.000373 0.720682 0.693266
vn 0.000000 -1.000000 -0.000004
vn 0.000000 -1.000000 0.000002
vn 0.000000 -1.000000 0.000002
vn 0.000000 -1.000000 -0.000002
vn -0.147440 -0.785485 0.601061
vn -0.030520 -0.733513 0.678990
vn -0.001532 -0.718142 0.695895
vn -0.001532 -0.718142 0.695895
vn 0.695894 0.718143 -0.001532
vn 0.695894 0.718143 -0.001532
vn 0.601058 0.785487 -0.147441
vn 0.678988 0.733515 -0.030520
vn 0.000000 1.000000 0.000004
vn -0.000002 1.000000 -0.000002
vn -0.000002 1.000000 -0.000002
vn 0.000000 1.000000 0.000002
vn 0.693276 -0.720673 0.000375
vn 0.693276 -0.720673 0.000375
vn 0.675816 -0.736474 -0.029644
vn 0.592991 -0.790444 -0.153495
vn 0.000002 -1.000000 0.000003
vn 0.000000 -1.000000 0.000000
vn 0.000000 -1.000000 0.000000
vn 0.000002 -1.000000 0.000003
vn -0.707101 0.000000 -0.707113
vn -0.707101 0.000000 -0.707113
vn -0.707101 0.000000 -0.707113
vn -0.707101 0.000000 -0.707113
vn 0.707103 0.000000 0.707111
vn 0.707103 0.000000 0.707111
vn 0.707103 0.000000 0.707111
vn 0.707103 0.000000 0.707111
vn -0.707101 0.000000 0.707113
vn -0.707101 0.000000 0.707113
vn -0.707101 0.000000 0.707113
vn -0.707101 0.000000 0.707113
vn 0.707103 0.000000 -0.707111
vn 0.707103 0.000000 -0.707111
vn 0.707103 0.000000 -0.707111
vn 0.707103 0.000000 -0.707111
vn 0.707101 0.000000 0.707113
vn 0.707101 0.000000 0.707113
vn 0.707101 0.000000 0.707113
vn 0.707101 0.000000 0.707113
vn -0.707103 0.000000 -0.707111
vn -0.707103 0.000000 -0.707111
vn -0.707103 0.000000 -0.707111
vn -0.707103 0.000000 -0.707111
vn -0.707103 0.000000 0.707111
vn -0.707103 0.000000 0.707111
vn -0.707103 0.000000 0.707111
vn -0.707103 0.000000 0.707111
vn 0.707101 0.000000 -0.707113
vn 0.707101 0.000000 -0.707113
vn 0.707101 0.000000 -0.707113
vn 0.707101 0.000000 -0.707113
vn -0.000000 1.000000 0.000002
vn 0.000002 1.000000 -0.000000
vn 0.000002 1.000000 -0.000000
vn -0.000000 1.000000 0.000002
vn 0.000003 -1.000000 -0.000001
vn -0.000001 -1.000000 0.000003
vn -0.000001 -1.000000 0.000003
vn 0.000003 -1.000000 -0.000001
vn 0.000005 1.000000 -0.000000
vn 0.000005 1.000000 -0.000000
vn 0.000009 -1.000000 -0.000002
vn 0.000009 -1.000000 -0.000002
vn -0.000002 -1.000000 0.000010
vn -0.000002 -1.000000 0.000010
vn -0.000001 1.000000 0.000006
vn -0.000001 1.000000 0.000006
vn -0.000001 -1.000000 -0.000003
vn 0.000003 -1.000000 0.000001
vn 0.000003 -1.000000 0.000001
vn -0.000001 -1.000000 -0.000003
vn 0.000002 1.000000 -0.000000
vn -0.000000 1.000000 -0.000002
vn -0.000000 1.000000 -0.000002
vn 0.000002 1.000000 -0.000000
vn 0.000009 -1.000000 0.000002
vn 0.000009 -1.000000 0.000002
vn 0.000005 1.000000 0.000000
vn 0.000005 1.000000 0.000000
vn -0.000001 1.000000 -0.000006
vn -0.000001 1.000000 -0.000006
vn -0.000002 -1.000000 -0.000010
vn -0.000002 -1.000000 -0.000010
vn -0.000003 -1.000000 0.000001
vn 0.000001 -1.000000 -0.000003
vn 0.000001 -1.000000 -0.000003
vn -0.000003 -1.000000 0.000001
vn 0.000000 1.000000 -0.000002
vn -0.000002 1.000000 0.000000
vn -0.000002 1.000000 0.000000
vn 0.000000 1.000000 -0.000002
vn -0.000005 1.000000 0.000000
vn -0.000005 1.000000 0.000000
vn -0.000009 -1.000000 0.000002
vn -0.000009 -1.000000 0.000002
vn 0.000002 -1.000000 -0.000010
vn 0.000002 -1.000000 -0.000010
vn 0.000001 1.000000 -0.000006
vn 0.000001 1.000000 -0.000006
vn -0.000004 1.000000 -0.000001
vn 0.000000 1.000000 0.000002
vn 0.000000 1.000000 0.000002
vn -0.000004 1.000000 -0.000001
vn 0.000001 -1.000000 0.000003
vn -0.000003 -1.000000 -0.000000
vn -0.000003 -1.000000 -0.000000
vn 0.000001 -1.000000 0.000003
vn -0.000009 -1.000000 -0.000002
vn -0.000009 -1.000000 -0.000002
vn -0.000012 1.000000 -0.000004
vn -0.000012 1.000000 -0.000004
vn 0.000001 1.000000 0.000006
vn 0.000001 1.000000 0.000006
vn 0.000002 -1.000000 0.000010
vn 0.000002 -1.000000 0.000010
vn -0.000000 0.000000 -1.000000
vn -0.000000 0.000000 -1.000000
vn -0.000000 0.000000 -1.000000
vn -0.000000 0.000000 -1.000000
vn -1.000000 0.000000 0.000000
vn -1.000000 0.000000 0.000000
vn -1.000000 0.000000 0.000000
vn -1.000000 0.000000 0.000000
vn 0.000000 0.000000 1.000000
vn 0.000000 0.000000 1.000000
vn 0.000000 0.000000 1.000000
vn 0.000000 0.000000 1.000000
vn 1.000000 0.000000 0.000000
vn 1.000000 0.000000 0.000000
vn 1.000000 0.000000 0.000000
vn 1.000000 0.000000 0.000000
vn -1.000000 0.000000 0.000000
vn -1.000000 0.000000 0.000000
vn -1.000000 0.000000 0.000000
vn -1.000000 0.000000 0.000000
vn 0.000000 0.000000 1.000000
vn 0.000000 0.000000 1.000000
vn 0.000000 0.000000 1.000000
vn 0.000000 0.000000 1.000000
vn 1.000000 0.000000 0.000000
vn 1.000000 0.000000 0.000000
vn 1.000000 0.000000 0.000000
vn 1.000000 0.000000 0.000000
vn 0.000000 0.000000 -1.000000
vn 0.000000 0.000000 -1.000000
vn 0.000000 0.000000 -1.000000
vn 0.000000 0.000000 -1.000000
vn -0.000000 0.000000 1.000000
vn -0.000000 0.000000 1.000000
vn -0.000000 0.000000 1.000000
vn -0.000000 0.000000 1.000000
vn 1.000000 0.000000 0.000000
vn 1.000000 0.000000 0.000000
vn 1.000000 0.000000 0.000000
vn 1.000000 0.000000 0.000000
vn 0.000000 0.000000 -1.000000
vn 0.000000 0.000000 -1.000000
vn 0.000000 0.000000 -1.000000
vn 0.000000 0.000000 -1.000000
vn -1.000000 0.000000 0.000000
vn -1.000000 0.000000 0.000000
vn -1.000000 0.000000 0.000000
vn -1.000000 0.000000 0.000000
vn -1.000000 0.000000 0.000000
vn -1.000000 0.000000 0.000000
vn -1.000000 0.000000 0.000000
vn -1.000000 0.000000 0.000000
vn 0.000000 0.000000 1.000000
vn 0.000000 0.000000 1.000000
vn 0.000000 0.000000 1.000000
vn 0.000000 0.000000 1.000000
vn 1.000000 0.000000 0.000000
vn 1.000000 0.000000 0.000000
vn 1.000000 0.000000 0.000000
vn 1.000000 0.000000 0.000000
vn -0.000000 0.000000 -1.000000
vn -0.000000 0.000000 -1.000000
vn -0.000000 0.000000 -1.000000
vn -0.000000 0.000000 -1.000000
vn -0.707107 0.000000 -0.707107
vn -0.707107 0.000000 -0.707107
vn -0.707107 0.000000 -0.707107
vn -0.707107 0.000000 -0.707107
vn -0.000000 0.000000 -1.000000
vn -0.000000 0.000000 -1.000000
vn -0.000000 0.000000 -1.000000
vn -0.000000 0.000000 -1.000000
vn -1.000000 0.000001 0.000000
vn -1.000000 0.000001 0.000000
vn -1.000000 0.000001 0.000000
vn -1.000000 0.000001 0.000000
vn -0.707107 0.000000 0.707107
vn -0.707107 0.000000 0.707107
vn -0.707107 0.000000 0.707107
vn -0.707107 0.000000 0.707107
vn 0.000000 0.000000 1.000000
vn 0.000000 0.000000 1.000000
vn 0.000000 0.000000 1.000000
vn 0.000000 0.000000 1.000000
vn -1.000000 0.000000 0.000000
vn -1.000000 0.000000 0.000000
vn -1.000000 0.000000 0.000000
vn -1.000000 0.000000 0.000000
vn 0.707107 0.000000 0.707107
vn 0.707107 0.000000 0.707107
vn 0.707107 0.000000 0.707107
vn 0.707107 0.000000 0.707107
vn 0.000000 0.000000 1.000000
vn 0.000000 0.000000 1.000000
vn 0.000000 0.000000 1.000000
vn 0.000000 0.000000 1.000000
vn 1.000000 0.000001 0.000000
vn 1.000000 0.000001 0.000000
vn 1.000000 0.000001 0.000000
vn 1.000000 0.000001 0.000000
vn 0.707107 0.000000 -0.707107
vn 0.707107 0.000000 -0.707107
vn 0.707107 0.000000 -0.707107
vn 0.707107 0.000000 -0.707107
vn 0.000000 0.000000 -1.000000
vn 0.000000 0.000000 -1.000000
vn 0.000000 0.000000 -1.000000
vn 0.000000 0.000000 -1.000000
vn 1.000000 -0.000001 0.000000
vn 1.000000 -0.000001 0.000000
vn 1.000000 -0.000001 0.000000
vn 1.000000 -0.000001 0.000000
vn 1.000000 0.000000 0.000000
vn 1.000000 0.000000 0.000000
vn 1.000000 0.000000 0.000000
vn 1.000000 0.000000 0.000000
vn 0.000000 0.000000 1.000000
vn 0.000000 0.000000 1.000000
vn 0.000000 0.000000 1.000000
vn 0.000000 0.000000 1.000000
vn 1.000000 -0.000000 0.000000
vn 1.000000 -0.000000 0.000000
vn 1.000000 -0.000000 0.000000
vn 1.000000 -0.000000 0.000000
vn 0.000000 0.000000 -1.000000
vn 0.000000 0.000000 -1.000000
vn 0.000000 0.000000 -1.000000
vn 0.000000 0.000000 -1.000000
vn -1.000000 0.000000 0.000000
vn -1.000000 0.000000 0.000000
vn -1.000000 0.000000 0.000000
vn -1.000000 0.000000 0.000000
vn 0.000000 0.000000 -1.000000
vn 0.000000 0.000000 -1.000000
vn 0.000000 0.000000 -1.000000
vn 0.000000 0.000000 -1.000000
vn -1.000000 -0.000000 0.000000
vn -1.000000 -0.000000 0.000000
vn -1.000000 -0.000000 0.000000
vn -1.000000 -0.000000 0.000000
vn 0.000000 0.000000 1.000000
vn 0.000000 0.000000 1.000000
vn 0.000000 0.000000 1.000000
vn 0.000000 0.000000 1.000000
vn 0.000001 0.000000 -1.000000
vn 0.000001 0.000000 -1.000000
vn 0.000001 0.000000 -1.000000
vn 0.000001 0.000000 -1.000000
vn -1.000000 -0.000000 0.000000
vn -1.000000 -0.000000 0.000000
vn -1.000000 -0.000000 0.000000
vn -1.000000 -0.000000 0.000000
vn 0.000000 0.000000 1.000000
vn 0.000000 0.000000 1.000000
vn 0.000000 0.000000 1.000000
vn 0.000000 0.000000 1.000000
vn 1.000000 0.000000 0.000000
vn 1.000000 0.000000 0.000000
vn 1.000000 0.000000 0.000000
vn 1.000000 0.000000 0.000000
vn 0.707107 0.000000 -0.707107
vn 0.707107 0.000000 -0.707107
vn 0.707107 0.000000 -0.707107
vn 0.707107 0.000000 -0.707107
vn -1.000000 0.000000 0.000000
vn -1.000000 0.000000 0.000000
vn -1.000000 0.000000 0.000000
vn -1.000000 0.000000 0.000000
vn 0.000000 0.000000 1.000000
vn 0.000000 0.000000 1.000000
vn 0.000000 0.000000 1.000000
vn 0.000000 0.000000 1.000000
vn 0.707107 0.000000 0.707107
vn 0.707107 0.000000 0.707107
vn 0.707107 0.000000 0.707107
vn 0.707107 0.000000 0.707107
vn 1.000000 -0.000000 0.000000
vn 1.000000 -0.000000 0.000000
vn 1.000000 -0.000000 0.000000
vn 1.000000 -0.000000 0.000000
vn 0.000000 0.000000 -1.000000
vn 0.000000 0.000000 -1.000000
vn 0.000000 0.000000 -1.000000
vn 0.000000 0.000000 -1.000000
vn -0.000001 0.000000 1.000000
vn -0.000001 0.000000 1.000000
vn -0.000001 0.000000 1.000000
vn -0.000001 0.000000 1.000000
vn 1.000000 0.000000 0.000000
vn 1.000000 0.000000 0.000000
vn 1.000000 0.000000 0.000000
vn 1.000000 0.000000 0.000000
vn 0.000000 0.000000 -1.000000
vn 0.000000 0.000000 -1.000000
vn 0.000000 0.000000 -1.000000
vn 0.000000 0.000000 -1.000000
vn -1.000000 -0.000000 0.000000
vn -1.000000 -0.000000 0.000000
vn -1.000000 -0.000000 0.000000
vn -1.000000 -0.000000 0.000000
vn -0.707107 0.000000 0.707107
vn -0.707107 0.000000 0.707107
vn -0.707107 0.000000 0.707107
vn -0.707107 0.000000 0.707107
vn -1.000000 0.000000 0.000000
vn -1.000000 0.000000 0.000000
vn -1.000000 0.000000 0.000000
vn -1.000000 0.000000 0.000000
vn 0.000000 0.000000 1.000000
vn 0.000000 0.000000 1.000000
vn 0.000000 0.000000 1.000000
vn 0.000000 0.000000 1.000000
vn 1.000000 0.000000 0.000000
vn 1.000000 0.000000 0.000000
vn 1.000000 0.000000 0.000000
vn 1.000000 0.000000 0.000000
vn -0.000000 0.000000 -1.000000
vn -0.000000 0.000000 -1.000000
vn -0.000000 0.000000 -1.000000
vn -0.000000 0.000000 -1.000000
vn -0.707107 0.000000 -0.707107
vn -0.707107 0.000000 -0.707107
vn -0.707107 0.000000 -0.707107
vn -0.707107 0.000000 -0.707107
vn 0.000001 -1.000000 0.000002
vn -0.000000 -1.000000 0.000003
vn -0.000000 -1.000000 0.000003
vn 0.000001 -1.000000 0.000002
vn 0.000000 1.000000 -0.000004
vn -0.000001 1.000000 -0.000003
vn -0.000001 1.000000 -0.000003
vn 0.000000 1.000000 -0.000004
vn 0.000000 1.000000 0.000000
vn 0.000000 1.000000 0.000000
vn 0.000000 -1.000000 0.000000
vn 0.000000 -1.000000 0.000000
vn 0.000000 1.000000 -0.000013
vn 0.000000 1.000000 -0.000013
vn 0.000000 -1.000000 0.000013
vn 0.000000 -1.000000 0.000013
vn 0.000000 1.000000 0.000000
vn 0.000000 1.000000 0.000000
vn 0.000000 -1.000000 0.000000
vn 0.000000 -1.000000 0.000000
vn 0.000001 1.000000 0.000003
vn 0.000001 1.000000 0.000003
vn -0.000001 -1.000000 -0.000004
vn -0.000001 -1.000000 -0.000004
vn 0.000000 1.000000 0.000003
vn 0.000000 1.000000 0.000003
vn -0.000000 -1.000000 -0.000004
vn -0.000000 -1.000000 -0.000004
vn 0.000000 1.000000 -0.000013
vn 0.000000 1.000000 -0.000013
vn 0.000000 -1.000000 0.000000
vn 0.000000 -1.000000 0.000000
vn 0.000001 -1.000000 -0.000003
vn 0.000000 -1.000000 -0.000003
vn 0.000000 -1.000000 -0.000003
vn 0.000001 -1.000000 -0.000003
vn -0.000000 1.000000 0.000004
vn -0.000001 1.000000 0.000004
vn -0.000001 1.000000 0.000004
vn -0.000000 1.000000 0.000004
vn 0.000000 1.000000 0.000000
vn 0.000000 1.000000 0.000000
vn 0.000000 -1.000000 0.000000
vn 0.000000 -1.000000 0.000000
vn 0.000000 1.000000 -0.000013
vn 0.000000 1.000000 -0.000013
vn 0.000000 -1.000000 0.000000
vn 0.000000 -1.000000 0.000000
vn 0.000000 -1.000000 0.000004
vn 0.000001 -1.000000 0.000004
vn 0.000001 -1.000000 0.000004
vn 0.000000 -1.000000 0.000004
vn -0.000001 1.000000 -0.000003
vn -0.000000 1.000000 -0.000003
vn -0.000000 1.000000 -0.000003
vn -0.000001 1.000000 -0.000003
vn 0.000000 1.000000 0.000013
vn 0.000000 1.000000 0.000013
vn 0.000000 -1.000000 0.000000
vn 0.000000 -1.000000 0.000000
vn 0.000000 1.000000 0.000000
vn 0.000000 1.000000 0.000000
vn 0.000000 -1.000000 0.000000
vn 0.000000 -1.000000 0.000000
vn -0.525382 0.816659 -0.238832
vn -0.525382 0.816659 -0.238832
vn -0.537230 -0.811796 -0.228848
vn -0.537230 -0.811796 -0.228848
vn 0.228842 0.811794 0.537235
vn 0.228842 0.811794 0.537235
vn 0.238830 -0.816663 0.525379
vn 0.238830 -0.816663 0.525379
vn -0.537223 0.811803 0.228839
vn -0.537223 0.811803 0.228839
vn -0.525378 -0.816662 0.238832
vn -0.525378 -0.816662 0.238832
vn 0.238830 0.816655 -0.525391
vn 0.238830 0.816655 -0.525391
vn 0.228840 -0.811802 -0.537224
vn 0.228840 -0.811802 -0.537223
vn 0.525378 0.816663 0.238830
vn 0.525378 0.816663 0.238830
vn 0.537222 -0.811802 0.228845
vn 0.537222 -0.811802 0.228845
vn -0.228842 0.811794 -0.537235
vn -0.228842 0.811794 -0.537235
vn -0.238830 -0.816663 -0.525379
vn -0.238830 -0.816663 -0.525379
vn -0.238830 0.816655 0.525391
vn -0.238830 0.816655 0.525391
vn -0.228840 -0.811802 0.537224
vn -0.228840 -0.811802 0.537223
vn 0.537223 0.811803 -0.228839
vn 0.537223 0.811803 -0.228839
vn 0.525378 -0.816662 -0.238832
vn 0.525378 -0.816662 -0.238832
vn -0.391590 0.832655 0.391591
vn -0.391590 0.832655 0.391591
vn -0.391590 0.832655 0.391591
vn -0.391590 0.832655 0.391591
vn -0.391590 0.832654 -0.391591
vn -0.391590 0.832655 -0.391591
vn -0.391590 0.832654 -0.391591
vn -0.391590 0.832655 -0.391591
vn 0.391590 0.832655 0.391591
vn 0.391590 0.832655 0.391591
vn 0.391590 0.832655 0.391591
vn 0.391590 0.832655 0.391591
vn 0.391590 0.832655 -0.391591
vn 0.391590 0.832655 -0.391591
vn 0.391590 0.832655 -0.391591
vn 0.391590 0.832655 -0.391591
vn 0.000000 1.000000 0.000000
vn 0.000000 1.000000 0.000000
vn 0.000000 1.000000 -0.000000
vn 0.000000 1.000000 0.000000
vn -0.500000 -0.707107 0.500000
vn -0.500000 -0.707107 0.500000
vn -0.500000 -0.707107 0.500000
vn -0.500000 -0.707107 0.500000
vn 0.500000 -0.707107 0.499999
vn 0.500000 -0.707107 0.499999
vn 0.500000 -0.707107 0.499999
vn 0.500000 -0.707107 0.499999
vn -0.500000 -0.707107 -0.500000
vn -0.500000 -0.707107 -0.500000
vn -0.500000 -0.707107 -0.500000
vn -0.500000 -0.707107 -0.500000
vn 0.500000 -0.707107 -0.500000
vn 0.500000 -0.707107 -0.500000
vn 0.500000 -0.707107 -0.500000
vn 0.500000 -0.707107 -0.500000
vn 0.000000 -1.000000 0.000000
vn 0.000000 -1.000000 0.000000
vn 0.000000 -1.000000 0.000000
vn 0.000000 -1.000000 0.000000
vn -0.707107 0.000000 0.707107
vn -0.707107 0.000000 0.707107
vn -0.707107 0.000000 0.707107
vn -0.707107 0.000000 0.707107
vn 0.707107 0.000000 0.707107
vn 0.707107 0.000000 0.707107
vn 0.707107 0.000000 0.707107
vn 0.707107 0.000000 0.707107
vn -0.707107 0.000000 -0.707107
vn -0.707107 0.000000 -0.707107
vn -0.707107 0.000000 -0.707107
vn -0.707107 0.000000 -0.707107
vn 0.707107 0.000000 -0.707107
vn 0.707107 0.000000 -0.707107
vn 0.707107 0.000000 -0.707107
vn 0.707107 0.000000 -0.707107
vn 0.000103 -0.000023 1.000000
vn 0.000128 0.000035 1.000000
vn 0.000165 0.000007 1.000000
vn 0.000162 0.000005 1.000000
vn -0.000124 0.000018 1.000000
vn -0.000103 -0.000040 1.000000
vn -0.000163 -0.000007 1.000000
vn -0.000159 -0.000005 1.000000
vn 0.000124 0.000018 -1.000000
vn 0.000103 -0.000040 -1.000000
vn 0.000163 -0.000007 -1.000000
vn 0.000159 -0.000005 -1.000000
vn -0.000103 -0.000023 -1.000000
vn -0.000128 0.000035 -1.000000
vn -0.000165 0.000007 -1.000000
vn -0.000162 0.000005 -1.000000
vn 1.000000 -0.000008 -0.000064
vn 1.000000 0.000026 -0.000075
vn 1.000000 0.000004 -0.000092
vn 1.000000 0.000004 -0.000090
vn 1.000000 0.000006 0.000073
vn 1.000000 -0.000031 0.000062
vn 1.000000 -0.000004 0.000091
vn 1.000000 -0.000004 0.000089
vn -1.000000 -0.000008 0.000064
vn -1.000000 0.000026 0.000075
vn -1.000000 0.000004 0.000092
vn -1.000000 0.000004 0.000090
vn -1.000000 0.000006 -0.000073
vn -1.000000 -0.000031 -0.000062
vn -1.000000 -0.000004 -0.000091
vn -1.000000 -0.000004 -0.000089
vn -0.000286 -0.000224 1.000000
vn 0.000033 -0.000031 1.000000
vn 0.000015 -0.000048 1.000000
vn 0.000001 -0.000073 1.000000
vn -0.000000 0.000136 1.000000
vn 0.000033 0.000072 1.000000
vn 0.000049 0.000052 1.000000
vn 0.000129 -0.000010 1.000000
vn 0.000226 0.000230 1.000000
vn -0.000036 0.000036 1.000000
vn -0.000020 0.000059 1.000000
vn -0.000001 0.000099 1.000000
vn 0.000000 -0.000100 1.000000
vn -0.000029 -0.000059 1.000000
vn -0.000043 -0.000046 1.000000
vn -0.000133 0.000012 1.000000
vn -0.000226 0.000230 -1.000000
vn 0.000036 0.000036 -1.000000
vn 0.000020 0.000059 -1.000000
vn 0.000001 0.000099 -1.000000
vn -0.000000 -0.000100 -1.000000
vn 0.000029 -0.000059 -1.000000
vn 0.000043 -0.000046 -1.000000
vn 0.000133 0.000012 -1.000000
vn 0.000286 -0.000224 -1.000000
vn -0.000033 -0.000031 -1.000000
vn -0.000015 -0.000048 -1.000000
vn -0.000001 -0.000073 -1.000000
vn 0.000000 0.000136 -1.000000
vn -0.000033 0.000072 -1.000000
vn -0.000049 0.000052 -1.000000
vn -0.000129 -0.000010 -1.000000
vn 1.000000 -0.000034 -0.000065
vn 1.000000 -0.000043 -0.000050
vn 1.000000 -0.000212 0.000112
vn 1.000000 -0.000039 -0.000000
vn 1.000000 0.000130 0.000007
vn 1.000000 0.000080 -0.000034
vn 1.000000 0.000054 -0.000053
vn 1.000000 -0.000098 -0.000280
vn 1.000000 0.000036 0.000072
vn 1.000000 0.000050 0.000055
vn 1.000000 0.000274 -0.000105
vn 1.000000 0.000050 0.000001
vn 1.000000 -0.000095 -0.000007
vn 1.000000 -0.000064 0.000030
vn 1.000000 -0.000047 0.000047
vn 1.000000 0.000097 0.000312
vn -1.000000 -0.000034 0.000065
vn -1.000000 -0.000043 0.000050
vn -1.000000 -0.000212 -0.000112
vn -1.000000 -0.000038 -0.000000
vn -1.000000 0.000128 -0.000007
vn -1.000000 0.000080 0.000034
vn -1.000000 0.000054 0.000053
vn -1.000000 -0.000098 0.000280
vn -1.000000 0.000036 -0.000072
vn -1.000000 0.000050 -0.000055
vn -1.000000 0.000274 0.000105
vn -1.000000 0.000050 -0.000002
vn -1.000000 -0.000095 0.000007
vn -1.000000 -0.000064 -0.000030
vn -1.000000 -0.000047 -0.000047
vn -1.000000 0.000097 -0.000312
vn 0.013342 -0.705308 0.708775
vn 0.012692 -0.705347 0.708748
vn 0.265646 -0.646944 0.714770
vn 0.269997 -0.645125 0.714783
vn -0.012325 -0.706466 0.707639
vn -0.012313 -0.706467 0.707639
vn -0.260377 -0.650161 0.713788
vn -0.261790 -0.649584 0.713798
vn 0.706671 -0.004175 0.707530
vn 0.706675 -0.004087 0.707527
vn 0.651768 -0.256655 0.713671
vn 0.650173 -0.260573 0.713706
vn 0.706644 0.004367 0.707555
vn 0.706635 0.004557 0.707564
vn 0.648262 0.264319 0.714067
vn 0.647681 0.265722 0.714074
vn -0.706670 0.004175 0.707531
vn -0.706674 0.004087 0.707527
vn -0.651766 0.256657 0.713672
vn -0.650172 0.260574 0.713707
vn -0.706644 -0.004367 0.707556
vn -0.706634 -0.004557 0.707564
vn -0.648262 -0.264318 0.714067
vn -0.647681 -0.265722 0.714073
vn 0.012325 0.706467 0.707639
vn 0.012313 0.706468 0.707638
vn 0.260378 0.650162 0.713788
vn 0.261790 0.649585 0.713797
vn -0.013342 0.705309 0.708774
vn -0.012692 0.705349 0.708747
vn -0.265646 0.646943 0.714770
vn -0.269998 0.645124 0.714784
vn 0.013342 0.705311 -0.708773
vn 0.012692 0.705350 -0.708746
vn 0.265647 0.646945 -0.714768
vn 0.269999 0.645126 -0.714782
vn -0.012325 0.706468 -0.707637
vn -0.012313 0.706469 -0.707637
vn -0.260377 0.650165 -0.713785
vn -0.261790 0.649587 -0.713794
vn 0.706672 0.004175 -0.707529
vn 0.706676 0.004087 -0.707526
vn 0.651768 0.256657 -0.713671
vn 0.650174 0.260574 -0.713705
vn 0.706646 -0.004367 -0.707554
vn 0.706636 -0.004557 -0.707563
vn 0.648264 -0.264318 -0.714066
vn 0.647683 -0.265722 -0.714072
vn -0.706672 -0.004175 -0.707529
vn -0.706676 -0.004087 -0.707525
vn -0.651769 -0.256655 -0.713670
vn -0.650175 -0.260572 -0.713705
vn -0.706646 0.004367 -0.707554
vn -0.706636 0.004557 -0.707563
vn -0.648263 0.264318 -0.714067
vn -0.647682 0.265722 -0.714073
vn 0.012325 -0.706468 -0.707638
vn 0.012313 -0.706468 -0.707638
vn 0.260378 -0.650164 -0.713786
vn 0.261790 -0.649587 -0.713795
vn -0.013342 -0.705309 -0.708774
vn -0.012692 -0.705349 -0.708747
vn -0.265646 -0.646946 -0.714768
vn -0.269998 -0.645127 -0.714781
vn 0.708496 -0.705077 -0.030006
vn 0.708484 -0.705106 -0.029588
vn 0.714177 -0.648611 -0.263161
vn 0.714184 -0.648021 -0.264593
vn 0.708145 -0.705469 0.029062
vn 0.708144 -0.705471 0.029038
vn 0.713787 -0.650163 0.260378
vn 0.713796 -0.649585 0.261791
vn 0.707371 -0.004266 -0.706829
vn 0.707371 -0.004262 -0.706829
vn 0.713785 -0.260270 -0.650208
vn 0.713795 -0.261779 -0.649591
vn 0.707394 0.004391 -0.706806
vn 0.707398 0.004463 -0.706802
vn 0.714158 0.263089 -0.648662
vn 0.714164 0.264437 -0.648107
vn 0.707371 0.004266 0.706829
vn 0.707371 0.004262 0.706830
vn 0.713784 0.260270 0.650209
vn 0.713794 0.261779 0.649592
vn 0.707394 -0.004391 0.706806
vn 0.707398 -0.004463 0.706802
vn 0.714159 -0.263087 0.648662
vn 0.714165 -0.264436 0.648106
vn 0.708144 0.705469 -0.029061
vn 0.708144 0.705471 -0.029037
vn 0.713788 0.650162 -0.260378
vn 0.713797 0.649584 -0.261790
vn 0.708494 0.705078 0.030005
vn 0.708482 0.705108 0.029588
vn 0.714177 0.648612 0.263160
vn 0.714184 0.648023 0.264591
vn -0.708495 -0.705077 0.030005
vn -0.708483 -0.705107 0.029588
vn -0.714177 -0.648611 0.263161
vn -0.714184 -0.648021 0.264593
vn -0.708145 -0.705469 -0.029062
vn -0.708144 -0.705471 -0.029038
vn -0.713787 -0.650163 -0.260378
vn -0.713796 -0.649585 -0.261791
vn -0.707371 -0.004266 0.706829
vn -0.707371 -0.004262 0.706829
vn -0.713785 -0.260270 0.650208
vn -0.713795 -0.261779 0.649591
vn -0.707394 0.004391 0.706806
vn -0.707398 0.004463 0.706802
vn -0.714158 0.263089 0.648662
vn -0.714164 0.264437 0.648107
vn -0.707371 0.004266 -0.706829
vn -0.707371 0.004262 -0.706830
vn -0.713784 0.260270 -0.650209
vn -0.713794 0.261779 -0.649592
vn -0.707394 -0.004391 -0.706806
vn -0.707398 -0.004463 -0.706802
vn -0.714159 -0.263087 -0.648662
vn -0.714165 -0.264436 -0.648106
vn -0.708145 0.705469 0.029061
vn -0.708144 0.705470 0.029037
vn -0.713788 0.650162 0.260378
vn -0.713797 0.649584 0.261790
vn -0.708495 0.705078 -0.030005
vn -0.708483 0.705108 -0.029588
vn -0.714177 0.648612 -0.263160
vn -0.714184 0.648023 -0.264591
vn 0.498289 -0.491092 0.714519
vn 0.501778 -0.487530 0.714516
vn 0.493729 0.496215 0.714144
vn 0.492556 0.497380 0.714144
vn -0.498290 0.491091 0.714519
vn -0.501779 0.487529 0.714516
vn -0.493728 -0.496217 0.714144
vn -0.492554 -0.497381 0.714144
vn 0.498291 0.491092 -0.714518
vn 0.501780 0.487530 -0.714515
vn 0.493729 -0.496217 -0.714143
vn 0.492556 -0.497382 -0.714143
vn -0.498290 -0.491093 -0.714517
vn -0.501779 -0.487531 -0.714514
vn -0.493730 0.496216 -0.714143
vn -0.492557 0.497380 -0.714143
vn 0.714165 -0.493632 -0.496282
vn 0.714165 -0.492382 -0.497523
vn 0.714144 0.496214 -0.493730
vn 0.714144 0.497379 -0.492557
vn 0.714165 0.493631 0.496284
vn 0.714164 0.492382 0.497524
vn 0.714144 -0.496215 0.493730
vn 0.714144 -0.497380 0.492556
vn -0.714165 -0.493632 0.496282
vn -0.714165 -0.492382 0.497523
vn -0.714144 0.496214 0.493730
vn -0.714144 0.497379 0.492557
vn -0.714165 0.493631 -0.496284
vn -0.714164 0.492382 -0.497524
vn -0.714144 -0.496215 -0.493730
vn -0.714144 -0.497380 -0.492556
vn 0.000000 1.000000 0.000000
vn 0.000000 1.000000 0.000000
vn 0.000000 1.000000 0.000000
vn 0.000000 1.000000 0.000000
vn 1.000000 -0.000079 -0.000001
vn 1.000000 -0.000030 -0.000006
vn 1.000000 -0.000032 -0.000004
vn 1.000000 -0.000080 -0.000001
vn 0.707194 -0.707020 -0.000015
vn 0.707296 -0.706917 -0.000058
vn 0.707296 -0.706917 -0.000058
vn 0.707194 -0.707020 -0.000015
vn 1.000000 -0.000001 0.000000
vn 1.000000 -0.000025 0.000000
vn 1.000000 -0.000006 0.000000
vn 1.000000 0.000000 0.000000
vn 1.000000 0.000001 0.000000
vn 1.000000 0.000000 0.000000
vn 1.000000 -0.000001 0.000000
vn 1.000000 -0.000000 0.000000
vn 1.000000 0.000000 0.000000
vn 1.000000 -0.000000 0.000000
vn 1.000000 0.000000 0.000000
vn 1.000000 0.000000 0.000000
vn 1.000000 -0.000001 0.000000
vn 1.000000 -0.000000 0.000000
vn 1.000000 -0.000001 0.000000
vn 1.000000 -0.000000 0.000000
vn 1.000000 0.000001 0.000000
vn 1.000000 0.000000 0.000000
vn 1.000000 0.000005 0.000000
vn 1.000000 0.000001 0.000000
vn 0.707183 0.707030 0.000016
vn 0.707082 0.707132 0.000059
vn 0.707082 0.707132 0.000059
vn 0.707183 0.707030 0.000016
vn 1.000000 0.000084 0.000003
vn 1.000000 0.000126 0.000008
vn 1.000000 0.000126 0.000008
vn 1.000000 0.000084 0.000003
vn 0.707107 -0.707107 0.000000
vn 0.707106 -0.707108 -0.000000
vn 0.707106 -0.707108 -0.000000
vn 0.707107 -0.707107 0.000000
vn 0.000000 1.000000 0.000000
vn 0.000000 1.000000 0.000000
vn 0.000000 1.000000 0.000000
vn 0.000000 1.000000 0.000000
vn 1.000000 -0.000095 -0.000011
vn 1.000000 -0.000083 -0.000008
vn 1.000000 -0.000083 -0.000006
vn 1.000000 -0.000095 -0.000013
vn 0.707083 -0.707131 -0.000060
vn 0.707185 -0.707028 -0.000016
vn 0.707185 -0.707028 -0.000016
vn 0.707083 -0.707131 -0.000060
vn 1.000000 0.000010 0.000000
vn 1.000000 0.000003 0.000000
vn 1.000000 0.000001 0.000000
vn 1.000000 -0.000003 0.000000
vn 1.000000 0.000000 0.000000
vn 1.000000 -0.000003 0.000000
vn 1.000000 0.000000 0.000000
vn 1.000000 0.000000 0.000000
vn 1.000000 0.000000 0.000000
vn 1.000000 0.000000 0.000000
vn 1.000000 0.000000 0.000000
vn 1.000000 0.000000 0.000000
vn 1.000000 0.000000 0.000000
vn 1.000000 0.000000 0.000000
vn 1.000000 0.000000 0.000000
vn 1.000000 0.000000 0.000000
vn 1.000000 0.000000 0.000000
vn 1.000000 0.000000 0.000000
vn 1.000000 0.000000 0.000000
vn 1.000000 0.000001 0.000000
vn 0.707294 0.706919 0.000059
vn 0.707192 0.707022 0.000016
vn 0.707192 0.707022 0.000016
vn 0.707294 0.706919 0.000059
vn 1.000000 0.000042 0.000007
vn 1.000000 0.000081 0.000003
vn 1.000000 0.000081 0.000003
vn 1.000000 0.000042 0.000007
vn 0.707106 -0.707108 0.000000
vn 0.707107 -0.707107 0.000000
vn 0.707107 -0.707107 0.000000
vn 0.707106 -0.707108 0.000000
vn -0.707108 -0.707106 0.000000
vn -0.707106 -0.707108 -0.000000
vn -0.707106 -0.707108 -0.000000
vn -0.707108 -0.707106 0.000000
vn -1.000000 0.000081 -0.000003
vn -1.000000 0.000043 -0.000008
vn -1.000000 0.000043 -0.000008
vn -1.000000 0.000081 -0.000003
vn -0.707192 0.707022 -0.000015
vn -0.707295 0.706919 -0.000060
vn -0.707295 0.706919 -0.000060
vn -0.707192 0.707022 -0.000015
vn -1.000000 0.000000 0.000000
vn -1.000000 0.000000 0.000000
vn -1.000000 0.000001 0.000000
vn -1.000000 0.000000 0.000000
vn -1.000000 -0.000000 0.000000
vn -1.000000 -0.000000 0.000000
vn -1.000000 -0.000001 0.000000
vn -1.000000 -0.000000 0.000000
vn -1.000000 0.000000 0.000000
vn -1.000000 0.000000 0.000000
vn -1.000000 0.000000 0.000000
vn -1.000000 0.000000 0.000000
vn -1.000000 -0.000004 0.000000
vn -1.000000 0.000000 0.000000
vn -1.000000 -0.000003 0.000000
vn -1.000000 0.000000 0.000000
vn -1.000000 0.000005 0.000000
vn -1.000000 -0.000000 0.000000
vn -1.000000 0.000000 0.000000
vn -1.000000 0.000000 0.000000
vn -0.707185 -0.707028 0.000016
vn -0.707083 -0.707131 0.000060
vn -0.707083 -0.707131 0.000060
vn -0.707185 -0.707028 0.000016
vn -1.000000 -0.000082 0.000006
vn -1.000000 -0.000095 0.000013
vn -1.000000 -0.000095 0.000011
vn -1.000000 -0.000082 0.000008
vn 0.000000 1.000000 0.000000
vn 0.000000 1.000000 0.000000
vn 0.000000 1.000000 0.000000
vn 0.000000 1.000000 0.000000
vn -0.707106 -0.707108 0.000000
vn -0.707108 -0.707106 0.000000
vn -0.707108 -0.707106 0.000000
vn -0.707106 -0.707108 0.000000
vn -1.000000 0.000125 -0.000008
vn -1.000000 0.000084 -0.000003
vn -1.000000 0.000084 -0.000003
vn -1.000000 0.000125 -0.000008
vn -0.707082 0.707131 -0.000059
vn -0.707183 0.707030 -0.000015
vn -0.707183 0.707030 -0.000015
vn -0.707083 0.707131 -0.000059
vn -1.000000 0.000001 0.000000
vn -1.000000 0.000000 0.000000
vn -1.000000 0.000000 0.000000
vn -1.000000 0.000000 0.000000
vn -1.000000 -0.000000 0.000000
vn -1.000000 -0.000002 0.000000
vn -1.000000 -0.000000 0.000000
vn -1.000000 -0.000001 0.000000
vn -1.000000 0.000000 0.000000
vn -1.000000 0.000000 0.000000
vn -1.000000 0.000000 0.000000
vn -1.000000 0.000000 0.000000
vn -1.000000 0.000000 0.000000
vn -1.000000 0.000001 0.000000
vn -1.000000 0.000000 0.000000
vn -1.000000 -0.000002 0.000000
vn -1.000000 -0.000000 0.000000
vn -1.000000 -0.000006 0.000000
vn -1.000000 -0.000000 0.000000
vn -1.000000 -0.000001 0.000000
vn -0.707295 -0.706918 0.000058
vn -0.707194 -0.707020 0.000016
vn -0.707194 -0.707020 0.000016
vn -0.707295 -0.706918 0.000058
vn -1.000000 -0.000031 0.000004
vn -1.000000 -0.000080 0.000001
vn -1.000000 -0.000079 0.000001
vn -1.000000 -0.000030 0.000006
vn 0.000000 1.000000 0.000000
vn 0.000000 1.000000 0.000000
vn 0.000000 1.000000 0.000000
vn 0.000000 1.000000 0.000000
vn -0.553793 0.832654 0.000000
vn -0.553793 0.832654 0.000000
vn -0.553793 0.832654 0.000000
vn -0.553793 0.832654 0.000000
vn 0.553792 0.832655 0.000000
vn 0.553792 0.832655 0.000000
vn 0.553792 0.832655 0.000000
vn 0.553792 0.832655 0.000000
vn -0.707106 -0.707108 0.000000
vn -0.707106 -0.707108 0.000000
vn 0.707106 -0.707108 0.000000
vn 0.707106 -0.707108 0.000000
vn 1.000000 -0.000011 0.000000
vn 1.000000 0.000000 0.000000
vn 1.000000 -0.000002 0.000000
vn 1.000000 0.000000 0.000000
vn 1.000000 0.000000 0.000000
vn 1.000000 0.000000 0.000000
vn 1.000000 0.000000 0.000000
vn 1.000000 0.000000 0.000000
vn 1.000000 0.000000 0.000000
vn 1.000000 0.000000 0.000000
vn -1.000000 0.000000 0.000000
vn -1.000000 -0.000011 0.000000
vn -1.000000 -0.000002 0.000000
vn -1.000000 0.000000 0.000000
vn -1.000000 0.000000 0.000000
vn -1.000000 0.000000 0.000000
vn -1.000000 0.000000 0.000000
vn -1.000000 0.000000 0.000000
vn -1.000000 0.000000 0.000000
vn -1.000000 0.000000 0.000000
vn 0.553792 0.832655 0.000000
vn 0.553792 0.832655 0.000000
vn 0.553792 0.832655 0.000000
vn 0.553792 0.832655 0.000000
vn 1.000000 -0.000027 0.000000
vn 1.000000 -0.000001 0.000000
vn 1.000000 0.000000 0.000000
vn 1.000000 0.000000 0.000000
vn 1.000000 0.000000 0.000000
vn 1.000000 0.000000 0.000000
vn 1.000000 0.000000 0.000000
vn 1.000000 0.000000 0.000000
vn 1.000000 0.000000 0.000000
vn 1.000000 0.000000 0.000000
vn 0.707106 -0.707108 -0.000000
vn 0.707106 -0.707108 -0.000000
vn -0.707106 -0.707108 -0.000000
vn -0.707106 -0.707108 -0.000000
vn -1.000000 0.000000 0.000000
vn -1.000000 0.000000 0.000000
vn -1.000000 0.000000 0.000000
vn -1.000000 0.000000 0.000000
vn -1.000000 0.000000 0.000000
vn -1.000000 0.000000 0.000000
vn -1.000000 -0.000004 0.000000
vn -1.000000 -0.000010 0.000000
vn -1.000000 0.000011 0.000000
vn -1.000000 0.000000 0.000000
vn -0.553792 0.832655 0.000000
vn -0.553792 0.832655 0.000000
vn -0.553792 0.832655 0.000000
vn -0.553792 0.832655 0.000000
vn 0.000000 -0.707107 -0.707106
vn 0.000000 -0.707107 -0.707106
vn 0.000000 -0.707107 -0.707106
vn 0.000000 -0.707107 -0.707106
vn 0.000001 0.000118 -1.000000
vn 0.000000 0.000108 -1.000000
vn 0.000000 0.000108 -1.000000
vn 0.000001 0.000118 -1.000000
vn 0.000029 0.706567 -0.707646
vn 0.000016 0.706271 -0.707941
vn 0.000016 0.706271 -0.707941
vn 0.000029 0.706567 -0.707646
vn -0.000000 0.000000 -1.000000
vn 0.000000 0.000000 -1.000000
vn -0.000000 0.000000 -1.000000
vn -0.000000 0.000000 -1.000000
vn 0.000000 0.000000 -1.000000
vn -0.000000 0.000000 -1.000000
vn 0.000000 0.000000 -1.000000
vn 0.000000 0.000000 -1.000000
vn 0.000000 0.000000 -1.000000
vn -0.000000 0.000000 -1.000000
vn 0.000000 0.000000 -1.000000
vn -0.000000 0.000000 -1.000000
vn -0.000000 0.000000 -1.000000
vn -0.000000 0.000000 -1.000000
vn 0.000000 0.000000 -1.000000
vn 0.000000 0.000000 -1.000000
vn 0.000000 0.000000 -1.000000
vn 0.000000 0.000000 -1.000000
vn -0.000000 0.000000 -1.000000
vn -0.000000 0.000000 -1.000000
vn -0.000030 -0.706585 -0.707628
vn -0.000015 -0.706882 -0.707331
vn -0.000015 -0.706882 -0.707331
vn -0.000030 -0.706585 -0.707628
vn 0.000001 -0.000088 -1.000000
vn 0.000002 -0.000128 -1.000000
vn 0.000004 -0.000127 -1.000000
vn 0.000000 -0.000088 -1.000000
vn 0.000000 1.000000 0.000000
vn 0.000000 1.000000 0.000000
vn 0.000000 1.000000 -0.000001
vn 0.000000 1.000000 -0.000001
vn 0.000000 -0.707107 -0.707106
vn 0.000000 -0.707107 -0.707106
vn 0.000000 -0.707107 -0.707106
vn 0.000000 -0.707107 -0.707106
vn 0.000000 0.000129 -1.000000
vn 0.000001 0.000119 -1.000000
vn 0.000001 0.000119 -1.000000
vn 0.000000 0.000129 -1.000000
vn 0.000016 0.706883 -0.707330
vn 0.000029 0.706587 -0.707626
vn 0.000029 0.706587 -0.707626
vn 0.000016 0.706883 -0.707330
vn 0.000000 0.000000 -1.000000
vn 0.000000 0.000000 -1.000000
vn -0.000000 0.000000 -1.000000
vn -0.000000 0.000000 -1.000000
vn -0.000000 0.000000 -1.000000
vn -0.000000 0.000000 -1.000000
vn -0.000000 0.000000 -1.000000
vn 0.000000 0.000000 -1.000000
vn 0.000000 0.000000 -1.000000
vn 0.000000 0.000000 -1.000000
vn 0.000000 0.000000 -1.000000
vn 0.000000 0.000000 -1.000000
vn 0.000000 0.000000 -1.000000
vn -0.000000 0.000000 -1.000000
vn 0.000000 0.000000 -1.000000
vn -0.000000 0.000000 -1.000000
vn 0.000000 0.000000 -1.000000
vn 0.000000 0.000000 -1.000000
vn 0.000000 0.000000 -1.000000
vn 0.000000 0.000000 -1.000000
vn -0.000016 -0.706270 -0.707943
vn -0.000030 -0.706565 -0.707648
vn -0.000030 -0.706565 -0.707648
vn -0.000016 -0.706270 -0.707943
vn -0.000003 -0.000107 -1.000000
vn -0.000003 -0.000087 -1.000000
vn -0.000002 -0.000087 -1.000000
vn -0.000004 -0.000107 -1.000000
vn 0.000000 1.000000 -0.000000
vn 0.000000 1.000000 -0.000000
vn 0.000000 1.000000 -0.000001
vn 0.000000 1.000000 -0.000001
vn 0.000000 1.000000 -0.000001
vn 0.000000 1.000000 0.000000
vn 0.000000 1.000000 -0.000000
vn 0.000000 1.000000 -0.000000
vn 0.000002 -0.000087 1.000000
vn 0.000004 -0.000107 1.000000
vn 0.000003 -0.000107 1.000000
vn 0.000003 -0.000087 1.000000
vn 0.000030 -0.706564 0.707650
vn 0.000016 -0.706269 0.707944
vn 0.000016 -0.706269 0.707944
vn 0.000030 -0.706564 0.707650
vn 0.000000 0.000000 1.000000
vn 0.000000 0.000000 1.000000
vn -0.000000 0.000000 1.000000
vn -0.000000 0.000000 1.000000
vn -0.000000 0.000000 1.000000
vn -0.000000 0.000000 1.000000
vn -0.000000 0.000000 1.000000
vn -0.000000 0.000000 1.000000
vn -0.000000 0.000000 1.000000
vn 0.000000 0.000000 1.000000
vn -0.000000 0.000000 1.000000
vn 0.000000 0.000000 1.000000
vn -0.000000 0.000000 1.000000
vn -0.000000 0.000000 1.000000
vn -0.000000 0.000000 1.000000
vn -0.000000 0.000000 1.000000
vn 0.000000 0.000000 1.000000
vn 0.000000 0.000000 1.000000
vn 0.000000 0.000000 1.000000
vn 0.000000 0.000000 1.000000
vn -0.000029 0.706586 0.707628
vn -0.000016 0.706882 0.707331
vn -0.000016 0.706882 0.707331
vn -0.000029 0.706586 0.707628
vn -0.000001 0.000119 1.000000
vn -0.000000 0.000129 1.000000
vn -0.000000 0.000129 1.000000
vn -0.000001 0.000119 1.000000
vn 0.000000 -0.707107 0.707106
vn 0.000000 -0.707107 0.707106
vn 0.000000 -0.707107 0.707106
vn 0.000000 -0.707107 0.707106
vn 0.000000 1.000000 0.000000
vn 0.000000 1.000000 -0.000001
vn 0.000000 1.000000 0.000000
vn 0.000000 1.000000 0.000000
vn -0.000004 -0.000127 1.000000
vn -0.000000 -0.000088 1.000000
vn -0.000001 -0.000088 1.000000
vn -0.000002 -0.000128 1.000000
vn 0.000015 -0.706880 0.707333
vn 0.000030 -0.706584 0.707629
vn 0.000030 -0.706584 0.707629
vn 0.000015 -0.706880 0.707333
vn -0.000000 0.000000 1.000000
vn 0.000000 0.000000 1.000000
vn -0.000000 0.000000 1.000000
vn -0.000000 0.000000 1.000000
vn -0.000000 0.000000 1.000000
vn 0.000000 0.000000 1.000000
vn 0.000000 0.000000 1.000000
vn 0.000000 0.000000 1.000000
vn 0.000000 0.000000 1.000000
vn -0.000000 0.000000 1.000000
vn 0.000000 0.000000 1.000000
vn -0.000000 0.000000 1.000000
vn -0.000000 0.000000 1.000000
vn -0.000000 0.000000 1.000000
vn 0.000000 0.000000 1.000000
vn -0.000000 0.000000 1.000000
vn 0.000000 0.000000 1.000000
vn 0.000000 0.000000 1.000000
vn -0.000000 0.000000 1.000000
vn -0.000000 0.000000 1.000000
vn -0.000016 0.706270 0.707943
vn -0.000029 0.706565 0.707648
vn -0.000029 0.706565 0.707648
vn -0.000016 0.706270 0.707943
vn -0.000000 0.000108 1.000000
vn -0.000001 0.000118 1.000000
vn -0.000001 0.000118 1.000000
vn -0.000000 0.000108 1.000000
vn 0.000000 -0.707107 0.707106
vn 0.000000 -0.707107 0.707106
vn 0.000000 -0.707107 0.707106
vn 0.000000 -0.707107 0.707106
vn 0.000000 1.000000 -0.000001
vn 0.000000 1.000000 -0.000001
vn 0.000000 1.000000 -0.000000
vn 0.000000 1.000000 -0.000000
vn 0.000003 -0.000106 -1.000000
vn 0.000001 -0.000074 -1.000000
vn 0.000002 -0.000074 -1.000000
vn 0.000002 -0.000107 -1.000000
vn -0.000016 -0.706259 -0.707954
vn -0.000035 -0.706062 -0.708150
vn -0.000035 -0.706062 -0.708150
vn -0.000016 -0.706259 -0.707954
vn -0.000000 0.000000 -1.000000
vn -0.000000 0.000000 -1.000000
vn -0.000000 0.000000 -1.000000
vn -0.000000 0.000000 -1.000000
vn 0.000000 0.000000 -1.000000
vn 0.000000 0.000000 -1.000000
vn 0.000000 0.000000 -1.000000
vn -0.000000 0.000000 -1.000000
vn 0.000000 0.000000 -1.000000
vn -0.000000 0.000000 -1.000000
vn 0.000000 0.000000 -1.000000
vn -0.000000 0.000000 -1.000000
vn -0.000000 0.000000 -1.000000
vn 0.000000 0.000000 -1.000000
vn -0.000000 0.000000 -1.000000
vn 0.000000 0.000000 -1.000000
vn 0.000000 0.000000 -1.000000
vn 0.000000 0.000000 -1.000000
vn 0.000000 0.000000 -1.000000
vn 0.000000 0.000000 -1.000000
vn 0.000016 0.706894 -0.707319
vn 0.000035 0.707091 -0.707122
vn 0.000035 0.707091 -0.707122
vn 0.000016 0.706894 -0.707319
vn 0.000000 0.000129 -1.000000
vn 0.000001 0.000137 -1.000000
vn 0.000001 0.000137 -1.000000
vn 0.000000 0.000129 -1.000000
vn 0.000000 -0.707107 -0.707106
vn -0.000000 -0.707107 -0.707106
vn -0.000000 -0.707107 -0.707106
vn 0.000000 -0.707107 -0.707106
vn 0.000000 1.000000 0.000001
vn 0.000000 1.000000 -0.000001
vn 0.000000 1.000000 0.000000
vn 0.000000 1.000000 0.000000
vn -0.000003 -0.000101 -1.000000
vn -0.000005 -0.000128 -1.000000
vn -0.000004 -0.000128 -1.000000
vn -0.000005 -0.000102 -1.000000
vn -0.000035 -0.707090 -0.707123
vn -0.000016 -0.706893 -0.707321
vn -0.000016 -0.706893 -0.707321
vn -0.000035 -0.707090 -0.707123
vn 0.000000 0.000000 -1.000000
vn -0.000000 0.000000 -1.000000
vn -0.000000 0.000000 -1.000000
vn -0.000000 0.000000 -1.000000
vn -0.000000 0.000000 -1.000000
vn -0.000000 0.000000 -1.000000
vn 0.000000 0.000000 -1.000000
vn -0.000000 0.000000 -1.000000
vn 0.000000 0.000000 -1.000000
vn -0.000000 0.000000 -1.000000
vn 0.000000 0.000000 -1.000000
vn -0.000000 0.000000 -1.000000
vn -0.000000 0.000000 -1.000000
vn -0.000000 0.000000 -1.000000
vn 0.000000 0.000000 -1.000000
vn -0.000000 0.000000 -1.000000
vn 0.000000 0.000000 -1.000000
vn 0.000000 0.000000 -1.000000
vn 0.000000 0.000000 -1.000000
vn 0.000000 0.000000 -1.000000
vn 0.000035 0.706063 -0.708149
vn 0.000016 0.706260 -0.707952
vn 0.000016 0.706261 -0.707952
vn 0.000035 0.706063 -0.708149
vn 0.000001 0.000100 -1.000000
vn 0.000000 0.000108 -1.000000
vn 0.000000 0.000108 -1.000000
vn 0.000001 0.000100 -1.000000
vn 0.000000 -0.707107 -0.707106
vn 0.000000 -0.707107 -0.707106
vn 0.000000 -0.707107 -0.707106
vn 0.000000 -0.707107 -0.707106
vn 0.000000 1.000000 0.000000
vn 0.000000 1.000000 -0.000001
vn 0.000000 1.000000 0.000000
vn 0.000000 1.000000 0.000000
vn -0.000003 -0.000106 1.000000
vn -0.000001 -0.000074 1.000000
vn -0.000002 -0.000074 1.000000
vn -0.000002 -0.000107 1.000000
vn 0.000016 -0.706258 0.707955
vn 0.000035 -0.706061 0.708151
vn 0.000035 -0.706061 0.708151
vn 0.000016 -0.706258 0.707955
vn 0.000000 0.000000 1.000000
vn 0.000000 -0.000000 1.000000
vn 0.000000 -0.000000 1.000000
vn 0.000000 0.000000 1.000000
vn 0.000000 -0.000000 1.000000
vn 0.000000 0.000000 1.000000
vn 0.000000 -0.000000 1.000000
vn -0.000000 0.000000 1.000000
vn 0.000000 -0.000000 1.000000
vn -0.000000 0.000000 1.000000
vn 0.000000 0.000000 1.000000
vn -0.000000 0.000000 1.000000
vn 0.000000 0.000000 1.000000
vn -0.000000 0.000000 1.000000
vn 0.000000 0.000000 1.000000
vn -0.000000 0.000000 1.000000
vn 0.000000 0.000000 1.000000
vn -0.000000 0.000000 1.000000
vn 0.000000 0.000000 1.000000
vn 0.000000 0.000000 1.000000
vn -0.000016 0.706893 0.707321
vn -0.000035 0.707090 0.707123
vn -0.000035 0.707090 0.707124
vn -0.000016 0.706893 0.707321
vn -0.000000 0.000129 1.000000
vn -0.000001 0.000137 1.000000
vn -0.000001 0.000137 1.000000
vn -0.000000 0.000129 1.000000
vn 0.000000 -0.707107 0.707106
vn 0.000000 -0.707107 0.707106
vn 0.000000 -0.707107 0.707106
vn 0.000000 -0.707107 0.707106
vn 0.000000 1.000000 -0.000000
vn 0.000000 1.000000 0.000000
vn 0.000000 1.000000 -0.000000
vn 0.000000 1.000000 -0.000000
vn 0.000003 -0.000101 1.000000
vn 0.000005 -0.000128 1.000000
vn 0.000004 -0.000128 1.000000
vn 0.000005 -0.000102 1.000000
vn 0.000035 -0.707089 0.707124
vn 0.000016 -0.706891 0.707322
vn 0.000016 -0.706891 0.707322
vn 0.000035 -0.707089 0.707124
vn -0.000000 -0.000000 1.000000
vn -0.000000 0.000000 1.000000
vn 0.000000 0.000000 1.000000
vn -0.000000 -0.000000 1.000000
vn 0.000000 0.000000 1.000000
vn -0.000000 -0.000000 1.000000
vn -0.000000 0.000000 1.000000
vn -0.000000 -0.000000 1.000000
vn 0.000000 0.000000 1.000000
vn -0.000000 -0.000000 1.000000
vn 0.000000 0.000000 1.000000
vn -0.000000 0.000000 1.000000
vn -0.000000 0.000000 1.000000
vn -0.000000 0.000000 1.000000
vn -0.000000 0.000000 1.000000
vn -0.000000 0.000000 1.000000
vn -0.000000 0.000000 1.000000
vn -0.000000 0.000000 1.000000
vn 0.000000 0.000000 1.000000
vn -0.000000 0.000000 1.000000
vn -0.000035 0.706062 0.708150
vn -0.000016 0.706259 0.707953
vn -0.000016 0.706259 0.707954
vn -0.000035 0.706062 0.708150
vn -0.000001 0.000100 1.000000
vn -0.000000 0.000108 1.000000
vn -0.000000 0.000108 1.000000
vn -0.000001 0.000100 1.000000
vn -0.000000 -0.707107 0.707106
vn 0.000000 -0.707107 0.707106
vn 0.000000 -0.707107 0.707106
vn -0.000000 -0.707107 0.707106
vn 0.000000 0.832655 0.553793
vn 0.000000 0.832655 0.553793
vn 0.000000 0.832654 0.553793
vn 0.000000 0.832654 0.553793
vn -0.000000 -0.707107 0.707106
vn -0.000000 -0.707107 0.707106
vn -0.000000 -0.000000 1.000000
vn -0.000000 -0.000000 1.000000
vn -0.000000 -0.000000 1.000000
vn -0.000000 -0.000000 1.000000
vn -0.000000 -0.000000 1.000000
vn -0.000000 0.000000 1.000000
vn -0.000000 0.000000 1.000000
vn -0.000000 0.000000 1.000000
vn -0.000000 0.000000 1.000000
vn -0.000000 0.000000 1.000000
vn 0.000000 -0.707107 -0.707106
vn 0.000000 -0.707107 -0.707106
vn 0.000000 0.000000 -1.000000
vn 0.000000 0.000000 -1.000000
vn -0.000000 0.000000 -1.000000
vn -0.000000 0.000000 -1.000000
vn 0.000000 0.000000 -1.000000
vn 0.000000 0.000000 -1.000000
vn -0.000000 0.000000 -1.000000
vn -0.000000 0.000000 -1.000000
vn -0.000000 0.000000 -1.000000
vn 0.000000 0.000000 -1.000000
vn 0.000000 0.832654 -0.553793
vn 0.000000 0.832654 -0.553793
vn 0.000000 0.832655 -0.553793
vn 0.000000 0.832655 -0.553793
vn 0.000000 0.832655 -0.553792
vn 0.000000 0.832655 -0.553792
vn 0.000000 0.832655 -0.553792
vn 0.000000 0.832655 -0.553792
vn 0.000000 0.832654 0.553793
vn 0.000000 0.832654 0.553793
vn 0.000000 0.832654 0.553793
vn 0.000000 0.832654 0.553793
vn 0.000000 0.832655 -0.553792
vn 0.000000 0.832655 -0.553792
vn 0.000000 0.832655 -0.553792
vn 0.000000 0.832655 -0.553792
vn -0.000000 0.000000 -1.000000
vn -0.000000 0.000000 -1.000000
vn 0.000000 0.000000 -1.000000
vn 0.000000 0.000000 -1.000000
vn 0.000000 0.000000 -1.000000
vn 0.000000 0.000000 -1.000000
vn -0.000000 0.000000 -1.000000
vn -0.000000 0.000000 -1.000000
vn 0.000000 0.000000 -1.000000
vn -0.000000 0.000000 -1.000000
vn -0.000000 -0.707107 -0.707106
vn -0.000000 -0.707107 -0.707106
vn 0.000000 0.832655 0.553793
vn 0.000000 0.832654 0.553793
vn 0.000000 0.832654 0.553793
vn 0.000000 0.832654 0.553793
vn 0.000000 -0.000000 1.000000
vn 0.000000 -0.000000 1.000000
vn 0.000000 -0.000000 1.000000
vn 0.000000 -0.000000 1.000000
vn 0.000000 -0.000000 1.000000
vn 0.000000 0.000000 1.000000
vn 0.000000 0.000000 1.000000
vn 0.000000 0.000000 1.000000
vn 0.000000 0.000000 1.000000
vn 0.000000 0.000000 1.000000
vn 0.000000 -0.707107 0.707106
vn 0.000000 -0.707107 0.707106
vn -0.000002 0.000000 1.000000
vn -0.000002 0.000000 1.000000
vn -0.000002 0.000000 1.000000
vn 1.000000 0.000000 0.000000
vn 1.000000 0.000000 0.000000
vn 1.000000 0.000000 0.000000
vn 1.000000 0.000000 0.000000
vn 0.000002 -0.000001 -1.000000
vn 0.000002 -0.000001 -1.000000
vn 0.000002 -0.000001 -1.000000
vn 0.000002 -0.000001 -1.000000
vn 0.000001 0.000000 1.000000
vn 0.000001 0.000000 1.000000
vn 0.000001 0.000000 1.000000
vn 0.000001 0.000000 1.000000
vn 1.000000 0.000000 0.000000
vn 1.000000 0.000000 0.000000
vn 1.000000 0.000000 0.000000
vn 1.000000 0.000000 0.000000
vn -0.000001 0.000000 -1.000000
vn -0.000001 0.000000 -1.000000
vn -0.000001 0.000000 -1.000000
vn -1.000000 0.000000 0.000000
vn -1.000000 0.000000 0.000000
vn -1.000000 0.000000 0.000000
vn -1.000000 0.000000 0.000000
vn 0.000002 0.000000 1.000000
vn 0.000002 0.000000 1.000000
vn 0.000002 0.000000 1.000000
vn -0.000002 -0.000001 -1.000000
vn -0.000002 -0.000001 -1.000000
vn -0.000002 -0.000001 -1.000000
vn -0.000002 -0.000001 -1.000000
vn -1.000000 0.000000 0.000000
vn -1.000000 0.000000 0.000000
vn -1.000000 0.000000 0.000000
vn -1.000000 0.000000 0.000000
vn -0.000002 -0.000001 1.000000
vn -0.000002 -0.000001 1.000000
vn -0.000002 -0.000001 1.000000
vn -0.000002 -0.000001 1.000000
vn 0.000002 0.000000 -1.000000
vn 0.000002 0.000000 -1.000000
vn 0.000002 0.000000 -1.000000
vn -0.000001 0.000000 -1.000000
vn -0.000001 0.000000 -1.000000
vn -0.000001 0.000000 -1.000000
vn -0.000001 0.000000 -1.000000
vn -1.000000 0.000000 0.000001
vn -1.000000 0.000000 0.000001
vn -1.000000 0.000000 0.000001
vn -1.000000 0.000000 0.000001
vn 1.000000 0.000000 -0.000001
vn 1.000000 0.000000 -0.000001
vn 1.000000 0.000000 -0.000001
vn 0.000002 0.000000 -1.000000
vn 0.000002 0.000000 -1.000000
vn 0.000002 0.000000 -1.000000
vn 0.000002 0.000000 -1.000000
vn -1.000000 0.000000 -0.000001
vn -1.000000 0.000000 -0.000001
vn -1.000000 0.000000 -0.000001
vn 1.000000 0.000000 0.000001
vn 1.000000 0.000000 0.000001
vn 1.000000 0.000000 0.000001
vn 1.000000 0.000000 0.000001
vn -1.000000 0.000000 -0.000001
vn -1.000000 0.000000 -0.000001
vn -1.000000 0.000000 -0.000001
vn -1.000000 0.000000 -0.000001
vn -0.000002 0.000000 1.000000
vn -0.000002 0.000000 1.000000
vn -0.000002 0.000000 1.000000
vn -0.000002 0.000000 1.000000
vn 1.000000 0.000000 0.000002
vn 1.000000 0.000000 0.000002
vn 1.000000 0.000000 0.000002
vn -1.000000 0.000000 0.000001
vn -1.000000 0.000000 0.000001
vn -1.000000 0.000000 0.000001
vn 0.000001 0.000000 1.000000
vn 0.000001 0.000000 1.000000
vn 0.000001 0.000000 1.000000
vn 0.000001 0.000000 1.000000
vn 1.000000 0.000000 -0.000001
vn 1.000000 0.000000 -0.000001
vn 1.000000 0.000000 -0.000001
vn 1.000000 0.000000 -0.000001
vn 1.000000 0.000000 0.000002
vn 1.000000 0.000000 0.000002
vn 1.000000 0.000000 0.000002
vn -0.000001 0.000000 -1.000000
vn -0.000001 0.000000 -1.000000
vn -0.000001 0.000000 -1.000000
vn -0.000001 0.000000 -1.000000
vn -1.000000 -0.000001 -0.000002
vn -1.000000 -0.000001 -0.000002
vn -1.000000 -0.000001 -0.000002
vn -1.000000 -0.000001 -0.000002
vn 1.000000 0.000000 -0.000002
vn 1.000000 0.000000 -0.000002
vn 1.000000 0.000000 -0.000002
vn 1.000000 0.000000 -0.000002
vn 0.000002 0.000000 -1.000000
vn 0.000002 0.000000 -1.000000
vn 0.000002 0.000000 -1.000000
vn 0.000002 0.000000 -1.000000
vn -1.000000 0.000000 0.000002
vn -1.000000 0.000000 0.000002
vn -1.000000 0.000000 0.000002
vn -1.000000 0.000000 -0.000003
vn -1.000000 0.000000 -0.000003
vn -1.000000 0.000000 -0.000003
vn 0.000001 0.000000 1.000000
vn 0.000001 0.000000 1.000000
vn 0.000001 0.000000 1.000000
vn 0.000001 0.000000 1.000000
vn 1.000000 -0.000002 0.000002
vn 1.000000 -0.000002 0.000002
vn 1.000000 -0.000002 0.000002
vn 1.000000 -0.000002 0.000002
vn -1.000000 -0.000002 0.000002
vn -1.000000 -0.000002 0.000002
vn -1.000000 -0.000002 0.000002
vn -1.000000 -0.000002 0.000002
vn -0.000002 0.000000 1.000000
vn -0.000002 0.000000 1.000000
vn -0.000002 0.000000 1.000000
vn -0.000002 0.000000 1.000000
vn 1.000000 0.000000 -0.000003
vn 1.000000 0.000000 -0.000003
vn 1.000000 0.000000 -0.000003
vn 0.000000 1.000000 0.000000
vn 0.000000 1.000000 0.000000
vn 0.000000 1.000000 0.000000
vn 0.000000 1.000000 0.000000
vn -1.000000 -0.000002 0.000000
vn -1.000000 -0.000002 0.000000
vn -1.000000 -0.000002 0.000000
vn -1.000000 -0.000002 0.000000
vn 0.000000 1.000000 0.000000
vn 0.000000 1.000000 0.000000
vn 0.000000 1.000000 0.000000
vn 0.000000 1.000000 0.000000
vn 0.000000 0.000000 1.000000
vn 0.000000 0.000000 1.000000
vn 0.000000 0.000000 1.000000
vn 0.000000 0.000000 1.000000
vn 0.000000 0.000000 1.000000
vn 0.000000 0.000000 1.000000
vn 0.000000 0.000000 1.000000
vn 0.000000 0.000000 1.000000
vn 0.000000 1.000000 0.000000
vn 0.000000 1.000000 0.000000
vn 0.000000 1.000000 0.000000
vn 0.000000 1.000000 0.000000
vn 1.000000 -0.000002 0.000000
vn 1.000000 -0.000002 0.000000
vn 1.000000 -0.000002 0.000000
vn 1.000000 -0.000002 0.000000
vn 0.000000 1.000000 0.000000
vn 0.000000 1.000000 0.000000
vn 0.000000 1.000000 0.000000
vn 0.000000 1.000000 0.000000
vn 0.000000 1.000000 0.000000
vn 0.000000 1.000000 0.000000
vn 0.000000 1.000000 0.000000
vn 0.000000 1.000000 0.000000
vn 0.000000 0.000000 -1.000000
vn 0.000000 0.000000 -1.000000
vn 0.000000 0.000000 -1.000000
vn 0.000000 0.000000 -1.000000
vn 0.000000 0.000000 -1.000000
vn 0.000000 0.000000 -1.000000
vn 0.000000 0.000000 -1.000000
vn 0.000000 0.000000 -1.000000
vn 0.000000 1.000000 0.000001
vn 0.000000 1.000000 0.000001
vn 0.000000 1.000000 0.000001
vn 0.000000 1.000000 0.000001
vn 0.000000 1.000000 0.000000
vn 0.000000 1.000000 -0.000000
vn 0.000000 1.000000 -0.000000
vn 0.000000 1.000000 0.000000
vn 0.000000 1.000000 -0.000001
vn 0.000000 1.000000 0.000000
vn 0.000000 1.000000 0.000000
vn 0.000000 1.000000 0.000000
vn 0.000000 1.000000 0.000000
vn 0.000000 1.000000 0.000001
vn 0.000000 1.000000 0.000000
vn 0.000000 1.000000 0.000000
vn 0.000000 1.000000 0.000000
vn 0.000000 1.000000 0.000000
vn 0.000000 1.000000 0.000000
vn 0.000000 1.000000 0.000000
vn 0.000000 1.000000 0.000000
vn 0.000000 1.000000 -0.000001
vn 0.000000 1.000000 -0.000000
vn 0.000000 1.000000 0.000000
vn 0.000149 0.686851 -0.726798
vn 0.000112 0.690103 -0.723711
vn 0.000048 0.660546 -0.750785
vn 0.000097 0.662787 -0.748808
vn 0.000037 0.696768 -0.717297
vn 0.000037 0.696768 -0.717297
vn -0.707109 0.707105 0.000000
vn -0.707109 0.707105 0.000000
vn -0.707109 0.707105 0.000000
vn -0.707109 0.707105 0.000000
vn 0.000038 0.696768 0.717297
vn 0.000038 0.696768 0.717297
vn 0.000149 0.686852 0.726797
vn 0.000113 0.690104 0.723710
vn 0.000097 0.662790 0.748805
vn 0.000048 0.660550 0.750782
vn 0.000012 0.657887 -0.753117
vn 0.000006 0.658110 -0.752922
vn 0.000006 0.655976 -0.754782
vn 0.000012 0.656201 -0.754586
vn 0.000012 0.657889 0.753115
vn 0.000006 0.658112 0.752920
vn 0.000012 0.656197 0.754590
vn 0.000006 0.655971 0.754787
vn -0.000012 0.656202 -0.754585
vn -0.000006 0.655976 -0.754781
vn -0.000006 0.658112 -0.752920
vn -0.000012 0.657889 -0.753114
vn -0.000012 0.656196 0.754590
vn -0.000006 0.655970 0.754787
vn -0.000012 0.657885 0.753118
vn -0.000006 0.658108 0.752924
vn -0.000097 0.662790 -0.748805
vn -0.000048 0.660549 -0.750783
vn -0.000113 0.690104 -0.723710
vn -0.000149 0.686853 -0.726797
vn -0.000097 0.662787 0.748808
vn -0.000048 0.660545 0.750786
vn -0.000149 0.686852 0.726798
vn -0.000113 0.690103 0.723711
vn -0.000037 0.696766 0.717298
vn -0.000037 0.696766 0.717298
vn 0.707109 0.707105 0.000000
vn 0.707109 0.707105 0.000000
vn 0.707109 0.707105 0.000000
vn 0.707109 0.707105 0.000000
vn -0.000037 0.696768 -0.717297
vn -0.000037 0.696768 -0.717297
vn 0.000097 0.662787 0.748808
vn 0.000048 0.660546 0.750785
vn 0.000113 0.690102 0.723712
vn 0.000149 0.686850 0.726799
vn 0.000012 0.657888 0.753116
vn 0.000006 0.658110 0.752922
vn 0.000012 0.656203 0.754585
vn 0.000006 0.655977 0.754781
vn 0.000097 0.662790 -0.748805
vn 0.000048 0.660550 -0.750782
vn 0.000006 0.658112 -0.752920
vn 0.000012 0.657889 -0.753115
vn 0.000149 0.686852 -0.726797
vn 0.000113 0.690104 -0.723711
vn 0.000006 0.655973 -0.754784
vn 0.000012 0.656200 -0.754587
vn 0.000037 0.696766 0.717299
vn 0.000037 0.696766 0.717299
vn -0.707103 0.707110 0.000000
vn -0.707103 0.707110 0.000000
vn -0.707103 0.707110 0.000000
vn -0.707103 0.707110 0.000000
vn 0.000038 0.696768 -0.717297
vn 0.000038 0.696768 -0.717297
vn -0.000012 0.656203 0.754585
vn -0.000006 0.655977 0.754781
vn -0.000012 0.657889 0.753115
vn -0.000006 0.658112 0.752920
vn -0.000006 0.655973 -0.754785
vn -0.000012 0.656198 -0.754588
vn -0.000006 0.658107 -0.752925
vn -0.000012 0.657884 -0.753119
vn -0.000097 0.662790 0.748806
vn -0.000048 0.660549 0.750783
vn -0.000149 0.686853 0.726796
vn -0.000113 0.690104 0.723710
vn -0.000048 0.660545 -0.750787
vn -0.000097 0.662786 -0.748809
vn -0.000113 0.690104 -0.723710
vn -0.000149 0.686852 -0.726797
vn -0.000038 0.696768 0.717296
vn -0.000038 0.696768 0.717296
vn 0.707109 0.707104 0.000000
vn 0.707109 0.707104 0.000000
vn 0.707109 0.707104 0.000000
vn 0.707109 0.707104 0.000000
vn -0.000037 0.696768 -0.717297
vn -0.000037 0.696768 -0.717297
vn 0.000000 1.000000 0.000001
vn 0.000000 1.000000 0.000000
vn 0.000000 1.000000 0.000001
vn 0.000000 1.000000 -0.000001
vn 0.000000 1.000000 -0.000001
vn 0.000000 1.000000 0.000000
vn 0.000000 1.000000 0.000000
vn 0.000000 1.000000 0.000000
vn 0.000000 1.000000 0.000000
vn 0.000000 1.000000 -0.000001
vn 0.000000 1.000000 -0.000001
vn 0.000000 1.000000 -0.000000
vn 0.000000 1.000000 -0.000000
vn 0.000000 1.000000 -0.000001
vn 0.000000 1.000000 -0.000000
vn 0.000000 1.000000 -0.000001
vn 0.000000 1.000000 -0.000001
vn 0.000000 1.000000 0.000000
vn 0.000000 1.000000 0.000000
vn 0.000000 1.000000 0.000000
vn 0.000000 1.000000 0.000000
vn 0.000000 1.000000 -0.000001
vn 0.000000 1.000000 -0.000001
vn 0.000000 1.000000 0.000000
vn 0.000000 1.000000 0.000000
vn 0.000000 1.000000 0.000001
vn 0.000000 1.000000 0.000000
vn 0.000000 1.000000 0.000001
vn 0.000000 1.000000 -0.000000
vn 0.000000 1.000000 -0.000000
vn 0.000000 1.000000 -0.000000
vn 0.000000 1.000000 -0.000000
vn 0.000000 1.000000 0.000000
vn 0.000000 1.000000 0.000000
vn 0.000000 1.000000 -0.000001
vn 0.000000 1.000000 -0.000001
vn 0.000000 1.000000 -0.000001
vn 0.000000 1.000000 -0.000000
vn 0.000000 1.000000 -0.000000
vn 0.000000 1.000000 -0.000001
vn 0.000000 1.000000 -0.000001
vn 0.000000 1.000000 0.000001
vn 0.000000 1.000000 0.000001
vn 0.000000 1.000000 -0.000001
vn 0.000000 1.000000 -0.000001
vn 0.000000 1.000000 0.000000
vn 0.000000 1.000000 -0.000000
vn 0.000000 1.000000 -0.000000
vn 0.000000 1.000000 0.000000
vn 0.000000 1.000000 0.000000
vn 0.000000 1.000000 0.000000
vn 0.000000 1.000000 -0.000000
vn 0.000000 1.000000 0.000000
vn 0.000000 1.000000 0.000000
vn 0.000000 1.000000 -0.000001
vn 0.000000 1.000000 -0.000001
vn 0.001872 0.999998 0.000000
vn 0.001872 0.999998 0.000000
vn 0.001872 0.999998 0.000000
vn 0.001872 0.999998 0.000000
vn 0.004142 0.999991 0.000000
vn 0.004142 0.999991 0.000000
vn 0.004142 0.999991 0.000000
vn 0.004142 0.999991 0.000000
vn 0.000000 1.000000 0.000000
vn 0.000000 1.000000 0.000000
vn 0.000000 1.000000 0.000000
vn 0.000000 1.000000 0.000000
vn 0.000309 1.000000 -0.000002
vn 0.000309 1.000000 -0.000002
vn 0.000309 1.000000 -0.000002
vn 0.000309 1.000000 -0.000002
vn 0.000000 1.000000 -0.000003
vn 0.000000 1.000000 -0.000003
vn 0.000000 1.000000 -0.000003
vn 0.000000 1.000000 -0.000003
vn -0.000309 1.000000 0.000000
vn -0.000309 1.000000 0.000000
vn -0.000309 1.000000 0.000000
vn -0.000309 1.000000 0.000000
vn 0.000000 1.000000 0.000001
vn 0.000000 1.000000 0.000001
vn 0.000000 1.000000 0.000001
vn 0.000000 1.000000 0.000001
vn -0.004142 0.999991 0.000003
vn -0.004142 0.999991 0.000003
vn -0.004142 0.999991 0.000003
vn -0.004142 0.999991 0.000003
vn -0.001872 0.999998 0.000000
vn -0.001872 0.999998 0.000000
vn -0.001872 0.999998 0.000000
vn -0.001872 0.999998 0.000000
vn -0.001872 0.999998 0.000000
vn -0.001872 0.999998 0.000000
vn -0.001872 0.999998 0.000000
vn -0.001872 0.999998 0.000000
vn -0.004142 0.999991 -0.000003
vn -0.004142 0.999991 -0.000003
vn -0.004142 0.999991 -0.000003
vn -0.004142 0.999991 -0.000003
vn 0.000000 1.000000 -0.000002
vn 0.000000 1.000000 -0.000002
vn 0.000000 1.000000 -0.000002
vn 0.000000 1.000000 -0.000002
vn -0.000309 1.000000 -0.000001
vn -0.000309 1.000000 -0.000001
vn -0.000309 1.000000 -0.000001
vn -0.000309 1.000000 -0.000001
vn 0.000000 1.000000 0.000001
vn 0.000000 1.000000 0.000001
vn 0.000000 1.000000 0.000001
vn 0.000000 1.000000 0.000001
vn 0.000309 1.000000 -0.000000
vn 0.000309 1.000000 -0.000000
vn 0.000309 1.000000 -0.000000
vn 0.000309 1.000000 -0.000000
vn 0.000000 1.000000 0.000001
vn 0.000000 1.000000 0.000001
vn 0.000000 1.000000 0.000001
vn 0.000000 1.000000 0.000001
vn 0.004142 0.999991 0.000000
vn 0.004142 0.999991 0.000000
vn 0.004142 0.999991 0.000000
vn 0.004142 0.999991 0.000000
vn 0.001872 0.999998 0.000000
vn 0.001872 0.999998 0.000000
vn 0.001872 0.999998 0.000000
vn 0.001872 0.999998 0.000000
vn -0.707107 0.707107 -0.000000
vn -0.707107 0.707107 -0.000000
vn -0.707107 0.707107 -0.000000
vn -0.707107 0.707107 -0.000000
vn 0.000000 0.707108 0.707105
vn 0.000000 0.707108 0.707105
vn -0.000000 0.707106 0.707108
vn -0.000000 0.707106 0.707108
vn -0.000000 0.707106 0.707108
vn -0.000000 0.707106 0.707108
vn 0.000000 0.707108 -0.707106
vn 0.000000 0.707108 -0.707106
vn 0.000000 0.707110 -0.707104
vn 0.000000 0.707110 -0.707104
vn 0.000000 0.707110 -0.707104
vn 0.000000 0.707110 -0.707104
vn 0.000000 0.707108 -0.707106
vn 0.000000 0.707108 -0.707106
vn 0.000000 0.707109 0.707105
vn 0.000000 0.707109 0.707105
vn 0.000000 0.707109 0.707105
vn 0.000000 0.707109 0.707105
vn 0.000000 0.707108 -0.707106
vn 0.000000 0.707108 -0.707106
vn 0.000000 0.707105 -0.707108
vn 0.000000 0.707105 -0.707108
vn 0.000000 0.707111 0.707103
vn 0.000000 0.707111 0.707103
vn 0.000000 0.707111 0.707103
vn 0.000000 0.707111 0.707103
vn 0.000000 0.707106 -0.707108
vn 0.000000 0.707106 -0.707108
vn 0.000000 0.707111 -0.707103
vn 0.000000 0.707111 -0.707103
vn 0.000000 0.707109 0.707104
vn 0.000000 0.707109 0.707104
vn 0.707107 0.707107 0.000000
vn 0.707107 0.707107 0.000000
vn 0.707107 0.707107 0.000000
vn 0.707107 0.707107 0.000000
vn 0.000000 1.000000 0.000000
vn 0.000000 1.000000 0.000000
vn 0.000000 1.000000 0.000000
vn 0.000000 1.000000 0.000000
vn 0.000000 1.000000 0.000000
vn 0.000000 1.000000 0.000000
vn 0.000000 1.000000 0.000000
vn 0.000000 1.000000 0.000000
vn 0.000000 1.000000 -0.000005
vn 0.000000 1.000000 -0.000005
vn 0.000000 1.000000 0.000000
vn 0.000000 1.000000 0.000000
vn 0.000000 1.000000 0.000000
vn 0.000000 1.000000 -0.000000
vn 0.000000 1.000000 0.000000
vn 0.000000 1.000000 -0.000000
vn 0.000000 1.000000 0.000000
vn 0.000000 1.000000 0.000000
vn 0.000000 1.000000 0.000000
vn 0.000000 1.000000 0.000000
vn 0.000000 1.000000 0.000000
vn 0.000000 1.000000 0.000000
vn 0.000000 1.000000 0.000000
vn 0.000000 1.000000 0.000000
vn 0.000000 1.000000 0.000000
vn 0.000000 1.000000 0.000000
vn 0.000000 1.000000 0.000000
vn 0.000000 1.000000 0.000000
vn 0.000000 1.000000 0.000000
vn 0.000000 1.000000 0.000000
vn 0.000000 1.000000 0.000000
vn 0.000000 1.000000 0.000000
vn 0.000000 1.000000 0.000000
vn 0.000000 1.000000 0.000000
vn 0.000000 1.000000 0.000000
vn 0.000000 1.000000 0.000000
vn 0.000000 1.000000 0.000000
vn 0.000000 1.000000 0.000000
vn 0.000000 1.000000 0.000000
vn 0.000000 1.000000 0.000000
vn 0.000000 1.000000 0.000000
vn 0.000000 1.000000 0.000000
vn 0.000000 1.000000 0.000000
vn 0.000000 1.000000 0.000000
vn 0.000000 -1.000000 0.000000
vn 0.000000 -1.000000 0.000000
vn 0.000000 -1.000000 0.000000
vn 0.000000 -1.000000 0.000000
vn 0.000000 -1.000000 0.000000
vn 0.000000 -1.000000 0.000000
vn 0.000000 -1.000000 0.000000
vn 0.000000 -1.000000 0.000000
vn 0.000000 -1.000000 0.000000
vn 0.000000 -1.000000 0.000000
vn 0.000000 -1.000000 0.000000
vn 0.000000 -1.000000 0.000000
vn 0.000000 -1.000000 0.000000
vn 0.000000 -1.000000 0.000000
vn 0.000000 -1.000000 0.000000
vn 0.000000 -1.000000 0.000000
vn 0.000000 -1.000000 0.000000
vn 0.000000 -1.000000 0.000000
vn 0.000000 -1.000000 0.000000
vn 0.000000 -1.000000 0.000000
vn 0.000000 -1.000000 0.000000
vn 0.000000 -1.000000 0.000000
vn 0.000000 -1.000000 0.000000
vn 0.000000 -1.000000 0.000000
vn 0.000000 -1.000000 0.000000
vn 0.000000 -1.000000 0.000000
vn 0.000000 -1.000000 0.000000
vn 0.000000 -1.000000 0.000000
vn 0.000000 -1.000000 0.000000
vn 0.000000 -1.000000 0.000000
vn 0.000000 -1.000000 0.000000
vn 0.000000 -1.000000 0.000000
vn 0.000000 -1.000000 0.000000
vn 0.000000 -1.000000 0.000000
vn 0.000000 -1.000000 0.000000
vn 0.000000 -1.000000 0.000000
vn 0.000000 -1.000000 0.000000
vn 0.000000 -1.000000 0.000000
vn 0.000000 -1.000000 0.000000
vn 0.000000 -1.000000 0.000000
vn 0.000000 -1.000000 0.000000
vn 0.000000 -1.000000 0.000000
vn 0.000000 -1.000000 0.000000
vn 0.000000 -1.000000 0.000000
vn 0.000000 -1.000000 0.000000
vn 0.000000 -1.000000 0.000000
vn 0.000000 -1.000000 0.000000
vn 0.000000 -1.000000 0.000000
vn 0.000000 -1.000000 0.000000
vn 0.000000 -1.000000 0.000000
vn 0.000000 -1.000000 0.000000
vn 0.000000 -1.000000 0.000000
vn 0.000000 -1.000000 0.000000
vn 0.000000 -1.000000 0.000000
vn 0.000000 -1.000000 0.000000
vn 0.000000 -1.000000 0.000000
vn 0.000000 -1.000000 0.000000
vn 0.000000 -1.000000 0.000000
vn 0.000000 -1.000000 0.000000
vn 0.000000 -1.000000 0.000000
vn 0.000000 -1.000000 0.000000
vn 0.000000 -1.000000 0.000000
vn 0.000000 -1.000000 0.000000
vn 0.000000 -1.000000 0.000000
vn 0.000000 -1.000000 0.000000
vn 0.000000 -1.000000 0.000000
vn 0.000000 -1.000000 0.000000
vn 0.000000 -1.000000 0.000000
vn 0.757171 0.000000 0.653216
vn 0.757171 0.000000 0.653216
vn 0.757171 0.000000 0.653216
vn 0.757171 0.000000 0.653216
vn 0.746013 0.486170 0.455087
vn 0.746013 0.486170 0.455087
vn 0.746013 0.486170 0.455087
vn 0.746013 0.486170 0.455087
vn 0.746013 -0.486169 0.455087
vn 0.746013 -0.486169 0.455087
vn 0.746013 -0.486169 0.455087
vn 0.746013 -0.486169 0.455087
vn 0.735333 0.677706 0.000000
vn 0.735333 0.677706 0.000000
vn 0.735333 0.677706 0.000000
vn 0.735333 0.677706 0.000000
vn 0.746013 0.486170 -0.455087
vn 0.746013 0.486170 -0.455087
vn 0.746013 0.486170 -0.455087
vn 0.746013 0.486170 -0.455087
vn 0.735335 -0.677704 0.000000
vn 0.735335 -0.677704 0.000000
vn 0.735335 -0.677704 0.000000
vn 0.735335 -0.677704 0.000000
vn 0.757171 0.000000 -0.653216
vn 0.757171 0.000000 -0.653216
vn 0.757171 0.000000 -0.653216
vn 0.757171 0.000000 -0.653216
vn 0.746013 -0.486170 -0.455087
vn 0.746013 -0.486170 -0.455086
vn 0.746013 -0.486170 -0.455086
vn 0.746013 -0.486170 -0.455087
vn -0.692967 0.000000 0.720969
vn -0.692967 0.000000 0.720969
vn -0.692967 0.000000 0.720969
vn -0.692967 0.000000 0.720969
vn -0.490002 0.490002 0.720969
vn -0.490002 0.490002 0.720969
vn -0.490002 0.490002 0.720969
vn -0.490002 0.490002 0.720969
vn -0.490002 -0.490002 0.720969
vn -0.490002 -0.490002 0.720969
vn -0.490002 -0.490002 0.720969
vn -0.490002 -0.490002 0.720969
vn 0.000000 0.692967 0.720969
vn 0.000000 0.692967 0.720969
vn 0.000000 0.692967 0.720969
vn 0.000000 0.692967 0.720969
vn 0.490002 0.490002 0.720969
vn 0.490002 0.490002 0.720969
vn 0.490002 0.490002 0.720969
vn 0.490002 0.490002 0.720969
vn 0.000000 -0.692967 0.720969
vn 0.000000 -0.692967 0.720969
vn 0.000000 -0.692967 0.720969
vn 0.000000 -0.692967 0.720969
vn 0.692967 0.000000 0.720969
vn 0.692967 0.000000 0.720969
vn 0.692967 0.000000 0.720969
vn 0.692967 0.000000 0.720969
vn 0.490002 -0.490002 0.720969
vn 0.490002 -0.490002 0.720969
vn 0.490002 -0.490002 0.720969
vn 0.490002 -0.490002 0.720969
vn -0.757171 0.000000 -0.653216
vn -0.757171 0.000000 -0.653216
vn -0.757171 0.000000 -0.653216
vn -0.757171 0.000000 -0.653216
vn -0.746013 0.486170 -0.455087
vn -0.746013 0.486170 -0.455087
vn -0.746013 0.486170 -0.455087
vn -0.746013 0.486170 -0.455087
vn -0.746013 -0.486169 -0.455087
vn -0.746013 -0.486169 -0.455087
vn -0.746013 -0.486169 -0.455087
vn -0.746013 -0.486169 -0.455087
vn -0.735333 0.677706 0.000000
vn -0.735333 0.677706 0.000000
vn -0.735333 0.677706 0.000000
vn -0.735333 0.677706 0.000000
vn -0.746013 0.486170 0.455087
vn -0.746013 0.486170 0.455087
vn -0.746013 0.486170 0.455087
vn -0.746013 0.486170 0.455087
vn -0.735335 -0.677704 0.000000
vn -0.735335 -0.677704 0.000000
vn -0.735335 -0.677704 0.000000
vn -0.735335 -0.677704 0.000000
vn -0.757171 0.000000 0.653216
vn -0.757171 0.000000 0.653216
vn -0.757171 0.000000 0.653216
vn -0.757171 0.000000 0.653216
vn -0.746013 -0.486170 0.455087
vn -0.746013 -0.486170 0.455086
vn -0.746013 -0.486170 0.455086
vn -0.746013 -0.486170 0.455087
vn -0.692967 0.000000 -0.720969
vn -0.692967 0.000000 -0.720969
vn -0.692967 0.000000 -0.720969
vn -0.692967 0.000000 -0.720969
vn -0.490002 -0.490002 -0.720969
vn -0.490002 -0.490002 -0.720969
vn -0.490002 -0.490002 -0.720969
vn -0.490002 -0.490002 -0.720969
vn -0.490002 0.490002 -0.720969
vn -0.490002 0.490002 -0.720969
vn -0.490002 0.490002 -0.720969
vn -0.490002 0.490002 -0.720969
vn 0.000000 -0.692967 -0.720969
vn 0.000000 -0.692967 -0.720969
vn 0.000000 -0.692967 -0.720969
vn 0.000000 -0.692967 -0.720969
vn 0.490002 -0.490002 -0.720969
vn 0.490002 -0.490002 -0.720969
vn 0.490002 -0.490002 -0.720969
vn 0.490002 -0.490002 -0.720969
vn 0.000000 0.692967 -0.720969
vn 0.000000 0.692967 -0.720969
vn 0.000000 0.692967 -0.720969
vn 0.000000 0.692967 -0.720969
vn 0.692967 0.000000 -0.720969
vn 0.692967 0.000000 -0.720969
vn 0.692967 0.000000 -0.720969
vn 0.692967 0.000000 -0.720969
vn 0.490002 0.490002 -0.720969
vn 0.490002 0.490002 -0.720969
vn 0.490002 0.490002 -0.720969
vn 0.490002 0.490002 -0.720969
vn 0.000000 0.000000 1.000000
vn 0.000000 0.000000 1.000000
vn 0.000000 0.000000 1.000000
vn 0.000000 0.000000 1.000000
vn 0.000000 0.000000 -1.000000
vn 0.000000 0.000000 -1.000000
vn 0.000000 0.000000 -1.000000
vn 0.000000 0.000000 -1.000000
vn 1.000000 0.000000 0.000000
vn 1.000000 0.000000 0.000000
vn 1.000000 0.000000 0.000000
vn 1.000000 0.000000 0.000000
vn 1.000000 -0.000001 0.000000
vn 1.000000 -0.000001 0.000000
vn 1.000000 -0.000001 0.000000
vn 1.000000 -0.000001 0.000000
vn 0.000000 0.000000 -1.000000
vn 0.000000 0.000000 -1.000000
vn 0.000000 0.000000 -1.000000
vn 0.000000 0.000000 -1.000000
vn -1.000000 -0.000001 0.000000
vn -1.000000 -0.000001 0.000000
vn -1.000000 -0.000001 0.000000
vn -1.000000 -0.000001 0.000000
vn -1.000000 0.000000 0.000000
vn -1.000000 0.000000 0.000000
vn -1.000000 0.000000 0.000000
vn -1.000000 0.000000 0.000000
vn 0.000000 0.000000 1.000000
vn 0.000000 0.000000 1.000000
vn 0.000000 0.000000 1.000000
vn 0.000000 0.000000 1.000000
vn 0.707554 -0.009750 0.706592
vn 0.707554 -0.009750 0.706592
vn 0.713931 -0.270023 0.646057
vn 0.713931 -0.270023 0.646057
vn 0.707554 0.009750 0.706592
vn 0.707554 0.009750 0.706592
vn 0.713931 0.270024 0.646057
vn 0.713931 0.270024 0.646056
vn 0.707537 -0.706615 0.009264
vn 0.707537 -0.706615 0.009264
vn 0.713932 -0.646057 0.270022
vn 0.713932 -0.646057 0.270022
vn 0.707537 -0.706615 -0.009264
vn 0.707537 -0.706615 -0.009264
vn 0.713932 -0.646057 -0.270023
vn 0.713932 -0.646057 -0.270023
vn 0.707554 -0.009750 -0.706592
vn 0.707554 -0.009750 -0.706592
vn 0.713931 -0.270024 -0.646057
vn 0.713931 -0.270024 -0.646057
vn 0.707554 0.009750 -0.706592
vn 0.707554 0.009750 -0.706592
vn 0.713932 0.270023 -0.646057
vn 0.713932 0.270023 -0.646057
vn 0.707537 0.706616 -0.009264
vn 0.707537 0.706616 -0.009264
vn 0.713932 0.646057 -0.270022
vn 0.713932 0.646057 -0.270022
vn 0.707537 0.706616 0.009264
vn 0.707537 0.706616 0.009264
vn 0.713932 0.646057 0.270022
vn 0.713932 0.646057 0.270022
vn -0.707554 -0.009750 -0.706592
vn -0.707554 -0.009750 -0.706592
vn -0.713931 -0.270023 -0.646057
vn -0.713931 -0.270023 -0.646057
vn -0.707554 0.009750 -0.706592
vn -0.707554 0.009750 -0.706592
vn -0.713931 0.270024 -0.646057
vn -0.713931 0.270024 -0.646056
vn -0.707537 -0.706615 -0.009264
vn -0.707537 -0.706615 -0.009264
vn -0.713932 -0.646057 -0.270022
vn -0.713932 -0.646057 -0.270022
vn -0.707537 -0.706615 0.009264
vn -0.707537 -0.706615 0.009264
vn -0.713932 -0.646057 0.270023
vn -0.713932 -0.646057 0.270023
vn -0.707554 -0.009750 0.706592
vn -0.707554 -0.009750 0.706592
vn -0.713931 -0.270024 0.646057
vn -0.713931 -0.270024 0.646057
vn -0.707554 0.009750 0.706592
vn -0.707554 0.009750 0.706592
vn -0.713932 0.270023 0.646057
vn -0.713932 0.270023 0.646057
vn -0.707537 0.706616 0.009264
vn -0.707537 0.706616 0.009264
vn -0.713932 0.646057 0.270022
vn -0.713932 0.646057 0.270022
vn -0.707537 0.706616 -0.009264
vn -0.707537 0.706616 -0.009264
vn -0.713932 0.646057 -0.270022
vn -0.713932 0.646057 -0.270022
vn 0.713933 -0.495125 0.495127
vn 0.713933 -0.495125 0.495127
vn 0.713933 -0.495126 -0.495126
vn 0.713933 -0.495126 -0.495126
vn 0.713934 0.495125 -0.495126
vn 0.713934 0.495125 -0.495126
vn 0.713933 0.495126 0.495126
vn 0.713933 0.495126 0.495126
vn -0.713933 -0.495125 -0.495127
vn -0.713933 -0.495125 -0.495127
vn -0.713933 -0.495126 0.495126
vn -0.713933 -0.495126 0.495126
vn -0.713934 0.495125 0.495126
vn -0.713934 0.495125 0.495126
vn -0.713933 0.495126 -0.495126
vn -0.713933 0.495126 -0.495126
vn 1.000000 0.000002 0.000000
vn 1.000000 0.000002 0.000000
vn 1.000000 -0.000000 0.000000
vn 1.000000 0.000000 0.000000
vn 1.000000 -0.000002 0.000000
vn 1.000000 -0.000002 0.000000
vn 1.000000 0.000000 0.000000
vn 1.000000 -0.000000 0.000000
vn -1.000000 0.000002 0.000000
vn -1.000000 0.000002 0.000000
vn -1.000000 -0.000000 0.000000
vn -1.000000 0.000000 0.000000
vn -1.000000 -0.000002 0.000000
vn -1.000000 -0.000002 0.000000
vn -1.000000 0.000000 0.000000
vn -1.000000 -0.000000 0.000000
vn 1.000000 -0.000015 0.000000
vn 1.000000 -0.000003 0.000000
vn 1.000000 0.000001 0.000000
vn 1.000000 0.000001 0.000000
vn 1.000000 -0.000003 0.000000
vn 1.000000 0.000000 0.000000
vn 1.000000 0.000015 0.000000
vn 1.000000 0.000003 0.000000
vn 1.000000 -0.000001 0.000000
vn 1.000000 -0.000001 0.000000
vn 1.000000 0.000003 0.000000
vn 1.000000 0.000000 0.000000
vn -1.000000 -0.000015 0.000000
vn -1.000000 -0.000003 0.000000
vn -1.000000 0.000001 0.000000
vn -1.000000 0.000001 0.000000
vn -1.000000 -0.000003 0.000000
vn -1.000000 0.000000 0.000000
vn -1.000000 0.000015 0.000000
vn -1.000000 0.000003 0.000000
vn -1.000000 -0.000001 0.000000
vn -1.000000 -0.000001 0.000000
vn -1.000000 0.000003 0.000000
vn -1.000000 0.000000 0.000000
vn -1.000000 0.000033 0.000000
vn -1.000000 0.000033 0.000000
vn -1.000000 0.000033 0.000000
vn -1.000000 0.000033 0.000000
vn -1.000000 0.000000 0.000000
vn -1.000000 0.000000 0.000000
vn -1.000000 0.000000 0.000000
vn -1.000000 0.000000 0.000000
vn -1.000000 0.000000 0.000000
vn -1.000000 0.000000 0.000000
vn -1.000000 0.000000 0.000000
vn -1.000000 0.000000 0.000000
vn -1.000000 0.000000 0.000000
vn -1.000000 0.000000 0.000000
vn -1.000000 0.000000 0.000000
vn -1.000000 0.000000 0.000000
vn -1.000000 0.000000 0.000000
vn -1.000000 0.000000 0.000000
vn -1.000000 0.000000 0.000000
vn -1.000000 0.000000 0.000000
vn -1.000000 0.000000 0.000000
vn -1.000000 0.000000 0.000000
vn -1.000000 0.000000 0.000000
vn -1.000000 0.000000 0.000000
vn -1.000000 0.000000 0.000000
vn -1.000000 0.000000 0.000000
vn -1.000000 0.000000 0.000000
vn -1.000000 0.000000 0.000000
vn -1.000000 0.000000 0.000000
vn -1.000000 0.000000 0.000000
vn -1.000000 0.000000 0.000000
vn -1.000000 0.000000 0.000000
vn -1.000000 -0.000033 0.000000
vn -1.000000 -0.000033 0.000000
vn -1.000000 -0.000033 0.000000
vn -1.000000 -0.000033 0.000000
vn 1.000000 0.000033 0.000000
vn 1.000000 0.000033 0.000000
vn 1.000000 0.000033 0.000000
vn 1.000000 0.000033 0.000000
vn 1.000000 0.000000 0.000000
vn 1.000000 0.000000 0.000000
vn 1.000000 0.000000 0.000000
vn 1.000000 0.000000 0.000000
vn 1.000000 0.000000 0.000000
vn 1.000000 0.000000 0.000000
vn 1.000000 0.000000 0.000000
vn 1.000000 0.000000 0.000000
vn 1.000000 0.000000 0.000000
vn 1.000000 0.000000 0.000000
vn 1.000000 0.000000 0.000000
vn 1.000000 0.000000 0.000000
vn 1.000000 0.000000 0.000000
vn 1.000000 0.000000 0.000000
vn 1.000000 0.000000 0.000000
vn 1.000000 0.000000 0.000000
vn 1.000000 0.000000 0.000000
vn 1.000000 0.000000 0.000000
vn 1.000000 0.000000 0.000000
vn 1.000000 0.000000 0.000000
vn 1.000000 0.000000 0.000000
vn 1.000000 0.000000 0.000000
vn 1.000000 0.000000 0.000000
vn 1.000000 0.000000 0.000000
vn 1.000000 0.000000 0.000000
vn 1.000000 0.000000 0.000000
vn 1.000000 0.000000 0.000000
vn 1.000000 0.000000 0.000000
vn 1.000000 -0.000033 0.000000
vn 1.000000 -0.000033 0.000000
vn 1.000000 -0.000033 0.000000
vn 1.000000 -0.000033 0.000000
vn 0.000000 0.951058 -0.309012
vn 0.000000 0.809015 -0.587788
vn 0.000000 0.809015 -0.587788
vn 0.000000 0.951058 -0.309012
vn 0.000000 0.587784 -0.809018
vn 0.000000 0.587784 -0.809018
vn 0.000000 0.309016 -0.951057
vn 0.000000 0.309016 -0.951057
vn 0.000000 0.000000 -1.000000
vn 0.000000 0.000000 -1.000000
vn 0.000000 -0.309018 -0.951056
vn 0.000000 -0.309018 -0.951056
vn 0.000000 -0.587784 -0.809018
vn 0.000000 -0.587784 -0.809018
vn 0.000000 -0.809015 -0.587788
vn 0.000000 -0.809015 -0.587788
vn 0.000000 -0.951056 -0.309020
vn 0.000000 -0.951056 -0.309020
vn 0.000000 -1.000000 0.000000
vn 0.000000 -1.000000 0.000000
vn 0.000000 -0.951056 0.309020
vn 0.000000 -0.951056 0.309020
vn 0.000000 -0.809014 0.587790
vn 0.000000 -0.809014 0.587790
vn 0.000000 -0.587784 0.809018
vn 0.000000 -0.587784 0.809018
vn 0.000000 -0.309018 0.951056
vn 0.000000 -0.309018 0.951056
vn 0.000000 -0.000000 1.000000
vn 0.000000 -0.000000 1.000000
vn 0.000000 0.309016 0.951057
vn 0.000000 0.309016 0.951057
vn 0.000000 0.587784 0.809018
vn 0.000000 0.587784 0.809018
vn 0.000000 0.809014 0.587790
vn 0.000000 0.809014 0.587790
vn 0.000000 0.951058 0.309012
vn 0.000000 0.951058 0.309012
vn 0.000000 1.000000 0.000000
vn 0.000000 1.000000 0.000000
vn 0.000000 0.951056 -0.309020
vn 0.000000 0.809015 -0.587788
vn 0.000000 0.809015 -0.587788
vn 0.000000 0.951056 -0.309020
vn 0.000000 0.587789 -0.809015
vn 0.000000 0.587789 -0.809015
vn 0.000000 0.309016 -0.951057
vn 0.000000 0.309016 -0.951057
vn 0.000000 0.000000 -1.000000
vn 0.000000 0.000000 -1.000000
vn 0.000000 -0.309016 -0.951057
vn 0.000000 -0.309016 -0.951057
vn 0.000000 -0.587785 -0.809018
vn 0.000000 -0.587785 -0.809018
vn 0.000000 -0.809019 -0.587782
vn 0.000000 -0.809019 -0.587782
vn 0.000000 -0.951056 -0.309020
vn 0.000000 -0.951056 -0.309020
vn 0.000000 -1.000000 0.000000
vn 0.000000 -1.000000 0.000000
vn 0.000000 -0.951056 0.309020
vn 0.000000 -0.951056 0.309020
vn 0.000000 -0.809018 0.587784
vn 0.000000 -0.809018 0.587784
vn 0.000000 -0.587784 0.809018
vn 0.000000 -0.587784 0.809018
vn 0.000000 -0.309016 0.951057
vn 0.000000 -0.309016 0.951057
vn 0.000000 -0.000000 1.000000
vn 0.000000 -0.000000 1.000000
vn 0.000000 0.309018 0.951056
vn 0.000000 0.309018 0.951056
vn 0.000000 0.587789 0.809015
vn 0.000000 0.587789 0.809015
vn 0.000000 0.809010 0.587795
vn 0.000000 0.809010 0.587795
vn 0.000000 0.951056 0.309020
vn 0.000000 0.951056 0.309020
vn 0.000000 1.000000 0.000000
vn 0.000000 1.000000 0.000000
vn 0.309018 0.951056 0.000000
vn 0.587786 0.809016 0.000000
vn 0.587786 0.809016 0.000000
vn 0.309018 0.951056 0.000000
vn 0.809017 0.587785 0.000000
vn 0.809017 0.587785 0.000000
vn 0.951056 0.309018 0.000000
vn 0.951056 0.309018 0.000000
vn 1.000000 0.000000 0.000000
vn 1.000000 0.000000 0.000000
vn 0.951056 -0.309018 0.000000
vn 0.951056 -0.309018 0.000000
vn 0.809017 -0.587785 0.000000
vn 0.809017 -0.587785 0.000000
vn 0.587786 -0.809016 0.000000
vn 0.587786 -0.809016 0.000000
vn 0.309018 -0.951056 0.000000
vn 0.309018 -0.951056 0.000000
vn 0.000000 -1.000000 0.000000
vn 0.000000 -1.000000 0.000000
vn -0.309021 -0.951055 0.000000
vn -0.309021 -0.951055 0.000000
vn -0.587786 -0.809016 0.000000
vn -0.587786 -0.809016 0.000000
vn -0.809017 -0.587785 0.000000
vn -0.809017 -0.587785 0.000000
vn -0.951056 -0.309018 0.000000
vn -0.951056 -0.309018 0.000000
vn -1.000000 0.000000 0.000000
vn -1.000000 0.000000 0.000000
vn -0.951056 0.309020 0.000000
vn -0.951056 0.309020 0.000000
vn -0.809017 0.587785 0.000000
vn -0.809017 0.587785 0.000000
vn -0.587790 0.809013 0.000000
vn -0.587790 0.809013 0.000000
vn -0.309021 0.951055 0.000000
vn -0.309021 0.951055 0.000000
vn 0.000000 1.000000 0.000000
vn 0.000000 1.000000 0.000000
vn 0.000000 0.951056 -0.309020
vn 0.000000 0.809015 -0.587788
vn 0.000000 0.809015 -0.587788
vn 0.000000 0.951056 -0.309020
vn 0.000000 0.587789 -0.809015
vn 0.000000 0.587789 -0.809015
vn 0.000000 0.309016 -0.951057
vn 0.000000 0.309016 -0.951057
vn 0.000000 0.000000 -1.000000
vn 0.000000 0.000000 -1.000000
vn 0.000000 -0.309016 -0.951057
vn 0.000000 -0.309016 -0.951057
vn 0.000000 -0.587785 -0.809018
vn 0.000000 -0.587785 -0.809018
vn 0.000000 -0.809019 -0.587782
vn 0.000000 -0.809019 -0.587782
vn 0.000000 -0.951056 -0.309020
vn 0.000000 -0.951056 -0.309020
vn 0.000000 -1.000000 0.000000
vn 0.000000 -1.000000 0.000000
vn 0.000000 -0.951056 0.309020
vn 0.000000 -0.951056 0.309020
vn 0.000000 -0.809018 0.587784
vn 0.000000 -0.809018 0.587784
vn 0.000000 -0.587784 0.809018
vn 0.000000 -0.587784 0.809018
vn 0.000000 -0.309019 0.951056
vn 0.000000 -0.309019 0.951056
vn 0.000000 0.000000 1.000000
vn 0.000000 0.000000 1.000000
vn 0.000000 0.309021 0.951055
vn 0.000000 0.309021 0.951055
vn 0.000000 0.587789 0.809015
vn 0.000000 0.587789 0.809015
vn 0.000000 0.809010 0.587795
vn 0.000000 0.809010 0.587795
vn 0.000000 0.951056 0.309020
vn 0.000000 0.951056 0.309020
vn 0.000000 1.000000 0.000000
vn 0.000000 1.000000 0.000000
vn 0.000000 0.951058 -0.309012
vn 0.000000 0.809015 -0.587788
vn 0.000000 0.809015 -0.587788
vn 0.000000 0.951058 -0.309012
vn 0.000000 0.587784 -0.809018
vn 0.000000 0.587784 -0.809018
vn 0.000000 0.309016 -0.951057
vn 0.000000 0.309016 -0.951057
vn 0.000000 0.000000 -1.000000
vn 0.000000 0.000000 -1.000000
vn 0.000000 -0.309018 -0.951056
vn 0.000000 -0.309018 -0.951056
vn 0.000000 -0.587784 -0.809018
vn 0.000000 -0.587784 -0.809018
vn 0.000000 -0.809015 -0.587788
vn 0.000000 -0.809015 -0.587788
vn 0.000000 -0.951056 -0.309020
vn 0.000000 -0.951056 -0.309020
vn 0.000000 -1.000000 0.000000
vn 0.000000 -1.000000 0.000000
vn 0.000000 -0.951056 0.309020
vn 0.000000 -0.951056 0.309020
vn 0.000000 -0.809014 0.587790
vn 0.000000 -0.809014 0.587790
vn 0.000000 -0.587784 0.809018
vn 0.000000 -0.587784 0.809018
vn 0.000000 -0.309021 0.951055
vn 0.000000 -0.309021 0.951055
vn 0.000000 0.000000 1.000000
vn 0.000000 0.000000 1.000000
vn 0.000000 0.309019 0.951056
vn 0.000000 0.309019 0.951056
vn 0.000000 0.587784 0.809018
vn 0.000000 0.587784 0.809018
vn 0.000000 0.809014 0.587790
vn 0.000000 0.809014 0.587790
vn 0.000000 0.951058 0.309012
vn 0.000000 0.951058 0.309012
vn 0.000000 1.000000 0.000000
vn 0.000000 1.000000 0.000000
vn 0.309021 0.951055 0.000000
vn 0.587786 0.809016 0.000000
vn 0.587786 0.809016 0.000000
vn 0.309021 0.951055 0.000000
vn 0.809017 0.587785 0.000000
vn 0.809017 0.587785 0.000000
vn 0.951056 0.309018 0.000000
vn 0.951056 0.309018 0.000000
vn 1.000000 0.000000 0.000000
vn 1.000000 0.000000 0.000000
vn 0.951056 -0.309018 0.000000
vn 0.951056 -0.309018 0.000000
vn 0.809017 -0.587785 0.000000
vn 0.809017 -0.587785 0.000000
vn 0.587786 -0.809016 0.000000
vn 0.587786 -0.809016 0.000000
vn 0.309021 -0.951055 0.000000
vn 0.309021 -0.951055 0.000000
vn -0.000000 -1.000000 0.000000
vn -0.000000 -1.000000 0.000000
vn -0.309018 -0.951056 0.000000
vn -0.309018 -0.951056 0.000000
vn -0.587786 -0.809016 0.000000
vn -0.587786 -0.809016 0.000000
vn -0.809017 -0.587785 0.000000
vn -0.809017 -0.587785 0.000000
vn -0.951056 -0.309018 0.000000
vn -0.951056 -0.309018 0.000000
vn -1.000000 0.000000 0.000000
vn -1.000000 0.000000 0.000000
vn -0.951056 0.309020 0.000000
vn -0.951056 0.309020 0.000000
vn -0.809017 0.587785 0.000000
vn -0.809017 0.587785 0.000000
vn -0.587790 0.809013 0.000000
vn -0.587790 0.809013 0.000000
vn -0.309018 0.951056 0.000000
vn -0.309018 0.951056 0.000000
vn -0.000000 1.000000 0.000000
vn -0.000000 1.000000 0.000000
s off
g Crate_low
f 33/351/1 34/395/2 35/337/3 36/389/4
f 44/329/5 43/387/6 45/327/7 46/377/8
f 49/319/9 50/371/10 51/305/11 52/365/12
f 57/303/13 58/359/14 59/289/15 60/353/16
f 65/17/17 66/431/18 68/571/19 67/461/20
f 66/575/21 65/464/22 74/21/23 73/22/24
f 67/20/25 68/430/26 80/573/27 79/24/28
f 69/25/29 70/401/30 76/570/31 75/28/32
f 70/568/33 69/457/34 71/29/35 72/404/36
f 72/566/37 71/460/38 78/31/39 77/32/40
f 73/22/41 74/21/42 255/33/43 254/34/44
f 75/28/45 76/570/46 249/501/47 248/36/48
f 77/32/49 78/31/50 235/37/51 234/38/52
f 79/24/53 80/573/54 239/504/55 238/40/56
f 81/41/57 82/408/58 84/559/59 83/453/60
f 82/563/61 81/456/62 90/45/63 89/46/64
f 83/44/65 84/405/66 96/561/67 95/48/68
f 85/49/69 86/428/70 92/558/71 91/52/72
f 86/556/73 85/449/74 87/53/75 88/425/76
f 88/554/77 87/452/78 94/55/79 93/56/80
f 89/46/81 90/45/82 203/57/83 202/58/84
f 91/52/85 92/558/86 207/512/87 206/60/88
f 93/56/89 94/55/90 223/61/91 222/62/92
f 95/48/93 96/561/94 217/509/95 216/64/96
f 97/65/97 98/409/98 100/547/99 99/445/100
f 98/551/101 97/448/102 110/69/103 109/70/104
f 99/68/105 100/411/106 108/549/107 107/72/108
f 101/73/109 102/424/110 112/546/111 111/76/112
f 102/544/113 101/441/114 103/77/115 104/421/116
f 104/542/117 103/444/118 106/79/119 105/80/120
f 105/80/121 106/79/122 171/81/123 170/517/124
f 107/72/125 108/549/126 165/520/127 164/84/128
f 109/70/129 110/69/130 183/85/131 182/86/132
f 111/76/133 112/546/134 187/515/135 186/88/136
f 113/89/137 114/419/138 116/535/139 115/437/140
f 114/539/141 113/440/142 126/93/143 125/94/144
f 115/92/145 116/418/146 124/537/147 123/96/148
f 117/97/149 118/413/150 128/534/151 127/100/152
f 118/532/153 117/433/154 119/101/155 120/416/156
f 120/530/157 119/436/158 122/103/159 121/104/160
f 121/104/161 122/103/162 139/105/163 138/106/164
f 123/96/165 124/537/166 143/528/167 142/108/168
f 125/94/169 126/93/170 159/109/171 158/110/172
f 127/100/173 128/534/174 153/525/175 152/112/176
f 129/113/177 130/397/178 144/115/179 143/107/180
f 130/114/181 129/417/182 131/116/183 132/398/184
f 132/117/185 131/420/186 158/527/187 157/521/188
f 133/119/189 134/392/190 136/121/191 135/414/192
f 134/120/193 133/415/194 138/526/195 137/524/196
f 135/122/197 136/391/198 154/124/199 153/111/200
s 1
f 137/123/201 140/125/202 258/126/203 257/352/204
s 2
f 140/125/205 139/105/206 146/128/207 145/129/208
s 3
f 141/130/209 144/523/210 259/493/211 260/346/212
s 4
f 142/108/213 141/130/214 148/133/215 147/134/216
s 5
f 150/135/217 149/136/218 152/112/219 151/137/220
s 1
f 151/137/221 154/522/222 262/489/223 261/344/224
s 7
f 156/140/225 155/141/226 160/142/227 159/109/228
s 3
f 157/118/229 160/142/230 263/143/231 264/338/232
s 9
f 162/145/233 161/146/234 164/84/235 163/147/236
s 10
f 163/147/237 166/519/238 266/485/239 265/336/240
s off
f 166/148/241 165/83/242 173/151/243 174/386/244
s 11
f 168/153/245 167/154/246 172/155/247 171/81/248
s 12
f 169/518/249 172/155/250 267/157/251 268/330/252
s off
f 170/82/253 169/156/254 176/159/255 175/422/256
f 174/152/257 173/412/258 177/161/259 178/380/260
f 175/160/261 176/385/262 180/163/263 179/423/264
f 178/162/265 177/410/266 182/516/267 181/514/268
f 179/164/269 180/379/270 188/166/271 187/87/272
s 10
f 181/165/273 184/167/274 270/168/275 269/328/276
s 14
f 184/167/277 183/85/278 190/170/279 189/171/280
s 12
f 185/172/281 188/513/282 271/481/283 272/322/284
s 16
f 186/88/285 185/172/286 192/175/287 191/176/288
s off
f 193/177/289 194/373/290 208/179/291 207/59/292
f 194/178/293 193/427/294 195/180/295 196/374/296
f 196/181/297 195/426/298 222/511/299 221/505/300
f 197/183/301 198/368/302 200/185/303 199/406/304
f 198/184/305 197/407/306 202/510/307 201/508/308
f 199/186/309 200/367/310 218/188/311 217/63/312
s 17
f 201/187/313 204/189/314 274/190/315 273/320/316
s 18
f 204/189/317 203/57/318 210/192/319 209/193/320
s 19
f 205/194/321 208/507/322 275/477/323 276/314/324
s 20
f 206/60/325 205/194/326 212/197/327 211/198/328
s 21
f 214/199/329 213/200/330 216/64/331 215/201/332
s 17
f 215/201/333 218/506/334 278/473/335 277/312/336
s 23
f 220/204/337 219/205/338 224/206/339 223/61/340
s 19
f 221/182/341 224/206/342 279/207/343 280/306/344
s off
f 225/209/345 226/361/346 240/211/347 239/39/348
f 226/210/349 225/429/350 227/212/351 228/362/352
f 228/213/353 227/432/354 254/503/355 253/497/356
f 229/215/357 230/356/358 232/217/359 231/402/360
f 230/216/361 229/403/362 234/502/363 233/500/364
f 231/218/365 232/355/366 250/220/367 249/35/368
s 25
f 233/219/369 236/221/370 282/222/371 281/304/372
s 26
f 236/221/373 235/37/374 242/224/375 241/225/376
s 27
f 237/226/377 240/499/378 283/469/379 284/298/380
s 28
f 238/40/381 237/226/382 244/229/383 243/230/384
s 29
f 246/231/385 245/232/386 248/36/387 247/233/388
s 25
f 247/233/389 250/498/390 286/465/391 285/296/392
s 31
f 252/236/393 251/237/394 256/238/395 255/33/396
s 27
f 253/214/397 256/238/398 287/239/399 288/290/400
s off
f 257/495/401 258/347/402 260/132/403 259/349/404
f 261/139/405 262/339/406 264/491/407 263/341/408
f 265/150/409 266/331/410 268/487/411 267/333/412
f 269/483/413 270/323/414 272/174/415 271/325/416
f 273/479/417 274/315/418 276/196/419 275/317/420
f 277/203/421 278/307/422 280/475/423 279/309/424
f 281/471/425 282/299/426 284/228/427 283/301/428
f 285/235/429 286/291/430 288/467/431 287/293/432
s 33
f 1/462/433 2/242/434 65/17/435 67/461/436
s 34
f 3/458/437 4/244/438 71/29/439 69/457/440
s 33
f 2/463/434 5/245/441 74/21/442 65/464/435
s 34
f 6/246/443 3/243/437 69/25/440 75/28/444
f 4/459/438 7/247/445 78/31/446 71/460/439
s 33
f 8/248/447 1/241/433 67/20/436 79/24/448
s 35
f 9/454/449 10/250/450 81/41/451 83/453/452
s 36
f 11/450/453 12/252/454 87/53/455 85/449/456
s 35
f 10/455/450 13/253/457 90/45/458 81/456/451
s 36
f 14/254/459 11/251/453 85/49/456 91/52/460
f 12/451/454 15/255/461 94/55/462 87/452/455
s 35
f 16/256/463 9/249/449 83/44/452 95/48/464
s 37
f 17/446/465 18/258/466 97/65/467 99/445/468
s 38
f 19/442/469 20/260/470 103/77/471 101/441/472
f 20/443/470 21/261/473 106/79/474 103/444/471
s 37
f 22/262/475 17/257/465 99/68/468 107/72/476
f 18/447/466 23/263/477 110/69/478 97/448/467
s 38
f 24/264/479 19/259/469 101/73/472 111/76/480
s 39
f 25/438/481 26/266/482 113/89/483 115/437/484
s 40
f 27/434/485 28/268/486 119/101/487 117/433/488
f 28/435/486 29/269/489 122/103/490 119/436/487
s 39
f 30/270/491 25/265/481 115/92/484 123/96/492
f 26/439/482 31/271/493 126/93/494 113/440/483
s 40
f 32/272/495 27/267/485 117/97/488 127/100/496
s off
f 34/350/497 33/393/498 257/127/499 259/494/500
f 260/132/501 258/347/502 37/348/503 38/274/504
f 40/342/505 39/276/506 261/139/507 263/341/508
f 264/144/509 262/490/510 36/340/511 35/399/512
f 42/334/513 41/278/514 265/150/515 267/333/516
f 268/158/517 266/486/518 43/332/519 44/383/520
f 46/326/521 45/381/522 269/169/523 271/482/524
f 272/174/525 270/323/526 47/324/527 48/280/528
f 50/318/529 49/369/530 273/191/531 275/478/532
f 276/196/533 274/315/534 53/316/535 54/282/536
f 56/310/537 55/284/538 277/203/539 279/309/540
f 280/208/541 278/474/542 52/308/543 51/375/544
f 58/302/545 57/357/546 281/223/547 283/470/548
f 284/228/549 282/299/550 61/300/551 62/286/552
f 64/294/553 63/288/554 285/235/555 287/293/556
f 288/240/557 286/466/558 60/292/559 59/363/560
f 68/19/561 66/576/562 227/212/563 225/429/564
f 227/432/565 66/18/566 73/574/567 254/503/568
f 68/572/569 225/209/570 239/39/571 80/23/572
f 195/180/573 193/427/574 86/50/575 88/555/576
f 86/557/577 193/177/578 207/59/579 92/51/580
f 195/426/581 88/54/582 93/553/583 222/511/584
f 175/160/585 179/423/586 102/74/587 104/543/588
f 175/422/589 104/78/590 105/541/591 170/82/592
f 102/545/593 179/164/594 187/87/595 112/75/596
f 116/91/597 114/540/598 131/116/599 129/417/600
f 116/536/601 129/113/602 143/107/603 124/95/604
f 131/420/605 114/90/606 125/538/607 158/527/608
f 5/245/609 252/236/610 255/33/611 74/21/612
f 238/40/613 243/230/614 8/248/615 79/24/616
f 206/60/617 211/198/618 14/254/619 91/52/620
f 15/255/621 220/204/622 223/61/623 94/55/624
f 21/261/625 168/153/626 171/81/627 106/79/628
f 186/88/629 191/176/630 24/264/631 111/76/632
f 142/108/633 147/134/634 30/270/635 123/96/636
f 31/271/637 156/140/638 159/109/639 126/93/640
f 133/415/641 120/102/642 121/529/643 138/526/644
f 29/269/645 146/128/646 139/105/647 122/103/648
f 152/112/649 149/136/650 32/272/651 127/100/652
f 118/533/653 135/122/654 153/111/655 128/99/656
f 133/119/657 135/414/658 118/98/659 120/531/660
f 164/84/661 161/146/662 22/262/663 107/72/664
f 100/548/665 173/151/666 165/83/667 108/71/668
f 100/67/669 98/552/670 177/161/671 173/412/672
f 182/516/673 177/410/674 98/66/675 109/550/676
f 23/263/677 190/170/678 183/85/679 110/69/680
f 197/407/681 82/42/682 89/562/683 202/510/684
f 13/253/685 210/192/686 203/57/687 90/45/688
f 216/64/689 213/200/690 16/256/691 95/48/692
f 84/560/693 199/186/694 217/63/695 96/47/696
f 84/43/697 82/564/698 197/183/699 199/406/700
f 229/403/701 72/30/702 77/565/703 234/502/704
f 7/247/705 242/224/706 235/37/707 78/31/708
f 248/36/709 245/232/710 6/246/711 75/28/712
f 70/569/713 231/218/714 249/35/715 76/27/716
f 229/215/717 231/402/718 70/26/719 72/567/720
s 3
f 130/114/721 132/398/722 35/3/723 34/396/724
s 1
f 136/121/725 134/392/726 33/1/727 36/390/728
f 134/120/726 137/524/201 257/496/204 33/394/727
s 3
f 144/115/210 130/397/721 34/2/724 259/131/211
s 1
f 140/125/202 145/129/729 37/273/730 258/126/203
s 3
f 148/133/731 141/130/209 260/346/212 38/345/732
s 1
f 150/135/733 151/137/221 261/344/224 39/343/734
s 3
f 160/142/230 155/141/735 40/275/736 263/143/231
s 1
f 154/124/222 136/391/725 36/4/728 262/138/223
s 3
f 132/117/722 157/521/229 264/492/232 35/400/723
s 10
f 162/145/737 163/147/237 265/336/240 41/335/738
s 12
f 172/155/250 167/154/739 42/277/740 267/157/251
s 10
f 166/148/238 174/386/741 43/6/742 266/149/239
s 12
f 176/159/743 169/156/249 268/488/252 44/384/744
s 10
f 174/152/741 178/380/745 45/7/746 43/388/742
s 12
f 180/163/747 176/385/743 44/5/744 46/378/748
s 10
f 178/162/745 181/514/273 269/484/276 45/382/746
s 12
f 188/166/282 180/379/747 46/8/748 271/173/283
s 10
f 184/167/274 189/171/749 47/279/750 270/168/275
s 12
f 192/175/751 185/172/281 272/322/284 48/321/752
s 19
f 194/178/753 196/374/754 51/11/755 50/372/756
s 17
f 200/185/757 198/368/758 49/9/759 52/366/760
f 198/184/758 201/508/313 273/480/316 49/370/759
s 19
f 208/179/322 194/373/753 50/10/756 275/195/323
s 17
f 204/189/314 209/193/761 53/281/762 274/190/315
s 19
f 212/197/763 205/194/321 276/314/324 54/313/764
s 17
f 214/199/765 215/201/333 277/312/336 55/311/766
s 19
f 224/206/342 219/205/767 56/283/768 279/207/343
s 17
f 218/188/334 200/367/757 52/12/760 278/202/335
s 19
f 196/181/754 221/505/341 280/476/344 51/376/755
s 27
f 226/210/769 228/362/770 59/15/771 58/360/772
s 25
f 232/217/773 230/356/774 57/13/775 60/354/776
f 230/216/774 233/500/369 281/472/372 57/358/775
s 27
f 240/211/378 226/361/769 58/14/772 283/227/379
s 25
f 236/221/370 241/225/777 61/285/778 282/222/371
s 27
f 244/229/779 237/226/377 284/298/380 62/297/780
s 25
f 246/231/781 247/233/389 285/296/392 63/295/782
s 27
f 256/238/398 251/237/783 64/287/784 287/239/399
s 25
f 250/220/390 232/355/773 60/16/776 286/234/391
s 27
f 228/213/770 253/497/397 288/468/400 59/364/771
s 2
f 137/123/785 138/106/786 139/105/206 140/125/205
s 4
f 141/130/214 142/108/213 143/528/787 144/523/788
s 5
f 151/137/220 152/112/219 153/525/789 154/522/790
s 7
f 157/118/791 158/110/792 159/109/228 160/142/227
s 9
f 163/147/236 164/84/235 165/520/793 166/519/794
s 11
f 169/518/795 170/517/796 171/81/248 172/155/247
s 14
f 181/165/797 182/86/798 183/85/278 184/167/277
s 16
f 185/172/286 186/88/285 187/515/799 188/513/800
s 18
f 201/187/801 202/58/802 203/57/318 204/189/317
s 20
f 205/194/326 206/60/325 207/512/803 208/507/804
s 21
f 215/201/332 216/64/331 217/509/805 218/506/806
s 23
f 221/182/807 222/62/808 223/61/340 224/206/339
s 26
f 233/219/809 234/38/810 235/37/374 236/221/373
s 28
f 237/226/382 238/40/381 239/504/811 240/499/812
s 29
f 247/233/388 248/36/387 249/501/813 250/498/814
s 31
f 253/214/815 254/34/816 255/33/396 256/238/395
s off
f 289/577/817 290/578/818 294/579/819 293/580/820
f 292/581/821 291/582/822 301/583/823 302/584/824
f 295/585/825 296/586/826 298/587/827 297/588/828
f 299/589/829 300/590/830 304/591/831 303/592/832
s 41
f 481/593/833 906/594/834 910/595/835 482/596/836
s off
f 305/597/837 306/598/838 310/599/839 309/600/840
f 308/601/841 307/602/842 311/603/843 312/604/844
f 313/605/845 314/606/846 316/607/847 315/608/848
f 317/609/849 318/610/850 320/611/851 319/612/852
s 42
f 1040/613/853 317/614/854 319/615/855 544/616/856
s off
f 310/617/857 306/618/858 294/619/859 290/620/860
f 308/621/861 312/622/862 298/623/863 296/624/864
f 292/625/865 302/626/866 316/627/867 314/628/868
f 304/629/869 300/630/870 320/631/871 318/632/872
s 43
f 294/633/873 306/634/874 329/635/875 325/636/876
f 308/637/877 296/638/878 339/639/879 335/640/880
s 45
f 316/641/881 302/642/882 349/643/883 345/644/884
f 304/645/885 318/646/886 359/647/887 355/648/888
s 47
f 298/649/889 312/650/890 369/651/891 365/652/892
f 320/653/893 300/654/894 379/655/895 375/656/896
s 49
f 292/657/897 314/658/898 389/659/899 385/660/900
f 310/661/901 290/662/902 399/663/903 395/664/904
s 43
f 294/633/873 325/636/876 321/665/905
f 294/633/873 321/665/905 322/666/906
f 294/633/873 322/666/906 323/667/907
f 294/633/873 323/667/907 324/668/908
f 306/634/874 330/669/909 326/670/910
f 306/634/874 326/670/910 327/671/911
f 306/634/874 327/671/911 328/672/912
f 306/634/874 328/672/912 329/635/875
f 308/637/877 335/640/880 331/673/913
f 308/637/877 331/673/913 332/674/914
f 308/637/877 332/674/914 333/675/915
f 308/637/877 333/675/915 334/676/916
f 296/638/878 340/677/917 336/678/918
f 296/638/878 336/678/918 337/679/919
f 296/638/878 337/679/919 338/680/920
f 296/638/878 338/680/920 339/639/879
s 45
f 316/641/881 345/644/884 341/681/921
f 316/641/881 341/681/921 342/682/922
f 316/641/881 342/682/922 343/683/923
f 316/641/881 343/683/923 344/684/924
f 302/642/882 350/685/925 346/686/926
f 302/642/882 346/686/926 347/687/927
f 302/642/882 347/687/927 348/688/928
f 302/642/882 348/688/928 349/643/883
f 304/645/885 355/648/888 351/689/929
f 304/645/885 351/689/929 352/690/930
f 304/645/885 352/690/930 353/691/931
f 304/645/885 353/691/931 354/692/932
f 318/646/886 360/693/933 356/694/934
f 318/646/886 356/694/934 357/695/935
f 318/646/886 357/695/935 358/696/936
f 318/646/886 358/696/936 359/647/887
s 47
f 298/649/889 365/652/892 361/697/937
f 298/649/889 361/697/937 362/698/938
f 298/649/889 362/698/938 363/699/939
f 298/649/889 363/699/939 364/700/940
f 312/650/890 370/701/941 366/702/942
f 312/650/890 366/702/942 367/703/943
f 312/650/890 367/703/943 368/704/944
f 312/650/890 368/704/944 369/651/891
f 320/653/893 375/656/896 371/705/945
f 320/653/893 371/705/945 372/706/946
f 320/653/893 372/706/946 373/707/947
f 320/653/893 373/707/947 374/708/948
f 300/654/894 380/709/949 376/710/950
f 300/654/894 376/710/950 377/711/951
f 300/654/894 377/711/951 378/712/952
f 300/654/894 378/712/952 379/655/895
s 49
f 292/657/897 385/660/900 381/713/953
f 292/657/897 381/713/953 382/714/954
f 292/657/897 382/714/954 383/715/955
f 292/657/897 383/715/955 384/716/956
f 314/658/898 390/717/957 386/718/958
f 314/658/898 386/718/958 387/719/959
f 314/658/898 387/719/959 388/720/960
f 314/658/898 388/720/960 389/659/899
f 310/661/901 395/664/904 391/721/961
f 310/661/901 391/721/961 392/722/962
f 310/661/901 392/722/962 393/723/963
f 310/661/901 393/723/963 394/724/964
f 290/662/902 400/725/965 396/726/966
f 290/662/902 396/726/966 397/727/967
f 290/662/902 397/727/967 398/728/968
f 290/662/902 398/728/968 399/663/903
s 59
f 401/729/969 324/730/970 323/731/971 433/732/972
f 340/733/973 402/734/974 444/735/975 336/736/976
f 325/737/977 403/738/978 435/739/979 321/740/980
f 403/738/978 325/737/977 329/741/981 404/742/982
f 404/742/982 329/741/981 328/743/983 436/744/984
f 335/745/985 405/746/986 441/747/987 331/748/988
f 405/746/986 335/745/985 339/749/989 406/750/990
f 406/750/990 339/749/989 338/751/991 442/752/992
f 330/753/993 407/754/994 438/755/995 326/756/996
f 408/757/997 334/758/998 333/759/999 439/760/1000
s 65
f 409/761/1001 344/762/1002 343/763/1003 445/764/1004
f 360/765/1005 410/766/1006 456/767/1007 356/768/1008
f 345/769/1009 411/770/1010 447/771/1011 341/772/1012
f 411/770/1010 345/769/1009 349/773/1013 412/774/1014
f 412/774/1014 349/773/1013 348/775/1015 448/776/1016
f 355/777/1017 413/778/1018 453/779/1019 351/780/1020
f 413/778/1018 355/777/1017 359/781/1021 414/782/1022
f 414/782/1022 359/781/1021 358/783/1023 454/784/1024
f 350/785/1025 415/786/1026 450/787/1027 346/788/1028
f 416/789/1029 354/790/1030 353/791/1031 451/792/1032
s 71
f 417/793/1033 364/794/1034 363/795/1035 457/796/1036
f 380/797/1037 418/798/1038 468/799/1039 376/800/1040
f 365/801/1041 419/802/1042 459/803/1043 361/804/1044
f 419/802/1042 365/801/1041 369/805/1045 420/806/1046
f 420/806/1046 369/805/1045 368/807/1047 460/808/1048
f 375/809/1049 421/810/1050 465/811/1051 371/812/1052
f 421/810/1050 375/809/1049 379/813/1053 422/814/1054
f 422/814/1054 379/813/1053 378/815/1055 466/816/1056
f 370/817/1057 423/818/1058 462/819/1059 366/820/1060
f 424/821/1061 374/822/1062 373/823/1063 463/824/1064
s 77
f 425/825/1065 384/826/1066 383/827/1067 469/828/1068
f 400/829/1069 426/830/1070 480/831/1071 396/832/1072
f 385/833/1073 427/834/1074 471/835/1075 381/836/1076
f 427/834/1074 385/833/1073 389/837/1077 428/838/1078
f 428/838/1078 389/837/1077 388/839/1079 472/840/1080
f 395/841/1081 429/842/1082 477/843/1083 391/844/1084
f 429/842/1082 395/841/1081 399/845/1085 430/846/1086
f 430/846/1086 399/845/1085 398/847/1087 478/848/1088
f 390/849/1089 431/850/1090 474/851/1091 386/852/1092
f 432/853/1093 394/854/1094 393/855/1095 475/856/1096
s 59
f 433/732/972 323/731/971 322/857/1097 434/858/1098
f 434/858/1098 322/857/1097 321/740/980 435/739/979
f 436/744/984 328/743/983 327/859/1099 437/860/1100
f 437/860/1100 327/859/1099 326/756/996 438/755/995
f 439/760/1000 333/759/999 332/861/1101 440/862/1102
f 440/862/1102 332/861/1101 331/748/988 441/747/987
f 442/752/992 338/751/991 337/863/1103 443/864/1104
f 443/864/1104 337/863/1103 336/736/976 444/735/975
s 65
f 445/764/1004 343/763/1003 342/865/1105 446/866/1106
f 446/866/1106 342/865/1105 341/772/1012 447/771/1011
f 448/776/1016 348/775/1015 347/867/1107 449/868/1108
f 449/868/1108 347/867/1107 346/788/1028 450/787/1027
f 451/792/1032 353/791/1031 352/869/1109 452/870/1110
f 452/870/1110 352/869/1109 351/780/1020 453/779/1019
f 454/784/1024 358/783/1023 357/871/1111 455/872/1112
f 455/872/1112 357/871/1111 356/768/1008 456/767/1007
s 71
f 457/796/1036 363/795/1035 362/873/1113 458/874/1114
f 458/874/1114 362/873/1113 361/804/1044 459/803/1043
f 460/808/1048 368/807/1047 367/875/1115 461/876/1116
f 461/876/1116 367/875/1115 366/820/1060 462/819/1059
f 463/824/1064 373/823/1063 372/877/1117 464/878/1118
f 464/878/1118 372/877/1117 371/812/1052 465/811/1051
f 466/816/1056 378/815/1055 377/879/1119 467/880/1120
f 467/880/1120 377/879/1119 376/800/1040 468/799/1039
s 77
f 469/828/1068 383/827/1067 382/881/1121 470/882/1122
f 470/882/1122 382/881/1121 381/836/1076 471/835/1075
f 472/840/1080 388/839/1079 387/883/1123 473/884/1124
f 473/884/1124 387/883/1123 386/852/1092 474/851/1091
f 475/856/1096 393/855/1095 392/885/1125 476/886/1126
f 476/886/1126 392/885/1125 391/844/1084 477/843/1083
f 478/848/1088 398/847/1087 397/887/1127 479/888/1128
f 479/888/1128 397/887/1127 396/832/1072 480/831/1071
s off
f 481/889/1129 482/890/1130 865/891/1131 866/892/1132
s 47
f 483/893/1133 484/894/1134 486/895/1135 485/896/1136
s 71
f 485/897/1137 486/898/1138 488/899/1139 487/900/1140
s 83
f 487/901/1141 488/902/1142 490/903/1143 489/904/1144
f 489/904/1144 490/903/1143 492/905/1145 491/906/1146
f 491/906/1146 492/905/1145 494/907/1147 493/908/1148
f 493/908/1148 494/907/1147 496/909/1149 495/910/1150
f 495/910/1150 496/909/1149 498/911/1151 497/912/1152
f 497/912/1152 498/911/1151 500/913/1153 499/914/1154
f 499/914/1154 500/913/1153 502/915/1155 501/916/1156
f 501/916/1156 502/915/1155 504/917/1157 503/918/1158
f 503/918/1158 504/917/1157 505/919/1159 506/920/1160
s 71
f 506/921/1161 505/922/1162 507/923/1163 508/924/1164
s 47
f 508/925/1165 507/926/1166 509/927/1167 510/928/1168
s 84
f 510/929/1169 509/930/1170 511/931/1171 512/932/1172
s off
f 513/933/1173 514/934/1174 867/935/1175 868/936/1176
s 47
f 515/937/1177 516/938/1178 518/939/1179 517/940/1180
s 71
f 517/941/1181 518/942/1182 520/943/1183 519/944/1184
s 83
f 519/945/1185 520/946/1186 522/947/1187 521/948/1188
f 521/948/1188 522/947/1187 524/949/1189 523/950/1190
f 523/950/1190 524/949/1189 526/951/1191 525/952/1192
f 525/952/1192 526/951/1191 528/953/1193 527/954/1194
f 527/954/1194 528/953/1193 530/955/1195 529/956/1196
f 529/956/1196 530/955/1195 532/957/1197 531/958/1198
f 531/958/1198 532/957/1197 534/959/1199 533/960/1200
f 533/960/1200 534/959/1199 536/961/1201 535/962/1202
f 535/962/1202 536/961/1201 538/963/1203 537/964/1204
s 71
f 537/965/1205 538/966/1206 540/967/1207 539/968/1208
s 47
f 539/969/1209 540/970/1210 542/971/1211 541/972/1212
s 84
f 541/973/1213 542/974/1214 543/975/1215 544/976/1216
s 85
f 545/977/1217 546/978/1218 548/979/1219 547/980/1220
s 49
f 547/981/1221 548/982/1222 550/983/1223 549/984/1224
s 77
f 549/985/1225 550/986/1226 552/987/1227 551/988/1228
s 86
f 551/989/1229 552/990/1230 553/991/1231 554/992/1232
f 554/992/1232 553/991/1231 555/993/1233 556/994/1234
f 556/994/1234 555/993/1233 557/995/1235 558/996/1236
f 558/996/1236 557/995/1235 559/997/1237 560/998/1238
f 560/998/1238 559/997/1237 561/999/1239 562/1000/1240
f 562/1000/1240 561/999/1239 563/1001/1241 564/1002/1242
f 564/1002/1242 563/1001/1241 565/1003/1243 566/1004/1244
f 566/1004/1244 565/1003/1243 567/1005/1245 568/1006/1246
f 568/1006/1246 567/1005/1245 569/1007/1247 570/1008/1248
s 77
f 570/1009/1249 569/1010/1250 571/1011/1251 572/1012/1252
s 49
f 572/1013/1253 571/1014/1254 573/1015/1255 574/1016/1256
s off
f 870/1017/1257 869/1018/1258 575/1019/1259 576/1020/1260
s 85
f 577/1021/1261 578/1022/1262 580/1023/1263 579/1024/1264
s 49
f 579/1025/1265 580/1026/1266 582/1027/1267 581/1028/1268
s 77
f 581/1029/1269 582/1030/1270 584/1031/1271 583/1032/1272
s 86
f 583/1033/1273 584/1034/1274 586/1035/1275 585/1036/1276
f 585/1036/1276 586/1035/1275 588/1037/1277 587/1038/1278
f 587/1038/1278 588/1037/1277 590/1039/1279 589/1040/1280
f 589/1040/1280 590/1039/1279 592/1041/1281 591/1042/1282
f 591/1042/1282 592/1041/1281 594/1043/1283 593/1044/1284
f 593/1044/1284 594/1043/1283 596/1045/1285 595/1046/1286
f 595/1046/1286 596/1045/1285 598/1047/1287 597/1048/1288
f 597/1048/1288 598/1047/1287 600/1049/1289 599/1050/1290
f 599/1050/1290 600/1049/1289 602/1051/1291 601/1052/1292
s 77
f 601/1053/1293 602/1054/1294 604/1055/1295 603/1056/1296
s 49
f 603/1057/1297 604/1058/1298 606/1059/1299 605/1060/1300
s off
f 872/1061/1301 871/1062/1302 607/1063/1303 608/1064/1304
f 605/1065/1305 608/1066/1306 291/582/1307 292/581/1308
f 513/1067/1309 515/1068/1310 300/590/1311 299/589/1312
s 85
f 577/1021/1261 579/1024/1264 314/606/1313 313/605/1314
s 84
f 541/973/1213 544/976/1216 319/612/1315 320/611/1316
s 47
f 541/972/1212 320/653/893 374/708/948 539/969/1209
f 300/654/894 515/937/1177 517/940/1180 380/709/949
s 49
f 314/658/898 579/1025/1265 581/1028/1268 390/717/957
f 605/1060/1300 292/657/897 384/716/956 603/1057/1297
s 71
f 517/941/1181 519/944/1184 418/798/1038 380/797/1037
f 537/965/1205 539/968/1208 374/822/1062 424/821/1061
s 77
f 384/826/1066 425/825/1065 601/1053/1293 603/1056/1296
f 431/850/1090 390/849/1089 581/1029/1269 583/1032/1272
s 83
f 519/945/1185 521/948/1188 468/1069/1317 418/1070/1318
f 521/948/1188 523/950/1190 467/1071/1319 468/1069/1317
f 523/950/1190 525/952/1192 466/1072/1320 467/1071/1319
f 525/952/1192 527/954/1194 422/1073/1321 466/1072/1320
f 527/954/1194 529/956/1196 421/1074/1322 422/1073/1321
f 529/956/1196 531/958/1198 465/1075/1323 421/1074/1322
f 531/958/1198 533/960/1200 464/1076/1324 465/1075/1323
f 533/960/1200 535/962/1202 463/1077/1325 464/1076/1324
f 535/962/1202 537/964/1204 424/1078/1326 463/1077/1325
s 86
f 425/1079/1327 469/1080/1328 599/1050/1290 601/1052/1292
f 469/1080/1328 470/1081/1329 597/1048/1288 599/1050/1290
f 470/1081/1329 471/1082/1330 595/1046/1286 597/1048/1288
f 471/1082/1330 427/1083/1331 593/1044/1284 595/1046/1286
f 427/1083/1331 428/1084/1332 591/1042/1282 593/1044/1284
f 428/1084/1332 472/1085/1333 589/1040/1280 591/1042/1282
f 472/1085/1333 473/1086/1334 587/1038/1278 589/1040/1280
f 473/1086/1334 474/1087/1335 585/1036/1276 587/1038/1278
f 474/1087/1335 431/1088/1336 583/1033/1273 585/1036/1276
s off
f 297/588/1337 298/587/1338 484/1089/1339 482/1090/1340
s 47
f 486/895/1135 484/894/1134 298/649/889 364/700/940
s 71
f 364/794/1034 417/793/1033 488/899/1139 486/898/1138
s 83
f 417/1091/1341 457/1092/1342 490/903/1143 488/902/1142
f 457/1092/1342 458/1093/1343 492/905/1145 490/903/1143
f 458/1093/1343 459/1094/1344 494/907/1147 492/905/1145
f 459/1094/1344 419/1095/1345 496/909/1149 494/907/1147
f 419/1095/1345 420/1096/1346 498/911/1151 496/909/1149
f 420/1096/1346 460/1097/1347 500/913/1153 498/911/1151
f 460/1097/1347 461/1098/1348 502/915/1155 500/913/1153
f 461/1098/1348 462/1099/1349 504/917/1157 502/915/1155
f 462/1099/1349 423/1100/1350 505/919/1159 504/917/1157
s 71
f 423/818/1058 370/817/1057 507/923/1163 505/922/1162
s 47
f 312/650/890 509/927/1167 507/926/1166 370/701/941
s 84
f 312/604/1351 311/603/1352 511/931/1171 509/930/1170
s 47
f 518/939/1179 516/938/1178 483/893/1133 485/896/1136
s 71
f 485/897/1137 487/900/1140 520/943/1183 518/942/1182
s 83
f 487/901/1141 489/904/1144 522/947/1187 520/946/1186
f 489/904/1144 491/906/1146 524/949/1189 522/947/1187
f 491/906/1146 493/908/1148 526/951/1191 524/949/1189
f 493/908/1148 495/910/1150 528/953/1193 526/951/1191
f 495/910/1150 497/912/1152 530/955/1195 528/953/1193
f 497/912/1152 499/914/1154 532/957/1197 530/955/1195
f 499/914/1154 501/916/1156 534/959/1199 532/957/1197
f 501/916/1156 503/918/1158 536/961/1201 534/959/1199
f 503/918/1158 506/920/1160 538/963/1203 536/961/1201
s 71
f 506/921/1161 508/924/1164 540/967/1207 538/966/1206
s 47
f 510/928/1168 542/971/1211 540/970/1210 508/925/1165
s 84
f 510/929/1169 512/932/1172 543/975/1215 542/974/1214
s 85
f 309/600/1353 310/599/1354 548/979/1219 546/978/1218
s 49
f 550/983/1223 548/982/1222 310/661/901 394/724/964
s 77
f 552/987/1227 550/986/1226 394/854/1094 432/853/1093
s 86
f 553/991/1231 552/990/1230 432/1101/1355 475/1102/1356
f 555/993/1233 553/991/1231 475/1102/1356 476/1103/1357
f 557/995/1235 555/993/1233 476/1103/1357 477/1104/1358
f 559/997/1237 557/995/1235 477/1104/1358 429/1105/1359
f 561/999/1239 559/997/1237 429/1105/1359 430/1106/1360
f 563/1001/1241 561/999/1239 430/1106/1360 478/1107/1361
f 565/1003/1243 563/1001/1241 478/1107/1361 479/1108/1362
f 567/1005/1245 565/1003/1243 479/1108/1362 480/1109/1363
f 569/1007/1247 567/1005/1245 480/1109/1363 426/1110/1364
s 77
f 571/1011/1251 569/1010/1250 426/830/1070 400/829/1069
s 49
f 290/662/902 573/1015/1255 571/1014/1254 400/725/965
s off
f 290/578/1365 289/577/1366 575/1111/1367 573/1112/1368
s 85
f 545/977/1217 547/980/1220 580/1023/1263 578/1022/1262
s 49
f 582/1027/1267 580/1026/1266 547/981/1221 549/984/1224
s 77
f 584/1031/1271 582/1030/1270 549/985/1225 551/988/1228
s 86
f 586/1035/1275 584/1034/1274 551/989/1229 554/992/1232
f 588/1037/1277 586/1035/1275 554/992/1232 556/994/1234
f 590/1039/1279 588/1037/1277 556/994/1234 558/996/1236
f 592/1041/1281 590/1039/1279 558/996/1236 560/998/1238
f 594/1043/1283 592/1041/1281 560/998/1238 562/1000/1240
f 596/1045/1285 594/1043/1283 562/1000/1240 564/1002/1242
f 598/1047/1287 596/1045/1285 564/1002/1242 566/1004/1244
f 600/1049/1289 598/1047/1287 566/1004/1244 568/1006/1246
f 602/1051/1291 600/1049/1289 568/1006/1246 570/1008/1248
s 77
f 604/1055/1295 602/1054/1294 570/1009/1249 572/1012/1252
s 49
f 574/1016/1256 606/1059/1299 604/1058/1298 572/1013/1253
s 87
f 609/1113/1369 610/1114/1370 612/1115/1371 611/1116/1372
s 45
f 611/1117/1373 612/1118/1374 614/1119/1375 613/1120/1376
s 65
f 613/1121/1377 614/1122/1378 616/1123/1379 615/1124/1380
s 90
f 615/1125/1381 616/1126/1382 618/1127/1383 617/1128/1384
f 617/1128/1384 618/1127/1383 620/1129/1385 619/1130/1386
f 619/1130/1386 620/1129/1385 622/1131/1387 621/1132/1388
f 621/1132/1388 622/1131/1387 624/1133/1389 623/1134/1390
f 623/1134/1390 624/1133/1389 626/1135/1391 625/1136/1392
f 625/1136/1392 626/1135/1391 628/1137/1393 627/1138/1394
f 627/1138/1394 628/1137/1393 630/1139/1395 629/1140/1396
f 629/1140/1396 630/1139/1395 632/1141/1397 631/1142/1398
f 631/1142/1398 632/1141/1397 633/1143/1399 634/1144/1400
s 65
f 634/1145/1401 633/1146/1402 635/1147/1403 636/1148/1404
s 45
f 636/1149/1405 635/1150/1406 637/1151/1407 638/1152/1408
s 41
f 874/1153/1409 873/1154/1410 639/1155/1411 640/1156/1412
s 87
f 641/1157/1413 642/1158/1414 644/1159/1415 643/1160/1416
s 45
f 643/1161/1417 644/1162/1418 646/1163/1419 645/1164/1420
s 65
f 645/1165/1421 646/1166/1422 648/1167/1423 647/1168/1424
s 90
f 647/1169/1425 648/1170/1426 650/1171/1427 649/1172/1428
f 649/1172/1428 650/1171/1427 652/1173/1429 651/1174/1430
f 651/1174/1430 652/1173/1429 654/1175/1431 653/1176/1432
f 653/1176/1432 654/1175/1431 656/1177/1433 655/1178/1434
f 655/1178/1434 656/1177/1433 658/1179/1435 657/1180/1436
f 657/1180/1436 658/1179/1435 660/1181/1437 659/1182/1438
f 659/1182/1438 660/1181/1437 662/1183/1439 661/1184/1440
f 661/1184/1440 662/1183/1439 664/1185/1441 663/1186/1442
f 663/1186/1442 664/1185/1441 665/1187/1443 666/1188/1444
s 65
f 666/1189/1445 665/1190/1446 667/1191/1447 668/1192/1448
s 45
f 668/1193/1449 667/1194/1450 669/1195/1451 670/1196/1452
s 41
f 876/1197/1453 875/1198/1454 671/1199/1455 672/1200/1456
f 673/1201/1457 674/1202/1458 877/1203/1459 878/1204/1460
s 43
f 675/1205/1461 676/1206/1462 678/1207/1463 677/1208/1464
s 59
f 677/1209/1465 678/1210/1466 680/1211/1467 679/1212/1468
s 98
f 679/1213/1469 680/1214/1470 682/1215/1471 681/1216/1472
f 681/1216/1472 682/1215/1471 684/1217/1473 683/1218/1474
f 683/1218/1474 684/1217/1473 686/1219/1475 685/1220/1476
f 685/1220/1476 686/1219/1475 688/1221/1477 687/1222/1478
f 687/1222/1478 688/1221/1477 690/1223/1479 689/1224/1480
f 689/1224/1480 690/1223/1479 692/1225/1481 691/1226/1482
f 691/1226/1482 692/1225/1481 694/1227/1483 693/1228/1484
f 693/1228/1484 694/1227/1483 696/1229/1485 695/1230/1486
f 695/1230/1486 696/1229/1485 697/1231/1487 698/1232/1488
s 59
f 698/1233/1489 697/1234/1490 699/1235/1491 700/1236/1492
s 43
f 700/1237/1493 699/1238/1494 701/1239/1495 702/1240/1496
s 101
f 702/1241/1497 701/1242/1498 703/1243/1499 704/1244/1500
s 41
f 705/1245/1501 706/1246/1502 879/1247/1503 880/1248/1504
s 43
f 707/1249/1505 708/1250/1506 710/1251/1507 709/1252/1508
s 59
f 709/1253/1509 710/1254/1510 712/1255/1511 711/1256/1512
s 98
f 711/1257/1513 712/1258/1514 714/1259/1515 713/1260/1516
f 713/1260/1516 714/1259/1515 716/1261/1517 715/1262/1518
f 715/1262/1518 716/1261/1517 718/1263/1519 717/1264/1520
f 717/1264/1520 718/1263/1519 720/1265/1521 719/1266/1522
f 719/1266/1522 720/1265/1521 722/1267/1523 721/1268/1524
f 721/1268/1524 722/1267/1523 724/1269/1525 723/1270/1526
f 723/1270/1526 724/1269/1525 726/1271/1527 725/1272/1528
f 725/1272/1528 726/1271/1527 728/1273/1529 727/1274/1530
f 727/1274/1530 728/1273/1529 729/1275/1531 730/1276/1532
s 59
f 730/1277/1533 729/1278/1534 731/1279/1535 732/1280/1536
s 43
f 732/1281/1537 731/1282/1538 733/1283/1539 734/1284/1540
s 101
f 734/1285/1541 733/1286/1542 735/1287/1543 736/1288/1544
s 41
f 737/1289/1545 738/1290/1546 881/1291/1547 882/1292/1548
s 45
f 739/1293/1549 740/1294/1550 742/1295/1551 741/1296/1552
s 65
f 741/1297/1553 742/1298/1554 744/1299/1555 743/1300/1556
s 90
f 743/1301/1557 744/1302/1558 746/1303/1559 745/1304/1560
f 745/1304/1560 746/1303/1559 748/1305/1561 747/1306/1562
f 747/1306/1562 748/1305/1561 750/1307/1563 749/1308/1564
f 749/1308/1564 750/1307/1563 752/1309/1565 751/1310/1566
f 751/1310/1566 752/1309/1565 754/1311/1567 753/1312/1568
f 753/1312/1568 754/1311/1567 756/1313/1569 755/1314/1570
f 755/1314/1570 756/1313/1569 758/1315/1571 757/1316/1572
f 757/1316/1572 758/1315/1571 760/1317/1573 759/1318/1574
f 759/1318/1574 760/1317/1573 762/1319/1575 761/1320/1576
s 65
f 761/1321/1577 762/1322/1578 764/1323/1579 763/1324/1580
s 45
f 763/1325/1581 764/1326/1582 766/1327/1583 765/1328/1584
s 87
f 765/1329/1585 766/1330/1586 767/1331/1587 768/1332/1588
s 41
f 769/1333/1589 770/1334/1590 883/1335/1591 884/1336/1592
s 45
f 771/1337/1593 772/1338/1594 774/1339/1595 773/1340/1596
s 65
f 773/1341/1597 774/1342/1598 776/1343/1599 775/1344/1600
s 90
f 775/1345/1601 776/1346/1602 778/1347/1603 777/1348/1604
f 777/1348/1604 778/1347/1603 780/1349/1605 779/1350/1606
f 779/1350/1606 780/1349/1605 782/1351/1607 781/1352/1608
f 781/1352/1608 782/1351/1607 784/1353/1609 783/1354/1610
f 783/1354/1610 784/1353/1609 786/1355/1611 785/1356/1612
f 785/1356/1612 786/1355/1611 788/1357/1613 787/1358/1614
f 787/1358/1614 788/1357/1613 790/1359/1615 789/1360/1616
f 789/1360/1616 790/1359/1615 792/1361/1617 791/1362/1618
f 791/1362/1618 792/1361/1617 794/1363/1619 793/1364/1620
s 65
f 793/1365/1621 794/1366/1622 796/1367/1623 795/1368/1624
s 45
f 795/1369/1625 796/1370/1626 798/1371/1627 797/1372/1628
s 87
f 797/1373/1629 798/1374/1630 799/1375/1631 800/1376/1632
s 41
f 801/1377/1633 802/1378/1634 885/1379/1635 886/1380/1636
s 43
f 803/1381/1637 804/1382/1638 806/1383/1639 805/1384/1640
s 59
f 805/1385/1641 806/1386/1642 808/1387/1643 807/1388/1644
s 98
f 807/1389/1645 808/1390/1646 810/1391/1647 809/1392/1648
f 809/1392/1648 810/1391/1647 812/1393/1649 811/1394/1650
f 811/1394/1650 812/1393/1649 814/1395/1651 813/1396/1652
f 813/1396/1652 814/1395/1651 816/1397/1653 815/1398/1654
f 815/1398/1654 816/1397/1653 818/1399/1655 817/1400/1656
f 817/1400/1656 818/1399/1655 820/1401/1657 819/1402/1658
f 819/1402/1658 820/1401/1657 822/1403/1659 821/1404/1660
f 821/1404/1660 822/1403/1659 824/1405/1661 823/1406/1662
f 823/1406/1662 824/1405/1661 826/1407/1663 825/1408/1664
s 59
f 825/1409/1665 826/1410/1666 828/1411/1667 827/1412/1668
s 43
f 827/1413/1669 828/1414/1670 830/1415/1671 829/1416/1672
s 101
f 829/1417/1673 830/1418/1674 831/1419/1675 832/1420/1676
s 41
f 833/1421/1677 834/1422/1678 887/1423/1679 888/1424/1680
s 43
f 835/1425/1681 836/1426/1682 838/1427/1683 837/1428/1684
s 59
f 837/1429/1685 838/1430/1686 840/1431/1687 839/1432/1688
s 98
f 839/1433/1689 840/1434/1690 842/1435/1691 841/1436/1692
f 841/1436/1692 842/1435/1691 844/1437/1693 843/1438/1694
f 843/1438/1694 844/1437/1693 846/1439/1695 845/1440/1696
f 845/1440/1696 846/1439/1695 848/1441/1697 847/1442/1698
f 847/1442/1698 848/1441/1697 850/1443/1699 849/1444/1700
f 849/1444/1700 850/1443/1699 852/1445/1701 851/1446/1702
f 851/1446/1702 852/1445/1701 854/1447/1703 853/1448/1704
f 853/1448/1704 854/1447/1703 856/1449/1705 855/1450/1706
f 855/1450/1706 856/1449/1705 858/1451/1707 857/1452/1708
s 59
f 857/1453/1709 858/1454/1710 860/1455/1711 859/1456/1712
s 43
f 859/1457/1713 860/1458/1714 862/1459/1715 861/1460/1716
s 101
f 861/1461/1717 862/1462/1718 863/1463/1719 864/1464/1720
s off
f 833/1465/1721 835/1466/1722 296/586/1723 295/585/1724
s 101
f 861/1461/1717 864/1464/1720 307/602/1725 308/601/1726
s 87
f 641/1157/1413 643/1160/1416 765/1329/1585 768/1332/1588
s 43
f 861/1460/1716 308/637/877 334/676/916 859/1457/1713
f 296/638/878 835/1425/1681 837/1428/1684 340/677/917
s 45
f 670/1196/1452 739/1293/1549 741/1296/1552 668/1193/1449
f 765/1328/1584 643/1161/1417 645/1164/1420 763/1325/1581
s 59
f 837/1429/1685 839/1432/1688 402/734/974 340/733/973
f 857/1453/1709 859/1456/1712 334/758/998 408/757/997
s 65
f 645/1165/1421 647/1168/1424 761/1321/1577 763/1324/1580
f 666/1189/1445 668/1192/1448 741/1297/1553 743/1300/1556
s 90
f 647/1169/1425 649/1172/1428 759/1318/1574 761/1320/1576
f 649/1172/1428 651/1174/1430 757/1316/1572 759/1318/1574
f 651/1174/1430 653/1176/1432 755/1314/1570 757/1316/1572
f 653/1176/1432 655/1178/1434 753/1312/1568 755/1314/1570
f 655/1178/1434 657/1180/1436 751/1310/1566 753/1312/1568
f 657/1180/1436 659/1182/1438 749/1308/1564 751/1310/1566
f 659/1182/1438 661/1184/1440 747/1306/1562 749/1308/1564
f 661/1184/1440 663/1186/1442 745/1304/1560 747/1306/1562
f 663/1186/1442 666/1188/1444 743/1301/1557 745/1304/1560
s 98
f 839/1433/1689 841/1436/1692 444/1467/1727 402/1468/1728
f 841/1436/1692 843/1438/1694 443/1469/1729 444/1467/1727
f 843/1438/1694 845/1440/1696 442/1470/1730 443/1469/1729
f 845/1440/1696 847/1442/1698 406/1471/1731 442/1470/1730
f 847/1442/1698 849/1444/1700 405/1472/1732 406/1471/1731
f 849/1444/1700 851/1446/1702 441/1473/1733 405/1472/1732
f 851/1446/1702 853/1448/1704 440/1474/1734 441/1473/1733
f 853/1448/1704 855/1450/1706 439/1475/1735 440/1474/1734
f 855/1450/1706 857/1452/1708 408/1476/1736 439/1475/1735
s 87
f 315/608/1737 316/607/1738 797/1373/1629 800/1376/1632
s 45
f 795/1369/1625 797/1372/1628 316/641/881 344/684/924
s 65
f 344/762/1002 409/761/1001 793/1365/1621 795/1368/1624
s 90
f 409/1477/1739 445/1478/1740 791/1362/1618 793/1364/1620
f 445/1478/1740 446/1479/1741 789/1360/1616 791/1362/1618
f 446/1479/1741 447/1480/1742 787/1358/1614 789/1360/1616
f 447/1480/1742 411/1481/1743 785/1356/1612 787/1358/1614
f 411/1481/1743 412/1482/1744 783/1354/1610 785/1356/1612
f 412/1482/1744 448/1483/1745 781/1352/1608 783/1354/1610
f 448/1483/1745 449/1484/1746 779/1350/1606 781/1352/1608
f 449/1484/1746 450/1485/1747 777/1348/1604 779/1350/1606
f 450/1485/1747 415/1486/1748 775/1345/1601 777/1348/1604
s 65
f 415/786/1026 350/785/1025 773/1341/1597 775/1344/1600
s 45
f 302/642/882 771/1337/1593 773/1340/1596 350/685/925
s off
f 302/584/1749 301/583/1750 769/1487/1751 771/1488/1752
s 87
f 609/1113/1369 611/1116/1372 644/1159/1415 642/1158/1414
s 45
f 646/1163/1419 644/1162/1418 611/1117/1373 613/1120/1376
s 65
f 613/1121/1377 615/1124/1380 648/1167/1423 646/1166/1422
s 90
f 615/1125/1381 617/1128/1384 650/1171/1427 648/1170/1426
f 617/1128/1384 619/1130/1386 652/1173/1429 650/1171/1427
f 619/1130/1386 621/1132/1388 654/1175/1431 652/1173/1429
f 621/1132/1388 623/1134/1390 656/1177/1433 654/1175/1431
f 623/1134/1390 625/1136/1392 658/1179/1435 656/1177/1433
f 625/1136/1392 627/1138/1394 660/1181/1437 658/1179/1435
f 627/1138/1394 629/1140/1396 662/1183/1439 660/1181/1437
f 629/1140/1396 631/1142/1398 664/1185/1441 662/1183/1439
f 631/1142/1398 634/1144/1400 665/1187/1443 664/1185/1441
s 65
f 634/1145/1401 636/1148/1404 667/1191/1447 665/1190/1446
s 45
f 638/1152/1408 669/1195/1451 667/1194/1450 636/1149/1405
s off
f 638/1489/1753 640/1490/1754 671/1491/1755 669/1492/1756
s 43
f 678/1207/1463 676/1206/1462 803/1381/1637 805/1384/1640
s 59
f 805/1385/1641 807/1388/1644 680/1211/1467 678/1210/1466
s 98
f 807/1389/1645 809/1392/1648 682/1215/1471 680/1214/1470
f 809/1392/1648 811/1394/1650 684/1217/1473 682/1215/1471
f 811/1394/1650 813/1396/1652 686/1219/1475 684/1217/1473
f 813/1396/1652 815/1398/1654 688/1221/1477 686/1219/1475
f 815/1398/1654 817/1400/1656 690/1223/1479 688/1221/1477
f 817/1400/1656 819/1402/1658 692/1225/1481 690/1223/1479
f 819/1402/1658 821/1404/1660 694/1227/1483 692/1225/1481
f 821/1404/1660 823/1406/1662 696/1229/1485 694/1227/1483
f 823/1406/1662 825/1408/1664 697/1231/1487 696/1229/1485
s 59
f 825/1409/1665 827/1412/1668 699/1235/1491 697/1234/1490
s 43
f 829/1416/1672 701/1239/1495 699/1238/1494 827/1413/1669
s 101
f 829/1417/1673 832/1420/1676 703/1243/1499 701/1242/1498
s off
f 673/1493/1757 675/1494/1758 708/1495/1759 706/1496/1760
s 43
f 710/1251/1507 708/1250/1506 675/1205/1461 677/1208/1464
s 59
f 677/1209/1465 679/1212/1468 712/1255/1511 710/1254/1510
s 98
f 679/1213/1469 681/1216/1472 714/1259/1515 712/1258/1514
f 681/1216/1472 683/1218/1474 716/1261/1517 714/1259/1515
f 683/1218/1474 685/1220/1476 718/1263/1519 716/1261/1517
f 685/1220/1476 687/1222/1478 720/1265/1521 718/1263/1519
f 687/1222/1478 689/1224/1480 722/1267/1523 720/1265/1521
f 689/1224/1480 691/1226/1482 724/1269/1525 722/1267/1523
f 691/1226/1482 693/1228/1484 726/1271/1527 724/1269/1525
f 693/1228/1484 695/1230/1486 728/1273/1529 726/1271/1527
f 695/1230/1486 698/1232/1488 729/1275/1531 728/1273/1529
s 59
f 698/1233/1489 700/1236/1492 731/1279/1535 729/1278/1534
s 43
f 702/1240/1496 733/1283/1539 731/1282/1538 700/1237/1493
s 101
f 702/1241/1497 704/1244/1500 735/1287/1543 733/1286/1542
s off
f 740/1497/1761 738/1498/1762 303/592/1763 304/591/1764
s 45
f 742/1295/1551 740/1294/1550 304/645/885 354/692/932
s 65
f 744/1299/1555 742/1298/1554 354/790/1030 416/789/1029
s 90
f 746/1303/1559 744/1302/1558 416/1499/1765 451/1500/1766
f 748/1305/1561 746/1303/1559 451/1500/1766 452/1501/1767
f 750/1307/1563 748/1305/1561 452/1501/1767 453/1502/1768
f 752/1309/1565 750/1307/1563 453/1502/1768 413/1503/1769
f 754/1311/1567 752/1309/1565 413/1503/1769 414/1504/1770
f 756/1313/1569 754/1311/1567 414/1504/1770 454/1505/1771
f 758/1315/1571 756/1313/1569 454/1505/1771 455/1506/1772
f 760/1317/1573 758/1315/1571 455/1506/1772 456/1507/1773
f 762/1319/1575 760/1317/1573 456/1507/1773 410/1508/1774
s 65
f 764/1323/1579 762/1322/1578 410/766/1006 360/765/1005
s 45
f 318/646/886 766/1327/1583 764/1326/1582 360/693/933
s 87
f 767/1331/1587 766/1330/1586 318/610/1775 317/609/1776
s 45
f 774/1339/1595 772/1338/1594 637/1151/1407 635/1150/1406
s 65
f 776/1343/1599 774/1342/1598 635/1147/1403 633/1146/1402
s 90
f 778/1347/1603 776/1346/1602 633/1143/1399 632/1141/1397
f 780/1349/1605 778/1347/1603 632/1141/1397 630/1139/1395
f 782/1351/1607 780/1349/1605 630/1139/1395 628/1137/1393
f 784/1353/1609 782/1351/1607 628/1137/1393 626/1135/1391
f 786/1355/1611 784/1353/1609 626/1135/1391 624/1133/1389
f 788/1357/1613 786/1355/1611 624/1133/1389 622/1131/1387
f 790/1359/1615 788/1357/1613 622/1131/1387 620/1129/1385
f 792/1361/1617 790/1359/1615 620/1129/1385 618/1127/1383
f 794/1363/1619 792/1361/1617 618/1127/1383 616/1126/1382
s 65
f 796/1367/1623 794/1366/1622 616/1123/1379 614/1122/1378
s 45
f 614/1119/1375 612/1118/1374 798/1371/1627 796/1370/1626
s 87
f 799/1375/1631 798/1374/1630 612/1115/1371 610/1114/1370
s off
f 293/580/1777 294/579/1778 804/1509/1779 802/1510/1780
s 43
f 806/1383/1639 804/1382/1638 294/633/873 324/668/908
s 59
f 324/730/970 401/729/969 808/1387/1643 806/1386/1642
s 98
f 401/1511/1781 433/1512/1782 810/1391/1647 808/1390/1646
f 433/1512/1782 434/1513/1783 812/1393/1649 810/1391/1647
f 434/1513/1783 435/1514/1784 814/1395/1651 812/1393/1649
f 435/1514/1784 403/1515/1785 816/1397/1653 814/1395/1651
f 403/1515/1785 404/1516/1786 818/1399/1655 816/1397/1653
f 404/1516/1786 436/1517/1787 820/1401/1657 818/1399/1655
f 436/1517/1787 437/1518/1788 822/1403/1659 820/1401/1657
f 437/1518/1788 438/1519/1789 824/1405/1661 822/1403/1659
f 438/1519/1789 407/1520/1790 826/1407/1663 824/1405/1661
s 59
f 407/754/994 330/753/993 828/1411/1667 826/1410/1666
s 43
f 306/634/874 830/1415/1671 828/1414/1670 330/669/909
s 101
f 306/598/1791 305/597/1792 831/1419/1675 830/1418/1674
s 43
f 838/1427/1683 836/1426/1682 707/1249/1505 709/1252/1508
s 59
f 709/1253/1509 711/1256/1512 840/1431/1687 838/1430/1686
s 98
f 711/1257/1513 713/1260/1516 842/1435/1691 840/1434/1690
f 713/1260/1516 715/1262/1518 844/1437/1693 842/1435/1691
f 715/1262/1518 717/1264/1520 846/1439/1695 844/1437/1693
f 717/1264/1520 719/1266/1522 848/1441/1697 846/1439/1695
f 719/1266/1522 721/1268/1524 850/1443/1699 848/1441/1697
f 721/1268/1524 723/1270/1526 852/1445/1701 850/1443/1699
f 723/1270/1526 725/1272/1528 854/1447/1703 852/1445/1701
f 725/1272/1528 727/1274/1530 856/1449/1705 854/1447/1703
f 727/1274/1530 730/1276/1532 858/1451/1707 856/1449/1705
s 59
f 730/1277/1533 732/1280/1536 860/1455/1711 858/1454/1710
s 43
f 734/1284/1540 862/1459/1715 860/1458/1714 732/1281/1537
s 101
f 734/1285/1541 736/1288/1544 863/1463/1719 862/1462/1718
s off
f 482/890/1793 484/1521/1794 865/891/1795
f 484/1522/1796 483/1523/1797 866/892/1798 865/1524/1799
f 483/1523/1800 895/1525/1801 481/889/1802 866/892/1803
f 514/934/1804 896/1526/1805 516/1527/1806 867/935/1807
f 516/1527/1808 515/1528/1809 868/1529/1810 867/935/1811
f 515/1530/1812 513/933/1813 868/936/1814
f 574/1531/1815 573/1532/1816 869/1533/1817 870/1017/1818
f 573/1534/1819 575/1019/1820 869/1018/1821
f 576/1020/1822 890/1535/1823 574/1531/1824 870/1017/1825
f 605/1536/1826 606/1537/1827 871/1062/1828 872/1538/1829
f 606/1537/1830 889/1539/1831 607/1063/1832 871/1062/1833
f 608/1064/1834 605/1540/1835 872/1061/1836
f 638/1541/1837 637/1542/1838 873/1154/1839 874/1543/1840
f 637/1542/1841 899/1544/1842 639/1155/1843 873/1154/1844
f 640/1156/1845 638/1545/1846 874/1153/1847
f 670/1546/1848 669/1547/1849 875/1548/1850 876/1197/1851
f 669/1549/1852 671/1199/1853 875/1198/1854
f 672/1200/1855 898/1550/1856 670/1546/1857 876/1197/1858
f 674/1202/1859 892/1551/1860 676/1552/1861 877/1203/1862
f 676/1552/1863 675/1553/1864 878/1554/1865 877/1203/1866
f 675/1555/1867 673/1201/1868 878/1204/1869
f 706/1246/1870 708/1556/1871 879/1247/1872
f 708/1557/1873 707/1558/1874 880/1248/1875 879/1559/1876
f 707/1558/1877 893/1560/1878 705/1245/1879 880/1248/1880
f 738/1290/1881 740/1561/1882 881/1291/1883
f 740/1562/1884 739/1563/1885 882/1292/1886 881/1564/1887
f 739/1563/1888 897/1565/1889 737/1289/1890 882/1292/1891
f 770/1334/1892 900/1566/1893 772/1567/1894 883/1335/1895
f 772/1567/1896 771/1568/1897 884/1569/1898 883/1335/1899
f 771/1570/1900 769/1333/1901 884/1336/1902
f 802/1378/1903 804/1571/1904 885/1379/1905
f 804/1572/1906 803/1573/1907 886/1380/1908 885/1574/1909
f 803/1573/1910 891/1575/1911 801/1377/1912 886/1380/1913
f 834/1422/1914 894/1576/1915 836/1577/1916 887/1423/1917
f 836/1577/1918 835/1578/1919 888/1579/1920 887/1423/1921
f 835/1580/1922 833/1421/1923 888/1424/1924
f 574/1581/1925 890/1535/1926 889/1539/1927 606/1582/1928
f 890/1535/1929 576/1020/1930 607/1063/1931 889/1539/1932
f 676/1583/1933 892/1551/1934 891/1575/1935 803/1584/1936
f 892/1551/1937 674/1202/1938 801/1377/1939 891/1575/1940
f 705/1245/1941 893/1560/1942 894/1576/1943 834/1422/1944
f 893/1560/1945 707/1585/1946 836/1586/1947 894/1576/1948
f 481/889/1949 895/1525/1950 896/1526/1951 514/934/1952
f 895/1525/1953 483/1587/1954 516/1588/1955 896/1526/1956
f 670/1589/1957 898/1550/1958 897/1565/1959 739/1590/1960
f 898/1550/1961 672/1200/1962 737/1289/1963 897/1565/1964
f 639/1155/1965 899/1544/1966 900/1566/1967 770/1334/1968
f 899/1544/1969 637/1591/1970 772/1592/1971 900/1566/1972
s 41
f 575/1593/1973 908/1594/1974 907/1595/1975 576/1596/1976
f 303/1597/1977 904/1598/1978 513/1599/1979 299/1600/1980
f 608/1601/1981 903/1602/1982 301/1603/1983 291/1604/1984
f 607/1605/1985 902/1606/1986 903/1602/1982 608/1601/1981
f 513/1599/1979 904/1598/1978 901/1607/1987 514/1608/1988
f 514/1608/1988 901/1607/1987 906/594/834 481/593/833
f 576/1596/1976 907/1595/1975 902/1606/1986 607/1605/1985
f 289/1609/1989 293/1610/1990 908/1594/1974 575/1593/1973
f 482/596/836 910/595/835 295/1611/1991 297/1612/1992
s 114
f 925/1613/1993 926/1614/1994 936/1615/1995 935/1616/1996
f 926/1614/1994 925/1613/1993 927/1617/1997 928/1618/1998
s off
f 928/1618/1999 927/1617/2000 929/1619/2001 930/1620/2002
s 115
f 930/1620/2003 929/1619/2004 931/1621/2005 932/1622/2006
f 932/1622/2006 931/1621/2005 939/1623/2007 940/1624/2008
s 114
f 933/1625/2009 934/1626/2010 944/1627/2011 943/1628/2012
f 934/1626/2010 933/1625/2009 935/1616/1996 936/1615/1995
s 115
f 937/1629/2013 938/1630/2014 940/1624/2008 939/1623/2007
f 938/1630/2014 937/1629/2013 947/1631/2015 948/1632/2016
s 114
f 941/1633/2017 942/1634/2018 952/1635/2019 951/1636/2020
f 942/1634/2018 941/1633/2017 943/1628/2012 944/1627/2011
s 115
f 945/1637/2021 946/1638/2022 948/1632/2016 947/1631/2015
f 946/1638/2022 945/1637/2021 955/1639/2023 956/1640/2024
s 114
f 949/1641/2025 950/1642/2026 962/1643/2027 961/1644/2028
f 950/1642/2026 949/1641/2025 951/1636/2020 952/1635/2019
s 115
f 953/1645/2029 954/1646/2030 956/1640/2024 955/1639/2023
f 954/1646/2030 953/1645/2029 963/1647/2031 964/1648/2032
f 957/1649/2033 958/1650/2034 964/1648/2032 963/1647/2031
s off
f 958/1650/2035 957/1649/2036 959/1651/2037 960/1652/2038
s 114
f 960/1652/2039 959/1651/2040 961/1644/2028 962/1643/2027
s 116
f 965/1653/2041 966/1654/2042 974/1655/2043 973/1656/2044
f 966/1654/2042 965/1653/2041 967/1657/2045 968/1658/2046
f 968/1658/2046 967/1657/2045 981/1659/2047 982/1660/2048
s 117
f 969/1661/2049 970/1662/2050 972/1663/2051 971/1664/2052
f 970/1662/2050 969/1661/2049 977/1665/2053 978/1666/2054
f 971/1664/2052 972/1663/2051 986/1667/2055 985/1668/2056
s 116
f 973/1656/2044 974/1655/2043 976/1669/2057 975/1670/2058
s off
f 975/1670/2059 976/1669/2060 980/1671/2061 979/1672/2062
s 117
f 978/1666/2054 977/1665/2053 979/1672/2063 980/1671/2064
s 116
f 982/1660/2048 981/1659/2047 983/1673/2065 984/1674/2066
f 984/1674/2066 983/1673/2065 989/1675/2067 990/1676/2068
s 117
f 985/1668/2056 986/1667/2055 988/1677/2069 987/1678/2070
f 987/1678/2070 988/1677/2069 994/1679/2071 993/1680/2072
s 116
f 990/1676/2068 989/1675/2067 991/1681/2073 992/1682/2074
f 992/1682/2074 991/1681/2073 997/1683/2075 998/1684/2076
s 117
f 993/1680/2072 994/1679/2071 996/1685/2077 995/1686/2078
f 995/1686/2078 996/1685/2077 1004/1687/2079 1003/1688/2080
s 116
f 998/1684/2076 997/1683/2075 999/1689/2081 1000/1690/2082
s off
f 1000/1690/2083 999/1689/2084 1001/1691/2085 1002/1692/2086
s 117
f 1002/1692/2087 1001/1691/2088 1003/1688/2080 1004/1687/2079
s 41
f 905/1693/2089 904/1598/1978 927/1694/2090 925/1695/2091
f 904/1598/1978 303/1597/1977 929/1696/2092 927/1694/2090
f 303/1597/1977 738/1697/1546 931/1698/2093 929/1696/2092
f 913/1699/2094 912/1700/2095 935/1701/2096 933/1702/2097
f 737/1703/1545 672/1704/1456 937/1705/2098 939/1706/2099
f 912/1700/2095 905/1693/2089 925/1695/2091 935/1701/2096
f 738/1697/1546 737/1703/1545 939/1706/2099 931/1698/2093
f 917/1707/2100 916/1708/2101 943/1709/2102 941/1710/2103
f 671/1711/1455 640/1712/1412 945/1713/2104 947/1714/2105
f 916/1708/2101 913/1699/2094 933/1702/2097 943/1709/2102
f 672/1704/1456 671/1711/1455 947/1714/2105 937/1705/2098
f 921/1715/2106 920/1716/2107 951/1717/2108 949/1718/2109
f 639/1719/1411 770/1720/1590 953/1721/2110 955/1722/2111
f 920/1716/2107 917/1707/2100 941/1710/2103 951/1717/2108
f 640/1712/1412 639/1719/1411 955/1722/2111 945/1713/2104
f 301/1603/1983 903/1602/1982 959/1723/2112 957/1724/2113
f 903/1602/1982 924/1725/2114 961/1726/2115 959/1723/2112
f 769/1727/1589 301/1603/1983 957/1724/2113 963/1728/2116
f 924/1725/2114 921/1715/2106 949/1718/2109 961/1726/2115
f 770/1720/1590 769/1727/1589 963/1728/2116 953/1721/2110
f 911/1729/2117 914/1730/2118 967/1731/2119 965/1732/2120
f 705/1733/1501 834/1734/1678 969/1735/2121 971/1736/2122
f 910/595/835 909/1737/2123 973/1738/2124 975/1739/2125
f 833/1740/1677 295/1611/1991 979/1741/2126 977/1742/2127
f 295/1611/1991 910/595/835 975/1739/2125 979/1741/2126
f 909/1737/2123 911/1729/2117 965/1732/2120 973/1738/2124
f 834/1734/1678 833/1740/1677 977/1742/2127 969/1735/2121
f 915/1743/2128 918/1744/2129 983/1745/2130 981/1746/2131
f 673/1747/1457 706/1748/1502 985/1749/2132 987/1750/2133
f 914/1730/2118 915/1743/2128 981/1746/2131 967/1731/2119
f 706/1748/1502 705/1733/1501 971/1736/2122 985/1749/2132
f 919/1751/2134 922/1752/2135 991/1753/2136 989/1754/2137
f 801/1755/1633 674/1756/1458 993/1757/2138 995/1758/2139
f 918/1744/2129 919/1751/2134 989/1754/2137 983/1745/2130
f 674/1756/1458 673/1747/1457 987/1750/2133 993/1757/2138
f 923/1759/2140 908/1594/1974 999/1760/2141 997/1761/2142
f 908/1594/1974 293/1610/1990 1001/1762/2143 999/1760/2141
f 293/1610/1990 802/1763/1634 1003/1764/2144 1001/1762/2143
f 922/1752/2135 923/1759/2140 997/1761/2142 991/1753/2136
f 802/1763/1634 801/1755/1633 995/1758/2139 1003/1764/2144
s off
f 960/1765/2145 962/1766/2146 964/1767/2147 958/1768/2148
f 962/1766/2149 950/1769/2150 954/1770/2151 964/1767/2152
f 950/1769/2153 952/1771/2154 956/1772/2155 954/1770/2156
f 952/1771/2157 942/1773/2158 946/1774/2159 956/1772/2160
f 942/1773/2161 944/1775/2162 948/1776/2163 946/1774/2164
f 944/1775/2165 934/1777/2166 938/1778/2167 948/1776/2168
f 934/1777/2169 936/1779/2170 940/1780/2171 938/1778/2172
f 936/1779/2173 926/1781/2174 932/1782/2175 940/1780/2176
f 926/1781/2177 928/1783/2178 930/1784/2179 932/1782/2180
f 976/1785/2181 974/1786/2182 978/1787/2183 980/1788/2184
f 974/1786/2185 966/1789/2186 970/1790/2187 978/1787/2188
f 966/1789/2189 968/1791/2190 972/1792/2191 970/1790/2192
f 968/1791/2193 982/1793/2194 986/1794/2195 972/1792/2196
f 982/1793/2197 984/1795/2198 988/1796/2199 986/1794/2200
f 984/1795/2201 990/1797/2202 994/1798/2203 988/1796/2204
f 990/1797/2205 992/1799/2206 996/1800/2207 994/1798/2208
f 992/1799/2209 998/1801/2210 1004/1802/2211 996/1800/2212
f 998/1801/2213 1000/1803/2214 1002/1804/2215 1004/1802/2216
f 1005/1805/2217 1006/1806/2218 1010/1807/2219 1009/1808/2220
s 124
f 1006/1806/2221 1005/1805/2222 1007/1809/2223 1008/1810/2224
f 1008/1810/2224 1007/1809/2223 1015/1811/2225 1016/1812/2226
s 125
f 1009/1808/2227 1010/1807/2228 1012/1813/2229 1011/1814/2230
f 1011/1814/2230 1012/1813/2229 1014/1815/2231 1013/1816/2232
f 1013/1816/2232 1014/1815/2231 1020/1817/2233 1019/1818/2234
s 124
f 1016/1812/2226 1015/1811/2225 1017/1819/2235 1018/1820/2236
f 1018/1820/2236 1017/1819/2235 1023/1821/2237 1024/1822/2238
s 125
f 1019/1818/2234 1020/1817/2233 1022/1823/2239 1021/1824/2240
f 1021/1824/2240 1022/1823/2239 1028/1825/2241 1027/1826/2242
s 124
f 1024/1822/2238 1023/1821/2237 1025/1827/2243 1026/1828/2244
f 1026/1828/2244 1025/1827/2243 1031/1829/2245 1032/1830/2246
s 125
f 1027/1826/2242 1028/1825/2241 1030/1831/2247 1029/1832/2248
f 1029/1832/2248 1030/1831/2247 1036/1833/2249 1035/1834/2250
s 124
f 1032/1830/2246 1031/1829/2245 1033/1835/2251 1034/1836/2252
s off
f 1034/1836/2253 1033/1835/2254 1035/1834/2255 1036/1833/2256
s 41
f 906/594/834 1009/1837/2257 909/1737/2123 910/595/835
f 904/1598/1978 905/1693/2089 1005/1838/2258 901/1607/1987
f 1007/1839/2259 912/1700/2095 913/1699/2094 1015/1840/2260
f 1013/1841/2261 914/1730/2118 911/1729/2117 1011/1842/2262
f 901/1607/1987 1005/1838/2258 1009/1837/2257 906/594/834
f 1011/1842/2262 911/1729/2117 909/1737/2123 1009/1837/2257
f 1005/1838/2258 905/1693/2089 912/1700/2095 1007/1839/2259
f 1017/1843/2263 916/1708/2101 917/1707/2100 1023/1844/2264
f 1021/1845/2265 918/1744/2129 915/1743/2128 1019/1846/2266
f 1019/1846/2266 915/1743/2128 914/1730/2118 1013/1841/2261
f 1015/1840/2260 913/1699/2094 916/1708/2101 1017/1843/2263
f 1025/1847/2267 920/1716/2107 921/1715/2106 1031/1848/2268
f 1029/1849/2269 922/1752/2135 919/1751/2134 1027/1850/2270
f 1027/1850/2270 919/1751/2134 918/1744/2129 1021/1845/2265
f 1023/1844/2264 917/1707/2100 920/1716/2107 1025/1847/2267
f 1033/1851/2271 924/1725/2114 903/1602/1982 902/1606/1986
f 907/1595/1975 1035/1852/2272 1033/1851/2271 902/1606/1986
f 908/1594/1974 923/1759/2140 1035/1852/2272 907/1595/1975
f 1035/1852/2272 923/1759/2140 922/1752/2135 1029/1849/2269
f 1031/1848/2268 921/1715/2106 924/1725/2114 1033/1851/2271
s off
f 1006/1853/2273 1008/1854/2274 1012/1855/2275 1010/1856/2276
f 1008/1854/2277 1016/1857/2278 1014/1858/2279 1012/1855/2280
f 1016/1857/2281 1018/1859/2282 1020/1860/2283 1014/1858/2284
f 1018/1859/2285 1024/1861/2286 1022/1862/2287 1020/1860/2288
f 1024/1861/2289 1026/1863/2290 1028/1864/2291 1022/1862/2292
f 1026/1863/2293 1032/1865/2294 1030/1866/2295 1028/1864/2296
f 1032/1865/2297 1034/1867/2298 1036/1868/2299 1030/1866/2300
s 42
f 1038/1869/2301 1039/1870/2302 543/1871/2303 512/1872/2304
f 1039/1870/2302 1040/613/853 544/616/856 543/1871/2303
f 307/1873/2305 1037/1874/2306 511/1875/2307 311/1876/2308
f 1037/1874/2306 1038/1869/2301 512/1872/2304 511/1875/2307
f 305/1877/2309 1041/1878/2310 1048/1879/2311 831/1880/2312
f 1041/1878/2310 1042/1881/2313 1047/1882/2314 1048/1879/2311
f 1042/1881/2313 1043/1883/2315 1046/1884/2316 1047/1882/2314
f 1043/1883/2315 1044/1885/2317 1045/1886/2318 1046/1884/2316
f 1044/1885/2317 315/1887/2319 800/1888/2320 1045/1886/2318
f 546/1889/2321 1041/1878/2310 305/1877/2309 309/1890/2322
f 545/1891/2323 1042/1881/2313 1041/1878/2310 546/1889/2321
f 578/1892/2324 1043/1883/2315 1042/1881/2313 545/1891/2323
f 577/1893/2325 1044/1885/2317 1043/1883/2315 578/1892/2324
f 313/1894/2326 315/1887/2319 1044/1885/2317 577/1893/2325
f 1052/1895/2327 799/1896/2328 610/1897/2329 1053/1898/2330
f 1051/1899/2331 1052/1895/2327 1053/1898/2330 1054/1900/2332
f 1050/1901/2333 1051/1899/2331 1054/1900/2332 1055/1902/2334
f 1049/1903/2335 1050/1901/2333 1055/1902/2334 1056/1904/2336
f 832/1905/2337 1049/1903/2335 1056/1904/2336 703/1906/2338
f 831/1880/2312 1048/1879/2311 1049/1903/2335 832/1905/2337
f 1048/1879/2311 1047/1882/2314 1050/1901/2333 1049/1903/2335
f 1047/1882/2314 1046/1884/2316 1051/1899/2331 1050/1901/2333
f 1046/1884/2316 1045/1886/2318 1052/1895/2327 1051/1899/2331
f 1045/1886/2318 800/1888/2320 799/1896/2328 1052/1895/2327
f 1060/1907/2339 609/1908/2340 642/1909/2341 1061/1910/2342
f 1059/1911/2343 1060/1907/2339 1061/1910/2342 1062/1912/2344
f 1058/1913/2345 1059/1911/2343 1062/1912/2344 1063/1914/2346
f 1057/1915/2347 1058/1913/2345 1063/1914/2346 1064/1916/2348
f 704/1917/2349 1057/1915/2347 1064/1916/2348 735/1918/2350
f 703/1906/2338 1056/1904/2336 1057/1915/2347 704/1917/2349
f 1056/1904/2336 1055/1902/2334 1058/1913/2345 1057/1915/2347
f 1055/1902/2334 1054/1900/2332 1059/1911/2343 1058/1913/2345
f 1054/1900/2332 1053/1898/2330 1060/1907/2339 1059/1911/2343
f 1053/1898/2330 610/1897/2329 609/1908/2340 1060/1907/2339
f 1068/1919/2351 641/1920/2352 768/1921/2353 1069/1922/2354
f 1067/1923/2355 1068/1919/2351 1069/1922/2354 1070/1924/2356
f 1066/1925/2357 1067/1923/2355 1070/1924/2356 1071/1926/2358
f 1065/1927/2359 1066/1925/2357 1071/1926/2358 1072/1928/2360
f 736/1929/2361 1065/1927/2359 1072/1928/2360 863/1930/2362
f 735/1918/2350 1064/1916/2348 1065/1927/2359 736/1929/2361
f 1064/1916/2348 1063/1914/2346 1066/1925/2357 1065/1927/2359
f 1063/1914/2346 1062/1912/2344 1067/1923/2355 1066/1925/2357
f 1062/1912/2344 1061/1910/2342 1068/1919/2351 1067/1923/2355
f 1061/1910/2342 642/1909/2341 641/1920/2352 1068/1919/2351
f 1076/1931/2363 767/1932/2364 317/614/854 1040/613/853
f 1075/1933/2365 1076/1931/2363 1040/613/853 1039/1870/2302
f 1074/1934/2366 1075/1933/2365 1039/1870/2302 1038/1869/2301
f 1073/1935/2367 1074/1934/2366 1038/1869/2301 1037/1874/2306
f 864/1936/2368 1073/1935/2367 1037/1874/2306 307/1873/2305
f 863/1930/2362 1072/1928/2360 1073/1935/2367 864/1936/2368
f 1072/1928/2360 1071/1926/2358 1074/1934/2366 1073/1935/2367
f 1071/1926/2358 1070/1924/2356 1075/1933/2365 1074/1934/2366
f 1070/1924/2356 1069/1922/2354 1076/1931/2363 1075/1933/2365
f 1069/1922/2354 768/1921/2353 767/1932/2364 1076/1931/2363
s off
f 1109/1937/2369 1077/1938/2370 1080/1939/2371 1110/1940/2372
f 1077/1938/2373 1109/1937/2374 1111/1941/2375 1078/1942/2376
f 1110/1940/2377 1080/1939/2378 1079/1943/2379 1113/1944/2380
f 1078/1942/2381 1111/1941/2382 1112/1945/2383 1083/1946/2384
f 1083/1946/2385 1112/1945/2386 1115/1947/2387 1084/1948/2388
f 1113/1944/2389 1079/1943/2390 1082/1949/2391 1116/1950/2392
f 1114/1951/2393 1081/1952/2394 1084/1948/2395 1115/1947/2396
f 1081/1952/2397 1114/1951/2398 1116/1950/2399 1082/1949/2400
f 1117/1953/2401 1085/1954/2402 1088/1955/2403 1118/1956/2404
f 1085/1954/2405 1117/1953/2406 1119/1957/2407 1086/1958/2408
f 1118/1956/2409 1088/1955/2410 1087/1959/2411 1121/1960/2412
f 1086/1958/2413 1119/1957/2414 1120/1961/2415 1091/1962/2416
f 1091/1962/2417 1120/1961/2418 1123/1963/2419 1092/1964/2420
f 1121/1960/2421 1087/1959/2422 1090/1965/2423 1124/1966/2424
f 1122/1967/2425 1089/1968/2426 1092/1964/2427 1123/1963/2428
f 1089/1968/2429 1122/1967/2430 1124/1966/2431 1090/1965/2432
f 1125/1969/2433 1093/1970/2434 1096/1971/2435 1126/1972/2436
f 1093/1970/2437 1125/1969/2438 1127/1973/2439 1094/1974/2440
f 1126/1972/2441 1096/1971/2442 1095/1975/2443 1129/1976/2444
f 1094/1974/2445 1127/1973/2446 1128/1977/2447 1099/1978/2448
f 1099/1978/2449 1128/1977/2450 1131/1979/2451 1100/1980/2452
f 1129/1976/2453 1095/1975/2454 1098/1981/2455 1132/1982/2456
f 1130/1983/2457 1097/1984/2458 1100/1980/2459 1131/1979/2460
f 1097/1984/2461 1130/1983/2462 1132/1982/2463 1098/1981/2464
f 1133/1985/2465 1101/1986/2466 1104/1987/2467 1134/1988/2468
f 1101/1986/2469 1133/1985/2470 1135/1989/2471 1102/1990/2472
f 1134/1988/2473 1104/1987/2474 1103/1991/2475 1137/1992/2476
f 1102/1990/2477 1135/1989/2478 1136/1993/2479 1107/1994/2480
f 1107/1994/2481 1136/1993/2482 1139/1995/2483 1108/1996/2484
f 1137/1992/2485 1103/1991/2486 1106/1997/2487 1140/1998/2488
f 1138/1999/2489 1105/2000/2490 1108/1996/2491 1139/1995/2492
f 1105/2000/2493 1138/1999/2494 1140/1998/2495 1106/1997/2496
s 129
f 1119/1957/2497 1117/1953/2498 1123/1963/2499 1120/1961/2500
s 130
f 1138/1999/2501 1134/1988/2502 1137/1992/2503 1140/1998/2504
s 131
f 1111/1941/2505 1109/1937/2506 1115/1947/2507 1112/1945/2508
f 1114/1951/2509 1110/1940/2510 1113/1944/2511 1116/1950/2512
s 130
f 1135/1989/2513 1133/1985/2514 1139/1995/2515 1136/1993/2516
f 1139/1995/2515 1133/1985/2514 1134/1988/2502 1138/1999/2501
s 133
f 1130/1983/2517 1126/1972/2518 1129/1976/2519 1132/1982/2520
f 1127/1973/2521 1125/1969/2522 1131/1979/2523 1128/1977/2524
s 129
f 1123/1963/2499 1117/1953/2498 1118/1956/2525 1122/1967/2526
f 1122/1967/2526 1118/1956/2525 1121/1960/2527 1124/1966/2528
s 135
f 1141/2001/2529 1142/2002/2530 1174/2003/2531 1173/2004/2532
f 1142/2002/2530 1141/2001/2529 1144/2005/2533 1143/2006/2534
f 1143/2006/2534 1144/2005/2533 1195/2007/2535 1196/2008/2536
f 1145/2009/2537 1146/2010/2538 1177/2011/2539 1178/2012/2540
f 1146/2010/2538 1145/2009/2537 1148/2013/2541 1147/2014/2542
f 1147/2014/2542 1148/2013/2541 1180/2015/2543 1179/2016/2544
f 1149/2017/2545 1150/2018/2546 1183/2019/2547 1184/2020/2548
f 1150/2018/2546 1149/2017/2545 1152/2021/2549 1151/2022/2550
f 1151/2022/2550 1152/2021/2549 1186/2023/2551 1185/2024/2552
f 1153/2025/2553 1154/2026/2554 1189/2027/2555 1190/2028/2556
f 1154/2026/2554 1153/2025/2553 1156/2029/2557 1155/2030/2558
f 1155/2030/2558 1156/2029/2557 1192/2031/2559 1191/2032/2560
s 139
f 1157/2033/2561 1158/2034/2562 1198/2035/2563 1197/2036/2564
f 1158/2034/2562 1157/2033/2561 1160/2037/2565 1159/2038/2566
f 1159/2038/2566 1160/2037/2565 1219/2039/2567 1220/2040/2568
f 1161/2041/2569 1162/2042/2570 1201/2043/2571 1202/2044/2572
f 1162/2042/2570 1161/2041/2569 1164/2045/2573 1163/2046/2574
f 1163/2046/2574 1164/2045/2573 1204/2047/2575 1203/2048/2576
f 1165/2049/2577 1166/2050/2578 1207/2051/2579 1208/2052/2580
f 1166/2050/2578 1165/2049/2577 1168/2053/2581 1167/2054/2582
f 1167/2054/2582 1168/2053/2581 1210/2055/2583 1209/2056/2584
f 1169/2057/2585 1170/2058/2586 1213/2059/2587 1214/2060/2588
f 1170/2058/2586 1169/2057/2585 1172/2061/2589 1171/2062/2590
f 1171/2062/2590 1172/2061/2589 1216/2063/2591 1215/2064/2592
s 135
f 1173/2004/2532 1174/2003/2531 1176/2065/2593 1175/2066/2594
f 1175/2066/2594 1176/2065/2593 1178/2012/2540 1177/2011/2539
f 1179/2016/2544 1180/2015/2543 1182/2067/2595 1181/2068/2596
f 1181/2068/2596 1182/2067/2595 1184/2020/2548 1183/2019/2547
f 1185/2024/2552 1186/2023/2551 1188/2069/2597 1187/2070/2598
f 1187/2070/2598 1188/2069/2597 1190/2028/2556 1189/2027/2555
f 1191/2032/2560 1192/2031/2559 1194/2071/2599 1193/2072/2600
f 1193/2072/2600 1194/2071/2599 1196/2008/2536 1195/2007/2535
s 139
f 1197/2036/2564 1198/2035/2563 1200/2073/2601 1199/2074/2602
f 1199/2074/2602 1200/2073/2601 1202/2044/2572 1201/2043/2571
f 1203/2048/2576 1204/2047/2575 1206/2075/2603 1205/2076/2604
f 1205/2076/2604 1206/2075/2603 1208/2052/2580 1207/2051/2579
f 1209/2056/2584 1210/2055/2583 1212/2077/2605 1211/2078/2606
f 1211/2078/2606 1212/2077/2605 1214/2060/2588 1213/2059/2587
f 1215/2064/2592 1216/2063/2591 1218/2079/2607 1217/2080/2608
f 1217/2080/2608 1218/2079/2607 1220/2040/2568 1219/2039/2567
s 131
f 1115/1947/2507 1109/1937/2506 1148/2081/2609 1145/2082/2610
f 1109/1937/2506 1110/1940/2510 1152/2083/2611 1149/2084/2612
f 1110/1940/2510 1114/1951/2509 1156/2085/2613 1153/2086/2614
f 1114/1951/2509 1115/1947/2507 1142/2087/2615 1143/2088/2616
s 133
f 1131/1979/2523 1125/1969/2522 1164/2089/2617 1161/2090/2618
f 1125/1969/2522 1126/1972/2518 1168/2091/2619 1165/2092/2620
f 1126/1972/2518 1130/1983/2517 1172/2093/2621 1169/2094/2622
f 1130/1983/2517 1131/1979/2523 1158/2095/2623 1159/2096/2624
s 131
f 1115/1947/2507 1145/2082/2610 1178/2097/2625
f 1115/1947/2507 1178/2097/2625 1176/2098/2626
f 1115/1947/2507 1176/2098/2626 1174/2099/2627
f 1115/1947/2507 1174/2099/2627 1142/2087/2615
f 1109/1937/2506 1149/2084/2612 1184/2100/2628
f 1109/1937/2506 1184/2100/2628 1182/2101/2629
f 1109/1937/2506 1182/2101/2629 1180/2102/2630
f 1109/1937/2506 1180/2102/2630 1148/2081/2609
f 1110/1940/2510 1153/2086/2614 1190/2103/2631
f 1110/1940/2510 1190/2103/2631 1188/2104/2632
f 1110/1940/2510 1188/2104/2632 1186/2105/2633
f 1110/1940/2510 1186/2105/2633 1152/2083/2611
f 1114/1951/2509 1143/2088/2616 1196/2106/2634
f 1114/1951/2509 1196/2106/2634 1194/2107/2635
f 1114/1951/2509 1194/2107/2635 1192/2108/2636
f 1114/1951/2509 1192/2108/2636 1156/2085/2613
s 133
f 1131/1979/2523 1161/2090/2618 1202/2109/2637
f 1131/1979/2523 1202/2109/2637 1200/2110/2638
f 1131/1979/2523 1200/2110/2638 1198/2111/2639
f 1131/1979/2523 1198/2111/2639 1158/2095/2623
f 1125/1969/2522 1165/2092/2620 1208/2112/2640
f 1125/1969/2522 1208/2112/2640 1206/2113/2641
f 1125/1969/2522 1206/2113/2641 1204/2114/2642
f 1125/1969/2522 1204/2114/2642 1164/2089/2617
f 1126/1972/2518 1169/2094/2622 1214/2115/2643
f 1126/1972/2518 1214/2115/2643 1212/2116/2644
f 1126/1972/2518 1212/2116/2644 1210/2117/2645
f 1126/1972/2518 1210/2117/2645 1168/2091/2619
f 1130/1983/2517 1159/2096/2624 1220/2118/2646
f 1130/1983/2517 1220/2118/2646 1218/2119/2647
f 1130/1983/2517 1218/2119/2647 1216/2120/2648
f 1130/1983/2517 1216/2120/2648 1172/2093/2621
s off
f 1171/2121/2649 1215/2122/2650 1213/2123/2651 1170/2124/2652
f 1215/2122/2653 1217/2125/2654 1211/2126/2655 1213/2123/2656
f 1217/2125/2657 1219/2127/2658 1209/2128/2659 1211/2126/2660
f 1219/2127/2661 1160/2129/2662 1167/2130/2663 1209/2128/2664
f 1160/2129/2665 1157/2131/2666 1166/2132/2667 1167/2130/2668
f 1157/2131/2669 1197/2133/2670 1207/2134/2671 1166/2132/2672
f 1197/2133/2673 1199/2135/2674 1205/2136/2675 1207/2134/2676
f 1199/2135/2677 1201/2137/2678 1203/2138/2679 1205/2136/2680
f 1201/2137/2681 1162/2139/2682 1163/2140/2683 1203/2138/2684
f 1155/2141/2685 1191/2142/2686 1189/2143/2687 1154/2144/2688
f 1191/2142/2689 1193/2145/2690 1187/2146/2691 1189/2143/2692
f 1193/2145/2693 1195/2147/2694 1185/2148/2695 1187/2146/2696
f 1195/2147/2697 1144/2149/2698 1151/2150/2699 1185/2148/2700
f 1144/2149/2701 1141/2151/2702 1150/2152/2703 1151/2150/2704
f 1141/2151/2705 1173/2153/2706 1183/2154/2707 1150/2152/2708
f 1173/2153/2709 1175/2155/2710 1181/2156/2711 1183/2154/2712
f 1175/2155/2713 1177/2157/2714 1179/2158/2715 1181/2156/2716
f 1177/2157/2717 1146/2159/2718 1147/2160/2719 1179/2158/2720
s 147
f 1221/2161/2721 1222/2162/2722 1242/2163/2723 1241/2164/2724
f 1222/2162/2722 1223/2165/2725 1243/2166/2726 1242/2163/2723
f 1223/2165/2725 1224/2167/2727 1244/2168/2728 1243/2166/2726
f 1224/2167/2727 1225/2169/2729 1245/2170/2730 1244/2168/2728
f 1225/2169/2729 1226/2171/2731 1246/2172/2732 1245/2170/2730
f 1226/2171/2731 1227/2173/2733 1247/2174/2734 1246/2172/2732
f 1227/2173/2733 1228/2175/2735 1248/2176/2736 1247/2174/2734
f 1228/2175/2735 1229/2177/2737 1249/2178/2738 1248/2176/2736
f 1229/2177/2737 1230/2179/2739 1250/2180/2740 1249/2178/2738
f 1230/2179/2739 1231/2181/2741 1251/2182/2742 1250/2180/2740
f 1231/2181/2741 1232/2183/2743 1252/2184/2744 1251/2182/2742
f 1232/2183/2743 1233/2185/2745 1253/2186/2746 1252/2184/2744
f 1233/2185/2745 1234/2187/2747 1254/2188/2748 1253/2186/2746
f 1234/2187/2747 1235/2189/2749 1255/2190/2750 1254/2188/2748
f 1235/2191/2749 1236/2192/2751 1256/2193/2752 1255/2194/2750
f 1236/2192/2751 1237/2195/2753 1257/2196/2754 1256/2193/2752
f 1237/2195/2753 1238/2197/2755 1258/2198/2756 1257/2196/2754
f 1238/2197/2755 1239/2199/2757 1259/2200/2758 1258/2198/2756
f 1239/2199/2757 1240/2201/2759 1260/2202/2760 1259/2200/2758
f 1240/2201/2759 1221/2161/2721 1241/2164/2724 1260/2202/2760
s 148
f 1261/2203/2761 1262/2204/2762 1282/2205/2763 1281/2206/2764
f 1262/2204/2762 1263/2207/2765 1283/2208/2766 1282/2205/2763
f 1263/2207/2765 1264/2209/2767 1284/2210/2768 1283/2208/2766
f 1264/2209/2767 1265/2211/2769 1285/2212/2770 1284/2210/2768
f 1265/2211/2769 1266/2213/2771 1286/2214/2772 1285/2212/2770
f 1266/2213/2771 1267/2215/2773 1287/2216/2774 1286/2214/2772
f 1267/2215/2773 1268/2217/2775 1288/2218/2776 1287/2216/2774
f 1268/2217/2775 1269/2219/2777 1289/2220/2778 1288/2218/2776
f 1269/2219/2777 1270/2221/2779 1290/2222/2780 1289/2220/2778
f 1270/2221/2779 1271/2223/2781 1291/2224/2782 1290/2222/2780
f 1271/2223/2781 1272/2225/2783 1292/2226/2784 1291/2224/2782
f 1272/2225/2783 1273/2227/2785 1293/2228/2786 1292/2226/2784
f 1273/2227/2785 1274/2229/2787 1294/2230/2788 1293/2228/2786
f 1274/2229/2787 1275/2231/2789 1295/2232/2790 1294/2230/2788
f 1275/2231/2789 1276/2233/2791 1296/2234/2792 1295/2232/2790
f 1276/2235/2791 1277/2236/2793 1297/2237/2794 1296/2238/2792
f 1277/2236/2793 1278/2239/2795 1298/2240/2796 1297/2237/2794
f 1278/2239/2795 1279/2241/2797 1299/2242/2798 1298/2240/2796
f 1279/2241/2797 1280/2243/2799 1300/2244/2800 1299/2242/2798
f 1280/2243/2799 1261/2203/2761 1281/2206/2764 1300/2244/2800
s 149
f 1301/2245/2801 1302/2246/2802 1322/2247/2803 1321/2248/2804
f 1302/2246/2802 1303/2249/2805 1323/2250/2806 1322/2247/2803
f 1303/2249/2805 1304/2251/2807 1324/2252/2808 1323/2250/2806
f 1304/2251/2807 1305/2253/2809 1325/2254/2810 1324/2252/2808
f 1305/2255/2809 1306/2256/2811 1326/2257/2812 1325/2258/2810
f 1306/2256/2811 1307/2259/2813 1327/2260/2814 1326/2257/2812
f 1307/2259/2813 1308/2261/2815 1328/2262/2816 1327/2260/2814
f 1308/2261/2815 1309/2263/2817 1329/2264/2818 1328/2262/2816
f 1309/2263/2817 1310/2265/2819 1330/2266/2820 1329/2264/2818
f 1310/2265/2819 1311/2267/2821 1331/2268/2822 1330/2266/2820
f 1311/2267/2821 1312/2269/2823 1332/2270/2824 1331/2268/2822
f 1312/2269/2823 1313/2271/2825 1333/2272/2826 1332/2270/2824
f 1313/2271/2825 1314/2273/2827 1334/2274/2828 1333/2272/2826
f 1314/2273/2827 1315/2275/2829 1335/2276/2830 1334/2274/2828
f 1315/2275/2829 1316/2277/2831 1336/2278/2832 1335/2276/2830
f 1316/2277/2831 1317/2279/2833 1337/2280/2834 1336/2278/2832
f 1317/2279/2833 1318/2281/2835 1338/2282/2836 1337/2280/2834
f 1318/2281/2835 1319/2283/2837 1339/2284/2838 1338/2282/2836
f 1319/2283/2837 1320/2285/2839 1340/2286/2840 1339/2284/2838
f 1320/2285/2839 1301/2245/2801 1321/2248/2804 1340/2286/2840
s 150
f 1341/2287/2841 1342/2288/2842 1362/2289/2843 1361/2290/2844
f 1342/2288/2842 1343/2291/2845 1363/2292/2846 1362/2289/2843
f 1343/2291/2845 1344/2293/2847 1364/2294/2848 1363/2292/2846
f 1344/2293/2847 1345/2295/2849 1365/2296/2850 1364/2294/2848
f 1345/2297/2849 1346/2298/2851 1366/2299/2852 1365/2300/2850
f 1346/2298/2851 1347/2301/2853 1367/2302/2854 1366/2299/2852
f 1347/2301/2853 1348/2303/2855 1368/2304/2856 1367/2302/2854
f 1348/2303/2855 1349/2305/2857 1369/2306/2858 1368/2304/2856
f 1349/2305/2857 1350/2307/2859 1370/2308/2860 1369/2306/2858
f 1350/2307/2859 1351/2309/2861 1371/2310/2862 1370/2308/2860
f 1351/2309/2861 1352/2311/2863 1372/2312/2864 1371/2310/2862
f 1352/2311/2863 1353/2313/2865 1373/2314/2866 1372/2312/2864
f 1353/2313/2865 1354/2315/2867 1374/2316/2868 1373/2314/2866
f 1354/2315/2867 1355/2317/2869 1375/2318/2870 1374/2316/2868
f 1355/2317/2869 1356/2319/2871 1376/2320/2872 1375/2318/2870
f 1356/2319/2871 1357/2321/2873 1377/2322/2874 1376/2320/2872
f 1357/2321/2873 1358/2323/2875 1378/2324/2876 1377/2322/2874
f 1358/2323/2875 1359/2325/2877 1379/2326/2878 1378/2324/2876
f 1359/2325/2877 1360/2327/2879 1380/2328/2880 1379/2326/2878
f 1360/2327/2879 1341/2287/2841 1361/2290/2844 1380/2328/2880
s 151
f 1381/2329/2881 1382/2330/2882 1402/2331/2883 1401/2332/2884
f 1382/2330/2882 1383/2333/2885 1403/2334/2886 1402/2331/2883
f 1383/2333/2885 1384/2335/2887 1404/2336/2888 1403/2334/2886
f 1384/2335/2887 1385/2337/2889 1405/2338/2890 1404/2336/2888
f 1385/2339/2889 1386/2340/2891 1406/2341/2892 1405/2342/2890
f 1386/2340/2891 1387/2343/2893 1407/2344/2894 1406/2341/2892
f 1387/2343/2893 1388/2345/2895 1408/2346/2896 1407/2344/2894
f 1388/2345/2895 1389/2347/2897 1409/2348/2898 1408/2346/2896
f 1389/2347/2897 1390/2349/2899 1410/2350/2900 1409/2348/2898
f 1390/2349/2899 1391/2351/2901 1411/2352/2902 1410/2350/2900
f 1391/2351/2901 1392/2353/2903 1412/2354/2904 1411/2352/2902
f 1392/2353/2903 1393/2355/2905 1413/2356/2906 1412/2354/2904
f 1393/2355/2905 1394/2357/2907 1414/2358/2908 1413/2356/2906
f 1394/2357/2907 1395/2359/2909 1415/2360/2910 1414/2358/2908
f 1395/2359/2909 1396/2361/2911 1416/2362/2912 1415/2360/2910
f 1396/2361/2911 1397/2363/2913 1417/2364/2914 1416/2362/2912
f 1397/2363/2913 1398/2365/2915 1418/2366/2916 1417/2364/2914
f 1398/2365/2915 1399/2367/2917 1419/2368/2918 1418/2366/2916
f 1399/2367/2917 1400/2369/2919 1420/2370/2920 1419/2368/2918
f 1400/2369/2919 1381/2329/2881 1401/2332/2884 1420/2370/2920
s 152
f 1421/2371/2921 1422/2372/2922 1442/2373/2923 1441/2374/2924
f 1422/2372/2922 1423/2375/2925 1443/2376/2926 1442/2373/2923
f 1423/2375/2925 1424/2377/2927 1444/2378/2928 1443/2376/2926
f 1424/2377/2927 1425/2379/2929 1445/2380/2930 1444/2378/2928
f 1425/2379/2929 1426/2381/2931 1446/2382/2932 1445/2380/2930
f 1426/2381/2931 1427/2383/2933 1447/2384/2934 1446/2382/2932
f 1427/2383/2933 1428/2385/2935 1448/2386/2936 1447/2384/2934
f 1428/2385/2935 1429/2387/2937 1449/2388/2938 1448/2386/2936
f 1429/2387/2937 1430/2389/2939 1450/2390/2940 1449/2388/2938
f 1430/2389/2939 1431/2391/2941 1451/2392/2942 1450/2390/2940
f 1431/2391/2941 1432/2393/2943 1452/2394/2944 1451/2392/2942
f 1432/2393/2943 1433/2395/2945 1453/2396/2946 1452/2394/2944
f 1433/2395/2945 1434/2397/2947 1454/2398/2948 1453/2396/2946
f 1434/2397/2947 1435/2399/2949 1455/2400/2950 1454/2398/2948
f 1435/2401/2949 1436/2402/2951 1456/2403/2952 1455/2404/2950
f 1436/2402/2951 1437/2405/2953 1457/2406/2954 1456/2403/2952
f 1437/2405/2953 1438/2407/2955 1458/2408/2956 1457/2406/2954
f 1438/2407/2955 1439/2409/2957 1459/2410/2958 1458/2408/2956
f 1439/2409/2957 1440/2411/2959 1460/2412/2960 1459/2410/2958
f 1440/2411/2959 1421/2371/2921 1441/2374/2924 1460/2412/2960
