# This file uses centimeters as units for non-parametric coordinates.

g default
v -0.187560 0.375120 0.150052
v -0.185724 0.375120 0.161643
v -0.180397 0.375120 0.172099
v -0.172099 0.375120 0.180397
v -0.161643 0.375120 0.185724
v -0.150052 0.375120 0.187560
v 0.187560 0.375120 0.150052
v 0.150052 0.375120 0.187560
v 0.161643 0.375120 0.185724
v 0.172099 0.375120 0.180397
v 0.180397 0.375120 0.172099
v 0.185724 0.375120 0.161643
v -0.161643 0.375120 -0.185724
v -0.172099 0.375120 -0.180397
v -0.180397 0.375120 -0.172099
v -0.185724 0.375120 -0.161643
v -0.187560 0.375120 -0.150052
v -0.150052 0.375120 -0.187560
v 0.185724 0.375120 -0.161643
v 0.180397 0.375120 -0.172099
v 0.172099 0.375120 -0.180397
v 0.161643 0.375120 -0.185724
v 0.150052 0.375120 -0.187560
v 0.187560 0.375120 -0.150052
v -0.197249 0.307651 -0.150743
v -0.200999 0.310157 -0.151076
v -0.203504 0.313907 -0.151298
v -0.204384 0.318330 -0.151376
v -0.204384 0.318330 0.151376
v -0.203504 0.313907 0.151298
v -0.200999 0.310157 0.151076
v -0.197249 0.307651 0.150743
v -0.204384 0.363561 -0.151376
v -0.203504 0.367985 -0.151298
v -0.200999 0.371735 -0.151076
v -0.197249 0.374240 -0.150743
v -0.192826 0.375120 -0.150351
v -0.192826 0.375120 0.150351
v -0.197249 0.374240 0.150743
v -0.200999 0.371735 0.151076
v -0.203504 0.367985 0.151298
v -0.204384 0.363561 0.151376
v -0.201626 0.363561 -0.166809
v -0.200783 0.367985 -0.166526
v -0.198382 0.371735 -0.165720
v -0.194788 0.374240 -0.164512
v -0.190549 0.375120 -0.163089
v -0.194788 0.307651 -0.164513
v -0.198382 0.310157 -0.165720
v -0.200783 0.313907 -0.166526
v -0.201626 0.318330 -0.166809
v -0.193923 0.363561 -0.181926
v -0.193203 0.367985 -0.181403
v -0.191150 0.371735 -0.179912
v -0.188079 0.374240 -0.177680
v -0.184456 0.375120 -0.175048
v -0.188079 0.307651 -0.177680
v -0.191150 0.310157 -0.179912
v -0.193203 0.313907 -0.181403
v -0.193923 0.318330 -0.181926
v -0.181926 0.363561 -0.193923
v -0.181403 0.367985 -0.193203
v -0.179912 0.371735 -0.191150
v -0.177680 0.374240 -0.188079
v -0.175048 0.375120 -0.184456
v -0.177680 0.307651 -0.188079
v -0.179912 0.310157 -0.191150
v -0.181403 0.313907 -0.193203
v -0.181926 0.318330 -0.193923
v -0.166809 0.363561 -0.201626
v -0.166526 0.367985 -0.200783
v -0.165720 0.371735 -0.198382
v -0.164512 0.374240 -0.194788
v -0.163089 0.375120 -0.190549
v -0.164513 0.307651 -0.194788
v -0.165720 0.310157 -0.198382
v -0.166526 0.313907 -0.200783
v -0.166809 0.318330 -0.201626
v -0.151376 0.363561 -0.204384
v -0.151298 0.367985 -0.203504
v -0.151076 0.371735 -0.200999
v -0.150743 0.374240 -0.197249
v -0.150351 0.375120 -0.192826
v -0.150743 0.307651 -0.197249
v -0.151076 0.310157 -0.200999
v -0.151298 0.313907 -0.203504
v -0.151376 0.318330 -0.204384
v 0.150743 0.307651 -0.197249
v 0.151076 0.310157 -0.200999
v 0.151298 0.313907 -0.203505
v 0.151376 0.318330 -0.204384
v 0.151376 0.363561 -0.204384
v 0.151298 0.367985 -0.203505
v 0.151076 0.371735 -0.200999
v 0.150743 0.374240 -0.197249
v 0.150351 0.375120 -0.192826
v 0.166809 0.363561 -0.201626
v 0.166526 0.367985 -0.200783
v 0.165720 0.371735 -0.198382
v 0.164512 0.374240 -0.194788
v 0.163089 0.375120 -0.190549
v 0.164513 0.307651 -0.194788
v 0.165720 0.310157 -0.198382
v 0.166526 0.313907 -0.200783
v 0.166809 0.318330 -0.201626
v 0.181926 0.363561 -0.193923
v 0.181403 0.367985 -0.193203
v 0.179912 0.371735 -0.191150
v 0.177680 0.374240 -0.188079
v 0.175048 0.375120 -0.184456
v 0.177680 0.307651 -0.188079
v 0.179912 0.310157 -0.191150
v 0.181403 0.313907 -0.193203
v 0.181926 0.318330 -0.193923
v 0.193923 0.363561 -0.181926
v 0.193203 0.367985 -0.181403
v 0.191150 0.371735 -0.179912
v 0.188079 0.374240 -0.177680
v 0.184456 0.375120 -0.175048
v 0.188079 0.307651 -0.177680
v 0.191150 0.310157 -0.179912
v 0.193203 0.313907 -0.181403
v 0.193923 0.318330 -0.181926
v 0.201626 0.363561 -0.166809
v 0.200783 0.367985 -0.166526
v 0.198382 0.371735 -0.165720
v 0.194788 0.374240 -0.164512
v 0.190549 0.375120 -0.163089
v 0.194788 0.307651 -0.164513
v 0.198382 0.310157 -0.165720
v 0.200783 0.313907 -0.166526
v 0.201626 0.318330 -0.166809
v 0.204384 0.363561 -0.151376
v 0.203504 0.367985 -0.151298
v 0.200999 0.371735 -0.151076
v 0.197249 0.374240 -0.150743
v 0.192826 0.375120 -0.150351
v 0.197249 0.307651 -0.150743
v 0.200999 0.310157 -0.151076
v 0.203504 0.313907 -0.151298
v 0.204384 0.318330 -0.151376
v 0.197249 0.307651 0.150743
v 0.200999 0.310157 0.151076
v 0.203504 0.313907 0.151298
v 0.204384 0.318330 0.151376
v 0.204384 0.363561 0.151376
v 0.203504 0.367985 0.151298
v 0.200999 0.371735 0.151076
v 0.197249 0.374240 0.150743
v 0.192826 0.375120 0.150351
v 0.194788 0.307651 0.164512
v 0.198382 0.310157 0.165720
v 0.200783 0.313907 0.166526
v 0.201626 0.318330 0.166809
v 0.201626 0.363561 0.166809
v 0.200783 0.367985 0.166526
v 0.198382 0.371735 0.165720
v 0.194788 0.374240 0.164512
v 0.190549 0.375120 0.163089
v 0.188079 0.307651 0.177680
v 0.191150 0.310157 0.179912
v 0.193203 0.313907 0.181403
v 0.193923 0.318330 0.181926
v 0.193923 0.363561 0.181926
v 0.193203 0.367985 0.181403
v 0.191150 0.371735 0.179912
v 0.188079 0.374240 0.177680
v 0.184456 0.375120 0.175048
v 0.177680 0.307651 0.188079
v 0.179912 0.310157 0.191150
v 0.181403 0.313907 0.193203
v 0.181926 0.318330 0.193923
v 0.181926 0.363561 0.193923
v 0.181403 0.367985 0.193203
v 0.179912 0.371735 0.191150
v 0.177680 0.374240 0.188079
v 0.175048 0.375120 0.184456
v 0.164512 0.307651 0.194788
v 0.165720 0.310157 0.198382
v 0.166526 0.313907 0.200783
v 0.166809 0.318330 0.201626
v 0.166809 0.363561 0.201626
v 0.166526 0.367985 0.200783
v 0.165720 0.371735 0.198382
v 0.164512 0.374240 0.194788
v 0.163089 0.375120 0.190549
v 0.150743 0.307651 0.197249
v 0.151076 0.310157 0.200999
v 0.151298 0.313907 0.203504
v 0.151376 0.318330 0.204384
v 0.151376 0.363561 0.204384
v 0.151298 0.367985 0.203504
v 0.151076 0.371735 0.200999
v 0.150743 0.374240 0.197249
v 0.150351 0.375120 0.192826
v -0.150743 0.307651 0.197249
v -0.151076 0.310157 0.200999
v -0.151298 0.313907 0.203505
v -0.151376 0.318330 0.204384
v -0.151376 0.363561 0.204384
v -0.151298 0.367985 0.203505
v -0.151076 0.371735 0.200999
v -0.150743 0.374240 0.197249
v -0.150351 0.375120 0.192826
v -0.164512 0.307651 0.194788
v -0.165720 0.310157 0.198382
v -0.166526 0.313907 0.200783
v -0.166809 0.318330 0.201626
v -0.166809 0.363561 0.201626
v -0.166526 0.367985 0.200783
v -0.165720 0.371735 0.198382
v -0.164512 0.374240 0.194788
v -0.163089 0.375120 0.190549
v -0.177680 0.307651 0.188079
v -0.179912 0.310157 0.191150
v -0.181403 0.313907 0.193203
v -0.181926 0.318330 0.193923
v -0.181926 0.363561 0.193923
v -0.181403 0.367985 0.193203
v -0.179912 0.371735 0.191150
v -0.177680 0.374240 0.188079
v -0.175048 0.375120 0.184456
v -0.188079 0.307651 0.177680
v -0.191150 0.310157 0.179912
v -0.193203 0.313907 0.181403
v -0.193923 0.318330 0.181926
v -0.193923 0.363561 0.181926
v -0.193203 0.367985 0.181403
v -0.191150 0.371735 0.179912
v -0.188079 0.374240 0.177680
v -0.184456 0.375120 0.175048
v -0.194788 0.307651 0.164512
v -0.198382 0.310157 0.165720
v -0.200783 0.313907 0.166526
v -0.201626 0.318330 0.166809
v -0.201626 0.363561 0.166809
v -0.200783 0.367985 0.166526
v -0.198382 0.371735 0.165720
v -0.194788 0.374240 0.164512
v -0.190549 0.375120 0.163089
v -0.187560 0.312037 0.150052
v -0.187560 0.312037 -0.150052
v -0.190053 0.312037 0.150194
v -0.190053 0.312037 -0.150194
v -0.185724 0.312037 -0.161643
v -0.188009 0.312037 -0.162327
v -0.180397 0.312037 -0.172099
v -0.182319 0.312037 -0.173495
v -0.172099 0.312037 -0.180397
v -0.173495 0.312037 -0.182319
v -0.161643 0.312037 -0.185724
v -0.162327 0.312037 -0.188009
v -0.150052 0.312037 -0.187560
v -0.150194 0.312037 -0.190053
v 0.150052 0.312037 -0.187560
v 0.150194 0.312037 -0.190053
v 0.161643 0.312037 -0.185724
v 0.162327 0.312037 -0.188009
v 0.172099 0.312037 -0.180397
v 0.173495 0.312037 -0.182319
v 0.180397 0.312037 -0.172099
v 0.182319 0.312037 -0.173495
v 0.185724 0.312037 -0.161643
v 0.188009 0.312037 -0.162327
v 0.187560 0.312037 -0.150052
v 0.190053 0.312037 -0.150194
v 0.187560 0.312037 0.150052
v 0.190053 0.312037 0.150194
v 0.185724 0.312037 0.161643
v 0.188009 0.312037 0.162327
v 0.180397 0.312037 0.172099
v 0.182319 0.312037 0.173495
v 0.172099 0.312037 0.180397
v 0.173495 0.312037 0.182319
v 0.161643 0.312037 0.185724
v 0.162327 0.312037 0.188009
v 0.150052 0.312037 0.187560
v 0.150194 0.312037 0.190053
v -0.150052 0.312037 0.187560
v -0.150194 0.312037 0.190053
v -0.161643 0.312037 0.185724
v -0.162327 0.312037 0.188009
v -0.172099 0.312037 0.180397
v -0.173495 0.312037 0.182319
v -0.180397 0.312037 0.172099
v -0.182319 0.312037 0.173495
v -0.185724 0.312037 0.161643
v -0.188009 0.312037 0.162327
v -0.192663 0.307091 0.150412
v -0.190053 0.309400 0.150194
v -0.192663 0.307091 -0.150412
v -0.190053 0.309400 -0.150194
v -0.190518 0.307098 -0.163156
v -0.188009 0.309404 -0.162327
v -0.184458 0.307098 -0.175050
v -0.182319 0.309404 -0.173495
v -0.175050 0.307098 -0.184458
v -0.173495 0.309404 -0.182319
v -0.163156 0.307098 -0.190518
v -0.162327 0.309404 -0.188009
v -0.150412 0.307091 -0.192663
v -0.150194 0.309400 -0.190053
v 0.150412 0.307091 -0.192663
v 0.150194 0.309400 -0.190053
v 0.163156 0.307098 -0.190518
v 0.162327 0.309404 -0.188009
v 0.175050 0.307098 -0.184458
v 0.173495 0.309404 -0.182319
v 0.184458 0.307098 -0.175050
v 0.182319 0.309404 -0.173495
v 0.190518 0.307098 -0.163156
v 0.188009 0.309404 -0.162327
v 0.192663 0.307091 -0.150412
v 0.190053 0.309400 -0.150194
v 0.192663 0.307091 0.150412
v 0.190053 0.309400 0.150194
v 0.190518 0.307098 0.163156
v 0.188009 0.309404 0.162327
v 0.184458 0.307098 0.175050
v 0.182319 0.309404 0.173495
v 0.175050 0.307098 0.184458
v 0.173495 0.309404 0.182319
v 0.163156 0.307098 0.190518
v 0.162327 0.309404 0.188009
v 0.150412 0.307091 0.192663
v 0.150194 0.309400 0.190053
v -0.150412 0.307091 0.192663
v -0.150194 0.309400 0.190053
v -0.163156 0.307098 0.190518
v -0.162327 0.309404 0.188009
v -0.175050 0.307098 0.184458
v -0.173495 0.309404 0.182319
v -0.184458 0.307098 0.175050
v -0.182319 0.309404 0.173495
v -0.190518 0.307098 0.163156
v -0.188009 0.309404 0.162327
v -0.149511 0.000000 0.180134
v -0.149782 0.000994 0.183847
v -0.149979 0.003711 0.186565
v -0.150052 0.007423 0.187560
v 0.149402 0.000000 0.180142
v 0.149727 0.000995 0.183851
v 0.149965 0.003712 0.186566
v 0.150052 0.007424 0.187560
v -0.180142 0.000000 0.149402
v -0.183851 0.000995 0.149727
v -0.186566 0.003712 0.149965
v -0.187560 0.007424 0.150052
v -0.180134 0.000000 -0.149511
v -0.183847 0.000994 -0.149782
v -0.186565 0.003711 -0.149979
v -0.187560 0.007423 -0.150052
v -0.149402 0.000000 -0.180142
v -0.149727 0.000995 -0.183851
v -0.149965 0.003712 -0.186566
v -0.150052 0.007424 -0.187560
v 0.149511 0.000000 -0.180134
v 0.149782 0.000994 -0.183847
v 0.149979 0.003711 -0.186565
v 0.150052 0.007423 -0.187560
v 0.180134 0.000000 0.149511
v 0.183847 0.000994 0.149782
v 0.186565 0.003711 0.149979
v 0.187560 0.007423 0.150052
v 0.180142 0.000000 -0.149402
v 0.183851 0.000995 -0.149727
v 0.186566 0.003712 -0.149965
v 0.187560 0.007424 -0.150052
v -0.178592 0.000000 0.159263
v -0.182158 0.000994 0.160453
v -0.184769 0.003711 0.161324
v -0.185724 0.007421 0.161643
v -0.174346 0.000000 0.167638
v -0.177371 0.000994 0.169868
v -0.179586 0.003711 0.171501
v -0.180397 0.007421 0.172099
v -0.167718 0.000000 0.174287
v -0.169908 0.000995 0.177342
v -0.171512 0.003712 0.179578
v -0.172099 0.007425 0.180397
v -0.159362 0.000000 0.178562
v -0.160502 0.000995 0.182143
v -0.161337 0.003712 0.184765
v -0.161643 0.007424 0.185724
v 0.159263 0.000000 0.178592
v 0.160453 0.000994 0.182158
v 0.161324 0.003711 0.184769
v 0.161643 0.007421 0.185724
v 0.167638 0.000000 0.174346
v 0.169868 0.000994 0.177371
v 0.171501 0.003711 0.179586
v 0.172099 0.007421 0.180397
v 0.174287 0.000000 0.167718
v 0.177342 0.000995 0.169908
v 0.179578 0.003712 0.171512
v 0.180397 0.007425 0.172099
v 0.178562 0.000000 0.159362
v 0.182143 0.000995 0.160502
v 0.184765 0.003712 0.161337
v 0.185724 0.007424 0.161643
v -0.178562 0.000000 -0.159362
v -0.182143 0.000995 -0.160502
v -0.184765 0.003712 -0.161337
v -0.185724 0.007424 -0.161643
v -0.174287 0.000000 -0.167718
v -0.177342 0.000995 -0.169908
v -0.179578 0.003712 -0.171512
v -0.180397 0.007425 -0.172099
v -0.167638 0.000000 -0.174346
v -0.169868 0.000994 -0.177371
v -0.171501 0.003711 -0.179586
v -0.172099 0.007421 -0.180397
v -0.159263 0.000000 -0.178592
v -0.160453 0.000994 -0.182158
v -0.161324 0.003711 -0.184769
v -0.161643 0.007421 -0.185724
v 0.159362 0.000000 -0.178562
v 0.160502 0.000995 -0.182143
v 0.161337 0.003712 -0.184765
v 0.161643 0.007424 -0.185724
v 0.167718 0.000000 -0.174287
v 0.169908 0.000995 -0.177342
v 0.171512 0.003712 -0.179578
v 0.172099 0.007425 -0.180397
v 0.174346 0.000000 -0.167638
v 0.177371 0.000994 -0.169868
v 0.179586 0.003711 -0.171501
v 0.180397 0.007421 -0.172099
v 0.178592 0.000000 -0.159263
v 0.182158 0.000994 -0.160453
v 0.184769 0.003711 -0.161324
v 0.185724 0.007421 -0.161643
v -0.175375 0.375118 0.149093
v -0.175375 0.375117 -0.149093
v -0.149093 0.375117 0.175375
v 0.149093 0.375118 0.175375
v 0.175375 0.375117 0.149093
v 0.175375 0.375118 -0.149093
v -0.149093 0.375118 -0.175375
v 0.149093 0.375117 -0.175375
v -0.174207 0.375119 0.157900
v -0.170599 0.375119 0.164981
v -0.164981 0.375119 0.170599
v -0.157900 0.375120 0.174207
v 0.157900 0.375119 0.174207
v 0.164981 0.375119 0.170599
v 0.170599 0.375119 0.164981
v 0.174207 0.375120 0.157900
v -0.174207 0.375116 -0.157900
v -0.170599 0.375116 -0.164981
v -0.164981 0.375116 -0.170599
v -0.157900 0.375116 -0.174207
v 0.157900 0.375116 -0.174207
v 0.164981 0.375116 -0.170599
v 0.170599 0.375116 -0.164981
v 0.174207 0.375116 -0.157900
v -0.165811 0.368494 0.148498
v -0.165820 0.368494 -0.148408
v -0.148408 0.368494 0.165820
v 0.148498 0.368494 0.165811
v 0.165820 0.368494 0.148408
v 0.165811 0.368494 -0.148498
v -0.148498 0.368494 -0.165811
v 0.148408 0.368494 -0.165820
v -0.164931 0.368494 0.155054
v -0.162743 0.368494 0.159321
v -0.159254 0.368494 0.162791
v -0.154973 0.368494 0.164955
v 0.155054 0.368494 0.164931
v 0.159321 0.368494 0.162743
v 0.162791 0.368494 0.159254
v 0.164955 0.368494 0.154973
v -0.164963 0.368494 -0.154975
v -0.162796 0.368494 -0.159258
v -0.159324 0.368494 -0.162748
v -0.155056 0.368494 -0.164937
v 0.154975 0.368494 -0.164963
v 0.159258 0.368494 -0.162796
v 0.162748 0.368494 -0.159324
v 0.164937 0.368494 -0.155056
vt 0.322610 0.804813
vt 0.317983 0.805851
vt 0.793654 0.898992
vt 0.792786 0.903604
vt 0.313526 0.807139
vt 0.794821 0.894547
vt 0.309245 0.808612
vt 0.741583 0.301294
vt 0.385390 0.813498
vt 0.381246 0.811273
vt 0.798375 0.962291
vt 0.800674 0.966472
vt 0.376924 0.809285
vt 0.796296 0.957933
vt 0.372408 0.807617
vt 0.794508 0.953382
vt 0.367694 0.806313
vt 0.793038 0.948638
vt 0.365289 0.819977
vt 0.323731 0.819318
vt 0.363868 0.834729
vt 0.324197 0.834701
vt 0.363834 0.849536
vt 0.324208 0.849926
vt 0.365186 0.864530
vt 0.323728 0.865073
vt 0.367610 0.878763
vt 0.009766 0.795775
vt 0.335177 0.769349
vt 0.286297 0.754502
vt 0.350344 0.726671
vt 0.349682 0.768229
vt 0.365096 0.728094
vt 0.365065 0.767765
vt 0.379903 0.728129
vt 0.380290 0.767756
vt 0.394897 0.726779
vt 0.395437 0.768237
vt 0.409131 0.724356
vt 0.933110 0.577225
vt 0.891751 0.300706
vt 0.965831 0.955054
vt 0.964708 0.940549
vt 0.923150 0.939897
vt 0.964240 0.925166
vt 0.924569 0.925145
vt 0.964227 0.909941
vt 0.924601 0.910338
vt 0.964703 0.894793
vt 0.923246 0.895344
vt 0.286295 0.852858
vt 0.920819 0.881111
vt 0.009766 0.894146
vt 0.866981 0.903627
vt 0.852476 0.904750
vt 0.851823 0.946308
vt 0.837093 0.905218
vt 0.837071 0.944888
vt 0.821868 0.905230
vt 0.822264 0.944857
vt 0.806721 0.904753
vt 0.807270 0.946211
vt 0.866768 0.867912
vt 0.960143 0.287992
vt 0.799311 0.880610
vt 0.731782 0.576163
vt 0.803656 0.971096
vt 0.816550 0.576030
vt 0.385657 0.826145
vt 0.381275 0.824374
vt 0.856049 0.867914
vt 0.301870 0.823252
vt 0.383747 0.836806
vt 0.379448 0.836258
vt 0.845331 0.867916
vt 0.302715 0.835805
vt 0.383758 0.847719
vt 0.379397 0.848250
vt 0.834612 0.867918
vt 0.302697 0.848601
vt 0.385667 0.858398
vt 0.381269 0.860195
vt 0.823894 0.867920
vt 0.301831 0.861095
vt 0.390070 0.868148
vt 0.010710 0.737986
vt 0.319550 0.304819
vt 0.299585 0.872480
vt 0.409209 0.637236
vt 0.285209 0.817984
vt 0.285091 0.733214
vt 0.343867 0.706570
vt 0.356515 0.706304
vt 0.354743 0.710686
vt 0.398490 0.637240
vt 0.353614 0.790091
vt 0.367175 0.708216
vt 0.366627 0.712514
vt 0.387772 0.637244
vt 0.366167 0.789247
vt 0.378088 0.708205
vt 0.378618 0.712566
vt 0.377054 0.637247
vt 0.378963 0.789266
vt 0.388767 0.706298
vt 0.390564 0.710696
vt 0.366335 0.637251
vt 0.391457 0.790134
vt 0.398518 0.701896
vt 0.875320 0.576298
vt 0.695749 0.894536
vt 0.402842 0.792381
vt 0.759941 0.868172
vt 0.955233 0.301775
vt 0.870464 0.301919
vt 0.903049 0.946378
vt 0.749223 0.868171
vt 0.986569 0.936611
vt 0.902781 0.933731
vt 0.907163 0.935502
vt 0.738504 0.868169
vt 0.985722 0.924058
vt 0.904691 0.923070
vt 0.908989 0.923618
vt 0.727786 0.868168
vt 0.985738 0.911262
vt 0.904677 0.912158
vt 0.909038 0.911626
vt 0.717067 0.868167
vt 0.986601 0.898767
vt 0.902766 0.901480
vt 0.907164 0.899682
vt 0.695758 0.603596
vt 0.988845 0.887381
vt 0.898362 0.891730
vt 0.285354 0.910647
vt 0.958290 0.868154
vt 0.010851 0.830664
vt 0.010973 0.915433
vt 0.858305 0.966408
vt 0.947571 0.868156
vt 0.848540 0.882890
vt 0.845658 0.966676
vt 0.847429 0.962294
vt 0.936853 0.868158
vt 0.835987 0.883736
vt 0.834997 0.964767
vt 0.835545 0.960469
vt 0.926134 0.868160
vt 0.823191 0.883720
vt 0.824085 0.964780
vt 0.823553 0.960420
vt 0.915416 0.868162
vt 0.810697 0.882855
vt 0.813406 0.966691
vt 0.811608 0.962293
vt 0.319670 0.819861
vt 0.315602 0.820534
vt 0.311527 0.821318
vt 0.377293 0.823022
vt 0.373297 0.821832
vt 0.369290 0.820812
vt 0.375490 0.835812
vt 0.371573 0.835413
vt 0.367701 0.835062
vt 0.320262 0.834839
vt 0.316292 0.835025
vt 0.312286 0.835254
vt 0.375463 0.848678
vt 0.371559 0.849036
vt 0.367682 0.849322
vt 0.320271 0.849699
vt 0.316276 0.849463
vt 0.312222 0.849205
vt 0.377269 0.861560
vt 0.373252 0.862743
vt 0.369222 0.863733
vt 0.319657 0.864498
vt 0.315581 0.863804
vt 0.311499 0.863017
vt 0.010351 0.742105
vt 0.010047 0.746224
vt 0.009843 0.750343
vt 0.009836 0.799894
vt 0.010038 0.804013
vt 0.010342 0.808133
vt 0.341642 0.710714
vt 0.339653 0.715035
vt 0.337985 0.719552
vt 0.336214 0.773976
vt 0.337502 0.778434
vt 0.338974 0.782714
vt 0.350225 0.772291
vt 0.350897 0.776359
vt 0.351680 0.780434
vt 0.353390 0.714667
vt 0.352200 0.718664
vt 0.351180 0.722671
vt 0.366181 0.716472
vt 0.365781 0.720389
vt 0.365429 0.724262
vt 0.365203 0.771700
vt 0.365388 0.775670
vt 0.365616 0.779677
vt 0.379046 0.716500
vt 0.379404 0.720404
vt 0.379689 0.724281
vt 0.380062 0.771693
vt 0.379826 0.775688
vt 0.379568 0.779741
vt 0.391928 0.714695
vt 0.393111 0.718713
vt 0.394100 0.722742
vt 0.394862 0.772308
vt 0.394166 0.776384
vt 0.393379 0.780465
vt 0.879439 0.576656
vt 0.883558 0.576959
vt 0.887677 0.577161
vt 0.937229 0.577153
vt 0.941348 0.576950
vt 0.945468 0.576645
vt 0.907194 0.948603
vt 0.911516 0.950591
vt 0.916033 0.952258
vt 0.970459 0.954015
vt 0.974915 0.952726
vt 0.979195 0.951253
vt 0.968770 0.940005
vt 0.972838 0.939331
vt 0.976913 0.938548
vt 0.911145 0.936854
vt 0.915142 0.938043
vt 0.919149 0.939062
vt 0.968175 0.925027
vt 0.972145 0.924840
vt 0.976152 0.924611
vt 0.912947 0.924063
vt 0.916864 0.924461
vt 0.920736 0.924812
vt 0.968164 0.910168
vt 0.972159 0.910403
vt 0.976212 0.910660
vt 0.912972 0.911198
vt 0.916876 0.910839
vt 0.920752 0.910552
vt 0.968775 0.895368
vt 0.972851 0.896061
vt 0.976933 0.896847
vt 0.911163 0.898316
vt 0.915180 0.897132
vt 0.919210 0.896142
vt 0.286224 0.848739
vt 0.286022 0.844620
vt 0.285718 0.840500
vt 0.285712 0.906528
vt 0.286017 0.902409
vt 0.286220 0.898290
vt 0.865943 0.899000
vt 0.864654 0.894543
vt 0.863181 0.890263
vt 0.860530 0.962264
vt 0.862517 0.957942
vt 0.864184 0.953425
vt 0.851933 0.900688
vt 0.851259 0.896620
vt 0.850476 0.892546
vt 0.848780 0.958312
vt 0.849969 0.954316
vt 0.850989 0.950308
vt 0.836955 0.901283
vt 0.836768 0.897313
vt 0.836539 0.893307
vt 0.835990 0.956511
vt 0.836388 0.952593
vt 0.836739 0.948721
vt 0.822095 0.901293
vt 0.822331 0.897299
vt 0.822588 0.893245
vt 0.823124 0.956486
vt 0.822765 0.952582
vt 0.822479 0.948705
vt 0.807295 0.900681
vt 0.807990 0.896605
vt 0.808775 0.892523
vt 0.810242 0.958294
vt 0.809058 0.954277
vt 0.808068 0.950247
vt 0.797762 0.886089
vt 0.734180 0.301796
vt 0.810285 0.885249
vt 0.809658 0.888421
vt 0.737373 0.576361
vt 0.301952 0.811270
vt 0.307427 0.822204
vt 0.304257 0.822839
vt 0.308280 0.835477
vt 0.305120 0.835674
vt 0.308289 0.848935
vt 0.305101 0.848736
vt 0.307396 0.862134
vt 0.304224 0.861507
vt 0.305063 0.874030
vt 0.010842 0.815536
vt 0.285409 0.812392
vt 0.341632 0.790008
vt 0.352566 0.784534
vt 0.353201 0.787705
vt 0.365839 0.783682
vt 0.366036 0.786842
vt 0.379297 0.783674
vt 0.379098 0.786862
vt 0.392497 0.784568
vt 0.391869 0.787740
vt 0.404392 0.786902
vt 0.952870 0.576142
vt 0.949641 0.301577
vt 0.986489 0.948594
vt 0.981012 0.937660
vt 0.984183 0.937025
vt 0.980157 0.924387
vt 0.983317 0.924189
vt 0.980145 0.910929
vt 0.983333 0.911128
vt 0.981036 0.897729
vt 0.984208 0.898356
vt 0.983366 0.885833
vt 0.285217 0.833097
vt 0.010651 0.836255
vt 0.860522 0.882970
vt 0.849589 0.888447
vt 0.848953 0.885276
vt 0.836316 0.889301
vt 0.836118 0.886141
vt 0.822857 0.889312
vt 0.823056 0.886124
vt 0.402844 0.659460
vt 0.334718 0.328091
vt 0.792116 0.589941
vt 0.716880 0.300718
vt 0.977266 0.635770
vt 0.970759 0.570682
vt 0.706349 0.887402
vt 0.981311 0.009766
vt 0.360428 0.663763
vt 0.371170 0.665985
vt 0.382142 0.665959
vt 0.392850 0.663695
vt 0.972968 0.593354
vt 0.970745 0.604095
vt 0.970770 0.615067
vt 0.973032 0.625775
vt 0.716343 0.883166
vt 0.727051 0.880901
vt 0.738022 0.880874
vt 0.748764 0.883095
vt 0.796354 0.599935
vt 0.798619 0.610642
vt 0.798647 0.621614
vt 0.796428 0.632356
vt 0.060677 0.324627
vt 0.391816 0.660368
vt 0.009815 0.397622
vt 0.060856 0.321116
vt 0.390739 0.657016
vt 0.011252 0.388625
vt 0.980482 0.584800
vt 0.983666 0.586399
vt 0.009766 0.670642
vt 0.351873 0.656249
vt 0.707799 0.890642
vt 0.037889 0.369649
vt 0.353473 0.653066
vt 0.709425 0.893809
vt 0.711134 0.896902
vt 0.717376 0.886494
vt 0.718454 0.889845
vt 0.319906 0.371135
vt 0.757320 0.890607
vt 0.788877 0.591391
vt 0.338882 0.397772
vt 0.755721 0.893791
vt 0.785710 0.593017
vt 0.338832 0.670792
vt 0.793026 0.600969
vt 0.789674 0.602046
vt 0.337395 0.679789
vt 0.974255 0.296641
vt 0.976360 0.624742
vt 0.037739 0.698716
vt 0.977765 0.296821
vt 0.979712 0.623666
vt 0.028741 0.697279
vt 0.788916 0.640913
vt 0.785733 0.639314
vt 0.310758 0.698765
vt 0.361452 0.660401
vt 0.362493 0.657044
vt 0.028882 0.371063
vt 0.371507 0.662488
vt 0.371843 0.658974
vt 0.021232 0.374940
vt 0.381767 0.662465
vt 0.381385 0.658958
vt 0.015158 0.380993
vt 0.976330 0.594378
vt 0.979687 0.595420
vt 0.011180 0.679649
vt 0.974242 0.604432
vt 0.977755 0.604769
vt 0.015057 0.687299
vt 0.974263 0.614692
vt 0.977771 0.614311
vt 0.021110 0.693373
vt 0.727426 0.884395
vt 0.727808 0.887902
vt 0.327537 0.375041
vt 0.737686 0.884371
vt 0.737350 0.887884
vt 0.333590 0.381115
vt 0.747741 0.886457
vt 0.746700 0.889814
vt 0.337467 0.388765
vt 0.795126 0.611018
vt 0.791618 0.611400
vt 0.333489 0.687421
vt 0.795151 0.621278
vt 0.791637 0.620943
vt 0.327415 0.693474
vt 0.793066 0.631333
vt 0.789708 0.630293
vt 0.319765 0.697351
vt 0.810765 0.981154
vt 0.827680 0.575153
vt 0.888304 0.898839
vt 0.011848 0.926563
vt 0.391413 0.691836
vt 0.859335 0.302797
vt 0.400129 0.861041
vt 0.284217 0.722085
vt 0.818039 0.977248
vt 0.825618 0.975559
vt 0.833499 0.975493
vt 0.841100 0.977039
vt 0.892210 0.906112
vt 0.893899 0.913691
vt 0.893965 0.921572
vt 0.892418 0.929173
vt 0.396020 0.830705
vt 0.394472 0.838306
vt 0.394537 0.846187
vt 0.396224 0.853766
vt 0.361075 0.695942
vt 0.368676 0.697490
vt 0.376557 0.697426
vt 0.384137 0.695739
vt 0.386592 0.312671
vt 0.380604 0.311867
vt 0.657778 0.312670
vt 0.663776 0.311887
vt 0.370770 0.296776
vt 0.371560 0.302772
vt 0.370769 0.025590
vt 0.371572 0.019602
vt 0.848716 0.303424
vt 0.380667 0.010558
vt 0.384974 0.682754
vt 0.663840 0.010565
vt 0.673673 0.296848
vt 0.672875 0.302838
vt 0.673672 0.025661
vt 0.672889 0.019663
vt 0.376706 0.309869
vt 0.373537 0.306682
vt 0.373570 0.015704
vt 0.376757 0.012535
vt 0.667688 0.309907
vt 0.670876 0.306736
vt 0.670909 0.015751
vt 0.667738 0.012564
vt 0.035097 0.011633
vt 0.046179 0.009766
vt 0.046309 0.012044
vt 0.035722 0.013720
vt 0.024896 0.016830
vt 0.026171 0.018586
vt 0.016836 0.024890
vt 0.018592 0.026165
vt 0.011639 0.035090
vt 0.013726 0.035715
vt 0.009772 0.046172
vt 0.012049 0.046302
vt 0.009766 0.320539
vt 0.012043 0.320409
vt 0.011632 0.331621
vt 0.013719 0.330996
vt 0.016829 0.341821
vt 0.018585 0.340546
vt 0.024889 0.349881
vt 0.026164 0.348126
vt 0.035089 0.355078
vt 0.035714 0.352991
vt 0.046171 0.356946
vt 0.046301 0.354669
vt 0.320538 0.356952
vt 0.320408 0.354675
vt 0.331620 0.355085
vt 0.330995 0.352998
vt 0.341820 0.349888
vt 0.340545 0.348133
vt 0.349880 0.341829
vt 0.348125 0.340554
vt 0.355078 0.331628
vt 0.352990 0.331004
vt 0.356945 0.320546
vt 0.354668 0.320417
vt 0.356951 0.046180
vt 0.354674 0.046309
vt 0.355084 0.035098
vt 0.352997 0.035722
vt 0.349887 0.024897
vt 0.348132 0.026172
vt 0.341828 0.016837
vt 0.340553 0.018593
vt 0.331628 0.011640
vt 0.331003 0.013727
vt 0.320546 0.009773
vt 0.320416 0.012050
vt 0.374922 0.686843
vt 0.379544 0.685754
vt 0.369971 0.686896
vt 0.365342 0.685868
vt 0.405120 0.844550
vt 0.406210 0.849172
vt 0.405066 0.839599
vt 0.406093 0.834971
vt 0.882336 0.924905
vt 0.883364 0.920280
vt 0.883310 0.915331
vt 0.882219 0.910711
vt 0.836832 0.987121
vt 0.832207 0.986094
vt 0.827258 0.986148
vt 0.822638 0.987238
vt 0.283593 0.711466
vt 0.409210 0.854601
vt 0.657850 0.009767
vt 0.386663 0.009768
vt 0.879223 0.905280
vt 0.012473 0.937182
vt 0.838298 0.574527
vt 0.817207 0.990234
vt 0.981285 0.570087
vt 0.786348 0.629221
vt 0.788114 0.620602
vt 0.788097 0.611788
vt 0.786301 0.603168
vt 0.706355 0.301312
vt 0.745629 0.893175
vt 0.737009 0.891407
vt 0.728195 0.891423
vt 0.719575 0.893219
vt 0.981292 0.613924
vt 0.983086 0.622545
vt 0.981278 0.605111
vt 0.983047 0.596492
vt 0.334123 0.317565
vt 0.380998 0.655437
vt 0.389619 0.653642
vt 0.372184 0.655452
vt 0.363565 0.653683
vt 0.970785 0.010358
vt 0.986767 0.630987
vt 0.782617 0.594727
vt 0.310908 0.369698
vt 0.398060 0.649960
vt 0.695721 0.616310
vt 0.366234 0.359023
vt 0.376952 0.359019
vt 0.387671 0.359019
vt 0.398389 0.359014
vt 0.409108 0.359009
vt 0.319465 0.026593
vt 0.823843 0.589691
vt 0.834561 0.589689
vt 0.845280 0.589691
vt 0.855998 0.589688
vt 0.866717 0.589685
vt 0.749253 0.589945
vt 0.759971 0.589945
vt 0.738534 0.589944
vt 0.727816 0.589940
vt 0.717097 0.589939
vt 0.695721 0.325370
vt 0.947520 0.589931
vt 0.958239 0.589928
vt 0.936802 0.589934
vt 0.926083 0.589932
vt 0.915365 0.589934
vt 0.960118 0.009766
vt 0.359851 0.682947
vt 0.353741 0.692104
vt 0.012406 0.711420
vt 0.011861 0.722046
vt 0.859380 0.575152
vt 0.848754 0.574610
vt 0.888581 0.936508
vt 0.879423 0.930399
vt 0.284203 0.926587
vt 0.283659 0.937213
vt 0.848434 0.980876
vt 0.842326 0.990035
vt 0.409014 0.829479
vt 0.399857 0.823370
vt 0.838296 0.303341
vt 0.827670 0.302798
vt 0.346780 0.701991
vt 0.010984 0.733176
vt 0.898470 0.943466
vt 0.870510 0.576026
vt 0.855393 0.970987
vt 0.285080 0.915457
vt 0.389969 0.816410
vt 0.816540 0.301922
vt 0.782620 0.637640
vt 0.977777 0.570385
vt 0.974269 0.570602
vt 0.355515 0.359030
vt 0.792163 0.642355
vt 0.983673 0.632696
vt 0.980506 0.634321
vt 0.981276 0.297068
vt 0.421614 0.616336
vt 0.970745 0.296575
vt 0.713370 0.574759
vt 0.709859 0.574579
vt 0.709862 0.301015
vt 0.713370 0.300798
vt 0.706349 0.574332
vt 0.754047 0.896903
vt 0.045357 0.026677
vt 0.716880 0.574826
vt 0.813124 0.589696
vt 0.758763 0.887360
vt 0.977766 0.283805
vt 0.974256 0.283625
vt 0.974292 0.010062
vt 0.977801 0.009845
vt 0.970745 0.283377
vt 0.355147 0.649954
vt 0.686010 0.009790
vt 0.981276 0.283872
vt 0.904646 0.589939
vt 0.350430 0.659496
vt 0.986777 0.588074
vt 0.334420 0.321073
vt 0.334638 0.324581
vt 0.706379 0.589940
vt 0.977236 0.583356
vt 0.399769 0.653053
vt 0.401395 0.656220
vt 0.061103 0.317606
vt 0.421614 0.325405
vt 0.060611 0.328137
vt 0.686035 0.288017
vt 0.904697 0.868164
vt 0.421641 0.894563
vt 0.355617 0.637255
vt 0.045443 0.304903
vt 0.813175 0.867922
vt 0.421650 0.603631
vt 0.706349 0.868166
vt 0.010851 0.833072
vt 0.859957 0.880616
vt 0.986472 0.886835
vt 0.285218 0.830689
vt 0.952824 0.301775
vt 0.988843 0.948029
vt 0.403389 0.790008
vt 0.955279 0.576142
vt 0.285209 0.815575
vt 0.342196 0.792362
vt 0.301957 0.873027
vt 0.010842 0.817944
vt 0.731771 0.301796
vt 0.798764 0.882983
vt 0.734190 0.576162
vt 0.299598 0.811834
vt 0.010349 0.840475
vt 0.861558 0.886075
vt 0.979181 0.884277
vt 0.285416 0.836280
vt 0.945421 0.301275
vt 0.983383 0.949631
vt 0.405950 0.782717
vt 0.949687 0.576342
vt 0.285711 0.808173
vt 0.340596 0.786903
vt 0.309249 0.875587
vt 0.010644 0.812353
vt 0.737363 0.301596
vt 0.796205 0.890275
vt 0.741593 0.576664
vt 0.305057 0.810234
vt 0.010039 0.902385
vt 0.009836 0.898266
vt 0.865488 0.948710
vt 0.010343 0.906504
vt 0.010700 0.910623
vt 0.010044 0.844594
vt 0.009841 0.848714
vt 0.009769 0.852833
vt 0.911524 0.884369
vt 0.916075 0.882582
vt 0.286291 0.894170
vt 0.907166 0.886449
vt 0.902986 0.888748
vt 0.974908 0.882893
vt 0.970463 0.881726
vt 0.965852 0.880858
vt 0.941302 0.300972
vt 0.937183 0.300770
vt 0.933064 0.300699
vt 0.883512 0.300981
vt 0.887631 0.300778
vt 0.920747 0.953561
vt 0.879393 0.301286
vt 0.875274 0.301645
vt 0.407335 0.778445
vt 0.408503 0.774000
vt 0.409372 0.769389
vt 0.405875 0.715060
vt 0.407661 0.719612
vt 0.891797 0.577232
vt 0.403797 0.710702
vt 0.401499 0.706521
vt 0.286016 0.804053
vt 0.286220 0.799934
vt 0.286292 0.795815
vt 0.286024 0.746263
vt 0.286227 0.750382
vt 0.336680 0.724266
vt 0.285721 0.742143
vt 0.285364 0.738024
vt 0.313521 0.876972
vt 0.317966 0.878139
vt 0.322577 0.879008
vt 0.376906 0.875507
vt 0.372355 0.877293
vt 0.009771 0.754463
vt 0.381264 0.873428
vt 0.385445 0.871130
vt 0.811730 0.301649
vt 0.811741 0.576303
vt 0.753940 0.300715
vt 0.795253 0.300714
vt 0.795263 0.577240
vt 0.753950 0.577241
vt 0.799373 0.300785
vt 0.799383 0.577168
vt 0.803492 0.300987
vt 0.803503 0.576965
vt 0.807611 0.301291
vt 0.807621 0.576661
vt 0.745702 0.300990
vt 0.745712 0.576968
vt 0.749821 0.300787
vt 0.749831 0.577170
vn -0.999809 -0.017543 -0.008663
vn -0.925453 -0.378781 -0.007890
vn -0.925453 -0.378781 0.007890
vn -0.999809 -0.017543 0.008663
vn -0.925453 -0.378781 -0.007890
vn -0.712642 -0.701503 -0.005893
vn -0.712642 -0.701503 0.005892
vn -0.925453 -0.378781 0.007890
vn -0.712642 -0.701503 -0.005893
vn -0.356055 -0.934461 -0.002812
vn -0.356055 -0.934461 0.002812
vn -0.712642 -0.701503 0.005892
vn -0.095219 0.995456 -0.000718
vn -0.392334 0.919818 -0.003105
vn -0.392334 0.919818 0.003105
vn -0.095219 0.995456 0.000718
vn -0.392334 0.919818 -0.003105
vn -0.712643 0.701502 -0.005893
vn -0.712643 0.701502 0.005893
vn -0.392334 0.919818 0.003105
vn -0.712643 0.701502 -0.005893
vn -0.925453 0.378781 -0.007890
vn -0.925453 0.378781 0.007890
vn -0.712643 0.701502 0.005893
vn -0.925453 0.378781 -0.007890
vn -0.999809 0.017543 -0.008663
vn -0.999809 0.017543 0.008663
vn -0.925453 0.378781 0.007890
vn -0.999809 0.017543 -0.008663
vn -0.999809 -0.017543 -0.008663
vn -0.999809 -0.017543 0.008663
vn -0.999809 0.017543 0.008663
vn -0.999809 0.017543 -0.008663
vn -0.945933 0.017492 -0.323890
vn -0.945933 -0.017492 -0.323891
vn -0.999809 -0.017543 -0.008663
vn -0.945933 0.017492 -0.323890
vn -0.808895 0.017486 -0.587694
vn -0.808894 -0.017486 -0.587694
vn -0.945933 -0.017492 -0.323891
vn -0.808895 0.017486 -0.587694
vn -0.587694 0.017486 -0.808895
vn -0.587694 -0.017486 -0.808895
vn -0.808894 -0.017486 -0.587694
vn -0.587694 0.017486 -0.808895
vn -0.323890 0.017492 -0.945933
vn -0.323890 -0.017492 -0.945933
vn -0.587694 -0.017486 -0.808895
vn -0.323890 0.017492 -0.945933
vn -0.008663 0.017543 -0.999809
vn -0.008663 -0.017543 -0.999809
vn -0.323890 -0.017492 -0.945933
vn 0.008663 -0.017543 -0.999809
vn -0.008663 -0.017543 -0.999809
vn -0.008663 0.017543 -0.999809
vn 0.008663 0.017543 -0.999809
vn 0.008663 0.017543 -0.999809
vn 0.323891 0.017492 -0.945933
vn 0.323891 -0.017492 -0.945933
vn 0.008663 -0.017543 -0.999809
vn 0.323891 0.017492 -0.945933
vn 0.587694 0.017486 -0.808895
vn 0.587694 -0.017486 -0.808895
vn 0.323891 -0.017492 -0.945933
vn 0.587694 0.017486 -0.808895
vn 0.808895 0.017486 -0.587694
vn 0.808895 -0.017486 -0.587694
vn 0.587694 -0.017486 -0.808895
vn 0.808895 0.017486 -0.587694
vn 0.945933 0.017492 -0.323890
vn 0.945933 -0.017492 -0.323890
vn 0.808895 -0.017486 -0.587694
vn 0.945933 0.017492 -0.323890
vn 0.999809 0.017543 -0.008663
vn 0.999809 -0.017543 -0.008663
vn 0.945933 -0.017492 -0.323890
vn 0.999809 0.017543 0.008663
vn 0.999809 -0.017543 0.008663
vn 0.999809 -0.017543 -0.008663
vn 0.999809 0.017543 -0.008663
vn 0.945933 -0.017492 0.323891
vn 0.999809 -0.017543 0.008663
vn 0.999809 0.017543 0.008663
vn 0.945933 0.017492 0.323890
vn 0.808894 -0.017486 0.587694
vn 0.945933 -0.017492 0.323891
vn 0.945933 0.017492 0.323890
vn 0.808895 0.017486 0.587694
vn 0.587694 -0.017486 0.808895
vn 0.808894 -0.017486 0.587694
vn 0.808895 0.017486 0.587694
vn 0.587694 0.017486 0.808894
vn 0.323890 -0.017492 0.945933
vn 0.587694 -0.017486 0.808895
vn 0.587694 0.017486 0.808894
vn 0.323890 0.017492 0.945933
vn 0.008663 -0.017543 0.999809
vn 0.323890 -0.017492 0.945933
vn 0.323890 0.017492 0.945933
vn 0.008663 0.017543 0.999809
vn -0.008663 0.017543 0.999809
vn -0.008663 -0.017543 0.999809
vn 0.008663 -0.017543 0.999809
vn 0.008663 0.017543 0.999809
vn -0.323891 -0.017492 0.945933
vn -0.008663 -0.017543 0.999809
vn -0.008663 0.017543 0.999809
vn -0.323891 0.017492 0.945933
vn -0.587694 -0.017486 0.808894
vn -0.323891 -0.017492 0.945933
vn -0.323891 0.017492 0.945933
vn -0.587694 0.017486 0.808894
vn -0.808894 -0.017486 0.587694
vn -0.587694 -0.017486 0.808894
vn -0.587694 0.017486 0.808894
vn -0.808895 0.017486 0.587694
vn -0.945933 -0.017492 0.323890
vn -0.808894 -0.017486 0.587694
vn -0.808895 0.017486 0.587694
vn -0.945933 0.017492 0.323890
vn -0.999809 -0.017543 0.008663
vn -0.945933 -0.017492 0.323890
vn -0.945933 0.017492 0.323890
vn -0.999809 0.017543 0.008663
vn 0.000000 -1.000000 0.000000
vn 0.000000 -1.000000 0.000000
vn 0.000000 -1.000000 0.000000
vn 0.000000 -1.000000 0.000000
vn 0.000145 1.000000 -0.000003
vn 0.000150 1.000000 -0.000002
vn -0.095219 0.995456 -0.000718
vn -0.095219 0.995456 0.000718
vn 0.000150 1.000000 -0.000002
vn 0.000200 1.000000 0.000053
vn -0.099904 0.994418 -0.033936
vn -0.095219 0.995456 -0.000718
vn 0.000000 -1.000000 -0.000002
vn 0.000000 -1.000000 0.000000
vn 0.000000 -1.000000 0.000000
vn 0.000000 -1.000000 -0.000002
vn 0.000200 1.000000 0.000053
vn 0.000170 1.000000 0.000132
vn -0.086863 0.994224 -0.063038
vn -0.099904 0.994418 -0.033936
vn 0.000000 -1.000000 -0.000001
vn 0.000000 -1.000000 -0.000002
vn 0.000000 -1.000000 -0.000002
vn 0.000000 -1.000000 -0.000001
vn 0.000170 1.000000 0.000132
vn 0.000120 1.000000 0.000168
vn -0.063038 0.994224 -0.086864
vn -0.086863 0.994224 -0.063038
vn 0.000000 -1.000000 0.000002
vn 0.000000 -1.000000 -0.000001
vn 0.000000 -1.000000 -0.000001
vn 0.000000 -1.000000 0.000002
vn 0.000120 1.000000 0.000168
vn 0.000025 1.000000 0.000173
vn -0.033937 0.994418 -0.099903
vn -0.063038 0.994224 -0.086864
vn -0.000001 -1.000000 0.000004
vn 0.000000 -1.000000 0.000002
vn 0.000000 -1.000000 0.000002
vn -0.000001 -1.000000 0.000004
vn 0.000025 1.000000 0.000173
vn 0.000000 1.000000 0.000147
vn -0.000718 0.995456 -0.095220
vn -0.033937 0.994418 -0.099903
vn 0.000000 -1.000000 -0.000004
vn -0.000001 -1.000000 0.000004
vn -0.000001 -1.000000 0.000004
vn 0.000000 -1.000000 -0.000004
vn 0.000000 -1.000000 -0.000004
vn 0.000000 -1.000000 -0.000004
vn 0.000000 -1.000000 -0.000004
vn 0.000000 -1.000000 -0.000004
vn 0.000000 1.000000 0.000147
vn 0.000002 1.000000 0.000148
vn 0.000717 0.995456 -0.095220
vn -0.000718 0.995456 -0.095220
vn 0.000002 1.000000 0.000148
vn -0.000052 1.000000 0.000199
vn 0.033938 0.994418 -0.099903
vn 0.000717 0.995456 -0.095220
vn 0.000000 -1.000000 0.000002
vn 0.000000 -1.000000 -0.000004
vn 0.000000 -1.000000 -0.000004
vn 0.000000 -1.000000 0.000002
vn -0.000052 1.000000 0.000199
vn -0.000129 1.000000 0.000167
vn 0.063038 0.994224 -0.086864
vn 0.033938 0.994418 -0.099903
vn 0.000000 -1.000000 -0.000002
vn 0.000000 -1.000000 0.000002
vn 0.000000 -1.000000 0.000002
vn 0.000000 -1.000000 -0.000002
vn -0.000129 1.000000 0.000167
vn -0.000166 1.000000 0.000121
vn 0.086862 0.994224 -0.063037
vn 0.063038 0.994224 -0.086864
vn 0.000000 -1.000000 -0.000001
vn 0.000000 -1.000000 -0.000002
vn 0.000000 -1.000000 -0.000002
vn 0.000000 -1.000000 -0.000001
vn -0.000166 1.000000 0.000121
vn -0.000174 1.000000 0.000028
vn 0.099904 0.994418 -0.033937
vn 0.086862 0.994224 -0.063037
vn 0.000000 -1.000000 -0.000002
vn 0.000000 -1.000000 -0.000001
vn 0.000000 -1.000000 -0.000001
vn 0.000000 -1.000000 -0.000002
vn -0.000174 1.000000 0.000028
vn -0.000149 1.000000 0.000000
vn 0.095219 0.995456 -0.000718
vn 0.099904 0.994418 -0.033937
vn 0.000000 -1.000000 0.000000
vn 0.000000 -1.000000 -0.000002
vn 0.000000 -1.000000 -0.000002
vn 0.000000 -1.000000 0.000000
vn 0.000000 -1.000000 0.000000
vn 0.000000 -1.000000 0.000000
vn 0.000000 -1.000000 0.000000
vn 0.000000 -1.000000 0.000000
vn -0.000149 1.000000 0.000000
vn -0.000146 1.000000 -0.000002
vn 0.095219 0.995456 0.000718
vn 0.095219 0.995456 -0.000718
vn 0.000000 -1.000000 0.000000
vn 0.000000 -1.000000 0.000000
vn 0.000000 -1.000000 0.000000
vn 0.000000 -1.000000 0.000000
vn -0.000146 1.000000 -0.000002
vn -0.000059 1.000000 -0.000053
vn 0.099904 0.994418 0.033937
vn 0.095219 0.995456 0.000718
vn 0.000000 -1.000000 0.000003
vn 0.000000 -1.000000 0.000000
vn 0.000000 -1.000000 0.000000
vn 0.000000 -1.000000 0.000003
vn -0.000059 1.000000 -0.000053
vn -0.000036 1.000000 -0.000019
vn 0.086862 0.994224 0.063039
vn 0.099904 0.994418 0.033937
vn 0.000000 -1.000000 0.000001
vn 0.000000 -1.000000 0.000003
vn 0.000000 -1.000000 0.000003
vn 0.000000 -1.000000 0.000001
vn -0.000036 1.000000 -0.000019
vn -0.000029 1.000000 -0.000037
vn 0.063038 0.994224 0.086866
vn 0.086862 0.994224 0.063039
vn 0.000000 -1.000000 0.000000
vn 0.000000 -1.000000 0.000001
vn 0.000000 -1.000000 0.000001
vn 0.000000 -1.000000 0.000000
vn -0.000029 1.000000 -0.000037
vn -0.000030 1.000000 -0.000056
vn 0.033938 0.994418 0.099904
vn 0.063038 0.994224 0.086866
vn 0.000000 -1.000000 0.000004
vn 0.000000 -1.000000 0.000000
vn 0.000000 -1.000000 0.000000
vn 0.000000 -1.000000 0.000004
vn -0.000030 1.000000 -0.000056
vn -0.000003 1.000000 -0.000143
vn 0.000718 0.995456 0.095220
vn 0.033938 0.994418 0.099904
vn 0.000000 -1.000000 0.000004
vn 0.000000 -1.000000 0.000004
vn 0.000000 -1.000000 0.000004
vn 0.000000 -1.000000 0.000004
vn -0.000003 1.000000 -0.000143
vn 0.000002 1.000000 -0.000144
vn -0.000717 0.995456 0.095220
vn 0.000718 0.995456 0.095220
vn 0.000001 -1.000000 0.000003
vn 0.000000 -1.000000 0.000004
vn 0.000000 -1.000000 0.000004
vn 0.000001 -1.000000 0.000003
vn 0.000002 1.000000 -0.000144
vn 0.000054 1.000000 -0.000059
vn -0.033938 0.994418 0.099903
vn -0.000717 0.995456 0.095220
vn 0.000000 -1.000000 0.000004
vn 0.000001 -1.000000 0.000003
vn 0.000001 -1.000000 0.000003
vn 0.000000 -1.000000 0.000004
vn 0.000054 1.000000 -0.000059
vn 0.000017 1.000000 -0.000037
vn -0.063038 0.994224 0.086864
vn -0.033938 0.994418 0.099903
vn 0.000000 -1.000000 0.000002
vn 0.000000 -1.000000 0.000004
vn 0.000000 -1.000000 0.000004
vn 0.000000 -1.000000 0.000002
vn 0.000017 1.000000 -0.000037
vn 0.000037 1.000000 -0.000033
vn -0.086862 0.994224 0.063037
vn -0.063038 0.994224 0.086864
vn 0.000000 -1.000000 0.000000
vn 0.000000 -1.000000 0.000002
vn 0.000000 -1.000000 0.000002
vn 0.000000 -1.000000 0.000000
vn 0.000037 1.000000 -0.000033
vn 0.000058 1.000000 -0.000033
vn -0.099904 0.994418 0.033937
vn -0.086862 0.994224 0.063037
vn 0.000000 -1.000000 0.000000
vn 0.000000 -1.000000 0.000000
vn 0.000000 -1.000000 0.000000
vn 0.000000 -1.000000 0.000000
vn 0.000058 1.000000 -0.000033
vn 0.000145 1.000000 -0.000003
vn -0.095219 0.995456 0.000718
vn -0.099904 0.994418 0.033937
vn -0.925453 -0.378781 -0.007890
vn -0.999809 -0.017543 -0.008663
vn -0.945933 -0.017492 -0.323891
vn -0.876381 -0.376912 -0.299823
vn -0.712642 -0.701503 -0.005893
vn -0.925453 -0.378781 -0.007890
vn -0.876381 -0.376912 -0.299823
vn -0.677922 -0.697714 -0.231552
vn -0.356055 -0.934461 -0.002812
vn -0.712642 -0.701503 -0.005893
vn -0.677922 -0.697714 -0.231552
vn -0.353452 -0.927692 -0.120249
vn -0.392334 0.919818 -0.003105
vn -0.095219 0.995456 -0.000718
vn -0.099904 0.994418 -0.033936
vn -0.380200 0.915788 -0.129543
vn -0.712643 0.701502 -0.005893
vn -0.392334 0.919818 -0.003105
vn -0.380200 0.915788 -0.129543
vn -0.677922 0.697715 -0.231551
vn -0.999809 0.017543 -0.008663
vn -0.925453 0.378781 -0.007890
vn -0.876381 0.376913 -0.299823
vn -0.945933 0.017492 -0.323890
vn -0.925453 0.378781 -0.007890
vn -0.712643 0.701502 -0.005893
vn -0.677922 0.697715 -0.231551
vn -0.876381 0.376913 -0.299823
vn -0.380200 0.915788 -0.129543
vn -0.099904 0.994418 -0.033936
vn -0.086863 0.994224 -0.063038
vn -0.326121 0.915195 -0.236776
vn -0.677922 0.697715 -0.231551
vn -0.380200 0.915788 -0.129543
vn -0.326121 0.915195 -0.236776
vn -0.580047 0.697185 -0.421282
vn -0.945933 0.017492 -0.323890
vn -0.876381 0.376913 -0.299823
vn -0.749465 0.376662 -0.544452
vn -0.808895 0.017486 -0.587694
vn -0.876381 0.376913 -0.299823
vn -0.677922 0.697715 -0.231551
vn -0.580047 0.697185 -0.421282
vn -0.749465 0.376662 -0.544452
vn -0.876381 -0.376912 -0.299823
vn -0.945933 -0.017492 -0.323891
vn -0.808894 -0.017486 -0.587694
vn -0.749464 -0.376664 -0.544451
vn -0.677922 -0.697714 -0.231552
vn -0.876381 -0.376912 -0.299823
vn -0.749464 -0.376664 -0.544451
vn -0.580048 -0.697183 -0.421283
vn -0.353452 -0.927692 -0.120249
vn -0.677922 -0.697714 -0.231552
vn -0.580048 -0.697183 -0.421283
vn -0.304566 -0.926462 -0.221152
vn -0.326121 0.915195 -0.236776
vn -0.086863 0.994224 -0.063038
vn -0.063038 0.994224 -0.086864
vn -0.236776 0.915195 -0.326122
vn -0.580047 0.697185 -0.421282
vn -0.326121 0.915195 -0.236776
vn -0.236776 0.915195 -0.326122
vn -0.421282 0.697184 -0.580048
vn -0.808895 0.017486 -0.587694
vn -0.749465 0.376662 -0.544452
vn -0.544452 0.376662 -0.749465
vn -0.587694 0.017486 -0.808895
vn -0.749465 0.376662 -0.544452
vn -0.580047 0.697185 -0.421282
vn -0.421282 0.697184 -0.580048
vn -0.544452 0.376662 -0.749465
vn -0.749464 -0.376664 -0.544451
vn -0.808894 -0.017486 -0.587694
vn -0.587694 -0.017486 -0.808895
vn -0.544453 -0.376664 -0.749464
vn -0.580048 -0.697183 -0.421283
vn -0.749464 -0.376664 -0.544451
vn -0.544453 -0.376664 -0.749464
vn -0.421284 -0.697184 -0.580046
vn -0.304566 -0.926462 -0.221152
vn -0.580048 -0.697183 -0.421283
vn -0.421284 -0.697184 -0.580046
vn -0.221149 -0.926462 -0.304567
vn -0.236776 0.915195 -0.326122
vn -0.063038 0.994224 -0.086864
vn -0.033937 0.994418 -0.099903
vn -0.129542 0.915787 -0.380201
vn -0.421282 0.697184 -0.580048
vn -0.236776 0.915195 -0.326122
vn -0.129542 0.915787 -0.380201
vn -0.231551 0.697714 -0.677923
vn -0.587694 0.017486 -0.808895
vn -0.544452 0.376662 -0.749465
vn -0.299824 0.376913 -0.876380
vn -0.323890 0.017492 -0.945933
vn -0.544452 0.376662 -0.749465
vn -0.421282 0.697184 -0.580048
vn -0.231551 0.697714 -0.677923
vn -0.299824 0.376913 -0.876380
vn -0.544453 -0.376664 -0.749464
vn -0.587694 -0.017486 -0.808895
vn -0.323890 -0.017492 -0.945933
vn -0.299824 -0.376912 -0.876381
vn -0.421284 -0.697184 -0.580046
vn -0.544453 -0.376664 -0.749464
vn -0.299824 -0.376912 -0.876381
vn -0.231553 -0.697714 -0.677922
vn -0.221149 -0.926462 -0.304567
vn -0.421284 -0.697184 -0.580046
vn -0.231553 -0.697714 -0.677922
vn -0.120249 -0.927692 -0.353452
vn -0.129542 0.915787 -0.380201
vn -0.033937 0.994418 -0.099903
vn -0.000718 0.995456 -0.095220
vn -0.003105 0.919817 -0.392336
vn -0.231551 0.697714 -0.677923
vn -0.129542 0.915787 -0.380201
vn -0.003105 0.919817 -0.392336
vn -0.005893 0.701502 -0.712643
vn -0.323890 0.017492 -0.945933
vn -0.299824 0.376913 -0.876380
vn -0.007890 0.378780 -0.925453
vn -0.008663 0.017543 -0.999809
vn -0.299824 0.376913 -0.876380
vn -0.231551 0.697714 -0.677923
vn -0.005893 0.701502 -0.712643
vn -0.007890 0.378780 -0.925453
vn -0.299824 -0.376912 -0.876381
vn -0.323890 -0.017492 -0.945933
vn -0.008663 -0.017543 -0.999809
vn -0.007890 -0.378780 -0.925453
vn -0.231553 -0.697714 -0.677922
vn -0.299824 -0.376912 -0.876381
vn -0.007890 -0.378780 -0.925453
vn -0.005893 -0.701504 -0.712641
vn -0.120249 -0.927692 -0.353452
vn -0.231553 -0.697714 -0.677922
vn -0.005893 -0.701504 -0.712641
vn -0.002812 -0.934461 -0.356054
vn -0.003105 0.919817 -0.392336
vn -0.000718 0.995456 -0.095220
vn 0.000717 0.995456 -0.095220
vn 0.003105 0.919817 -0.392336
vn -0.005893 0.701502 -0.712643
vn -0.003105 0.919817 -0.392336
vn 0.003105 0.919817 -0.392336
vn 0.005892 0.701502 -0.712643
vn -0.008663 0.017543 -0.999809
vn -0.007890 0.378780 -0.925453
vn 0.007889 0.378780 -0.925453
vn 0.008663 0.017543 -0.999809
vn -0.007890 0.378780 -0.925453
vn -0.005893 0.701502 -0.712643
vn 0.005892 0.701502 -0.712643
vn 0.007889 0.378780 -0.925453
vn -0.007890 -0.378780 -0.925453
vn -0.008663 -0.017543 -0.999809
vn 0.008663 -0.017543 -0.999809
vn 0.007890 -0.378780 -0.925453
vn -0.005893 -0.701504 -0.712641
vn -0.007890 -0.378780 -0.925453
vn 0.007890 -0.378780 -0.925453
vn 0.005893 -0.701504 -0.712641
vn -0.002812 -0.934461 -0.356054
vn -0.005893 -0.701504 -0.712641
vn 0.005893 -0.701504 -0.712641
vn 0.002812 -0.934461 -0.356054
vn 0.007890 -0.378780 -0.925453
vn 0.008663 -0.017543 -0.999809
vn 0.323891 -0.017492 -0.945933
vn 0.299825 -0.376910 -0.876381
vn 0.005893 -0.701504 -0.712641
vn 0.007890 -0.378780 -0.925453
vn 0.299825 -0.376910 -0.876381
vn 0.231553 -0.697715 -0.677921
vn 0.002812 -0.934461 -0.356054
vn 0.005893 -0.701504 -0.712641
vn 0.231553 -0.697715 -0.677921
vn 0.120249 -0.927693 -0.353450
vn 0.003105 0.919817 -0.392336
vn 0.000717 0.995456 -0.095220
vn 0.033938 0.994418 -0.099903
vn 0.129542 0.915787 -0.380202
vn 0.005892 0.701502 -0.712643
vn 0.003105 0.919817 -0.392336
vn 0.129542 0.915787 -0.380202
vn 0.231552 0.697714 -0.677923
vn 0.008663 0.017543 -0.999809
vn 0.007889 0.378780 -0.925453
vn 0.299825 0.376911 -0.876381
vn 0.323891 0.017492 -0.945933
vn 0.007889 0.378780 -0.925453
vn 0.005892 0.701502 -0.712643
vn 0.231552 0.697714 -0.677923
vn 0.299825 0.376911 -0.876381
vn 0.129542 0.915787 -0.380202
vn 0.033938 0.994418 -0.099903
vn 0.063038 0.994224 -0.086864
vn 0.236775 0.915195 -0.326123
vn 0.231552 0.697714 -0.677923
vn 0.129542 0.915787 -0.380202
vn 0.236775 0.915195 -0.326123
vn 0.421281 0.697184 -0.580048
vn 0.323891 0.017492 -0.945933
vn 0.299825 0.376911 -0.876381
vn 0.544453 0.376662 -0.749464
vn 0.587694 0.017486 -0.808895
vn 0.299825 0.376911 -0.876381
vn 0.231552 0.697714 -0.677923
vn 0.421281 0.697184 -0.580048
vn 0.544453 0.376662 -0.749464
vn 0.299825 -0.376910 -0.876381
vn 0.323891 -0.017492 -0.945933
vn 0.587694 -0.017486 -0.808895
vn 0.544452 -0.376662 -0.749465
vn 0.231553 -0.697715 -0.677921
vn 0.299825 -0.376910 -0.876381
vn 0.544452 -0.376662 -0.749465
vn 0.421284 -0.697186 -0.580045
vn 0.120249 -0.927693 -0.353450
vn 0.231553 -0.697715 -0.677921
vn 0.421284 -0.697186 -0.580045
vn 0.221148 -0.926464 -0.304561
vn 0.236775 0.915195 -0.326123
vn 0.063038 0.994224 -0.086864
vn 0.086862 0.994224 -0.063037
vn 0.326119 0.915196 -0.236776
vn 0.421281 0.697184 -0.580048
vn 0.236775 0.915195 -0.326123
vn 0.326119 0.915196 -0.236776
vn 0.580046 0.697185 -0.421283
vn 0.587694 0.017486 -0.808895
vn 0.544453 0.376662 -0.749464
vn 0.749465 0.376662 -0.544452
vn 0.808895 0.017486 -0.587694
vn 0.544453 0.376662 -0.749464
vn 0.421281 0.697184 -0.580048
vn 0.580046 0.697185 -0.421283
vn 0.749465 0.376662 -0.544452
vn 0.544452 -0.376662 -0.749465
vn 0.587694 -0.017486 -0.808895
vn 0.808895 -0.017486 -0.587694
vn 0.749464 -0.376663 -0.544453
vn 0.421284 -0.697186 -0.580045
vn 0.544452 -0.376662 -0.749465
vn 0.749464 -0.376663 -0.544453
vn 0.580047 -0.697185 -0.421283
vn 0.221148 -0.926464 -0.304561
vn 0.421284 -0.697186 -0.580045
vn 0.580047 -0.697185 -0.421283
vn 0.304564 -0.926463 -0.221148
vn 0.326119 0.915196 -0.236776
vn 0.086862 0.994224 -0.063037
vn 0.099904 0.994418 -0.033937
vn 0.380199 0.915788 -0.129543
vn 0.580046 0.697185 -0.421283
vn 0.326119 0.915196 -0.236776
vn 0.380199 0.915788 -0.129543
vn 0.677922 0.697715 -0.231551
vn 0.808895 0.017486 -0.587694
vn 0.749465 0.376662 -0.544452
vn 0.876380 0.376913 -0.299824
vn 0.945933 0.017492 -0.323890
vn 0.749465 0.376662 -0.544452
vn 0.580046 0.697185 -0.421283
vn 0.677922 0.697715 -0.231551
vn 0.876380 0.376913 -0.299824
vn 0.749464 -0.376663 -0.544453
vn 0.808895 -0.017486 -0.587694
vn 0.945933 -0.017492 -0.323890
vn 0.876381 -0.376912 -0.299824
vn 0.580047 -0.697185 -0.421283
vn 0.749464 -0.376663 -0.544453
vn 0.876381 -0.376912 -0.299824
vn 0.677921 -0.697715 -0.231553
vn 0.304564 -0.926463 -0.221148
vn 0.580047 -0.697185 -0.421283
vn 0.677921 -0.697715 -0.231553
vn 0.353450 -0.927693 -0.120248
vn 0.380199 0.915788 -0.129543
vn 0.099904 0.994418 -0.033937
vn 0.095219 0.995456 -0.000718
vn 0.392334 0.919818 -0.003105
vn 0.677922 0.697715 -0.231551
vn 0.380199 0.915788 -0.129543
vn 0.392334 0.919818 -0.003105
vn 0.712643 0.701502 -0.005893
vn 0.945933 0.017492 -0.323890
vn 0.876380 0.376913 -0.299824
vn 0.925453 0.378781 -0.007890
vn 0.999809 0.017543 -0.008663
vn 0.876380 0.376913 -0.299824
vn 0.677922 0.697715 -0.231551
vn 0.712643 0.701502 -0.005893
vn 0.925453 0.378781 -0.007890
vn 0.876381 -0.376912 -0.299824
vn 0.945933 -0.017492 -0.323890
vn 0.999809 -0.017543 -0.008663
vn 0.925453 -0.378781 -0.007890
vn 0.677921 -0.697715 -0.231553
vn 0.876381 -0.376912 -0.299824
vn 0.925453 -0.378781 -0.007890
vn 0.712642 -0.701503 -0.005893
vn 0.353450 -0.927693 -0.120248
vn 0.677921 -0.697715 -0.231553
vn 0.712642 -0.701503 -0.005893
vn 0.356055 -0.934461 -0.002812
vn 0.392334 0.919818 -0.003105
vn 0.095219 0.995456 -0.000718
vn 0.095219 0.995456 0.000718
vn 0.392334 0.919818 0.003105
vn 0.712643 0.701502 -0.005893
vn 0.392334 0.919818 -0.003105
vn 0.392334 0.919818 0.003105
vn 0.712643 0.701502 0.005893
vn 0.999809 0.017543 -0.008663
vn 0.925453 0.378781 -0.007890
vn 0.925453 0.378781 0.007890
vn 0.999809 0.017543 0.008663
vn 0.925453 0.378781 -0.007890
vn 0.712643 0.701502 -0.005893
vn 0.712643 0.701502 0.005893
vn 0.925453 0.378781 0.007890
vn 0.925453 -0.378781 -0.007890
vn 0.999809 -0.017543 -0.008663
vn 0.999809 -0.017543 0.008663
vn 0.925453 -0.378781 0.007890
vn 0.712642 -0.701503 -0.005893
vn 0.925453 -0.378781 -0.007890
vn 0.925453 -0.378781 0.007890
vn 0.712642 -0.701503 0.005893
vn 0.356055 -0.934461 -0.002812
vn 0.712642 -0.701503 -0.005893
vn 0.712642 -0.701503 0.005893
vn 0.356055 -0.934461 0.002812
vn 0.925453 -0.378781 0.007890
vn 0.999809 -0.017543 0.008663
vn 0.945933 -0.017492 0.323891
vn 0.876380 -0.376913 0.299824
vn 0.712642 -0.701503 0.005893
vn 0.925453 -0.378781 0.007890
vn 0.876380 -0.376913 0.299824
vn 0.677920 -0.697717 0.231551
vn 0.356055 -0.934461 0.002812
vn 0.712642 -0.701503 0.005893
vn 0.677920 -0.697717 0.231551
vn 0.353452 -0.927692 0.120248
vn 0.392334 0.919818 0.003105
vn 0.095219 0.995456 0.000718
vn 0.099904 0.994418 0.033937
vn 0.380199 0.915788 0.129543
vn 0.712643 0.701502 0.005893
vn 0.392334 0.919818 0.003105
vn 0.380199 0.915788 0.129543
vn 0.677922 0.697715 0.231551
vn 0.999809 0.017543 0.008663
vn 0.925453 0.378781 0.007890
vn 0.876380 0.376913 0.299824
vn 0.945933 0.017492 0.323890
vn 0.925453 0.378781 0.007890
vn 0.712643 0.701502 0.005893
vn 0.677922 0.697715 0.231551
vn 0.876380 0.376913 0.299824
vn 0.876380 -0.376913 0.299824
vn 0.945933 -0.017492 0.323891
vn 0.808894 -0.017486 0.587694
vn 0.749464 -0.376662 0.544453
vn 0.677920 -0.697717 0.231551
vn 0.876380 -0.376913 0.299824
vn 0.749464 -0.376662 0.544453
vn 0.580045 -0.697186 0.421282
vn 0.353452 -0.927692 0.120248
vn 0.677920 -0.697717 0.231551
vn 0.580045 -0.697186 0.421282
vn 0.304565 -0.926463 0.221149
vn 0.380199 0.915788 0.129543
vn 0.099904 0.994418 0.033937
vn 0.086862 0.994224 0.063039
vn 0.326119 0.915196 0.236776
vn 0.677922 0.697715 0.231551
vn 0.380199 0.915788 0.129543
vn 0.326119 0.915196 0.236776
vn 0.580047 0.697185 0.421282
vn 0.945933 0.017492 0.323890
vn 0.876380 0.376913 0.299824
vn 0.749465 0.376662 0.544452
vn 0.808895 0.017486 0.587694
vn 0.876380 0.376913 0.299824
vn 0.677922 0.697715 0.231551
vn 0.580047 0.697185 0.421282
vn 0.749465 0.376662 0.544452
vn 0.749464 -0.376662 0.544453
vn 0.808894 -0.017486 0.587694
vn 0.587694 -0.017486 0.808895
vn 0.544452 -0.376662 0.749465
vn 0.580045 -0.697186 0.421282
vn 0.749464 -0.376662 0.544453
vn 0.544452 -0.376662 0.749465
vn 0.421281 -0.697186 0.580046
vn 0.304565 -0.926463 0.221149
vn 0.580045 -0.697186 0.421282
vn 0.421281 -0.697186 0.580046
vn 0.221148 -0.926462 0.304567
vn 0.326119 0.915196 0.236776
vn 0.086862 0.994224 0.063039
vn 0.063038 0.994224 0.086866
vn 0.236775 0.915195 0.326122
vn 0.580047 0.697185 0.421282
vn 0.326119 0.915196 0.236776
vn 0.236775 0.915195 0.326122
vn 0.421282 0.697184 0.580048
vn 0.808895 0.017486 0.587694
vn 0.749465 0.376662 0.544452
vn 0.544453 0.376661 0.749464
vn 0.587694 0.017486 0.808894
vn 0.749465 0.376662 0.544452
vn 0.580047 0.697185 0.421282
vn 0.421282 0.697184 0.580048
vn 0.544453 0.376661 0.749464
vn 0.544452 -0.376662 0.749465
vn 0.587694 -0.017486 0.808895
vn 0.323890 -0.017492 0.945933
vn 0.299823 -0.376912 0.876381
vn 0.421281 -0.697186 0.580046
vn 0.544452 -0.376662 0.749465
vn 0.299823 -0.376912 0.876381
vn 0.231551 -0.697715 0.677922
vn 0.221148 -0.926462 0.304567
vn 0.421281 -0.697186 0.580046
vn 0.231551 -0.697715 0.677922
vn 0.120248 -0.927692 0.353453
vn 0.236775 0.915195 0.326122
vn 0.063038 0.994224 0.086866
vn 0.033938 0.994418 0.099904
vn 0.129542 0.915787 0.380201
vn 0.421282 0.697184 0.580048
vn 0.236775 0.915195 0.326122
vn 0.129542 0.915787 0.380201
vn 0.231551 0.697714 0.677923
vn 0.587694 0.017486 0.808894
vn 0.544453 0.376661 0.749464
vn 0.299824 0.376912 0.876381
vn 0.323890 0.017492 0.945933
vn 0.544453 0.376661 0.749464
vn 0.421282 0.697184 0.580048
vn 0.231551 0.697714 0.677923
vn 0.299824 0.376912 0.876381
vn 0.299823 -0.376912 0.876381
vn 0.323890 -0.017492 0.945933
vn 0.008663 -0.017543 0.999809
vn 0.007890 -0.378780 0.925453
vn 0.231551 -0.697715 0.677922
vn 0.299823 -0.376912 0.876381
vn 0.007890 -0.378780 0.925453
vn 0.005893 -0.701504 0.712641
vn 0.120248 -0.927692 0.353453
vn 0.231551 -0.697715 0.677922
vn 0.005893 -0.701504 0.712641
vn 0.002812 -0.934461 0.356054
vn 0.129542 0.915787 0.380201
vn 0.033938 0.994418 0.099904
vn 0.000718 0.995456 0.095220
vn 0.003105 0.919817 0.392336
vn 0.231551 0.697714 0.677923
vn 0.129542 0.915787 0.380201
vn 0.003105 0.919817 0.392336
vn 0.005893 0.701502 0.712643
vn 0.323890 0.017492 0.945933
vn 0.299824 0.376912 0.876381
vn 0.007890 0.378780 0.925453
vn 0.008663 0.017543 0.999809
vn 0.299824 0.376912 0.876381
vn 0.231551 0.697714 0.677923
vn 0.005893 0.701502 0.712643
vn 0.007890 0.378780 0.925453
vn 0.007890 -0.378780 0.925453
vn 0.008663 -0.017543 0.999809
vn -0.008663 -0.017543 0.999809
vn -0.007889 -0.378780 0.925453
vn 0.005893 -0.701504 0.712641
vn 0.007890 -0.378780 0.925453
vn -0.007889 -0.378780 0.925453
vn -0.005892 -0.701504 0.712641
vn 0.002812 -0.934461 0.356054
vn 0.005893 -0.701504 0.712641
vn -0.005892 -0.701504 0.712641
vn -0.002812 -0.934462 0.356053
vn 0.003105 0.919817 0.392336
vn 0.000718 0.995456 0.095220
vn -0.000717 0.995456 0.095220
vn -0.003105 0.919817 0.392336
vn 0.005893 0.701502 0.712643
vn 0.003105 0.919817 0.392336
vn -0.003105 0.919817 0.392336
vn -0.005892 0.701502 0.712643
vn 0.008663 0.017543 0.999809
vn 0.007890 0.378780 0.925453
vn -0.007889 0.378780 0.925453
vn -0.008663 0.017543 0.999809
vn 0.007890 0.378780 0.925453
vn 0.005893 0.701502 0.712643
vn -0.005892 0.701502 0.712643
vn -0.007889 0.378780 0.925453
vn -0.007889 -0.378780 0.925453
vn -0.008663 -0.017543 0.999809
vn -0.323891 -0.017492 0.945933
vn -0.299824 -0.376910 0.876381
vn -0.005892 -0.701504 0.712641
vn -0.007889 -0.378780 0.925453
vn -0.299824 -0.376910 0.876381
vn -0.231552 -0.697716 0.677921
vn -0.002812 -0.934462 0.356053
vn -0.005892 -0.701504 0.712641
vn -0.231552 -0.697716 0.677921
vn -0.120249 -0.927693 0.353449
vn -0.003105 0.919817 0.392336
vn -0.000717 0.995456 0.095220
vn -0.033938 0.994418 0.099903
vn -0.129542 0.915787 0.380202
vn -0.005892 0.701502 0.712643
vn -0.003105 0.919817 0.392336
vn -0.129542 0.915787 0.380202
vn -0.231552 0.697714 0.677923
vn -0.008663 0.017543 0.999809
vn -0.007889 0.378780 0.925453
vn -0.299825 0.376911 0.876381
vn -0.323891 0.017492 0.945933
vn -0.007889 0.378780 0.925453
vn -0.005892 0.701502 0.712643
vn -0.231552 0.697714 0.677923
vn -0.299825 0.376911 0.876381
vn -0.299824 -0.376910 0.876381
vn -0.323891 -0.017492 0.945933
vn -0.587694 -0.017486 0.808894
vn -0.544453 -0.376662 0.749464
vn -0.231552 -0.697716 0.677921
vn -0.299824 -0.376910 0.876381
vn -0.544453 -0.376662 0.749464
vn -0.421282 -0.697187 0.580045
vn -0.120249 -0.927693 0.353449
vn -0.231552 -0.697716 0.677921
vn -0.421282 -0.697187 0.580045
vn -0.221148 -0.926463 0.304565
vn -0.129542 0.915787 0.380202
vn -0.033938 0.994418 0.099903
vn -0.063038 0.994224 0.086864
vn -0.236775 0.915195 0.326123
vn -0.231552 0.697714 0.677923
vn -0.129542 0.915787 0.380202
vn -0.236775 0.915195 0.326123
vn -0.421281 0.697184 0.580048
vn -0.323891 0.017492 0.945933
vn -0.299825 0.376911 0.876381
vn -0.544453 0.376662 0.749464
vn -0.587694 0.017486 0.808894
vn -0.299825 0.376911 0.876381
vn -0.231552 0.697714 0.677923
vn -0.421281 0.697184 0.580048
vn -0.544453 0.376662 0.749464
vn -0.544453 -0.376662 0.749464
vn -0.587694 -0.017486 0.808894
vn -0.808894 -0.017486 0.587694
vn -0.749465 -0.376663 0.544452
vn -0.421282 -0.697187 0.580045
vn -0.544453 -0.376662 0.749464
vn -0.749465 -0.376663 0.544452
vn -0.580046 -0.697187 0.421281
vn -0.221148 -0.926463 0.304565
vn -0.421282 -0.697187 0.580045
vn -0.580046 -0.697187 0.421281
vn -0.304565 -0.926463 0.221149
vn -0.236775 0.915195 0.326123
vn -0.063038 0.994224 0.086864
vn -0.086862 0.994224 0.063037
vn -0.326119 0.915196 0.236776
vn -0.421281 0.697184 0.580048
vn -0.236775 0.915195 0.326123
vn -0.326119 0.915196 0.236776
vn -0.580046 0.697185 0.421283
vn -0.587694 0.017486 0.808894
vn -0.544453 0.376662 0.749464
vn -0.749465 0.376662 0.544452
vn -0.808895 0.017486 0.587694
vn -0.544453 0.376662 0.749464
vn -0.421281 0.697184 0.580048
vn -0.580046 0.697185 0.421283
vn -0.749465 0.376662 0.544452
vn -0.749465 -0.376663 0.544452
vn -0.808894 -0.017486 0.587694
vn -0.945933 -0.017492 0.323890
vn -0.876380 -0.376914 0.299824
vn -0.580046 -0.697187 0.421281
vn -0.749465 -0.376663 0.544452
vn -0.876380 -0.376914 0.299824
vn -0.677921 -0.697717 0.231550
vn -0.304565 -0.926463 0.221149
vn -0.580046 -0.697187 0.421281
vn -0.677921 -0.697717 0.231550
vn -0.353451 -0.927692 0.120248
vn -0.326119 0.915196 0.236776
vn -0.086862 0.994224 0.063037
vn -0.099904 0.994418 0.033937
vn -0.380199 0.915788 0.129543
vn -0.580046 0.697185 0.421283
vn -0.326119 0.915196 0.236776
vn -0.380199 0.915788 0.129543
vn -0.677922 0.697715 0.231552
vn -0.808895 0.017486 0.587694
vn -0.749465 0.376662 0.544452
vn -0.876380 0.376913 0.299824
vn -0.945933 0.017492 0.323890
vn -0.749465 0.376662 0.544452
vn -0.580046 0.697185 0.421283
vn -0.677922 0.697715 0.231552
vn -0.876380 0.376913 0.299824
vn -0.999809 -0.017543 0.008663
vn -0.925453 -0.378781 0.007890
vn -0.876380 -0.376914 0.299824
vn -0.945933 -0.017492 0.323890
vn -0.925453 -0.378781 0.007890
vn -0.712642 -0.701503 0.005892
vn -0.677921 -0.697717 0.231550
vn -0.876380 -0.376914 0.299824
vn -0.712642 -0.701503 0.005892
vn -0.356055 -0.934461 0.002812
vn -0.353451 -0.927692 0.120248
vn -0.677921 -0.697717 0.231550
vn -0.095219 0.995456 0.000718
vn -0.392334 0.919818 0.003105
vn -0.380199 0.915788 0.129543
vn -0.099904 0.994418 0.033937
vn -0.392334 0.919818 0.003105
vn -0.712643 0.701502 0.005893
vn -0.677922 0.697715 0.231552
vn -0.380199 0.915788 0.129543
vn -0.712643 0.701502 0.005893
vn -0.925453 0.378781 0.007890
vn -0.876380 0.376913 0.299824
vn -0.677922 0.697715 0.231552
vn -0.925453 0.378781 0.007890
vn -0.999809 0.017543 0.008663
vn -0.945933 0.017492 0.323890
vn -0.876380 0.376913 0.299824
vn 0.662516 -0.749034 -0.004415
vn 0.662516 -0.749034 -0.004417
vn 0.624136 -0.753311 -0.207306
vn 0.624141 -0.753311 -0.207293
vn 0.662516 -0.749034 -0.004417
vn 0.662516 -0.749034 -0.004415
vn 0.662517 -0.749034 0.004415
vn 0.662516 -0.749034 0.004417
vn 0.662516 -0.749034 0.004417
vn 0.662517 -0.749034 0.004415
vn 0.624141 -0.753312 0.207291
vn 0.624136 -0.753312 0.207305
vn 0.624136 -0.753312 0.207305
vn 0.624141 -0.753312 0.207291
vn 0.531758 -0.753764 0.386101
vn 0.531758 -0.753764 0.386101
vn 0.531758 -0.753764 0.386101
vn 0.531758 -0.753764 0.386101
vn 0.386100 -0.753765 0.531757
vn 0.386100 -0.753765 0.531757
vn 0.386100 -0.753765 0.531757
vn 0.386100 -0.753765 0.531757
vn 0.207291 -0.753311 0.624141
vn 0.207304 -0.753312 0.624137
vn 0.207304 -0.753312 0.624137
vn 0.207291 -0.753311 0.624141
vn 0.004415 -0.749035 0.662516
vn 0.004417 -0.749035 0.662516
vn 0.004417 -0.749035 0.662516
vn 0.004415 -0.749035 0.662516
vn -0.004415 -0.749035 0.662515
vn -0.004416 -0.749035 0.662515
vn -0.004416 -0.749035 0.662515
vn -0.004415 -0.749035 0.662515
vn -0.207292 -0.753315 0.624137
vn -0.207306 -0.753315 0.624132
vn -0.207306 -0.753315 0.624132
vn -0.207292 -0.753315 0.624137
vn -0.386101 -0.753767 0.531753
vn -0.386100 -0.753767 0.531754
vn -0.386100 -0.753767 0.531754
vn -0.386101 -0.753767 0.531753
vn -0.531757 -0.753764 0.386102
vn -0.531757 -0.753764 0.386102
vn -0.531757 -0.753764 0.386102
vn -0.531757 -0.753764 0.386102
vn -0.624138 -0.753313 0.207294
vn -0.624134 -0.753313 0.207308
vn -0.624134 -0.753313 0.207308
vn -0.624138 -0.753313 0.207294
vn -0.662514 -0.749036 0.004416
vn -0.662514 -0.749037 0.004417
vn -0.662514 -0.749037 0.004417
vn -0.662514 -0.749036 0.004416
vn -0.662514 -0.749036 -0.004415
vn -0.662514 -0.749036 -0.004417
vn -0.662514 -0.749036 -0.004417
vn -0.662514 -0.749036 -0.004415
vn -0.624141 -0.753310 -0.207295
vn -0.624137 -0.753310 -0.207308
vn -0.624137 -0.753310 -0.207308
vn -0.624141 -0.753310 -0.207295
vn -0.531761 -0.753759 -0.386106
vn -0.531761 -0.753759 -0.386106
vn -0.531761 -0.753759 -0.386106
vn -0.531761 -0.753759 -0.386106
vn -0.386102 -0.753759 -0.531763
vn -0.386103 -0.753759 -0.531763
vn -0.386103 -0.753759 -0.531763
vn -0.386102 -0.753759 -0.531763
vn -0.207295 -0.753309 -0.624143
vn -0.207308 -0.753309 -0.624139
vn -0.207308 -0.753309 -0.624139
vn -0.207295 -0.753309 -0.624143
vn -0.004416 -0.749035 -0.662516
vn -0.004417 -0.749035 -0.662516
vn -0.004417 -0.749035 -0.662516
vn -0.004416 -0.749035 -0.662516
vn 0.004415 -0.749035 -0.662516
vn 0.004417 -0.749035 -0.662516
vn 0.004417 -0.749035 -0.662516
vn 0.004415 -0.749035 -0.662516
vn 0.207295 -0.753311 -0.624141
vn 0.207308 -0.753311 -0.624136
vn 0.207308 -0.753311 -0.624136
vn 0.207295 -0.753311 -0.624141
vn 0.386102 -0.753760 -0.531762
vn 0.386102 -0.753760 -0.531762
vn 0.386102 -0.753760 -0.531762
vn 0.386102 -0.753760 -0.531762
vn 0.531761 -0.753760 -0.386104
vn 0.531761 -0.753760 -0.386104
vn 0.531761 -0.753760 -0.386104
vn 0.531761 -0.753760 -0.386104
vn 0.624141 -0.753311 -0.207293
vn 0.624136 -0.753311 -0.207306
vn -0.356055 -0.934461 0.002812
vn -0.356055 -0.934461 -0.002812
vn -0.121264 -0.992620 -0.000905
vn -0.121264 -0.992620 0.000905
vn -0.356055 -0.934461 -0.002812
vn -0.353452 -0.927692 -0.120249
vn -0.115589 -0.992526 -0.039143
vn -0.121264 -0.992620 -0.000905
vn -0.353452 -0.927692 -0.120249
vn -0.304566 -0.926462 -0.221152
vn -0.099237 -0.992452 -0.072054
vn -0.115589 -0.992526 -0.039143
vn -0.304566 -0.926462 -0.221152
vn -0.221149 -0.926462 -0.304567
vn -0.072050 -0.992451 -0.099242
vn -0.099237 -0.992452 -0.072054
vn -0.221149 -0.926462 -0.304567
vn -0.120249 -0.927692 -0.353452
vn -0.039142 -0.992525 -0.115593
vn -0.072050 -0.992451 -0.099242
vn -0.120249 -0.927692 -0.353452
vn -0.002812 -0.934461 -0.356054
vn -0.000905 -0.992620 -0.121262
vn -0.039142 -0.992525 -0.115593
vn -0.002812 -0.934461 -0.356054
vn 0.002812 -0.934461 -0.356054
vn 0.000905 -0.992620 -0.121262
vn -0.000905 -0.992620 -0.121262
vn 0.002812 -0.934461 -0.356054
vn 0.120249 -0.927693 -0.353450
vn 0.039142 -0.992526 -0.115590
vn 0.000905 -0.992620 -0.121262
vn 0.120249 -0.927693 -0.353450
vn 0.221148 -0.926464 -0.304561
vn 0.072051 -0.992452 -0.099240
vn 0.039142 -0.992526 -0.115590
vn 0.221148 -0.926464 -0.304561
vn 0.304564 -0.926463 -0.221148
vn 0.099237 -0.992452 -0.072053
vn 0.072051 -0.992452 -0.099240
vn 0.304564 -0.926463 -0.221148
vn 0.353450 -0.927693 -0.120248
vn 0.115589 -0.992526 -0.039141
vn 0.099237 -0.992452 -0.072053
vn 0.353450 -0.927693 -0.120248
vn 0.356055 -0.934461 -0.002812
vn 0.121264 -0.992620 -0.000905
vn 0.115589 -0.992526 -0.039141
vn 0.356055 -0.934461 -0.002812
vn 0.356055 -0.934461 0.002812
vn 0.121264 -0.992620 0.000905
vn 0.121264 -0.992620 -0.000905
vn 0.356055 -0.934461 0.002812
vn 0.353452 -0.927692 0.120248
vn 0.115598 -0.992524 0.039146
vn 0.121264 -0.992620 0.000905
vn 0.353452 -0.927692 0.120248
vn 0.304565 -0.926463 0.221149
vn 0.099247 -0.992450 0.072061
vn 0.115598 -0.992524 0.039146
vn 0.304565 -0.926463 0.221149
vn 0.221148 -0.926462 0.304567
vn 0.072058 -0.992450 0.099250
vn 0.099247 -0.992450 0.072061
vn 0.221148 -0.926462 0.304567
vn 0.120248 -0.927692 0.353453
vn 0.039145 -0.992525 0.115597
vn 0.072058 -0.992450 0.099250
vn 0.120248 -0.927692 0.353453
vn 0.002812 -0.934461 0.356054
vn 0.000905 -0.992620 0.121262
vn 0.039145 -0.992525 0.115597
vn 0.002812 -0.934461 0.356054
vn -0.002812 -0.934462 0.356053
vn -0.000905 -0.992620 0.121262
vn 0.000905 -0.992620 0.121262
vn -0.002812 -0.934462 0.356053
vn -0.120249 -0.927693 0.353449
vn -0.039145 -0.992525 0.115593
vn -0.000905 -0.992620 0.121262
vn -0.120249 -0.927693 0.353449
vn -0.221148 -0.926463 0.304565
vn -0.072058 -0.992450 0.099249
vn -0.039145 -0.992525 0.115593
vn -0.221148 -0.926463 0.304565
vn -0.304565 -0.926463 0.221149
vn -0.099247 -0.992450 0.072059
vn -0.072058 -0.992450 0.099249
vn -0.304565 -0.926463 0.221149
vn -0.353451 -0.927692 0.120248
vn -0.115598 -0.992525 0.039144
vn -0.099247 -0.992450 0.072059
vn -0.353451 -0.927692 0.120248
vn -0.356055 -0.934461 0.002812
vn -0.121264 -0.992620 0.000905
vn -0.115598 -0.992525 0.039144
vn 0.999979 0.000000 -0.006536
vn 0.999979 0.000000 0.006536
vn 0.999979 0.000000 0.006537
vn 0.999979 0.000000 -0.006537
vn 0.999979 0.000000 0.006536
vn 0.949102 0.000000 0.314969
vn 0.949097 0.000000 0.314984
vn 0.999979 0.000000 0.006537
vn 0.949102 0.000000 0.314969
vn 0.809224 0.000000 0.587500
vn 0.809224 0.000000 0.587500
vn 0.949097 0.000000 0.314984
vn 0.809224 0.000000 0.587500
vn 0.587501 -0.000003 0.809224
vn 0.587501 -0.000003 0.809224
vn 0.809224 0.000000 0.587500
vn 0.587501 -0.000003 0.809224
vn 0.314970 -0.000006 0.949102
vn 0.314986 -0.000006 0.949096
vn 0.587501 -0.000003 0.809224
vn 0.314970 -0.000006 0.949102
vn 0.006536 0.000005 0.999979
vn 0.006537 0.000005 0.999979
vn 0.314986 -0.000006 0.949096
vn 0.006536 0.000005 0.999979
vn -0.006536 0.000006 0.999979
vn -0.006537 0.000006 0.999979
vn 0.006537 0.000005 0.999979
vn -0.006536 0.000006 0.999979
vn -0.314969 0.000003 0.949102
vn -0.314984 0.000003 0.949097
vn -0.006537 0.000006 0.999979
vn -0.314969 0.000003 0.949102
vn -0.587502 0.000000 0.809223
vn -0.587502 0.000000 0.809223
vn -0.314984 0.000003 0.949097
vn -0.587502 0.000000 0.809223
vn -0.809224 0.000000 0.587500
vn -0.809224 0.000000 0.587500
vn -0.587502 0.000000 0.809223
vn -0.809224 0.000000 0.587500
vn -0.949102 0.000000 0.314968
vn -0.949097 0.000000 0.314983
vn -0.809224 0.000000 0.587500
vn -0.949102 0.000000 0.314968
vn -0.999979 0.000000 0.006536
vn -0.999979 0.000000 0.006537
vn -0.949097 0.000000 0.314983
vn -0.999979 0.000000 0.006536
vn -0.999979 0.000000 -0.006536
vn -0.999979 0.000000 -0.006537
vn -0.999979 0.000000 0.006537
vn -0.999979 0.000000 -0.006536
vn -0.949103 0.000000 -0.314966
vn -0.949097 0.000000 -0.314983
vn -0.999979 0.000000 -0.006537
vn -0.949103 0.000000 -0.314966
vn -0.809225 -0.000005 -0.587499
vn -0.809226 -0.000005 -0.587498
vn -0.949097 0.000000 -0.314983
vn -0.809225 -0.000005 -0.587499
vn -0.587502 -0.000007 -0.809223
vn -0.587503 -0.000007 -0.809222
vn -0.809226 -0.000005 -0.587498
vn -0.587502 -0.000007 -0.809223
vn -0.314969 0.000000 -0.949102
vn -0.314984 0.000000 -0.949097
vn -0.587503 -0.000007 -0.809222
vn -0.314969 0.000000 -0.949102
vn -0.006536 0.000011 -0.999979
vn -0.006537 0.000011 -0.999979
vn -0.314984 0.000000 -0.949097
vn -0.006536 0.000011 -0.999979
vn 0.006536 0.000011 -0.999979
vn 0.006537 0.000011 -0.999979
vn -0.006537 0.000011 -0.999979
vn 0.006536 0.000011 -0.999979
vn 0.314971 0.000005 -0.949101
vn 0.314985 0.000005 -0.949097
vn 0.006537 0.000011 -0.999979
vn 0.314971 0.000005 -0.949101
vn 0.587503 -0.000005 -0.809222
vn 0.587504 -0.000005 -0.809222
vn 0.314985 0.000005 -0.949097
vn 0.587503 -0.000005 -0.809222
vn 0.809225 -0.000003 -0.587499
vn 0.809226 -0.000003 -0.587497
vn 0.587504 -0.000005 -0.809222
vn 0.809225 -0.000003 -0.587499
vn 0.949103 0.000001 -0.314967
vn 0.949098 0.000001 -0.314982
vn 0.809226 -0.000003 -0.587497
vn 0.949103 0.000001 -0.314967
vn 0.999979 0.000000 -0.006536
vn 0.999979 0.000000 -0.006537
vn 0.949098 0.000001 -0.314982
vn -0.005888 -0.003186 0.999978
vn 0.005890 -0.003179 0.999978
vn 0.005890 -0.000000 0.999983
vn -0.005890 0.000000 0.999983
vn 0.005888 -0.003186 -0.999978
vn -0.005890 -0.003179 -0.999978
vn -0.005890 0.000000 -0.999983
vn 0.005890 0.000000 -0.999983
vn 0.999978 -0.003186 0.005888
vn 0.999978 -0.003179 -0.005890
vn 0.999983 0.000000 -0.005890
vn 0.999983 -0.000000 0.005890
vn -0.999978 -0.003186 -0.005888
vn -0.999978 -0.003179 0.005890
vn -0.999983 0.000000 0.005890
vn -0.999983 0.000000 -0.005890
vn -0.999978 -0.003179 0.005890
vn -0.951049 -0.003146 0.309024
vn -0.951057 0.000000 0.309017
vn -0.999983 0.000000 0.005890
vn -0.951049 -0.003146 0.309024
vn -0.809021 -0.003141 0.587771
vn -0.809017 0.000000 0.587785
vn -0.951057 0.000000 0.309017
vn -0.809021 -0.003141 0.587771
vn -0.587793 -0.003139 0.809005
vn -0.587785 0.000000 0.809017
vn -0.809017 0.000000 0.587785
vn -0.587793 -0.003139 0.809005
vn -0.309004 -0.003145 0.951055
vn -0.309017 0.000000 0.951056
vn -0.587785 0.000000 0.809017
vn -0.309004 -0.003145 0.951055
vn -0.005888 -0.003186 0.999978
vn -0.005890 0.000000 0.999983
vn -0.309017 0.000000 0.951056
vn 0.005890 -0.003179 0.999978
vn 0.309024 -0.003146 0.951049
vn 0.309017 -0.000000 0.951056
vn 0.005890 -0.000000 0.999983
vn 0.309024 -0.003146 0.951049
vn 0.587771 -0.003141 0.809021
vn 0.587785 0.000000 0.809017
vn 0.309017 -0.000000 0.951056
vn 0.587771 -0.003141 0.809021
vn 0.809005 -0.003139 0.587793
vn 0.809017 -0.000000 0.587786
vn 0.587785 0.000000 0.809017
vn 0.809005 -0.003139 0.587793
vn 0.951056 -0.003145 0.309004
vn 0.951057 -0.000000 0.309017
vn 0.809017 -0.000000 0.587786
vn 0.951056 -0.003145 0.309004
vn 0.999978 -0.003186 0.005888
vn 0.999983 -0.000000 0.005890
vn 0.951057 -0.000000 0.309017
vn -0.951056 -0.003145 -0.309003
vn -0.999978 -0.003186 -0.005888
vn -0.999983 0.000000 -0.005890
vn -0.951057 0.000000 -0.309016
vn -0.809005 -0.003140 -0.587793
vn -0.951056 -0.003145 -0.309003
vn -0.951057 0.000000 -0.309016
vn -0.809017 0.000000 -0.587785
vn -0.587770 -0.003141 -0.809022
vn -0.809005 -0.003140 -0.587793
vn -0.809017 0.000000 -0.587785
vn -0.587784 0.000000 -0.809018
vn -0.309024 -0.003146 -0.951049
vn -0.587770 -0.003141 -0.809022
vn -0.587784 0.000000 -0.809018
vn -0.309017 0.000000 -0.951057
vn -0.005890 -0.003179 -0.999978
vn -0.309024 -0.003146 -0.951049
vn -0.309017 0.000000 -0.951057
vn -0.005890 0.000000 -0.999983
vn 0.309003 -0.003145 -0.951056
vn 0.005888 -0.003186 -0.999978
vn 0.005890 0.000000 -0.999983
vn 0.309016 0.000000 -0.951057
vn 0.587793 -0.003140 -0.809005
vn 0.309003 -0.003145 -0.951056
vn 0.309016 0.000000 -0.951057
vn 0.587785 0.000000 -0.809017
vn 0.809022 -0.003141 -0.587771
vn 0.587793 -0.003140 -0.809005
vn 0.587785 0.000000 -0.809017
vn 0.809018 0.000000 -0.587784
vn 0.951049 -0.003146 -0.309024
vn 0.809022 -0.003141 -0.587771
vn 0.809018 0.000000 -0.587784
vn 0.951057 0.000000 -0.309017
vn 0.999978 -0.003179 -0.005890
vn 0.951049 -0.003146 -0.309024
vn 0.951057 0.000000 -0.309017
vn 0.999983 0.000000 -0.005890
vn -0.005001 -0.494555 0.869132
vn -0.005888 -0.003186 0.999978
vn -0.309004 -0.003145 0.951055
vn -0.269309 -0.487789 0.830382
vn -0.001385 -0.965944 0.258748
vn -0.002840 -0.860515 0.509417
vn -0.161465 -0.851575 0.498747
vn -0.078617 -0.966728 0.243426
vn -0.002840 -0.860515 0.509417
vn -0.005001 -0.494555 0.869132
vn -0.269309 -0.487789 0.830382
vn -0.161465 -0.851575 0.498747
vn -0.005888 -0.003186 0.999978
vn -0.005001 -0.494555 0.869132
vn 0.004997 -0.493550 0.869703
vn 0.005890 -0.003179 0.999978
vn -0.005001 -0.494555 0.869132
vn -0.002840 -0.860515 0.509417
vn 0.002807 -0.859501 0.511126
vn 0.004997 -0.493550 0.869703
vn -0.002840 -0.860515 0.509417
vn -0.001385 -0.965944 0.258748
vn 0.001335 -0.965942 0.258755
vn 0.002807 -0.859501 0.511126
vn -0.869703 -0.493550 0.004997
vn -0.999978 -0.003179 0.005890
vn -0.999978 -0.003186 -0.005888
vn -0.869132 -0.494555 -0.005001
vn -0.258756 -0.965942 0.001335
vn -0.511126 -0.859501 0.002807
vn -0.509417 -0.860515 -0.002840
vn -0.258749 -0.965944 -0.001385
vn -0.511126 -0.859501 0.002807
vn -0.869703 -0.493550 0.004997
vn -0.869132 -0.494555 -0.005001
vn -0.509417 -0.860515 -0.002840
vn -0.869132 -0.494555 -0.005001
vn -0.999978 -0.003186 -0.005888
vn -0.951056 -0.003145 -0.309003
vn -0.830382 -0.487789 -0.269309
vn -0.258749 -0.965944 -0.001385
vn -0.509417 -0.860515 -0.002840
vn -0.498747 -0.851575 -0.161465
vn -0.243426 -0.966728 -0.078617
vn -0.509417 -0.860515 -0.002840
vn -0.869132 -0.494555 -0.005001
vn -0.830382 -0.487789 -0.269309
vn -0.498747 -0.851575 -0.161465
vn -0.004997 -0.493550 -0.869703
vn -0.005890 -0.003179 -0.999978
vn 0.005888 -0.003186 -0.999978
vn 0.005001 -0.494555 -0.869132
vn -0.001335 -0.965942 -0.258755
vn -0.002807 -0.859501 -0.511126
vn 0.002840 -0.860515 -0.509417
vn 0.001385 -0.965944 -0.258748
vn -0.002807 -0.859501 -0.511126
vn -0.004997 -0.493550 -0.869703
vn 0.005001 -0.494555 -0.869132
vn 0.002840 -0.860515 -0.509417
vn 0.005001 -0.494555 -0.869132
vn 0.005888 -0.003186 -0.999978
vn 0.309003 -0.003145 -0.951056
vn 0.269309 -0.487789 -0.830382
vn 0.001385 -0.965944 -0.258748
vn 0.002840 -0.860515 -0.509417
vn 0.161465 -0.851575 -0.498747
vn 0.078617 -0.966728 -0.243426
vn 0.002840 -0.860515 -0.509417
vn 0.005001 -0.494555 -0.869132
vn 0.269309 -0.487789 -0.830382
vn 0.161465 -0.851575 -0.498747
vn 0.869132 -0.494555 0.005001
vn 0.999978 -0.003186 0.005888
vn 0.951056 -0.003145 0.309004
vn 0.830382 -0.487789 0.269309
vn 0.258749 -0.965944 0.001385
vn 0.509417 -0.860515 0.002840
vn 0.498747 -0.851575 0.161465
vn 0.243426 -0.966728 0.078617
vn 0.509417 -0.860515 0.002840
vn 0.869132 -0.494555 0.005001
vn 0.830382 -0.487789 0.269309
vn 0.498747 -0.851575 0.161465
vn 0.999978 -0.003186 0.005888
vn 0.869132 -0.494555 0.005001
vn 0.869703 -0.493550 -0.004997
vn 0.999978 -0.003179 -0.005890
vn 0.869132 -0.494555 0.005001
vn 0.509417 -0.860515 0.002840
vn 0.511126 -0.859501 -0.002807
vn 0.869703 -0.493550 -0.004997
vn 0.509417 -0.860515 0.002840
vn 0.258749 -0.965944 0.001385
vn 0.258756 -0.965942 -0.001335
vn 0.511126 -0.859501 -0.002807
vn -0.999978 -0.003179 0.005890
vn -0.869703 -0.493550 0.004997
vn -0.830415 -0.487875 0.269052
vn -0.951049 -0.003146 0.309024
vn -0.869703 -0.493550 0.004997
vn -0.511126 -0.859501 0.002807
vn -0.498935 -0.851622 0.160637
vn -0.830415 -0.487875 0.269052
vn -0.511126 -0.859501 0.002807
vn -0.258756 -0.965942 0.001335
vn -0.243695 -0.966733 0.077718
vn -0.498935 -0.851622 0.160637
vn -0.951049 -0.003146 0.309024
vn -0.830415 -0.487875 0.269052
vn -0.780903 -0.261941 0.567078
vn -0.809021 -0.003141 0.587771
vn -0.830415 -0.487875 0.269052
vn -0.498935 -0.851622 0.160637
vn -0.425468 -0.850734 0.308591
vn -0.568317 -0.711637 0.413024
vn -0.498935 -0.851622 0.160637
vn -0.243695 -0.966733 0.077718
vn -0.207188 -0.966749 0.149901
vn -0.425468 -0.850734 0.308591
vn -0.809021 -0.003141 0.587771
vn -0.780903 -0.261941 0.567078
vn -0.513430 -0.487003 0.706553
vn -0.587793 -0.003139 0.809005
vn -0.568317 -0.711637 0.413024
vn -0.425468 -0.850734 0.308591
vn -0.309326 -0.850654 0.425095
vn -0.513430 -0.487003 0.706553
vn -0.425468 -0.850734 0.308591
vn -0.207188 -0.966749 0.149901
vn -0.150730 -0.966729 0.206679
vn -0.309326 -0.850654 0.425095
vn -0.587793 -0.003139 0.809005
vn -0.513430 -0.487003 0.706553
vn -0.269309 -0.487789 0.830382
vn -0.309004 -0.003145 0.951055
vn -0.513430 -0.487003 0.706553
vn -0.309326 -0.850654 0.425095
vn -0.161465 -0.851575 0.498747
vn -0.269309 -0.487789 0.830382
vn -0.309326 -0.850654 0.425095
vn -0.150730 -0.966729 0.206679
vn -0.078617 -0.966728 0.243426
vn -0.161465 -0.851575 0.498747
vn 0.005890 -0.003179 0.999978
vn 0.004997 -0.493550 0.869703
vn 0.269052 -0.487875 0.830415
vn 0.309024 -0.003146 0.951049
vn 0.004997 -0.493550 0.869703
vn 0.002807 -0.859501 0.511126
vn 0.160637 -0.851622 0.498935
vn 0.269052 -0.487875 0.830415
vn 0.002807 -0.859501 0.511126
vn 0.001335 -0.965942 0.258755
vn 0.077718 -0.966733 0.243694
vn 0.160637 -0.851622 0.498935
vn 0.309024 -0.003146 0.951049
vn 0.269052 -0.487875 0.830415
vn 0.567078 -0.261942 0.780903
vn 0.587771 -0.003141 0.809021
vn 0.269052 -0.487875 0.830415
vn 0.160637 -0.851622 0.498935
vn 0.308591 -0.850734 0.425468
vn 0.413024 -0.711637 0.568316
vn 0.160637 -0.851622 0.498935
vn 0.077718 -0.966733 0.243694
vn 0.149901 -0.966749 0.207188
vn 0.308591 -0.850734 0.425468
vn 0.587771 -0.003141 0.809021
vn 0.567078 -0.261942 0.780903
vn 0.706553 -0.487004 0.513430
vn 0.809005 -0.003139 0.587793
vn 0.413024 -0.711637 0.568316
vn 0.308591 -0.850734 0.425468
vn 0.425095 -0.850654 0.309326
vn 0.706553 -0.487004 0.513430
vn 0.308591 -0.850734 0.425468
vn 0.149901 -0.966749 0.207188
vn 0.206679 -0.966729 0.150730
vn 0.425095 -0.850654 0.309326
vn 0.809005 -0.003139 0.587793
vn 0.706553 -0.487004 0.513430
vn 0.830382 -0.487789 0.269309
vn 0.951056 -0.003145 0.309004
vn 0.706553 -0.487004 0.513430
vn 0.425095 -0.850654 0.309326
vn 0.498747 -0.851575 0.161465
vn 0.830382 -0.487789 0.269309
vn 0.425095 -0.850654 0.309326
vn 0.206679 -0.966729 0.150730
vn 0.243426 -0.966728 0.078617
vn 0.498747 -0.851575 0.161465
vn -0.830382 -0.487789 -0.269309
vn -0.951056 -0.003145 -0.309003
vn -0.809005 -0.003140 -0.587793
vn -0.706553 -0.487003 -0.513430
vn -0.243426 -0.966728 -0.078617
vn -0.498747 -0.851575 -0.161465
vn -0.425095 -0.850654 -0.309326
vn -0.206679 -0.966729 -0.150730
vn -0.498747 -0.851575 -0.161465
vn -0.830382 -0.487789 -0.269309
vn -0.706553 -0.487003 -0.513430
vn -0.425095 -0.850654 -0.309326
vn -0.706553 -0.487003 -0.513430
vn -0.809005 -0.003140 -0.587793
vn -0.587770 -0.003141 -0.809022
vn -0.567078 -0.261940 -0.780904
vn -0.206679 -0.966729 -0.150730
vn -0.425095 -0.850654 -0.309326
vn -0.308591 -0.850735 -0.425467
vn -0.149901 -0.966749 -0.207188
vn -0.425095 -0.850654 -0.309326
vn -0.706553 -0.487003 -0.513430
vn -0.413024 -0.711638 -0.568316
vn -0.308591 -0.850735 -0.425467
vn -0.567078 -0.261940 -0.780904
vn -0.587770 -0.003141 -0.809022
vn -0.309024 -0.003146 -0.951049
vn -0.269052 -0.487875 -0.830415
vn -0.149901 -0.966749 -0.207188
vn -0.308591 -0.850735 -0.425467
vn -0.160637 -0.851622 -0.498934
vn -0.077718 -0.966733 -0.243695
vn -0.308591 -0.850735 -0.425467
vn -0.413024 -0.711638 -0.568316
vn -0.269052 -0.487875 -0.830415
vn -0.160637 -0.851622 -0.498934
vn -0.005890 -0.003179 -0.999978
vn -0.004997 -0.493550 -0.869703
vn -0.269052 -0.487875 -0.830415
vn -0.309024 -0.003146 -0.951049
vn -0.004997 -0.493550 -0.869703
vn -0.002807 -0.859501 -0.511126
vn -0.160637 -0.851622 -0.498934
vn -0.269052 -0.487875 -0.830415
vn -0.002807 -0.859501 -0.511126
vn -0.001335 -0.965942 -0.258755
vn -0.077718 -0.966733 -0.243695
vn -0.160637 -0.851622 -0.498934
vn 0.269309 -0.487789 -0.830382
vn 0.309003 -0.003145 -0.951056
vn 0.587793 -0.003140 -0.809005
vn 0.513430 -0.487004 -0.706553
vn 0.078617 -0.966728 -0.243426
vn 0.161465 -0.851575 -0.498747
vn 0.309326 -0.850654 -0.425095
vn 0.150730 -0.966729 -0.206679
vn 0.161465 -0.851575 -0.498747
vn 0.269309 -0.487789 -0.830382
vn 0.513430 -0.487004 -0.706553
vn 0.309326 -0.850654 -0.425095
vn 0.513430 -0.487004 -0.706553
vn 0.587793 -0.003140 -0.809005
vn 0.809022 -0.003141 -0.587771
vn 0.780903 -0.261941 -0.567078
vn 0.150730 -0.966729 -0.206679
vn 0.309326 -0.850654 -0.425095
vn 0.425466 -0.850735 -0.308590
vn 0.207188 -0.966749 -0.149901
vn 0.309326 -0.850654 -0.425095
vn 0.513430 -0.487004 -0.706553
vn 0.568314 -0.711640 -0.413023
vn 0.425466 -0.850735 -0.308590
vn 0.780903 -0.261941 -0.567078
vn 0.809022 -0.003141 -0.587771
vn 0.951049 -0.003146 -0.309024
vn 0.830415 -0.487876 -0.269052
vn 0.207188 -0.966749 -0.149901
vn 0.425466 -0.850735 -0.308590
vn 0.498934 -0.851622 -0.160637
vn 0.243695 -0.966733 -0.077718
vn 0.425466 -0.850735 -0.308590
vn 0.568314 -0.711640 -0.413023
vn 0.830415 -0.487876 -0.269052
vn 0.498934 -0.851622 -0.160637
vn 0.999978 -0.003179 -0.005890
vn 0.869703 -0.493550 -0.004997
vn 0.830415 -0.487876 -0.269052
vn 0.951049 -0.003146 -0.309024
vn 0.869703 -0.493550 -0.004997
vn 0.511126 -0.859501 -0.002807
vn 0.498934 -0.851622 -0.160637
vn 0.830415 -0.487876 -0.269052
vn 0.511126 -0.859501 -0.002807
vn 0.258756 -0.965942 -0.001335
vn 0.243695 -0.966733 -0.077718
vn 0.498934 -0.851622 -0.160637
vn 0.000000 -1.000000 0.000000
vn 0.000000 -1.000000 0.000000
vn 0.000000 -1.000000 0.000000
vn 0.000000 -1.000000 0.000000
vn 0.000000 -1.000000 0.000000
vn 0.000000 -1.000000 0.000000
vn 0.000000 -1.000000 0.000000
vn 0.000000 -1.000000 0.000000
vn 0.000000 -1.000000 0.000000
vn 0.000000 -1.000000 0.000000
vn 0.000000 -1.000000 0.000000
vn 0.000000 -1.000000 0.000000
vn 0.000000 -1.000000 0.000000
vn 0.000000 -1.000000 0.000000
vn 0.000000 -1.000000 0.000000
vn 0.000000 -1.000000 0.000000
vn 0.000000 -1.000000 0.000000
vn 0.000000 -1.000000 0.000000
vn 0.000000 -1.000000 0.000000
vn 0.000000 -1.000000 0.000000
vn 0.000000 -1.000000 0.000000
vn 0.000000 -1.000000 0.000000
vn 0.000000 -1.000000 0.000000
vn 0.000000 -1.000000 0.000000
vn 0.000000 -1.000000 0.000000
vn 0.000000 -1.000000 0.000000
vn 0.000000 -1.000000 0.000000
vn 0.000000 -1.000000 0.000000
vn 0.000000 -1.000000 0.000000
vn 0.000000 -1.000000 0.000000
vn 0.000000 -1.000000 0.000000
vn 0.000000 -1.000000 0.000000
vn 0.000000 -1.000000 0.000000
vn 0.000000 -1.000000 0.000000
vn 0.000000 -1.000000 0.000000
vn 0.000000 -1.000000 0.000000
vn 0.000000 -1.000000 0.000000
vn 0.000000 -1.000000 0.000000
vn 0.000000 -1.000000 0.000000
vn 0.000000 -1.000000 0.000000
vn 0.000000 -1.000000 0.000000
vn 0.000000 -1.000000 0.000000
vn 0.000000 -1.000000 0.000000
vn 0.000000 -1.000000 0.000000
vn 0.000150 1.000000 -0.000002
vn 0.000145 1.000000 -0.000003
vn 0.000214 1.000000 -0.000004
vn 0.000221 1.000000 -0.000002
vn 0.000002 1.000000 -0.000144
vn -0.000003 1.000000 -0.000143
vn -0.000004 1.000000 -0.000210
vn 0.000003 1.000000 -0.000211
vn -0.000146 1.000000 -0.000002
vn -0.000149 1.000000 0.000000
vn -0.000219 1.000000 0.000000
vn -0.000215 1.000000 -0.000003
vn 0.000002 1.000000 0.000148
vn 0.000000 1.000000 0.000147
vn 0.000000 1.000000 0.000215
vn 0.000003 1.000000 0.000217
vn 0.000145 1.000000 -0.000003
vn 0.000058 1.000000 -0.000033
vn 0.000094 1.000000 -0.000052
vn 0.000214 1.000000 -0.000004
vn 0.000058 1.000000 -0.000033
vn 0.000037 1.000000 -0.000033
vn 0.000061 1.000000 -0.000053
vn 0.000094 1.000000 -0.000052
vn 0.000037 1.000000 -0.000033
vn 0.000017 1.000000 -0.000037
vn 0.000029 1.000000 -0.000061
vn 0.000061 1.000000 -0.000053
vn 0.000017 1.000000 -0.000037
vn 0.000054 1.000000 -0.000059
vn 0.000088 1.000000 -0.000096
vn 0.000029 1.000000 -0.000061
vn 0.000054 1.000000 -0.000059
vn 0.000002 1.000000 -0.000144
vn 0.000003 1.000000 -0.000211
vn 0.000088 1.000000 -0.000096
vn -0.000003 1.000000 -0.000143
vn -0.000030 1.000000 -0.000056
vn -0.000049 1.000000 -0.000092
vn -0.000004 1.000000 -0.000210
vn -0.000030 1.000000 -0.000056
vn -0.000029 1.000000 -0.000037
vn -0.000048 1.000000 -0.000063
vn -0.000049 1.000000 -0.000092
vn -0.000029 1.000000 -0.000037
vn -0.000036 1.000000 -0.000019
vn -0.000059 1.000000 -0.000031
vn -0.000048 1.000000 -0.000063
vn -0.000036 1.000000 -0.000019
vn -0.000059 1.000000 -0.000053
vn -0.000097 1.000000 -0.000086
vn -0.000059 1.000000 -0.000031
vn -0.000059 1.000000 -0.000053
vn -0.000146 1.000000 -0.000002
vn -0.000215 1.000000 -0.000003
vn -0.000097 1.000000 -0.000086
vn 0.000200 1.000000 0.000053
vn 0.000150 1.000000 -0.000002
vn 0.000221 1.000000 -0.000002
vn 0.000326 1.000000 0.000084
vn 0.000170 1.000000 0.000132
vn 0.000200 1.000000 0.000053
vn 0.000326 1.000000 0.000084
vn 0.000277 1.000000 0.000215
vn 0.000120 1.000000 0.000168
vn 0.000170 1.000000 0.000132
vn 0.000277 1.000000 0.000215
vn 0.000196 1.000000 0.000275
vn 0.000025 1.000000 0.000173
vn 0.000120 1.000000 0.000168
vn 0.000196 1.000000 0.000275
vn 0.000040 1.000000 0.000280
vn 0.000000 1.000000 0.000147
vn 0.000025 1.000000 0.000173
vn 0.000040 1.000000 0.000280
vn 0.000000 1.000000 0.000215
vn -0.000052 1.000000 0.000199
vn 0.000002 1.000000 0.000148
vn 0.000003 1.000000 0.000217
vn -0.000084 1.000000 0.000323
vn -0.000129 1.000000 0.000167
vn -0.000052 1.000000 0.000199
vn -0.000084 1.000000 0.000323
vn -0.000213 1.000000 0.000275
vn -0.000166 1.000000 0.000121
vn -0.000129 1.000000 0.000167
vn -0.000213 1.000000 0.000275
vn -0.000273 1.000000 0.000198
vn -0.000174 1.000000 0.000028
vn -0.000166 1.000000 0.000121
vn -0.000273 1.000000 0.000198
vn -0.000284 1.000000 0.000043
vn -0.000149 1.000000 0.000000
vn -0.000174 1.000000 0.000028
vn -0.000284 1.000000 0.000043
vn -0.000219 1.000000 0.000000
vn 0.569426 0.822041 -0.001930
vn 0.569426 0.822040 -0.001914
vn 0.541107 0.825845 -0.158691
vn 0.540968 0.825849 -0.159148
vn 0.569426 0.822040 -0.001914
vn 0.569426 0.822041 -0.001930
vn 0.569436 0.822034 0.001863
vn 0.569435 0.822034 0.001887
vn 0.569435 0.822034 0.001887
vn 0.569436 0.822034 0.001863
vn 0.541613 0.825726 0.157580
vn 0.541435 0.825731 0.158166
vn 0.001901 0.822036 -0.569432
vn 0.001878 0.822035 -0.569433
vn 0.157821 0.825754 -0.541501
vn 0.158391 0.825759 -0.541327
vn 0.001878 0.822035 -0.569433
vn 0.001901 0.822036 -0.569432
vn -0.001914 0.822040 -0.569427
vn -0.001930 0.822040 -0.569426
vn -0.001930 0.822040 -0.569426
vn -0.001914 0.822040 -0.569427
vn -0.158693 0.825846 -0.541106
vn -0.159150 0.825849 -0.540966
vn -0.569432 0.822036 -0.001901
vn -0.569433 0.822036 -0.001878
vn -0.541502 0.825754 -0.157818
vn -0.541328 0.825759 -0.158388
vn -0.569433 0.822036 -0.001878
vn -0.569432 0.822036 -0.001901
vn -0.569429 0.822039 0.001904
vn -0.569428 0.822039 0.001919
vn -0.569428 0.822039 0.001919
vn -0.569429 0.822039 0.001904
vn -0.541204 0.825821 0.158488
vn -0.541068 0.825824 0.158932
vn 0.001919 0.822039 0.569429
vn 0.001904 0.822038 0.569429
vn 0.158488 0.825819 0.541206
vn 0.158932 0.825823 0.541071
vn 0.001904 0.822038 0.569429
vn 0.001919 0.822039 0.569429
vn -0.001863 0.822033 0.569436
vn -0.001887 0.822034 0.569435
vn -0.001887 0.822034 0.569435
vn -0.001863 0.822033 0.569436
vn -0.157582 0.825726 0.541613
vn -0.158167 0.825731 0.541434
vn 0.540968 0.825849 -0.159148
vn 0.541107 0.825845 -0.158691
vn 0.456370 0.825305 -0.332563
vn 0.456080 0.825305 -0.332960
vn 0.456080 0.825305 -0.332960
vn 0.456370 0.825305 -0.332563
vn 0.331903 0.825322 -0.456819
vn 0.331464 0.825322 -0.457138
vn 0.331464 0.825322 -0.457138
vn 0.331903 0.825322 -0.456819
vn 0.158391 0.825759 -0.541327
vn 0.157821 0.825754 -0.541501
vn -0.159150 0.825849 -0.540966
vn -0.158693 0.825846 -0.541106
vn -0.332558 0.825307 -0.456369
vn -0.332957 0.825307 -0.456079
vn -0.332957 0.825307 -0.456079
vn -0.332558 0.825307 -0.456369
vn -0.456815 0.825324 -0.331904
vn -0.457133 0.825325 -0.331464
vn -0.457133 0.825325 -0.331464
vn -0.456815 0.825324 -0.331904
vn -0.541328 0.825759 -0.158388
vn -0.541502 0.825754 -0.157818
vn 0.541435 0.825731 0.158166
vn 0.541613 0.825726 0.157580
vn 0.457149 0.825269 0.331581
vn 0.456834 0.825269 0.332015
vn 0.456834 0.825269 0.332015
vn 0.457149 0.825269 0.331581
vn 0.332982 0.825256 0.456153
vn 0.332585 0.825256 0.456442
vn 0.332585 0.825256 0.456442
vn 0.332982 0.825256 0.456153
vn 0.158932 0.825823 0.541071
vn 0.158488 0.825819 0.541206
vn -0.158167 0.825731 0.541434
vn -0.157582 0.825726 0.541613
vn -0.331583 0.825267 0.457151
vn -0.332017 0.825267 0.456836
vn -0.332017 0.825267 0.456836
vn -0.331583 0.825267 0.457151
vn -0.456154 0.825254 0.332986
vn -0.456443 0.825254 0.332590
vn -0.456443 0.825254 0.332590
vn -0.456154 0.825254 0.332986
vn -0.541068 0.825824 0.158932
vn -0.541204 0.825821 0.158488
vn 0.000034 1.000000 0.000000
vn 0.000034 1.000000 0.000000
vn 0.000034 1.000000 0.000000
vn 0.000034 1.000000 0.000000
vn 0.000000 1.000000 0.000000
vn 0.000000 1.000000 0.000000
vn 0.000000 1.000000 0.000000
vn 0.000000 1.000000 0.000000
vn -0.000009 1.000000 0.000000
vn -0.000009 1.000000 0.000000
vn -0.000009 1.000000 0.000000
vn -0.000009 1.000000 0.000000
vn 0.000000 1.000000 0.000000
vn 0.000000 1.000000 0.000000
vn 0.000000 1.000000 0.000000
vn 0.000000 1.000000 0.000000
vn 0.000000 1.000000 0.000000
vn 0.000000 1.000000 0.000000
vn 0.000000 1.000000 0.000000
vn 0.000000 1.000000 0.000000
vn 0.000000 1.000000 0.000000
vn 0.000000 1.000000 0.000000
vn 0.000000 1.000000 0.000000
vn 0.000000 1.000000 0.000000
vn 0.000000 1.000000 0.000000
vn 0.000000 1.000000 0.000000
vn 0.000000 1.000000 0.000000
vn 0.000000 1.000000 0.000000
vn 0.000000 1.000000 0.000000
vn 0.000000 1.000000 0.000000
vn 0.000000 1.000000 0.000000
vn 0.000000 1.000000 0.000000
vn 0.000009 1.000000 0.000000
vn 0.000009 1.000000 0.000000
vn 0.000009 1.000000 0.000000
vn 0.000009 1.000000 0.000000
vn -0.000000 1.000000 -0.000000
vn -0.000000 1.000000 -0.000000
vn -0.000000 1.000000 -0.000000
vn -0.000000 1.000000 -0.000000
vn -0.000034 1.000000 -0.000000
vn -0.000034 1.000000 -0.000000
vn -0.000034 1.000000 -0.000000
vn -0.000034 1.000000 -0.000000
s off
g Crate4_low
f 28/758/1 27/768/2 30/767/3 29/755/4
f 27/768/5 26/766/6 31/765/7 30/767/8
f 26/766/9 25/703/10 32/8/11 31/765/12
f 37/754/13 36/764/14 39/763/15 38/753/16
f 36/764/17 35/762/18 40/761/19 39/763/20
f 35/762/21 34/760/22 41/759/23 40/761/24
f 34/760/25 33/757/26 42/756/27 41/759/28
f 33/757/29 28/758/30 29/755/31 42/756/32
f 33/17/33 43/19/34 51/20/35 28/1/36
f 43/19/37 52/21/38 60/22/39 51/20/40
f 52/21/41 61/23/42 69/24/43 60/22/44
f 61/23/45 70/25/46 78/26/47 69/24/48
f 70/25/49 79/27/50 87/747/51 78/26/52
f 91/739/53 87/28/54 79/750/55 92/30/56
f 92/742/57 97/31/58 105/32/59 91/29/60
f 97/31/61 106/33/62 114/34/63 105/32/64
f 106/33/65 115/35/66 123/36/67 114/34/68
f 115/35/69 124/37/70 132/38/71 123/36/72
f 124/37/73 133/39/74 141/731/75 132/38/76
f 146/41/77 145/723/78 141/40/79 133/734/80
f 154/43/81 145/42/82 146/726/83 155/44/84
f 163/45/85 154/43/86 155/44/87 164/46/88
f 172/47/89 163/45/90 164/46/91 173/48/92
f 181/49/93 172/47/94 173/48/95 182/50/96
f 190/720/97 181/49/98 182/50/99 191/52/100
f 200/53/101 199/712/102 190/51/103 191/715/104
f 208/55/105 199/54/106 200/707/107 209/56/108
f 217/57/109 208/55/110 209/56/111 218/58/112
f 226/59/113 217/57/114 218/58/115 227/60/116
f 235/61/117 226/59/118 227/60/119 236/62/120
f 29/4/121 235/61/122 236/62/123 42/18/124
f 242/528/125 241/483/126 243/482/127 244/527/128
f 1/624/129 17/68/130 37/754/131 38/753/132
f 17/623/133 16/69/134 47/70/135 37/9/136
f 245/526/137 242/528/138 244/527/139 246/525/140
f 16/69/141 15/73/142 56/74/143 47/70/144
f 247/524/145 245/526/146 246/525/147 248/523/148
f 15/73/149 14/77/150 65/78/151 56/74/152
f 249/522/153 247/524/154 248/523/155 250/521/156
f 14/77/157 13/81/158 74/82/159 65/78/160
f 251/520/161 249/522/162 250/521/163 252/519/164
f 13/81/165 18/85/166 83/752/167 74/82/168
f 253/518/169 251/520/170 252/519/171 254/517/172
f 255/516/173 253/518/174 254/517/175 256/515/176
f 18/618/177 23/91/178 96/744/179 83/86/180
f 23/617/181 22/93/182 101/94/183 96/92/184
f 257/514/185 255/516/186 256/515/187 258/513/188
f 22/93/189 21/97/190 110/98/191 101/94/192
f 259/512/193 257/514/194 258/513/195 260/511/196
f 21/97/197 20/101/198 119/102/199 110/98/200
f 261/510/201 259/512/202 260/511/203 262/509/204
f 20/101/205 19/105/206 128/106/207 119/102/208
f 263/508/209 261/510/210 262/509/211 264/507/212
f 19/105/213 24/109/214 137/736/215 128/106/216
f 265/506/217 263/508/218 264/507/219 266/505/220
f 267/504/221 265/506/222 266/505/223 268/503/224
f 24/620/225 7/115/226 150/728/227 137/110/228
f 269/502/229 267/504/230 268/503/231 270/501/232
f 7/619/233 12/119/234 159/120/235 150/116/236
f 271/500/237 269/502/238 270/501/239 272/499/240
f 12/119/241 11/123/242 168/124/243 159/120/244
f 273/498/245 271/500/246 272/499/247 274/497/248
f 11/123/249 10/127/250 177/128/251 168/124/252
f 275/496/253 273/498/254 274/497/255 276/495/256
f 10/127/257 9/131/258 186/132/259 177/128/260
f 277/494/261 275/496/262 276/495/263 278/493/264
f 9/131/265 8/135/266 195/717/267 186/132/268
f 279/492/269 277/494/270 278/493/271 280/491/272
f 8/622/273 6/139/274 204/709/275 195/136/276
f 281/490/277 279/492/278 280/491/279 282/489/280
f 6/621/281 5/143/282 213/144/283 204/140/284
f 283/488/285 281/490/286 282/489/287 284/487/288
f 5/143/289 4/147/290 222/148/291 213/144/292
f 285/486/293 283/488/294 284/487/295 286/485/296
f 4/147/297 3/151/298 231/152/299 222/148/300
f 287/484/301 285/486/302 286/485/303 288/481/304
f 3/151/305 2/155/306 240/156/307 231/152/308
f 241/483/309 287/484/310 288/481/311 243/482/312
f 2/155/313 1/67/314 38/12/315 240/156/316
f 27/2/317 28/1/318 51/20/319 50/157/320
f 26/5/321 27/2/322 50/157/323 49/158/324
f 25/7/325 26/5/326 49/158/327 48/159/328
f 36/10/329 37/9/330 47/70/331 46/160/332
f 35/13/333 36/10/334 46/160/335 45/161/336
f 33/17/337 34/15/338 44/162/339 43/19/340
f 34/15/341 35/13/342 45/161/343 44/162/344
f 46/160/345 47/70/346 56/74/347 55/163/348
f 45/161/349 46/160/350 55/163/351 54/164/352
f 43/19/353 44/162/354 53/165/355 52/21/356
f 44/162/357 45/161/358 54/164/359 53/165/360
f 50/157/361 51/20/362 60/22/363 59/166/364
f 49/158/365 50/157/366 59/166/367 58/167/368
f 48/159/369 49/158/370 58/167/371 57/168/372
f 55/163/373 56/74/374 65/78/375 64/169/376
f 54/164/377 55/163/378 64/169/379 63/170/380
f 52/21/381 53/165/382 62/171/383 61/23/384
f 53/165/385 54/164/386 63/170/387 62/171/388
f 59/166/389 60/22/390 69/24/391 68/172/392
f 58/167/393 59/166/394 68/172/395 67/173/396
f 57/168/397 58/167/398 67/173/399 66/174/400
f 64/169/401 65/78/402 74/82/403 73/175/404
f 63/170/405 64/169/406 73/175/407 72/176/408
f 61/23/409 62/171/410 71/177/411 70/25/412
f 62/171/413 63/170/414 72/176/415 71/177/416
f 68/172/417 69/24/418 78/26/419 77/178/420
f 67/173/421 68/172/422 77/178/423 76/179/424
f 66/174/425 67/173/426 76/179/427 75/180/428
f 73/175/429 74/82/430 83/752/431 82/751/432
f 72/176/433 73/175/434 82/751/435 81/748/436
f 70/25/437 71/177/438 80/749/439 79/27/440
f 71/177/441 72/176/442 81/748/443 80/749/444
f 77/178/445 78/26/446 87/747/447 86/746/448
f 76/179/449 77/178/450 86/746/451 85/745/452
f 75/180/453 76/179/454 85/745/455 84/699/456
f 82/181/457 83/86/458 96/744/459 95/743/460
f 81/182/461 82/181/462 95/743/463 94/740/464
f 79/750/465 80/183/466 93/741/467 92/30/468
f 80/183/469 81/182/470 94/740/471 93/741/472
f 86/184/473 87/28/474 91/739/475 90/738/476
f 85/185/477 86/184/478 90/738/479 89/737/480
f 84/186/481 85/185/482 89/737/483 88/697/484
f 90/190/485 91/29/486 105/32/487 104/193/488
f 89/191/489 90/190/490 104/193/491 103/194/492
f 88/192/493 89/191/494 103/194/495 102/195/496
f 95/187/497 96/92/498 101/94/499 100/196/500
f 94/188/501 95/187/502 100/196/503 99/197/504
f 92/742/505 93/189/506 98/198/507 97/31/508
f 93/189/509 94/188/510 99/197/511 98/198/512
f 100/196/513 101/94/514 110/98/515 109/199/516
f 99/197/517 100/196/518 109/199/519 108/200/520
f 97/31/521 98/198/522 107/201/523 106/33/524
f 98/198/525 99/197/526 108/200/527 107/201/528
f 104/193/529 105/32/530 114/34/531 113/202/532
f 103/194/533 104/193/534 113/202/535 112/203/536
f 102/195/537 103/194/538 112/203/539 111/204/540
f 109/199/541 110/98/542 119/102/543 118/205/544
f 108/200/545 109/199/546 118/205/547 117/206/548
f 106/33/549 107/201/550 116/207/551 115/35/552
f 107/201/553 108/200/554 117/206/555 116/207/556
f 113/202/557 114/34/558 123/36/559 122/208/560
f 112/203/561 113/202/562 122/208/563 121/209/564
f 111/204/565 112/203/566 121/209/567 120/210/568
f 118/205/569 119/102/570 128/106/571 127/211/572
f 117/206/573 118/205/574 127/211/575 126/212/576
f 115/35/577 116/207/578 125/213/579 124/37/580
f 116/207/581 117/206/582 126/212/583 125/213/584
f 122/208/585 123/36/586 132/38/587 131/214/588
f 121/209/589 122/208/590 131/214/591 130/215/592
f 120/210/593 121/209/594 130/215/595 129/216/596
f 127/211/597 128/106/598 137/736/599 136/735/600
f 126/212/601 127/211/602 136/735/603 135/732/604
f 124/37/605 125/213/606 134/733/607 133/39/608
f 125/213/609 126/212/610 135/732/611 134/733/612
f 131/214/613 132/38/614 141/731/615 140/730/616
f 130/215/617 131/214/618 140/730/619 139/729/620
f 129/216/621 130/215/622 139/729/623 138/695/624
f 136/217/625 137/110/626 150/728/627 149/727/628
f 135/218/629 136/217/630 149/727/631 148/724/632
f 133/734/633 134/219/634 147/725/635 146/41/636
f 134/219/637 135/218/638 148/724/639 147/725/640
f 140/220/641 141/40/642 145/723/643 144/722/644
f 139/221/645 140/220/646 144/722/647 143/721/648
f 138/222/649 139/221/650 143/721/651 142/693/652
f 144/226/653 145/42/654 154/43/655 153/229/656
f 143/227/657 144/226/658 153/229/659 152/230/660
f 142/228/661 143/227/662 152/230/663 151/231/664
f 149/223/665 150/116/666 159/120/667 158/232/668
f 148/224/669 149/223/670 158/232/671 157/233/672
f 146/726/673 147/225/674 156/234/675 155/44/676
f 147/225/677 148/224/678 157/233/679 156/234/680
f 153/229/681 154/43/682 163/45/683 162/235/684
f 152/230/685 153/229/686 162/235/687 161/236/688
f 151/231/689 152/230/690 161/236/691 160/237/692
f 158/232/693 159/120/694 168/124/695 167/238/696
f 157/233/697 158/232/698 167/238/699 166/239/700
f 155/44/701 156/234/702 165/240/703 164/46/704
f 156/234/705 157/233/706 166/239/707 165/240/708
f 162/235/709 163/45/710 172/47/711 171/241/712
f 161/236/713 162/235/714 171/241/715 170/242/716
f 160/237/717 161/236/718 170/242/719 169/243/720
f 167/238/721 168/124/722 177/128/723 176/244/724
f 166/239/725 167/238/726 176/244/727 175/245/728
f 164/46/729 165/240/730 174/246/731 173/48/732
f 165/240/733 166/239/734 175/245/735 174/246/736
f 171/241/737 172/47/738 181/49/739 180/247/740
f 170/242/741 171/241/742 180/247/743 179/248/744
f 169/243/745 170/242/746 179/248/747 178/249/748
f 176/244/749 177/128/750 186/132/751 185/250/752
f 175/245/753 176/244/754 185/250/755 184/251/756
f 173/48/757 174/246/758 183/252/759 182/50/760
f 174/246/761 175/245/762 184/251/763 183/252/764
f 180/247/765 181/49/766 190/720/767 189/719/768
f 179/248/769 180/247/770 189/719/771 188/718/772
f 178/249/773 179/248/774 188/718/775 187/691/776
f 185/250/777 186/132/778 195/717/779 194/716/780
f 184/251/781 185/250/782 194/716/783 193/713/784
f 182/50/785 183/252/786 192/714/787 191/52/788
f 183/252/789 184/251/790 193/713/791 192/714/792
f 189/253/793 190/51/794 199/712/795 198/711/796
f 188/254/797 189/253/798 198/711/799 197/710/800
f 187/255/801 188/254/802 197/710/803 196/689/804
f 194/256/805 195/136/806 204/709/807 203/708/808
f 193/257/809 194/256/810 203/708/811 202/705/812
f 191/715/813 192/258/814 201/706/815 200/53/816
f 192/258/817 193/257/818 202/705/819 201/706/820
f 198/259/821 199/54/822 208/55/823 207/265/824
f 197/260/825 198/259/826 207/265/827 206/266/828
f 196/261/829 197/260/830 206/266/831 205/267/832
f 203/262/833 204/140/834 213/144/835 212/268/836
f 202/263/837 203/262/838 212/268/839 211/269/840
f 200/707/841 201/264/842 210/270/843 209/56/844
f 201/264/845 202/263/846 211/269/847 210/270/848
f 207/265/849 208/55/850 217/57/851 216/271/852
f 206/266/853 207/265/854 216/271/855 215/272/856
f 205/267/857 206/266/858 215/272/859 214/273/860
f 212/268/861 213/144/862 222/148/863 221/274/864
f 211/269/865 212/268/866 221/274/867 220/275/868
f 209/56/869 210/270/870 219/276/871 218/58/872
f 210/270/873 211/269/874 220/275/875 219/276/876
f 216/271/877 217/57/878 226/59/879 225/277/880
f 215/272/881 216/271/882 225/277/883 224/278/884
f 214/273/885 215/272/886 224/278/887 223/279/888
f 221/274/889 222/148/890 231/152/891 230/280/892
f 220/275/893 221/274/894 230/280/895 229/281/896
f 218/58/897 219/276/898 228/282/899 227/60/900
f 219/276/901 220/275/902 229/281/903 228/282/904
f 225/277/905 226/59/906 235/61/907 234/283/908
f 224/278/909 225/277/910 234/283/911 233/284/912
f 223/279/913 224/278/914 233/284/915 232/285/916
f 230/280/917 231/152/918 240/156/919 239/286/920
f 229/281/921 230/280/922 239/286/923 238/287/924
f 227/60/925 228/282/926 237/288/927 236/62/928
f 228/282/929 229/281/930 238/287/931 237/288/932
f 29/4/933 30/3/934 234/283/935 235/61/936
f 30/3/937 31/6/938 233/284/939 234/283/940
f 31/6/941 32/702/942 232/285/943 233/284/944
f 38/12/945 39/11/946 239/286/947 240/156/948
f 39/11/949 40/14/950 238/287/951 239/286/952
f 40/14/953 41/16/954 237/288/955 238/287/956
f 41/16/957 42/18/958 236/62/959 237/288/960
f 289/289/961 290/686/962 336/291/963 335/292/964
f 290/290/965 289/701/966 291/293/967 292/687/968
f 292/294/969 291/704/970 293/295/971 294/296/972
f 294/296/973 293/295/974 295/297/975 296/298/976
f 296/298/977 295/297/978 297/299/979 298/300/980
f 298/300/981 297/299/982 299/301/983 300/302/984
f 300/302/985 299/301/986 301/303/987 302/683/988
f 302/304/989 301/700/990 303/305/991 304/681/992
f 304/306/993 303/698/994 305/307/995 306/308/996
f 306/308/997 305/307/998 307/309/999 308/310/1000
f 308/310/1001 307/309/1002 309/311/1003 310/312/1004
f 310/312/1005 309/311/1006 311/313/1007 312/314/1008
f 312/314/1009 311/313/1010 313/315/1011 314/679/1012
f 314/316/1013 313/696/1014 315/317/1015 316/677/1016
f 316/318/1017 315/694/1018 317/319/1019 318/320/1020
f 318/320/1021 317/319/1022 319/321/1023 320/322/1024
f 320/322/1025 319/321/1026 321/323/1027 322/324/1028
f 322/324/1029 321/323/1030 323/325/1031 324/326/1032
f 324/326/1033 323/325/1034 325/327/1035 326/675/1036
f 326/328/1037 325/692/1038 327/329/1039 328/673/1040
f 328/330/1041 327/690/1042 329/331/1043 330/332/1044
f 330/332/1045 329/331/1046 331/333/1047 332/334/1048
f 332/334/1049 331/333/1050 333/335/1051 334/336/1052
f 334/336/1053 333/335/1054 335/292/1055 336/291/1056
f 32/8/1057 25/703/1058 291/293/1059 289/701/1060
f 25/7/1061 48/159/1062 293/295/1063 291/704/1064
f 48/159/1065 57/168/1066 295/297/1067 293/295/1068
f 57/168/1069 66/174/1070 297/299/1071 295/297/1072
f 66/174/1073 75/180/1074 299/301/1075 297/299/1076
f 75/180/1077 84/699/1078 301/303/1079 299/301/1080
f 84/186/1081 88/697/1082 303/305/1083 301/700/1084
f 88/192/1085 102/195/1086 305/307/1087 303/698/1088
f 102/195/1089 111/204/1090 307/309/1091 305/307/1092
f 111/204/1093 120/210/1094 309/311/1095 307/309/1096
f 120/210/1097 129/216/1098 311/313/1099 309/311/1100
f 129/216/1101 138/695/1102 313/315/1103 311/313/1104
f 138/222/1105 142/693/1106 315/317/1107 313/696/1108
f 142/228/1109 151/231/1110 317/319/1111 315/694/1112
f 151/231/1113 160/237/1114 319/321/1115 317/319/1116
f 160/237/1117 169/243/1118 321/323/1119 319/321/1120
f 169/243/1121 178/249/1122 323/325/1123 321/323/1124
f 178/249/1125 187/691/1126 325/327/1127 323/325/1128
f 187/255/1129 196/689/1130 327/329/1131 325/692/1132
f 196/261/1133 205/267/1134 329/331/1135 327/690/1136
f 205/267/1137 214/273/1138 331/333/1139 329/331/1140
f 214/273/1141 223/279/1142 333/335/1143 331/333/1144
f 223/279/1145 232/285/1146 335/292/1147 333/335/1148
f 232/285/1149 32/702/1150 289/289/1151 335/292/1152
f 290/290/1153 292/687/1154 244/66/1155 243/685/1156
f 292/294/1157 294/296/1158 246/72/1159 244/688/1160
f 294/296/1161 296/298/1162 248/76/1163 246/72/1164
f 296/298/1165 298/300/1166 250/80/1167 248/76/1168
f 298/300/1169 300/302/1170 252/84/1171 250/80/1172
f 300/302/1173 302/683/1174 254/88/1175 252/84/1176
f 302/304/1177 304/681/1178 256/90/1179 254/684/1180
f 304/306/1181 306/308/1182 258/96/1183 256/682/1184
f 306/308/1185 308/310/1186 260/100/1187 258/96/1188
f 308/310/1189 310/312/1190 262/104/1191 260/100/1192
f 310/312/1193 312/314/1194 264/108/1195 262/104/1196
f 312/314/1197 314/679/1198 266/112/1199 264/108/1200
f 314/316/1201 316/677/1202 268/114/1203 266/680/1204
f 316/318/1205 318/320/1206 270/118/1207 268/678/1208
f 318/320/1209 320/322/1210 272/122/1211 270/118/1212
f 320/322/1213 322/324/1214 274/126/1215 272/122/1216
f 322/324/1217 324/326/1218 276/130/1219 274/126/1220
f 324/326/1221 326/675/1222 278/134/1223 276/130/1224
f 326/328/1225 328/673/1226 280/138/1227 278/676/1228
f 328/330/1229 330/332/1230 282/142/1231 280/674/1232
f 330/332/1233 332/334/1234 284/146/1235 282/142/1236
f 332/334/1237 334/336/1238 286/150/1239 284/146/1240
f 334/336/1241 336/291/1242 288/154/1243 286/150/1244
f 336/291/1245 290/686/1246 243/65/1247 288/154/1248
f 340/663/1249 344/594/1250 277/133/1251 279/671/1252
f 360/641/1253 356/583/1254 253/87/1255 255/669/1256
f 364/633/1257 368/577/1258 265/111/1259 267/667/1260
f 352/651/1261 348/600/1262 241/64/1263 242/665/1264
f 348/653/1265 372/599/1266 287/153/1267 241/666/1268
f 372/599/1269 376/598/1270 285/149/1271 287/153/1272
f 376/598/1273 380/597/1274 283/145/1275 285/149/1276
f 380/597/1277 384/595/1278 281/141/1279 283/145/1280
f 384/595/1281 340/596/1282 279/137/1283 281/141/1284
f 344/658/1285 388/593/1286 275/129/1287 277/672/1288
f 388/593/1289 392/592/1290 273/125/1291 275/129/1292
f 392/592/1293 396/591/1294 271/121/1295 273/125/1296
f 396/591/1297 400/589/1298 269/117/1299 271/121/1300
f 400/589/1301 364/590/1302 267/113/1303 269/117/1304
f 404/587/1305 352/588/1306 242/63/1307 245/71/1308
f 408/586/1309 404/587/1310 245/71/1311 247/75/1312
f 412/585/1313 408/586/1314 247/75/1315 249/79/1316
f 416/584/1317 412/585/1318 249/79/1319 251/83/1320
f 356/643/1321 416/584/1322 251/83/1323 253/670/1324
f 420/581/1325 360/582/1326 255/89/1327 257/95/1328
f 424/580/1329 420/581/1330 257/95/1331 259/99/1332
f 428/579/1333 424/580/1334 259/99/1335 261/103/1336
f 432/578/1337 428/579/1338 261/103/1339 263/107/1340
f 368/628/1341 432/578/1342 263/107/1343 265/668/1344
f 339/661/1345 340/337/1346 384/348/1347 383/362/1348
f 337/576/1349 338/660/1350 382/365/1351 381/569/1352
f 338/660/1353 339/661/1354 383/362/1355 382/365/1356
f 340/664/1357 339/361/1358 343/657/1359 344/338/1360
f 339/361/1361 338/364/1362 342/656/1363 343/657/1364
f 338/364/1365 337/662/1366 341/567/1367 342/656/1368
f 347/648/1369 348/344/1370 352/652/1371 351/645/1372
f 345/572/1373 346/647/1374 350/646/1375 349/649/1376
f 346/647/1377 347/648/1378 351/645/1379 350/646/1380
f 351/371/1381 352/343/1382 404/353/1383 403/376/1384
f 349/375/1385 350/374/1386 402/377/1387 401/562/1388
f 350/374/1389 351/371/1390 403/376/1391 402/377/1392
f 355/638/1393 356/340/1394 360/642/1395 359/635/1396
f 353/558/1397 354/637/1398 358/636/1399 357/639/1400
f 354/637/1401 355/638/1402 359/635/1403 358/636/1404
f 359/380/1405 360/339/1406 420/357/1407 419/385/1408
f 357/574/1409 358/383/1410 418/386/1411 417/557/1412
f 358/383/1413 359/380/1414 419/385/1415 418/386/1416
f 363/631/1417 364/341/1418 400/352/1419 399/389/1420
f 361/573/1421 362/630/1422 398/392/1423 397/564/1424
f 362/630/1425 363/631/1426 399/389/1427 398/392/1428
f 364/634/1429 363/388/1430 367/627/1431 368/342/1432
f 363/388/1433 362/391/1434 366/626/1435 367/627/1436
f 362/391/1437 361/632/1438 365/553/1439 366/626/1440
f 348/654/1441 347/370/1442 371/397/1443 372/345/1444
f 347/370/1445 346/373/1446 370/398/1447 371/397/1448
f 346/373/1449 345/650/1450 369/571/1451 370/398/1452
f 372/345/1453 371/397/1454 375/400/1455 376/346/1456
f 371/397/1457 370/398/1458 374/401/1459 375/400/1460
f 370/398/1461 369/571/1462 373/570/1463 374/401/1464
f 376/346/1465 375/400/1466 379/403/1467 380/347/1468
f 375/400/1469 374/401/1470 378/404/1471 379/403/1472
f 374/401/1473 373/570/1474 377/568/1475 378/404/1476
f 380/347/1477 379/403/1478 383/362/1479 384/348/1480
f 379/403/1481 378/404/1482 382/365/1483 383/362/1484
f 378/404/1485 377/568/1486 381/569/1487 382/365/1488
f 344/659/1489 343/367/1490 387/406/1491 388/349/1492
f 343/367/1493 342/368/1494 386/407/1495 387/406/1496
f 342/368/1497 341/655/1498 385/566/1499 386/407/1500
f 388/349/1501 387/406/1502 391/409/1503 392/350/1504
f 387/406/1505 386/407/1506 390/410/1507 391/409/1508
f 386/407/1509 385/566/1510 389/565/1511 390/410/1512
f 392/350/1513 391/409/1514 395/412/1515 396/351/1516
f 391/409/1517 390/410/1518 394/413/1519 395/412/1520
f 390/410/1521 389/565/1522 393/563/1523 394/413/1524
f 396/351/1525 395/412/1526 399/389/1527 400/352/1528
f 395/412/1529 394/413/1530 398/392/1531 399/389/1532
f 394/413/1533 393/563/1534 397/564/1535 398/392/1536
f 403/376/1537 404/353/1538 408/354/1539 407/415/1540
f 401/562/1541 402/377/1542 406/416/1543 405/561/1544
f 402/377/1545 403/376/1546 407/415/1547 406/416/1548
f 407/415/1549 408/354/1550 412/355/1551 411/418/1552
f 405/561/1553 406/416/1554 410/419/1555 409/560/1556
f 406/416/1557 407/415/1558 411/418/1559 410/419/1560
f 411/418/1561 412/355/1562 416/356/1563 415/421/1564
f 409/560/1565 410/419/1566 414/422/1567 413/559/1568
f 410/419/1569 411/418/1570 415/421/1571 414/422/1572
f 356/644/1573 355/379/1574 415/421/1575 416/356/1576
f 355/379/1577 354/382/1578 414/422/1579 415/421/1580
f 354/382/1581 353/640/1582 413/559/1583 414/422/1584
f 419/385/1585 420/357/1586 424/358/1587 423/424/1588
f 417/557/1589 418/386/1590 422/425/1591 421/556/1592
f 418/386/1593 419/385/1594 423/424/1595 422/425/1596
f 423/424/1597 424/358/1598 428/359/1599 427/427/1600
f 421/556/1601 422/425/1602 426/428/1603 425/555/1604
f 422/425/1605 423/424/1606 427/427/1607 426/428/1608
f 427/427/1609 428/359/1610 432/360/1611 431/430/1612
f 425/555/1613 426/428/1614 430/431/1615 429/554/1616
f 426/428/1617 427/427/1618 431/430/1619 430/431/1620
f 368/629/1621 367/394/1622 431/430/1623 432/360/1624
f 367/394/1625 366/395/1626 430/431/1627 431/430/1628
f 366/395/1629 365/625/1630 429/554/1631 430/431/1632
f 361/390/1633 397/393/1634 429/432/1635 365/396/1636
f 397/393/1637 393/414/1638 425/429/1639 429/432/1640
f 393/414/1641 389/411/1642 421/426/1643 425/429/1644
f 389/411/1645 385/408/1646 417/387/1647 421/426/1648
f 385/408/1649 341/369/1650 357/384/1651 417/387/1652
f 341/369/1653 337/363/1654 353/381/1655 357/384/1656
f 337/363/1657 381/366/1658 413/423/1659 353/381/1660
f 381/366/1661 377/405/1662 409/420/1663 413/423/1664
f 377/405/1665 373/402/1666 405/417/1667 409/420/1668
f 373/402/1669 369/399/1670 401/378/1671 405/417/1672
f 369/399/1673 345/372/1674 349/575/1675 401/378/1676
f 17/68/1677 1/624/1678 433/616/1679 434/434/1680
f 6/139/1681 8/622/1682 436/609/1683 435/436/1684
f 7/115/1685 24/620/1686 438/605/1687 437/438/1688
f 23/91/1689 18/618/1690 439/604/1691 440/440/1692
f 1/67/1693 2/155/1694 441/441/1695 433/433/1696
f 2/155/1697 3/151/1698 442/442/1699 441/441/1700
f 3/151/1701 4/147/1702 443/443/1703 442/442/1704
f 4/147/1705 5/143/1706 444/444/1707 443/443/1708
f 5/143/1709 6/621/1710 435/611/1711 444/444/1712
f 8/135/1713 9/131/1714 445/445/1715 436/435/1716
f 9/131/1717 10/127/1718 446/446/1719 445/445/1720
f 10/127/1721 11/123/1722 447/447/1723 446/446/1724
f 11/123/1725 12/119/1726 448/448/1727 447/447/1728
f 12/119/1729 7/619/1730 437/607/1731 448/448/1732
f 16/69/1733 17/623/1734 434/614/1735 449/449/1736
f 15/73/1737 16/69/1738 449/449/1739 450/450/1740
f 14/77/1741 15/73/1742 450/450/1743 451/451/1744
f 13/81/1745 14/77/1746 451/451/1747 452/452/1748
f 18/85/1749 13/81/1750 452/452/1751 439/439/1752
f 22/93/1753 23/617/1754 440/602/1755 453/453/1756
f 21/97/1757 22/93/1758 453/453/1759 454/454/1760
f 20/101/1761 21/97/1762 454/454/1763 455/455/1764
f 19/105/1765 20/101/1766 455/455/1767 456/456/1768
f 24/109/1769 19/105/1770 456/456/1771 438/437/1772
f 457/552/1773 433/433/1774 441/441/1775 465/544/1776
f 433/616/1777 457/615/1778 458/551/1779 434/434/1780
f 434/614/1781 458/613/1782 473/536/1783 449/449/1784
f 435/611/1785 459/612/1786 468/541/1787 444/444/1788
f 459/550/1789 435/436/1790 436/609/1791 460/610/1792
f 460/549/1793 436/435/1794 445/445/1795 469/540/1796
f 437/607/1797 461/608/1798 472/537/1799 448/448/1800
f 461/465/1801 437/438/1802 438/605/1803 462/606/1804
f 462/467/1805 438/437/1806 456/456/1807 480/530/1808
f 463/546/1809 439/439/1810 452/452/1811 476/534/1812
f 439/604/1813 463/603/1814 464/545/1815 440/440/1816
f 440/602/1817 464/601/1818 477/532/1819 453/453/1820
f 465/544/1821 441/441/1822 442/442/1823 466/543/1824
f 466/543/1825 442/442/1826 443/443/1827 467/542/1828
f 467/542/1829 443/443/1830 444/444/1831 468/541/1832
f 469/540/1833 445/445/1834 446/446/1835 470/539/1836
f 470/539/1837 446/446/1838 447/447/1839 471/538/1840
f 471/538/1841 447/447/1842 448/448/1843 472/537/1844
f 449/449/1845 473/536/1846 474/535/1847 450/450/1848
f 450/450/1849 474/535/1850 475/533/1851 451/451/1852
f 451/451/1853 475/533/1854 476/534/1855 452/452/1856
f 453/453/1857 477/532/1858 478/531/1859 454/454/1860
f 454/454/1861 478/531/1862 479/529/1863 455/455/1864
f 455/455/1865 479/529/1866 480/530/1867 456/456/1868
f 457/457/1869 465/458/1870 473/460/1871 458/459/1872
f 465/458/1873 466/473/1874 474/477/1875 473/460/1876
f 466/473/1877 467/474/1878 475/478/1879 474/477/1880
f 467/474/1881 468/462/1882 476/470/1883 475/478/1884
f 468/462/1885 459/461/1886 463/469/1887 476/470/1888
f 459/461/1889 460/463/1890 464/471/1891 463/469/1892
f 460/463/1893 469/464/1894 477/472/1895 464/471/1896
f 469/464/1897 470/475/1898 478/479/1899 477/472/1900
f 470/475/1901 471/476/1902 479/480/1903 478/479/1904
f 471/476/1905 472/466/1906 480/468/1907 479/480/1908
f 472/466/1909 461/548/1910 462/547/1911 480/468/1912
