# This file uses centimeters as units for non-parametric coordinates.

mtllib Cracked_Planet_UV.mtl
g default
v 2.664000 -13.801000 9.770000
v 5.513008 -13.412718 5.576804
v 0.000259 -15.203920 5.576803
v 6.454701 -10.514493 10.507556
v 7.458052 -11.243473 7.337349
v 4.609426 -9.173827 13.034599
v -1.433486 -14.798904 3.256952
v 1.420272 -15.055188 4.699186
v 0.528496 -14.708319 2.613890
v 4.115022 -13.927788 7.896651
v 1.434006 -14.798899 7.896651
v 2.886601 -14.708319 6.429382
v -1.419753 -15.055184 6.454418
v -0.522150 -14.708319 8.539712
v 8.339815 -10.027845 6.454418
v 6.574399 -12.457731 6.454418
v 7.062348 -10.955978 9.009352
v 8.285498 -9.072529 8.539712
v 4.572995 -12.518295 10.294627
v 5.649057 -12.701280 8.539712
v 5.642337 -9.924277 11.849374
v 3.941766 -11.460860 11.954296
v -1.455968 -13.931896 1.089843
v 0.688624 -15.168730 5.151369
v -0.741691 -15.097434 4.376303
v -0.502376 -14.804484 2.916253
v 0.956603 -14.952042 3.635961
v 0.073078 -15.070780 4.003450
v -1.032797 -14.409113 1.941938
v 2.165681 -14.854200 4.238499
v 1.865434 -14.726180 3.275873
v 4.935429 -13.788862 5.151369
v 4.850171 -13.762679 6.777301
v 3.534889 -14.356181 7.216207
v 3.614542 -14.480696 5.589391
v 4.269918 -14.151304 6.215293
v 3.362272 -13.931891 8.885921
v 2.081288 -14.359779 8.885921
v 2.155145 -14.804484 7.216204
v 2.789384 -14.409115 8.126357
v 0.742208 -15.097438 6.777305
v 2.163893 -14.952039 5.589392
v 1.440072 -15.070783 6.215294
v 2.892405 -14.726178 4.937543
v -0.688106 -15.168726 6.002235
v -1.439553 -15.070785 4.938312
v 0.509215 -14.804482 8.237353
v -0.956087 -14.952046 7.517643
v -0.072562 -15.070785 7.150152
v 1.611909 -13.931891 10.063762
v 1.115820 -14.409105 9.211669
v 6.049224 -12.979642 6.002235
v 8.011927 -10.703197 5.564211
v 7.918324 -10.674663 6.915107
v 7.059314 -11.856989 6.915107
v 7.571997 -11.326258 6.216057
v 8.385000 -9.554998 7.517645
v 8.770950 -8.751406 7.150154
v 7.210945 -9.319511 10.451573
v 6.774666 -10.746963 9.800691
v 7.736247 -10.026342 8.815148
v 7.505405 -9.670879 9.681245
v 7.296739 -11.126269 8.158279
v 7.889347 -10.349551 7.877736
v 5.551894 -11.602997 10.451574
v 5.107277 -12.659633 9.471437
v 6.386460 -11.884165 8.815148
v 5.977059 -11.774467 9.681244
v 3.602027 -13.239580 10.063762
v 4.871587 -13.385008 8.237353
v 4.210073 -13.376924 9.211667
v 6.138659 -12.646818 7.517645
v 5.493663 -13.262203 7.150154
v 6.741160 -11.929895 7.877736
v 2.530822 -13.239578 10.791710
v 3.067268 -12.059420 11.886390
v 3.528969 -10.750767 12.737026
v 4.281151 -12.059420 11.123686
v 3.365441 -12.738996 10.967736
v 6.086299 -10.246839 11.177421
v 4.826470 -10.750768 11.935126
v 5.220744 -11.224972 11.193878
v 5.131314 -9.553001 12.489119
v 3.888146 -9.553001 13.257444
v 4.362497 -10.201698 12.635055
v 6.176258 -8.892943 11.935126
v 6.749089 -9.121383 11.193878
v 4.747153 -8.370675 13.257444
v 5.510685 -8.621350 12.635057
v 3.849013 -8.621352 13.662025
v -0.432635 -13.502330 0.203062
v -0.454067 -13.942551 0.892233
v -1.392611 -13.487211 0.346880
v -2.354813 -13.841563 1.314604
v -2.271781 -13.404642 0.529484
v -1.960934 -14.387207 2.288530
v 0.064678 -14.385816 1.746843
v 1.179827 -14.268366 1.655648
v 1.552377 -14.515475 2.404493
v 2.527386 -14.244935 2.295502
v 2.612376 -14.459418 2.995327
v 2.771192 -14.627118 3.864274
v 5.313877 -13.434297 4.201740
v 5.971963 -12.990892 4.574844
v 4.290991 -14.128638 4.783480
v 4.683523 -13.780079 3.894412
v 3.477374 -14.459420 4.394926
v -2.071727 -14.825229 3.945985
v -2.556396 -14.489569 3.034391
v -2.075854 -14.972869 5.571206
v -2.634698 -14.792215 4.738121
v 6.512353 -12.563551 5.117291
v 7.115004 -11.938576 5.656324
v 8.298811 -10.167960 5.043191
v 8.669685 -9.366317 6.099328
v 7.645796 -11.216091 4.865800
v 7.919648 -10.670790 4.222599
v 8.925542 -8.706472 5.856109
v 9.010675 -8.099877 6.852114
v 8.963263 -7.484427 7.795472
v 8.684948 -8.215862 8.194069
v 8.471938 -7.773989 9.104656
v 8.065127 -8.666190 9.433714
v 7.697060 -8.309934 10.327883
v 7.179410 -8.169900 11.142393
v 6.519354 -8.017345 11.957883
v 5.737125 -7.827596 12.726050
v 4.837611 -7.654322 13.403807
v 3.829139 -7.827598 13.905251
v 2.966722 -7.980330 14.214658
v -0.071992 -10.606619 1.948912
v -1.633204 -10.511659 2.168525
v -1.645752 -10.711490 2.893838
v 0.344687 -10.844557 2.592818
v 1.402659 -10.983263 3.364151
v 1.072024 -10.903031 2.741929
v 1.796330 -10.846432 3.329689
v 1.926812 -10.982162 4.433190
v 4.231127 -9.773971 5.125567
v 2.932656 -10.521370 4.265502
v 2.758618 -10.644775 5.068480
v -1.875259 -10.806697 4.627340
v -2.448463 -10.839072 3.675538
v -2.483426 -11.161691 5.317104
v 5.545679 -8.058734 5.894933
v 5.023417 -8.843021 4.464406
v 5.717298 -7.636906 5.509982
v 5.748107 -6.636260 7.088383
v 5.555110 -7.317101 7.251832
v 5.155127 -7.612152 8.039728
v 5.427421 -6.824633 7.927272
v 4.996525 -7.199146 8.578414
v 3.106585 -6.727301 10.434368
v 1.740255 -6.881424 10.903848
v 1.090944 -8.197589 6.871538
v 3.148150 -7.931885 6.658996
v 4.152650 -8.634992 6.177839
v 2.462994 -8.136602 6.077547
v -1.421473 -10.361327 6.846839
v -0.512268 -8.819333 6.980436
v -0.660563 -10.294508 4.431338
v 1.028156 -10.548309 4.157510
v 1.534675 -8.648298 5.846703
v 0.710228 -9.688566 5.715843
v -0.714657 -13.288320 8.734236
v -1.469216 -13.309647 7.812185
v 0.860102 -12.489010 10.668750
v 1.422529 -12.056701 11.123304
v 2.085171 -11.201671 11.642867
v 1.933478 -9.841423 12.325507
v 1.986352 -8.969991 10.237563
v 0.846982 -9.321093 8.614656
v 0.045968 -10.068943 8.786425
v -0.191662 -10.654516 8.373362
v -0.032624 -11.251250 7.703140
v 1.082638 -10.753563 9.029779
vt 0.073506 0.005391
vt 0.078168 0.036198
vt 0.041423 0.048748
vt 0.038154 0.015925
vt 0.007919 0.060184
vt 0.005391 0.025960
vt 0.148214 0.139178
vt 0.171648 0.176579
vt 0.145179 0.197059
vt 0.115958 0.157832
vt 0.120780 0.216440
vt 0.086330 0.176363
vt 0.054546 0.136876
vt 0.088650 0.119222
vt 0.126447 0.101977
vt 0.029237 0.100083
vt 0.063163 0.082779
vt 0.103921 0.069471
vt 0.164672 0.087525
vt 0.146068 0.059372
vt 0.202216 0.076297
vt 0.209219 0.103849
vt 0.181625 0.120128
vt 0.221611 0.137610
vt 0.199219 0.155463
vt 0.376034 0.170874
vt 0.349589 0.206811
vt 0.322423 0.188235
vt 0.344757 0.153957
vt 0.293114 0.171706
vt 0.317724 0.139715
vt 0.263406 0.202829
vt 0.292201 0.227268
vt 0.318447 0.250153
vt 0.289685 0.292159
vt 0.263813 0.265462
vt 0.235611 0.236060
vt 0.263508 0.331198
vt 0.237944 0.301532
vt 0.241127 0.368109
vt 0.214865 0.332807
vt 0.186317 0.295967
vt 0.210078 0.267758
vt 0.155211 0.256488
vt 0.178757 0.232653
vt 0.204345 0.206447
vt 0.231600 0.179172
vt 0.254445 0.156417
vt 0.033011 0.166681
vt 0.009925 0.131630
vt 0.062055 0.202057
vt 0.096806 0.236411
vt 0.072093 0.259400
vt 0.040604 0.231685
vt 0.015070 0.200475
vt 0.095673 0.371981
vt 0.059209 0.341397
vt 0.097809 0.293327
vt 0.127356 0.274076
vt 0.154527 0.312582
vt 0.120249 0.326662
vt 0.180602 0.348469
vt 0.204219 0.381063
vt 0.177731 0.440594
vt 0.436688 0.221942
vt 0.402912 0.247171
vt 0.375996 0.225896
vt 0.403159 0.195129
vt 0.546698 0.268358
vt 0.515980 0.273788
vt 0.496015 0.233701
vt 0.523435 0.220431
vt 0.479165 0.201897
vt 0.507986 0.184078
vt 0.483460 0.283142
vt 0.461715 0.250142
vt 0.453128 0.292323
vt 0.429204 0.270277
vt 0.522036 0.318165
vt 0.558045 0.314027
vt 0.575374 0.267545
vt 0.586417 0.310793
vt 0.596635 0.352610
vt 0.563684 0.358985
vt 0.525680 0.361922
vt 0.525389 0.401516
vt 0.565297 0.398920
vt 0.517552 0.443212
vt 0.476173 0.432477
vt 0.480639 0.397863
vt 0.424438 0.418763
vt 0.432090 0.389117
vt 0.439484 0.357093
vt 0.483047 0.360704
vt 0.446611 0.323715
vt 0.484677 0.322160
vt 0.399145 0.340200
vt 0.385537 0.373768
vt 0.373038 0.404884
vt 0.324372 0.391732
vt 0.341181 0.358597
vt 0.360374 0.322906
vt 0.280570 0.379579
vt 0.299921 0.344854
vt 0.323364 0.307186
vt 0.348529 0.266950
vt 0.380460 0.285158
vt 0.412977 0.305010
vt 0.210728 0.463213
vt 0.244331 0.410778
vt 0.320185 0.508465
vt 0.272115 0.557770
vt 0.249517 0.499549
vt 0.280609 0.462187
vt 0.319086 0.468553
vt 0.279119 0.419318
vt 0.321407 0.428456
vt 0.367769 0.437847
vt 0.416011 0.448170
vt 0.406216 0.479419
vt 0.362468 0.473207
vt 0.395509 0.511465
vt 0.356344 0.510499
vt 0.385178 0.541453
vt 0.353838 0.546918
vt 0.446000 0.498581
vt 0.462553 0.464829
vt 0.499647 0.478797
vt 0.477479 0.515364
vt 0.452532 0.552108
vt 0.423773 0.586784
vt 0.405919 0.565534
vt 0.427629 0.532859
vt 0.369869 0.581361
vt 0.384456 0.607719
vt 0.356327 0.626052
vt 0.826020 0.015419
vt 0.778428 0.135340
vt 0.790631 0.006194
vt 0.867350 0.031179
vt 0.826163 0.155245
vt 0.934234 0.083225
vt 0.902943 0.054553
vt 0.964349 0.125470
vt 0.827021 0.174859
vt 0.755570 0.147583
vt 0.745347 0.005391
vt 0.731660 0.149823
vt 0.702525 0.019852
vt 0.712618 0.164455
vt 0.669520 0.029366
vt 0.704396 0.167152
vt 0.636317 0.050265
vt 0.680505 0.197695
vt 0.613724 0.065392
vt 0.587444 0.083712
vt 0.653545 0.433253
vt 0.689443 0.568085
vt 0.631763 0.587359
vt 0.623129 0.443377
vt 0.723300 0.428572
vt 0.706692 0.574261
vt 0.683771 0.428670
vt 0.651066 0.220309
vt 0.563343 0.105990
vt 0.759588 0.433172
vt 0.989433 0.214866
vt 0.832547 0.234219
vt 0.844291 0.202717
vt 0.976596 0.168063
vt 0.974388 0.296923
vt 0.803693 0.370803
vt 0.849104 0.253313
vt 0.982749 0.258389
vt 0.904219 0.372664
vt 0.595272 0.452877
vt 0.561440 0.462576
vt 0.471931 0.539190
vt 0.559152 0.647309
vt 0.442173 0.581382
vt 0.523581 0.484780
vt 0.588117 0.598140
vt 0.497659 0.508654
vt 0.545202 0.645196
vt 0.426884 0.604735
vt 0.409802 0.646145
vt 0.527348 0.703413
vt 0.404312 0.689562
vt 0.541504 0.709208
vt 0.408037 0.723599
vt 0.541772 0.730859
vt 0.421076 0.761519
vt 0.561484 0.740223
vt 0.436875 0.796733
vt 0.566076 0.767573
vt 0.452449 0.831432
vt 0.629027 0.843864
vt 0.468097 0.868667
vt 0.494615 0.907160
vt 0.530827 0.940705
vt 0.574004 0.966865
vt 0.621011 0.985804
vt 0.662437 0.857665
vt 0.664006 0.990247
vt 0.729009 0.833152
vt 0.749892 0.922092
vt 0.735035 0.698676
vt 0.773663 0.766276
vt 0.651899 0.695201
vt 0.618727 0.654479
vt 0.681798 0.674828
vt 0.689535 0.376312
vt 0.738216 0.364051
vt 0.781608 0.393640
vt 0.762163 0.420422
vt 0.799995 0.687755
vt 0.817269 0.766217
vt 0.779441 0.232869
vt 0.719156 0.204720
vt 0.722325 0.664137
vt 0.723434 0.284526
vt 0.669060 0.291444
vt 0.897173 0.411389
vt 0.856551 0.501174
vt 0.786681 0.442953
vt 0.835002 0.524711
vt 0.797550 0.550508
vt 0.813264 0.807578
vt 0.801662 0.910338
vn -0.102762 -0.843461 -0.527270
vn -0.087623 -0.874891 -0.476328
vn -0.146140 -0.873147 -0.465035
vn -0.143327 -0.843360 -0.517883
vn -0.146140 -0.873147 -0.465035
vn -0.190087 -0.871170 -0.452692
vn -0.197270 -0.840877 -0.503995
vn -0.143327 -0.843360 -0.517883
vn 0.093728 -0.973849 -0.206960
vn 0.149253 -0.984488 -0.092238
vn 0.072031 -0.996408 -0.044531
vn 0.004273 -0.985630 -0.168865
vn 0.072031 -0.996408 -0.044531
vn 0.000000 -1.000000 0.000000
vn -0.077587 -0.988614 -0.128926
vn 0.004273 -0.985630 -0.168865
vn -0.077587 -0.988614 -0.128926
vn -0.142048 -0.959333 -0.243930
vn -0.052343 -0.958447 -0.280426
vn 0.004273 -0.985630 -0.168865
vn -0.052343 -0.958447 -0.280426
vn 0.048164 -0.949652 -0.309582
vn 0.093728 -0.973849 -0.206960
vn 0.004273 -0.985630 -0.168865
vn -0.052343 -0.958447 -0.280426
vn -0.142048 -0.959333 -0.243930
vn -0.171649 -0.923895 -0.341985
vn -0.106361 -0.917823 -0.382475
vn -0.171649 -0.923895 -0.341985
vn -0.190087 -0.871170 -0.452692
vn -0.146140 -0.873147 -0.465035
vn -0.106361 -0.917823 -0.382475
vn -0.146140 -0.873147 -0.465035
vn -0.087623 -0.874891 -0.476328
vn -0.014345 -0.924287 -0.381429
vn -0.106361 -0.917823 -0.382475
vn -0.014345 -0.924287 -0.381429
vn 0.048164 -0.949652 -0.309582
vn -0.052343 -0.958447 -0.280426
vn -0.106361 -0.917823 -0.382475
vn 0.135601 -0.939284 -0.315211
vn 0.048164 -0.949652 -0.309582
vn -0.014345 -0.924287 -0.381429
vn 0.082435 -0.925771 -0.368990
vn 0.135601 -0.939284 -0.315211
vn 0.219728 -0.926223 -0.306319
vn 0.228997 -0.935492 -0.269102
vn 0.180601 -0.953271 -0.242194
vn 0.228997 -0.935492 -0.269102
vn 0.271161 -0.947841 -0.167537
vn 0.221986 -0.965349 -0.137196
vn 0.180601 -0.953271 -0.242194
vn 0.221986 -0.965349 -0.137196
vn 0.149253 -0.984488 -0.092238
vn 0.093728 -0.973849 -0.206960
vn 0.180601 -0.953271 -0.242194
vn 0.093728 -0.973849 -0.206960
vn 0.048164 -0.949652 -0.309582
vn 0.135601 -0.939284 -0.315211
vn 0.180601 -0.953271 -0.242194
vn 0.611857 -0.789377 -0.050148
vn 0.581801 -0.813245 0.011843
vn 0.523922 -0.851227 -0.030307
vn 0.553125 -0.828376 -0.088575
vn 0.523922 -0.851227 -0.030307
vn 0.459093 -0.886930 -0.050882
vn 0.515055 -0.850184 -0.109115
vn 0.553125 -0.828376 -0.088575
vn 0.384857 -0.922875 0.013643
vn 0.459093 -0.886930 -0.050882
vn 0.523922 -0.851227 -0.030307
vn 0.455724 -0.887061 0.073741
vn 0.523922 -0.851227 -0.030307
vn 0.581801 -0.813245 0.011843
vn 0.516200 -0.846638 0.129386
vn 0.455724 -0.887061 0.073741
vn 0.516200 -0.846638 0.129386
vn 0.440284 -0.863750 0.245125
vn 0.376964 -0.909644 0.174488
vn 0.455724 -0.887061 0.073741
vn 0.376964 -0.909644 0.174488
vn 0.307613 -0.946738 0.095193
vn 0.384857 -0.922875 0.013643
vn 0.455724 -0.887061 0.073741
vn 0.376964 -0.909644 0.174488
vn 0.440284 -0.863750 0.245125
vn 0.366583 -0.864710 0.343357
vn 0.299575 -0.916551 0.264933
vn 0.366583 -0.864710 0.343357
vn 0.204151 -0.827621 0.522845
vn 0.221672 -0.914063 0.339633
vn 0.299575 -0.916551 0.264933
vn 0.221672 -0.914063 0.339633
vn 0.151747 -0.958430 0.241629
vn 0.229926 -0.957642 0.173367
vn 0.299575 -0.916551 0.264933
vn 0.229926 -0.957642 0.173367
vn 0.307613 -0.946738 0.095193
vn 0.376964 -0.909644 0.174488
vn 0.299575 -0.916551 0.264933
vn 0.229926 -0.957642 0.173367
vn 0.151747 -0.958430 0.241629
vn 0.080056 -0.988366 0.129318
vn 0.152905 -0.985646 0.071570
vn 0.080056 -0.988366 0.129318
vn 0.000000 -1.000000 0.000000
vn 0.072031 -0.996408 -0.044531
vn 0.152905 -0.985646 0.071570
vn 0.072031 -0.996408 -0.044531
vn 0.149253 -0.984488 -0.092238
vn 0.229492 -0.973272 0.008669
vn 0.152905 -0.985646 0.071570
vn 0.229492 -0.973272 0.008669
vn 0.307613 -0.946738 0.095193
vn 0.229926 -0.957642 0.173367
vn 0.152905 -0.985646 0.071570
vn 0.229492 -0.973272 0.008669
vn 0.149253 -0.984488 -0.092238
vn 0.221986 -0.965349 -0.137196
vn 0.304377 -0.951159 -0.051487
vn 0.221986 -0.965349 -0.137196
vn 0.271161 -0.947841 -0.167537
vn 0.356715 -0.930628 -0.081770
vn 0.304377 -0.951159 -0.051487
vn 0.356715 -0.930628 -0.081770
vn 0.459093 -0.886930 -0.050882
vn 0.384857 -0.922875 0.013643
vn 0.304377 -0.951159 -0.051487
vn 0.384857 -0.922875 0.013643
vn 0.307613 -0.946738 0.095193
vn 0.229492 -0.973272 0.008669
vn 0.304377 -0.951159 -0.051487
vn -0.171649 -0.923895 -0.341985
vn -0.142048 -0.959333 -0.243930
vn -0.181933 -0.968664 -0.169085
vn -0.207459 -0.942276 -0.262825
vn -0.181933 -0.968664 -0.169085
vn -0.142048 -0.959333 -0.243930
vn -0.077587 -0.988614 -0.128926
vn -0.143512 -0.987101 -0.070963
vn -0.077587 -0.988614 -0.128926
vn 0.000000 -1.000000 0.000000
vn -0.069743 -0.996550 0.044990
vn -0.143512 -0.987101 -0.070963
vn -0.069743 -0.996550 0.044990
vn -0.556467 -0.727113 0.402059
vn -0.411488 -0.890550 0.193902
vn -0.143512 -0.987101 -0.070963
vn -0.411488 -0.890550 0.193902
vn -0.211917 -0.973238 -0.088882
vn -0.181933 -0.968664 -0.169085
vn -0.143512 -0.987101 -0.070963
vn -0.411488 -0.890550 0.193902
vn -0.556467 -0.727113 0.402059
vn -0.750023 -0.261931 0.607337
vn -0.713804 -0.442457 0.542877
vn -0.499121 -0.793276 0.348701
vn -0.556467 -0.727113 0.402059
vn -0.069743 -0.996550 0.044990
vn -0.004334 -0.985630 0.168865
vn -0.069743 -0.996550 0.044990
vn 0.000000 -1.000000 0.000000
vn 0.080056 -0.988366 0.129318
vn -0.004334 -0.985630 0.168865
vn 0.080056 -0.988366 0.129318
vn 0.151747 -0.958430 0.241629
vn -0.040992 -0.877632 0.477579
vn -0.004334 -0.985630 0.168865
vn -0.040992 -0.877632 0.477579
vn -0.395552 -0.678137 0.619410
vn -0.499121 -0.793276 0.348701
vn -0.004334 -0.985630 0.168865
vn -0.040992 -0.877632 0.477579
vn 0.151747 -0.958430 0.241629
vn 0.221672 -0.914063 0.339633
vn -0.065650 -0.804349 0.590519
vn 0.221672 -0.914063 0.339633
vn 0.204151 -0.827621 0.522845
vn -0.133287 -0.743140 0.655727
vn -0.065650 -0.804349 0.590519
vn -0.133287 -0.743140 0.655727
vn -0.362339 -0.541357 0.758712
vn -0.065650 -0.804349 0.590519
vn -0.362339 -0.541357 0.758712
vn -0.395552 -0.678137 0.619410
vn -0.040992 -0.877632 0.477579
vn -0.065650 -0.804349 0.590519
vn -0.750023 -0.261931 0.607337
vn -0.395552 -0.678137 0.619410
vn -0.362339 -0.541357 0.758712
vn -0.750023 -0.261931 0.607337
vn -0.556467 -0.727113 0.402059
vn -0.499121 -0.793276 0.348701
vn -0.499121 -0.793276 0.348701
vn -0.395552 -0.678137 0.619410
vn -0.750023 -0.261931 0.607337
vn 0.757717 -0.651691 0.034121
vn 0.698096 -0.709176 0.098651
vn 0.640978 -0.765566 0.055274
vn 0.672944 -0.739692 -0.001495
vn 0.640978 -0.765566 0.055274
vn 0.581801 -0.813245 0.011843
vn 0.611857 -0.789377 -0.050148
vn 0.672944 -0.739692 -0.001495
vn 0.919089 -0.383959 0.088604
vn 0.888452 -0.448957 0.095346
vn 0.854728 -0.519033 0.006745
vn 0.876322 -0.481180 -0.022920
vn 0.854728 -0.519033 0.006745
vn 0.829904 -0.556830 -0.034642
vn 0.851952 -0.518777 -0.071054
vn 0.876322 -0.481180 -0.022920
vn 0.854728 -0.519033 0.006745
vn 0.888452 -0.448957 0.095346
vn 0.846721 -0.513294 0.139975
vn 0.809064 -0.584570 0.060770
vn 0.846721 -0.513294 0.139975
vn 0.794666 -0.577359 0.187518
vn 0.749643 -0.646178 0.143141
vn 0.809064 -0.584570 0.060770
vn 0.749643 -0.646178 0.143141
vn 0.698096 -0.709176 0.098651
vn 0.757717 -0.651691 0.034121
vn 0.809064 -0.584570 0.060770
vn 0.757717 -0.651691 0.034121
vn 0.829904 -0.556830 -0.034642
vn 0.854728 -0.519033 0.006745
vn 0.809064 -0.584570 0.060770
vn 0.894537 -0.394377 0.210404
vn 0.888452 -0.448957 0.095346
vn 0.919089 -0.383959 0.088604
vn 0.931011 -0.320348 0.174916
vn 0.919089 -0.383959 0.088604
vn 0.943762 -0.314567 0.101793
vn 0.946702 -0.278923 0.161115
vn 0.931011 -0.320348 0.174916
vn 0.946702 -0.278923 0.161115
vn 0.945768 -0.249512 0.208004
vn 0.919182 -0.288387 0.268213
vn 0.931011 -0.320348 0.174916
vn 0.919182 -0.288387 0.268213
vn 0.882412 -0.350602 0.313732
vn 0.894537 -0.394377 0.210404
vn 0.931011 -0.320348 0.174916
vn 0.853947 -0.333222 0.399671
vn 0.882412 -0.350602 0.313732
vn 0.919182 -0.288387 0.268213
vn 0.895579 -0.279258 0.346342
vn 0.853947 -0.333222 0.399671
vn 0.797399 -0.326151 0.507721
vn 0.765791 -0.381262 0.517883
vn 0.798447 -0.412760 0.438305
vn 0.765791 -0.381262 0.517883
vn 0.688178 -0.500041 0.525710
vn 0.721792 -0.524352 0.451742
vn 0.798447 -0.412760 0.438305
vn 0.721792 -0.524352 0.451742
vn 0.752132 -0.546503 0.368283
vn 0.825478 -0.444482 0.347882
vn 0.798447 -0.412760 0.438305
vn 0.825478 -0.444482 0.347882
vn 0.882412 -0.350602 0.313732
vn 0.853947 -0.333222 0.399671
vn 0.798447 -0.412760 0.438305
vn 0.825478 -0.444482 0.347882
vn 0.752132 -0.546503 0.368283
vn 0.776598 -0.564235 0.280241
vn 0.845014 -0.472209 0.250938
vn 0.776598 -0.564235 0.280241
vn 0.794666 -0.577359 0.187518
vn 0.846721 -0.513294 0.139975
vn 0.845014 -0.472209 0.250938
vn 0.846721 -0.513294 0.139975
vn 0.888452 -0.448957 0.095346
vn 0.894537 -0.394377 0.210404
vn 0.845014 -0.472209 0.250938
vn 0.894537 -0.394377 0.210404
vn 0.882412 -0.350602 0.313732
vn 0.825478 -0.444482 0.347882
vn 0.845014 -0.472209 0.250938
vn 0.675620 -0.649127 0.349531
vn 0.752132 -0.546503 0.368283
vn 0.721792 -0.524352 0.451742
vn 0.634579 -0.635739 0.439483
vn 0.721792 -0.524352 0.451742
vn 0.688178 -0.500041 0.525710
vn 0.590720 -0.617305 0.519600
vn 0.634579 -0.635739 0.439483
vn 0.590720 -0.617305 0.519600
vn 0.493403 -0.710438 0.501827
vn 0.545564 -0.728263 0.414720
vn 0.634579 -0.635739 0.439483
vn 0.545564 -0.728263 0.414720
vn 0.598901 -0.735121 0.317672
vn 0.675620 -0.649127 0.349531
vn 0.634579 -0.635739 0.439483
vn 0.545564 -0.728263 0.414720
vn 0.493403 -0.710438 0.501827
vn 0.399811 -0.785307 0.472699
vn 0.455056 -0.803498 0.383817
vn 0.399811 -0.785307 0.472699
vn 0.204151 -0.827621 0.522845
vn 0.366583 -0.864710 0.343357
vn 0.455056 -0.803498 0.383817
vn 0.366583 -0.864710 0.343357
vn 0.440284 -0.863750 0.245125
vn 0.519567 -0.806042 0.283453
vn 0.455056 -0.803498 0.383817
vn 0.519567 -0.806042 0.283453
vn 0.598901 -0.735121 0.317672
vn 0.545564 -0.728263 0.414720
vn 0.455056 -0.803498 0.383817
vn 0.519567 -0.806042 0.283453
vn 0.440284 -0.863750 0.245125
vn 0.516200 -0.846638 0.129386
vn 0.582807 -0.794870 0.168875
vn 0.516200 -0.846638 0.129386
vn 0.581801 -0.813245 0.011843
vn 0.640978 -0.765566 0.055274
vn 0.582807 -0.794870 0.168875
vn 0.640978 -0.765566 0.055274
vn 0.698096 -0.709176 0.098651
vn 0.648749 -0.731709 0.209108
vn 0.582807 -0.794870 0.168875
vn 0.648749 -0.731709 0.209108
vn 0.598901 -0.735121 0.317672
vn 0.519567 -0.806042 0.283453
vn 0.582807 -0.794870 0.168875
vn 0.648749 -0.731709 0.209108
vn 0.698096 -0.709176 0.098651
vn 0.749643 -0.646178 0.143141
vn 0.710240 -0.657715 0.250939
vn 0.749643 -0.646178 0.143141
vn 0.794666 -0.577359 0.187518
vn 0.776598 -0.564235 0.280241
vn 0.710240 -0.657715 0.250939
vn 0.776598 -0.564235 0.280241
vn 0.752132 -0.546503 0.368283
vn 0.675620 -0.649127 0.349531
vn 0.710240 -0.657715 0.250939
vn 0.675620 -0.649127 0.349531
vn 0.598901 -0.735121 0.317672
vn 0.648749 -0.731709 0.209108
vn 0.710240 -0.657715 0.250939
vn -0.362339 -0.541357 0.758712
vn -0.133287 -0.743140 0.655727
vn -0.205744 -0.563116 0.800356
vn -0.133287 -0.743140 0.655727
vn 0.204151 -0.827621 0.522845
vn -0.015322 -0.699815 0.714160
vn -0.205744 -0.563116 0.800356
vn -0.088850 -0.456338 0.885359
vn -0.260963 -0.462988 0.847078
vn -0.358607 -0.394136 0.846202
vn -0.358607 -0.394136 0.846202
vn -0.205744 -0.563116 0.800356
vn -0.049656 -0.589034 0.806581
vn -0.049656 -0.589034 0.806581
vn 0.254216 -0.596244 0.761490
vn -0.088850 -0.456338 0.885359
vn -0.358607 -0.394136 0.846202
vn -0.049656 -0.589034 0.806581
vn -0.205744 -0.563116 0.800356
vn -0.015322 -0.699815 0.714160
vn 0.197197 -0.724572 0.660385
vn -0.015322 -0.699815 0.714160
vn 0.204151 -0.827621 0.522845
vn 0.399811 -0.785307 0.472699
vn 0.197197 -0.724572 0.660385
vn 0.399811 -0.785307 0.472699
vn 0.493403 -0.710438 0.501827
vn 0.461046 -0.661658 0.591308
vn 0.197197 -0.724572 0.660385
vn 0.461046 -0.661658 0.591308
vn 0.254216 -0.596244 0.761490
vn -0.049656 -0.589034 0.806581
vn 0.197197 -0.724572 0.660385
vn 0.461046 -0.661658 0.591308
vn 0.493403 -0.710438 0.501827
vn 0.590720 -0.617305 0.519600
vn 0.555885 -0.578562 0.596874
vn 0.590720 -0.617305 0.519600
vn 0.688178 -0.500041 0.525710
vn 0.649705 -0.471972 0.595925
vn 0.555885 -0.578562 0.596874
vn 0.649705 -0.471972 0.595925
vn 0.602915 -0.438039 0.666795
vn 0.513435 -0.531321 0.673857
vn 0.555885 -0.578562 0.596874
vn 0.513435 -0.531321 0.673857
vn 0.254216 -0.596244 0.761490
vn 0.461046 -0.661658 0.591308
vn 0.555885 -0.578562 0.596874
vn 0.513435 -0.531321 0.673857
vn 0.602915 -0.438039 0.666795
vn 0.550137 -0.399631 0.733242
vn 0.278876 -0.462250 0.841756
vn 0.550137 -0.399631 0.733242
vn 0.491142 -0.356759 0.794672
vn -0.024265 -0.390279 0.920377
vn 0.278876 -0.462250 0.841756
vn -0.024265 -0.390279 0.920377
vn -0.260963 -0.462988 0.847078
vn -0.088850 -0.456338 0.885359
vn 0.278876 -0.462250 0.841756
vn -0.088850 -0.456338 0.885359
vn 0.254216 -0.596244 0.761490
vn 0.513435 -0.531321 0.673857
vn 0.278876 -0.462250 0.841756
vn 0.658826 -0.335289 0.673446
vn 0.602915 -0.438039 0.666795
vn 0.649705 -0.471972 0.595925
vn 0.716317 -0.361455 0.596859
vn 0.649705 -0.471972 0.595925
vn 0.688178 -0.500041 0.525710
vn 0.765791 -0.381262 0.517883
vn 0.716317 -0.361455 0.596859
vn 0.765791 -0.381262 0.517883
vn 0.797399 -0.326151 0.507721
vn 0.746872 -0.303095 0.591875
vn 0.716317 -0.361455 0.596859
vn 0.746872 -0.303095 0.591875
vn 0.682079 -0.281475 0.674937
vn 0.658826 -0.335289 0.673446
vn 0.716317 -0.361455 0.596859
vn 0.603355 -0.255943 0.755285
vn 0.510018 -0.242281 0.825337
vn 0.505140 -0.277262 0.817288
vn 0.592781 -0.302632 0.746341
vn 0.505140 -0.277262 0.817288
vn 0.491142 -0.356759 0.794672
vn 0.550137 -0.399631 0.733242
vn 0.592781 -0.302632 0.746341
vn 0.550137 -0.399631 0.733242
vn 0.602915 -0.438039 0.666795
vn 0.658826 -0.335289 0.673446
vn 0.592781 -0.302632 0.746341
vn 0.658826 -0.335289 0.673446
vn 0.682079 -0.281475 0.674937
vn 0.603355 -0.255943 0.755285
vn 0.592781 -0.302632 0.746341
vn -0.260963 -0.462988 0.847078
vn -0.024265 -0.390279 0.920377
vn 0.124715 -0.512170 0.849781
vn -0.024265 -0.390279 0.920377
vn 0.491142 -0.356759 0.794672
vn 0.505140 -0.277262 0.817288
vn 0.124715 -0.512170 0.849781
vn 0.505140 -0.277262 0.817288
vn 0.510018 -0.242281 0.825337
vn 0.164872 -0.532643 0.830126
vn 0.124715 -0.512170 0.849781
vn 0.164872 -0.532643 0.830126
vn 0.025911 -0.632005 0.774531
vn -0.260963 -0.462988 0.847078
vn 0.124715 -0.512170 0.849781
vn 0.994099 -0.102761 -0.034763
vn 0.872708 0.049413 -0.485736
vn 0.914613 0.019442 -0.403863
vn -0.105912 0.516499 -0.849712
vn -0.101543 0.517637 -0.849553
vn -0.099804 0.518125 -0.849462
vn -0.099804 0.518125 -0.849462
vn -0.977925 0.208574 0.012635
vn -0.977925 0.208574 0.012635
vn -0.977925 0.208574 0.012635
vn -0.128712 0.510180 -0.850382
vn -0.101543 0.517637 -0.849553
vn -0.105912 0.516499 -0.849712
vn -0.962761 0.089302 0.255180
vn -0.962761 0.089302 0.255180
vn -0.962761 0.089302 0.255180
vn -0.962761 0.089302 0.255180
vn 0.914613 0.019442 -0.403863
vn 0.872708 0.049413 -0.485736
vn 0.858547 0.058203 -0.509421
vn 0.858547 0.058203 -0.509421
vn 0.021639 0.268795 -0.962954
vn 0.021639 0.268795 -0.962954
vn 0.021639 0.268795 -0.962954
vn 0.021639 0.268795 -0.962954
vn 0.893421 0.158070 -0.420492
vn 0.893421 0.158070 -0.420492
vn 0.893421 0.158070 -0.420492
vn 0.893421 0.158070 -0.420492
vn -0.174678 0.251655 -0.951923
vn -0.174678 0.251655 -0.951923
vn -0.174678 0.251655 -0.951923
vn -0.174678 0.251655 -0.951923
vn 0.971433 0.226078 -0.072155
vn 0.971433 0.226078 -0.072155
vn 0.970761 0.227468 -0.076697
vn 0.968840 0.231108 -0.089092
vn 0.968840 0.231108 -0.089092
vn 0.970761 0.227468 -0.076697
vn 0.961478 0.242804 -0.128864
vn 0.343378 0.313832 -0.885212
vn 0.351849 0.323435 -0.878403
vn 0.363691 0.330087 -0.871075
vn 0.380095 0.340415 -0.860027
vn -0.843478 -0.373058 -0.386488
vn -0.843478 -0.373058 -0.386488
vn -0.843478 -0.373058 -0.386488
vn -0.843478 -0.373058 -0.386488
vn 0.300692 0.265807 -0.915932
vn 0.351849 0.323435 -0.878403
vn 0.343378 0.313832 -0.885212
vn 0.532807 0.246489 -0.809543
vn 0.532807 0.246489 -0.809543
vn 0.517895 0.245121 -0.819573
vn 0.483492 0.241884 -0.841266
vn 0.483492 0.241884 -0.841266
vn 0.517895 0.245121 -0.819573
vn 0.343569 0.225638 -0.911618
vn -0.871987 -0.049293 0.487042
vn -0.871987 -0.049293 0.487042
vn -0.871987 -0.049293 0.487042
vn -0.871987 -0.049293 0.487042
vn -0.740316 0.154076 -0.654365
vn -0.740316 0.154076 -0.654365
vn -0.740316 0.154076 -0.654365
vn -0.740316 0.154076 -0.654365
vn -0.731429 -0.032811 0.681128
vn -0.731429 -0.032811 0.681128
vn -0.731429 -0.032811 0.681128
vn -0.731429 -0.032811 0.681128
vn -0.791460 0.134241 -0.596297
vn -0.791460 0.134241 -0.596297
vn -0.791460 0.134241 -0.596297
vn -0.791460 0.134241 -0.596297
vn -0.809443 0.554737 -0.192533
vn -0.809443 0.554737 -0.192533
vn -0.809443 0.554737 -0.192533
vn 0.442504 0.364277 -0.819447
vn 0.363691 0.330087 -0.871075
vn 0.409028 0.336965 -0.848028
vn 0.380095 0.340415 -0.860027
vn 0.363691 0.330087 -0.871075
vn 0.442504 0.364277 -0.819447
vn 0.377258 0.714777 -0.588872
vn 0.385076 0.718390 -0.579338
vn 0.331487 0.691790 -0.641517
vn -0.306489 -0.521202 -0.796500
vn -0.282666 -0.506576 -0.814544
vn -0.429584 -0.590277 -0.683397
vn 0.392627 0.721799 -0.569956
vn 0.392627 0.721799 -0.569956
vn 0.385076 0.718390 -0.579338
vn 0.377258 0.714777 -0.588872
vn -0.274145 -0.501255 -0.820724
vn -0.274145 -0.501255 -0.820724
vn -0.282666 -0.506576 -0.814544
vn -0.306489 -0.521202 -0.796500
vn -0.100083 -0.469773 -0.877096
vn -0.100083 -0.469773 -0.877096
vn -0.100083 -0.469773 -0.877096
vn -0.100083 -0.469773 -0.877096
vn 0.320843 0.796522 -0.512457
vn 0.321191 0.798123 -0.509742
vn 0.321141 0.797937 -0.510064
vn 0.321141 0.797937 -0.510064
vn 0.321191 0.798123 -0.509742
vn 0.321224 0.798282 -0.509471
vn 0.321224 0.798282 -0.509471
vn -0.124807 0.402532 0.906858
vn -0.124807 0.402532 0.906858
vn -0.124807 0.402532 0.906858
vn -0.124807 0.402532 0.906858
vn 0.386932 0.828437 -0.404939
vn 0.386932 0.828437 -0.404939
vn 0.386932 0.828437 -0.404939
vn 0.386932 0.828437 -0.404939
vn -0.271487 0.345777 0.898183
vn -0.271487 0.345777 0.898183
vn -0.271487 0.345777 0.898183
vn -0.271487 0.345777 0.898183
vn 0.475862 0.835833 -0.273748
vn 0.475862 0.835833 -0.273748
vn 0.374958 0.926789 -0.021640
vn 0.379505 0.924650 -0.031590
vn 0.379505 0.924650 -0.031590
vn 0.374958 0.926789 -0.021640
vn 0.163008 0.966787 0.196855
vn 0.325584 0.942200 0.079084
vn 0.325584 0.942200 0.079084
vn 0.163008 0.966787 0.196855
vn 0.318776 0.943997 0.085157
vn 0.301848 0.947204 0.108134
vn 0.163008 0.966787 0.196855
vn 0.134540 0.965492 0.222991
vn 0.318776 0.943997 0.085157
vn 0.163008 0.966787 0.196855
vn 0.301848 0.947204 0.108134
vn 0.134540 0.965492 0.222991
vn 0.163008 0.966787 0.196855
vn -0.018771 0.950058 0.311507
vn -0.018771 0.950058 0.311507
vn 0.163008 0.966787 0.196855
vn -0.020968 0.949262 0.313785
vn -0.020968 0.949262 0.313785
vn -0.972529 0.046116 0.228169
vn -0.972529 0.046116 0.228169
vn -0.972529 0.046116 0.228169
vn -0.972529 0.046116 0.228169
vn -0.539099 0.741913 -0.398670
vn -0.913996 0.336701 -0.226370
vn -0.958811 0.249835 -0.135142
vn -0.958811 0.249835 -0.135142
vn -0.539099 0.741913 -0.398670
vn -0.127209 0.913380 -0.386723
vn -0.869518 0.398133 -0.292281
vn -0.913996 0.336701 -0.226370
vn -0.744455 0.621814 -0.243176
vn -0.236114 0.967562 0.089855
vn -0.561789 0.749734 0.349703
vn -0.675552 0.614480 -0.407486
vn -0.168547 0.950023 -0.262771
vn -0.744455 0.621814 -0.243176
vn -0.814209 0.439869 -0.378919
vn -0.539099 0.741913 -0.398670
vn -0.134788 0.832537 -0.537321
vn -0.168547 0.950023 -0.262771
vn -0.127209 0.913380 -0.386723
vn -0.006227 0.936228 -0.351337
vn -0.127209 0.913380 -0.386723
vn -0.168547 0.950023 -0.262771
vn -0.675552 0.614480 -0.407486
vn -0.168547 0.950023 -0.262771
vn -0.073955 0.941783 -0.327988
vn -0.236114 0.967562 0.089855
vn -0.744455 0.621814 -0.243176
vn -0.351976 0.658262 -0.665435
vn -0.134788 0.832537 -0.537321
vn -0.539099 0.741913 -0.398670
vn -0.631120 0.663778 -0.401356
vn -0.351976 0.658262 -0.665435
vn -0.073955 0.941783 -0.327988
vn -0.168547 0.950023 -0.262771
vn -0.134788 0.832537 -0.537321
vn -0.697576 0.682925 -0.216797
vn -0.924337 -0.205201 -0.321705
vn -0.929243 -0.217455 0.298700
vn -0.714531 0.394638 0.577673
vn -0.561789 0.749734 0.349703
vn -0.697576 0.682925 -0.216797
vn -0.714531 0.394638 0.577673
vn 0.093550 0.983206 -0.156700
vn -0.036715 0.997930 -0.052799
vn -0.159174 0.987247 -0.002716
vn 0.175778 0.924584 -0.338004
vn 0.101761 0.955893 0.275524
vn 0.101761 0.955893 0.275524
vn -0.036715 0.997930 -0.052799
vn 0.093550 0.983206 -0.156700
vn -0.290658 0.928223 0.232208
vn -0.159174 0.987247 -0.002716
vn -0.036715 0.997930 -0.052799
vn -0.296438 0.954962 0.013123
vn -0.966687 -0.165021 -0.195663
vn -0.159174 0.987247 -0.002716
vn -0.290658 0.928223 0.232208
vn -0.285523 0.909371 0.302524
vn -0.161147 0.534743 -0.829507
vn -0.073955 0.941783 -0.327988
vn -0.351976 0.658262 -0.665435
vn -0.290029 0.542123 -0.788661
vn 0.093550 0.983206 -0.156700
vn 0.175778 0.924584 -0.338004
vn 0.268752 0.945928 -0.181640
vn 0.285850 0.931590 -0.224566
vn 0.268752 0.945928 -0.181640
vn 0.175778 0.924584 -0.338004
vn 0.091747 0.727691 -0.679741
vn 0.243644 0.962366 -0.120372
vn -0.235833 0.620607 -0.747817
vn -0.236114 0.967562 0.089855
vn -0.073955 0.941783 -0.327988
vn -0.161147 0.534743 -0.829507
vn 0.091747 0.727691 -0.679741
vn -0.409279 0.626723 -0.663106
vn -0.235833 0.620607 -0.747817
vn -0.161147 0.534743 -0.829507
vn -0.409279 0.626723 -0.663106
vn -0.924337 -0.205201 -0.321705
vn -0.697576 0.682925 -0.216797
vn -0.235833 0.620607 -0.747817
vn -0.235833 0.620607 -0.747817
vn -0.697576 0.682925 -0.216797
vn -0.561789 0.749734 0.349703
vn -0.236114 0.967562 0.089855
vn -0.409279 0.626723 -0.663106
vn -0.159174 0.987247 -0.002716
vn -0.966687 -0.165021 -0.195663
vn 0.091747 0.727691 -0.679741
vn 0.175778 0.924584 -0.338004
vn -0.159174 0.987247 -0.002716
vn -0.409279 0.626723 -0.663106
vn -0.409279 0.626723 -0.663106
vn -0.966687 -0.165021 -0.195663
vn -0.929243 -0.217455 0.298700
vn -0.924337 -0.205201 -0.321705
vn -0.734030 0.490280 0.469921
vn -0.779007 0.471512 0.413309
vn -0.756520 0.480905 0.443180
vn -0.756520 0.480905 0.443180
vn -0.779007 0.471512 0.413309
vn -0.795367 0.448152 0.408107
vn -0.795367 0.448152 0.408107
vn -0.969857 0.097636 0.223259
vn -0.969857 0.097636 0.223259
vn -0.969857 0.097636 0.223259
vn -0.969857 0.097636 0.223259
vn -0.821098 0.030064 0.569995
vn -0.821098 0.030064 0.569995
vn -0.821098 0.030064 0.569995
vn -0.046729 0.270884 0.961477
vn -0.046729 0.270884 0.961477
vn -0.046729 0.270884 0.961477
vn -0.401534 -0.604057 0.688393
vn -0.401534 -0.604057 0.688393
vn -0.401534 -0.604057 0.688393
vn -0.401534 -0.604057 0.688393
vn -0.756520 0.480905 0.443180
vn -0.722817 0.489112 0.488166
vn -0.722817 0.489112 0.488166
vn -0.734030 0.490280 0.469921
s off
g Medium_Planet_Piece:Medium_Planet_Piece Cracked_Planet
usemtl Maya_Lambert2SG
f 91/1/1 92/2/2 23/3/3 93/4/4
f 23/3/5 94/5/6 95/6/7 93/4/8
f 27/7/9 8/8/10 24/9/11 28/10/12
f 24/9/13 3/11/14 25/12/15 28/10/16
f 25/12/17 7/13/18 26/14/19 28/10/20
f 26/14/21 9/15/22 27/7/23 28/10/24
f 26/14/25 7/13/26 96/16/27 29/17/28
f 96/16/29 94/5/30 23/3/31 29/17/32
f 23/3/33 92/2/34 97/18/35 29/17/36
f 97/18/37 9/15/38 26/14/39 29/17/40
f 99/19/41 9/15/42 97/18/43 98/20/44
f 99/19/45 100/21/46 101/22/47 31/23/48
f 101/22/49 102/24/50 30/25/51 31/23/52
f 30/25/53 8/8/54 27/7/55 31/23/56
f 27/7/57 9/15/58 99/19/59 31/23/60
f 104/26/61 2/27/62 32/28/63 103/29/64
f 32/28/65 105/30/66 106/31/67 103/29/68
f 35/32/69 105/30/70 32/28/71 36/33/72
f 32/28/73 2/27/74 33/34/75 36/33/76
f 33/34/77 10/35/78 34/36/79 36/33/80
f 34/36/81 12/37/82 35/32/83 36/33/84
f 34/36/85 10/35/86 37/38/87 40/39/88
f 37/38/89 1/40/90 38/41/91 40/39/92
f 38/41/93 11/42/94 39/43/95 40/39/96
f 39/43/97 12/37/98 34/36/99 40/39/100
f 39/43/101 11/42/102 41/44/103 43/45/104
f 41/44/105 3/11/106 24/9/107 43/45/108
f 24/9/109 8/8/110 42/46/111 43/45/112
f 42/46/113 12/37/114 39/43/115 43/45/116
f 42/46/117 8/8/118 30/25/119 44/47/120
f 30/25/121 102/24/122 107/48/123 44/47/124
f 107/48/125 105/30/126 35/32/127 44/47/128
f 35/32/129 12/37/130 42/46/131 44/47/132
f 96/16/133 7/13/134 108/49/135 109/50/136
f 108/49/137 7/13/138 25/12/139 46/51/140
f 25/12/141 3/11/142 45/52/143 46/51/144
f 45/52/145 13/53/146 110/54/147 46/51/148
f 110/54/149 111/55/150 108/49/151 46/51/152
f 110/54/153 13/53/154 165/56/155 166/57/156
f 48/58/157 13/53/158 45/52/159 49/59/160
f 45/52/161 3/11/162 41/44/163 49/59/164
f 41/44/165 11/42/166 47/60/167 49/59/168
f 47/60/169 14/61/170 48/58/171 49/59/172
f 47/60/173 11/42/174 38/41/175 51/62/176
f 38/41/177 1/40/178 50/63/179 51/62/180
f 50/63/181 167/64/182 51/62/183
f 167/64/184 14/61/185 47/60/186 51/62/187
f 165/56/188 14/61/189 167/64/190
f 165/56/191 13/53/192 48/58/193
f 48/58/194 14/61/195 165/56/196
f 113/65/197 16/66/198 52/67/199 112/68/200
f 52/67/201 2/27/202 104/26/203 112/68/204
f 115/69/205 15/70/206 53/71/207 114/72/208
f 53/71/209 116/73/210 117/74/211 114/72/212
f 53/71/213 15/70/214 54/75/215 56/76/216
f 54/75/217 5/77/218 55/78/219 56/76/220
f 55/78/221 16/66/222 113/65/223 56/76/224
f 113/65/225 116/73/226 53/71/227 56/76/228
f 57/79/229 15/70/230 115/69/231 58/80/232
f 115/69/233 118/81/234 119/82/235 58/80/236
f 119/82/237 120/83/238 121/84/239 58/80/240
f 121/84/241 18/85/242 57/79/243 58/80/244
f 123/86/245 18/85/246 121/84/247 122/87/248
f 123/86/249 124/88/250 59/89/251 62/90/252
f 59/89/253 4/91/254 60/92/255 62/90/256
f 60/92/257 17/93/258 61/94/259 62/90/260
f 61/94/261 18/85/262 123/86/263 62/90/264
f 61/94/265 17/93/266 63/95/267 64/96/268
f 63/95/269 5/77/270 54/75/271 64/96/272
f 54/75/273 15/70/274 57/79/275 64/96/276
f 57/79/277 18/85/278 61/94/279 64/96/280
f 67/97/281 17/93/282 60/92/283 68/98/284
f 60/92/285 4/91/286 65/99/287 68/98/288
f 65/99/289 19/100/290 66/101/291 68/98/292
f 66/101/293 20/102/294 67/97/295 68/98/296
f 66/101/297 19/100/298 69/103/299 71/104/300
f 69/103/301 1/40/302 37/38/303 71/104/304
f 37/38/305 10/35/306 70/105/307 71/104/308
f 70/105/309 20/102/310 66/101/311 71/104/312
f 70/105/313 10/35/314 33/34/315 73/106/316
f 33/34/317 2/27/318 52/67/319 73/106/320
f 52/67/321 16/66/322 72/107/323 73/106/324
f 72/107/325 20/102/326 70/105/327 73/106/328
f 72/107/329 16/66/330 55/78/331 74/108/332
f 55/78/333 5/77/334 63/95/335 74/108/336
f 63/95/337 17/93/338 67/97/339 74/108/340
f 67/97/341 20/102/342 72/107/343 74/108/344
f 167/64/345 50/63/346 168/109/347
f 50/63/348 1/40/349 75/110/350 168/109/351
f 77/111/352 170/112/353 169/113/354
f 169/113/355 168/109/356 76/114/357
f 76/114/358 22/115/359 77/111/360 169/113/361
f 76/114/362 168/109/363 75/110/364 79/116/365
f 75/110/366 1/40/367 69/103/368 79/116/369
f 69/103/370 19/100/371 78/117/372 79/116/373
f 78/117/374 22/115/375 76/114/376 79/116/377
f 78/117/378 19/100/379 65/99/380 82/118/381
f 65/99/382 4/91/383 80/119/384 82/118/385
f 80/119/386 21/120/387 81/121/388 82/118/389
f 81/121/390 22/115/391 78/117/392 82/118/393
f 81/121/394 21/120/395 83/122/396 85/123/397
f 83/122/398 6/124/399 84/125/400 85/123/401
f 84/125/402 170/112/403 77/111/404 85/123/405
f 77/111/406 22/115/407 81/121/408 85/123/409
f 86/126/410 21/120/411 80/119/412 87/127/413
f 80/119/414 4/91/415 59/89/416 87/127/417
f 59/89/418 124/88/419 125/128/420 87/127/421
f 125/128/422 126/129/423 86/126/424 87/127/425
f 127/130/426 128/131/427 88/132/428 89/133/429
f 88/132/430 6/124/431 83/122/432 89/133/433
f 83/122/434 21/120/435 86/126/436 89/133/437
f 86/126/438 126/129/439 127/130/440 89/133/441
f 170/112/442 84/125/443 90/134/444
f 84/125/445 6/124/446 88/132/447 90/134/448
f 88/132/449 128/131/450 129/135/451 90/134/452
f 129/135/453 130/136/454 170/112/455 90/134/456
f 91/137/457 131/138/458 92/139/459
f 93/140/460 132/141/461 131/138/462 91/137/463
f 94/142/464 132/141/465 95/143/466
f 95/143/467 132/141/468 93/140/469
f 96/144/470 133/145/471 132/141/472 94/142/473
f 92/139/474 131/138/475 134/146/476 97/147/477
f 97/147/478 134/146/479 136/148/480 98/149/481
f 98/149/482 136/148/483 135/150/484 99/151/485
f 99/151/486 135/150/487 137/152/488 100/153/489
f 100/153/490 137/152/491 138/154/492 101/155/493
f 101/155/494 138/154/495 102/156/496
f 103/157/497 140/158/498 139/159/499 104/160/500
f 105/161/501 141/162/502 140/158/503 106/163/504
f 106/163/505 140/158/506 103/157/507
f 102/156/508 138/154/509 141/164/510 107/165/511
f 107/166/512 141/162/513 105/161/514
f 108/167/515 142/168/516 143/169/517 109/170/518
f 109/170/519 143/169/520 133/145/521 96/144/522
f 110/171/523 175/172/524 144/173/525 111/174/526
f 111/174/527 144/173/528 142/168/529 108/167/530
f 166/175/531 175/172/532 110/171/533
f 112/176/534 139/159/535 113/177/536
f 104/160/537 139/159/538 112/176/539
f 114/178/540 145/179/541 115/180/542
f 116/181/543 146/182/544 117/183/545
f 117/183/546 146/182/547 145/179/548 114/178/549
f 113/177/550 139/159/551 146/182/552 116/181/553
f 115/180/554 145/179/555 147/184/556 118/185/557
f 118/185/558 147/184/559 119/186/560
f 119/186/561 147/184/562 148/187/563 120/188/564
f 120/188/565 148/187/566 149/189/567 121/190/568
f 121/190/569 149/189/570 151/191/571 122/192/572
f 122/192/573 151/191/574 150/193/575 123/194/576
f 123/194/577 150/193/578 152/195/579 124/196/580
f 124/196/581 152/195/582 153/197/583 125/198/584
f 125/198/585 153/197/586 126/199/587
f 127/200/588 153/197/589 128/201/590
f 126/199/591 153/197/592 127/200/593
f 128/201/594 153/197/595 129/202/596
f 129/202/597 153/197/598 154/203/599 130/204/600
f 130/204/601 154/203/602 171/205/603 170/206/604
f 145/179/605 149/189/606 148/187/607 147/184/608
f 145/179/609 150/193/610 151/191/611 149/189/612
f 171/205/613 155/207/614 172/208/615
f 153/197/616 156/209/617 171/205/618 154/203/619
f 145/179/620 157/210/621 156/209/622 150/193/623
f 152/195/624 150/193/625 156/209/626 153/197/627
f 156/209/628 158/211/629 155/207/630 171/205/631
f 139/159/632 157/210/633 145/179/634 146/182/635
f 139/159/636 158/211/637 156/209/638 157/210/639
f 160/212/640 159/213/641 174/214/642 173/215/643
f 172/208/644 160/216/645 173/217/646
f 134/146/647 133/145/648 161/218/649 162/219/650
f 131/138/651 132/141/652 133/145/653 134/146/654
f 142/168/655 161/218/656 133/145/657 143/169/658
f 175/172/659 161/218/660 142/168/661 144/173/662
f 141/162/663 158/211/664 139/159/665 140/158/666
f 134/146/667 162/219/668 135/150/669 136/148/670
f 135/150/671 162/219/672 138/154/673 137/152/674
f 163/220/675 155/207/676 158/211/677 141/162/678
f 138/154/679 164/221/680 163/222/681 141/164/682
f 164/221/683 159/213/684 160/212/685 163/222/686
f 163/220/687 160/216/688 172/208/689 155/207/690
f 164/221/691 161/218/692 175/172/693
f 138/154/694 162/219/695 161/218/696 164/221/697
f 164/221/698 175/172/699 174/214/700 159/213/701
f 165/223/702 167/224/703 176/225/704
f 176/225/705 167/224/706 168/226/707 169/227/708
f 176/228/709 169/229/710 170/206/711 171/205/712
f 171/205/713 172/208/714 176/228/715
f 172/208/716 173/217/717 176/228/718
f 176/225/719 173/215/720 174/214/721 175/172/722
f 176/225/723 175/172/724 166/175/725 165/223/726
g default
v -4.234000 -12.273000 11.105000
v -4.152718 -11.798056 11.958204
v -2.666069 -9.625495 13.242114
v -5.192473 -12.516560 9.827259
v -4.953439 -12.333901 10.778122
v -2.828156 -10.741692 12.690956
v -3.010422 -10.263339 13.057149
v -5.086761 -10.782375 9.539034
v -3.798773 -9.002597 11.636311
v -3.198162 -8.910423 11.529219
v -4.433200 -9.198519 10.219049
v -6.365349 -14.400389 8.249374
v -7.048552 -14.138420 8.671617
v -7.737537 -13.942677 8.333778
v -6.959813 -14.308157 7.664901
v -3.965169 -13.473972 11.628892
v -4.314335 -13.902361 10.805704
v -5.295114 -13.308868 11.785842
v -5.538292 -13.697485 11.015511
v -6.665305 -12.958906 11.841822
v -6.787521 -13.335049 11.134960
v -6.897406 -13.673246 10.343617
v -5.805022 -14.026884 10.149414
v -6.986936 -13.948782 9.492544
v -6.065101 -14.272369 9.211999
v -7.989029 -13.317259 10.149412
v -8.011208 -12.893997 11.015512
v -7.979512 -12.436650 11.785842
v -9.081221 -11.799268 11.688086
v -8.940449 -12.444372 10.849696
v -8.828050 -12.954559 9.927175
v -8.433784 -13.668482 8.041573
v -8.646216 -13.386045 8.917853
v -7.922911 -13.668733 9.211999
v -9.960661 -11.112976 11.585619
v -8.806278 -11.369147 12.457952
v -9.596640 -10.800606 12.333709
v -8.322558 -10.932460 13.239541
v -9.149829 -10.412760 13.087463
v -7.722321 -12.004895 12.528143
v -6.524589 -12.525827 12.511687
v -6.355010 -12.003918 13.183640
v -7.393163 -11.483379 13.269393
v -6.159817 -11.403176 13.823387
v -7.014344 -10.872444 13.969319
v -5.960473 -10.789659 14.368865
v -6.543978 -10.220850 14.591709
v -7.038223 -9.694477 14.738074
v -7.664092 -10.363382 14.060321
v -5.209161 -12.193004 13.269393
v -5.249405 -12.808393 12.528146
v -3.998783 -12.931198 12.457952
v -4.076038 -12.247468 13.288563
v -3.000388 -12.205822 13.220660
v -2.831491 -12.923109 12.302005
v -2.025165 -12.064482 13.110924
v -2.322563 -11.149181 14.056669
v -3.201710 -11.320652 14.092448
v -2.676240 -10.060680 14.889198
v -3.451571 -10.293150 14.859264
v -4.288025 -10.502163 14.762679
v -4.159459 -11.430352 14.071292
v -5.154071 -10.672457 14.591709
v -5.156535 -11.476082 13.969319
v -4.672962 -9.736878 15.203079
v -3.804002 -9.407566 15.371396
v -2.997479 -9.072010 15.447622
v -6.285897 -9.308086 15.171662
v -5.692012 -9.963417 14.954556
v -1.912344 -9.793024 14.859264
v -1.510533 -10.771156 14.092448
v -2.147754 -8.869415 15.371396
v -1.112781 -9.470465 14.762679
v -1.208809 -8.488771 15.237845
v -6.527854 -10.809322 7.830925
v -5.861217 -10.854345 7.481908
v -7.360777 -9.432812 9.919147
v -7.169041 -10.435991 8.119349
v -7.008917 -10.651466 7.426032
v -8.088937 -8.955301 9.742341
v -7.428961 -8.381718 10.939736
v -6.831517 -8.833945 10.833725
v -6.118573 -7.878280 11.753496
v -3.495647 -7.215062 11.936185
v -5.499431 -7.536164 12.026886
v -5.160634 -8.001344 11.610435
v -2.295419 -7.026594 11.734460
v -5.618385 -8.264083 9.716956
v -4.749540 -7.615706 9.011362
v -6.037998 -8.870540 9.299572
v -6.308874 -9.853075 8.606488
v -4.299736 -10.766283 11.514441
v -4.957305 -10.779479 10.662849
vt 0.762188 0.035723
vt 0.723673 0.061057
vt 0.683425 0.045090
vt 0.727797 0.005348
vt 0.871797 0.188525
vt 0.884284 0.241561
vt 0.810692 0.243346
vt 0.802892 0.194784
vt 0.733578 0.246386
vt 0.731705 0.202696
vt 0.729291 0.155762
vt 0.791553 0.142635
vt 0.726479 0.106970
vt 0.778950 0.088875
vt 0.665956 0.149396
vt 0.660288 0.201542
vt 0.656482 0.250081
vt 0.587086 0.256862
vt 0.603199 0.199898
vt 0.615037 0.142565
vt 0.628586 0.082933
vt 0.641205 0.032765
vt 0.672253 0.095099
vt 0.526738 0.267858
vt 0.596841 0.306789
vt 0.543838 0.313431
vt 0.616774 0.359172
vt 0.562686 0.362399
vt 0.664693 0.298057
vt 0.735314 0.290050
vt 0.737129 0.336869
vt 0.675002 0.349478
vt 0.739179 0.385511
vt 0.686615 0.402932
vt 0.741406 0.431357
vt 0.702669 0.456164
vt 0.668744 0.477628
vt 0.644469 0.419556
vt 0.800019 0.343875
vt 0.806427 0.291950
vt 0.875162 0.295758
vt 0.860953 0.353194
vt 0.918979 0.362966
vt 0.939583 0.301630
vt 0.971932 0.375136
vt 0.941895 0.442751
vt 0.895415 0.427760
vt 0.908908 0.512820
vt 0.869037 0.494048
vt 0.826405 0.473743
vt 0.845211 0.413073
vt 0.782446 0.452201
vt 0.792983 0.397891
vt 0.796636 0.517102
vt 0.840246 0.545639
vt 0.881193 0.571001
vt 0.703213 0.516776
vt 0.744458 0.488544
vt 0.948834 0.531672
vt 0.983274 0.469071
vt 0.926610 0.586481
vt 0.991490 0.552281
vt 0.977071 0.610295
vt 0.275308 0.015917
vt 0.360723 0.195082
vt 0.332736 0.179192
vt 0.216244 0.038423
vt 0.705148 0.571245
vt 0.524073 0.643345
vt 0.469621 0.544667
vt 0.677099 0.519505
vt 0.646801 0.469810
vt 0.609265 0.421901
vt 0.441822 0.515298
vt 0.573191 0.385026
vt 0.318704 0.005348
vt 0.390382 0.177501
vt 0.726502 0.630394
vt 0.549736 0.654124
vt 0.733662 0.681154
vt 0.545640 0.717212
vt 0.711556 0.787657
vt 0.520244 0.726496
vt 0.726349 0.735237
vt 0.659924 0.907668
vt 0.492700 0.803217
vt 0.688484 0.849741
vt 0.275983 0.754628
vt 0.312593 0.534723
vt 0.332368 0.765923
vt 0.223878 0.735968
vt 0.628549 0.951710
vt 0.472072 0.829950
vt 0.595112 0.989575
vt 0.442037 0.831582
vt 0.410221 0.551505
vt 0.393161 0.770638
vt 0.171522 0.712659
vt 0.122918 0.669085
vt 0.283610 0.550225
vt 0.417112 0.717715
vt 0.411477 0.398364
vt 0.462913 0.451591
vt 0.438344 0.672222
vt 0.440286 0.603934
vt 0.185499 0.216580
vt 0.186310 0.068135
vt 0.121454 0.294920
vt 0.051710 0.271119
vt 0.058975 0.226469
vt 0.106055 0.189680
vt 0.150524 0.260618
vt 0.129146 0.153898
vt 0.155657 0.110485
vt 0.104659 0.347854
vt 0.044063 0.313421
vt 0.005348 0.351959
vt 0.024243 0.402652
vt 0.018925 0.447096
vt 0.109846 0.446851
vt 0.044445 0.492480
vt 0.046147 0.532259
vt 0.129164 0.476800
vt 0.078912 0.584647
vt 0.141908 0.516208
vt 0.090364 0.622824
vt 0.266688 0.274926
vt 0.232111 0.467750
vt 0.242499 0.443117
vt 0.298312 0.374613
vt 0.381733 0.342618
vt 0.376474 0.306812
vt 0.362147 0.252386
vt 0.175530 0.363900
vt 0.217282 0.317927
vn -0.276206 -0.944502 0.177840
vn -0.300797 -0.934164 0.191985
vn -0.369348 -0.910717 0.184872
vn -0.306334 -0.942745 0.131879
vn -0.059428 -0.879148 0.472829
vn -0.051855 -0.856589 0.513386
vn -0.115010 -0.846641 0.519589
vn -0.156995 -0.874187 0.459511
vn -0.115010 -0.846641 0.519589
vn -0.262831 -0.809034 0.525723
vn -0.275646 -0.848488 0.451760
vn -0.156995 -0.874187 0.459511
vn -0.275646 -0.848488 0.451760
vn -0.287236 -0.884235 0.368271
vn -0.225850 -0.903890 0.363283
vn -0.156995 -0.874187 0.459511
vn -0.225850 -0.903890 0.363283
vn -0.287236 -0.884235 0.368271
vn -0.295608 -0.912891 0.281507
vn -0.241744 -0.932149 0.269551
vn -0.295608 -0.912891 0.281507
vn -0.300797 -0.934164 0.191985
vn -0.276206 -0.944502 0.177840
vn -0.241744 -0.932149 0.269551
vn -0.397320 -0.847564 0.351814
vn -0.287236 -0.884235 0.368271
vn -0.275646 -0.848488 0.451760
vn -0.399276 -0.802459 0.443440
vn -0.275646 -0.848488 0.451760
vn -0.262831 -0.809034 0.525723
vn -0.399124 -0.753504 0.522429
vn -0.399276 -0.802459 0.443440
vn -0.399124 -0.753504 0.522429
vn -0.487756 -0.693193 0.530638
vn -0.459012 -0.770881 0.441645
vn -0.399276 -0.802459 0.443440
vn -0.459012 -0.770881 0.441645
vn -0.450298 -0.825699 0.339784
vn -0.397320 -0.847564 0.351814
vn -0.399276 -0.802459 0.443440
vn -0.435897 -0.867735 0.238811
vn -0.424110 -0.886523 0.184953
vn -0.369348 -0.910717 0.184872
vn -0.394684 -0.881697 0.258524
vn -0.369348 -0.910717 0.184872
vn -0.300797 -0.934164 0.191985
vn -0.295608 -0.912891 0.281507
vn -0.394684 -0.881697 0.258524
vn -0.295608 -0.912891 0.281507
vn -0.287236 -0.884235 0.368271
vn -0.397320 -0.847564 0.351814
vn -0.394684 -0.881697 0.258524
vn -0.397320 -0.847564 0.351814
vn -0.450298 -0.825699 0.339784
vn -0.435897 -0.867735 0.238811
vn -0.394684 -0.881697 0.258524
vn -0.550588 -0.634701 0.542225
vn -0.487756 -0.693193 0.530638
vn -0.479690 -0.648601 0.590944
vn -0.532562 -0.618118 0.578194
vn -0.479690 -0.648601 0.590944
vn -0.427209 -0.621462 0.656717
vn -0.506180 -0.593657 0.625583
vn -0.532562 -0.618118 0.578194
vn -0.479690 -0.648601 0.590944
vn -0.487756 -0.693193 0.530638
vn -0.399124 -0.753504 0.522429
vn -0.375362 -0.709152 0.596830
vn -0.399124 -0.753504 0.522429
vn -0.262831 -0.809034 0.525723
vn -0.248086 -0.763762 0.595920
vn -0.375362 -0.709152 0.596830
vn -0.248086 -0.763762 0.595920
vn -0.230283 -0.708766 0.666799
vn -0.343432 -0.655761 0.672334
vn -0.375362 -0.709152 0.596830
vn -0.343432 -0.655761 0.672334
vn -0.427209 -0.621462 0.656717
vn -0.479690 -0.648601 0.590944
vn -0.375362 -0.709152 0.596830
vn -0.343432 -0.655761 0.672334
vn -0.230283 -0.708766 0.666799
vn -0.210060 -0.646692 0.733256
vn -0.306374 -0.593276 0.744418
vn -0.210060 -0.646692 0.733256
vn -0.188338 -0.579633 0.792815
vn -0.248371 -0.524852 0.814151
vn -0.306374 -0.593276 0.744418
vn -0.248371 -0.524852 0.814151
vn -0.272367 -0.500755 0.821621
vn -0.344926 -0.564530 0.749888
vn -0.306374 -0.593276 0.744418
vn -0.344926 -0.564530 0.749888
vn -0.427209 -0.621462 0.656717
vn -0.343432 -0.655761 0.672334
vn -0.306374 -0.593276 0.744418
vn -0.103007 -0.731669 0.673832
vn -0.230283 -0.708766 0.666799
vn -0.248086 -0.763762 0.595920
vn -0.109597 -0.794833 0.596849
vn -0.248086 -0.763762 0.595920
vn -0.262831 -0.809034 0.525723
vn -0.115010 -0.846641 0.519589
vn -0.109597 -0.794833 0.596849
vn -0.115010 -0.846641 0.519589
vn -0.051855 -0.856589 0.513386
vn 0.001343 -0.795116 0.606456
vn -0.109597 -0.794833 0.596849
vn 0.001343 -0.795116 0.606456
vn 0.016329 -0.735106 0.677756
vn -0.103007 -0.731669 0.673832
vn -0.109597 -0.794833 0.596849
vn 0.108387 -0.717379 0.688200
vn 0.016329 -0.735106 0.677756
vn 0.001343 -0.795116 0.606456
vn 0.079996 -0.772469 0.629994
vn 0.108387 -0.717379 0.688200
vn 0.170309 -0.676262 0.716704
vn 0.177695 -0.604903 0.776219
vn 0.109333 -0.635758 0.764106
vn 0.177695 -0.604903 0.776219
vn 0.166061 -0.511279 0.843219
vn 0.084884 -0.535400 0.840322
vn 0.109333 -0.635758 0.764106
vn 0.084884 -0.535400 0.840322
vn -0.006318 -0.555400 0.831559
vn 0.010408 -0.649166 0.760576
vn 0.109333 -0.635758 0.764106
vn 0.010408 -0.649166 0.760576
vn 0.016329 -0.735106 0.677756
vn 0.108387 -0.717379 0.688200
vn 0.109333 -0.635758 0.764106
vn 0.010408 -0.649166 0.760576
vn -0.006318 -0.555400 0.831559
vn -0.096605 -0.569097 0.816576
vn -0.093149 -0.657720 0.747481
vn -0.096605 -0.569097 0.816576
vn -0.188338 -0.579633 0.792815
vn -0.210060 -0.646692 0.733256
vn -0.093149 -0.657720 0.747481
vn -0.210060 -0.646692 0.733256
vn -0.230283 -0.708766 0.666799
vn -0.103007 -0.731669 0.673832
vn -0.093149 -0.657720 0.747481
vn -0.103007 -0.731669 0.673832
vn 0.016329 -0.735106 0.677756
vn 0.010408 -0.649166 0.760576
vn -0.093149 -0.657720 0.747481
vn -0.032200 -0.505319 0.862332
vn -0.006318 -0.555400 0.831559
vn 0.084884 -0.535400 0.840322
vn 0.066388 -0.477928 0.875887
vn 0.084884 -0.535400 0.840322
vn 0.166061 -0.511279 0.843219
vn 0.146593 -0.451344 0.880227
vn 0.066388 -0.477928 0.875887
vn -0.231342 -0.474282 0.849434
vn -0.272367 -0.500755 0.821621
vn -0.248371 -0.524852 0.814151
vn -0.158349 -0.511277 0.844702
vn -0.248371 -0.524852 0.814151
vn -0.188338 -0.579633 0.792815
vn -0.096605 -0.569097 0.816576
vn -0.158349 -0.511277 0.844702
vn -0.096605 -0.569097 0.816576
vn -0.006318 -0.555400 0.831559
vn -0.032200 -0.505319 0.862332
vn -0.158349 -0.511277 0.844702
vn 0.228080 -0.469681 0.852865
vn 0.166061 -0.511279 0.843219
vn 0.177695 -0.604903 0.776219
vn 0.220374 -0.545289 0.808762
vn 0.146593 -0.451344 0.880227
vn 0.166061 -0.511279 0.843219
vn 0.228080 -0.469681 0.852865
vn 0.233873 -0.420715 0.876529
vn 0.228080 -0.469681 0.852865
vn 0.278456 -0.403262 0.871689
vn 0.278456 -0.403262 0.871689
vn 0.233873 -0.420715 0.876529
vn -0.552174 0.107407 -0.826781
vn -0.552174 0.107407 -0.826781
vn -0.552174 0.107407 -0.826781
vn -0.552174 0.107407 -0.826781
vn -0.873631 0.355532 -0.332214
vn -0.873631 0.355532 -0.332214
vn -0.876635 0.354402 -0.325438
vn -0.874921 0.356384 -0.327878
vn -0.874921 0.356384 -0.327878
vn -0.876635 0.354402 -0.325438
vn -0.880954 0.358724 -0.308607
vn -0.880086 0.353774 -0.316691
vn -0.876635 0.354402 -0.325438
vn -0.879553 0.351809 -0.320340
vn -0.879553 0.351809 -0.320340
vn 0.391012 -0.324169 -0.861408
vn 0.391012 -0.324169 -0.861408
vn 0.391012 -0.324169 -0.861408
vn 0.391012 -0.324169 -0.861408
vn -0.880954 0.358724 -0.308607
vn -0.876635 0.354402 -0.325438
vn -0.880086 0.353774 -0.316691
vn -0.215420 -0.499055 -0.839368
vn -0.215420 -0.499055 -0.839368
vn -0.215420 -0.499055 -0.839368
vn -0.215420 -0.499055 -0.839368
vn -0.723052 0.687311 0.069283
vn -0.723422 0.687010 0.068399
vn -0.723570 0.686884 0.068093
vn -0.723570 0.686884 0.068093
vn 0.354122 0.554746 0.752898
vn 0.354122 0.554746 0.752898
vn 0.354122 0.554746 0.752898
vn 0.354122 0.554746 0.752898
vn -0.721348 0.688691 0.073221
vn -0.723422 0.687010 0.068399
vn -0.723052 0.687311 0.069283
vn -0.658441 0.715974 0.232025
vn -0.700882 0.689925 0.181020
vn -0.787109 0.609270 0.096169
vn -0.787109 0.609270 0.096169
vn -0.700882 0.689925 0.181020
vn -0.787583 0.610184 0.085953
vn -0.787583 0.610184 0.085953
vn -0.384618 0.793380 0.471823
vn -0.289503 0.843632 0.452186
vn -0.396623 0.801517 0.447506
vn -0.272799 0.833963 0.479673
vn -0.289503 0.843632 0.452186
vn -0.384618 0.793380 0.471823
vn -0.562522 0.772178 0.295485
vn -0.562522 0.772178 0.295485
vn -0.700882 0.689925 0.181020
vn -0.658441 0.715974 0.232025
vn 0.801194 0.433729 0.412272
vn 0.801194 0.433729 0.412272
vn 0.801194 0.433729 0.412272
vn 0.801194 0.433729 0.412272
vn -0.396623 0.801517 0.447506
vn -0.289503 0.843632 0.452186
vn -0.397894 0.803754 0.442335
vn -0.397894 0.803754 0.442335
vn -0.162659 0.873734 0.458401
vn -0.289503 0.843632 0.452186
vn -0.272799 0.833963 0.479673
vn -0.162655 0.877466 0.451217
vn -0.162655 0.877466 0.451217
vn -0.289503 0.843632 0.452186
vn -0.162659 0.873734 0.458401
vn -0.524012 0.846116 -0.097459
vn -0.272761 0.903742 -0.329926
vn 0.076672 0.949816 -0.303267
vn -0.359364 0.932381 -0.039037
vn -0.486034 0.872358 0.052555
vn -0.524012 0.846116 -0.097459
vn -0.359364 0.932381 -0.039037
vn -0.486034 0.872358 0.052555
vn -0.524012 0.846116 -0.097459
vn -0.566289 0.724052 -0.393783
vn -0.386697 0.791219 -0.473748
vn -0.272761 0.903742 -0.329926
vn -0.386697 0.791219 -0.473748
vn -0.213256 0.796955 -0.565142
vn 0.474058 0.628995 -0.616144
vn 0.474058 0.628995 -0.616144
vn -0.399070 0.795514 -0.455962
vn -0.310356 0.836049 -0.452439
vn -0.310356 0.836049 -0.452439
vn -0.213256 0.796955 -0.565142
vn -0.566289 0.724052 -0.393783
vn -0.399070 0.795514 -0.455962
vn -0.213256 0.796955 -0.565142
vn -0.386697 0.791219 -0.473748
vn 0.705080 0.142743 -0.694612
vn 0.705080 0.142743 -0.694612
vn 0.705080 0.142743 -0.694612
vn 0.914711 0.028904 -0.403073
vn 0.914711 0.028904 -0.403073
vn 0.914711 0.028904 -0.403073
vn -0.135733 0.185453 -0.973234
vn -0.135733 0.185453 -0.973234
vn -0.135733 0.185453 -0.973234
vn 0.763531 -0.413797 -0.495775
vn 0.763531 -0.413797 -0.495775
vn 0.763531 -0.413797 -0.495775
vn 0.763531 -0.413797 -0.495775
vn 0.904504 -0.400699 -0.145989
vn 0.904504 -0.400699 -0.145989
vn 0.904504 -0.400699 -0.145989
vn 0.903964 -0.381692 -0.192769
vn 0.903964 -0.381692 -0.192769
vn 0.903964 -0.381692 -0.192769
vn 0.903964 -0.381692 -0.192769
vn 0.985504 0.131329 -0.107401
vn 0.985504 0.131329 -0.107401
vn 0.985504 0.131329 -0.107401
vn 0.985504 0.131329 -0.107401
vn -0.117662 -0.414092 -0.902598
vn -0.117662 -0.414092 -0.902598
vn -0.117662 -0.414092 -0.902598
vn 0.654105 0.649863 -0.387073
vn 0.654105 0.649863 -0.387073
vn 0.654105 0.649863 -0.387073
vn 0.090592 -0.920536 -0.380008
vn 0.090592 -0.920536 -0.380008
vn 0.090592 -0.920536 -0.380008
vn 0.703282 0.211433 -0.678742
vn 0.703282 0.211433 -0.678742
vn 0.703282 0.211433 -0.678742
vn 0.703282 0.211433 -0.678742
vn 0.401926 -0.825978 -0.395241
vn 0.401926 -0.825978 -0.395241
vn 0.401926 -0.825978 -0.395241
vn 0.573062 0.633890 -0.519406
vn 0.573062 0.633890 -0.519406
vn 0.573062 0.633890 -0.519406
vn 0.573062 0.633890 -0.519406
vn 0.616085 -0.700753 -0.359701
vn 0.616085 -0.700753 -0.359701
vn 0.616085 -0.700753 -0.359701
vn 0.616085 -0.700753 -0.359701
vn 0.624347 0.388904 -0.677454
vn 0.624347 0.388904 -0.677454
vn 0.624347 0.388904 -0.677454
vn 0.040989 0.997890 -0.050358
vn 0.040989 0.997890 -0.050358
vn 0.040989 0.997890 -0.050358
vn 0.874735 -0.241208 -0.420306
vn 0.874735 -0.241208 -0.420306
vn 0.874735 -0.241208 -0.420306
vn 0.874735 -0.241208 -0.420306
vn 0.638191 0.541832 -0.546929
vn 0.638191 0.541832 -0.546929
vn 0.638191 0.541832 -0.546929
vn 0.839386 -0.357339 -0.409560
vn 0.839386 -0.357339 -0.409560
vn 0.839386 -0.357339 -0.409560
vn 0.839386 -0.357339 -0.409560
vn -0.195304 0.196311 -0.960894
vn -0.195304 0.196311 -0.960894
vn -0.195304 0.196311 -0.960894
vn -0.195304 0.196311 -0.960894
vn -0.162253 -0.618889 -0.768538
vn -0.162253 -0.618889 -0.768538
vn -0.162253 -0.618889 -0.768538
vn 0.917412 -0.100079 -0.385150
vn 0.917412 -0.100079 -0.385150
vn 0.917412 -0.100079 -0.385150
vn 0.917412 -0.100079 -0.385150
vn 0.518061 0.211858 -0.828691
vn 0.518061 0.211858 -0.828691
vn 0.518061 0.211858 -0.828691
vn 0.713572 0.306013 -0.630216
vn 0.713572 0.306013 -0.630216
vn 0.713572 0.306013 -0.630216
vn 0.597669 0.200097 -0.776371
vn 0.597669 0.200097 -0.776371
vn 0.597669 0.200097 -0.776371
vn 0.597669 0.200097 -0.776371
vn 0.724125 -0.173416 -0.667510
vn 0.769129 -0.272217 -0.578220
vn 0.518808 -0.607407 -0.601578
vn 0.518808 -0.607407 -0.601578
vn 0.796677 -0.119432 -0.592487
vn 0.897848 -0.157821 -0.411049
vn 0.860983 -0.309020 -0.404000
vn 0.769129 -0.272217 -0.578220
vn 0.860983 -0.309020 -0.404000
vn 0.897848 -0.157821 -0.411049
vn 0.978265 -0.140790 -0.152235
vn 0.771804 -0.000427 -0.635861
vn 0.796677 -0.119432 -0.592487
vn 0.769129 -0.272217 -0.578220
vn 0.724125 -0.173416 -0.667510
vn 0.705046 0.014558 -0.709013
vn 0.796677 -0.119432 -0.592487
vn 0.771804 -0.000427 -0.635861
vn 0.802742 -0.135362 -0.580760
vn 0.705046 0.014558 -0.709013
vn 0.896295 0.007172 -0.443401
vn 0.897848 -0.157821 -0.411049
vn 0.796677 -0.119432 -0.592487
vn 0.978265 -0.140790 -0.152235
vn 0.897848 -0.157821 -0.411049
vn 0.896295 0.007172 -0.443401
vn 0.984075 -0.051334 -0.170177
s off
g Cracked_Planet Small_Planet_Piece:Small_Planet_Piece
usemtl Maya_Lambert3SG
f 188/230/727 189/231/728 190/232/729 191/233/730
f 193/234/731 192/235/732 194/236/733 195/237/734
f 194/236/735 196/238/736 197/239/737 195/237/738
f 197/239/739 198/240/740 199/241/741 195/237/742
f 199/241/743 198/240/744 200/242/745 201/243/746
f 200/242/747 189/231/748 188/230/749 201/243/750
f 202/244/751 198/240/752 197/239/753 203/245/754
f 197/239/755 196/238/756 204/246/757 203/245/758
f 204/246/759 205/247/760 206/248/761 203/245/762
f 206/248/763 207/249/764 202/244/765 203/245/766
f 209/250/767 208/251/768 190/232/769 210/252/770
f 190/232/771 189/231/772 200/242/773 210/252/774
f 200/242/775 198/240/776 202/244/777 210/252/778
f 202/244/779 207/249/780 209/250/781 210/252/782
f 211/253/783 205/247/784 212/254/785 213/255/786
f 212/254/787 214/256/788 215/257/789 213/255/790
f 212/254/791 205/247/792 204/246/793 216/258/794
f 204/246/795 196/238/796 217/259/797 216/258/798
f 217/259/799 218/260/800 219/261/801 216/258/802
f 219/261/803 214/256/804 212/254/805 216/258/806
f 219/261/807 218/260/808 220/262/809 221/263/810
f 220/262/811 222/264/812 223/265/813 221/263/814
f 223/265/815 224/266/816 225/267/817 221/263/818
f 225/267/819 214/256/820 219/261/821 221/263/822
f 226/268/823 218/260/824 217/259/825 227/269/826
f 217/259/827 196/238/828 194/236/829 227/269/830
f 194/236/831 192/235/832 228/270/833 227/269/834
f 228/270/835 229/271/836 226/268/837 227/269/838
f 230/272/839 229/271/840 228/270/841 231/273/842
f 230/272/843 232/274/844 233/275/845 234/276/846
f 233/275/847 235/277/848 236/278/849 234/276/850
f 236/278/851 237/279/852 238/280/853 234/276/854
f 238/280/855 229/271/856 230/272/857 234/276/858
f 238/280/859 237/279/860 239/281/861 240/282/862
f 239/281/863 222/264/864 220/262/865 240/282/866
f 220/262/867 218/260/868 226/268/869 240/282/870
f 226/268/871 229/271/872 238/280/873 240/282/874
f 241/283/875 237/279/876 236/278/877 242/284/878
f 236/278/879 235/277/880 243/285/881 242/284/882
f 244/286/883 224/266/884 223/265/885 245/287/886
f 223/265/887 222/264/888 239/281/889 245/287/890
f 239/281/891 237/279/892 241/283/893 245/287/894
f 246/288/895 235/277/896 233/275/897 247/289/898
f 243/285/899 235/277/900 246/288/901 248/290/902
f 246/288/903 249/291/904 250/292/905 248/290/906
f 190/293/907 251/294/908 252/295/909 191/296/910
f 205/297/911 253/298/912 254/299/913 206/300/914
f 206/300/915 254/299/916 207/301/917
f 209/302/918 254/299/919 255/303/920 208/304/921
f 208/305/922 255/306/923 251/294/924 190/293/925
f 207/301/926 254/299/927 209/302/928
f 211/307/929 256/308/930 253/298/931 205/297/932
f 213/309/933 257/310/934 256/308/935 211/307/936
f 214/311/937 258/312/938 257/310/939 215/313/940
f 215/313/941 257/310/942 213/309/943
f 224/314/944 259/315/945 225/316/946
f 225/316/947 259/315/948 258/312/949 214/311/950
f 242/317/951 260/318/952 241/319/953
f 243/320/954 260/318/955 242/317/956
f 244/321/957 261/322/958 259/315/959 224/314/960
f 245/323/961 262/324/962 261/322/963 244/321/964
f 241/319/965 260/318/966 262/325/967 245/326/968
f 248/327/969 260/318/970 243/320/971
f 250/328/972 263/329/973 260/318/974 248/327/975
f 264/330/976 259/315/977 261/322/978 262/324/979
f 265/331/980 264/332/981 262/325/982 260/318/983
f 264/330/984 266/333/985 258/312/986 259/315/987
f 258/312/988 253/298/989 256/308/990 257/310/991
f 267/334/992 255/303/993 254/299/994 253/298/995
f 266/333/996 267/334/997 253/298/998 258/312/999
f 180/335/1000 188/336/1001 191/296/1002
f 177/337/1003 192/338/1004 193/339/1005
f 177/337/1006 193/339/1007 195/340/1008
f 181/341/1009 177/337/1010 195/340/1011 199/342/1012
f 181/341/1013 199/342/1014 201/343/1015
f 180/335/1016 181/341/1017 201/343/1018 188/336/1019
f 177/337/1020 178/344/1021 228/345/1022 192/338/1023
f 178/344/1024 231/346/1025 228/345/1026
f 178/344/1027 230/347/1028 231/346/1029
f 178/344/1030 232/348/1031 230/347/1032
f 178/344/1033 182/349/1034 233/350/1035 232/348/1036
f 182/349/1037 247/351/1038 233/350/1039
f 182/349/1040 183/352/1041 246/353/1042 247/351/1043
f 183/352/1044 179/354/1045 249/355/1046 246/353/1047
f 179/354/1048 250/328/1049 249/355/1050
f 184/356/1051 252/295/1052 251/294/1053
f 184/356/1054 180/335/1055 191/296/1056 252/295/1057
f 184/356/1058 251/294/1059 255/306/1060
f 179/354/1061 186/357/1062 263/329/1063 250/328/1064
f 186/357/1065 185/358/1066 260/318/1067 263/329/1068
f 187/359/1069 264/360/1070 265/331/1071
f 185/358/1072 187/359/1073 265/331/1074 260/318/1075
f 187/359/1076 266/361/1077 264/360/1078
f 184/356/1079 255/306/1080 267/362/1081
f 187/359/1082 184/356/1083 267/362/1084 266/361/1085
f 183/352/1086 185/358/1087 186/357/1088 179/354/1089
f 268/363/1090 269/364/1091 187/359/1092 185/358/1093
f 187/359/1094 269/364/1095 184/356/1096
f 182/349/1097 268/363/1098 185/358/1099 183/352/1100
f 177/337/1101 268/363/1102 182/349/1103 178/344/1104
f 177/337/1105 181/341/1106 269/364/1107 268/363/1108
f 184/356/1109 269/364/1110 181/341/1111 180/335/1112
g default
v 0.000000 0.000000 -9.186000
v 6.646956 4.829297 -4.108178
v -2.538912 7.813969 -4.108178
v -8.216091 0.000000 -4.108178
v 6.646956 -4.829297 -4.108178
v 8.215693 0.000798 4.107093
v 2.538912 7.813969 4.107913
v -6.646956 4.829297 4.107913
v -6.653399 -4.816289 4.094580
v -0.003370 0.006806 9.178760
v -1.492334 4.592932 -7.814102
v 2.414649 7.431523 -4.829429
v 3.906984 2.838589 -7.814102
v 1.723200 5.303463 -7.299727
v -4.829297 0.000000 -7.814102
v -6.321632 4.592932 -4.829429
v -4.511395 3.277720 -7.299727
v -1.492334 -4.592932 -7.814102
v -6.321632 -4.592932 -4.829429
v -4.511395 -3.277720 -7.299727
v 3.906984 -2.838589 -7.814102
v 2.409352 -7.420832 -4.840392
v 1.723199 -5.303463 -7.299727
v 7.813969 0.000000 -4.829429
v 5.576389 0.000000 -7.299727
v 0.000000 9.185865 -0.000134
v 5.399318 7.431523 -0.000134
v 2.788194 8.581184 -1.723332
v -8.736280 2.838589 -0.000134
v -5.399318 7.431523 -0.000134
v -7.299593 5.303463 -1.723332
v -5.411635 -7.406653 -0.025628
v -8.736278 -2.838589 -0.000134
v -7.299593 -5.303463 -1.723332
v 8.736280 2.838589 -0.000134
v 9.022791 0.000000 -1.723332
v 6.321632 4.592932 4.829164
v 7.299593 5.303463 1.723066
v -2.414649 7.431523 4.829164
v -2.788197 8.581184 1.723066
v -7.813969 0.000000 4.829164
v -9.022791 0.000000 1.723066
v 1.492334 4.592932 7.813838
v 4.823519 0.011667 7.801876
v 4.511395 3.277722 7.299463
v -3.906984 2.838589 7.813838
v -1.723200 5.303463 7.299463
v -3.919765 -2.812776 7.787378
v -5.576389 0.000000 7.299463
v 1.866408 1.356025 -8.891582
v -0.712904 2.194097 -8.891582
v 0.061736 5.019303 -7.693178
v 2.900326 4.096989 -7.693178
v 1.035352 3.186489 -8.553176
v -2.138715 6.582289 -6.039963
v -0.272306 7.938315 -4.614151
v 2.115760 6.511639 -6.124044
v -0.116437 6.731333 -6.249596
v 4.886324 6.262177 -4.614151
v 5.599232 4.068078 -6.039963
v 4.050776 5.377323 -6.249596
v -2.307009 0.000000 -8.891582
v -4.754562 1.609765 -7.693178
v -3.000219 4.024412 -7.693178
v -2.710588 1.969357 -8.553176
v -6.921029 0.000000 -6.039963
v -7.633933 2.194096 -4.614151
v -5.539133 4.024412 -6.124044
v -6.437860 1.969357 -6.249596
v -4.445723 6.582289 -4.614151
v -3.862380 5.514204 -6.249596
v -0.712904 -2.194097 -8.891582
v -3.000219 -4.024412 -7.693178
v -4.754562 -1.609765 -7.693178
v -2.710588 -1.969357 -8.553176
v -2.138715 -6.582289 -6.039963
v -4.445723 -6.582289 -4.614151
v -5.539133 -4.024413 -6.124044
v -3.862380 -5.514204 -6.249596
v -7.633933 -2.194097 -4.614151
v -6.437860 -1.969357 -6.249596
v 1.866408 -1.356025 -8.891582
v 2.900326 -4.096989 -7.693178
v 0.061736 -5.019303 -7.693178
v 1.035352 -3.186489 -8.553176
v 5.599227 -4.068078 -6.039963
v 4.883640 -6.256758 -4.619705
v 2.115757 -6.511639 -6.124044
v 4.050776 -5.377324 -6.249596
v -0.116437 -6.731333 -6.249596
v 4.792719 1.492334 -7.693178
v 4.792718 -1.492334 -7.693178
v 3.350473 0.000000 -8.553176
v 7.465638 2.712053 -4.614151
v 6.846741 0.000000 -6.124044
v 6.365896 2.190835 -6.249596
v 7.465638 -2.712053 -4.614151
v 6.365896 -2.190835 -6.249596
v 6.312137 6.262177 -2.307142
v 2.638804 8.121404 -3.385348
v 4.207938 8.121404 -0.846438
v 4.690661 7.346681 -2.899120
v -1.425809 8.776386 -2.307142
v 1.369346 9.043717 -0.846438
v 0.523444 8.700693 -2.899120
v 1.425809 8.776386 2.306876
v 4.005123 7.938315 2.306876
v 2.827025 8.700693 0.828149
v -4.005124 7.938315 -2.307142
v -6.908481 5.019302 -3.385348
v -6.423592 6.511638 -0.846438
v -5.537614 6.731333 -2.899120
v -8.787439 1.356023 -2.307142
v -8.177936 4.096989 -0.846438
v -8.113096 3.186489 -2.899120
v -7.906239 4.068078 2.306876
v -6.312137 6.262177 2.306876
v -7.401251 5.377323 0.828149
v -8.787439 -1.356027 -2.307142
v -6.908481 -5.019303 -3.385348
v -8.177934 -4.096989 -0.846438
v -8.113096 -3.186490 -2.899120
v -4.013302 -7.921802 -2.324069
v -6.424829 -6.509143 -0.848996
v -5.537614 -6.731333 -2.899120
v -6.323203 -6.239830 2.283971
v -7.906239 -4.068078 2.306876
v -7.401251 -5.377324 0.828149
v 6.296010 -6.229614 -2.340519
v 4.669442 -7.303837 -2.943042
v 7.904535 -4.064634 -2.310674
v 8.539351 0.000000 -3.385348
v 9.024240 -1.492334 -0.846438
v 8.436604 -2.190835 -2.899120
v 7.906239 4.068078 -2.307142
v 9.024240 1.492334 -0.846438
v 8.436604 2.190835 -2.899120
v 8.787439 1.356025 2.306876
v 9.148448 0.000000 0.828149
v 6.423592 6.511639 0.846171
v 8.177936 4.096989 0.846171
v 7.401251 5.377324 -0.828415
v 4.445723 6.582290 4.613886
v 6.908481 5.019303 3.385082
v 5.537614 6.731333 2.898855
v 7.633933 2.194097 4.613886
v 8.113096 3.186489 2.898855
v -4.207938 8.121404 0.846171
v -1.369349 9.043717 0.846171
v -2.827025 8.700693 -0.828415
v -4.886324 6.262177 4.613886
v -2.638804 8.121404 3.385082
v -4.690661 7.346681 2.898855
v 0.272305 7.938315 4.613886
v -0.523447 8.700693 2.898855
v -9.024240 -1.492336 0.846171
v -9.024240 1.492334 0.846171
v -9.148448 0.000000 -0.828415
v -7.465638 -2.712053 4.613886
v -8.539351 0.000000 3.385082
v -8.436604 -2.190836 2.898855
v -7.465638 2.712051 4.613886
v -8.436604 2.190834 2.898855
v 6.918344 0.005418 6.034144
v 5.539130 4.024413 6.123780
v 4.754562 1.609765 7.692914
v 6.437860 1.969357 6.249331
v 2.138715 6.582290 6.039697
v 3.000219 4.024413 7.692914
v 3.862380 5.514204 6.249331
v 0.712904 2.194097 8.891318
v 2.301232 0.011667 8.879356
v 2.710588 1.969357 8.552912
v -2.115760 6.511639 6.123780
v -0.061736 5.019303 7.692914
v 0.116437 6.731333 6.249331
v -5.599232 4.068078 6.039697
v -2.900327 4.096989 7.692914
v -4.050776 5.377323 6.249331
v -1.866408 1.356025 8.891318
v -1.035352 3.186489 8.552912
v -6.846741 0.000000 6.123780
v -4.792720 1.492334 7.692914
v -6.365896 2.190834 6.249331
v -5.610504 -4.045310 6.016360
v -4.793957 -1.489836 7.690354
v -6.365896 -2.190835 6.249331
v -1.875122 -1.338429 8.873282
v -3.350473 0.000000 8.552912
v 0.685865 -2.139499 8.835356
v -1.069586 -3.117364 8.482048
v 3.429567 3.465430 -7.785314
v 2.895875 2.103976 -8.459882
v 1.475402 2.251172 -8.782820
v 1.972605 3.664335 -8.189252
v 2.460047 2.875607 -8.370273
v 0.886173 0.643842 -9.120458
v -0.338488 1.041761 -9.120458
v 0.129582 2.688457 -8.782820
v 0.529532 1.629731 -9.024752
v -1.106126 3.404305 -8.459882
v -0.737649 4.819440 -7.785314
v 0.557971 4.123978 -8.189252
v -0.299983 3.772396 -8.370273
v 0.888983 5.183166 -7.531715
v 2.327385 4.715797 -7.531715
v 1.443700 4.443256 -7.909201
v -1.843543 5.673842 -6.985049
v -1.172332 6.695336 -6.178992
v -0.028523 5.929018 -7.016264
v -0.967480 5.826741 -7.035276
v -2.369420 7.292323 -5.058599
v -1.483245 7.936167 -4.381619
v -0.198486 7.402872 -5.435041
v -1.344825 7.398406 -5.276039
v 1.052332 7.777819 -4.772798
v 2.277776 7.010276 -5.481735
v 0.995117 6.672738 -6.234276
v 1.029698 7.277774 -5.509568
v 1.929820 5.939377 -6.736582
v 0.948003 5.968855 -6.917808
v 3.720332 6.910932 -4.772798
v 4.511880 5.872383 -5.435041
v 3.117068 5.983274 -6.234276
v 3.444724 6.493083 -5.509568
v 5.864733 5.548665 -4.381619
v 6.203220 4.506903 -5.058599
v 4.883856 4.727561 -6.178992
v 5.436664 5.194969 -5.276039
v 4.826456 3.506627 -6.985049
v 3.508066 4.779912 -7.016264
v 4.207580 4.145261 -7.035276
v 2.741456 5.386129 -6.917808
v -2.236026 4.332589 -7.785314
v -1.685069 2.098839 -8.782820
v -2.875422 3.008401 -8.189252
v -1.974667 3.228256 -8.370273
v -1.095372 0.000000 -9.120458
v -2.516831 0.954019 -8.782820
v -1.386332 1.007227 -9.024752
v -3.579496 0.000000 -8.459882
v -4.811506 0.787743 -7.785314
v -3.749714 1.805039 -8.189252
v -3.680461 0.880434 -8.370273
v -4.654773 2.447158 -7.531711
v -3.765788 3.670736 -7.531711
v -3.779659 2.746082 -7.909201
v -5.965829 0.000000 -6.985049
v -6.729912 0.954016 -6.178992
v -5.647647 1.805039 -7.016264
v -5.840527 0.880433 -7.035276
v -7.667604 0.000000 -5.058599
v -8.006091 1.041757 -4.381619
v -7.101886 2.098839 -5.435041
v -7.451879 1.007227 -5.276039
v -7.071958 3.404305 -4.772798
v -5.963298 4.332589 -5.481735
v -6.038642 3.008401 -6.234276
v -6.603383 3.228256 -5.509568
v -5.052338 3.670736 -6.736582
v -5.383772 2.746082 -6.917808
v -5.423041 5.673842 -4.772798
v -4.190721 6.105719 -5.435041
v -4.727202 4.813442 -6.234276
v -5.110813 5.282602 -5.509568
v -3.464792 7.292323 -4.381619
v -2.986983 6.105721 -6.178992
v -3.260689 6.775906 -5.276039
v -3.461916 4.813442 -7.016264
v -2.642165 5.282602 -7.035276
v -4.275358 4.271683 -6.917808
v -4.811506 -0.787743 -7.785314
v -2.516831 -0.954019 -8.782820
v -3.749714 -1.805039 -8.189252
v -3.680461 -0.880434 -8.370273
v -0.338488 -1.041761 -9.120458
v -1.685069 -2.098839 -8.782820
v -1.386332 -1.007227 -9.024752
v -1.106126 -3.404305 -8.459882
v -2.236026 -4.332589 -7.785314
v -2.875422 -3.008401 -8.189252
v -1.974667 -3.228256 -8.370273
v -3.765788 -3.670736 -7.531711
v -4.654773 -2.447158 -7.531711
v -3.779659 -2.746082 -7.909201
v -1.843544 -5.673842 -6.985049
v -2.986985 -6.105719 -6.178991
v -3.461916 -4.813442 -7.016264
v -2.642165 -5.282602 -7.035276
v -3.464792 -7.292323 -4.381619
v -4.190722 -6.105719 -5.435041
v -3.260690 -6.775906 -5.276039
v -5.423041 -5.673842 -4.772798
v -5.963298 -4.332589 -5.481735
v -4.727203 -4.813442 -6.234276
v -5.110813 -5.282602 -5.509568
v -5.052337 -3.670736 -6.736582
v -4.275358 -4.271683 -6.917808
v -7.071958 -3.404306 -4.772798
v -7.101886 -2.098839 -5.435041
v -6.038642 -3.008401 -6.234276
v -6.603383 -3.228256 -5.509568
v -8.006091 -1.041761 -4.381619
v -6.729912 -0.954019 -6.178991
v -7.451878 -1.007230 -5.276039
v -5.647647 -1.805039 -7.016264
v -5.840527 -0.880434 -7.035276
v -5.383771 -2.746084 -6.917808
v -0.737649 -4.819440 -7.785314
v 0.129582 -2.688457 -8.782820
v 0.557970 -4.123978 -8.189252
v -0.299983 -3.772396 -8.370273
v 0.886173 -0.643842 -9.120458
v 1.475401 -2.251172 -8.782820
v 0.529532 -1.629731 -9.024752
v 2.895874 -2.103976 -8.459882
v 3.429567 -3.465430 -7.785314
v 1.972605 -3.664335 -8.189252
v 2.460047 -2.875607 -8.370273
v 2.327385 -4.715797 -7.531715
v 0.888982 -5.183166 -7.531715
v 1.443700 -4.443256 -7.909201
v 4.826456 -3.506627 -6.985049
v 4.883856 -4.727563 -6.178992
v 3.508065 -4.779912 -7.016264
v 4.207580 -4.145261 -7.035276
v 6.203220 -4.506905 -5.058599
v 5.863497 -5.546167 -4.384181
v 4.511880 -5.872383 -5.435041
v 5.436659 -5.194969 -5.276039
v 3.716192 -6.902575 -4.781364
v 2.276537 -7.007781 -5.484297
v 3.117067 -5.983274 -6.234276
v 3.444142 -6.491910 -5.510775
v 1.929820 -5.939379 -6.736582
v 2.741456 -5.386129 -6.917808
v 1.046648 -7.766343 -4.784561
v 0.995117 -6.672738 -6.234276
v 1.028558 -7.275481 -5.511924
v -1.172333 -6.695336 -6.178992
v -0.028523 -5.929018 -7.016264
v -0.967481 -5.826741 -7.035276
v 0.948003 -5.968855 -6.917808
v 4.355614 -2.190835 -7.785314
v 2.596916 -0.707539 -8.782820
v 4.094557 -0.743718 -8.189252
v 3.495062 -1.451033 -8.370273
v 2.596918 0.707539 -8.782820
v 1.713601 0.000000 -9.024752
v 4.355615 2.190835 -7.785314
v 4.094557 0.743718 -8.189252
v 3.495062 1.451033 -8.370273
v 5.204194 0.756212 -7.531711
v 5.204194 -0.756214 -7.531711
v 4.671916 0.000000 -7.909201
v 6.005372 3.183926 -6.178992
v 5.630016 1.859294 -7.016264
v 5.242592 2.720690 -7.035276
v 7.089396 3.863059 -4.381619
v 6.979218 2.476387 -5.435041
v 6.620731 3.565236 -5.276039
v 7.722331 1.402651 -4.772798
v 7.371037 0.000000 -5.481735
v 6.653656 1.115576 -6.234276
v 7.239769 1.269654 -5.509568
v 6.245032 0.000000 -6.736582
v 5.969669 0.942874 -6.917808
v 7.722331 -1.402651 -4.772798
v 6.979218 -2.476388 -5.435041
v 6.653656 -1.115576 -6.234276
v 7.239769 -1.269656 -5.509568
v 7.089396 -3.863059 -4.381619
v 6.005372 -3.183927 -6.178991
v 6.620731 -3.565236 -5.276039
v 5.630016 -1.859294 -7.016264
v 5.242592 -2.720690 -7.035276
v 5.969669 -0.942874 -6.917808
v 4.837309 7.798019 -0.414273
v 5.932586 6.910932 -1.193300
v 5.565812 6.826402 -2.608231
v 4.485554 7.788316 -1.898065
v 5.256504 7.373519 -1.543037
v 6.541710 5.548665 -3.286248
v 4.821862 6.826402 -3.811968
v 5.763929 6.202199 -3.562438
v 2.533730 7.798019 -4.141546
v 3.703563 7.788311 -3.163353
v 3.730796 7.373519 -4.011685
v 2.724951 8.386534 -2.573229
v 3.520082 8.386536 -1.286679
v 3.633713 8.132212 -2.245890
v 0.111492 8.356891 -3.811968
v 1.581610 8.477779 -3.163353
v 1.315768 8.158209 -4.011685
v -2.030930 8.334084 -3.286248
v -0.490375 8.794176 -2.608231
v -1.017557 8.405637 -3.562438
v -0.737418 9.078147 -1.193300
v 0.670094 9.152027 -0.414273
v 0.948964 8.937419 -1.898064
v 0.081444 9.054998 -1.543037
v 2.081676 8.853902 -1.286679
v 1.840260 8.714940 -2.245890
v 0.737417 9.078147 1.193034
v 2.113450 8.794176 1.604851
v 2.121953 8.937419 -0.000134
v 1.416439 9.054998 0.617028
v 2.030930 8.334084 3.285982
v 3.255592 7.936167 3.285982
v 3.459269 8.356891 1.604851
v 2.731158 8.405637 2.503108
v 4.739417 7.777819 1.193034
v 3.536588 8.477779 -0.000134
v 4.176470 8.158209 0.617028
v 2.831656 8.714940 -0.641777
v -5.921546 7.010272 -0.414273
v -4.739417 7.777819 -1.193300
v -4.772364 7.402872 -2.608231
v -6.021014 6.672738 -1.898065
v -5.388285 7.277774 -1.543037
v -3.255595 7.936167 -3.286248
v -5.002258 6.695336 -3.811968
v -4.117487 7.398406 -3.562438
v -6.633389 4.819440 -4.141546
v -6.262662 5.929018 -3.163353
v -5.859755 5.826741 -4.011685
v -7.134013 5.183164 -2.573229
v -6.888305 5.939377 -1.286679
v -6.611317 5.968855 -2.245890
v -7.913426 2.688454 -3.811968
v -7.574101 4.123977 -3.163353
v -7.352323 3.772396 -4.011685
v -8.553775 0.643842 -3.286248
v -8.515294 2.251172 -2.608231
v -8.308677 1.629730 -3.562438
v -8.861705 2.103976 -1.193300
v -8.497024 3.465430 -0.414273
v -8.206746 3.664335 -1.898064
v -8.586647 2.875605 -1.543037
v -7.777291 4.715797 -1.286679
v -7.719733 4.443256 -2.245890
v -8.405954 3.506627 1.193034
v -7.710669 4.727560 1.604851
v -7.844275 4.779909 -0.000134
v -8.174113 4.145259 0.617028
v -7.298592 4.506903 3.285982
v -6.541710 5.548665 3.285982
v -6.878905 5.872383 1.604851
v -7.150261 5.194969 2.503108
v -5.932586 6.910932 1.193034
v -6.969979 5.983274 -0.000134
v -6.468318 6.493083 0.617028
v -7.413371 5.386126 -0.641777
v -8.497024 -3.465431 -0.414273
v -8.861705 -2.103976 -1.193300
v -8.515292 -2.251172 -2.608231
v -8.206744 -3.664336 -1.898064
v -8.586647 -2.875607 -1.543037
v -8.553775 -0.643842 -3.286248
v -7.913426 -2.688457 -3.811968
v -8.308677 -1.629731 -3.562438
v -6.633389 -4.819440 -4.141546
v -7.574101 -4.123979 -3.163353
v -7.352323 -3.772396 -4.011685
v -7.134013 -5.183166 -2.573226
v -7.777291 -4.715798 -1.286679
v -7.719727 -4.443256 -2.245890
v -5.002258 -6.695336 -3.811968
v -6.262662 -5.929019 -3.163353
v -5.859755 -5.826741 -4.011685
v -3.261277 -7.924693 -3.298012
v -4.774807 -7.397943 -2.613287
v -4.118629 -7.396111 -3.564792
v -4.750163 -7.756124 -1.215537
v -5.927229 -6.998802 -0.426038
v -6.021413 -6.671935 -1.898886
v -5.392425 -7.269416 -1.551605
v -6.888305 -5.939379 -1.286679
v -6.611317 -5.968858 -2.245890
v -5.944901 -6.886061 1.167539
v -6.882798 -5.864526 1.596797
v -6.970564 -5.982097 -0.001337
v -6.473291 -6.483037 0.606732
v -6.550572 -5.530765 3.267638
v -7.299827 -4.504406 3.283423
v -7.710669 -4.727561 1.604851
v -7.152947 -5.189551 2.497556
v -8.405954 -3.506629 1.193034
v -7.844275 -4.779912 -0.000134
v -8.174111 -4.145261 0.617028
v -7.413371 -5.386129 -0.641777
v 2.521758 -7.773852 -4.166319
v 4.812385 -6.807267 -3.831581
v 3.681606 -7.743978 -3.208802
v 3.719522 -7.350751 -4.035023
v 6.536735 -5.538617 -3.296548
v 5.546771 -6.787949 -2.647644
v 5.756749 -6.187695 -3.577305
v 3.597160 -8.058405 -2.321548
v 8.911165 -2.190835 -0.414273
v 8.403514 -3.501693 -1.198357
v 8.212222 -3.183926 -2.608231
v 8.793236 -1.859294 -1.898064
v 8.636982 -2.720691 -1.543037
v 7.297454 -4.504604 -3.288604
v 7.982330 -2.476388 -3.811968
v 7.679797 -3.565240 -3.562438
v 8.199322 0.000000 -4.141546
v 8.551591 -1.115576 -3.163353
v 8.165512 -1.269656 -4.011685
v 8.818128 0.000000 -2.573226
v 9.063836 -0.756214 -1.286679
v 8.857074 -0.942874 -2.245890
v 7.982330 2.476388 -3.811968
v 8.551591 1.115576 -3.163353
v 8.165514 1.269654 -4.011685
v 7.298592 4.506903 -3.286248
v 8.212222 3.183926 -2.608231
v 7.679791 3.565236 -3.562438
v 8.405954 3.506627 -1.193300
v 8.911168 2.190835 -0.414273
v 8.793238 1.859294 -1.898064
v 8.636982 2.720690 -1.543037
v 9.063836 0.756212 -1.286679
v 8.857074 0.942874 -2.245890
v 8.861705 2.103976 1.193034
v 9.016851 0.707539 1.604851
v 9.155713 0.743718 -0.000134
v 9.049519 1.451033 0.617028
v 8.553775 0.643842 3.285982
v 8.552638 -0.641545 3.283629
v 9.016851 -0.707539 1.604851
v 8.838208 0.000000 2.503108
v 9.155713 -0.743718 -0.000134
v 9.049519 -1.451033 0.617028
v 9.163431 0.000000 -0.641777
v 8.497024 3.465430 0.414009
v 7.710669 4.727561 -1.605115
v 7.844275 4.779912 -0.000134
v 8.174113 4.145261 -0.617294
v 6.878905 5.872383 -1.605115
v 7.150261 5.194969 -2.503373
v 5.921546 7.010276 0.414009
v 6.969979 5.983274 -0.000134
v 6.468318 6.493083 -0.617294
v 6.888305 5.939377 1.286415
v 7.777285 4.715797 1.286415
v 7.413371 5.386129 0.641515
v 4.772364 7.402872 2.607966
v 6.021014 6.672738 1.897801
v 5.388282 7.277774 1.542771
v 3.464792 7.292323 4.381354
v 5.002256 6.695336 3.811704
v 4.117487 7.398406 3.562173
v 5.423041 5.673842 4.772531
v 6.633388 4.819440 4.141280
v 6.262662 5.929019 3.163089
v 5.859755 5.826741 4.011422
v 7.134013 5.183166 2.572964
v 6.611317 5.968858 2.245626
v 7.071958 3.404306 4.772531
v 7.913426 2.688457 3.811704
v 7.574101 4.123978 3.163089
v 7.352323 3.772396 4.011422
v 8.006091 1.041761 4.381354
v 8.515294 2.251172 2.607966
v 8.308677 1.629731 3.562173
v 8.206746 3.664336 1.897802
v 8.586647 2.875607 1.542771
v 7.719727 4.443256 2.245626
v -0.670095 9.152027 0.414009
v -2.113451 8.794176 -1.605115
v -2.121953 8.937419 -0.000134
v -1.416439 9.054998 -0.617294
v -3.459269 8.356891 -1.605115
v -2.731158 8.405637 -2.503374
v -4.837309 7.798019 0.414009
v -3.536588 8.477779 -0.000134
v -4.176470 8.158208 -0.617294
v -3.520082 8.386536 1.286415
v -2.081676 8.853902 1.286415
v -2.831656 8.714938 0.641515
v -5.565812 6.826402 2.607966
v -4.485554 7.788311 1.897801
v -5.256504 7.373519 1.542771
v -5.864733 5.548665 4.381354
v -4.821862 6.826402 3.811704
v -5.763929 6.202199 3.562173
v -3.720332 6.910932 4.772531
v -2.533730 7.798019 4.141280
v -3.703563 7.788311 3.163089
v -3.730796 7.373519 4.011422
v -2.724951 8.386534 2.572964
v -3.633713 8.132212 2.245626
v -1.052332 7.777819 4.772531
v -0.111492 8.356891 3.811704
v -1.581611 8.477779 3.163089
v -1.315768 8.158209 4.011422
v 1.483245 7.936167 4.381354
v 0.490375 8.794176 2.607966
v 1.017555 8.405637 3.562173
v -0.948965 8.937419 1.897801
v -0.081445 9.054998 1.542771
v -1.840260 8.714940 2.245626
v -8.911165 2.190834 0.414009
v -9.016851 0.707537 -1.605115
v -9.155713 0.743717 -0.000134
v -9.049519 1.451033 -0.617294
v -9.016851 -0.707540 -1.605115
v -8.838211 0.000000 -2.503374
v -8.911165 -2.190836 0.414009
v -9.155713 -0.743718 -0.000134
v -9.049519 -1.451036 -0.617294
v -9.063836 -0.756214 1.286415
v -9.063836 0.756212 1.286415
v -9.163431 0.000000 0.641515
v -8.212222 -3.183927 2.607966
v -8.793236 -1.859294 1.897801
v -8.636982 -2.720691 1.542771
v -7.090633 -3.860561 4.378793
v -7.982330 -2.476388 3.811704
v -7.679791 -3.565240 3.562173
v -7.722331 -1.402652 4.772531
v -8.199322 0.000000 4.141280
v -8.551591 -1.115578 3.163089
v -8.165512 -1.269656 4.011422
v -8.818124 0.000000 2.572964
v -8.857074 -0.942875 2.245626
v -7.722331 1.402648 4.772531
v -7.982330 2.476386 3.811704
v -8.551591 1.115576 3.163089
v -8.165514 1.269654 4.011422
v -7.089396 3.863059 4.381354
v -8.212222 3.183926 2.607966
v -7.679791 3.565236 3.562173
v -8.793238 1.859294 1.897802
v -8.636982 2.720690 1.542771
v -8.857074 0.942871 2.245626
v -4.858530 -7.755173 0.370088
v -3.477654 -8.319769 -1.643170
v -3.570823 -8.408653 -0.070989
v -4.197268 -8.116213 -0.660345
v -5.588287 -6.781019 2.561446
v -5.784172 -6.161330 3.520280
v -5.279444 -7.327201 1.495295
v 6.861130 -5.836491 -1.641907
v 7.143821 -5.181962 -2.516708
v 8.000796 -1.031067 4.370395
v 4.810268 0.790242 7.782484
v 5.961296 0.009153 6.975400
v 6.729912 0.954019 6.178729
v 5.647647 1.805039 7.015999
v 5.839946 0.881610 7.033806
v 7.666365 0.002498 5.055772
v 7.101886 2.098839 5.434776
v 7.451878 1.007230 5.275773
v 5.963298 4.332589 5.481471
v 6.038639 3.008401 6.234010
v 6.603383 3.228256 5.509305
v 5.052337 3.670736 6.736319
v 4.654773 2.447159 7.531447
v 5.383772 2.746084 6.917543
v 4.190718 6.105721 5.434776
v 4.727202 4.813444 6.234010
v 5.110812 5.282602 5.509305
v 2.369419 7.292323 5.058333
v 2.986983 6.105721 6.178727
v 3.260688 6.775906 5.275773
v 1.843543 5.673842 6.984785
v 2.236026 4.332589 7.785050
v 3.461913 4.813444 7.015999
v 2.642164 5.282602 7.035011
v 3.765788 3.670736 7.531447
v 4.275358 4.271686 6.917543
v 1.106126 3.404305 8.459618
v 1.685069 2.098839 8.782554
v 2.875422 3.008401 8.188980
v 1.974667 3.228256 8.370006
v 0.338488 1.041761 9.120194
v 1.090396 0.010048 9.109892
v 2.515692 0.956316 8.780204
v 1.385750 1.008405 9.023286
v 3.573288 0.012535 8.446770
v 3.749714 1.805039 8.188980
v 3.679224 0.882933 8.367448
v 3.779659 2.746084 7.908940
v 0.737649 4.819440 7.785050
v 1.172332 6.695336 6.178729
v 0.028523 5.929019 7.015999
v 0.967480 5.826741 7.035011
v 0.198486 7.402872 5.434776
v 1.344825 7.398406 5.275773
v -2.277776 7.010276 5.481470
v -0.995117 6.672738 6.234010
v -1.029698 7.277774 5.509305
v -1.929820 5.939377 6.736319
v -0.888983 5.183166 7.531447
v -0.948003 5.968855 6.917543
v -4.511880 5.872383 5.434776
v -3.117068 5.983274 6.234010
v -3.444724 6.493083 5.509305
v -6.203220 4.506903 5.058333
v -4.883856 4.727560 6.178729
v -5.436664 5.194969 5.275773
v -4.826456 3.506627 6.984785
v -3.429567 3.465430 7.785050
v -3.508066 4.779912 7.015999
v -4.207580 4.145259 7.035011
v -2.327385 4.715797 7.531447
v -2.741456 5.386129 6.917543
v -2.895875 2.103976 8.459618
v -1.475402 2.251172 8.782554
v -1.972605 3.664335 8.188980
v -2.460047 2.875607 8.370006
v -0.886173 0.643842 9.120194
v -0.129582 2.688457 8.782554
v -0.529532 1.629731 9.024486
v -0.557971 4.123978 8.188980
v 0.299983 3.772396 8.370006
v -1.443700 4.443256 7.908940
v -4.355615 2.190834 7.785050
v -6.005372 3.183926 6.178729
v -5.630016 1.859294 7.015999
v -5.242592 2.720689 7.035011
v -6.979218 2.476386 5.434776
v -6.620731 3.565236 5.275773
v -7.371037 0.000000 5.481470
v -6.653656 1.115576 6.234010
v -7.239769 1.269654 5.509305
v -6.245032 0.000000 6.736319
v -5.204194 0.756212 7.531447
v -5.969669 0.942871 6.917543
v -6.979218 -2.476388 5.434776
v -6.653656 -1.115576 6.234010
v -7.239769 -1.269656 5.509305
v -6.212087 -4.489006 5.039986
v -6.009513 -3.175569 6.170159
v -6.623415 -3.559819 5.270219
v -4.839241 -3.480815 6.958328
v -4.361391 -2.179168 7.773088
v -5.630599 -1.858118 7.014796
v -5.247890 -2.709995 7.024051
v -5.204194 -0.756214 7.531447
v -5.969669 -0.942875 6.917543
v -2.907150 -2.081209 8.436280
v -2.599600 -0.702121 8.777000
v -4.095140 -0.742542 8.187780
v -3.499596 -1.441882 8.360624
v -0.891951 -0.632176 9.108234
v -2.596918 0.707539 8.782554
v -1.714838 0.002497 9.021926
v -4.094557 0.743717 8.188980
v -3.495062 1.451033 8.370006
v -4.671916 0.000000 7.908940
v -3.451524 -3.421096 7.739604
v -4.230979 -4.098014 6.986582
v -0.160721 -2.625578 8.718102
v 0.326518 -1.017591 9.095416
v -1.494559 -2.212486 8.742902
v -0.545237 -1.598020 8.991978
v -2.481268 -2.832758 8.326084
v 6.719921 -0.933841 6.158044
v 7.444223 -0.991776 5.259936
v 4.798723 -0.761932 7.758592
v 5.828666 -0.856484 7.010463
v 2.502207 -0.924490 8.752286
v 3.665838 -0.850904 8.339738
v 1.656773 -2.041704 8.723984
v 1.372512 -0.979322 8.995876
v -2.304787 -4.906943 -4.408829
v -2.329817 -5.485710 -3.158023
v -0.689240 -5.623331 -3.575614
v -0.518073 -5.065552 -4.723667
v -1.187947 -4.883073 -5.065815
v -1.849751 -5.824299 -2.913935
v -0.236611 -5.760883 -3.455697
v 0.750428 -5.521649 -3.763886
v 1.595411 -5.400157 -3.407364
v 0.692005 -5.676754 -3.161057
v 1.487484 -5.392559 -2.627625
v 1.624705 -5.409311 -2.312262
v 4.356620 -4.294727 -2.019156
v 3.835647 -4.785411 -2.226540
v 2.817468 -5.110545 -1.515760
v 3.051654 -5.051134 -2.361648
v 2.436096 -5.273150 -2.173816
v 6.596959 -0.253378 1.195184
v 7.005387 -0.588095 0.229497
v 6.603874 -1.472609 -0.459378
v -2.580555 -5.778924 -2.386255
v -1.978919 -6.008926 -1.850474
v -2.763853 -5.776714 -1.393201
v -2.091157 -5.857656 -0.943679
v -2.949256 -5.700234 -0.759874
v -3.302181 -5.296013 -0.009593
v -3.885766 -5.205305 -0.165280
v -4.316493 -3.722847 2.664632
v -4.689455 -4.206568 1.997248
v -4.546310 -4.666940 1.384699
v -5.028406 -3.244171 2.841806
v -4.396516 -4.999444 0.634795
v 4.763902 -3.844317 -1.628150
v 4.895769 -3.411463 -0.882118
v 5.124970 -3.157543 -1.130419
v 5.762878 -2.767392 -1.824404
v 6.404371 -2.185341 -1.253618
v 6.343731 -1.891002 -0.085291
v 6.295146 -0.999082 1.231662
v 6.135710 -0.280348 2.000127
v 5.769947 -0.288268 2.818152
v 5.695428 -1.107914 1.960559
v -3.552033 -2.633887 4.961394
v -2.926935 -2.122808 5.692179
v -4.211030 -2.645998 4.275386
v -3.667871 -3.134417 3.988442
v -5.004907 -2.841980 3.731515
v -0.458150 -1.521115 5.915589
v -1.062104 -1.838881 5.847333
v 0.243857 -1.199461 5.985942
v -1.934771 -1.886354 5.819990
v -1.601703 -2.491375 5.366261
v 5.286386 -0.180025 3.634621
v 4.834725 -0.152474 4.318670
v 3.563508 -0.059288 5.731580
v 4.313294 -0.131312 5.007598
v 2.628721 -0.187732 6.151751
v 1.739768 -0.507565 6.055793
v 1.015531 -1.068308 5.937800
v 1.848466 -1.263768 5.498380
v -1.179469 -5.949615 -3.115849
v -1.100910 -5.047739 -1.384706
v 0.002741 -4.688373 -2.053643
v 0.994649 -4.567348 -1.539502
v 3.229969 -3.449393 -1.106807
v 4.696256 -1.418561 0.739310
v -1.325289 -4.873421 -0.705393
v -2.360330 -4.308775 0.143765
v -3.028097 -3.141006 1.962384
v -3.146536 -3.591170 1.251675
v 3.624000 -2.980551 -0.517099
v 3.948411 -0.776292 1.947546
v -2.261148 -2.427234 3.497447
v 0.201156 -1.481408 3.898904
v -1.188200 -2.509892 3.793374
v 2.557070 -0.863040 3.992817
v 1.556184 -1.162518 4.142965
v 0.457306 -2.774399 1.168715
v -2.659364 -7.776988 -4.073988
v -2.531661 -7.695750 -4.068178
v -2.479188 -7.186448 -5.137372
v -2.365774 -7.157739 -5.021937
v -0.179213 -7.915637 -4.636960
v -0.293341 -7.839510 -4.584982
v -0.061704 -7.307817 -5.542117
v -0.215682 -7.280035 -5.399136
v -1.321448 -7.301035 -5.400915
v -1.335331 -7.239468 -5.263586
v -2.178597 -8.257974 -3.321734
v -2.033287 -8.196068 -3.291252
v 0.156497 -8.256301 -3.965489
v 0.082365 -8.211404 -3.822952
v 1.388035 -8.039552 -4.164831
v 1.275289 -8.003498 -4.026261
v 2.719318 -7.970989 -3.569340
v 2.570651 -7.955783 -3.428969
v 1.620544 -8.351394 -3.354222
v 1.520567 -8.312723 -3.213005
v 2.786119 -8.289089 -2.610795
v 2.649192 -8.217174 -2.644478
v 2.830945 -8.420620 -1.909457
v 2.695750 -8.366812 -1.847615
v 5.941035 -6.775052 -1.381094
v 5.828735 -6.726682 -1.298740
v 5.256887 -7.241286 -1.735837
v 5.155746 -7.183061 -1.647177
v 4.086446 -8.012115 -1.139009
v 4.103275 -7.902781 -0.983829
v 4.363531 -7.708467 -2.137630
v 4.388354 -7.598811 -1.992196
v 3.482920 -8.244943 -1.529020
v 3.422292 -8.152068 -1.432527
v 8.779964 -1.149290 2.365226
v 8.677873 -1.298415 2.248737
v 8.891380 -1.989651 1.091595
v 8.751803 -2.011461 1.132419
v 8.732786 -2.788607 -0.180245
v 8.626961 -2.765047 -0.028402
v -2.737919 -8.247205 -2.526982
v -2.812587 -8.317297 -2.632860
v -3.024569 -8.566327 -0.896314
v -2.855757 -8.503788 -0.919536
v -2.135926 -8.606873 -1.675954
v -2.213235 -8.691979 -1.767682
v -2.331641 -8.785736 -0.131919
v -2.170342 -8.721150 -0.138300
v -2.988483 -8.580096 0.442345
v -2.886296 -8.479896 0.476691
v -3.601795 -8.286193 1.033885
v -3.559693 -8.170821 1.137852
v -4.305181 -8.026396 0.580467
v -4.225813 -7.926238 0.734416
v -5.025431 -6.182146 4.420112
v -4.896694 -6.093221 4.466958
v -4.980861 -6.674167 3.707212
v -4.850402 -6.628845 3.651412
v -4.851375 -7.200177 2.783290
v -4.721062 -7.139912 2.756043
v -6.027319 -5.457228 4.183858
v -5.840774 -5.404698 4.273408
v -4.643072 -7.652405 1.769681
v -4.516143 -7.581380 1.763716
v 6.926621 -5.902894 -0.238678
v 6.860885 -5.821175 -0.104343
v 6.481452 -6.353510 -0.800718
v 6.360809 -6.310344 -0.731665
v 7.329500 -5.390677 -0.945844
v 7.305191 -5.265001 -0.875753
v 7.667231 -4.677076 -1.816136
v 7.611276 -4.620152 -1.630573
v 8.204927 -4.025830 -0.726812
v 8.071894 -4.025005 -0.667285
v 8.500372 -3.409627 0.246436
v 8.397312 -3.382776 0.376980
v 8.525844 -2.063065 2.639179
v 8.419529 -2.186120 2.537597
v 8.296049 -1.419293 3.618627
v 8.208385 -1.558832 3.481752
v 7.663089 -2.025789 4.554565
v 7.535072 -2.077203 4.501094
v 7.911591 -2.483489 3.833124
v 7.817913 -2.597213 3.710075
v -3.023163 -3.923868 7.642206
v -2.934178 -3.932260 7.525205
v -3.648823 -4.613004 6.945891
v -3.545746 -4.604421 6.843127
v -4.137944 -5.169015 6.236946
v -4.073591 -5.219971 6.089445
v -4.931959 -4.532781 6.205587
v -4.875087 -4.588491 6.046674
v -5.568226 -5.056054 5.205300
v -5.432456 -5.029062 5.152635
v -0.665352 -3.910311 8.128106
v -0.629126 -3.928194 7.988326
v 0.204497 -3.556310 8.312300
v 0.226258 -3.580153 8.170478
v 1.020591 -3.189942 8.407232
v 1.025267 -3.222496 8.264710
v -1.968258 -3.441080 8.183996
v -2.004520 -3.520609 8.018294
v -1.465122 -4.215032 7.869562
v -1.498987 -4.273513 7.715652
v 7.126420 -1.928880 5.377729
v 7.002874 -1.976117 5.316348
v 6.456029 -1.794200 6.197835
v 6.344697 -1.845198 6.118985
v 4.743346 -1.428814 7.665350
v 4.673603 -1.489055 7.550561
v 5.654445 -1.626830 6.974535
v 5.562597 -1.681599 6.875617
v 3.715211 -1.621039 8.164820
v 3.669962 -1.675678 8.037786
v 2.541251 -1.809067 8.552458
v 2.643154 -1.854009 8.392964
v 1.897768 -3.014847 8.318854
v 1.890274 -3.048958 8.177526
v 2.712838 -2.833267 8.157522
v 2.796130 -2.859658 8.005362
vt 0.179103 0.425660
vt 0.162515 0.407859
vt 0.173347 0.394658
vt 0.192630 0.412002
vt 0.183481 0.382325
vt 0.205393 0.399337
vt 0.227222 0.414154
vt 0.212485 0.427325
vt 0.196733 0.441792
vt 0.247784 0.426499
vt 0.231837 0.440359
vt 0.266267 0.436129
vt 0.249990 0.450975
vt 0.231787 0.467889
vt 0.214508 0.455915
vt 0.212057 0.486458
vt 0.196173 0.472810
vt 0.191526 0.506130
vt 0.177471 0.490599
vt 0.164035 0.473497
vt 0.180388 0.457283
vt 0.151440 0.455039
vt 0.165158 0.440070
vt 0.139609 0.435285
vt 0.151145 0.421616
vt 0.580617 0.406323
vt 0.561007 0.418450
vt 0.548818 0.405100
vt 0.569673 0.389900
vt 0.537573 0.391626
vt 0.559811 0.373933
vt 0.580849 0.357199
vt 0.589822 0.375438
vt 0.599931 0.394698
vt 0.599828 0.342103
vt 0.608410 0.362014
vt 0.616186 0.329093
vt 0.624992 0.349795
vt 0.634918 0.372845
vt 0.618180 0.383519
vt 0.645518 0.397953
vt 0.628601 0.406387
vt 0.655803 0.424536
vt 0.638758 0.430198
vt 0.621260 0.435259
vt 0.610694 0.414713
vt 0.603663 0.439807
vt 0.592192 0.422977
vt 0.586273 0.444216
vt 0.573677 0.431446
vt 0.111870 0.398547
vt 0.098841 0.417533
vt 0.080614 0.407696
vt 0.094465 0.385908
vt 0.064061 0.397462
vt 0.078921 0.373196
vt 0.092234 0.349602
vt 0.107001 0.364386
vt 0.123791 0.379475
vt 0.104239 0.327972
vt 0.118335 0.344181
vt 0.114968 0.309020
vt 0.128516 0.325916
vt 0.144621 0.344265
vt 0.134695 0.361186
vt 0.163074 0.363430
vt 0.153154 0.378345
vt 0.142434 0.394249
vt 0.130931 0.410657
vt 0.118512 0.426716
vt 0.239895 0.518739
vt 0.222891 0.534324
vt 0.206525 0.520571
vt 0.225131 0.502655
vt 0.243167 0.485341
vt 0.256483 0.503327
vt 0.260059 0.469089
vt 0.275413 0.454048
vt 0.286809 0.474502
vt 0.272241 0.488494
vt 0.300295 0.496643
vt 0.286379 0.508681
vt 0.315585 0.519339
vt 0.302223 0.528697
vt 0.288046 0.538602
vt 0.271550 0.521333
vt 0.273387 0.548942
vt 0.256117 0.534348
vt 0.258876 0.559461
vt 0.240376 0.547242
vt 0.299602 0.559405
vt 0.316480 0.549931
vt 0.332374 0.541106
vt 0.349306 0.561239
vt 0.331446 0.569765
vt 0.312182 0.579080
vt 0.365462 0.579167
vt 0.346301 0.587695
vt 0.380279 0.594589
vt 0.360560 0.603451
vt 0.337928 0.613254
vt 0.325119 0.597120
vt 0.313119 0.624068
vt 0.302463 0.607495
vt 0.287358 0.636147
vt 0.279313 0.618940
vt 0.271820 0.600276
vt 0.292043 0.589220
vt 0.265044 0.580432
vt 0.282203 0.569525
vt 0.531505 0.315194
vt 0.513862 0.300278
vt 0.522726 0.284373
vt 0.543643 0.299624
vt 0.532071 0.269048
vt 0.555662 0.285046
vt 0.577748 0.301016
vt 0.563586 0.314917
vt 0.548590 0.330180
vt 0.597984 0.315864
vt 0.582349 0.329269
vt 0.565088 0.344358
vt 0.546466 0.360735
vt 0.526968 0.377642
vt 0.516696 0.362764
vt 0.532920 0.346382
vt 0.506879 0.347496
vt 0.519292 0.331359
vt 0.497268 0.332350
vt 0.505473 0.316397
vt 0.334459 0.480401
vt 0.342688 0.500043
vt 0.328823 0.509974
vt 0.316935 0.488854
vt 0.306030 0.468329
vt 0.326559 0.461318
vt 0.296359 0.449187
vt 0.287911 0.431932
vt 0.312316 0.426913
vt 0.319168 0.443353
vt 0.338981 0.421200
vt 0.343466 0.436826
vt 0.367049 0.415158
vt 0.368546 0.429868
vt 0.369646 0.445531
vt 0.347964 0.453667
vt 0.370550 0.462020
vt 0.352514 0.471426
vt 0.371524 0.479130
vt 0.357021 0.489666
vt 0.392323 0.446322
vt 0.394436 0.427524
vt 0.395484 0.409747
vt 0.423345 0.405754
vt 0.419752 0.426377
vt 0.414251 0.447922
vt 0.465122 0.433215
vt 0.453550 0.455662
vt 0.434759 0.450895
vt 0.443535 0.427466
vt 0.441108 0.480124
vt 0.425194 0.474777
vt 0.428003 0.505496
vt 0.415267 0.498910
vt 0.401559 0.492335
vt 0.407987 0.470035
vt 0.386938 0.485781
vt 0.389649 0.465867
vt 0.387433 0.510642
vt 0.401610 0.520840
vt 0.414763 0.530588
vt 0.402062 0.554297
vt 0.388523 0.541914
vt 0.373860 0.528552
vt 0.390456 0.575809
vt 0.376375 0.561476
vt 0.361067 0.545528
vt 0.345000 0.528195
vt 0.358429 0.514464
vt 0.372459 0.500163
vt 0.338752 0.386799
vt 0.361778 0.384993
vt 0.364907 0.400485
vt 0.339193 0.404610
vt 0.314579 0.408727
vt 0.316570 0.388828
vt 0.291775 0.412527
vt 0.271266 0.415869
vt 0.276817 0.392747
vt 0.295789 0.390858
vt 0.282758 0.367337
vt 0.299720 0.367396
vt 0.288705 0.340525
vt 0.303176 0.342863
vt 0.318783 0.345591
vt 0.318067 0.367592
vt 0.335343 0.348744
vt 0.337503 0.368035
vt 0.352478 0.352323
vt 0.357589 0.368865
vt 0.327262 0.325034
vt 0.309971 0.318883
vt 0.293908 0.313506
vt 0.298089 0.287566
vt 0.315595 0.295414
vt 0.334588 0.304562
vt 0.301204 0.263610
vt 0.320076 0.273290
vt 0.303101 0.242064
vt 0.323500 0.253215
vt 0.345791 0.266504
vt 0.340762 0.284846
vt 0.369412 0.282042
vt 0.362621 0.298153
vt 0.393309 0.299617
vt 0.384839 0.313110
vt 0.375174 0.326350
vt 0.354636 0.314904
vt 0.364252 0.339387
vt 0.345496 0.331909
vt 0.390226 0.345387
vt 0.404366 0.332965
vt 0.415909 0.318861
vt 0.415009 0.385871
vt 0.390153 0.392766
vt 0.383069 0.375063
vt 0.404216 0.365126
vt 0.374186 0.357181
vt 0.250332 0.356517
vt 0.259136 0.336059
vt 0.274365 0.338331
vt 0.267037 0.362133
vt 0.260017 0.385158
vt 0.242008 0.376698
vt 0.253496 0.406713
vt 0.234235 0.396033
vt 0.213983 0.383770
vt 0.193520 0.370190
vt 0.204093 0.357516
vt 0.223202 0.367404
vt 0.215123 0.344390
vt 0.232910 0.350523
vt 0.226422 0.331014
vt 0.243106 0.333651
vt 0.191110 0.340293
vt 0.176684 0.352203
vt 0.161004 0.334197
vt 0.178665 0.323268
vt 0.146854 0.316918
vt 0.134345 0.300905
vt 0.156592 0.291718
vt 0.167103 0.306932
vt 0.181104 0.281713
vt 0.188866 0.296209
vt 0.206984 0.271349
vt 0.211388 0.285018
vt 0.216068 0.299611
vt 0.197229 0.311692
vt 0.221059 0.315004
vt 0.206086 0.327868
vt 0.237890 0.295973
vt 0.235516 0.278217
vt 0.233158 0.261609
vt 0.258422 0.253163
vt 0.258921 0.272133
vt 0.259131 0.292553
vt 0.281885 0.246471
vt 0.280937 0.267195
vt 0.279310 0.289704
vt 0.277066 0.313640
vt 0.259134 0.314034
vt 0.240348 0.314588
vt 0.032372 0.324490
vt 0.010922 0.315861
vt 0.014337 0.297351
vt 0.038910 0.305353
vt 0.018697 0.279109
vt 0.045946 0.287193
vt 0.071598 0.295429
vt 0.062412 0.313731
vt 0.053244 0.333594
vt 0.094816 0.302856
vt 0.084287 0.321462
vt 0.073284 0.342155
vt 0.061516 0.364272
vt 0.048590 0.386675
vt 0.033668 0.375149
vt 0.043848 0.354380
vt 0.019398 0.363382
vt 0.026069 0.344053
vt 0.005465 0.351958
vt 0.008178 0.334147
vt 0.684356 0.388097
vt 0.691079 0.410154
vt 0.673028 0.417985
vt 0.664351 0.393617
vt 0.655063 0.370335
vt 0.676819 0.366808
vt 0.646002 0.348687
vt 0.637677 0.329053
vt 0.662046 0.328300
vt 0.669216 0.346755
vt 0.688645 0.326614
vt 0.694025 0.343657
vt 0.716413 0.323577
vt 0.719456 0.338971
vt 0.722665 0.355519
vt 0.699645 0.361971
vt 0.725903 0.372928
vt 0.705124 0.381236
vt 0.728897 0.390527
vt 0.709707 0.401012
vt 0.746750 0.354713
vt 0.745231 0.335876
vt 0.743869 0.318384
vt 0.769766 0.311815
vt 0.769989 0.331018
vt 0.770307 0.352008
vt 0.793229 0.304551
vt 0.792897 0.325010
vt 0.813791 0.297036
vt 0.813473 0.318287
vt 0.812873 0.342740
vt 0.792518 0.347868
vt 0.812326 0.369698
vt 0.792375 0.372619
vt 0.812695 0.398115
vt 0.793040 0.398384
vt 0.772241 0.397271
vt 0.770932 0.374328
vt 0.750777 0.394641
vt 0.748499 0.374513
vt 0.602870 0.240416
vt 0.614318 0.219440
vt 0.629726 0.226276
vt 0.619459 0.250001
vt 0.644047 0.232692
vt 0.634863 0.259066
vt 0.627254 0.284602
vt 0.610874 0.273473
vt 0.593038 0.261563
vt 0.621051 0.308171
vt 0.603782 0.295650
vt 0.584718 0.281960
vt 0.564115 0.267680
vt 0.542320 0.253748
vt 0.553999 0.237933
vt 0.573982 0.249438
vt 0.567082 0.221849
vt 0.585325 0.230754
vt 0.581598 0.205519
vt 0.598077 0.212382
vt 0.327433 0.660763
vt 0.305659 0.668499
vt 0.296086 0.652488
vt 0.319795 0.642186
vt 0.342981 0.632848
vt 0.349037 0.653697
vt 0.364575 0.624068
vt 0.383952 0.615585
vt 0.388588 0.639641
vt 0.369618 0.646738
vt 0.393776 0.666134
vt 0.375172 0.671073
vt 0.398675 0.694147
vt 0.380325 0.696400
vt 0.361734 0.697737
vt 0.355600 0.675456
vt 0.343345 0.698437
vt 0.335556 0.679555
vt 0.325361 0.699116
vt 0.315620 0.683981
vt 0.606781 0.168205
vt 0.584711 0.161796
vt 0.588274 0.141287
vt 0.613238 0.147697
vt 0.592927 0.122195
vt 0.620542 0.128909
vt 0.646940 0.134406
vt 0.637394 0.153094
vt 0.628395 0.173809
vt 0.670906 0.139293
vt 0.659757 0.157840
vt 0.691687 0.143739
vt 0.679772 0.162097
vt 0.667449 0.183335
vt 0.648782 0.178819
vt 0.655255 0.207102
vt 0.638512 0.201856
vt 0.620492 0.196157
vt 0.601587 0.190016
vt 0.582479 0.183291
vt 0.460430 0.567455
vt 0.481816 0.572173
vt 0.480946 0.588663
vt 0.456250 0.585814
vt 0.479930 0.604313
vt 0.452150 0.603054
vt 0.425739 0.600762
vt 0.432503 0.582559
vt 0.439671 0.562803
vt 0.401618 0.597830
vt 0.410429 0.579132
vt 0.420086 0.558360
vt 0.430336 0.535922
vt 0.440666 0.512458
vt 0.454108 0.520194
vt 0.447013 0.541849
vt 0.468225 0.528564
vt 0.464529 0.548241
vt 0.482855 0.537385
vt 0.482475 0.554982
vt 0.468528 0.502684
vt 0.454471 0.490794
vt 0.467733 0.469805
vt 0.482471 0.485623
vt 0.480325 0.450564
vt 0.492473 0.434015
vt 0.508227 0.455696
vt 0.495719 0.469811
vt 0.523970 0.479489
vt 0.511087 0.490532
vt 0.539207 0.504653
vt 0.525999 0.512160
vt 0.512216 0.520166
vt 0.497428 0.502590
vt 0.497782 0.528639
vt 0.483055 0.515446
vt 0.518864 0.542170
vt 0.536077 0.536278
vt 0.552209 0.530825
vt 0.563516 0.556394
vt 0.545025 0.559924
vt 0.524893 0.563771
vt 0.573230 0.580263
vt 0.552741 0.582237
vt 0.580857 0.601899
vt 0.558998 0.602685
vt 0.534482 0.603548
vt 0.530117 0.584380
vt 0.507803 0.604228
vt 0.505885 0.586601
vt 0.503544 0.567902
vt 0.500785 0.548438
vt 0.401539 0.285470
vt 0.380009 0.268465
vt 0.358399 0.252865
vt 0.371872 0.237872
vt 0.390637 0.253663
vt 0.337468 0.239206
vt 0.317515 0.227438
vt 0.335104 0.211753
vt 0.353205 0.223917
vt 0.223238 0.202200
vt 0.208313 0.184782
vt 0.219674 0.171671
vt 0.238928 0.190596
vt 0.254313 0.180683
vt 0.275042 0.201008
vt 0.256102 0.209749
vt 0.236704 0.219802
vt 0.290405 0.222375
vt 0.270182 0.228721
vt 0.248379 0.236985
vt 0.225561 0.246751
vt 0.202464 0.257685
vt 0.197414 0.243139
vt 0.216982 0.231007
vt 0.191794 0.227878
vt 0.207385 0.214714
vt 0.185595 0.212087
vt 0.196892 0.198282
vt 0.175118 0.247709
vt 0.178249 0.265293
vt 0.155077 0.272965
vt 0.153568 0.252633
vt 0.133622 0.280260
vt 0.114307 0.286951
vt 0.114507 0.262283
vt 0.133250 0.257560
vt 0.115800 0.235511
vt 0.133423 0.233279
vt 0.118396 0.207607
vt 0.134249 0.208168
vt 0.150865 0.209007
vt 0.152145 0.231134
vt 0.168075 0.210263
vt 0.171715 0.229247
vt 0.158446 0.187716
vt 0.139822 0.183481
vt 0.122139 0.179857
vt 0.125895 0.153436
vt 0.145168 0.159491
vt 0.165729 0.166662
vt 0.128984 0.129245
vt 0.149766 0.136885
vt 0.130911 0.107730
vt 0.152810 0.116118
vt 0.172383 0.146318
vt 0.187012 0.175188
vt 0.195911 0.158254
vt 0.177638 0.192687
vt 0.079629 0.229518
vt 0.085382 0.206565
vt 0.102397 0.207125
vt 0.098353 0.232613
vt 0.095846 0.257597
vt 0.075466 0.252486
vt 0.094719 0.281190
vt 0.072847 0.274652
vt 0.049117 0.267624
vt 0.024274 0.260726
vt 0.031391 0.241824
vt 0.053771 0.247119
vt 0.039983 0.222951
vt 0.059985 0.226249
vt 0.049833 0.204489
vt 0.067656 0.205782
vt 0.852307 0.371198
vt 0.850545 0.394259
vt 0.831701 0.396686
vt 0.831965 0.370843
vt 0.833111 0.345889
vt 0.854829 0.348527
vt 0.834180 0.322625
vt 0.834567 0.301467
vt 0.858532 0.306335
vt 0.857094 0.326766
vt 0.884931 0.311808
vt 0.881676 0.331207
vt 0.912553 0.318494
vt 0.906929 0.336704
vt 0.900367 0.354535
vt 0.877492 0.351117
vt 0.893381 0.371733
vt 0.872922 0.371219
vt 0.886678 0.388472
vt 0.868867 0.391278
vt 0.061538 0.164187
vt 0.038577 0.167012
vt 0.033887 0.149620
vt 0.059344 0.144650
vt 0.029835 0.133159
vt 0.057570 0.126380
vt 0.084101 0.119563
vt 0.084059 0.139266
vt 0.084083 0.160634
vt 0.108656 0.113234
vt 0.107396 0.134002
vt 0.105673 0.156916
vt 0.103819 0.181548
vt 0.084390 0.183285
vt 0.064238 0.184736
vt 0.043891 0.185275
vt 0.688394 0.290735
vt 0.710355 0.292522
vt 0.713420 0.308421
vt 0.688482 0.309171
vt 0.664304 0.309240
vt 0.666861 0.288776
vt 0.641673 0.308819
vt 0.646339 0.286678
vt 0.651828 0.263137
vt 0.658147 0.239006
vt 0.672957 0.245555
vt 0.669777 0.267356
vt 0.688418 0.252247
vt 0.688426 0.271610
vt 0.704385 0.258904
vt 0.707298 0.275956
vt 0.684884 0.227345
vt 0.669611 0.216967
vt 0.681523 0.196102
vt 0.696808 0.209808
vt 0.693327 0.176984
vt 0.704545 0.159877
vt 0.719329 0.178431
vt 0.708402 0.193405
vt 0.735608 0.198864
vt 0.724684 0.211019
vt 0.752752 0.220384
vt 0.741775 0.229128
vt 0.729992 0.238513
vt 0.713048 0.224139
vt 0.717491 0.248469
vt 0.700901 0.238010
vt 0.740209 0.258243
vt 0.755601 0.249836
vt 0.769892 0.241906
vt 0.786166 0.262341
vt 0.769125 0.269646
vt 0.750541 0.277278
vt 0.800941 0.280897
vt 0.781755 0.288011
vt 0.760476 0.295242
vt 0.737470 0.302184
vt 0.730777 0.284975
vt 0.723970 0.266978
vt 0.433979 0.663153
vt 0.436598 0.686013
vt 0.417273 0.690776
vt 0.413316 0.665281
vt 0.409081 0.640831
vt 0.431128 0.640938
vt 0.405106 0.618207
vt 0.428334 0.620005
vt 0.453172 0.620747
vt 0.478792 0.620092
vt 0.477557 0.636927
vt 0.454209 0.639708
vt 0.476384 0.654550
vt 0.455250 0.659592
vt 0.475586 0.672378
vt 0.456156 0.679841
vt 0.500524 0.640769
vt 0.504300 0.621903
vt 0.529057 0.622821
vt 0.523053 0.643590
vt 0.552204 0.623278
vt 0.573029 0.623774
vt 0.563982 0.647613
vt 0.544370 0.645763
vt 0.554182 0.673273
vt 0.536229 0.669673
vt 0.544405 0.700119
vt 0.528512 0.694426
vt 0.511667 0.687941
vt 0.517013 0.665469
vt 0.494008 0.680607
vt 0.496859 0.660494
vt 0.653210 0.069553
vt 0.654993 0.046493
vt 0.673835 0.044085
vt 0.673547 0.069927
vt 0.692834 0.042675
vt 0.693177 0.071093
vt 0.692615 0.098049
vt 0.672384 0.094880
vt 0.650672 0.092222
vt 0.692007 0.122497
vt 0.671302 0.118140
vt 0.648391 0.113979
vt 0.623813 0.109515
vt 0.598565 0.103995
vt 0.605141 0.086173
vt 0.628012 0.089611
vt 0.612140 0.068981
vt 0.632597 0.069513
vt 0.618857 0.052249
vt 0.636670 0.049457
vt 0.552720 0.497162
vt 0.539635 0.473048
vt 0.526252 0.449866
vt 0.510400 0.428866
vt 0.578072 0.544257
vt 0.588698 0.566671
vt 0.566134 0.520802
vt 0.322950 0.194275
vt 0.304755 0.207731
vt 0.055449 0.063031
vt 0.045274 0.042362
vt 0.059239 0.032166
vt 0.072564 0.054304
vt 0.072733 0.022971
vt 0.088747 0.046523
vt 0.104141 0.068880
vt 0.085544 0.075602
vt 0.065459 0.083158
vt 0.118244 0.089415
vt 0.097710 0.095400
vt 0.075099 0.102123
vt 0.051036 0.109392
vt 0.026212 0.116768
vt 0.022899 0.099644
vt 0.044405 0.091312
vt 0.019960 0.082073
vt 0.037806 0.072441
vt 0.017267 0.064418
vt 0.031211 0.053264
vt 0.898646 0.272493
vt 0.920722 0.278870
vt 0.917186 0.299391
vt 0.892217 0.293011
vt 0.868061 0.287635
vt 0.877037 0.266906
vt 0.845706 0.282904
vt 0.825702 0.278658
vt 0.838016 0.257398
vt 0.856665 0.261907
vt 0.850200 0.233606
vt 0.866914 0.238848
vt 0.861403 0.207983
vt 0.875679 0.214396
vt 0.891037 0.221241
vt 0.884907 0.244544
vt 0.907239 0.228312
vt 0.903796 0.250676
vt 0.923715 0.235159
vt 0.922910 0.257369
vt 0.902455 0.200238
vt 0.885951 0.190629
vt 0.870610 0.181571
vt 0.878290 0.155987
vt 0.894595 0.167098
vt 0.912296 0.179054
vt 0.884604 0.132360
vt 0.901808 0.144851
vt 0.889464 0.111444
vt 0.907684 0.124636
vt 0.927763 0.139584
vt 0.920677 0.158630
vt 0.949328 0.156154
vt 0.940969 0.173200
vt 0.972484 0.172756
vt 0.962559 0.187395
vt 0.951096 0.202899
vt 0.931189 0.191307
vt 0.938143 0.218866
vt 0.919924 0.209948
vt 0.820612 0.213385
vt 0.832548 0.195154
vt 0.847336 0.201684
vt 0.835868 0.223750
vt 0.823958 0.244638
vt 0.808686 0.230939
vt 0.812157 0.263775
vt 0.797092 0.247357
vt 0.780817 0.229745
vt 0.763730 0.211639
vt 0.775515 0.202251
vt 0.792455 0.216615
vt 0.788021 0.192287
vt 0.804606 0.202734
vt 0.801130 0.181842
vt 0.817097 0.188484
vt 0.765299 0.182528
vt 0.749902 0.190936
vt 0.736372 0.171134
vt 0.754962 0.163505
vt 0.723735 0.152777
vt 0.712255 0.136244
vt 0.735720 0.128996
vt 0.745020 0.145554
vt 0.761624 0.122438
vt 0.768034 0.138616
vt 0.789092 0.117246
vt 0.792098 0.132370
vt 0.795166 0.148245
vt 0.774734 0.155805
vt 0.798221 0.164796
vt 0.781543 0.173787
vt 0.817145 0.150000
vt 0.817060 0.131586
vt 0.816882 0.114180
vt 0.843524 0.112424
vt 0.841275 0.131454
vt 0.838696 0.151910
vt 0.867969 0.111561
vt 0.863952 0.131790
vt 0.859224 0.153953
vt 0.853683 0.177524
vt 0.835749 0.173337
vt 0.817101 0.169117
vt 0.758711 0.086151
vt 0.782783 0.085378
vt 0.786024 0.101890
vt 0.760246 0.104968
vt 0.735489 0.109806
vt 0.735166 0.088827
vt 0.712583 0.115794
vt 0.712964 0.092942
vt 0.713120 0.068195
vt 0.712480 0.042430
vt 0.733262 0.043569
vt 0.734547 0.066513
vt 0.754697 0.046236
vt 0.756954 0.066364
vt 0.776519 0.050403
vt 0.779514 0.067995
vt 0.587379 0.690073
vt 0.576667 0.710528
vt 0.560180 0.705397
vt 0.570274 0.681512
vt 0.580266 0.658305
vt 0.597886 0.669981
vt 0.589468 0.636402
vt 0.597583 0.616307
vt 0.616287 0.632953
vt 0.607545 0.650800
vt 0.636397 0.651404
vt 0.626934 0.666424
vt 0.657613 0.670523
vt 0.647198 0.682453
vt 0.635788 0.694913
vt 0.616540 0.682336
vt 0.623509 0.707568
vt 0.605260 0.698802
vt 0.610858 0.720141
vt 0.593668 0.715439
vt 0.820897 0.052898
vt 0.814054 0.030893
vt 0.831644 0.023177
vt 0.840605 0.047429
vt 0.848143 0.016743
vt 0.859026 0.043072
vt 0.870100 0.067951
vt 0.850215 0.070537
vt 0.828595 0.074089
vt 0.880407 0.090843
vt 0.859513 0.092037
vt 0.836302 0.094046
vt 0.811465 0.097194
vt 0.805785 0.078939
vt 0.800240 0.059720
vt 0.795626 0.039960
vt 0.667732 0.658646
vt 0.649578 0.640027
vt 0.914453 0.065080
vt 0.924027 0.083326
vt 0.905614 0.098452
vt 0.896555 0.078598
vt 0.886284 0.057148
vt 0.903751 0.045800
vt 0.875360 0.034437
vt 0.864124 0.011118
vt 0.144675 0.090733
vt 0.131654 0.073375
vt 0.117410 0.054627
vt 0.102080 0.034792
vt 0.086311 0.014277
vt 0.981539 0.158507
vt 0.961302 0.142257
vt 0.942130 0.125834
vt 0.923296 0.111329
vt 0.940185 0.096338
vt 0.717707 0.822632
vt 0.717268 0.803285
vt 0.744261 0.829246
vt 0.738656 0.791507
vt 0.751896 0.807900
vt 0.726273 0.789984
vt 0.723671 0.829531
vt 0.759508 0.808948
vt 0.754155 0.862646
vt 0.779209 0.806204
vt 0.782755 0.845807
vt 0.788899 0.810611
vt 0.806711 0.810625
vt 0.814627 0.820772
vt 0.811872 0.851183
vt 0.820450 0.823472
vt 0.876577 0.840489
vt 0.886575 0.850149
vt 0.863872 0.874276
vt 0.849159 0.833461
vt 0.861036 0.835468
vt 0.836296 0.826059
vt 0.939823 0.957735
vt 0.928533 0.974500
vt 0.894668 0.936994
vt 0.939681 0.936016
vt 0.719457 0.842776
vt 0.720804 0.856012
vt 0.717677 0.871316
vt 0.719926 0.882204
vt 0.749367 0.883166
vt 0.714491 0.898463
vt 0.714487 0.916007
vt 0.742871 0.915140
vt 0.710263 0.926630
vt 0.694868 0.482092
vt 0.691704 0.465046
vt 0.728091 0.462675
vt 0.730681 0.479730
vt 0.692926 0.449743
vt 0.691998 0.496768
vt 0.708931 0.944702
vt 0.712690 0.959942
vt 0.744500 0.946220
vt 0.895195 0.860390
vt 0.903471 0.875094
vt 0.875950 0.890657
vt 0.910218 0.881181
vt 0.926357 0.887507
vt 0.935814 0.903569
vt 0.935425 0.925998
vt 0.937141 0.437158
vt 0.933377 0.452932
vt 0.895640 0.459092
vt 0.934476 0.472184
vt 0.922716 0.483372
vt 0.919429 0.505509
vt 0.883191 0.487584
vt 0.731972 0.558818
vt 0.719145 0.544970
vt 0.746709 0.516039
vt 0.711972 0.526283
vt 0.703349 0.524425
vt 0.692503 0.512869
vt 0.790700 0.569341
vt 0.777995 0.567936
vt 0.804278 0.529037
vt 0.805085 0.570841
vt 0.748842 0.563426
vt 0.761112 0.560368
vt 0.768742 0.524322
vt 0.912055 0.521788
vt 0.904911 0.535414
vt 0.896248 0.548945
vt 0.883723 0.563328
vt 0.855270 0.529955
vt 0.867844 0.572560
vt 0.851185 0.572710
vt 0.819775 0.571361
vt 0.837409 0.566874
vt 0.833922 0.535850
vt 0.808164 0.917382
vt 0.803014 0.468331
vt 0.664964 0.850836
vt 0.671447 0.834383
vt 0.476534 0.416822
vt 0.475375 0.412942
vt 0.498170 0.410244
vt 0.497534 0.412922
vt 0.448850 0.406716
vt 0.451568 0.402804
vt 0.435122 0.380922
vt 0.438234 0.380353
vt 0.435625 0.335412
vt 0.437856 0.337352
vt 0.426333 0.356155
vt 0.420821 0.353834
vt 0.441051 0.319152
vt 0.443946 0.318535
vt 0.512526 0.426404
vt 0.420591 0.302217
vt 0.424677 0.301722
vt 0.427430 0.284551
vt 0.430438 0.283693
vt 0.406311 0.271349
vt 0.410856 0.270491
vt 0.414205 0.251477
vt 0.416437 0.253943
vt 0.420079 0.238251
vt 0.423153 0.238340
vt 0.411455 0.225117
vt 0.413705 0.223150
vt 0.352768 0.196376
vt 0.355287 0.194496
vt 0.370418 0.207236
vt 0.368299 0.209206
vt 0.340248 0.181449
vt 0.342773 0.179849
vt 0.385581 0.220916
vt 0.386269 0.225316
vt 0.403675 0.211999
vt 0.404156 0.208325
vt 0.173902 0.127715
vt 0.179207 0.127506
vt 0.203896 0.142441
vt 0.202550 0.145009
vt 0.183696 0.110107
vt 0.187194 0.109087
vt 0.230109 0.158074
vt 0.231151 0.162694
vt 0.245621 0.151146
vt 0.245418 0.153991
vt 0.544700 0.447110
vt 0.545690 0.443220
vt 0.567040 0.438736
vt 0.565566 0.441709
vt 0.533359 0.425107
vt 0.535298 0.423669
vt 0.573027 0.457970
vt 0.570314 0.459243
vt 0.579264 0.477571
vt 0.576346 0.476559
vt 0.567652 0.490101
vt 0.563073 0.488531
vt 0.581051 0.510335
vt 0.578744 0.512080
vt 0.611538 0.568248
vt 0.614444 0.568772
vt 0.599359 0.588376
vt 0.594481 0.587900
vt 0.602611 0.552788
vt 0.604693 0.550494
vt 0.591519 0.532907
vt 0.593734 0.530949
vt 0.614492 0.604283
vt 0.612178 0.606097
vt 0.329368 0.167792
vt 0.329749 0.164745
vt 0.312140 0.177492
vt 0.310049 0.175167
vt 0.289353 0.189217
vt 0.288989 0.184030
vt 0.264714 0.170087
vt 0.267024 0.168127
vt 0.161236 0.100070
vt 0.165753 0.099230
vt 0.165662 0.099458
vt 0.173976 0.080371
vt 0.177584 0.079538
vt 0.157394 0.073260
vt 0.159267 0.070833
vt 0.144257 0.057723
vt 0.146188 0.055507
vt 0.877407 0.006551
vt 0.880215 0.005465
vt 0.892393 0.024852
vt 0.891607 0.028729
vt 0.678339 0.646032
vt 0.676421 0.648314
vt 0.661607 0.630015
vt 0.663785 0.628047
vt 0.649022 0.613680
vt 0.649364 0.610432
vt 0.631647 0.624809
vt 0.631328 0.620966
vt 0.920168 0.035571
vt 0.922597 0.033905
vt 0.933994 0.050178
vt 0.931655 0.051924
vt 0.909915 0.020535
vt 0.910625 0.017448
vt 0.944387 0.065771
vt 0.942164 0.067852
vt 0.957696 0.078948
vt 0.955679 0.081101
vt 0.129772 0.041301
vt 0.131833 0.039209
vt 0.114201 0.024330
vt 0.116463 0.022447
vt 0.098175 0.007053
vt 0.100744 0.005465
vt 0.990569 0.143864
vt 0.988963 0.146458
vt 0.971999 0.130008
vt 0.973900 0.127752
vt 0.954095 0.110893
vt 0.958374 0.111118
vt 0.968313 0.093006
vt 0.971587 0.092901
vt 0.401066 0.237955
vt 0.556043 0.466023
vt 0.685188 0.774658
vt 0.675417 0.797460
vt 0.751606 0.753224
vt 0.730483 0.748634
vt 0.703297 0.754013
vt 0.671619 0.816084
vt 0.766156 0.755127
vt 0.788085 0.757530
vt 0.824504 0.760805
vt 0.804225 0.754564
vt 0.839127 0.762688
vt 0.852373 0.766018
vt 0.926011 0.806406
vt 0.911381 0.796181
vt 0.880181 0.775262
vt 0.894828 0.788286
vt 0.866249 0.771162
vt 0.980441 0.990858
vt 0.986910 0.963974
vt 0.987917 0.934380
vt 0.663770 0.867181
vt 0.655926 0.882479
vt 0.653873 0.897719
vt 0.650273 0.915330
vt 0.653497 0.929846
vt 0.631148 0.485465
vt 0.632711 0.465507
vt 0.634724 0.444237
vt 0.640053 0.508692
vt 0.652889 0.952668
vt 0.656339 0.975020
vt 0.939809 0.817659
vt 0.953104 0.829971
vt 0.963777 0.847209
vt 0.972747 0.866535
vt 0.984035 0.891106
vt 0.989688 0.917667
vt 0.987444 0.446386
vt 0.990286 0.465857
vt 0.985637 0.489786
vt 0.972631 0.532921
vt 0.981948 0.513843
vt 0.685687 0.588489
vt 0.706334 0.602881
vt 0.657690 0.553999
vt 0.668431 0.572488
vt 0.644962 0.532091
vt 0.785253 0.632387
vt 0.765415 0.627278
vt 0.804684 0.634052
vt 0.728326 0.613660
vt 0.746543 0.621521
vt 0.963665 0.553560
vt 0.950087 0.573092
vt 0.912390 0.606428
vt 0.932931 0.591003
vt 0.890089 0.619797
vt 0.866272 0.626644
vt 0.824238 0.633852
vt 0.843749 0.632830
vn 0.212893 0.392181 -0.894914
vn 0.315989 0.445675 -0.837571
vn 0.374640 0.375617 -0.847678
vn 0.267282 0.308456 -0.912916
vn 0.374640 0.375617 -0.847678
vn 0.425334 0.308959 -0.850668
vn 0.313511 0.227808 -0.921854
vn 0.267282 0.308456 -0.912916
vn 0.313511 0.227808 -0.921854
vn 0.205872 0.149497 -0.967092
vn 0.161159 0.244791 -0.956088
vn 0.267282 0.308456 -0.912916
vn 0.161159 0.244791 -0.956088
vn 0.111558 0.343584 -0.932472
vn 0.212893 0.392181 -0.894914
vn 0.267282 0.308456 -0.912916
vn 0.161159 0.244791 -0.956088
vn 0.205872 0.149497 -0.967092
vn 0.103464 0.075171 -0.991789
vn 0.058813 0.181140 -0.981697
vn 0.103464 0.075171 -0.991789
vn 0.000000 0.000000 -1.000000
vn -0.039493 0.121564 -0.991798
vn 0.058813 0.181140 -0.981697
vn -0.039493 0.121564 -0.991798
vn -0.078594 0.242008 -0.967086
vn 0.013430 0.292828 -0.956071
vn 0.058813 0.181140 -0.981697
vn 0.013430 0.292828 -0.956071
vn 0.111558 0.343584 -0.932472
vn 0.161159 0.244791 -0.956088
vn 0.058813 0.181140 -0.981697
vn 0.013430 0.292828 -0.956071
vn -0.078594 0.242008 -0.967086
vn -0.119764 0.368571 -0.921853
vn -0.034888 0.406622 -0.912930
vn -0.119764 0.368571 -0.921853
vn -0.162457 0.500006 -0.850648
vn -0.082255 0.524054 -0.847704
vn -0.034888 0.406622 -0.912930
vn -0.082255 0.524054 -0.847704
vn 0.006287 0.546344 -0.837537
vn 0.058207 0.442422 -0.894916
vn -0.034888 0.406622 -0.912930
vn 0.058207 0.442422 -0.894916
vn 0.111558 0.343584 -0.932472
vn 0.013430 0.292828 -0.956071
vn -0.034888 0.406622 -0.912930
vn 0.058207 0.442422 -0.894916
vn 0.006287 0.546344 -0.837537
vn 0.096902 0.564291 -0.819869
vn 0.154283 0.474814 -0.866458
vn 0.096902 0.564291 -0.819869
vn 0.187518 0.577359 -0.794666
vn 0.253171 0.513514 -0.819883
vn 0.154283 0.474814 -0.866458
vn 0.253171 0.513514 -0.819883
vn 0.315989 0.445675 -0.837571
vn 0.212893 0.392181 -0.894914
vn 0.154283 0.474814 -0.866458
vn 0.212893 0.392181 -0.894914
vn 0.111558 0.343584 -0.932472
vn 0.058207 0.442422 -0.894916
vn 0.154283 0.474814 -0.866458
vn -0.008913 0.649277 -0.760500
vn 0.006287 0.546344 -0.837537
vn -0.082255 0.524054 -0.847704
vn -0.109390 0.636072 -0.763836
vn -0.082255 0.524054 -0.847704
vn -0.162457 0.500006 -0.850648
vn -0.201170 0.619288 -0.758956
vn -0.109390 0.636072 -0.763836
vn -0.201170 0.619288 -0.758956
vn -0.232050 0.714433 -0.660105
vn -0.128001 0.728543 -0.672935
vn -0.109390 0.636072 -0.763836
vn -0.128001 0.728543 -0.672935
vn -0.015322 0.734517 -0.678418
vn -0.008913 0.649277 -0.760500
vn -0.109390 0.636072 -0.763836
vn -0.128001 0.728543 -0.672935
vn -0.232050 0.714433 -0.660105
vn -0.256440 0.789252 -0.557961
vn -0.143511 0.804144 -0.576851
vn -0.256440 0.789252 -0.557961
vn -0.276362 0.850661 -0.447213
vn -0.152910 0.864480 -0.478846
vn -0.143511 0.804144 -0.576851
vn -0.152910 0.864480 -0.478846
vn -0.026219 0.864005 -0.502800
vn -0.021151 0.806195 -0.591271
vn -0.143511 0.804144 -0.576851
vn -0.021151 0.806195 -0.591271
vn -0.015322 0.734517 -0.678418
vn -0.128001 0.728543 -0.672935
vn -0.143511 0.804144 -0.576851
vn -0.021151 0.806195 -0.591271
vn -0.026219 0.864005 -0.502800
vn 0.112285 0.847124 -0.519396
vn 0.109141 0.794961 -0.596763
vn 0.112285 0.847124 -0.519396
vn 0.262831 0.809034 -0.525723
vn 0.248356 0.764326 -0.595084
vn 0.109141 0.794961 -0.596763
vn 0.248356 0.764326 -0.595084
vn 0.230419 0.709114 -0.666381
vn 0.102979 0.730617 -0.674977
vn 0.109141 0.794961 -0.596763
vn 0.102979 0.730617 -0.674977
vn -0.015322 0.734517 -0.678418
vn -0.021151 0.806195 -0.591271
vn 0.109141 0.794961 -0.596763
vn 0.102979 0.730617 -0.674977
vn 0.230419 0.709114 -0.666381
vn 0.209980 0.646449 -0.733493
vn 0.095441 0.655939 -0.748756
vn 0.209980 0.646449 -0.733493
vn 0.187518 0.577359 -0.794666
vn 0.096902 0.564291 -0.819869
vn 0.095441 0.655939 -0.748756
vn 0.096902 0.564291 -0.819869
vn 0.006287 0.546344 -0.837537
vn -0.008913 0.649277 -0.760500
vn 0.095441 0.655939 -0.748756
vn -0.008913 0.649277 -0.760500
vn -0.015322 0.734517 -0.678418
vn 0.102979 0.730617 -0.674977
vn 0.095441 0.655939 -0.748756
vn 0.346076 0.651651 -0.674968
vn 0.230419 0.709114 -0.666381
vn 0.248356 0.764326 -0.595084
vn 0.378902 0.707291 -0.596801
vn 0.248356 0.764326 -0.595084
vn 0.262831 0.809034 -0.525723
vn 0.407043 0.751368 -0.519387
vn 0.378902 0.707291 -0.596801
vn 0.407043 0.751368 -0.519387
vn 0.529085 0.683583 -0.502776
vn 0.491012 0.639769 -0.591272
vn 0.378902 0.707291 -0.596801
vn 0.491012 0.639769 -0.591272
vn 0.444203 0.585210 -0.678391
vn 0.346076 0.651651 -0.674968
vn 0.378902 0.707291 -0.596801
vn 0.491012 0.639769 -0.591272
vn 0.529085 0.683583 -0.502776
vn 0.631857 0.609454 -0.478876
vn 0.588743 0.566218 -0.576870
vn 0.631857 0.609454 -0.478876
vn 0.723596 0.525719 -0.447245
vn 0.671402 0.487756 -0.557955
vn 0.588743 0.566218 -0.576870
vn 0.671402 0.487756 -0.557955
vn 0.607698 0.441504 -0.660134
vn 0.531813 0.514080 -0.672976
vn 0.588743 0.566218 -0.576870
vn 0.531813 0.514080 -0.672976
vn 0.444203 0.585210 -0.678391
vn 0.491012 0.639769 -0.591272
vn 0.588743 0.566218 -0.576870
vn 0.531813 0.514080 -0.672976
vn 0.607698 0.441504 -0.660134
vn 0.526814 0.382757 -0.758923
vn 0.462388 0.450239 -0.763860
vn 0.526814 0.382757 -0.758923
vn 0.425334 0.308959 -0.850668
vn 0.374640 0.375617 -0.847678
vn 0.462388 0.450239 -0.763860
vn 0.374640 0.375617 -0.847678
vn 0.315989 0.445675 -0.837571
vn 0.388867 0.519995 -0.760518
vn 0.462388 0.450239 -0.763860
vn 0.388867 0.519995 -0.760518
vn 0.444203 0.585210 -0.678391
vn 0.531813 0.514080 -0.672976
vn 0.462388 0.450239 -0.763860
vn 0.388867 0.519995 -0.760518
vn 0.315989 0.445675 -0.837571
vn 0.253171 0.513514 -0.819883
vn 0.308311 0.586740 -0.748786
vn 0.253171 0.513514 -0.819883
vn 0.187518 0.577359 -0.794666
vn 0.209980 0.646449 -0.733493
vn 0.308311 0.586740 -0.748786
vn 0.209980 0.646449 -0.733493
vn 0.230419 0.709114 -0.666381
vn 0.346076 0.651651 -0.674968
vn 0.308311 0.586740 -0.748786
vn 0.346076 0.651651 -0.674968
vn 0.444203 0.585210 -0.678391
vn 0.388867 0.519995 -0.760518
vn 0.308311 0.586740 -0.748786
vn -0.307176 0.323689 -0.894912
vn -0.326212 0.438256 -0.837566
vn -0.241389 0.472401 -0.847685
vn -0.210754 0.349538 -0.912911
vn -0.241389 0.472401 -0.847685
vn -0.162457 0.500006 -0.850648
vn -0.119764 0.368571 -0.921853
vn -0.210754 0.349538 -0.912911
vn -0.119764 0.368571 -0.921853
vn -0.078594 0.242008 -0.967086
vn -0.183040 0.228976 -0.956068
vn -0.210754 0.349538 -0.912911
vn -0.183040 0.228976 -0.956068
vn -0.292218 0.212342 -0.932480
vn -0.307176 0.323689 -0.894912
vn -0.210754 0.349538 -0.912911
vn -0.183040 0.228976 -0.956068
vn -0.078594 0.242008 -0.967086
vn -0.039493 0.121564 -0.991798
vn -0.154127 0.111979 -0.981685
vn -0.039493 0.121564 -0.991798
vn 0.000000 0.000000 -1.000000
vn -0.127880 0.000000 -0.991790
vn -0.154127 0.111979 -0.981685
vn -0.127880 0.000000 -0.991790
vn -0.254489 0.000000 -0.967076
vn -0.274333 0.103256 -0.956075
vn -0.154127 0.111979 -0.981685
vn -0.274333 0.103256 -0.956075
vn -0.292218 0.212342 -0.932480
vn -0.183040 0.228976 -0.956068
vn -0.154127 0.111979 -0.981685
vn -0.274333 0.103256 -0.956075
vn -0.254489 0.000000 -0.967076
vn -0.387578 0.000000 -0.921837
vn -0.397499 0.092423 -0.912936
vn -0.387578 0.000000 -0.921837
vn -0.525690 0.000000 -0.850676
vn -0.523838 0.083659 -0.847700
vn -0.397499 0.092423 -0.912936
vn -0.523838 0.083659 -0.847700
vn -0.517611 0.174826 -0.837565
vn -0.402777 0.192048 -0.894924
vn -0.397499 0.092423 -0.912936
vn -0.402777 0.192048 -0.894924
vn -0.292218 0.212342 -0.932480
vn -0.274333 0.103256 -0.956075
vn -0.397499 0.092423 -0.912936
vn -0.402777 0.192048 -0.894924
vn -0.517611 0.174826 -0.837565
vn -0.506654 0.266603 -0.819893
vn -0.403958 0.293477 -0.866423
vn -0.506654 0.266603 -0.819893
vn -0.491142 0.356759 -0.794672
vn -0.410142 0.399459 -0.819888
vn -0.403958 0.293477 -0.866423
vn -0.410142 0.399459 -0.819888
vn -0.326212 0.438256 -0.837566
vn -0.307176 0.323689 -0.894912
vn -0.403958 0.293477 -0.866423
vn -0.307176 0.323689 -0.894912
vn -0.292218 0.212342 -0.932480
vn -0.402777 0.192048 -0.894924
vn -0.403958 0.293477 -0.866423
vn -0.620320 0.192041 -0.760475
vn -0.517611 0.174826 -0.837565
vn -0.523838 0.083659 -0.847700
vn -0.638740 0.092422 -0.763852
vn -0.523838 0.083659 -0.847700
vn -0.525690 0.000000 -0.850676
vn -0.651149 0.000000 -0.758950
vn -0.638740 0.092422 -0.763852
vn -0.651149 0.000000 -0.758950
vn -0.751189 0.000000 -0.660087
vn -0.732455 0.103250 -0.672941
vn -0.638740 0.092422 -0.763852
vn -0.732455 0.103250 -0.672941
vn -0.703307 0.212347 -0.678431
vn -0.620320 0.192041 -0.760475
vn -0.638740 0.092422 -0.763852
vn -0.732455 0.103250 -0.672941
vn -0.751189 0.000000 -0.660087
vn -0.829889 0.000000 -0.557929
vn -0.809120 0.111987 -0.576874
vn -0.829889 0.000000 -0.557929
vn -0.894427 0.000000 -0.447213
vn -0.869430 0.121571 -0.478866
vn -0.809120 0.111987 -0.576874
vn -0.869430 0.121571 -0.478866
vn -0.829847 0.242005 -0.502780
vn -0.773291 0.228963 -0.591268
vn -0.809120 0.111987 -0.576874
vn -0.773291 0.228963 -0.591268
vn -0.703307 0.212347 -0.678431
vn -0.732455 0.103250 -0.672941
vn -0.809120 0.111987 -0.576874
vn -0.773291 0.228963 -0.591268
vn -0.829847 0.242005 -0.502780
vn -0.770957 0.368570 -0.519404
vn -0.722294 0.349519 -0.596764
vn -0.770957 0.368570 -0.519404
vn -0.688178 0.500041 -0.525710
vn -0.650201 0.472391 -0.595051
vn -0.722294 0.349519 -0.596764
vn -0.650201 0.472391 -0.595051
vn -0.603236 0.438265 -0.666355
vn -0.663031 0.323687 -0.674995
vn -0.722294 0.349519 -0.596764
vn -0.663031 0.323687 -0.674995
vn -0.703307 0.212347 -0.678431
vn -0.773291 0.228963 -0.591268
vn -0.722294 0.349519 -0.596764
vn -0.663031 0.323687 -0.674995
vn -0.603236 0.438265 -0.666355
vn -0.549899 0.399460 -0.733514
vn -0.594281 0.293508 -0.748788
vn -0.549899 0.399460 -0.733514
vn -0.491142 0.356759 -0.794672
vn -0.506654 0.266603 -0.819893
vn -0.594281 0.293508 -0.748788
vn -0.506654 0.266603 -0.819893
vn -0.517611 0.174826 -0.837565
vn -0.620320 0.192041 -0.760475
vn -0.594281 0.293508 -0.748788
vn -0.620320 0.192041 -0.760475
vn -0.703307 0.212347 -0.678431
vn -0.663031 0.323687 -0.674995
vn -0.594281 0.293508 -0.748788
vn -0.512772 0.530565 -0.674956
vn -0.603236 0.438265 -0.666355
vn -0.650201 0.472391 -0.595051
vn -0.555605 0.578895 -0.596812
vn -0.650201 0.472391 -0.595051
vn -0.688178 0.500041 -0.525710
vn -0.588778 0.619300 -0.519431
vn -0.555605 0.578895 -0.596812
vn -0.588778 0.619300 -0.519431
vn -0.486556 0.714466 -0.502794
vn -0.456756 0.664639 -0.591295
vn -0.555605 0.578895 -0.596812
vn -0.456756 0.664639 -0.591295
vn -0.419246 0.603323 -0.678406
vn -0.512772 0.530565 -0.674956
vn -0.555605 0.578895 -0.596812
vn -0.456756 0.664639 -0.591295
vn -0.486556 0.714466 -0.502794
vn -0.384366 0.789274 -0.478863
vn -0.356505 0.734925 -0.576879
vn -0.384366 0.789274 -0.478863
vn -0.276362 0.850661 -0.447213
vn -0.256440 0.789252 -0.557961
vn -0.356505 0.734925 -0.576879
vn -0.256440 0.789252 -0.557961
vn -0.232050 0.714433 -0.660105
vn -0.324571 0.664646 -0.672978
vn -0.356505 0.734925 -0.576879
vn -0.324571 0.664646 -0.672978
vn -0.419246 0.603323 -0.678406
vn -0.456756 0.664639 -0.591295
vn -0.356505 0.734925 -0.576879
vn -0.324571 0.664646 -0.672978
vn -0.232050 0.714433 -0.660105
vn -0.201170 0.619288 -0.758956
vn -0.285268 0.578900 -0.763870
vn -0.201170 0.619288 -0.758956
vn -0.162457 0.500006 -0.850648
vn -0.241389 0.472401 -0.847685
vn -0.285268 0.578900 -0.763870
vn -0.241389 0.472401 -0.847685
vn -0.326212 0.438256 -0.837566
vn -0.374324 0.530598 -0.760491
vn -0.285268 0.578900 -0.763870
vn -0.374324 0.530598 -0.760491
vn -0.419246 0.603323 -0.678406
vn -0.324571 0.664646 -0.672978
vn -0.285268 0.578900 -0.763870
vn -0.374324 0.530598 -0.760491
vn -0.326212 0.438256 -0.837566
vn -0.410142 0.399459 -0.819888
vn -0.462802 0.474523 -0.748761
vn -0.410142 0.399459 -0.819888
vn -0.491142 0.356759 -0.794672
vn -0.549899 0.399460 -0.733514
vn -0.462802 0.474523 -0.748761
vn -0.549899 0.399460 -0.733514
vn -0.603236 0.438265 -0.666355
vn -0.512772 0.530565 -0.674956
vn -0.462802 0.474523 -0.748761
vn -0.512772 0.530565 -0.674956
vn -0.419246 0.603323 -0.678406
vn -0.374324 0.530598 -0.760491
vn -0.462802 0.474523 -0.748761
vn -0.402777 -0.192048 -0.894924
vn -0.517611 -0.174826 -0.837565
vn -0.523838 -0.083659 -0.847700
vn -0.397499 -0.092423 -0.912936
vn -0.523838 -0.083659 -0.847700
vn -0.525690 0.000000 -0.850676
vn -0.387578 0.000000 -0.921837
vn -0.397499 -0.092423 -0.912936
vn -0.387578 0.000000 -0.921837
vn -0.254489 0.000000 -0.967076
vn -0.274333 -0.103256 -0.956075
vn -0.397499 -0.092423 -0.912936
vn -0.274333 -0.103256 -0.956075
vn -0.292218 -0.212342 -0.932480
vn -0.402777 -0.192048 -0.894924
vn -0.397499 -0.092423 -0.912936
vn -0.274333 -0.103256 -0.956075
vn -0.254489 0.000000 -0.967076
vn -0.127880 0.000000 -0.991790
vn -0.154127 -0.111979 -0.981685
vn -0.127880 0.000000 -0.991790
vn 0.000000 0.000000 -1.000000
vn -0.039493 -0.121564 -0.991798
vn -0.154127 -0.111979 -0.981685
vn -0.039493 -0.121564 -0.991798
vn -0.078594 -0.242008 -0.967086
vn -0.183040 -0.228976 -0.956068
vn -0.154127 -0.111979 -0.981685
vn -0.183040 -0.228976 -0.956068
vn -0.292218 -0.212342 -0.932480
vn -0.274333 -0.103256 -0.956075
vn -0.154127 -0.111979 -0.981685
vn -0.183040 -0.228976 -0.956068
vn -0.078594 -0.242008 -0.967086
vn -0.119764 -0.368571 -0.921853
vn -0.210754 -0.349538 -0.912911
vn -0.119764 -0.368571 -0.921853
vn -0.162457 -0.500006 -0.850648
vn -0.241389 -0.472401 -0.847685
vn -0.210754 -0.349538 -0.912911
vn -0.241389 -0.472401 -0.847685
vn -0.326212 -0.438256 -0.837566
vn -0.307176 -0.323689 -0.894912
vn -0.210754 -0.349538 -0.912911
vn -0.307176 -0.323689 -0.894912
vn -0.292218 -0.212342 -0.932480
vn -0.183040 -0.228976 -0.956068
vn -0.210754 -0.349538 -0.912911
vn -0.307176 -0.323689 -0.894912
vn -0.326212 -0.438256 -0.837566
vn -0.410142 -0.399459 -0.819888
vn -0.403958 -0.293477 -0.866423
vn -0.410142 -0.399459 -0.819888
vn -0.491142 -0.356759 -0.794672
vn -0.506654 -0.266603 -0.819893
vn -0.403958 -0.293477 -0.866423
vn -0.506654 -0.266603 -0.819893
vn -0.517611 -0.174826 -0.837565
vn -0.402777 -0.192048 -0.894924
vn -0.403958 -0.293477 -0.866423
vn -0.402777 -0.192048 -0.894924
vn -0.292218 -0.212342 -0.932480
vn -0.307176 -0.323689 -0.894912
vn -0.403958 -0.293477 -0.866423
vn -0.374324 -0.530598 -0.760491
vn -0.326212 -0.438256 -0.837566
vn -0.241389 -0.472401 -0.847685
vn -0.285268 -0.578900 -0.763870
vn -0.241389 -0.472401 -0.847685
vn -0.162457 -0.500006 -0.850648
vn -0.201170 -0.619288 -0.758956
vn -0.285268 -0.578900 -0.763870
vn -0.201170 -0.619288 -0.758956
vn -0.230595 -0.713975 -0.661110
vn -0.325436 -0.662836 -0.674344
vn -0.285268 -0.578900 -0.763870
vn -0.325436 -0.662836 -0.674344
vn -0.419246 -0.603323 -0.678406
vn -0.374324 -0.530598 -0.760491
vn -0.285268 -0.578900 -0.763870
vn -0.382882 -0.789083 -0.480365
vn -0.486579 -0.714455 -0.502787
vn -0.456756 -0.664639 -0.591295
vn -0.357660 -0.734945 -0.576138
vn -0.456756 -0.664639 -0.591295
vn -0.419246 -0.603323 -0.678406
vn -0.325436 -0.662836 -0.674344
vn -0.357660 -0.734945 -0.576138
vn -0.456756 -0.664639 -0.591295
vn -0.486579 -0.714455 -0.502787
vn -0.588778 -0.619300 -0.519431
vn -0.555605 -0.578895 -0.596812
vn -0.588778 -0.619300 -0.519431
vn -0.688178 -0.500041 -0.525710
vn -0.650201 -0.472391 -0.595051
vn -0.555605 -0.578895 -0.596812
vn -0.650201 -0.472391 -0.595051
vn -0.603236 -0.438265 -0.666355
vn -0.512772 -0.530565 -0.674956
vn -0.555605 -0.578895 -0.596812
vn -0.512772 -0.530565 -0.674956
vn -0.419246 -0.603323 -0.678406
vn -0.456756 -0.664639 -0.591295
vn -0.555605 -0.578895 -0.596812
vn -0.512772 -0.530565 -0.674956
vn -0.603236 -0.438265 -0.666355
vn -0.549899 -0.399460 -0.733514
vn -0.462802 -0.474523 -0.748761
vn -0.549899 -0.399460 -0.733514
vn -0.491142 -0.356759 -0.794672
vn -0.410142 -0.399459 -0.819888
vn -0.462802 -0.474523 -0.748761
vn -0.410142 -0.399459 -0.819888
vn -0.326212 -0.438256 -0.837566
vn -0.374324 -0.530598 -0.760491
vn -0.462802 -0.474523 -0.748761
vn -0.374324 -0.530598 -0.760491
vn -0.419246 -0.603323 -0.678406
vn -0.512772 -0.530565 -0.674956
vn -0.462802 -0.474523 -0.748761
vn -0.663031 -0.323687 -0.674995
vn -0.603236 -0.438265 -0.666355
vn -0.650201 -0.472391 -0.595051
vn -0.722294 -0.349519 -0.596764
vn -0.650201 -0.472391 -0.595051
vn -0.688178 -0.500041 -0.525710
vn -0.770957 -0.368570 -0.519404
vn -0.722294 -0.349519 -0.596764
vn -0.770957 -0.368570 -0.519404
vn -0.829847 -0.242005 -0.502780
vn -0.773291 -0.228963 -0.591268
vn -0.722294 -0.349519 -0.596764
vn -0.773291 -0.228963 -0.591268
vn -0.703307 -0.212347 -0.678431
vn -0.663031 -0.323687 -0.674995
vn -0.722294 -0.349519 -0.596764
vn -0.773291 -0.228963 -0.591268
vn -0.829847 -0.242005 -0.502780
vn -0.869430 -0.121571 -0.478866
vn -0.809120 -0.111987 -0.576874
vn -0.869430 -0.121571 -0.478866
vn -0.894427 0.000000 -0.447213
vn -0.829889 0.000000 -0.557929
vn -0.809120 -0.111987 -0.576874
vn -0.829889 0.000000 -0.557929
vn -0.751189 0.000000 -0.660087
vn -0.732455 -0.103250 -0.672941
vn -0.809120 -0.111987 -0.576874
vn -0.732455 -0.103250 -0.672941
vn -0.703307 -0.212347 -0.678431
vn -0.773291 -0.228963 -0.591268
vn -0.809120 -0.111987 -0.576874
vn -0.732455 -0.103250 -0.672941
vn -0.751189 0.000000 -0.660087
vn -0.651149 0.000000 -0.758950
vn -0.638740 -0.092422 -0.763852
vn -0.651149 0.000000 -0.758950
vn -0.525690 0.000000 -0.850676
vn -0.523838 -0.083659 -0.847700
vn -0.638740 -0.092422 -0.763852
vn -0.523838 -0.083659 -0.847700
vn -0.517611 -0.174826 -0.837565
vn -0.620320 -0.192041 -0.760475
vn -0.638740 -0.092422 -0.763852
vn -0.620320 -0.192041 -0.760475
vn -0.703307 -0.212347 -0.678431
vn -0.732455 -0.103250 -0.672941
vn -0.638740 -0.092422 -0.763852
vn -0.620320 -0.192041 -0.760475
vn -0.517611 -0.174826 -0.837565
vn -0.506654 -0.266603 -0.819893
vn -0.594281 -0.293508 -0.748788
vn -0.506654 -0.266603 -0.819893
vn -0.491142 -0.356759 -0.794672
vn -0.549899 -0.399460 -0.733514
vn -0.594281 -0.293508 -0.748788
vn -0.549899 -0.399460 -0.733514
vn -0.603236 -0.438265 -0.666355
vn -0.663031 -0.323687 -0.674995
vn -0.594281 -0.293508 -0.748788
vn -0.663031 -0.323687 -0.674995
vn -0.703307 -0.212347 -0.678431
vn -0.620320 -0.192041 -0.760475
vn -0.594281 -0.293508 -0.748788
vn 0.058207 -0.442422 -0.894916
vn 0.006287 -0.546344 -0.837537
vn -0.082255 -0.524054 -0.847704
vn -0.034888 -0.406622 -0.912930
vn -0.082255 -0.524054 -0.847704
vn -0.162457 -0.500006 -0.850648
vn -0.119764 -0.368571 -0.921853
vn -0.034888 -0.406622 -0.912930
vn -0.119764 -0.368571 -0.921853
vn -0.078594 -0.242008 -0.967086
vn 0.013430 -0.292828 -0.956071
vn -0.034888 -0.406622 -0.912930
vn 0.013430 -0.292828 -0.956071
vn 0.111558 -0.343584 -0.932472
vn 0.058207 -0.442422 -0.894916
vn -0.034888 -0.406622 -0.912930
vn 0.013430 -0.292828 -0.956071
vn -0.078594 -0.242008 -0.967086
vn -0.039493 -0.121564 -0.991798
vn 0.058813 -0.181140 -0.981697
vn -0.039493 -0.121564 -0.991798
vn 0.000000 0.000000 -1.000000
vn 0.103464 -0.075171 -0.991789
vn 0.058813 -0.181140 -0.981697
vn 0.103464 -0.075171 -0.991789
vn 0.205872 -0.149497 -0.967092
vn 0.161159 -0.244791 -0.956088
vn 0.058813 -0.181140 -0.981697
vn 0.161159 -0.244791 -0.956088
vn 0.111558 -0.343584 -0.932472
vn 0.013430 -0.292828 -0.956071
vn 0.058813 -0.181140 -0.981697
vn 0.161159 -0.244791 -0.956088
vn 0.205872 -0.149497 -0.967092
vn 0.313511 -0.227808 -0.921854
vn 0.267282 -0.308456 -0.912916
vn 0.313511 -0.227808 -0.921854
vn 0.425334 -0.308959 -0.850668
vn 0.374640 -0.375617 -0.847678
vn 0.267282 -0.308456 -0.912916
vn 0.374640 -0.375617 -0.847678
vn 0.315989 -0.445675 -0.837571
vn 0.212893 -0.392181 -0.894914
vn 0.267282 -0.308456 -0.912916
vn 0.212893 -0.392181 -0.894914
vn 0.111558 -0.343584 -0.932472
vn 0.161159 -0.244791 -0.956088
vn 0.267282 -0.308456 -0.912916
vn 0.212893 -0.392181 -0.894914
vn 0.315989 -0.445675 -0.837571
vn 0.253171 -0.513514 -0.819883
vn 0.154283 -0.474814 -0.866458
vn 0.253171 -0.513514 -0.819883
vn 0.187518 -0.577359 -0.794666
vn 0.096902 -0.564291 -0.819869
vn 0.154283 -0.474814 -0.866458
vn 0.096902 -0.564291 -0.819869
vn 0.006287 -0.546344 -0.837537
vn 0.058207 -0.442422 -0.894916
vn 0.154283 -0.474814 -0.866458
vn 0.058207 -0.442422 -0.894916
vn 0.111558 -0.343584 -0.932472
vn 0.212893 -0.392181 -0.894914
vn 0.154283 -0.474814 -0.866458
vn 0.388867 -0.519995 -0.760518
vn 0.315989 -0.445675 -0.837571
vn 0.374640 -0.375617 -0.847678
vn 0.462388 -0.450239 -0.763860
vn 0.374640 -0.375617 -0.847678
vn 0.425334 -0.308959 -0.850668
vn 0.526814 -0.382757 -0.758923
vn 0.462388 -0.450239 -0.763860
vn 0.526814 -0.382757 -0.758923
vn 0.607698 -0.441504 -0.660134
vn 0.531813 -0.514080 -0.672976
vn 0.462388 -0.450239 -0.763860
vn 0.531813 -0.514080 -0.672976
vn 0.444212 -0.585222 -0.678374
vn 0.388867 -0.519995 -0.760518
vn 0.462388 -0.450239 -0.763860
vn 0.531813 -0.514080 -0.672976
vn 0.607698 -0.441504 -0.660134
vn 0.671348 -0.487922 -0.557875
vn 0.588735 -0.566514 -0.576587
vn 0.671348 -0.487922 -0.557875
vn 0.723496 -0.527208 -0.445653
vn 0.631694 -0.611397 -0.476609
vn 0.588735 -0.566514 -0.576587
vn 0.631694 -0.611397 -0.476609
vn 0.529134 -0.685988 -0.499437
vn 0.491033 -0.640406 -0.590564
vn 0.588735 -0.566514 -0.576587
vn 0.491033 -0.640406 -0.590564
vn 0.444212 -0.585222 -0.678374
vn 0.531813 -0.514080 -0.672976
vn 0.588735 -0.566514 -0.576587
vn 0.491033 -0.640406 -0.590564
vn 0.529134 -0.685988 -0.499437
vn 0.407266 -0.754128 -0.515195
vn 0.378917 -0.708206 -0.595706
vn 0.407266 -0.754128 -0.515195
vn 0.265471 -0.810483 -0.522152
vn 0.248526 -0.765386 -0.593649
vn 0.378917 -0.708206 -0.595706
vn 0.248526 -0.765386 -0.593649
vn 0.230447 -0.709228 -0.666251
vn 0.346103 -0.651706 -0.674901
vn 0.378917 -0.708206 -0.595706
vn 0.346103 -0.651706 -0.674901
vn 0.444212 -0.585222 -0.678374
vn 0.491033 -0.640406 -0.590564
vn 0.378917 -0.708206 -0.595706
vn 0.346103 -0.651706 -0.674901
vn 0.230447 -0.709228 -0.666251
vn 0.209980 -0.646449 -0.733493
vn 0.308311 -0.586740 -0.748786
vn 0.209980 -0.646449 -0.733493
vn 0.187518 -0.577359 -0.794666
vn 0.253171 -0.513514 -0.819883
vn 0.308311 -0.586740 -0.748786
vn 0.253171 -0.513514 -0.819883
vn 0.315989 -0.445675 -0.837571
vn 0.388867 -0.519995 -0.760518
vn 0.308311 -0.586740 -0.748786
vn 0.388867 -0.519995 -0.760518
vn 0.444212 -0.585222 -0.678374
vn 0.346103 -0.651706 -0.674901
vn 0.308311 -0.586740 -0.748786
vn 0.105211 -0.729117 -0.676253
vn 0.230447 -0.709228 -0.666251
vn 0.248526 -0.765386 -0.593649
vn 0.110575 -0.796246 -0.594781
vn 0.248526 -0.765386 -0.593649
vn 0.265471 -0.810483 -0.522152
vn 0.110818 -0.848794 -0.516980
vn 0.110575 -0.796246 -0.594781
vn -0.126823 -0.729194 -0.672452
vn -0.230595 -0.713975 -0.661110
vn -0.201170 -0.619288 -0.758956
vn -0.109390 -0.636072 -0.763836
vn -0.201170 -0.619288 -0.758956
vn -0.162457 -0.500006 -0.850648
vn -0.082255 -0.524054 -0.847704
vn -0.109390 -0.636072 -0.763836
vn -0.082255 -0.524054 -0.847704
vn 0.006287 -0.546344 -0.837537
vn -0.008913 -0.649277 -0.760500
vn -0.109390 -0.636072 -0.763836
vn -0.008913 -0.649277 -0.760500
vn -0.016328 -0.733800 -0.679169
vn -0.126823 -0.729194 -0.672452
vn -0.109390 -0.636072 -0.763836
vn -0.008913 -0.649277 -0.760500
vn 0.006287 -0.546344 -0.837537
vn 0.096902 -0.564291 -0.819869
vn 0.095441 -0.655939 -0.748756
vn 0.096902 -0.564291 -0.819869
vn 0.187518 -0.577359 -0.794666
vn 0.209980 -0.646449 -0.733493
vn 0.095441 -0.655939 -0.748756
vn 0.209980 -0.646449 -0.733493
vn 0.230447 -0.709228 -0.666251
vn 0.105211 -0.729117 -0.676253
vn 0.095441 -0.655939 -0.748756
vn 0.105211 -0.729117 -0.676253
vn -0.016328 -0.733800 -0.679169
vn -0.008913 -0.649277 -0.760500
vn 0.095441 -0.655939 -0.748756
vn 0.438761 -0.081281 -0.894920
vn 0.521526 -0.162711 -0.837578
vn 0.472959 -0.240234 -0.847701
vn 0.375971 -0.158837 -0.912917
vn 0.472959 -0.240234 -0.847701
vn 0.425334 -0.308959 -0.850668
vn 0.313511 -0.227808 -0.921854
vn 0.375971 -0.158837 -0.912917
vn 0.313511 -0.227808 -0.921854
vn 0.205872 -0.149497 -0.967092
vn 0.282609 -0.077619 -0.956090
vn 0.375971 -0.158837 -0.912917
vn 0.282609 -0.077619 -0.956090
vn 0.361281 0.000000 -0.932457
vn 0.438761 -0.081281 -0.894920
vn 0.375971 -0.158837 -0.912917
vn 0.282609 -0.077619 -0.956090
vn 0.205872 -0.149497 -0.967092
vn 0.103464 -0.075171 -0.991789
vn 0.190449 0.000000 -0.981697
vn 0.103464 -0.075171 -0.991789
vn 0.000000 0.000000 -1.000000
vn 0.103464 0.075171 -0.991789
vn 0.190449 0.000000 -0.981697
vn 0.103464 0.075171 -0.991789
vn 0.205872 0.149497 -0.967092
vn 0.282609 0.077619 -0.956090
vn 0.190449 0.000000 -0.981697
vn 0.282609 0.077619 -0.956090
vn 0.361281 0.000000 -0.932457
vn 0.282609 -0.077619 -0.956090
vn 0.190449 0.000000 -0.981697
vn 0.282609 0.077619 -0.956090
vn 0.205872 0.149497 -0.967092
vn 0.313511 0.227808 -0.921854
vn 0.375971 0.158837 -0.912917
vn 0.313511 0.227808 -0.921854
vn 0.425334 0.308959 -0.850668
vn 0.472959 0.240234 -0.847701
vn 0.375971 0.158837 -0.912917
vn 0.472959 0.240234 -0.847701
vn 0.521526 0.162711 -0.837578
vn 0.438761 0.081281 -0.894920
vn 0.375971 0.158837 -0.912917
vn 0.438761 0.081281 -0.894920
vn 0.361281 0.000000 -0.932457
vn 0.282609 0.077619 -0.956090
vn 0.375971 0.158837 -0.912917
vn 0.438761 0.081281 -0.894920
vn 0.521526 0.162711 -0.837578
vn 0.566599 0.082072 -0.819896
vn 0.499258 0.000000 -0.866453
vn 0.566599 0.082072 -0.819896
vn 0.607052 0.000000 -0.794662
vn 0.566599 -0.082072 -0.819896
vn 0.499258 0.000000 -0.866453
vn 0.566599 -0.082072 -0.819896
vn 0.521526 -0.162711 -0.837578
vn 0.438761 -0.081281 -0.894920
vn 0.499258 0.000000 -0.866453
vn 0.438761 -0.081281 -0.894920
vn 0.361281 0.000000 -0.932457
vn 0.438761 0.081281 -0.894920
vn 0.499258 0.000000 -0.866453
vn 0.614767 0.209134 -0.760476
vn 0.521526 0.162711 -0.837578
vn 0.472959 0.240234 -0.847701
vn 0.571073 0.300675 -0.763852
vn 0.472959 0.240234 -0.847701
vn 0.425334 0.308959 -0.850668
vn 0.526814 0.382757 -0.758923
vn 0.571073 0.300675 -0.763852
vn 0.526814 0.382757 -0.758923
vn 0.607698 0.441504 -0.660134
vn 0.653269 0.346885 -0.672986
vn 0.571073 0.300675 -0.763852
vn 0.653269 0.346885 -0.672986
vn 0.693805 0.241616 -0.678422
vn 0.614767 0.209134 -0.760476
vn 0.571073 0.300675 -0.763852
vn 0.653269 0.346885 -0.672986
vn 0.607698 0.441504 -0.660134
vn 0.671402 0.487756 -0.557955
vn 0.720445 0.384945 -0.576868
vn 0.671402 0.487756 -0.557955
vn 0.723596 0.525719 -0.447245
vn 0.774885 0.412637 -0.478837
vn 0.720445 0.384945 -0.576868
vn 0.774885 0.412637 -0.478837
vn 0.813623 0.291962 -0.502769
vn 0.760168 0.269291 -0.591293
vn 0.720445 0.384945 -0.576868
vn 0.760168 0.269291 -0.591293
vn 0.693805 0.241616 -0.678422
vn 0.653269 0.346885 -0.672986
vn 0.720445 0.384945 -0.576868
vn 0.760168 0.269291 -0.591293
vn 0.813623 0.291962 -0.502769
vn 0.840365 0.154869 -0.519425
vn 0.789782 0.141713 -0.596793
vn 0.840365 0.154869 -0.519425
vn 0.850676 0.000000 -0.525690
vn 0.803666 0.000000 -0.595081
vn 0.789782 0.141713 -0.596793
vn 0.803666 0.000000 -0.595081
vn 0.745642 0.000000 -0.666347
vn 0.726681 0.127823 -0.674978
vn 0.789782 0.141713 -0.596793
vn 0.726681 0.127823 -0.674978
vn 0.693805 0.241616 -0.678422
vn 0.760168 0.269291 -0.591293
vn 0.789782 0.141713 -0.596793
vn 0.726681 0.127823 -0.674978
vn 0.745642 0.000000 -0.666347
vn 0.679707 0.000000 -0.733484
vn 0.653312 0.111806 -0.748788
vn 0.679707 0.000000 -0.733484
vn 0.607052 0.000000 -0.794662
vn 0.566599 0.082072 -0.819896
vn 0.653312 0.111806 -0.748788
vn 0.566599 0.082072 -0.819896
vn 0.521526 0.162711 -0.837578
vn 0.614767 0.209134 -0.760476
vn 0.653312 0.111806 -0.748788
vn 0.614767 0.209134 -0.760476
vn 0.693805 0.241616 -0.678422
vn 0.726681 0.127823 -0.674978
vn 0.653312 0.111806 -0.748788
vn 0.726681 -0.127823 -0.674978
vn 0.745642 0.000000 -0.666347
vn 0.803666 0.000000 -0.595081
vn 0.789782 -0.141713 -0.596793
vn 0.803666 0.000000 -0.595081
vn 0.850676 0.000000 -0.525690
vn 0.840365 -0.154869 -0.519425
vn 0.789782 -0.141713 -0.596793
vn 0.840365 -0.154869 -0.519425
vn 0.813623 -0.291962 -0.502769
vn 0.760168 -0.269291 -0.591293
vn 0.789782 -0.141713 -0.596793
vn 0.760168 -0.269291 -0.591293
vn 0.693805 -0.241616 -0.678422
vn 0.726681 -0.127823 -0.674978
vn 0.789782 -0.141713 -0.596793
vn 0.760168 -0.269291 -0.591293
vn 0.813623 -0.291962 -0.502769
vn 0.774934 -0.412708 -0.478695
vn 0.720445 -0.384945 -0.576868
vn 0.774934 -0.412708 -0.478695
vn 0.723496 -0.527208 -0.445653
vn 0.671348 -0.487922 -0.557875
vn 0.720445 -0.384945 -0.576868
vn 0.671348 -0.487922 -0.557875
vn 0.607698 -0.441504 -0.660134
vn 0.653269 -0.346885 -0.672986
vn 0.720445 -0.384945 -0.576868
vn 0.653269 -0.346885 -0.672986
vn 0.693805 -0.241616 -0.678422
vn 0.760168 -0.269291 -0.591293
vn 0.720445 -0.384945 -0.576868
vn 0.653269 -0.346885 -0.672986
vn 0.607698 -0.441504 -0.660134
vn 0.526814 -0.382757 -0.758923
vn 0.571073 -0.300675 -0.763852
vn 0.526814 -0.382757 -0.758923
vn 0.425334 -0.308959 -0.850668
vn 0.472959 -0.240234 -0.847701
vn 0.571073 -0.300675 -0.763852
vn 0.472959 -0.240234 -0.847701
vn 0.521526 -0.162711 -0.837578
vn 0.614767 -0.209134 -0.760476
vn 0.571073 -0.300675 -0.763852
vn 0.614767 -0.209134 -0.760476
vn 0.693805 -0.241616 -0.678422
vn 0.653269 -0.346885 -0.672986
vn 0.571073 -0.300675 -0.763852
vn 0.614767 -0.209134 -0.760476
vn 0.521526 -0.162711 -0.837578
vn 0.566599 -0.082072 -0.819896
vn 0.653312 -0.111806 -0.748788
vn 0.566599 -0.082072 -0.819896
vn 0.607052 0.000000 -0.794662
vn 0.679707 0.000000 -0.733484
vn 0.653312 -0.111806 -0.748788
vn 0.679707 0.000000 -0.733484
vn 0.745642 0.000000 -0.666347
vn 0.726681 -0.127823 -0.674978
vn 0.653312 -0.111806 -0.748788
vn 0.726681 -0.127823 -0.674978
vn 0.693805 -0.241616 -0.678422
vn 0.614767 -0.209134 -0.760476
vn 0.653312 -0.111806 -0.748788
vn 0.494092 0.843732 -0.209736
vn 0.458335 0.884013 -0.091930
vn 0.528126 0.848029 -0.043921
vn 0.576020 0.799749 -0.169125
vn 0.528126 0.848029 -0.043921
vn 0.587811 0.808999 0.000000
vn 0.646557 0.751396 -0.131790
vn 0.576020 0.799749 -0.169125
vn 0.646557 0.751396 -0.131790
vn 0.686326 0.683579 -0.248350
vn 0.606218 0.743112 -0.283345
vn 0.576020 0.799749 -0.169125
vn 0.606218 0.743112 -0.283345
vn 0.513198 0.797510 -0.317185
vn 0.494092 0.843732 -0.209736
vn 0.576020 0.799749 -0.169125
vn 0.606218 0.743112 -0.283345
vn 0.686326 0.683579 -0.248350
vn 0.710943 0.609428 -0.350939
vn 0.625141 0.678160 -0.386391
vn 0.710943 0.609428 -0.350939
vn 0.723596 0.525719 -0.447245
vn 0.631857 0.609454 -0.478876
vn 0.625141 0.678160 -0.386391
vn 0.631857 0.609454 -0.478876
vn 0.529085 0.683583 -0.502776
vn 0.524609 0.743085 -0.415464
vn 0.625141 0.678160 -0.386391
vn 0.524609 0.743085 -0.415464
vn 0.513198 0.797510 -0.317185
vn 0.606218 0.743112 -0.283345
vn 0.625141 0.678160 -0.386391
vn 0.524609 0.743085 -0.415464
vn 0.529085 0.683583 -0.502776
vn 0.407043 0.751368 -0.519387
vn 0.408943 0.799756 -0.439496
vn 0.407043 0.751368 -0.519387
vn 0.262831 0.809034 -0.525723
vn 0.275490 0.848021 -0.452732
vn 0.408943 0.799756 -0.439496
vn 0.275490 0.848021 -0.452732
vn 0.287170 0.884005 -0.368875
vn 0.408507 0.843782 -0.348074
vn 0.408943 0.799756 -0.439496
vn 0.408507 0.843782 -0.348074
vn 0.513198 0.797510 -0.317185
vn 0.524609 0.743085 -0.415464
vn 0.408943 0.799756 -0.439496
vn 0.408507 0.843782 -0.348074
vn 0.287170 0.884005 -0.368875
vn 0.296673 0.913034 -0.279917
vn 0.403575 0.880278 -0.249476
vn 0.296673 0.913034 -0.279917
vn 0.303540 0.934183 -0.187526
vn 0.383000 0.913058 -0.140130
vn 0.403575 0.880278 -0.249476
vn 0.383000 0.913058 -0.140130
vn 0.458335 0.884013 -0.091930
vn 0.494092 0.843732 -0.209736
vn 0.403575 0.880278 -0.249476
vn 0.494092 0.843732 -0.209736
vn 0.513198 0.797510 -0.317185
vn 0.408507 0.843782 -0.348074
vn 0.403575 0.880278 -0.249476
vn 0.165402 0.922758 -0.348080
vn 0.287170 0.884005 -0.368875
vn 0.275490 0.848021 -0.452732
vn 0.139185 0.887394 -0.439499
vn 0.275490 0.848021 -0.452732
vn 0.262831 0.809034 -0.525723
vn 0.112285 0.847124 -0.519396
vn 0.139185 0.887394 -0.439499
vn 0.112285 0.847124 -0.519396
vn -0.026219 0.864005 -0.502800
vn 0.012300 0.909531 -0.415455
vn 0.139185 0.887394 -0.439499
vn 0.012300 0.909531 -0.415455
vn 0.053563 0.946857 -0.317165
vn 0.165402 0.922758 -0.348080
vn 0.139185 0.887394 -0.439499
vn 0.012300 0.909531 -0.415455
vn -0.026219 0.864005 -0.502800
vn -0.152910 0.864480 -0.478846
vn -0.107130 0.916101 -0.386371
vn -0.152910 0.864480 -0.478846
vn -0.276362 0.850661 -0.447213
vn -0.216867 0.910933 -0.350956
vn -0.107130 0.916101 -0.386371
vn -0.216867 0.910933 -0.350956
vn -0.153425 0.956444 -0.248344
vn -0.053658 0.957517 -0.283339
vn -0.107130 0.916101 -0.386371
vn -0.053658 0.957517 -0.283339
vn 0.053563 0.946857 -0.317165
vn 0.012300 0.909531 -0.415455
vn -0.107130 0.916101 -0.386371
vn -0.053658 0.957517 -0.283339
vn -0.153425 0.956444 -0.248344
vn -0.081427 0.987928 -0.131785
vn 0.004029 0.985589 -0.169112
vn -0.081427 0.987928 -0.131785
vn 0.000000 1.000000 0.000000
vn 0.071176 0.996496 -0.043920
vn 0.004029 0.985589 -0.169112
vn 0.071176 0.996496 -0.043920
vn 0.148762 0.984591 -0.091931
vn 0.096175 0.973014 -0.209748
vn 0.004029 0.985589 -0.169112
vn 0.096175 0.973014 -0.209748
vn 0.053563 0.946857 -0.317165
vn -0.053658 0.957517 -0.283339
vn 0.004029 0.985589 -0.169112
vn 0.096175 0.973014 -0.209748
vn 0.148762 0.984591 -0.091931
vn 0.226718 0.963827 -0.140127
vn 0.190854 0.949385 -0.249486
vn 0.226718 0.963827 -0.140127
vn 0.303540 0.934183 -0.187526
vn 0.296673 0.913034 -0.279917
vn 0.190854 0.949385 -0.249486
vn 0.296673 0.913034 -0.279917
vn 0.287170 0.884005 -0.368875
vn 0.165402 0.922758 -0.348080
vn 0.190854 0.949385 -0.249486
vn 0.165402 0.922758 -0.348080
vn 0.053563 0.946857 -0.317165
vn 0.096175 0.973014 -0.209748
vn 0.190854 0.949385 -0.249486
vn 0.230567 0.973026 0.007661
vn 0.148762 0.984591 -0.091931
vn 0.071176 0.996496 -0.043920
vn 0.153149 0.985577 0.071996
vn 0.071176 0.996496 -0.043920
vn 0.000000 1.000000 0.000000
vn 0.081427 0.987928 0.131785
vn 0.153149 0.985577 0.071996
vn 0.081427 0.987928 0.131785
vn 0.153425 0.956444 0.248344
vn 0.229464 0.957503 0.174738
vn 0.153149 0.985577 0.071996
vn 0.229464 0.957503 0.174738
vn 0.307616 0.946868 0.093881
vn 0.230567 0.973026 0.007661
vn 0.153149 0.985577 0.071996
vn 0.229464 0.957503 0.174738
vn 0.153425 0.956444 0.248344
vn 0.216867 0.910933 0.350956
vn 0.297679 0.916112 0.268562
vn 0.216867 0.910933 0.350956
vn 0.276362 0.850661 0.447213
vn 0.359930 0.864466 0.350926
vn 0.297679 0.916112 0.268562
vn 0.359930 0.864466 0.350926
vn 0.437968 0.864002 0.248362
vn 0.377109 0.909537 0.174729
vn 0.297679 0.916112 0.268562
vn 0.377109 0.909537 0.174729
vn 0.307616 0.946868 0.093881
vn 0.229464 0.957503 0.174738
vn 0.297679 0.916112 0.268562
vn 0.377109 0.909537 0.174729
vn 0.437968 0.864002 0.248362
vn 0.514789 0.847127 0.131788
vn 0.455369 0.887387 0.072003
vn 0.514789 0.847127 0.131788
vn 0.587811 0.808999 0.000000
vn 0.528126 0.848029 -0.043921
vn 0.455369 0.887387 0.072003
vn 0.528126 0.848029 -0.043921
vn 0.458335 0.884013 -0.091930
vn 0.385366 0.922732 0.007661
vn 0.455369 0.887387 0.072003
vn 0.385366 0.922732 0.007661
vn 0.307616 0.946868 0.093881
vn 0.377109 0.909537 0.174729
vn 0.455369 0.887387 0.072003
vn 0.385366 0.922732 0.007661
vn 0.458335 0.884013 -0.091930
vn 0.383000 0.913058 -0.140130
vn 0.308488 0.949393 -0.059060
vn 0.383000 0.913058 -0.140130
vn 0.303540 0.934183 -0.187526
vn 0.226718 0.963827 -0.140127
vn 0.308488 0.949393 -0.059060
vn 0.226718 0.963827 -0.140127
vn 0.148762 0.984591 -0.091931
vn 0.230567 0.973026 0.007661
vn 0.308488 0.949393 -0.059060
vn 0.230567 0.973026 0.007661
vn 0.307616 0.946868 0.093881
vn 0.385366 0.922732 0.007661
vn 0.308488 0.949393 -0.059060
vn -0.649770 0.730621 -0.209743
vn -0.699104 0.709085 -0.091932
vn -0.643300 0.764353 -0.043922
vn -0.582585 0.794981 -0.169117
vn -0.643300 0.764353 -0.043922
vn -0.587811 0.808999 0.000000
vn -0.514789 0.847127 -0.131788
vn -0.582585 0.794981 -0.169117
vn -0.514789 0.847127 -0.131788
vn -0.437968 0.864002 -0.248362
vn -0.519397 0.806198 -0.283321
vn -0.582585 0.794981 -0.169117
vn -0.519397 0.806198 -0.283321
vn -0.599889 0.734523 -0.317190
vn -0.649770 0.730621 -0.209743
vn -0.582585 0.794981 -0.169117
vn -0.519397 0.806198 -0.283321
vn -0.437968 0.864002 -0.248362
vn -0.359930 0.864466 -0.350926
vn -0.451793 0.804121 -0.386358
vn -0.359930 0.864466 -0.350926
vn -0.276362 0.850661 -0.447213
vn -0.384366 0.789274 -0.478863
vn -0.451793 0.804121 -0.386358
vn -0.384366 0.789274 -0.478863
vn -0.486556 0.714466 -0.502794
vn -0.544612 0.728561 -0.415448
vn -0.451793 0.804121 -0.386358
vn -0.544612 0.728561 -0.415448
vn -0.599889 0.734523 -0.317190
vn -0.519397 0.806198 -0.283321
vn -0.451793 0.804121 -0.386358
vn -0.544612 0.728561 -0.415448
vn -0.486556 0.714466 -0.502794
vn -0.588778 0.619300 -0.519431
vn -0.634262 0.636062 -0.439474
vn -0.588778 0.619300 -0.519431
vn -0.688178 0.500041 -0.525710
vn -0.721369 0.524072 -0.452741
vn -0.634262 0.636062 -0.439474
vn -0.721369 0.524072 -0.452741
vn -0.751960 0.546345 -0.368869
vn -0.676193 0.649302 -0.348094
vn -0.634262 0.636062 -0.439474
vn -0.676193 0.649302 -0.348094
vn -0.599889 0.734523 -0.317190
vn -0.544612 0.728561 -0.415448
vn -0.634262 0.636062 -0.439474
vn -0.676193 0.649302 -0.348094
vn -0.751960 0.546345 -0.368869
vn -0.776680 0.564290 -0.279902
vn -0.712428 0.655905 -0.249470
vn -0.776680 0.564290 -0.279902
vn -0.794666 0.577359 -0.187518
vn -0.749991 0.646437 -0.140116
vn -0.712428 0.655905 -0.249470
vn -0.749991 0.646437 -0.140116
vn -0.699104 0.709085 -0.091932
vn -0.649770 0.730621 -0.209743
vn -0.712428 0.655905 -0.249470
vn -0.649770 0.730621 -0.209743
vn -0.599889 0.734523 -0.317190
vn -0.676193 0.649302 -0.348094
vn -0.712428 0.655905 -0.249470
vn -0.826487 0.442439 -0.348091
vn -0.751960 0.546345 -0.368869
vn -0.721369 0.524072 -0.452741
vn -0.800930 0.406631 -0.439504
vn -0.721369 0.524072 -0.452741
vn -0.688178 0.500041 -0.525710
vn -0.770957 0.368570 -0.519404
vn -0.800930 0.406631 -0.439504
vn -0.770957 0.368570 -0.519404
vn -0.829847 0.242005 -0.502780
vn -0.861199 0.292815 -0.415446
vn -0.800930 0.406631 -0.439504
vn -0.861199 0.292815 -0.415446
vn -0.883952 0.343564 -0.317164
vn -0.826487 0.442439 -0.348091
vn -0.800930 0.406631 -0.439504
vn -0.861199 0.292815 -0.415446
vn -0.829847 0.242005 -0.502780
vn -0.869430 0.121571 -0.478866
vn -0.904381 0.181145 -0.386371
vn -0.869430 0.121571 -0.478866
vn -0.894427 0.000000 -0.447213
vn -0.933381 0.075172 -0.350926
vn -0.904381 0.181145 -0.386371
vn -0.933381 0.075172 -0.350926
vn -0.957067 0.149490 -0.248347
vn -0.927259 0.244779 -0.283327
vn -0.904381 0.181145 -0.386371
vn -0.927259 0.244779 -0.283327
vn -0.883952 0.343564 -0.317164
vn -0.861199 0.292815 -0.415446
vn -0.904381 0.181145 -0.386371
vn -0.927259 0.244779 -0.283327
vn -0.957067 0.149490 -0.248347
vn -0.964748 0.227804 -0.131787
vn -0.936084 0.308456 -0.169123
vn -0.964748 0.227804 -0.131787
vn -0.951076 0.308957 0.000000
vn -0.925736 0.375611 -0.043918
vn -0.936084 0.308456 -0.169123
vn -0.925736 0.375611 -0.043918
vn -0.890463 0.445674 -0.091931
vn -0.895672 0.392152 -0.209734
vn -0.936084 0.308456 -0.169123
vn -0.895672 0.392152 -0.209734
vn -0.883952 0.343564 -0.317164
vn -0.927259 0.244779 -0.283327
vn -0.936084 0.308456 -0.169123
vn -0.895672 0.392152 -0.209734
vn -0.890463 0.445674 -0.091931
vn -0.846553 0.513530 -0.140126
vn -0.843962 0.474847 -0.249495
vn -0.846553 0.513530 -0.140126
vn -0.794666 0.577359 -0.187518
vn -0.776680 0.564290 -0.279902
vn -0.843962 0.474847 -0.249495
vn -0.776680 0.564290 -0.279902
vn -0.751960 0.546345 -0.368869
vn -0.826487 0.442439 -0.348091
vn -0.843962 0.474847 -0.249495
vn -0.826487 0.442439 -0.348091
vn -0.883952 0.343564 -0.317164
vn -0.895672 0.392152 -0.209734
vn -0.843962 0.474847 -0.249495
vn -0.854143 0.519982 0.007661
vn -0.890463 0.445674 -0.091931
vn -0.925736 0.375611 -0.043918
vn -0.890015 0.450211 0.071998
vn -0.925736 0.375611 -0.043918
vn -0.951076 0.308957 0.000000
vn -0.914395 0.382770 0.131792
vn -0.890015 0.450211 0.071998
vn -0.914395 0.382770 0.131792
vn -0.862199 0.441508 0.248362
vn -0.839762 0.514070 0.174734
vn -0.890015 0.450211 0.071998
vn -0.839762 0.514070 0.174734
vn -0.805425 0.585214 0.093884
vn -0.854143 0.519982 0.007661
vn -0.890015 0.450211 0.071998
vn -0.839762 0.514070 0.174734
vn -0.862199 0.441508 0.248362
vn -0.799308 0.487789 0.350955
vn -0.779295 0.566196 0.268555
vn -0.799308 0.487789 0.350955
vn -0.723596 0.525719 0.447245
vn -0.710943 0.609428 0.350939
vn -0.779295 0.566196 0.268555
vn -0.710943 0.609428 0.350939
vn -0.686326 0.683579 0.248350
vn -0.748419 0.639794 0.174736
vn -0.779295 0.566196 0.268555
vn -0.748419 0.639794 0.174736
vn -0.805425 0.585214 0.093884
vn -0.839762 0.514070 0.174734
vn -0.779295 0.566196 0.268555
vn -0.748419 0.639794 0.174736
vn -0.686326 0.683579 0.248350
vn -0.646557 0.751396 0.131790
vn -0.703223 0.707314 0.072004
vn -0.646557 0.751396 0.131790
vn -0.587811 0.808999 0.000000
vn -0.643300 0.764353 -0.043922
vn -0.703223 0.707314 0.072004
vn -0.643300 0.764353 -0.043922
vn -0.699104 0.709085 -0.091932
vn -0.758464 0.651669 0.007661
vn -0.703223 0.707314 0.072004
vn -0.758464 0.651669 0.007661
vn -0.805425 0.585214 0.093884
vn -0.748419 0.639794 0.174736
vn -0.703223 0.707314 0.072004
vn -0.758464 0.651669 0.007661
vn -0.699104 0.709085 -0.091932
vn -0.749991 0.646437 -0.140116
vn -0.807613 0.586747 -0.059062
vn -0.749991 0.646437 -0.140116
vn -0.794666 0.577359 -0.187518
vn -0.846553 0.513530 -0.140126
vn -0.807613 0.586747 -0.059062
vn -0.846553 0.513530 -0.140126
vn -0.890463 0.445674 -0.091931
vn -0.854143 0.519982 0.007661
vn -0.807613 0.586747 -0.059062
vn -0.854143 0.519982 0.007661
vn -0.805425 0.585214 0.093884
vn -0.758464 0.651669 0.007661
vn -0.807613 0.586747 -0.059062
vn -0.895672 -0.392152 -0.209734
vn -0.890463 -0.445674 -0.091931
vn -0.925736 -0.375611 -0.043918
vn -0.936084 -0.308456 -0.169123
vn -0.925736 -0.375611 -0.043918
vn -0.951076 -0.308957 0.000000
vn -0.964748 -0.227804 -0.131787
vn -0.936084 -0.308456 -0.169123
vn -0.964748 -0.227804 -0.131787
vn -0.957067 -0.149490 -0.248347
vn -0.927259 -0.244779 -0.283327
vn -0.936084 -0.308456 -0.169123
vn -0.927259 -0.244779 -0.283327
vn -0.883952 -0.343564 -0.317164
vn -0.895672 -0.392152 -0.209734
vn -0.936084 -0.308456 -0.169123
vn -0.927259 -0.244779 -0.283327
vn -0.957067 -0.149490 -0.248347
vn -0.933381 -0.075172 -0.350926
vn -0.904381 -0.181145 -0.386371
vn -0.933381 -0.075172 -0.350926
vn -0.894427 0.000000 -0.447213
vn -0.869430 -0.121571 -0.478866
vn -0.904381 -0.181145 -0.386371
vn -0.869430 -0.121571 -0.478866
vn -0.829847 -0.242005 -0.502780
vn -0.861199 -0.292815 -0.415446
vn -0.904381 -0.181145 -0.386371
vn -0.861199 -0.292815 -0.415446
vn -0.883952 -0.343564 -0.317164
vn -0.927259 -0.244779 -0.283327
vn -0.904381 -0.181145 -0.386371
vn -0.861199 -0.292815 -0.415446
vn -0.829847 -0.242005 -0.502780
vn -0.770957 -0.368570 -0.519404
vn -0.800930 -0.406631 -0.439504
vn -0.770957 -0.368570 -0.519404
vn -0.688178 -0.500041 -0.525710
vn -0.721369 -0.524072 -0.452741
vn -0.800930 -0.406631 -0.439504
vn -0.721369 -0.524072 -0.452741
vn -0.751960 -0.546345 -0.368869
vn -0.826487 -0.442439 -0.348091
vn -0.800930 -0.406631 -0.439504
vn -0.826487 -0.442439 -0.348091
vn -0.883952 -0.343564 -0.317164
vn -0.861199 -0.292815 -0.415446
vn -0.800930 -0.406631 -0.439504
vn -0.826487 -0.442439 -0.348091
vn -0.751960 -0.546345 -0.368869
vn -0.776680 -0.564290 -0.279902
vn -0.843962 -0.474847 -0.249495
vn -0.776680 -0.564290 -0.279902
vn -0.794666 -0.577359 -0.187518
vn -0.846553 -0.513530 -0.140126
vn -0.843962 -0.474847 -0.249495
vn -0.846553 -0.513530 -0.140126
vn -0.890463 -0.445674 -0.091931
vn -0.895672 -0.392152 -0.209734
vn -0.843962 -0.474847 -0.249495
vn -0.895672 -0.392152 -0.209734
vn -0.883952 -0.343564 -0.317164
vn -0.826487 -0.442439 -0.348091
vn -0.843962 -0.474847 -0.249495
vn -0.676193 -0.649302 -0.348094
vn -0.751960 -0.546345 -0.368869
vn -0.721369 -0.524072 -0.452741
vn -0.634262 -0.636062 -0.439474
vn -0.721369 -0.524072 -0.452741
vn -0.688178 -0.500041 -0.525710
vn -0.588778 -0.619300 -0.519431
vn -0.634262 -0.636062 -0.439474
vn -0.588778 -0.619300 -0.519431
vn -0.486579 -0.714455 -0.502787
vn -0.544654 -0.728577 -0.415366
vn -0.634262 -0.636062 -0.439474
vn -0.544654 -0.728577 -0.415366
vn -0.599814 -0.734726 -0.316862
vn -0.676193 -0.649302 -0.348094
vn -0.634262 -0.636062 -0.439474
vn -0.544654 -0.728577 -0.415366
vn -0.486579 -0.714455 -0.502787
vn -0.382882 -0.789083 -0.480365
vn -0.452602 -0.804392 -0.384845
vn -0.359493 -0.865982 -0.347620
vn -0.435225 -0.866787 -0.243433
vn -0.518214 -0.807539 -0.281663
vn -0.452602 -0.804392 -0.384845
vn -0.518214 -0.807539 -0.281663
vn -0.599814 -0.734726 -0.316862
vn -0.544654 -0.728577 -0.415366
vn -0.452602 -0.804392 -0.384845
vn -0.518214 -0.807539 -0.281663
vn -0.435225 -0.866787 -0.243433
vn -0.509479 -0.851187 -0.126141
vn -0.580451 -0.797072 -0.166593
vn -0.509479 -0.851187 -0.126141
vn -0.580733 -0.814072 0.006012
vn -0.640010 -0.767279 -0.040867
vn -0.580451 -0.797072 -0.166593
vn -0.640010 -0.767279 -0.040867
vn -0.698128 -0.710184 -0.090863
vn -0.649322 -0.731216 -0.209054
vn -0.580451 -0.797072 -0.166593
vn -0.649322 -0.731216 -0.209054
vn -0.599814 -0.734726 -0.316862
vn -0.518214 -0.807539 -0.281663
vn -0.580451 -0.797072 -0.166593
vn -0.649322 -0.731216 -0.209054
vn -0.698128 -0.710184 -0.090863
vn -0.749928 -0.646523 -0.140060
vn -0.712433 -0.655910 -0.249441
vn -0.749928 -0.646523 -0.140060
vn -0.794666 -0.577359 -0.187518
vn -0.776680 -0.564290 -0.279902
vn -0.712433 -0.655910 -0.249441
vn -0.776680 -0.564290 -0.279902
vn -0.751960 -0.546345 -0.368869
vn -0.676193 -0.649302 -0.348094
vn -0.712433 -0.655910 -0.249441
vn -0.676193 -0.649302 -0.348094
vn -0.599814 -0.734726 -0.316862
vn -0.649322 -0.731216 -0.209054
vn -0.712433 -0.655910 -0.249441
vn -0.757654 -0.652601 0.008484
vn -0.698128 -0.710184 -0.090863
vn -0.640010 -0.767279 -0.040867
vn -0.699559 -0.710638 0.074901
vn -0.640010 -0.767279 -0.040867
vn -0.580733 -0.814072 0.006012
vn -0.638425 -0.757270 0.137677
vn -0.699559 -0.710638 0.074901
vn -0.638425 -0.757270 0.137677
vn -0.677984 -0.690040 0.253343
vn -0.745119 -0.642990 0.177092
vn -0.699559 -0.710638 0.074901
vn -0.745119 -0.642990 0.177092
vn -0.804788 -0.586002 0.094437
vn -0.757654 -0.652601 0.008484
vn -0.699559 -0.710638 0.074901
vn -0.745119 -0.642990 0.177092
vn -0.677984 -0.690040 0.253343
vn -0.704121 -0.616370 0.352564
vn -0.776602 -0.569091 0.270231
vn -0.704121 -0.616370 0.352564
vn -0.718071 -0.530579 0.450400
vn -0.797354 -0.490242 0.351978
vn -0.776602 -0.569091 0.270231
vn -0.797354 -0.490242 0.351978
vn -0.861985 -0.441874 0.248453
vn -0.839332 -0.514691 0.174972
vn -0.776602 -0.569091 0.270231
vn -0.839332 -0.514691 0.174972
vn -0.804788 -0.586002 0.094437
vn -0.745119 -0.642990 0.177092
vn -0.776602 -0.569091 0.270231
vn -0.839332 -0.514691 0.174972
vn -0.861985 -0.441874 0.248453
vn -0.914395 -0.382770 0.131792
vn -0.890015 -0.450211 0.071998
vn -0.914395 -0.382770 0.131792
vn -0.951076 -0.308957 0.000000
vn -0.925736 -0.375611 -0.043918
vn -0.890015 -0.450211 0.071998
vn -0.925736 -0.375611 -0.043918
vn -0.890463 -0.445674 -0.091931
vn -0.854121 -0.520018 0.007661
vn -0.890015 -0.450211 0.071998
vn -0.854121 -0.520018 0.007661
vn -0.804788 -0.586002 0.094437
vn -0.839332 -0.514691 0.174972
vn -0.890015 -0.450211 0.071998
vn -0.854121 -0.520018 0.007661
vn -0.890463 -0.445674 -0.091931
vn -0.846553 -0.513530 -0.140126
vn -0.807574 -0.586802 -0.059062
vn -0.846553 -0.513530 -0.140126
vn -0.794666 -0.577359 -0.187518
vn -0.749928 -0.646523 -0.140060
vn -0.807574 -0.586802 -0.059062
vn -0.749928 -0.646523 -0.140060
vn -0.698128 -0.710184 -0.090863
vn -0.757654 -0.652601 0.008484
vn -0.807574 -0.586802 -0.059062
vn -0.757654 -0.652601 0.008484
vn -0.804788 -0.586002 0.094437
vn -0.854121 -0.520018 0.007661
vn -0.807574 -0.586802 -0.059062
vn 0.275425 -0.853441 -0.442469
vn 0.265471 -0.810483 -0.522152
vn 0.407266 -0.754128 -0.515195
vn 0.410706 -0.803433 -0.431064
vn 0.407266 -0.754128 -0.515195
vn 0.529134 -0.685988 -0.499437
vn 0.523656 -0.748673 -0.406538
vn 0.410706 -0.803433 -0.431064
vn 0.523656 -0.748673 -0.406538
vn 0.511431 -0.804994 -0.300706
vn 0.405678 -0.851981 -0.330989
vn 0.410706 -0.803433 -0.431064
vn 0.523656 -0.748673 -0.406538
vn 0.529134 -0.685988 -0.499437
vn 0.631694 -0.611397 -0.476609
vn 0.623824 -0.683741 -0.378605
vn 0.631694 -0.611397 -0.476609
vn 0.723496 -0.527208 -0.445653
vn 0.709382 -0.614949 -0.344405
vn 0.623824 -0.683741 -0.378605
vn 0.709382 -0.614949 -0.344405
vn 0.682315 -0.691624 -0.236860
vn 0.601072 -0.752402 -0.269450
vn 0.623824 -0.683741 -0.378605
vn 0.601072 -0.752402 -0.269450
vn 0.511431 -0.804994 -0.300706
vn 0.523656 -0.748673 -0.406538
vn 0.623824 -0.683741 -0.378605
vn 0.955132 -0.209125 -0.209736
vn 0.982383 -0.162703 -0.091927
vn 0.969626 -0.241216 -0.040503
vn 0.938006 -0.301529 -0.170954
vn 0.911283 -0.390267 -0.131361
vn 0.862147 -0.443649 -0.244701
vn 0.893975 -0.347659 -0.282741
vn 0.938006 -0.301529 -0.170954
vn 0.893975 -0.347659 -0.282741
vn 0.917084 -0.241593 -0.317160
vn 0.955132 -0.209125 -0.209736
vn 0.938006 -0.301529 -0.170954
vn 0.893975 -0.347659 -0.282741
vn 0.862147 -0.443649 -0.244701
vn 0.798190 -0.489346 -0.351329
vn 0.838179 -0.385347 -0.385957
vn 0.798190 -0.489346 -0.351329
vn 0.723496 -0.527208 -0.445653
vn 0.774934 -0.412708 -0.478695
vn 0.838179 -0.385347 -0.385957
vn 0.774934 -0.412708 -0.478695
vn 0.813623 -0.291962 -0.502769
vn 0.868841 -0.269287 -0.415452
vn 0.838179 -0.385347 -0.385957
vn 0.868841 -0.269287 -0.415452
vn 0.917084 -0.241593 -0.317160
vn 0.893975 -0.347659 -0.282741
vn 0.838179 -0.385347 -0.385957
vn 0.868841 -0.269287 -0.415452
vn 0.813623 -0.291962 -0.502769
vn 0.840365 -0.154869 -0.519425
vn 0.886994 -0.141718 -0.439498
vn 0.840365 -0.154869 -0.519425
vn 0.850676 0.000000 -0.525690
vn 0.891664 0.000000 -0.452699
vn 0.886994 -0.141718 -0.439498
vn 0.891664 0.000000 -0.452699
vn 0.929484 0.000000 -0.368863
vn 0.928709 -0.127828 -0.348079
vn 0.886994 -0.141718 -0.439498
vn 0.928709 -0.127828 -0.348079
vn 0.917084 -0.241593 -0.317160
vn 0.868841 -0.269287 -0.415452
vn 0.886994 -0.141718 -0.439498
vn 0.928709 -0.127828 -0.348079
vn 0.929484 0.000000 -0.368863
vn 0.960030 0.000000 -0.279897
vn 0.961902 -0.111803 -0.249487
vn 0.960030 0.000000 -0.279897
vn 0.982262 0.000000 -0.187516
vn 0.986726 -0.082075 -0.140128
vn 0.961902 -0.111803 -0.249487
vn 0.986726 -0.082075 -0.140128
vn 0.982383 -0.162703 -0.091927
vn 0.955132 -0.209125 -0.209736
vn 0.961902 -0.111803 -0.249487
vn 0.955132 -0.209125 -0.209736
vn 0.917084 -0.241593 -0.317160
vn 0.928709 -0.127828 -0.348079
vn 0.961902 -0.111803 -0.249487
vn 0.928709 0.127828 -0.348079
vn 0.929484 0.000000 -0.368863
vn 0.891664 0.000000 -0.452699
vn 0.886994 0.141718 -0.439498
vn 0.891664 0.000000 -0.452699
vn 0.850676 0.000000 -0.525690
vn 0.840365 0.154869 -0.519425
vn 0.886994 0.141718 -0.439498
vn 0.840365 0.154869 -0.519425
vn 0.813623 0.291962 -0.502769
vn 0.868841 0.269287 -0.415452
vn 0.886994 0.141718 -0.439498
vn 0.868841 0.269287 -0.415452
vn 0.917079 0.241600 -0.317169
vn 0.928709 0.127828 -0.348079
vn 0.886994 0.141718 -0.439498
vn 0.868841 0.269287 -0.415452
vn 0.813623 0.291962 -0.502769
vn 0.774885 0.412637 -0.478837
vn 0.838169 0.384945 -0.386381
vn 0.774885 0.412637 -0.478837
vn 0.723596 0.525719 -0.447245
vn 0.799308 0.487789 -0.350955
vn 0.838169 0.384945 -0.386381
vn 0.799308 0.487789 -0.350955
vn 0.862199 0.441508 -0.248362
vn 0.894093 0.346875 -0.283330
vn 0.838169 0.384945 -0.386381
vn 0.894093 0.346875 -0.283330
vn 0.917079 0.241600 -0.317169
vn 0.868841 0.269287 -0.415452
vn 0.838169 0.384945 -0.386381
vn 0.894093 0.346875 -0.283330
vn 0.862199 0.441508 -0.248362
vn 0.914395 0.382770 -0.131792
vn 0.938620 0.300655 -0.169113
vn 0.914395 0.382770 -0.131792
vn 0.951076 0.308957 0.000000
vn 0.969719 0.240240 -0.043921
vn 0.938620 0.300655 -0.169113
vn 0.969719 0.240240 -0.043921
vn 0.982383 0.162703 -0.091927
vn 0.955132 0.209125 -0.209736
vn 0.938620 0.300655 -0.169113
vn 0.955132 0.209125 -0.209736
vn 0.917079 0.241600 -0.317169
vn 0.894093 0.346875 -0.283330
vn 0.938620 0.300655 -0.169113
vn 0.955132 0.209125 -0.209736
vn 0.982383 0.162703 -0.091927
vn 0.986726 0.082075 -0.140128
vn 0.961902 0.111803 -0.249487
vn 0.986726 0.082075 -0.140128
vn 0.982262 0.000000 -0.187516
vn 0.960030 0.000000 -0.279897
vn 0.961902 0.111803 -0.249487
vn 0.960030 0.000000 -0.279897
vn 0.929484 0.000000 -0.368863
vn 0.928709 0.127828 -0.348079
vn 0.961902 0.111803 -0.249487
vn 0.928709 0.127828 -0.348079
vn 0.917079 0.241600 -0.317169
vn 0.955132 0.209125 -0.209736
vn 0.961902 0.111803 -0.249487
vn 0.996662 0.081280 0.007661
vn 0.982383 0.162703 -0.091927
vn 0.969719 0.240240 -0.043921
vn 0.984676 0.158837 0.072001
vn 0.969719 0.240240 -0.043921
vn 0.951076 0.308957 0.000000
vn 0.964748 0.227804 0.131787
vn 0.984676 0.158837 0.072001
vn 0.964748 0.227804 0.131787
vn 0.957067 0.149490 0.248347
vn 0.981553 0.077612 0.174727
vn 0.984676 0.158837 0.072001
vn 0.981553 0.077612 0.174727
vn 0.995584 0.000000 0.093879
vn 0.996662 0.081280 0.007661
vn 0.984676 0.158837 0.072001
vn 0.981553 0.077612 0.174727
vn 0.957067 0.149490 0.248347
vn 0.933351 0.074684 0.351110
vn 0.963158 0.001495 0.268931
vn 0.933351 0.074684 0.351110
vn 0.893350 -0.001251 0.449361
vn 0.932288 -0.080306 0.352690
vn 0.963158 0.001495 0.268931
vn 0.981245 -0.082439 0.174248
vn 0.995584 0.000000 0.093879
vn 0.981553 0.077612 0.174727
vn 0.963158 0.001495 0.268931
vn 0.969626 -0.241216 -0.040503
vn 0.982383 -0.162703 -0.091927
vn 0.996662 -0.081280 0.007661
vn 0.983686 -0.162884 0.076361
vn 0.996662 -0.081280 0.007661
vn 0.995584 0.000000 0.093879
vn 0.981245 -0.082439 0.174248
vn 0.983686 -0.162884 0.076361
vn 0.996662 -0.081280 0.007661
vn 0.982383 -0.162703 -0.091927
vn 0.986726 -0.082075 -0.140128
vn 0.998255 0.000000 -0.059060
vn 0.986726 -0.082075 -0.140128
vn 0.982262 0.000000 -0.187516
vn 0.986726 0.082075 -0.140128
vn 0.998255 0.000000 -0.059060
vn 0.986726 0.082075 -0.140128
vn 0.982383 0.162703 -0.091927
vn 0.996662 0.081280 0.007661
vn 0.998255 0.000000 -0.059060
vn 0.996662 0.081280 0.007661
vn 0.995584 0.000000 0.093879
vn 0.996662 -0.081280 0.007661
vn 0.998255 0.000000 -0.059060
vn 0.854143 0.519982 -0.007661
vn 0.890463 0.445674 0.091931
vn 0.925736 0.375611 0.043918
vn 0.890015 0.450211 -0.071998
vn 0.925736 0.375611 0.043918
vn 0.951076 0.308957 0.000000
vn 0.914395 0.382770 -0.131792
vn 0.890015 0.450211 -0.071998
vn 0.914395 0.382770 -0.131792
vn 0.862199 0.441508 -0.248362
vn 0.839762 0.514070 -0.174734
vn 0.890015 0.450211 -0.071998
vn 0.839762 0.514070 -0.174734
vn 0.805425 0.585214 -0.093884
vn 0.854143 0.519982 -0.007661
vn 0.890015 0.450211 -0.071998
vn 0.839762 0.514070 -0.174734
vn 0.862199 0.441508 -0.248362
vn 0.799308 0.487789 -0.350955
vn 0.779295 0.566196 -0.268555
vn 0.799308 0.487789 -0.350955
vn 0.723596 0.525719 -0.447245
vn 0.710943 0.609428 -0.350939
vn 0.779295 0.566196 -0.268555
vn 0.710943 0.609428 -0.350939
vn 0.686326 0.683579 -0.248350
vn 0.748419 0.639794 -0.174736
vn 0.779295 0.566196 -0.268555
vn 0.748419 0.639794 -0.174736
vn 0.805425 0.585214 -0.093884
vn 0.839762 0.514070 -0.174734
vn 0.779295 0.566196 -0.268555
vn 0.748419 0.639794 -0.174736
vn 0.686326 0.683579 -0.248350
vn 0.646557 0.751396 -0.131790
vn 0.703223 0.707314 -0.072004
vn 0.646557 0.751396 -0.131790
vn 0.587811 0.808999 0.000000
vn 0.643300 0.764353 0.043922
vn 0.703223 0.707314 -0.072004
vn 0.643300 0.764353 0.043922
vn 0.699104 0.709085 0.091932
vn 0.758464 0.651669 -0.007661
vn 0.703223 0.707314 -0.072004
vn 0.758464 0.651669 -0.007661
vn 0.805425 0.585214 -0.093884
vn 0.748419 0.639794 -0.174736
vn 0.703223 0.707314 -0.072004
vn 0.758464 0.651669 -0.007661
vn 0.699104 0.709085 0.091932
vn 0.749991 0.646437 0.140116
vn 0.807613 0.586747 0.059062
vn 0.749991 0.646437 0.140116
vn 0.794666 0.577359 0.187518
vn 0.846553 0.513530 0.140126
vn 0.807613 0.586747 0.059062
vn 0.846553 0.513530 0.140126
vn 0.890463 0.445674 0.091931
vn 0.854143 0.519982 -0.007661
vn 0.807613 0.586747 0.059062
vn 0.854143 0.519982 -0.007661
vn 0.805425 0.585214 -0.093884
vn 0.758464 0.651669 -0.007661
vn 0.807613 0.586747 0.059062
vn 0.649770 0.730621 0.209743
vn 0.699104 0.709085 0.091932
vn 0.643300 0.764353 0.043922
vn 0.582585 0.794981 0.169117
vn 0.643300 0.764353 0.043922
vn 0.587811 0.808999 0.000000
vn 0.514789 0.847127 0.131788
vn 0.582585 0.794981 0.169117
vn 0.514789 0.847127 0.131788
vn 0.437968 0.864002 0.248362
vn 0.519397 0.806198 0.283321
vn 0.582585 0.794981 0.169117
vn 0.519397 0.806198 0.283321
vn 0.599889 0.734523 0.317190
vn 0.649770 0.730621 0.209743
vn 0.582585 0.794981 0.169117
vn 0.519397 0.806198 0.283321
vn 0.437968 0.864002 0.248362
vn 0.359930 0.864466 0.350926
vn 0.451793 0.804121 0.386358
vn 0.359930 0.864466 0.350926
vn 0.276362 0.850661 0.447213
vn 0.384366 0.789274 0.478863
vn 0.451793 0.804121 0.386358
vn 0.384366 0.789274 0.478863
vn 0.486556 0.714466 0.502794
vn 0.544612 0.728561 0.415448
vn 0.451793 0.804121 0.386358
vn 0.544612 0.728561 0.415448
vn 0.599889 0.734523 0.317190
vn 0.519397 0.806198 0.283321
vn 0.451793 0.804121 0.386358
vn 0.544612 0.728561 0.415448
vn 0.486556 0.714466 0.502794
vn 0.588778 0.619300 0.519431
vn 0.634262 0.636062 0.439474
vn 0.588778 0.619300 0.519431
vn 0.688178 0.500041 0.525710
vn 0.721369 0.524072 0.452741
vn 0.634262 0.636062 0.439474
vn 0.721369 0.524072 0.452741
vn 0.751960 0.546345 0.368869
vn 0.676193 0.649302 0.348094
vn 0.634262 0.636062 0.439474
vn 0.676193 0.649302 0.348094
vn 0.599889 0.734523 0.317190
vn 0.544612 0.728561 0.415448
vn 0.634262 0.636062 0.439474
vn 0.676193 0.649302 0.348094
vn 0.751960 0.546345 0.368869
vn 0.776680 0.564290 0.279902
vn 0.712428 0.655905 0.249470
vn 0.776680 0.564290 0.279902
vn 0.794666 0.577359 0.187518
vn 0.749991 0.646437 0.140116
vn 0.712428 0.655905 0.249470
vn 0.749991 0.646437 0.140116
vn 0.699104 0.709085 0.091932
vn 0.649770 0.730621 0.209743
vn 0.712428 0.655905 0.249470
vn 0.649770 0.730621 0.209743
vn 0.599889 0.734523 0.317190
vn 0.676193 0.649302 0.348094
vn 0.712428 0.655905 0.249470
vn 0.826487 0.442439 0.348091
vn 0.751960 0.546345 0.368869
vn 0.721369 0.524072 0.452741
vn 0.800930 0.406631 0.439504
vn 0.721369 0.524072 0.452741
vn 0.688178 0.500041 0.525710
vn 0.770957 0.368570 0.519404
vn 0.800930 0.406631 0.439504
vn 0.770957 0.368570 0.519404
vn 0.829847 0.242005 0.502780
vn 0.861199 0.292815 0.415446
vn 0.800930 0.406631 0.439504
vn 0.861199 0.292815 0.415446
vn 0.883952 0.343564 0.317164
vn 0.826487 0.442439 0.348091
vn 0.800930 0.406631 0.439504
vn 0.861199 0.292815 0.415446
vn 0.829847 0.242005 0.502780
vn 0.869352 0.121080 0.479131
vn 0.904370 0.181143 0.386396
vn 0.869352 0.121080 0.479131
vn 0.893350 -0.001251 0.449361
vn 0.933351 0.074684 0.351110
vn 0.904370 0.181143 0.386396
vn 0.933351 0.074684 0.351110
vn 0.957067 0.149490 0.248347
vn 0.927259 0.244779 0.283327
vn 0.904370 0.181143 0.386396
vn 0.927259 0.244779 0.283327
vn 0.883952 0.343564 0.317164
vn 0.861199 0.292815 0.415446
vn 0.904370 0.181143 0.386396
vn 0.927259 0.244779 0.283327
vn 0.957067 0.149490 0.248347
vn 0.964748 0.227804 0.131787
vn 0.936084 0.308456 0.169123
vn 0.964748 0.227804 0.131787
vn 0.951076 0.308957 0.000000
vn 0.925736 0.375611 0.043918
vn 0.936084 0.308456 0.169123
vn 0.925736 0.375611 0.043918
vn 0.890463 0.445674 0.091931
vn 0.895672 0.392152 0.209734
vn 0.936084 0.308456 0.169123
vn 0.895672 0.392152 0.209734
vn 0.883952 0.343564 0.317164
vn 0.927259 0.244779 0.283327
vn 0.936084 0.308456 0.169123
vn 0.895672 0.392152 0.209734
vn 0.890463 0.445674 0.091931
vn 0.846553 0.513530 0.140126
vn 0.843962 0.474847 0.249495
vn 0.846553 0.513530 0.140126
vn 0.794666 0.577359 0.187518
vn 0.776680 0.564290 0.279902
vn 0.843962 0.474847 0.249495
vn 0.776680 0.564290 0.279902
vn 0.751960 0.546345 0.368869
vn 0.826487 0.442439 0.348091
vn 0.843962 0.474847 0.249495
vn 0.826487 0.442439 0.348091
vn 0.883952 0.343564 0.317164
vn 0.895672 0.392152 0.209734
vn 0.843962 0.474847 0.249495
vn -0.230567 0.973026 -0.007661
vn -0.148762 0.984591 0.091931
vn -0.071176 0.996496 0.043920
vn -0.153149 0.985577 -0.071996
vn -0.071176 0.996496 0.043920
vn 0.000000 1.000000 0.000000
vn -0.081427 0.987928 -0.131785
vn -0.153149 0.985577 -0.071996
vn -0.081427 0.987928 -0.131785
vn -0.153425 0.956444 -0.248344
vn -0.229464 0.957503 -0.174738
vn -0.153149 0.985577 -0.071996
vn -0.229464 0.957503 -0.174738
vn -0.307616 0.946868 -0.093881
vn -0.230567 0.973026 -0.007661
vn -0.153149 0.985577 -0.071996
vn -0.229464 0.957503 -0.174738
vn -0.153425 0.956444 -0.248344
vn -0.216867 0.910933 -0.350956
vn -0.297679 0.916112 -0.268562
vn -0.216867 0.910933 -0.350956
vn -0.276362 0.850661 -0.447213
vn -0.359930 0.864466 -0.350926
vn -0.297679 0.916112 -0.268562
vn -0.359930 0.864466 -0.350926
vn -0.437968 0.864002 -0.248362
vn -0.377109 0.909537 -0.174729
vn -0.297679 0.916112 -0.268562
vn -0.377109 0.909537 -0.174729
vn -0.307616 0.946868 -0.093881
vn -0.229464 0.957503 -0.174738
vn -0.297679 0.916112 -0.268562
vn -0.377109 0.909537 -0.174729
vn -0.437968 0.864002 -0.248362
vn -0.514789 0.847127 -0.131788
vn -0.455369 0.887387 -0.072003
vn -0.514789 0.847127 -0.131788
vn -0.587811 0.808999 0.000000
vn -0.528126 0.848029 0.043921
vn -0.455369 0.887387 -0.072003
vn -0.528126 0.848029 0.043921
vn -0.458335 0.884013 0.091930
vn -0.385366 0.922732 -0.007661
vn -0.455369 0.887387 -0.072003
vn -0.385366 0.922732 -0.007661
vn -0.307616 0.946868 -0.093881
vn -0.377109 0.909537 -0.174729
vn -0.455369 0.887387 -0.072003
vn -0.385366 0.922732 -0.007661
vn -0.458335 0.884013 0.091930
vn -0.383000 0.913058 0.140130
vn -0.308488 0.949393 0.059060
vn -0.383000 0.913058 0.140130
vn -0.303540 0.934183 0.187526
vn -0.226718 0.963827 0.140127
vn -0.308488 0.949393 0.059060
vn -0.226718 0.963827 0.140127
vn -0.148762 0.984591 0.091931
vn -0.230567 0.973026 -0.007661
vn -0.308488 0.949393 0.059060
vn -0.230567 0.973026 -0.007661
vn -0.307616 0.946868 -0.093881
vn -0.385366 0.922732 -0.007661
vn -0.308488 0.949393 0.059060
vn -0.494092 0.843732 0.209736
vn -0.458335 0.884013 0.091930
vn -0.528126 0.848029 0.043921
vn -0.576020 0.799749 0.169125
vn -0.528126 0.848029 0.043921
vn -0.587811 0.808999 0.000000
vn -0.646557 0.751396 0.131790
vn -0.576020 0.799749 0.169125
vn -0.646557 0.751396 0.131790
vn -0.686326 0.683579 0.248350
vn -0.606218 0.743112 0.283345
vn -0.576020 0.799749 0.169125
vn -0.606218 0.743112 0.283345
vn -0.513198 0.797510 0.317185
vn -0.494092 0.843732 0.209736
vn -0.576020 0.799749 0.169125
vn -0.606218 0.743112 0.283345
vn -0.686326 0.683579 0.248350
vn -0.710943 0.609428 0.350939
vn -0.625141 0.678160 0.386391
vn -0.710943 0.609428 0.350939
vn -0.723596 0.525719 0.447245
vn -0.631857 0.609454 0.478876
vn -0.625141 0.678160 0.386391
vn -0.631857 0.609454 0.478876
vn -0.529085 0.683583 0.502776
vn -0.524609 0.743085 0.415464
vn -0.625141 0.678160 0.386391
vn -0.524609 0.743085 0.415464
vn -0.513198 0.797510 0.317185
vn -0.606218 0.743112 0.283345
vn -0.625141 0.678160 0.386391
vn -0.524609 0.743085 0.415464
vn -0.529085 0.683583 0.502776
vn -0.407043 0.751368 0.519387
vn -0.408943 0.799756 0.439496
vn -0.407043 0.751368 0.519387
vn -0.262831 0.809034 0.525723
vn -0.275490 0.848021 0.452732
vn -0.408943 0.799756 0.439496
vn -0.275490 0.848021 0.452732
vn -0.287170 0.884005 0.368875
vn -0.408507 0.843782 0.348074
vn -0.408943 0.799756 0.439496
vn -0.408507 0.843782 0.348074
vn -0.513198 0.797510 0.317185
vn -0.524609 0.743085 0.415464
vn -0.408943 0.799756 0.439496
vn -0.408507 0.843782 0.348074
vn -0.287170 0.884005 0.368875
vn -0.296673 0.913034 0.279917
vn -0.403575 0.880278 0.249476
vn -0.296673 0.913034 0.279917
vn -0.303540 0.934183 0.187526
vn -0.383000 0.913058 0.140130
vn -0.403575 0.880278 0.249476
vn -0.383000 0.913058 0.140130
vn -0.458335 0.884013 0.091930
vn -0.494092 0.843732 0.209736
vn -0.403575 0.880278 0.249476
vn -0.494092 0.843732 0.209736
vn -0.513198 0.797510 0.317185
vn -0.408507 0.843782 0.348074
vn -0.403575 0.880278 0.249476
vn -0.165402 0.922758 0.348080
vn -0.287170 0.884005 0.368875
vn -0.275490 0.848021 0.452732
vn -0.139185 0.887394 0.439499
vn -0.275490 0.848021 0.452732
vn -0.262831 0.809034 0.525723
vn -0.112285 0.847124 0.519396
vn -0.139185 0.887394 0.439499
vn -0.112285 0.847124 0.519396
vn 0.026219 0.864005 0.502800
vn -0.012300 0.909531 0.415455
vn -0.139185 0.887394 0.439499
vn -0.012300 0.909531 0.415455
vn -0.053563 0.946857 0.317165
vn -0.165402 0.922758 0.348080
vn -0.139185 0.887394 0.439499
vn -0.012300 0.909531 0.415455
vn 0.026219 0.864005 0.502800
vn 0.152910 0.864480 0.478846
vn 0.107130 0.916101 0.386371
vn 0.152910 0.864480 0.478846
vn 0.276362 0.850661 0.447213
vn 0.216867 0.910933 0.350956
vn 0.107130 0.916101 0.386371
vn 0.216867 0.910933 0.350956
vn 0.153425 0.956444 0.248344
vn 0.053658 0.957517 0.283339
vn 0.107130 0.916101 0.386371
vn 0.053658 0.957517 0.283339
vn -0.053563 0.946857 0.317165
vn -0.012300 0.909531 0.415455
vn 0.107130 0.916101 0.386371
vn 0.053658 0.957517 0.283339
vn 0.153425 0.956444 0.248344
vn 0.081427 0.987928 0.131785
vn -0.004029 0.985589 0.169112
vn 0.081427 0.987928 0.131785
vn 0.000000 1.000000 0.000000
vn -0.071176 0.996496 0.043920
vn -0.004029 0.985589 0.169112
vn -0.071176 0.996496 0.043920
vn -0.148762 0.984591 0.091931
vn -0.096175 0.973014 0.209748
vn -0.004029 0.985589 0.169112
vn -0.096175 0.973014 0.209748
vn -0.053563 0.946857 0.317165
vn 0.053658 0.957517 0.283339
vn -0.004029 0.985589 0.169112
vn -0.096175 0.973014 0.209748
vn -0.148762 0.984591 0.091931
vn -0.226718 0.963827 0.140127
vn -0.190854 0.949385 0.249486
vn -0.226718 0.963827 0.140127
vn -0.303540 0.934183 0.187526
vn -0.296673 0.913034 0.279917
vn -0.190854 0.949385 0.249486
vn -0.296673 0.913034 0.279917
vn -0.287170 0.884005 0.368875
vn -0.165402 0.922758 0.348080
vn -0.190854 0.949385 0.249486
vn -0.165402 0.922758 0.348080
vn -0.053563 0.946857 0.317165
vn -0.096175 0.973014 0.209748
vn -0.190854 0.949385 0.249486
vn -0.996662 0.081280 -0.007661
vn -0.982383 0.162703 0.091927
vn -0.969719 0.240240 0.043921
vn -0.984676 0.158837 -0.072001
vn -0.969719 0.240240 0.043921
vn -0.951076 0.308957 0.000000
vn -0.964748 0.227804 -0.131787
vn -0.984676 0.158837 -0.072001
vn -0.964748 0.227804 -0.131787
vn -0.957067 0.149490 -0.248347
vn -0.981553 0.077612 -0.174727
vn -0.984676 0.158837 -0.072001
vn -0.981553 0.077612 -0.174727
vn -0.995584 0.000000 -0.093879
vn -0.996662 0.081280 -0.007661
vn -0.984676 0.158837 -0.072001
vn -0.981553 0.077612 -0.174727
vn -0.957067 0.149490 -0.248347
vn -0.933381 0.075172 -0.350926
vn -0.963261 0.000000 -0.268568
vn -0.933381 0.075172 -0.350926
vn -0.894427 0.000000 -0.447213
vn -0.933381 -0.075172 -0.350926
vn -0.963261 0.000000 -0.268568
vn -0.933381 -0.075172 -0.350926
vn -0.957067 -0.149490 -0.248347
vn -0.981553 -0.077612 -0.174727
vn -0.963261 0.000000 -0.268568
vn -0.981553 -0.077612 -0.174727
vn -0.995584 0.000000 -0.093879
vn -0.981553 0.077612 -0.174727
vn -0.963261 0.000000 -0.268568
vn -0.981553 -0.077612 -0.174727
vn -0.957067 -0.149490 -0.248347
vn -0.964748 -0.227804 -0.131787
vn -0.984676 -0.158837 -0.072001
vn -0.964748 -0.227804 -0.131787
vn -0.951076 -0.308957 0.000000
vn -0.969719 -0.240240 0.043921
vn -0.984676 -0.158837 -0.072001
vn -0.969719 -0.240240 0.043921
vn -0.982383 -0.162703 0.091927
vn -0.996662 -0.081280 -0.007661
vn -0.984676 -0.158837 -0.072001
vn -0.996662 -0.081280 -0.007661
vn -0.995584 0.000000 -0.093879
vn -0.981553 -0.077612 -0.174727
vn -0.984676 -0.158837 -0.072001
vn -0.996662 -0.081280 -0.007661
vn -0.982383 -0.162703 0.091927
vn -0.986726 -0.082075 0.140128
vn -0.998255 0.000000 0.059060
vn -0.986726 -0.082075 0.140128
vn -0.982262 0.000000 0.187516
vn -0.986726 0.082075 0.140128
vn -0.998255 0.000000 0.059060
vn -0.986726 0.082075 0.140128
vn -0.982383 0.162703 0.091927
vn -0.996662 0.081280 -0.007661
vn -0.998255 0.000000 0.059060
vn -0.996662 0.081280 -0.007661
vn -0.995584 0.000000 -0.093879
vn -0.996662 -0.081280 -0.007661
vn -0.998255 0.000000 0.059060
vn -0.955132 -0.209125 0.209736
vn -0.982383 -0.162703 0.091927
vn -0.969719 -0.240240 0.043921
vn -0.938620 -0.300655 0.169113
vn -0.969719 -0.240240 0.043921
vn -0.951076 -0.308957 0.000000
vn -0.914395 -0.382770 0.131792
vn -0.938620 -0.300655 0.169113
vn -0.914395 -0.382770 0.131792
vn -0.861985 -0.441874 0.248453
vn -0.894068 -0.346938 0.283332
vn -0.938620 -0.300655 0.169113
vn -0.894068 -0.346938 0.283332
vn -0.917079 -0.241600 0.317169
vn -0.955132 -0.209125 0.209736
vn -0.938620 -0.300655 0.169113
vn -0.894068 -0.346938 0.283332
vn -0.861985 -0.441874 0.248453
vn -0.797354 -0.490242 0.351978
vn -0.837687 -0.385683 0.386690
vn -0.797354 -0.490242 0.351978
vn -0.718071 -0.530579 0.450400
vn -0.772608 -0.415330 0.480186
vn -0.837687 -0.385683 0.386690
vn -0.772608 -0.415330 0.480186
vn -0.813234 -0.292373 0.503159
vn -0.868815 -0.269319 0.415485
vn -0.837687 -0.385683 0.386690
vn -0.868815 -0.269319 0.415485
vn -0.917079 -0.241600 0.317169
vn -0.894068 -0.346938 0.283332
vn -0.837687 -0.385683 0.386690
vn -0.868815 -0.269319 0.415485
vn -0.813234 -0.292373 0.503159
vn -0.840365 -0.154869 0.519425
vn -0.886994 -0.141718 0.439498
vn -0.840365 -0.154869 0.519425
vn -0.850676 0.000000 0.525690
vn -0.891664 0.000000 0.452699
vn -0.886994 -0.141718 0.439498
vn -0.891664 0.000000 0.452699
vn -0.929484 0.000000 0.368863
vn -0.928709 -0.127828 0.348079
vn -0.886994 -0.141718 0.439498
vn -0.928709 -0.127828 0.348079
vn -0.917079 -0.241600 0.317169
vn -0.868815 -0.269319 0.415485
vn -0.886994 -0.141718 0.439498
vn -0.928709 -0.127828 0.348079
vn -0.929484 0.000000 0.368863
vn -0.960030 0.000000 0.279897
vn -0.961902 -0.111803 0.249487
vn -0.960030 0.000000 0.279897
vn -0.982262 0.000000 0.187516
vn -0.986726 -0.082075 0.140128
vn -0.961902 -0.111803 0.249487
vn -0.986726 -0.082075 0.140128
vn -0.982383 -0.162703 0.091927
vn -0.955132 -0.209125 0.209736
vn -0.961902 -0.111803 0.249487
vn -0.955132 -0.209125 0.209736
vn -0.917079 -0.241600 0.317169
vn -0.928709 -0.127828 0.348079
vn -0.961902 -0.111803 0.249487
vn -0.928709 0.127828 0.348079
vn -0.929484 0.000000 0.368863
vn -0.891664 0.000000 0.452699
vn -0.886994 0.141718 0.439498
vn -0.891664 0.000000 0.452699
vn -0.850676 0.000000 0.525690
vn -0.840365 0.154869 0.519425
vn -0.886994 0.141718 0.439498
vn -0.840365 0.154869 0.519425
vn -0.813623 0.291962 0.502769
vn -0.868841 0.269287 0.415452
vn -0.886994 0.141718 0.439498
vn -0.868841 0.269287 0.415452
vn -0.917079 0.241600 0.317169
vn -0.928709 0.127828 0.348079
vn -0.886994 0.141718 0.439498
vn -0.868841 0.269287 0.415452
vn -0.813623 0.291962 0.502769
vn -0.774885 0.412637 0.478837
vn -0.838169 0.384945 0.386381
vn -0.774885 0.412637 0.478837
vn -0.723596 0.525719 0.447245
vn -0.799308 0.487789 0.350955
vn -0.838169 0.384945 0.386381
vn -0.799308 0.487789 0.350955
vn -0.862199 0.441508 0.248362
vn -0.894093 0.346875 0.283330
vn -0.838169 0.384945 0.386381
vn -0.894093 0.346875 0.283330
vn -0.917079 0.241600 0.317169
vn -0.868841 0.269287 0.415452
vn -0.838169 0.384945 0.386381
vn -0.894093 0.346875 0.283330
vn -0.862199 0.441508 0.248362
vn -0.914395 0.382770 0.131792
vn -0.938620 0.300655 0.169113
vn -0.914395 0.382770 0.131792
vn -0.951076 0.308957 0.000000
vn -0.969719 0.240240 0.043921
vn -0.938620 0.300655 0.169113
vn -0.969719 0.240240 0.043921
vn -0.982383 0.162703 0.091927
vn -0.955132 0.209125 0.209736
vn -0.938620 0.300655 0.169113
vn -0.955132 0.209125 0.209736
vn -0.917079 0.241600 0.317169
vn -0.894093 0.346875 0.283330
vn -0.938620 0.300655 0.169113
vn -0.955132 0.209125 0.209736
vn -0.982383 0.162703 0.091927
vn -0.986726 0.082075 0.140128
vn -0.961902 0.111803 0.249487
vn -0.986726 0.082075 0.140128
vn -0.982262 0.000000 0.187516
vn -0.960030 0.000000 0.279897
vn -0.961902 0.111803 0.249487
vn -0.960030 0.000000 0.279897
vn -0.929484 0.000000 0.368863
vn -0.928709 0.127828 0.348079
vn -0.961902 0.111803 0.249487
vn -0.928709 0.127828 0.348079
vn -0.917079 0.241600 0.317169
vn -0.955132 0.209125 0.209736
vn -0.961902 0.111803 0.249487
vn -0.517311 -0.853995 0.055519
vn -0.580733 -0.814072 0.006012
vn -0.509479 -0.851187 -0.126141
vn -0.447556 -0.891938 -0.064338
vn -0.509479 -0.851187 -0.126141
vn -0.435225 -0.866787 -0.243433
vn -0.365547 -0.915715 -0.166857
vn -0.447556 -0.891938 -0.064338
vn -0.365547 -0.915715 -0.166857
vn -0.435225 -0.866787 -0.243433
vn -0.359493 -0.865982 -0.347620
vn -0.322009 -0.910295 -0.260141
vn -0.704121 -0.616370 0.352564
vn -0.677984 -0.690040 0.253343
vn -0.594001 -0.750459 0.289782
vn -0.610042 -0.687079 0.394679
vn -0.594001 -0.750459 0.289782
vn -0.677984 -0.690040 0.253343
vn -0.638425 -0.757270 0.137677
vn -0.561936 -0.808264 0.175888
vn -0.638425 -0.757270 0.137677
vn -0.580733 -0.814072 0.006012
vn -0.517311 -0.853995 0.055519
vn -0.561936 -0.808264 0.175888
vn 0.743895 -0.647757 -0.164411
vn 0.682315 -0.691624 -0.236860
vn 0.709382 -0.614949 -0.344405
vn 0.775875 -0.574420 -0.260884
vn 0.709382 -0.614949 -0.344405
vn 0.723496 -0.527208 -0.445653
vn 0.798190 -0.489346 -0.351329
vn 0.775875 -0.574420 -0.260884
vn 0.620269 0.191434 0.760671
vn 0.517599 0.173480 0.837852
vn 0.523615 0.076337 0.848528
vn 0.638334 0.087136 0.764811
vn 0.523615 0.076337 0.848528
vn 0.524382 -0.016512 0.851323
vn 0.649368 -0.013826 0.760349
vn 0.638334 0.087136 0.764811
vn 0.649368 -0.013826 0.760349
vn 0.749493 -0.010468 0.661930
vn 0.732118 0.100228 0.673764
vn 0.638334 0.087136 0.764811
vn 0.732118 0.100228 0.673764
vn 0.703270 0.212193 0.678517
vn 0.620269 0.191434 0.760671
vn 0.638334 0.087136 0.764811
vn 0.732118 0.100228 0.673764
vn 0.749493 -0.010468 0.661930
vn 0.828676 -0.007051 0.559684
vn 0.808954 0.110550 0.577384
vn 0.828676 -0.007051 0.559684
vn 0.893350 -0.001251 0.449361
vn 0.869352 0.121080 0.479131
vn 0.808954 0.110550 0.577384
vn 0.869352 0.121080 0.479131
vn 0.829847 0.242005 0.502780
vn 0.773291 0.228963 0.591268
vn 0.808954 0.110550 0.577384
vn 0.773291 0.228963 0.591268
vn 0.703270 0.212193 0.678517
vn 0.732118 0.100228 0.673764
vn 0.808954 0.110550 0.577384
vn 0.773291 0.228963 0.591268
vn 0.829847 0.242005 0.502780
vn 0.770957 0.368570 0.519404
vn 0.722294 0.349519 0.596764
vn 0.770957 0.368570 0.519404
vn 0.688178 0.500041 0.525710
vn 0.650201 0.472391 0.595051
vn 0.722294 0.349519 0.596764
vn 0.650201 0.472391 0.595051
vn 0.603236 0.438265 0.666355
vn 0.663031 0.323687 0.674995
vn 0.722294 0.349519 0.596764
vn 0.663031 0.323687 0.674995
vn 0.703270 0.212193 0.678517
vn 0.773291 0.228963 0.591268
vn 0.722294 0.349519 0.596764
vn 0.663031 0.323687 0.674995
vn 0.603236 0.438265 0.666355
vn 0.549899 0.399460 0.733514
vn 0.594281 0.293508 0.748788
vn 0.549899 0.399460 0.733514
vn 0.491142 0.356759 0.794672
vn 0.506654 0.266603 0.819893
vn 0.594281 0.293508 0.748788
vn 0.506654 0.266603 0.819893
vn 0.517599 0.173480 0.837852
vn 0.620269 0.191434 0.760671
vn 0.594281 0.293508 0.748788
vn 0.620269 0.191434 0.760671
vn 0.703270 0.212193 0.678517
vn 0.663031 0.323687 0.674995
vn 0.594281 0.293508 0.748788
vn 0.512772 0.530565 0.674956
vn 0.603236 0.438265 0.666355
vn 0.650201 0.472391 0.595051
vn 0.555605 0.578895 0.596812
vn 0.650201 0.472391 0.595051
vn 0.688178 0.500041 0.525710
vn 0.588778 0.619300 0.519431
vn 0.555605 0.578895 0.596812
vn 0.588778 0.619300 0.519431
vn 0.486556 0.714466 0.502794
vn 0.456756 0.664639 0.591295
vn 0.555605 0.578895 0.596812
vn 0.456756 0.664639 0.591295
vn 0.419246 0.603323 0.678406
vn 0.512772 0.530565 0.674956
vn 0.555605 0.578895 0.596812
vn 0.456756 0.664639 0.591295
vn 0.486556 0.714466 0.502794
vn 0.384366 0.789274 0.478863
vn 0.356505 0.734925 0.576879
vn 0.384366 0.789274 0.478863
vn 0.276362 0.850661 0.447213
vn 0.256440 0.789252 0.557961
vn 0.356505 0.734925 0.576879
vn 0.256440 0.789252 0.557961
vn 0.232050 0.714433 0.660105
vn 0.324571 0.664646 0.672978
vn 0.356505 0.734925 0.576879
vn 0.324571 0.664646 0.672978
vn 0.419246 0.603323 0.678406
vn 0.456756 0.664639 0.591295
vn 0.356505 0.734925 0.576879
vn 0.324571 0.664646 0.672978
vn 0.232050 0.714433 0.660105
vn 0.201170 0.619288 0.758956
vn 0.285240 0.578905 0.763876
vn 0.201170 0.619288 0.758956
vn 0.162457 0.500006 0.850648
vn 0.241389 0.472401 0.847685
vn 0.285240 0.578905 0.763876
vn 0.241389 0.472401 0.847685
vn 0.326212 0.438256 0.837566
vn 0.374324 0.530598 0.760491
vn 0.285240 0.578905 0.763876
vn 0.374324 0.530598 0.760491
vn 0.419246 0.603323 0.678406
vn 0.324571 0.664646 0.672978
vn 0.285240 0.578905 0.763876
vn 0.374324 0.530598 0.760491
vn 0.326212 0.438256 0.837566
vn 0.410142 0.399459 0.819888
vn 0.462802 0.474523 0.748761
vn 0.410142 0.399459 0.819888
vn 0.491142 0.356759 0.794672
vn 0.549899 0.399460 0.733514
vn 0.462802 0.474523 0.748761
vn 0.549899 0.399460 0.733514
vn 0.603236 0.438265 0.666355
vn 0.512772 0.530565 0.674956
vn 0.462802 0.474523 0.748761
vn 0.512772 0.530565 0.674956
vn 0.419246 0.603323 0.678406
vn 0.374324 0.530598 0.760491
vn 0.462802 0.474523 0.748761
vn 0.307176 0.323689 0.894912
vn 0.326212 0.438256 0.837566
vn 0.241389 0.472401 0.847685
vn 0.210754 0.349538 0.912911
vn 0.241389 0.472401 0.847685
vn 0.162457 0.500006 0.850648
vn 0.119764 0.368571 0.921853
vn 0.210754 0.349538 0.912911
vn 0.119764 0.368571 0.921853
vn 0.078747 0.241826 0.967119
vn 0.183183 0.228444 0.956168
vn 0.210754 0.349538 0.912911
vn 0.183183 0.228444 0.956168
vn 0.292345 0.211430 0.932648
vn 0.307176 0.323689 0.894912
vn 0.210754 0.349538 0.912911
vn 0.183183 0.228444 0.956168
vn 0.078747 0.241826 0.967119
vn 0.040500 0.118296 0.992152
vn 0.155162 0.107124 0.982064
vn 0.040500 0.118296 0.992152
vn 0.002838 -0.011140 0.999934
vn 0.130016 -0.013856 0.991415
vn 0.155162 0.107124 0.982064
vn 0.130016 -0.013856 0.991415
vn 0.255388 -0.015901 0.966708
vn 0.274808 0.097147 0.956579
vn 0.155162 0.107124 0.982064
vn 0.274808 0.097147 0.956579
vn 0.292345 0.211430 0.932648
vn 0.183183 0.228444 0.956168
vn 0.155162 0.107124 0.982064
vn 0.274808 0.097147 0.956579
vn 0.255388 -0.015901 0.966708
vn 0.387299 -0.017060 0.921796
vn 0.397502 0.085184 0.913639
vn 0.387299 -0.017060 0.921796
vn 0.524382 -0.016512 0.851323
vn 0.523615 0.076337 0.848528
vn 0.397502 0.085184 0.913639
vn 0.523615 0.076337 0.848528
vn 0.517599 0.173480 0.837852
vn 0.402741 0.190887 0.895188
vn 0.397502 0.085184 0.913639
vn 0.402741 0.190887 0.895188
vn 0.292345 0.211430 0.932648
vn 0.274808 0.097147 0.956579
vn 0.397502 0.085184 0.913639
vn 0.402741 0.190887 0.895188
vn 0.517599 0.173480 0.837852
vn 0.506654 0.266603 0.819893
vn 0.403958 0.293477 0.866423
vn 0.506654 0.266603 0.819893
vn 0.491142 0.356759 0.794672
vn 0.410142 0.399459 0.819888
vn 0.403958 0.293477 0.866423
vn 0.410142 0.399459 0.819888
vn 0.326212 0.438256 0.837566
vn 0.307176 0.323689 0.894912
vn 0.403958 0.293477 0.866423
vn 0.307176 0.323689 0.894912
vn 0.292345 0.211430 0.932648
vn 0.402741 0.190887 0.895188
vn 0.403958 0.293477 0.866423
vn 0.008913 0.649277 0.760500
vn -0.006287 0.546344 0.837537
vn 0.082255 0.524054 0.847704
vn 0.109390 0.636072 0.763836
vn 0.082255 0.524054 0.847704
vn 0.162457 0.500006 0.850648
vn 0.201170 0.619288 0.758956
vn 0.109390 0.636072 0.763836
vn 0.201170 0.619288 0.758956
vn 0.232050 0.714433 0.660105
vn 0.128001 0.728543 0.672935
vn 0.109390 0.636072 0.763836
vn 0.128001 0.728543 0.672935
vn 0.015322 0.734517 0.678418
vn 0.008913 0.649277 0.760500
vn 0.109390 0.636072 0.763836
vn 0.128001 0.728543 0.672935
vn 0.232050 0.714433 0.660105
vn 0.256440 0.789252 0.557961
vn 0.143511 0.804144 0.576851
vn 0.256440 0.789252 0.557961
vn 0.276362 0.850661 0.447213
vn 0.152910 0.864480 0.478846
vn 0.143511 0.804144 0.576851
vn 0.152910 0.864480 0.478846
vn 0.026219 0.864005 0.502800
vn 0.021151 0.806195 0.591271
vn 0.143511 0.804144 0.576851
vn 0.021151 0.806195 0.591271
vn 0.015322 0.734517 0.678418
vn 0.128001 0.728543 0.672935
vn 0.143511 0.804144 0.576851
vn 0.021151 0.806195 0.591271
vn 0.026219 0.864005 0.502800
vn -0.112285 0.847124 0.519396
vn -0.109141 0.794961 0.596763
vn -0.112285 0.847124 0.519396
vn -0.262831 0.809034 0.525723
vn -0.248356 0.764326 0.595084
vn -0.109141 0.794961 0.596763
vn -0.248356 0.764326 0.595084
vn -0.230419 0.709114 0.666381
vn -0.102979 0.730617 0.674977
vn -0.109141 0.794961 0.596763
vn -0.102979 0.730617 0.674977
vn 0.015322 0.734517 0.678418
vn 0.021151 0.806195 0.591271
vn -0.109141 0.794961 0.596763
vn -0.102979 0.730617 0.674977
vn -0.230419 0.709114 0.666381
vn -0.209980 0.646449 0.733493
vn -0.095441 0.655939 0.748756
vn -0.209980 0.646449 0.733493
vn -0.187518 0.577359 0.794666
vn -0.096902 0.564291 0.819869
vn -0.095441 0.655939 0.748756
vn -0.096902 0.564291 0.819869
vn -0.006287 0.546344 0.837537
vn 0.008913 0.649277 0.760500
vn -0.095441 0.655939 0.748756
vn 0.008913 0.649277 0.760500
vn 0.015322 0.734517 0.678418
vn -0.102979 0.730617 0.674977
vn -0.095441 0.655939 0.748756
vn -0.346076 0.651651 0.674968
vn -0.230419 0.709114 0.666381
vn -0.248356 0.764326 0.595084
vn -0.378902 0.707291 0.596801
vn -0.248356 0.764326 0.595084
vn -0.262831 0.809034 0.525723
vn -0.407043 0.751368 0.519387
vn -0.378902 0.707291 0.596801
vn -0.407043 0.751368 0.519387
vn -0.529085 0.683583 0.502776
vn -0.491012 0.639769 0.591272
vn -0.378902 0.707291 0.596801
vn -0.491012 0.639769 0.591272
vn -0.444203 0.585210 0.678391
vn -0.346076 0.651651 0.674968
vn -0.378902 0.707291 0.596801
vn -0.491012 0.639769 0.591272
vn -0.529085 0.683583 0.502776
vn -0.631857 0.609454 0.478876
vn -0.588743 0.566218 0.576870
vn -0.631857 0.609454 0.478876
vn -0.723596 0.525719 0.447245
vn -0.671402 0.487756 0.557955
vn -0.588743 0.566218 0.576870
vn -0.671402 0.487756 0.557955
vn -0.607698 0.441504 0.660134
vn -0.531813 0.514080 0.672976
vn -0.588743 0.566218 0.576870
vn -0.531813 0.514080 0.672976
vn -0.444203 0.585210 0.678391
vn -0.491012 0.639769 0.591272
vn -0.588743 0.566218 0.576870
vn -0.531813 0.514080 0.672976
vn -0.607698 0.441504 0.660134
vn -0.526814 0.382757 0.758923
vn -0.462388 0.450239 0.763860
vn -0.526814 0.382757 0.758923
vn -0.425334 0.308959 0.850668
vn -0.374640 0.375617 0.847678
vn -0.462388 0.450239 0.763860
vn -0.374640 0.375617 0.847678
vn -0.315989 0.445675 0.837571
vn -0.388867 0.519995 0.760518
vn -0.462388 0.450239 0.763860
vn -0.388867 0.519995 0.760518
vn -0.444203 0.585210 0.678391
vn -0.531813 0.514080 0.672976
vn -0.462388 0.450239 0.763860
vn -0.388867 0.519995 0.760518
vn -0.315989 0.445675 0.837571
vn -0.253171 0.513514 0.819883
vn -0.308311 0.586740 0.748786
vn -0.253171 0.513514 0.819883
vn -0.187518 0.577359 0.794666
vn -0.209980 0.646449 0.733493
vn -0.308311 0.586740 0.748786
vn -0.209980 0.646449 0.733493
vn -0.230419 0.709114 0.666381
vn -0.346076 0.651651 0.674968
vn -0.308311 0.586740 0.748786
vn -0.346076 0.651651 0.674968
vn -0.444203 0.585210 0.678391
vn -0.388867 0.519995 0.760518
vn -0.308311 0.586740 0.748786
vn -0.212893 0.392181 0.894914
vn -0.315989 0.445675 0.837571
vn -0.374640 0.375617 0.847678
vn -0.267282 0.308456 0.912916
vn -0.374640 0.375617 0.847678
vn -0.425334 0.308959 0.850668
vn -0.313511 0.227808 0.921854
vn -0.267282 0.308456 0.912916
vn -0.313511 0.227808 0.921854
vn -0.205901 0.149099 0.967148
vn -0.161159 0.244791 0.956088
vn -0.267282 0.308456 0.912916
vn -0.161159 0.244791 0.956088
vn -0.111558 0.343584 0.932472
vn -0.212893 0.392181 0.894914
vn -0.267282 0.308456 0.912916
vn -0.161159 0.244791 0.956088
vn -0.205901 0.149099 0.967148
vn -0.102516 0.071416 0.992165
vn -0.058660 0.180589 0.981808
vn -0.102516 0.071416 0.992165
vn 0.002838 -0.011140 0.999934
vn 0.040500 0.118296 0.992152
vn -0.058660 0.180589 0.981808
vn 0.040500 0.118296 0.992152
vn 0.078747 0.241826 0.967119
vn -0.013430 0.292828 0.956071
vn -0.058660 0.180589 0.981808
vn -0.013430 0.292828 0.956071
vn -0.111558 0.343584 0.932472
vn -0.161159 0.244791 0.956088
vn -0.058660 0.180589 0.981808
vn -0.013430 0.292828 0.956071
vn 0.078747 0.241826 0.967119
vn 0.119764 0.368571 0.921853
vn 0.034888 0.406622 0.912930
vn 0.119764 0.368571 0.921853
vn 0.162457 0.500006 0.850648
vn 0.082255 0.524054 0.847704
vn 0.034888 0.406622 0.912930
vn 0.082255 0.524054 0.847704
vn -0.006287 0.546344 0.837537
vn -0.058207 0.442422 0.894916
vn 0.034888 0.406622 0.912930
vn -0.058207 0.442422 0.894916
vn -0.111558 0.343584 0.932472
vn -0.013430 0.292828 0.956071
vn 0.034888 0.406622 0.912930
vn -0.058207 0.442422 0.894916
vn -0.006287 0.546344 0.837537
vn -0.096902 0.564291 0.819869
vn -0.154283 0.474814 0.866458
vn -0.096902 0.564291 0.819869
vn -0.187518 0.577359 0.794666
vn -0.253171 0.513514 0.819883
vn -0.154283 0.474814 0.866458
vn -0.253171 0.513514 0.819883
vn -0.315989 0.445675 0.837571
vn -0.212893 0.392181 0.894914
vn -0.154283 0.474814 0.866458
vn -0.212893 0.392181 0.894914
vn -0.111558 0.343584 0.932472
vn -0.058207 0.442422 0.894916
vn -0.154283 0.474814 0.866458
vn -0.614767 0.209134 0.760476
vn -0.521526 0.162711 0.837578
vn -0.472959 0.240234 0.847701
vn -0.571073 0.300675 0.763852
vn -0.472959 0.240234 0.847701
vn -0.425334 0.308959 0.850668
vn -0.526814 0.382757 0.758923
vn -0.571073 0.300675 0.763852
vn -0.526814 0.382757 0.758923
vn -0.607698 0.441504 0.660134
vn -0.653269 0.346885 0.672986
vn -0.571073 0.300675 0.763852
vn -0.653269 0.346885 0.672986
vn -0.693805 0.241616 0.678422
vn -0.614767 0.209134 0.760476
vn -0.571073 0.300675 0.763852
vn -0.653269 0.346885 0.672986
vn -0.607698 0.441504 0.660134
vn -0.671402 0.487756 0.557955
vn -0.720445 0.384945 0.576868
vn -0.671402 0.487756 0.557955
vn -0.723596 0.525719 0.447245
vn -0.774885 0.412637 0.478837
vn -0.720445 0.384945 0.576868
vn -0.774885 0.412637 0.478837
vn -0.813623 0.291962 0.502769
vn -0.760168 0.269291 0.591293
vn -0.720445 0.384945 0.576868
vn -0.760168 0.269291 0.591293
vn -0.693805 0.241616 0.678422
vn -0.653269 0.346885 0.672986
vn -0.720445 0.384945 0.576868
vn -0.760168 0.269291 0.591293
vn -0.813623 0.291962 0.502769
vn -0.840365 0.154869 0.519425
vn -0.789782 0.141713 0.596793
vn -0.840365 0.154869 0.519425
vn -0.850676 0.000000 0.525690
vn -0.803666 0.000000 0.595081
vn -0.789782 0.141713 0.596793
vn -0.803666 0.000000 0.595081
vn -0.745642 0.000000 0.666347
vn -0.726681 0.127823 0.674978
vn -0.789782 0.141713 0.596793
vn -0.726681 0.127823 0.674978
vn -0.693805 0.241616 0.678422
vn -0.760168 0.269291 0.591293
vn -0.789782 0.141713 0.596793
vn -0.726681 0.127823 0.674978
vn -0.745642 0.000000 0.666347
vn -0.679707 0.000000 0.733484
vn -0.653312 0.111806 0.748788
vn -0.679707 0.000000 0.733484
vn -0.607052 0.000000 0.794662
vn -0.566599 0.082072 0.819896
vn -0.653312 0.111806 0.748788
vn -0.566599 0.082072 0.819896
vn -0.521526 0.162711 0.837578
vn -0.614767 0.209134 0.760476
vn -0.653312 0.111806 0.748788
vn -0.614767 0.209134 0.760476
vn -0.693805 0.241616 0.678422
vn -0.726681 0.127823 0.674978
vn -0.653312 0.111806 0.748788
vn -0.726617 -0.127883 0.675036
vn -0.745642 0.000000 0.666347
vn -0.803666 0.000000 0.595081
vn -0.789782 -0.141713 0.596793
vn -0.803666 0.000000 0.595081
vn -0.850676 0.000000 0.525690
vn -0.840365 -0.154869 0.519425
vn -0.789782 -0.141713 0.596793
vn -0.840365 -0.154869 0.519425
vn -0.813234 -0.292373 0.503159
vn -0.759433 -0.270347 0.591755
vn -0.789782 -0.141713 0.596793
vn -0.759433 -0.270347 0.591755
vn -0.692401 -0.243661 0.679124
vn -0.726617 -0.127883 0.675036
vn -0.789782 -0.141713 0.596793
vn -0.759433 -0.270347 0.591755
vn -0.813234 -0.292373 0.503159
vn -0.772608 -0.415330 0.480186
vn -0.716798 -0.389454 0.578382
vn -0.772608 -0.415330 0.480186
vn -0.718071 -0.530579 0.450400
vn -0.661720 -0.499899 0.558773
vn -0.716798 -0.389454 0.578382
vn -0.661720 -0.499899 0.558773
vn -0.597969 -0.454353 0.660300
vn -0.648257 -0.353567 0.674354
vn -0.716798 -0.389454 0.578382
vn -0.648257 -0.353567 0.674354
vn -0.692401 -0.243661 0.679124
vn -0.759433 -0.270347 0.591755
vn -0.716798 -0.389454 0.578382
vn -0.648257 -0.353567 0.674354
vn -0.597969 -0.454353 0.660300
vn -0.514853 -0.395571 0.760559
vn -0.564888 -0.309578 0.764894
vn -0.514853 -0.395571 0.760559
vn -0.414134 -0.325648 0.849969
vn -0.466550 -0.250703 0.848221
vn -0.564888 -0.309578 0.764894
vn -0.466550 -0.250703 0.848221
vn -0.519027 -0.167138 0.838257
vn -0.612672 -0.212455 0.761247
vn -0.564888 -0.309578 0.764894
vn -0.612672 -0.212455 0.761247
vn -0.692401 -0.243661 0.679124
vn -0.648257 -0.353567 0.674354
vn -0.564888 -0.309578 0.764894
vn -0.612672 -0.212455 0.761247
vn -0.519027 -0.167138 0.838257
vn -0.566239 -0.082771 0.820075
vn -0.653075 -0.112112 0.748949
vn -0.566239 -0.082771 0.820075
vn -0.607052 0.000000 0.794662
vn -0.679707 0.000000 0.733484
vn -0.653075 -0.112112 0.748949
vn -0.679707 0.000000 0.733484
vn -0.745642 0.000000 0.666347
vn -0.726617 -0.127883 0.675036
vn -0.653075 -0.112112 0.748949
vn -0.726617 -0.127883 0.675036
vn -0.692401 -0.243661 0.679124
vn -0.612672 -0.212455 0.761247
vn -0.653075 -0.112112 0.748949
vn -0.437132 -0.084850 0.895386
vn -0.519027 -0.167138 0.838257
vn -0.466550 -0.250703 0.848221
vn -0.370850 -0.168807 0.913222
vn -0.466550 -0.250703 0.848221
vn -0.414134 -0.325648 0.849969
vn -0.304064 -0.245094 0.920584
vn -0.370850 -0.168807 0.913222
vn -0.304064 -0.245094 0.920584
vn -0.198730 -0.166102 0.965876
vn -0.279291 -0.085915 0.956355
vn -0.370850 -0.168807 0.913222
vn -0.279291 -0.085915 0.956355
vn -0.360387 -0.002197 0.932800
vn -0.437132 -0.084850 0.895386
vn -0.370850 -0.168807 0.913222
vn -0.279291 -0.085915 0.956355
vn -0.198730 -0.166102 0.965876
vn -0.098615 -0.089734 0.991072
vn -0.188765 -0.005982 0.982004
vn -0.098615 -0.089734 0.991072
vn 0.002838 -0.011140 0.999934
vn -0.102516 0.071416 0.992165
vn -0.188765 -0.005982 0.982004
vn -0.102516 0.071416 0.992165
vn -0.205901 0.149099 0.967148
vn -0.282352 0.076426 0.956262
vn -0.188765 -0.005982 0.982004
vn -0.282352 0.076426 0.956262
vn -0.360387 -0.002197 0.932800
vn -0.279291 -0.085915 0.956355
vn -0.188765 -0.005982 0.982004
vn -0.282352 0.076426 0.956262
vn -0.205901 0.149099 0.967148
vn -0.313511 0.227808 0.921854
vn -0.375971 0.158837 0.912917
vn -0.313511 0.227808 0.921854
vn -0.425334 0.308959 0.850668
vn -0.472959 0.240234 0.847701
vn -0.375971 0.158837 0.912917
vn -0.472959 0.240234 0.847701
vn -0.521526 0.162711 0.837578
vn -0.438763 0.081221 0.894925
vn -0.375971 0.158837 0.912917
vn -0.438763 0.081221 0.894925
vn -0.360387 -0.002197 0.932800
vn -0.282352 0.076426 0.956262
vn -0.375971 0.158837 0.912917
vn -0.438763 0.081221 0.894925
vn -0.521526 0.162711 0.837578
vn -0.566599 0.082072 0.819896
vn -0.499140 -0.000336 0.866521
vn -0.566599 0.082072 0.819896
vn -0.607052 0.000000 0.794662
vn -0.566239 -0.082771 0.820075
vn -0.499140 -0.000336 0.866521
vn -0.566239 -0.082771 0.820075
vn -0.519027 -0.167138 0.838257
vn -0.437132 -0.084850 0.895386
vn -0.499140 -0.000336 0.866521
vn -0.437132 -0.084850 0.895386
vn -0.360387 -0.002197 0.932800
vn -0.438763 0.081221 0.894925
vn -0.499140 -0.000336 0.866521
vn -0.357304 -0.396797 0.845510
vn -0.414134 -0.325648 0.849969
vn -0.514853 -0.395571 0.760559
vn -0.445343 -0.468784 0.762831
vn -0.002808 -0.324419 0.945909
vn 0.085183 -0.273493 0.958095
vn 0.045141 -0.145100 0.988387
vn -0.050393 -0.206544 0.977139
vn 0.045141 -0.145100 0.988387
vn 0.002838 -0.011140 0.999934
vn -0.098615 -0.089734 0.991072
vn -0.050393 -0.206544 0.977139
vn -0.098615 -0.089734 0.991072
vn -0.198730 -0.166102 0.965876
vn -0.148828 -0.268569 0.951694
vn -0.050393 -0.206544 0.977139
vn -0.148828 -0.268569 0.951694
vn -0.095200 -0.375154 0.922061
vn -0.002808 -0.324419 0.945909
vn -0.050393 -0.206544 0.977139
vn -0.148828 -0.268569 0.951694
vn -0.198730 -0.166102 0.965876
vn -0.304064 -0.245094 0.920584
vn -0.254578 -0.333322 0.907792
vn -0.304064 -0.245094 0.920584
vn -0.414134 -0.325648 0.849969
vn -0.357304 -0.396797 0.845510
vn -0.254578 -0.333322 0.907792
vn 0.865380 -0.132953 0.483158
vn 0.893350 -0.001251 0.449361
vn 0.828676 -0.007051 0.559684
vn 0.805407 -0.125841 0.579210
vn 0.828676 -0.007051 0.559684
vn 0.749493 -0.010468 0.661930
vn 0.728238 -0.120528 0.674643
vn 0.805407 -0.125841 0.579210
vn 0.728238 -0.120528 0.674643
vn 0.749493 -0.010468 0.661930
vn 0.649368 -0.013826 0.760349
vn 0.634795 -0.112046 0.764514
vn 0.649368 -0.013826 0.760349
vn 0.524382 -0.016512 0.851323
vn 0.520806 -0.104991 0.847194
vn 0.634795 -0.112046 0.764514
vn 0.520806 -0.104991 0.847194
vn 0.524382 -0.016512 0.851323
vn 0.387299 -0.017060 0.921796
vn 0.393909 -0.118637 0.911461
vn 0.387299 -0.017060 0.921796
vn 0.255388 -0.015901 0.966708
vn 0.276457 -0.128705 0.952369
vn 0.393909 -0.118637 0.911461
vn 0.276457 -0.128705 0.952369
vn 0.255388 -0.015901 0.966708
vn 0.130016 -0.013856 0.991415
vn 0.155349 -0.135785 0.978483
vn 0.130016 -0.013856 0.991415
vn 0.002838 -0.011140 0.999934
vn 0.045141 -0.145100 0.988387
vn 0.155349 -0.135785 0.978483
vn 0.045141 -0.145100 0.988387
vn 0.085183 -0.273493 0.958095
vn 0.185138 -0.264186 0.946536
vn 0.155349 -0.135785 0.978483
vn -0.328750 -0.852199 -0.407038
vn -0.272065 -0.850930 -0.449332
vn 0.051124 -0.996451 -0.066874
vn 0.015291 -0.878847 -0.476858
vn 0.283541 -0.951098 0.122543
vn 0.051124 -0.996451 -0.066874
vn -0.163665 -0.865819 -0.472834
vn 0.015291 -0.878847 -0.476858
vn 0.051124 -0.996451 -0.066874
vn -0.272065 -0.850930 -0.449332
vn -0.163665 -0.865819 -0.472834
vn 0.051124 -0.996451 -0.066874
vn -0.304654 -0.802165 -0.513535
vn -0.328750 -0.852199 -0.407038
vn 0.051124 -0.996451 -0.066874
vn 0.283541 -0.951098 0.122543
vn 0.410594 -0.792956 0.450148
vn 0.415955 -0.786193 0.457036
vn 0.051124 -0.996451 -0.066874
vn 0.410594 -0.792956 0.450148
vn -0.577089 -0.740872 0.343623
vn 0.254076 -0.836552 0.485413
vn 0.415955 -0.786193 0.457036
vn -0.837395 -0.488574 0.245081
vn -0.082777 -0.864059 0.496538
vn 0.254076 -0.836552 0.485413
vn -0.577089 -0.740872 0.343623
vn -0.837395 -0.488574 0.245081
vn 0.254076 -0.836552 0.485413
vn -0.082777 -0.864059 0.496538
vn -0.773404 -0.621867 0.122999
vn -0.078135 -0.759832 0.645407
vn 0.254076 -0.836552 0.485413
vn -0.773404 -0.621867 0.122999
vn -0.810468 -0.514379 0.280279
vn -0.078135 -0.759832 0.645407
vn 0.128104 -0.602275 0.787943
vn 0.152240 -0.624189 0.766297
vn 0.127761 -0.595923 0.792814
vn 0.209472 -0.431214 0.877597
vn 0.232509 -0.400313 0.886391
vn 0.127761 -0.595923 0.792814
vn -0.078135 -0.759832 0.645407
vn 0.232509 -0.400313 0.886391
vn 0.128104 -0.602275 0.787943
vn 0.127761 -0.595923 0.792814
vn -0.199798 -0.848515 0.490003
vn 0.209472 -0.431214 0.877597
vn -0.078135 -0.759832 0.645407
vn -0.810468 -0.514379 0.280279
vn -0.199798 -0.848515 0.490003
vn -0.078135 -0.759832 0.645407
vn 0.387619 -0.742031 0.546939
vn 0.489814 -0.631740 -0.600822
vn 0.456101 -0.761817 0.460007
vn 0.367528 0.027865 0.929595
vn 0.387619 -0.742031 0.546939
vn 0.456101 -0.761817 0.460007
vn 0.214833 -0.939021 0.268488
vn 0.102979 -0.906327 0.409838
vn 0.102979 -0.906327 0.409838
vn 0.395499 -0.902921 0.168266
vn 0.730727 -0.682012 0.029944
vn 0.214833 -0.939021 0.268488
vn 0.395499 -0.902921 0.168266
vn 0.498193 -0.815051 0.295797
vn 0.730727 -0.682012 0.029944
vn 0.395499 -0.902921 0.168266
vn 0.579680 -0.798147 -0.164110
vn 0.498193 -0.815051 0.295797
vn 0.395499 -0.902921 0.168266
vn 0.579680 -0.798147 -0.164110
vn 0.353917 -0.587339 0.727857
vn 0.138537 -0.333569 0.932491
vn 0.353566 -0.586906 0.728376
vn -0.012971 -0.095681 0.995328
vn 0.353917 -0.587339 0.727857
vn 0.353566 -0.586906 0.728376
vn 0.400198 -0.640677 0.655266
vn -0.104227 -0.040134 0.993743
vn -0.012971 -0.095681 0.995328
vn 0.400198 -0.640677 0.655266
vn 0.494224 0.081221 0.865532
vn 0.521014 -0.739357 0.426493
vn 0.479234 -0.709709 0.516380
vn 0.344824 -0.894013 0.286071
vn 0.521014 -0.739357 0.426493
vn 0.466568 -0.652072 0.597593
vn 0.479234 -0.709709 0.516380
vn 0.395673 0.076150 0.915229
vn 0.494224 0.081221 0.865532
vn 0.344824 -0.894013 0.286071
vn 0.439524 -0.687886 0.577608
vn -0.104227 -0.040134 0.993743
vn 0.400198 -0.640677 0.655266
vn 0.466568 -0.652072 0.597593
vn 0.439524 -0.687886 0.577608
vn 0.400198 -0.640677 0.655266
vn 0.479234 -0.709709 0.516380
vn -0.018161 -0.780037 0.625470
vn 0.353847 0.115649 0.928126
vn 0.298435 -0.689166 0.660293
vn 0.127761 -0.595923 0.792814
vn 0.152240 -0.624189 0.766297
vn -0.018161 -0.780037 0.625470
vn 0.127761 -0.595923 0.792814
vn 0.353847 0.115649 0.928126
vn 0.551419 -0.005494 0.834210
vn 0.298435 -0.689166 0.660293
vn 0.551419 -0.005494 0.834210
vn 0.393214 -0.678685 0.620298
vn 0.382676 -0.685936 0.618911
vn 0.298435 -0.689166 0.660293
vn 0.393214 -0.678685 0.620298
vn 0.178187 -0.857516 0.482614
vn 0.382676 -0.685936 0.618911
vn 0.271282 0.500077 0.822392
vn 0.367528 0.027865 0.929595
vn 0.456101 -0.761817 0.460007
vn 0.178187 -0.857516 0.482614
vn -0.158198 -0.959417 0.233437
vn 0.382676 -0.685936 0.618911
vn 0.489814 -0.631740 -0.600822
vn 0.367910 -0.546098 -0.752608
vn 0.456101 -0.761817 0.460007
vn 0.367910 -0.546098 -0.752608
vn 0.506566 -0.427907 -0.748523
vn 0.456101 -0.761817 0.460007
vn -0.161451 -0.829626 0.534466
vn -0.035983 -0.907337 0.418861
vn 0.072734 -0.934551 0.348316
vn -0.161451 -0.829626 0.534466
vn 0.506566 -0.427907 -0.748523
vn 0.532055 -0.313703 -0.786453
vn 0.456101 -0.761817 0.460007
vn 0.290114 -0.931998 0.217288
vn 0.454724 -0.844928 0.281642
vn -0.055245 -0.977076 0.205598
vn 0.128591 -0.990730 0.043799
vn 0.095710 -0.982128 0.162060
vn 0.344824 -0.894013 0.286071
vn 0.128591 -0.990730 0.043799
vn 0.454724 -0.844928 0.281642
vn 0.514759 -0.785767 0.342919
vn -0.055245 -0.977076 0.205598
vn 0.095710 -0.982128 0.162060
vn 0.122966 -0.946795 0.297419
vn 0.344824 -0.894013 0.286071
vn 0.122966 -0.946795 0.297419
vn 0.395673 0.076150 0.915229
vn 0.344824 -0.894013 0.286071
vn 0.428909 -0.894996 0.122550
vn 0.580450 -0.789225 0.200503
vn 0.390261 -0.907250 0.156825
vn 0.284086 -0.950932 0.122571
vn 0.428909 -0.894996 0.122550
vn 0.390261 -0.907250 0.156825
vn -0.098769 -0.980854 0.167840
vn 0.290114 -0.931998 0.217288
vn -0.055245 -0.977076 0.205598
vn 0.206083 -0.957162 0.203397
vn -0.098769 -0.980854 0.167840
vn -0.055245 -0.977076 0.205598
vn 0.272423 -0.939502 0.207659
vn 0.580450 -0.789225 0.200503
vn 0.206083 -0.957162 0.203397
vn 0.272423 -0.939502 0.207659
vn 0.390261 -0.907250 0.156825
vn -0.035983 -0.907337 0.418861
vn 0.185022 -0.963446 0.193751
vn 0.072734 -0.934551 0.348316
vn 0.185022 -0.963446 0.193751
vn 0.265513 -0.949331 0.168147
vn 0.072734 -0.934551 0.348316
vn 0.259899 -0.945740 0.195009
vn 0.232080 -0.927161 0.294129
vn 0.349823 -0.916849 0.192386
vn 0.265513 -0.949331 0.168147
vn 0.259899 -0.945740 0.195009
vn 0.349823 -0.916849 0.192386
vn 0.072734 -0.934551 0.348316
vn 0.232080 -0.927161 0.294129
vn 0.276494 -0.919793 0.278447
vn 0.349823 -0.916849 0.192386
vn 0.276494 -0.919793 0.278447
vn 0.481785 -0.843528 0.237368
vn 0.349823 -0.916849 0.192386
vn 0.092721 -0.991915 0.086648
vn 0.284086 -0.950932 0.122571
vn 0.390261 -0.907250 0.156825
vn 0.364627 -0.923791 0.116863
vn 0.092721 -0.991915 0.086648
vn 0.390261 -0.907250 0.156825
vn 0.301629 -0.947309 0.107827
vn 0.481785 -0.843528 0.237368
vn 0.364627 -0.923791 0.116863
vn 0.301629 -0.947309 0.107827
vn 0.349823 -0.916849 0.192386
vn 0.275602 -0.835961 0.474566
vn 0.246130 -0.821898 0.513716
vn 0.261785 -0.790606 0.553544
vn 0.276090 -0.757309 0.591825
vn 0.255622 -0.900950 0.350637
vn 0.275602 -0.835961 0.474566
vn 0.341347 -0.850804 0.399519
vn 0.217413 -0.889585 0.401709
vn 0.230502 -0.906992 0.352469
vn 0.275602 -0.835961 0.474566
vn 0.255622 -0.900950 0.350637
vn 0.303583 -0.910107 0.282035
vn 0.260737 -0.764904 0.589015
vn 0.275602 -0.835961 0.474566
vn 0.179675 -0.835655 0.519035
vn 0.170238 -0.744131 0.645979
vn 0.275602 -0.835961 0.474566
vn 0.272294 -0.844566 0.461047
vn 0.229929 -0.850643 0.472800
vn 0.246130 -0.821898 0.513716
vn 0.341347 -0.850804 0.399519
vn 0.275602 -0.835961 0.474566
vn 0.362822 -0.803930 0.471230
vn 0.387647 -0.832003 0.396864
vn 0.179675 -0.835655 0.519035
vn 0.275602 -0.835961 0.474566
vn 0.230502 -0.906992 0.352469
vn 0.184408 -0.900463 0.393905
vn 0.272294 -0.844566 0.461047
vn 0.275602 -0.835961 0.474566
vn 0.260737 -0.764904 0.589015
vn 0.275602 -0.835961 0.474566
vn 0.276090 -0.757309 0.591825
vn 0.362822 -0.803930 0.471230
vn 0.746281 -0.050391 -0.663721
vn 0.747963 -0.050268 -0.661834
vn 0.743541 -0.050514 -0.666779
vn 0.743541 -0.050514 -0.666779
vn 0.478234 -0.710469 -0.516263
vn 0.485024 -0.719783 -0.496652
vn 0.414385 -0.621913 -0.664462
vn 0.414385 -0.621913 -0.664462
vn 0.485024 -0.719783 -0.496652
vn 0.478234 -0.710469 -0.516263
vn 0.527305 -0.776872 -0.344121
vn 0.527305 -0.776872 -0.344121
vn -0.006195 -0.940935 0.338530
vn -0.006195 -0.940935 0.338530
vn 0.007783 -0.946194 0.323507
vn 0.003662 -0.944701 0.327912
vn -0.617913 -0.718727 -0.318770
vn -0.617359 -0.709416 -0.339996
vn -0.602264 -0.627017 -0.494093
vn -0.602264 -0.627017 -0.494093
vn -0.617359 -0.709416 -0.339996
vn -0.617913 -0.718727 -0.318770
vn -0.604688 -0.791011 -0.093024
vn -0.604688 -0.791011 -0.093024
vn 0.017489 -0.949532 0.313184
vn 0.017489 -0.949532 0.313184
vn 0.003662 -0.944701 0.327912
vn 0.007783 -0.946194 0.323507
vn 0.366731 -0.890245 0.270135
vn 0.366731 -0.890245 0.270135
vn 0.366731 -0.890245 0.270135
vn 0.366731 -0.890245 0.270135
vn 0.222481 -0.887542 0.403450
vn 0.222481 -0.887542 0.403450
vn 0.222481 -0.887542 0.403450
vn 0.222481 -0.887542 0.403450
vn -0.516920 -0.839212 -0.168868
vn -0.516920 -0.839212 -0.168868
vn -0.516920 -0.839212 -0.168868
vn -0.516920 -0.839212 -0.168868
vn 0.369278 -0.796637 0.478543
vn 0.369278 -0.796637 0.478543
vn 0.369278 -0.796637 0.478543
vn 0.369278 -0.796637 0.478543
vn -0.370530 -0.890219 -0.264987
vn -0.370530 -0.890219 -0.264987
vn -0.403703 -0.893841 -0.195122
vn -0.389807 -0.892945 -0.225167
vn -0.389807 -0.892945 -0.225167
vn -0.403703 -0.893841 -0.195122
vn -0.427188 -0.893017 -0.141532
vn -0.427188 -0.893017 -0.141532
vn -0.116831 -0.796426 0.593343
vn -0.116831 -0.796426 0.593343
vn -0.111612 -0.791047 0.601488
vn -0.110397 -0.789750 0.603414
vn 0.098279 -0.785713 0.610734
vn 0.103406 -0.781834 0.614852
vn 0.150049 -0.762177 0.629740
vn 0.151394 -0.758528 0.633810
vn 0.103406 -0.781834 0.614852
vn 0.098279 -0.785713 0.610734
vn 0.062688 -0.819403 0.569779
vn 0.062352 -0.819493 0.569687
vn 0.151394 -0.758528 0.633810
vn 0.150049 -0.762177 0.629740
vn 0.142568 -0.781698 0.607143
vn 0.142568 -0.781698 0.607143
vn -0.105029 -0.784103 0.611679
vn -0.105029 -0.784103 0.611679
vn -0.110397 -0.789750 0.603414
vn -0.111612 -0.791047 0.601488
vn 0.916905 -0.372195 0.144068
vn 0.916905 -0.372195 0.144068
vn 0.916905 -0.372195 0.144068
vn 0.916905 -0.372195 0.144068
vn 0.375555 -0.763501 0.525381
vn 0.375555 -0.763501 0.525381
vn 0.370188 -0.782923 0.499993
vn 0.369149 -0.786490 0.495139
vn 0.856663 -0.359354 -0.370127
vn 0.856663 -0.359354 -0.370127
vn 0.856663 -0.359354 -0.370127
vn 0.856663 -0.359354 -0.370127
vn 0.369149 -0.786490 0.495139
vn 0.370188 -0.782923 0.499993
vn 0.363722 -0.803869 0.470638
vn 0.363722 -0.803869 0.470638
vn 0.808297 0.089332 0.581959
vn 0.808297 0.089332 0.581959
vn 0.808297 0.089332 0.581959
vn 0.808297 0.089332 0.581959
vn 0.276916 -0.831357 -0.481832
vn 0.276916 -0.831357 -0.481832
vn 0.276916 -0.831357 -0.481832
vn 0.276916 -0.831357 -0.481832
vn 0.361675 -0.813936 0.454643
vn 0.361675 -0.813936 0.454643
vn 0.361675 -0.813936 0.454643
vn 0.361675 -0.813936 0.454643
vn 0.349442 -0.669920 0.655056
vn 0.349442 -0.669920 0.655056
vn 0.346425 -0.664860 0.661778
vn 0.345757 -0.663892 0.663099
vn 0.345757 -0.663892 0.663099
vn 0.346425 -0.664860 0.661778
vn 0.342851 -0.658994 0.669463
vn 0.342851 -0.658994 0.669463
vn -0.586298 -0.464058 0.664007
vn -0.586298 -0.464058 0.664007
vn -0.586298 -0.464058 0.664007
vn -0.586298 -0.464058 0.664007
vn 0.410538 -0.826967 0.384166
vn 0.410538 -0.826967 0.384166
vn 0.430990 -0.803527 0.410600
vn 0.432652 -0.801513 0.412782
vn -0.327135 -0.167536 0.930008
vn -0.327135 -0.167536 0.930008
vn -0.327135 -0.167536 0.930008
vn -0.327135 -0.167536 0.930008
vn 0.405242 -0.747339 0.526558
vn 0.405242 -0.747339 0.526558
vn 0.428971 -0.745929 0.509484
vn 0.436631 -0.745319 0.503838
vn 0.436631 -0.745319 0.503838
vn 0.428971 -0.745929 0.509484
vn 0.455001 -0.759321 0.465194
vn 0.454693 -0.761758 0.461498
vn 0.454693 -0.761758 0.461498
vn 0.455001 -0.759321 0.465194
vn 0.432652 -0.801513 0.412782
vn 0.430990 -0.803527 0.410600
vn 0.197362 -0.935743 0.292288
vn 0.197362 -0.935743 0.292288
vn 0.211851 -0.925999 0.312482
vn 0.208952 -0.928016 0.308423
vn 0.083690 -0.813129 0.576036
vn 0.083690 -0.813129 0.576036
vn 0.062352 -0.819493 0.569687
vn 0.062688 -0.819403 0.569779
vn 0.885965 -0.067541 0.458807
vn 0.885965 -0.067541 0.458807
vn 0.916899 -0.058695 0.394779
vn 0.919743 -0.057805 0.388242
vn 0.919743 -0.057805 0.388242
vn 0.916899 -0.058695 0.394779
vn 0.942156 -0.049903 0.331440
vn 0.942156 -0.049903 0.331440
vn 0.258909 -0.876350 0.406174
vn 0.258909 -0.876350 0.406174
vn 0.260965 -0.865397 0.427769
vn 0.261076 -0.864812 0.428881
vn 0.261076 -0.864812 0.428881
vn 0.260965 -0.865397 0.427769
vn 0.263059 -0.852874 0.451006
vn 0.263059 -0.852874 0.451006
vn 0.319095 -0.755419 0.572294
vn 0.319095 -0.755419 0.572294
vn 0.319095 -0.755419 0.572294
vn 0.319095 -0.755419 0.572294
vn 0.890230 -0.380778 -0.249996
vn 0.890230 -0.380778 -0.249996
vn 0.890230 -0.380778 -0.249996
vn 0.890230 -0.380778 -0.249996
vn 0.199978 -0.886840 0.416561
vn 0.196933 -0.883056 0.425946
vn 0.145076 -0.806909 0.572583
vn 0.145076 -0.806909 0.572583
vn 0.196933 -0.883056 0.425946
vn 0.199978 -0.886840 0.416561
vn 0.221988 -0.930317 0.291944
vn 0.218656 -0.929990 0.295479
vn 0.344717 -0.866064 0.362083
vn 0.348048 -0.864306 0.363095
vn 0.240162 -0.913344 0.328823
vn 0.240162 -0.913344 0.328823
vn 0.348048 -0.864306 0.363095
vn 0.344717 -0.866064 0.362083
vn 0.420092 -0.817108 0.394788
vn 0.417671 -0.818189 0.395117
vn 0.417671 -0.818189 0.395117
vn 0.420092 -0.817108 0.394788
vn 0.385343 -0.832219 0.398650
vn 0.385343 -0.832219 0.398650
vn -0.622638 -0.782081 0.025913
vn -0.622638 -0.782081 0.025913
vn -0.622638 -0.782081 0.025913
vn -0.622638 -0.782081 0.025913
vn 0.222352 -0.918435 0.327165
vn 0.222352 -0.918435 0.327165
vn 0.208952 -0.928016 0.308423
vn 0.211851 -0.925999 0.312482
vn 0.308831 -0.924568 0.223153
vn 0.307385 -0.924749 0.224396
vn 0.353235 -0.911898 0.208969
vn 0.355487 -0.910921 0.209410
vn 0.307385 -0.924749 0.224396
vn 0.308831 -0.924568 0.223153
vn 0.283598 -0.927522 0.243464
vn 0.283598 -0.927522 0.243464
vn 0.355487 -0.910921 0.209410
vn 0.353235 -0.911898 0.208969
vn 0.298493 -0.929114 0.218285
vn 0.294051 -0.930470 0.218539
vn 0.294051 -0.930470 0.218539
vn 0.298493 -0.929114 0.218285
vn 0.232289 -0.942647 0.239706
vn 0.231311 -0.943128 0.238758
vn -0.674567 -0.612299 0.412371
vn -0.674567 -0.612299 0.412371
vn -0.674567 -0.612299 0.412371
vn -0.674567 -0.612299 0.412371
vn 0.218656 -0.929990 0.295479
vn 0.221988 -0.930317 0.291944
vn 0.180228 -0.923362 0.339000
vn 0.178496 -0.922907 0.341149
vn 0.178496 -0.922907 0.341149
vn 0.180228 -0.923362 0.339000
vn 0.134362 -0.913090 0.384985
vn 0.135175 -0.913228 0.384373
vn 0.210718 -0.913865 0.347057
vn 0.209983 -0.913851 0.347539
vn 0.135175 -0.913228 0.384373
vn 0.134362 -0.913090 0.384985
vn 0.209983 -0.913851 0.347539
vn 0.210718 -0.913865 0.347057
vn 0.289955 -0.900599 0.323803
vn 0.289461 -0.900462 0.324622
vn 0.289461 -0.900462 0.324622
vn 0.289955 -0.900599 0.323803
vn 0.271035 -0.891364 0.363333
vn 0.271035 -0.891364 0.363333
vn 0.851315 -0.064579 0.520666
vn 0.851315 -0.064579 0.520666
vn 0.851315 -0.064579 0.520666
vn 0.851315 -0.064579 0.520666
vn 0.231311 -0.943128 0.238758
vn 0.232289 -0.942647 0.239706
vn 0.250940 -0.933226 0.257135
vn 0.250940 -0.933226 0.257135
vn -0.325436 -0.662836 -0.674344
vn -0.230595 -0.713975 -0.661110
vn -0.273802 -0.770742 -0.575317
vn -0.357660 -0.734945 -0.576138
vn -0.273802 -0.770742 -0.575317
vn -0.322360 -0.840895 -0.434718
vn -0.382882 -0.789083 -0.480365
vn -0.357660 -0.734945 -0.576138
vn 0.110818 -0.848794 -0.516980
vn 0.051125 -0.857766 -0.511492
vn 0.003662 -0.795848 -0.605486
vn 0.110575 -0.796246 -0.594781
vn 0.003662 -0.795848 -0.605486
vn -0.016328 -0.733800 -0.679169
vn 0.105211 -0.729117 -0.676253
vn 0.110575 -0.796246 -0.594781
vn -0.273802 -0.770742 -0.575317
vn -0.230595 -0.713975 -0.661110
vn -0.126823 -0.729194 -0.672452
vn -0.144819 -0.773476 -0.617060
vn -0.126823 -0.729194 -0.672452
vn -0.016328 -0.733800 -0.679169
vn 0.003662 -0.795848 -0.605486
vn -0.144819 -0.773476 -0.617060
vn -0.382882 -0.789083 -0.480365
vn -0.322360 -0.840895 -0.434718
vn -0.359493 -0.865982 -0.347620
vn -0.452602 -0.804392 -0.384845
vn 0.067577 -0.886858 -0.457073
vn 0.051125 -0.857766 -0.511492
vn 0.110818 -0.848794 -0.516980
vn 0.167139 -0.877300 -0.449898
vn 0.110818 -0.848794 -0.516980
vn 0.265471 -0.810483 -0.522152
vn 0.275425 -0.853441 -0.442469
vn 0.167139 -0.877300 -0.449898
vn 0.275425 -0.853441 -0.442469
vn 0.305439 -0.877736 -0.369170
vn 0.220696 -0.893711 -0.390606
vn 0.167139 -0.877300 -0.449898
vn 0.405678 -0.851981 -0.330989
vn 0.305439 -0.877736 -0.369170
vn 0.275425 -0.853441 -0.442469
vn 0.410706 -0.803433 -0.431064
vn 0.601072 -0.752402 -0.269450
vn 0.682315 -0.691624 -0.236860
vn 0.657653 -0.735240 -0.164055
vn 0.580217 -0.788222 -0.205075
vn 0.479949 -0.849921 -0.217447
vn 0.511431 -0.804994 -0.300706
vn 0.601072 -0.752402 -0.269450
vn 0.580217 -0.788222 -0.205075
vn 0.479949 -0.849921 -0.217447
vn 0.438618 -0.886606 -0.146776
vn 0.404608 -0.900601 -0.158779
vn 0.397060 -0.889014 -0.228030
vn 0.404608 -0.900601 -0.158779
vn 0.339115 -0.923219 -0.180743
vn 0.340636 -0.901904 -0.265587
vn 0.397060 -0.889014 -0.228030
vn 0.340636 -0.901904 -0.265587
vn 0.305439 -0.877736 -0.369170
vn 0.405678 -0.851981 -0.330989
vn 0.397060 -0.889014 -0.228030
vn 0.405678 -0.851981 -0.330989
vn 0.511431 -0.804994 -0.300706
vn 0.479949 -0.849921 -0.217447
vn 0.397060 -0.889014 -0.228030
vn 0.969626 -0.241216 -0.040503
vn 0.947214 -0.319085 -0.031160
vn 0.911283 -0.390267 -0.131361
vn 0.938006 -0.301529 -0.170954
vn 0.932288 -0.080306 0.352690
vn 0.954627 -0.130354 0.267758
vn 0.981245 -0.082439 0.174248
vn 0.963158 0.001495 0.268931
vn 0.981245 -0.082439 0.174248
vn 0.954627 -0.130354 0.267758
vn 0.970960 -0.205473 0.122546
vn 0.983686 -0.162884 0.076361
vn 0.970960 -0.205473 0.122546
vn 0.947214 -0.319085 -0.031160
vn 0.969626 -0.241216 -0.040503
vn 0.983686 -0.162884 0.076361
vn -0.368833 -0.929454 0.008759
vn -0.445078 -0.892079 0.078101
vn -0.517311 -0.853995 0.055519
vn -0.447556 -0.891938 -0.064338
vn -0.365547 -0.915715 -0.166857
vn -0.325535 -0.941415 -0.088114
vn -0.368833 -0.929454 0.008759
vn -0.447556 -0.891938 -0.064338
vn -0.359493 -0.865982 -0.347620
vn -0.322360 -0.840895 -0.434718
vn -0.281336 -0.888324 -0.362947
vn -0.322009 -0.910295 -0.260141
vn -0.293664 -0.940539 -0.170730
vn -0.325535 -0.941415 -0.088114
vn -0.365547 -0.915715 -0.166857
vn -0.322009 -0.910295 -0.260141
vn -0.377839 -0.921339 0.091499
vn -0.445078 -0.892079 0.078101
vn -0.368833 -0.929454 0.008759
vn -0.328782 -0.943648 0.037817
vn -0.368833 -0.929454 0.008759
vn -0.325535 -0.941415 -0.088114
vn -0.291139 -0.956679 -0.001923
vn -0.328782 -0.943648 0.037817
vn -0.561156 -0.720200 0.407942
vn -0.571972 -0.674585 0.466673
vn -0.638397 -0.612760 0.465804
vn -0.610042 -0.687079 0.394679
vn -0.638397 -0.612760 0.465804
vn -0.718071 -0.530579 0.450400
vn -0.704121 -0.616370 0.352564
vn -0.610042 -0.687079 0.394679
vn -0.594001 -0.750459 0.289782
vn -0.541209 -0.782909 0.306833
vn -0.561156 -0.720200 0.407942
vn -0.610042 -0.687079 0.394679
vn -0.517311 -0.853995 0.055519
vn -0.445078 -0.892079 0.078101
vn -0.511208 -0.836051 0.199215
vn -0.561936 -0.808264 0.175888
vn -0.511208 -0.836051 0.199215
vn -0.541209 -0.782909 0.306833
vn -0.594001 -0.750459 0.289782
vn -0.561936 -0.808264 0.175888
vn 0.657653 -0.735240 -0.164055
vn 0.682315 -0.691624 -0.236860
vn 0.743895 -0.647757 -0.164411
vn 0.716035 -0.690275 -0.103987
vn 0.743895 -0.647757 -0.164411
vn 0.773467 -0.622118 -0.121317
vn 0.743816 -0.665104 -0.066138
vn 0.716035 -0.690275 -0.103987
vn 0.798190 -0.489346 -0.351329
vn 0.862147 -0.443649 -0.244701
vn 0.830376 -0.521129 -0.197232
vn 0.775875 -0.574420 -0.260884
vn 0.830376 -0.521129 -0.197232
vn 0.773467 -0.622118 -0.121317
vn 0.743895 -0.647757 -0.164411
vn 0.775875 -0.574420 -0.260884
vn 0.830376 -0.521129 -0.197232
vn 0.862147 -0.443649 -0.244701
vn 0.911283 -0.390267 -0.131361
vn 0.900877 -0.423167 -0.096696
vn 0.911283 -0.390267 -0.131361
vn 0.947214 -0.319085 -0.031160
vn 0.925069 -0.377902 -0.037906
vn 0.900877 -0.423167 -0.096696
vn 0.931565 -0.164534 0.324215
vn 0.954627 -0.130354 0.267758
vn 0.932288 -0.080306 0.352690
vn 0.903645 -0.161153 0.396807
vn 0.932288 -0.080306 0.352690
vn 0.893350 -0.001251 0.449361
vn 0.865380 -0.132953 0.483158
vn 0.903645 -0.161153 0.396807
vn 0.865380 -0.132953 0.483158
vn 0.844804 -0.206104 0.493789
vn 0.868185 -0.218206 0.445691
vn 0.903645 -0.161153 0.396807
vn -0.409736 -0.509080 0.756937
vn -0.315705 -0.443219 0.838980
vn -0.357304 -0.396797 0.845510
vn -0.445343 -0.468784 0.762831
vn -0.514853 -0.395571 0.760559
vn -0.597969 -0.454353 0.660300
vn -0.519453 -0.503217 0.690610
vn -0.445343 -0.468784 0.762831
vn -0.519453 -0.503217 0.690610
vn -0.445992 -0.538925 0.714599
vn -0.409736 -0.509080 0.756937
vn -0.445343 -0.468784 0.762831
vn -0.519453 -0.503217 0.690610
vn -0.597969 -0.454353 0.660300
vn -0.661720 -0.499899 0.558773
vn -0.610472 -0.544242 0.575434
vn -0.661720 -0.499899 0.558773
vn -0.718071 -0.530579 0.450400
vn -0.638397 -0.612760 0.465804
vn -0.610472 -0.544242 0.575434
vn 0.109872 -0.353148 0.929093
vn 0.085183 -0.273493 0.958095
vn -0.002808 -0.324419 0.945909
vn 0.022861 -0.389775 0.920626
vn -0.002808 -0.324419 0.945909
vn -0.095200 -0.375154 0.922061
vn -0.069250 -0.429596 0.900362
vn 0.022861 -0.389775 0.920626
vn -0.357304 -0.396797 0.845510
vn -0.315705 -0.443219 0.838980
vn -0.185963 -0.399425 0.897707
vn -0.254578 -0.333322 0.907792
vn -0.185963 -0.399425 0.897707
vn -0.095200 -0.375154 0.922061
vn -0.148828 -0.268569 0.951694
vn -0.254578 -0.333322 0.907792
vn -0.069250 -0.429596 0.900362
vn -0.095200 -0.375154 0.922061
vn -0.185963 -0.399425 0.897707
vn -0.123763 -0.449151 0.884842
vn 0.783209 -0.190904 0.591726
vn 0.844804 -0.206104 0.493789
vn 0.865380 -0.132953 0.483158
vn 0.805407 -0.125841 0.579210
vn 0.728238 -0.120528 0.674643
vn 0.710186 -0.183101 0.679787
vn 0.783209 -0.190904 0.591726
vn 0.805407 -0.125841 0.579210
vn 0.520806 -0.104991 0.847194
vn 0.516110 -0.164548 0.840568
vn 0.624793 -0.171558 0.761710
vn 0.634795 -0.112046 0.764514
vn 0.624793 -0.171558 0.761710
vn 0.710186 -0.183101 0.679787
vn 0.728238 -0.120528 0.674643
vn 0.634795 -0.112046 0.764514
vn 0.392623 -0.179464 0.902020
vn 0.516110 -0.164548 0.840568
vn 0.520806 -0.104991 0.847194
vn 0.393909 -0.118637 0.911461
vn 0.276457 -0.128705 0.952369
vn 0.271494 -0.230107 0.934528
vn 0.392623 -0.179464 0.902020
vn 0.393909 -0.118637 0.911461
vn 0.185138 -0.264186 0.946536
vn 0.271494 -0.230107 0.934528
vn 0.276457 -0.128705 0.952369
vn 0.155349 -0.135785 0.978483
vn 0.185138 -0.264186 0.946536
vn 0.085183 -0.273493 0.958095
vn 0.109872 -0.353148 0.929093
vn 0.204192 -0.326800 0.922772
vn 0.255538 -0.313501 0.914559
vn 0.271494 -0.230107 0.934528
vn 0.185138 -0.264186 0.946536
vn 0.204192 -0.326800 0.922772
vn 0.996008 -0.075139 0.048190
vn 0.996008 -0.075139 0.048190
vn 0.996008 -0.075139 0.048190
vn 0.996008 -0.075139 0.048190
vn -0.980707 -0.088118 -0.174496
vn -0.980707 -0.088118 -0.174496
vn -0.980707 -0.088118 -0.174496
vn -0.980707 -0.088118 -0.174496
vn 0.156915 -0.189147 0.969330
vn -0.135908 -0.190357 0.972262
vn -0.135908 -0.190357 0.972262
vn 0.168481 -0.188808 0.967453
vn 0.375885 -0.177078 0.909590
vn 0.156915 -0.189147 0.969330
vn 0.168481 -0.188808 0.967453
vn 0.375885 -0.177078 0.909590
vn 0.762618 0.114732 -0.636593
vn 0.762618 0.114732 -0.636593
vn 0.762618 0.114732 -0.636593
vn 0.762618 0.114732 -0.636593
vn -0.775350 -0.285003 0.563565
vn -0.775350 -0.285003 0.563565
vn -0.775350 -0.285003 0.563565
vn -0.775350 -0.285003 0.563565
vn 0.243520 -0.081703 0.966448
vn 0.243520 -0.081703 0.966448
vn 0.243520 -0.081703 0.966448
vn 0.243520 -0.081703 0.966448
vn 0.211455 0.059639 0.975567
vn 0.211455 0.059639 0.975567
vn 0.211455 0.059639 0.975567
vn 0.211455 0.059639 0.975567
vn -0.965244 -0.257824 0.042792
vn -0.837395 -0.488574 0.245081
vn -0.577089 -0.740872 0.343623
vn -0.965244 -0.257824 0.042792
vn -0.926818 -0.367523 -0.077039
vn -0.932558 -0.360717 0.014773
vn -0.773404 -0.621867 0.122999
vn -0.926818 -0.367523 -0.077039
vn -0.932558 -0.360717 0.014773
vn -0.930689 -0.351557 0.101121
vn -0.810468 -0.514379 0.280279
vn -0.773404 -0.621867 0.122999
vn -0.540784 -0.079047 0.837439
vn -0.544598 -0.081707 0.834708
vn -0.360986 0.010225 0.932515
vn -0.362996 0.009889 0.931738
vn 0.827172 0.460605 0.321914
vn 0.827172 0.460605 0.321914
vn 0.827172 0.460605 0.321914
vn 0.827172 0.460605 0.321914
vn -0.303494 0.019686 0.952630
vn -0.362996 0.009889 0.931738
vn -0.360986 0.010225 0.932515
vn -0.303494 0.019686 0.952630
vn -0.693909 -0.118546 0.710238
vn -0.693909 -0.118546 0.710238
vn -0.511360 -0.011719 0.859287
vn -0.546058 -0.030672 0.837186
vn -0.546058 -0.030672 0.837186
vn -0.511360 -0.011719 0.859287
vn -0.351658 0.068855 0.933593
vn -0.351658 0.068855 0.933593
vn -0.609597 -0.755792 0.239101
vn -0.609597 -0.755792 0.239101
vn -0.616192 -0.653156 0.440107
vn -0.615919 -0.650134 0.444939
vn -0.615919 -0.650134 0.444939
vn -0.616192 -0.653156 0.440107
vn -0.590282 -0.513521 0.622787
vn -0.590282 -0.513521 0.622787
vn 0.664005 -0.125597 0.737105
vn 0.663989 -0.125594 0.737119
vn 0.664005 -0.125597 0.737105
vn 0.664005 -0.125597 0.737105
vn 0.635123 0.063945 0.769760
vn 0.635123 0.063945 0.769760
vn 0.635123 0.063945 0.769760
vn 0.635123 0.063945 0.769760
vn 0.635889 -0.190507 -0.747898
vn 0.635889 -0.190507 -0.747898
vn 0.635889 -0.190507 -0.747898
vn 0.635889 -0.190507 -0.747898
vn 0.688446 0.247053 0.681914
vn 0.490782 0.295141 0.819771
vn 0.490782 0.295141 0.819771
vn 0.699049 0.243659 0.672281
vn 0.837137 0.187828 0.513734
vn 0.688446 0.247053 0.681914
vn 0.699049 0.243659 0.672281
vn 0.837137 0.187828 0.513734
vn -0.300465 0.355803 0.884944
vn -0.012971 -0.095681 0.995328
vn -0.104227 -0.040134 0.993743
vn -0.300465 0.355803 0.884944
vn 0.976021 -0.204574 -0.074377
vn 0.994831 -0.094862 0.036230
vn 0.994899 -0.093764 0.037206
vn 0.976021 -0.204574 -0.074377
vn 0.994831 -0.094862 0.036230
vn 0.984628 0.032292 0.171653
vn 0.984584 0.032323 0.171900
vn 0.994899 -0.093764 0.037206
vn 0.329730 0.479257 0.813382
vn 0.494224 0.081221 0.865532
vn 0.395673 0.076150 0.915229
vn 0.329730 0.479257 0.813382
vn 0.921235 0.066688 0.383248
vn 0.921235 0.066688 0.383248
vn 0.954402 0.052099 0.293942
vn 0.956901 0.050755 0.285945
vn 0.956901 0.050755 0.285945
vn 0.954402 0.052099 0.293942
vn 0.984584 0.032323 0.171900
vn 0.984628 0.032292 0.171653
vn -0.703436 -0.262469 0.660521
vn -0.742597 -0.345538 0.573719
vn -0.742597 -0.345538 0.573719
vn -0.702460 -0.260534 0.662324
vn -0.540784 -0.079047 0.837439
vn -0.703436 -0.262469 0.660521
vn -0.702460 -0.260534 0.662324
vn -0.544598 -0.081707 0.834708
vn 0.443019 0.551339 0.706937
vn 0.551419 -0.005494 0.834210
vn 0.353847 0.115649 0.928126
vn 0.422992 0.552401 0.718284
vn 0.463282 0.550053 0.694846
vn 0.463282 0.550053 0.694846
vn 0.551419 -0.005494 0.834210
vn 0.443019 0.551339 0.706937
vn -0.645518 -0.541650 0.538445
vn -0.642191 -0.533323 0.550598
vn -0.574545 -0.395686 0.716471
vn -0.574545 -0.395686 0.716471
vn 0.183770 0.533911 0.825329
vn 0.367528 0.027865 0.929595
vn 0.271282 0.500077 0.822392
vn 0.183770 0.533911 0.825329
vn -0.677245 -0.644953 0.354082
vn -0.677245 -0.644953 0.354082
vn -0.642191 -0.533323 0.550598
vn -0.645518 -0.541650 0.538445
vn 0.343469 -0.295305 -0.891529
vn 0.343469 -0.295305 -0.891529
vn 0.367910 -0.546098 -0.752608
vn 0.489814 -0.631740 -0.600822
vn -0.643410 -0.663372 0.382048
vn -0.643410 -0.663372 0.382048
vn -0.643410 -0.663372 0.382048
vn -0.643410 -0.663372 0.382048
vn -0.764286 -0.544370 0.345730
vn -0.764286 -0.544370 0.345730
vn -0.764286 -0.544370 0.345730
vn -0.764286 -0.544370 0.345730
vn 0.457305 -0.288703 -0.841144
vn 0.532055 -0.313703 -0.786453
vn 0.506566 -0.427907 -0.748523
vn 0.457305 -0.288703 -0.841144
vn 0.896408 -0.333647 -0.291773
vn 0.904659 -0.324750 -0.275915
vn 0.829548 -0.391517 -0.398201
vn 0.829548 -0.391517 -0.398201
vn -0.541480 -0.503451 -0.673303
vn -0.541480 -0.503451 -0.673303
vn -0.541480 -0.503451 -0.673303
vn -0.541480 -0.503451 -0.673303
vn 0.946407 -0.268855 -0.178972
vn 0.946407 -0.268855 -0.178972
vn 0.904659 -0.324750 -0.275915
vn 0.896408 -0.333647 -0.291773
vn 0.848140 -0.447710 -0.283222
vn 0.857505 -0.439023 -0.268224
vn 0.721561 -0.532663 -0.442289
vn 0.721561 -0.532663 -0.442289
vn 0.941594 -0.325402 -0.086684
vn 0.941594 -0.325402 -0.086684
vn 0.857505 -0.439023 -0.268224
vn 0.848140 -0.447710 -0.283222
vn 0.378367 -0.623957 -0.683752
vn 0.538921 -0.577499 -0.613237
vn 0.536473 -0.578287 -0.614639
vn 0.378724 -0.623791 -0.683706
vn 0.218926 -0.690778 -0.689128
vn 0.378367 -0.623957 -0.683752
vn 0.378724 -0.623791 -0.683706
vn 0.228292 -0.687472 -0.689395
vn 0.422439 -0.693159 -0.584017
vn 0.422439 -0.693159 -0.584017
vn 0.422439 -0.693159 -0.584017
vn 0.422439 -0.693159 -0.584017
vn -0.878541 -0.384928 -0.282837
vn -0.878541 -0.384928 -0.282837
vn -0.878541 -0.384928 -0.282837
vn -0.878541 -0.384928 -0.282837
vn 0.538921 -0.577499 -0.613237
vn 0.659792 -0.528401 -0.534291
vn 0.659792 -0.528401 -0.534291
vn 0.536473 -0.578287 -0.614639
vn -0.565755 -0.785331 -0.251349
vn -0.545980 -0.789729 -0.279704
vn -0.548199 -0.789289 -0.276587
vn -0.565755 -0.785331 -0.251349
vn -0.545980 -0.789729 -0.279704
vn -0.507973 -0.798021 -0.324232
vn -0.510343 -0.797381 -0.322078
vn -0.548199 -0.789289 -0.276587
vn -0.296893 -0.828412 -0.474961
vn -0.302289 -0.828333 -0.471684
vn -0.471407 -0.807634 -0.354265
vn -0.468860 -0.808342 -0.356024
vn -0.468860 -0.808342 -0.356024
vn -0.471407 -0.807634 -0.354265
vn -0.510343 -0.797381 -0.322078
vn -0.507973 -0.798021 -0.324232
vn -0.004822 -0.812214 -0.583340
vn 0.004547 -0.811506 -0.584326
vn -0.302289 -0.828333 -0.471684
vn -0.296893 -0.828412 -0.474961
vn 0.126729 -0.795655 -0.592346
vn 0.126729 -0.795655 -0.592346
vn 0.004547 -0.811506 -0.584326
vn -0.004822 -0.812214 -0.583340
vn 0.218926 -0.690778 -0.689128
vn 0.228292 -0.687472 -0.689395
vn -0.056618 -0.784308 -0.617783
vn -0.068005 -0.787798 -0.612168
vn -0.193446 -0.817889 -0.541882
vn -0.068005 -0.787798 -0.612168
vn -0.056618 -0.784308 -0.617783
vn -0.193446 -0.817889 -0.541882
vn 0.945115 0.251951 -0.208032
vn 0.945115 0.251951 -0.208032
vn 0.945115 0.251951 -0.208032
vn 0.945115 0.251951 -0.208032
vn 0.746281 -0.050391 -0.663721
vn 0.809002 -0.045998 -0.586004
vn 0.809002 -0.045998 -0.586004
vn 0.747963 -0.050268 -0.661834
s off
g Cracked_Planet Big_Planet_Piece:Big_Planet_Piece
usemtl Maya_Lambert1SG
f 464/365/1113 322/366/1114 461/367/1115 465/368/1116
f 461/367/1117 282/369/1118 462/370/1119 465/368/1120
f 462/370/1121 319/371/1122 463/372/1123 465/368/1124
f 463/372/1125 323/373/1126 464/365/1127 465/368/1128
f 463/372/1129 319/371/1130 466/374/1131 469/375/1132
f 466/374/1133 270/376/1134 467/377/1135 469/375/1136
f 467/377/1137 320/378/1138 468/379/1139 469/375/1140
f 468/379/1141 323/373/1142 463/372/1143 469/375/1144
f 468/379/1145 320/378/1146 470/380/1147 473/381/1148
f 470/380/1149 280/382/1150 471/383/1151 473/381/1152
f 471/383/1153 321/384/1154 472/385/1155 473/381/1156
f 472/385/1157 323/373/1158 468/379/1159 473/381/1160
f 472/385/1161 321/384/1162 474/386/1163 476/387/1164
f 474/386/1165 283/388/1166 475/389/1167 476/387/1168
f 475/389/1169 322/366/1170 464/365/1171 476/387/1172
f 464/365/1173 323/373/1174 472/385/1175 476/387/1176
f 479/390/1177 321/391/1178 471/392/1179 480/393/1180
f 471/392/1181 280/394/1182 477/395/1183 480/393/1184
f 477/395/1185 324/396/1186 478/397/1187 480/393/1188
f 478/397/1189 327/398/1190 479/390/1191 480/393/1192
f 478/397/1193 324/396/1194 481/399/1195 484/400/1196
f 481/399/1197 272/401/1198 482/402/1199 484/400/1200
f 482/402/1201 325/403/1202 483/404/1203 484/400/1204
f 483/404/1205 327/398/1206 478/397/1207 484/400/1208
f 483/404/1209 325/403/1210 485/405/1211 488/406/1212
f 485/405/1213 281/407/1214 486/408/1215 488/406/1216
f 486/408/1217 326/409/1218 487/410/1219 488/406/1220
f 487/410/1221 327/398/1222 483/404/1223 488/406/1224
f 487/410/1225 326/409/1226 489/411/1227 490/412/1228
f 489/411/1229 283/413/1230 474/414/1231 490/412/1232
f 474/414/1233 321/391/1234 479/390/1235 490/412/1236
f 479/390/1237 327/398/1238 487/410/1239 490/412/1240
f 493/415/1241 326/416/1242 486/417/1243 494/418/1244
f 486/417/1245 281/419/1246 491/420/1247 494/418/1248
f 491/420/1249 328/421/1250 492/422/1251 494/418/1252
f 492/422/1253 330/423/1254 493/415/1255 494/418/1256
f 492/422/1257 328/421/1258 495/424/1259 498/425/1260
f 495/424/1261 271/426/1262 496/427/1263 498/425/1264
f 496/427/1265 329/428/1266 497/429/1267 498/425/1268
f 497/429/1269 330/423/1270 492/422/1271 498/425/1272
f 497/429/1273 329/428/1274 499/430/1275 501/431/1276
f 499/430/1277 282/369/1278 461/367/1279 501/431/1280
f 461/367/1281 322/366/1282 500/432/1283 501/431/1284
f 500/432/1285 330/423/1286 497/429/1287 501/431/1288
f 500/432/1289 322/366/1290 475/389/1291 502/433/1292
f 475/389/1293 283/388/1294 489/434/1295 502/433/1296
f 489/434/1297 326/416/1298 493/415/1299 502/433/1300
f 493/415/1301 330/423/1302 500/432/1303 502/433/1304
f 505/435/1305 333/436/1306 503/437/1307 506/438/1308
f 503/437/1309 280/382/1310 470/380/1311 506/438/1312
f 470/380/1313 320/378/1314 504/439/1315 506/438/1316
f 504/439/1317 334/440/1318 505/435/1319 506/438/1320
f 504/439/1321 320/378/1322 467/377/1323 509/441/1324
f 467/377/1325 270/376/1326 507/442/1327 509/441/1328
f 507/442/1329 331/443/1330 508/444/1331 509/441/1332
f 508/444/1333 334/440/1334 504/439/1335 509/441/1336
f 508/444/1337 331/443/1338 510/445/1339 513/446/1340
f 510/445/1341 284/447/1342 511/448/1343 513/446/1344
f 511/448/1345 332/449/1346 512/450/1347 513/446/1348
f 512/450/1349 334/440/1350 508/444/1351 513/446/1352
f 512/450/1353 332/449/1354 514/451/1355 516/452/1356
f 514/451/1357 286/453/1358 515/454/1359 516/452/1360
f 515/454/1361 333/436/1362 505/435/1363 516/452/1364
f 505/435/1365 334/440/1366 512/450/1367 516/452/1368
f 519/455/1369 332/449/1370 511/448/1371 520/456/1372
f 511/448/1373 284/447/1374 517/457/1375 520/456/1376
f 517/457/1377 335/458/1378 518/459/1379 520/456/1380
f 518/459/1381 338/460/1382 519/455/1383 520/456/1384
f 518/459/1385 335/458/1386 521/461/1387 524/462/1388
f 521/461/1389 273/463/1390 522/464/1391 524/462/1392
f 522/464/1393 336/465/1394 523/466/1395 524/462/1396
f 523/466/1397 338/460/1398 518/459/1399 524/462/1400
f 523/466/1401 336/465/1402 525/467/1403 528/468/1404
f 525/467/1405 285/469/1406 526/470/1407 528/468/1408
f 526/470/1409 337/471/1410 527/472/1411 528/468/1412
f 527/472/1413 338/460/1414 523/466/1415 528/468/1416
f 527/472/1417 337/471/1418 529/473/1419 530/474/1420
f 529/473/1421 286/453/1422 514/451/1423 530/474/1424
f 514/451/1425 332/449/1426 519/455/1427 530/474/1428
f 519/455/1429 338/460/1430 527/472/1431 530/474/1432
f 533/475/1433 337/476/1434 526/477/1435 534/478/1436
f 526/477/1437 285/479/1438 531/480/1439 534/478/1440
f 531/480/1441 339/481/1442 532/482/1443 534/478/1444
f 532/482/1445 340/483/1446 533/475/1447 534/478/1448
f 532/482/1449 339/481/1450 535/484/1451 537/485/1452
f 535/484/1453 272/401/1454 481/399/1455 537/485/1456
f 481/399/1457 324/396/1458 536/486/1459 537/485/1460
f 536/486/1461 340/483/1462 532/482/1463 537/485/1464
f 536/486/1465 324/396/1466 477/395/1467 539/487/1468
f 477/395/1469 280/394/1470 503/488/1471 539/487/1472
f 503/488/1473 333/489/1474 538/490/1475 539/487/1476
f 538/490/1477 340/483/1478 536/486/1479 539/487/1480
f 538/490/1481 333/489/1482 515/491/1483 540/492/1484
f 515/491/1485 286/493/1486 529/494/1487 540/492/1488
f 529/494/1489 337/476/1490 533/475/1491 540/492/1492
f 533/475/1493 340/483/1494 538/490/1495 540/492/1496
f 543/495/1497 343/496/1498 541/497/1499 544/498/1500
f 541/497/1501 284/447/1502 510/445/1503 544/498/1504
f 510/445/1505 331/443/1506 542/499/1507 544/498/1508
f 542/499/1509 344/500/1510 543/495/1511 544/498/1512
f 542/499/1513 331/443/1514 507/442/1515 547/501/1516
f 507/442/1517 270/376/1518 545/502/1519 547/501/1520
f 545/502/1521 341/503/1522 546/504/1523 547/501/1524
f 546/504/1525 344/500/1526 542/499/1527 547/501/1528
f 546/504/1529 341/503/1530 548/505/1531 551/506/1532
f 548/505/1533 287/507/1534 549/508/1535 551/506/1536
f 549/508/1537 342/509/1538 550/510/1539 551/506/1540
f 550/510/1541 344/500/1542 546/504/1543 551/506/1544
f 550/510/1545 342/509/1546 552/511/1547 554/512/1548
f 552/511/1549 289/513/1550 553/514/1551 554/512/1552
f 553/514/1553 343/496/1554 543/495/1555 554/512/1556
f 543/495/1557 344/500/1558 550/510/1559 554/512/1560
f 557/515/1561 342/509/1562 549/508/1563 558/516/1564
f 549/508/1565 287/507/1566 555/517/1567 558/516/1568
f 555/517/1569 345/518/1570 556/519/1571 558/516/1572
f 556/519/1573 348/520/1574 557/515/1575 558/516/1576
f 559/521/1577 346/522/1578 560/523/1579 561/524/1580
f 560/523/1581 348/520/1582 556/519/1583 561/524/1584
f 560/523/1585 346/522/1586 562/525/1587 565/526/1588
f 562/525/1589 288/527/1590 563/528/1591 565/526/1592
f 563/528/1593 347/529/1594 564/530/1595 565/526/1596
f 564/530/1597 348/520/1598 560/523/1599 565/526/1600
f 564/530/1601 347/529/1602 566/531/1603 567/532/1604
f 566/531/1605 289/513/1606 552/511/1607 567/532/1608
f 552/511/1609 342/509/1610 557/515/1611 567/532/1612
f 557/515/1613 348/520/1614 564/530/1615 567/532/1616
f 570/533/1617 347/529/1618 563/528/1619 571/534/1620
f 563/528/1621 288/527/1622 568/535/1623 571/534/1624
f 568/535/1625 349/536/1626 569/537/1627 571/534/1628
f 569/537/1629 350/538/1630 570/533/1631 571/534/1632
f 569/537/1633 349/536/1634 572/539/1635 574/540/1636
f 572/539/1637 273/463/1638 521/461/1639 574/540/1640
f 521/461/1641 335/458/1642 573/541/1643 574/540/1644
f 573/541/1645 350/538/1646 569/537/1647 574/540/1648
f 573/541/1649 335/458/1650 517/457/1651 576/542/1652
f 517/457/1653 284/447/1654 541/497/1655 576/542/1656
f 541/497/1657 343/496/1658 575/543/1659 576/542/1660
f 575/543/1661 350/538/1662 573/541/1663 576/542/1664
f 575/543/1665 343/496/1666 553/514/1667 577/544/1668
f 553/514/1669 289/513/1670 566/531/1671 577/544/1672
f 566/531/1673 347/529/1674 570/533/1675 577/544/1676
f 570/533/1677 350/538/1678 575/543/1679 577/544/1680
f 580/545/1681 353/546/1682 578/547/1683 581/548/1684
f 578/547/1685 287/507/1686 548/505/1687 581/548/1688
f 548/505/1689 341/503/1690 579/549/1691 581/548/1692
f 579/549/1693 354/550/1694 580/545/1695 581/548/1696
f 579/549/1697 341/503/1698 545/502/1699 584/551/1700
f 545/502/1701 270/376/1702 582/552/1703 584/551/1704
f 582/552/1705 351/553/1706 583/554/1707 584/551/1708
f 583/554/1709 354/550/1710 579/549/1711 584/551/1712
f 583/554/1713 351/553/1714 585/555/1715 588/556/1716
f 585/555/1717 290/557/1718 586/558/1719 588/556/1720
f 586/558/1721 352/559/1722 587/560/1723 588/556/1724
f 587/560/1725 354/550/1726 583/554/1727 588/556/1728
f 587/560/1729 352/559/1730 589/561/1731 591/562/1732
f 589/561/1733 292/563/1734 590/564/1735 591/562/1736
f 590/564/1737 353/546/1738 580/545/1739 591/562/1740
f 580/545/1741 354/550/1742 587/560/1743 591/562/1744
f 594/565/1745 352/559/1746 586/558/1747 595/566/1748
f 586/558/1749 290/557/1750 592/567/1751 595/566/1752
f 592/567/1753 355/568/1754 593/569/1755 595/566/1756
f 593/569/1757 358/570/1758 594/565/1759 595/566/1760
f 593/569/1761 355/568/1762 596/571/1763 599/572/1764
f 596/571/1765 274/573/1766 597/574/1767 599/572/1768
f 597/574/1769 356/575/1770 598/576/1771 599/572/1772
f 598/576/1773 358/570/1774 593/569/1775 599/572/1776
f 598/576/1777 356/575/1778 600/577/1779 603/578/1780
f 600/577/1781 291/579/1782 601/580/1783 603/578/1784
f 601/580/1785 357/581/1786 602/582/1787 603/578/1788
f 602/582/1789 358/570/1790 598/576/1791 603/578/1792
f 602/582/1793 357/581/1794 604/583/1795 605/584/1796
f 604/583/1797 292/563/1798 589/561/1799 605/584/1800
f 589/561/1801 352/559/1802 594/565/1803 605/584/1804
f 594/565/1805 358/570/1806 602/582/1807 605/584/1808
f 607/585/1809 357/581/1810 601/580/1811 608/586/1812
f 601/580/1813 291/579/1814 606/587/1815 608/586/1816
f 609/588/1817 345/518/1818 555/517/1819 611/589/1820
f 555/517/1821 287/507/1822 578/547/1823 611/589/1824
f 578/547/1825 353/546/1826 610/590/1827 611/589/1828
f 610/590/1829 359/591/1830 609/588/1831 611/589/1832
f 610/590/1833 353/546/1834 590/564/1835 612/592/1836
f 590/564/1837 292/563/1838 604/583/1839 612/592/1840
f 604/583/1841 357/581/1842 607/585/1843 612/592/1844
f 607/585/1845 359/591/1846 610/590/1847 612/592/1848
f 615/593/1849 361/594/1850 613/595/1851 616/596/1852
f 613/595/1853 290/557/1854 585/555/1855 616/596/1856
f 585/555/1857 351/553/1858 614/597/1859 616/596/1860
f 614/597/1861 362/598/1862 615/593/1863 616/596/1864
f 614/597/1865 351/553/1866 582/552/1867 618/599/1868
f 582/552/1869 270/376/1870 466/374/1871 618/599/1872
f 466/374/1873 319/371/1874 617/600/1875 618/599/1876
f 617/600/1877 362/598/1878 614/597/1879 618/599/1880
f 617/600/1881 319/371/1882 462/370/1883 621/601/1884
f 462/370/1885 282/369/1886 619/602/1887 621/601/1888
f 619/602/1889 360/603/1890 620/604/1891 621/601/1892
f 620/604/1893 362/598/1894 617/600/1895 621/601/1896
f 620/604/1897 360/603/1898 622/605/1899 624/606/1900
f 622/605/1901 294/607/1902 623/608/1903 624/606/1904
f 623/608/1905 361/594/1906 615/593/1907 624/606/1908
f 615/593/1909 362/598/1910 620/604/1911 624/606/1912
f 626/609/1913 360/603/1914 619/602/1915 627/610/1916
f 619/602/1917 282/369/1918 499/430/1919 627/610/1920
f 499/430/1921 329/428/1922 625/611/1923 627/610/1924
f 625/611/1925 365/612/1926 626/609/1927 627/610/1928
f 625/611/1929 329/428/1930 496/427/1931 630/613/1932
f 496/427/1933 271/426/1934 628/614/1935 630/613/1936
f 628/614/1937 363/615/1938 629/616/1939 630/613/1940
f 629/616/1941 365/612/1942 625/611/1943 630/613/1944
f 629/616/1945 363/615/1946 631/617/1947 634/618/1948
f 631/617/1949 293/619/1950 632/620/1951 634/618/1952
f 632/620/1953 364/621/1954 633/622/1955 634/618/1956
f 633/622/1957 365/612/1958 629/616/1959 634/618/1960
f 633/622/1961 364/621/1962 635/623/1963 636/624/1964
f 635/623/1965 294/607/1966 622/605/1967 636/624/1968
f 622/605/1969 360/603/1970 626/609/1971 636/624/1972
f 626/609/1973 365/612/1974 633/622/1975 636/624/1976
f 639/625/1977 364/621/1978 632/620/1979 640/626/1980
f 632/620/1981 293/619/1982 637/627/1983 640/626/1984
f 637/627/1985 366/628/1986 638/629/1987 640/626/1988
f 638/629/1989 367/630/1990 639/625/1991 640/626/1992
f 638/629/1993 366/628/1994 641/631/1995 643/632/1996
f 641/631/1997 274/573/1998 596/571/1999 643/632/2000
f 596/571/2001 355/568/2002 642/633/2003 643/632/2004
f 642/633/2005 367/630/2006 638/629/2007 643/632/2008
f 642/633/2009 355/568/2010 592/567/2011 645/634/2012
f 592/567/2013 290/557/2014 613/595/2015 645/634/2016
f 613/595/2017 361/594/2018 644/635/2019 645/634/2020
f 644/635/2021 367/630/2022 642/633/2023 645/634/2024
f 644/635/2025 361/594/2026 623/608/2027 646/636/2028
f 623/608/2029 294/607/2030 635/623/2031 646/636/2032
f 635/623/2033 364/621/2034 639/625/2035 646/636/2036
f 639/625/2037 367/630/2038 644/635/2039 646/636/2040
f 650/637/2041 370/638/2042 647/639/2043 651/640/2044
f 647/639/2045 296/641/2046 648/642/2047 651/640/2048
f 648/642/2049 368/643/2050 649/644/2051 651/640/2052
f 649/644/2053 371/645/2054 650/637/2055 651/640/2056
f 649/644/2057 368/643/2058 652/646/2059 654/647/2060
f 652/646/2061 271/426/2062 495/424/2063 654/647/2064
f 495/424/2065 328/421/2066 653/648/2067 654/647/2068
f 653/648/2069 371/645/2070 649/644/2071 654/647/2072
f 653/648/2073 328/421/2074 491/420/2075 657/649/2076
f 491/420/2077 281/419/2078 655/650/2079 657/649/2080
f 655/650/2081 369/651/2082 656/652/2083 657/649/2084
f 656/652/2085 371/645/2086 653/648/2087 657/649/2088
f 656/652/2089 369/651/2090 658/653/2091 660/654/2092
f 658/653/2093 297/655/2094 659/656/2095 660/654/2096
f 659/656/2097 370/638/2098 650/637/2099 660/654/2100
f 650/637/2101 371/645/2102 656/652/2103 660/654/2104
f 662/657/2105 369/658/2106 655/659/2107 663/660/2108
f 655/659/2109 281/407/2110 485/405/2111 663/660/2112
f 485/405/2113 325/403/2114 661/661/2115 663/660/2116
f 661/661/2117 374/662/2118 662/657/2119 663/660/2120
f 661/661/2121 325/403/2122 482/402/2123 666/663/2124
f 482/402/2125 272/401/2126 664/664/2127 666/663/2128
f 664/664/2129 372/665/2130 665/666/2131 666/663/2132
f 665/666/2133 374/662/2134 661/661/2135 666/663/2136
f 665/666/2137 372/665/2138 667/667/2139 670/668/2140
f 667/667/2141 295/669/2142 668/670/2143 670/668/2144
f 668/670/2145 373/671/2146 669/672/2147 670/668/2148
f 669/672/2149 374/662/2150 665/666/2151 670/668/2152
f 669/672/2153 373/671/2154 671/673/2155 672/674/2156
f 671/673/2157 297/675/2158 658/676/2159 672/674/2160
f 658/676/2161 369/658/2162 662/657/2163 672/674/2164
f 662/657/2165 374/662/2166 669/672/2167 672/674/2168
f 675/677/2169 373/671/2170 668/670/2171 676/678/2172
f 668/670/2173 295/669/2174 673/679/2175 676/678/2176
f 673/679/2177 375/680/2178 674/681/2179 676/678/2180
f 674/681/2181 377/682/2182 675/677/2183 676/678/2184
f 674/681/2185 375/680/2186 677/683/2187 680/684/2188
f 677/683/2189 276/685/2190 678/686/2191 680/684/2192
f 678/686/2193 376/687/2194 679/688/2195 680/684/2196
f 679/688/2197 377/682/2198 674/681/2199 680/684/2200
f 679/688/2201 376/687/2202 681/689/2203 683/690/2204
f 681/689/2205 296/691/2206 647/692/2207 683/690/2208
f 647/692/2209 370/693/2210 682/694/2211 683/690/2212
f 682/694/2213 377/682/2214 679/688/2215 683/690/2216
f 682/694/2217 370/693/2218 659/695/2219 684/696/2220
f 659/695/2221 297/675/2222 671/673/2223 684/696/2224
f 671/673/2225 373/671/2226 675/677/2227 684/696/2228
f 675/677/2229 377/682/2230 682/694/2231 684/696/2232
f 688/697/2233 380/698/2234 685/699/2235 689/700/2236
f 685/699/2237 299/701/2238 686/702/2239 689/700/2240
f 686/702/2241 378/703/2242 687/704/2243 689/700/2244
f 687/704/2245 381/705/2246 688/697/2247 689/700/2248
f 687/704/2249 378/703/2250 690/706/2251 692/707/2252
f 690/706/2253 272/401/2254 535/484/2255 692/707/2256
f 535/484/2257 339/481/2258 691/708/2259 692/707/2260
f 691/708/2261 381/705/2262 687/704/2263 692/707/2264
f 691/708/2265 339/481/2266 531/480/2267 695/709/2268
f 531/480/2269 285/479/2270 693/710/2271 695/709/2272
f 693/710/2273 379/711/2274 694/712/2275 695/709/2276
f 694/712/2277 381/705/2278 691/708/2279 695/709/2280
f 694/712/2281 379/711/2282 696/713/2283 698/714/2284
f 696/713/2285 300/715/2286 697/716/2287 698/714/2288
f 697/716/2289 380/698/2290 688/697/2291 698/714/2292
f 688/697/2293 381/705/2294 694/712/2295 698/714/2296
f 700/717/2297 379/718/2298 693/719/2299 701/720/2300
f 693/719/2301 285/469/2302 525/467/2303 701/720/2304
f 525/467/2305 336/465/2306 699/721/2307 701/720/2308
f 699/721/2309 384/722/2310 700/717/2311 701/720/2312
f 699/721/2313 336/465/2314 522/464/2315 704/723/2316
f 522/464/2317 273/463/2318 702/724/2319 704/723/2320
f 702/724/2321 382/725/2322 703/726/2323 704/723/2324
f 703/726/2325 384/722/2326 699/721/2327 704/723/2328
f 703/726/2329 382/725/2330 705/727/2331 708/728/2332
f 705/727/2333 298/729/2334 706/730/2335 708/728/2336
f 706/730/2337 383/731/2338 707/732/2339 708/728/2340
f 707/732/2341 384/722/2342 703/726/2343 708/728/2344
f 707/732/2345 383/731/2346 709/733/2347 710/734/2348
f 709/733/2349 300/735/2350 696/736/2351 710/734/2352
f 696/736/2353 379/718/2354 700/717/2355 710/734/2356
f 700/717/2357 384/722/2358 707/732/2359 710/734/2360
f 713/737/2361 383/738/2362 706/739/2363 714/740/2364
f 706/739/2365 298/741/2366 711/742/2367 714/740/2368
f 711/742/2369 385/743/2370 712/744/2371 714/740/2372
f 712/744/2373 387/745/2374 713/737/2375 714/740/2376
f 712/744/2377 385/743/2378 715/746/2379 718/747/2380
f 715/746/2381 277/748/2382 716/749/2383 718/747/2384
f 716/749/2385 386/750/2386 717/751/2387 718/747/2388
f 717/751/2389 387/745/2390 712/744/2391 718/747/2392
f 717/751/2393 386/750/2394 719/752/2395 721/753/2396
f 719/752/2397 299/701/2398 685/699/2399 721/753/2400
f 685/699/2401 380/698/2402 720/754/2403 721/753/2404
f 720/754/2405 387/745/2406 717/751/2407 721/753/2408
f 720/754/2409 380/698/2410 697/716/2411 722/755/2412
f 697/716/2413 300/715/2414 709/756/2415 722/755/2416
f 709/756/2417 383/738/2418 713/737/2419 722/755/2420
f 713/737/2421 387/745/2422 720/754/2423 722/755/2424
f 726/757/2425 390/758/2426 723/759/2427 727/760/2428
f 723/759/2429 302/761/2430 724/762/2431 727/760/2432
f 724/762/2433 388/763/2434 725/764/2435 727/760/2436
f 725/764/2437 391/765/2438 726/757/2439 727/760/2440
f 725/764/2441 388/763/2442 728/766/2443 730/767/2444
f 728/766/2445 273/463/2446 572/539/2447 730/767/2448
f 572/539/2449 349/536/2450 729/768/2451 730/767/2452
f 729/768/2453 391/765/2454 725/764/2455 730/767/2456
f 729/768/2457 349/536/2458 568/535/2459 733/769/2460
f 568/535/2461 288/527/2462 731/770/2463 733/769/2464
f 731/770/2465 389/771/2466 732/772/2467 733/769/2468
f 732/772/2469 391/765/2470 729/768/2471 733/769/2472
f 732/772/2473 389/771/2474 734/773/2475 736/774/2476
f 734/773/2477 303/775/2478 735/776/2479 736/774/2480
f 735/776/2481 390/758/2482 726/757/2483 736/774/2484
f 726/757/2485 391/765/2486 732/772/2487 736/774/2488
f 738/777/2489 389/771/2490 731/770/2491 739/778/2492
f 731/770/2493 288/527/2494 562/525/2495 739/778/2496
f 562/525/2497 346/522/2498 737/779/2499 739/778/2500
f 737/779/2501 394/780/2502 738/777/2503 739/778/2504
f 737/779/2505 346/522/2506 559/521/2507 742/781/2508
f 740/782/2509 392/783/2510 741/784/2511 742/781/2512
f 741/784/2513 394/780/2514 737/779/2515 742/781/2516
f 741/784/2517 392/783/2518 743/785/2519 746/786/2520
f 743/785/2521 301/787/2522 744/788/2523 746/786/2524
f 744/788/2525 393/789/2526 745/790/2527 746/786/2528
f 745/790/2529 394/780/2530 741/784/2531 746/786/2532
f 745/790/2533 393/789/2534 747/791/2535 748/792/2536
f 747/791/2537 303/775/2538 734/773/2539 748/792/2540
f 734/773/2541 389/771/2542 738/777/2543 748/792/2544
f 738/777/2545 394/780/2546 745/790/2547 748/792/2548
f 751/793/2549 393/789/2550 744/788/2551 752/794/2552
f 744/788/2553 301/787/2554 749/795/2555 752/794/2556
f 749/795/2557 395/796/2558 750/797/2559 752/794/2560
f 750/797/2561 397/798/2562 751/793/2563 752/794/2564
f 750/797/2565 395/796/2566 753/799/2567 756/800/2568
f 753/799/2569 278/801/2570 754/802/2571 756/800/2572
f 754/802/2573 396/803/2574 755/804/2575 756/800/2576
f 755/804/2577 397/798/2578 750/797/2579 756/800/2580
f 755/804/2581 396/803/2582 757/805/2583 759/806/2584
f 757/805/2585 302/761/2586 723/759/2587 759/806/2588
f 723/759/2589 390/758/2590 758/807/2591 759/806/2592
f 758/807/2593 397/798/2594 755/804/2595 759/806/2596
f 758/807/2597 390/758/2598 735/776/2599 760/808/2600
f 735/776/2601 303/775/2602 747/791/2603 760/808/2604
f 747/791/2605 393/789/2606 751/793/2607 760/808/2608
f 751/793/2609 397/798/2610 758/807/2611 760/808/2612
f 761/809/2613 291/579/2614 600/577/2615 764/810/2616
f 600/577/2617 356/575/2618 762/811/2619 764/810/2620
f 762/811/2621 399/812/2622 763/813/2623 764/810/2624
f 762/811/2625 356/575/2626 597/574/2627 767/814/2628
f 597/574/2629 274/573/2630 765/815/2631 767/814/2632
f 765/815/2633 398/816/2634 766/817/2635 767/814/2636
f 766/817/2637 399/812/2638 762/811/2639 767/814/2640
f 772/818/2641 402/819/2642 769/820/2643 773/821/2644
f 770/822/2645 400/823/2646 771/824/2647 773/821/2648
f 771/824/2649 403/825/2650 772/818/2651 773/821/2652
f 771/824/2653 400/823/2654 774/826/2655 776/827/2656
f 774/826/2657 274/573/2658 641/631/2659 776/827/2660
f 641/631/2661 366/628/2662 775/828/2663 776/827/2664
f 775/828/2665 403/825/2666 771/824/2667 776/827/2668
f 775/828/2669 366/628/2670 637/627/2671 779/829/2672
f 637/627/2673 293/619/2674 777/830/2675 779/829/2676
f 777/830/2677 401/831/2678 778/832/2679 779/829/2680
f 778/832/2681 403/825/2682 775/828/2683 779/829/2684
f 778/832/2685 401/831/2686 780/833/2687 782/834/2688
f 780/833/2689 305/835/2690 781/836/2691 782/834/2692
f 781/836/2693 402/819/2694 772/818/2695 782/834/2696
f 772/818/2697 403/825/2698 778/832/2699 782/834/2700
f 784/837/2701 401/831/2702 777/830/2703 785/838/2704
f 777/830/2705 293/619/2706 631/617/2707 785/838/2708
f 631/617/2709 363/615/2710 783/839/2711 785/838/2712
f 783/839/2713 406/840/2714 784/837/2715 785/838/2716
f 783/839/2717 363/615/2718 628/614/2719 788/841/2720
f 628/614/2721 271/426/2722 786/842/2723 788/841/2724
f 786/842/2725 404/843/2726 787/844/2727 788/841/2728
f 787/844/2729 406/840/2730 783/839/2731 788/841/2732
f 787/844/2733 404/843/2734 789/845/2735 792/846/2736
f 789/845/2737 304/847/2738 790/848/2739 792/846/2740
f 790/848/2741 405/849/2742 791/850/2743 792/846/2744
f 791/850/2745 406/840/2746 787/844/2747 792/846/2748
f 791/850/2749 405/849/2750 793/851/2751 794/852/2752
f 793/851/2753 305/835/2754 780/833/2755 794/852/2756
f 780/833/2757 401/831/2758 784/837/2759 794/852/2760
f 784/837/2761 406/840/2762 791/850/2763 794/852/2764
f 797/853/2765 405/849/2766 790/848/2767 798/854/2768
f 790/848/2769 304/847/2770 795/855/2771 798/854/2772
f 795/855/2773 407/856/2774 796/857/2775 798/854/2776
f 796/857/2777 408/858/2778 797/853/2779 798/854/2780
f 796/857/2781 407/856/2782 799/859/2783 802/860/2784
f 799/859/2785 275/861/2786 800/862/2787 802/860/2788
f 801/863/2789 408/858/2790 796/857/2791 802/860/2792
f 769/820/2793 402/819/2794 803/864/2795 804/865/2796
f 803/864/2797 408/858/2798 801/863/2799 804/865/2800
f 803/864/2801 402/819/2802 781/836/2803 805/866/2804
f 781/836/2805 305/835/2806 793/851/2807 805/866/2808
f 793/851/2809 405/849/2810 797/853/2811 805/866/2812
f 797/853/2813 408/858/2814 803/864/2815 805/866/2816
f 808/867/2817 410/868/2818 806/869/2819 809/870/2820
f 806/869/2821 304/847/2822 789/845/2823 809/870/2824
f 789/845/2825 404/843/2826 807/871/2827 809/870/2828
f 807/871/2829 411/872/2830 808/867/2831 809/870/2832
f 807/871/2833 404/843/2834 786/842/2835 811/873/2836
f 786/842/2837 271/426/2838 652/646/2839 811/873/2840
f 652/646/2841 368/643/2842 810/874/2843 811/873/2844
f 810/874/2845 411/872/2846 807/871/2847 811/873/2848
f 810/874/2849 368/643/2850 648/642/2851 814/875/2852
f 648/642/2853 296/641/2854 812/876/2855 814/875/2856
f 812/876/2857 409/877/2858 813/878/2859 814/875/2860
f 813/878/2861 411/872/2862 810/874/2863 814/875/2864
f 813/878/2865 409/877/2866 815/879/2867 817/880/2868
f 815/879/2869 307/881/2870 816/882/2871 817/880/2872
f 816/882/2873 410/868/2874 808/867/2875 817/880/2876
f 808/867/2877 411/872/2878 813/878/2879 817/880/2880
f 819/883/2881 409/884/2882 812/885/2883 820/886/2884
f 812/885/2885 296/691/2886 681/689/2887 820/886/2888
f 681/689/2889 376/687/2890 818/887/2891 820/886/2892
f 818/887/2893 414/888/2894 819/883/2895 820/886/2896
f 818/887/2897 376/687/2898 678/686/2899 823/889/2900
f 678/686/2901 276/685/2902 821/890/2903 823/889/2904
f 821/890/2905 412/891/2906 822/892/2907 823/889/2908
f 822/892/2909 414/888/2910 818/887/2911 823/889/2912
f 822/892/2913 412/891/2914 824/893/2915 827/894/2916
f 824/893/2917 306/895/2918 825/896/2919 827/894/2920
f 825/896/2921 413/897/2922 826/898/2923 827/894/2924
f 826/898/2925 414/888/2926 822/892/2927 827/894/2928
f 826/898/2929 413/897/2930 828/899/2931 829/900/2932
f 828/899/2933 307/901/2934 815/902/2935 829/900/2936
f 815/902/2937 409/884/2938 819/883/2939 829/900/2940
f 819/883/2941 414/888/2942 826/898/2943 829/900/2944
f 832/903/2945 413/904/2946 825/905/2947 833/906/2948
f 825/905/2949 306/907/2950 830/908/2951 833/906/2952
f 830/908/2953 415/909/2954 831/910/2955 833/906/2956
f 831/910/2957 416/911/2958 832/903/2959 833/906/2960
f 831/910/2961 415/909/2962 834/912/2963 836/913/2964
f 834/912/2965 275/861/2966 799/859/2967 836/913/2968
f 799/859/2969 407/856/2970 835/914/2971 836/913/2972
f 835/914/2973 416/911/2974 831/910/2975 836/913/2976
f 835/914/2977 407/856/2978 795/855/2979 838/915/2980
f 795/855/2981 304/847/2982 806/869/2983 838/915/2984
f 806/869/2985 410/868/2986 837/916/2987 838/915/2988
f 837/916/2989 416/911/2990 835/914/2991 838/915/2992
f 837/916/2993 410/868/2994 816/882/2995 839/917/2996
f 816/882/2997 307/881/2998 828/918/2999 839/917/3000
f 828/918/3001 413/904/3002 832/903/3003 839/917/3004
f 832/903/3005 416/911/3006 837/916/3007 839/917/3008
f 842/919/3009 418/920/3010 840/921/3011 843/922/3012
f 840/921/3013 295/669/3014 667/667/3015 843/922/3016
f 667/667/3017 372/665/3018 841/923/3019 843/922/3020
f 841/923/3021 419/924/3022 842/919/3023 843/922/3024
f 841/923/3025 372/665/3026 664/664/3027 845/925/3028
f 664/664/3029 272/401/3030 690/706/3031 845/925/3032
f 690/706/3033 378/703/3034 844/926/3035 845/925/3036
f 844/926/3037 419/924/3038 841/923/3039 845/925/3040
f 844/926/3041 378/703/3042 686/702/3043 848/927/3044
f 686/702/3045 299/701/3046 846/928/3047 848/927/3048
f 846/928/3049 417/929/3050 847/930/3051 848/927/3052
f 847/930/3053 419/924/3054 844/926/3055 848/927/3056
f 847/930/3057 417/929/3058 849/931/3059 851/932/3060
f 849/931/3061 309/933/3062 850/934/3063 851/932/3064
f 850/934/3065 418/920/3066 842/919/3067 851/932/3068
f 842/919/3069 419/924/3070 847/930/3071 851/932/3072
f 853/935/3073 417/929/3074 846/928/3075 854/936/3076
f 846/928/3077 299/701/3078 719/752/3079 854/936/3080
f 719/752/3081 386/750/3082 852/937/3083 854/936/3084
f 852/937/3085 422/938/3086 853/935/3087 854/936/3088
f 852/937/3089 386/750/3090 716/749/3091 857/939/3092
f 716/749/3093 277/748/3094 855/940/3095 857/939/3096
f 855/940/3097 420/941/3098 856/942/3099 857/939/3100
f 856/942/3101 422/938/3102 852/937/3103 857/939/3104
f 856/942/3105 420/941/3106 858/943/3107 861/944/3108
f 858/943/3109 308/945/3110 859/946/3111 861/944/3112
f 859/946/3113 421/947/3114 860/948/3115 861/944/3116
f 860/948/3117 422/938/3118 856/942/3119 861/944/3120
f 860/948/3121 421/947/3122 862/949/3123 863/950/3124
f 862/949/3125 309/933/3126 849/931/3127 863/950/3128
f 849/931/3129 417/929/3130 853/935/3131 863/950/3132
f 853/935/3133 422/938/3134 860/948/3135 863/950/3136
f 866/951/3137 421/947/3138 859/946/3139 867/952/3140
f 859/946/3141 308/945/3142 864/953/3143 867/952/3144
f 864/953/3145 423/954/3146 865/955/3147 867/952/3148
f 865/955/3149 424/956/3150 866/951/3151 867/952/3152
f 865/955/3153 423/954/3154 868/957/3155 870/958/3156
f 868/957/3157 276/685/3158 677/683/3159 870/958/3160
f 677/683/3161 375/680/3162 869/959/3163 870/958/3164
f 869/959/3165 424/956/3166 865/955/3167 870/958/3168
f 869/959/3169 375/680/3170 673/679/3171 872/960/3172
f 673/679/3173 295/669/3174 840/921/3175 872/960/3176
f 840/921/3177 418/920/3178 871/961/3179 872/960/3180
f 871/961/3181 424/956/3182 869/959/3183 872/960/3184
f 871/961/3185 418/920/3186 850/934/3187 873/962/3188
f 850/934/3189 309/933/3190 862/949/3191 873/962/3192
f 862/949/3193 421/947/3194 866/951/3195 873/962/3196
f 866/951/3197 424/956/3198 871/961/3199 873/962/3200
f 876/963/3201 426/964/3202 874/965/3203 877/966/3204
f 874/965/3205 298/729/3206 705/727/3207 877/966/3208
f 705/727/3209 382/725/3210 875/967/3211 877/966/3212
f 875/967/3213 427/968/3214 876/963/3215 877/966/3216
f 875/967/3217 382/725/3218 702/724/3219 879/969/3220
f 702/724/3221 273/463/3222 728/766/3223 879/969/3224
f 728/766/3225 388/763/3226 878/970/3227 879/969/3228
f 878/970/3229 427/968/3230 875/967/3231 879/969/3232
f 878/970/3233 388/763/3234 724/762/3235 882/971/3236
f 724/762/3237 302/761/3238 880/972/3239 882/971/3240
f 880/972/3241 425/973/3242 881/974/3243 882/971/3244
f 881/974/3245 427/968/3246 878/970/3247 882/971/3248
f 881/974/3249 425/973/3250 883/975/3251 885/976/3252
f 883/975/3253 311/977/3254 884/978/3255 885/976/3256
f 884/978/3257 426/964/3258 876/963/3259 885/976/3260
f 876/963/3261 427/968/3262 881/974/3263 885/976/3264
f 887/979/3265 425/973/3266 880/972/3267 888/980/3268
f 880/972/3269 302/761/3270 757/805/3271 888/980/3272
f 757/805/3273 396/803/3274 886/981/3275 888/980/3276
f 886/981/3277 430/982/3278 887/979/3279 888/980/3280
f 886/981/3281 396/803/3282 754/802/3283 891/983/3284
f 754/802/3285 278/801/3286 889/984/3287 891/983/3288
f 889/984/3289 428/985/3290 890/986/3291 891/983/3292
f 890/986/3293 430/982/3294 886/981/3295 891/983/3296
f 890/986/3297 428/985/3298 892/987/3299 895/988/3300
f 892/987/3301 310/989/3302 893/990/3303 895/988/3304
f 893/990/3305 429/991/3306 894/992/3307 895/988/3308
f 894/992/3309 430/982/3310 890/986/3311 895/988/3312
f 894/992/3313 429/991/3314 896/993/3315 897/994/3316
f 896/993/3317 311/977/3318 883/975/3319 897/994/3320
f 883/975/3321 425/973/3322 887/979/3323 897/994/3324
f 887/979/3325 430/982/3326 894/992/3327 897/994/3328
f 900/995/3329 429/996/3330 893/997/3331 901/998/3332
f 893/997/3333 310/999/3334 898/1000/3335 901/998/3336
f 898/1000/3337 431/1001/3338 899/1002/3339 901/998/3340
f 899/1002/3341 432/1003/3342 900/995/3343 901/998/3344
f 899/1002/3345 431/1001/3346 902/1004/3347 904/1005/3348
f 902/1004/3349 277/748/3350 715/746/3351 904/1005/3352
f 715/746/3353 385/743/3354 903/1006/3355 904/1005/3356
f 903/1006/3357 432/1003/3358 899/1002/3359 904/1005/3360
f 903/1006/3361 385/743/3362 711/742/3363 906/1007/3364
f 711/742/3365 298/741/3366 874/1008/3367 906/1007/3368
f 874/1008/3369 426/1009/3370 905/1010/3371 906/1007/3372
f 905/1010/3373 432/1003/3374 903/1006/3375 906/1007/3376
f 905/1010/3377 426/1009/3378 884/1011/3379 907/1012/3380
f 884/1011/3381 311/1013/3382 896/1014/3383 907/1012/3384
f 896/1014/3385 429/996/3386 900/995/3387 907/1012/3388
f 900/995/3389 432/1003/3390 905/1010/3391 907/1012/3392
f 908/1015/3393 301/787/3394 743/785/3395 911/1016/3396
f 743/785/3397 392/783/3398 909/1017/3399 911/1016/3400
f 909/1017/3401 392/783/3402 740/782/3403 1158/1018/3404
f 753/799/3405 395/796/3406 912/1019/3407 913/1020/3408
f 912/1019/3409 395/796/3410 749/795/3411 914/1021/3412
f 749/795/3413 301/787/3414 908/1015/3415 914/1021/3416
f 915/1022/3417 398/816/3418 765/815/3419 916/1023/3420
f 765/815/3421 274/573/3422 774/826/3423 916/1023/3424
f 921/1024/3425 435/1025/3426 918/1026/3427 922/1027/3428
f 918/1026/3429 313/1028/3430 919/1029/3431 922/1027/3432
f 919/1029/3433 433/1030/3434 920/1031/3435 922/1027/3436
f 920/1031/3437 436/1032/3438 921/1024/3439 922/1027/3440
f 920/1031/3441 433/1030/3442 923/1033/3443 925/1034/3444
f 923/1033/3445 275/861/3446 834/912/3447 925/1034/3448
f 834/912/3449 415/909/3450 924/1035/3451 925/1034/3452
f 924/1035/3453 436/1032/3454 920/1031/3455 925/1034/3456
f 924/1035/3457 415/909/3458 830/908/3459 928/1036/3460
f 830/908/3461 306/907/3462 926/1037/3463 928/1036/3464
f 926/1037/3465 434/1038/3466 927/1039/3467 928/1036/3468
f 927/1039/3469 436/1032/3470 924/1035/3471 928/1036/3472
f 927/1039/3473 434/1038/3474 929/1040/3475 931/1041/3476
f 929/1040/3477 314/1042/3478 930/1043/3479 931/1041/3480
f 930/1043/3481 435/1025/3482 921/1024/3483 931/1041/3484
f 921/1024/3485 436/1032/3486 927/1039/3487 931/1041/3488
f 933/1044/3489 434/1045/3490 926/1046/3491 934/1047/3492
f 926/1046/3493 306/895/3494 824/893/3495 934/1047/3496
f 824/893/3497 412/891/3498 932/1048/3499 934/1047/3500
f 932/1048/3501 439/1049/3502 933/1044/3503 934/1047/3504
f 932/1048/3505 412/891/3506 821/890/3507 937/1050/3508
f 821/890/3509 276/685/3510 935/1051/3511 937/1050/3512
f 935/1051/3513 437/1052/3514 936/1053/3515 937/1050/3516
f 936/1053/3517 439/1049/3518 932/1048/3519 937/1050/3520
f 936/1053/3521 437/1052/3522 938/1054/3523 941/1055/3524
f 938/1054/3525 312/1056/3526 939/1057/3527 941/1055/3528
f 939/1057/3529 438/1058/3530 940/1059/3531 941/1055/3532
f 940/1059/3533 439/1049/3534 936/1053/3535 941/1055/3536
f 940/1059/3537 438/1058/3538 942/1060/3539 943/1061/3540
f 942/1060/3541 314/1062/3542 929/1063/3543 943/1061/3544
f 929/1063/3545 434/1045/3546 933/1044/3547 943/1061/3548
f 933/1044/3549 439/1049/3550 940/1059/3551 943/1061/3552
f 946/1064/3553 438/1058/3554 939/1057/3555 947/1065/3556
f 939/1057/3557 312/1056/3558 944/1066/3559 947/1065/3560
f 944/1066/3561 440/1067/3562 945/1068/3563 947/1065/3564
f 945/1068/3565 442/1069/3566 946/1064/3567 947/1065/3568
f 945/1068/3569 440/1067/3570 948/1070/3571 951/1071/3572
f 948/1070/3573 279/1072/3574 949/1073/3575 951/1071/3576
f 949/1073/3577 441/1074/3578 950/1075/3579 951/1071/3580
f 950/1075/3581 442/1069/3582 945/1068/3583 951/1071/3584
f 950/1075/3585 441/1074/3586 952/1076/3587 954/1077/3588
f 952/1076/3589 313/1078/3590 918/1079/3591 954/1077/3592
f 918/1079/3593 435/1080/3594 953/1081/3595 954/1077/3596
f 953/1081/3597 442/1069/3598 950/1075/3599 954/1077/3600
f 953/1081/3601 435/1080/3602 930/1082/3603 955/1083/3604
f 930/1082/3605 314/1062/3606 942/1060/3607 955/1083/3608
f 942/1060/3609 438/1058/3610 946/1064/3611 955/1083/3612
f 946/1064/3613 442/1069/3614 953/1081/3615 955/1083/3616
f 958/1084/3617 444/1085/3618 956/1086/3619 959/1087/3620
f 956/1086/3621 312/1056/3622 938/1054/3623 959/1087/3624
f 938/1054/3625 437/1052/3626 957/1088/3627 959/1087/3628
f 957/1088/3629 445/1089/3630 958/1084/3631 959/1087/3632
f 957/1088/3633 437/1052/3634 935/1051/3635 961/1090/3636
f 935/1051/3637 276/685/3638 868/957/3639 961/1090/3640
f 868/957/3641 423/954/3642 960/1091/3643 961/1090/3644
f 960/1091/3645 445/1089/3646 957/1088/3647 961/1090/3648
f 960/1091/3649 423/954/3650 864/953/3651 964/1092/3652
f 864/953/3653 308/945/3654 962/1093/3655 964/1092/3656
f 962/1093/3657 443/1094/3658 963/1095/3659 964/1092/3660
f 963/1095/3661 445/1089/3662 960/1091/3663 964/1092/3664
f 963/1095/3665 443/1094/3666 965/1096/3667 967/1097/3668
f 965/1096/3669 316/1098/3670 966/1099/3671 967/1097/3672
f 966/1099/3673 444/1085/3674 958/1084/3675 967/1097/3676
f 958/1084/3677 445/1089/3678 963/1095/3679 967/1097/3680
f 969/1100/3681 443/1094/3682 962/1093/3683 970/1101/3684
f 962/1093/3685 308/945/3686 858/943/3687 970/1101/3688
f 858/943/3689 420/941/3690 968/1102/3691 970/1101/3692
f 968/1102/3693 448/1103/3694 969/1100/3695 970/1101/3696
f 968/1102/3697 420/941/3698 855/940/3699 973/1104/3700
f 855/940/3701 277/748/3702 971/1105/3703 973/1104/3704
f 971/1105/3705 446/1106/3706 972/1107/3707 973/1104/3708
f 972/1107/3709 448/1103/3710 968/1102/3711 973/1104/3712
f 972/1107/3713 446/1106/3714 974/1108/3715 977/1109/3716
f 974/1108/3717 315/1110/3718 975/1111/3719 977/1109/3720
f 975/1111/3721 447/1112/3722 976/1113/3723 977/1109/3724
f 976/1113/3725 448/1103/3726 972/1107/3727 977/1109/3728
f 976/1113/3729 447/1112/3730 978/1114/3731 979/1115/3732
f 978/1114/3733 316/1098/3734 965/1096/3735 979/1115/3736
f 965/1096/3737 443/1094/3738 969/1100/3739 979/1115/3740
f 969/1100/3741 448/1103/3742 976/1113/3743 979/1115/3744
f 982/1116/3745 447/1112/3746 975/1111/3747 983/1117/3748
f 975/1111/3749 315/1110/3750 980/1118/3751 983/1117/3752
f 980/1118/3753 449/1119/3754 981/1120/3755 983/1117/3756
f 981/1120/3757 450/1121/3758 982/1116/3759 983/1117/3760
f 981/1120/3761 449/1119/3762 984/1122/3763 986/1123/3764
f 984/1122/3765 279/1072/3766 948/1070/3767 986/1123/3768
f 948/1070/3769 440/1067/3770 985/1124/3771 986/1123/3772
f 985/1124/3773 450/1121/3774 981/1120/3775 986/1123/3776
f 985/1124/3777 440/1067/3778 944/1066/3779 988/1125/3780
f 944/1066/3781 312/1056/3782 956/1086/3783 988/1125/3784
f 956/1086/3785 444/1085/3786 987/1126/3787 988/1125/3788
f 987/1126/3789 450/1121/3790 985/1124/3791 988/1125/3792
f 987/1126/3793 444/1085/3794 966/1099/3795 989/1127/3796
f 966/1099/3797 316/1098/3798 978/1114/3799 989/1127/3800
f 978/1114/3801 447/1112/3802 982/1116/3803 989/1127/3804
f 982/1116/3805 450/1121/3806 987/1126/3807 989/1127/3808
f 992/1128/3809 452/1129/3810 990/1130/3811 993/1131/3812
f 990/1130/3813 315/1110/3814 974/1108/3815 993/1131/3816
f 974/1108/3817 446/1106/3818 991/1132/3819 993/1131/3820
f 991/1132/3821 453/1133/3822 992/1128/3823 993/1131/3824
f 991/1132/3825 446/1106/3826 971/1105/3827 995/1134/3828
f 971/1105/3829 277/748/3830 902/1004/3831 995/1134/3832
f 902/1004/3833 431/1001/3834 994/1135/3835 995/1134/3836
f 994/1135/3837 453/1133/3838 991/1132/3839 995/1134/3840
f 994/1135/3841 431/1001/3842 898/1000/3843 998/1136/3844
f 898/1000/3845 310/999/3846 996/1137/3847 998/1136/3848
f 996/1137/3849 451/1138/3850 997/1139/3851 998/1136/3852
f 997/1139/3853 453/1133/3854 994/1135/3855 998/1136/3856
f 997/1139/3857 451/1138/3858 999/1140/3859 1001/1141/3860
f 999/1140/3861 318/1142/3862 1000/1143/3863 1001/1141/3864
f 1000/1143/3865 452/1129/3866 992/1128/3867 1001/1141/3868
f 992/1128/3869 453/1133/3870 997/1139/3871 1001/1141/3872
f 1003/1144/3873 451/1145/3874 996/1146/3875 1004/1147/3876
f 996/1146/3877 310/989/3878 892/987/3879 1004/1147/3880
f 892/987/3881 428/985/3882 1002/1148/3883 1004/1147/3884
f 1002/1148/3885 456/1149/3886 1003/1144/3887 1004/1147/3888
f 1002/1148/3889 428/985/3890 889/984/3891 1007/1150/3892
f 889/984/3893 278/801/3894 1005/1151/3895 1007/1150/3896
f 1005/1151/3897 454/1152/3898 1006/1153/3899 1007/1150/3900
f 1006/1153/3901 456/1149/3902 1002/1148/3903 1007/1150/3904
f 1006/1153/3905 454/1152/3906 1008/1154/3907 1011/1155/3908
f 1008/1154/3909 317/1156/3910 1009/1157/3911 1011/1155/3912
f 1009/1157/3913 455/1158/3914 1010/1159/3915 1011/1155/3916
f 1010/1159/3917 456/1149/3918 1006/1153/3919 1011/1155/3920
f 1010/1159/3921 455/1158/3922 1012/1160/3923 1013/1161/3924
f 1012/1160/3925 318/1162/3926 999/1163/3927 1013/1161/3928
f 999/1163/3929 451/1145/3930 1003/1144/3931 1013/1161/3932
f 1003/1144/3933 456/1149/3934 1010/1159/3935 1013/1161/3936
f 1016/1164/3937 455/1165/3938 1009/1166/3939 1017/1167/3940
f 1009/1166/3941 317/1168/3942 1014/1169/3943 1017/1167/3944
f 1014/1169/3945 457/1170/3946 1015/1171/3947 1017/1167/3948
f 1015/1171/3949 458/1172/3950 1016/1164/3951 1017/1167/3952
f 1015/1171/3953 457/1170/3954 1018/1173/3955 1020/1174/3956
f 1018/1173/3957 279/1072/3958 984/1122/3959 1020/1174/3960
f 984/1122/3961 449/1119/3962 1019/1175/3963 1020/1174/3964
f 1019/1175/3965 458/1172/3966 1015/1171/3967 1020/1174/3968
f 1019/1175/3969 449/1119/3970 980/1118/3971 1022/1176/3972
f 980/1118/3973 315/1110/3974 990/1130/3975 1022/1176/3976
f 990/1130/3977 452/1129/3978 1021/1177/3979 1022/1176/3980
f 1021/1177/3981 458/1172/3982 1019/1175/3983 1022/1176/3984
f 1021/1177/3985 452/1129/3986 1000/1143/3987 1023/1178/3988
f 1000/1143/3989 318/1142/3990 1012/1179/3991 1023/1178/3992
f 1012/1179/3993 455/1165/3994 1016/1164/3995 1023/1178/3996
f 1016/1164/3997 458/1172/3998 1021/1177/3999 1023/1178/4000
f 1024/1180/4001 317/1156/4002 1008/1154/4003 1025/1181/4004
f 1026/1182/4005 459/1183/4006 1027/1184/4007 1029/1185/4008
f 1027/1184/4009 279/1072/4010 1018/1173/4011 1029/1185/4012
f 1018/1173/4013 457/1170/4014 1028/1186/4015 1029/1185/4016
f 1028/1186/4017 460/1187/4018 1026/1182/4019 1029/1185/4020
f 1028/1186/4021 457/1170/4022 1014/1169/4023 1030/1188/4024
f 1014/1169/4025 317/1168/4026 1024/1189/4027 1030/1188/4028
f 917/1190/4029 275/861/4030 923/1033/4031 1032/1191/4032
f 923/1033/4033 433/1030/4034 1031/1192/4035 1032/1191/4036
f 1031/1192/4037 433/1030/4038 919/1029/4039 1034/1193/4040
f 919/1029/4041 313/1028/4042 1033/1194/4043 1034/1193/4044
f 1033/1195/4045 313/1078/4046 952/1076/4047 1036/1196/4048
f 952/1076/4049 441/1074/4050 1035/1197/4051 1036/1196/4052
f 1035/1197/4053 441/1074/4054 949/1073/4055 1038/1198/4056
f 949/1073/4057 279/1072/4058 1027/1184/4059 1038/1198/4060
f 1027/1184/4061 459/1183/4062 1037/1199/4063 1038/1198/4064
f 1040/1200/4065 1039/1201/4066 1099/1202/4067
f 1042/1203/4068 1041/1204/4069 1099/1202/4070
f 1043/1205/4071 1042/1203/4072 1099/1202/4073
f 1039/1201/4074 1043/1205/4075 1099/1202/4076
f 1044/1206/4077 1040/1200/4078 1099/1202/4079
f 1041/1204/4080 1045/1207/4081 1100/1208/4082 1099/1202/4083
f 1045/1207/4084 1046/1209/4085 1101/1210/4086 1100/1208/4087
f 1048/1211/4088 1047/1212/4089 1101/1210/4090
f 1046/1209/4091 1048/1211/4092 1101/1210/4093
f 1047/1212/4094 1049/1213/4095 1102/1214/4096 1101/1210/4097
f 1049/1213/4098 1050/1215/4099 1102/1214/4100
f 1052/1216/4101 1051/1217/4102 1103/1218/4103
f 1053/1219/4104 1054/1220/4105 1103/1218/4106 1102/1214/4107
f 1054/1220/4108 1052/1216/4109 1103/1218/4110
f 1055/1221/4111 1053/1219/4112 1102/1214/4113
f 1050/1215/4114 1055/1221/4115 1102/1214/4116
f 1057/1222/4117 1056/1223/4118 1104/1224/4119
f 1058/1225/4120 1057/1222/4121 1104/1224/4122
f 1059/1226/4123 1044/1206/4124 1099/1202/4125 1100/1208/4126
f 1060/1227/4127 1059/1226/4128 1100/1208/4129
f 1061/1228/4130 1060/1227/4131 1100/1208/4132
f 1062/1229/4133 1061/1228/4134 1100/1208/4135 1105/1230/4136
f 1063/1231/4137 1062/1229/4138 1105/1230/4139
f 1064/1232/4140 1063/1231/4141 1105/1230/4142 1106/1233/4143
f 1065/1234/4144 1064/1232/4145 1106/1233/4146
f 1066/1235/4147 1067/1236/4148 1108/1237/4149 1107/1238/4150
f 1067/1236/4151 1068/1239/4152 1108/1237/4153
f 1069/1240/4154 1066/1235/4155 1107/1238/4156
f 1070/1241/4157 1065/1234/4158 1106/1233/4159
f 1068/1242/4160 1070/1241/4161 1106/1233/4162 1108/1243/4163
f 1071/1244/4164 1072/1245/4165 1109/1246/4166 1103/1218/4167
f 1051/1217/4168 1071/1244/4169 1103/1218/4170
f 1072/1245/4171 1073/1247/4172 1109/1246/4173
f 1073/1247/4174 1074/1248/4175 1104/1224/4176 1109/1246/4177
f 1074/1248/4178 1075/1249/4179 1104/1224/4180
f 1076/1250/4181 1058/1225/4182 1104/1224/4183
f 1075/1249/4184 1076/1250/4185 1104/1224/4186
f 1056/1251/4187 1077/1252/4188 1104/1253/4189
f 1077/1252/4190 1078/1254/4191 1104/1253/4192
f 1080/1255/4193 1079/1256/4194 1110/1257/4195 1104/1253/4196
f 1078/1254/4197 1080/1255/4198 1104/1253/4199
f 1082/1258/4200 1081/1259/4201 1111/1260/4202
f 1084/1261/4203 1083/1262/4204 1107/1238/4205 1111/1260/4206
f 1081/1259/4207 1084/1261/4208 1111/1260/4209
f 1083/1262/4210 1085/1263/4211 1107/1238/4212
f 1085/1263/4213 1069/1240/4214 1107/1238/4215
f 1086/1264/4216 1087/1265/4217 1112/1266/4218
f 1088/1267/4219 1086/1264/4220 1112/1266/4221
f 1089/1268/4222 1082/1258/4223 1111/1260/4224
f 1090/1269/4225 1089/1268/4226 1111/1260/4227 1113/1270/4228
f 1087/1265/4229 1090/1269/4230 1113/1270/4231 1112/1266/4232
f 1079/1256/4233 1091/1271/4234 1110/1257/4235
f 1091/1271/4236 1092/1272/4237 1110/1257/4238
f 1094/1273/4239 1093/1274/4240 1114/1275/4241
f 1092/1272/4242 1094/1273/4243 1114/1275/4244 1110/1257/4245
f 1093/1274/4246 1095/1276/4247 1114/1275/4248
f 1095/1276/4249 1096/1277/4250 1114/1275/4251
f 1097/1278/4252 1088/1267/4253 1112/1266/4254
f 1098/1279/4255 1097/1278/4256 1112/1266/4257 1115/1280/4258
f 1096/1277/4259 1098/1279/4260 1115/1280/4261 1114/1275/4262
f 1116/1281/4263 1102/1214/4264 1103/1218/4265 1109/1246/4266
f 1112/1266/4267 1116/1282/4268 1114/1275/4269 1115/1280/4270
f 1111/1260/4271 1116/1282/4272 1112/1266/4273 1113/1270/4274
f 1105/1230/4275 1116/1281/4276 1108/1243/4277 1106/1233/4278
f 1116/1281/4279 1100/1208/4280 1101/1210/4281 1102/1214/4282
f 1114/1275/4283 1116/1282/4284 1104/1253/4285 1110/1257/4286
f 1108/1237/4287 1116/1282/4288 1111/1260/4289 1107/1238/4290
f 1100/1208/4291 1116/1281/4292 1105/1230/4293
f 1116/1281/4294 1109/1246/4295 1104/1224/4296
f 1161/1283/4297 1157/1284/4298 1059/1226/4299 1060/1227/4300
f 1117/1285/4301 1118/1286/4302 1128/1287/4303 1127/1288/4304
f 1118/1286/4305 1117/1285/4306 1119/1289/4307 1120/1290/4308
f 1120/1290/4309 1119/1289/4310 1125/1291/4311 1126/1292/4312
f 1121/1293/4313 1122/1294/4314 1124/1295/4315 1123/1296/4316
f 1122/1294/4317 1121/1293/4318 1129/1297/4319 1130/1298/4320
f 1123/1296/4321 1124/1295/4322 1126/1292/4323 1125/1291/4324
f 1127/1288/4325 1128/1287/4326 1157/1299/4327 1158/1018/4328
f 1130/1298/4329 1129/1297/4330 1131/1300/4331 1132/1301/4332
f 1132/1301/4333 1131/1300/4334 1135/1302/4335 1136/1303/4336
f 1133/1304/4337 1134/1305/4338 1136/1303/4339 1135/1302/4340
f 1134/1305/4341 1133/1304/4342 1137/1306/4343 1138/1307/4344
f 1138/1307/4345 1137/1306/4346 1139/1308/4347 1140/1309/4348
f 1140/1309/4349 1139/1308/4350 1149/1310/4351 1150/1311/4352
f 1141/1312/4353 1142/1313/4354 1144/1314/4355 1143/1315/4356
f 1142/1313/4357 1141/1312/4358 1183/1316/4359 1184/1317/4360
f 1143/1315/4361 1144/1314/4362 1148/1318/4363 1147/1319/4364
f 1145/1320/4365 1146/1321/4366 1150/1311/4367 1149/1310/4368
f 1146/1321/4369 1145/1320/4370 1147/1319/4371 1148/1318/4372
f 1151/1322/4373 1152/1323/4374 1154/1324/4375 1153/1325/4376
f 1152/1323/4377 1151/1322/4378 1193/1326/4379 1194/1327/4380
f 1153/1325/4381 1154/1324/4382 1156/1328/4383 1155/1329/4384
f 1155/1329/4385 1156/1328/4386 1192/1330/4387 1191/1331/4388
f 1159/1332/4389 1160/1333/4390 1164/1334/4391 1163/1335/4392
f 1160/1333/4393 1159/1332/4394 1162/1336/4395 1161/1337/4396
f 1163/1335/4397 1164/1334/4398 1166/1338/4399 1165/1339/4400
f 1165/1339/4401 1166/1338/4402 1168/1340/4403 1167/1341/4404
f 1167/1341/4405 1168/1340/4406 1170/1342/4407 1169/1343/4408
f 1169/1343/4409 1170/1342/4410 1180/1344/4411 1179/1345/4412
f 1171/1346/4413 1172/1347/4414 1178/1348/4415 1177/1349/4416
f 1172/1347/4417 1171/1346/4418 1173/1350/4419 1174/1351/4420
f 1174/1351/4421 1173/1350/4422 1175/1352/4423 1176/1353/4424
f 1176/1353/4425 1175/1352/4426 1179/1345/4427 1180/1344/4428
f 1177/1349/4429 1178/1348/4430 1210/1354/4431 1209/1355/4432
f 1181/1356/4433 1182/1357/4434 1184/1317/4435 1183/1316/4436
f 1182/1357/4437 1181/1356/4438 1185/1358/4439 1186/1359/4440
f 1186/1359/4441 1185/1358/4442 1187/1360/4443 1188/1361/4444
f 1188/1361/4445 1187/1360/4446 1189/1362/4447 1190/1363/4448
f 1190/1363/4449 1189/1362/4450 1191/1331/4451 1192/1330/4452
f 1194/1327/4453 1193/1326/4454 1195/1364/4455 1196/1365/4456
f 1196/1366/4457 1195/1364/4458 1199/1367/4459 1200/1368/4460
f 1197/1369/4461 1198/1370/4462 1200/1368/4463 1199/1367/4464
f 1198/1370/4465 1197/1369/4466 1221/1371/4467 1222/1372/4468
f 1201/1373/4469 1202/1374/4470 1218/1375/4471 1217/1376/4472
f 1202/1377/4473 1201/1378/4474 1203/1379/4475 1204/1380/4476
f 1204/1380/4477 1203/1379/4478 1205/1381/4479 1206/1382/4480
f 1206/1382/4481 1205/1381/4482 1207/1383/4483 1208/1384/4484
f 1208/1384/4485 1207/1383/4486 1209/1355/4487 1210/1354/4488
f 1211/1385/4489 1212/1386/4490 1214/1387/4491 1213/1388/4492
f 1212/1386/4493 1211/1385/4494 1219/1389/4495 1220/1390/4496
f 1213/1388/4497 1214/1387/4498 1216/1391/4499 1215/1392/4500
f 1215/1392/4501 1216/1391/4502 1234/1393/4503 1233/1394/4504
f 1217/1376/4505 1218/1375/4506 1220/1390/4507 1219/1389/4508
f 1222/1372/4509 1221/1371/4510 1223/1395/4511 1224/1396/4512
f 1224/1396/4513 1223/1395/4514 1227/1397/4515 1228/1398/4516
f 1225/1399/4517 1226/1400/4518 1228/1398/4519 1227/1397/4520
f 1226/1401/4521 1225/1402/4522 1229/1403/4523 1230/1404/4524
f 1230/1404/4525 1229/1403/4526 1231/1405/4527 1232/1406/4528
f 1232/1406/4529 1231/1405/4530 1235/1407/4531 1236/1408/4532
f 1233/1394/4533 1234/1393/4534 1236/1408/4535 1235/1407/4536
f 556/519/4537 345/518/4538 1119/1289/4539 561/524/4540
f 1119/1289/4541 1117/1285/4542 559/521/4543 561/524/4544
f 606/587/4545 1121/1293/4546 1123/1296/4547 608/586/4548
f 1123/1296/4549 359/591/4550 607/585/4551 608/586/4552
f 1119/1289/4553 345/518/4554 609/588/4555 1125/1291/4556
f 609/588/4557 359/591/4558 1123/1296/4559 1125/1291/4560
f 559/521/4561 1117/1285/4562 740/782/4563 742/781/4564
f 1129/1297/4565 1121/1293/4566 606/587/4567 1131/1300/4568
f 606/587/4569 291/579/4570 761/809/4571 1131/1300/4572
f 761/809/4573 1133/1304/4574 1135/1302/4575 1131/1300/4576
f 763/813/4577 1133/1304/4578 761/809/4579 764/810/4580
f 766/817/4581 398/816/4582 1141/1312/4583 1143/1315/4584
f 1147/1319/4585 399/812/4586 766/817/4587 1143/1315/4588
f 1147/1319/4589 1145/1320/4590 1149/1310/4591 768/1409/4592
f 1149/1310/4593 1139/1308/4594 1137/1306/4595 768/1409/4596
f 1137/1306/4597 1133/1304/4598 763/813/4599 768/1409/4600
f 763/813/4601 399/812/4602 1147/1319/4603 768/1409/4604
f 769/820/4605 1155/1329/4606 770/822/4607 773/821/4608
f 800/862/4609 1151/1322/4610 801/863/4611 802/860/4612
f 801/863/4613 1151/1322/4614 1153/1325/4615 804/865/4616
f 1153/1325/4617 1155/1329/4618 769/820/4619 804/865/4620
f 910/1410/4621 1169/1343/4622 908/1015/4623 911/1016/4624
f 909/1017/4625 1159/1332/4626 910/1410/4627 911/1016/4628
f 740/782/4629 1117/1285/4630 1127/1288/4631 1158/1018/4632
f 1162/1336/4633 1159/1332/4634 909/1017/4635 1158/1018/4636
f 1167/1341/4637 1169/1343/4638 910/1410/4639 1165/1339/4640
f 910/1410/4641 1159/1332/4642 1163/1335/4643 1165/1339/4644
f 1173/1350/4645 1171/1346/4646 1177/1349/4647 913/1020/4648
f 1177/1349/4649 278/801/4650 753/799/4651 913/1020/4652
f 912/1019/4653 1175/1352/4654 1173/1350/4655 913/1020/4656
f 908/1015/4657 1169/1343/4658 1179/1345/4659 914/1021/4660
f 1179/1345/4661 1175/1352/4662 912/1019/4663 914/1021/4664
f 1141/1312/4665 398/816/4666 915/1022/4667 1183/1316/4668
f 915/1022/4669 1185/1358/4670 1181/1356/4671 1183/1316/4672
f 774/826/4673 400/823/4674 1187/1360/4675 916/1023/4676
f 1187/1360/4677 1185/1358/4678 915/1022/4679 916/1023/4680
f 1187/1360/4681 400/823/4682 770/822/4683 1189/1362/4684
f 770/822/4685 1155/1329/4686 1191/1331/4687 1189/1362/4688
f 1193/1326/4689 1151/1322/4690 800/862/4691 1195/1364/4692
f 800/862/4693 275/861/4694 917/1190/4695 1195/1364/4696
f 917/1190/4697 1197/1369/4698 1199/1367/4699 1195/1364/4700
f 1203/1379/4701 1201/1378/4702 1024/1180/4703 1025/1181/4704
f 1008/1154/4705 454/1152/4706 1207/1383/4707 1025/1181/4708
f 1207/1383/4709 1205/1381/4710 1203/1379/4711 1025/1181/4712
f 1207/1383/4713 454/1152/4714 1005/1151/4715 1209/1355/4716
f 1005/1151/4717 278/801/4718 1177/1349/4719 1209/1355/4720
f 1215/1392/4721 459/1183/4722 1026/1182/4723 1213/1388/4724
f 1026/1182/4725 460/1187/4726 1211/1385/4727 1213/1388/4728
f 1024/1189/4729 1201/1373/4730 1217/1376/4731 1030/1188/4732
f 1217/1376/4733 460/1187/4734 1028/1186/4735 1030/1188/4736
f 1211/1385/4737 460/1187/4738 1217/1376/4739 1219/1389/4740
f 1221/1371/4741 1197/1369/4742 917/1190/4743 1032/1191/4744
f 1031/1192/4745 1223/1395/4746 1221/1371/4747 1032/1191/4748
f 1033/1194/4749 1225/1399/4750 1227/1397/4751 1034/1193/4752
f 1227/1397/4753 1223/1395/4754 1031/1192/4755 1034/1193/4756
f 1229/1403/4757 1225/1402/4758 1033/1195/4759 1036/1196/4760
f 1035/1197/4761 1231/1405/4762 1229/1403/4763 1036/1196/4764
f 1037/1199/4765 1231/1405/4766 1035/1197/4767 1038/1198/4768
f 1037/1199/4769 459/1183/4770 1215/1392/4771 1233/1394/4772
f 1235/1407/4773 1231/1405/4774 1037/1199/4775 1233/1394/4776
f 1120/1411/4777 1039/1201/4778 1040/1200/4779 1118/1412/4780
f 1122/1413/4781 1041/1204/4782 1042/1203/4783 1124/1414/4784
f 1126/1415/4785 1124/1414/4786 1042/1203/4787 1043/1205/4788
f 1120/1411/4789 1126/1415/4790 1043/1205/4791 1039/1201/4792
f 1128/1416/4793 1118/1412/4794 1040/1200/4795 1044/1206/4796
f 1122/1413/4797 1130/1417/4798 1045/1207/4799 1041/1204/4800
f 1132/1418/4801 1046/1209/4802 1045/1207/4803 1130/1417/4804
f 1134/1419/4805 1047/1212/4806 1048/1211/4807 1136/1420/4808
f 1136/1420/4809 1048/1211/4810 1046/1209/4811 1132/1418/4812
f 1134/1419/4813 1138/1421/4814 1049/1213/4815 1047/1212/4816
f 1138/1421/4817 1140/1422/4818 1050/1215/4819 1049/1213/4820
f 1142/1423/4821 1051/1217/4822 1052/1216/4823 1144/1424/4824
f 1146/1425/4825 1148/1426/4826 1054/1220/4827 1053/1219/4828
f 1148/1426/4829 1144/1424/4830 1052/1216/4831 1054/1220/4832
f 1146/1425/4833 1053/1219/4834 1055/1221/4835 1150/1427/4836
f 1150/1427/4837 1055/1221/4838 1050/1215/4839 1140/1422/4840
f 1152/1428/4841 1056/1223/4842 1057/1222/4843 1154/1429/4844
f 1154/1429/4845 1057/1222/4846 1058/1225/4847 1156/1430/4848
f 1128/1416/4849 1044/1206/4850 1059/1226/4851 1157/1284/4852
f 1160/1431/4853 1161/1283/4854 1060/1227/4855 1061/1228/4856
f 1164/1432/4857 1160/1431/4858 1061/1228/4859 1062/1229/4860
f 1166/1433/4861 1164/1432/4862 1062/1229/4863 1063/1231/4864
f 1168/1434/4865 1166/1433/4866 1063/1231/4867 1064/1232/4868
f 1168/1434/4869 1064/1232/4870 1065/1234/4871 1170/1435/4872
f 1172/1436/4873 1174/1437/4874 1067/1236/4875 1066/1235/4876
f 1174/1437/4877 1176/1438/4878 1068/1239/4879 1067/1236/4880
f 1172/1436/4881 1066/1235/4882 1069/1240/4883 1178/1439/4884
f 1170/1435/4885 1065/1234/4886 1070/1241/4887 1180/1440/4888
f 1180/1440/4889 1070/1241/4890 1068/1242/4891 1176/1441/4892
f 1184/1442/4893 1182/1443/4894 1072/1245/4895 1071/1244/4896
f 1142/1423/4897 1184/1442/4898 1071/1244/4899 1051/1217/4900
f 1186/1444/4901 1073/1247/4902 1072/1245/4903 1182/1443/4904
f 1188/1445/4905 1074/1248/4906 1073/1247/4907 1186/1444/4908
f 1190/1446/4909 1075/1249/4910 1074/1248/4911 1188/1445/4912
f 1156/1430/4913 1058/1225/4914 1076/1250/4915 1192/1447/4916
f 1192/1447/4917 1076/1250/4918 1075/1249/4919 1190/1446/4920
f 1152/1448/4921 1194/1449/4922 1077/1252/4923 1056/1251/4924
f 1196/1450/4925 1078/1254/4926 1077/1252/4927 1194/1449/4928
f 1198/1451/4929 1079/1256/4930 1080/1255/4931 1200/1452/4932
f 1200/1452/4933 1080/1255/4934 1078/1254/4935 1196/1450/4936
f 1204/1453/4937 1081/1259/4938 1082/1258/4939 1202/1454/4940
f 1208/1455/4941 1083/1262/4942 1084/1261/4943 1206/1456/4944
f 1206/1456/4945 1084/1261/4946 1081/1259/4947 1204/1453/4948
f 1210/1457/4949 1085/1263/4950 1083/1262/4951 1208/1455/4952
f 1178/1439/4953 1069/1240/4954 1085/1263/4955 1210/1457/4956
f 1214/1458/4957 1212/1459/4958 1087/1265/4959 1086/1264/4960
f 1216/1460/4961 1214/1458/4962 1086/1264/4963 1088/1267/4964
f 1202/1454/4965 1082/1258/4966 1089/1268/4967 1218/1461/4968
f 1220/1462/4969 1218/1461/4970 1089/1268/4971 1090/1269/4972
f 1212/1459/4973 1220/1462/4974 1090/1269/4975 1087/1265/4976
f 1198/1451/4977 1222/1463/4978 1091/1271/4979 1079/1256/4980
f 1222/1463/4981 1224/1464/4982 1092/1272/4983 1091/1271/4984
f 1226/1465/4985 1093/1274/4986 1094/1273/4987 1228/1466/4988
f 1228/1466/4989 1094/1273/4990 1092/1272/4991 1224/1464/4992
f 1230/1467/4993 1095/1276/4994 1093/1274/4995 1226/1465/4996
f 1232/1468/4997 1096/1277/4998 1095/1276/4999 1230/1467/5000
f 1216/1460/5001 1088/1267/5002 1097/1278/5003 1234/1469/5004
f 1236/1470/5005 1234/1469/5006 1097/1278/5007 1098/1279/5008
f 1236/1470/5009 1098/1279/5010 1096/1277/5011 1232/1468/5012
f 1161/1337/5013 1162/1336/5014 1158/1018/5015 1157/1299/5016
