# This file uses centimeters as units for non-parametric coordinates.

mtllib MiningRobot_LP.mtl
g default
v 0.008000 0.218000 0.943000
v -0.002486 0.086373 0.881408
v -0.067066 0.112375 0.888112
v -0.109108 0.168107 0.898591
v -0.120485 0.236248 0.908671
v -0.098500 0.300728 0.918236
v -0.049655 0.348389 0.925002
v 0.016765 0.365187 0.926668
v 0.082161 0.342443 0.924531
v 0.128366 0.288691 0.918123
v 0.142379 0.218149 0.907227
v 0.119032 0.149339 0.894923
v 0.066106 0.100838 0.884724
v 0.001575 0.133736 0.915197
v -0.039177 0.148378 0.916722
v -0.064682 0.184374 0.922938
v -0.073332 0.227646 0.928836
v -0.058143 0.268226 0.935784
v -0.028068 0.299042 0.940516
v 0.013579 0.306973 0.942951
v 0.054668 0.294606 0.941296
v 0.082106 0.259761 0.937458
v 0.092383 0.215686 0.930700
v 0.076702 0.172514 0.923965
v 0.044675 0.140775 0.916972
v 0.004489 0.171245 0.931235
v -0.022541 0.171738 0.928867
v -0.031653 0.198629 0.935018
v -0.044908 0.223461 0.936748
v -0.028124 0.244823 0.942390
v -0.015332 0.269990 0.944689
v 0.011037 0.265592 0.946496
v 0.038095 0.266841 0.945286
v 0.048018 0.239892 0.943378
v 0.062283 0.215634 0.938192
v 0.045071 0.192378 0.935906
v 0.031604 0.166994 0.929378
v -0.008447 0.039896 0.803922
v -0.103168 0.074607 0.822513
v -0.166259 0.152978 0.844305
v -0.183814 0.251795 0.861181
v -0.150920 0.345300 0.874333
v -0.078625 0.414954 0.880327
v 0.019788 0.442906 0.874294
v 0.115724 0.404485 0.873036
v 0.181085 0.327203 0.861848
v 0.199817 0.227962 0.846683
v 0.166445 0.130696 0.829913
v 0.090287 0.062784 0.814496
v -0.011725 0.028841 0.737570
v -0.121265 0.064351 0.753293
v -0.199095 0.150375 0.772009
v -0.224497 0.265769 0.785425
v -0.187245 0.379462 0.797304
v -0.094898 0.456422 0.812117
v 0.020695 0.476526 0.814608
v 0.130638 0.438020 0.805827
v 0.206221 0.352124 0.788181
v 0.228036 0.238845 0.772256
v 0.188850 0.127625 0.758089
v 0.101436 0.051833 0.743487
v -0.013823 0.039797 0.662571
v -0.125755 0.073297 0.679506
v -0.205720 0.160096 0.697379
v -0.229847 0.277459 0.710895
v -0.189251 0.393608 0.723439
v -0.095570 0.471493 0.739319
v 0.019877 0.491447 0.741768
v 0.130210 0.452749 0.732937
v 0.205756 0.367031 0.715546
v 0.229599 0.252636 0.697568
v 0.191425 0.138436 0.683149
v 0.101126 0.061304 0.669748
v -0.014514 0.056205 0.623745
v -0.120389 0.091159 0.630139
v -0.196095 0.174215 0.644748
v -0.220446 0.283337 0.665626
v -0.181484 0.395291 0.682688
v -0.091560 0.470481 0.698021
v 0.018537 0.489397 0.700330
v 0.124138 0.452366 0.691878
v 0.196307 0.370695 0.675299
v 0.218032 0.262964 0.652424
v 0.179904 0.154163 0.631437
v 0.093430 0.078667 0.622811
v -0.014676 0.086208 0.580352
v -0.109191 0.117024 0.587439
v -0.177771 0.191202 0.601377
v -0.198927 0.289645 0.617892
v -0.163266 0.391242 0.633355
v -0.082156 0.459558 0.647301
v 0.015995 0.476291 0.649311
v 0.110743 0.442971 0.641745
v 0.175248 0.370257 0.626942
v 0.194498 0.273496 0.606419
v 0.160433 0.174001 0.588848
v 0.081760 0.106504 0.579570
v -0.013918 0.130233 0.541366
v -0.090018 0.155114 0.546972
v -0.145705 0.215445 0.558454
v -0.162933 0.294764 0.571667
v -0.132892 0.378713 0.584583
v -0.066546 0.435377 0.596022
v 0.012174 0.448517 0.597624
v 0.089197 0.421437 0.591447
v 0.141090 0.363096 0.579612
v 0.156519 0.284538 0.562893
v 0.128477 0.202230 0.548343
v 0.063716 0.146825 0.540735
v -0.579470 0.256805 0.669692
v 0.580340 0.256805 0.669692
v -0.590188 0.286367 0.632424
v 0.590995 0.286322 0.632389
v -0.640744 0.304072 0.390773
v 0.640312 0.303589 0.390910
v -0.666275 0.276641 0.188034
v 0.667358 0.276656 0.188046
v -0.677571 0.230383 0.031477
v 0.678217 0.230338 0.031467
v -0.673740 0.174615 -0.087730
v 0.674488 0.174617 -0.087726
v -0.651775 0.095413 -0.236098
v 0.652553 0.095399 -0.236066
v -0.610475 0.016784 -0.360598
v 0.611262 0.016713 -0.360539
v -0.574215 -0.039700 -0.436715
v 0.575085 -0.039700 -0.436715
v -0.535995 -0.095431 -0.488278
v 0.536865 -0.095431 -0.488278
v -0.457085 -0.158512 -0.561349
v 0.457893 -0.158489 -0.561299
v -0.350510 -0.211215 -0.610645
v 0.351380 -0.211215 -0.610645
v -0.283179 -0.234088 -0.623278
v 0.284055 -0.234096 -0.623332
v -0.150229 -0.269340 -0.621683
v 0.151099 -0.269340 -0.621683
v -0.217146 -0.254610 -0.624681
v 0.218016 -0.254610 -0.624681
v -0.416099 -0.182499 -0.584545
v 0.416969 -0.182499 -0.584545
v -0.501275 -0.129409 -0.528204
v 0.502145 -0.129409 -0.528204
v -0.605773 0.301219 0.573630
v 0.606643 0.301219 0.573630
v -0.654292 0.294452 0.284222
v 0.655162 0.294452 0.284222
v -0.586913 0.223354 0.639743
v 0.587783 0.223354 0.639743
v -0.595664 0.192361 0.597962
v 0.596437 0.192434 0.597914
v -0.611623 0.152583 0.524090
v 0.612493 0.152583 0.524090
v -0.599259 0.256778 0.601603
v 0.600049 0.256779 0.601581
v -0.611192 0.252277 0.556426
v 0.612062 0.252277 0.556426
v -0.638420 0.229661 0.398764
v 0.639290 0.229661 0.398764
v -0.650264 0.219620 0.293369
v 0.651134 0.219620 0.293369
v -0.659689 0.198187 0.178816
v 0.660559 0.198187 0.178816
v -0.665771 0.163350 0.067539
v 0.666641 0.163350 0.067539
v -0.663681 0.119940 -0.057794
v 0.664483 0.119954 -0.057794
v -0.637843 0.034201 -0.197599
v 0.638713 0.034201 -0.197599
v -0.599014 -0.038272 -0.307178
v 0.599785 -0.038235 -0.307162
v -0.564664 -0.091765 -0.380962
v 0.565439 -0.091724 -0.380943
v -0.532824 -0.134956 -0.430820
v 0.533694 -0.134956 -0.430820
v -0.483790 -0.180371 -0.484351
v 0.484660 -0.180371 -0.484351
v -0.443042 -0.208587 -0.512056
v 0.443912 -0.208587 -0.512056
v -0.386454 -0.238922 -0.539660
v 0.387324 -0.238922 -0.539660
v -0.328590 -0.262314 -0.561619
v 0.329460 -0.262314 -0.561619
v -0.273491 -0.284691 -0.570391
v 0.274361 -0.284691 -0.570391
v -0.209881 -0.298957 -0.571940
v 0.210751 -0.298957 -0.571940
v -0.507784 -0.160896 -0.461082
v 0.508654 -0.160896 -0.461082
v -0.625373 0.235937 0.483223
v 0.626243 0.235937 0.483223
v -0.623843 0.302856 0.491873
v 0.624713 0.302856 0.491873
v -0.622649 0.114129 0.450914
v 0.623466 0.114142 0.450900
v -0.629369 0.066564 0.359520
v 0.630239 0.066564 0.359520
v -0.629986 0.015067 0.273337
v 0.630856 0.015067 0.273337
v -0.627689 -0.044692 0.172353
v 0.628367 -0.044642 0.172320
v -0.617849 -0.111047 0.054753
v 0.618567 -0.110994 0.054737
v -0.590891 -0.181181 -0.074573
v 0.591761 -0.181181 -0.074573
v -0.552188 -0.238053 -0.182383
v 0.552983 -0.238007 -0.182368
v -0.520008 -0.271767 -0.241416
v 0.520878 -0.271767 -0.241416
v -0.487881 -0.296909 -0.282489
v 0.488751 -0.296909 -0.282489
v -0.458081 -0.317949 -0.312447
v 0.458951 -0.317949 -0.312447
v -0.431259 -0.332515 -0.337732
v 0.432129 -0.332515 -0.337732
v -0.397432 -0.349948 -0.360962
v 0.398302 -0.349948 -0.360962
v -0.369500 -0.358129 -0.385070
v 0.370370 -0.358129 -0.385070
v -0.338563 -0.368417 -0.403291
v 0.339433 -0.368417 -0.403291
v -0.323086 -0.371041 -0.414013
v 0.323956 -0.371041 -0.414013
v -0.264469 -0.333475 -0.501742
v 0.265353 -0.333368 -0.501709
v -0.294256 -0.331047 -0.491788
v 0.295089 -0.330974 -0.491735
v -0.332830 -0.317887 -0.476798
v 0.333648 -0.317813 -0.476745
v -0.375296 -0.301786 -0.454748
v 0.376111 -0.301717 -0.454701
v -0.416213 -0.282865 -0.429845
v 0.417055 -0.282836 -0.429826
v -0.305528 -0.369048 -0.421645
v 0.306398 -0.369048 -0.421645
v -0.452073 -0.263480 -0.402351
v 0.452873 -0.263417 -0.402313
v -0.480443 -0.243314 -0.378593
v 0.481228 -0.243250 -0.378555
v -0.505414 -0.221601 -0.354253
v 0.506187 -0.221540 -0.354218
v -0.545132 -0.183834 -0.292926
v 0.545904 -0.183792 -0.292901
v -0.580783 -0.133174 -0.217226
v 0.581554 -0.133140 -0.217208
v -0.610284 -0.080924 -0.127345
v 0.611039 -0.080892 -0.127332
v -0.637374 -0.006176 0.011788
v 0.638131 -0.006153 0.011790
v -0.644407 0.052094 0.126375
v 0.645245 0.052099 0.126373
v -0.643495 0.090399 0.228040
v 0.644347 0.090401 0.228039
v -0.639806 0.134235 0.330379
v 0.640622 0.134240 0.330374
v -0.630601 0.162947 0.427931
v 0.631420 0.162950 0.427924
v -0.623092 0.179296 0.480351
v 0.623905 0.179299 0.480341
v -0.615966 0.198233 0.525671
v 0.616836 0.198233 0.525671
v -0.604648 0.218721 0.578349
v 0.605518 0.218721 0.578349
v -0.593863 0.239846 0.621516
v 0.594647 0.239847 0.621494
v -0.584649 0.272342 0.652712
v 0.585519 0.272342 0.652712
v -0.575081 0.257052 0.670407
v 0.575928 0.257049 0.670408
v -0.586627 0.289540 0.632914
v 0.587471 0.289533 0.632907
v -0.637631 0.307736 0.390183
v 0.637356 0.307343 0.390367
v -0.665455 0.281319 0.186862
v 0.666357 0.281241 0.186856
v -0.676470 0.234817 0.029774
v 0.677257 0.234851 0.029762
v -0.671013 0.177975 -0.089170
v 0.671729 0.177989 -0.089168
v -0.649698 0.099264 -0.237841
v 0.650477 0.099252 -0.237811
v -0.607241 0.020393 -0.361774
v 0.607935 0.020301 -0.361662
v -0.570264 -0.036491 -0.437240
v 0.571074 -0.036496 -0.437203
v -0.534631 -0.091586 -0.490892
v 0.535610 -0.091593 -0.490968
v -0.454331 -0.154522 -0.560983
v 0.455152 -0.154503 -0.560945
v -0.349020 -0.206746 -0.611495
v 0.349951 -0.206831 -0.611580
v -0.281673 -0.229565 -0.623107
v 0.282550 -0.229565 -0.623209
v -0.147326 -0.266450 -0.620038
v 0.148283 -0.266299 -0.619887
v -0.215922 -0.250010 -0.625578
v 0.216791 -0.249918 -0.625615
v -0.414074 -0.178393 -0.584693
v 0.415012 -0.178409 -0.584808
v -0.499591 -0.125185 -0.530048
v 0.500243 -0.125082 -0.529942
v -0.602266 0.304562 0.573220
v 0.603049 0.304547 0.573196
v -0.650719 0.297685 0.283324
v 0.651583 0.297684 0.283320
v -0.583027 0.220898 0.641070
v 0.583786 0.220881 0.641045
v -0.591490 0.189933 0.598606
v 0.592339 0.189967 0.598610
v -0.608428 0.149123 0.525343
v 0.609158 0.149248 0.525254
v -0.206195 -0.299819 -0.568790
v 0.207168 -0.299654 -0.568890
v -0.620769 0.306528 0.491336
v 0.621580 0.306517 0.491338
v -0.620287 0.110256 0.452673
v 0.620655 0.110553 0.452456
v -0.627365 0.062652 0.361623
v 0.628030 0.062718 0.361574
v -0.627679 0.011391 0.275541
v 0.628350 0.011381 0.275534
v -0.625656 -0.048471 0.174649
v 0.626107 -0.048290 0.174535
v -0.615463 -0.114573 0.057052
v 0.615987 -0.114365 0.056970
v -0.589211 -0.185003 -0.072050
v 0.589607 -0.184766 -0.072044
v -0.550225 -0.241545 -0.179580
v 0.550762 -0.241314 -0.179548
v -0.518072 -0.274902 -0.238291
v 0.518826 -0.274848 -0.238245
v -0.485679 -0.299404 -0.278910
v 0.486434 -0.299300 -0.278878
v -0.455927 -0.320231 -0.308779
v 0.456630 -0.320233 -0.308635
v -0.429402 -0.334842 -0.333902
v 0.430164 -0.334764 -0.333848
v -0.395213 -0.351838 -0.357126
v 0.396251 -0.352203 -0.357136
v -0.367579 -0.360556 -0.381335
v 0.368472 -0.360652 -0.381328
v -0.336429 -0.369783 -0.399404
v 0.337275 -0.369786 -0.399381
v -0.320981 -0.372015 -0.410169
v 0.321755 -0.372146 -0.410060
v -0.260322 -0.333532 -0.499139
v 0.261206 -0.333428 -0.499107
v -0.302982 -0.366855 -0.418038
v 0.303972 -0.370743 -0.419382
v -0.581027 0.274937 0.653720
v 0.581820 0.274962 0.653708
v -0.563206 0.257487 0.666320
v 0.564050 0.257485 0.666328
v -0.574583 0.289573 0.629753
v 0.575437 0.289547 0.629734
v -0.625621 0.309966 0.388359
v 0.625234 0.309087 0.388589
v -0.654887 0.286128 0.184569
v 0.655783 0.286115 0.184561
v -0.664899 0.238993 0.028046
v 0.665685 0.238993 0.028046
v -0.659090 0.181216 -0.089670
v 0.659787 0.181215 -0.089673
v -0.638009 0.103756 -0.237665
v 0.638794 0.103747 -0.237638
v -0.595890 0.025296 -0.360487
v 0.596671 0.025296 -0.360476
v -0.559185 -0.031022 -0.435736
v 0.559993 -0.031036 -0.435711
v -0.524511 -0.084437 -0.489750
v 0.525667 -0.084269 -0.490100
v -0.446187 -0.146499 -0.556064
v 0.446982 -0.146512 -0.556029
v -0.343727 -0.198416 -0.604225
v 0.344658 -0.198457 -0.604341
v -0.278278 -0.221946 -0.614175
v 0.279174 -0.221955 -0.614291
v -0.145992 -0.257211 -0.611831
v 0.146991 -0.257087 -0.611662
v -0.213765 -0.241384 -0.617601
v 0.214663 -0.241308 -0.617621
v -0.407032 -0.170152 -0.578956
v 0.407966 -0.170254 -0.579010
v -0.490777 -0.116756 -0.527563
v 0.491419 -0.116687 -0.527386
v -0.590181 0.304894 0.570308
v 0.590982 0.304877 0.570289
v -0.638559 0.299832 0.281360
v 0.639426 0.299834 0.281310
v -0.570941 0.220997 0.638183
v 0.571693 0.220982 0.638157
v -0.579383 0.190651 0.595569
v 0.580200 0.190662 0.595568
v -0.596667 0.147323 0.524003
v 0.597483 0.147321 0.524037
v -0.201406 -0.293039 -0.560459
v 0.202416 -0.292868 -0.560581
v -0.608800 0.308388 0.489039
v 0.609610 0.308383 0.489099
v -0.609138 0.106144 0.453503
v 0.609877 0.106136 0.453479
v -0.617248 0.057171 0.364275
v 0.618013 0.057150 0.364266
v -0.616341 0.008116 0.277557
v 0.617088 0.008114 0.277572
v -0.614339 -0.051565 0.177060
v 0.615038 -0.051570 0.177045
v -0.603800 -0.115754 0.059408
v 0.604536 -0.115761 0.059401
v -0.578466 -0.187210 -0.067843
v 0.579177 -0.187193 -0.067824
v -0.539664 -0.242409 -0.174342
v 0.540437 -0.242442 -0.174310
v -0.507987 -0.273699 -0.232293
v 0.508745 -0.273729 -0.232246
v -0.475811 -0.295388 -0.272691
v 0.476466 -0.295370 -0.272506
v -0.446725 -0.315884 -0.302126
v 0.447339 -0.315801 -0.301945
v -0.421146 -0.330400 -0.326520
v 0.421981 -0.330773 -0.326370
v -0.387029 -0.345593 -0.350000
v 0.388068 -0.345903 -0.349931
v -0.360341 -0.355857 -0.373255
v 0.361546 -0.358185 -0.372639
v -0.329786 -0.363159 -0.391326
v 0.330679 -0.363105 -0.391331
v -0.316430 -0.365093 -0.401090
v 0.316379 -0.365099 -0.401511
v -0.254577 -0.325974 -0.492080
v 0.255582 -0.325928 -0.491890
v -0.298894 -0.358509 -0.409547
v 0.299134 -0.362394 -0.411454
v -0.569046 0.275231 0.650278
v 0.569851 0.275215 0.650237
v -0.552123 0.257774 0.660263
v 0.552867 0.257727 0.660142
v -0.563242 0.286244 0.625216
v 0.564133 0.286236 0.625207
v -0.613854 0.306392 0.386809
v 0.613842 0.304588 0.387182
v -0.642313 0.285955 0.183202
v 0.643211 0.285951 0.183188
v -0.652287 0.239755 0.027668
v 0.653068 0.239727 0.027685
v -0.646512 0.183153 -0.089448
v 0.647203 0.183121 -0.089438
v -0.625676 0.106280 -0.236193
v 0.626460 0.106268 -0.236168
v -0.584195 0.028754 -0.358070
v 0.584899 0.028983 -0.358184
v -0.547635 -0.027924 -0.432018
v 0.548521 -0.027955 -0.432034
v -0.513523 -0.079617 -0.485801
v 0.514572 -0.079380 -0.486186
v -0.438619 -0.143425 -0.546773
v 0.439337 -0.143455 -0.546825
v -0.339513 -0.195627 -0.592787
v 0.340457 -0.195650 -0.592975
v -0.276660 -0.220876 -0.601726
v 0.277524 -0.220753 -0.601860
v -0.152352 -0.251915 -0.603778
v 0.153469 -0.251980 -0.603668
v -0.213989 -0.240840 -0.604920
v 0.214911 -0.240737 -0.604937
v -0.400497 -0.166994 -0.568868
v 0.401488 -0.167137 -0.569050
v -0.481197 -0.110996 -0.521697
v 0.481882 -0.110951 -0.521486
v -0.579156 0.300121 0.566885
v 0.579951 0.300110 0.566866
v -0.626967 0.295977 0.280127
v 0.627856 0.295969 0.280005
v -0.560968 0.224786 0.632189
v 0.561733 0.224812 0.632141
v -0.571106 0.197368 0.589303
v 0.571896 0.197354 0.589315
v -0.586488 0.152265 0.518965
v 0.587208 0.152164 0.519013
v -0.206015 -0.281897 -0.557937
v 0.207162 -0.281845 -0.558313
v -0.597100 0.304592 0.486622
v 0.597887 0.304586 0.486767
v -0.597471 0.109962 0.449814
v 0.598270 0.109940 0.449740
v -0.605026 0.059838 0.362318
v 0.605823 0.059811 0.362294
v -0.604089 0.011671 0.275667
v 0.604853 0.011699 0.275710
v -0.602183 -0.047940 0.175690
v 0.602878 -0.047934 0.175723
v -0.591698 -0.111657 0.058935
v 0.592407 -0.111698 0.058973
v -0.566453 -0.182908 -0.066785
v 0.567119 -0.182867 -0.066809
v -0.528337 -0.236895 -0.172197
v 0.529023 -0.236917 -0.172216
v -0.497568 -0.267027 -0.229041
v 0.498267 -0.267033 -0.229004
v -0.466352 -0.287657 -0.269037
v 0.466927 -0.287705 -0.268741
v -0.437737 -0.307706 -0.298247
v 0.438313 -0.307593 -0.298134
v -0.412933 -0.321951 -0.321668
v 0.413704 -0.322380 -0.321470
v -0.379674 -0.336335 -0.345590
v 0.380457 -0.336840 -0.345351
v -0.353422 -0.346792 -0.367577
v 0.354536 -0.349362 -0.366545
v -0.324337 -0.353177 -0.386012
v 0.325579 -0.353051 -0.385896
v -0.313618 -0.354949 -0.394371
v 0.312684 -0.354785 -0.395567
v -0.256253 -0.314409 -0.488132
v 0.257391 -0.314367 -0.487808
v -0.300921 -0.347330 -0.405922
v 0.297779 -0.351423 -0.406086
v -0.557979 0.272856 0.644787
v 0.558835 0.272808 0.644733
v -0.553346 0.257212 0.647929
v 0.554181 0.257168 0.647803
v -0.560818 0.275518 0.619813
v 0.561602 0.275601 0.619796
v -0.609551 0.294847 0.386645
v 0.610194 0.292617 0.387150
v -0.634117 0.278076 0.183873
v 0.634967 0.278037 0.183929
v -0.644110 0.232521 0.030399
v 0.644936 0.232443 0.030483
v -0.639869 0.175113 -0.084818
v 0.640699 0.175173 -0.084829
v -0.619024 0.099009 -0.230377
v 0.619776 0.099007 -0.230416
v -0.578287 0.021917 -0.350898
v 0.579054 0.022001 -0.350930
v -0.543245 -0.035028 -0.423487
v 0.543978 -0.035017 -0.423536
v -0.507294 -0.084322 -0.476760
v 0.508375 -0.083943 -0.477228
v -0.436132 -0.149100 -0.535880
v 0.436808 -0.149141 -0.535940
v -0.337973 -0.199276 -0.580887
v 0.338831 -0.199131 -0.581053
v -0.277131 -0.225349 -0.589921
v 0.278013 -0.225242 -0.590069
v -0.163696 -0.251961 -0.598555
v 0.164825 -0.252098 -0.598568
v -0.215144 -0.246100 -0.593492
v 0.216092 -0.245994 -0.593509
v -0.397721 -0.171907 -0.557562
v 0.398528 -0.171788 -0.557716
v -0.476273 -0.115294 -0.511314
v 0.477158 -0.115409 -0.511127
v -0.576121 0.288333 0.564416
v 0.576914 0.288322 0.564396
v -0.623017 0.284249 0.280760
v 0.623895 0.284259 0.280522
v -0.560215 0.232741 0.622954
v 0.561085 0.232741 0.622954
v -0.570507 0.207961 0.582361
v 0.571188 0.207902 0.582361
v -0.583646 0.162284 0.512149
v 0.584481 0.162278 0.512168
v -0.214310 -0.272756 -0.560493
v 0.215462 -0.272720 -0.560896
v -0.592947 0.293090 0.485391
v 0.593700 0.293090 0.485649
v -0.593070 0.119768 0.443484
v 0.593877 0.119708 0.443446
v -0.598610 0.068666 0.357103
v 0.599324 0.068581 0.357106
v -0.599035 0.021150 0.270289
v 0.599512 0.021155 0.270342
v -0.595969 -0.039044 0.170974
v 0.596645 -0.039015 0.170993
v -0.586564 -0.102058 0.054397
v 0.587271 -0.102121 0.054430
v -0.559516 -0.174039 -0.069629
v 0.560148 -0.174009 -0.069672
v -0.521420 -0.226886 -0.176800
v 0.522290 -0.226886 -0.176800
v -0.492443 -0.256834 -0.231056
v 0.493166 -0.256887 -0.231012
v -0.462116 -0.275562 -0.275431
v 0.462986 -0.275562 -0.275431
v -0.434112 -0.297186 -0.301454
v 0.434690 -0.297109 -0.301376
v -0.409468 -0.311287 -0.323883
v 0.409877 -0.311760 -0.323407
v -0.377795 -0.325479 -0.349075
v 0.378174 -0.326071 -0.348763
v -0.350937 -0.335489 -0.368894
v 0.351556 -0.338089 -0.366975
v -0.324225 -0.341881 -0.388969
v 0.325732 -0.341622 -0.388260
v -0.316298 -0.343621 -0.394883
v 0.314401 -0.343248 -0.397232
v -0.263939 -0.304361 -0.488552
v 0.264809 -0.304361 -0.488552
v -0.309244 -0.337865 -0.407584
v 0.304861 -0.341100 -0.408148
v -0.556374 0.266569 0.636609
v 0.557244 0.266569 0.636609
v 0.272427 -0.262370 -0.538438
v -0.271583 -0.262425 -0.538476
v 0.315790 -0.296507 -0.455465
v -0.314920 -0.296507 -0.455465
v 0.366150 -0.286264 -0.416146
v -0.365322 -0.286312 -0.416180
v 0.440396 -0.251578 -0.353174
v -0.439624 -0.251654 -0.353225
v 0.511879 -0.198472 -0.254354
v -0.511009 -0.198472 -0.254354
v 0.552524 -0.144787 -0.159127
v -0.551762 -0.144818 -0.159147
v 0.579150 -0.094019 -0.068595
v -0.578280 -0.094019 -0.068595
v 0.600879 -0.023402 0.055780
v -0.600123 -0.023422 0.055780
v 0.608052 0.050296 0.180549
v -0.607207 0.050293 0.180550
v 0.608213 0.111368 0.288019
v -0.607343 0.111368 0.288019
v 0.603878 0.153852 0.371576
v -0.603062 0.153848 0.371582
v 0.594628 0.200728 0.458921
v -0.593810 0.200725 0.458929
v 0.583894 0.233033 0.529063
v -0.583024 0.233033 0.529063
v 0.570670 0.257221 0.585347
v -0.569887 0.257220 0.585370
v 0.477819 -0.165752 -0.415516
v -0.476949 -0.165752 -0.415516
v 0.530924 -0.115822 -0.316503
v -0.530148 -0.115860 -0.316524
v 0.573904 -0.050248 -0.210027
v -0.573148 -0.050286 -0.210044
v 0.604739 0.021044 -0.116256
v -0.603984 0.021014 -0.116262
v 0.623156 0.092572 0.005874
v -0.622286 0.092572 0.005874
v 0.627930 0.156535 0.104422
v -0.627074 0.156533 0.104424
v 0.620381 0.189182 0.234808
v -0.619523 0.189180 0.234809
v 0.611567 0.214726 0.341210
v -0.610735 0.214724 0.341214
v -0.608322 0.295470 0.524406
v 0.609192 0.295470 0.524406
v -0.640284 0.289465 0.356463
v 0.641154 0.289465 0.356463
v -0.667555 0.280839 0.162380
v 0.665589 0.285891 0.196005
v -0.672161 0.212465 -0.024911
v 0.672970 0.224146 0.001739
v -0.665764 0.160810 -0.217053
v 0.667432 0.159640 -0.150310
v 0.650667 0.102237 -0.233835
v -0.620225 0.038666 -0.314395
v 0.624494 0.043009 -0.327840
v -0.594998 -0.004476 -0.396486
v 0.591851 -0.010628 -0.400070
v -0.559322 -0.051720 -0.460967
v 0.552609 -0.062447 -0.464223
v -0.510158 -0.106180 -0.510753
v 0.510364 -0.106212 -0.512620
v -0.449411 -0.156774 -0.549866
v 0.451847 -0.155047 -0.553040
v -0.374830 -0.200604 -0.577771
v 0.375700 -0.200604 -0.577771
v -0.309999 -0.229025 -0.601664
v 0.310840 -0.228954 -0.601649
v -0.237260 -0.249795 -0.616936
v 0.238108 -0.249718 -0.616904
v -0.183876 -0.265904 -0.615127
v 0.184746 -0.265904 -0.615127
v -0.175521 -0.294301 -0.581193
v 0.176391 -0.294301 -0.581193
v -0.209421 -0.304652 -0.556165
v 0.210256 -0.304585 -0.556089
v -0.246817 -0.319339 -0.521632
v 0.247730 -0.319392 -0.521692
v -0.276023 -0.346388 -0.472441
v 0.276893 -0.346388 -0.472441
v -0.287955 -0.367295 -0.439214
v 0.288825 -0.367295 -0.439214
v -0.581713 0.282761 0.632536
v 0.582502 0.282777 0.632518
v -0.572664 0.258841 0.662660
v 0.573534 0.258841 0.662660
v -0.578098 0.224140 0.653040
v 0.578875 0.224130 0.653018
v -0.602128 0.162500 0.541896
v 0.602867 0.162455 0.541906
v -0.616818 0.091396 0.421450
v 0.617686 0.091395 0.421450
v -0.622115 0.018774 0.294436
v 0.622909 0.018779 0.294432
v -0.618802 -0.067774 0.138152
v 0.619472 -0.067784 0.138160
v -0.604719 -0.133261 0.016346
v 0.605448 -0.133257 0.016372
v -0.582351 -0.184183 -0.076207
v 0.583074 -0.184173 -0.076173
v -0.554814 -0.224169 -0.152168
v 0.555595 -0.224152 -0.152138
v -0.523127 -0.260198 -0.215524
v 0.524094 -0.260229 -0.215560
v -0.473247 -0.302529 -0.287228
v 0.473902 -0.302427 -0.287097
v -0.415277 -0.334209 -0.347366
v 0.416086 -0.334171 -0.347313
v -0.365530 -0.355470 -0.382445
v 0.366189 -0.355306 -0.382230
v -0.317498 -0.369453 -0.412559
v 0.318169 -0.369243 -0.412322
v 0.095414 -0.258636 -0.644561
v -0.086260 -0.262457 -0.640617
v 0.005521 -0.247207 -0.665372
v 0.092021 -0.296638 -0.596540
v -0.082165 -0.298437 -0.595458
v 0.005563 -0.294320 -0.604927
v 0.103692 -0.323818 -0.561940
v -0.093032 -0.325633 -0.561245
v 0.005989 -0.327583 -0.564972
v 0.121081 -0.350121 -0.527857
v -0.106116 -0.353306 -0.526675
v 0.006769 -0.358096 -0.529576
v 0.137216 -0.381012 -0.488236
v -0.116489 -0.384779 -0.488133
v 0.008012 -0.391592 -0.491368
v 0.153357 -0.413360 -0.445616
v -0.133923 -0.414922 -0.448765
v 0.006820 -0.429111 -0.448460
v 0.198624 -0.452640 -0.378649
v -0.192665 -0.452335 -0.381538
v 0.002663 -0.476830 -0.391222
v 0.004245 -0.156829 -0.802908
v 0.000435 -0.047083 -1.030389
v 0.000435 0.084730 -1.390761
v 0.000435 0.205880 -1.707902
v 0.000435 0.321031 -1.939235
v 0.000435 0.397945 -2.055914
v 0.000435 0.449386 -2.115231
v 0.000435 0.503417 -2.163874
v 0.000435 0.521476 -2.199561
v 0.000435 0.603268 -2.248800
v 0.000435 0.714221 -2.295350
v 0.000435 0.812064 -2.328948
v 0.041250 0.843139 -2.315491
v -0.040369 0.843139 -2.315468
v -0.153383 -0.171592 -0.762170
v 0.163491 -0.167036 -0.767355
v -0.162430 -0.038051 -1.025089
v 0.162389 -0.035006 -1.032376
v -0.160260 0.097276 -1.385340
v 0.161203 0.096855 -1.385491
v -0.163319 0.225022 -1.696240
v 0.164606 0.225720 -1.697149
v -0.128343 0.338571 -1.914535
v 0.129014 0.338326 -1.914060
v -0.061311 0.404202 -2.043496
v 0.062079 0.404392 -2.043334
v -0.046340 0.457597 -2.108001
v 0.047099 0.457759 -2.107821
v -0.044526 0.504622 -2.147726
v 0.045340 0.504726 -2.147636
v -0.057757 0.525311 -2.167491
v 0.058593 0.525351 -2.167453
v -0.062249 0.623914 -2.222561
v 0.063119 0.623913 -2.222561
v -0.065542 0.740398 -2.268924
v 0.066412 0.740398 -2.268924
v -0.301094 -0.130628 -0.771750
v 0.313534 -0.129865 -0.765238
v -0.318368 -0.012076 -0.995630
v 0.313734 -0.014225 -1.015003
v -0.309783 0.127990 -1.346178
v 0.310845 0.122925 -1.345242
v -0.293302 0.249403 -1.627561
v 0.300109 0.265357 -1.650821
v -0.239948 0.382511 -1.869748
v 0.240574 0.382682 -1.870067
v -0.145203 0.440961 -2.013633
v 0.145959 0.441059 -2.013510
v -0.098722 0.470115 -2.077969
v 0.099453 0.470231 -2.077811
v -0.087157 0.499477 -2.109537
v 0.088027 0.499477 -2.109537
v -0.161204 0.503980 -2.043630
v 0.162074 0.503980 -2.043630
v -0.241731 0.499168 -1.952635
v 0.242601 0.499168 -1.952635
v -0.409692 -0.093354 -0.737263
v 0.422619 -0.093976 -0.719683
v -0.425913 0.027290 -0.966544
v 0.425096 0.021275 -0.973407
v -0.410829 0.150407 -1.261385
v 0.416865 0.152653 -1.275996
v -0.406351 0.272694 -1.501987
v 0.391719 0.299655 -1.570998
v -0.333447 0.405826 -1.776021
v 0.337534 0.403866 -1.769513
v -0.323767 0.490803 -1.841867
v 0.325952 0.489305 -1.838790
v -0.422520 0.477838 -1.657181
v 0.423390 0.477838 -1.657181
v -0.426953 0.403724 -1.608841
v 0.417455 0.408876 -1.634359
v -0.523867 0.388679 -1.359302
v 0.524884 0.388651 -1.359357
v -0.521916 0.456275 -1.383309
v 0.522880 0.456251 -1.383337
v -0.632699 0.442893 -0.991974
v 0.633498 0.442908 -0.991957
v -0.690699 0.436339 -0.561638
v 0.691513 0.436355 -0.561635
v -0.711659 0.444185 -0.156701
v 0.712906 0.444090 -0.156698
v -0.681351 0.439208 0.146219
v 0.682183 0.439216 0.146214
v -0.649005 0.372488 -0.926950
v 0.649875 0.372488 -0.926950
v -0.681882 0.368616 -0.612243
v 0.682709 0.368534 -0.611811
v -0.704576 0.375157 -0.141459
v 0.705305 0.373515 -0.146832
v -0.675966 0.366905 0.171812
v 0.673778 0.369030 0.195258
v -0.458538 0.320934 -1.465047
v 0.473437 0.300303 -1.413562
v -0.535401 0.290889 -1.249653
v 0.560730 0.282014 -1.184741
v -0.632723 0.253668 -0.919044
v 0.639215 0.267113 -0.913873
v -0.669462 0.247594 -0.606544
v 0.671487 0.234567 -0.511268
v -0.688530 0.279884 -0.127063
v 0.689571 0.274872 -0.165618
v -0.605988 0.192410 -0.916675
v -0.570135 0.135425 -0.913820
v -0.530359 0.084960 -0.907010
v -0.651041 0.184825 -0.606129
v -0.626671 0.123427 -0.605456
v -0.595465 0.061823 -0.601452
v -0.548590 0.077154 -0.909471
v -0.610002 0.057753 -0.608436
v -0.642639 0.242638 -0.916899
v -0.702405 0.227171 -0.615695
v -0.612462 0.187487 -0.912879
v -0.579992 0.129269 -0.911279
v -0.672800 0.172118 -0.615824
v -0.640635 0.114717 -0.614900
v -0.506608 0.229143 -1.230134
v -0.487493 0.155006 -1.133870
v -0.488404 0.053087 -0.923882
v -0.503606 -0.049667 -0.652578
v -0.551555 -0.029313 -0.547109
v -0.589363 0.037681 -0.558736
v -0.680292 0.228913 -0.180717
v -0.634362 0.119633 -0.519425
v -0.591921 0.017433 -0.483670
v -0.647023 0.136193 -0.442038
v -0.620217 0.055060 -0.408767
v -0.643924 0.093732 -0.303329
v -0.653179 0.113765 -0.201332
v -0.661923 0.156986 -0.104761
v -0.670104 0.253631 0.081433
v 0.678858 0.217257 -0.155218
v 0.670350 0.182971 -0.257591
v 0.655271 0.144696 -0.371852
v 0.621513 0.073785 -0.470310
v 0.573250 0.009871 -0.561688
v 0.544540 -0.050257 -0.526207
v 0.505430 -0.081132 -0.580043
v 0.460694 -0.115600 -0.613136
v 0.498395 0.171595 -1.152098
v 0.516234 0.056202 -0.894194
v 0.508951 -0.031211 -0.684691
v 0.586119 0.093007 -0.772972
v 0.574623 0.182655 -1.004771
v 0.632967 0.148834 -0.657734
v 0.623041 0.200214 -0.878255
v 0.675265 0.217389 -0.332891
v 0.682233 0.235966 -0.222042
v -0.106219 0.527948 -2.126871
v 0.107068 0.527972 -2.126849
v -0.179231 0.531469 -2.064717
v 0.180063 0.531512 -2.064676
v -0.262147 0.528737 -1.978604
v 0.262970 0.528797 -1.978559
v -0.348808 0.524882 -1.865356
v 0.349678 0.524882 -1.865356
v -0.450910 0.514023 -1.671892
v 0.451780 0.514023 -1.671892
v -0.559943 0.496283 -1.395321
v 0.560867 0.496230 -1.395340
v -0.661380 0.493658 -1.005802
v 0.662250 0.493658 -1.005802
v -0.717785 0.481120 -0.544875
v 0.718655 0.481120 -0.544875
v -0.735860 0.489079 -0.165163
v 0.736730 0.489079 -0.165163
v -0.706533 0.485959 0.149125
v 0.707350 0.485994 0.149118
v -0.136896 0.626598 -2.167528
v 0.137767 0.626598 -2.167529
v -0.211159 0.619004 -2.101280
v 0.212029 0.619004 -2.101280
v -0.309418 0.617536 -2.005135
v 0.310288 0.617537 -2.005133
v -0.407025 0.619173 -1.883667
v 0.407894 0.619174 -1.883666
v -0.514520 0.613320 -1.690822
v 0.515390 0.613320 -1.690822
v -0.622891 0.600939 -1.415445
v 0.623762 0.600939 -1.415445
v -0.719281 0.594183 -1.024076
v 0.720152 0.594183 -1.024076
v -0.773157 0.580336 -0.536401
v 0.774027 0.580336 -0.536401
v -0.779596 0.580992 -0.167130
v 0.780466 0.580991 -0.167130
v -0.755586 0.585927 0.151410
v 0.756455 0.585928 0.151409
v -0.158254 0.736855 -2.201281
v 0.159124 0.736855 -2.201281
v -0.244998 0.732156 -2.132560
v 0.245869 0.732156 -2.132562
v -0.351620 0.732230 -2.037708
v 0.352488 0.732231 -2.037706
v -0.458635 0.723896 -1.903811
v 0.459506 0.723896 -1.903811
v -0.580720 0.715824 -1.692938
v 0.581590 0.715823 -1.692938
v -0.701088 0.715776 -1.411432
v 0.701959 0.715776 -1.411432
v -0.772518 0.686836 -1.043344
v 0.773388 0.686836 -1.043344
v -0.827408 0.684636 -0.533618
v 0.828278 0.684636 -0.533619
v -0.832810 0.693367 -0.154199
v 0.833679 0.693368 -0.154200
v -0.803961 0.689327 0.164784
v 0.804831 0.689327 0.164784
v -0.862668 0.810692 0.163124
v 0.863526 0.810696 0.163123
v -0.894573 0.811072 -0.164733
v 0.895431 0.811077 -0.164734
v -0.894282 0.807255 -0.541968
v 0.895130 0.807266 -0.541967
v -0.845841 0.801445 -1.052277
v 0.846703 0.801449 -1.052276
v -0.759704 0.810180 -1.426899
v 0.760542 0.810194 -1.426888
v -0.635202 0.820706 -1.713658
v 0.636058 0.820711 -1.713650
v -0.497523 0.825592 -1.931103
v 0.498364 0.825601 -1.931081
v -0.375807 0.831606 -2.073810
v 0.376667 0.831610 -2.073800
v -0.266923 0.844155 -2.165115
v 0.267765 0.844162 -2.165074
v -0.161840 0.833082 -2.237139
v 0.162710 0.833082 -2.237139
v -0.640040 0.448806 0.357019
v 0.640783 0.448843 0.356983
v -0.587930 0.456907 0.523959
v 0.588796 0.456908 0.523957
v -0.543132 0.459537 0.636406
v 0.543931 0.459530 0.636377
v -0.570041 0.374710 0.634137
v 0.570818 0.374690 0.634104
v -0.602769 0.376550 0.526435
v 0.603541 0.376533 0.526408
v -0.645245 0.370286 0.357387
v 0.646039 0.370282 0.357370
v -0.666545 0.488643 0.364640
v 0.667413 0.488645 0.364639
v -0.618271 0.495155 0.535589
v 0.619150 0.495147 0.535592
v -0.569542 0.504019 0.658492
v 0.570380 0.504050 0.658475
v -0.491674 0.513097 0.789637
v 0.492567 0.513067 0.789656
v -0.423795 0.516640 0.867559
v 0.424649 0.516666 0.867543
v -0.295441 0.521449 0.960747
v 0.296301 0.521483 0.960725
v -0.186118 0.525232 1.008621
v 0.186981 0.525272 1.008599
v -0.061345 0.532469 1.050217
v 0.062214 0.532478 1.050213
v 0.000435 0.532403 1.053297
v -0.465062 0.476380 0.771540
v 0.465863 0.476401 0.771488
v -0.401952 0.480560 0.836622
v 0.402808 0.480571 0.836603
v -0.276848 0.481649 0.912033
v 0.277725 0.481640 0.912047
v -0.169891 0.490433 0.964677
v 0.170761 0.490433 0.964677
v -0.047604 0.500250 0.999848
v 0.048419 0.500789 0.999289
v 0.000435 0.503503 1.004062
v -0.486681 0.377985 0.793463
v 0.487481 0.377962 0.793405
v -0.411838 0.386464 0.860767
v 0.412646 0.386436 0.860683
v -0.281292 0.392627 0.943310
v 0.282202 0.392644 0.943385
v -0.166256 0.415786 0.975753
v 0.167403 0.415900 0.977550
v -0.041953 0.413686 0.986976
v 0.042939 0.413804 0.985999
v 0.000435 0.414482 0.986411
v -0.501318 0.278449 0.801443
v 0.502099 0.278440 0.801370
v -0.426595 0.281384 0.870788
v 0.427406 0.281376 0.870709
v -0.319989 0.285639 0.935318
v 0.320845 0.285641 0.935273
v -0.253989 0.284914 0.940370
v 0.254846 0.284880 0.940381
v -0.229369 0.354373 0.951098
v 0.230231 0.354319 0.951281
v -0.164082 0.375171 0.964558
v 0.165042 0.374614 0.965333
v -0.069758 0.376332 0.974339
v 0.070527 0.376383 0.974244
v 0.000476 0.376057 0.976753
v -0.711637 0.582695 0.384043
v 0.712510 0.582694 0.384043
v -0.664636 0.580411 0.568985
v 0.665594 0.580358 0.569013
v -0.611811 0.582477 0.696088
v 0.612695 0.582467 0.696095
v -0.517321 0.584563 0.848550
v 0.518190 0.584564 0.848549
v -0.456565 0.590151 0.921632
v 0.457396 0.590187 0.921592
v -0.333296 0.599627 1.024189
v 0.334138 0.599663 1.024144
v -0.213795 0.605359 1.091202
v 0.214647 0.605391 1.091162
v -0.075385 0.600088 1.131387
v 0.076252 0.600101 1.131370
v 0.000435 0.606759 1.143491
v -0.763449 0.691241 0.415209
v 0.764317 0.691242 0.415209
v -0.716519 0.680804 0.594859
v 0.717472 0.680755 0.594885
v -0.666263 0.682965 0.722018
v 0.667137 0.682962 0.722020
v -0.573286 0.678564 0.870071
v 0.574143 0.678574 0.870061
v -0.475197 0.677888 0.971629
v 0.476038 0.677909 0.971596
v -0.351581 0.683610 1.066550
v 0.352451 0.683610 1.066550
v -0.224805 0.688494 1.133111
v 0.225641 0.688522 1.133030
v -0.069324 0.690969 1.176217
v 0.070188 0.690978 1.176179
v 0.000435 0.700633 1.183176
v -0.817572 0.812163 0.446038
v 0.818366 0.812171 0.446021
v -0.759679 0.798976 0.631268
v 0.760468 0.798988 0.631235
v -0.703844 0.794606 0.749409
v 0.704714 0.794606 0.749409
v -0.591444 0.795670 0.907245
v 0.592228 0.795668 0.907162
v -0.514532 0.794908 0.977345
v 0.515402 0.794908 0.977345
v -0.367135 0.795756 1.080081
v 0.368005 0.795756 1.080081
v -0.223450 0.803403 1.147429
v 0.224320 0.803403 1.147429
v -0.079391 0.796624 1.181535
v 0.080255 0.796618 1.181480
v 0.000435 0.799620 1.185779
v -0.509026 0.241079 0.795167
v 0.509896 0.241079 0.795167
v -0.424412 0.234655 0.875564
v 0.425221 0.234652 0.875481
v -0.346737 0.237231 0.924195
v 0.347578 0.237234 0.924130
v -0.262760 0.227307 0.937041
v 0.263615 0.227284 0.937021
v -0.519832 0.193457 0.780905
v 0.520619 0.193458 0.780850
v -0.425310 0.175523 0.874521
v 0.426112 0.175528 0.874423
v -0.340556 0.175446 0.921208
v 0.341402 0.175456 0.921139
v -0.250186 0.162972 0.933594
v 0.251005 0.162963 0.933567
v -0.557473 0.088500 0.697981
v 0.558236 0.088509 0.697937
v -0.442685 0.044797 0.846850
v 0.443501 0.044812 0.846777
v -0.329534 0.044678 0.902676
v 0.330373 0.044698 0.902589
v -0.207520 0.079649 0.932818
v 0.208412 0.079639 0.932790
v -0.583196 0.000355 0.586919
v 0.583961 0.000368 0.586894
v -0.507434 -0.058814 0.742797
v 0.509807 -0.059248 0.743789
v -0.501780 -0.006738 0.773779
v 0.502547 -0.006713 0.773704
v -0.418568 -0.045014 0.839470
v 0.419438 -0.045014 0.839470
v -0.295538 -0.044470 0.887713
v 0.296380 -0.044434 0.887607
v -0.141952 0.025475 0.930431
v 0.142821 0.025477 0.930406
v -0.056515 0.012536 0.930598
v 0.057393 0.012534 0.930587
v 0.000435 0.008958 0.930876
v -0.393548 -0.091475 0.835846
v 0.394418 -0.091475 0.835846
v -0.240233 -0.089396 0.883319
v 0.241103 -0.089396 0.883319
v -0.101226 -0.053106 0.913182
v 0.102094 -0.053093 0.913145
v -0.047688 -0.040612 0.919428
v 0.048558 -0.040612 0.919428
v 0.000435 -0.049365 0.917322
v -0.067867 0.353153 0.948501
v 0.068677 0.352609 0.948971
v 0.000471 0.349484 0.948404
v -0.136302 0.353113 0.938169
v 0.137232 0.352736 0.938542
v -0.183346 0.330787 0.924667
v 0.184217 0.330639 0.924798
v -0.199161 0.280821 0.917442
v 0.200014 0.280732 0.917486
v -0.199239 0.228021 0.911026
v 0.200107 0.227962 0.911027
v -0.184339 0.172138 0.911032
v 0.185200 0.172101 0.911030
v -0.151704 0.119390 0.918571
v 0.152566 0.119365 0.918560
v -0.100582 0.083274 0.923330
v 0.101413 0.083244 0.923326
v -0.052163 0.058114 0.928069
v 0.053048 0.058095 0.928068
v 0.000436 0.077166 0.922689
v -0.103943 0.350264 0.903528
v 0.104780 0.350264 0.903685
v -0.058310 0.350852 0.916792
v 0.059119 0.350580 0.916918
v 0.000413 0.359102 0.896546
v -0.145851 0.327326 0.885053
v 0.146831 0.327270 0.884966
v -0.159567 0.282277 0.877698
v 0.160459 0.282216 0.877683
v -0.149821 0.232022 0.870220
v 0.150672 0.231887 0.870211
v -0.131353 0.179725 0.883181
v 0.132189 0.179639 0.883197
v -0.113827 0.141056 0.899707
v 0.114680 0.141020 0.899709
v -0.056807 0.125846 0.899611
v 0.057659 0.125832 0.899611
v 0.000428 0.144641 0.883979
v 0.000425 0.348962 0.833735
v 0.000421 0.305331 0.811083
v 0.000425 0.239378 0.819538
v 0.000427 0.184095 0.854388
v -0.069593 0.181025 0.863477
v 0.070450 0.181010 0.863475
v -0.086456 0.244204 0.830116
v 0.087335 0.244164 0.830077
v -0.125525 0.285798 0.843562
v 0.126398 0.285719 0.843517
v -0.106950 0.326992 0.846477
v 0.107859 0.326938 0.846355
v -0.067512 0.356566 0.869829
v 0.068248 0.356613 0.869770
v -0.045437 0.344308 0.835714
v 0.046227 0.344293 0.835722
v -0.062920 0.309372 0.819750
v 0.063768 0.309331 0.819713
v -0.597715 -0.100635 0.393669
v 0.599622 -0.100777 0.393750
v -0.600829 -0.171477 0.218684
v 0.601627 -0.171465 0.218681
v -0.591033 -0.220740 0.087509
v 0.591794 -0.220719 0.087654
v -0.567430 -0.260458 -0.022735
v 0.566147 -0.264228 -0.026896
v -0.535032 -0.297952 -0.109555
v 0.534962 -0.299170 -0.110518
v -0.497624 -0.331792 -0.177066
v 0.492472 -0.337311 -0.184100
v -0.450452 -0.367254 -0.233751
v 0.436656 -0.375242 -0.249811
v -0.392523 -0.400786 -0.282206
v 0.380779 -0.405077 -0.293586
v -0.318659 -0.428823 -0.329108
v 0.318503 -0.430949 -0.326591
v -0.597036 0.279600 0.521287
v 0.597832 0.279608 0.521262
v -0.626765 0.275071 0.354772
v 0.627654 0.275055 0.354538
v -0.656446 0.264778 0.164417
v 0.653921 0.270187 0.197524
v -0.657112 0.200219 -0.003855
v 0.662649 0.208689 0.007830
v 0.658080 0.144647 -0.123544
v 0.638577 0.090469 -0.224053
v -0.602930 0.033372 -0.306182
v 0.613211 0.032008 -0.316225
v -0.577474 -0.018224 -0.387393
v 0.578955 -0.017941 -0.387415
v -0.541145 -0.069130 -0.447497
v 0.541869 -0.069197 -0.447590
v -0.500383 -0.110846 -0.494525
v 0.500844 -0.110897 -0.494776
v -0.440541 -0.156652 -0.532268
v 0.444054 -0.156853 -0.534939
v -0.367207 -0.199099 -0.559366
v 0.368349 -0.198872 -0.559223
v -0.304764 -0.229668 -0.582533
v 0.305610 -0.229599 -0.582519
v -0.236304 -0.252299 -0.597318
v 0.237146 -0.252209 -0.597286
v -0.195601 -0.267058 -0.599493
v 0.196432 -0.266984 -0.599461
v -0.191786 -0.283336 -0.581292
v 0.192642 -0.283319 -0.581258
v -0.218458 -0.287335 -0.559786
v 0.219386 -0.287351 -0.559858
v -0.257326 -0.302501 -0.521858
v 0.258122 -0.302477 -0.521782
v -0.288547 -0.331268 -0.469431
v 0.289430 -0.331232 -0.469414
v -0.299940 -0.351819 -0.441677
v 0.300433 -0.351418 -0.441240
v -0.572324 0.268258 0.623924
v 0.573136 0.268272 0.623897
v -0.567454 0.253438 0.644764
v 0.568143 0.253483 0.644770
v -0.571404 0.234180 0.638174
v 0.572122 0.234176 0.638134
v -0.590104 0.175135 0.532538
v 0.590833 0.175107 0.532567
v -0.607840 0.106072 0.412166
v 0.608642 0.106065 0.412169
v -0.616151 0.034681 0.285413
v 0.616905 0.034692 0.285416
v -0.610352 -0.052165 0.130210
v 0.611081 -0.052120 0.130157
v -0.595202 -0.117635 0.009540
v 0.595918 -0.117611 0.009564
v -0.574388 -0.167745 -0.082658
v 0.575158 -0.167719 -0.082638
v -0.546388 -0.207494 -0.157633
v 0.547106 -0.207511 -0.157579
v -0.515909 -0.243044 -0.221134
v 0.517460 -0.242989 -0.221572
v -0.469716 -0.284644 -0.294317
v 0.470382 -0.284554 -0.294170
v -0.412058 -0.315984 -0.353798
v 0.413068 -0.315998 -0.353948
v -0.364046 -0.337212 -0.389936
v 0.364468 -0.337028 -0.389383
v -0.320826 -0.351299 -0.419752
v 0.321316 -0.350948 -0.419311
v -0.637164 0.104218 -0.192444
v -0.647490 0.151204 -0.097256
v -0.657631 0.239608 0.086653
v -0.586854 0.273619 0.518919
v 0.587648 0.273634 0.518867
v -0.615933 0.269866 0.353152
v 0.616861 0.269838 0.352789
v -0.645792 0.259268 0.164516
v 0.643168 0.264821 0.197319
v -0.641437 0.196370 -0.001208
v 0.651612 0.204052 0.009591
v 0.645561 0.140013 -0.119762
v 0.627227 0.088345 -0.220147
v -0.591211 0.033689 -0.302742
v 0.602301 0.030516 -0.311158
v -0.566717 -0.018882 -0.383149
v 0.568147 -0.017753 -0.381723
v -0.530980 -0.068422 -0.440924
v 0.531810 -0.068426 -0.440876
v -0.491613 -0.108685 -0.486489
v 0.491852 -0.108803 -0.486931
v -0.433611 -0.152964 -0.523087
v 0.437319 -0.153783 -0.525478
v -0.361736 -0.195889 -0.549151
v 0.363049 -0.195536 -0.548940
v -0.300486 -0.226829 -0.571673
v 0.301309 -0.226745 -0.571675
v -0.234735 -0.250081 -0.585377
v 0.235578 -0.249992 -0.585364
v -0.201430 -0.266069 -0.589542
v 0.202232 -0.266120 -0.589515
v -0.213133 -0.264569 -0.572974
v 0.214003 -0.264569 -0.572974
v -0.227054 -0.272485 -0.554447
v 0.227924 -0.272485 -0.554447
v -0.260638 -0.291277 -0.519113
v 0.261444 -0.291268 -0.519039
v -0.292568 -0.320892 -0.464844
v 0.293444 -0.320848 -0.464863
v -0.304031 -0.340848 -0.440424
v 0.304416 -0.340366 -0.439917
v -0.562049 0.263270 0.619366
v 0.562885 0.263378 0.619346
v -0.559704 0.251012 0.636345
v 0.560416 0.250992 0.636342
v -0.562153 0.237469 0.631183
v 0.562716 0.237408 0.631208
v -0.579960 0.180139 0.528089
v 0.580715 0.180140 0.528112
v -0.598085 0.111874 0.407830
v 0.598895 0.111871 0.407849
v -0.606237 0.040754 0.281834
v 0.606999 0.040766 0.281839
v -0.600647 -0.045501 0.127294
v 0.601344 -0.045466 0.127258
v -0.585299 -0.110833 0.007574
v 0.586006 -0.110791 0.007606
v -0.564865 -0.160321 -0.083800
v 0.565615 -0.160300 -0.083763
v -0.536946 -0.199708 -0.157813
v 0.537649 -0.199723 -0.157827
v -0.507196 -0.234453 -0.221060
v 0.508885 -0.234297 -0.221673
v -0.462727 -0.274712 -0.294193
v 0.463436 -0.274584 -0.294068
v -0.406434 -0.305185 -0.353349
v 0.407584 -0.305193 -0.353619
v -0.360083 -0.325839 -0.390452
v 0.360506 -0.325644 -0.389822
v -0.319809 -0.339451 -0.421128
v 0.320255 -0.339079 -0.420531
v -0.624356 0.103616 -0.188459
v -0.626179 0.148790 -0.093915
v -0.646316 0.235480 0.088155
v -0.529288 0.248046 0.603776
v 0.530100 0.248073 0.603797
v -0.543899 0.252840 0.511596
v 0.544749 0.252863 0.511591
v -0.565707 0.242731 0.353551
v 0.566557 0.242743 0.353547
v -0.585381 0.235810 0.175245
v 0.586237 0.235821 0.175243
v -0.589113 0.214810 0.091745
v 0.589983 0.214810 0.091745
v -0.586100 0.174949 0.007318
v 0.586974 0.174947 0.007319
v -0.582988 0.134781 -0.084906
v 0.583811 0.134812 -0.084916
v -0.572497 0.093307 -0.179022
v 0.573332 0.093339 -0.179030
v -0.540721 0.024820 -0.293598
v 0.541591 0.024820 -0.293598
v -0.512649 -0.023180 -0.368771
v 0.513463 -0.023107 -0.368804
v -0.481893 -0.066961 -0.423097
v 0.482738 -0.066901 -0.423131
v -0.447638 -0.103190 -0.465294
v 0.448439 -0.103027 -0.465381
v -0.407026 -0.146344 -0.502382
v 0.407881 -0.146315 -0.502404
v -0.342836 -0.190843 -0.526766
v 0.343676 -0.190766 -0.526801
v -0.278642 -0.221131 -0.545997
v 0.279482 -0.221038 -0.546032
v -0.232445 -0.247233 -0.562185
v 0.233363 -0.247278 -0.562186
v -0.261562 -0.236586 -0.516545
v 0.262432 -0.236586 -0.516545
v -0.541666 0.198069 0.502133
v 0.542486 0.198033 0.502143
v -0.555126 0.140642 0.395550
v 0.555996 0.140642 0.395550
v -0.556879 0.067320 0.267368
v 0.557927 0.067415 0.267315
v -0.554742 -0.014880 0.118121
v 0.555548 -0.014915 0.118147
v -0.545968 -0.073071 0.016166
v 0.546749 -0.073121 0.016217
v -0.524421 -0.122948 -0.076195
v 0.525291 -0.122948 -0.076195
v -0.498674 -0.161580 -0.152707
v 0.499498 -0.161599 -0.152681
v -0.469436 -0.196411 -0.220091
v 0.470784 -0.196304 -0.220389
v -0.429415 -0.234214 -0.291569
v 0.430194 -0.234243 -0.291494
v -0.378119 -0.258304 -0.352249
v 0.379434 -0.258309 -0.352714
v -0.334562 -0.276867 -0.392996
v 0.335515 -0.276874 -0.393094
v -0.312865 -0.279665 -0.413693
v 0.313650 -0.279649 -0.413623
v -0.285128 -0.262052 -0.472986
v 0.286002 -0.262053 -0.472989
v -0.301464 -0.215215 -0.489270
v 0.302334 -0.215215 -0.489270
v -0.318439 -0.237525 -0.440178
v 0.319263 -0.237481 -0.440142
v -0.393289 -0.205005 -0.378340
v 0.394102 -0.204960 -0.378310
v -0.447101 -0.169646 -0.306639
v 0.447863 -0.169589 -0.306602
v -0.482782 -0.132085 -0.241798
v 0.483552 -0.132045 -0.241775
v -0.509149 -0.098482 -0.167926
v 0.509909 -0.098447 -0.167908
v -0.530990 -0.060790 -0.087294
v 0.531860 -0.060790 -0.087294
v -0.548450 -0.013367 -0.000281
v 0.549190 -0.013340 -0.000277
v -0.556491 0.038817 0.106130
v 0.557299 0.038826 0.106127
v -0.559996 0.123563 0.233857
v 0.560839 0.123567 0.233854
v -0.552965 0.186444 0.368026
v 0.553788 0.186448 0.368019
v -0.539394 0.222002 0.473362
v 0.540183 0.222008 0.473349
v -0.405112 -0.157030 -0.426756
v 0.405982 -0.157030 -0.426756
v -0.469032 -0.102467 -0.346957
v 0.469902 -0.102467 -0.346957
v -0.507251 -0.053183 -0.273420
v 0.508121 -0.053183 -0.273420
v -0.536047 -0.004431 -0.192068
v 0.536917 -0.004431 -0.192068
v -0.557081 0.044588 -0.115517
v 0.557836 0.044619 -0.115511
v -0.567792 0.080773 -0.015281
v 0.568579 0.080789 -0.015282
v -0.571323 0.125033 0.077641
v 0.572171 0.125036 0.077640
v 0.682132 0.245347 -0.091134
v 0.669590 0.251624 0.085131
v 0.653034 0.240316 0.096382
v 0.640893 0.235961 0.094331
v 0.000435 0.850741 -2.318012
v 0.000435 -0.208554 0.846631
v 0.006719 -0.342445 0.756287
v 0.002237 -0.437668 0.661353
v 0.000435 -0.524588 0.537976
v -0.000801 -0.579161 0.393219
v 0.000435 -0.601709 0.209466
v 0.000435 -0.600545 -0.038472
v 0.000435 -0.578792 -0.179483
v 0.000743 -0.539998 -0.291881
v -0.177951 -0.519976 -0.278541
v 0.181763 -0.520553 -0.275065
v -0.192437 -0.552024 -0.172246
v 0.193225 -0.551943 -0.172175
v -0.178869 -0.578568 -0.018119
v 0.179695 -0.578398 -0.018107
v -0.154985 -0.583101 0.213045
v 0.156043 -0.584378 0.213108
v -0.137397 -0.562083 0.391622
v 0.160130 -0.557224 0.403337
v -0.308764 -0.482224 -0.238133
v 0.312480 -0.483251 -0.231241
v -0.314217 -0.511536 -0.131495
v 0.316601 -0.510277 -0.133111
v -0.300957 -0.536538 0.008144
v 0.301827 -0.536538 0.008144
v -0.282288 -0.539949 0.222814
v 0.287151 -0.537415 0.237532
v -0.392492 -0.444942 -0.189828
v 0.397664 -0.444341 -0.181184
v -0.395408 -0.471023 -0.086093
v 0.395434 -0.472026 -0.083671
v -0.389494 -0.490051 0.034742
v 0.391165 -0.489747 0.040464
v -0.379926 -0.493374 0.192828
v 0.390002 -0.487432 0.199761
v -0.451310 -0.405242 -0.149266
v 0.451639 -0.405583 -0.149641
v -0.455029 -0.427977 -0.052517
v 0.459213 -0.425675 -0.047619
v -0.452303 -0.444697 0.060204
v 0.465363 -0.433896 0.066694
v -0.442154 -0.451685 0.189132
v 0.474847 -0.425004 0.194220
v -0.496790 -0.364528 -0.106725
v 0.498143 -0.363853 -0.106222
v -0.504826 -0.378561 -0.017820
v 0.509113 -0.373866 -0.017784
v -0.509700 -0.387119 0.089016
v 0.520527 -0.373635 0.083667
v -0.501636 -0.395401 0.202698
v 0.528054 -0.366943 0.174773
v -0.527400 -0.330230 -0.067939
v 0.528123 -0.329374 -0.070435
v -0.544537 -0.321629 0.005857
v 0.545399 -0.320261 0.001351
v -0.561516 -0.307811 0.118381
v 0.563657 -0.304161 0.111619
v -0.565674 -0.288401 0.256372
v 0.571500 -0.285563 0.248730
v -0.563167 -0.186417 0.409044
v 0.587195 -0.178157 0.404696
v 0.186388 -0.216969 0.830913
v -0.190035 -0.220904 0.825694
v 0.354302 -0.220466 0.783974
v -0.345837 -0.189345 0.770732
v 0.497759 -0.183258 0.689642
v -0.464682 -0.153843 0.678742
v 0.568680 -0.130158 0.565304
v -0.539641 -0.133149 0.556961
v -0.225253 -0.541589 0.329223
v -0.057376 -0.524548 0.531146
v -0.044977 -0.441809 0.652758
v -0.085320 -0.347572 0.744286
v -0.182367 -0.516892 0.435919
v -0.308622 -0.500960 0.299033
v -0.374517 -0.468557 0.272412
v -0.426406 -0.435297 0.262874
v -0.474294 -0.387760 0.275910
v -0.519133 -0.313274 0.320428
v -0.511197 -0.238690 0.428408
v -0.235036 -0.263990 0.750370
v -0.326673 -0.228826 0.712519
v -0.421860 -0.203493 0.631393
v -0.487703 -0.195438 0.538099
v -0.248832 -0.506137 0.366718
v -0.113705 -0.498323 0.536975
v -0.110550 -0.431425 0.629411
v -0.147237 -0.355910 0.696622
v -0.221373 -0.466471 0.455990
v -0.314329 -0.457328 0.355307
v -0.353597 -0.419325 0.359923
v -0.399887 -0.405231 0.331414
v -0.415261 -0.365415 0.364793
v -0.461470 -0.320384 0.376248
v -0.437391 -0.282230 0.454097
v -0.267463 -0.296053 0.644185
v -0.322368 -0.259308 0.644224
v -0.378315 -0.256638 0.571870
v -0.439199 -0.240418 0.522593
v -0.275431 -0.445609 0.415112
v -0.206017 -0.430059 0.519791
v -0.176667 -0.404833 0.591247
v -0.214555 -0.353890 0.615168
v -0.315227 -0.349096 0.490279
v -0.220327 -0.316991 0.671517
v -0.179075 -0.302029 0.743736
v -0.120406 -0.279428 0.797097
v -0.001202 -0.263776 0.815043
v 0.305429 -0.512427 0.366984
v 0.400482 -0.464260 0.327884
v 0.497935 -0.384597 0.338598
v 0.187588 -0.289646 0.781426
v 0.345986 -0.290193 0.730526
v 0.492160 -0.254393 0.633935
v 0.549113 -0.216038 0.548463
v 0.547170 -0.279070 0.456640
v 0.177307 -0.362451 0.718915
v 0.347510 -0.354831 0.660350
v 0.474409 -0.336155 0.552888
v 0.139570 -0.451395 0.626036
v 0.315789 -0.439563 0.555728
v 0.433414 -0.411823 0.459836
v 0.162332 -0.523764 0.501237
v 0.312794 -0.485019 0.455511
v 0.389219 -0.454820 0.410107
v 0.045345 0.865695 -2.298259
v -0.043589 0.865966 -2.298580
v -0.865612 0.839574 0.163442
v 0.866379 0.839588 0.163428
v -0.897069 0.839782 -0.164746
v 0.897812 0.839801 -0.164754
v -0.900323 0.835572 -0.542565
v 0.900924 0.835613 -0.542553
v -0.852443 0.829479 -1.053182
v 0.853221 0.829504 -1.053169
v -0.761796 0.838910 -1.426724
v 0.762547 0.838938 -1.426685
v -0.636677 0.849654 -1.713567
v 0.637469 0.849657 -1.713528
v -0.498954 0.854677 -1.931234
v 0.499785 0.854682 -1.931204
v -0.376492 0.860420 -2.072031
v 0.377374 0.860446 -2.072042
v -0.262228 0.871654 -2.158914
v 0.263090 0.871631 -2.158884
v -0.160596 0.861638 -2.235721
v 0.161493 0.861687 -2.235765
v -0.815338 0.841228 0.446453
v 0.816102 0.841234 0.446427
v -0.757779 0.828044 0.632116
v 0.758600 0.828064 0.632097
v -0.701558 0.823717 0.748558
v 0.702294 0.823737 0.748483
v -0.588532 0.824721 0.904709
v 0.589328 0.824713 0.904636
v -0.512400 0.824027 0.974754
v 0.513168 0.824056 0.974630
v -0.366001 0.824835 1.076584
v 0.366789 0.824860 1.076443
v -0.222119 0.832415 1.143520
v 0.222945 0.832431 1.143396
v -0.078643 0.825585 1.177182
v 0.079507 0.825579 1.177128
v 0.000435 0.828495 1.180822
v 0.000435 0.869561 -2.301996
v 0.039118 0.877599 -2.274705
v -0.037314 0.877333 -2.274814
v -0.858351 0.865781 0.162377
v 0.859096 0.865792 0.162360
v -0.885058 0.863924 -0.090546
v 0.885928 0.863924 -0.090546
v -0.886085 0.854741 -0.619309
v 0.886955 0.854741 -0.619309
v -0.840649 0.852875 -1.051051
v 0.841414 0.852879 -1.051057
v -0.750517 0.863079 -1.422161
v 0.751298 0.863143 -1.422123
v -0.628403 0.875132 -1.708393
v 0.629116 0.875102 -1.708315
v -0.492103 0.880259 -1.925322
v 0.492964 0.880288 -1.925312
v -0.368239 0.883976 -2.061311
v 0.369202 0.884130 -2.061404
v -0.247937 0.885284 -2.139988
v 0.248472 0.884229 -2.139511
v -0.150152 0.881059 -2.220253
v 0.151025 0.881191 -2.220285
v -0.803636 0.865608 0.444382
v 0.804454 0.865649 0.444374
v -0.741880 0.848311 0.626953
v 0.742872 0.848491 0.627001
v -0.686522 0.843117 0.739925
v 0.687231 0.843056 0.739819
v -0.577749 0.846593 0.895110
v 0.578393 0.846586 0.894966
v -0.506145 0.849018 0.967017
v 0.506862 0.849011 0.966824
v -0.362963 0.851008 1.069908
v 0.363735 0.851024 1.069744
v -0.218702 0.856410 1.133604
v 0.219519 0.856594 1.133436
v -0.077630 0.852061 1.170798
v 0.078486 0.852050 1.170724
v 0.000434 0.854698 1.173491
v 0.000389 0.878336 -2.276389
v 0.034048 0.878727 -2.254797
v -0.032268 0.877890 -2.254863
v -0.842752 0.877077 0.160155
v 0.843466 0.877117 0.160129
v -0.865941 0.876484 -0.050309
v 0.866811 0.876484 -0.050309
v -0.859853 0.857167 -0.693495
v 0.860723 0.857167 -0.693495
v -0.820255 0.855354 -1.047513
v 0.821040 0.855347 -1.047539
v -0.732149 0.868849 -1.415845
v 0.732913 0.868858 -1.415805
v -0.613792 0.885697 -1.700435
v 0.614476 0.885625 -1.700338
v -0.478221 0.889422 -1.914530
v 0.479077 0.889449 -1.914521
v -0.356578 0.892245 -2.047406
v 0.357449 0.892110 -2.047399
v -0.235788 0.887974 -2.123441
v 0.236222 0.886145 -2.122838
v -0.139213 0.883433 -2.203279
v 0.140140 0.884688 -2.203540
v -0.785494 0.872630 0.439915
v 0.786409 0.872906 0.439958
v -0.723013 0.851977 0.619465
v 0.723952 0.851953 0.619464
v -0.668866 0.846117 0.729521
v 0.669612 0.846139 0.729413
v -0.562146 0.849444 0.881926
v 0.562766 0.849431 0.881768
v -0.493273 0.853122 0.951790
v 0.493987 0.853102 0.951600
v -0.353935 0.857123 1.053827
v 0.354674 0.857115 1.053654
v -0.211962 0.858446 1.114231
v 0.212709 0.858437 1.114004
v -0.075078 0.859206 1.153300
v 0.075915 0.859202 1.153135
v 0.000428 0.859340 1.154387
v 0.000370 0.878911 -2.255815
v 0.025973 0.880015 -2.221953
v -0.024255 0.879921 -2.222043
v -0.809309 0.876073 0.155226
v 0.810018 0.876071 0.155201
v -0.846796 0.876204 -0.027688
v 0.847666 0.876204 -0.027688
v -0.833688 0.856394 -0.755916
v 0.834558 0.856394 -0.755916
v -0.786948 0.856702 -1.041636
v 0.787721 0.856693 -1.041719
v -0.536113 0.870346 -1.378206
v 0.700734 0.869064 -1.405315
v -0.583726 0.884407 -1.684973
v 0.584413 0.884352 -1.684886
v -0.451340 0.889031 -1.893978
v 0.452191 0.889044 -1.893987
v -0.334902 0.891263 -2.021441
v 0.335840 0.891054 -2.021379
v -0.216020 0.887036 -2.096005
v 0.216343 0.886587 -2.095452
v -0.120970 0.882791 -2.174774
v 0.121822 0.882830 -2.175142
v -0.752963 0.870452 0.430842
v 0.753902 0.870419 0.430884
v -0.691770 0.853678 0.606550
v 0.692725 0.853669 0.606518
v -0.639795 0.848674 0.712374
v 0.640565 0.848694 0.712223
v -0.536172 0.850581 0.860251
v 0.536798 0.850567 0.860086
v -0.471157 0.853456 0.926168
v 0.471867 0.853439 0.925981
v -0.337195 0.856981 1.024408
v 0.337942 0.856967 1.024230
v -0.200665 0.858326 1.082323
v 0.201413 0.858318 1.082096
v -0.070144 0.859013 1.119813
v 0.070939 0.859010 1.119655
v 0.000393 0.859104 1.120538
v 0.000334 0.879938 -2.221982
v -0.746059 0.873930 -0.026217
v 0.746930 0.873903 -0.026217
v -0.753290 0.859961 -0.755837
v 0.754160 0.859961 -0.755837
v -0.843269 0.907948 -0.031125
v 0.844139 0.907948 -0.031125
v -0.821033 0.934467 -0.031055
v 0.821903 0.934467 -0.031055
v -0.792393 0.940875 -0.028741
v 0.793263 0.940875 -0.028741
v -0.758303 0.925747 -0.028971
v 0.759173 0.925747 -0.028971
v -0.746552 0.901376 -0.028740
v 0.747422 0.901376 -0.028741
v -0.797124 0.875084 -0.028741
v 0.797994 0.875084 -0.028741
v -0.768481 0.874360 -0.027415
v 0.769352 0.874336 -0.027415
v -0.823515 0.876591 -0.028740
v 0.824385 0.876591 -0.028740
v -0.845222 0.887648 -0.752115
v 0.846092 0.887648 -0.752115
v -0.829423 0.924699 -0.752115
v 0.830293 0.924699 -0.752115
v -0.798764 0.940903 -0.752115
v 0.799634 0.940903 -0.752115
v -0.762081 0.928994 -0.752115
v 0.762951 0.928994 -0.752115
v -0.744637 0.894669 -0.750644
v 0.745507 0.894669 -0.750644
v -0.795488 0.858280 -0.755435
v 0.796358 0.858280 -0.755435
v -0.774311 0.859234 -0.754757
v 0.775181 0.859234 -0.754757
v -0.816120 0.857318 -0.754047
v 0.816986 0.857222 -0.754045
v 0.000435 0.862604 0.413902
v -0.176126 0.864280 0.317599
v 0.176996 0.864280 0.317599
v -0.258729 0.867704 0.068288
v 0.259599 0.867704 0.068288
v -0.225857 0.868145 -0.135231
v 0.226735 0.868246 -0.135233
v -0.100603 0.867616 -0.291744
v 0.101473 0.867613 -0.291743
v 0.000435 0.867580 -0.315085
v 0.000445 0.914782 0.104912
v 0.000439 0.907028 -0.130488
v 0.000435 0.875150 -1.424969
v -0.152773 0.874007 -1.377371
v 0.151488 0.875178 -1.435128
v -0.535405 0.864734 -0.770360
v -0.157091 0.867673 -0.768508
v -0.533212 0.953178 -0.771679
v -0.533492 0.955888 -1.373249
v -0.156536 0.956730 -1.373271
v -0.157337 0.957326 -0.772418
v -0.102857 1.543277 0.115938
v -0.093262 1.431002 0.045270
v -0.097941 1.417823 0.001539
v -0.100393 1.534044 -0.115069
v -0.101105 1.578737 -0.108234
v -0.101897 1.617369 -0.084721
v -0.102648 1.644003 -0.048162
v -0.103244 1.654601 -0.004205
v -0.103594 1.647558 0.040466
v -0.103644 1.623954 0.079066
v -0.103385 1.587288 0.105550
v -0.142389 1.543363 0.114526
v -0.142640 1.498992 0.106036
v -0.142743 1.460448 0.079559
v -0.142556 1.432470 0.036221
v -0.141817 1.425795 0.003770
v -0.142574 1.431828 -0.038600
v -0.141796 1.455657 -0.076879
v -0.141566 1.492329 -0.102858
v -0.141007 1.536001 -0.113285
v -0.140476 1.580387 -0.106757
v -0.140286 1.618576 -0.083699
v -0.140419 1.644475 -0.045183
v -0.139864 1.653271 -0.003446
v -0.140706 1.646994 0.038499
v -0.141479 1.623739 0.078460
v -0.141888 1.587091 0.104546
v 0.102299 1.539079 0.116017
v 0.102393 1.583487 0.107260
v 0.102221 1.621096 0.082061
v 0.101812 1.646080 0.044306
v 0.101229 1.654701 -0.000117
v 0.100561 1.645643 -0.044448
v 0.099909 1.620287 -0.081947
v 0.099375 1.582461 -0.106793
v 0.099040 1.538004 -0.115185
v 0.098811 1.417823 0.001539
v 0.094132 1.431002 0.045270
v 0.143226 1.543537 0.114537
v 0.142771 1.587161 0.104461
v 0.142323 1.623673 0.078068
v 0.142237 1.646991 0.037279
v 0.140757 1.653268 -0.003446
v 0.140702 1.644200 -0.046713
v 0.140747 1.618655 -0.083716
v 0.140854 1.580329 -0.106946
v 0.141119 1.536086 -0.113654
v 0.141654 1.492250 -0.103165
v 0.142211 1.455707 -0.077316
v 0.142654 1.431709 -0.039102
v 0.141903 1.425698 0.009387
v 0.142890 1.436228 0.046728
v 0.142901 1.462159 0.082640
v 0.143862 1.498872 0.105365
v -0.102346 0.891170 0.116011
v -0.098628 1.007679 -0.006021
v -0.098335 0.886417 -0.115269
v -0.098775 0.842253 -0.105610
v -0.099454 0.805132 -0.079804
v -0.100269 0.780642 -0.041785
v -0.101095 0.772642 0.002709
v -0.101806 0.782480 0.046833
v -0.102292 0.808531 0.083810
v -0.102482 0.846648 0.108139
v -0.139489 0.891103 0.115826
v -0.139401 0.934895 0.105878
v -0.139176 0.971333 0.079672
v -0.138850 0.994958 0.041480
v -0.138476 1.002913 -0.002674
v -0.138105 0.993462 -0.046552
v -0.137797 0.967627 -0.083223
v -0.137596 0.929828 -0.107395
v -0.137535 0.885570 -0.115054
v -0.137625 0.841808 -0.105012
v -0.137848 0.805163 -0.079035
v -0.138172 0.781146 -0.041083
v -0.138546 0.773191 0.003092
v -0.138916 0.783202 0.046876
v -0.139225 0.809095 0.083618
v -0.139427 0.846882 0.107946
v 0.099568 0.891165 0.115995
v 0.096495 0.886082 -0.115244
v 0.094798 0.842012 -0.105467
v 0.093591 0.804984 -0.079609
v 0.093056 0.780582 -0.041571
v 0.093280 0.772668 0.002907
v 0.094234 0.782578 0.046972
v 0.095767 0.808654 0.083862
v 0.097637 0.846719 0.108135
v 0.137435 0.891098 0.116029
v 0.137819 0.935014 0.106056
v 0.138058 0.971595 0.079824
v 0.138116 0.995352 0.041558
v 0.137991 1.003155 -0.002759
v 0.137698 0.993598 -0.046745
v 0.137277 0.967620 -0.083489
v 0.136796 0.929652 -0.107649
v 0.136328 0.885261 -0.115246
v 0.135945 0.841395 -0.105132
v 0.135704 0.804628 -0.079120
v 0.135641 0.780571 -0.041037
v 0.135766 0.772751 0.003299
v 0.136064 0.782756 0.047209
v 0.136485 0.808769 0.084005
v 0.136966 0.846739 0.108247
v 0.001919 1.467094 0.096225
v 0.040612 1.464450 0.090676
v 0.071015 1.448148 0.073874
v 0.089092 1.428577 -0.044595
v 0.068778 1.444304 -0.071516
v 0.040643 1.462275 -0.089357
v -0.001547 1.476702 -0.098105
v -0.039773 1.462275 -0.089357
v -0.070719 1.444503 -0.070457
v -0.088222 1.428577 -0.044595
v -0.070145 1.448148 0.073874
v -0.039742 1.464450 0.090676
v 0.002193 0.955501 0.097218
v 0.042253 0.966026 0.089116
v 0.072873 0.984958 0.068756
v 0.093913 1.000504 0.038179
v 0.099498 1.007679 -0.006021
v 0.089498 0.997820 -0.043745
v 0.070952 0.983148 -0.069488
v 0.044703 0.962215 -0.089708
v -0.000953 0.950410 -0.098384
v -0.043833 0.962215 -0.089708
v -0.070082 0.983148 -0.069488
v -0.088628 0.997820 -0.043745
v -0.093043 1.000504 0.038179
v -0.072003 0.984958 0.068756
v -0.041383 0.966026 0.089116
v 0.000435 1.545383 0.115579
v 0.000435 1.539199 -0.115210
v 0.000435 1.581866 -0.106911
v 0.000435 1.621323 -0.080368
v 0.000435 1.644675 -0.045850
v 0.000435 1.654294 -0.006648
v 0.000435 1.645692 0.044967
v 0.000435 1.621184 0.081687
v 0.000435 1.581556 0.107666
v 0.000435 0.897428 0.115416
v 0.000435 0.845482 0.107364
v 0.000435 0.805176 0.080067
v 0.000435 0.783248 0.048165
v 0.000435 0.772765 -0.004965
v 0.000435 0.781594 -0.044064
v 0.000435 0.806282 -0.080750
v 0.000435 0.841596 -0.104998
v 0.000435 0.891543 -0.114935
v -0.144959 0.890982 0.110837
v -0.144840 0.932835 0.101306
v -0.144598 0.967429 0.076028
v -0.144276 0.989722 0.039421
v -0.144267 0.997737 -0.002631
v -0.144422 0.989269 -0.044827
v -0.144310 0.964836 -0.080368
v -0.144398 0.928485 -0.103999
v -0.144409 0.885682 -0.111264
v -0.144171 0.843471 -0.101369
v -0.143994 0.808608 -0.075837
v -0.144266 0.785680 -0.039373
v -0.144420 0.778148 0.002924
v -0.144522 0.787950 0.044721
v -0.144628 0.812850 0.079651
v -0.144868 0.848753 0.103085
v 0.144897 0.890961 0.113438
v 0.145129 0.933796 0.103525
v 0.144902 0.968889 0.077371
v 0.144666 0.991259 0.039996
v 0.144467 0.998877 -0.002682
v 0.144606 0.990293 -0.045383
v 0.144532 0.965487 -0.081358
v 0.144403 0.928684 -0.105358
v 0.144013 0.885253 -0.112953
v 0.143778 0.842271 -0.103133
v 0.143438 0.806363 -0.077439
v 0.143359 0.782849 -0.040164
v 0.143529 0.775010 0.003199
v 0.143699 0.784960 0.046164
v 0.143962 0.810584 0.081956
v 0.144447 0.847560 0.105872
v 0.146126 0.884212 0.000357
v -0.145255 0.884212 0.000357
v -0.144650 1.543341 0.111524
v -0.144456 1.500329 0.102838
v -0.144408 1.462968 0.077088
v -0.144306 1.435630 0.034893
v -0.144102 1.428849 0.003666
v -0.144570 1.434826 -0.037529
v -0.144299 1.457711 -0.075000
v -0.143905 1.493593 -0.100174
v -0.143791 1.536161 -0.110641
v -0.143609 1.579711 -0.104779
v -0.143920 1.617815 -0.082889
v -0.143615 1.642599 -0.044384
v -0.142869 1.650895 -0.003384
v -0.143667 1.644816 0.037689
v -0.144261 1.622066 0.076894
v -0.144457 1.586085 0.102284
v 0.145509 1.543539 0.111588
v 0.145565 1.586191 0.102296
v 0.145250 1.622165 0.076713
v 0.144964 1.644485 0.036367
v 0.143742 1.650867 -0.003440
v 0.144125 1.642486 -0.046021
v 0.144562 1.618024 -0.083012
v 0.144193 1.579715 -0.105183
v 0.144114 1.536215 -0.111308
v 0.144536 1.493322 -0.100961
v 0.144949 1.457623 -0.075564
v 0.145297 1.434220 -0.038239
v 0.144542 1.428418 0.009168
v 0.144838 1.439193 0.045263
v 0.144837 1.464456 0.080123
v 0.145403 1.500176 0.102014
v 0.146126 1.539457 0.003432
v -0.145255 1.539457 0.003432
v -0.232749 1.525698 -2.292506
v -0.347059 1.628390 -2.012221
v -0.442812 1.726291 -1.696869
v -0.506116 1.791995 -1.358944
v -0.542871 1.818321 -1.056870
v -0.559076 1.833119 -0.704074
v -0.583928 1.814225 -0.661798
v -0.585647 1.821457 -0.122388
v -0.563656 1.842207 -0.079807
v -0.556574 1.835013 0.029434
v -0.528540 1.801552 0.398741
v -0.480926 1.764632 0.684754
v -0.412407 1.690062 0.950903
v -0.341467 1.611643 1.079623
v -0.280319 1.549032 1.143134
v -0.239546 1.503658 1.171650
v -0.453035 1.733379 0.823554
v -0.377639 1.649051 1.024759
v -0.293873 1.579835 -2.149187
v -0.405362 1.690838 -1.835932
v -0.313611 1.439722 -2.262035
v -0.428731 1.337684 -2.153792
v -0.512481 1.264709 -2.061858
v -0.607887 1.168999 -1.910040
v -0.668692 1.122870 -1.780641
v -0.702873 1.051576 -1.674045
v -0.798647 0.966994 -1.320133
v -0.755896 1.008371 -1.497607
v -0.395469 1.352350 -2.194514
v -0.798049 0.948838 -1.302606
v -0.872472 0.872416 -0.573271
v -0.849316 0.901165 -0.948435
v -0.883793 0.903192 -0.538500
v -0.876585 0.895733 -0.136985
v -0.858097 0.921984 0.144745
v -0.810593 0.959041 0.464667
v -0.798730 0.947116 0.497729
v -0.715868 1.005290 0.744358
v -0.764948 0.972918 0.621947
v -0.667615 1.058333 0.850130
v -0.586141 1.150868 0.971245
v -0.514296 1.228358 1.045779
v -0.425579 1.312463 1.110218
v -0.337877 1.404139 1.153578
v -0.372739 1.499252 -2.119228
v -0.433390 1.548760 -1.973413
v -0.495778 1.598702 -1.802226
v -0.550390 1.638849 -1.609226
v -0.604070 1.677608 -1.346687
v -0.642493 1.699370 -1.065123
v -0.665943 1.710449 -0.769577
v -0.678145 1.715035 -0.507844
v -0.656406 1.735721 -0.103688
v -0.651087 1.697162 0.227134
v -0.623494 1.666066 0.486881
v -0.594171 1.639312 0.666862
v -0.563095 1.611351 0.806017
v -0.523085 1.577215 0.920489
v -0.467254 1.532101 1.019521
v -0.391126 1.468705 1.112190
v -0.438862 1.421821 -2.083592
v -0.475485 1.372549 -2.064167
v -0.501481 1.457586 -1.948094
v -0.568320 1.497708 -1.776756
v -0.629260 1.529902 -1.578959
v -0.683341 1.553941 -1.344022
v -0.726615 1.566772 -1.082577
v -0.756582 1.570613 -0.799637
v -0.772333 1.570038 -0.500184
v -0.767746 1.571324 -0.168335
v -0.754370 1.555054 0.128231
v -0.728297 1.536272 0.378389
v -0.694607 1.520878 0.570924
v -0.659232 1.504685 0.720482
v -0.621161 1.483935 0.840482
v -0.571021 1.452191 0.946352
v -0.514842 1.389643 1.033680
v -0.548141 1.352977 -1.947443
v -0.621174 1.390468 -1.764774
v -0.684434 1.411521 -1.574644
v -0.742046 1.422265 -1.359341
v -0.790333 1.422394 -1.116459
v -0.826404 1.413152 -0.843969
v -0.849922 1.398709 -0.533760
v -0.848009 1.400285 -0.206126
v -0.831531 1.394228 0.082845
v -0.803108 1.383816 0.338260
v -0.762872 1.387471 0.536033
v -0.718975 1.386505 0.689219
v -0.674008 1.381470 0.810785
v -0.626762 1.385797 0.897779
v -0.600681 1.317418 0.955375
v -0.633881 1.213874 -1.850480
v -0.677120 1.200736 -1.750970
v -0.727115 1.173684 -1.616157
v -0.781589 1.147631 -1.443995
v -0.829776 1.119451 -1.256428
v -0.860840 1.088558 -1.075566
v -0.889988 1.039473 -0.810553
v -0.896640 0.980183 -0.621984
v -0.907001 1.030690 -0.482067
v -0.904589 1.052054 -0.179012
v -0.885164 1.064778 0.093053
v -0.852776 1.063907 0.335762
v -0.828952 1.030764 0.444065
v -0.817396 1.081711 0.510600
v -0.779844 1.121950 0.635575
v -0.733279 1.153736 0.749160
v -0.676422 1.258301 0.852326
v -0.563696 1.218043 -1.985041
v -0.605698 1.269881 -1.885129
v -0.660217 1.289776 -1.748747
v -0.718382 1.292245 -1.585650
v -0.776320 1.285775 -1.393316
v -0.827220 1.270668 -1.174133
v -0.866449 1.243482 -0.922744
v -0.899211 1.188756 -0.593054
v -0.896180 1.218399 -0.219470
v -0.876585 1.221868 0.078728
v -0.842903 1.201188 0.364139
v -0.794173 1.245372 0.559321
v -0.744304 1.262984 0.706985
v -0.692738 1.171190 0.829930
v -0.627863 1.100974 0.914696
v -0.227802 1.525826 -2.295130
v -0.341123 1.633028 -2.011733
v -0.437168 1.731337 -1.696713
v -0.500366 1.796913 -1.358748
v -0.537035 1.823137 -1.056692
v -0.554125 1.837929 -0.701804
v -0.578452 1.818846 -0.659468
v -0.576951 1.825412 -0.125886
v -0.556519 1.846001 -0.080500
v -0.549782 1.838277 0.029208
v -0.521849 1.804981 0.398307
v -0.474550 1.762972 0.683289
v -0.405623 1.691048 0.948707
v -0.335240 1.614895 1.077340
v -0.274907 1.551343 1.139708
v -0.232520 1.503748 1.173766
v -0.446229 1.733223 0.821806
v -0.371031 1.651854 1.022797
v -0.287647 1.582187 -2.147688
v -0.399222 1.695146 -1.835405
v -0.310155 1.434368 -2.265813
v -0.425227 1.332191 -2.153618
v -0.509494 1.258149 -2.064087
v -0.603756 1.162938 -1.910863
v -0.665660 1.116301 -1.782767
v -0.698293 1.046054 -1.675065
v -0.795415 0.960917 -1.323203
v -0.752364 1.001729 -1.498235
v -0.391778 1.351092 -2.192233
v -0.794583 0.942785 -1.305429
v -0.868235 0.867185 -0.570799
v -0.846318 0.894221 -0.948858
v -0.881505 0.896555 -0.535807
v -0.873703 0.888728 -0.136845
v -0.855058 0.915061 0.145145
v -0.808102 0.952053 0.463275
v -0.795927 0.940249 0.496385
v -0.711529 0.999151 0.744830
v -0.761225 0.966350 0.622251
v -0.663136 1.052345 0.851204
v -0.581295 1.145206 0.972579
v -0.509871 1.222461 1.047532
v -0.420459 1.306933 1.110865
v -0.332764 1.398720 1.154922
v -0.561139 1.211458 -1.987587
v -0.622727 1.095502 0.915429
v -0.229832 1.524423 -2.291391
v -0.339251 1.627577 -2.009140
v -0.432037 1.729679 -1.695123
v -0.494836 1.795528 -1.357612
v -0.529963 1.823948 -1.056137
v -0.556470 1.833785 -0.703449
v -0.571595 1.821237 -0.657210
v -0.572131 1.822513 -0.126810
v -0.556592 1.839435 -0.082351
v -0.545818 1.833452 0.028478
v -0.516303 1.800729 0.397138
v -0.473700 1.753984 0.681465
v -0.403358 1.684294 0.944957
v -0.332662 1.610719 1.071735
v -0.268509 1.554203 1.136142
v -0.224995 1.503421 1.174796
v -0.444152 1.725844 0.819237
v -0.367530 1.647211 1.018067
v -0.280377 1.582314 -2.144831
v -0.397240 1.689180 -1.833002
v -0.307815 1.436510 -2.257451
v -0.419692 1.326839 -2.152123
v -0.502909 1.261692 -2.056509
v -0.598304 1.166736 -1.906021
v -0.659508 1.114481 -1.781262
v -0.692977 1.040323 -1.675961
v -0.789433 0.958163 -1.324026
v -0.745784 1.000590 -1.496679
v -0.386096 1.345886 -2.190754
v -0.790142 0.947581 -1.302212
v -0.863563 0.861540 -0.568105
v -0.840590 0.889352 -0.948814
v -0.877911 0.890209 -0.533085
v -0.867992 0.886172 -0.136990
v -0.849128 0.910851 0.144973
v -0.802388 0.948500 0.461447
v -0.790438 0.941126 0.494626
v -0.705700 1.000298 0.741835
v -0.754534 0.964561 0.620441
v -0.656757 1.050836 0.848577
v -0.575042 1.141944 0.970488
v -0.504188 1.217198 1.047059
v -0.414889 1.303597 1.107102
v -0.327308 1.394410 1.152161
v -0.555642 1.209541 -1.985402
v -0.617020 1.095945 0.911234
v -0.244647 1.518678 -2.270090
v -0.345150 1.612307 -2.006471
v -0.436432 1.712824 -1.691638
v -0.499816 1.771645 -1.354272
v -0.530044 1.811464 -1.055874
v -0.556263 1.830019 -0.705955
v -0.568328 1.809573 -0.656104
v -0.571927 1.806354 -0.126640
v -0.561804 1.816683 -0.083214
v -0.548636 1.816077 0.025929
v -0.516649 1.789141 0.395627
v -0.474895 1.742893 0.679647
v -0.404057 1.673704 0.940857
v -0.334953 1.600527 1.065235
v -0.292590 1.548580 1.118294
v -0.249915 1.500711 1.162641
v -0.445564 1.709043 0.814663
v -0.368464 1.628987 1.012802
v -0.293497 1.565252 -2.145195
v -0.402652 1.673456 -1.829525
v -0.310824 1.444064 -2.239531
v -0.423592 1.340177 -2.135231
v -0.499549 1.272547 -2.045665
v -0.593912 1.177340 -1.898023
v -0.648476 1.130105 -1.773597
v -0.687765 1.069181 -1.669181
v -0.782332 0.969501 -1.317852
v -0.738252 1.013285 -1.490520
v -0.390358 1.368290 -2.168826
v -0.782233 0.969100 -1.288023
v -0.861719 0.883672 -0.571459
v -0.832276 0.899240 -0.946817
v -0.866200 0.893160 -0.529853
v -0.861110 0.899915 -0.137951
v -0.840853 0.921090 0.143385
v -0.793830 0.960019 0.459879
v -0.781434 0.955950 0.503845
v -0.700964 1.012503 0.734792
v -0.748094 0.974941 0.615925
v -0.652053 1.059612 0.840606
v -0.567609 1.155936 0.959809
v -0.499911 1.221405 1.036736
v -0.423088 1.305430 1.082760
v -0.334613 1.395210 1.133617
v -0.551484 1.219985 -1.972883
v -0.613199 1.105425 0.901423
v -0.388057 1.480074 1.018581
v -0.494368 1.353230 0.914558
v -0.616642 1.206361 0.735636
v -0.694822 1.163410 0.481244
v -0.760450 1.124975 0.105729
v -0.786082 1.100566 -0.219215
v -0.804118 1.040078 -0.572369
v -0.794856 1.051071 -0.669265
v -0.766308 1.074995 -0.976624
v -0.711632 1.126527 -1.350368
v -0.643396 1.194793 -1.621807
v -0.577529 1.259260 -1.806655
v -0.468690 1.370851 -1.982867
v -0.382977 1.441362 -2.089680
v -0.429821 1.487896 -1.936584
v -0.472349 1.526072 -1.775553
v -0.503392 1.544693 -1.641188
v -0.562839 1.559096 -1.331472
v -0.597890 1.562667 -1.067033
v -0.622822 1.576236 -0.749258
v -0.517410 1.539542 0.683969
v -0.573771 1.577141 0.372441
v -0.603212 1.630677 0.013519
v -0.566020 1.375954 -1.639149
v -0.646511 1.322509 -1.293148
v -0.683835 1.311828 -0.996105
v -0.702277 1.318097 -0.723069
v -0.694677 1.370201 -0.510661
v -0.710998 1.317926 -0.236193
v -0.673163 1.354449 0.152855
v -0.626751 1.357224 0.457132
v -0.619835 1.635730 -0.399246
v -0.093719 1.531289 -0.030741
v -0.080674 1.504440 -0.052551
v -0.055060 1.483858 -0.069468
v -0.021265 1.472255 -0.079252
v 0.015684 1.471477 -0.080348
v 0.050398 1.481693 -0.072553
v 0.077815 1.501151 -0.057215
v 0.093317 1.527376 -0.036271
v 0.094397 1.556171 -0.013070
v 0.081218 1.583006 0.008730
v 0.055858 1.603827 0.025837
v 0.022168 1.615521 0.035692
v -0.014793 1.616293 0.036784
v -0.049464 1.606031 0.028951
v -0.076627 1.586304 0.013393
v -0.092175 1.560073 -0.007556
v -0.103820 1.854724 -0.413899
v -0.093243 1.828830 -0.439063
v -0.074245 1.814772 -0.473500
v -0.045828 1.810807 -0.501460
v 0.001336 1.811715 -0.517939
v 0.046698 1.810807 -0.501460
v 0.075115 1.814772 -0.473500
v 0.096628 1.829281 -0.442169
v 0.104690 1.854724 -0.413899
v 0.094009 1.886121 -0.393612
v 0.072241 1.919288 -0.386471
v 0.046090 1.945846 -0.388403
v 0.001033 1.962191 -0.392300
v -0.045220 1.945846 -0.388403
v -0.069606 1.916538 -0.383715
v -0.090449 1.883911 -0.391053
v -0.092901 1.524977 -0.022705
v -0.078858 1.499081 -0.044171
v -0.053150 1.479833 -0.060335
v -0.020370 1.468941 -0.069699
v 0.015236 1.468107 -0.070768
v 0.048831 1.477787 -0.063298
v 0.076592 1.495583 -0.048756
v 0.092774 1.521038 -0.028210
v 0.094129 1.549650 -0.005105
v 0.081037 1.576422 0.016627
v 0.055208 1.596724 0.033061
v 0.022099 1.608467 0.043197
v -0.014540 1.609175 0.044118
v -0.048727 1.598857 0.036195
v -0.075746 1.579494 0.020903
v -0.091512 1.553566 0.000319
v -0.086727 1.523724 -0.019387
v -0.073497 1.499623 -0.039126
v -0.049442 1.481863 -0.054128
v -0.018896 1.471424 -0.062758
v 0.014287 1.470453 -0.063683
v 0.045782 1.479277 -0.056627
v 0.072065 1.495467 -0.042923
v 0.087831 1.518956 -0.023626
v 0.089596 1.545947 -0.001731
v 0.076729 1.571325 0.018480
v 0.051985 1.590267 0.033520
v 0.020714 1.601403 0.042467
v -0.013516 1.602231 0.043303
v -0.045289 1.592338 0.035431
v -0.070526 1.574382 0.021095
v -0.085309 1.550317 0.001936
v 0.000150 1.533629 -0.011147
v -0.139416 2.013956 -0.428587
v -0.139449 1.978345 -0.401459
v -0.139350 1.934895 -0.391019
v -0.139146 1.890611 -0.397072
v -0.138862 1.851889 -0.419502
v -0.138540 1.824438 -0.454899
v -0.138230 1.812947 -0.498161
v -0.137980 1.819037 -0.542510
v -0.137829 1.842034 -0.580925
v -0.137798 1.877858 -0.607859
v -0.137889 1.921101 -0.619448
v -0.138094 1.965466 -0.613309
v -0.138379 2.004043 -0.590600
v -0.138701 2.030870 -0.554778
v -0.139011 2.042494 -0.511576
v -0.139262 2.036419 -0.467263
v -0.102736 2.011756 -0.425464
v -0.098398 1.844281 -0.584016
v -0.097744 1.880980 -0.610313
v -0.097521 1.924932 -0.620518
v -0.097765 1.969429 -0.612962
v -0.098442 2.007473 -0.588705
v -0.099434 2.033690 -0.551972
v -0.100600 2.043657 -0.507971
v -0.101760 2.035975 -0.463522
v 0.137733 2.014170 -0.428300
v 0.137691 1.978409 -0.401164
v 0.137660 1.934887 -0.390340
v 0.137643 1.890447 -0.396466
v 0.137644 1.851619 -0.418979
v 0.137662 1.824294 -0.454617
v 0.137694 1.812823 -0.498022
v 0.137736 1.818827 -0.542522
v 0.137782 1.841902 -0.581048
v 0.137823 1.877801 -0.608116
v 0.137855 1.921194 -0.619666
v 0.137872 1.965682 -0.613502
v 0.137871 2.004362 -0.590715
v 0.137853 2.031360 -0.554845
v 0.137820 2.042928 -0.511487
v 0.137778 2.036829 -0.467035
v 0.105705 2.014426 -0.428300
v 0.103470 1.841801 -0.581413
v 0.102889 1.877676 -0.608783
v 0.102566 1.921249 -0.620377
v 0.102553 1.965929 -0.614241
v 0.102853 2.004727 -0.591279
v 0.103412 2.032088 -0.555413
v 0.104151 2.043491 -0.511794
v 0.104957 2.037318 -0.467140
v 0.000435 2.017594 -0.431854
v 0.000435 2.037819 -0.468353
v 0.000435 2.043515 -0.513072
v 0.000435 2.031656 -0.556809
v 0.000435 2.004333 -0.592133
v 0.000435 1.963485 -0.615306
v 0.000435 1.923069 -0.620535
v 0.000435 1.873929 -0.606765
v 0.000435 1.842535 -0.581891
v -0.144147 2.011378 -0.430882
v -0.144405 1.976922 -0.404517
v -0.143720 1.934702 -0.395236
v -0.143951 1.891819 -0.400621
v -0.144079 1.853957 -0.421938
v -0.144058 1.826733 -0.456140
v -0.143750 1.815415 -0.498384
v -0.143581 1.821208 -0.541782
v -0.143417 1.843899 -0.579255
v -0.142934 1.879261 -0.604946
v -0.142962 1.921288 -0.616091
v -0.143231 1.964329 -0.610165
v -0.143625 2.001915 -0.588279
v -0.143485 2.027380 -0.553131
v -0.143740 2.038526 -0.511359
v -0.143966 2.032870 -0.468515
v 0.143705 2.012894 -0.429435
v 0.143733 1.977788 -0.402533
v 0.143261 1.934839 -0.392979
v 0.143529 1.891230 -0.398518
v 0.143667 1.852814 -0.420311
v 0.143783 1.825612 -0.455302
v 0.143771 1.814214 -0.498147
v 0.143802 1.820228 -0.542053
v 0.143689 1.843350 -0.579733
v 0.143370 1.878970 -0.605691
v 0.143280 1.921358 -0.616837
v 0.143402 1.964793 -0.610974
v 0.143573 2.002808 -0.588974
v 0.143369 2.028818 -0.553618
v 0.143363 2.040322 -0.511319
v 0.143593 2.034805 -0.467730
v -0.145255 1.992315 -0.447560
v -0.145255 1.966199 -0.427605
v -0.145255 1.933550 -0.420483
v -0.145255 1.899789 -0.424707
v -0.145255 1.870396 -0.441225
v -0.145255 1.849338 -0.467545
v -0.145255 1.840593 -0.500014
v -0.145255 1.844947 -0.533431
v -0.145255 1.862450 -0.562204
v -0.145254 1.890036 -0.582290
v -0.145254 1.922807 -0.591026
v -0.145254 1.956088 -0.586318
v -0.145255 1.984942 -0.569532
v -0.145255 2.004583 -0.542288
v -0.145255 2.013281 -0.509735
v -0.145255 2.008855 -0.476627
v 0.146125 1.994245 -0.445750
v 0.146125 1.967270 -0.425070
v 0.146125 1.933687 -0.417870
v 0.146125 1.899116 -0.422171
v 0.146125 1.869056 -0.439075
v 0.146125 1.847916 -0.466381
v 0.146125 1.839064 -0.499684
v 0.146125 1.843707 -0.533668
v 0.146125 1.861695 -0.562793
v 0.146125 1.889694 -0.583148
v 0.146125 1.922883 -0.591963
v 0.146125 1.956713 -0.587345
v 0.146125 1.986122 -0.570365
v 0.146125 2.006313 -0.542751
v 0.146125 2.015437 -0.509587
v 0.146125 2.011151 -0.475666
v 0.146125 1.926314 -0.507293
v -0.145255 1.926314 -0.507293
v -0.115023 2.181916 -1.374849
v -0.102835 2.225255 -1.374699
v -0.075286 2.260881 -1.374928
v -0.036247 2.283357 -1.375508
v 0.008371 2.289175 -1.376352
v 0.051701 2.276990 -1.377334
v 0.087247 2.249365 -1.378301
v 0.109726 2.210321 -1.379109
v 0.115561 2.165691 -1.379634
v 0.103526 2.122297 -1.379788
v 0.075835 2.086801 -1.379555
v 0.036801 2.064299 -1.378975
v -0.007831 2.058493 -1.378131
v -0.051141 2.070699 -1.377148
v -0.086742 2.098275 -1.376181
v -0.109206 2.137286 -1.375373
v -0.207966 2.180923 -0.784886
v -0.188617 2.260651 -0.784078
v -0.140406 2.327059 -0.782632
v -0.071110 2.370929 -0.780774
v 0.009764 2.384504 -0.778767
v 0.089580 2.365717 -0.776925
v 0.156056 2.317590 -0.775529
v 0.200095 2.248331 -0.774764
v 0.214270 2.167514 -0.774768
v 0.195460 2.087707 -0.775564
v 0.147034 2.021515 -0.777014
v 0.077296 1.978190 -0.778880
v -0.003683 1.964636 -0.780889
v -0.083644 1.983184 -0.782736
v -0.150414 2.030926 -0.784141
v -0.194477 2.100080 -0.784907
v -0.227128 2.175759 -0.753429
v -0.210834 2.263898 -0.753193
v -0.160522 2.338072 -0.752629
v -0.085157 2.386707 -0.751835
v 0.002735 2.404186 -0.750942
v 0.090367 2.385377 -0.750081
v 0.164899 2.335526 -0.749377
v 0.214056 2.260592 -0.748948
v 0.229485 2.172296 -0.748866
v 0.211335 2.084468 -0.749121
v 0.162378 2.009415 -0.749672
v 0.087425 1.960313 -0.750462
v -0.000593 1.943544 -0.751356
v -0.088373 1.961533 -0.752219
v -0.162596 2.011733 -0.752919
v -0.210214 2.087661 -0.753333
v -0.230521 2.175559 -0.319551
v -0.212762 2.263983 -0.320433
v -0.162004 2.338561 -0.321659
v -0.086321 2.387711 -0.323036
v 0.002202 2.404930 -0.324353
v 0.090489 2.386499 -0.325407
v 0.165437 2.336238 -0.326051
v 0.215091 2.260914 -0.326172
v 0.231836 2.172288 -0.325753
v 0.213644 2.083945 -0.324866
v 0.163205 2.009216 -0.323643
v 0.087624 1.959920 -0.322267
v -0.000931 1.942999 -0.320952
v -0.089221 1.961271 -0.319896
v -0.164212 2.011503 -0.319251
v -0.213575 2.086953 -0.319135
v -0.209076 2.175515 -0.291260
v -0.191553 2.255899 -0.291483
v -0.145280 2.323980 -0.291943
v -0.077059 2.369924 -0.292573
v 0.003833 2.385323 -0.293285
v 0.084384 2.368287 -0.293965
v 0.151541 2.320813 -0.294503
v 0.196784 2.252045 -0.294832
v 0.212858 2.171374 -0.294899
v 0.195475 2.091038 -0.294678
v 0.148649 2.023307 -0.294213
v 0.080506 1.977312 -0.293584
v -0.000294 1.961955 -0.292872
v -0.080818 1.978777 -0.292192
v -0.148110 2.026054 -0.291653
v -0.193512 2.094759 -0.291322
v -0.210162 2.167787 -0.194205
v -0.195481 2.249787 -0.192827
v -0.150614 2.319992 -0.191396
v -0.082998 2.368479 -0.190123
v -0.001510 2.385706 -0.189224
v 0.080426 2.370744 -0.188819
v 0.149352 2.324087 -0.189003
v 0.195963 2.254946 -0.189707
v 0.212959 2.173363 -0.190833
v 0.198188 2.091330 -0.192212
v 0.153185 2.021248 -0.193643
v 0.085800 1.972366 -0.194920
v 0.004510 1.954370 -0.195829
v -0.077169 1.970566 -0.196213
v -0.145980 2.017468 -0.196025
v -0.193040 2.086230 -0.195330
v -0.241614 2.172535 -0.166593
v -0.223963 2.265488 -0.164860
v -0.171764 2.344187 -0.163701
v -0.093319 2.397011 -0.163282
v -0.001125 2.417353 -0.163635
v 0.091213 2.397788 -0.164795
v 0.169800 2.345188 -0.166509
v 0.222555 2.266923 -0.168529
v 0.240271 2.173950 -0.170556
v 0.223056 2.080923 -0.172294
v 0.171285 2.001749 -0.173466
v 0.092846 1.949079 -0.173882
v 0.000243 1.930072 -0.173499
v -0.092431 1.948677 -0.172355
v -0.171101 2.000969 -0.170646
v -0.223486 2.079693 -0.168621
v -0.244547 2.172731 0.170051
v -0.226784 2.263547 0.169345
v -0.171739 2.347350 0.171259
v -0.096636 2.397129 0.172812
v -0.001749 2.418171 0.174997
v 0.093011 2.398816 0.172615
v 0.172953 2.346310 0.172815
v 0.224869 2.270295 0.169030
v 0.244988 2.178027 0.172636
v 0.228440 2.081411 0.172498
v 0.171180 1.997663 0.174740
v 0.089413 1.945818 0.174888
v 0.000692 1.927066 0.176443
v -0.094498 1.947697 0.174704
v -0.172946 2.000245 0.173823
v -0.225196 2.078178 0.175114
v -0.112391 2.185350 -1.859634
v -0.099267 2.227366 -1.859590
v -0.071175 2.261317 -1.859936
v -0.032800 2.282935 -1.860602
v 0.010947 2.287558 -1.861519
v 0.052871 2.274298 -1.862534
v 0.086750 2.246132 -1.863492
v 0.108013 2.207584 -1.864256
v 0.112768 2.163818 -1.864702
v 0.099724 2.121771 -1.864748
v 0.071818 2.087708 -1.864407
v 0.033086 2.066789 -1.863728
v -0.010700 2.062315 -1.862810
v -0.052833 2.075029 -1.861793
v -0.086915 2.102910 -1.860833
v -0.107983 2.141579 -1.860072
v 0.008847 2.267798 -1.909943
v 0.005438 2.230508 -1.932114
v -0.000134 2.173515 -1.937997
v -0.005006 2.119692 -1.929595
v -0.008254 2.085934 -1.908795
v 0.053632 2.168145 -1.931203
v 0.087819 2.164730 -1.911652
v 0.043425 2.210665 -1.931408
v 0.063326 2.193813 -1.926875
v 0.031741 2.235274 -1.927069
v 0.071320 2.234718 -1.907943
v 0.088438 2.201710 -1.908394
v 0.043802 2.259981 -1.906422
v 0.035156 2.130734 -1.929574
v -0.042920 2.138623 -1.929606
v 0.056752 2.142128 -1.925964
v -0.054981 2.175725 -1.930699
v 0.020293 2.111368 -1.924557
v -0.031408 2.116814 -1.924867
v 0.078552 2.129860 -1.908593
v 0.058160 2.103424 -1.906277
v 0.029183 2.087722 -1.906054
v -0.044413 2.095435 -1.906766
v -0.070578 2.117479 -1.907061
v -0.062815 2.152517 -1.925242
v -0.035847 2.215252 -1.932164
v -0.019934 2.237985 -1.928064
v -0.059203 2.201714 -1.927198
v -0.028036 2.264306 -1.908962
v -0.059485 2.243356 -1.910326
v -0.083022 2.213398 -1.908721
v -0.090033 2.175996 -1.909630
v -0.086946 2.144710 -1.906584
v -0.059993 2.170350 0.453859
v -0.056280 2.193940 0.453881
v -0.043902 2.214159 0.453487
v -0.024513 2.228317 0.452522
v -0.001477 2.234068 0.451804
v 0.022458 2.229615 0.450612
v 0.041310 2.217732 0.449810
v 0.055144 2.198639 0.449079
v 0.060827 2.175462 0.448522
v 0.056723 2.151886 0.448803
v 0.044257 2.131812 0.449153
v 0.024814 2.118262 0.450096
v 0.001096 2.112804 0.451148
v -0.024184 2.118240 0.452123
v -0.041104 2.129283 0.453350
v -0.053774 2.146549 0.453595
v -0.062401 2.172558 0.180632
v -0.057923 2.196635 0.180534
v -0.044702 2.217245 0.180469
v -0.024593 2.231184 0.180449
v -0.000687 2.236460 0.180474
v 0.023376 2.232009 0.180544
v 0.043166 2.219378 0.183174
v 0.057917 2.198654 0.180763
v 0.063139 2.174724 0.180880
v 0.058789 2.150632 0.180978
v 0.045374 2.130146 0.181042
v 0.025377 2.116063 0.181064
v 0.001482 2.110814 0.181038
v -0.022592 2.115235 0.180969
v -0.043067 2.128606 0.180867
v -0.057148 2.148640 0.180749
v -0.002085 2.274936 -0.057449
v 0.030814 2.270355 -0.057333
v 0.061503 2.252224 -0.059271
v 0.082050 2.230545 -0.058751
v 0.098675 2.185535 -0.058854
v 0.091465 2.136791 -0.060251
v 0.074934 2.110103 -0.060449
v 0.046157 2.085012 -0.061152
v 0.004487 2.073951 -0.060706
v -0.034392 2.080042 -0.061416
v -0.067133 2.097638 -0.061307
v -0.088212 2.131803 -0.060734
v -0.098644 2.174585 -0.060766
v -0.093706 2.210631 -0.061021
v -0.071812 2.244069 -0.061760
v -0.041623 2.265365 -0.059243
v -0.002015 2.411389 0.166062
v -0.095676 2.390770 0.165573
v -0.168306 2.341019 0.167063
v -0.219926 2.261527 0.165158
v -0.237747 2.174668 0.166229
v -0.219550 2.080152 0.168422
v -0.167212 2.003444 0.168693
v -0.091631 1.952898 0.168509
v -0.000360 1.934528 0.168627
v 0.085128 1.950811 0.167374
v 0.167620 2.003495 0.168270
v 0.220030 2.082886 0.166373
v 0.239426 2.181682 0.168181
v 0.218829 2.266249 0.165267
v 0.169684 2.339974 0.166642
v 0.090015 2.392318 0.163805
v 0.003118 2.098472 0.058967
v 0.032487 2.106190 0.059953
v 0.055305 2.123982 0.060994
v 0.069777 2.147765 0.060808
v 0.074097 2.179500 0.060902
v 0.064543 2.209721 0.060524
v 0.047438 2.230255 0.059562
v 0.024378 2.243590 0.059899
v -0.001876 2.247650 0.059818
v -0.029644 2.241199 0.058891
v -0.052918 2.225219 0.056097
v -0.068545 2.200949 0.058161
v -0.073875 2.172880 0.059742
v -0.067197 2.143063 0.060488
v -0.049983 2.118797 0.058880
v -0.025910 2.103331 0.058329
v -0.062568 2.170148 0.467060
v -0.058007 2.194695 0.467220
v -0.044578 2.215319 0.466908
v -0.024356 2.229132 0.465993
v -0.000937 2.234425 0.465288
v 0.023183 2.229856 0.464088
v 0.042138 2.217933 0.463278
v 0.056147 2.198688 0.462536
v 0.062098 2.175420 0.461950
v 0.058336 2.151464 0.462180
v 0.046123 2.130548 0.462430
v 0.026390 2.116078 0.463258
v 0.001654 2.109708 0.464189
v -0.024888 2.114884 0.465102
v -0.043189 2.126396 0.466311
v -0.056558 2.145067 0.466665
v -0.073758 2.169675 0.482947
v -0.067454 2.198521 0.483683
v -0.050832 2.222019 0.483918
v -0.027015 2.236704 0.483447
v -0.000352 2.241461 0.483073
v 0.026403 2.235942 0.482013
v 0.047481 2.222759 0.481137
v 0.063452 2.201580 0.480172
v 0.070887 2.175709 0.479171
v 0.067903 2.148251 0.478674
v 0.054659 2.123360 0.478239
v 0.032136 2.105216 0.478213
v 0.002561 2.096859 0.478712
v -0.029072 2.102537 0.479492
v -0.051614 2.116672 0.480918
v -0.067491 2.139796 0.481899
v -0.090050 2.169164 0.501953
v -0.082258 2.204691 0.502916
v -0.061609 2.233616 0.503330
v -0.032447 2.251776 0.502714
v 0.000374 2.257671 0.502172
v 0.033090 2.250695 0.501147
v 0.058837 2.234110 0.500376
v 0.078336 2.208211 0.499216
v 0.087426 2.176597 0.497977
v 0.084182 2.142911 0.496958
v 0.068002 2.112130 0.496214
v 0.040394 2.089523 0.495894
v 0.003791 2.079268 0.496473
v -0.034727 2.085930 0.497349
v -0.062707 2.103902 0.499340
v -0.082634 2.132602 0.500479
v -0.102972 2.168467 0.525693
v -0.094054 2.209423 0.526779
v -0.070146 2.242817 0.527261
v -0.036546 2.263588 0.526683
v 0.001149 2.270177 0.526126
v 0.038624 2.262347 0.524903
v 0.068453 2.243387 0.523873
v 0.091021 2.213566 0.522483
v 0.101359 2.177078 0.521146
v 0.097585 2.138280 0.519985
v 0.078772 2.102882 0.519238
v 0.047082 2.076819 0.518812
v 0.004958 2.065055 0.519440
v -0.038904 2.072519 0.520441
v -0.071344 2.093370 0.522677
v -0.094449 2.126615 0.524058
v -0.109600 2.167649 0.552072
v -0.100045 2.211531 0.553247
v -0.074315 2.247344 0.553777
v -0.038350 2.269464 0.553200
v 0.001885 2.276472 0.552595
v 0.041888 2.268191 0.551282
v 0.073845 2.247922 0.550161
v 0.098134 2.216023 0.548640
v 0.109230 2.176911 0.547186
v 0.105076 2.135348 0.545976
v 0.084964 2.097319 0.545149
v 0.050987 2.069424 0.544713
v 0.005865 2.056923 0.545391
v -0.040791 2.064711 0.546439
v -0.075641 2.087159 0.548824
v -0.100530 2.122966 0.550334
v -0.109349 2.166753 0.579259
v -0.099674 2.210785 0.580439
v -0.073743 2.246769 0.580965
v -0.037769 2.269050 0.580394
v 0.002530 2.276043 0.579784
v 0.042637 2.267769 0.578467
v 0.074637 2.247404 0.577330
v 0.099077 2.215352 0.575816
v 0.110313 2.176108 0.574352
v 0.106152 2.134327 0.573127
v 0.085919 2.096017 0.572295
v 0.051795 2.068000 0.571860
v 0.006448 2.055516 0.572544
v -0.040188 2.063202 0.573590
v -0.075128 2.085853 0.575982
v -0.100302 2.121966 0.577514
v -0.101360 2.165744 0.607966
v -0.092250 2.206860 0.609035
v -0.067866 2.240503 0.609493
v -0.034403 2.261366 0.608995
v 0.003088 2.267819 0.608438
v 0.040519 2.260130 0.607203
v 0.070222 2.241133 0.606118
v 0.093174 2.211180 0.604730
v 0.103721 2.174548 0.603391
v 0.099864 2.135468 0.602230
v 0.080910 2.099545 0.601472
v 0.049073 2.073398 0.601049
v 0.006669 2.061704 0.601701
v -0.036757 2.068796 0.602670
v -0.069176 2.090059 0.604882
v -0.092956 2.123941 0.606325
v -0.087365 2.164838 0.631369
v -0.079429 2.200618 0.632289
v -0.058158 2.230118 0.632765
v -0.029020 2.248131 0.632231
v 0.003412 2.253630 0.631742
v 0.035985 2.246982 0.630666
v 0.061756 2.230722 0.629873
v 0.081732 2.204441 0.628561
v 0.090923 2.172589 0.627404
v 0.087690 2.138508 0.626444
v 0.071153 2.107045 0.625839
v 0.043488 2.084301 0.625424
v 0.006466 2.074122 0.625990
v -0.031256 2.080234 0.626816
v -0.059249 2.098689 0.628787
v -0.080187 2.128445 0.630011
v -0.067206 2.163971 0.651458
v -0.061004 2.191934 0.652179
v -0.044161 2.215128 0.652524
v -0.021523 2.229142 0.652081
v 0.003557 2.233320 0.651692
v 0.029071 2.228160 0.650889
v 0.048814 2.215587 0.650242
v 0.064599 2.194954 0.649222
v 0.071792 2.170123 0.648342
v 0.069257 2.143485 0.647560
v 0.056251 2.118778 0.647070
v 0.034888 2.100963 0.646861
v 0.005841 2.093060 0.647235
v -0.023506 2.097742 0.647883
v -0.044934 2.112056 0.649463
v -0.061612 2.135596 0.650367
v -0.042790 2.163701 0.665797
v -0.039860 2.182592 0.665595
v -0.028469 2.197722 0.665889
v -0.013704 2.208309 0.665174
v 0.003744 2.210598 0.665151
v 0.020896 2.207987 0.664193
v 0.034682 2.198324 0.664010
v 0.045777 2.184897 0.663077
v 0.049714 2.167596 0.663071
v 0.048454 2.149435 0.662266
v 0.038783 2.133571 0.662607
v 0.024334 2.121296 0.662456
v 0.005369 2.117424 0.663449
v -0.013469 2.119988 0.663785
v -0.027918 2.130130 0.664819
v -0.039449 2.144799 0.664967
v -0.022666 2.163987 0.672164
v -0.025772 2.176699 0.670901
v -0.014610 2.183589 0.672137
v -0.008124 2.194540 0.670458
v 0.004048 2.191445 0.671491
v 0.015826 2.194681 0.669609
v 0.022328 2.184268 0.670813
v 0.033184 2.178496 0.668863
v 0.030912 2.166166 0.670292
v 0.034706 2.153954 0.668466
v 0.024243 2.146535 0.670306
v 0.017926 2.134884 0.668707
v 0.005082 2.137287 0.670754
v -0.007636 2.133770 0.669577
v -0.014329 2.144573 0.671549
v -0.025569 2.151007 0.670490
v 0.004509 2.164709 0.674481
v 0.280652 1.558388 1.169925
v 0.357162 1.632607 1.109818
v 0.450369 1.694143 1.002090
v 0.505734 1.748003 0.867381
v 0.549179 1.785438 0.690836
v 0.585664 1.815016 0.468833
v 0.612064 1.843634 0.209976
v 0.628626 1.869628 -0.092693
v 0.608456 1.891288 -0.130899
v 0.614641 1.880462 -0.648013
v 0.632280 1.857449 -0.707526
v 0.612503 1.845638 -0.990363
v 0.597106 1.829913 -1.178387
v 0.557941 1.797439 -1.452026
v 0.522291 1.763660 -1.627982
v 0.493902 1.741079 -1.735407
v 0.464131 1.715633 -1.835417
v 0.437353 1.692013 -1.920599
v 0.401477 1.655489 -2.022079
v 0.368624 1.620702 -2.113009
v 0.337356 1.601891 -2.177471
v 0.322334 1.570970 -2.237961
v 0.294144 1.555980 -2.293009
v 0.316643 1.518735 -2.298688
v 0.379901 1.472715 -2.245228
v 0.450303 1.407249 -2.165588
v 0.514696 1.337994 -2.103982
v 0.569965 1.281399 -2.021988
v 0.633068 1.203312 -1.908744
v 0.685035 1.139783 -1.797257
v 0.725086 1.059512 -1.657953
v 0.762272 1.013314 -1.518304
v 0.810615 0.965218 -1.297806
v 0.812779 0.941323 -1.252388
v 0.854177 0.903183 -0.907797
v 0.872205 0.879341 -0.614511
v 0.881551 0.896049 -0.550235
v 0.883245 0.888651 -0.319681
v 0.880252 0.897172 -0.147474
v 0.868546 0.906611 0.042479
v 0.853210 0.928100 0.237882
v 0.835783 0.938634 0.355391
v 0.816191 0.957585 0.461947
v 0.799391 0.951939 0.511075
v 0.763708 0.990438 0.639480
v 0.716269 1.044146 0.770532
v 0.658429 1.110715 0.890225
v 0.581221 1.205367 0.997887
v 0.497112 1.303217 1.079242
v 0.389054 1.433191 1.145024
v 0.454706 1.532643 1.086989
v 0.451031 1.598459 1.063804
v 0.530607 1.616252 0.972814
v 0.598373 1.650120 0.825506
v 0.643161 1.682392 0.643472
v 0.674422 1.712532 0.434094
v 0.695649 1.743069 0.199620
v 0.705721 1.763426 -0.047415
v 0.702761 1.782010 -0.245230
v 0.706521 1.776862 -0.536122
v 0.707416 1.761359 -0.734532
v 0.697209 1.745291 -0.957550
v 0.680145 1.727534 -1.160281
v 0.655415 1.702413 -1.362985
v 0.622435 1.677440 -1.532418
v 0.587139 1.657320 -1.665810
v 0.548518 1.641105 -1.780358
v 0.513517 1.627669 -1.870410
v 0.484802 1.599708 -1.956317
v 0.442372 1.575013 -2.052521
v 0.398675 1.557951 -2.138982
v 0.364489 1.534476 -2.218374
v 0.430049 1.494741 -2.147531
v 0.443577 1.523358 -2.099415
v 0.493895 1.520765 -2.015433
v 0.546953 1.536957 -1.905832
v 0.560235 1.573976 -1.840871
v 0.604222 1.557577 -1.764168
v 0.655168 1.561530 -1.631605
v 0.696662 1.574641 -1.481975
v 0.730658 1.591833 -1.315878
v 0.756780 1.608957 -1.131935
v 0.775446 1.622445 -0.935142
v 0.787582 1.633875 -0.725771
v 0.792993 1.641022 -0.510654
v 0.794434 1.637581 -0.270781
v 0.791618 1.622842 -0.045775
v 0.780396 1.604075 0.187409
v 0.756859 1.581805 0.410051
v 0.722680 1.557384 0.610804
v 0.676687 1.525273 0.796942
v 0.590383 1.497957 0.969580
v 0.470893 1.454576 1.095982
v 0.557884 1.391792 1.034115
v 0.640088 1.306697 0.950848
v 0.717589 1.235526 0.839289
v 0.771687 1.157311 0.720356
v 0.806653 1.096736 0.604076
v 0.829707 1.055105 0.506354
v 0.850743 1.046212 0.420667
v 0.869226 1.032290 0.309906
v 0.883425 1.016765 0.193209
v 0.899382 1.017532 0.044536
v 0.912671 1.021267 -0.132303
v 0.919451 1.021824 -0.319370
v 0.917315 1.023130 -0.518008
v 0.907837 1.029801 -0.690988
v 0.890223 1.048065 -0.916472
v 0.864274 1.070933 -1.147432
v 0.839747 1.093179 -1.298706
v 0.799637 1.122848 -1.458772
v 0.761984 1.159455 -1.581271
v 0.725561 1.224722 -1.695576
v 0.671715 1.281343 -1.810880
v 0.609383 1.347627 -1.913714
v 0.552327 1.377962 -2.009336
v 0.516847 1.449945 -2.027411
v 0.622448 1.450104 -1.825995
v 0.686701 1.350804 -1.743992
v 0.744148 1.320265 -1.605529
v 0.778456 1.235733 -1.535261
v 0.811317 1.229224 -1.428614
v 0.848409 1.219513 -1.281644
v 0.876688 1.208731 -1.113786
v 0.900230 1.196805 -0.914314
v 0.917887 1.185664 -0.708105
v 0.928349 1.177081 -0.510416
v 0.928779 1.169381 -0.307090
v 0.921397 1.155788 -0.108668
v 0.908261 1.130618 0.072368
v 0.895626 1.092678 0.177553
v 0.886840 1.131433 0.265622
v 0.866968 1.144120 0.397323
v 0.847410 1.129111 0.482308
v 0.835580 1.189089 0.538972
v 0.801318 1.260257 0.645156
v 0.742476 1.370879 0.758260
v 0.668767 1.394253 0.900388
v 0.784123 1.423201 0.581744
v 0.820823 1.433592 0.398220
v 0.848727 1.444229 0.177887
v 0.860985 1.466223 -0.053605
v 0.864774 1.482832 -0.279572
v 0.862333 1.490970 -0.503839
v 0.854126 1.491262 -0.716456
v 0.838980 1.487568 -0.920923
v 0.817348 1.481191 -1.113783
v 0.788244 1.471564 -1.292015
v 0.751782 1.460049 -1.457788
v 0.703139 1.449755 -1.627608
v 0.790513 1.339253 -1.440853
v 0.828790 1.345608 -1.280738
v 0.858766 1.346620 -1.106734
v 0.881936 1.344450 -0.914506
v 0.899323 1.340751 -0.711973
v 0.908518 1.334849 -0.504783
v 0.910088 1.323933 -0.290092
v 0.905135 1.302412 -0.069191
v 0.891785 1.257247 0.173394
v 0.856697 1.270311 0.413693
v 0.819281 1.319205 0.548850
v 0.270186 1.558910 1.171353
v 0.348773 1.639506 1.107102
v 0.441493 1.700630 0.999850
v 0.495915 1.752928 0.865605
v 0.539538 1.790867 0.689745
v 0.576056 1.820628 0.468319
v 0.601845 1.846880 0.209552
v 0.619000 1.873908 -0.089365
v 0.600385 1.891661 -0.129103
v 0.605561 1.880640 -0.649554
v 0.623263 1.863731 -0.709739
v 0.602390 1.848434 -0.989830
v 0.588122 1.835906 -1.178022
v 0.548151 1.798702 -1.450504
v 0.512507 1.764721 -1.626269
v 0.485625 1.739770 -1.732680
v 0.457547 1.712069 -1.832383
v 0.429137 1.694300 -1.918694
v 0.394670 1.654765 -2.019401
v 0.361056 1.622556 -2.110516
v 0.328173 1.607890 -2.176479
v 0.316545 1.575664 -2.237547
v 0.319178 1.509213 -2.300460
v 0.377127 1.463104 -2.250450
v 0.447475 1.398147 -2.171629
v 0.511032 1.328643 -2.109123
v 0.566806 1.271667 -2.026753
v 0.629450 1.193490 -1.913040
v 0.680324 1.130416 -1.801034
v 0.720014 1.049953 -1.660753
v 0.756990 1.003384 -1.519671
v 0.804987 0.955840 -1.300462
v 0.807086 0.931910 -1.254739
v 0.848221 0.893626 -0.908167
v 0.865491 0.870617 -0.613047
v 0.876467 0.886097 -0.548755
v 0.878008 0.878633 -0.319623
v 0.873933 0.887790 -0.147262
v 0.861438 0.897862 0.042574
v 0.847975 0.918111 0.238312
v 0.829860 0.929022 0.355611
v 0.810784 0.947755 0.460845
v 0.793296 0.942518 0.510056
v 0.756992 0.981462 0.640511
v 0.709635 1.035109 0.772094
v 0.651451 1.102035 0.892211
v 0.573676 1.197170 0.999780
v 0.488761 1.295865 1.079780
v 0.380858 1.425649 1.146771
v 0.269182 1.558235 1.167721
v 0.344519 1.639306 1.102716
v 0.436560 1.699629 0.996405
v 0.491883 1.748442 0.862935
v 0.535221 1.786652 0.688127
v 0.571994 1.816119 0.467270
v 0.598704 1.840808 0.208712
v 0.613337 1.871484 -0.088913
v 0.594206 1.890727 -0.127939
v 0.599293 1.880219 -0.650454
v 0.617088 1.864794 -0.710513
v 0.596248 1.850200 -0.989476
v 0.584117 1.831537 -1.177150
v 0.546874 1.790879 -1.449061
v 0.511934 1.757703 -1.624662
v 0.486104 1.732388 -1.730911
v 0.458884 1.703992 -1.830718
v 0.430081 1.686769 -1.916769
v 0.396997 1.646306 -2.017196
v 0.360771 1.616299 -2.113813
v 0.328846 1.605049 -2.178683
v 0.283297 1.560933 -2.299938
v 0.319123 1.506507 -2.300485
v 0.373278 1.460330 -2.248942
v 0.444461 1.392901 -2.173549
v 0.507006 1.323963 -2.109746
v 0.563473 1.266560 -2.028233
v 0.625880 1.188352 -1.914397
v 0.674884 1.127802 -1.800716
v 0.714704 1.048410 -1.659902
v 0.751441 1.000579 -1.518991
v 0.799853 0.952215 -1.301057
v 0.801544 0.929558 -1.254967
v 0.843027 0.889893 -0.907982
v 0.859323 0.870436 -0.612317
v 0.872385 0.881240 -0.547952
v 0.872661 0.876458 -0.319634
v 0.867805 0.886837 -0.147455
v 0.855526 0.899140 0.042034
v 0.842853 0.914646 0.238151
v 0.824188 0.927960 0.354753
v 0.805720 0.944289 0.459619
v 0.787641 0.941337 0.508359
v 0.751385 0.978508 0.639772
v 0.704791 1.030989 0.772043
v 0.646644 1.097821 0.892342
v 0.568470 1.193803 0.998705
v 0.484213 1.294601 1.075836
v 0.375878 1.422173 1.145051
v 0.285104 1.557108 1.153575
v 0.346658 1.624780 1.092290
v 0.434952 1.683828 0.988185
v 0.491018 1.730908 0.857553
v 0.534602 1.768621 0.684853
v 0.571901 1.798003 0.465198
v 0.599203 1.822664 0.206914
v 0.612608 1.854343 -0.093429
v 0.605795 1.863874 -0.133302
v 0.609283 1.848558 -0.646234
v 0.611987 1.848965 -0.708607
v 0.604245 1.806258 -0.985792
v 0.584710 1.813542 -1.175017
v 0.549577 1.781370 -1.438385
v 0.514893 1.740315 -1.621604
v 0.491186 1.709534 -1.727908
v 0.462319 1.694833 -1.825926
v 0.435195 1.669949 -1.913434
v 0.402698 1.623123 -2.020492
v 0.364751 1.612683 -2.108338
v 0.326095 1.597724 -2.189276
v 0.287667 1.560116 -2.292006
v 0.294703 1.541138 -2.301306
v 0.320852 1.511937 -2.287351
v 0.410157 1.435513 -2.198348
v 0.458647 1.378543 -2.141910
v 0.511894 1.318783 -2.084819
v 0.554652 1.273785 -2.017743
v 0.615980 1.196064 -1.904880
v 0.665916 1.141563 -1.789986
v 0.707333 1.064036 -1.650735
v 0.741547 1.014256 -1.512585
v 0.788343 0.962988 -1.295717
v 0.792600 0.946131 -1.249276
v 0.829691 0.899294 -0.905922
v 0.849670 0.886897 -0.611866
v 0.861743 0.887208 -0.532657
v 0.863208 0.893765 -0.320136
v 0.858544 0.902382 -0.148839
v 0.846980 0.916594 0.040182
v 0.832728 0.929006 0.235683
v 0.814444 0.944787 0.350904
v 0.794216 0.956791 0.450395
v 0.777989 0.957051 0.503506
v 0.738606 0.987201 0.632888
v 0.691202 1.034841 0.764601
v 0.634123 1.100205 0.883146
v 0.562372 1.201473 0.984966
v 0.482967 1.303998 1.059815
v 0.374961 1.427008 1.128865
v 0.314568 1.572778 -2.237386
v 0.314599 1.576036 -2.237317
v 0.294146 1.539164 -2.307284
v 0.306795 1.521147 -2.306728
v 0.310544 1.520935 -2.296127
v 0.343409 1.535499 -2.219079
v 0.425689 1.462629 -2.121275
v 0.396642 1.549688 -2.099415
v 0.481347 1.457009 -1.983153
v 0.592813 1.338237 -1.766517
v 0.674885 1.208192 -1.566736
v 0.505350 1.544156 -1.826369
v 0.598338 1.559480 -1.430490
v 0.719540 1.236724 -1.181053
v 0.662312 1.532290 -0.979344
v 0.676360 1.546723 -0.656632
v 0.682026 1.535146 -0.354688
v 0.759584 1.231381 -0.517534
v 0.754754 1.210666 0.024951
v 0.732574 1.238139 0.205634
v 0.688422 1.281900 0.439652
v 0.575127 1.404020 0.766666
v 0.486262 1.478654 0.943577
v 0.413732 1.556215 1.024924
v 0.488181 1.601474 0.889027
v 0.516143 1.660261 0.795903
v 0.561011 1.650882 0.635953
v 0.600000 1.669699 0.418655
v 0.642087 1.622580 0.150085
v 0.553327 1.541279 0.736594
v 0.636160 1.445097 0.484125
v 0.679977 1.396238 0.282444
v 0.706927 1.377747 0.048221
vt 0.323893 0.062286
vt 0.326433 0.057514
vt 0.328567 0.060249
vt 0.327860 0.063681
vt 0.325620 0.072178
vt 0.323216 0.067572
vt 0.326531 0.066790
vt 0.328791 0.069088
vt 0.334264 0.075908
vt 0.329479 0.075541
vt 0.330511 0.071953
vt 0.333386 0.071033
vt 0.341138 0.069189
vt 0.338639 0.073835
vt 0.336422 0.070839
vt 0.337126 0.067459
vt 0.339815 0.058883
vt 0.341940 0.063788
vt 0.338549 0.064344
vt 0.336355 0.061868
vt 0.334671 0.058940
vt 0.331655 0.059913
vt 0.330975 0.055213
vt 0.335953 0.055459
vt 0.332496 0.065483
vt 0.322738 0.052913
vt 0.329984 0.048510
vt 0.318263 0.060516
vt 0.317357 0.068983
vt 0.321121 0.076464
vt 0.327758 0.081764
vt 0.335676 0.083100
vt 0.342579 0.079099
vt 0.346925 0.071677
vt 0.347967 0.062901
vt 0.345000 0.054740
vt 0.338262 0.049498
vt 0.328033 0.037779
vt 0.316679 0.045888
vt 0.309642 0.058058
vt 0.307807 0.071279
vt 0.314333 0.082657
vt 0.325093 0.091098
vt 0.338122 0.094695
vt 0.348887 0.086812
vt 0.355570 0.075263
vt 0.357243 0.061948
vt 0.353194 0.048914
vt 0.341825 0.040689
vt 0.326012 0.029472
vt 0.311438 0.040719
vt 0.301814 0.055099
vt 0.296430 0.073296
vt 0.306940 0.089428
vt 0.321926 0.099138
vt 0.340447 0.103661
vt 0.354940 0.092092
vt 0.363428 0.078144
vt 0.365675 0.061884
vt 0.361564 0.043645
vt 0.344714 0.033673
vt 0.313616 0.022533
vt 0.304306 0.035965
vt 0.294736 0.050134
vt 0.285550 0.064070
vt 0.289383 0.085529
vt 0.302357 0.096756
vt 0.317211 0.106259
vt 0.331334 0.114399
vt 0.354727 0.109438
vt 0.362940 0.095565
vt 0.370702 0.081121
vt 0.374092 0.064747
vt 0.376470 0.048294
vt 0.347692 0.025410
vt 0.332650 0.018897
vt 0.363364 0.031201
vt 0.306365 0.019766
vt 0.298473 0.032762
vt 0.289463 0.045570
vt 0.279974 0.057807
vt 0.286142 0.093111
vt 0.300137 0.101392
vt 0.313819 0.110176
vt 0.325741 0.119586
vt 0.363220 0.110906
vt 0.368301 0.096565
vt 0.374655 0.082712
vt 0.379442 0.067985
vt 0.385602 0.053373
vt 0.349725 0.019063
vt 0.335979 0.013245
vt 0.364798 0.023012
vt 0.298403 0.017459
vt 0.292520 0.029647
vt 0.284592 0.041179
vt 0.275008 0.051174
vt 0.283776 0.101037
vt 0.297011 0.107543
vt 0.309330 0.115461
vt 0.319197 0.124693
vt 0.372101 0.111280
vt 0.375355 0.097892
vt 0.380571 0.085013
vt 0.385552 0.071695
vt 0.392292 0.058776
vt 0.352056 0.012438
vt 0.340060 0.006786
vt 0.365673 0.015704
vt 0.290275 0.015665
vt 0.285579 0.025946
vt 0.278676 0.036008
vt 0.270476 0.044190
vt 0.281907 0.109148
vt 0.293387 0.114502
vt 0.304267 0.121484
vt 0.312304 0.129370
vt 0.380604 0.111171
vt 0.383113 0.099656
vt 0.387681 0.087766
vt 0.392498 0.075539
vt 0.398620 0.064453
vt 0.366104 0.007605
vt 0.354675 0.005006
vt 0.344878 0.000252
vn -0.346274 -0.291804 0.891597
vn -0.226379 -0.454649 0.861421
vn -0.136277 -0.315153 0.939205
vn -0.170354 -0.220797 0.960327
vn -0.321931 0.055655 0.945126
vn -0.378256 -0.109646 0.919184
vn -0.224969 -0.133694 0.965150
vn -0.162056 -0.063339 0.984747
vn 0.009364 0.229009 0.973379
vn -0.184040 0.183185 0.965698
vn -0.116402 0.025903 0.992864
vn -0.011053 0.007530 0.999911
vn 0.331056 0.026738 0.943232
vn 0.197330 0.173925 0.964785
vn 0.093497 0.015759 0.995495
vn 0.125992 -0.078904 0.988888
vn 0.324446 -0.371331 0.869970
vn 0.382912 -0.172954 0.907450
vn 0.178893 -0.162735 0.970317
vn 0.113062 -0.245406 0.962805
vn 0.065650 -0.335574 0.939724
vn -0.035287 -0.316529 0.947926
vn -0.036623 -0.539335 0.841294
vn 0.170544 -0.510844 0.842587
vn -0.023378 -0.157172 0.987295
vn -0.345458 -0.655371 0.671675
vn -0.037844 -0.792779 0.608333
vn -0.532832 -0.382226 0.754979
vn -0.568052 -0.082085 0.818889
vn -0.474657 0.186602 0.860163
vn -0.258399 0.398154 0.880172
vn 0.043816 0.486993 0.872306
vn 0.348638 0.399909 0.847659
vn 0.579112 0.159543 0.799485
vn 0.658178 -0.168895 0.733673
vn 0.557377 -0.494161 0.667186
vn 0.298988 -0.729268 0.615446
vn -0.045104 -0.940296 0.337356
vn -0.461698 -0.782043 0.418621
vn -0.732304 -0.438522 0.520990
vn -0.799635 -0.022739 0.600056
vn -0.668922 0.355105 0.653026
vn -0.369678 0.632229 0.680900
vn 0.064892 0.747993 0.660527
vn 0.486942 0.606546 0.628482
vn 0.776822 0.288520 0.559736
vn 0.864477 -0.135210 0.484146
vn 0.724873 -0.552213 0.411849
vn 0.390724 -0.848974 0.355777
vn -0.055824 -0.998413 0.007484
vn -0.539401 -0.837981 0.082673
vn -0.866623 -0.460814 0.191352
vn -0.960814 0.028135 0.275761
vn -0.804514 0.493764 0.330083
vn -0.434738 0.823953 0.363462
vn 0.080869 0.933365 0.349701
vn 0.565179 0.764790 0.309306
vn 0.888481 0.388965 0.243531
vn 0.981262 -0.095803 0.167170
vn 0.820207 -0.564190 0.094610
vn 0.444276 -0.895469 0.027468
vn -0.063175 -0.971549 -0.228259
vn -0.553928 -0.813684 -0.176300
vn -0.891443 -0.441936 -0.100107
vn -0.997651 0.063298 -0.026184
vn -0.827177 0.560478 0.040533
vn -0.429136 0.897593 0.100840
vn 0.085089 0.989854 0.113793
vn 0.562007 0.823660 0.075711
vn 0.897294 0.441431 -0.001513
vn 0.993711 -0.061039 -0.093872
vn 0.829389 -0.532355 -0.169445
vn 0.449077 -0.866243 -0.218982
vn -0.068053 -0.878745 -0.472415
vn -0.533648 -0.727271 -0.431620
vn -0.850226 -0.379639 -0.364677
vn -0.950940 0.100788 -0.292497
vn -0.785756 0.575192 -0.227469
vn -0.407632 0.897516 -0.168229
vn 0.078527 0.984838 -0.154686
vn 0.526468 0.828622 -0.190310
vn 0.845010 0.466646 -0.261149
vn 0.936454 -0.009235 -0.350670
vn 0.778279 -0.460518 -0.426855
vn 0.418927 -0.777297 -0.469371
vn -0.066823 -0.754192 -0.653245
vn -0.476656 -0.619785 -0.623431
vn -0.769477 -0.298862 -0.564435
vn -0.860031 0.143085 -0.489768
vn -0.711241 0.561934 -0.422334
vn -0.372223 0.853147 -0.365500
vn 0.070076 0.932932 -0.353167
vn 0.473208 0.792065 -0.385626
vn 0.758417 0.469111 -0.452480
vn 0.839015 0.043723 -0.542348
vn 0.694214 -0.369820 -0.617495
vn 0.362455 -0.662856 -0.655171
vn -0.066696 -0.660354 -0.747986
vn -0.440609 -0.539293 -0.717654
vn -0.704198 -0.249559 -0.664700
vn -0.785631 0.154929 -0.598984
vn -0.649424 0.538619 -0.536784
vn -0.340394 0.804222 -0.487195
vn 0.063151 0.877758 -0.474923
vn 0.427698 0.750245 -0.504189
vn 0.686704 0.456504 -0.565723
vn 0.760854 0.066754 -0.645481
vn 0.628859 -0.309501 -0.713264
vn 0.326877 -0.576669 -0.748735
s 1
g MiningRobot_Eye_LP MiningRobot_LP1
usemtl Maya_Lambert8SG
f 16/1/1 15/2/2 27/3/3 28/4/4
f 18/5/5 17/6/6 29/7/7 30/8/8
f 20/9/9 19/10/10 31/11/11 32/12/12
f 22/13/13 21/14/14 33/15/15 34/16/16
f 24/17/17 23/18/18 35/19/19 36/20/20
f 37/21/21 26/22/22 14/23/23 25/24/24
f 17/6/6 16/1/1 28/4/4 29/7/7
f 19/10/10 18/5/5 30/8/8 31/11/11
f 21/14/14 20/9/9 32/12/12 33/15/15
f 23/18/18 22/13/13 34/16/16 35/19/19
f 32/12/12 31/11/11 30/8/8 1/25/25
f 36/20/20 35/19/19 34/16/16 1/25/25
f 15/2/2 14/23/23 26/22/22 27/3/3
f 28/4/4 27/3/3 26/22/22 1/25/25
f 1/25/25 26/22/22 37/21/21 36/20/20
f 30/8/8 29/7/7 28/4/4 1/25/25
f 34/16/16 33/15/15 32/12/12 1/25/25
f 25/24/24 24/17/17 36/20/20 37/21/21
f 3/26/26 2/27/27 14/23/23 15/2/2
f 4/28/28 3/26/26 15/2/2 16/1/1
f 5/29/29 4/28/28 16/1/1 17/6/6
f 6/30/30 5/29/29 17/6/6 18/5/5
f 7/31/31 6/30/30 18/5/5 19/10/10
f 8/32/32 7/31/31 19/10/10 20/9/9
f 9/33/33 8/32/32 20/9/9 21/14/14
f 10/34/34 9/33/33 21/14/14 22/13/13
f 11/35/35 10/34/34 22/13/13 23/18/18
f 12/36/36 11/35/35 23/18/18 24/17/17
f 13/37/37 12/36/36 24/17/17 25/24/24
f 25/24/24 14/23/23 2/27/27 13/37/37
f 38/38/38 2/27/27 3/26/26 39/39/39
f 39/39/39 3/26/26 4/28/28 40/40/40
f 40/40/40 4/28/28 5/29/29 41/41/41
f 41/41/41 5/29/29 6/30/30 42/42/42
f 42/42/42 6/30/30 7/31/31 43/43/43
f 43/43/43 7/31/31 8/32/32 44/44/44
f 44/44/44 8/32/32 9/33/33 45/45/45
f 45/45/45 9/33/33 10/34/34 46/46/46
f 46/46/46 10/34/34 11/35/35 47/47/47
f 47/47/47 11/35/35 12/36/36 48/48/48
f 48/48/48 12/36/36 13/37/37 49/49/49
f 49/49/49 13/37/37 2/27/27 38/38/38
f 50/50/50 38/38/38 39/39/39 51/51/51
f 51/51/51 39/39/39 40/40/40 52/52/52
f 52/52/52 40/40/40 41/41/41 53/53/53
f 53/53/53 41/41/41 42/42/42 54/54/54
f 54/54/54 42/42/42 43/43/43 55/55/55
f 55/55/55 43/43/43 44/44/44 56/56/56
f 56/56/56 44/44/44 45/45/45 57/57/57
f 57/57/57 45/45/45 46/46/46 58/58/58
f 58/58/58 46/46/46 47/47/47 59/59/59
f 59/59/59 47/47/47 48/48/48 60/60/60
f 61/61/61 49/49/49 38/38/38 50/50/50
f 60/60/60 48/48/48 49/49/49 61/61/61
f 62/62/62 50/50/50 51/51/51 63/63/63
f 63/63/63 51/51/51 52/52/52 64/64/64
f 64/64/64 52/52/52 53/53/53 65/65/65
f 65/66/65 53/53/53 54/54/54 66/67/66
f 66/67/66 54/54/54 55/55/55 67/68/67
f 67/68/67 55/55/55 56/56/56 68/69/68
f 68/70/68 56/56/56 57/57/57 69/71/69
f 69/71/69 57/57/57 58/58/58 70/72/70
f 70/72/70 58/58/58 59/59/59 71/73/71
f 71/73/71 59/59/59 60/60/60 72/74/72
f 73/75/73 61/61/61 50/50/50 62/76/62
f 72/77/72 60/60/60 61/61/61 73/75/73
f 74/78/74 62/62/62 63/63/63 75/79/75
f 75/79/75 63/63/63 64/64/64 76/80/76
f 76/80/76 64/64/64 65/65/65 77/81/77
f 77/82/77 65/66/65 66/67/66 78/83/78
f 78/83/78 66/67/66 67/68/67 79/84/79
f 79/84/79 67/68/67 68/69/68 80/85/80
f 80/86/80 68/70/68 69/71/69 81/87/81
f 81/87/81 69/71/69 70/72/70 82/88/82
f 82/88/82 70/72/70 71/73/71 83/89/83
f 83/89/83 71/73/71 72/74/72 84/90/84
f 85/91/85 73/75/73 62/76/62 74/92/74
f 84/93/84 72/77/72 73/75/73 85/91/85
f 86/94/86 74/78/74 75/79/75 87/95/87
f 87/95/87 75/79/75 76/80/76 88/96/88
f 88/96/88 76/80/76 77/81/77 89/97/89
f 89/98/89 77/82/77 78/83/78 90/99/90
f 90/99/90 78/83/78 79/84/79 91/100/91
f 91/100/91 79/84/79 80/85/80 92/101/92
f 92/102/92 80/86/80 81/87/81 93/103/93
f 93/103/93 81/87/81 82/88/82 94/104/94
f 94/104/94 82/88/82 83/89/83 95/105/95
f 95/105/95 83/89/83 84/90/84 96/106/96
f 97/107/97 85/91/85 74/92/74 86/108/86
f 96/109/96 84/93/84 85/91/85 97/107/97
f 98/110/98 86/94/86 87/95/87 99/111/99
f 99/111/99 87/95/87 88/96/88 100/112/100
f 100/112/100 88/96/88 89/97/89 101/113/101
f 101/114/101 89/98/89 90/99/90 102/115/102
f 102/115/102 90/99/90 91/100/91 103/116/103
f 103/116/103 91/100/91 92/101/92 104/117/104
f 104/118/104 92/102/92 93/103/93 105/119/105
f 105/119/105 93/103/93 94/104/94 106/120/106
f 106/120/106 94/104/94 95/105/95 107/121/107
f 107/121/107 95/105/95 96/106/96 108/122/108
f 108/123/108 96/109/96 97/107/97 109/124/109
f 109/124/109 97/107/97 86/108/86 98/125/98
g default
v -0.375296 -0.301786 -0.454748
v -0.386454 -0.238922 -0.539660
v -0.328590 -0.262314 -0.561619
v -0.332830 -0.317887 -0.476798
v 0.333648 -0.317813 -0.476745
v 0.329460 -0.262314 -0.561619
v 0.387324 -0.238922 -0.539660
v 0.376111 -0.301717 -0.454701
v -0.273491 -0.284691 -0.570391
v -0.294256 -0.331047 -0.491788
v 0.295089 -0.330974 -0.491735
v 0.274361 -0.284691 -0.570391
v -0.443042 -0.208587 -0.512056
v -0.416213 -0.282865 -0.429845
v 0.417055 -0.282836 -0.429826
v 0.443912 -0.208587 -0.512056
v -0.452073 -0.263480 -0.402351
v -0.483790 -0.180371 -0.484351
v 0.484660 -0.180371 -0.484351
v 0.452873 -0.263417 -0.402313
v -0.480443 -0.243314 -0.378593
v -0.507784 -0.160896 -0.461082
v 0.508654 -0.160896 -0.461082
v 0.481228 -0.243250 -0.378555
v -0.532824 -0.134956 -0.430820
v -0.505414 -0.221601 -0.354253
v 0.506187 -0.221540 -0.354218
v 0.533694 -0.134956 -0.430820
v -0.611192 0.252277 0.556426
v -0.625373 0.235937 0.483223
v -0.615966 0.198233 0.525671
v -0.604648 0.218721 0.578349
v 0.605518 0.218721 0.578349
v 0.616836 0.198233 0.525671
v 0.626243 0.235937 0.483223
v 0.612062 0.252277 0.556426
v -0.593863 0.239846 0.621516
v -0.599259 0.256778 0.601603
v 0.600049 0.256779 0.601581
v 0.594647 0.239847 0.621494
v -0.663681 0.119940 -0.057794
v -0.637843 0.034201 -0.197599
v -0.610284 -0.080924 -0.127345
v -0.637374 -0.006176 0.011788
v 0.638131 -0.006153 0.011790
v 0.611039 -0.080892 -0.127332
v 0.638713 0.034201 -0.197599
v 0.664483 0.119954 -0.057794
v -0.665771 0.163350 0.067539
v -0.644407 0.052094 0.126375
v 0.645245 0.052099 0.126373
v 0.666641 0.163350 0.067539
v -0.659689 0.198187 0.178816
v -0.643495 0.090399 0.228040
v 0.644347 0.090401 0.228039
v 0.660559 0.198187 0.178816
v -0.650264 0.219620 0.293369
v -0.639806 0.134235 0.330379
v 0.640622 0.134240 0.330374
v 0.651134 0.219620 0.293369
v -0.638420 0.229661 0.398764
v -0.630601 0.162947 0.427931
v -0.623092 0.179296 0.480351
v 0.631420 0.162950 0.427924
v 0.639290 0.229661 0.398764
v 0.623905 0.179299 0.480341
v -0.564664 -0.091765 -0.380962
v -0.545132 -0.183834 -0.292926
v 0.545904 -0.183792 -0.292901
v 0.565439 -0.091724 -0.380943
v -0.599014 -0.038272 -0.307178
v -0.580783 -0.133174 -0.217226
v 0.581554 -0.133140 -0.217208
v 0.599785 -0.038235 -0.307162
v -0.666275 0.276641 0.188034
v -0.677571 0.230383 0.031477
v 0.678217 0.230338 0.031467
v 0.667358 0.276656 0.188046
v -0.673740 0.174615 -0.087730
v 0.674488 0.174617 -0.087726
v -0.651775 0.095413 -0.236098
v 0.652553 0.095399 -0.236066
v -0.610475 0.016784 -0.360598
v 0.611262 0.016713 -0.360539
v -0.574215 -0.039700 -0.436715
v 0.575085 -0.039700 -0.436715
v -0.535995 -0.095431 -0.488278
v 0.536865 -0.095431 -0.488278
v 0.457893 -0.158489 -0.561299
v 0.502145 -0.129409 -0.528204
v -0.350510 -0.211215 -0.610645
v -0.283179 -0.234088 -0.623278
v 0.284055 -0.234096 -0.623332
v 0.351380 -0.211215 -0.610645
v -0.217146 -0.254610 -0.624681
v 0.218016 -0.254610 -0.624681
v -0.457085 -0.158512 -0.561349
v -0.416099 -0.182499 -0.584545
v 0.416969 -0.182499 -0.584545
v -0.501275 -0.129409 -0.528204
v -0.590188 0.286367 0.632424
v -0.605773 0.301219 0.573630
v 0.606643 0.301219 0.573630
v 0.590995 0.286322 0.632389
v -0.640744 0.304072 0.390773
v -0.654292 0.294452 0.284222
v 0.655162 0.294452 0.284222
v 0.640312 0.303589 0.390910
v -0.595664 0.192361 0.597962
v -0.586913 0.223354 0.639743
v 0.587783 0.223354 0.639743
v 0.596437 0.192434 0.597914
v -0.611623 0.152583 0.524090
v 0.612493 0.152583 0.524090
v -0.150229 -0.269340 -0.621683
v -0.209881 -0.298957 -0.571940
v 0.210751 -0.298957 -0.571940
v 0.151099 -0.269340 -0.621683
v -0.623843 0.302856 0.491873
v 0.624713 0.302856 0.491873
v -0.622649 0.114129 0.450914
v 0.623466 0.114142 0.450900
v -0.629369 0.066564 0.359520
v 0.630239 0.066564 0.359520
v -0.629986 0.015067 0.273337
v 0.630856 0.015067 0.273337
v -0.627689 -0.044692 0.172353
v 0.628367 -0.044642 0.172320
v -0.617849 -0.111047 0.054753
v 0.618567 -0.110994 0.054737
v -0.590891 -0.181181 -0.074573
v 0.591761 -0.181181 -0.074573
v -0.552188 -0.238053 -0.182383
v 0.552983 -0.238007 -0.182368
v -0.520008 -0.271767 -0.241416
v 0.520878 -0.271767 -0.241416
v -0.487881 -0.296909 -0.282489
v 0.488751 -0.296909 -0.282489
v -0.458081 -0.317949 -0.312447
v 0.458951 -0.317949 -0.312447
v -0.431259 -0.332515 -0.337732
v 0.432129 -0.332515 -0.337732
v -0.397432 -0.349948 -0.360962
v 0.398302 -0.349948 -0.360962
v -0.369500 -0.358129 -0.385070
v 0.370370 -0.358129 -0.385070
v -0.338563 -0.368417 -0.403291
v 0.339433 -0.368417 -0.403291
v -0.323086 -0.371041 -0.414013
v 0.323956 -0.371041 -0.414013
v -0.264469 -0.333475 -0.501742
v 0.265353 -0.333368 -0.501709
v -0.305528 -0.369048 -0.421645
v 0.306398 -0.369048 -0.421645
v -0.584649 0.272342 0.652712
v -0.579470 0.256805 0.669692
v 0.585519 0.272342 0.652712
v 0.580340 0.256805 0.669692
v 0.581820 0.274962 0.653708
v 0.587471 0.289533 0.632907
v -0.676470 0.234817 0.029774
v -0.665455 0.281319 0.186862
v 0.666357 0.281241 0.186856
v 0.677257 0.234851 0.029762
v -0.671013 0.177975 -0.089170
v 0.671729 0.177989 -0.089168
v -0.649698 0.099264 -0.237841
v 0.650477 0.099252 -0.237811
v -0.607241 0.020393 -0.361774
v 0.607935 0.020301 -0.361662
v -0.570264 -0.036491 -0.437240
v 0.571074 -0.036496 -0.437203
v -0.534631 -0.091586 -0.490892
v 0.535610 -0.091593 -0.490968
v 0.500243 -0.125082 -0.529942
v 0.455152 -0.154503 -0.560945
v -0.281673 -0.229565 -0.623107
v -0.349020 -0.206746 -0.611495
v 0.349951 -0.206831 -0.611580
v 0.282550 -0.229565 -0.623209
v -0.215922 -0.250010 -0.625578
v -0.147326 -0.266450 -0.620038
v 0.216791 -0.249918 -0.625615
v 0.148283 -0.266299 -0.619887
v -0.414074 -0.178393 -0.584693
v -0.454331 -0.154522 -0.560983
v 0.415012 -0.178409 -0.584808
v -0.499591 -0.125185 -0.530048
v -0.602266 0.304562 0.573220
v -0.586627 0.289540 0.632914
v 0.603049 0.304547 0.573196
v -0.650719 0.297685 0.283324
v -0.637631 0.307736 0.390183
v 0.637356 0.307343 0.390367
v 0.651583 0.297684 0.283320
v -0.575081 0.257052 0.670407
v -0.583027 0.220898 0.641070
v 0.583786 0.220881 0.641045
v 0.575928 0.257049 0.670408
v -0.591490 0.189933 0.598606
v 0.592339 0.189967 0.598610
v -0.608428 0.149123 0.525343
v 0.609158 0.149248 0.525254
v -0.206195 -0.299819 -0.568790
v 0.207168 -0.299654 -0.568890
v -0.620769 0.306528 0.491336
v 0.621580 0.306517 0.491338
v -0.620287 0.110256 0.452673
v 0.620655 0.110553 0.452456
v -0.627365 0.062652 0.361623
v 0.628030 0.062718 0.361574
v -0.627679 0.011391 0.275541
v 0.628350 0.011381 0.275534
v -0.625656 -0.048471 0.174649
v 0.626107 -0.048290 0.174535
v -0.615463 -0.114573 0.057052
v 0.615987 -0.114365 0.056970
v -0.589211 -0.185003 -0.072050
v 0.589607 -0.184766 -0.072044
v -0.550225 -0.241545 -0.179580
v 0.550762 -0.241314 -0.179548
v -0.518072 -0.274902 -0.238291
v 0.518826 -0.274848 -0.238245
v -0.485679 -0.299404 -0.278910
v 0.486434 -0.299300 -0.278878
v -0.455927 -0.320231 -0.308779
v 0.456630 -0.320233 -0.308635
v -0.429402 -0.334842 -0.333902
v 0.430164 -0.334764 -0.333848
v -0.395213 -0.351838 -0.357126
v 0.396251 -0.352203 -0.357136
v -0.367579 -0.360556 -0.381335
v 0.368472 -0.360652 -0.381328
v -0.336429 -0.369783 -0.399404
v 0.337275 -0.369786 -0.399381
v -0.320981 -0.372015 -0.410169
v 0.321755 -0.372146 -0.410060
v -0.260322 -0.333532 -0.499139
v 0.261206 -0.333428 -0.499107
v -0.302982 -0.366855 -0.418038
v 0.303972 -0.370743 -0.419382
v -0.581027 0.274937 0.653720
v 0.569851 0.275215 0.650237
v 0.575437 0.289547 0.629734
v -0.664899 0.238993 0.028046
v -0.654887 0.286128 0.184569
v 0.655783 0.286115 0.184561
v 0.665685 0.238993 0.028046
v -0.659090 0.181216 -0.089670
v 0.659787 0.181215 -0.089673
v -0.638009 0.103756 -0.237665
v 0.638794 0.103747 -0.237638
v -0.595890 0.025296 -0.360487
v 0.596671 0.025296 -0.360476
v -0.559185 -0.031022 -0.435736
v 0.559993 -0.031036 -0.435711
v -0.524511 -0.084437 -0.489750
v 0.525667 -0.084269 -0.490100
v 0.491419 -0.116687 -0.527386
v 0.446982 -0.146512 -0.556029
v -0.278278 -0.221946 -0.614175
v -0.343727 -0.198416 -0.604225
v 0.344658 -0.198457 -0.604341
v 0.279174 -0.221955 -0.614291
v -0.213765 -0.241384 -0.617601
v -0.145992 -0.257211 -0.611831
v 0.214663 -0.241308 -0.617621
v 0.146991 -0.257087 -0.611662
v -0.407032 -0.170152 -0.578956
v -0.446187 -0.146499 -0.556064
v 0.407966 -0.170254 -0.579010
v -0.490777 -0.116756 -0.527563
v -0.590181 0.304894 0.570308
v -0.574583 0.289573 0.629753
v 0.590982 0.304877 0.570289
v -0.638559 0.299832 0.281360
v -0.625621 0.309966 0.388359
v 0.625234 0.309087 0.388589
v 0.639426 0.299834 0.281310
v -0.563206 0.257487 0.666320
v -0.570941 0.220997 0.638183
v 0.571693 0.220982 0.638157
v 0.564050 0.257485 0.666328
v -0.579383 0.190651 0.595569
v 0.580200 0.190662 0.595568
v -0.596667 0.147323 0.524003
v 0.597483 0.147321 0.524037
v -0.201406 -0.293039 -0.560459
v 0.202416 -0.292868 -0.560581
v -0.608800 0.308388 0.489039
v 0.609610 0.308383 0.489099
v -0.609138 0.106144 0.453503
v 0.609877 0.106136 0.453479
v -0.617248 0.057171 0.364275
v 0.618013 0.057150 0.364266
v -0.616341 0.008116 0.277557
v 0.617088 0.008114 0.277572
v -0.614339 -0.051565 0.177060
v 0.615038 -0.051570 0.177045
v -0.603800 -0.115754 0.059408
v 0.604536 -0.115761 0.059401
v -0.578466 -0.187210 -0.067843
v 0.579177 -0.187193 -0.067824
v -0.539664 -0.242409 -0.174342
v 0.540437 -0.242442 -0.174310
v -0.507987 -0.273699 -0.232293
v 0.508745 -0.273729 -0.232246
v -0.475811 -0.295388 -0.272691
v 0.476466 -0.295370 -0.272506
v -0.446725 -0.315884 -0.302126
v 0.447339 -0.315801 -0.301945
v -0.421146 -0.330400 -0.326520
v 0.421981 -0.330773 -0.326370
v -0.387029 -0.345593 -0.350000
v 0.388068 -0.345903 -0.349931
v -0.360341 -0.355857 -0.373255
v 0.361546 -0.358185 -0.372639
v -0.329786 -0.363159 -0.391326
v 0.330679 -0.363105 -0.391331
v -0.316430 -0.365093 -0.401090
v 0.316379 -0.365099 -0.401511
v -0.254577 -0.325974 -0.492080
v 0.255582 -0.325928 -0.491890
v -0.298894 -0.358509 -0.409547
v 0.299134 -0.362394 -0.411454
v -0.569046 0.275231 0.650278
v 0.558835 0.272808 0.644733
v 0.564133 0.286236 0.625207
v -0.652287 0.239755 0.027668
v -0.642313 0.285955 0.183202
v 0.643211 0.285951 0.183188
v 0.653068 0.239727 0.027685
v -0.646512 0.183153 -0.089448
v 0.647203 0.183121 -0.089438
v -0.625676 0.106280 -0.236193
v 0.626460 0.106268 -0.236168
v -0.584195 0.028754 -0.358070
v 0.584899 0.028983 -0.358184
v -0.547635 -0.027924 -0.432018
v 0.548521 -0.027955 -0.432034
v -0.513523 -0.079617 -0.485801
v 0.514572 -0.079380 -0.486186
v 0.481882 -0.110951 -0.521486
v 0.439337 -0.143455 -0.546825
v -0.276660 -0.220876 -0.601726
v -0.339513 -0.195627 -0.592787
v 0.340457 -0.195650 -0.592975
v 0.277524 -0.220753 -0.601860
v -0.213989 -0.240840 -0.604920
v -0.152352 -0.251915 -0.603778
v 0.214911 -0.240737 -0.604937
v 0.153469 -0.251980 -0.603668
v -0.400497 -0.166994 -0.568868
v -0.438619 -0.143425 -0.546773
v 0.401488 -0.167137 -0.569050
v -0.481197 -0.110996 -0.521697
v -0.579156 0.300121 0.566885
v -0.563242 0.286244 0.625216
v 0.579951 0.300110 0.566866
v -0.626967 0.295977 0.280127
v -0.613854 0.306392 0.386809
v 0.613842 0.304588 0.387182
v 0.627856 0.295969 0.280005
v -0.552123 0.257774 0.660263
v -0.560968 0.224786 0.632189
v 0.561733 0.224812 0.632141
v 0.552867 0.257727 0.660142
v -0.571106 0.197368 0.589303
v 0.571896 0.197354 0.589315
v -0.586488 0.152265 0.518965
v 0.587208 0.152164 0.519013
v -0.206015 -0.281897 -0.557937
v 0.207162 -0.281845 -0.558313
v -0.597100 0.304592 0.486622
v 0.597887 0.304586 0.486767
v -0.597471 0.109962 0.449814
v 0.598270 0.109940 0.449740
v -0.605026 0.059838 0.362318
v 0.605823 0.059811 0.362294
v -0.604089 0.011671 0.275667
v 0.604853 0.011699 0.275710
v -0.602183 -0.047940 0.175690
v 0.602878 -0.047934 0.175723
v -0.591698 -0.111657 0.058935
v 0.592407 -0.111698 0.058973
v -0.566453 -0.182908 -0.066785
v 0.567119 -0.182867 -0.066809
v -0.528337 -0.236895 -0.172197
v 0.529023 -0.236917 -0.172216
v -0.497568 -0.267027 -0.229041
v 0.498267 -0.267033 -0.229004
v -0.466352 -0.287657 -0.269037
v 0.466927 -0.287705 -0.268741
v -0.437737 -0.307706 -0.298247
v 0.438313 -0.307593 -0.298134
v -0.412933 -0.321951 -0.321668
v 0.413704 -0.322380 -0.321470
v -0.379674 -0.336335 -0.345590
v 0.380457 -0.336840 -0.345351
v -0.353422 -0.346792 -0.367577
v 0.354536 -0.349362 -0.366545
v -0.324337 -0.353177 -0.386012
v 0.325579 -0.353051 -0.385896
v -0.313618 -0.354949 -0.394371
v 0.312684 -0.354785 -0.395567
v -0.256253 -0.314409 -0.488132
v 0.257391 -0.314367 -0.487808
v -0.300921 -0.347330 -0.405922
v 0.297779 -0.351423 -0.406086
v -0.557979 0.272856 0.644787
v -0.556374 0.266569 0.636609
v -0.553346 0.257212 0.647929
v 0.554181 0.257168 0.647803
v 0.557244 0.266569 0.636609
v -0.476273 -0.115294 -0.511314
v -0.507294 -0.084322 -0.476760
v -0.163696 -0.251961 -0.598555
v -0.215144 -0.246100 -0.593492
v 0.216092 -0.245994 -0.593509
v 0.164825 -0.252098 -0.598568
v -0.462116 -0.275562 -0.275431
v -0.434112 -0.297186 -0.301454
v -0.377795 -0.325479 -0.349075
v -0.350937 -0.335489 -0.368894
v -0.316298 -0.343621 -0.394883
v -0.309244 -0.337865 -0.407584
v 0.278013 -0.225242 -0.590069
v -0.277131 -0.225349 -0.589921
v 0.215462 -0.272720 -0.560896
v -0.214310 -0.272756 -0.560493
v 0.272427 -0.262370 -0.538438
v -0.271583 -0.262425 -0.538476
v 0.264809 -0.304361 -0.488552
v 0.304861 -0.341100 -0.408148
v -0.263939 -0.304361 -0.488552
v 0.314401 -0.343248 -0.397232
v 0.315790 -0.296507 -0.455465
v -0.314920 -0.296507 -0.455465
v 0.325732 -0.341622 -0.388260
v 0.351556 -0.338089 -0.366975
v -0.324225 -0.341881 -0.388969
v 0.378174 -0.326071 -0.348763
v -0.365322 -0.286312 -0.416180
v 0.409877 -0.311760 -0.323407
v 0.434690 -0.297109 -0.301376
v -0.409468 -0.311287 -0.323883
v 0.462986 -0.275562 -0.275431
v 0.493166 -0.256887 -0.231012
v -0.492443 -0.256834 -0.231056
v 0.522290 -0.226886 -0.176800
v -0.521420 -0.226886 -0.176800
v 0.560148 -0.174009 -0.069672
v -0.559516 -0.174039 -0.069629
v 0.587271 -0.102121 0.054430
v -0.586564 -0.102058 0.054397
v 0.596645 -0.039015 0.170993
v -0.595969 -0.039044 0.170974
v 0.599512 0.021155 0.270342
v -0.599035 0.021150 0.270289
v 0.599324 0.068581 0.357106
v -0.598610 0.068666 0.357103
v 0.593877 0.119708 0.443446
v -0.593070 0.119768 0.443484
v 0.561602 0.275601 0.619796
v 0.561085 0.232741 0.622954
v -0.560818 0.275518 0.619813
v -0.560215 0.232741 0.622954
v 0.584481 0.162278 0.512168
v -0.583646 0.162284 0.512149
v 0.571188 0.207902 0.582361
v -0.570507 0.207961 0.582361
v 0.570670 0.257221 0.585347
v -0.569887 0.257220 0.585370
v 0.576914 0.288322 0.564396
v 0.583894 0.233033 0.529063
v -0.576121 0.288333 0.564416
v -0.583024 0.233033 0.529063
v 0.593700 0.293090 0.485649
v 0.594628 0.200728 0.458921
v -0.592947 0.293090 0.485391
v -0.593810 0.200725 0.458929
v 0.338831 -0.199131 -0.581053
v 0.366150 -0.286264 -0.416146
v -0.337973 -0.199276 -0.580887
v 0.398528 -0.171788 -0.557716
v 0.440396 -0.251578 -0.353174
v -0.397721 -0.171907 -0.557562
v -0.439624 -0.251654 -0.353225
v 0.436808 -0.149141 -0.535940
v 0.477158 -0.115409 -0.511127
v -0.436132 -0.149100 -0.535880
v 0.508375 -0.083943 -0.477228
v 0.477819 -0.165752 -0.415516
v -0.476949 -0.165752 -0.415516
v 0.511879 -0.198472 -0.254354
v -0.511009 -0.198472 -0.254354
v 0.543978 -0.035017 -0.423536
v 0.530924 -0.115822 -0.316503
v -0.543245 -0.035028 -0.423487
v -0.530148 -0.115860 -0.316524
v 0.579054 0.022001 -0.350930
v -0.578287 0.021917 -0.350898
v 0.552524 -0.144787 -0.159127
v 0.573904 -0.050248 -0.210027
v -0.551762 -0.144818 -0.159147
v -0.573148 -0.050286 -0.210044
v 0.579150 -0.094019 -0.068595
v -0.578280 -0.094019 -0.068595
v 0.619776 0.099007 -0.230416
v 0.604739 0.021044 -0.116256
v -0.619024 0.099009 -0.230377
v -0.603984 0.021014 -0.116262
v 0.640699 0.175173 -0.084829
v -0.639869 0.175113 -0.084818
v 0.600879 -0.023402 0.055780
v 0.623156 0.092572 0.005874
v -0.600123 -0.023422 0.055780
v -0.622286 0.092572 0.005874
v 0.608052 0.050296 0.180549
v 0.608213 0.111368 0.288019
v -0.607207 0.050293 0.180550
v -0.607343 0.111368 0.288019
v 0.634967 0.278037 0.183929
v 0.644936 0.232443 0.030483
v 0.627930 0.156535 0.104422
v 0.620381 0.189182 0.234808
v -0.644110 0.232521 0.030399
v -0.634117 0.278076 0.183873
v -0.619523 0.189180 0.234809
v -0.627074 0.156533 0.104424
v 0.610194 0.292617 0.387150
v 0.623895 0.284259 0.280522
v -0.623017 0.284249 0.280760
v -0.609551 0.294847 0.386645
v 0.603878 0.153852 0.371576
v -0.603062 0.153848 0.371582
v 0.611567 0.214726 0.341210
v -0.610735 0.214724 0.341214
vt 0.094688 0.037690
vt 0.085643 0.026623
vt 0.092668 0.021249
vt 0.099610 0.032985
vt 0.012326 0.835089
vt 0.019264 0.823345
vt 0.026294 0.828718
vt 0.017258 0.839792
vt 0.099754 0.017461
vt 0.104119 0.029233
vt 0.007812 0.831333
vt 0.012178 0.819556
vt 0.078244 0.032332
vt 0.089703 0.042535
vt 0.022251 0.844635
vt 0.033702 0.834424
vt 0.085166 0.047391
vt 0.072443 0.037214
vt 0.039510 0.839304
vt 0.026795 0.849490
vt 0.081090 0.051381
vt 0.068836 0.040889
vt 0.043122 0.842978
vt 0.030875 0.853478
vt 0.064470 0.045421
vt 0.077102 0.055262
vt 0.034869 0.857357
vt 0.047492 0.847507
vt 0.009705 0.179853
vt 0.011820 0.169858
vt 0.016946 0.175646
vt 0.014241 0.182875
vt 0.097767 0.984946
vt 0.095066 0.977716
vt 0.100195 0.971929
vt 0.102306 0.981925
vt 0.011438 0.188811
vt 0.009156 0.186098
vt 0.102851 0.988171
vt 0.100568 0.990883
vt 0.026983 0.096734
vt 0.038958 0.077882
vt 0.054948 0.087255
vt 0.044329 0.106097
vt 0.067670 0.908174
vt 0.057041 0.889338
vt 0.073025 0.879958
vt 0.085010 0.898804
vt 0.021168 0.113606
vt 0.036400 0.121562
vt 0.075606 0.923635
vt 0.090831 0.915675
vt 0.016598 0.128639
vt 0.031266 0.135296
vt 0.080744 0.937369
vt 0.095410 0.930708
vt 0.013830 0.144124
vt 0.025415 0.149131
vt 0.086600 0.951201
vt 0.098185 0.946194
vt 0.012583 0.158391
vt 0.021617 0.162350
vt 0.019457 0.169489
vt 0.090398 0.964420
vt 0.099435 0.960461
vt 0.092557 0.971558
vt 0.057741 0.052580
vt 0.070583 0.064263
vt 0.041392 0.866354
vt 0.054227 0.854664
vt 0.049640 0.062868
vt 0.062734 0.074899
vt 0.049247 0.876986
vt 0.062336 0.864948
vt 0.005997 0.129888
vt 0.012027 0.108729
vt 0.099958 0.910796
vt 0.106017 0.931952
vt 0.019501 0.092701
vt 0.092487 0.894770
vt 0.030490 0.072742
vt 0.081486 0.874818
vt 0.042000 0.055744
vt 0.069958 0.857827
vt 0.050535 0.045160
vt 0.061429 0.847241
vt 0.059110 0.037668
vt 0.052849 0.839751
vt 0.040868 0.828023
vt 0.046964 0.833727
vt 0.084672 0.015348
vt 0.092885 0.010299
vt 0.019050 0.812391
vt 0.027263 0.817443
vt 0.101235 0.006316
vt 0.010699 0.808408
vt 0.071076 0.025930
vt 0.076545 0.021481
vt 0.035396 0.823575
vt 0.064989 0.031640
vt 0.005242 0.190464
vt 0.003163 0.182382
vt 0.108849 0.984456
vt 0.106758 0.992536
vt 0.002550 0.157389
vt 0.003726 0.142939
vt 0.108288 0.945006
vt 0.109405 0.959502
vt 0.017817 0.185728
vt 0.013630 0.191383
vt 0.098374 0.993454
vt 0.094198 0.987796
vt 0.023124 0.175538
vt 0.088888 0.977607
vt 0.109540 0.002334
vt 0.107477 0.013346
vt 0.004457 0.815431
vt 0.002400 0.804415
vt 0.002805 0.171160
vt 0.109211 0.973232
vt 0.028245 0.165521
vt 0.083771 0.967589
vt 0.034625 0.153115
vt 0.077392 0.955186
vt 0.041553 0.141436
vt 0.070459 0.943510
vt 0.049614 0.127772
vt 0.062397 0.929845
vt 0.058687 0.111896
vt 0.053318 0.913977
vt 0.068698 0.094366
vt 0.043295 0.896456
vt 0.077413 0.079462
vt 0.034572 0.881558
vt 0.083022 0.070979
vt 0.028957 0.873080
vt 0.087727 0.064714
vt 0.024250 0.866818
vt 0.091912 0.059879
vt 0.020064 0.861986
vt 0.095249 0.055677
vt 0.016721 0.857789
vt 0.099463 0.051377
vt 0.012505 0.853490
vt 0.102270 0.047127
vt 0.009692 0.849244
vt 0.105597 0.043397
vt 0.006358 0.845515
vt 0.106911 0.041266
vt 0.005034 0.843387
vt 0.107104 0.026199
vt 0.004832 0.828286
vt 0.108308 0.039156
vt 0.003638 0.841257
vt 0.007103 0.193156
vt 0.009150 0.195350
vt 0.104901 0.995228
vt 0.102853 0.997423
vt 0.105315 0.995611
vt 0.107291 0.992814
vt 0.011440 0.108498
vt 0.005378 0.129737
vt 0.106631 0.931801
vt 0.100549 0.910569
vt 0.018967 0.092418
vt 0.093022 0.894486
vt 0.029968 0.072417
vt 0.082006 0.874493
vt 0.041472 0.055346
vt 0.070489 0.857427
vt 0.050073 0.044717
vt 0.061893 0.846795
vt 0.058665 0.037181
vt 0.053293 0.839265
vt 0.047407 0.833254
vt 0.041286 0.827528
vt 0.092557 0.009766
vt 0.084319 0.014840
vt 0.027611 0.816944
vt 0.019377 0.811857
vt 0.100906 0.005764
vt 0.109537 0.001756
vt 0.011035 0.807846
vt 0.002424 0.803824
vt 0.076177 0.020990
vt 0.070658 0.025435
vt 0.035762 0.823089
vt 0.064555 0.031182
vt 0.002550 0.182517
vt 0.004711 0.190742
vt 0.109470 0.984590
vt 0.003082 0.142868
vt 0.001907 0.157393
vt 0.110051 0.959510
vt 0.108933 0.944936
vt 0.009133 0.195620
vt 0.014013 0.191805
vt 0.097982 0.993885
vt 0.102870 0.997694
vt 0.018334 0.186106
vt 0.093683 0.988174
vt 0.023696 0.175863
vt 0.088317 0.977932
vt 0.108123 0.013459
vt 0.110050 0.002182
vt 0.001870 0.804275
vt 0.003836 0.815525
vt 0.002140 0.171216
vt 0.109878 0.973291
vt 0.028823 0.165828
vt 0.083196 0.967894
vt 0.035208 0.153443
vt 0.076809 0.955511
vt 0.042123 0.141767
vt 0.069877 0.943846
vt 0.050186 0.128092
vt 0.061828 0.930161
vt 0.059256 0.112216
vt 0.052753 0.914292
vt 0.069267 0.094700
vt 0.042724 0.896791
vt 0.077975 0.079822
vt 0.034009 0.881920
vt 0.083552 0.071365
vt 0.028423 0.873471
vt 0.088251 0.065142
vt 0.023723 0.867249
vt 0.092405 0.060286
vt 0.019552 0.862407
vt 0.095759 0.056121
vt 0.016204 0.858240
vt 0.099944 0.051756
vt 0.012021 0.853876
vt 0.102829 0.047539
vt 0.009132 0.849664
vt 0.106107 0.043734
vt 0.005846 0.845864
vt 0.107365 0.041549
vt 0.004531 0.843698
vt 0.107774 0.026210
vt 0.004150 0.828284
vt 0.108851 0.039307
vt 0.003246 0.841399
vt 0.006696 0.193533
vt 0.106413 0.996793
vt 0.108739 0.993529
vt 0.009895 0.107917
vt 0.003841 0.129371
vt 0.108172 0.931437
vt 0.102091 0.909987
vt 0.017490 0.091662
vt 0.094499 0.893728
vt 0.028548 0.071544
vt 0.083426 0.873620
vt 0.040135 0.054354
vt 0.071822 0.856439
vt 0.048879 0.043575
vt 0.063086 0.845654
vt 0.057511 0.035953
vt 0.054440 0.838044
vt 0.048556 0.832066
vt 0.042376 0.826263
vt 0.091755 0.008352
vt 0.083403 0.013505
vt 0.028529 0.815608
vt 0.020177 0.810446
vt 0.100182 0.004333
vt 0.108759 0.000252
vt 0.011761 0.806417
vt 0.003204 0.802325
vt 0.075175 0.019688
vt 0.069566 0.024171
vt 0.036760 0.821790
vt 0.063406 0.029994
vt 0.000930 0.182795
vt 0.003263 0.191458
vt 0.111088 0.984868
vt 0.001417 0.142659
vt 0.000252 0.157351
vt 0.111712 0.959474
vt 0.110598 0.944731
vt 0.009139 0.196807
vt 0.015084 0.193006
vt 0.096910 0.995085
vt 0.102862 0.998881
vt 0.019714 0.187040
vt 0.092299 0.989107
vt 0.025109 0.176614
vt 0.086914 0.978678
vt 0.109691 0.013634
vt 0.111672 0.002525
vt 0.000252 0.804625
vt 0.002273 0.815696
vt 0.000477 0.171286
vt 0.111539 0.973359
vt 0.030237 0.166561
vt 0.081807 0.968612
vt 0.036594 0.154215
vt 0.075427 0.956282
vt 0.043512 0.142579
vt 0.068498 0.944655
vt 0.051581 0.128896
vt 0.060451 0.930953
vt 0.060649 0.113009
vt 0.051379 0.915072
vt 0.070632 0.095492
vt 0.041386 0.897566
vt 0.079326 0.080666
vt 0.032680 0.882751
vt 0.084840 0.072283
vt 0.027135 0.874386
vt 0.089548 0.066187
vt 0.022415 0.868309
vt 0.093661 0.061326
vt 0.018287 0.863458
vt 0.096976 0.057184
vt 0.015002 0.859288
vt 0.101242 0.052793
vt 0.010737 0.854924
vt 0.104112 0.048509
vt 0.007918 0.850593
vt 0.107480 0.044651
vt 0.004493 0.846797
vt 0.108745 0.042379
vt 0.003106 0.844489
vt 0.109377 0.026194
vt 0.002544 0.828276
vt 0.110433 0.039734
vt 0.001681 0.841753
vt 0.005596 0.194715
vt 0.622245 0.792417
vt 0.621049 0.793597
vt 0.618953 0.790461
vt 0.620463 0.789763
vt 0.845195 0.102552
vt 0.846785 0.101957
vt 0.852841 0.123245
vt 0.851182 0.123539
vt 0.619626 0.729359
vt 0.617967 0.729065
vt 0.624054 0.707786
vt 0.625644 0.708382
vt 0.837443 0.086887
vt 0.838977 0.086116
vt 0.631865 0.691943
vt 0.633400 0.692713
vt 0.826790 0.067143
vt 0.828249 0.066250
vt 0.642575 0.672073
vt 0.644036 0.672963
vt 0.815323 0.050550
vt 0.816654 0.049532
vt 0.654125 0.655319
vt 0.655468 0.656344
vt 0.806664 0.040328
vt 0.807922 0.039212
vt 0.662870 0.645011
vt 0.664122 0.646117
vt 0.798915 0.032540
vt 0.800124 0.031335
vt 0.670584 0.637055
vt 0.671809 0.638267
vt 0.677368 0.632945
vt 0.676319 0.631626
vt 0.682960 0.627196
vt 0.683937 0.628521
vt 0.765457 0.009125
vt 0.766176 0.007595
vt 0.774553 0.011677
vt 0.773706 0.013129
vt 0.696993 0.618812
vt 0.696144 0.617370
vt 0.704505 0.613248
vt 0.705229 0.614776
vt 0.757399 0.005454
vt 0.758044 0.003880
vt 0.749831 0.001745
vt 0.749452 0.000252
vt 0.712630 0.609520
vt 0.713276 0.611097
vt 0.721219 0.605915
vt 0.720824 0.607400
vt 0.781558 0.018640
vt 0.782549 0.017293
vt 0.787789 0.021445
vt 0.786825 0.022781
vt 0.688180 0.623027
vt 0.689165 0.624356
vt 0.793408 0.027151
vt 0.794462 0.025833
vt 0.852250 0.175869
vt 0.853903 0.176163
vt 0.851767 0.184628
vt 0.850253 0.183926
vt 0.616837 0.781991
vt 0.618492 0.781700
vt 0.852052 0.136751
vt 0.853693 0.136617
vt 0.855028 0.151151
vt 0.853363 0.151208
vt 0.617684 0.757100
vt 0.616026 0.757034
vt 0.617105 0.742436
vt 0.618745 0.742557
vt 0.846427 0.188511
vt 0.846422 0.189853
vt 0.840858 0.185977
vt 0.842009 0.184839
vt 0.628713 0.790685
vt 0.629863 0.791827
vt 0.624293 0.795700
vt 0.624294 0.794338
vt 0.836929 0.179865
vt 0.838314 0.178946
vt 0.632432 0.784806
vt 0.633816 0.785727
vt 0.830877 0.170112
vt 0.832283 0.169230
vt 0.638491 0.775098
vt 0.639900 0.775987
vt 0.751766 0.011887
vt 0.750126 0.011993
vt 0.748483 0.000960
vt 0.722151 0.606596
vt 0.720526 0.617607
vt 0.718901 0.617502
vt 0.854695 0.164905
vt 0.853006 0.164817
vt 0.617762 0.770669
vt 0.616072 0.770738
vt 0.825125 0.160688
vt 0.826603 0.159807
vt 0.644183 0.765656
vt 0.645653 0.766543
vt 0.818322 0.148863
vt 0.819806 0.148030
vt 0.651004 0.753884
vt 0.652483 0.754719
vt 0.811949 0.137186
vt 0.813450 0.136317
vt 0.657379 0.742176
vt 0.658880 0.743039
vt 0.803877 0.123807
vt 0.805356 0.122936
vt 0.665475 0.728772
vt 0.666958 0.729638
vt 0.795240 0.108106
vt 0.796719 0.107231
vt 0.674125 0.713051
vt 0.675606 0.713924
vt 0.784968 0.091309
vt 0.786445 0.090423
vt 0.684391 0.696214
vt 0.685872 0.697106
vt 0.776736 0.076804
vt 0.778200 0.075916
vt 0.692633 0.681680
vt 0.694101 0.682581
vt 0.771725 0.068726
vt 0.773174 0.067809
vt 0.697667 0.673564
vt 0.699120 0.674490
vt 0.767904 0.062625
vt 0.769280 0.061619
vt 0.701561 0.667369
vt 0.702943 0.668380
vt 0.763992 0.058163
vt 0.765290 0.057054
vt 0.705544 0.662769
vt 0.706839 0.663886
vt 0.760752 0.054457
vt 0.762073 0.053350
vt 0.708831 0.659104
vt 0.710150 0.660216
vt 0.757065 0.050014
vt 0.758358 0.048927
vt 0.712541 0.654659
vt 0.713826 0.655775
vt 0.753866 0.046363
vt 0.755245 0.045321
vt 0.715854 0.651240
vt 0.717247 0.652260
vt 0.751168 0.042351
vt 0.752608 0.041480
vt 0.718179 0.647196
vt 0.719654 0.648019
vt 0.750061 0.040367
vt 0.751673 0.039972
vt 0.719263 0.645361
vt 0.720852 0.645936
vt 0.752196 0.024260
vt 0.750543 0.024277
vt 0.720194 0.629940
vt 0.718538 0.629955
vt 0.750067 0.037571
vt 0.751641 0.037550
vt 0.719826 0.643053
vt 0.721417 0.643168
vt 0.848470 0.186578
vt 0.849667 0.187762
vt 0.847590 0.185487
vt 0.846349 0.187008
vt 0.624372 0.792836
vt 0.623124 0.791331
vt 0.792365 0.028433
vt 0.797753 0.033681
vt 0.750879 0.003131
vt 0.756703 0.007020
vt 0.713975 0.612666
vt 0.719779 0.608782
vt 0.770642 0.060281
vt 0.766460 0.056058
vt 0.759547 0.047959
vt 0.756519 0.044375
vt 0.753171 0.039575
vt 0.753325 0.037520
vt 0.705950 0.616315
vt 0.764740 0.010664
vt 0.717202 0.617353
vt 0.753465 0.011735
vt 0.711156 0.623159
vt 0.759570 0.017498
vt 0.716852 0.629896
vt 0.718185 0.642890
vt 0.753899 0.024252
vt 0.717778 0.644777
vt 0.711968 0.636573
vt 0.758791 0.030910
vt 0.716804 0.646417
vt 0.714583 0.650323
vt 0.753927 0.040642
vt 0.711369 0.653667
vt 0.763650 0.038208
vt 0.707631 0.658114
vt 0.704380 0.661770
vt 0.763280 0.052370
vt 0.700190 0.666019
vt 0.696364 0.672744
vt 0.774484 0.066985
vt 0.691302 0.680563
vt 0.779533 0.074782
vt 0.683063 0.695393
vt 0.787773 0.089605
vt 0.672775 0.712228
vt 0.798070 0.106408
vt 0.664110 0.727950
vt 0.806715 0.122116
vt 0.655974 0.741359
vt 0.814843 0.135508
vt 0.649590 0.753085
vt 0.821222 0.147232
vt 0.642751 0.764799
vt 0.828041 0.158945
vt 0.621920 0.789070
vt 0.627670 0.789444
vt 0.848793 0.183231
vt 0.843058 0.183595
vt 0.637070 0.774194
vt 0.833696 0.168331
vt 0.630997 0.783853
vt 0.839752 0.177994
vt 0.624357 0.784282
vt 0.846382 0.178443
vt 0.620146 0.781405
vt 0.627554 0.776487
vt 0.850600 0.175573
vt 0.843203 0.170644
vt 0.619424 0.770589
vt 0.631846 0.766907
vt 0.851345 0.164724
vt 0.838932 0.161063
vt 0.697848 0.620276
vt 0.707130 0.643895
vt 0.772855 0.014595
vt 0.690169 0.625732
vt 0.698222 0.654775
vt 0.780559 0.020022
vt 0.772583 0.049047
vt 0.684927 0.629883
vt 0.678409 0.634224
vt 0.785843 0.024147
vt 0.672955 0.639399
vt 0.685093 0.647183
vt 0.785694 0.041428
vt 0.688060 0.669708
vt 0.782769 0.063944
vt 0.665322 0.647170
vt 0.676544 0.661441
vt 0.805473 0.041386
vt 0.794271 0.055664
vt 0.656722 0.657288
vt 0.814079 0.051487
vt 0.679563 0.683065
vt 0.666487 0.676251
vt 0.791272 0.077279
vt 0.804341 0.070456
vt 0.672009 0.695491
vt 0.798825 0.089689
vt 0.645364 0.673760
vt 0.656135 0.689076
vt 0.825464 0.067949
vt 0.814697 0.083266
vt 0.634768 0.693380
vt 0.836055 0.087560
vt 0.662033 0.712334
vt 0.646153 0.705572
vt 0.808799 0.106518
vt 0.824679 0.099754
vt 0.652000 0.729178
vt 0.643775 0.743704
vt 0.818824 0.123351
vt 0.827034 0.137869
vt 0.621114 0.729620
vt 0.627063 0.708899
vt 0.637497 0.718877
vt 0.633204 0.736508
vt 0.843776 0.103065
vt 0.849703 0.123790
vt 0.837606 0.130677
vt 0.833328 0.113052
vt 0.619368 0.757155
vt 0.620391 0.742684
vt 0.850406 0.136890
vt 0.851710 0.151260
vt 0.638092 0.755025
vt 0.832702 0.149185
vt 0.629846 0.750913
vt 0.840948 0.145079
vn -0.549616 -0.690437 -0.470340
vn -0.527172 -0.699278 -0.482804
vn -0.423275 -0.725642 -0.542478
vn -0.475461 -0.718628 -0.507455
vn 0.475509 -0.718745 -0.507244
vn 0.423299 -0.726005 -0.541972
vn 0.527030 -0.699597 -0.482497
vn 0.549394 -0.690602 -0.470356
vn -0.290958 -0.756905 -0.585182
vn -0.337500 -0.778696 -0.528892
vn 0.337666 -0.778832 -0.528585
vn 0.290904 -0.757358 -0.584623
vn -0.623906 -0.655006 -0.426273
vn -0.623578 -0.654943 -0.426849
vn 0.623599 -0.654997 -0.426736
vn 0.624038 -0.655020 -0.426057
vn -0.691756 -0.611326 -0.384388
vn -0.704385 -0.604913 -0.371379
vn 0.704396 -0.605063 -0.371114
vn 0.692029 -0.611174 -0.384139
vn -0.760605 -0.555054 -0.336742
vn -0.783160 -0.537768 -0.312194
vn 0.783044 -0.538146 -0.311835
vn 0.760685 -0.554991 -0.336665
vn -0.855992 -0.453107 -0.248942
vn -0.831131 -0.478240 -0.283739
vn 0.831279 -0.478059 -0.283609
vn 0.856115 -0.453259 -0.248241
vn -0.976548 -0.001292 0.215296
vn -0.984666 -0.018959 0.173419
vn -0.973724 -0.069897 0.216739
vn -0.966370 -0.070274 0.247367
vn 0.966150 -0.070547 0.248148
vn 0.973666 -0.070423 0.216829
vn 0.985220 -0.015510 0.170589
vn 0.976485 -0.001329 0.215582
vn -0.959550 -0.045471 0.277842
vn -0.965937 0.006990 0.258682
vn 0.965692 0.006843 0.259599
vn 0.959681 -0.045307 0.277416
vn -0.978382 -0.206701 -0.006625
vn -0.960508 -0.266621 -0.079611
vn -0.960728 -0.260773 -0.094859
vn -0.978370 -0.206076 -0.018016
vn 0.978303 -0.206411 -0.017837
vn 0.960719 -0.260848 -0.094750
vn 0.960484 -0.266721 -0.079559
vn 0.978425 -0.206492 -0.006718
vn -0.987243 -0.147182 0.060730
vn -0.986511 -0.156592 0.047694
vn 0.986416 -0.157235 0.047555
vn 0.987277 -0.147200 0.060137
vn -0.990050 -0.107253 0.091097
vn -0.989369 -0.123097 0.077431
vn 0.989331 -0.123451 0.077352
vn 0.990025 -0.107656 0.090893
vn -0.991806 -0.070241 0.106710
vn -0.990246 -0.096353 0.100645
vn 0.990229 -0.096410 0.100756
vn 0.991744 -0.068789 0.108226
vn -0.990338 -0.039846 0.132829
vn -0.987716 -0.077190 0.135860
vn -0.982611 -0.068481 0.172585
vn 0.987695 -0.077399 0.135894
vn 0.990527 -0.035552 0.132635
vn 0.982646 -0.068847 0.172239
vn -0.900179 -0.386901 -0.199963
vn -0.890395 -0.393618 -0.228607
vn 0.890540 -0.393332 -0.228533
vn 0.900236 -0.387050 -0.199418
vn -0.932693 -0.327938 -0.150133
vn -0.932676 -0.320141 -0.166209
vn 0.932647 -0.320131 -0.166389
vn 0.932609 -0.328184 -0.150117
vn -0.993205 -0.058751 0.100455
vn -0.993059 -0.103166 0.056479
vn 0.993181 -0.102532 0.055481
vn 0.993213 -0.058919 0.100285
vn -0.987208 -0.158121 -0.020441
vn 0.987385 -0.156972 -0.020775
vn -0.969051 -0.224340 -0.103011
vn 0.969208 -0.223415 -0.103550
vn -0.941328 -0.286923 -0.177699
vn 0.941395 -0.286516 -0.178003
vn -0.912867 -0.335147 -0.233133
vn 0.913042 -0.335109 -0.232501
vn -0.867031 -0.407196 -0.287140
vn 0.867181 -0.407092 -0.286832
vn 0.683782 -0.563983 -0.462996
vn 0.773043 -0.503493 -0.385876
vn -0.462037 -0.671990 -0.578751
vn -0.336867 -0.684639 -0.646367
vn 0.336797 -0.685272 -0.645732
vn 0.462199 -0.672879 -0.577586
vn -0.199940 -0.721091 -0.663364
vn 0.199650 -0.720650 -0.663931
vn -0.683443 -0.565026 -0.462225
vn -0.579364 -0.631065 -0.515843
vn 0.579493 -0.631592 -0.515053
vn -0.773207 -0.504264 -0.384538
vn -0.948884 0.112619 0.294850
vn -0.967898 0.092878 0.233552
vn 0.967690 0.093672 0.234099
vn 0.948822 0.112829 0.294969
vn -0.990278 0.028642 0.136118
vn -0.993459 -0.009649 0.113780
vn 0.993105 -0.005871 0.117079
vn 0.990030 0.036483 0.136048
vn -0.928924 -0.193020 0.315981
vn -0.914708 -0.167009 0.367992
vn 0.914527 -0.167938 0.368019
vn 0.928186 -0.194790 0.317062
vn -0.958535 -0.152027 0.241035
vn 0.957235 -0.157015 0.242998
vn -0.073905 -0.754158 -0.652521
vn -0.147878 -0.800273 -0.581115
vn 0.146966 -0.801083 -0.580231
vn 0.071327 -0.754393 -0.652536
vn -0.982294 0.053473 0.179553
vn 0.982747 0.058348 0.175510
vn -0.979685 -0.123365 0.158109
vn 0.978659 -0.128220 0.160579
vn -0.985675 -0.128738 0.108954
vn 0.985166 -0.131218 0.110587
vn -0.986138 -0.145793 0.079227
vn 0.985727 -0.148117 0.080026
vn -0.984587 -0.169504 0.043099
vn 0.984066 -0.172246 0.044113
vn -0.977291 -0.209532 -0.031593
vn 0.976865 -0.211731 -0.030073
vn -0.958873 -0.261171 -0.111136
vn 0.958418 -0.263479 -0.109605
vn -0.923369 -0.331622 -0.193435
vn 0.922966 -0.333483 -0.192155
vn -0.871697 -0.412068 -0.265225
vn 0.871680 -0.412461 -0.264670
vn -0.809117 -0.492804 -0.320117
vn 0.809066 -0.492943 -0.320030
vn -0.739445 -0.565332 -0.365542
vn 0.739361 -0.565695 -0.365148
vn -0.676433 -0.610928 -0.411347
vn 0.676853 -0.610300 -0.411586
vn -0.619702 -0.646579 -0.444865
vn 0.620298 -0.645025 -0.446289
vn -0.561973 -0.673593 -0.480061
vn 0.562063 -0.672468 -0.481531
vn -0.502339 -0.702249 -0.504482
vn 0.502535 -0.701439 -0.505413
vn -0.397482 -0.759477 -0.514979
vn 0.401286 -0.753991 -0.520065
vn -0.159226 -0.840502 -0.517883
vn 0.178761 -0.832421 -0.524519
vn -0.089677 -0.892226 -0.442595
vn 0.153471 -0.865734 -0.476393
vn -0.943066 0.046247 0.329376
vn -0.888849 -0.076230 0.451815
vn 0.943429 0.047082 0.328216
vn 0.888346 -0.076793 0.452707
vn 0.001212 0.757970 0.652288
vn 0.116697 0.921623 0.370126
vn -0.570244 0.771817 -0.281285
vn -0.572182 0.808072 -0.140099
vn 0.571334 0.808591 -0.140562
vn 0.570866 0.771387 -0.281201
vn -0.482199 0.761136 -0.433769
vn 0.482876 0.760736 -0.433718
vn -0.453544 0.721412 -0.523320
vn 0.454304 0.720811 -0.523488
vn -0.407367 0.672092 -0.618341
vn 0.408876 0.671245 -0.618264
vn -0.372353 0.590331 -0.716144
vn 0.378161 0.588359 -0.714722
vn -0.436817 0.456084 -0.775357
vn 0.444521 0.448918 -0.775160
vn 0.387769 0.421495 -0.819742
vn 0.236499 0.480553 -0.844475
vn 0.074098 0.503111 -0.861040
vn -0.056696 0.494697 -0.867214
vn 0.058398 0.491855 -0.868716
vn -0.072848 0.500085 -0.862907
vn 0.151073 0.499430 -0.853081
vn 0.858492 -0.248231 -0.448745
vn -0.151719 0.498404 -0.853566
vn -0.860535 -0.244302 -0.446986
vn -0.157623 0.494570 -0.854725
vn -0.237154 0.477870 -0.845812
vn 0.159220 0.493313 -0.855156
vn -0.388625 0.422942 -0.818590
vn -0.216961 0.960788 0.172669
vn -0.116777 0.921532 0.370327
vn 0.216196 0.960991 0.172497
vn -0.411987 0.909522 -0.055110
vn -0.345759 0.938267 0.010330
vn 0.334296 0.942429 0.008615
vn 0.405463 0.912659 -0.051509
vn 0.126422 -0.227642 0.965503
vn 0.028411 -0.734146 0.678397
vn -0.027241 -0.734217 0.678368
vn -0.126160 -0.228106 0.965428
vn -0.096453 -0.832243 0.545956
vn 0.099291 -0.831982 0.545845
vn -0.278303 -0.814444 0.509145
vn 0.279711 -0.814771 0.507848
vn 0.593393 -0.796008 0.119399
vn -0.598496 -0.790928 0.127416
vn -0.314140 0.946021 0.079754
vn 0.309061 0.948163 0.073951
vn -0.513470 -0.729395 0.452031
vn 0.511276 -0.730666 0.452464
vn -0.594031 -0.691811 0.410518
vn 0.590786 -0.693319 0.412651
vn -0.552528 -0.720676 0.418736
vn 0.551088 -0.721840 0.418628
vn -0.496137 -0.764746 0.411111
vn 0.497793 -0.764265 0.410001
vn -0.481031 -0.795303 0.368921
vn 0.481792 -0.794944 0.368702
vn -0.495122 -0.815042 0.300932
vn 0.493792 -0.815558 0.301720
vn -0.476867 -0.842523 0.250503
vn 0.476262 -0.842464 0.251850
vn -0.362368 -0.889897 0.277080
vn 0.362879 -0.889459 0.277817
vn -0.253229 -0.902040 0.349571
vn 0.252808 -0.901853 0.350355
vn -0.200191 -0.903361 0.379292
vn 0.203696 -0.903099 0.378049
vn -0.178030 -0.912814 0.367526
vn 0.191704 -0.914581 0.356078
vn -0.098264 -0.922428 0.373457
vn 0.142364 -0.929551 0.340099
vn -0.068392 -0.948160 0.310347
vn 0.115780 -0.962642 0.244775
vn -0.003867 -0.937646 0.347570
vn 0.016152 -0.953841 0.299878
vn 0.256224 -0.908187 0.330976
vn -0.187324 -0.927286 0.324116
vn 0.623859 -0.780226 0.045248
vn -0.596277 -0.802737 0.008144
vn 0.666876 -0.732444 0.137119
vn -0.625577 -0.775347 0.086549
vn -0.002075 0.757493 0.652840
vn -0.279466 0.769195 0.574664
vn -0.231429 0.931817 0.279567
vn -0.218291 0.913505 -0.343304
vn -0.174919 0.961096 -0.213771
vn 0.175673 0.960967 -0.213730
vn 0.217310 0.913682 -0.343456
vn -0.204859 0.864277 -0.459410
vn 0.203344 0.864571 -0.459530
vn -0.202263 0.827185 -0.524266
vn 0.205327 0.826192 -0.524641
vn -0.180724 0.777901 -0.601838
vn 0.188136 0.775286 -0.602940
vn -0.147178 0.710427 -0.688209
vn 0.155652 0.708360 -0.688476
vn -0.165002 0.653050 -0.739121
vn 0.171634 0.649028 -0.741151
vn 0.111075 0.656458 -0.746140
vn -0.027183 0.711627 -0.702032
vn 0.235947 0.850631 -0.469847
vn 0.162019 0.806961 -0.567947
vn -0.160394 0.806007 -0.569760
vn -0.234461 0.849318 -0.472955
vn 0.235174 0.842622 -0.484439
vn 0.973501 0.228681 -0.000512
vn -0.235966 0.843048 -0.483312
vn -0.972097 0.234578 -0.000553
vn 0.092369 0.771393 -0.629619
vn 0.026804 0.710889 -0.702793
vn -0.091761 0.771297 -0.629826
vn -0.111642 0.659021 -0.743792
vn 0.166689 0.982163 0.087014
vn 0.230795 0.931937 0.279691
vn -0.166693 0.982147 0.087182
vn -0.008675 0.993608 -0.112548
vn 0.055291 0.997242 -0.049514
vn -0.085838 0.994857 -0.053776
vn -0.005984 0.993922 -0.109921
vn 0.422110 -0.217889 0.879970
vn 0.378113 -0.721614 0.579917
vn -0.378564 -0.721574 0.579673
vn -0.423986 -0.217094 0.879264
vn 0.380227 -0.815982 0.435433
vn -0.376310 -0.816980 0.436960
vn 0.255561 -0.855840 0.449696
vn -0.247105 -0.857331 0.451579
vn 0.779234 -0.382834 0.496219
vn -0.780126 -0.377242 0.499091
vn 0.095006 0.995450 0.007288
vn -0.109041 0.994037 0.000179
vn 0.038506 -0.875010 0.482572
vn -0.027446 -0.874689 0.483907
vn -0.058604 -0.870313 0.489000
vn 0.065165 -0.869403 0.489787
vn -0.026254 -0.863346 0.503929
vn 0.029837 -0.863406 0.503627
vn 0.012654 -0.868036 0.496339
vn -0.004940 -0.868438 0.495773
vn 0.016690 -0.873561 0.486428
vn -0.006765 -0.874292 0.485353
vn -0.001974 -0.880381 0.474263
vn 0.010610 -0.881266 0.472501
vn 0.009961 -0.881423 0.472223
vn -0.003146 -0.882372 0.470542
vn 0.078837 -0.849605 0.521494
vn -0.073050 -0.851168 0.519786
vn 0.129818 -0.790669 0.598323
vn -0.124995 -0.793111 0.596114
vn 0.138049 -0.760858 0.634065
vn -0.132585 -0.762758 0.632946
vn 0.139879 -0.750269 0.646166
vn -0.129289 -0.756167 0.641480
vn 0.185124 -0.742325 0.643959
vn -0.149914 -0.755875 0.637322
vn 0.210631 -0.761275 0.613266
vn -0.180616 -0.795536 0.578360
vn 0.239272 -0.741224 0.627165
vn -0.255233 -0.762071 0.595066
vn 0.442762 -0.685265 0.578250
vn -0.393221 -0.694890 0.602084
vn 0.850266 -0.360097 0.383899
vn -0.850911 -0.387526 0.354646
vn 0.843046 -0.363957 0.395992
vn -0.823368 -0.451492 0.343833
vn 0.276742 0.769334 0.575794
vn -0.685913 0.648722 0.329671
vn -0.704546 0.707037 0.060937
vn 0.310611 0.887165 -0.341261
vn 0.386154 0.889152 -0.245548
vn -0.387377 0.888601 -0.245616
vn -0.313113 0.886454 -0.340822
vn 0.338671 0.852097 -0.399040
vn -0.339378 0.851923 -0.398810
vn 0.339765 0.847217 -0.408391
vn -0.337435 0.847865 -0.408978
vn 0.378798 0.827208 -0.415016
vn -0.375559 0.827794 -0.416788
vn 0.421676 0.793584 -0.438651
vn -0.417096 0.794544 -0.441284
vn 0.378707 0.803086 -0.460036
vn -0.373391 0.802951 -0.464596
vn -0.379844 0.841434 -0.384328
vn -0.461090 0.861434 -0.212903
vn 0.339960 0.936547 0.085487
vn 0.376006 0.925379 -0.047881
vn -0.372927 0.926218 -0.055188
vn -0.338909 0.937330 0.080951
vn 0.260861 0.959087 0.110016
vn 0.602464 0.633994 0.484859
vn -0.261696 0.958627 0.112027
vn -0.591916 0.641619 0.487812
vn 0.413084 0.903652 -0.113023
vn 0.460660 0.861805 -0.212330
vn -0.409790 0.904065 -0.121401
vn 0.375382 0.842542 -0.386279
vn 0.698464 0.711690 -0.075140
vn 0.706305 0.705417 0.059339
vn -0.697454 0.712748 -0.074489
vn 0.615955 0.771268 -0.160452
vn 0.667628 0.733580 -0.127017
vn -0.698175 0.703941 -0.130459
vn -0.630245 0.760116 -0.158160
vn 0.783024 -0.179943 0.595394
vn 0.819692 -0.513909 0.252988
vn -0.819921 -0.513547 0.252981
vn -0.784177 -0.180500 0.593706
vn 0.863978 -0.488398 0.122517
vn -0.863005 -0.489714 0.124108
vn 0.815621 -0.548327 0.184664
vn -0.814884 -0.549250 0.185172
vn 0.645923 0.286121 0.707756
vn -0.641822 0.296169 0.707353
vn 0.681949 0.723423 -0.107725
vn -0.694089 0.710865 -0.113633
vn 0.701192 -0.648558 0.296145
vn -0.700842 -0.648885 0.296257
vn 0.630750 -0.686468 0.361824
vn -0.627998 -0.688165 0.363382
vn 0.625378 -0.671293 0.397830
vn -0.621611 -0.673855 0.399399
vn 0.615877 -0.669162 0.415834
vn -0.613821 -0.670600 0.416557
vn 0.591422 -0.664466 0.456843
vn -0.589981 -0.665541 0.457140
vn 0.554234 -0.658105 0.509630
vn -0.554321 -0.658090 0.509555
vn 0.552900 -0.621886 0.554581
vn -0.554069 -0.620662 0.554785
vn 0.564216 -0.526051 0.636342
vn -0.565065 -0.523693 0.637533
vn 0.573874 -0.394260 0.717793
vn -0.576448 -0.389234 0.718474
vn 0.516674 -0.367447 0.773325
vn -0.515899 -0.365266 0.774873
vn 0.472701 -0.367209 0.801069
vn -0.461532 -0.382265 0.800539
vn 0.482903 -0.335316 0.808930
vn -0.457151 -0.355245 0.815361
vn 0.483139 -0.343543 0.805329
vn -0.465494 -0.392061 0.793475
vn 0.490028 -0.306766 0.815946
vn -0.517226 -0.318528 0.794366
vn 0.611363 -0.194841 0.766989
vn -0.578666 -0.216333 0.786350
vn 0.741166 0.305297 0.597885
vn -0.764153 0.272098 0.584836
vn 0.774947 0.249325 0.580770
vn -0.818407 0.130945 0.559521
vn 0.686043 0.648486 0.329864
vn 0.974573 0.076700 -0.210537
vn 0.987700 -0.034132 -0.152592
vn -0.987127 -0.031886 -0.156727
vn -0.974691 0.077257 -0.209785
vn 0.759777 0.590001 0.273198
vn 0.837575 0.502284 0.214890
vn 0.269236 0.738453 0.618223
vn 0.289434 0.788731 0.542339
vn -0.292829 0.785629 0.545013
vn -0.269225 0.735592 0.621629
vn 0.818207 0.399813 0.413143
vn 0.750764 0.470013 0.464157
vn 0.653816 0.550608 0.518995
vn 0.593621 0.576429 0.561555
vn 0.538228 0.637337 0.551464
vn 0.499316 0.660930 0.560227
vn -0.351973 0.797671 0.489731
vn 0.352065 0.796961 0.490819
vn -0.354120 0.705808 0.613542
vn 0.350967 0.708797 0.611907
vn -0.415817 0.747283 0.518327
vn 0.414596 0.747901 0.518416
vn -0.458782 0.686213 0.564473
vn -0.512384 0.649587 0.561693
vn 0.453899 0.688503 0.565632
vn -0.527737 0.645035 0.552651
vn -0.459600 0.728484 0.508015
vn 0.458213 0.729619 0.507639
vn -0.566650 0.609614 0.554328
vn -0.597101 0.560445 0.573909
vn 0.565247 0.612556 0.552514
vn -0.652876 0.550369 0.520429
vn 0.571364 0.685742 0.450890
vn -0.690720 0.525307 0.496950
vn -0.748251 0.474429 0.463721
vn 0.690943 0.525732 0.496189
vn -0.817557 0.401804 0.412497
vn -0.876985 0.318280 0.359992
vn 0.877268 0.316931 0.360493
vn -0.937038 0.218419 0.272496
vn 0.937090 0.217291 0.273214
vn -0.971025 0.143960 0.190750
vn 0.971005 0.142578 0.191890
vn -0.990266 0.105208 0.091130
vn 0.990327 0.104008 0.091847
vn -0.997621 0.067069 0.015938
vn 0.997670 0.066185 0.016542
vn -0.998980 0.041589 -0.017585
vn 0.999054 0.040226 -0.016497
vn -0.999220 0.000335 -0.039483
vn 0.999197 -0.000393 -0.040071
vn -0.996080 -0.017543 -0.086695
vn 0.996060 -0.018131 -0.086813
vn -0.969687 0.093206 -0.225876
vn -0.976217 -0.054742 -0.209769
vn 0.969489 0.091947 -0.227238
vn 0.975975 -0.055610 -0.210666
vn -0.989423 -0.021900 -0.143397
vn 0.989470 -0.022649 -0.142958
vn -0.980269 -0.025041 -0.196077
vn 0.980501 -0.026044 -0.194778
vn -0.970478 0.019027 -0.240439
vn 0.970598 0.018700 -0.239980
vn -0.973687 0.094468 -0.207388
vn -0.980421 0.027828 -0.194936
vn 0.973683 0.094448 -0.207415
vn 0.980527 0.027781 -0.194411
vn -0.983130 0.081918 -0.163539
vn -0.988579 0.039302 -0.145489
vn 0.983021 0.084032 -0.163123
vn 0.988557 0.039289 -0.145645
vn -0.527821 0.728640 0.436450
vn -0.571546 0.685419 0.451149
vn 0.527671 0.728120 0.437498
vn -0.619793 0.678473 0.394374
vn -0.734131 0.572365 0.365308
vn 0.619897 0.677859 0.395266
vn 0.734367 0.572029 0.365360
vn -0.706226 0.621135 0.339760
vn -0.758982 0.590280 0.274803
vn 0.706919 0.620402 0.339658
vn -0.837862 0.502299 0.213738
vn -0.795899 0.531002 0.290830
vn 0.795883 0.530832 0.291184
vn -0.882905 0.396241 0.251937
vn 0.882815 0.396422 0.251966
vn -0.892029 0.420774 0.165026
vn -0.892932 0.401496 0.203651
vn 0.891842 0.420887 0.165747
vn 0.892757 0.401747 0.203922
vn -0.924992 0.361422 0.117319
vn 0.924960 0.361520 0.117271
vn -0.941172 0.294690 0.165388
vn -0.940727 0.311680 0.133747
vn 0.941134 0.294759 0.165482
vn 0.940694 0.311850 0.133582
vn -0.968668 0.233393 0.084915
vn 0.968758 0.232951 0.085103
vn -0.950185 0.307174 0.052841
vn -0.967337 0.246798 0.057873
vn 0.950181 0.307257 0.052432
vn 0.967374 0.246721 0.057592
vn -0.970060 0.241813 -0.022589
vn 0.969984 0.242061 -0.023184
vn -0.983198 0.182490 0.004347
vn -0.981775 0.189665 -0.012044
vn 0.983317 0.181844 0.004592
vn 0.981809 0.189479 -0.012211
vn -0.989189 0.136135 -0.054513
vn -0.991693 0.101957 -0.078426
vn 0.989392 0.134947 -0.053789
vn 0.991852 0.100796 -0.077914
vn -0.977848 0.175228 -0.114491
vn -0.973837 0.208500 -0.090386
vn -0.987834 0.139819 -0.068075
vn -0.989985 0.106937 -0.092168
vn 0.973693 0.209022 -0.090733
vn 0.977837 0.175269 -0.114521
vn 0.989987 0.106938 -0.092138
vn 0.987847 0.139689 -0.068152
vn -0.983171 0.105677 -0.149019
vn -0.984269 0.124265 -0.125587
vn 0.984162 0.124831 -0.125869
vn 0.982826 0.109083 -0.148841
vn -0.991886 0.061670 -0.111172
vn 0.991931 0.061184 -0.111042
vn -0.989769 0.069142 -0.124808
vn 0.989787 0.069033 -0.124727
s 1
g MiningRobot_LP1 MiningRobot_Arms_LP
usemtl Maya_Lambert7SG
f 3270/126/110 3271/127/111 3272/128/112 3273/129/113
s 2
f 3274/130/114 3275/131/115 3276/132/116 3277/133/117
s 1
f 3273/129/113 3272/128/112 3278/134/118 3279/135/119
s 2
f 3280/136/120 3281/137/121 3275/131/115 3274/130/114
s 1
f 3282/138/122 3271/127/111 3270/126/110 3283/139/123
s 2
f 3284/140/124 3277/133/117 3276/132/116 3285/141/125
s 1
f 3286/142/126 3287/143/127 3282/138/122 3283/139/123
s 2
f 3284/140/124 3285/141/125 3288/144/128 3289/145/129
s 1
f 3290/146/130 3291/147/131 3287/143/127 3286/142/126
s 2
f 3289/145/129 3288/144/128 3292/148/132 3293/149/133
s 1
f 3294/150/134 3291/147/131 3290/146/130 3295/151/135
s 2
f 3296/152/136 3293/149/133 3292/148/132 3297/153/137
s 1
f 3298/154/138 3299/155/139 3300/156/140 3301/157/141
s 2
f 3302/158/142 3303/159/143 3304/160/144 3305/161/145
s 1
f 3298/154/138 3301/157/141 3306/162/146 3307/163/147
s 2
f 3308/164/148 3309/165/149 3302/158/142 3305/161/145
s 1
f 3310/166/150 3311/167/151 3312/168/152 3313/169/153
s 2
f 3314/170/154 3315/171/155 3316/172/156 3317/173/157
s 1
f 3318/174/158 3310/166/150 3313/169/153 3319/175/159
s 2
f 3320/176/160 3314/170/154 3317/173/157 3321/177/161
s 1
f 3322/178/162 3318/174/158 3319/175/159 3323/179/163
s 2
f 3324/180/164 3320/176/160 3321/177/161 3325/181/165
s 1
f 3326/182/166 3322/178/162 3323/179/163 3327/183/167
s 2
f 3328/184/168 3324/180/164 3325/181/165 3329/185/169
s 1
f 3330/186/170 3326/182/166 3327/183/167 3331/187/171
f 3331/187/171 3332/188/172 3299/155/139 3330/186/170
s 2
f 3333/189/173 3328/184/168 3329/185/169 3334/190/174
f 3334/190/174 3304/160/144 3335/191/175 3333/189/173
s 1
f 3336/192/176 3294/150/134 3295/151/135 3337/193/177
s 2
f 3338/194/178 3296/152/136 3297/153/137 3339/195/179
s 1
f 3340/196/180 3336/192/176 3337/193/177 3341/197/181
f 3341/197/181 3312/168/152 3311/167/151 3340/196/180
s 2
f 3342/198/182 3338/194/178 3339/195/179 3343/199/183
f 3343/199/183 3316/172/156 3315/171/155 3342/198/182
s 1
f 3318/174/158 3322/178/162 3344/200/184 3345/201/185
s 2
f 3346/202/186 3347/203/187 3325/181/165 3321/177/161
s 1
f 3310/166/150 3318/174/158 3345/201/185 3348/204/188
s 2
f 3349/205/189 3346/202/186 3321/177/161 3317/173/157
s 1
f 3311/167/151 3310/166/150 3348/204/188 3350/206/190
s 2
f 3351/207/191 3349/205/189 3317/173/157 3316/172/156
s 1
f 3340/196/180 3311/167/151 3350/206/190 3352/208/192
s 2
f 3353/209/193 3351/207/191 3316/172/156 3343/199/183
s 1
f 3336/192/176 3340/196/180 3352/208/192 3354/210/194
s 2
f 3355/211/195 3353/209/193 3343/199/183 3339/195/179
s 1
f 3294/150/134 3336/192/176 3354/210/194 3356/212/196
s 2
f 3357/213/197 3355/211/195 3339/195/179 3297/153/137
f 3358/214/198 3359/215/199 3292/148/132 3288/144/128
s 1
f 3272/128/112 3271/127/111 3360/216/200 3361/217/201
s 2
f 3362/218/202 3363/219/203 3276/132/116 3275/131/115
s 1
f 3278/134/118 3272/128/112 3361/217/201 3364/220/204
s 2
f 3365/221/205 3362/218/202 3275/131/115 3281/137/121
s 1
f 3282/138/122 3287/143/127 3366/222/206 3367/223/207
f 3367/223/207 3360/216/200 3271/127/111 3282/138/122
s 2
f 3368/224/208 3358/214/198 3288/144/128 3285/141/125
f 3285/141/125 3276/132/116 3363/219/203 3368/224/208
s 1
f 3291/147/131 3294/150/134 3356/212/196 3369/225/209
f 3369/225/209 3366/222/206 3287/143/127 3291/147/131
s 2
f 3359/215/199 3357/213/197 3297/153/137 3292/148/132
s 1
f 3298/154/138 3307/163/147 3370/226/210 3371/227/211
s 2
f 3372/228/212 3373/229/213 3308/164/148 3305/161/145
s 1
f 3326/182/166 3330/186/170 3374/230/214 3375/231/215
f 3375/231/215 3344/200/184 3322/178/162 3326/182/166
s 2
f 3376/232/216 3377/233/217 3334/190/174 3329/185/169
f 3329/185/169 3325/181/165 3347/203/187 3376/232/216
s 1
f 3378/234/218 3379/235/219 3306/162/146 3301/157/141
s 2
f 3302/158/142 3309/165/149 3380/236/220 3381/237/221
s 1
f 3382/238/222 3378/234/218 3301/157/141 3300/156/140
f 3382/238/222 3300/156/140 3299/155/139 3332/188/172
s 2
f 3303/159/143 3302/158/142 3381/237/221 3383/239/223
f 3335/191/175 3304/160/144 3303/159/143 3383/239/223
s 1
f 3278/134/118 3364/220/204 3384/240/224 3385/241/225
s 2
f 3386/242/226 3387/243/227 3365/221/205 3281/137/121
s 1
f 3299/155/139 3298/154/138 3371/227/211 3388/244/228
f 3374/230/214 3330/186/170 3299/155/139 3388/244/228
s 2
f 3389/245/229 3372/228/212 3305/161/145 3304/160/144
f 3389/245/229 3304/160/144 3334/190/174 3377/233/217
s 1
f 3390/246/230 3382/238/222 3332/188/172 3331/187/171
s 2
f 3333/189/173 3335/191/175 3383/239/223 3391/247/231
s 1
f 3392/248/232 3390/246/230 3331/187/171 3327/183/167
s 2
f 3328/184/168 3333/189/173 3391/247/231 3393/249/233
s 1
f 3394/250/234 3392/248/232 3327/183/167 3323/179/163
s 2
f 3324/180/164 3328/184/168 3393/249/233 3395/251/235
s 1
f 3396/252/236 3394/250/234 3323/179/163 3319/175/159
s 2
f 3320/176/160 3324/180/164 3395/251/235 3397/253/237
s 1
f 3398/254/238 3396/252/236 3319/175/159 3313/169/153
s 2
f 3314/170/154 3320/176/160 3397/253/237 3399/255/239
s 1
f 3400/256/240 3398/254/238 3313/169/153 3312/168/152
s 2
f 3315/171/155 3314/170/154 3399/255/239 3401/257/241
s 1
f 3402/258/242 3400/256/240 3312/168/152 3341/197/181
s 2
f 3342/198/182 3315/171/155 3401/257/241 3403/259/243
s 1
f 3404/260/244 3402/258/242 3341/197/181 3337/193/177
s 2
f 3338/194/178 3342/198/182 3403/259/243 3405/261/245
s 1
f 3406/262/246 3404/260/244 3337/193/177 3295/151/135
s 2
f 3296/152/136 3338/194/178 3405/261/245 3407/263/247
s 1
f 3408/264/248 3406/262/246 3295/151/135 3290/146/130
s 2
f 3293/149/133 3296/152/136 3407/263/247 3409/265/249
s 1
f 3410/266/250 3408/264/248 3290/146/130 3286/142/126
s 2
f 3289/145/129 3293/149/133 3409/265/249 3411/267/251
s 1
f 3412/268/252 3410/266/250 3286/142/126 3283/139/123
s 2
f 3284/140/124 3289/145/129 3411/267/251 3413/269/253
s 1
f 3414/270/254 3412/268/252 3283/139/123 3270/126/110
s 2
f 3277/133/117 3284/140/124 3413/269/253 3415/271/255
s 1
f 3416/272/256 3414/270/254 3270/126/110 3273/129/113
s 2
f 3274/130/114 3277/133/117 3415/271/255 3417/273/257
s 1
f 3418/274/258 3416/272/256 3273/129/113 3279/135/119
s 2
f 3280/136/120 3274/130/114 3417/273/257 3419/275/259
s 1
f 3279/135/119 3278/134/118 3385/241/225 3420/276/260
s 2
f 3421/277/261 3386/242/226 3281/137/121 3280/136/120
s 1
f 3418/274/258 3279/135/119 3420/276/260 3422/278/262
s 2
f 3423/279/263 3421/277/261 3280/136/120 3419/275/259
s 1
f 3370/226/210 3307/163/147 3306/162/146 3424/280/264
f 3424/280/264 3306/162/146 3379/235/219 3425/281/265
s 2
f 3426/282/266 3427/283/267 3380/236/220 3309/165/149
f 3426/282/266 3309/165/149 3308/164/148 3373/229/213
f 3428/284/268 3426/282/266 3373/229/213 3429/285/269
s 1
f 3430/286/270 3345/201/185 3344/200/184 3431/287/271
s 2
f 3432/288/272 3347/203/187 3346/202/186 3433/289/273
s 1
f 3434/290/274 3348/204/188 3345/201/185 3430/286/270
s 2
f 3433/289/273 3346/202/186 3349/205/189 3435/291/275
s 1
f 3436/292/276 3350/206/190 3348/204/188 3434/290/274
s 2
f 3435/291/275 3349/205/189 3351/207/191 3437/293/277
s 1
f 3438/294/278 3352/208/192 3350/206/190 3436/292/276
s 2
f 3437/293/277 3351/207/191 3353/209/193 3439/295/279
s 1
f 3440/296/280 3354/210/194 3352/208/192 3438/294/278
s 2
f 3439/295/279 3353/209/193 3355/211/195 3441/297/281
s 1
f 3442/298/282 3356/212/196 3354/210/194 3440/296/280
s 2
f 3441/297/281 3355/211/195 3357/213/197 3443/299/283
f 3444/300/284 3359/215/199 3358/214/198 3445/301/285
s 1
f 3446/302/286 3361/217/201 3360/216/200 3447/303/287
s 2
f 3448/304/288 3363/219/203 3362/218/202 3449/305/289
s 1
f 3450/306/290 3364/220/204 3361/217/201 3446/302/286
f 3451/307/291 3384/240/224 3364/220/204 3450/306/290
s 2
f 3449/305/289 3362/218/202 3365/221/205 3452/308/292
f 3452/308/292 3365/221/205 3387/243/227 3453/309/293
s 1
f 3454/310/294 3367/223/207 3366/222/206 3455/311/295
f 3447/303/287 3360/216/200 3367/223/207 3454/310/294
s 2
f 3445/301/285 3358/214/198 3368/224/208 3456/312/296
f 3456/312/296 3368/224/208 3363/219/203 3448/304/288
s 1
f 3457/313/297 3369/225/209 3356/212/196 3442/298/282
f 3455/311/295 3366/222/206 3369/225/209 3457/313/297
s 2
f 3443/299/283 3357/213/197 3359/215/199 3444/300/284
s 1
f 3458/314/298 3371/227/211 3370/226/210 3459/315/299
s 2
f 3429/285/269 3373/229/213 3372/228/212 3460/316/300
s 1
f 3461/317/301 3375/231/215 3374/230/214 3462/318/302
f 3431/287/271 3344/200/184 3375/231/215 3461/317/301
s 2
f 3463/319/303 3377/233/217 3376/232/216 3464/320/304
f 3464/320/304 3376/232/216 3347/203/187 3432/288/272
s 1
f 3465/321/305 3425/281/265 3379/235/219 3466/322/306
s 2
f 3467/323/307 3380/236/220 3427/283/267 3468/324/308
s 1
f 3466/322/306 3379/235/219 3378/234/218 3469/325/309
s 2
f 3470/326/310 3381/237/221 3380/236/220 3467/323/307
s 1
f 3469/325/309 3378/234/218 3382/238/222 3471/327/311
s 2
f 3472/328/312 3383/239/223 3381/237/221 3470/326/310
s 1
f 3473/329/313 3385/241/225 3384/240/224 3451/330/291
s 2
f 3453/331/293 3387/243/227 3386/242/226 3474/332/314
s 1
f 3475/333/315 3388/244/228 3371/227/211 3458/314/298
f 3462/318/302 3374/230/214 3388/244/228 3475/333/315
s 2
f 3460/316/300 3372/228/212 3389/245/229 3476/334/316
f 3476/334/316 3389/245/229 3377/233/217 3463/319/303
s 1
f 3471/327/311 3382/238/222 3390/246/230 3477/335/317
s 2
f 3478/336/318 3391/247/231 3383/239/223 3472/328/312
s 1
f 3477/335/317 3390/246/230 3392/248/232 3479/337/319
s 2
f 3480/338/320 3393/249/233 3391/247/231 3478/336/318
s 1
f 3479/337/319 3392/248/232 3394/250/234 3481/339/321
s 2
f 3482/340/322 3395/251/235 3393/249/233 3480/338/320
s 1
f 3481/339/321 3394/250/234 3396/252/236 3483/341/323
s 2
f 3484/342/324 3397/253/237 3395/251/235 3482/340/322
s 1
f 3483/341/323 3396/252/236 3398/254/238 3485/343/325
s 2
f 3486/344/326 3399/255/239 3397/253/237 3484/342/324
s 1
f 3485/343/325 3398/254/238 3400/256/240 3487/345/327
s 2
f 3488/346/328 3401/257/241 3399/255/239 3486/344/326
s 1
f 3487/345/327 3400/256/240 3402/258/242 3489/347/329
s 2
f 3490/348/330 3403/259/243 3401/257/241 3488/346/328
s 1
f 3489/347/329 3402/258/242 3404/260/244 3491/349/331
s 2
f 3492/350/332 3405/261/245 3403/259/243 3490/348/330
s 1
f 3491/349/331 3404/260/244 3406/262/246 3493/351/333
s 2
f 3494/352/334 3407/263/247 3405/261/245 3492/350/332
s 1
f 3493/351/333 3406/262/246 3408/264/248 3495/353/335
s 2
f 3496/354/336 3409/265/249 3407/263/247 3494/352/334
s 1
f 3495/353/335 3408/264/248 3410/266/250 3497/355/337
s 2
f 3498/356/338 3411/267/251 3409/265/249 3496/354/336
s 1
f 3497/355/337 3410/266/250 3412/268/252 3499/357/339
s 2
f 3500/358/340 3413/269/253 3411/267/251 3498/356/338
s 1
f 3499/357/339 3412/268/252 3414/270/254 3501/359/341
s 2
f 3502/360/342 3415/271/255 3413/269/253 3500/358/340
s 1
f 3501/359/341 3414/270/254 3416/272/256 3503/361/343
s 2
f 3504/362/344 3417/273/257 3415/271/255 3502/360/342
s 1
f 3503/361/343 3416/272/256 3418/274/258 3505/363/345
s 2
f 3506/364/346 3419/275/259 3417/273/257 3504/362/344
s 1
f 3507/365/347 3420/276/260 3385/241/225 3473/329/313
s 2
f 3474/332/314 3386/242/226 3421/277/261 3508/366/348
s 1
f 3509/367/349 3422/278/262 3420/276/260 3507/365/347
f 3505/363/345 3418/274/258 3422/278/262 3509/367/349
s 2
f 3508/366/348 3421/277/261 3423/279/263 3510/368/350
f 3510/368/350 3423/279/263 3419/275/259 3506/364/346
s 1
f 3511/369/351 3424/280/264 3425/281/265 3465/321/305
f 3459/315/299 3370/226/210 3424/280/264 3511/369/351
s 2
f 3468/324/308 3427/283/267 3426/282/266 3428/284/268
f 3512/370/352 3428/284/268 3429/285/269 3513/371/353
s 1
f 3514/372/354 3430/286/270 3431/287/271 3515/373/355
s 2
f 3516/374/356 3432/288/272 3433/289/273 3517/375/357
s 1
f 3518/376/358 3434/290/274 3430/286/270 3514/372/354
s 2
f 3517/375/357 3433/289/273 3435/291/275 3519/377/359
s 1
f 3520/378/360 3436/292/276 3434/290/274 3518/376/358
s 2
f 3519/377/359 3435/291/275 3437/293/277 3521/379/361
s 1
f 3522/380/362 3438/294/278 3436/292/276 3520/378/360
s 2
f 3521/379/361 3437/293/277 3439/295/279 3523/381/363
s 1
f 3524/382/364 3440/296/280 3438/294/278 3522/380/362
s 2
f 3523/381/363 3439/295/279 3441/297/281 3525/383/365
s 1
f 3526/384/366 3442/298/282 3440/296/280 3524/382/364
s 2
f 3525/383/365 3441/297/281 3443/299/283 3527/385/367
f 3528/386/368 3444/300/284 3445/301/285 3529/387/369
s 1
f 3530/388/370 3446/302/286 3447/303/287 3531/389/371
s 2
f 3532/390/372 3448/304/288 3449/305/289 3533/391/373
s 1
f 3534/392/374 3450/306/290 3446/302/286 3530/388/370
f 3535/393/375 3451/307/291 3450/306/290 3534/392/374
s 2
f 3533/391/373 3449/305/289 3452/308/292 3536/394/376
f 3536/394/376 3452/308/292 3453/309/293 3537/395/377
s 1
f 3538/396/378 3454/310/294 3455/311/295 3539/397/379
f 3531/389/371 3447/303/287 3454/310/294 3538/396/378
s 2
f 3529/387/369 3445/301/285 3456/312/296 3540/398/380
f 3540/398/380 3456/312/296 3448/304/288 3532/390/372
s 1
f 3541/399/381 3457/313/297 3442/298/282 3526/384/366
f 3539/397/379 3455/311/295 3457/313/297 3541/399/381
s 2
f 3527/385/367 3443/299/283 3444/300/284 3528/386/368
s 1
f 3542/400/382 3458/314/298 3459/315/299 3543/401/383
s 2
f 3513/371/353 3429/285/269 3460/316/300 3544/402/384
s 1
f 3545/403/385 3461/317/301 3462/318/302 3546/404/386
f 3515/373/355 3431/287/271 3461/317/301 3545/403/385
s 2
f 3547/405/387 3463/319/303 3464/320/304 3548/406/388
f 3548/406/388 3464/320/304 3432/288/272 3516/374/356
s 1
f 3549/407/389 3465/321/305 3466/322/306 3550/408/390
s 2
f 3551/409/391 3467/323/307 3468/324/308 3552/410/392
s 1
f 3550/408/390 3466/322/306 3469/325/309 3553/411/393
s 2
f 3554/412/394 3470/326/310 3467/323/307 3551/409/391
s 1
f 3553/411/393 3469/325/309 3471/327/311 3555/413/395
s 2
f 3556/414/396 3472/328/312 3470/326/310 3554/412/394
s 1
f 3557/415/397 3473/329/313 3451/330/291 3535/416/375
s 2
f 3537/417/377 3453/331/293 3474/332/314 3558/418/398
s 1
f 3546/404/386 3462/318/302 3475/333/315 3559/419/399
f 3559/419/399 3475/333/315 3458/314/298 3542/400/382
s 2
f 3560/420/400 3476/334/316 3463/319/303 3547/405/387
f 3544/402/384 3460/316/300 3476/334/316 3560/420/400
s 1
f 3555/413/395 3471/327/311 3477/335/317 3561/421/401
s 2
f 3562/422/402 3478/336/318 3472/328/312 3556/414/396
s 1
f 3561/421/401 3477/335/317 3479/337/319 3563/423/403
s 2
f 3564/424/404 3480/338/320 3478/336/318 3562/422/402
s 1
f 3563/423/403 3479/337/319 3481/339/321 3565/425/405
s 2
f 3566/426/406 3482/340/322 3480/338/320 3564/424/404
s 1
f 3565/425/405 3481/339/321 3483/341/323 3567/427/407
s 2
f 3568/428/408 3484/342/324 3482/340/322 3566/426/406
s 1
f 3567/427/407 3483/341/323 3485/343/325 3569/429/409
s 2
f 3570/430/410 3486/344/326 3484/342/324 3568/428/408
s 1
f 3569/429/409 3485/343/325 3487/345/327 3571/431/411
s 2
f 3572/432/412 3488/346/328 3486/344/326 3570/430/410
s 1
f 3571/431/411 3487/345/327 3489/347/329 3573/433/413
s 2
f 3574/434/414 3490/348/330 3488/346/328 3572/432/412
s 1
f 3573/433/413 3489/347/329 3491/349/331 3575/435/415
s 2
f 3576/436/416 3492/350/332 3490/348/330 3574/434/414
s 1
f 3575/435/415 3491/349/331 3493/351/333 3577/437/417
s 2
f 3578/438/418 3494/352/334 3492/350/332 3576/436/416
s 1
f 3577/437/417 3493/351/333 3495/353/335 3579/439/419
s 2
f 3580/440/420 3496/354/336 3494/352/334 3578/438/418
s 1
f 3579/439/419 3495/353/335 3497/355/337 3581/441/421
s 2
f 3582/442/422 3498/356/338 3496/354/336 3580/440/420
s 1
f 3581/441/421 3497/355/337 3499/357/339 3583/443/423
s 2
f 3584/444/424 3500/358/340 3498/356/338 3582/442/422
s 1
f 3583/443/423 3499/357/339 3501/359/341 3585/445/425
s 2
f 3586/446/426 3502/360/342 3500/358/340 3584/444/424
s 1
f 3585/445/425 3501/359/341 3503/361/343 3587/447/427
s 2
f 3588/448/428 3504/362/344 3502/360/342 3586/446/426
s 1
f 3587/447/427 3503/361/343 3505/363/345 3589/449/429
s 2
f 3590/450/430 3506/364/346 3504/362/344 3588/448/428
s 1
f 3591/451/431 3507/365/347 3473/329/313 3557/415/397
s 2
f 3558/418/398 3474/332/314 3508/366/348 3592/452/432
s 1
f 3589/449/429 3505/363/345 3509/367/349 3593/453/433
f 3593/453/433 3509/367/349 3507/365/347 3591/451/431
s 2
f 3594/454/434 3510/368/350 3506/364/346 3590/450/430
f 3592/452/432 3508/366/348 3510/368/350 3594/454/434
s 1
f 3595/455/435 3511/369/351 3465/321/305 3549/407/389
f 3543/401/383 3459/315/299 3511/369/351 3595/455/435
s 2
f 3552/410/392 3468/324/308 3428/284/268 3512/370/352
f 3596/456/436 3512/457/352 3513/458/353 3597/459/437
s 1
f 3598/460/438 3514/461/354 3515/462/355 3599/463/439
s 2
f 3600/464/440 3516/465/356 3517/466/357 3601/467/441
s 1
f 3602/468/442 3518/469/358 3514/461/354 3598/460/438
s 2
f 3601/467/441 3517/466/357 3519/470/359 3603/471/443
s 1
f 3604/472/444 3520/473/360 3518/469/358 3602/468/442
s 2
f 3603/471/443 3519/470/359 3521/474/361 3605/475/445
s 1
f 3606/476/446 3522/477/362 3520/473/360 3604/472/444
s 2
f 3605/475/445 3521/474/361 3523/478/363 3607/479/447
s 1
f 3608/480/448 3524/481/364 3522/477/362 3606/476/446
s 2
f 3607/479/447 3523/478/363 3525/482/365 3609/483/449
s 1
f 3610/484/450 3526/485/366 3524/481/364 3608/480/448
s 2
f 3609/483/449 3525/482/365 3527/486/367 3611/487/451
f 3612/488/452 3528/489/368 3529/490/369 3613/491/453
s 1
f 3614/492/454 3530/493/370 3531/494/371 3615/495/455
s 2
f 3616/496/456 3532/497/372 3533/498/373 3617/499/457
s 1
f 3618/500/458 3534/501/374 3530/493/370 3614/492/454
f 3619/502/459 3535/503/375 3534/501/374 3618/500/458
s 2
f 3617/499/457 3533/498/373 3536/504/376 3620/505/460
f 3620/505/460 3536/504/376 3537/506/377 3621/507/461
s 1
f 3622/508/462 3538/509/378 3539/510/379 3623/511/463
f 3615/495/455 3531/494/371 3538/509/378 3622/508/462
s 2
f 3613/491/453 3529/490/369 3540/512/380 3624/513/464
f 3624/513/464 3540/512/380 3532/497/372 3616/496/456
s 1
f 3625/514/465 3541/515/381 3526/485/366 3610/484/450
f 3623/511/463 3539/510/379 3541/515/381 3625/514/465
s 2
f 3611/487/451 3527/486/367 3528/489/368 3612/488/452
s 1
f 3626/516/466 3542/517/382 3543/518/383 3627/519/467
s 2
f 3597/459/437 3513/458/353 3544/520/384 3628/521/468
s 1
f 3629/522/469 3545/523/385 3546/524/386 3630/525/470
f 3599/463/439 3515/462/355 3545/523/385 3629/522/469
s 2
f 3631/526/471 3547/527/387 3548/528/388 3632/529/472
f 3632/529/472 3548/528/388 3516/465/356 3600/464/440
s 1
f 3633/530/473 3549/531/389 3550/532/390 3634/533/474
s 2
f 3635/534/475 3551/535/391 3552/536/392 3636/537/476
s 1
f 3634/533/474 3550/532/390 3553/538/393 3637/539/477
s 2
f 3638/540/478 3554/541/394 3551/535/391 3635/534/475
s 1
f 3637/539/477 3553/538/393 3555/542/395 3639/543/479
s 2
f 3640/544/480 3556/545/396 3554/541/394 3638/540/478
s 1
f 3641/546/481 3557/547/397 3535/548/375 3619/502/459
s 2
f 3621/507/461 3537/549/377 3558/550/398 3642/551/482
s 1
f 3630/525/470 3546/524/386 3559/552/399 3643/553/483
f 3643/553/483 3559/552/399 3542/517/382 3626/516/466
s 2
f 3644/554/484 3560/555/400 3547/527/387 3631/526/471
f 3628/521/468 3544/520/384 3560/555/400 3644/554/484
s 1
f 3639/543/479 3555/542/395 3561/556/401 3645/557/485
s 2
f 3646/558/486 3562/559/402 3556/545/396 3640/544/480
s 1
f 3645/557/485 3561/556/401 3563/560/403 3647/561/487
s 2
f 3648/562/488 3564/563/404 3562/559/402 3646/558/486
s 1
f 3647/561/487 3563/560/403 3565/564/405 3649/565/489
s 2
f 3650/566/490 3566/567/406 3564/563/404 3648/562/488
s 1
f 3649/565/489 3565/564/405 3567/568/407 3651/569/491
s 2
f 3652/570/492 3568/571/408 3566/567/406 3650/566/490
s 1
f 3651/569/491 3567/568/407 3569/572/409 3653/573/493
s 2
f 3654/574/494 3570/575/410 3568/571/408 3652/570/492
s 1
f 3653/573/493 3569/572/409 3571/576/411 3655/577/495
s 2
f 3656/578/496 3572/579/412 3570/575/410 3654/574/494
s 1
f 3655/577/495 3571/576/411 3573/580/413 3657/581/497
s 2
f 3658/582/498 3574/583/414 3572/579/412 3656/578/496
s 1
f 3657/581/497 3573/580/413 3575/584/415 3659/585/499
s 2
f 3660/586/500 3576/587/416 3574/583/414 3658/582/498
s 1
f 3659/585/499 3575/584/415 3577/588/417 3661/589/501
s 2
f 3662/590/502 3578/591/418 3576/587/416 3660/586/500
s 1
f 3661/589/501 3577/588/417 3579/592/419 3663/593/503
s 2
f 3664/594/504 3580/595/420 3578/591/418 3662/590/502
s 1
f 3663/593/503 3579/592/419 3581/596/421 3665/597/505
s 2
f 3666/598/506 3582/599/422 3580/595/420 3664/594/504
s 1
f 3665/597/505 3581/596/421 3583/600/423 3667/601/507
s 2
f 3668/602/508 3584/603/424 3582/599/422 3666/598/506
s 1
f 3667/601/507 3583/600/423 3585/604/425 3669/605/509
s 2
f 3670/606/510 3586/607/426 3584/603/424 3668/602/508
s 1
f 3669/605/509 3585/604/425 3587/608/427 3671/609/511
s 2
f 3672/610/512 3588/611/428 3586/607/426 3670/606/510
s 1
f 3671/609/511 3587/608/427 3589/612/429 3673/613/513
s 2
f 3674/614/514 3590/615/430 3588/611/428 3672/610/512
s 1
f 3675/616/515 3591/617/431 3557/547/397 3641/546/481
s 2
f 3642/551/482 3558/550/398 3592/618/432 3676/619/516
s 1
f 3673/613/513 3589/612/429 3593/620/433 3677/621/517
f 3677/621/517 3593/620/433 3591/617/431 3675/616/515
s 2
f 3678/622/518 3594/623/434 3590/615/430 3674/614/514
f 3676/619/516 3592/618/432 3594/623/434 3678/622/518
s 1
f 3679/624/519 3595/625/435 3549/531/389 3633/530/473
f 3627/519/467 3543/518/383 3595/625/435 3679/624/519
s 2
f 3636/537/476 3552/536/392 3512/457/352 3596/456/436
s 1
f 3680/626/520 3679/624/519 3633/530/473 3681/627/521
s 2
f 3682/628/522 3636/537/476 3596/456/436 3683/629/523
s 1
f 3684/630/524 3625/514/465 3610/484/450 3685/631/525
f 3686/632/526 3619/502/459 3618/500/458 3687/633/527
s 2
f 3688/634/528 3620/505/460 3621/507/461 3689/635/529
s 1
f 3690/636/530 3661/589/501 3663/593/503 3691/637/531
f 3692/638/532 3667/601/507 3669/605/509 3693/639/533
f 3694/640/534 3673/613/513 3677/621/517 3695/641/535
s 2
f 3696/642/536 3617/499/457 3620/505/460 3688/634/528
s 1
f 3687/633/527 3618/500/458 3614/492/454 3697/643/537
s 2
f 3689/635/529 3621/507/461 3642/551/482 3698/644/538
s 1
f 3699/645/539 3641/546/481 3619/502/459 3686/632/526
s 2
f 3700/646/540 3688/634/528 3689/635/529 3698/644/538
s 1
f 3699/645/539 3686/632/526 3687/633/527 3701/647/541
s 2
f 3698/644/538 3642/551/482 3676/619/516 3702/648/542
f 3702/648/542 3676/619/516 3678/622/518 3703/649/543
s 1
f 3704/650/544 3675/616/515 3641/546/481 3699/645/539
f 3695/641/535 3677/621/517 3675/616/515 3704/650/544
s 2
f 3703/649/543 3678/622/518 3674/614/514 3705/651/545
f 3706/652/546 3700/646/540 3698/644/538 3702/648/542
s 1
f 3704/650/544 3699/645/539 3701/647/541 3707/653/547
s 2
f 3706/652/546 3702/648/542 3703/649/543 3705/651/545
s 1
f 3694/640/534 3695/641/535 3704/650/544 3707/653/547
s 2
f 3708/654/548 3672/610/512 3670/606/510 3709/655/549
f 3705/651/545 3674/614/514 3672/610/512 3708/654/548
s 1
f 3693/639/533 3669/605/509 3671/609/511 3710/656/550
f 3710/656/550 3671/609/511 3673/613/513 3694/640/534
s 2
f 3709/655/549 3670/606/510 3668/602/508 3711/657/551
s 1
f 3692/638/532 3693/639/533 3710/656/550 3712/658/552
s 2
f 3713/659/553 3666/598/506 3664/594/504 3714/660/554
f 3711/657/551 3668/602/508 3666/598/506 3713/659/553
s 1
f 3691/637/531 3663/593/503 3665/597/505 3715/661/555
f 3715/661/555 3665/597/505 3667/601/507 3692/638/532
s 2
f 3714/660/554 3664/594/504 3662/590/502 3716/662/556
f 3716/662/556 3662/590/502 3660/586/500 3717/663/557
s 1
f 3718/664/558 3659/585/499 3661/589/501 3690/636/530
s 2
f 3717/663/557 3660/586/500 3658/582/498 3719/665/559
s 1
f 3720/666/560 3657/581/497 3659/585/499 3718/664/558
s 2
f 3719/665/559 3658/582/498 3656/578/496 3721/667/561
s 1
f 3722/668/562 3655/577/495 3657/581/497 3720/666/560
s 2
f 3721/667/561 3656/578/496 3654/574/494 3723/669/563
s 1
f 3724/670/564 3653/573/493 3655/577/495 3722/668/562
s 2
f 3723/669/563 3654/574/494 3652/570/492 3725/671/565
s 1
f 3726/672/566 3651/569/491 3653/573/493 3724/670/564
s 2
f 3725/671/565 3652/570/492 3650/566/490 3727/673/567
s 1
f 3728/674/568 3649/565/489 3651/569/491 3726/672/566
s 2
f 3727/673/567 3650/566/490 3648/562/488 3729/675/569
s 1
f 3730/676/570 3647/561/487 3649/565/489 3728/674/568
s 2
f 3729/675/569 3648/562/488 3646/558/486 3731/677/571
s 1
f 3732/678/572 3645/557/485 3647/561/487 3730/676/570
s 2
f 3683/629/523 3596/456/436 3597/459/437 3733/679/573
f 3734/680/574 3635/534/475 3636/537/476 3682/628/522
s 1
f 3735/681/575 3627/519/467 3679/624/519 3680/626/520
f 3681/627/521 3633/530/473 3634/533/474 3736/682/576
s 2
f 3731/677/571 3646/558/486 3640/544/480 3737/683/577
s 1
f 3738/684/578 3639/543/479 3645/557/485 3732/678/572
s 2
f 3739/685/579 3638/540/478 3635/534/475 3734/680/574
f 3737/683/577 3640/544/480 3638/540/478 3739/685/579
s 1
f 3736/682/576 3634/533/474 3637/539/477 3740/686/580
f 3740/686/580 3637/539/477 3639/543/479 3738/684/578
s 2
f 3734/680/574 3682/628/522 3683/629/523 3733/679/573
f 3741/687/581 3739/685/579 3734/680/574 3733/679/573
s 1
f 3735/681/575 3680/626/520 3681/627/521 3736/682/576
f 3735/681/575 3736/682/576 3740/686/580 3742/688/582
s 2
f 3733/679/573 3597/459/437 3628/521/468 3743/689/583
f 3744/690/584 3741/687/581 3733/679/573 3743/689/583
f 3744/690/584 3737/683/577 3739/685/579 3741/687/581
s 1
f 3745/691/585 3626/516/466 3627/519/467 3735/681/575
f 3745/691/585 3735/681/575 3742/688/582 3746/692/586
f 3742/688/582 3740/686/580 3738/684/578 3746/692/586
s 2
f 3743/689/583 3628/521/468 3644/554/484 3747/693/587
f 3748/694/588 3731/677/571 3737/683/577 3744/690/584
s 1
f 3749/695/589 3643/553/483 3626/516/466 3745/691/585
f 3746/692/586 3738/684/578 3732/678/572 3750/696/590
s 2
f 3751/697/591 3616/496/456 3617/499/457 3696/642/536
f 3751/697/591 3696/642/536 3688/634/528 3700/646/540
f 3751/697/591 3700/646/540 3706/652/546 3752/698/592
f 3752/698/592 3706/652/546 3705/651/545 3708/654/548
f 3752/698/592 3708/654/548 3709/655/549 3711/657/551
s 1
f 3697/643/537 3614/492/454 3615/495/455 3753/699/593
f 3701/647/541 3687/633/527 3697/643/537 3753/699/593
f 3712/658/552 3707/653/547 3701/647/541 3753/699/593
f 3710/656/550 3694/640/534 3707/653/547 3712/658/552
s 2
f 3754/700/594 3624/513/464 3616/496/456 3751/697/591
f 3755/701/595 3752/698/592 3711/657/551 3713/659/553
s 1
f 3753/699/593 3615/495/455 3622/508/462 3756/702/596
f 3715/661/555 3692/638/532 3712/658/552 3757/703/597
s 2
f 3758/704/598 3613/491/453 3624/513/464 3754/700/594
f 3759/705/599 3612/488/452 3613/491/453 3758/704/598
s 1
f 3756/702/596 3622/508/462 3623/511/463 3760/706/600
f 3760/706/600 3623/511/463 3625/514/465 3684/630/524
s 2
f 3754/700/594 3751/697/591 3752/698/592 3755/701/595
f 3755/701/595 3713/659/553 3714/660/554 3716/662/556
s 1
f 3757/703/597 3712/658/552 3753/699/593 3756/702/596
f 3690/636/530 3691/637/531 3715/661/555 3757/703/597
s 2
f 3761/707/601 3611/487/451 3612/488/452 3759/705/599
f 3762/708/602 3758/704/598 3754/700/594 3755/701/595
s 1
f 3757/703/597 3756/702/596 3760/706/600 3763/709/603
s 2
f 3761/707/601 3759/705/599 3758/704/598 3762/708/602
s 1
f 3763/709/603 3760/706/600 3684/630/524 3685/631/525
s 2
f 3764/710/604 3755/701/595 3716/662/556 3717/663/557
s 1
f 3718/664/558 3690/636/530 3757/703/597 3765/711/605
s 2
f 3766/712/606 3609/483/449 3611/487/451 3761/707/601
f 3767/713/607 3762/708/602 3755/701/595 3764/710/604
s 1
f 3685/631/525 3610/484/450 3608/480/448 3768/714/608
f 3765/711/605 3757/703/597 3763/709/603 3769/715/609
s 2
f 3766/712/606 3761/707/601 3762/708/602 3767/713/607
s 1
f 3769/715/609 3763/709/603 3685/631/525 3768/714/608
s 2
f 3770/716/610 3607/479/447 3609/483/449 3766/712/606
s 1
f 3768/714/608 3608/480/448 3606/476/446 3771/717/611
s 2
f 3772/718/612 3764/710/604 3717/663/557 3719/665/559
f 3773/719/613 3767/713/607 3764/710/604 3772/718/612
f 3770/716/610 3766/712/606 3767/713/607 3773/719/613
s 1
f 3720/666/560 3718/664/558 3765/711/605 3774/720/614
f 3774/720/614 3765/711/605 3769/715/609 3775/721/615
f 3775/721/615 3769/715/609 3768/714/608 3771/717/611
s 2
f 3776/722/616 3772/718/612 3719/665/559 3721/667/561
s 1
f 3722/668/562 3720/666/560 3774/720/614 3777/723/617
s 2
f 3778/724/618 3605/475/445 3607/479/447 3770/716/610
f 3778/724/618 3770/716/610 3773/719/613 3779/725/619
f 3779/725/619 3773/719/613 3772/718/612 3776/722/616
s 1
f 3771/717/611 3606/476/446 3604/472/444 3780/726/620
f 3781/727/621 3775/721/615 3771/717/611 3780/726/620
f 3777/723/617 3774/720/614 3775/721/615 3781/727/621
s 2
f 3782/728/622 3603/471/443 3605/475/445 3778/724/618
s 1
f 3780/726/620 3604/472/444 3602/468/442 3783/729/623
s 2
f 3784/730/624 3776/722/616 3721/667/561 3723/669/563
f 3785/731/625 3779/725/619 3776/722/616 3784/730/624
f 3782/728/622 3778/724/618 3779/725/619 3785/731/625
s 1
f 3724/670/564 3722/668/562 3777/723/617 3786/732/626
f 3786/732/626 3777/723/617 3781/727/621 3787/733/627
f 3787/733/627 3781/727/621 3780/726/620 3783/729/623
s 2
f 3788/734/628 3784/730/624 3723/669/563 3725/671/565
f 3788/734/628 3725/671/565 3727/673/567 3789/735/629
s 1
f 3726/672/566 3724/670/564 3786/732/626 3790/736/630
f 3791/737/631 3728/674/568 3726/672/566 3790/736/630
s 2
f 3792/738/632 3600/464/440 3601/467/441 3793/739/633
f 3793/739/633 3601/467/441 3603/471/443 3782/728/622
f 3794/740/634 3795/741/635 3792/738/632 3793/739/633
f 3793/739/633 3782/728/622 3785/731/625 3794/740/634
f 3794/740/634 3785/731/625 3784/730/624 3788/734/628
f 3788/734/628 3789/735/629 3795/741/635 3794/740/634
s 1
f 3796/742/636 3598/460/438 3599/463/439 3797/743/637
f 3783/729/623 3602/468/442 3598/460/438 3796/742/636
f 3796/742/636 3797/743/637 3798/744/638 3799/745/639
f 3799/745/639 3787/733/627 3783/729/623 3796/742/636
f 3790/736/630 3786/732/626 3787/733/627 3799/745/639
f 3799/745/639 3798/744/638 3791/737/631 3790/736/630
s 2
f 3800/746/640 3631/526/471 3632/529/472 3801/747/641
f 3801/747/641 3632/529/472 3600/464/440 3792/738/632
s 1
f 3802/748/642 3629/522/469 3630/525/470 3803/749/643
f 3797/743/637 3599/463/439 3629/522/469 3802/748/642
s 2
f 3804/750/644 3789/735/629 3727/673/567 3729/675/569
f 3804/750/644 3729/675/569 3731/677/571 3748/694/588
s 1
f 3730/676/570 3728/674/568 3791/737/631 3805/751/645
f 3750/696/590 3732/678/572 3730/676/570 3805/751/645
s 2
f 3747/693/587 3644/554/484 3631/526/471 3800/746/640
f 3747/693/587 3800/746/640 3801/747/641 3806/752/646
f 3748/694/588 3744/690/584 3743/689/583 3747/693/587
f 3806/752/646 3804/750/644 3748/694/588 3747/693/587
f 3801/747/641 3792/738/632 3795/741/635 3806/752/646
f 3806/752/646 3795/741/635 3789/735/629 3804/750/644
s 1
f 3803/749/643 3630/525/470 3643/553/483 3749/695/589
f 3807/753/647 3802/748/642 3803/749/643 3749/695/589
f 3749/695/589 3745/691/585 3746/692/586 3750/696/590
f 3749/695/589 3750/696/590 3805/751/645 3807/753/647
f 3807/753/647 3798/744/638 3797/743/637 3802/748/642
f 3805/751/645 3791/737/631 3798/744/638 3807/753/647
g default
v 0.006820 -0.429111 -0.448460
v -0.133923 -0.414922 -0.448765
v -0.116489 -0.384779 -0.488133
v 0.008012 -0.391592 -0.491368
v -0.106116 -0.353306 -0.526675
v 0.006769 -0.358096 -0.529576
v 0.137216 -0.381012 -0.488236
v 0.153357 -0.413360 -0.445616
v -0.093032 -0.325633 -0.561245
v 0.005989 -0.327583 -0.564972
v 0.121081 -0.350121 -0.527857
v -0.082165 -0.298437 -0.595458
v 0.005563 -0.294320 -0.604927
v 0.103692 -0.323818 -0.561940
v 0.092021 -0.296638 -0.596540
v -0.086260 -0.262457 -0.640617
v 0.005521 -0.247207 -0.665372
v 0.095414 -0.258636 -0.644561
v 0.000435 0.503417 -2.163874
v 0.000435 0.449386 -2.115231
v -0.046340 0.457597 -2.108001
v -0.044526 0.504622 -2.147726
v 0.045340 0.504726 -2.147636
v 0.047099 0.457759 -2.107821
v -0.153383 -0.171592 -0.762170
v 0.004245 -0.156829 -0.802908
v 0.163491 -0.167036 -0.767355
v 0.000435 -0.047083 -1.030389
v -0.162430 -0.038051 -1.025089
v -0.301094 -0.130628 -0.771750
v -0.318368 -0.012076 -0.995630
v 0.162389 -0.035006 -1.032376
v 0.313734 -0.014225 -1.015003
v 0.313534 -0.129865 -0.765238
v 0.000435 0.084730 -1.390761
v -0.160260 0.097276 -1.385340
v 0.161203 0.096855 -1.385491
v -0.309783 0.127990 -1.346178
v 0.310845 0.122925 -1.345242
v 0.000435 0.205880 -1.707902
v -0.163319 0.225022 -1.696240
v -0.293302 0.249403 -1.627561
v 0.164606 0.225720 -1.697149
v 0.300109 0.265357 -1.650821
v 0.000435 0.321031 -1.939235
v -0.128343 0.338571 -1.914535
v -0.239948 0.382511 -1.869748
v 0.129014 0.338326 -1.914060
v 0.240574 0.382682 -1.870067
v 0.000435 0.397945 -2.055914
v -0.061311 0.404202 -2.043496
v -0.145203 0.440961 -2.013633
v -0.098722 0.470115 -2.077969
v 0.062079 0.404392 -2.043334
v 0.145959 0.441059 -2.013510
v 0.099453 0.470231 -2.077811
v -0.406351 0.272694 -1.501987
v -0.333447 0.405826 -1.776021
v 0.337534 0.403866 -1.769513
v 0.391719 0.299655 -1.570998
v -0.579992 0.129269 -0.911279
v -0.548590 0.077154 -0.909471
v -0.610002 0.057753 -0.608436
v -0.640635 0.114717 -0.614900
v -0.612462 0.187487 -0.912879
v -0.672800 0.172118 -0.615824
v -0.681882 0.368616 -0.612243
v -0.649005 0.372488 -0.926950
v -0.632723 0.253668 -0.919044
v -0.669462 0.247594 -0.606544
v -0.642639 0.242638 -0.916899
v -0.702405 0.227171 -0.615695
v -0.605988 0.192410 -0.916675
v -0.523867 0.388679 -1.359302
v -0.426953 0.403724 -1.608841
v -0.458538 0.320934 -1.465047
v -0.535401 0.290889 -1.249653
v -0.506608 0.229143 -1.230134
v -0.410829 0.150407 -1.261385
v -0.570135 0.135425 -0.913820
v -0.487493 0.155006 -1.133870
v -0.425913 0.027290 -0.966544
v -0.530359 0.084960 -0.907010
v -0.595465 0.061823 -0.601452
v -0.409692 -0.093354 -0.737263
v -0.488404 0.053087 -0.923882
v -0.503606 -0.049667 -0.652578
v -0.626671 0.123427 -0.605456
v -0.589363 0.037681 -0.558736
v -0.551555 -0.029313 -0.547109
v -0.634362 0.119633 -0.519425
v -0.591921 0.017433 -0.483670
v -0.651041 0.184825 -0.606129
v -0.647023 0.136193 -0.442038
v -0.620217 0.055060 -0.408767
v -0.680292 0.228913 -0.180717
v -0.665764 0.160810 -0.217053
v -0.643924 0.093732 -0.303329
v -0.688530 0.279884 -0.127063
v -0.672161 0.212465 -0.024911
v -0.704576 0.375157 -0.141459
v 0.473437 0.300303 -1.413562
v 0.417455 0.408876 -1.634359
v 0.416865 0.152653 -1.275996
v 0.425096 0.021275 -0.973407
v 0.422619 -0.093976 -0.719683
v 0.573250 0.009871 -0.561688
v 0.544540 -0.050257 -0.526207
v 0.505430 -0.081132 -0.580043
v 0.508951 -0.031211 -0.684691
v 0.460694 -0.115600 -0.613136
v 0.516234 0.056202 -0.894194
v 0.498395 0.171595 -1.152098
v 0.560730 0.282014 -1.184741
v 0.524884 0.388651 -1.359357
v 0.586119 0.093007 -0.772972
v 0.574623 0.182655 -1.004771
v 0.639215 0.267113 -0.913873
v 0.649875 0.372488 -0.926950
v 0.623041 0.200214 -0.878255
v 0.632967 0.148834 -0.657734
v 0.621513 0.073785 -0.470310
v 0.671487 0.234567 -0.511268
v 0.682709 0.368534 -0.611811
v 0.655271 0.144696 -0.371852
v 0.670350 0.182971 -0.257591
v 0.675265 0.217389 -0.332891
v 0.000435 0.521476 -2.199561
v -0.057757 0.525311 -2.167491
v 0.058593 0.525351 -2.167453
v -0.241731 0.499168 -1.952635
v -0.323767 0.490803 -1.841867
v 0.325952 0.489305 -1.838790
v 0.242601 0.499168 -1.952635
v -0.422520 0.477838 -1.657181
v 0.423390 0.477838 -1.657181
v -0.521916 0.456275 -1.383309
v 0.522880 0.456251 -1.383337
v 0.000435 0.603268 -2.248800
v -0.062249 0.623914 -2.222561
v 0.063119 0.623913 -2.222561
v 0.000435 0.714221 -2.295350
v -0.065542 0.740398 -2.268924
v 0.066412 0.740398 -2.268924
v 0.780466 0.580991 -0.167130
v 0.756455 0.585928 0.151409
v 0.707350 0.485994 0.149118
v 0.736730 0.489079 -0.165163
v -0.711659 0.444185 -0.156701
v -0.690699 0.436339 -0.561638
v 0.691513 0.436355 -0.561635
v 0.712906 0.444090 -0.156698
v 0.705305 0.373515 -0.146832
v -0.717785 0.481120 -0.544875
v -0.735860 0.489079 -0.165163
v -0.779596 0.580992 -0.167130
v -0.773157 0.580336 -0.536401
v -0.832810 0.693367 -0.154199
v -0.827408 0.684636 -0.533618
v 0.774027 0.580336 -0.536401
v 0.718655 0.481120 -0.544875
v 0.828278 0.684636 -0.533619
v 0.833679 0.693368 -0.154200
v -0.719281 0.594183 -1.024076
v -0.772518 0.686836 -1.043344
v 0.773388 0.686836 -1.043344
v 0.720152 0.594183 -1.024076
v -0.632699 0.442893 -0.991974
v -0.661380 0.493658 -1.005802
v 0.633498 0.442908 -0.991957
v 0.662250 0.493658 -1.005802
v -0.559943 0.496283 -1.395321
v 0.560867 0.496230 -1.395340
v -0.622891 0.600939 -1.415445
v -0.701088 0.715776 -1.411432
v 0.701959 0.715776 -1.411432
v 0.623762 0.600939 -1.415445
v -0.450910 0.514023 -1.671892
v -0.514520 0.613320 -1.690822
v -0.580720 0.715824 -1.692938
v 0.451780 0.514023 -1.671892
v 0.515390 0.613320 -1.690822
v 0.581590 0.715823 -1.692938
v -0.348808 0.524882 -1.865356
v -0.407025 0.619173 -1.883667
v -0.458635 0.723896 -1.903811
v 0.349678 0.524882 -1.865356
v 0.407894 0.619174 -1.883666
v 0.459506 0.723896 -1.903811
v -0.262147 0.528737 -1.978604
v 0.262970 0.528797 -1.978559
v -0.309418 0.617536 -2.005135
v -0.351620 0.732230 -2.037708
v 0.352488 0.732231 -2.037706
v 0.310288 0.617537 -2.005133
v -0.158254 0.736855 -2.201281
v -0.136896 0.626598 -2.167528
v 0.137767 0.626598 -2.167529
v 0.159124 0.736855 -2.201281
v -0.179231 0.531469 -2.064717
v -0.211159 0.619004 -2.101280
v -0.244998 0.732156 -2.132560
v 0.212029 0.619004 -2.101280
v 0.180063 0.531512 -2.064676
v 0.245869 0.732156 -2.132562
v -0.161204 0.503980 -2.043630
v 0.162074 0.503980 -2.043630
v -0.087157 0.499477 -2.109537
v -0.106219 0.527948 -2.126871
v 0.088027 0.499477 -2.109537
v 0.107068 0.527972 -2.126849
v -0.675966 0.366905 0.171812
v -0.681351 0.439208 0.146219
v 0.682183 0.439216 0.146214
v 0.673778 0.369030 0.195258
v -0.706533 0.485959 0.149125
v -0.640040 0.448806 0.357019
v -0.645245 0.370286 0.357387
v 0.646039 0.370282 0.357370
v 0.640783 0.448843 0.356983
v -0.587930 0.456907 0.523959
v -0.602769 0.376550 0.526435
v 0.603541 0.376533 0.526408
v 0.588796 0.456908 0.523957
v -0.543132 0.459537 0.636406
v -0.570041 0.374710 0.634137
v -0.486681 0.377985 0.793463
v -0.465062 0.476380 0.771540
v 0.570818 0.374690 0.634104
v 0.543931 0.459530 0.636377
v 0.465863 0.476401 0.771488
v 0.487481 0.377962 0.793405
v -0.401952 0.480560 0.836622
v -0.411838 0.386464 0.860767
v 0.412646 0.386436 0.860683
v 0.402808 0.480571 0.836603
v -0.276848 0.481649 0.912033
v -0.281292 0.392627 0.943310
v 0.282202 0.392644 0.943385
v 0.277725 0.481640 0.912047
v -0.169891 0.490433 0.964677
v -0.166256 0.415786 0.975753
v 0.167403 0.415900 0.977550
v 0.170761 0.490433 0.964677
v -0.047604 0.500250 0.999848
v -0.041953 0.413686 0.986976
v 0.000435 0.414482 0.986411
v 0.000435 0.503503 1.004062
v 0.042939 0.413804 0.985999
v 0.048419 0.500789 0.999289
v -0.755586 0.585927 0.151410
v -0.803961 0.689327 0.164784
v 0.804831 0.689327 0.164784
v -0.666545 0.488643 0.364640
v -0.711637 0.582695 0.384043
v -0.763449 0.691241 0.415209
v 0.667413 0.488645 0.364639
v 0.712510 0.582694 0.384043
v 0.764317 0.691242 0.415209
v -0.618271 0.495155 0.535589
v 0.619150 0.495147 0.535592
v -0.716519 0.680804 0.594859
v -0.664636 0.580411 0.568985
v 0.665594 0.580358 0.569013
v 0.717472 0.680755 0.594885
v -0.569542 0.504019 0.658492
v -0.611811 0.582477 0.696088
v -0.666263 0.682965 0.722018
v 0.570380 0.504050 0.658475
v 0.612695 0.582467 0.696095
v 0.667137 0.682962 0.722020
v -0.491674 0.513097 0.789637
v 0.492567 0.513067 0.789656
v -0.573286 0.678564 0.870071
v -0.517321 0.584563 0.848550
v 0.518190 0.584564 0.848549
v 0.574143 0.678574 0.870061
v -0.423795 0.516640 0.867559
v -0.456565 0.590151 0.921632
v -0.475197 0.677888 0.971629
v 0.424649 0.516666 0.867543
v 0.457396 0.590187 0.921592
v 0.476038 0.677909 0.971596
v -0.295441 0.521449 0.960747
v 0.296301 0.521483 0.960725
v -0.351581 0.683610 1.066550
v -0.333296 0.599627 1.024189
v 0.334138 0.599663 1.024144
v 0.352451 0.683610 1.066550
v -0.186118 0.525232 1.008621
v -0.213795 0.605359 1.091202
v -0.224805 0.688494 1.133111
v 0.186981 0.525272 1.008599
v 0.214647 0.605391 1.091162
v 0.225641 0.688522 1.133030
v -0.061345 0.532469 1.050217
v 0.062214 0.532478 1.050213
v -0.069324 0.690969 1.176217
v -0.075385 0.600088 1.131387
v 0.076252 0.600101 1.131370
v 0.070188 0.690978 1.176179
v 0.000435 0.532403 1.053297
v 0.000435 0.606759 1.143491
v 0.000435 0.700633 1.183176
v -0.501318 0.278449 0.801443
v -0.426595 0.281384 0.870788
v -0.319989 0.285639 0.935318
v 0.427406 0.281376 0.870709
v 0.502099 0.278440 0.801370
v 0.320845 0.285641 0.935273
v -0.424412 0.234655 0.875564
v -0.346737 0.237231 0.924195
v 0.347578 0.237234 0.924130
v 0.425221 0.234652 0.875481
v -0.509026 0.241079 0.795167
v 0.509896 0.241079 0.795167
v -0.425310 0.175523 0.874521
v -0.340556 0.175446 0.921208
v 0.341402 0.175456 0.921139
v 0.426112 0.175528 0.874423
v -0.519832 0.193457 0.780905
v 0.520619 0.193458 0.780850
v -0.442685 0.044797 0.846850
v -0.329534 0.044678 0.902676
v 0.330373 0.044698 0.902589
v 0.443501 0.044812 0.846777
v -0.418568 -0.045014 0.839470
v -0.295538 -0.044470 0.887713
v 0.296380 -0.044434 0.887607
v 0.419438 -0.045014 0.839470
v -0.557473 0.088500 0.697981
v -0.501780 -0.006738 0.773779
v 0.558236 0.088509 0.697937
v 0.502547 -0.006713 0.773704
v 0.000476 0.376057 0.976753
v 0.070527 0.376383 0.974244
v -0.229369 0.354373 0.951098
v -0.164082 0.375171 0.964558
v -0.069758 0.376332 0.974339
v 0.165042 0.374614 0.965333
v 0.230231 0.354319 0.951281
v -0.253989 0.284914 0.940370
v 0.254846 0.284880 0.940381
v -0.262760 0.227307 0.937041
v 0.263615 0.227284 0.937021
v -0.250186 0.162972 0.933594
v 0.251005 0.162963 0.933567
v -0.207520 0.079649 0.932818
v 0.208412 0.079639 0.932790
v -0.141952 0.025475 0.930431
v 0.142821 0.025477 0.930406
v -0.067867 0.353153 0.948501
v -0.136302 0.353113 0.938169
v 0.137232 0.352736 0.938542
v 0.068677 0.352609 0.948971
v 0.000471 0.349484 0.948404
v -0.183346 0.330787 0.924667
v 0.184217 0.330639 0.924798
v 0.200014 0.280732 0.917486
v -0.199161 0.280821 0.917442
v 0.200107 0.227962 0.911027
v -0.199239 0.228021 0.911026
v 0.185200 0.172101 0.911030
v -0.184339 0.172138 0.911032
v 0.152566 0.119365 0.918560
v -0.151704 0.119390 0.918571
v 0.101413 0.083244 0.923326
v 0.053048 0.058095 0.928068
v 0.057393 0.012534 0.930587
v -0.100582 0.083274 0.923330
v -0.056515 0.012536 0.930598
v -0.052163 0.058114 0.928069
v 0.000436 0.077166 0.922689
v 0.000435 0.008958 0.930876
v -0.056807 0.125846 0.899611
v -0.113827 0.141056 0.899707
v 0.114680 0.141020 0.899709
v 0.057659 0.125832 0.899611
v 0.000428 0.144641 0.883979
v -0.131353 0.179725 0.883181
v 0.132189 0.179639 0.883197
v -0.149821 0.232022 0.870220
v 0.150672 0.231887 0.870211
v 0.000427 0.184095 0.854388
v -0.069593 0.181025 0.863477
v 0.070450 0.181010 0.863475
v -0.159567 0.282277 0.877698
v 0.160459 0.282216 0.877683
v -0.145851 0.327326 0.885053
v 0.146831 0.327270 0.884966
v -0.058310 0.350852 0.916792
v -0.103943 0.350264 0.903528
v 0.104780 0.350264 0.903685
v 0.059119 0.350580 0.916918
v 0.000413 0.359102 0.896546
v -0.067512 0.356566 0.869829
v 0.068248 0.356613 0.869770
v 0.000425 0.348962 0.833735
v -0.045437 0.344308 0.835714
v 0.046227 0.344293 0.835722
v -0.106950 0.326992 0.846477
v 0.000421 0.305331 0.811083
v -0.062920 0.309372 0.819750
v 0.107859 0.326938 0.846355
v 0.063768 0.309331 0.819713
v -0.125525 0.285798 0.843562
v 0.126398 0.285719 0.843517
v -0.086456 0.244204 0.830116
v 0.000425 0.239378 0.819538
v 0.087335 0.244164 0.830077
v -0.608322 0.295470 0.524406
v -0.640284 0.289465 0.356463
v 0.609192 0.295470 0.524406
v 0.641154 0.289465 0.356463
v -0.667555 0.280839 0.162380
v 0.667432 0.159640 -0.150310
v 0.650667 0.102237 -0.233835
v 0.624494 0.043009 -0.327840
v -0.594998 -0.004476 -0.396486
v -0.620225 0.038666 -0.314395
v 0.591851 -0.010628 -0.400070
v -0.559322 -0.051720 -0.460967
v 0.552609 -0.062447 -0.464223
v -0.510158 -0.106180 -0.510753
v 0.510364 -0.106212 -0.512620
v -0.449411 -0.156774 -0.549866
v 0.451847 -0.155047 -0.553040
v -0.374830 -0.200604 -0.577771
v 0.375700 -0.200604 -0.577771
v -0.309999 -0.229025 -0.601664
v 0.310840 -0.228954 -0.601649
v -0.237260 -0.249795 -0.616936
v 0.238108 -0.249718 -0.616904
v -0.183876 -0.265904 -0.615127
v 0.184746 -0.265904 -0.615127
v -0.175521 -0.294301 -0.581193
v 0.176391 -0.294301 -0.581193
v -0.209421 -0.304652 -0.556165
v 0.210256 -0.304585 -0.556089
v -0.246817 -0.319339 -0.521632
v 0.247730 -0.319392 -0.521692
v -0.276023 -0.346388 -0.472441
v 0.276893 -0.346388 -0.472441
v -0.287955 -0.367295 -0.439214
v 0.288825 -0.367295 -0.439214
v -0.581713 0.282761 0.632536
v 0.582502 0.282777 0.632518
v -0.572664 0.258841 0.662660
v 0.573534 0.258841 0.662660
v -0.578098 0.224140 0.653040
v 0.578875 0.224130 0.653018
v -0.602128 0.162500 0.541896
v 0.602867 0.162455 0.541906
v -0.317498 -0.369453 -0.412559
v -0.192665 -0.452335 -0.381538
v 0.198624 -0.452640 -0.378649
v 0.318169 -0.369243 -0.412322
v -0.653179 0.113765 -0.201332
v -0.661923 0.156986 -0.104761
v -0.670104 0.253631 0.081433
v -0.597036 0.279600 0.521287
v -0.626765 0.275071 0.354772
v 0.627654 0.275055 0.354538
v 0.597832 0.279608 0.521262
v -0.656446 0.264778 0.164417
v 0.638577 0.090469 -0.224053
v 0.658080 0.144647 -0.123544
v 0.613211 0.032008 -0.316225
v -0.602930 0.033372 -0.306182
v -0.577474 -0.018224 -0.387393
v 0.578955 -0.017941 -0.387415
v -0.541145 -0.069130 -0.447497
v 0.541869 -0.069197 -0.447590
v -0.500383 -0.110846 -0.494525
v 0.500844 -0.110897 -0.494776
v -0.440541 -0.156652 -0.532268
v 0.444054 -0.156853 -0.534939
v -0.367207 -0.199099 -0.559366
v 0.368349 -0.198872 -0.559223
v -0.304764 -0.229668 -0.582533
v 0.305610 -0.229599 -0.582519
v -0.236304 -0.252299 -0.597318
v 0.237146 -0.252209 -0.597286
v -0.195601 -0.267058 -0.599493
v 0.196432 -0.266984 -0.599461
v -0.191786 -0.283336 -0.581292
v 0.192642 -0.283319 -0.581258
v -0.218458 -0.287335 -0.559786
v 0.219386 -0.287351 -0.559858
v -0.257326 -0.302501 -0.521858
v 0.258122 -0.302477 -0.521782
v -0.288547 -0.331268 -0.469431
v 0.289430 -0.331232 -0.469414
v -0.299940 -0.351819 -0.441677
v 0.300433 -0.351418 -0.441240
v -0.572324 0.268258 0.623924
v 0.573136 0.268272 0.623897
v -0.567454 0.253438 0.644764
v 0.568143 0.253483 0.644770
v -0.571404 0.234180 0.638174
v 0.572122 0.234176 0.638134
v -0.590104 0.175135 0.532538
v 0.590833 0.175107 0.532567
v -0.607840 0.106072 0.412166
v -0.616818 0.091396 0.421450
v 0.617686 0.091395 0.421450
v 0.608642 0.106065 0.412169
v -0.616151 0.034681 0.285413
v -0.622115 0.018774 0.294436
v 0.622909 0.018779 0.294432
v 0.616905 0.034692 0.285416
v -0.610352 -0.052165 0.130210
v -0.618802 -0.067774 0.138152
v 0.619472 -0.067784 0.138160
v 0.611081 -0.052120 0.130157
v -0.595202 -0.117635 0.009540
v -0.604719 -0.133261 0.016346
v 0.605448 -0.133257 0.016372
v 0.595918 -0.117611 0.009564
v -0.574388 -0.167745 -0.082658
v -0.582351 -0.184183 -0.076207
v 0.583074 -0.184173 -0.076173
v 0.575158 -0.167719 -0.082638
v -0.546388 -0.207494 -0.157633
v -0.554814 -0.224169 -0.152168
v 0.555595 -0.224152 -0.152138
v 0.547106 -0.207511 -0.157579
v -0.515909 -0.243044 -0.221134
v -0.523127 -0.260198 -0.215524
v 0.524094 -0.260229 -0.215560
v 0.517460 -0.242989 -0.221572
v -0.469716 -0.284644 -0.294317
v -0.473247 -0.302529 -0.287228
v 0.473902 -0.302427 -0.287097
v 0.470382 -0.284554 -0.294170
v -0.412058 -0.315984 -0.353798
v -0.415277 -0.334209 -0.347366
v 0.416086 -0.334171 -0.347313
v 0.413068 -0.315998 -0.353948
v -0.364046 -0.337212 -0.389936
v -0.365530 -0.355470 -0.382445
v 0.366189 -0.355306 -0.382230
v 0.364468 -0.337028 -0.389383
v -0.320826 -0.351299 -0.419752
v 0.321316 -0.350948 -0.419311
v -0.637164 0.104218 -0.192444
v -0.647490 0.151204 -0.097256
v -0.657112 0.200219 -0.003855
v -0.657631 0.239608 0.086653
v 0.202232 -0.266120 -0.589515
v 0.235578 -0.249992 -0.585364
v 0.304416 -0.340366 -0.439917
v 0.293444 -0.320848 -0.464863
v 0.562885 0.263378 0.619346
v 0.560416 0.250992 0.636342
v -0.304031 -0.340848 -0.440424
v -0.319809 -0.339451 -0.421128
v 0.320255 -0.339079 -0.420531
v -0.559704 0.251012 0.636345
v -0.562049 0.263270 0.619366
v -0.562153 0.237469 0.631183
v 0.562716 0.237408 0.631208
v -0.234735 -0.250081 -0.585377
v -0.201430 -0.266069 -0.589542
v -0.213133 -0.264569 -0.572974
v 0.214003 -0.264569 -0.572974
v -0.227054 -0.272485 -0.554447
v 0.227924 -0.272485 -0.554447
v -0.232445 -0.247233 -0.562185
v 0.233363 -0.247278 -0.562186
v -0.300486 -0.226829 -0.571673
v 0.301309 -0.226745 -0.571675
v -0.361736 -0.195889 -0.549151
v 0.363049 -0.195536 -0.548940
v -0.433611 -0.152964 -0.523087
v 0.437319 -0.153783 -0.525478
v -0.491613 -0.108685 -0.486489
v 0.491852 -0.108803 -0.486931
v -0.530980 -0.068422 -0.440924
v 0.531810 -0.068426 -0.440876
v -0.566717 -0.018882 -0.383149
v 0.568147 -0.017753 -0.381723
v -0.591211 0.033689 -0.302742
v 0.602301 0.030516 -0.311158
v -0.624356 0.103616 -0.188459
v -0.626179 0.148790 -0.093915
v -0.641437 0.196370 -0.001208
v -0.646316 0.235480 0.088155
v -0.645792 0.259268 0.164516
v -0.615933 0.269866 0.353152
v -0.586854 0.273619 0.518919
v 0.616861 0.269838 0.352789
v 0.587648 0.273634 0.518867
v -0.529288 0.248046 0.603776
v 0.530100 0.248073 0.603797
v -0.292568 -0.320892 -0.464844
v -0.260638 -0.291277 -0.519113
v 0.261444 -0.291268 -0.519039
v -0.312865 -0.279665 -0.413693
v 0.313650 -0.279649 -0.413623
v -0.360083 -0.325839 -0.390452
v 0.360506 -0.325644 -0.389822
v -0.406434 -0.305185 -0.353349
v 0.407584 -0.305193 -0.353619
v -0.462727 -0.274712 -0.294193
v 0.463436 -0.274584 -0.294068
v -0.507196 -0.234453 -0.221060
v 0.508885 -0.234297 -0.221673
v -0.536946 -0.199708 -0.157813
v 0.537649 -0.199723 -0.157827
v -0.564865 -0.160321 -0.083800
v 0.565615 -0.160300 -0.083763
v -0.585299 -0.110833 0.007574
v 0.586006 -0.110791 0.007606
v -0.600647 -0.045501 0.127294
v 0.601344 -0.045466 0.127258
v -0.606237 0.040754 0.281834
v 0.606999 0.040766 0.281839
v -0.598085 0.111874 0.407830
v 0.598895 0.111871 0.407849
v -0.579960 0.180139 0.528089
v 0.580715 0.180140 0.528112
v -0.261562 -0.236586 -0.516545
v 0.262432 -0.236586 -0.516545
v -0.278642 -0.221131 -0.545997
v 0.279482 -0.221038 -0.546032
v -0.285128 -0.262052 -0.472986
v 0.286002 -0.262053 -0.472989
v -0.334562 -0.276867 -0.392996
v 0.335515 -0.276874 -0.393094
v -0.318439 -0.237525 -0.440178
v 0.319263 -0.237481 -0.440142
v -0.541666 0.198069 0.502133
v -0.555126 0.140642 0.395550
v 0.542486 0.198033 0.502143
v 0.555996 0.140642 0.395550
v -0.543899 0.252840 0.511596
v 0.544749 0.252863 0.511591
v -0.539394 0.222002 0.473362
v 0.540183 0.222008 0.473349
v -0.556879 0.067320 0.267368
v 0.557927 0.067415 0.267315
v -0.554742 -0.014880 0.118121
v 0.555548 -0.014915 0.118147
v -0.545968 -0.073071 0.016166
v 0.546749 -0.073121 0.016217
v -0.524421 -0.122948 -0.076195
v 0.525291 -0.122948 -0.076195
v -0.498674 -0.161580 -0.152707
v 0.499498 -0.161599 -0.152681
v -0.469436 -0.196411 -0.220091
v 0.470784 -0.196304 -0.220389
v -0.429415 -0.234214 -0.291569
v 0.430194 -0.234243 -0.291494
v -0.378119 -0.258304 -0.352249
v 0.379434 -0.258309 -0.352714
v -0.301464 -0.215215 -0.489270
v 0.302334 -0.215215 -0.489270
v -0.342836 -0.190843 -0.526766
v -0.407026 -0.146344 -0.502382
v 0.407881 -0.146315 -0.502404
v 0.343676 -0.190766 -0.526801
v -0.447638 -0.103190 -0.465294
v 0.448439 -0.103027 -0.465381
v -0.405112 -0.157030 -0.426756
v 0.405982 -0.157030 -0.426756
v -0.481893 -0.066961 -0.423097
v 0.482738 -0.066901 -0.423131
v -0.512649 -0.023180 -0.368771
v 0.513463 -0.023107 -0.368804
v -0.540721 0.024820 -0.293598
v 0.541591 0.024820 -0.293598
v -0.393289 -0.205005 -0.378340
v 0.394102 -0.204960 -0.378310
v -0.447101 -0.169646 -0.306639
v -0.469032 -0.102467 -0.346957
v 0.447863 -0.169589 -0.306602
v 0.469902 -0.102467 -0.346957
v -0.482782 -0.132085 -0.241798
v -0.507251 -0.053183 -0.273420
v 0.483552 -0.132045 -0.241775
v 0.508121 -0.053183 -0.273420
v -0.509149 -0.098482 -0.167926
v 0.509909 -0.098447 -0.167908
v -0.536047 -0.004431 -0.192068
v 0.536917 -0.004431 -0.192068
v -0.589113 0.214810 0.091745
v -0.585381 0.235810 0.175245
v -0.572497 0.093307 -0.179022
v -0.582988 0.134781 -0.084906
v -0.586100 0.174949 0.007318
v -0.530990 -0.060790 -0.087294
v -0.557081 0.044588 -0.115517
v 0.531860 -0.060790 -0.087294
v 0.557836 0.044619 -0.115511
v -0.548450 -0.013367 -0.000281
v -0.567792 0.080773 -0.015281
v 0.549190 -0.013340 -0.000277
v 0.568579 0.080789 -0.015282
v -0.556491 0.038817 0.106130
v -0.571323 0.125033 0.077641
v 0.557299 0.038826 0.106127
v 0.572171 0.125036 0.077640
v 0.583811 0.134812 -0.084916
v 0.586974 0.174947 0.007319
v -0.559996 0.123563 0.233857
v 0.560839 0.123567 0.233854
v 0.586237 0.235821 0.175243
v -0.565707 0.242731 0.353551
v -0.552965 0.186444 0.368026
v 0.566557 0.242743 0.353547
v 0.553788 0.186448 0.368019
v 0.627227 0.088345 -0.220147
v 0.645561 0.140013 -0.119762
v 0.573332 0.093339 -0.179030
v 0.689571 0.274872 -0.165618
v 0.665589 0.285891 0.196005
v 0.682233 0.235966 -0.222042
v 0.678858 0.217257 -0.155218
v 0.682132 0.245347 -0.091134
v 0.672970 0.224146 0.001739
v 0.669590 0.251624 0.085131
v 0.653921 0.270187 0.197524
v 0.662649 0.208689 0.007830
v 0.653034 0.240316 0.096382
v 0.643168 0.264821 0.197319
v 0.651612 0.204052 0.009591
v 0.640893 0.235961 0.094331
v 0.589983 0.214810 0.091745
v 0.000435 -0.049365 0.917322
v 0.048558 -0.040612 0.919428
v -0.047688 -0.040612 0.919428
v 0.002663 -0.476830 -0.391222
v -0.318659 -0.428823 -0.329108
v 0.318503 -0.430949 -0.326591
v -0.392523 -0.400786 -0.282206
v 0.380779 -0.405077 -0.293586
v -0.450452 -0.367254 -0.233751
v 0.436656 -0.375242 -0.249811
v -0.497624 -0.331792 -0.177066
v 0.492472 -0.337311 -0.184100
v -0.535032 -0.297952 -0.109555
v 0.534962 -0.299170 -0.110518
v -0.567430 -0.260458 -0.022735
v 0.566147 -0.264228 -0.026896
v -0.527400 -0.330230 -0.067939
v -0.544537 -0.321629 0.005857
v 0.545399 -0.320261 0.001351
v 0.528123 -0.329374 -0.070435
v 0.000743 -0.539998 -0.291881
v 0.000435 -0.578792 -0.179483
v -0.192437 -0.552024 -0.172246
v -0.177951 -0.519976 -0.278541
v -0.308764 -0.482224 -0.238133
v -0.392492 -0.444942 -0.189828
v 0.312480 -0.483251 -0.231241
v 0.397664 -0.444341 -0.181184
v -0.496790 -0.364528 -0.106725
v -0.451310 -0.405242 -0.149266
v 0.451639 -0.405583 -0.149641
v 0.498143 -0.363853 -0.106222
v -0.504826 -0.378561 -0.017820
v 0.509113 -0.373866 -0.017784
v -0.455029 -0.427977 -0.052517
v 0.459213 -0.425675 -0.047619
v -0.314217 -0.511536 -0.131495
v -0.395408 -0.471023 -0.086093
v 0.316601 -0.510277 -0.133111
v 0.395434 -0.472026 -0.083671
v -0.300957 -0.536538 0.008144
v -0.178869 -0.578568 -0.018119
v -0.389494 -0.490051 0.034742
v -0.452303 -0.444697 0.060204
v 0.301827 -0.536538 0.008144
v 0.391165 -0.489747 0.040464
v 0.465363 -0.433896 0.066694
v -0.509700 -0.387119 0.089016
v 0.520527 -0.373635 0.083667
v -0.591033 -0.220740 0.087509
v -0.561516 -0.307811 0.118381
v 0.591794 -0.220719 0.087654
v 0.563657 -0.304161 0.111619
v -0.600829 -0.171477 0.218684
v 0.601627 -0.171465 0.218681
v -0.597715 -0.100635 0.393669
v 0.599622 -0.100777 0.393750
v 0.181763 -0.520553 -0.275065
v 0.193225 -0.551943 -0.172175
v 0.000435 -0.600545 -0.038472
v 0.179695 -0.578398 -0.018107
v -0.154985 -0.583101 0.213045
v 0.000435 -0.601709 0.209466
v 0.156043 -0.584378 0.213108
v 0.102094 -0.053093 0.913145
v -0.101226 -0.053106 0.913182
v 0.583961 0.000368 0.586894
v -0.583196 0.000355 0.586919
v 0.241103 -0.089396 0.883319
v -0.240233 -0.089396 0.883319
v 0.394418 -0.091475 0.835846
v -0.393548 -0.091475 0.835846
v 0.509807 -0.059248 0.743789
v -0.507434 -0.058814 0.742797
v 0.571500 -0.285563 0.248730
v -0.137397 -0.562083 0.391622
v -0.000801 -0.579161 0.393219
v -0.282288 -0.539949 0.222814
v -0.379926 -0.493374 0.192828
v -0.442154 -0.451685 0.189132
v -0.501636 -0.395401 0.202698
v -0.565674 -0.288401 0.256372
v -0.563167 -0.186417 0.409044
v -0.464682 -0.153843 0.678742
v -0.345837 -0.189345 0.770732
v -0.539641 -0.133149 0.556961
v -0.225253 -0.541589 0.329223
v -0.374517 -0.468557 0.272412
v -0.308622 -0.500960 0.299033
v -0.426406 -0.435297 0.262874
v -0.474294 -0.387760 0.275910
v -0.519133 -0.313274 0.320428
v -0.511197 -0.238690 0.428408
v -0.326673 -0.228826 0.712519
v -0.421860 -0.203493 0.631393
v -0.487703 -0.195438 0.538099
v -0.248832 -0.506137 0.366718
v -0.182367 -0.516892 0.435919
v -0.057376 -0.524548 0.531146
v -0.113705 -0.498323 0.536975
v -0.044977 -0.441809 0.652758
v -0.110550 -0.431425 0.629411
v -0.275431 -0.445609 0.415112
v -0.221373 -0.466471 0.455990
v -0.399887 -0.405231 0.331414
v -0.353597 -0.419325 0.359923
v -0.461470 -0.320384 0.376248
v -0.415261 -0.365415 0.364793
v -0.378315 -0.256638 0.571870
v -0.439199 -0.240418 0.522593
v -0.206017 -0.430059 0.519791
v -0.176667 -0.404833 0.591247
v -0.314329 -0.457328 0.355307
v -0.437391 -0.282230 0.454097
v -0.322368 -0.259308 0.644224
v -0.315227 -0.349096 0.490279
v -0.267463 -0.296053 0.644185
v -0.214555 -0.353890 0.615168
v -0.220327 -0.316991 0.671517
v -0.147237 -0.355910 0.696622
v -0.085320 -0.347572 0.744286
v -0.235036 -0.263990 0.750370
v -0.190035 -0.220904 0.825694
v 0.000435 -0.208554 0.846631
v -0.120406 -0.279428 0.797097
v -0.179075 -0.302029 0.743736
v -0.001202 -0.263776 0.815043
v 0.287151 -0.537415 0.237532
v 0.390002 -0.487432 0.199761
v 0.474847 -0.425004 0.194220
v 0.528054 -0.366943 0.174773
v 0.587195 -0.178157 0.404696
v 0.568680 -0.130158 0.565304
v 0.549113 -0.216038 0.548463
v 0.547170 -0.279070 0.456640
v 0.006719 -0.342445 0.756287
v 0.002237 -0.437668 0.661353
v 0.497935 -0.384597 0.338598
v 0.000435 -0.524588 0.537976
v 0.400482 -0.464260 0.327884
v 0.305429 -0.512427 0.366984
v 0.160130 -0.557224 0.403337
v 0.162332 -0.523764 0.501237
v 0.312794 -0.485019 0.455511
v 0.389219 -0.454820 0.410107
v 0.433414 -0.411823 0.459836
v 0.474409 -0.336155 0.552888
v 0.315789 -0.439563 0.555728
v 0.497759 -0.183258 0.689642
v 0.492160 -0.254393 0.633935
v 0.354302 -0.220466 0.783974
v 0.347510 -0.354831 0.660350
v 0.345986 -0.290193 0.730526
v 0.186388 -0.216969 0.830913
v 0.187588 -0.289646 0.781426
v 0.177307 -0.362451 0.718915
v 0.139570 -0.451395 0.626036
v 0.000435 0.812064 -2.328948
v 0.041250 0.843139 -2.315491
v -0.040369 0.843139 -2.315468
v -0.862668 0.810692 0.163124
v -0.894573 0.811072 -0.164733
v 0.895431 0.811077 -0.164734
v 0.863526 0.810696 0.163123
v -0.894282 0.807255 -0.541968
v 0.895130 0.807266 -0.541967
v -0.845841 0.801445 -1.052277
v 0.846703 0.801449 -1.052276
v -0.759704 0.810180 -1.426899
v 0.760542 0.810194 -1.426888
v -0.635202 0.820706 -1.713658
v 0.636058 0.820711 -1.713650
v -0.497523 0.825592 -1.931103
v 0.498364 0.825601 -1.931081
v -0.375807 0.831606 -2.073810
v 0.376667 0.831610 -2.073800
v -0.266923 0.844155 -2.165115
v 0.267765 0.844162 -2.165074
v -0.161840 0.833082 -2.237139
v 0.162710 0.833082 -2.237139
v -0.817572 0.812163 0.446038
v 0.818366 0.812171 0.446021
v -0.759679 0.798976 0.631268
v 0.760468 0.798988 0.631235
v -0.703844 0.794606 0.749409
v 0.704714 0.794606 0.749409
v -0.591444 0.795670 0.907245
v 0.592228 0.795668 0.907162
v -0.514532 0.794908 0.977345
v 0.515402 0.794908 0.977345
v -0.367135 0.795756 1.080081
v 0.368005 0.795756 1.080081
v -0.223450 0.803403 1.147429
v 0.224320 0.803403 1.147429
v -0.079391 0.796624 1.181535
v 0.080255 0.796618 1.181480
v 0.000435 0.799620 1.185779
v 0.000435 0.850741 -2.318012
v 0.000435 0.869561 -2.301996
v -0.043589 0.865966 -2.298580
v -0.897069 0.839782 -0.164746
v -0.865612 0.839574 0.163442
v 0.866379 0.839588 0.163428
v 0.897812 0.839801 -0.164754
v -0.900323 0.835572 -0.542565
v 0.900924 0.835613 -0.542553
v -0.852443 0.829479 -1.053182
v 0.853221 0.829504 -1.053169
v -0.761796 0.838910 -1.426724
v 0.762547 0.838938 -1.426685
v -0.636677 0.849654 -1.713567
v 0.637469 0.849657 -1.713528
v -0.498954 0.854677 -1.931234
v 0.499785 0.854682 -1.931204
v -0.376492 0.860420 -2.072031
v 0.377374 0.860446 -2.072042
v -0.262228 0.871654 -2.158914
v 0.263090 0.871631 -2.158884
v -0.160596 0.861638 -2.235721
v 0.161493 0.861687 -2.235765
v 0.045345 0.865695 -2.298259
v -0.815338 0.841228 0.446453
v 0.816102 0.841234 0.446427
v -0.757779 0.828044 0.632116
v 0.758600 0.828064 0.632097
v -0.701558 0.823717 0.748558
v 0.702294 0.823737 0.748483
v -0.588532 0.824721 0.904709
v 0.589328 0.824713 0.904636
v -0.512400 0.824027 0.974754
v 0.513168 0.824056 0.974630
v -0.366001 0.824835 1.076584
v 0.366789 0.824860 1.076443
v -0.222119 0.832415 1.143520
v 0.222945 0.832431 1.143396
v -0.078643 0.825585 1.177182
v 0.079507 0.825579 1.177128
v 0.000435 0.828495 1.180822
v 0.000389 0.878336 -2.276389
v -0.037314 0.877333 -2.274814
v -0.885058 0.863924 -0.090546
v -0.858351 0.865781 0.162377
v 0.859096 0.865792 0.162360
v 0.885928 0.863924 -0.090546
v -0.886085 0.854741 -0.619309
v 0.886955 0.854741 -0.619309
v -0.840649 0.852875 -1.051051
v 0.841414 0.852879 -1.051057
v -0.750517 0.863079 -1.422161
v 0.751298 0.863143 -1.422123
v -0.628403 0.875132 -1.708393
v 0.629116 0.875102 -1.708315
v -0.492103 0.880259 -1.925322
v 0.492964 0.880288 -1.925312
v -0.368239 0.883976 -2.061311
v 0.369202 0.884130 -2.061404
v -0.247937 0.885284 -2.139988
v 0.248472 0.884229 -2.139511
v -0.150152 0.881059 -2.220253
v 0.151025 0.881191 -2.220285
v 0.039118 0.877599 -2.274705
v -0.803636 0.865608 0.444382
v 0.804454 0.865649 0.444374
v -0.741880 0.848311 0.626953
v 0.742872 0.848491 0.627001
v -0.686522 0.843117 0.739925
v 0.687231 0.843056 0.739819
v -0.577749 0.846593 0.895110
v 0.578393 0.846586 0.894966
v -0.506145 0.849018 0.967017
v 0.506862 0.849011 0.966824
v -0.362963 0.851008 1.069908
v 0.363735 0.851024 1.069744
v -0.218702 0.856410 1.133604
v 0.219519 0.856594 1.133436
v -0.077630 0.852061 1.170798
v 0.078486 0.852050 1.170724
v 0.000434 0.854698 1.173491
v 0.000370 0.878911 -2.255815
v -0.032268 0.877890 -2.254863
v -0.865941 0.876484 -0.050309
v -0.842752 0.877077 0.160155
v 0.843466 0.877117 0.160129
v 0.866811 0.876484 -0.050309
v -0.859853 0.857167 -0.693495
v 0.860723 0.857167 -0.693495
v -0.820255 0.855354 -1.047513
v 0.821040 0.855347 -1.047539
v -0.732149 0.868849 -1.415845
v 0.732913 0.868858 -1.415805
v -0.613792 0.885697 -1.700435
v 0.614476 0.885625 -1.700338
v -0.478221 0.889422 -1.914530
v 0.479077 0.889449 -1.914521
v -0.356578 0.892245 -2.047406
v 0.357449 0.892110 -2.047399
v -0.235788 0.887974 -2.123441
v 0.236222 0.886145 -2.122838
v -0.139213 0.883433 -2.203279
v 0.140140 0.884688 -2.203540
v 0.034048 0.878727 -2.254797
v -0.785494 0.872630 0.439915
v 0.786409 0.872906 0.439958
v -0.723013 0.851977 0.619465
v 0.723952 0.851953 0.619464
v -0.668866 0.846117 0.729521
v 0.669612 0.846139 0.729413
v -0.562146 0.849444 0.881926
v 0.562766 0.849431 0.881768
v -0.493273 0.853122 0.951790
v 0.493987 0.853102 0.951600
v -0.353935 0.857123 1.053827
v 0.354674 0.857115 1.053654
v -0.211962 0.858446 1.114231
v 0.212709 0.858437 1.114004
v -0.075078 0.859206 1.153300
v 0.075915 0.859202 1.153135
v 0.000428 0.859340 1.154387
v 0.452191 0.889044 -1.893987
v 0.335840 0.891054 -2.021379
v -0.024255 0.879921 -2.222043
v -0.120970 0.882791 -2.174774
v 0.121822 0.882830 -2.175142
v 0.025973 0.880015 -2.221953
v 0.536798 0.850567 0.860086
v 0.640565 0.848694 0.712223
v 0.337942 0.856967 1.024230
v 0.471867 0.853439 0.925981
v 0.070939 0.859010 1.119655
v 0.201413 0.858318 1.082096
v -0.833688 0.856394 -0.755916
v -0.846796 0.876204 -0.027688
v 0.847666 0.876204 -0.027688
v 0.834558 0.856394 -0.755916
v -0.845222 0.887648 -0.752115
v -0.843269 0.907948 -0.031125
v 0.844139 0.907948 -0.031125
v 0.846092 0.887648 -0.752115
v -0.821033 0.934467 -0.031055
v -0.823515 0.876591 -0.028740
v -0.829423 0.924699 -0.752115
v -0.816120 0.857318 -0.754047
v 0.824385 0.876591 -0.028740
v 0.821903 0.934467 -0.031055
v 0.830293 0.924699 -0.752115
v 0.816986 0.857222 -0.754045
v -0.798764 0.940903 -0.752115
v -0.792393 0.940875 -0.028741
v 0.793263 0.940875 -0.028741
v 0.799634 0.940903 -0.752115
v -0.762081 0.928994 -0.752115
v -0.758303 0.925747 -0.028971
v -0.744637 0.894669 -0.750644
v -0.746552 0.901376 -0.028740
v 0.759173 0.925747 -0.028971
v 0.762951 0.928994 -0.752115
v 0.745507 0.894669 -0.750644
v 0.747422 0.901376 -0.028741
v -0.797124 0.875084 -0.028741
v -0.768481 0.874360 -0.027415
v 0.797994 0.875084 -0.028741
v 0.769352 0.874336 -0.027415
v -0.809309 0.876073 0.155226
v 0.810018 0.876071 0.155201
v -0.795488 0.858280 -0.755435
v -0.774311 0.859234 -0.754757
v 0.796358 0.858280 -0.755435
v 0.775181 0.859234 -0.754757
v 0.787721 0.856693 -1.041719
v 0.754160 0.859961 -0.755837
v 0.000393 0.859104 1.120538
v -0.070144 0.859013 1.119813
v -0.337195 0.856981 1.024408
v -0.200665 0.858326 1.082323
v -0.536172 0.850581 0.860251
v -0.471157 0.853456 0.926168
v -0.691770 0.853678 0.606550
v -0.639795 0.848674 0.712374
v 0.692725 0.853669 0.606518
v -0.752963 0.870452 0.430842
v 0.753902 0.870419 0.430884
v 0.000435 0.862604 0.413902
v -0.746059 0.873930 -0.026217
v 0.746930 0.873903 -0.026217
v 0.176996 0.864280 0.317599
v -0.176126 0.864280 0.317599
v -0.258729 0.867704 0.068288
v 0.000445 0.914782 0.104912
v 0.259599 0.867704 0.068288
v 0.226735 0.868246 -0.135233
v 0.000439 0.907028 -0.130488
v 0.000334 0.879938 -2.221982
v 0.000435 0.875150 -1.424969
v -0.216020 0.887036 -2.096005
v -0.334902 0.891263 -2.021441
v 0.216343 0.886587 -2.095452
v -0.451340 0.889031 -1.893978
v -0.583726 0.884407 -1.684973
v 0.584413 0.884352 -1.684886
v 0.700734 0.869064 -1.405315
v 0.151488 0.875178 -1.435128
v 0.101473 0.867613 -0.291743
v 0.000435 0.867580 -0.315085
v -0.225857 0.868145 -0.135231
v -0.753290 0.859961 -0.755837
v -0.786948 0.856702 -1.041636
v -0.100603 0.867616 -0.291744
v -0.535405 0.864734 -0.770360
v -0.536113 0.870346 -1.378206
v -0.152773 0.874007 -1.377371
v -0.533492 0.955888 -1.373249
v -0.533212 0.953178 -0.771679
v -0.156536 0.956730 -1.373271
v -0.157337 0.957326 -0.772418
v -0.157091 0.867673 -0.768508
vt 0.177387 0.255423
vt 0.157191 0.255302
vt 0.159432 0.249976
vt 0.177724 0.249481
vt 0.160586 0.244582
vt 0.177692 0.244232
vt 0.196671 0.250657
vt 0.198353 0.256625
vt 0.161948 0.239829
vt 0.177666 0.239518
vt 0.195005 0.244951
vt 0.162939 0.235313
vt 0.177654 0.234143
vt 0.193204 0.240156
vt 0.192184 0.235486
vt 0.161922 0.229144
vt 0.177687 0.225358
vt 0.193143 0.228774
vt 0.174727 0.000252
vt 0.174806 0.010095
vt 0.166732 0.010344
vt 0.166596 0.001942
vt 0.182879 0.001803
vt 0.182873 0.010209
vt 0.151976 0.210435
vt 0.177475 0.204525
vt 0.203257 0.209860
vt 0.176666 0.171436
vt 0.151170 0.171834
vt 0.128024 0.208082
vt 0.126370 0.175003
vt 0.202009 0.170918
vt 0.225945 0.173008
vt 0.227777 0.209354
vt 0.175846 0.120172
vt 0.151465 0.120531
vt 0.200166 0.120504
vt 0.127906 0.124812
vt 0.223466 0.125080
vt 0.175244 0.074550
vt 0.150757 0.075416
vt 0.129664 0.083751
vt 0.199679 0.075032
vt 0.221452 0.079517
vt 0.175028 0.039718
vt 0.155108 0.042005
vt 0.135370 0.045613
vt 0.194946 0.041772
vt 0.214692 0.044891
vt 0.174887 0.020796
vt 0.164547 0.022014
vt 0.150111 0.022957
vt 0.157549 0.012766
vt 0.185230 0.021844
vt 0.199657 0.022547
vt 0.192080 0.012480
vt 0.109013 0.100287
vt 0.117101 0.058219
vt 0.233586 0.058071
vt 0.238776 0.088973
vt 0.076993 0.184233
vt 0.084334 0.186691
vt 0.067122 0.223938
vt 0.059201 0.222399
vt 0.068551 0.182118
vt 0.051515 0.221396
vt 0.028001 0.214889
vt 0.046452 0.171361
vt 0.059909 0.179198
vt 0.041474 0.221067
vt 0.060562 0.181018
vt 0.045734 0.219280
vt 0.069508 0.179683
vt 0.077854 0.114736
vt 0.098736 0.081019
vt 0.097124 0.103699
vt 0.082046 0.133416
vt 0.090212 0.138078
vt 0.109985 0.135688
vt 0.078513 0.181859
vt 0.095078 0.152785
vt 0.107736 0.177913
vt 0.086726 0.185232
vt 0.068057 0.224949
vt 0.108962 0.211782
vt 0.095403 0.183509
vt 0.089982 0.222043
vt 0.057758 0.225691
vt 0.069110 0.232418
vt 0.078489 0.235953
vt 0.055128 0.237412
vt 0.067794 0.244539
vt 0.048442 0.226511
vt 0.049636 0.249342
vt 0.059058 0.255218
vt 0.031206 0.284958
vt 0.039741 0.281675
vt 0.050063 0.269590
vt 0.023466 0.295700
vt 0.032906 0.312491
vt 0.011731 0.278786
vt 0.255408 0.110206
vt 0.250112 0.076329
vt 0.241851 0.133593
vt 0.245215 0.177897
vt 0.247496 0.215060
vt 0.280653 0.234946
vt 0.273240 0.241025
vt 0.264435 0.234078
vt 0.264512 0.218529
vt 0.255244 0.230286
vt 0.262718 0.187978
vt 0.258376 0.149814
vt 0.273470 0.141457
vt 0.272658 0.112970
vt 0.279405 0.203646
vt 0.274164 0.169717
vt 0.292219 0.178218
vt 0.302891 0.168888
vt 0.286745 0.186370
vt 0.295616 0.217786
vt 0.296088 0.247285
vt 0.316725 0.234153
vt 0.322423 0.208834
vt 0.310782 0.262268
vt 0.318520 0.283243
vt 0.322951 0.271764
vt 0.312120 0.581163
vt 0.316692 0.578109
vt 0.321972 0.582122
vt 0.319891 0.585904
vt 0.810515 0.244069
vt 0.808513 0.240236
vt 0.813900 0.236350
vt 0.818413 0.239512
vt 0.129447 0.027339
vt 0.113884 0.044129
vt 0.236264 0.043480
vt 0.220309 0.026558
vt 0.094444 0.069980
vt 0.255803 0.068456
vt 0.071784 0.107255
vt 0.278426 0.105037
vt 0.302534 0.590587
vt 0.309200 0.597426
vt 0.820979 0.255835
vt 0.827849 0.249169
vt 0.291344 0.603892
vt 0.298010 0.611432
vt 0.831837 0.270100
vt 0.838906 0.262871
vt 0.555881 0.428171
vt 0.526985 0.463340
vt 0.515228 0.454876
vt 0.545735 0.419449
vt 0.003267 0.272205
vt 0.017823 0.217356
vt 0.333638 0.207966
vt 0.373791 0.244372
vt 0.367865 0.252048
vt 0.544906 0.722585
vt 0.583261 0.762497
vt 0.573159 0.771258
vt 0.536111 0.734565
vt 0.547638 0.715888
vt 0.589033 0.758823
vt 0.562236 0.783395
vt 0.526363 0.746282
vt 0.592674 0.391109
vt 0.583829 0.379139
vt 0.539951 0.415813
vt 0.581061 0.372439
vt 0.602471 0.402830
vt 0.566872 0.440280
vt 0.483680 0.690661
vt 0.474053 0.700485
vt 0.654133 0.356224
vt 0.644642 0.346492
vt 0.042345 0.159154
vt 0.499658 0.674101
vt 0.493946 0.679448
vt 0.306306 0.155592
vt 0.634460 0.335354
vt 0.628772 0.330041
vt 0.446671 0.645234
vt 0.450832 0.639226
vt 0.677832 0.295003
vt 0.681916 0.300984
vt 0.437434 0.658262
vt 0.430301 0.674416
vt 0.697780 0.329846
vt 0.690955 0.313923
vt 0.408421 0.623421
vt 0.411929 0.618124
vt 0.401231 0.637149
vt 0.395894 0.651525
vt 0.717291 0.274371
vt 0.720723 0.279707
vt 0.727715 0.293491
vt 0.732841 0.307859
vt 0.378434 0.609736
vt 0.382257 0.604502
vt 0.372923 0.623379
vt 0.366268 0.637052
vt 0.746935 0.261357
vt 0.751154 0.266649
vt 0.756435 0.280381
vt 0.762882 0.294195
vt 0.358156 0.601319
vt 0.361642 0.596422
vt 0.768312 0.253669
vt 0.771703 0.258636
vt 0.352616 0.614030
vt 0.344547 0.628774
vt 0.784806 0.286386
vt 0.777001 0.271461
vt 0.312470 0.616817
vt 0.320881 0.602742
vt 0.809092 0.260856
vt 0.817147 0.275099
vt 0.341259 0.594976
vt 0.334458 0.606860
vt 0.326663 0.621651
vt 0.795363 0.264675
vt 0.788815 0.252642
vt 0.802850 0.279646
vt 0.144987 0.014671
vt 0.343792 0.590276
vt 0.204639 0.014174
vt 0.786387 0.247886
vt 0.158497 0.006821
vt 0.328285 0.589466
vt 0.330074 0.584604
vt 0.191039 0.006548
vt 0.800309 0.242525
vt 0.801986 0.247425
vt 0.021540 0.352722
vt 0.011571 0.353675
vt 0.000252 0.312039
vt 0.009774 0.309280
vt 0.341106 0.325340
vt 0.350489 0.328948
vt 0.335748 0.369011
vt 0.324836 0.370386
vt 0.613976 0.797639
vt 0.619461 0.793381
vt 0.509717 0.450649
vt 0.020618 0.387038
vt 0.029872 0.382550
vt 0.314933 0.394681
vt 0.323729 0.400285
vt 0.032083 0.416023
vt 0.041002 0.410249
vt 0.301816 0.420532
vt 0.310166 0.427228
vt 0.044671 0.438224
vt 0.052468 0.429609
vt 0.072703 0.455103
vt 0.063240 0.464261
vt 0.289095 0.438347
vt 0.296174 0.447681
vt 0.276078 0.471794
vt 0.267328 0.461865
vt 0.080432 0.480842
vt 0.088425 0.471352
vt 0.250782 0.476692
vt 0.258088 0.486797
vt 0.106104 0.499001
vt 0.113523 0.489694
vt 0.224767 0.493153
vt 0.231548 0.503010
vt 0.129765 0.510853
vt 0.134658 0.502465
vt 0.203019 0.504615
vt 0.207356 0.513304
vt 0.153873 0.519960
vt 0.156966 0.509195
vt 0.168658 0.510759
vt 0.168296 0.522324
vt 0.180425 0.509906
vt 0.182818 0.520910
vt 0.602266 0.806161
vt 0.591182 0.816060
vt 0.538124 0.473198
vt 0.633763 0.824925
vt 0.638904 0.821247
vt 0.622961 0.833483
vt 0.611131 0.844331
vt 0.490410 0.478682
vt 0.495576 0.482334
vt 0.506422 0.490837
vt 0.518308 0.501629
vt 0.647818 0.849245
vt 0.653461 0.845948
vt 0.475970 0.503513
vt 0.481631 0.506781
vt 0.625041 0.865443
vt 0.637435 0.857443
vt 0.492059 0.514925
vt 0.504489 0.522862
vt 0.656506 0.869342
vt 0.662623 0.865295
vt 0.646169 0.876215
vt 0.632735 0.882289
vt 0.466888 0.522950
vt 0.473034 0.526967
vt 0.483411 0.533787
vt 0.496883 0.539794
vt 0.664453 0.892359
vt 0.670537 0.890152
vt 0.459087 0.547882
vt 0.465188 0.550061
vt 0.640960 0.904207
vt 0.654819 0.900782
vt 0.474868 0.558432
vt 0.488745 0.561782
vt 0.669043 0.908985
vt 0.675444 0.906251
vt 0.657686 0.914866
vt 0.646467 0.922147
vt 0.454257 0.564040
vt 0.460675 0.566742
vt 0.472069 0.572560
vt 0.483339 0.579782
vt 0.674028 0.932467
vt 0.682040 0.928793
vt 0.447778 0.586648
vt 0.455812 0.590277
vt 0.649125 0.942887
vt 0.660634 0.937441
vt 0.469236 0.595173
vt 0.480783 0.600553
vt 0.678110 0.949839
vt 0.685570 0.947171
vt 0.663301 0.956316
vt 0.651500 0.961757
vt 0.444347 0.605071
vt 0.451824 0.607694
vt 0.466675 0.614082
vt 0.478515 0.619452
vt 0.682115 0.968062
vt 0.689954 0.965076
vt 0.440049 0.623004
vt 0.447930 0.625955
vt 0.655985 0.982719
vt 0.668833 0.975039
vt 0.461259 0.632851
vt 0.474165 0.640450
vt 0.686113 0.975547
vt 0.692751 0.971228
vt 0.437310 0.629184
vt 0.443976 0.633468
vt 0.672086 0.984876
vt 0.657900 0.991947
vt 0.458069 0.642713
vt 0.472310 0.649694
vt 0.080449 0.446013
vt 0.094710 0.460234
vt 0.112580 0.474062
vt 0.245352 0.464936
vt 0.260366 0.451941
vt 0.226784 0.477442
vt 0.097059 0.456859
vt 0.110812 0.467130
vt 0.229021 0.470398
vt 0.243280 0.461103
vt 0.081325 0.442815
vt 0.259838 0.448296
vt 0.100013 0.452214
vt 0.114246 0.461732
vt 0.225954 0.464488
vt 0.240677 0.455912
vt 0.082409 0.438278
vt 0.259187 0.443287
vt 0.106447 0.438289
vt 0.122329 0.448531
vt 0.218679 0.450437
vt 0.235234 0.441183
vt 0.113816 0.432428
vt 0.129854 0.441337
vt 0.211408 0.442387
vt 0.228156 0.434479
vt 0.083571 0.421810
vt 0.099688 0.425913
vt 0.259478 0.426410
vt 0.242923 0.428939
vt 0.168801 0.506935
vt 0.182789 0.505435
vt 0.126674 0.491644
vt 0.138153 0.499096
vt 0.154895 0.504581
vt 0.199794 0.500905
vt 0.211674 0.494156
vt 0.124145 0.480866
vt 0.214936 0.483434
vt 0.124705 0.473426
vt 0.214876 0.475810
vt 0.128944 0.466691
vt 0.211083 0.468661
vt 0.138244 0.459033
vt 0.202310 0.460321
vt 0.149255 0.455716
vt 0.191546 0.456307
vt 0.156463 0.501844
vt 0.144489 0.498028
vt 0.193614 0.499428
vt 0.181444 0.502599
vt 0.168922 0.503820
vt 0.136806 0.491778
vt 0.201671 0.493612
vt 0.204384 0.486116
vt 0.134603 0.484220
vt 0.203555 0.479226
vt 0.135878 0.477493
vt 0.200291 0.472661
vt 0.139546 0.471227
vt 0.194445 0.466863
vt 0.145747 0.465837
vt 0.186058 0.463587
vt 0.178443 0.461381
vt 0.178920 0.456293
vt 0.154357 0.463031
vt 0.161855 0.456105
vt 0.162116 0.461146
vt 0.170226 0.463565
vt 0.170389 0.455937
vt 0.160755 0.468620
vt 0.151563 0.469522
vt 0.188440 0.470323
vt 0.179341 0.469003
vt 0.169979 0.471109
vt 0.148680 0.474119
vt 0.191039 0.475104
vt 0.145859 0.480224
vt 0.193474 0.481406
vt 0.169834 0.476107
vt 0.158830 0.475348
vt 0.180859 0.475858
vt 0.143696 0.485955
vt 0.195265 0.487317
vt 0.145501 0.491848
vt 0.193069 0.493139
vt 0.158734 0.499542
vt 0.151298 0.497114
vt 0.186917 0.498106
vt 0.179342 0.500125
vt 0.169059 0.499597
vt 0.158399 0.496450
vt 0.179901 0.497014
vt 0.169269 0.493817
vt 0.162573 0.493567
vt 0.175959 0.493906
vt 0.153399 0.491544
vt 0.169416 0.489455
vt 0.160453 0.489649
vt 0.185247 0.492378
vt 0.178348 0.490092
vt 0.150888 0.486795
vt 0.188061 0.487762
vt 0.156881 0.482659
vt 0.169630 0.482740
vt 0.182358 0.483291
vt 0.048620 0.403425
vt 0.038627 0.377715
vt 0.294878 0.412673
vt 0.306768 0.388227
vt 0.031100 0.346328
vt 0.313545 0.299668
vt 0.306462 0.284016
vt 0.296748 0.268840
vt 0.066367 0.257893
vt 0.057236 0.268995
vt 0.286400 0.258230
vt 0.076276 0.249150
vt 0.275470 0.249872
vt 0.088029 0.243159
vt 0.265434 0.243838
vt 0.100561 0.239178
vt 0.253506 0.239408
vt 0.113872 0.236270
vt 0.240048 0.237148
vt 0.125180 0.233476
vt 0.228705 0.234242
vt 0.137045 0.231463
vt 0.216871 0.232121
vt 0.145733 0.231573
vt 0.208228 0.232237
vt 0.147769 0.236692
vt 0.206145 0.237358
vt 0.144098 0.240551
vt 0.209715 0.241342
vt 0.139709 0.246007
vt 0.213918 0.246950
vt 0.136321 0.253620
vt 0.216998 0.254696
vt 0.134751 0.258601
vt 0.218333 0.259771
vt 0.059654 0.420758
vt 0.282466 0.428811
vt 0.065004 0.423859
vt 0.277331 0.430496
vt 0.067592 0.420965
vt 0.275226 0.427040
vt 0.066436 0.403197
vt 0.278221 0.409147
vt 0.130168 0.261942
vt 0.150055 0.264819
vt 0.203203 0.266207
vt 0.222730 0.263398
vt 0.045195 0.285436
vt 0.038943 0.300109
vt 0.030721 0.331757
vt 0.049132 0.400937
vt 0.039914 0.376756
vt 0.306212 0.385850
vt 0.295263 0.409287
vt 0.032932 0.348595
vt 0.304939 0.287160
vt 0.311327 0.304944
vt 0.295767 0.271935
vt 0.058332 0.270641
vt 0.068236 0.259178
vt 0.285802 0.261028
vt 0.078415 0.250951
vt 0.275244 0.252524
vt 0.088238 0.245097
vt 0.265384 0.246369
vt 0.100391 0.241129
vt 0.253721 0.241776
vt 0.113371 0.238054
vt 0.240590 0.239139
vt 0.124092 0.235334
vt 0.229671 0.236252
vt 0.135289 0.233554
vt 0.218642 0.234339
vt 0.141996 0.233275
vt 0.211987 0.234072
vt 0.143214 0.236011
vt 0.210745 0.236808
vt 0.140301 0.239219
vt 0.213590 0.240126
vt 0.136257 0.245253
vt 0.217438 0.246321
vt 0.132919 0.253363
vt 0.220433 0.254586
vt 0.131885 0.257969
vt 0.221265 0.259247
vt 0.057071 0.415012
vt 0.285922 0.422899
vt 0.061790 0.418813
vt 0.280980 0.425689
vt 0.064400 0.417816
vt 0.278623 0.424074
vt 0.064705 0.400692
vt 0.280106 0.406529
vt 0.065069 0.381662
vt 0.066508 0.383635
vt 0.280047 0.389277
vt 0.281490 0.387461
vt 0.067158 0.361952
vt 0.068269 0.363533
vt 0.279976 0.368791
vt 0.281060 0.367472
vt 0.071271 0.338074
vt 0.072339 0.339392
vt 0.276906 0.344247
vt 0.278063 0.343165
vt 0.077513 0.320219
vt 0.078564 0.321271
vt 0.271483 0.325745
vt 0.272674 0.324814
vt 0.084254 0.307210
vt 0.085359 0.308118
vt 0.265422 0.312124
vt 0.266643 0.311255
vt 0.090596 0.296748
vt 0.091732 0.297670
vt 0.259600 0.301228
vt 0.260859 0.300315
vt 0.097022 0.288075
vt 0.098067 0.289015
vt 0.253605 0.292213
vt 0.254795 0.291258
vt 0.105754 0.278342
vt 0.106808 0.279274
vt 0.245273 0.282046
vt 0.246484 0.281088
vt 0.114541 0.270033
vt 0.115593 0.270986
vt 0.236915 0.273273
vt 0.238051 0.272350
vt 0.121727 0.264852
vt 0.122881 0.265896
vt 0.229857 0.267752
vt 0.231139 0.266723
vt 0.128351 0.260768
vt 0.224633 0.262195
vt 0.046669 0.287451
vt 0.039864 0.302282
vt 0.034692 0.318105
vt 0.032565 0.335207
vt 0.214151 0.235293
vt 0.219999 0.235663
vt 0.223014 0.258985
vt 0.222634 0.254780
vt 0.285690 0.421146
vt 0.282295 0.423265
vt 0.130180 0.257632
vt 0.127339 0.260055
vt 0.225714 0.261638
vt 0.060735 0.416353
vt 0.057705 0.413604
vt 0.062530 0.415509
vt 0.280685 0.421968
vt 0.133965 0.234743
vt 0.139822 0.234414
vt 0.137767 0.236255
vt 0.216207 0.237201
vt 0.136384 0.238994
vt 0.217540 0.240025
vt 0.132768 0.237357
vt 0.221203 0.238408
vt 0.123255 0.236317
vt 0.230706 0.237275
vt 0.112813 0.239146
vt 0.241359 0.240333
vt 0.100064 0.242117
vt 0.254109 0.243042
vt 0.088331 0.245976
vt 0.265420 0.247534
vt 0.078770 0.251824
vt 0.275150 0.253789
vt 0.068627 0.259838
vt 0.285563 0.262624
vt 0.058700 0.271603
vt 0.295441 0.273741
vt 0.047139 0.288793
vt 0.041512 0.304174
vt 0.035816 0.319911
vt 0.033823 0.335890
vt 0.034010 0.348719
vt 0.040999 0.376351
vt 0.049947 0.400016
vt 0.305202 0.385085
vt 0.294671 0.408134
vt 0.058820 0.410485
vt 0.284907 0.417466
vt 0.130725 0.253463
vt 0.133687 0.245033
vt 0.220052 0.246196
vt 0.121149 0.256076
vt 0.232090 0.257858
vt 0.121006 0.264186
vt 0.231918 0.266160
vt 0.113723 0.269223
vt 0.238928 0.271554
vt 0.104900 0.277567
vt 0.247402 0.280317
vt 0.096111 0.287292
vt 0.255744 0.290492
vt 0.089621 0.296013
vt 0.261869 0.299605
vt 0.083285 0.306515
vt 0.267654 0.310599
vt 0.076527 0.319524
vt 0.273688 0.324167
vt 0.070292 0.337367
vt 0.279031 0.342527
vt 0.066148 0.361247
vt 0.281990 0.366847
vt 0.063933 0.380852
vt 0.282685 0.386893
vt 0.063452 0.399688
vt 0.281521 0.405926
vt 0.126983 0.242144
vt 0.226868 0.243449
vt 0.124131 0.239563
vt 0.229835 0.240734
vt 0.125117 0.248615
vt 0.228511 0.250100
vt 0.117580 0.259329
vt 0.235553 0.261277
vt 0.117371 0.252235
vt 0.236137 0.254010
vt 0.058153 0.395751
vt 0.058366 0.378941
vt 0.287050 0.402553
vt 0.288113 0.385490
vt 0.053769 0.397800
vt 0.291105 0.405280
vt 0.054489 0.392062
vt 0.290929 0.399235
vt 0.060872 0.358315
vt 0.287028 0.364382
vt 0.065253 0.334675
vt 0.284014 0.340159
vt 0.071146 0.318775
vt 0.279016 0.323640
vt 0.077917 0.304804
vt 0.273098 0.309032
vt 0.084661 0.293496
vt 0.266991 0.297176
vt 0.091930 0.283785
vt 0.260212 0.286962
vt 0.101140 0.273952
vt 0.251430 0.276646
vt 0.110045 0.265139
vt 0.242900 0.267404
vt 0.119088 0.245952
vt 0.234677 0.247455
vt 0.113276 0.242410
vt 0.101840 0.245595
vt 0.252059 0.247134
vt 0.240677 0.243748
vt 0.092186 0.250005
vt 0.261626 0.251915
vt 0.100851 0.254758
vt 0.252715 0.256711
vt 0.083206 0.255753
vt 0.270540 0.258110
vt 0.073696 0.263630
vt 0.279893 0.266570
vt 0.063952 0.274593
vt 0.289059 0.278463
vt 0.104765 0.261250
vt 0.248446 0.263448
vt 0.093910 0.271207
vt 0.086392 0.265420
vt 0.258909 0.273898
vt 0.266805 0.268053
vt 0.085021 0.280473
vt 0.075646 0.275905
vt 0.267364 0.283700
vt 0.277080 0.279193
vt 0.077832 0.291351
vt 0.273983 0.295132
vt 0.066269 0.287966
vt 0.285768 0.292029
vt 0.040886 0.336082
vt 0.040334 0.349664
vt 0.052552 0.291779
vt 0.046359 0.306737
vt 0.042547 0.322069
vt 0.071302 0.303491
vt 0.058262 0.300020
vt 0.279773 0.307899
vt 0.292972 0.304935
vt 0.064883 0.316912
vt 0.053522 0.315681
vt 0.285284 0.322046
vt 0.296475 0.321391
vt 0.060129 0.333514
vt 0.049871 0.330905
vt 0.288986 0.339322
vt 0.299069 0.337396
vt 0.304002 0.312905
vt 0.306568 0.329140
vt 0.054666 0.354850
vt 0.293050 0.361460
vt 0.307317 0.357413
vt 0.046570 0.375603
vt 0.052800 0.376183
vt 0.299762 0.383431
vt 0.293644 0.383282
vt 0.304330 0.289139
vt 0.310556 0.306698
vt 0.299390 0.296800
vt 0.328716 0.312378
vt 0.315453 0.362996
vt 0.356569 0.259868
vt 0.347247 0.258887
vt 0.334101 0.251335
vt 0.320787 0.303594
vt 0.326288 0.295431
vt 0.321299 0.317089
vt 0.316466 0.325936
vt 0.317006 0.342120
vt 0.313749 0.362215
vt 0.314963 0.328217
vt 0.315091 0.344668
vt 0.312642 0.361885
vt 0.314333 0.329225
vt 0.313829 0.344525
vt 0.307556 0.343610
vt 0.170483 0.449287
vt 0.177436 0.450094
vt 0.163525 0.450002
vt 0.176617 0.263512
vt 0.132961 0.272632
vt 0.219002 0.274540
vt 0.122815 0.279270
vt 0.227434 0.279516
vt 0.114269 0.285887
vt 0.235308 0.285907
vt 0.106828 0.293657
vt 0.243538 0.295401
vt 0.100615 0.302913
vt 0.250227 0.305864
vt 0.094359 0.314607
vt 0.255486 0.317476
vt 0.103991 0.308039
vt 0.101708 0.317656
vt 0.248559 0.320198
vt 0.246814 0.310692
vt 0.175999 0.277238
vt 0.175522 0.290964
vt 0.151311 0.291628
vt 0.153148 0.278773
vt 0.136107 0.284326
vt 0.125033 0.291058
vt 0.215903 0.286930
vt 0.227065 0.294354
vt 0.109375 0.302517
vt 0.116570 0.296586
vt 0.234699 0.298965
vt 0.241715 0.305351
vt 0.109470 0.313715
vt 0.241410 0.316619
vt 0.117327 0.308599
vt 0.233419 0.311811
vt 0.135966 0.297346
vt 0.125586 0.303810
vt 0.215051 0.298829
vt 0.224666 0.306245
vt 0.138407 0.314375
vt 0.153219 0.310460
vt 0.127300 0.318565
vt 0.119000 0.322493
vt 0.210908 0.316055
vt 0.221889 0.321290
vt 0.232204 0.325965
vt 0.110169 0.327016
vt 0.241311 0.329416
vt 0.089282 0.329603
vt 0.099845 0.332277
vt 0.260305 0.333367
vt 0.250040 0.334683
vt 0.085779 0.347988
vt 0.263200 0.351815
vt 0.085207 0.373406
vt 0.263177 0.377303
vt 0.199075 0.280187
vt 0.199687 0.292716
vt 0.174903 0.307893
vt 0.196383 0.311570
vt 0.155545 0.339494
vt 0.173436 0.339032
vt 0.191183 0.340508
vt 0.184913 0.448171
vt 0.156120 0.448058
vt 0.261800 0.407268
vt 0.083619 0.402848
vt 0.203543 0.440518
vt 0.137459 0.440315
vt 0.224039 0.432457
vt 0.117771 0.430930
vt 0.242171 0.422684
vt 0.101090 0.419969
vt 0.250201 0.352203
vt 0.157133 0.361458
vt 0.172153 0.361607
vt 0.140661 0.341244
vt 0.128805 0.338512
vt 0.121051 0.338610
vt 0.112417 0.340999
vt 0.099409 0.349935
vt 0.095012 0.373029
vt 0.109002 0.408785
vt 0.126026 0.419393
vt 0.096803 0.394056
vt 0.146974 0.354358
vt 0.128246 0.348808
vt 0.136722 0.351221
vt 0.121695 0.348084
vt 0.114572 0.350357
vt 0.105427 0.357596
vt 0.103156 0.374487
vt 0.128067 0.411924
vt 0.114401 0.402141
vt 0.104707 0.390334
vt 0.143223 0.359874
vt 0.151837 0.367798
vt 0.166569 0.378837
vt 0.160634 0.380537
vt 0.166496 0.397065
vt 0.159193 0.394642
vt 0.137960 0.368061
vt 0.145669 0.372225
vt 0.122609 0.358127
vt 0.128134 0.361810
vt 0.111861 0.365554
vt 0.119156 0.363540
vt 0.120236 0.393653
vt 0.111721 0.387486
vt 0.146595 0.381615
vt 0.149887 0.391320
vt 0.134153 0.359782
vt 0.113261 0.377269
vt 0.128134 0.402876
vt 0.129981 0.380994
vt 0.135853 0.401692
vt 0.143359 0.396214
vt 0.142425 0.404440
vt 0.152501 0.405903
vt 0.159710 0.412038
vt 0.140687 0.415675
vt 0.145995 0.426290
vt 0.170477 0.428497
vt 0.154758 0.420827
vt 0.147937 0.413618
vt 0.170034 0.423706
vt 0.206565 0.345068
vt 0.219774 0.340910
vt 0.231910 0.341774
vt 0.241265 0.340896
vt 0.256534 0.375757
vt 0.251800 0.397691
vt 0.244615 0.391271
vt 0.243296 0.377614
vt 0.170880 0.413956
vt 0.170723 0.398476
vt 0.234641 0.359936
vt 0.171605 0.380113
vt 0.220970 0.356721
vt 0.208733 0.361133
vt 0.190680 0.364398
vt 0.190461 0.376072
vt 0.209308 0.371786
vt 0.219103 0.366698
vt 0.224461 0.373505
vt 0.229975 0.386756
vt 0.208881 0.384522
vt 0.235428 0.408831
vt 0.233554 0.399309
vt 0.215200 0.418569
vt 0.213504 0.399652
vt 0.213539 0.409851
vt 0.194209 0.425974
vt 0.193913 0.417061
vt 0.192185 0.407170
vt 0.186838 0.393027
vt 0.847356 0.275829
vt 0.844044 0.282285
vt 0.285168 0.623380
vt 0.282726 0.615733
vt 0.576694 0.825966
vt 0.548348 0.793921
vt 0.580814 0.450760
vt 0.552667 0.483054
vt 0.513415 0.759208
vt 0.615514 0.415726
vt 0.463430 0.714141
vt 0.664693 0.369733
vt 0.422230 0.685896
vt 0.705502 0.341009
vt 0.388168 0.664257
vt 0.740326 0.320679
vt 0.358817 0.649050
vt 0.770165 0.306391
vt 0.336385 0.640442
vt 0.792792 0.298240
vt 0.318585 0.636045
vt 0.810678 0.294251
vt 0.303706 0.628750
vt 0.825619 0.287211
vt 0.598117 0.856016
vt 0.531375 0.513256
vt 0.612073 0.876006
vt 0.517503 0.533354
vt 0.619780 0.889639
vt 0.509901 0.547090
vt 0.627145 0.912719
vt 0.502590 0.570214
vt 0.631342 0.924266
vt 0.498501 0.581823
vt 0.634737 0.946887
vt 0.495202 0.604471
vt 0.636393 0.967462
vt 0.493665 0.625063
vt 0.640428 0.986613
vt 0.489758 0.644244
vt 0.642532 0.997096
vt 0.487726 0.654742
vt 0.849730 0.282268
vt 0.854401 0.278845
vt 0.278817 0.629739
vt 0.278876 0.625633
vt 0.284600 0.629234
vt 0.545775 0.796220
vt 0.574028 0.828123
vt 0.555339 0.485236
vt 0.583378 0.453100
vt 0.510923 0.761653
vt 0.617991 0.418244
vt 0.461381 0.716272
vt 0.666590 0.371797
vt 0.420269 0.688070
vt 0.707217 0.342824
vt 0.386343 0.666266
vt 0.742171 0.322632
vt 0.356894 0.651237
vt 0.772151 0.308653
vt 0.334530 0.643104
vt 0.794671 0.300960
vt 0.316480 0.639912
vt 0.812778 0.298227
vt 0.301555 0.633020
vt 0.827751 0.291503
vt 0.844627 0.287749
vt 0.595748 0.857938
vt 0.533748 0.515184
vt 0.609625 0.877945
vt 0.519948 0.535282
vt 0.617642 0.891249
vt 0.512079 0.548703
vt 0.624241 0.914491
vt 0.505491 0.571963
vt 0.628922 0.925888
vt 0.500968 0.583438
vt 0.631446 0.948497
vt 0.498523 0.606063
vt 0.632094 0.968953
vt 0.497993 0.626527
vt 0.634554 0.988084
vt 0.495660 0.645676
vt 0.635338 0.998519
vt 0.494947 0.656119
vt 0.850560 0.287498
vt 0.278863 0.635259
vt 0.283790 0.634701
vt 0.550343 0.805592
vt 0.571442 0.830260
vt 0.557926 0.487395
vt 0.578847 0.462561
vt 0.501369 0.756353
vt 0.627383 0.412876
vt 0.459348 0.718319
vt 0.668480 0.373765
vt 0.418491 0.690175
vt 0.708800 0.344665
vt 0.384786 0.668356
vt 0.743727 0.324640
vt 0.355410 0.653498
vt 0.773699 0.310954
vt 0.333249 0.645797
vt 0.795980 0.303693
vt 0.315020 0.643673
vt 0.814238 0.302070
vt 0.299991 0.637332
vt 0.829310 0.295816
vt 0.845430 0.293140
vt 0.593590 0.859722
vt 0.535912 0.516978
vt 0.607393 0.879710
vt 0.522187 0.537041
vt 0.615416 0.892729
vt 0.514321 0.550176
vt 0.621804 0.915828
vt 0.507955 0.573298
vt 0.626355 0.927132
vt 0.503566 0.584666
vt 0.628287 0.949483
vt 0.501706 0.607029
vt 0.628134 0.969704
vt 0.502004 0.627250
vt 0.628793 0.988644
vt 0.501448 0.646197
vt 0.627982 0.998859
vt 0.502325 0.656406
vt 0.850529 0.293548
vt 0.279504 0.640358
vt 0.283664 0.639352
vt 0.552153 0.811357
vt 0.569585 0.831833
vt 0.559791 0.488991
vt 0.577057 0.468394
vt 0.491978 0.751191
vt 0.636578 0.407633
vt 0.457552 0.719928
vt 0.670030 0.375376
vt 0.417272 0.691627
vt 0.709892 0.345935
vt 0.383954 0.669888
vt 0.744688 0.325974
vt 0.354582 0.655187
vt 0.774628 0.312630
vt 0.332565 0.647939
vt 0.796700 0.305880
vt 0.314313 0.646697
vt 0.814934 0.305195
vt 0.299155 0.641065
vt 0.830093 0.299546
vt 0.845487 0.297846
vt 0.592117 0.860935
vt 0.537388 0.518199
vt 0.605619 0.880998
vt 0.523974 0.538331
vt 0.613374 0.893956
vt 0.516366 0.551390
vt 0.620079 0.916687
vt 0.509718 0.574155
vt 0.624165 0.927916
vt 0.505772 0.585433
vt 0.625995 0.949985
vt 0.504028 0.607515
vt 0.624856 0.969811
vt 0.505315 0.627335
vt 0.624104 0.988344
vt 0.506171 0.645857
vt 0.621452 0.997906
vt 0.508873 0.655405
vt 0.849788 0.298889
vt 0.776013 0.316348
vt 0.797392 0.310297
vt 0.284402 0.645649
vt 0.298514 0.646823
vt 0.830651 0.305321
vt 0.844658 0.304213
vt 0.513296 0.575378
vt 0.520379 0.553280
vt 0.508528 0.607601
vt 0.510091 0.586340
vt 0.512663 0.644291
vt 0.510547 0.626737
vt 0.483878 0.747373
vt 0.552377 0.815093
vt 0.576859 0.472155
vt 0.644494 0.403726
vt 0.025430 0.413596
vt 0.029801 0.413043
vt 0.027769 0.511113
vt 0.023586 0.510683
vt 0.006471 0.998044
vt 0.002283 0.998474
vt 0.000252 0.900404
vt 0.004618 0.900957
vt 0.070307 0.986602
vt 0.074718 0.988092
vt 0.077350 0.991518
vt 0.074641 0.993091
vt 0.020052 0.413634
vt 0.018980 0.510721
vt 0.952829 0.987376
vt 0.955139 0.986855
vt 0.957362 0.990775
vt 0.956073 0.996037
vt 0.988046 0.036317
vt 0.985338 0.034743
vt 0.987971 0.031317
vt 0.992383 0.029828
vt 0.011080 0.998080
vt 0.009996 0.900994
vt 0.041207 0.032940
vt 0.039939 0.027672
vt 0.042178 0.023762
vt 0.044488 0.024279
vt 0.015414 0.413657
vt 0.015058 0.511050
vt 0.014999 0.998409
vt 0.014638 0.901016
vt 0.010225 0.413681
vt 0.010033 0.511043
vt 0.005040 0.413902
vt 0.006381 0.511090
vt 0.020025 0.998401
vt 0.019829 0.901039
vt 0.025018 0.901261
vt 0.023672 0.998448
vt 0.071714 0.995111
vt 0.066559 0.987882
vt 0.068472 0.997206
vt 0.063701 0.992010
vt 0.996131 0.031110
vt 0.990972 0.038337
vt 0.998987 0.035239
vt 0.994211 0.040436
vt 0.547258 0.819661
vt 0.549797 0.816958
vt 0.566295 0.834853
vt 0.563099 0.492007
vt 0.579464 0.474004
vt 0.582030 0.476698
vt 0.952357 0.998863
vt 0.950102 0.987952
vt 0.947223 0.998088
vt 0.947310 0.988550
vt 0.047209 0.024878
vt 0.044915 0.035780
vt 0.050000 0.025486
vt 0.050053 0.035025
vt 0.647842 0.407346
vt 0.645708 0.405677
vt 0.672924 0.378397
vt 0.052761 0.026040
vt 0.053156 0.030879
vt 0.517303 0.652483
vt 0.617629 0.986827
vt 0.613036 0.995043
vt 0.621527 0.950107
vt 0.619654 0.969260
vt 0.616551 0.917927
vt 0.619858 0.928861
vt 0.602148 0.883137
vt 0.609365 0.895882
vt 0.527474 0.540456
vt 0.588870 0.863120
vt 0.540648 0.520377
vt 0.603612 0.599182
vt 0.065928 0.998833
vt 0.064056 0.995632
vt 0.543157 0.825378
vt 0.544721 0.822770
vt 0.998630 0.038861
vt 0.996754 0.042065
vt 0.584593 0.479801
vt 0.586183 0.482409
vt 0.029810 0.900585
vt 0.027331 0.998807
vt 0.652080 0.410947
vt 0.649855 0.409280
vt 0.526445 0.942363
vt 0.602039 0.570513
vt 0.527976 0.913707
vt 0.507452 0.882066
vt 0.642123 0.568754
vt 0.622487 0.538687
vt 0.647766 0.520688
vt 0.669066 0.543261
vt 0.487898 0.912220
vt 0.281559 0.647448
vt 0.847589 0.306126
vt 0.337549 0.744381
vt 0.313697 0.651534
vt 0.331796 0.652256
vt 0.815446 0.310137
vt 0.353269 0.658919
vt 0.382339 0.673319
vt 0.746426 0.329238
vt 0.711963 0.348996
vt 0.772774 0.390298
vt 0.677229 0.514771
vt 0.689446 0.520995
vt 0.789165 0.401690
vt 0.482320 0.864348
vt 0.460811 0.886876
vt 0.002722 0.511448
vt 0.000252 0.413226
vt 0.476310 0.754619
vt 0.944135 0.993932
vt 0.944546 0.989094
vt 0.454488 0.722914
vt 0.480515 0.751005
vt 0.478529 0.752968
vt 0.482631 0.749302
vt 0.439613 0.864101
vt 0.453688 0.859013
vt 0.453571 0.771992
vt 0.399742 0.711157
vt 0.358100 0.738900
vt 0.733349 0.011739
vt 0.744698 0.009653
vt 0.755562 0.090772
vt 0.743717 0.092067
vt 0.683017 0.018246
vt 0.693511 0.098460
vt 0.414434 0.803080
vt 0.681111 0.007245
vt 0.732250 0.000252
vt 0.671891 0.019132
vt 0.681612 0.100535
vt 0.745641 0.103824
vt 0.695135 0.110429
vn 0.010687 -0.788099 -0.615455
vn -0.165682 -0.772734 -0.612725
vn -0.154299 -0.759716 -0.631683
vn 0.012346 -0.763870 -0.645252
vn -0.141312 -0.765617 -0.627584
vn 0.007819 -0.763326 -0.645966
vn 0.166547 -0.758503 -0.630028
vn 0.178005 -0.773832 -0.607864
vn -0.104369 -0.772674 -0.626164
vn 0.005140 -0.769266 -0.638908
vn 0.146410 -0.763022 -0.629573
vn -0.077006 -0.780451 -0.620456
vn 0.004119 -0.781501 -0.623891
vn 0.107850 -0.771138 -0.627466
vn 0.082504 -0.780589 -0.619576
vn -0.081827 -0.813391 -0.575934
vn 0.003045 -0.819504 -0.573065
vn 0.087363 -0.814655 -0.573328
vn 0.001485 -0.753109 -0.657894
vn 0.002141 -0.712945 -0.701217
vn -0.364134 -0.646453 -0.670451
vn -0.357580 -0.683790 -0.636057
vn 0.358485 -0.684454 -0.634832
vn 0.365627 -0.646591 -0.669505
vn -0.138239 -0.864417 -0.483397
vn 0.002207 -0.880253 -0.474500
vn 0.137045 -0.869356 -0.474804
vn -0.000102 -0.921759 -0.387763
vn -0.150848 -0.909005 -0.388529
vn -0.309545 -0.838833 -0.447819
vn -0.318873 -0.865729 -0.385790
vn 0.133669 -0.912359 -0.386956
vn 0.302642 -0.873287 -0.381808
vn 0.314485 -0.845037 -0.432448
vn -0.000350 -0.933992 -0.357294
vn -0.181032 -0.914731 -0.361241
vn 0.174688 -0.914214 -0.365647
vn -0.368326 -0.854121 -0.367169
vn 0.360347 -0.852882 -0.377813
vn -0.000045 -0.913159 -0.407604
vn -0.254181 -0.869856 -0.422779
vn -0.474343 -0.768202 -0.429959
vn 0.250668 -0.871127 -0.422259
vn 0.463583 -0.770746 -0.437084
vn 0.000229 -0.873050 -0.487631
vn -0.319018 -0.800503 -0.507368
vn -0.561989 -0.634896 -0.530165
vn 0.316627 -0.800772 -0.508440
vn 0.556989 -0.632076 -0.538742
vn 0.001283 -0.816091 -0.577922
vn -0.337844 -0.740260 -0.581271
vn -0.565377 -0.559869 -0.605720
vn -0.544330 -0.541249 -0.640902
vn 0.338924 -0.739564 -0.581529
vn 0.564133 -0.560981 -0.605850
vn 0.542847 -0.543313 -0.640413
vn -0.641482 -0.650997 -0.405838
vn -0.718940 -0.492565 -0.490413
vn 0.729979 -0.465351 -0.500579
vn 0.657264 -0.625954 -0.419745
vn -0.840830 -0.486449 -0.237428
vn -0.663101 -0.712562 -0.229243
vn -0.669539 -0.733327 -0.118103
vn -0.860600 -0.490222 -0.138020
vn -0.849862 -0.475286 -0.227682
vn -0.869757 -0.480891 -0.110756
vn -0.993256 -0.083690 -0.080241
vn -0.977779 -0.086478 -0.190970
vn -0.960840 -0.156955 -0.228369
vn -0.994467 -0.093096 -0.048665
vn -0.972650 -0.045157 -0.227846
vn -0.990602 -0.096410 -0.097021
vn -0.800212 -0.493493 -0.340772
vn -0.933680 -0.164573 -0.318054
vn -0.851970 -0.320979 -0.413665
vn -0.830099 -0.407709 -0.380405
vn -0.903913 -0.291920 -0.312609
vn -0.751502 -0.564246 -0.341864
vn -0.537369 -0.762393 -0.360543
vn -0.724212 -0.586338 -0.362939
vn -0.672333 -0.657830 -0.339452
vn -0.497414 -0.788842 -0.360983
vn -0.683415 -0.675777 -0.276169
vn -0.734279 -0.654740 -0.179305
vn -0.515760 -0.767171 -0.381367
vn -0.660062 -0.685857 -0.306461
vn -0.698070 -0.653450 -0.292747
vn -0.913087 -0.393611 0.106502
vn -0.852771 -0.489246 -0.182810
vn -0.806080 -0.543215 -0.234846
vn -0.914524 -0.390692 -0.104909
vn -0.884092 -0.443244 -0.148039
vn -0.969211 -0.239641 0.056590
vn -0.964287 -0.257101 -0.063643
vn -0.928361 -0.360585 -0.090139
vn -0.977187 -0.211341 -0.020996
vn -0.972644 -0.230163 -0.031427
vn -0.948271 -0.312619 -0.055243
vn -0.988713 -0.149659 0.007037
vn -0.965637 -0.240982 0.097329
vn -0.993513 -0.113509 0.006901
vn 0.800065 -0.470005 -0.372815
vn 0.857172 -0.307139 -0.413427
vn 0.569212 -0.734560 -0.369350
vn 0.515564 -0.780814 -0.352880
vn 0.519899 -0.771927 -0.365833
vn 0.843068 -0.510200 -0.170097
vn 0.825364 -0.521592 -0.216137
vn 0.747949 -0.600776 -0.282206
vn 0.697274 -0.665428 -0.266486
vn 0.633084 -0.692439 -0.346025
vn 0.677015 -0.671764 -0.300639
vn 0.699823 -0.626587 -0.342982
vn 0.895915 -0.311421 -0.316786
vn 0.928738 -0.174898 -0.326890
vn 0.805414 -0.554895 -0.208329
vn 0.806585 -0.514521 -0.291015
vn 0.961313 -0.203683 -0.185446
vn 0.980652 -0.075671 -0.180542
vn 0.912993 -0.371576 -0.168447
vn 0.923849 -0.364391 -0.117144
vn 0.920783 -0.375959 -0.103987
vn 0.980005 -0.188043 -0.065042
vn 0.992601 -0.085881 -0.085834
vn 0.953905 -0.292621 -0.066623
vn 0.972347 -0.231734 -0.028997
vn 0.979394 -0.197965 -0.039956
vn 0.000239 -0.574479 -0.818519
vn -0.500833 -0.512434 -0.697551
vn 0.500800 -0.512779 -0.697321
vn -0.636474 -0.526257 -0.563875
vn -0.709052 -0.493082 -0.504098
vn 0.707440 -0.493951 -0.505511
vn 0.636746 -0.526572 -0.563274
vn -0.802455 -0.441930 -0.400954
vn 0.808450 -0.436713 -0.394577
vn -0.881205 -0.364384 -0.301168
vn 0.880545 -0.365242 -0.302056
vn 0.000089 -0.445327 -0.895368
vn -0.517566 -0.377408 -0.767912
vn 0.517586 -0.377520 -0.767843
vn -0.000025 -0.358578 -0.933500
vn -0.514053 -0.301942 -0.802857
vn 0.514055 -0.301998 -0.802835
vn 0.895823 -0.443734 0.024541
vn 0.891572 -0.439363 0.109816
vn 0.882728 -0.455340 0.116006
vn 0.888092 -0.459276 0.018931
vn -0.966231 -0.257447 0.010855
vn -0.961447 -0.263101 -0.079983
vn 0.961546 -0.262599 -0.080441
vn 0.966321 -0.256983 0.013527
vn 0.993148 -0.115811 0.015673
vn -0.870590 -0.485990 -0.076724
vn -0.887628 -0.460172 0.018912
vn -0.895849 -0.443681 0.024522
vn -0.878634 -0.472718 -0.067387
vn -0.892330 -0.449916 0.036379
vn -0.874644 -0.481862 -0.052986
vn 0.878634 -0.472717 -0.067387
vn 0.870773 -0.485642 -0.076847
vn 0.874678 -0.481799 -0.052987
vn 0.892358 -0.449860 0.036375
vn -0.847118 -0.508160 -0.155446
vn -0.843973 -0.517199 -0.142179
vn 0.844014 -0.517131 -0.142185
vn 0.847160 -0.508095 -0.155433
vn -0.934967 -0.283236 -0.213575
vn -0.834638 -0.525918 -0.163674
vn 0.935087 -0.283023 -0.213334
vn 0.834585 -0.526028 -0.163593
vn -0.779385 -0.569345 -0.261545
vn 0.779476 -0.569218 -0.261548
vn -0.803606 -0.530883 -0.269037
vn -0.807468 -0.528962 -0.261140
vn 0.807522 -0.528872 -0.261157
vn 0.803684 -0.530753 -0.269058
vn -0.727162 -0.584047 -0.360728
vn -0.765258 -0.520504 -0.378756
vn -0.776107 -0.495281 -0.390327
vn 0.727713 -0.583256 -0.360898
vn 0.765286 -0.520427 -0.378804
vn 0.776157 -0.495184 -0.390351
vn -0.677570 -0.579699 -0.452601
vn -0.722974 -0.493648 -0.483342
vn -0.734387 -0.448032 -0.509846
vn 0.677606 -0.578947 -0.453509
vn 0.722925 -0.493698 -0.483365
vn 0.734429 -0.447929 -0.509876
vn -0.612137 -0.570738 -0.547308
vn 0.611966 -0.570865 -0.547366
vn -0.657445 -0.457839 -0.598456
vn -0.660519 -0.403420 -0.633219
vn 0.660555 -0.403309 -0.633252
vn 0.657330 -0.458035 -0.598433
vn -0.560755 -0.320916 -0.763261
vn -0.571058 -0.390768 -0.721937
vn 0.571009 -0.390954 -0.721875
vn 0.560825 -0.320863 -0.763231
vn -0.572212 -0.547729 -0.610382
vn -0.602590 -0.427252 -0.674048
vn -0.596964 -0.362810 -0.715544
vn 0.602544 -0.427509 -0.673927
vn 0.572273 -0.547776 -0.610283
vn 0.597010 -0.362691 -0.715566
vn -0.594569 -0.552556 -0.584097
vn 0.593790 -0.553377 -0.584112
vn -0.523099 -0.598298 -0.606965
vn -0.551834 -0.518266 -0.653360
vn 0.521656 -0.600069 -0.606458
vn 0.551704 -0.518442 -0.653330
vn -0.990096 -0.069318 0.122086
vn -0.966427 -0.225678 0.122835
vn 0.966057 -0.229341 0.118900
vn 0.989945 -0.073177 0.121054
vn -0.882562 -0.455708 0.115826
vn -0.954552 -0.192566 0.227482
vn -0.979556 0.012680 0.200774
vn 0.978343 0.022052 0.205811
vn 0.953583 -0.195054 0.229421
vn -0.937768 -0.155047 0.310729
vn -0.958506 0.105425 0.264864
vn 0.958464 0.105634 0.264932
vn 0.937656 -0.155819 0.310680
vn -0.896394 -0.051152 0.440297
vn -0.901513 0.184790 0.391315
vn -0.807173 0.207176 0.552767
vn -0.812977 -0.058301 0.579371
vn 0.901463 0.184722 0.391461
vn 0.896304 -0.051741 0.440411
vn 0.812970 -0.059092 0.579300
vn 0.807204 0.207031 0.552775
vn -0.603781 -0.118030 0.788364
vn -0.583517 0.214086 0.783374
vn 0.583981 0.213813 0.783103
vn 0.604061 -0.118321 0.788105
vn -0.466717 -0.171977 0.867525
vn -0.431371 0.171306 0.885762
vn 0.433870 0.172259 0.884355
vn 0.469300 -0.168772 0.866760
vn -0.269359 -0.341809 0.900340
vn -0.249619 0.016899 0.968197
vn 0.246562 0.021080 0.968898
vn 0.267972 -0.336203 0.902861
vn -0.127251 -0.463470 0.876928
vn -0.113763 -0.127921 0.985238
vn 0.007546 -0.207548 0.978196
vn 0.006935 -0.545268 0.838233
vn 0.110304 -0.122436 0.986328
vn 0.124635 -0.463347 0.877369
vn -0.891629 -0.439247 0.109824
vn -0.891353 -0.439497 0.111052
vn 0.891397 -0.439399 0.111087
vn -0.845728 -0.495961 0.196895
vn -0.866631 -0.464346 0.182578
vn -0.878708 -0.443591 0.176348
vn 0.845465 -0.496505 0.196651
vn 0.866615 -0.464463 0.182350
vn 0.878882 -0.443277 0.176273
vn -0.790603 -0.548946 0.271304
vn 0.790224 -0.549550 0.271185
vn -0.851455 -0.451165 0.267349
vn -0.820639 -0.506243 0.265084
vn 0.820518 -0.506461 0.265043
vn 0.851691 -0.450712 0.267359
vn -0.707395 -0.592415 0.385535
vn -0.740403 -0.542546 0.396796
vn -0.791025 -0.436833 0.428319
vn 0.706985 -0.592908 0.385529
vn 0.740230 -0.542630 0.397004
vn 0.791020 -0.436535 0.428632
vn -0.633605 -0.620062 0.462674
vn 0.633397 -0.620359 0.462561
vn -0.728593 -0.412378 0.546897
vn -0.665718 -0.555140 0.498637
vn 0.665607 -0.555082 0.498850
vn 0.728565 -0.412199 0.547070
vn -0.460432 -0.686995 0.562175
vn -0.536182 -0.575806 0.617216
vn -0.599177 -0.352636 0.718773
vn 0.460376 -0.686846 0.562403
vn 0.536070 -0.575772 0.617345
vn 0.599217 -0.352769 0.718675
vn -0.340558 -0.721611 0.602741
vn 0.340704 -0.721361 0.602959
vn -0.498608 -0.307253 0.810547
vn -0.424702 -0.590401 0.686334
vn 0.424673 -0.590441 0.686318
vn 0.498495 -0.307529 0.810512
vn -0.215940 -0.761231 0.611471
vn -0.288293 -0.599569 0.746595
vn -0.341642 -0.268163 0.900761
vn 0.215343 -0.761773 0.611007
vn 0.288372 -0.599490 0.746628
vn 0.341546 -0.268307 0.900754
vn -0.123986 -0.783497 0.608900
vn 0.123766 -0.784504 0.607647
vn -0.191015 -0.248967 0.949489
vn -0.171398 -0.610620 0.773154
vn 0.171689 -0.610497 0.773186
vn 0.191261 -0.248971 0.949438
vn 0.001000 -0.796847 0.604180
vn 0.000167 -0.593620 0.804745
vn 0.000268 -0.209662 0.977774
vn -0.812660 0.131188 0.567780
vn -0.597476 0.123470 0.792324
vn -0.409051 0.066619 0.910076
vn 0.597750 0.123437 0.792123
vn 0.812526 0.131735 0.567845
vn 0.409850 0.066138 0.909752
vn -0.607465 0.003297 0.794340
vn -0.381372 -0.018856 0.924230
vn 0.381779 -0.019064 0.924057
vn 0.607469 0.003094 0.794338
vn -0.802275 0.045080 0.595250
vn 0.802167 0.045157 0.595390
vn -0.629983 -0.108917 0.768934
vn -0.338119 -0.116769 0.933831
vn 0.338444 -0.116846 0.933704
vn 0.630020 -0.109043 0.768885
vn -0.830060 -0.067242 0.553605
vn 0.830055 -0.067655 0.553563
vn -0.640146 -0.138826 0.755606
vn -0.314897 -0.190548 0.929802
vn 0.315019 -0.190532 0.929764
vn 0.640204 -0.138686 0.755582
vn -0.542393 -0.258940 0.799225
vn -0.250229 -0.272917 0.928925
vn 0.250269 -0.272453 0.929051
vn 0.540647 -0.253917 0.802014
vn -0.910222 -0.094575 0.403178
vn -0.810742 -0.172126 0.559526
vn 0.910404 -0.091645 0.403443
vn 0.810810 -0.164238 0.561795
vn 0.001109 -0.536052 0.844184
vn 0.062477 -0.485888 0.871785
vn -0.042640 -0.208780 0.977033
vn -0.088727 -0.415103 0.905437
vn -0.071860 -0.489106 0.869259
vn 0.087246 -0.422193 0.902298
vn 0.047776 -0.216017 0.975220
vn 0.069695 -0.117385 0.990638
vn -0.068525 -0.118378 0.990601
vn 0.058908 -0.060433 0.996433
vn -0.058292 -0.060739 0.996450
vn -0.041769 -0.055039 0.997610
vn 0.042153 -0.055183 0.997586
vn -0.094033 -0.113053 0.989129
vn 0.094444 -0.113380 0.989053
vn -0.094399 -0.166065 0.981586
vn 0.094719 -0.166022 0.981563
vn -0.029404 -0.920305 0.390096
vn 0.087078 -0.843878 0.529422
vn -0.087615 -0.845784 0.526282
vn 0.025931 -0.919682 0.391807
vn -0.002861 -0.949311 0.314327
vn 0.374368 -0.523488 0.765382
vn -0.373617 -0.528603 0.762226
vn -0.508058 -0.181847 0.841908
vn 0.507723 -0.181113 0.842268
vn -0.470607 0.039949 0.881438
vn 0.470559 0.040073 0.881458
vn -0.337161 0.197026 0.920599
vn 0.337252 0.197024 0.920567
vn -0.179049 0.230387 0.956485
vn 0.179257 0.230550 0.956407
vn -0.063345 0.233747 0.970232
vn -0.017417 0.208328 0.977904
vn 0.014445 -0.080071 0.996685
vn 0.063529 0.233815 0.970203
vn -0.014211 -0.079932 0.996699
vn 0.017567 0.208443 0.977877
vn 0.000068 0.331122 0.943588
vn 0.000054 -0.065605 0.997846
vn 0.075668 0.482284 0.872741
vn 0.213687 0.450505 0.866824
vn -0.213489 0.450508 0.866871
vn -0.075510 0.482294 0.872749
vn 0.000066 0.544267 0.838912
vn 0.356334 0.408941 0.840115
vn -0.356085 0.409327 0.840033
vn 0.522040 0.234285 0.820113
vn -0.522058 0.234772 0.819962
vn 0.000154 0.536018 0.844207
vn 0.179304 0.511860 0.840148
vn -0.179003 0.512125 0.840051
vn 0.666668 -0.126100 0.734610
vn -0.667434 -0.125563 0.734007
vn 0.548019 -0.632818 0.547007
vn -0.548815 -0.634589 0.544150
vn 0.037114 -0.996747 -0.071536
vn 0.213973 -0.957312 0.194343
vn -0.213250 -0.958742 0.187986
vn -0.038538 -0.996286 -0.077004
vn -0.000964 -0.999416 0.034167
vn 0.182765 -0.954021 0.237572
vn -0.182532 -0.954513 0.235770
vn 0.000159 -0.820599 0.571504
vn 0.127238 -0.785601 0.605510
vn -0.126822 -0.785121 0.606219
vn 0.468684 -0.528509 0.707823
vn 0.000219 -0.057290 0.998358
vn 0.225224 -0.150314 0.962642
vn -0.468374 -0.529192 0.707518
vn -0.224647 -0.150296 0.962780
vn 0.553319 -0.067331 0.830244
vn -0.553305 -0.066251 0.830340
vn 0.273278 0.286300 0.918342
vn 0.000245 0.330638 0.943758
vn -0.272985 0.286649 0.918320
vn -0.969789 -0.080050 0.230439
vn -0.969624 -0.164064 0.181416
vn 0.969773 -0.079705 0.230624
vn 0.969383 -0.159421 0.186766
vn -0.979837 -0.166794 0.109998
vn 0.961494 -0.272227 0.037708
vn 0.944012 -0.329649 -0.013134
vn 0.918570 -0.390698 -0.059864
vn -0.856825 -0.514471 -0.034211
vn -0.848444 -0.525916 0.059621
vn 0.872138 -0.478996 -0.099692
vn -0.831105 -0.542854 -0.120723
vn 0.826204 -0.550207 -0.121077
vn -0.760422 -0.614865 -0.209045
vn 0.742169 -0.647323 -0.173658
vn -0.647098 -0.701732 -0.298056
vn 0.617811 -0.738486 -0.270088
vn -0.521649 -0.768723 -0.370066
vn 0.495442 -0.786558 -0.368597
vn -0.348958 -0.816826 -0.459373
vn 0.356489 -0.814024 -0.458564
vn -0.223779 -0.827658 -0.514689
vn 0.230709 -0.826159 -0.514037
vn -0.159423 -0.813203 -0.559718
vn 0.162739 -0.814226 -0.557271
vn -0.165040 -0.771255 -0.614758
vn 0.172146 -0.770109 -0.614246
vn -0.236368 -0.731393 -0.639683
vn 0.246906 -0.722606 -0.645661
vn -0.284719 -0.720634 -0.632157
vn 0.299533 -0.710599 -0.636654
vn -0.298220 -0.721160 -0.625295
vn 0.315273 -0.715175 -0.623801
vn -0.304900 -0.732626 -0.608519
vn 0.321655 -0.734507 -0.597526
vn -0.925571 0.073056 0.371459
vn 0.925496 0.073324 0.371594
vn -0.907092 0.095433 0.409971
vn 0.907145 0.096055 0.409710
vn -0.946929 0.012839 0.321187
vn 0.947018 0.012453 0.320939
vn -0.979471 0.011461 0.201261
vn 0.979431 0.011762 0.201435
vn -0.395440 -0.721883 -0.567901
vn -0.240958 -0.807233 -0.538809
vn 0.244764 -0.810818 -0.531663
vn 0.405042 -0.719811 -0.563749
vn -0.892021 -0.442156 0.093787
vn -0.917941 -0.381619 0.108404
vn -0.972961 -0.208301 0.099787
vn -0.671140 -0.731280 0.121660
vn -0.656106 -0.741792 0.138814
vn 0.649578 -0.748453 0.133664
vn 0.670140 -0.732191 0.121692
vn -0.675057 -0.718279 0.168442
vn 0.676109 -0.689971 0.258489
vn 0.765717 -0.597434 0.238221
vn 0.600121 -0.747456 0.284894
vn -0.409744 -0.825362 0.388442
vn -0.531988 -0.790079 0.304573
vn 0.553324 -0.776316 0.301938
vn -0.579914 -0.775919 0.248294
vn 0.536544 -0.791514 0.292621
vn -0.520707 -0.811278 0.265878
vn 0.511395 -0.818521 0.261723
vn -0.421163 -0.849495 0.317774
vn 0.450418 -0.850886 0.270400
vn -0.365803 -0.884639 0.289139
vn 0.375371 -0.886981 0.269002
vn -0.318129 -0.935214 0.155463
vn 0.317550 -0.935151 0.157019
vn -0.305773 -0.952085 0.006175
vn 0.306076 -0.951985 0.006452
vn -0.429381 -0.857271 -0.284110
vn 0.430622 -0.857067 -0.282844
vn -0.538840 -0.559906 -0.629410
vn 0.538603 -0.560427 -0.629148
vn -0.585330 -0.327811 -0.741572
vn 0.585468 -0.327607 -0.741553
vn -0.689141 -0.276137 -0.669950
vn 0.690184 -0.274627 -0.669497
vn -0.739533 -0.324506 -0.589735
vn 0.744919 -0.321450 -0.584607
vn -0.677184 -0.406215 -0.613524
vn 0.689990 -0.392769 -0.607985
vn -0.732648 -0.679769 0.033777
vn 0.731454 -0.681073 0.033384
vn -0.935591 -0.183961 -0.301378
vn 0.933883 -0.186177 -0.305289
vn -0.785179 0.573742 -0.233052
vn 0.783447 0.575226 -0.235216
vn -0.740622 0.628885 -0.236607
vn 0.739704 0.629853 -0.236903
vn -0.786892 0.565127 -0.247857
vn -0.991452 -0.050559 0.120275
vn 0.991601 -0.046748 0.120590
vn 0.786418 0.565708 -0.248036
vn -0.826973 0.493137 -0.270058
vn -0.994621 -0.080560 0.065106
vn 0.995012 -0.077330 0.063013
vn 0.826809 0.493228 -0.270396
vn -0.812094 0.485086 -0.324338
vn -0.995690 -0.092587 -0.005306
vn 0.995775 -0.091505 -0.007669
vn 0.812468 0.484523 -0.324244
vn -0.783628 0.480526 -0.393728
vn -0.986270 -0.131337 -0.100113
vn 0.985799 -0.134420 -0.100660
vn 0.784090 0.479997 -0.393454
vn -0.771476 0.437470 -0.462001
vn -0.961167 -0.200822 -0.189286
vn 0.961246 -0.202423 -0.187166
vn 0.771477 0.437478 -0.461992
vn -0.750975 0.392519 -0.531003
vn -0.925338 -0.269398 -0.266785
vn 0.923364 -0.276665 -0.266189
vn 0.755852 0.389331 -0.526412
vn -0.750887 0.288175 -0.594242
vn -0.871465 -0.354266 -0.339183
vn 0.866760 -0.369110 -0.335388
vn 0.758151 0.274505 -0.591484
vn -0.733624 0.144951 -0.663916
vn -0.783875 -0.464114 -0.412478
vn 0.783764 -0.467358 -0.409011
vn 0.736897 0.132951 -0.662802
vn -0.663805 0.022769 -0.747559
vn -0.665957 -0.568452 -0.483077
vn 0.667591 -0.560312 -0.490277
vn 0.663413 0.017463 -0.748050
vn -0.603831 -0.115900 -0.788642
vn -0.521644 -0.665428 -0.533941
vn 0.516366 -0.661470 -0.543897
vn 0.598309 -0.111134 -0.793521
vn -0.618854 -0.265399 -0.739312
vn 0.621577 -0.248681 -0.742832
vn -0.394284 -0.833070 0.387989
vn -0.439563 -0.815316 0.376887
vn -0.574410 -0.746028 0.336890
vn -0.650471 -0.707518 0.276235
vn 0.572930 -0.802713 -0.165539
vn 0.351991 -0.911453 0.212971
vn 0.858413 0.027549 -0.512218
vn 0.881644 0.029111 -0.471017
vn 0.491460 -0.868074 -0.070100
vn 0.715417 -0.300209 -0.630914
vn -0.853474 0.036110 -0.519882
vn -0.721217 0.124773 -0.681380
vn 0.723715 0.117001 -0.680108
vn -0.716466 -0.297852 -0.630842
vn -0.491961 -0.867744 -0.070678
vn -0.593978 0.705676 -0.386280
vn 0.594688 0.704956 -0.386501
vn -0.350608 -0.911531 0.214909
vn -0.573128 -0.803287 -0.162035
vn -0.707846 -0.554973 -0.436988
vn 0.707396 -0.554557 -0.438244
vn -0.774390 -0.149652 -0.614756
vn 0.774774 -0.150192 -0.614140
vn -0.605181 -0.791902 -0.081531
vn 0.605845 -0.791268 -0.082749
vn -0.285532 -0.883752 0.370749
vn 0.285651 -0.883566 0.371099
vn -0.296818 -0.825703 0.479703
vn 0.297238 -0.825220 0.480272
vn -0.267212 -0.785124 0.558729
vn 0.272242 -0.787249 0.553284
vn -0.214140 -0.798939 0.561998
vn 0.216568 -0.799568 0.560170
vn -0.204275 -0.810621 0.548786
vn 0.203755 -0.811111 0.548254
vn -0.210927 -0.834475 0.509079
vn 0.216566 -0.837456 0.501763
vn -0.220081 -0.856934 0.466077
vn 0.239879 -0.853335 0.462901
vn -0.241122 -0.870497 0.429062
vn -0.302027 -0.870734 0.388075
vn -0.339051 -0.860900 0.379335
vn -0.361679 -0.875710 0.319875
vn -0.407654 -0.898705 0.161703
vn -0.434532 -0.894559 0.104624
vn -0.445102 -0.892139 0.077278
vn 0.446485 -0.889189 0.099968
vn 0.445002 -0.892162 0.077594
vn -0.956450 0.055406 -0.286591
vn 0.957149 0.053839 -0.284549
vn -0.880263 0.032015 -0.473405
vn -0.829571 0.001863 -0.558398
vn 0.829705 0.001150 -0.558201
vn -0.786910 -0.088722 -0.610657
vn 0.787126 -0.094714 -0.609477
vn -0.562612 0.242381 -0.790392
vn 0.559662 0.231854 -0.795627
vn -0.559570 0.362812 -0.745150
vn 0.561202 0.357614 -0.746435
vn -0.569659 0.478405 -0.668294
vn 0.569647 0.476433 -0.669712
vn -0.562975 0.564626 -0.603536
vn 0.562234 0.564985 -0.603892
vn -0.548722 0.625160 -0.555049
vn 0.550812 0.626884 -0.551020
vn -0.544433 0.663357 -0.513372
vn 0.544857 0.663019 -0.513359
vn -0.554990 0.685175 -0.471722
vn 0.554916 0.685298 -0.471630
vn -0.556886 0.710419 -0.430329
vn 0.557293 0.709954 -0.430569
vn -0.554559 0.726916 -0.405040
vn 0.555998 0.726031 -0.404654
vn -0.567186 0.737358 -0.366882
vn 0.568501 0.736800 -0.365968
vn -0.562636 0.757961 -0.330055
vn 0.563271 0.757771 -0.329407
vn -0.769319 -0.455362 -0.448101
vn 0.769381 -0.455448 -0.447906
vn -0.436626 -0.894680 0.094371
vn 0.437745 -0.894264 0.093120
vn -0.841484 -0.148408 -0.519500
vn 0.841508 -0.148755 -0.519362
vn -0.687154 -0.141981 -0.712504
vn 0.683639 -0.146071 -0.715053
vn -0.671880 -0.537836 -0.509224
vn 0.671509 -0.537669 -0.509890
vn -0.837219 0.515833 -0.181606
vn -0.869505 0.457082 -0.187180
vn 0.837846 0.515093 -0.180815
vn 0.869625 0.457145 -0.186470
vn -0.720843 -0.685424 0.102856
vn 0.720932 -0.685295 0.103091
vn -0.988305 -0.086485 0.125590
vn 0.988275 -0.086673 0.125700
vn -0.885641 0.407266 -0.223101
vn 0.885933 0.406719 -0.222942
vn -0.876020 0.400259 -0.269038
vn 0.876375 0.399307 -0.269297
vn -0.875742 0.352566 -0.329808
vn 0.876112 0.352111 -0.329310
vn -0.875966 0.283558 -0.390228
vn 0.876307 0.282939 -0.389913
vn -0.880761 0.194251 -0.431887
vn 0.881085 0.197224 -0.429875
vn -0.861352 0.118950 -0.493887
vn 0.859610 0.123392 -0.495827
vn -0.800307 0.051871 -0.597343
vn 0.799341 0.054649 -0.598388
vn -0.732111 -0.085493 -0.675799
vn 0.731770 -0.085355 -0.676186
vn -0.599700 -0.753242 -0.270161
vn 0.599838 -0.753035 -0.270431
vn -0.467228 -0.875882 0.120531
vn -0.554471 -0.812585 0.179629
vn 0.550313 -0.813417 0.188435
vn 0.466189 -0.876035 0.123416
vn -0.603658 -0.785055 0.138876
vn 0.601605 -0.786035 0.142197
vn -0.722836 -0.640272 -0.259923
vn 0.722785 -0.640413 -0.259718
vn -0.646836 -0.749096 0.143031
vn 0.646132 -0.749707 0.143012
vn -0.686933 -0.704241 0.179354
vn 0.680220 -0.709391 0.184569
vn -0.710099 -0.678828 0.186954
vn 0.692189 -0.692658 0.202731
vn -0.748875 -0.493067 -0.442800
vn 0.749598 -0.491757 -0.443032
vn -0.854636 -0.403096 -0.327279
vn -0.843404 -0.499698 -0.197412
vn 0.854798 -0.402003 -0.328200
vn 0.843307 -0.499917 -0.197272
vn -0.915950 -0.328696 -0.230206
vn -0.908465 -0.395713 -0.134547
vn 0.916205 -0.327675 -0.230645
vn 0.908289 -0.396169 -0.134390
vn -0.948367 -0.268178 -0.169354
vn 0.948546 -0.267604 -0.169261
vn -0.940030 -0.328883 -0.090444
vn 0.940029 -0.328969 -0.090135
vn -0.786959 -0.578546 0.214430
vn -0.837095 -0.531929 0.127767
vn -0.738893 -0.644671 0.196051
vn -0.801304 -0.567483 0.189408
vn -0.815768 -0.536325 0.216515
vn -0.970659 -0.210999 -0.115324
vn -0.959675 -0.277898 -0.042382
vn 0.970742 -0.210686 -0.115200
vn 0.959680 -0.277924 -0.042094
vn -0.986062 -0.160012 -0.045584
vn -0.976861 -0.213276 0.016010
vn 0.986092 -0.159833 -0.045554
vn 0.976768 -0.213705 0.015921
vn -0.992488 -0.119983 0.023913
vn -0.981409 -0.181902 0.061218
vn 0.992517 -0.119869 0.023260
vn 0.981340 -0.182294 0.061156
vn 0.727623 -0.643584 0.237411
vn 0.767984 -0.590051 0.249080
vn -0.990965 -0.116145 0.067078
vn 0.991034 -0.115730 0.066763
vn 0.853745 -0.503512 0.132648
vn -0.802789 -0.581294 0.132764
vn -0.990207 -0.097893 0.099535
vn 0.812187 -0.568492 0.131028
vn 0.990251 -0.097432 0.099551
vn 0.261750 -0.863404 0.431302
vn 0.310070 -0.868012 0.387828
vn 0.704260 -0.677293 0.212819
vn 0.990903 -0.134575 -0.001076
vn 0.979062 -0.171461 0.109724
vn 0.985702 -0.166435 -0.026275
vn 0.981798 -0.189140 0.017307
vn 0.990656 -0.121029 0.062870
vn 0.954101 -0.280745 0.104275
vn 0.972611 -0.206598 0.106517
vn 0.645078 -0.745038 0.169685
vn 0.730644 -0.628501 0.266733
vn 0.605057 -0.752346 0.260541
vn 0.422288 -0.895948 0.137659
vn 0.351901 -0.854022 0.383160
vn 0.357740 -0.881505 0.308173
vn 0.780712 -0.586336 0.216099
vn 0.000161 -0.367165 0.930156
vn 0.025468 -0.342210 0.939278
vn -0.025129 -0.342126 0.939318
vn 0.004029 -0.829169 -0.558983
vn -0.440398 -0.767558 -0.465730
vn 0.438966 -0.771617 -0.460344
vn -0.609894 -0.690067 -0.389662
vn 0.597112 -0.699122 -0.393301
vn -0.729905 -0.598073 -0.330978
vn 0.712674 -0.613072 -0.340938
vn -0.820148 -0.503045 -0.272585
vn 0.808084 -0.517807 -0.280849
vn -0.892570 -0.401046 -0.206109
vn 0.889728 -0.405039 -0.210541
vn -0.938926 -0.320848 -0.124394
vn 0.938656 -0.320544 -0.127188
vn -0.860907 -0.480189 -0.168098
vn -0.884750 -0.456148 -0.095643
vn 0.890205 -0.444063 -0.101703
vn 0.860121 -0.479618 -0.173665
vn 0.001299 -0.900696 -0.434449
vn 0.000005 -0.974183 -0.225762
vn -0.235329 -0.946959 -0.218837
vn -0.220162 -0.882219 -0.416196
vn -0.427200 -0.831795 -0.354426
vn -0.583800 -0.760892 -0.283233
vn 0.431024 -0.832679 -0.347654
vn 0.587439 -0.760218 -0.277462
vn -0.787377 -0.581612 -0.204363
vn -0.700355 -0.671817 -0.241173
vn 0.700149 -0.671169 -0.243565
vn 0.786325 -0.581520 -0.208634
vn -0.782501 -0.613074 -0.108777
vn 0.788524 -0.604497 -0.113195
vn -0.679261 -0.721442 -0.134635
vn 0.681378 -0.720639 -0.128078
vn -0.420128 -0.888304 -0.185494
vn -0.556323 -0.816594 -0.153878
vn 0.421122 -0.888263 -0.183424
vn 0.558668 -0.816376 -0.146358
vn -0.384949 -0.922059 -0.040267
vn -0.214934 -0.974849 -0.058935
vn -0.512849 -0.857770 -0.034868
vn -0.649863 -0.759150 -0.037010
vn 0.387633 -0.920999 -0.038762
vn 0.521583 -0.852786 -0.026620
vn 0.659727 -0.750794 -0.032692
vn -0.785959 -0.617970 -0.019551
vn 0.801299 -0.596691 -0.043346
vn -0.966452 -0.255084 -0.030041
vn -0.904805 -0.425825 -0.001315
vn 0.967846 -0.248921 -0.036218
vn 0.920524 -0.389825 -0.025918
vn -0.974904 -0.211282 0.070151
vn 0.981980 -0.184776 0.039666
vn -0.966285 -0.208031 0.151711
vn 0.984559 -0.138390 0.107202
vn 0.222304 -0.882821 -0.413772
vn 0.234716 -0.947568 -0.216850
vn -0.000717 -0.997349 -0.072768
vn 0.217758 -0.974187 -0.059511
vn -0.199601 -0.978618 0.049658
vn 0.001381 -0.998880 0.047288
vn 0.205104 -0.977275 0.053527
vn 0.074135 -0.370648 0.925810
vn -0.077428 -0.377965 0.922577
vn 0.961593 -0.125900 0.243900
vn -0.947058 -0.207109 0.245330
vn 0.162784 -0.393075 0.904983
vn -0.182207 -0.435076 0.881765
vn 0.442984 -0.415513 0.794427
vn -0.459465 -0.540544 0.704772
vn 0.802560 -0.287765 0.522579
vn -0.788250 -0.429360 0.440808
vn 0.918472 -0.388911 0.071814
vn -0.213713 -0.950140 0.227070
vn 0.009481 -0.978559 0.205748
vn -0.380101 -0.921312 0.081898
vn -0.497831 -0.862946 0.086537
vn -0.623149 -0.775744 0.099536
vn -0.764067 -0.633286 0.123088
vn -0.892592 -0.418885 0.166775
vn -0.877662 -0.400475 0.263305
vn -0.688371 -0.606740 0.397507
vn -0.441234 -0.649267 0.619488
vn -0.829087 -0.469306 0.303918
vn -0.385612 -0.895787 0.221064
vn -0.527942 -0.765061 0.368726
vn -0.524351 -0.771997 0.359272
vn -0.569464 -0.725731 0.386040
vn -0.640319 -0.659030 0.394553
vn -0.686462 -0.599015 0.412251
vn -0.665518 -0.622845 0.411279
vn -0.472167 -0.779516 0.411598
vn -0.547519 -0.764785 0.339599
vn -0.625562 -0.695776 0.352942
vn -0.539908 -0.735773 0.408825
vn -0.490178 -0.748669 0.446342
vn -0.180785 -0.882997 0.433167
vn -0.435775 -0.752230 0.494218
vn -0.177399 -0.761571 0.623329
vn -0.434878 -0.718375 0.542972
vn -0.589624 -0.639403 0.493465
vn -0.591737 -0.638020 0.492726
vn -0.535249 -0.669734 0.514746
vn -0.551759 -0.659250 0.510834
vn -0.546437 -0.668422 0.504598
vn -0.536902 -0.670172 0.512451
vn -0.525676 -0.755701 0.390617
vn -0.540909 -0.740402 0.399027
vn -0.588545 -0.646367 0.485617
vn -0.579642 -0.662399 0.474598
vn -0.568975 -0.656752 0.494918
vn -0.541129 -0.701809 0.463296
vn -0.507591 -0.775570 0.375292
vn -0.558474 -0.687398 0.464317
vn -0.527146 -0.748710 0.401932
vn -0.571763 -0.687268 0.448050
vn -0.534497 -0.731543 0.423270
vn -0.441611 -0.712246 0.545605
vn -0.179302 -0.686552 0.704626
vn -0.426633 -0.746340 0.510843
vn -0.192760 -0.529119 0.826364
vn 0.000281 -0.455754 0.890106
vn -0.157915 -0.602055 0.782683
vn -0.412557 -0.715912 0.563264
vn 0.015139 -0.566892 0.823653
vn 0.374404 -0.924592 0.070366
vn 0.522007 -0.851023 0.057163
vn 0.682023 -0.728768 0.061166
vn 0.812722 -0.581495 0.036693
vn 0.956515 -0.265381 0.121046
vn 0.937360 -0.210273 0.277742
vn 0.888018 -0.360175 0.285830
vn 0.860767 -0.472084 0.190310
vn 0.035624 -0.667462 0.743792
vn 0.046607 -0.768822 0.637762
vn 0.776751 -0.613892 0.140694
vn 0.035773 -0.892833 0.448965
vn 0.551942 -0.823751 0.129595
vn 0.383153 -0.907573 0.171771
vn 0.201096 -0.956031 0.213461
vn 0.200958 -0.886903 0.415956
vn 0.375386 -0.859565 0.346747
vn 0.532726 -0.815469 0.226306
vn 0.613755 -0.730931 0.298404
vn 0.646596 -0.656783 0.388009
vn 0.364109 -0.796941 0.481985
vn 0.739641 -0.379862 0.555550
vn 0.685777 -0.525855 0.503175
vn 0.401445 -0.492250 0.772355
vn 0.395551 -0.721905 0.567796
vn 0.395078 -0.622467 0.675610
vn 0.138639 -0.474821 0.869094
vn 0.154804 -0.612221 0.775384
vn 0.175511 -0.714007 0.677783
vn 0.173198 -0.795429 0.580771
vn -0.000075 -0.257026 -0.966405
vn 0.483836 -0.128036 -0.865742
vn -0.484264 -0.127065 -0.865646
vn -0.920429 -0.373933 0.113947
vn -0.913986 -0.403995 0.037646
vn 0.914376 -0.403113 0.037624
vn 0.920673 -0.373311 0.114023
vn -0.893997 -0.445311 -0.049678
vn 0.894489 -0.444317 -0.049712
vn -0.873384 -0.467761 -0.135646
vn 0.873813 -0.466943 -0.135699
vn -0.847675 -0.451810 -0.278055
vn 0.847994 -0.451162 -0.278136
vn -0.812204 -0.401730 -0.423010
vn 0.812438 -0.401173 -0.423090
vn -0.760346 -0.353255 -0.545056
vn 0.760458 -0.352944 -0.545100
vn -0.671909 -0.297788 -0.678130
vn 0.671921 -0.297696 -0.678159
vn -0.600808 -0.233711 -0.764466
vn 0.600846 -0.233729 -0.764431
vn -0.556558 -0.194237 -0.807785
vn 0.556668 -0.194914 -0.807546
vn -0.918351 -0.345995 0.192143
vn 0.918604 -0.345298 0.192190
vn -0.894307 -0.329751 0.302455
vn 0.894608 -0.328907 0.302485
vn -0.832631 -0.281316 0.477061
vn 0.832738 -0.280503 0.477352
vn -0.753695 -0.238254 0.612518
vn 0.753795 -0.237565 0.612663
vn -0.628343 -0.178112 0.757272
vn 0.628600 -0.177261 0.757259
vn -0.513903 -0.112874 0.850390
vn 0.513934 -0.112022 0.850484
vn -0.340242 -0.061049 0.938354
vn 0.340181 -0.060540 0.938409
vn -0.192894 -0.034803 0.980602
vn 0.193071 -0.034690 0.980571
vn 0.000317 0.006279 0.999980
vn 0.001064 0.437134 -0.899396
vn 0.001997 0.794595 -0.607136
vn -0.370455 0.579269 -0.726093
vn -0.976898 0.212130 0.025908
vn -0.985372 0.106230 0.133260
vn 0.985273 0.107108 0.133284
vn 0.977203 0.210730 0.025846
vn -0.988517 0.147350 -0.033504
vn 0.988568 0.146996 -0.033537
vn -0.984176 0.085631 -0.155132
vn 0.984080 0.086857 -0.155056
vn -0.941248 0.153623 -0.300752
vn 0.941011 0.155270 -0.300648
vn -0.878080 0.159710 -0.451075
vn 0.877917 0.161295 -0.450827
vn -0.800185 0.166706 -0.576119
vn 0.800328 0.166681 -0.575928
vn -0.674776 0.296564 -0.675816
vn 0.674359 0.298031 -0.675586
vn -0.524948 0.482203 -0.701362
vn 0.522651 0.489254 -0.698188
vn -0.458517 0.516664 -0.723064
vn 0.458915 0.517826 -0.721979
vn 0.372665 0.574388 -0.728834
vn -0.947994 0.222439 0.227658
vn 0.948178 0.221820 0.227495
vn -0.881437 0.313390 0.353349
vn 0.881962 0.311721 0.353516
vn -0.796994 0.346478 0.494725
vn 0.796303 0.348081 0.494713
vn -0.729089 0.327058 0.601218
vn 0.728273 0.330148 0.600517
vn -0.597768 0.238880 0.765251
vn 0.597299 0.242418 0.764504
vn -0.495609 0.219358 0.840389
vn 0.495344 0.222630 0.839685
vn -0.323299 0.230772 0.917727
vn 0.323361 0.232786 0.917196
vn -0.161152 0.217481 0.962669
vn 0.161530 0.218416 0.962394
vn 0.000378 0.205334 0.978692
vn -0.002115 0.969132 -0.246533
vn -0.148841 0.925696 -0.347755
vn -0.652179 0.757748 0.021946
vn -0.832118 0.541222 0.121073
vn 0.833194 0.539526 0.121241
vn 0.652711 0.757286 0.022040
vn -0.648790 0.758823 -0.057091
vn 0.649832 0.757926 -0.057162
vn -0.675868 0.729449 -0.105384
vn 0.676545 0.728810 -0.105466
vn -0.685677 0.699462 -0.201492
vn 0.685107 0.700062 -0.201349
vn -0.702282 0.624331 -0.342069
vn 0.701580 0.625385 -0.341583
vn -0.645708 0.612192 -0.456379
vn 0.645580 0.612901 -0.455608
vn -0.475385 0.735298 -0.483058
vn 0.469302 0.742071 -0.478629
vn -0.268760 0.880959 -0.389461
vn 0.261512 0.888556 -0.376936
vn -0.202793 0.909008 -0.364114
vn 0.209204 0.906250 -0.367348
vn 0.154147 0.918285 -0.364680
vn -0.707236 0.678756 0.197755
vn 0.709630 0.676228 0.197841
vn -0.547968 0.792342 0.268188
vn 0.549964 0.790618 0.269189
vn -0.471388 0.829936 0.298326
vn 0.470528 0.830344 0.298551
vn -0.469181 0.802844 0.367845
vn 0.467938 0.804013 0.366874
vn -0.455970 0.692568 0.558964
vn 0.455112 0.694149 0.557700
vn -0.389324 0.662640 0.639793
vn 0.388995 0.663972 0.638611
vn -0.247373 0.676130 0.694013
vn 0.247089 0.677825 0.692460
vn -0.127571 0.631125 0.765119
vn 0.127665 0.632265 0.764161
vn 0.000419 0.611826 0.790992
vn -0.007739 0.999320 -0.036055
vn 0.006628 0.998700 -0.050552
vn -0.170584 0.985304 -0.008773
vn -0.208206 0.977324 0.038576
vn 0.207841 0.977415 0.038230
vn 0.170697 0.985285 -0.008707
vn -0.065144 0.997573 -0.024602
vn 0.065083 0.997576 -0.024611
vn -0.054177 0.998432 0.014076
vn 0.088116 0.996110 0.000417
vn -0.060712 0.997918 0.021779
vn 0.128276 0.991738 -0.001279
vn -0.099896 0.994988 -0.004523
vn 0.165907 0.985020 -0.047026
vn -0.156419 0.983159 -0.094501
vn 0.154979 0.983508 -0.093237
vn -0.093663 0.990332 -0.102320
vn 0.088806 0.990640 -0.103660
vn -0.008445 0.997956 -0.063342
vn 0.012974 0.997824 -0.064650
vn 0.010021 0.998626 -0.051441
vn -0.001852 0.998750 -0.049949
vn -0.009811 0.998482 -0.054207
vn -0.115942 0.990184 0.078054
vn 0.114773 0.990352 0.077649
vn -0.067830 0.991606 0.110074
vn 0.065995 0.991751 0.109887
vn -0.079303 0.995185 0.057607
vn 0.079124 0.995185 0.057845
vn -0.082987 0.995831 0.037871
vn 0.083267 0.995796 0.038168
vn -0.079943 0.994996 0.059930
vn 0.079785 0.995027 0.059632
vn -0.063872 0.995251 0.073463
vn 0.063418 0.995374 0.072170
vn -0.033778 0.996460 0.076986
vn 0.033037 0.996642 0.074919
vn -0.019122 0.994476 0.103211
vn 0.018712 0.994627 0.101823
vn 0.000133 0.993583 0.113102
vn -0.012257 0.999504 0.029021
vn -0.025928 0.999503 0.017940
vn 0.024962 0.999685 0.002728
vn 0.022702 0.999718 0.006974
vn -0.023038 0.999706 0.007543
vn -0.026126 0.999650 0.004145
vn 0.025923 0.999662 -0.002045
vn 0.008465 0.999139 0.040617
vn 0.017487 0.999847 -0.001022
vn 0.021311 0.999771 -0.001976
vn 0.004694 0.999981 0.004028
vn 0.011962 0.999928 0.001133
vn -0.696430 0.715827 -0.050764
vn -0.787097 0.616474 0.020921
vn 0.787052 0.616535 0.020848
vn 0.696388 0.715861 -0.050857
vn -0.976010 0.214451 -0.037616
vn -0.973645 0.226335 0.028077
vn 0.973645 0.226336 0.028077
vn 0.976009 0.214454 -0.037627
vn -0.653315 0.755703 0.045739
vn 0.011534 0.956773 0.290607
vn -0.664246 0.744892 -0.062562
vn -0.054611 0.954639 -0.292715
vn -0.011533 0.956766 0.290630
vn 0.653314 0.755704 0.045739
vn 0.664246 0.744888 -0.062605
vn 0.054609 0.954929 -0.291769
vn 0.031866 0.997152 -0.068359
vn 0.043505 0.997212 0.060624
vn -0.043505 0.997212 0.060631
vn -0.031862 0.997150 -0.068382
vn 0.644423 0.762079 -0.062888
vn 0.650602 0.757760 0.050171
vn 0.986042 0.161506 -0.040458
vn 0.986011 0.164704 0.025609
vn -0.650599 0.757762 0.050187
vn -0.644423 0.762079 -0.062888
vn -0.986050 0.161463 -0.040450
vn -0.986016 0.164669 0.025618
vn 0.010896 0.933748 0.357767
vn 0.018596 0.961159 0.275368
vn -0.011149 0.933681 0.357932
vn -0.019103 0.961133 0.275424
vn 0.016388 0.999848 0.006021
vn -0.016620 0.999844 0.005966
vn -0.043923 0.940820 -0.336050
vn -0.028502 0.956000 -0.291979
vn 0.043954 0.940703 -0.336373
vn 0.028505 0.956011 -0.291942
vn 0.019842 0.999745 0.010757
vn -0.051607 0.998558 -0.014765
vn 0.000019 0.999991 0.004243
vn -0.004648 0.999981 0.004026
vn -0.017450 0.999847 -0.001023
vn -0.011923 0.999928 0.001131
vn -0.025993 0.999660 -0.002172
vn -0.021323 0.999771 -0.002034
vn 0.007834 0.997195 0.074438
vn -0.008481 0.999140 0.040594
vn -0.007915 0.997205 0.074299
vn 0.013332 0.999246 0.036478
vn -0.013629 0.999244 0.036418
vn 0.000007 0.999135 0.041586
vn 0.063842 0.997934 -0.007244
vn -0.063733 0.997941 -0.007178
vn 0.021742 0.999164 0.034634
vn -0.021721 0.999166 0.034583
vn -0.021855 0.999761 0.000821
vn -0.000038 0.998522 0.054360
vn 0.021947 0.999759 0.000891
vn 0.017815 0.999663 -0.018860
vn -0.000110 0.997308 -0.073324
vn -0.000292 0.999990 0.004375
vn -0.002376 0.999957 0.008934
vn 0.021580 0.999671 0.013841
vn 0.024995 0.999500 0.019384
vn -0.021679 0.999683 0.012784
vn 0.013369 0.999555 0.026653
vn -0.003236 0.999254 0.038497
vn 0.001554 0.999195 0.040087
vn 0.018350 0.999677 0.017577
vn 0.009135 0.999849 0.014770
vn 0.019147 0.999771 -0.009550
vn -0.003313 0.999828 -0.018254
vn -0.019949 0.999654 -0.017145
vn 0.052604 0.998581 -0.008247
vn -0.030943 0.999470 0.010087
vn -0.023885 0.999516 -0.019911
vn -0.156521 0.983609 0.089524
vn -0.215659 0.971805 -0.095320
vn 0.140781 0.987551 -0.070176
vn -0.234378 0.962717 -0.135069
vn -0.230721 0.961939 0.146431
vn 0.220611 0.965852 -0.135873
vn 0.219079 0.965111 0.143406
vn 0.119770 0.988406 0.093321
s 1
g MiningRobot_LP1 MiningRobot_Body_LP
usemtl Maya_Lambert6SG
f 3808/754/648 3809/755/649 3810/756/650 3811/757/651
f 3811/757/651 3810/756/650 3812/758/652 3813/759/653
f 3811/757/651 3814/760/654 3815/761/655 3808/754/648
f 3813/759/653 3812/758/652 3816/762/656 3817/763/657
f 3813/759/653 3818/764/658 3814/760/654 3811/757/651
f 3817/763/657 3816/762/656 3819/765/659 3820/766/660
f 3817/763/657 3821/767/661 3818/764/658 3813/759/653
f 3820/766/660 3822/768/662 3821/767/661 3817/763/657
f 3823/769/663 3824/770/664 3820/766/660 3819/765/659
f 3822/768/662 3820/766/660 3824/770/664 3825/771/665
f 3826/772/666 3827/773/667 3828/774/668 3829/775/669
f 3830/776/670 3831/777/671 3827/773/667 3826/772/666
f 3832/778/672 3833/779/673 3824/770/664 3823/769/663
f 3825/771/665 3824/770/664 3833/779/673 3834/780/674
f 3835/781/675 3833/779/673 3832/778/672 3836/782/676
f 3836/782/676 3832/778/672 3837/783/677 3838/784/678
f 3839/785/679 3834/780/674 3833/779/673 3835/781/675
f 3840/786/680 3841/787/681 3834/780/674 3839/785/679
f 3842/788/682 3835/781/675 3836/782/676 3843/789/683
f 3844/790/684 3839/785/679 3835/781/675 3842/788/682
f 3843/789/683 3836/782/676 3838/784/678 3845/791/685
f 3846/792/686 3840/786/680 3839/785/679 3844/790/684
f 3847/793/687 3842/788/682 3843/789/683 3848/794/688
f 3848/794/688 3843/789/683 3845/791/685 3849/795/689
f 3850/796/690 3844/790/684 3842/788/682 3847/793/687
f 3851/797/691 3846/792/686 3844/790/684 3850/796/690
f 3852/798/692 3847/793/687 3848/794/688 3853/799/693
f 3853/799/693 3848/794/688 3849/795/689 3854/800/694
f 3855/801/695 3850/796/690 3847/793/687 3852/798/692
f 3856/802/696 3851/797/691 3850/796/690 3855/801/695
f 3857/803/697 3852/798/692 3853/799/693 3858/804/698
f 3858/804/698 3853/799/693 3854/800/694 3859/805/699
f 3858/804/698 3828/774/668 3827/773/667 3857/803/697
f 3859/805/699 3860/806/700 3828/774/668 3858/804/698
f 3861/807/701 3855/801/695 3852/798/692 3857/803/697
f 3862/808/702 3856/802/696 3855/801/695 3861/807/701
f 3857/803/697 3827/773/667 3831/777/671 3861/807/701
f 3861/807/701 3831/777/671 3863/809/703 3862/808/702
f 3864/810/704 3865/811/705 3854/800/694 3849/795/689
f 3851/797/691 3856/802/696 3866/812/706 3867/813/707
f 3868/814/708 3869/815/709 3870/816/710 3871/817/711
f 3872/818/712 3868/814/708 3871/817/711 3873/819/713
f 3874/820/714 3875/821/715 3876/822/716 3877/823/717
f 3877/823/717 3876/822/716 3878/824/718 3879/825/719
f 3879/825/719 3878/824/718 3872/818/712 3873/819/713
f 3872/818/712 3878/824/718 3876/822/716 3880/826/720
f 3881/827/721 3882/828/722 3883/829/723 3884/830/724
f 3884/830/724 3876/822/716 3875/821/715 3881/827/721
f 3883/829/723 3882/828/722 3865/811/705 3864/810/704
f 3885/831/725 3880/826/720 3876/822/716 3884/830/724
f 3885/831/725 3884/830/724 3883/829/723 3864/810/704
f 3886/832/726 3864/810/704 3849/795/689 3845/791/685
f 3868/814/708 3872/818/712 3880/826/720 3887/833/727
f 3887/833/727 3880/826/720 3885/831/725 3888/834/728
f 3888/834/728 3885/831/725 3864/810/704 3886/832/726
f 3889/835/729 3886/832/726 3845/791/685 3838/784/678
f 3869/815/709 3868/814/708 3887/833/727 3890/836/730
f 3870/816/710 3869/815/709 3890/836/730 3891/837/731
f 3892/838/732 3889/835/729 3838/784/678 3837/783/677
f 3893/839/733 3890/836/730 3887/833/727 3888/834/728
f 3893/839/733 3888/834/728 3886/832/726 3889/835/729
f 3893/839/733 3889/835/729 3892/838/732 3894/840/734
f 3891/837/731 3890/836/730 3893/839/733 3894/840/734
f 3871/817/711 3870/816/710 3891/837/731 3895/841/735
f 3896/842/736 3891/837/731 3894/840/734 3897/843/737
f 3898/844/738 3896/842/736 3897/843/737 3899/845/739
f 3895/841/735 3891/837/731 3896/842/736 3898/844/738
f 3900/846/740 3877/823/717 3879/825/719 3873/819/713
f 3873/819/713 3871/817/711 3895/841/735 3900/846/740
f 3900/846/740 3895/841/735 3898/844/738 3901/847/741
f 3901/847/741 3898/844/738 3899/845/739 3902/848/742
f 3903/849/743 3900/846/740 3901/847/741 3904/850/744
f 3904/850/744 3901/847/741 3902/848/742 3905/851/745
f 3906/852/746 3877/823/717 3900/846/740 3903/849/743
f 3906/852/746 3903/849/743 3904/850/744 3907/853/747
f 3908/854/748 3874/820/714 3877/823/717 3906/852/746
f 3909/855/749 3867/813/707 3866/812/706 3910/856/750
f 3846/792/686 3851/797/691 3867/813/707 3911/857/751
f 3840/786/680 3846/792/686 3911/857/751 3912/858/752
f 3841/787/681 3840/786/680 3912/858/752 3913/859/753
f 3914/860/754 3915/861/755 3916/862/756 3917/863/757
f 3916/862/756 3918/864/758 3913/859/753 3917/863/757
f 3917/863/757 3913/859/753 3912/858/752 3919/865/759
f 3911/857/751 3867/813/707 3909/855/749 3920/866/760
f 3919/865/759 3912/858/752 3911/857/751 3920/866/760
f 3921/867/761 3909/855/749 3910/856/750 3922/868/762
f 3923/869/763 3914/860/754 3917/863/757 3919/865/759
f 3924/870/764 3923/869/763 3919/865/759 3920/866/760
f 3924/870/764 3920/866/760 3909/855/749 3921/867/761
f 3925/871/765 3921/867/761 3922/868/762 3926/872/766
f 3927/873/767 3924/870/764 3921/867/761 3925/871/765
f 3928/874/768 3929/875/769 3914/860/754 3923/869/763
f 3928/874/768 3923/869/763 3924/870/764 3927/873/767
f 3930/876/770 3925/871/765 3926/872/766 3931/877/771
f 3928/874/768 3927/873/767 3925/871/765 3930/876/770
f 3932/878/772 3929/875/769 3928/874/768 3930/876/770
f 3933/879/773 3932/878/772 3930/876/770 3934/880/774
f 3935/881/775 3826/882/666 3829/883/669 3936/884/776
f 3937/885/777 3830/886/670 3826/887/666 3935/888/775
f 3938/889/778 3854/800/694 3865/811/705 3939/890/779
f 3940/891/780 3866/812/706 3856/802/696 3941/892/781
f 3942/893/782 3939/890/779 3865/811/705 3882/828/722
f 3910/856/750 3866/812/706 3940/891/780 3943/894/783
f 3942/893/782 3882/828/722 3881/827/721 3944/895/784
f 3945/896/785 3922/868/762 3910/856/750 3943/894/783
f 3946/897/786 3935/881/775 3936/884/776 3947/898/787
f 3948/899/788 3937/885/777 3935/888/775 3946/900/786
f 3949/901/789 3946/897/786 3947/898/787 3950/902/790
f 3951/903/791 3948/899/788 3946/900/786 3949/904/789
f 3952/905/792 3953/906/793 3954/907/794 3955/908/795
f 3874/820/714 3908/854/748 3956/909/796 3957/910/797
f 3958/911/798 3959/912/799 3960/913/800 3931/877/771
f 3961/914/801 3962/915/802 3963/916/803 3964/917/804
f 3957/918/797 3956/919/796 3962/915/802 3961/914/801
f 3964/917/804 3963/916/803 3965/920/805 3966/921/806
f 3967/922/807 3952/905/792 3955/908/795 3968/923/808
f 3968/923/808 3955/908/795 3959/924/799 3958/925/798
f 3969/926/809 3970/927/810 3952/905/792 3967/922/807
f 3971/928/811 3964/917/804 3966/921/806 3972/929/812
f 3973/930/813 3969/926/809 3967/922/807 3974/931/814
f 3975/932/815 3944/895/784 3881/827/721 3875/821/715
f 3875/821/715 3874/820/714 3957/910/797 3975/932/815
f 3975/933/815 3957/918/797 3961/914/801 3976/934/816
f 3976/934/816 3961/914/801 3964/917/804 3971/928/811
f 3926/872/766 3922/868/762 3945/896/785 3977/935/817
f 3977/935/817 3958/911/798 3931/877/771 3926/872/766
f 3978/936/818 3968/923/808 3958/925/798 3977/937/817
f 3974/931/814 3967/922/807 3968/923/808 3978/936/818
f 3979/938/819 3944/939/784 3975/933/815 3976/934/816
f 3978/936/818 3977/937/817 3945/940/785 3980/941/820
f 3981/942/821 3971/928/811 3972/929/812 3982/943/822
f 3979/938/819 3976/934/816 3971/928/811 3981/942/821
f 3983/944/823 3973/930/813 3974/931/814 3984/945/824
f 3984/945/824 3974/931/814 3978/936/818 3980/941/820
f 3985/946/825 3942/947/782 3944/939/784 3979/938/819
f 3985/946/825 3979/938/819 3981/942/821 3986/948/826
f 3986/948/826 3981/942/821 3982/943/822 3987/949/827
f 3980/941/820 3945/940/785 3943/950/783 3988/951/828
f 3989/952/829 3984/945/824 3980/941/820 3988/951/828
f 3990/953/830 3983/944/823 3984/945/824 3989/952/829
f 3991/954/831 3939/955/779 3942/947/782 3985/946/825
f 3991/954/831 3985/946/825 3986/948/826 3992/956/832
f 3992/956/832 3986/948/826 3987/949/827 3993/957/833
f 3988/951/828 3943/950/783 3940/958/780 3994/959/834
f 3995/960/835 3989/952/829 3988/951/828 3994/959/834
f 3996/961/836 3990/953/830 3989/952/829 3995/960/835
f 3997/962/837 3938/963/778 3939/955/779 3991/954/831
f 3994/959/834 3940/958/780 3941/964/781 3998/965/838
f 3999/966/839 3992/956/832 3993/957/833 4000/967/840
f 3997/962/837 3991/954/831 3992/956/832 3999/966/839
f 4001/968/841 3996/961/836 3995/960/835 4002/969/842
f 4002/969/842 3995/960/835 3994/959/834 3998/965/838
f 4003/970/843 3950/902/790 3947/898/787 4004/971/844
f 4005/972/845 3948/899/788 3951/903/791 4006/973/846
f 4007/974/847 3997/962/837 3999/966/839 4008/975/848
f 4009/976/849 4003/970/843 4004/971/844 4008/975/848
f 4008/975/848 3999/966/839 4000/967/840 4009/976/849
f 4010/977/850 4002/969/842 3998/965/838 4011/978/851
f 4010/977/850 4005/972/845 4006/973/846 4012/979/852
f 4012/979/852 4001/968/841 4002/969/842 4010/977/850
f 4013/980/853 3859/805/699 3854/800/694 3938/889/778
f 4013/981/853 3938/963/778 3997/962/837 4007/974/847
f 3941/892/781 3856/802/696 3862/808/702 4014/982/854
f 4011/978/851 3998/965/838 3941/964/781 4014/983/854
f 4015/984/855 3860/806/700 3859/805/699 4013/980/853
f 3829/775/669 3828/774/668 3860/806/700 4015/984/855
f 4016/985/856 3936/884/776 3829/883/669 4015/986/855
f 4015/986/855 4013/981/853 4007/974/847 4016/985/856
f 4004/971/844 3947/898/787 3936/884/776 4016/985/856
f 4016/985/856 4007/974/847 4008/975/848 4004/971/844
f 4014/982/854 3862/808/702 3863/809/703 4017/987/857
f 4017/987/857 3863/809/703 3831/777/671 3830/776/670
f 4017/988/857 3830/886/670 3937/885/777 4018/989/858
f 4018/989/858 4011/978/851 4014/983/854 4017/988/857
f 4018/989/858 3937/885/777 3948/899/788 4005/972/845
f 4005/972/845 4010/977/850 4011/978/851 4018/989/858
f 4019/990/859 4020/991/860 3956/992/796 3908/993/748
f 3960/994/800 3959/995/799 4021/996/861 4022/997/862
f 4023/998/863 3962/915/802 3956/919/796 4020/999/860
f 4021/1000/861 3959/924/799 3955/908/795 3954/907/794
f 4024/1001/864 4020/991/860 4019/990/859 4025/1002/865
f 4026/1003/866 4022/997/862 4021/996/861 4027/1004/867
f 4028/1005/868 4024/1001/864 4025/1002/865 4029/1006/869
f 4030/1007/870 4026/1003/866 4027/1004/867 4031/1008/871
f 4032/1009/872 4028/1005/868 4029/1006/869 4033/1010/873
f 4032/1009/872 4033/1010/873 4034/1011/874 4035/1012/875
f 4036/1013/876 4030/1007/870 4031/1008/871 4037/1014/877
f 4038/1015/878 4039/1016/879 4036/1013/876 4037/1014/877
f 4040/1017/880 4035/1012/875 4034/1011/874 4041/1018/881
f 4042/1019/882 4039/1016/879 4038/1015/878 4043/1020/883
f 4044/1021/884 4040/1017/880 4041/1018/881 4045/1022/885
f 4046/1023/886 4042/1019/882 4043/1020/883 4047/1024/887
f 4048/1025/888 4044/1021/884 4045/1022/885 4049/1026/889
f 4050/1027/890 4046/1023/886 4047/1024/887 4051/1028/891
f 4052/1029/892 4048/1025/888 4049/1026/889 4053/1030/893
f 4053/1030/893 4054/1031/894 4055/1032/895 4052/1029/892
f 4056/1033/896 4050/1027/890 4051/1028/891 4057/1034/897
f 4057/1034/897 4055/1032/895 4054/1031/894 4056/1033/896
f 4058/1035/898 3963/916/803 3962/915/802 4023/998/863
f 4059/1036/899 3965/920/805 3963/916/803 4058/1035/898
f 3953/906/793 3952/905/792 3970/927/810 4060/1037/900
f 4061/1038/901 4023/998/863 4020/999/860 4024/1039/864
f 4062/1040/902 4058/1035/898 4023/998/863 4061/1038/901
f 4063/1041/903 4059/1036/899 4058/1035/898 4062/1040/902
f 4027/1042/867 4021/1000/861 3954/907/794 4064/1043/904
f 4064/1043/904 3954/907/794 3953/906/793 4065/1044/905
f 4065/1044/905 3953/906/793 4060/1037/900 4066/1045/906
f 4067/1046/907 4061/1038/901 4024/1039/864 4028/1047/868
f 4031/1048/871 4027/1042/867 4064/1043/904 4068/1049/908
f 4069/1050/909 4063/1041/903 4062/1040/902 4070/1051/910
f 4070/1051/910 4062/1040/902 4061/1038/901 4067/1046/907
f 4071/1052/911 4065/1044/905 4066/1045/906 4072/1053/912
f 4068/1049/908 4064/1043/904 4065/1044/905 4071/1052/911
f 4073/1054/913 4067/1046/907 4028/1047/868 4032/1055/872
f 4074/1056/914 4070/1051/910 4067/1046/907 4073/1054/913
f 4075/1057/915 4069/1050/909 4070/1051/910 4074/1056/914
f 4037/1058/877 4031/1048/871 4068/1049/908 4076/1059/916
f 4076/1059/916 4068/1049/908 4071/1052/911 4077/1060/917
f 4077/1060/917 4071/1052/911 4072/1053/912 4078/1061/918
f 4079/1062/919 4073/1054/913 4032/1055/872 4035/1063/875
f 4038/1064/878 4037/1058/877 4076/1059/916 4080/1065/920
f 4081/1066/921 4075/1057/915 4074/1056/914 4082/1067/922
f 4082/1067/922 4074/1056/914 4073/1054/913 4079/1062/919
f 4083/1068/923 4077/1060/917 4078/1061/918 4084/1069/924
f 4080/1065/920 4076/1059/916 4077/1060/917 4083/1068/923
f 4085/1070/925 4079/1062/919 4035/1063/875 4040/1071/880
f 4086/1072/926 4082/1067/922 4079/1062/919 4085/1070/925
f 4087/1073/927 4081/1066/921 4082/1067/922 4086/1072/926
f 4043/1074/883 4038/1064/878 4080/1065/920 4088/1075/928
f 4088/1075/928 4080/1065/920 4083/1068/923 4089/1076/929
f 4089/1076/929 4083/1068/923 4084/1069/924 4090/1077/930
f 4091/1078/931 4085/1070/925 4040/1071/880 4044/1079/884
f 4047/1080/887 4043/1074/883 4088/1075/928 4092/1081/932
f 4093/1082/933 4087/1073/927 4086/1072/926 4094/1083/934
f 4094/1083/934 4086/1072/926 4085/1070/925 4091/1078/931
f 4095/1084/935 4089/1076/929 4090/1077/930 4096/1085/936
f 4092/1081/932 4088/1075/928 4089/1076/929 4095/1084/935
f 4097/1086/937 4091/1078/931 4044/1079/884 4048/1087/888
f 4098/1088/938 4094/1083/934 4091/1078/931 4097/1086/937
f 4099/1089/939 4093/1082/933 4094/1083/934 4098/1088/938
f 4051/1090/891 4047/1080/887 4092/1081/932 4100/1091/940
f 4100/1091/940 4092/1081/932 4095/1084/935 4101/1092/941
f 4101/1092/941 4095/1084/935 4096/1085/936 4102/1093/942
f 4103/1094/943 4097/1086/937 4048/1087/888 4052/1095/892
f 4057/1096/897 4051/1090/891 4100/1091/940 4104/1097/944
f 4105/1098/945 4099/1089/939 4098/1088/938 4106/1099/946
f 4106/1099/946 4098/1088/938 4097/1086/937 4103/1094/943
f 4107/1100/947 4101/1092/941 4102/1093/942 4108/1101/948
f 4104/1097/944 4100/1091/940 4101/1092/941 4107/1100/947
f 4109/1102/949 4103/1094/943 4052/1095/892 4055/1103/895
f 4055/1104/895 4057/1096/897 4104/1097/944 4109/1105/949
f 4110/1106/950 4106/1099/946 4103/1094/943 4109/1102/949
f 4111/1107/951 4105/1098/945 4106/1099/946 4110/1106/950
f 4109/1105/949 4104/1097/944 4107/1100/947 4110/1108/950
f 4110/1108/950 4107/1100/947 4108/1101/948 4111/1109/951
f 4041/1018/881 4034/1011/874 4112/1110/952 4113/1111/953
f 4113/1111/953 4114/1112/954 4045/1022/885 4041/1018/881
f 4115/1113/955 4116/1114/956 4039/1016/879 4042/1019/882
f 4042/1019/882 4046/1023/886 4117/1115/957 4115/1113/955
f 4114/1112/954 4113/1111/953 4118/1116/958 4119/1117/959
f 4120/1118/960 4121/1119/961 4115/1113/955 4117/1115/957
f 4118/1116/958 4113/1111/953 4112/1110/952 4122/1120/962
f 4123/1121/963 4116/1114/956 4115/1113/955 4121/1119/961
f 4124/1122/964 4125/1123/965 4119/1117/959 4118/1116/958
f 4121/1119/961 4120/1118/960 4126/1124/966 4127/1125/967
f 4128/1126/968 4124/1122/964 4118/1116/958 4122/1120/962
f 4123/1121/963 4121/1119/961 4127/1125/967 4129/1127/969
f 4130/1128/970 4131/1129/971 4125/1123/965 4124/1122/964
f 4127/1125/967 4126/1124/966 4132/1130/972 4133/1131/973
f 4134/1132/974 4135/1133/975 4131/1129/971 4130/1128/970
f 4133/1131/973 4132/1130/972 4136/1134/976 4137/1135/977
f 4138/1136/978 4130/1128/970 4124/1122/964 4128/1126/968
f 4139/1137/979 4134/1132/974 4130/1128/970 4138/1136/978
f 4129/1127/969 4127/1125/967 4133/1131/973 4140/1138/980
f 4140/1138/980 4133/1131/973 4137/1135/977 4141/1139/981
f 4056/1033/896 4054/1031/894 4142/1140/982 4143/1141/983
f 4049/1026/889 4045/1022/885 4144/1142/984 4145/1143/985
f 4146/1144/986 4053/1030/893 4049/1026/889 4145/1143/985
f 4147/1145/987 4148/1146/988 4046/1023/886 4050/1027/890
f 4147/1145/987 4050/1027/890 4056/1033/896 4143/1141/983
f 4144/1142/984 4045/1022/885 4114/1112/954 4149/1147/989
f 4150/1148/990 4117/1115/957 4046/1023/886 4148/1146/988
f 4149/1147/989 4114/1112/954 4119/1117/959 4151/1149/991
f 4152/1150/992 4120/1118/960 4117/1115/957 4150/1148/990
f 4151/1149/991 4119/1117/959 4125/1123/965 4153/1151/993
f 4154/1152/994 4126/1124/966 4120/1118/960 4152/1150/992
f 4153/1151/993 4125/1123/965 4131/1129/971 4155/1153/995
f 4156/1154/996 4132/1130/972 4126/1124/966 4154/1152/994
f 4155/1153/995 4131/1129/971 4135/1133/975 4157/1155/997
f 4158/1156/998 4136/1134/976 4132/1130/972 4156/1154/996
f 4054/1031/894 4053/1030/893 4146/1144/986 4142/1140/982
f 4159/1157/999 4146/1144/986 4145/1143/985 4160/1158/1000
f 4161/1159/1001 4147/1145/987 4143/1141/983 4162/1160/1002
f 4163/1161/1003 4162/1160/1002 4143/1141/983 4142/1140/982
f 4142/1140/982 4146/1144/986 4159/1157/999 4163/1161/1003
f 4164/1162/1004 4160/1158/1000 4145/1143/985 4144/1142/984
f 4148/1146/988 4147/1145/987 4161/1159/1001 4165/1163/1005
f 4150/1148/990 4148/1146/988 4165/1163/1005 4166/1164/1006
f 4167/1165/1007 4164/1162/1004 4144/1142/984 4149/1147/989
f 4152/1150/992 4150/1148/990 4166/1164/1006 4168/1166/1008
f 4169/1167/1009 4167/1165/1007 4149/1147/989 4151/1149/991
f 4154/1152/994 4152/1150/992 4168/1166/1008 4170/1168/1010
f 4171/1169/1011 4169/1167/1009 4151/1149/991 4153/1151/993
f 4156/1154/996 4154/1152/994 4170/1168/1010 4172/1170/1012
f 4173/1171/1013 4171/1169/1011 4153/1151/993 4155/1153/995
f 4158/1156/998 4156/1154/996 4172/1170/1012 4174/1172/1014
f 4174/1172/1014 4175/1173/1015 4176/1174/1016 4158/1156/998
f 4177/1175/1017 4173/1171/1013 4155/1153/995 4157/1155/997
f 4157/1155/997 4178/1176/1018 4179/1177/1019 4177/1175/1017
f 4180/1178/1020 4179/1177/1019 4178/1176/1018 4181/1179/1021
f 4181/1179/1021 4176/1174/1016 4175/1173/1015 4180/1178/1020
f 4182/1180/1022 4177/1175/1017 4179/1177/1019 4180/1178/1020
f 4182/1180/1022 4183/1181/1023 4173/1171/1013 4177/1175/1017
f 4174/1172/1014 4172/1170/1012 4184/1182/1024 4185/1183/1025
f 4180/1178/1020 4175/1173/1015 4174/1172/1014 4185/1183/1025
f 4186/1184/1026 4182/1180/1022 4180/1178/1020 4185/1183/1025
f 4171/1169/1011 4173/1171/1013 4183/1181/1023 4187/1185/1027
f 4188/1186/1028 4184/1182/1024 4172/1170/1012 4170/1168/1010
f 4169/1167/1009 4171/1169/1011 4187/1185/1027 4189/1187/1029
f 4190/1188/1030 4188/1186/1028 4170/1168/1010 4168/1166/1008
f 4182/1180/1022 4186/1184/1026 4191/1189/1031 4192/1190/1032
f 4187/1185/1027 4183/1181/1023 4182/1180/1022 4192/1190/1032
f 4193/1191/1033 4191/1189/1031 4186/1184/1026 4185/1183/1025
f 4193/1191/1033 4185/1183/1025 4184/1182/1024 4188/1186/1028
f 4167/1165/1007 4169/1167/1009 4189/1187/1029 4194/1192/1034
f 4195/1193/1035 4190/1188/1030 4168/1166/1008 4166/1164/1006
f 4196/1194/1036 4164/1162/1004 4167/1165/1007 4194/1192/1034
f 4195/1193/1035 4166/1164/1006 4165/1163/1005 4197/1195/1037
f 4198/1196/1038 4159/1157/999 4160/1158/1000 4199/1197/1039
f 4199/1197/1039 4160/1158/1000 4164/1162/1004 4196/1194/1036
f 4200/1198/1040 4161/1159/1001 4162/1160/1002 4201/1199/1041
f 4197/1195/1037 4165/1163/1005 4161/1159/1001 4200/1198/1040
f 4202/1200/1042 4201/1199/1041 4162/1160/1002 4163/1161/1003
f 4202/1200/1042 4198/1196/1038 4199/1197/1039 4203/1201/1043
f 4163/1161/1003 4159/1157/999 4198/1196/1038 4202/1200/1042
f 4204/1202/1044 4200/1198/1040 4201/1199/1041 4202/1200/1042
f 4205/1203/1045 4202/1200/1042 4203/1201/1043 4206/1204/1046
f 4207/1205/1047 4204/1202/1044 4202/1200/1042 4205/1203/1045
f 4203/1201/1043 4199/1197/1039 4196/1194/1036 4208/1206/1048
f 4209/1207/1049 4205/1203/1045 4206/1204/1046 4210/1208/1050
f 4211/1209/1051 4197/1195/1037 4200/1198/1040 4204/1202/1044
f 4212/1210/1052 4207/1205/1047 4205/1203/1045 4209/1207/1049
f 4208/1206/1048 4196/1194/1036 4194/1192/1034 4213/1211/1053
f 4214/1212/1054 4195/1193/1035 4197/1195/1037 4211/1209/1051
f 4215/1213/1055 4192/1190/1032 4191/1189/1031 4216/1214/1056
f 4217/1215/1057 4190/1188/1030 4195/1193/1035 4214/1212/1054
f 4213/1211/1053 4194/1192/1034 4189/1187/1029 4215/1213/1055
f 4215/1213/1055 4189/1187/1029 4187/1185/1027 4192/1190/1032
f 4210/1208/1050 4208/1206/1048 4213/1211/1053 4215/1213/1055
f 4215/1213/1055 4216/1214/1056 4209/1207/1049 4210/1208/1050
f 4210/1208/1050 4206/1204/1046 4203/1201/1043 4208/1206/1048
f 4193/1191/1033 4188/1186/1028 4190/1188/1030 4217/1215/1057
f 4216/1214/1056 4191/1189/1031 4193/1191/1033 4217/1215/1057
f 4217/1215/1057 4214/1212/1054 4211/1209/1051 4212/1210/1052
f 4212/1210/1052 4209/1207/1049 4216/1214/1056 4217/1215/1057
f 4211/1209/1051 4204/1202/1044 4207/1205/1047 4212/1210/1052
f 4218/1216/1058 4029/1006/869 4025/1002/865 4219/1217/1059
f 4026/1003/866 4030/1007/870 4220/1218/1060 4221/1219/1061
f 4222/1220/1062 4219/1217/1059 4025/1002/865 4019/990/859
f 4222/1220/1062 4019/990/859 3908/993/748 3906/852/746
f 3932/878/772 3933/879/773 4223/1221/1063 4224/1222/1064
f 3929/875/769 3932/878/772 4224/1222/1064 4225/1223/1065
f 4226/1224/1066 4227/1225/1067 3905/851/745 3902/848/742
f 3914/860/754 3929/875/769 4225/1223/1065 4228/1226/1068
f 4229/1227/1069 4226/1224/1066 3902/848/742 3899/845/739
f 3915/861/755 3914/860/754 4228/1226/1068 4230/1228/1070
f 4231/1229/1071 4229/1227/1069 3899/845/739 3897/843/737
f 3916/862/756 3915/861/755 4230/1228/1070 4232/1230/1072
f 4233/1231/1073 4231/1229/1071 3897/843/737 3894/840/734
f 3918/864/758 3916/862/756 4232/1230/1072 4234/1232/1074
f 4235/1233/1075 4233/1231/1073 3894/840/734 3892/838/732
f 3913/859/753 3918/864/758 4234/1232/1074 4236/1234/1076
f 4237/1235/1077 4235/1233/1075 3892/838/732 3837/783/677
f 3841/787/681 3913/859/753 4236/1234/1076 4238/1236/1078
f 4239/1237/1079 4237/1235/1077 3837/783/677 3832/778/672
f 3834/780/674 3841/787/681 4238/1236/1078 4240/1238/1080
f 4241/1239/1081 4239/1237/1079 3832/778/672 3823/769/663
f 3825/771/665 3834/780/674 4240/1238/1080 4242/1240/1082
f 4243/1241/1083 4241/1239/1081 3823/769/663 3819/765/659
f 3822/768/662 3825/771/665 4242/1240/1082 4244/1242/1084
f 4245/1243/1085 4243/1241/1083 3819/765/659 3816/762/656
f 3821/767/661 3822/768/662 4244/1242/1084 4246/1244/1086
f 4247/1245/1087 4245/1243/1085 3816/762/656 3812/758/652
f 3818/764/658 3821/767/661 4246/1244/1086 4248/1246/1088
f 4249/1247/1089 4247/1245/1087 3812/758/652 3810/756/650
f 3814/760/654 3818/764/658 4248/1246/1088 4250/1248/1090
f 4251/1249/1091 4249/1247/1089 3810/756/650 3809/755/649
f 3815/761/655 3814/760/654 4250/1248/1090 4252/1250/1092
f 4253/1251/1093 4112/1110/952 4034/1011/874 4033/1010/873
f 4253/1251/1093 4033/1010/873 4029/1006/869 4218/1216/1058
f 4254/1252/1094 4220/1218/1060 4030/1007/870 4036/1013/876
f 4036/1013/876 4039/1016/879 4116/1114/956 4254/1252/1094
f 4122/1120/962 4112/1110/952 4253/1251/1093 4255/1253/1095
f 4256/1254/1096 4254/1252/1094 4116/1114/956 4123/1121/963
f 4128/1126/968 4122/1120/962 4255/1253/1095 4257/1255/1097
f 4258/1256/1098 4256/1254/1096 4123/1121/963 4129/1127/969
f 4138/1136/978 4128/1126/968 4257/1255/1097 4259/1257/1099
f 4260/1258/1100 4258/1256/1098 4129/1127/969 4140/1138/980
f 4261/1259/1101 4251/1249/1091 3809/755/649 4262/1260/1102
f 4263/1261/1103 3815/761/655 4252/1250/1092 4264/1262/1104
f 4265/1263/1105 3904/850/744 3905/851/745 4227/1225/1067
f 3907/853/747 3904/850/744 4265/1263/1105 4266/1264/1106
f 4267/1265/1107 4222/1220/1062 3906/852/746 3907/853/747
f 4268/1266/1108 4218/1216/1058 4219/1217/1059 4269/1267/1109
f 4270/1268/1110 4221/1219/1061 4220/1218/1060 4271/1269/1111
f 4269/1267/1109 4219/1217/1059 4222/1220/1062 4272/1270/1112
f 4273/1271/1113 4224/1222/1064 4223/1221/1063 4274/1272/1114
f 4275/1273/1115 4225/1223/1065 4224/1222/1064 4273/1271/1113
f 4276/1274/1116 4227/1225/1067 4226/1224/1066 4277/1275/1117
f 4278/1276/1118 4228/1226/1068 4225/1223/1065 4275/1273/1115
f 4277/1275/1117 4226/1224/1066 4229/1227/1069 4279/1277/1119
f 4280/1278/1120 4230/1228/1070 4228/1226/1068 4278/1276/1118
f 4279/1277/1119 4229/1227/1069 4231/1229/1071 4281/1279/1121
f 4282/1280/1122 4232/1230/1072 4230/1228/1070 4280/1278/1120
f 4281/1279/1121 4231/1229/1071 4233/1231/1073 4283/1281/1123
f 4284/1282/1124 4234/1232/1074 4232/1230/1072 4282/1280/1122
f 4283/1281/1123 4233/1231/1073 4235/1233/1075 4285/1283/1125
f 4286/1284/1126 4236/1234/1076 4234/1232/1074 4284/1282/1124
f 4285/1283/1125 4235/1233/1075 4237/1235/1077 4287/1285/1127
f 4288/1286/1128 4238/1236/1078 4236/1234/1076 4286/1284/1126
f 4287/1285/1127 4237/1235/1077 4239/1237/1079 4289/1287/1129
f 4290/1288/1130 4240/1238/1080 4238/1236/1078 4288/1286/1128
f 4289/1287/1129 4239/1237/1079 4241/1239/1081 4291/1289/1131
f 4292/1290/1132 4242/1240/1082 4240/1238/1080 4290/1288/1130
f 4291/1289/1131 4241/1239/1081 4243/1241/1083 4293/1291/1133
f 4294/1292/1134 4244/1242/1084 4242/1240/1082 4292/1290/1132
f 4293/1291/1133 4243/1241/1083 4245/1243/1085 4295/1293/1135
f 4296/1294/1136 4246/1244/1086 4244/1242/1084 4294/1292/1134
f 4295/1293/1135 4245/1243/1085 4247/1245/1087 4297/1295/1137
f 4298/1296/1138 4248/1246/1088 4246/1244/1086 4296/1294/1136
f 4297/1295/1137 4247/1245/1087 4249/1247/1089 4299/1297/1139
f 4300/1298/1140 4250/1248/1090 4248/1246/1088 4298/1296/1138
f 4299/1297/1139 4249/1247/1089 4251/1249/1091 4301/1299/1141
f 4302/1300/1142 4252/1250/1092 4250/1248/1090 4300/1298/1140
f 4303/1301/1143 4253/1251/1093 4218/1216/1058 4268/1266/1108
f 4271/1269/1111 4220/1218/1060 4254/1252/1094 4304/1302/1144
f 4305/1303/1145 4255/1253/1095 4253/1251/1093 4303/1301/1143
f 4304/1302/1144 4254/1252/1094 4256/1254/1096 4306/1304/1146
f 4307/1305/1147 4257/1255/1097 4255/1253/1095 4305/1303/1145
f 4306/1304/1146 4256/1254/1096 4258/1256/1098 4308/1306/1148
f 4309/1307/1149 4259/1257/1099 4257/1255/1097 4307/1305/1147
f 4308/1306/1148 4258/1256/1098 4260/1258/1100 4310/1308/1150
f 4311/1309/1151 4312/1310/1152 4259/1257/1099 4309/1307/1149
f 4310/1308/1150 4260/1258/1100 4313/1311/1153 4314/1312/1154
f 4315/1313/1155 4316/1314/1156 4312/1310/1152 4311/1309/1151
f 4314/1312/1154 4313/1311/1153 4317/1315/1157 4318/1316/1158
f 4319/1317/1159 4320/1318/1160 4316/1314/1156 4315/1313/1155
f 4318/1316/1158 4317/1315/1157 4321/1319/1161 4322/1320/1162
f 4323/1321/1163 4324/1322/1164 4320/1318/1160 4319/1317/1159
f 4322/1320/1162 4321/1319/1161 4325/1323/1165 4326/1324/1166
f 4327/1325/1167 4328/1326/1168 4324/1322/1164 4323/1321/1163
f 4326/1324/1166 4325/1323/1165 4329/1327/1169 4330/1328/1170
f 4331/1329/1171 4332/1330/1172 4328/1326/1168 4327/1325/1167
f 4330/1328/1170 4329/1327/1169 4333/1331/1173 4334/1332/1174
f 4335/1333/1175 4336/1334/1176 4332/1330/1172 4331/1329/1171
f 4334/1332/1174 4333/1331/1173 4337/1335/1177 4338/1336/1178
f 4339/1337/1179 4340/1338/1180 4336/1334/1176 4335/1333/1175
f 4338/1336/1178 4337/1335/1177 4341/1339/1181 4342/1340/1182
f 4343/1341/1183 4344/1342/1184 4340/1338/1180 4339/1337/1179
f 4342/1340/1182 4341/1339/1181 4345/1343/1185 4346/1344/1186
f 4347/1345/1187 4348/1346/1188 4344/1342/1184 4343/1341/1183
f 4346/1344/1186 4345/1343/1185 4349/1347/1189 4350/1348/1190
f 4351/1349/1191 4261/1259/1101 4348/1346/1188 4347/1345/1187
f 4301/1299/1141 4251/1249/1091 4261/1259/1101 4351/1349/1191
f 4350/1348/1190 4349/1347/1189 4264/1262/1104 4352/1350/1192
f 4352/1350/1192 4264/1262/1104 4252/1250/1092 4302/1300/1142
f 4353/1351/1193 4265/1263/1105 4227/1225/1067 4276/1274/1116
f 4354/1352/1194 4266/1264/1106 4265/1263/1105 4353/1351/1193
f 4355/1353/1195 3907/853/747 4266/1264/1106 4354/1352/1194
f 4272/1270/1112 4222/1220/1062 4267/1265/1107 4356/1354/1196
f 4356/1354/1196 4267/1265/1107 3907/853/747 4355/1353/1195
f 4357/1355/1197 4292/1290/1132 4290/1288/1130 4358/1356/1198
f 4359/1357/1199 4302/1300/1142 4300/1298/1140 4360/1358/1200
f 4361/1359/1201 4304/1302/1144 4306/1304/1146 4362/1360/1202
f 4363/1361/1203 4301/1299/1141 4351/1349/1191 4364/1362/1204
f 4365/1363/1205 4352/1350/1192 4302/1300/1142 4359/1357/1199
f 4366/1364/1206 4305/1303/1145 4303/1301/1143 4367/1365/1207
f 4368/1366/1208 4307/1305/1147 4305/1303/1145 4366/1364/1206
f 4362/1360/1202 4306/1304/1146 4308/1306/1148 4369/1367/1209
f 4370/1368/1210 4289/1287/1129 4291/1289/1131 4371/1369/1211
f 4371/1369/1211 4291/1289/1131 4293/1291/1133 4372/1370/1212
f 4373/1371/1213 4294/1292/1134 4292/1290/1132 4357/1355/1197
f 4372/1370/1212 4293/1291/1133 4295/1293/1135 4374/1372/1214
f 4375/1373/1215 4296/1294/1136 4294/1292/1134 4373/1371/1213
f 4376/1374/1216 4370/1368/1210 4371/1369/1211 4372/1370/1212
f 4373/1371/1213 4357/1355/1197 4358/1356/1198 4377/1375/1217
f 4378/1376/1218 4287/1285/1127 4289/1287/1129 4370/1368/1210
f 4358/1356/1198 4290/1288/1130 4288/1286/1128 4379/1377/1219
f 4380/1378/1220 4285/1283/1125 4287/1285/1127 4378/1376/1218
f 4379/1377/1219 4288/1286/1128 4286/1284/1126 4381/1379/1221
f 4382/1380/1222 4283/1281/1123 4285/1283/1125 4380/1378/1220
f 4381/1379/1221 4286/1284/1126 4284/1282/1124 4383/1381/1223
f 4384/1382/1224 4281/1279/1121 4283/1281/1123 4382/1380/1222
f 4383/1381/1223 4284/1282/1124 4282/1280/1122 4385/1383/1225
f 4386/1384/1226 4279/1277/1119 4281/1279/1121 4384/1382/1224
f 4385/1383/1225 4282/1280/1122 4280/1278/1120 4387/1385/1227
f 4388/1386/1228 4277/1275/1117 4279/1277/1119 4386/1384/1226
f 4387/1385/1227 4280/1278/1120 4278/1276/1118 4389/1387/1229
f 4390/1388/1230 4276/1274/1116 4277/1275/1117 4388/1386/1228
f 4389/1387/1229 4278/1276/1118 4275/1273/1115 4391/1389/1231
f 4392/1390/1232 4353/1351/1193 4276/1274/1116 4390/1388/1230
f 4393/1391/1233 4354/1352/1194 4353/1351/1193 4392/1390/1232
f 4394/1392/1234 4355/1353/1195 4354/1352/1194 4393/1391/1233
f 4395/1393/1235 4356/1354/1196 4355/1353/1195 4394/1392/1234
f 4396/1394/1236 4272/1270/1112 4356/1354/1196 4395/1393/1235
f 4397/1395/1237 4269/1267/1109 4272/1270/1112 4396/1394/1236
f 4398/1396/1238 4268/1266/1108 4269/1267/1109 4397/1395/1237
f 4367/1365/1207 4303/1301/1143 4268/1266/1108 4398/1396/1238
f 4399/1397/1239 4270/1268/1110 4271/1269/1111 4400/1398/1240
f 4400/1398/1240 4271/1269/1111 4304/1302/1144 4361/1359/1201
f 4368/1366/1208 4366/1364/1206 4367/1365/1207 4401/1399/1241
f 4402/1400/1242 4361/1359/1201 4362/1360/1202 4369/1367/1209
f 4403/1401/1243 4299/1297/1139 4301/1299/1141 4363/1361/1203
f 4374/1372/1214 4295/1293/1135 4297/1295/1137 4404/1402/1244
f 4404/1402/1244 4297/1295/1137 4299/1297/1139 4403/1401/1243
f 4405/1403/1245 4298/1296/1138 4296/1294/1136 4375/1373/1215
f 4360/1358/1200 4300/1298/1140 4298/1296/1138 4405/1403/1245
f 4403/1401/1243 4363/1361/1203 4364/1362/1204 4406/1404/1246
f 4407/1405/1247 4365/1363/1205 4359/1357/1199 4360/1358/1200
f 4364/1362/1204 4351/1349/1191 4347/1345/1187 4408/1406/1248
f 4409/1407/1249 4350/1348/1190 4352/1350/1192 4365/1363/1205
f 4408/1406/1248 4347/1345/1187 4343/1341/1183 4410/1408/1250
f 4411/1409/1251 4346/1344/1186 4350/1348/1190 4409/1407/1249
f 4410/1408/1250 4343/1341/1183 4339/1337/1179 4412/1410/1252
f 4413/1411/1253 4342/1340/1182 4346/1344/1186 4411/1409/1251
f 4412/1410/1252 4339/1337/1179 4335/1333/1175 4414/1412/1254
f 4415/1413/1255 4338/1336/1178 4342/1340/1182 4413/1411/1253
f 4414/1412/1254 4335/1333/1175 4331/1329/1171 4416/1414/1256
f 4417/1415/1257 4334/1332/1174 4338/1336/1178 4415/1413/1255
f 4416/1414/1256 4331/1329/1171 4327/1325/1167 4418/1416/1258
f 4419/1417/1259 4330/1328/1170 4334/1332/1174 4417/1415/1257
f 4418/1416/1258 4327/1325/1167 4323/1321/1163 4420/1418/1260
f 4421/1419/1261 4326/1324/1166 4330/1328/1170 4419/1417/1259
f 4420/1418/1260 4323/1321/1163 4319/1317/1159 4422/1420/1262
f 4423/1421/1263 4322/1320/1162 4326/1324/1166 4421/1419/1261
f 4422/1420/1262 4319/1317/1159 4315/1313/1155 4424/1422/1264
f 4425/1423/1265 4318/1316/1158 4322/1320/1162 4423/1421/1263
f 4424/1422/1264 4315/1313/1155 4311/1309/1151 4426/1424/1266
f 4427/1425/1267 4314/1312/1154 4318/1316/1158 4425/1423/1265
f 4428/1426/1268 4309/1307/1149 4307/1305/1147 4368/1366/1208
f 4426/1424/1266 4311/1309/1151 4309/1307/1149 4428/1426/1268
f 4369/1367/1209 4308/1306/1148 4310/1308/1150 4429/1427/1269
f 4429/1427/1269 4310/1308/1150 4314/1312/1154 4427/1425/1267
f 4376/1374/1216 4372/1370/1212 4374/1372/1214 4430/1428/1270
f 4431/1429/1271 4375/1373/1215 4373/1371/1213 4377/1375/1217
f 4378/1376/1218 4370/1368/1210 4376/1374/1216 4432/1430/1272
f 4433/1431/1273 4377/1375/1217 4358/1356/1198 4379/1377/1219
f 4434/1432/1274 4430/1428/1270 4374/1372/1214 4404/1402/1244
f 4434/1432/1274 4404/1402/1244 4403/1401/1243 4406/1404/1246
f 4405/1403/1245 4375/1373/1215 4431/1429/1271 4435/1433/1275
f 4407/1405/1247 4360/1358/1200 4405/1403/1245 4435/1433/1275
f 4436/1434/1276 4406/1404/1246 4364/1362/1204 4408/1406/1248
f 4409/1407/1249 4365/1363/1205 4407/1405/1247 4437/1435/1277
f 4438/1436/1278 4434/1432/1274 4406/1404/1246 4436/1434/1276
f 4437/1435/1277 4407/1405/1247 4435/1433/1275 4439/1437/1279
f 4428/1426/1268 4368/1366/1208 4401/1399/1241 4440/1438/1280
f 4440/1438/1280 4441/1439/1281 4426/1424/1266 4428/1426/1268
f 4442/1440/1282 4402/1400/1242 4369/1367/1209 4429/1427/1269
f 4429/1427/1269 4427/1425/1267 4443/1441/1283 4442/1440/1282
f 4444/1442/1284 4401/1399/1241 4367/1365/1207 4398/1396/1238
f 4400/1398/1240 4361/1359/1201 4402/1400/1242 4445/1443/1285
f 4446/1444/1286 4440/1438/1280 4401/1399/1241 4444/1442/1284
f 4445/1443/1285 4402/1400/1242 4442/1440/1282 4447/1445/1287
f 4424/1422/1264 4426/1424/1266 4441/1439/1281 4448/1446/1288
f 4449/1447/1289 4443/1441/1283 4427/1425/1267 4425/1423/1265
f 4422/1420/1262 4424/1422/1264 4448/1446/1288 4450/1448/1290
f 4451/1449/1291 4449/1447/1289 4425/1423/1265 4423/1421/1263
f 4420/1418/1260 4422/1420/1262 4450/1448/1290 4452/1450/1292
f 4453/1451/1293 4451/1449/1291 4423/1421/1263 4421/1419/1261
f 4418/1416/1258 4420/1418/1260 4452/1450/1292 4454/1452/1294
f 4455/1453/1295 4453/1451/1293 4421/1419/1261 4419/1417/1259
f 4416/1414/1256 4418/1416/1258 4454/1452/1294 4456/1454/1296
f 4457/1455/1297 4455/1453/1295 4419/1417/1259 4417/1415/1257
f 4414/1412/1254 4416/1414/1256 4456/1454/1296 4458/1456/1298
f 4459/1457/1299 4457/1455/1297 4417/1415/1257 4415/1413/1255
f 4412/1410/1252 4414/1412/1254 4458/1456/1298 4460/1458/1300
f 4461/1459/1301 4459/1457/1299 4415/1413/1255 4413/1411/1253
f 4410/1408/1250 4412/1410/1252 4460/1458/1300 4462/1460/1302
f 4462/1460/1302 4436/1434/1276 4408/1406/1248 4410/1408/1250
f 4463/1461/1303 4461/1459/1301 4413/1411/1253 4411/1409/1251
f 4411/1409/1251 4409/1407/1249 4437/1435/1277 4463/1461/1303
f 4432/1430/1272 4376/1374/1216 4430/1428/1270 4464/1462/1304
f 4464/1462/1304 4430/1428/1270 4434/1432/1274 4438/1436/1278
f 4465/1463/1305 4431/1429/1271 4377/1375/1217 4433/1431/1273
f 4439/1437/1279 4435/1433/1275 4431/1429/1271 4465/1463/1305
f 4466/1464/1306 4467/1465/1307 4382/1380/1222 4380/1378/1220
f 4380/1378/1220 4378/1376/1218 4432/1430/1272 4466/1464/1306
f 4381/1379/1221 4383/1381/1223 4468/1466/1308 4469/1467/1309
f 4469/1467/1309 4433/1431/1273 4379/1377/1219 4381/1379/1221
f 4384/1382/1224 4382/1380/1222 4467/1465/1307 4470/1468/1310
f 4471/1469/1311 4468/1466/1308 4383/1381/1223 4385/1383/1225
f 4470/1468/1310 4467/1465/1307 4466/1464/1306 4472/1470/1312
f 4473/1471/1313 4469/1467/1309 4468/1466/1308 4471/1469/1311
f 4386/1384/1226 4384/1382/1224 4470/1468/1310 4474/1472/1314
f 4475/1473/1315 4471/1469/1311 4385/1383/1225 4387/1385/1227
f 4388/1386/1228 4386/1384/1226 4474/1472/1314 4476/1474/1316
f 4477/1475/1317 4475/1473/1315 4387/1385/1227 4389/1387/1229
f 4390/1388/1230 4388/1386/1228 4476/1474/1316 4478/1476/1318
f 4479/1477/1319 4477/1475/1317 4389/1387/1229 4391/1389/1231
f 4472/1470/1312 4464/1462/1304 4438/1436/1278 4480/1478/1320
f 4480/1478/1320 4438/1436/1278 4436/1434/1276 4462/1460/1302
f 4466/1464/1306 4432/1430/1272 4464/1462/1304 4472/1470/1312
f 4481/1479/1321 4439/1437/1279 4465/1463/1305 4473/1471/1313
f 4463/1461/1303 4437/1435/1277 4439/1437/1279 4481/1479/1321
f 4473/1471/1313 4465/1463/1305 4433/1431/1273 4469/1467/1309
f 4482/1480/1322 4480/1478/1320 4462/1460/1302 4460/1458/1300
f 4483/1481/1323 4472/1470/1312 4480/1478/1320 4482/1480/1322
f 4474/1472/1314 4470/1468/1310 4472/1470/1312 4483/1481/1323
f 4461/1459/1301 4463/1461/1303 4481/1479/1321 4484/1482/1324
f 4484/1482/1324 4481/1479/1321 4473/1471/1313 4485/1483/1325
f 4485/1483/1325 4473/1471/1313 4471/1469/1311 4475/1473/1315
f 4486/1484/1326 4482/1480/1322 4460/1458/1300 4458/1456/1298
f 4487/1485/1327 4483/1481/1323 4482/1480/1322 4486/1484/1326
f 4476/1474/1316 4474/1472/1314 4483/1481/1323 4487/1485/1327
f 4459/1457/1299 4461/1459/1301 4484/1482/1324 4488/1486/1328
f 4488/1486/1328 4484/1482/1324 4485/1483/1325 4489/1487/1329
f 4489/1487/1329 4485/1483/1325 4475/1473/1315 4477/1475/1317
f 4490/1488/1330 4486/1484/1326 4458/1456/1298 4456/1454/1296
f 4457/1455/1297 4459/1457/1299 4488/1486/1328 4491/1489/1331
f 4478/1476/1318 4476/1474/1316 4487/1485/1327 4492/1490/1332
f 4492/1490/1332 4487/1485/1327 4486/1484/1326 4490/1488/1330
f 4493/1491/1333 4489/1487/1329 4477/1475/1317 4479/1477/1319
f 4491/1489/1331 4488/1486/1328 4489/1487/1329 4493/1491/1333
f 4396/1394/1236 4395/1393/1235 4494/1492/1334 4495/1493/1335
f 4392/1390/1232 4390/1388/1230 4478/1476/1318 4496/1494/1336
f 4393/1391/1233 4392/1390/1232 4496/1494/1336 4497/1495/1337
f 4498/1496/1338 4494/1492/1334 4395/1393/1235 4394/1392/1234
f 4394/1392/1234 4393/1391/1233 4497/1495/1337 4498/1496/1338
f 4499/1497/1339 4490/1488/1330 4456/1454/1296 4454/1452/1294
f 4500/1498/1340 4492/1490/1332 4490/1488/1330 4499/1497/1339
f 4496/1494/1336 4478/1476/1318 4492/1490/1332 4500/1498/1340
f 4455/1453/1295 4457/1455/1297 4491/1489/1331 4501/1499/1341
f 4501/1499/1341 4491/1489/1331 4493/1491/1333 4502/1500/1342
f 4503/1501/1343 4499/1497/1339 4454/1452/1294 4452/1450/1292
f 4504/1502/1344 4500/1498/1340 4499/1497/1339 4503/1501/1343
f 4497/1495/1337 4496/1494/1336 4500/1498/1340 4504/1502/1344
f 4453/1451/1293 4455/1453/1295 4501/1499/1341 4505/1503/1345
f 4505/1503/1345 4501/1499/1341 4502/1500/1342 4506/1504/1346
f 4507/1505/1347 4503/1501/1343 4452/1450/1292 4450/1448/1290
f 4508/1506/1348 4504/1502/1344 4503/1501/1343 4507/1505/1347
f 4498/1496/1338 4497/1495/1337 4504/1502/1344 4508/1506/1348
f 4451/1449/1291 4453/1451/1293 4505/1503/1345 4509/1507/1349
f 4509/1507/1349 4505/1503/1345 4506/1504/1346 4510/1508/1350
f 4510/1508/1350 4506/1504/1346 4511/1509/1351 4512/1510/1352
f 4495/1493/1335 4494/1492/1334 4498/1496/1338 4508/1506/1348
f 4495/1493/1335 4508/1506/1348 4507/1505/1347 4513/1511/1353
f 4513/1511/1353 4507/1505/1347 4450/1448/1290 4448/1446/1288
f 4514/1512/1354 4509/1507/1349 4510/1508/1350 4515/1513/1355
f 4449/1447/1289 4451/1449/1291 4509/1507/1349 4514/1512/1354
f 4516/1514/1356 4444/1442/1284 4398/1396/1238 4397/1395/1237
f 4517/1515/1357 4446/1444/1286 4444/1442/1284 4516/1514/1356
f 4397/1395/1237 4396/1394/1236 4495/1493/1335 4516/1514/1356
f 4516/1514/1356 4495/1493/1335 4513/1511/1353 4517/1515/1357
f 4517/1515/1357 4513/1511/1353 4448/1446/1288 4441/1439/1281
f 4517/1515/1357 4441/1439/1281 4440/1438/1280 4446/1444/1286
f 4399/1397/1239 4400/1398/1240 4445/1443/1285 4518/1516/1358
f 4518/1516/1358 4445/1443/1285 4447/1445/1287 4519/1517/1359
f 4519/1517/1359 4514/1512/1354 4515/1513/1355 4518/1516/1358
f 4443/1441/1283 4449/1447/1289 4514/1512/1354 4519/1517/1359
f 4447/1445/1287 4442/1440/1282 4443/1441/1283 4519/1517/1359
f 4520/1518/1360 4273/1271/1113 4274/1272/1114 4521/1519/1361
f 4391/1389/1231 4275/1273/1115 4273/1271/1113 4520/1518/1360
f 4520/1518/1360 4521/1519/1361 4511/1509/1351 4522/1520/1362
f 4522/1520/1362 4479/1477/1319 4391/1389/1231 4520/1518/1360
f 4522/1520/1362 4511/1509/1351 4506/1504/1346 4502/1500/1342
f 4502/1500/1342 4493/1491/1333 4479/1477/1319 4522/1520/1362
f 4523/1521/1363 3960/994/800 4022/997/862 4524/1522/1364
f 4523/1523/1363 3930/876/770 3931/877/771 3960/913/800
f 4525/1524/1365 3934/1525/774 3930/876/770 4523/1523/1363
f 4526/1526/1366 3933/879/773 3934/880/774 4525/1527/1365
f 4527/1528/1367 4526/1526/1366 4525/1527/1365 4523/1521/1363
f 4022/997/862 4026/1003/866 4221/1219/1061 4524/1522/1364
f 4528/1529/1368 4223/1221/1063 3933/879/773 4526/1526/1366
f 4527/1528/1367 4523/1521/1363 4524/1522/1364 4529/1530/1369
f 4528/1529/1368 4526/1526/1366 4527/1528/1367 4529/1530/1369
f 4530/1531/1370 4524/1522/1364 4221/1219/1061 4270/1268/1110
f 4274/1272/1114 4223/1221/1063 4528/1529/1368 4531/1532/1371
f 4529/1530/1369 4524/1522/1364 4530/1531/1370 4532/1533/1372
f 4531/1532/1371 4528/1529/1368 4529/1530/1369 4532/1533/1372
f 4533/1534/1373 4530/1531/1370 4270/1268/1110 4399/1397/1239
f 4533/1534/1373 4399/1397/1239 4518/1516/1358 4515/1513/1355
f 4521/1519/1361 4274/1272/1114 4531/1532/1371 4534/1535/1374
f 4512/1510/1352 4511/1509/1351 4521/1519/1361 4534/1535/1374
f 4535/1536/1375 4533/1534/1373 4515/1513/1355 4536/1537/1376
f 4536/1537/1376 4515/1513/1355 4510/1508/1350 4512/1510/1352
f 4536/1537/1376 4512/1510/1352 4534/1535/1374 4535/1536/1375
f 4532/1533/1372 4530/1531/1370 4533/1534/1373 4535/1536/1375
f 4534/1535/1374 4531/1532/1371 4532/1533/1372 4535/1536/1375
f 4537/1538/1377 4538/1539/1378 4176/1174/1016 4181/1179/1021
f 4181/1179/1021 4178/1176/1018 4539/1540/1379 4537/1538/1377
f 3809/755/649 3808/754/648 4540/1541/1380 4262/1260/1102
f 4263/1261/1103 4540/1541/1380 3808/754/648 3815/761/655
f 4541/1542/1381 4348/1346/1188 4261/1259/1101 4262/1260/1102
f 4263/1261/1103 4264/1262/1104 4349/1347/1189 4542/1543/1382
f 4344/1342/1184 4348/1346/1188 4541/1542/1381 4543/1544/1383
f 4544/1545/1384 4542/1543/1382 4349/1347/1189 4345/1343/1185
f 4545/1546/1385 4340/1338/1180 4344/1342/1184 4543/1544/1383
f 4544/1545/1384 4345/1343/1185 4341/1339/1181 4546/1547/1386
f 4336/1334/1176 4340/1338/1180 4545/1546/1385 4547/1548/1387
f 4548/1549/1388 4546/1547/1386 4341/1339/1181 4337/1335/1177
f 4332/1330/1172 4336/1334/1176 4547/1548/1387 4549/1550/1389
f 4550/1551/1390 4548/1549/1388 4337/1335/1177 4333/1331/1173
f 4328/1326/1168 4332/1330/1172 4549/1550/1389 4551/1552/1391
f 4552/1553/1392 4550/1551/1390 4333/1331/1173 4329/1327/1169
f 4551/1552/1391 4549/1550/1389 4553/1554/1393 4554/1555/1394
f 4555/1556/1395 4556/1557/1396 4550/1551/1390 4552/1553/1392
f 4557/1558/1397 4558/1559/1398 4559/1560/1399 4560/1561/1400
f 4561/1562/1401 4541/1542/1381 4262/1260/1102 4560/1561/1400
f 4562/1563/1402 4543/1544/1383 4541/1542/1381 4561/1562/1401
f 4563/1564/1403 4542/1543/1382 4544/1545/1384 4564/1565/1404
f 4565/1566/1405 4547/1548/1387 4545/1546/1385 4566/1567/1406
f 4566/1567/1406 4545/1546/1385 4543/1544/1383 4562/1563/1402
f 4553/1554/1393 4549/1550/1389 4547/1548/1387 4565/1566/1405
f 4567/1568/1407 4546/1547/1386 4548/1549/1388 4568/1569/1408
f 4564/1565/1404 4544/1545/1384 4546/1547/1386 4567/1568/1407
f 4568/1569/1408 4548/1549/1388 4550/1551/1390 4556/1557/1396
f 4554/1555/1394 4553/1554/1393 4565/1566/1405 4569/1570/1409
f 4570/1571/1410 4568/1569/1408 4556/1557/1396 4555/1556/1395
f 4569/1570/1409 4565/1566/1405 4566/1567/1406 4571/1572/1411
f 4572/1573/1412 4567/1568/1407 4568/1569/1408 4570/1571/1410
f 4573/1574/1413 4561/1562/1401 4560/1561/1400 4559/1560/1399
f 4574/1575/1414 4562/1563/1402 4561/1562/1401 4573/1574/1413
f 4571/1572/1411 4566/1567/1406 4562/1563/1402 4574/1575/1414
f 4575/1576/1415 4563/1564/1403 4564/1565/1404 4576/1577/1416
f 4576/1577/1416 4564/1565/1404 4567/1568/1407 4572/1573/1412
f 4577/1578/1417 4573/1574/1413 4559/1560/1399 4578/1579/1418
f 4579/1580/1419 4574/1575/1414 4573/1574/1413 4577/1578/1417
f 4580/1581/1420 4571/1572/1411 4574/1575/1414 4579/1580/1419
f 4581/1582/1421 4575/1576/1415 4576/1577/1416 4582/1583/1422
f 4582/1583/1422 4576/1577/1416 4572/1573/1412 4583/1584/1423
f 4584/1585/1424 4569/1570/1409 4571/1572/1411 4580/1581/1420
f 4583/1584/1423 4572/1573/1412 4570/1571/1410 4585/1586/1425
f 4324/1322/1164 4328/1326/1168 4551/1552/1391 4586/1587/1426
f 4586/1587/1426 4551/1552/1391 4554/1555/1394 4587/1588/1427
f 4587/1588/1427 4554/1555/1394 4569/1570/1409 4584/1585/1424
f 4588/1589/1428 4552/1553/1392 4329/1327/1169 4325/1323/1165
f 4589/1590/1429 4555/1556/1395 4552/1553/1392 4588/1589/1428
f 4585/1586/1425 4570/1571/1410 4555/1556/1395 4589/1590/1429
f 4320/1318/1160 4324/1322/1164 4586/1587/1426 4590/1591/1430
f 4591/1592/1431 4588/1589/1428 4325/1323/1165 4321/1319/1161
f 4316/1314/1156 4320/1318/1160 4590/1591/1430 4592/1593/1432
f 4593/1594/1433 4591/1592/1431 4321/1319/1161 4317/1315/1157
f 4557/1558/1397 4540/1541/1380 4263/1261/1103 4594/1595/1434
f 4560/1561/1400 4262/1260/1102 4540/1541/1380 4557/1558/1397
f 4594/1595/1434 4263/1261/1103 4542/1543/1382 4563/1564/1403
f 4558/1559/1398 4557/1558/1397 4594/1595/1434 4595/1596/1435
f 4595/1596/1435 4594/1595/1434 4563/1564/1403 4575/1576/1415
f 4578/1579/1418 4559/1560/1399 4558/1559/1398 4596/1597/1436
f 4596/1597/1436 4558/1559/1398 4595/1596/1435 4597/1598/1437
f 4597/1598/1437 4595/1596/1435 4575/1576/1415 4581/1582/1421
f 4598/1599/1438 4578/1579/1418 4596/1597/1436 4599/1600/1439
f 4599/1600/1439 4596/1597/1436 4597/1598/1437 4600/1601/1440
f 4601/1602/1441 4158/1156/998 4176/1174/1016 4538/1539/1378
f 4539/1540/1379 4178/1176/1018 4157/1155/997 4602/1603/1442
f 4603/1604/1443 4313/1311/1153 4260/1258/1100 4140/1138/980
f 4593/1594/1433 4317/1315/1157 4313/1311/1153 4603/1604/1443
f 4138/1136/978 4259/1257/1099 4312/1310/1152 4604/1605/1444
f 4604/1605/1444 4312/1310/1152 4316/1314/1156 4592/1593/1432
f 4136/1134/976 4158/1156/998 4601/1602/1441 4605/1606/1445
f 4606/1607/1446 4602/1603/1442 4157/1155/997 4135/1133/975
f 4137/1135/977 4136/1134/976 4605/1606/1445 4607/1608/1447
f 4608/1609/1448 4606/1607/1446 4135/1133/975 4134/1132/974
f 4609/1610/1449 4603/1604/1443 4140/1138/980 4141/1139/981
f 4609/1610/1449 4141/1139/981 4137/1135/977 4607/1608/1447
f 4139/1137/979 4138/1136/978 4604/1605/1444 4610/1611/1450
f 4608/1609/1448 4134/1132/974 4139/1137/979 4610/1611/1450
f 4611/1612/1451 4589/1590/1429 4588/1589/1428 4591/1592/1431
f 4612/1613/1452 4598/1599/1438 4599/1600/1439 4613/1614/1453
f 4614/1615/1454 4577/1578/1417 4578/1579/1418 4598/1599/1438
f 4615/1616/1455 4579/1580/1419 4577/1578/1417 4614/1615/1454
f 4616/1617/1456 4580/1581/1420 4579/1580/1419 4615/1616/1455
f 4617/1618/1457 4584/1585/1424 4580/1581/1420 4616/1617/1456
f 4618/1619/1458 4587/1588/1427 4584/1585/1424 4617/1618/1457
f 4590/1591/1430 4586/1587/1426 4587/1588/1427 4618/1619/1458
f 4592/1593/1432 4590/1591/1430 4618/1619/1458 4619/1620/1459
f 4620/1621/1460 4621/1622/1461 4608/1609/1448 4610/1611/1450
f 4622/1623/1462 4620/1621/1460 4610/1611/1450 4604/1605/1444
f 4622/1623/1462 4604/1605/1444 4592/1593/1432 4619/1620/1459
f 4623/1624/1463 4614/1615/1454 4598/1599/1438 4612/1613/1452
f 4624/1625/1464 4615/1616/1455 4614/1615/1454 4625/1626/1465
f 4626/1627/1466 4616/1617/1456 4615/1616/1455 4624/1625/1464
f 4627/1628/1467 4617/1618/1457 4616/1617/1456 4626/1627/1466
f 4628/1629/1468 4618/1619/1458 4617/1618/1457 4627/1628/1467
f 4629/1630/1469 4619/1620/1459 4618/1619/1458 4628/1629/1468
f 4630/1631/1470 4621/1622/1461 4620/1621/1460 4631/1632/1471
f 4631/1632/1471 4620/1621/1460 4622/1623/1462 4632/1633/1472
f 4632/1633/1472 4622/1623/1462 4619/1620/1459 4629/1630/1469
f 4625/1626/1465 4614/1615/1454 4623/1624/1463 4633/1634/1473
f 4633/1634/1473 4623/1624/1463 4612/1613/1452 4634/1635/1474
f 4634/1635/1474 4612/1613/1452 4635/1636/1475 4636/1637/1476
f 4636/1637/1476 4635/1636/1475 4637/1638/1477 4638/1639/1478
f 4639/1640/1479 4633/1634/1473 4634/1635/1474 4640/1641/1480
f 4641/1642/1481 4626/1627/1466 4624/1625/1464 4642/1643/1482
f 4643/1644/1483 4628/1629/1468 4627/1628/1467 4644/1645/1484
f 4645/1646/1485 4631/1632/1471 4632/1633/1472 4646/1647/1486
f 4647/1648/1487 4636/1637/1476 4638/1639/1478 4648/1649/1488
f 4644/1645/1484 4627/1628/1467 4626/1627/1466 4641/1642/1481
f 4642/1643/1482 4624/1625/1464 4625/1626/1465 4649/1650/1489
f 4649/1650/1489 4625/1626/1465 4633/1634/1473 4639/1640/1479
f 4640/1641/1480 4634/1635/1474 4636/1637/1476 4647/1648/1487
f 4650/1651/1490 4629/1630/1469 4628/1629/1468 4643/1644/1483
f 4646/1647/1486 4632/1633/1472 4629/1630/1469 4650/1651/1490
f 4651/1652/1491 4630/1631/1470 4631/1632/1471 4645/1646/1485
f 4645/1646/1485 4646/1647/1486 4650/1651/1490 4652/1653/1492
f 4650/1651/1490 4643/1644/1483 4644/1645/1484 4652/1653/1492
f 4653/1654/1493 4651/1652/1491 4645/1646/1485 4652/1653/1492
f 4652/1653/1492 4647/1648/1487 4648/1649/1488 4654/1655/1494
f 4652/1653/1492 4644/1645/1484 4641/1642/1481 4642/1643/1482
f 4652/1653/1492 4642/1643/1482 4649/1650/1489 4639/1640/1479
f 4652/1653/1492 4639/1640/1479 4640/1641/1480 4647/1648/1487
f 4655/1656/1495 4653/1654/1493 4652/1653/1492 4654/1655/1494
f 4656/1657/1496 4638/1639/1478 4637/1638/1477 4657/1658/1497
f 4658/1659/1498 4630/1631/1470 4651/1652/1491 4653/1654/1493
f 4654/1655/1494 4648/1649/1488 4638/1639/1478 4656/1657/1496
f 4606/1607/1446 4608/1609/1448 4621/1622/1461 4659/1660/1499
f 4659/1660/1499 4621/1622/1461 4630/1631/1470 4658/1659/1498
f 4660/1661/1500 4537/1538/1377 4539/1540/1379 4602/1603/1442
f 4601/1602/1441 4538/1539/1378 4537/1538/1377 4660/1661/1500
f 4660/1661/1500 4602/1603/1442 4606/1607/1446 4659/1660/1499
f 4661/1662/1501 4659/1660/1499 4658/1659/1498 4662/1663/1502
f 4662/1663/1502 4658/1659/1498 4653/1654/1493 4655/1656/1495
f 4662/1663/1502 4655/1656/1495 4654/1655/1494 4656/1657/1496
f 4662/1663/1502 4656/1657/1496 4657/1658/1497 4661/1662/1501
f 4663/1664/1503 4660/1661/1500 4659/1660/1499 4661/1662/1501
f 4600/1601/1440 4597/1598/1437 4581/1582/1421 4664/1665/1504
f 4664/1665/1504 4581/1582/1421 4582/1583/1422 4665/1666/1505
f 4666/1667/1506 4583/1584/1423 4585/1586/1425 4667/1668/1507
f 4665/1666/1505 4582/1583/1422 4583/1584/1423 4666/1667/1506
f 4667/1668/1507 4585/1586/1425 4589/1590/1429 4611/1612/1451
f 4668/1669/1508 4611/1612/1451 4591/1592/1431 4593/1594/1433
f 4668/1669/1508 4593/1594/1433 4603/1604/1443 4669/1670/1509
f 4668/1669/1508 4669/1670/1509 4670/1671/1510 4671/1672/1511
f 4663/1664/1503 4661/1662/1501 4657/1658/1497 4672/1673/1512
f 4673/1674/1513 4672/1673/1512 4657/1658/1497 4637/1638/1477
f 4674/1675/1514 4666/1667/1506 4667/1668/1507 4611/1612/1451
f 4674/1675/1514 4611/1612/1451 4668/1669/1508 4671/1672/1511
f 4675/1676/1515 4673/1674/1513 4637/1638/1477 4635/1636/1475
f 4635/1636/1475 4612/1613/1452 4613/1614/1453 4675/1676/1515
f 4665/1666/1505 4666/1667/1506 4674/1675/1514 4676/1677/1516
f 4664/1665/1504 4665/1666/1505 4676/1677/1516 4677/1678/1517
f 4678/1679/1518 4600/1601/1440 4664/1665/1504 4677/1678/1517
f 4613/1614/1453 4599/1600/1439 4600/1601/1440 4678/1679/1518
f 4679/1680/1519 4675/1676/1515 4613/1614/1453 4678/1679/1518
f 4680/1681/1520 4679/1680/1519 4678/1679/1518 4677/1678/1517
f 4677/1678/1517 4676/1677/1516 4681/1682/1521 4680/1681/1520
f 4682/1683/1522 4674/1675/1514 4671/1672/1511 4683/1684/1523
f 4682/1683/1522 4684/1685/1524 4680/1681/1520 4681/1682/1521
f 4681/1682/1521 4676/1677/1516 4674/1675/1514 4682/1683/1522
f 4685/1686/1525 4669/1670/1509 4603/1604/1443 4609/1610/1449
f 4686/1687/1526 4670/1671/1510 4669/1670/1509 4685/1686/1525
f 4683/1684/1523 4671/1672/1511 4670/1671/1510 4686/1687/1526
f 4687/1688/1527 4685/1686/1525 4609/1610/1449 4607/1608/1447
f 4688/1689/1528 4683/1684/1523 4686/1687/1526 4689/1690/1529
f 4689/1690/1529 4686/1687/1526 4685/1686/1525 4687/1688/1527
f 4684/1685/1524 4682/1683/1522 4683/1684/1523 4688/1689/1528
f 4605/1606/1445 4601/1602/1441 4660/1661/1500 4690/1691/1530
f 4690/1691/1530 4687/1688/1527 4607/1608/1447 4605/1606/1445
f 4690/1691/1530 4660/1661/1500 4663/1664/1503 4691/1692/1531
f 4691/1692/1531 4689/1690/1529 4687/1688/1527 4690/1691/1530
f 4692/1693/1532 4672/1673/1512 4673/1674/1513 4693/1694/1533
f 4691/1692/1531 4663/1664/1503 4672/1673/1512 4692/1693/1532
f 4693/1694/1533 4684/1685/1524 4688/1689/1528 4692/1693/1532
f 4692/1693/1532 4688/1689/1528 4689/1690/1529 4691/1692/1531
f 4693/1694/1533 4673/1674/1513 4675/1676/1515 4679/1680/1519
f 4679/1680/1519 4680/1681/1520 4684/1685/1524 4693/1694/1533
f 3951/903/791 3949/904/789 4694/1695/1534 4695/1696/1535
f 4696/1697/1536 4694/1698/1534 3949/901/789 3950/902/790
f 3965/920/805 4059/1036/899 4697/1699/1537 4698/1700/1538
f 4699/1701/1539 4700/1702/1540 4060/1037/900 3970/927/810
f 3966/921/806 3965/920/805 4698/1700/1538 4701/1703/1541
f 4702/1704/1542 4699/1701/1539 3970/927/810 3969/926/809
f 3972/929/812 3966/921/806 4701/1703/1541 4703/1705/1543
f 4704/1706/1544 4702/1704/1542 3969/926/809 3973/930/813
f 3982/943/822 3972/929/812 4703/1705/1543 4705/1707/1545
f 4706/1708/1546 4704/1706/1544 3973/930/813 3983/944/823
f 3987/949/827 3982/943/822 4705/1707/1545 4707/1709/1547
f 4708/1710/1548 4706/1708/1546 3983/944/823 3990/953/830
f 3993/957/833 3987/949/827 4707/1709/1547 4709/1711/1549
f 4710/1712/1550 4708/1710/1548 3990/953/830 3996/961/836
f 4000/967/840 3993/957/833 4709/1711/1549 4711/1713/1551
f 4712/1714/1552 4710/1712/1550 3996/961/836 4001/968/841
f 4009/976/849 4000/967/840 4711/1713/1551 4713/1715/1553
f 4714/1716/1554 4712/1714/1552 4001/968/841 4012/979/852
f 4003/970/843 4009/976/849 4713/1715/1553 4715/1717/1555
f 4715/1717/1555 4696/1697/1536 3950/902/790 4003/970/843
f 4716/1718/1556 4714/1716/1554 4012/979/852 4006/973/846
f 4006/973/846 3951/903/791 4695/1696/1535 4716/1718/1556
f 4717/1719/1557 4697/1699/1537 4059/1036/899 4063/1041/903
f 4066/1045/906 4060/1037/900 4700/1702/1540 4718/1720/1558
f 4719/1721/1559 4717/1719/1557 4063/1041/903 4069/1050/909
f 4072/1053/912 4066/1045/906 4718/1720/1558 4720/1722/1560
f 4721/1723/1561 4719/1721/1559 4069/1050/909 4075/1057/915
f 4078/1061/918 4072/1053/912 4720/1722/1560 4722/1724/1562
f 4723/1725/1563 4721/1723/1561 4075/1057/915 4081/1066/921
f 4084/1069/924 4078/1061/918 4722/1724/1562 4724/1726/1564
f 4725/1727/1565 4723/1725/1563 4081/1066/921 4087/1073/927
f 4090/1077/930 4084/1069/924 4724/1726/1564 4726/1728/1566
f 4727/1729/1567 4725/1727/1565 4087/1073/927 4093/1082/933
f 4096/1085/936 4090/1077/930 4726/1728/1566 4728/1730/1568
f 4729/1731/1569 4727/1729/1567 4093/1082/933 4099/1089/939
f 4102/1093/942 4096/1085/936 4728/1730/1568 4730/1732/1570
f 4731/1733/1571 4729/1731/1569 4099/1089/939 4105/1098/945
f 4108/1101/948 4102/1093/942 4730/1732/1570 4732/1734/1572
f 4733/1735/1573 4731/1733/1571 4105/1098/945 4111/1107/951
f 4111/1109/951 4108/1101/948 4732/1734/1572 4733/1736/1573
f 4734/1737/1574 4695/1696/1535 4694/1695/1534 4696/1738/1536
f 4735/1739/1575 4734/1740/1574 4696/1697/1536 4736/1741/1576
f 4737/1742/1577 4698/1700/1538 4697/1699/1537 4738/1743/1578
f 4739/1744/1579 4700/1702/1540 4699/1701/1539 4740/1745/1580
f 4741/1746/1581 4701/1703/1541 4698/1700/1538 4737/1742/1577
f 4740/1745/1580 4699/1701/1539 4702/1704/1542 4742/1747/1582
f 4743/1748/1583 4703/1705/1543 4701/1703/1541 4741/1746/1581
f 4742/1747/1582 4702/1704/1542 4704/1706/1544 4744/1749/1584
f 4745/1750/1585 4705/1707/1545 4703/1705/1543 4743/1748/1583
f 4744/1749/1584 4704/1706/1544 4706/1708/1546 4746/1751/1586
f 4747/1752/1587 4707/1709/1547 4705/1707/1545 4745/1750/1585
f 4746/1751/1586 4706/1708/1546 4708/1710/1548 4748/1753/1588
f 4749/1754/1589 4709/1711/1549 4707/1709/1547 4747/1752/1587
f 4748/1753/1588 4708/1710/1548 4710/1712/1550 4750/1755/1590
f 4751/1756/1591 4711/1713/1551 4709/1711/1549 4749/1754/1589
f 4750/1755/1590 4710/1712/1550 4712/1714/1552 4752/1757/1592
f 4753/1758/1593 4713/1715/1553 4711/1713/1551 4751/1756/1591
f 4752/1757/1592 4712/1714/1552 4714/1716/1554 4754/1759/1594
f 4755/1760/1595 4715/1717/1555 4713/1715/1553 4753/1758/1593
f 4736/1741/1576 4696/1697/1536 4715/1717/1555 4755/1760/1595
f 4754/1759/1594 4714/1716/1554 4716/1718/1556 4756/1761/1596
f 4756/1761/1596 4716/1718/1556 4695/1696/1535 4757/1762/1597
f 4738/1743/1578 4697/1699/1537 4717/1719/1557 4758/1763/1598
f 4759/1764/1599 4718/1720/1558 4700/1702/1540 4739/1744/1579
f 4758/1763/1598 4717/1719/1557 4719/1721/1559 4760/1765/1600
f 4761/1766/1601 4720/1722/1560 4718/1720/1558 4759/1764/1599
f 4760/1765/1600 4719/1721/1559 4721/1723/1561 4762/1767/1602
f 4763/1768/1603 4722/1724/1562 4720/1722/1560 4761/1766/1601
f 4762/1767/1602 4721/1723/1561 4723/1725/1563 4764/1769/1604
f 4765/1770/1605 4724/1726/1564 4722/1724/1562 4763/1768/1603
f 4764/1769/1604 4723/1725/1563 4725/1727/1565 4766/1771/1606
f 4767/1772/1607 4726/1728/1566 4724/1726/1564 4765/1770/1605
f 4766/1771/1606 4725/1727/1565 4727/1729/1567 4768/1773/1608
f 4769/1774/1609 4728/1730/1568 4726/1728/1566 4767/1772/1607
f 4768/1773/1608 4727/1729/1567 4729/1731/1569 4770/1775/1610
f 4771/1776/1611 4730/1732/1570 4728/1730/1568 4769/1774/1609
f 4770/1775/1610 4729/1731/1569 4731/1733/1571 4772/1777/1612
f 4773/1778/1613 4732/1734/1572 4730/1732/1570 4771/1776/1611
f 4772/1777/1612 4731/1733/1571 4733/1735/1573 4774/1779/1614
f 4774/1780/1614 4733/1736/1573 4732/1734/1572 4773/1778/1613
f 4757/1762/1597 4695/1696/1535 4734/1737/1574 4735/1781/1575
f 4775/1782/1615 4735/1739/1575 4736/1741/1576 4776/1783/1616
f 4777/1784/1617 4737/1742/1577 4738/1743/1578 4778/1785/1618
f 4779/1786/1619 4739/1744/1579 4740/1745/1580 4780/1787/1620
f 4781/1788/1621 4741/1746/1581 4737/1742/1577 4777/1784/1617
f 4780/1787/1620 4740/1745/1580 4742/1747/1582 4782/1789/1622
f 4783/1790/1623 4743/1748/1583 4741/1746/1581 4781/1788/1621
f 4782/1789/1622 4742/1747/1582 4744/1749/1584 4784/1791/1624
f 4785/1792/1625 4745/1750/1585 4743/1748/1583 4783/1790/1623
f 4784/1791/1624 4744/1749/1584 4746/1751/1586 4786/1793/1626
f 4787/1794/1627 4747/1752/1587 4745/1750/1585 4785/1792/1625
f 4786/1793/1626 4746/1751/1586 4748/1753/1588 4788/1795/1628
f 4789/1796/1629 4749/1754/1589 4747/1752/1587 4787/1794/1627
f 4788/1795/1628 4748/1753/1588 4750/1755/1590 4790/1797/1630
f 4791/1798/1631 4751/1756/1591 4749/1754/1589 4789/1796/1629
f 4790/1797/1630 4750/1755/1590 4752/1757/1592 4792/1799/1632
f 4793/1800/1633 4753/1758/1593 4751/1756/1591 4791/1798/1631
f 4792/1799/1632 4752/1757/1592 4754/1759/1594 4794/1801/1634
f 4776/1783/1616 4736/1741/1576 4755/1760/1595 4795/1802/1635
f 4795/1802/1635 4755/1760/1595 4753/1758/1593 4793/1800/1633
f 4796/1803/1636 4756/1761/1596 4757/1762/1597 4797/1804/1637
f 4794/1801/1634 4754/1759/1594 4756/1761/1596 4796/1803/1636
f 4778/1785/1618 4738/1743/1578 4758/1763/1598 4798/1805/1638
f 4799/1806/1639 4759/1764/1599 4739/1744/1579 4779/1786/1619
f 4798/1805/1638 4758/1763/1598 4760/1765/1600 4800/1807/1640
f 4801/1808/1641 4761/1766/1601 4759/1764/1599 4799/1806/1639
f 4800/1807/1640 4760/1765/1600 4762/1767/1602 4802/1809/1642
f 4803/1810/1643 4763/1768/1603 4761/1766/1601 4801/1808/1641
f 4802/1809/1642 4762/1767/1602 4764/1769/1604 4804/1811/1644
f 4805/1812/1645 4765/1770/1605 4763/1768/1603 4803/1810/1643
f 4804/1811/1644 4764/1769/1604 4766/1771/1606 4806/1813/1646
f 4807/1814/1647 4767/1772/1607 4765/1770/1605 4805/1812/1645
f 4806/1813/1646 4766/1771/1606 4768/1773/1608 4808/1815/1648
f 4809/1816/1649 4769/1774/1609 4767/1772/1607 4807/1814/1647
f 4808/1815/1648 4768/1773/1608 4770/1775/1610 4810/1817/1650
f 4811/1818/1651 4771/1776/1611 4769/1774/1609 4809/1816/1649
f 4810/1817/1650 4770/1775/1610 4772/1777/1612 4812/1819/1652
f 4813/1820/1653 4773/1778/1613 4771/1776/1611 4811/1818/1651
f 4812/1819/1652 4772/1777/1612 4774/1779/1614 4814/1821/1654
f 4814/1822/1654 4774/1780/1614 4773/1778/1613 4813/1820/1653
f 4797/1804/1637 4757/1762/1597 4735/1781/1575 4775/1823/1615
f 4815/1824/1655 4775/1782/1615 4776/1783/1616 4816/1825/1656
f 4817/1826/1657 4777/1784/1617 4778/1785/1618 4818/1827/1658
f 4819/1828/1659 4779/1786/1619 4780/1787/1620 4820/1829/1660
f 4821/1830/1661 4781/1788/1621 4777/1784/1617 4817/1826/1657
f 4820/1829/1660 4780/1787/1620 4782/1789/1622 4822/1831/1662
f 4823/1832/1663 4783/1790/1623 4781/1788/1621 4821/1830/1661
f 4822/1831/1662 4782/1789/1622 4784/1791/1624 4824/1833/1664
f 4825/1834/1665 4785/1792/1625 4783/1790/1623 4823/1832/1663
f 4824/1833/1664 4784/1791/1624 4786/1793/1626 4826/1835/1666
f 4827/1836/1667 4787/1794/1627 4785/1792/1625 4825/1834/1665
f 4826/1835/1666 4786/1793/1626 4788/1795/1628 4828/1837/1668
f 4829/1838/1669 4789/1796/1629 4787/1794/1627 4827/1836/1667
f 4828/1837/1668 4788/1795/1628 4790/1797/1630 4830/1839/1670
f 4831/1840/1671 4791/1798/1631 4789/1796/1629 4829/1838/1669
f 4830/1839/1670 4790/1797/1630 4792/1799/1632 4832/1841/1672
f 4833/1842/1673 4793/1800/1633 4791/1798/1631 4831/1840/1671
f 4832/1841/1672 4792/1799/1632 4794/1801/1634 4834/1843/1674
f 4816/1825/1656 4776/1783/1616 4795/1802/1635 4835/1844/1675
f 4835/1844/1675 4795/1802/1635 4793/1800/1633 4833/1842/1673
f 4836/1845/1676 4796/1803/1636 4797/1804/1637 4837/1846/1677
f 4834/1843/1674 4794/1801/1634 4796/1803/1636 4836/1845/1676
f 4818/1827/1658 4778/1785/1618 4798/1805/1638 4838/1847/1678
f 4839/1848/1679 4799/1806/1639 4779/1786/1619 4819/1828/1659
f 4838/1847/1678 4798/1805/1638 4800/1807/1640 4840/1849/1680
f 4841/1850/1681 4801/1808/1641 4799/1806/1639 4839/1848/1679
f 4840/1849/1680 4800/1807/1640 4802/1809/1642 4842/1851/1682
f 4843/1852/1683 4803/1810/1643 4801/1808/1641 4841/1850/1681
f 4842/1851/1682 4802/1809/1642 4804/1811/1644 4844/1853/1684
f 4845/1854/1685 4805/1812/1645 4803/1810/1643 4843/1852/1683
f 4844/1853/1684 4804/1811/1644 4806/1813/1646 4846/1855/1686
f 4847/1856/1687 4807/1814/1647 4805/1812/1645 4845/1854/1685
f 4846/1855/1686 4806/1813/1646 4808/1815/1648 4848/1857/1688
f 4849/1858/1689 4809/1816/1649 4807/1814/1647 4847/1856/1687
f 4848/1857/1688 4808/1815/1648 4810/1817/1650 4850/1859/1690
f 4851/1860/1691 4811/1818/1651 4809/1816/1649 4849/1858/1689
f 4850/1859/1690 4810/1817/1650 4812/1819/1652 4852/1861/1692
f 4853/1862/1693 4813/1820/1653 4811/1818/1651 4851/1860/1691
f 4852/1861/1692 4812/1819/1652 4814/1821/1654 4854/1863/1694
f 4854/1864/1694 4814/1822/1654 4813/1820/1653 4853/1862/1693
f 4837/1846/1677 4797/1804/1637 4775/1823/1615 4815/1865/1655
f 4855/1866/1695 4830/1839/1670 4832/1841/1672 4856/1867/1696
f 4857/1868/1697 4816/1825/1656 4835/1844/1675 4858/1869/1698
f 4859/1870/1699 4836/1845/1676 4837/1846/1677 4860/1871/1700
f 4861/1872/1701 4845/1854/1685 4843/1852/1683 4862/1873/1702
f 4863/1874/1703 4849/1858/1689 4847/1856/1687 4864/1875/1704
f 4865/1876/1705 4853/1862/1693 4851/1860/1691 4866/1877/1706
f 4867/1878/1707 4821/1830/1661 4817/1826/1657 4868/1879/1708
f 4869/1880/1709 4820/1829/1660 4822/1831/1662 4870/1881/1710
f 4871/1882/1711 4867/1883/1707 4868/1884/1708 4872/1885/1712
f 4873/1886/1713 4869/1887/1709 4870/1888/1710 4874/1889/1714
f 4875/1890/1715 4872/1891/1712 4868/1892/1708 4876/1893/1716
f 4877/1894/1717 4871/1882/1711 4872/1885/1712 4875/1895/1715
f 4878/1896/1718 4867/1897/1707 4871/1898/1711 4877/1899/1717
f 4879/1900/1719 4869/1901/1709 4873/1902/1713 4880/1903/1720
f 4880/1904/1720 4873/1886/1713 4874/1889/1714 4881/1905/1721
f 4881/1906/1721 4874/1907/1714 4870/1908/1710 4882/1909/1722
f 4883/1910/1723 4877/1894/1717 4875/1895/1715 4884/1911/1724
f 4885/1912/1725 4880/1904/1720 4881/1905/1721 4886/1913/1726
f 4887/1914/1727 4883/1910/1723 4884/1911/1724 4888/1915/1728
f 4889/1916/1729 4887/1914/1727 4888/1915/1728 4890/1917/1730
f 4891/1918/1731 4885/1912/1725 4886/1913/1726 4892/1919/1732
f 4892/1919/1732 4893/1920/1733 4894/1921/1734 4891/1918/1731
f 4895/1922/1735 4884/1923/1724 4875/1890/1715 4876/1893/1716
f 4896/1924/1736 4888/1925/1728 4884/1923/1724 4895/1922/1735
f 4879/1900/1719 4880/1903/1720 4885/1926/1725 4897/1927/1737
f 4897/1927/1737 4885/1926/1725 4891/1928/1731 4898/1929/1738
f 4895/1930/1735 4876/1931/1716 4868/1879/1708 4899/1932/1739
f 4900/1933/1740 4869/1880/1709 4879/1934/1719 4897/1935/1737
f 4878/1896/1718 4877/1899/1717 4883/1936/1723 4901/1937/1741
f 4901/1937/1741 4883/1936/1723 4887/1938/1727 4902/1939/1742
f 4903/1940/1743 4886/1941/1726 4881/1906/1721 4882/1909/1722
f 4904/1942/1744 4892/1943/1732 4886/1941/1726 4903/1940/1743
f 4903/1944/1743 4882/1945/1722 4870/1881/1710 4905/1946/1745
f 4906/1947/1746 4893/1948/1733 4892/1943/1732 4904/1942/1744
f 4907/1949/1747 4854/1864/1694 4853/1862/1693 4865/1876/1705
f 4908/1950/1748 4852/1861/1692 4854/1863/1694 4907/1951/1747
f 4909/1952/1749 4848/1857/1688 4850/1859/1690 4910/1953/1750
f 4910/1953/1750 4850/1859/1690 4852/1861/1692 4908/1950/1748
f 4866/1877/1706 4851/1860/1691 4849/1858/1689 4863/1874/1703
f 4911/1954/1751 4844/1853/1684 4846/1855/1686 4912/1955/1752
f 4912/1955/1752 4846/1855/1686 4848/1857/1688 4909/1952/1749
f 4864/1875/1704 4847/1856/1687 4845/1854/1685 4861/1872/1701
f 4913/1956/1753 4840/1849/1680 4842/1851/1682 4914/1957/1754
f 4914/1957/1754 4842/1851/1682 4844/1853/1684 4911/1954/1751
f 4862/1873/1702 4843/1852/1683 4841/1850/1681 4915/1958/1755
f 4916/1959/1756 4838/1847/1678 4840/1849/1680 4913/1956/1753
f 4915/1958/1755 4841/1850/1681 4839/1848/1679 4917/1960/1757
f 4918/1961/1758 4862/1873/1702 4915/1958/1755 4917/1960/1757
f 4868/1879/1708 4817/1826/1657 4818/1827/1658 4899/1932/1739
f 4899/1932/1739 4818/1827/1658 4838/1847/1678 4916/1959/1756
f 4900/1933/1740 4819/1828/1659 4820/1829/1660 4869/1880/1709
f 4917/1960/1757 4839/1848/1679 4819/1828/1659 4900/1933/1740
f 4919/1962/1759 4890/1963/1730 4888/1925/1728 4896/1924/1736
f 4919/1964/1759 4896/1965/1736 4895/1930/1735 4899/1932/1739
f 4898/1929/1738 4891/1928/1731 4894/1966/1734 4920/1967/1760
f 4900/1933/1740 4897/1935/1737 4898/1968/1738 4920/1969/1760
f 4906/1970/1746 4920/1971/1760 4894/1921/1734 4893/1920/1733
f 4870/1881/1710 4822/1831/1662 4824/1833/1664 4905/1946/1745
f 4906/1972/1746 4904/1973/1744 4903/1944/1743 4905/1946/1745
f 4916/1959/1756 4913/1956/1753 4914/1957/1754 4918/1974/1758
f 4912/1955/1752 4909/1952/1749 4910/1953/1750 4918/1974/1758
f 4918/1961/1758 4864/1875/1704 4861/1872/1701 4862/1873/1702
f 4918/1961/1758 4917/1960/1757 4900/1933/1740 4921/1975/1761
f 4910/1953/1750 4908/1950/1748 4907/1951/1747 4918/1974/1758
f 4918/1961/1758 4907/1949/1747 4865/1876/1705 4866/1877/1706
f 4918/1961/1758 4866/1877/1706 4863/1874/1703 4864/1875/1704
f 4914/1957/1754 4911/1954/1751 4912/1955/1752 4918/1974/1758
f 4922/1976/1762 4899/1932/1739 4916/1959/1756 4918/1974/1758
f 4919/1964/1759 4899/1932/1739 4922/1976/1762 4923/1977/1763
f 4924/1978/1764 4918/1961/1758 4921/1975/1761 4925/1979/1765
f 4925/1979/1765 4921/1975/1761 4900/1933/1740 4920/1969/1760
f 4925/1979/1765 4920/1969/1760 4906/1972/1746 4926/1980/1766
f 4925/1979/1765 4926/1980/1766 4927/1981/1767 4924/1978/1764
f 4923/1977/1763 4922/1976/1762 4918/1974/1758 4924/1982/1764
f 4928/1983/1768 4815/1824/1655 4816/1825/1656 4857/1868/1697
f 4860/1871/1700 4837/1846/1677 4815/1865/1655 4928/1984/1768
f 4929/1985/1769 4928/1983/1768 4857/1868/1697 4858/1869/1698
f 4930/1986/1770 4833/1842/1673 4831/1840/1671 4931/1987/1771
f 4858/1869/1698 4835/1844/1675 4833/1842/1673 4930/1986/1770
f 4856/1867/1696 4832/1841/1672 4834/1843/1674 4932/1988/1772
f 4932/1988/1772 4834/1843/1674 4836/1845/1676 4859/1870/1699
f 4933/1989/1773 4829/1838/1669 4827/1836/1667 4934/1990/1774
f 4931/1987/1771 4831/1840/1671 4829/1838/1669 4933/1989/1773
f 4935/1991/1775 4828/1837/1668 4830/1839/1670 4855/1866/1695
f 4905/1946/1745 4824/1833/1664 4826/1835/1666 4936/1992/1776
f 4936/1992/1776 4826/1835/1666 4828/1837/1668 4935/1991/1775
f 4855/1866/1695 4856/1867/1696 4932/1988/1772 4937/1993/1777
f 4938/1994/1778 4926/1980/1766 4906/1972/1746 4905/1946/1745
f 4938/1994/1778 4905/1946/1745 4936/1992/1776 4937/1993/1777
f 4936/1992/1776 4935/1991/1775 4855/1866/1695 4937/1993/1777
f 4939/1995/1779 4938/1994/1778 4937/1993/1777 4929/1996/1769
f 4859/1870/1699 4860/1871/1700 4928/1984/1768 4929/1996/1769
f 4937/1993/1777 4932/1988/1772 4859/1870/1699 4929/1996/1769
f 4940/1997/1780 4923/1977/1763 4924/1982/1764 4927/1998/1767
f 4889/1916/1729 4890/1917/1730 4919/1999/1759 4941/2000/1781
f 4941/2001/1781 4919/1964/1759 4923/1977/1763 4940/1997/1780
f 4902/1939/1742 4887/1938/1727 4889/2002/1729 4941/2003/1781
f 4942/2004/1782 4823/1832/1663 4821/1830/1661 4867/1878/1707
f 4942/2004/1782 4901/2005/1741 4902/2006/1742 4941/2001/1781
f 4942/2004/1782 4867/1878/1707 4878/2007/1718 4901/2005/1741
f 4939/2008/1779 4943/2009/1783 4940/1997/1780 4927/1998/1767
f 4927/1981/1767 4926/1980/1766 4938/1994/1778 4939/1995/1779
f 4941/2001/1781 4940/1997/1780 4943/2009/1783 4944/2010/1784
f 4945/2011/1785 4825/1834/1665 4823/1832/1663 4942/2004/1782
f 4934/1990/1774 4827/1836/1667 4825/1834/1665 4945/2011/1785
f 4945/2011/1785 4942/2004/1782 4941/2001/1781 4944/2010/1784
f 4946/2012/1786 4930/1986/1770 4931/1987/1771 4933/1989/1773
f 4947/2013/1787 4945/2014/1785 4944/2015/1784 4948/2016/1788
f 4949/2017/1789 4947/2013/1787 4948/2016/1788 4950/2018/1790
f 4946/2012/1786 4929/1985/1769 4858/1869/1698 4930/1986/1770
f 4951/2019/1791 4939/2008/1779 4929/1985/1769 4946/2012/1786
f 4946/2012/1786 4933/1989/1773 4934/1990/1774 4945/2011/1785
f 4946/2020/1786 4945/2021/1785 4947/2013/1787 4949/2017/1789
f 4946/2022/1786 4949/2017/1789 4950/2018/1790 4951/2023/1791
f 4951/2019/1791 4944/2010/1784 4943/2009/1783 4939/2008/1779
f 4950/2018/1790 4948/2016/1788 4944/2024/1784 4951/2025/1791
g default
v 0.000435 1.545383 0.115579
v 0.001919 1.467094 0.096225
v 0.040612 1.464450 0.090676
v 0.102299 1.539079 0.116017
v -0.102857 1.543277 0.115938
v -0.039742 1.464450 0.090676
v 0.000435 1.645692 0.044967
v 0.000435 1.654294 -0.006648
v -0.103244 1.654601 -0.004205
v -0.103594 1.647558 0.040466
v 0.101812 1.646080 0.044306
v 0.101229 1.654701 -0.000117
v 0.000435 1.621184 0.081687
v -0.103644 1.623954 0.079066
v 0.102221 1.621096 0.082061
v 0.000435 1.581556 0.107666
v -0.103385 1.587288 0.105550
v 0.102393 1.583487 0.107260
v 0.099040 1.538004 -0.115185
v 0.040643 1.462275 -0.089357
v -0.001547 1.476702 -0.098105
v 0.000435 1.539199 -0.115210
v -0.039773 1.462275 -0.089357
v -0.100393 1.534044 -0.115069
v 0.099375 1.582461 -0.106793
v 0.000435 1.581866 -0.106911
v -0.101105 1.578737 -0.108234
v 0.099909 1.620287 -0.081947
v 0.000435 1.621323 -0.080368
v -0.101897 1.617369 -0.084721
v 0.000435 1.644675 -0.045850
v 0.100561 1.645643 -0.044448
v -0.102648 1.644003 -0.048162
v 0.072873 0.984958 0.068756
v 0.093913 1.000504 0.038179
v 0.094132 1.431002 0.045270
v 0.071015 1.448148 0.073874
v -0.070145 1.448148 0.073874
v -0.093262 1.431002 0.045270
v -0.093043 1.000504 0.038179
v -0.072003 0.984958 0.068756
v 0.042253 0.966026 0.089116
v -0.041383 0.966026 0.089116
v 0.002193 0.955501 0.097218
v 0.099568 0.891165 0.115995
v 0.000435 0.897428 0.115416
v -0.102346 0.891170 0.116011
v -0.098628 1.007679 -0.006021
v -0.097941 1.417823 0.001539
v 0.098811 1.417823 0.001539
v 0.099498 1.007679 -0.006021
v -0.088222 1.428577 -0.044595
v -0.088628 0.997820 -0.043745
v 0.089092 1.428577 -0.044595
v 0.089498 0.997820 -0.043745
v -0.070082 0.983148 -0.069488
v -0.070719 1.444503 -0.070457
v 0.068778 1.444304 -0.071516
v 0.070952 0.983148 -0.069488
v 0.044703 0.962215 -0.089708
v -0.043833 0.962215 -0.089708
v -0.000953 0.950410 -0.098384
v 0.000435 0.891543 -0.114935
v 0.096495 0.886082 -0.115244
v -0.098335 0.886417 -0.115269
v 0.000435 0.841596 -0.104998
v 0.094798 0.842012 -0.105467
v -0.098775 0.842253 -0.105610
v -0.099454 0.805132 -0.079804
v 0.000435 0.806282 -0.080750
v 0.093591 0.804984 -0.079609
v 0.000435 0.781594 -0.044064
v 0.093056 0.780582 -0.041571
v -0.100269 0.780642 -0.041785
v -0.101095 0.772642 0.002709
v 0.000435 0.772765 -0.004965
v 0.093280 0.772668 0.002907
v 0.097637 0.846719 0.108135
v 0.000435 0.845482 0.107364
v -0.102482 0.846648 0.108139
v 0.095767 0.808654 0.083862
v 0.000435 0.805176 0.080067
v -0.102292 0.808531 0.083810
v 0.000435 0.783248 0.048165
v 0.094234 0.782578 0.046972
v -0.101806 0.782480 0.046833
v -0.139401 0.934895 0.105878
v -0.139489 0.891103 0.115826
v -0.139176 0.971333 0.079672
v -0.138850 0.994958 0.041480
v -0.138476 1.002913 -0.002674
v -0.138105 0.993462 -0.046552
v -0.137797 0.967627 -0.083223
v -0.137596 0.929828 -0.107395
v -0.137535 0.885570 -0.115054
v -0.137625 0.841808 -0.105012
v -0.137848 0.805163 -0.079035
v -0.138172 0.781146 -0.041083
v -0.138546 0.773191 0.003092
v -0.138916 0.783202 0.046876
v -0.139225 0.809095 0.083618
v -0.139427 0.846882 0.107946
v 0.137435 0.891098 0.116029
v 0.137819 0.935014 0.106056
v 0.138058 0.971595 0.079824
v 0.138116 0.995352 0.041558
v 0.137991 1.003155 -0.002759
v 0.137698 0.993598 -0.046745
v 0.137277 0.967620 -0.083489
v 0.136796 0.929652 -0.107649
v 0.136328 0.885261 -0.115246
v 0.135945 0.841395 -0.105132
v 0.135704 0.804628 -0.079120
v 0.135641 0.780571 -0.041037
v 0.135766 0.772751 0.003299
v 0.136064 0.782756 0.047209
v 0.136485 0.808769 0.084005
v 0.136966 0.846739 0.108247
v -0.144598 0.967429 0.076028
v -0.144276 0.989722 0.039421
v -0.144310 0.964836 -0.080368
v -0.144398 0.928485 -0.103999
v -0.144409 0.885682 -0.111264
v -0.144171 0.843471 -0.101369
v -0.143994 0.808608 -0.075837
v -0.144266 0.785680 -0.039373
v -0.144628 0.812850 0.079651
v -0.144868 0.848753 0.103085
v 0.144666 0.991259 0.039996
v 0.144902 0.968889 0.077371
v 0.144403 0.928684 -0.105358
v 0.144532 0.965487 -0.081358
v 0.143778 0.842271 -0.103133
v 0.144013 0.885253 -0.112953
v 0.143359 0.782849 -0.040164
v 0.143438 0.806363 -0.077439
v 0.144447 0.847560 0.105872
v 0.143962 0.810584 0.081956
v 0.144467 0.998877 -0.002682
v 0.144606 0.990293 -0.045383
v 0.143529 0.775010 0.003199
v 0.143699 0.784960 0.046164
v -0.144267 0.997737 -0.002631
v -0.144422 0.989269 -0.044827
v -0.144420 0.778148 0.002924
v -0.144522 0.787950 0.044721
v 0.145129 0.933796 0.103525
v 0.144897 0.890961 0.113438
v -0.144959 0.890982 0.110837
v -0.144840 0.932835 0.101306
v 0.146126 0.884212 0.000357
v -0.145255 0.884212 0.000357
v -0.142389 1.543363 0.114526
v -0.142640 1.498992 0.106036
v -0.142743 1.460448 0.079559
v -0.142556 1.432470 0.036221
v -0.141817 1.425795 0.003770
v -0.142574 1.431828 -0.038600
v -0.141796 1.455657 -0.076879
v -0.141566 1.492329 -0.102858
v -0.141007 1.536001 -0.113285
v -0.140476 1.580387 -0.106757
v -0.140286 1.618576 -0.083699
v -0.140419 1.644475 -0.045183
v -0.139864 1.653271 -0.003446
v -0.140706 1.646994 0.038499
v -0.141479 1.623739 0.078460
v -0.141888 1.587091 0.104546
v 0.143226 1.543537 0.114537
v 0.142771 1.587161 0.104461
v 0.142323 1.623673 0.078068
v 0.142237 1.646991 0.037279
v 0.140757 1.653268 -0.003446
v 0.140702 1.644200 -0.046713
v 0.140747 1.618655 -0.083716
v 0.140854 1.580329 -0.106946
v 0.141119 1.536086 -0.113654
v 0.141654 1.492250 -0.103165
v 0.142211 1.455707 -0.077316
v 0.142654 1.431709 -0.039102
v 0.141903 1.425698 0.009387
v 0.142890 1.436228 0.046728
v 0.142901 1.462159 0.082640
v 0.143862 1.498872 0.105365
v -0.144306 1.435630 0.034893
v -0.144408 1.462968 0.077088
v -0.143905 1.493593 -0.100174
v -0.144299 1.457711 -0.075000
v -0.143609 1.579711 -0.104779
v -0.143791 1.536161 -0.110641
v -0.143615 1.642599 -0.044384
v -0.143920 1.617815 -0.082889
v -0.144457 1.586085 0.102284
v -0.144261 1.622066 0.076894
v 0.144964 1.644485 0.036367
v 0.145250 1.622165 0.076713
v 0.144193 1.579715 -0.105183
v 0.144562 1.618024 -0.083012
v 0.144536 1.493322 -0.100961
v 0.144114 1.536215 -0.111308
v 0.145297 1.434220 -0.038239
v 0.144949 1.457623 -0.075564
v 0.145403 1.500176 0.102014
v 0.144837 1.464456 0.080123
v 0.143742 1.650867 -0.003440
v 0.144125 1.642486 -0.046021
v 0.144542 1.428418 0.009168
v 0.144838 1.439193 0.045263
v -0.144102 1.428849 0.003666
v -0.144570 1.434826 -0.037529
v -0.142869 1.650895 -0.003384
v -0.143667 1.644816 0.037689
v 0.145565 1.586191 0.102296
v 0.145509 1.543539 0.111588
v -0.144456 1.500329 0.102838
v -0.144650 1.543341 0.111524
v 0.146126 1.539457 0.003432
v -0.145255 1.539457 0.003432
vt 0.791493 0.973878
vt 0.791330 0.984742
vt 0.786002 0.985302
vt 0.777780 0.974649
vt 0.805397 0.974010
vt 0.797064 0.985261
vt 0.791436 0.956545
vt 0.791408 0.949507
vt 0.805362 0.949796
vt 0.805430 0.955845
vt 0.777797 0.956484
vt 0.777848 0.950431
vt 0.791456 0.962485
vt 0.805460 0.961900
vt 0.777757 0.962537
vt 0.791477 0.968870
vt 0.805440 0.967953
vt 0.777757 0.968593
vt 0.778062 0.926142
vt 0.785769 0.915265
vt 0.791584 0.917439
vt 0.791337 0.926174
vt 0.796856 0.915227
vt 0.804909 0.925560
vt 0.778035 0.932216
vt 0.791351 0.932054
vt 0.805016 0.931618
vt 0.777970 0.938293
vt 0.791369 0.938466
vt 0.805153 0.937681
vt 0.791389 0.944077
vt 0.777906 0.944369
vt 0.805267 0.943743
vt 0.067119 0.725295
vt 0.065106 0.730328
vt 0.007137 0.730491
vt 0.004753 0.725585
vt 0.004475 0.705370
vt 0.006720 0.700408
vt 0.064669 0.698904
vt 0.066825 0.703887
vt 0.069600 0.720304
vt 0.002496 0.720952
vt 0.002347 0.710060
vt 0.069443 0.708813
vt 0.070945 0.714772
vt 0.002072 0.715709
vt 0.780967 0.168637
vt 0.773390 0.179450
vt 0.767895 0.177803
vt 0.767619 0.169603
vt 0.761930 0.179530
vt 0.753774 0.168792
vt 0.063643 0.692899
vt 0.008436 0.694485
vt 0.009023 0.736374
vt 0.064254 0.736346
vt 0.006915 0.688172
vt 0.064908 0.687615
vt 0.006499 0.659046
vt 0.007841 0.652679
vt 0.063072 0.652733
vt 0.064485 0.657965
vt 0.066831 0.683304
vt 0.004719 0.684011
vt 0.004457 0.663615
vt 0.066531 0.662211
vt 0.002111 0.668126
vt 0.069424 0.666631
vt 0.069596 0.678803
vt 0.002268 0.679179
vt 0.071103 0.672878
vt 0.000252 0.673942
vt 0.767056 0.119484
vt 0.766729 0.111252
vt 0.772932 0.109301
vt 0.780009 0.120044
vt 0.753764 0.120428
vt 0.760826 0.109485
vt 0.767170 0.126353
vt 0.779869 0.126125
vt 0.753817 0.126491
vt 0.753820 0.132540
vt 0.767258 0.132122
vt 0.779798 0.132201
vt 0.767342 0.138069
vt 0.779810 0.138278
vt 0.753794 0.138584
vt 0.753754 0.144620
vt 0.767408 0.143454
vt 0.779917 0.144349
vt 0.780662 0.162562
vt 0.767580 0.162506
vt 0.753731 0.162737
vt 0.780367 0.156492
vt 0.767532 0.155945
vt 0.753713 0.156694
vt 0.767486 0.150736
vt 0.780108 0.150419
vt 0.753723 0.150655
vt 0.748743 0.174703
vt 0.748776 0.168742
vt 0.748706 0.180649
vt 0.757688 0.183213
vt 0.748477 0.186608
vt 0.754603 0.187718
vt 0.747942 0.192586
vt 0.753270 0.193663
vt 0.747802 0.102789
vt 0.747236 0.096807
vt 0.752662 0.096644
vt 0.754419 0.101782
vt 0.748122 0.108753
vt 0.757137 0.105665
vt 0.748300 0.114717
vt 0.748495 0.120696
vt 0.748589 0.126697
vt 0.748654 0.132707
vt 0.748692 0.138720
vt 0.748712 0.144732
vt 0.748728 0.150743
vt 0.748743 0.156755
vt 0.748759 0.162756
vt 0.786064 0.168546
vt 0.786217 0.174562
vt 0.777628 0.183110
vt 0.786341 0.180564
vt 0.780692 0.187615
vt 0.786605 0.186565
vt 0.781972 0.193567
vt 0.787123 0.192572
vt 0.779002 0.101361
vt 0.780516 0.096150
vt 0.785757 0.096057
vt 0.785483 0.102084
vt 0.776457 0.105348
vt 0.785403 0.108093
vt 0.785415 0.114099
vt 0.785372 0.120120
vt 0.785409 0.126161
vt 0.785467 0.132215
vt 0.785543 0.138274
vt 0.785638 0.144335
vt 0.785740 0.150398
vt 0.785847 0.156457
vt 0.785957 0.162508
vt 0.747688 0.180622
vt 0.747437 0.186534
vt 0.747097 0.108796
vt 0.747265 0.114754
vt 0.747441 0.120730
vt 0.747561 0.126719
vt 0.747619 0.132721
vt 0.747650 0.138729
vt 0.747718 0.156753
vt 0.747754 0.162748
vt 0.787656 0.186490
vt 0.787381 0.180527
vt 0.786490 0.114102
vt 0.786458 0.108097
vt 0.786503 0.126153
vt 0.786453 0.120126
vt 0.786632 0.138261
vt 0.786557 0.132207
vt 0.787017 0.162480
vt 0.786917 0.156432
vt 0.788157 0.192357
vt 0.786524 0.102123
vt 0.786797 0.096220
vt 0.786725 0.144317
vt 0.786817 0.150379
vt 0.746911 0.192342
vt 0.746208 0.097053
vt 0.746768 0.102879
vt 0.747686 0.144735
vt 0.747705 0.150747
vt 0.787268 0.174534
vt 0.787127 0.168517
vt 0.747785 0.168729
vt 0.747755 0.174688
vt 0.983361 0.015511
vt 0.968655 0.015892
vt 0.969710 0.010053
vt 0.972876 0.005035
vt 0.994304 0.004507
vt 0.997644 0.009351
vt 0.998801 0.015100
vt 0.856861 0.884952
vt 0.859948 0.889862
vt 0.860961 0.895556
vt 0.846681 0.895210
vt 0.831395 0.894807
vt 0.832537 0.889126
vt 0.835827 0.884340
vt 0.994763 0.025880
vt 0.990038 0.029401
vt 0.984270 0.030736
vt 0.997775 0.020846
vt 0.973445 0.026498
vt 0.969995 0.021678
vt 0.983500 0.000252
vt 0.989348 0.001276
vt 0.977712 0.001575
vt 0.978426 0.029718
vt 0.845770 0.910085
vt 0.840134 0.908802
vt 0.835477 0.905399
vt 0.832475 0.900469
vt 0.859641 0.901184
vt 0.856289 0.905886
vt 0.840722 0.881159
vt 0.846485 0.880182
vt 0.852168 0.881514
vt 0.851456 0.909041
vt 0.810711 0.973909
vt 0.810848 0.979936
vt 0.801314 0.988287
vt 0.811028 0.986163
vt 0.804727 0.992593
vt 0.811458 0.993039
vt 0.805975 0.998652
vt 0.811869 0.997454
vt 0.803777 0.907867
vt 0.805677 0.901638
vt 0.811663 0.902152
vt 0.811148 0.907861
vt 0.801181 0.911848
vt 0.810695 0.913865
vt 0.810516 0.919857
vt 0.810369 0.925855
vt 0.810318 0.931880
vt 0.810328 0.937883
vt 0.810355 0.944135
vt 0.810295 0.949885
vt 0.810427 0.955605
vt 0.810554 0.961834
vt 0.810624 0.967887
vt 0.772280 0.974015
vt 0.772319 0.967998
vt 0.772355 0.961926
vt 0.772352 0.955591
vt 0.772520 0.950030
vt 0.772496 0.944067
vt 0.772464 0.938005
vt 0.772450 0.931970
vt 0.772397 0.925960
vt 0.772224 0.919931
vt 0.781831 0.911951
vt 0.771998 0.913955
vt 0.778840 0.907892
vt 0.771585 0.907938
vt 0.776951 0.901666
vt 0.770975 0.901415
vt 0.778415 0.992682
vt 0.777271 0.998765
vt 0.771552 0.996955
vt 0.771874 0.991764
vt 0.781776 0.988339
vt 0.772162 0.985857
vt 0.772141 0.980105
vt 0.811968 0.992995
vt 0.811548 0.986140
vt 0.811020 0.919877
vt 0.811195 0.913892
vt 0.810820 0.931883
vt 0.810882 0.925872
vt 0.810860 0.944141
vt 0.810836 0.937884
vt 0.811099 0.967880
vt 0.811036 0.961825
vt 0.771844 0.955585
vt 0.771879 0.961925
vt 0.771940 0.931975
vt 0.771937 0.938012
vt 0.771718 0.919954
vt 0.771887 0.925975
vt 0.771086 0.907987
vt 0.771493 0.913982
vt 0.771623 0.980097
vt 0.771639 0.985847
vt 0.772007 0.950028
vt 0.771977 0.944071
vt 0.770475 0.901546
vt 0.771365 0.991731
vt 0.771051 0.996836
vt 0.812372 0.997323
vt 0.811644 0.907909
vt 0.812167 0.902283
vt 0.810809 0.949885
vt 0.810930 0.955597
vt 0.771830 0.967994
vt 0.771788 0.973997
vt 0.811366 0.979919
vt 0.811209 0.973890
vt 0.952513 0.015703
vt 0.937562 0.016476
vt 0.938345 0.010092
vt 0.941495 0.005066
vt 0.963092 0.004064
vt 0.966387 0.009045
vt 0.967516 0.014779
vt 0.044835 0.945591
vt 0.045277 0.930232
vt 0.051009 0.931641
vt 0.055841 0.935030
vt 0.034282 0.933970
vt 0.039413 0.931022
vt 0.963647 0.025570
vt 0.958805 0.029014
vt 0.953063 0.030265
vt 0.966653 0.020141
vt 0.942415 0.026029
vt 0.939014 0.021336
vt 0.952077 0.000252
vt 0.957934 0.001078
vt 0.946302 0.001646
vt 0.947225 0.028976
vt 0.033714 0.955483
vt 0.030650 0.950206
vt 0.029828 0.944676
vt 0.044312 0.960145
vt 0.038557 0.958901
vt 0.059728 0.945623
vt 0.058814 0.949828
vt 0.055133 0.955509
vt 0.058923 0.940076
vt 0.030946 0.939155
vt 0.050102 0.958975
vn -0.003109 -0.072913 0.997334
vn -0.001315 -0.068809 0.997629
vn 0.237073 -0.089040 0.967403
vn 0.002803 -0.094980 0.995475
vn 0.002186 -0.072445 0.997370
vn -0.227622 -0.088505 0.969719
vn -0.000083 0.933001 0.359874
vn 0.000074 0.999761 -0.021857
vn -0.003533 0.999667 -0.025553
vn -0.003400 0.938753 0.344575
vn 0.005396 0.929529 0.368709
vn 0.003911 0.999992 -0.001056
vn -0.000094 0.708828 0.705381
vn -0.004605 0.724091 0.689690
vn 0.006582 0.707483 0.706700
vn -0.000217 0.399456 0.916753
vn -0.006847 0.416675 0.909030
vn 0.007786 0.393437 0.919319
vn -0.001293 -0.094692 -0.995506
vn 0.252174 -0.077311 -0.964589
vn 0.002758 -0.085767 -0.996311
vn 0.002806 -0.083854 -0.996474
vn -0.268543 -0.077851 -0.960117
vn -0.003208 -0.110008 -0.993926
vn 0.002900 0.377903 -0.925841
vn 0.000021 0.376700 -0.926336
vn -0.004853 0.355294 -0.934742
vn -0.000733 0.699016 -0.715106
vn -0.000042 0.697245 -0.716833
vn -0.000948 0.682397 -0.730981
vn 0.000001 0.914265 -0.405116
vn 0.004335 0.920058 -0.391757
vn -0.005290 0.909218 -0.416286
vn 0.573976 0.111567 0.811236
vn 0.897053 0.110311 0.427933
vn 0.879626 -0.126796 0.458456
vn 0.565197 -0.116701 0.816660
vn -0.564638 -0.124899 0.815833
vn -0.878677 -0.130829 0.459140
vn -0.896277 0.113605 0.428697
vn -0.572938 0.114038 0.811626
vn 0.241372 0.086586 0.966562
vn -0.230192 0.086638 0.969281
vn -0.000606 0.087180 0.996193
vn -0.017460 0.086485 0.996100
vn -0.000292 0.104921 0.994481
vn 0.015530 0.084450 0.996307
vn -0.992896 0.099674 -0.064982
vn -0.993989 -0.097520 -0.049763
vn 0.993443 -0.103161 -0.049294
vn 0.993172 0.096820 -0.065073
vn -0.876921 -0.128518 -0.463133
vn -0.877548 0.120768 -0.464030
vn 0.868771 -0.132754 -0.477089
vn 0.870633 0.116971 -0.477825
vn -0.588523 0.114462 -0.800337
vn -0.584971 -0.129257 -0.800688
vn 0.590705 -0.123396 -0.797396
vn 0.592491 0.115339 -0.797277
vn 0.249079 0.084239 -0.964813
vn -0.261239 0.086577 -0.961384
vn 0.000959 0.080513 -0.996753
vn 0.000695 0.077537 -0.996989
vn -0.019610 0.056090 -0.998233
vn 0.017939 0.053376 -0.998413
vn 0.000123 -0.386768 -0.922177
vn -0.003322 -0.389579 -0.920987
vn 0.001058 -0.390489 -0.920607
vn -0.003955 -0.719126 -0.694868
vn 0.000135 -0.714969 -0.699156
vn 0.000887 -0.718794 -0.695223
vn 0.000109 -0.922011 -0.387163
vn 0.002785 -0.926782 -0.375589
vn -0.006336 -0.926356 -0.376596
vn -0.001182 -0.999607 0.028013
vn 0.000137 -0.999947 0.010309
vn -0.002393 -0.999573 0.029125
vn -0.007041 -0.356480 0.934276
vn 0.000126 -0.360892 0.932608
vn 0.004453 -0.360083 0.932910
vn -0.001414 -0.685186 0.728367
vn 0.000182 -0.693583 0.720377
vn -0.002172 -0.687072 0.726586
vn 0.000149 -0.923656 0.383222
vn -0.002646 -0.921225 0.389020
vn -0.001059 -0.922299 0.386475
vn -0.035230 0.412113 0.910451
vn -0.035978 0.125319 0.991464
vn -0.117285 0.712885 0.691404
vn -0.172177 0.912708 0.370565
vn -0.186049 0.982344 -0.019672
vn -0.147596 0.894429 -0.422152
vn -0.083221 0.679061 -0.729350
vn -0.007547 0.374577 -0.927165
vn -0.013016 0.077588 -0.996901
vn -0.091612 -0.404292 -0.910030
vn -0.105155 -0.719322 -0.686672
vn -0.114057 -0.925243 -0.361823
vn -0.117863 -0.992783 0.022164
vn -0.123084 -0.906749 0.403306
vn -0.123928 -0.685917 0.717049
vn -0.117328 -0.361539 0.924945
vn -0.000330 0.119496 0.992835
vn 0.011149 0.410702 0.911701
vn 0.094662 0.714199 0.693512
vn 0.149262 0.916453 0.371261
vn 0.166617 0.985787 -0.021523
vn 0.130951 0.895985 -0.424338
vn 0.069277 0.678593 -0.731240
vn -0.007922 0.371785 -0.928285
vn -0.011324 0.072065 -0.997336
vn 0.045167 -0.409244 -0.911307
vn 0.047203 -0.724627 -0.687523
vn 0.047789 -0.931513 -0.360554
vn 0.046668 -0.998617 0.024227
vn 0.048440 -0.912567 0.406049
vn 0.050788 -0.690436 0.721609
vn 0.051276 -0.364452 0.929809
vn -0.997986 0.049669 0.039453
vn -0.997817 0.063027 0.019715
vn -0.997196 0.052216 -0.053613
vn -0.996956 0.029080 -0.072342
vn -0.996910 -0.003999 -0.078446
vn -0.996749 -0.037166 -0.071489
vn -0.996905 -0.056843 -0.054309
vn -0.997092 -0.068978 -0.032389
vn -0.997863 -0.047818 0.044525
vn -0.997977 -0.026992 0.057566
vn 0.996806 0.076270 0.023694
vn 0.996828 0.060239 0.052008
vn 0.995778 0.027440 -0.087598
vn 0.996357 0.056835 -0.063584
vn 0.994814 -0.047613 -0.089874
vn 0.995391 -0.009425 -0.095435
vn 0.994297 -0.099046 -0.039535
vn 0.994585 -0.077577 -0.069163
vn 0.995586 -0.043978 0.082915
vn 0.995253 -0.073101 0.064255
vn 0.996783 0.080068 -0.003605
vn 0.996534 0.076449 -0.032801
vn 0.994536 -0.104393 -0.000835
vn 0.994697 -0.095810 0.037391
vn -0.997622 0.068869 -0.002728
vn -0.997403 0.066115 -0.028558
vn -0.997356 -0.072634 -0.002468
vn -0.997571 -0.064654 0.025913
vn 0.996567 0.033920 0.075519
vn 0.996306 -0.003886 0.085786
vn -0.998129 0.001715 0.061111
vn -0.998069 0.029428 0.054697
vn 0.999978 -0.005912 -0.003136
vn -0.999997 -0.000281 -0.002599
vn -0.025620 -0.101330 0.994523
vn -0.035590 -0.379432 0.924535
vn -0.126045 -0.690782 0.711992
vn -0.164262 -0.892929 0.419161
vn -0.170137 -0.985284 0.016396
vn -0.157172 -0.914710 -0.372295
vn -0.106394 -0.702941 -0.703246
vn -0.043671 -0.420991 -0.906013
vn -0.038814 -0.145159 -0.988647
vn -0.062442 0.341657 -0.937748
vn -0.045941 0.686994 -0.725210
vn -0.059053 0.914155 -0.401040
vn -0.073689 0.996719 -0.033476
vn -0.078516 0.937772 0.338259
vn -0.075193 0.734524 0.674404
vn -0.080271 0.409450 0.908795
vn 0.041966 -0.101490 0.993951
vn 0.077163 0.408900 0.909311
vn 0.077363 0.736765 0.671708
vn 0.081955 0.936555 0.340804
vn 0.070850 0.997101 -0.027748
vn 0.048418 0.915189 -0.400106
vn 0.033995 0.687012 -0.725850
vn 0.050475 0.349386 -0.935619
vn 0.017780 -0.141680 -0.989753
vn 0.028022 -0.403917 -0.914366
vn 0.101540 -0.701979 -0.704922
vn 0.156236 -0.918520 -0.363195
vn 0.166996 -0.984255 0.057924
vn 0.140726 -0.879521 0.454576
vn 0.103924 -0.670766 0.734352
vn 0.044389 -0.383683 0.922397
vn -0.999582 -0.027736 0.008172
vn -0.999573 -0.022924 0.018125
vn -0.999251 -0.010249 -0.037326
vn -0.999468 -0.021383 -0.024623
vn -0.998888 0.014541 -0.044837
vn -0.999100 0.001004 -0.042395
vn -0.998747 0.049406 -0.008018
vn -0.998889 0.035756 -0.030701
vn -0.999356 0.018865 0.030528
vn -0.999177 0.036360 0.017964
vn 0.999041 0.043683 -0.003111
vn 0.999258 0.034557 0.017028
vn 0.998675 0.012618 -0.049890
vn 0.998741 0.035833 -0.035119
vn 0.998988 -0.009167 -0.044029
vn 0.998815 0.000689 -0.048670
vn 0.999320 -0.036052 -0.007772
vn 0.999352 -0.023482 -0.027270
vn 0.999605 -0.017073 0.022303
vn 0.999510 -0.025661 0.017944
vn 0.998787 0.048784 -0.006757
vn 0.998533 0.052707 -0.012393
vn 0.999296 -0.037398 0.002999
vn 0.999400 -0.032578 0.011772
vn -0.999611 -0.027905 0.000223
vn -0.999543 -0.029034 -0.008373
vn -0.998789 0.049102 -0.003224
vn -0.998845 0.048054 -0.000175
vn 0.999379 0.017489 0.030576
vn 0.999570 -0.001011 0.029320
vn -0.999569 -0.013569 0.026035
vn -0.999536 0.001753 0.030406
vn 0.999988 0.001838 -0.004453
vn -0.999990 0.003484 -0.002718
s 1
g MiningRobot_LP1 MiningRobot_LowerArm_LP
usemtl Maya_Lambert4SG
f 4952/2026/1792 4953/2027/1793 4954/2028/1794 4955/2029/1795
f 4956/2030/1796 4957/2031/1797 4953/2027/1793 4952/2026/1792
f 4958/2032/1798 4959/2033/1799 4960/2034/1800 4961/2035/1801
f 4962/2036/1802 4963/2037/1803 4959/2033/1799 4958/2032/1798
f 4964/2038/1804 4958/2032/1798 4961/2035/1801 4965/2039/1805
f 4966/2040/1806 4962/2036/1802 4958/2032/1798 4964/2038/1804
f 4967/2041/1807 4964/2038/1804 4965/2039/1805 4968/2042/1808
f 4956/2030/1796 4952/2026/1792 4967/2041/1807 4968/2042/1808
f 4969/2043/1809 4966/2040/1806 4964/2038/1804 4967/2041/1807
f 4967/2041/1807 4952/2026/1792 4955/2029/1795 4969/2043/1809
f 4970/2044/1810 4971/2045/1811 4972/2046/1812 4973/2047/1813
f 4973/2047/1813 4972/2046/1812 4974/2048/1814 4975/2049/1815
f 4976/2050/1816 4970/2044/1810 4973/2047/1813 4977/2051/1817
f 4977/2051/1817 4973/2047/1813 4975/2049/1815 4978/2052/1818
f 4979/2053/1819 4976/2050/1816 4977/2051/1817 4980/2054/1820
f 4980/2054/1820 4977/2051/1817 4978/2052/1818 4981/2055/1821
f 4982/2056/1822 4959/2033/1799 4963/2037/1803 4983/2057/1823
f 4983/2057/1823 4979/2053/1819 4980/2054/1820 4982/2056/1822
f 4982/2056/1822 4980/2054/1820 4981/2055/1821 4984/2058/1824
f 4984/2058/1824 4960/2034/1800 4959/2033/1799 4982/2056/1822
f 4985/2059/1825 4986/2060/1826 4987/2061/1827 4988/2062/1828
f 4989/2063/1829 4990/2064/1830 4991/2065/1831 4992/2066/1832
f 4993/2067/1833 4985/2059/1825 4988/2062/1828 4954/2068/1794
f 4957/2069/1797 4989/2063/1829 4992/2066/1832 4994/2070/1834
f 4995/2071/1835 4993/2067/1833 4954/2068/1794 4953/2072/1793
f 4953/2072/1793 4957/2069/1797 4994/2070/1834 4995/2071/1835
f 4996/2073/1836 4993/2074/1833 4995/2075/1835 4997/2076/1837
f 4997/2076/1837 4995/2075/1835 4994/2077/1834 4998/2078/1838
f 4999/2079/1839 4991/2065/1831 4990/2064/1830 5000/2080/1840
f 5001/2081/1841 4987/2061/1827 4986/2060/1826 5002/2082/1842
f 4999/2079/1839 5000/2080/1840 5003/2083/1843 5004/2084/1844
f 5005/2085/1845 5001/2086/1841 5002/2087/1842 5006/2088/1846
f 5007/2089/1847 5004/2084/1844 5003/2083/1843 5008/2090/1848
f 5009/2091/1849 5005/2085/1845 5006/2088/1846 5010/2092/1850
f 4971/2093/1811 5009/2091/1849 5010/2092/1850 5011/2094/1851
f 5012/2095/1852 5007/2089/1847 5008/2090/1848 4974/2096/1814
f 5013/2097/1853 5012/2095/1852 4974/2096/1814 4972/2098/1812
f 4972/2098/1812 4971/2093/1811 5011/2094/1851 5013/2097/1853
f 5014/2099/1854 5013/2100/1853 5011/2101/1851 5015/2102/1855
f 5016/2103/1856 5012/2104/1852 5013/2100/1853 5014/2099/1854
f 5017/2105/1857 5014/2099/1854 5015/2102/1855 5018/2106/1858
f 5019/2107/1859 5016/2103/1856 5014/2099/1854 5017/2105/1857
f 5020/2108/1860 5019/2107/1859 5017/2105/1857 5021/2109/1861
f 5021/2109/1861 5017/2105/1857 5018/2106/1858 5022/2110/1862
f 5023/2111/1863 5021/2109/1861 5022/2110/1862 5024/2112/1864
f 5025/2113/1865 5020/2108/1860 5021/2109/1861 5023/2111/1863
f 5026/2114/1866 5025/2113/1865 5023/2111/1863 5027/2115/1867
f 5027/2115/1867 5023/2111/1863 5024/2112/1864 5028/2116/1868
f 5029/2117/1869 4996/2073/1836 4997/2076/1837 5030/2118/1870
f 5030/2118/1870 4997/2076/1837 4998/2078/1838 5031/2119/1871
f 5032/2120/1872 5029/2117/1869 5030/2118/1870 5033/2121/1873
f 5033/2121/1873 5030/2118/1870 5031/2119/1871 5034/2122/1874
f 5035/2123/1875 5027/2115/1867 5028/2116/1868 5036/2124/1876
f 5036/2124/1876 5032/2120/1872 5033/2121/1873 5035/2123/1875
f 5035/2123/1875 5033/2121/1873 5034/2122/1874 5037/2125/1877
f 5037/2125/1877 5026/2114/1866 5027/2115/1867 5035/2123/1875
f 5038/2126/1878 5039/2127/1879 4998/2078/1838 4994/2077/1834
f 5040/2128/1880 5038/2126/1878 4994/2077/1834 4992/2129/1832
f 5041/2130/1881 5040/2128/1880 4992/2129/1832 4991/2131/1831
f 5042/2132/1882 5041/2130/1881 4991/2131/1831 4999/2133/1839
f 5043/2134/1883 5042/2135/1882 4999/2136/1839 5004/2137/1844
f 5044/2138/1884 5043/2134/1883 5004/2137/1844 5007/2139/1847
f 5045/2140/1885 5044/2138/1884 5007/2139/1847 5012/2104/1852
f 5046/2141/1886 5045/2140/1885 5012/2104/1852 5016/2103/1856
f 5047/2142/1887 5046/2141/1886 5016/2103/1856 5019/2107/1859
f 5048/2143/1888 5047/2142/1887 5019/2107/1859 5020/2108/1860
f 5049/2144/1889 5048/2143/1888 5020/2108/1860 5025/2113/1865
f 5050/2145/1890 5049/2144/1889 5025/2113/1865 5026/2114/1866
f 5051/2146/1891 5050/2145/1890 5026/2114/1866 5037/2125/1877
f 5052/2147/1892 5051/2146/1891 5037/2125/1877 5034/2122/1874
f 5053/2148/1893 5052/2147/1892 5034/2122/1874 5031/2119/1871
f 5031/2119/1871 4998/2078/1838 5039/2127/1879 5053/2148/1893
f 4993/2074/1833 4996/2073/1836 5054/2149/1894 5055/2150/1895
f 4985/2151/1825 4993/2074/1833 5055/2150/1895 5056/2152/1896
f 4986/2153/1826 4985/2151/1825 5056/2152/1896 5057/2154/1897
f 5002/2155/1842 4986/2153/1826 5057/2154/1897 5058/2156/1898
f 5006/2157/1846 5002/2158/1842 5058/2159/1898 5059/2160/1899
f 5010/2161/1850 5006/2157/1846 5059/2160/1899 5060/2162/1900
f 5011/2101/1851 5010/2161/1850 5060/2162/1900 5061/2163/1901
f 5015/2102/1855 5011/2101/1851 5061/2163/1901 5062/2164/1902
f 5018/2106/1858 5015/2102/1855 5062/2164/1902 5063/2165/1903
f 5022/2110/1862 5018/2106/1858 5063/2165/1903 5064/2166/1904
f 5024/2112/1864 5022/2110/1862 5064/2166/1904 5065/2167/1905
f 5028/2116/1868 5024/2112/1864 5065/2167/1905 5066/2168/1906
f 5036/2124/1876 5028/2116/1868 5066/2168/1906 5067/2169/1907
f 5032/2120/1872 5036/2124/1876 5067/2169/1907 5068/2170/1908
f 5029/2117/1869 5032/2120/1872 5068/2170/1908 5069/2171/1909
f 5069/2171/1909 5054/2149/1894 4996/2073/1836 5029/2117/1869
f 5070/2172/1910 5040/2128/1880 5041/2130/1881 5071/2173/1911
f 5072/2174/1912 5044/2138/1884 5045/2140/1885 5073/2175/1913
f 5074/2176/1914 5046/2141/1886 5047/2142/1887 5075/2177/1915
f 5076/2178/1916 5048/2143/1888 5049/2144/1889 5077/2179/1917
f 5078/2180/1918 5052/2147/1892 5053/2148/1893 5079/2181/1919
f 5080/2182/1920 5057/2154/1897 5056/2152/1896 5081/2183/1921
f 5082/2184/1922 5061/2163/1901 5060/2162/1900 5083/2185/1923
f 5084/2186/1924 5063/2165/1903 5062/2164/1902 5085/2187/1925
f 5086/2188/1926 5065/2167/1905 5064/2166/1904 5087/2189/1927
f 5088/2190/1928 5069/2171/1909 5068/2170/1908 5089/2191/1929
f 5085/2187/1925 5062/2164/1902 5061/2163/1901 5082/2184/1922
f 5073/2175/1913 5045/2140/1885 5046/2141/1886 5074/2176/1914
f 5090/2192/1930 5058/2156/1898 5057/2154/1897 5080/2182/1920
f 5091/2193/1931 5059/2160/1899 5058/2159/1898 5090/2194/1930
f 5092/2195/1932 5066/2168/1906 5065/2167/1905 5086/2188/1926
f 5093/2196/1933 5067/2169/1907 5066/2168/1906 5092/2195/1932
f 5071/2173/1911 5041/2130/1881 5042/2132/1882 5094/2197/1934
f 5094/2198/1934 5042/2135/1882 5043/2134/1883 5095/2199/1935
f 5077/2179/1917 5049/2144/1889 5050/2145/1890 5096/2200/1936
f 5096/2200/1936 5050/2145/1890 5051/2146/1891 5097/2201/1937
f 5098/2202/1938 5055/2150/1895 5054/2149/1894 5099/2203/1939
f 5099/2203/1939 5054/2149/1894 5069/2171/1909 5088/2190/1928
f 5100/2204/1940 5039/2127/1879 5038/2126/1878 5101/2205/1941
f 5079/2181/1919 5053/2148/1893 5039/2127/1879 5100/2204/1940
f 5089/2191/1929 5068/2170/1908 5067/2169/1907 5093/2196/1933
f 5097/2201/1937 5051/2146/1891 5052/2147/1892 5078/2180/1918
f 5083/2185/1923 5060/2162/1900 5059/2160/1899 5091/2193/1931
f 5095/2199/1935 5043/2134/1883 5044/2138/1884 5072/2174/1912
f 5087/2189/1927 5064/2166/1904 5063/2165/1903 5084/2186/1924
f 5102/2206/1942 5092/2207/1932 5086/2208/1926 5087/2209/1927
f 5083/2210/1923 5091/2211/1931 5090/2212/1930 5102/2206/1942
f 5075/2177/1915 5047/2142/1887 5048/2143/1888 5076/2178/1916
f 5076/2213/1916 5077/2214/1917 5096/2215/1936 5103/2216/1943
f 5103/2216/1943 5094/2217/1934 5095/2218/1935 5072/2219/1912
f 5081/2183/1921 5056/2152/1896 5055/2150/1895 5098/2202/1938
f 5081/2220/1921 5098/2221/1938 5099/2222/1939 5102/2206/1942
f 5102/2206/1942 5090/2212/1930 5080/2223/1920 5081/2220/1921
f 5089/2224/1929 5093/2225/1933 5092/2207/1932 5102/2206/1942
f 5102/2206/1942 5085/2226/1925 5082/2227/1922 5083/2210/1923
f 5087/2209/1927 5084/2228/1924 5085/2226/1925 5102/2206/1942
f 5102/2206/1942 5099/2222/1939 5088/2229/1928 5089/2224/1929
f 5101/2205/1941 5038/2126/1878 5040/2128/1880 5070/2172/1910
f 5103/2216/1943 5100/2230/1940 5101/2231/1941 5070/2232/1910
f 5070/2232/1910 5071/2233/1911 5094/2217/1934 5103/2216/1943
f 5103/2216/1943 5096/2215/1936 5097/2234/1937 5078/2235/1918
f 5072/2219/1912 5073/2236/1913 5074/2237/1914 5103/2216/1943
f 5103/2216/1943 5074/2237/1914 5075/2238/1915 5076/2213/1916
f 5078/2235/1918 5079/2239/1919 5100/2230/1940 5103/2216/1943
f 4957/2031/1797 4956/2030/1796 5104/2240/1944 5105/2241/1945
f 4989/2242/1829 4957/2031/1797 5105/2241/1945 5106/2243/1946
f 4990/2244/1830 4989/2242/1829 5106/2243/1946 5107/2245/1947
f 5000/2246/1840 4990/2244/1830 5107/2245/1947 5108/2247/1948
f 5003/2248/1843 5000/2249/1840 5108/2250/1948 5109/2251/1949
f 5008/2252/1848 5003/2248/1843 5109/2251/1949 5110/2253/1950
f 4974/2048/1814 5008/2252/1848 5110/2253/1950 5111/2254/1951
f 4975/2049/1815 4974/2048/1814 5111/2254/1951 5112/2255/1952
f 4978/2052/1818 4975/2049/1815 5112/2255/1952 5113/2256/1953
f 4981/2055/1821 4978/2052/1818 5113/2256/1953 5114/2257/1954
f 4984/2058/1824 4981/2055/1821 5114/2257/1954 5115/2258/1955
f 4960/2034/1800 4984/2058/1824 5115/2258/1955 5116/2259/1956
f 4961/2035/1801 4960/2034/1800 5116/2259/1956 5117/2260/1957
f 4965/2039/1805 4961/2035/1801 5117/2260/1957 5118/2261/1958
f 4968/2042/1808 4965/2039/1805 5118/2261/1958 5119/2262/1959
f 5119/2262/1959 5104/2240/1944 4956/2030/1796 4968/2042/1808
f 4969/2043/1809 4955/2029/1795 5120/2263/1960 5121/2264/1961
f 4966/2040/1806 4969/2043/1809 5121/2264/1961 5122/2265/1962
f 4962/2036/1802 4966/2040/1806 5122/2265/1962 5123/2266/1963
f 4963/2037/1803 4962/2036/1802 5123/2266/1963 5124/2267/1964
f 4983/2057/1823 4963/2037/1803 5124/2267/1964 5125/2268/1965
f 4979/2053/1819 4983/2057/1823 5125/2268/1965 5126/2269/1966
f 4976/2050/1816 4979/2053/1819 5126/2269/1966 5127/2270/1967
f 4970/2044/1810 4976/2050/1816 5127/2270/1967 5128/2271/1968
f 4971/2045/1811 4970/2044/1810 5128/2271/1968 5129/2272/1969
f 5009/2273/1849 4971/2045/1811 5129/2272/1969 5130/2274/1970
f 5005/2275/1845 5009/2273/1849 5130/2274/1970 5131/2276/1971
f 5001/2277/1841 5005/2275/1845 5131/2276/1971 5132/2278/1972
f 4987/2279/1827 5001/2280/1841 5132/2281/1972 5133/2282/1973
f 4988/2283/1828 4987/2279/1827 5133/2282/1973 5134/2284/1974
f 4954/2028/1794 4988/2283/1828 5134/2284/1974 5135/2285/1975
f 5135/2285/1975 5120/2263/1960 4955/2029/1795 4954/2028/1794
f 5136/2286/1976 5107/2245/1947 5106/2243/1946 5137/2287/1977
f 5138/2288/1978 5111/2254/1951 5110/2253/1950 5139/2289/1979
f 5140/2290/1980 5113/2256/1953 5112/2255/1952 5141/2291/1981
f 5142/2292/1982 5115/2258/1955 5114/2257/1954 5143/2293/1983
f 5144/2294/1984 5119/2262/1959 5118/2261/1958 5145/2295/1985
f 5146/2296/1986 5123/2266/1963 5122/2265/1962 5147/2297/1987
f 5148/2298/1988 5127/2270/1967 5126/2269/1966 5149/2299/1989
f 5150/2300/1990 5129/2272/1969 5128/2271/1968 5151/2301/1991
f 5152/2302/1992 5131/2276/1971 5130/2274/1970 5153/2303/1993
f 5154/2304/1994 5135/2285/1975 5134/2284/1974 5155/2305/1995
f 5151/2301/1991 5128/2271/1968 5127/2270/1967 5148/2298/1988
f 5141/2291/1981 5112/2255/1952 5111/2254/1951 5138/2288/1978
f 5156/2306/1996 5124/2267/1964 5123/2266/1963 5146/2296/1986
f 5157/2307/1997 5125/2268/1965 5124/2267/1964 5156/2306/1996
f 5158/2308/1998 5132/2278/1972 5131/2276/1971 5152/2302/1992
f 5159/2309/1999 5133/2282/1973 5132/2281/1972 5158/2310/1998
f 5160/2311/2000 5108/2247/1948 5107/2245/1947 5136/2286/1976
f 5161/2312/2001 5109/2251/1949 5108/2250/1948 5160/2313/2000
f 5162/2314/2002 5116/2259/1956 5115/2258/1955 5142/2292/1982
f 5163/2315/2003 5117/2260/1957 5116/2259/1956 5162/2314/2002
f 5164/2316/2004 5121/2264/1961 5120/2263/1960 5165/2317/2005
f 5165/2317/2005 5120/2263/1960 5135/2285/1975 5154/2304/1994
f 5166/2318/2006 5105/2241/1945 5104/2240/1944 5167/2319/2007
f 5167/2319/2007 5104/2240/1944 5119/2262/1959 5144/2294/1984
f 5155/2305/1995 5134/2284/1974 5133/2282/1973 5159/2309/1999
f 5137/2287/1977 5106/2243/1946 5105/2241/1945 5166/2318/2006
f 5149/2299/1989 5126/2269/1966 5125/2268/1965 5157/2307/1997
f 5143/2293/1983 5114/2257/1954 5113/2256/1953 5140/2290/1980
f 5153/2303/1993 5130/2274/1970 5129/2272/1969 5150/2300/1990
f 5168/2320/2008 5158/2321/1998 5152/2322/1992 5153/2323/1993
f 5149/2324/1989 5157/2325/1997 5156/2326/1996 5168/2320/2008
f 5139/2289/1979 5110/2253/1950 5109/2251/1949 5161/2312/2001
f 5169/2327/2009 5141/2328/1981 5138/2329/1978 5139/2330/1979
f 5143/2331/1983 5140/2332/1980 5141/2328/1981 5169/2327/2009
f 5147/2297/1987 5122/2265/1962 5121/2264/1961 5164/2316/2004
f 5147/2333/1987 5164/2334/2004 5165/2335/2005 5168/2320/2008
f 5168/2320/2008 5156/2326/1996 5146/2336/1986 5147/2333/1987
f 5155/2337/1995 5159/2338/1999 5158/2321/1998 5168/2320/2008
f 5168/2320/2008 5151/2339/1991 5148/2340/1988 5149/2324/1989
f 5153/2323/1993 5150/2341/1990 5151/2339/1991 5168/2320/2008
f 5168/2320/2008 5165/2335/2005 5154/2342/1994 5155/2337/1995
f 5145/2295/1985 5118/2261/1958 5117/2260/1957 5163/2315/2003
f 5145/2343/1985 5163/2344/2003 5162/2345/2002 5169/2327/2009
f 5169/2327/2009 5167/2346/2007 5144/2347/1984 5145/2343/1985
f 5169/2327/2009 5160/2348/2000 5136/2349/1976 5137/2350/1977
f 5139/2330/1979 5161/2351/2001 5160/2348/2000 5169/2327/2009
f 5169/2327/2009 5162/2345/2002 5142/2352/1982 5143/2331/1983
f 5137/2350/1977 5166/2353/2006 5167/2346/2007 5169/2327/2009
g default
v -0.571021 1.452191 0.946352
v -0.514842 1.389643 1.033680
v -0.391126 1.468705 1.112190
v -0.467254 1.532101 1.019521
v -0.621161 1.483935 0.840482
v -0.523085 1.577215 0.920489
v -0.563095 1.611351 0.806017
v -0.594171 1.639312 0.666862
v -0.694607 1.520878 0.570924
v -0.659232 1.504685 0.720482
v -0.728297 1.536272 0.378389
v -0.623494 1.666066 0.486881
v -0.754370 1.555054 0.128231
v -0.651087 1.697162 0.227134
v -0.767746 1.571324 -0.168335
v -0.656406 1.735721 -0.103688
v -0.772333 1.570038 -0.500184
v -0.678145 1.715035 -0.507844
v -0.756582 1.570613 -0.799637
v -0.665943 1.710449 -0.769577
v -0.726615 1.566772 -1.082577
v -0.642493 1.699370 -1.065123
v -0.683341 1.553941 -1.344022
v -0.604070 1.677608 -1.346687
v -0.629260 1.529902 -1.578959
v -0.550390 1.638849 -1.609226
v -0.568320 1.497708 -1.776756
v -0.495778 1.598702 -1.802226
v -0.433390 1.548760 -1.973413
v -0.372739 1.499252 -2.119228
v -0.438862 1.421821 -2.083592
v -0.501481 1.457586 -1.948094
v -0.626762 1.385797 0.897779
v -0.600681 1.317418 0.955375
v -0.674008 1.381470 0.810785
v -0.475485 1.372549 -2.064167
v -0.548141 1.352977 -1.947443
v -0.621174 1.390468 -1.764774
v -0.605698 1.269881 -1.885129
v -0.633881 1.213874 -1.850480
v -0.677120 1.200736 -1.750970
v -0.660217 1.289776 -1.748747
v -0.762872 1.387471 0.536033
v -0.718975 1.386505 0.689219
v -0.803108 1.383816 0.338260
v -0.831531 1.394228 0.082845
v -0.848009 1.400285 -0.206126
v -0.826404 1.413152 -0.843969
v -0.849922 1.398709 -0.533760
v -0.790333 1.422394 -1.116459
v -0.742046 1.422265 -1.359341
v -0.684434 1.411521 -1.574644
v -0.718382 1.292245 -1.585650
v -0.727115 1.173684 -1.616157
v -0.776320 1.285775 -1.393316
v -0.781589 1.147631 -1.443995
v -0.827220 1.270668 -1.174133
v -0.829776 1.119451 -1.256428
v -0.866449 1.243482 -0.922744
v -0.860840 1.088558 -1.075566
v -0.899211 1.188756 -0.593054
v -0.889988 1.039473 -0.810553
v -0.896640 0.980183 -0.621984
v -0.907001 1.030690 -0.482067
v -0.896180 1.218399 -0.219470
v -0.904589 1.052054 -0.179012
v -0.876585 1.221868 0.078728
v -0.885164 1.064778 0.093053
v -0.842903 1.201188 0.364139
v -0.852776 1.063907 0.335762
v -0.828952 1.030764 0.444065
v -0.817396 1.081711 0.510600
v -0.794173 1.245372 0.559321
v -0.779844 1.121950 0.635575
v -0.744304 1.262984 0.706985
v -0.733279 1.153736 0.749160
v -0.676422 1.258301 0.852326
v -0.692738 1.171190 0.829930
v -0.506116 1.791995 -1.358944
v -0.442812 1.726291 -1.696869
v -0.542871 1.818321 -1.056870
v -0.559076 1.833119 -0.704074
v -0.583928 1.814225 -0.661798
v -0.585647 1.821457 -0.122388
v -0.556574 1.835013 0.029434
v -0.563656 1.842207 -0.079807
v -0.528540 1.801552 0.398741
v -0.480926 1.764632 0.684754
v -0.280319 1.549032 1.143134
v -0.341467 1.611643 1.079623
v -0.453035 1.733379 0.823554
v -0.412407 1.690062 0.950903
v -0.377639 1.649051 1.024759
v -0.347059 1.628390 -2.012221
v -0.293873 1.579835 -2.149187
v -0.405362 1.690838 -1.835932
v -0.313611 1.439722 -2.262035
v -0.232749 1.525698 -2.292506
v -0.428731 1.337684 -2.153792
v -0.512481 1.264709 -2.061858
v -0.607887 1.168999 -1.910040
v -0.563696 1.218043 -1.985041
v -0.668692 1.122870 -1.780641
v -0.702873 1.051576 -1.674045
v -0.755896 1.008371 -1.497607
v -0.798647 0.966994 -1.320133
v -0.395469 1.352350 -2.194514
v -0.798049 0.948838 -1.302606
v -0.849316 0.901165 -0.948435
v -0.872472 0.872416 -0.573271
v -0.883793 0.903192 -0.538500
v -0.876585 0.895733 -0.136985
v -0.858097 0.921984 0.144745
v -0.810593 0.959041 0.464667
v -0.798730 0.947116 0.497729
v -0.764948 0.972918 0.621947
v -0.715868 1.005290 0.744358
v -0.667615 1.058333 0.850130
v -0.586141 1.150868 0.971245
v -0.514296 1.228358 1.045779
v -0.425579 1.312463 1.110218
v -0.337877 1.404139 1.153578
v -0.239546 1.503658 1.171650
v -0.627863 1.100974 0.914696
v -0.399222 1.695146 -1.835405
v -0.437168 1.731337 -1.696713
v -0.500366 1.796913 -1.358748
v -0.537035 1.823137 -1.056692
v -0.554125 1.837929 -0.701804
v -0.578452 1.818846 -0.659468
v -0.576951 1.825412 -0.125886
v -0.556519 1.846001 -0.080500
v -0.549782 1.838277 0.029208
v -0.521849 1.804981 0.398307
v -0.474550 1.762972 0.683289
v -0.371031 1.651854 1.022797
v -0.335240 1.614895 1.077340
v -0.274907 1.551343 1.139708
v -0.232520 1.503748 1.173766
v -0.446229 1.733223 0.821806
v -0.405623 1.691048 0.948707
v -0.227802 1.525826 -2.295130
v -0.287647 1.582187 -2.147688
v -0.341123 1.633028 -2.011733
v -0.310155 1.434368 -2.265813
v -0.425227 1.332191 -2.153618
v -0.391778 1.351092 -2.192233
v -0.509494 1.258149 -2.064087
v -0.603756 1.162938 -1.910863
v -0.561139 1.211458 -1.987587
v -0.665660 1.116301 -1.782767
v -0.698293 1.046054 -1.675065
v -0.752364 1.001729 -1.498235
v -0.795415 0.960917 -1.323203
v -0.794583 0.942785 -1.305429
v -0.846318 0.894221 -0.948858
v -0.868235 0.867185 -0.570799
v -0.881505 0.896555 -0.535807
v -0.873703 0.888728 -0.136845
v -0.855058 0.915061 0.145145
v -0.808102 0.952053 0.463275
v -0.795927 0.940249 0.496385
v -0.761225 0.966350 0.622251
v -0.711529 0.999151 0.744830
v -0.663136 1.052345 0.851204
v -0.581295 1.145206 0.972579
v -0.622727 1.095502 0.915429
v -0.509871 1.222461 1.047532
v -0.420459 1.306933 1.110865
v -0.332764 1.398720 1.154922
v -0.397240 1.689180 -1.833002
v -0.432037 1.729679 -1.695123
v -0.494836 1.795528 -1.357612
v -0.529963 1.823948 -1.056137
v -0.556470 1.833785 -0.703449
v -0.571595 1.821237 -0.657210
v -0.572131 1.822513 -0.126810
v -0.556592 1.839435 -0.082351
v -0.545818 1.833452 0.028478
v -0.516303 1.800729 0.397138
v -0.473700 1.753984 0.681465
v -0.367530 1.647211 1.018067
v -0.332662 1.610719 1.071735
v -0.268509 1.554203 1.136142
v -0.224995 1.503421 1.174796
v -0.444152 1.725844 0.819237
v -0.403358 1.684294 0.944957
v -0.229832 1.524423 -2.291391
v -0.280377 1.582314 -2.144831
v -0.339251 1.627577 -2.009140
v -0.307815 1.436510 -2.257451
v -0.419692 1.326839 -2.152123
v -0.386096 1.345886 -2.190754
v -0.502909 1.261692 -2.056509
v -0.598304 1.166736 -1.906021
v -0.555642 1.209541 -1.985402
v -0.659508 1.114481 -1.781262
v -0.692977 1.040323 -1.675961
v -0.745784 1.000590 -1.496679
v -0.789433 0.958163 -1.324026
v -0.790142 0.947581 -1.302212
v -0.840590 0.889352 -0.948814
v -0.863563 0.861540 -0.568105
v -0.877911 0.890209 -0.533085
v -0.867992 0.886172 -0.136990
v -0.849128 0.910851 0.144973
v -0.802388 0.948500 0.461447
v -0.790438 0.941126 0.494626
v -0.754534 0.964561 0.620441
v -0.705700 1.000298 0.741835
v -0.656757 1.050836 0.848577
v -0.575042 1.141944 0.970488
v -0.617020 1.095945 0.911234
v -0.504188 1.217198 1.047059
v -0.414889 1.303597 1.107102
v -0.327308 1.394410 1.152161
v -0.244647 1.518678 -2.270090
v -0.293497 1.565252 -2.145195
v -0.571927 1.806354 -0.126640
v -0.561804 1.816683 -0.083214
v -0.474895 1.742893 0.679647
v -0.445564 1.709043 0.814663
v -0.404057 1.673704 0.940857
v -0.368464 1.628987 1.012802
v -0.292590 1.548580 1.118294
v -0.249915 1.500711 1.162641
v -0.390358 1.368290 -2.168826
v -0.310824 1.444064 -2.239531
v -0.551484 1.219985 -1.972883
v -0.499549 1.272547 -2.045665
v -0.782332 0.969501 -1.317852
v -0.738252 1.013285 -1.490520
v -0.781434 0.955950 0.503845
v -0.793830 0.960019 0.459879
v -0.652053 1.059612 0.840606
v -0.700964 1.012503 0.734792
v -0.334613 1.395210 1.133617
v -0.334953 1.600527 1.065235
v -0.388057 1.480074 1.018581
v -0.423088 1.305430 1.082760
v -0.499911 1.221405 1.036736
v -0.567609 1.155936 0.959809
v -0.613199 1.105425 0.901423
v -0.616642 1.206361 0.735636
v -0.748094 0.974941 0.615925
v -0.694822 1.163410 0.481244
v -0.840853 0.921090 0.143385
v -0.861110 0.899915 -0.137951
v -0.866200 0.893160 -0.529853
v -0.861719 0.883672 -0.571459
v -0.832276 0.899240 -0.946817
v -0.782233 0.969100 -1.288023
v -0.687765 1.069181 -1.669181
v -0.648476 1.130105 -1.773597
v -0.593912 1.177340 -1.898023
v -0.577529 1.259260 -1.806655
v -0.423592 1.340177 -2.135231
v -0.382977 1.441362 -2.089680
v -0.530044 1.811464 -1.055874
v -0.556263 1.830019 -0.705955
v -0.548636 1.816077 0.025929
v -0.516649 1.789141 0.395627
v -0.499816 1.771645 -1.354272
v -0.436432 1.712824 -1.691638
v -0.402652 1.673456 -1.829525
v -0.345150 1.612307 -2.006471
v -0.429821 1.487896 -1.936584
v -0.468690 1.370851 -1.982867
v -0.472349 1.526072 -1.775553
v -0.503392 1.544693 -1.641188
v -0.643396 1.194793 -1.621807
v -0.566020 1.375954 -1.639149
v -0.804118 1.040078 -0.572369
v -0.794856 1.051071 -0.669265
v -0.494368 1.353230 0.914558
v -0.517410 1.539542 0.683969
v -0.573771 1.577141 0.372441
v -0.626751 1.357224 0.457132
v -0.760450 1.124975 0.105729
v -0.673163 1.354449 0.152855
v -0.786082 1.100566 -0.219215
v -0.766308 1.074995 -0.976624
v -0.711632 1.126527 -1.350368
v -0.562839 1.559096 -1.331472
v -0.646511 1.322509 -1.293148
v -0.597890 1.562667 -1.067033
v -0.683835 1.311828 -0.996105
v -0.702277 1.318097 -0.723069
v -0.622822 1.576236 -0.749258
v -0.603212 1.630677 0.013519
v -0.710998 1.317926 -0.236193
v -0.694677 1.370201 -0.510661
v -0.568328 1.809573 -0.656104
v -0.619835 1.635730 -0.399246
vt 0.907165 0.452589
vt 0.912635 0.467687
vt 0.896863 0.483282
vt 0.892226 0.465820
vt 0.905344 0.436718
vt 0.889071 0.449886
vt 0.886402 0.433326
vt 0.883908 0.414043
vt 0.903581 0.399539
vt 0.904259 0.419960
vt 0.902942 0.373493
vt 0.881498 0.389375
vt 0.901454 0.339851
vt 0.878391 0.354034
vt 0.899717 0.300073
vt 0.873050 0.309177
vt 0.900096 0.255556
vt 0.876756 0.254390
vt 0.899571 0.215321
vt 0.877042 0.218828
vt 0.899145 0.177146
vt 0.877999 0.178699
vt 0.899235 0.141572
vt 0.879595 0.140259
vt 0.900124 0.109111
vt 0.882420 0.103857
vt 0.901513 0.081077
vt 0.885080 0.076417
vt 0.888449 0.051199
vt 0.891751 0.029165
vt 0.904926 0.035352
vt 0.903470 0.055913
vt 0.917962 0.445045
vt 0.925547 0.454869
vt 0.920542 0.432270
vt 0.913007 0.038627
vt 0.919002 0.056300
vt 0.917579 0.083129
vt 0.932250 0.065385
vt 0.940710 0.070172
vt 0.944426 0.084448
vt 0.932164 0.085297
vt 0.923461 0.394305
vt 0.921770 0.415261
vt 0.925597 0.367673
vt 0.925340 0.333480
vt 0.925152 0.294889
vt 0.922818 0.209627
vt 0.925492 0.251145
vt 0.920401 0.172960
vt 0.918606 0.139922
vt 0.917632 0.110102
vt 0.934279 0.108435
vt 0.949977 0.103430
vt 0.937453 0.135171
vt 0.955652 0.127414
vt 0.941315 0.165082
vt 0.961191 0.153197
vt 0.946191 0.198957
vt 0.966305 0.177768
vt 0.954547 0.243191
vt 0.973933 0.213553
vt 0.982423 0.238935
vt 0.975970 0.258073
vt 0.950468 0.293214
vt 0.972751 0.298966
vt 0.949273 0.333164
vt 0.970318 0.335718
vt 0.950619 0.371651
vt 0.969178 0.368793
vt 0.972693 0.384117
vt 0.965162 0.392724
vt 0.942795 0.397922
vt 0.958223 0.409781
vt 0.938450 0.418285
vt 0.952214 0.425771
vt 0.936323 0.439543
vt 0.948321 0.437553
vt 0.859584 0.137055
vt 0.865480 0.089845
vt 0.857121 0.178638
vt 0.855013 0.226783
vt 0.858364 0.233535
vt 0.857840 0.306737
vt 0.855094 0.328325
vt 0.854551 0.313287
vt 0.858530 0.378777
vt 0.861539 0.418579
vt 0.880988 0.493283
vt 0.875683 0.479502
vt 0.864693 0.438375
vt 0.868599 0.457355
vt 0.872317 0.469507
vt 0.873632 0.043601
vt 0.877311 0.022947
vt 0.868444 0.069731
vt 0.896310 0.007351
vt 0.881198 0.001055
vt 0.915209 0.024373
vt 0.928545 0.038693
vt 0.945465 0.060741
vt 0.937089 0.049939
vt 0.954515 0.079141
vt 0.965499 0.093662
vt 0.973790 0.118156
vt 0.981391 0.142663
vt 0.911446 0.017993
vt 0.983934 0.145553
vt 0.992244 0.193951
vt 0.997284 0.244949
vt 0.993607 0.250635
vt 0.993879 0.305226
vt 0.989466 0.343681
vt 0.982729 0.387523
vt 0.983452 0.392909
vt 0.978386 0.410423
vt 0.972091 0.428123
vt 0.962994 0.443320
vt 0.947159 0.461703
vt 0.933840 0.473667
vt 0.918816 0.485398
vt 0.902734 0.494352
vt 0.884997 0.501455
vt 0.955640 0.453059
vt 0.867436 0.069666
vt 0.864454 0.089788
vt 0.858596 0.137014
vt 0.856110 0.178570
vt 0.854312 0.226877
vt 0.857108 0.233819
vt 0.856279 0.306185
vt 0.853694 0.313362
vt 0.854104 0.328544
vt 0.857549 0.378984
vt 0.860740 0.418741
vt 0.871343 0.469727
vt 0.874696 0.479692
vt 0.880094 0.493437
vt 0.884792 0.502137
vt 0.863798 0.438557
vt 0.867718 0.457539
vt 0.880911 0.000476
vt 0.876382 0.022858
vt 0.872588 0.043525
vt 0.896824 0.006565
vt 0.915997 0.023847
vt 0.911740 0.017665
vt 0.929326 0.038083
vt 0.946252 0.060283
vt 0.937938 0.049311
vt 0.955488 0.078555
vt 0.966233 0.093310
vt 0.974779 0.117899
vt 0.982464 0.142065
vt 0.984595 0.145192
vt 0.993199 0.193737
vt 0.997928 0.245065
vt 0.994838 0.251132
vt 0.994822 0.305347
vt 0.990457 0.343865
vt 0.983913 0.387527
vt 0.984226 0.393029
vt 0.979290 0.410780
vt 0.972865 0.428540
vt 0.963764 0.443873
vt 0.947858 0.462418
vt 0.956341 0.453689
vt 0.934527 0.474398
vt 0.919465 0.486120
vt 0.903403 0.495142
vt 0.866578 0.069551
vt 0.863742 0.089725
vt 0.857836 0.136968
vt 0.855281 0.178521
vt 0.854441 0.226787
vt 0.856173 0.233993
vt 0.855526 0.305961
vt 0.853134 0.312930
vt 0.853294 0.328606
vt 0.856650 0.379097
vt 0.859573 0.418905
vt 0.870380 0.469996
vt 0.873815 0.479938
vt 0.879193 0.493786
vt 0.884489 0.502988
vt 0.862745 0.438755
vt 0.866698 0.457779
vt 0.880731 0.000990
vt 0.875436 0.022705
vt 0.871818 0.043417
vt 0.897364 0.005694
vt 0.881577 0.000252
vt 0.916750 0.023247
vt 0.912392 0.017041
vt 0.930318 0.037250
vt 0.947103 0.059781
vt 0.938543 0.048860
vt 0.956213 0.078104
vt 0.967084 0.092876
vt 0.975626 0.117645
vt 0.983231 0.141681
vt 0.985176 0.145044
vt 0.994052 0.193579
vt 0.998858 0.245247
vt 0.995914 0.251443
vt 0.995611 0.305417
vt 0.991417 0.344014
vt 0.984884 0.387572
vt 0.984883 0.393112
vt 0.980161 0.411090
vt 0.973601 0.428899
vt 0.964515 0.444378
vt 0.948519 0.463105
vt 0.957023 0.454272
vt 0.935196 0.475160
vt 0.920041 0.486901
vt 0.903896 0.495994
vt 0.484757 0.003531
vt 0.486216 0.000252
vt 0.490964 0.022003
vt 0.488104 0.022334
vt 0.506624 0.300602
vt 0.508777 0.300522
vt 0.511484 0.306568
vt 0.508344 0.306474
vt 0.502719 0.409982
vt 0.504235 0.410125
vt 0.502211 0.429178
vt 0.499895 0.428750
vt 0.497224 0.446954
vt 0.498720 0.447324
vt 0.495154 0.458629
vt 0.492617 0.458298
vt 0.485042 0.477246
vt 0.486706 0.480983
vt 0.482316 0.490180
vt 0.480805 0.486727
vt 0.458456 0.020512
vt 0.455882 0.017125
vt 0.471110 0.006753
vt 0.471954 0.009258
vt 0.432040 0.049864
vt 0.430452 0.048246
vt 0.439544 0.037905
vt 0.441107 0.039314
vt 0.390369 0.140098
vt 0.388564 0.139292
vt 0.395836 0.115828
vt 0.397820 0.116579
vt 0.388598 0.385879
vt 0.386310 0.384565
vt 0.386649 0.379888
vt 0.388570 0.379789
vt 0.407189 0.432570
vt 0.405788 0.433572
vt 0.397393 0.418662
vt 0.399179 0.417750
vt 0.463914 0.481934
vt 0.463855 0.479301
vt 0.490224 0.467083
vt 0.491718 0.467710
vt 0.472450 0.460561
vt 0.448540 0.469617
vt 0.448495 0.473064
vt 0.433310 0.462717
vt 0.434289 0.461461
vt 0.420827 0.450969
vt 0.423066 0.449702
vt 0.414677 0.441205
vt 0.413227 0.442447
vt 0.427631 0.418528
vt 0.392439 0.401257
vt 0.390760 0.401773
vt 0.418980 0.383296
vt 0.380046 0.337195
vt 0.381821 0.337029
vt 0.376341 0.299325
vt 0.378337 0.299196
vt 0.376005 0.246257
vt 0.377254 0.246422
vt 0.373357 0.240964
vt 0.376210 0.240749
vt 0.377805 0.189869
vt 0.379461 0.190119
vt 0.390371 0.144066
vt 0.387277 0.142189
vt 0.403092 0.091243
vt 0.406995 0.092194
vt 0.416315 0.077897
vt 0.413745 0.076989
vt 0.423145 0.059448
vt 0.424720 0.060475
vt 0.435983 0.072797
vt 0.451819 0.023224
vt 0.453279 0.025778
vt 0.468165 0.031359
vt 0.508856 0.175364
vt 0.510532 0.175380
vt 0.510675 0.222957
vt 0.510186 0.222615
vt 0.511134 0.321495
vt 0.508758 0.321208
vt 0.508305 0.371285
vt 0.506736 0.371164
vt 0.505000 0.134847
vt 0.508292 0.134468
vt 0.500109 0.088253
vt 0.502466 0.087841
vt 0.496592 0.068774
vt 0.498838 0.068339
vt 0.491508 0.042942
vt 0.493694 0.042601
vt 0.471840 0.053523
vt 0.455125 0.047559
vt 0.474767 0.076378
vt 0.475773 0.095160
vt 0.425025 0.098354
vt 0.451520 0.095607
vt 0.398700 0.240694
vt 0.400484 0.227559
vt 0.451633 0.444373
vt 0.474777 0.411460
vt 0.477136 0.368430
vt 0.446761 0.380336
vt 0.411378 0.332220
vt 0.444417 0.338756
vt 0.407203 0.288326
vt 0.404717 0.186029
vt 0.413514 0.135425
vt 0.475133 0.137738
vt 0.441358 0.142990
vt 0.474145 0.173717
vt 0.438467 0.183314
vt 0.438521 0.220270
vt 0.474873 0.216732
vt 0.482732 0.319627
vt 0.438158 0.286102
vt 0.445520 0.249005
vt 0.508668 0.229288
vt 0.507054 0.229335
vt 0.482678 0.263950
vn -0.744900 0.316569 0.587290
vn -0.663055 0.166697 0.729774
vn -0.552699 0.248775 0.795384
vn -0.649243 0.371809 0.663507
vn -0.817277 0.401589 0.413261
vn -0.723162 0.473800 0.502544
vn -0.761011 0.540000 0.359530
vn -0.779956 0.570969 0.256249
vn -0.861558 0.458945 0.216995
vn -0.849294 0.436990 0.296209
vn -0.869162 0.470367 0.152684
vn -0.786625 0.589159 0.184696
vn -0.871471 0.481690 0.092268
vn -0.792223 0.599105 0.115998
vn -0.871482 0.489113 0.035880
vn -0.799147 0.599570 0.043362
vn -0.875057 0.483842 -0.013115
vn -0.797748 0.602901 -0.010443
vn -0.873063 0.482573 -0.069892
vn -0.796719 0.600546 -0.067696
vn -0.864505 0.486148 -0.127641
vn -0.791320 0.600503 -0.114928
vn -0.854707 0.478691 -0.200826
vn -0.784988 0.586855 -0.198482
vn -0.842316 0.460775 -0.279626
vn -0.772991 0.570754 -0.276994
vn -0.823766 0.432089 -0.367028
vn -0.763191 0.525783 -0.375622
vn -0.742938 0.502277 -0.442449
vn -0.740097 0.463981 -0.486804
vn -0.777482 0.399598 -0.485637
vn -0.800363 0.416051 -0.431649
vn -0.822855 0.225554 0.521571
vn -0.761599 0.076265 0.643546
vn -0.878867 0.255066 0.403156
vn -0.812764 0.321628 -0.485768
vn -0.843356 0.313399 -0.436499
vn -0.866648 0.340362 -0.364795
vn -0.875842 0.236725 -0.420551
vn -0.905395 0.120750 -0.407037
vn -0.932032 0.096193 -0.349375
vn -0.902578 0.246978 -0.352641
vn -0.923998 0.317709 0.212811
vn -0.904753 0.298296 0.304042
vn -0.937289 0.316887 0.145162
vn -0.940446 0.328318 0.088142
vn -0.943280 0.330864 0.027416
vn -0.938935 0.335479 -0.076521
vn -0.945701 0.324140 -0.024129
vn -0.923745 0.356162 -0.140869
vn -0.908442 0.359237 -0.213732
vn -0.891156 0.351559 -0.286788
vn -0.928489 0.226755 -0.294094
vn -0.950265 0.053029 -0.306896
vn -0.947497 0.216975 -0.234885
vn -0.963921 0.031387 -0.264333
vn -0.964856 0.205482 -0.163799
vn -0.978678 0.027193 -0.203595
vn -0.980142 0.173609 -0.095823
vn -0.989165 -0.039906 -0.141279
vn -0.987519 0.152917 -0.037715
vn -0.993332 -0.061093 -0.097773
vn -0.990271 -0.122349 -0.066293
vn -0.998671 -0.051517 -0.001158
vn -0.986472 0.162055 0.024721
vn -0.997949 -0.051138 0.038503
vn -0.982219 0.163913 0.091530
vn -0.993965 -0.045550 0.099791
vn -0.975255 0.154173 0.158456
vn -0.987135 -0.059424 0.148435
vn -0.971585 -0.076908 0.223846
vn -0.963898 -0.020414 0.265487
vn -0.955876 0.165382 0.242796
vn -0.941781 -0.023020 0.335439
vn -0.925755 0.156353 0.344285
vn -0.909450 -0.025030 0.415059
vn -0.851988 0.084721 0.516661
vn -0.856936 -0.011620 0.515292
vn -0.741794 0.638867 -0.203935
vn -0.731767 0.613295 -0.297299
vn -0.747137 0.656009 -0.106946
vn -0.743713 0.665036 -0.067962
vn -0.740498 0.671051 -0.036793
vn -0.741253 0.671152 0.009933
vn -0.735768 0.669376 0.102867
vn -0.740838 0.666900 0.080022
vn -0.730347 0.663972 0.160423
vn -0.717616 0.658417 0.226965
vn -0.460137 0.314882 0.830135
vn -0.556095 0.410897 0.722442
vn -0.704742 0.631147 0.324025
vn -0.678328 0.583190 0.446947
vn -0.638324 0.503708 0.582084
vn -0.698839 0.555881 -0.450134
vn -0.693971 0.531319 -0.485906
vn -0.716181 0.578195 -0.390865
vn -0.732236 0.440004 -0.519834
vn -0.677281 0.519467 -0.521003
vn -0.795711 0.280266 -0.536932
vn -0.835071 0.229930 -0.499788
vn -0.889371 0.055193 -0.453842
vn -0.862982 0.186722 -0.469464
vn -0.928910 -0.015728 -0.369971
vn -0.944156 -0.061986 -0.323615
vn -0.954921 -0.085255 -0.284354
vn -0.967471 -0.109917 -0.227855
vn -0.773659 0.351362 -0.527254
vn -0.971455 -0.166696 -0.168785
vn -0.971626 -0.191892 -0.138276
vn -0.966086 -0.247587 -0.073340
vn -0.981450 -0.191700 0.002566
vn -0.982765 -0.178042 0.049744
vn -0.977769 -0.172947 0.118563
vn -0.968602 -0.189470 0.160971
vn -0.942816 -0.181919 0.279290
vn -0.925544 -0.150576 0.347411
vn -0.899616 -0.140591 0.413432
vn -0.866341 -0.128786 0.482564
vn -0.769631 -0.019212 0.638200
vn -0.700228 0.016586 0.713727
vn -0.596901 0.073331 0.798957
vn -0.487450 0.146115 0.860839
vn -0.369639 0.223169 0.901977
vn -0.809301 -0.055471 0.584769
vn 0.104795 0.958467 -0.265252
vn -0.211605 0.946533 -0.243512
vn -0.306363 0.934795 -0.179722
vn -0.361506 0.927670 -0.093500
vn -0.390765 0.919871 -0.033757
vn -0.364268 0.931269 -0.006887
vn -0.324151 0.945328 -0.035799
vn 0.224551 0.971657 -0.073885
vn 0.135822 0.988089 0.072340
vn 0.277204 0.958433 0.067565
vn 0.592023 0.805458 0.027344
vn 0.414878 0.862375 0.290148
vn 0.275870 0.830521 0.483871
vn 0.144942 0.728930 0.669069
vn -0.011120 0.105273 0.994381
vn 0.667423 0.743830 0.035562
vn 0.541690 0.828524 0.141842
vn 0.150595 0.643803 -0.750226
vn 0.041969 0.942327 -0.332051
vn 0.129144 0.947975 -0.290973
vn 0.094376 -0.590317 -0.801635
vn -0.299592 -0.641013 -0.706645
vn -0.127495 -0.654178 -0.745517
vn -0.258033 -0.673129 -0.693049
vn -0.347466 -0.770223 -0.534812
vn -0.312753 -0.704642 -0.636918
vn -0.544380 -0.649416 -0.530951
vn -0.632623 -0.634485 -0.444091
vn -0.652406 -0.676720 -0.341197
vn -0.692154 -0.636725 -0.339860
vn -0.584327 -0.780554 -0.222033
vn -0.711045 -0.689620 -0.137257
vn -0.771445 -0.632243 -0.071698
vn -0.871049 -0.490878 0.017662
vn -0.807807 -0.587269 0.050633
vn -0.760993 -0.631174 0.150031
vn -0.781854 -0.598655 0.174117
vn -0.532187 -0.812042 0.239510
vn -0.493826 -0.793598 0.355441
vn -0.394447 -0.791349 0.467097
vn -0.320729 -0.743558 0.586732
vn -0.363077 -0.498023 0.787495
vn -0.263652 -0.673882 0.690196
vn -0.345117 -0.388655 0.854308
vn -0.192208 -0.359940 0.912962
vn -0.104872 -0.222532 0.969269
vn 0.954075 -0.039970 0.296891
vn 0.980130 0.061780 0.188489
vn 0.980508 0.143247 0.134480
vn 0.969394 0.232887 0.077712
vn 0.920848 0.373646 0.111476
vn 0.846837 0.531332 0.023541
vn 0.894920 0.444530 -0.038868
vn 0.985240 -0.033047 -0.167958
vn 0.991543 0.105924 -0.074991
vn 0.980484 0.175172 -0.089257
vn 0.981030 0.119873 -0.152351
vn 0.902500 0.269196 -0.336195
vn 0.850596 0.285799 -0.441368
vn 0.748358 0.096694 -0.656210
vn 0.784167 -0.384049 -0.487431
vn 0.967963 0.105479 -0.227864
vn 0.940222 0.190946 -0.281997
vn 0.922559 -0.304846 0.236544
vn 0.882171 -0.215931 0.418507
vn 0.923875 -0.109695 0.366636
vn 0.783068 -0.569325 0.250346
vn 0.732018 -0.649789 0.204756
vn 0.783491 -0.555751 0.277999
vn 0.733685 -0.670836 0.108098
vn 0.710711 -0.702689 0.033424
vn 0.726746 -0.686260 0.029783
vn 0.764390 -0.644198 -0.026784
vn 0.808040 -0.588949 0.014522
vn 0.725500 -0.687644 0.028194
vn 0.632590 -0.771445 -0.068576
vn 0.725833 -0.687228 -0.029730
vn 0.738225 -0.674553 0.001707
vn 0.734830 -0.676283 0.051625
vn 0.111227 -0.992667 0.047343
vn 0.382208 -0.924000 0.011879
vn 0.479041 -0.876888 0.039839
vn 0.452458 -0.891785 -0.001122
vn 0.585383 -0.801517 -0.122059
vn 0.644301 -0.763781 -0.038911
vn 0.667278 -0.744792 -0.004992
vn 0.680826 -0.730302 0.055984
vn 0.619697 -0.763623 0.181261
vn 0.693934 -0.716443 0.071870
vn 0.580352 -0.779342 0.236258
vn 0.685064 -0.724853 0.072628
vn 0.745813 -0.646471 -0.160742
vn 0.780168 -0.462486 0.421243
vn 0.807611 -0.416479 0.417503
vn 0.972745 -0.230512 -0.025147
vn 0.954873 -0.266798 -0.130522
vn 0.952699 -0.181640 -0.243664
vn 0.932080 -0.122893 -0.340770
vn 0.920245 -0.067740 -0.385435
vn 0.887379 -0.072729 -0.455268
vn 0.725851 -0.206602 -0.656092
vn 0.685859 -0.281840 -0.670943
vn 0.794131 -0.465142 0.391151
vn 0.793366 -0.445957 0.414359
vn 0.856379 -0.454423 0.245185
vn 0.838256 -0.462243 0.289237
vn 0.909648 -0.401274 0.107332
vn 0.912902 -0.385877 0.133078
vn 0.887960 -0.403770 -0.220218
vn 0.903098 -0.412331 -0.119985
vn 0.883611 -0.401351 -0.241142
vn 0.889544 -0.401311 -0.218312
vn 0.761608 -0.340703 -0.551249
vn 0.772959 -0.084770 -0.628768
vn 0.868281 -0.250029 -0.428455
vn 0.794269 -0.393737 -0.462719
vn 0.800486 -0.448133 -0.397995
vn 0.854285 -0.420402 -0.305711
vn 0.873904 -0.406488 -0.266570
vn 0.887619 -0.391470 -0.242662
vn 0.890164 -0.402347 -0.213831
vn 0.910941 -0.377453 -0.166482
vn 0.913497 -0.400243 -0.073005
vn 0.921682 -0.387290 -0.022543
vn 0.921498 -0.388102 0.014778
vn 0.938610 -0.338007 0.069007
vn 0.933324 -0.353353 0.063627
vn 0.924683 -0.372953 0.076595
vn 0.911880 -0.386142 0.139174
vn 0.891522 -0.424540 0.157972
vn 0.866505 -0.447621 0.220917
vn 0.880745 -0.418890 0.220950
vn 0.808492 -0.468641 0.355973
vn 0.820127 -0.424967 0.383138
vn 0.960669 -0.257162 0.104800
vn 0.965611 -0.249324 0.073710
vn 0.961205 -0.252358 -0.111361
vn 0.961893 -0.231897 -0.144865
vn 0.949392 -0.263730 0.170590
vn 0.932475 -0.276756 0.232156
vn 0.891720 -0.312519 0.327363
vn 0.850231 -0.357565 0.386335
vn 0.851331 -0.377441 0.364383
vn 0.859574 -0.419536 0.291757
vn 0.899368 -0.328461 0.288531
vn 0.927511 -0.304415 0.216923
vn 0.910413 -0.381829 0.159235
vn 0.915400 -0.351048 0.196998
vn 0.941210 -0.337223 0.020086
vn 0.942484 -0.328902 0.059557
vn 0.882102 -0.333460 -0.332718
vn 0.930596 -0.241421 -0.275150
vn 0.952319 -0.269091 -0.143800
vn 0.925042 -0.326413 -0.194298
vn 0.928954 -0.361578 -0.079413
vn 0.945111 -0.309945 -0.103436
vn 0.938355 -0.345069 -0.020423
vn 0.938686 -0.336465 0.075235
vn 0.928101 -0.354344 0.114317
vn 0.942756 -0.292801 0.159621
vn 0.935931 -0.327013 0.130753
vn 0.953478 -0.282945 0.104024
vn 0.946137 -0.311309 0.088942
vn 0.950380 -0.305219 0.060167
vn 0.958429 -0.277336 0.067074
vn 0.958461 -0.275589 -0.073501
vn 0.950900 -0.307659 -0.033698
vn 0.953795 -0.300257 0.011031
vn 0.974553 -0.222352 0.028378
vn 0.963164 -0.268819 -0.007187
s 1
g MiningRobot_LP1 MiningRobot_RightCover_LP
usemtl Maya_Lambert1SG
f 5170/2354/2010 5171/2355/2011 5172/2356/2012 5173/2357/2013
f 5174/2358/2014 5170/2354/2010 5173/2357/2013 5175/2359/2015
f 5176/2360/2016 5177/2361/2017 5178/2362/2018 5179/2363/2019
f 5179/2363/2019 5174/2358/2014 5175/2359/2015 5176/2360/2016
f 5180/2364/2020 5178/2362/2018 5177/2361/2017 5181/2365/2021
f 5182/2366/2022 5180/2364/2020 5181/2365/2021 5183/2367/2023
f 5184/2368/2024 5182/2366/2022 5183/2367/2023 5185/2369/2025
f 5186/2370/2026 5184/2368/2024 5185/2369/2025 5187/2371/2027
f 5188/2372/2028 5186/2370/2026 5187/2371/2027 5189/2373/2029
f 5190/2374/2030 5188/2372/2028 5189/2373/2029 5191/2375/2031
f 5192/2376/2032 5190/2374/2030 5191/2375/2031 5193/2377/2033
f 5194/2378/2034 5192/2376/2032 5193/2377/2033 5195/2379/2035
f 5196/2380/2036 5194/2378/2034 5195/2379/2035 5197/2381/2037
f 5198/2382/2038 5199/2383/2039 5200/2384/2040 5201/2385/2041
f 5201/2385/2041 5196/2380/2036 5197/2381/2037 5198/2382/2038
f 5171/2355/2011 5170/2354/2010 5202/2386/2042 5203/2387/2043
f 5204/2388/2044 5202/2386/2042 5170/2354/2010 5174/2358/2014
f 5201/2385/2041 5200/2384/2040 5205/2389/2045 5206/2390/2046
f 5196/2380/2036 5201/2385/2041 5206/2390/2046 5207/2391/2047
f 5208/2392/2048 5209/2393/2049 5210/2394/2050 5211/2395/2051
f 5207/2391/2047 5206/2390/2046 5208/2392/2048 5211/2395/2051
f 5179/2363/2019 5178/2362/2018 5212/2396/2052 5213/2397/2053
f 5213/2397/2053 5204/2388/2044 5174/2358/2014 5179/2363/2019
f 5214/2398/2054 5212/2396/2052 5178/2362/2018 5180/2364/2020
f 5215/2399/2055 5214/2398/2054 5180/2364/2020 5182/2366/2022
f 5216/2400/2056 5215/2399/2055 5182/2366/2022 5184/2368/2024
f 5186/2370/2026 5188/2372/2028 5217/2401/2057 5218/2402/2058
f 5218/2402/2058 5216/2400/2056 5184/2368/2024 5186/2370/2026
f 5219/2403/2059 5217/2401/2057 5188/2372/2028 5190/2374/2030
f 5220/2404/2060 5219/2403/2059 5190/2374/2030 5192/2376/2032
f 5194/2378/2034 5196/2380/2036 5207/2391/2047 5221/2405/2061
f 5221/2405/2061 5220/2404/2060 5192/2376/2032 5194/2378/2034
f 5222/2406/2062 5211/2395/2051 5210/2394/2050 5223/2407/2063
f 5221/2405/2061 5207/2391/2047 5211/2395/2051 5222/2406/2062
f 5224/2408/2064 5222/2406/2062 5223/2407/2063 5225/2409/2065
f 5220/2404/2060 5221/2405/2061 5222/2406/2062 5224/2408/2064
f 5226/2410/2066 5224/2408/2064 5225/2409/2065 5227/2411/2067
f 5219/2403/2059 5220/2404/2060 5224/2408/2064 5226/2410/2066
f 5228/2412/2068 5226/2410/2066 5227/2411/2067 5229/2413/2069
f 5217/2401/2057 5219/2403/2059 5226/2410/2066 5228/2412/2068
f 5230/2414/2070 5231/2415/2071 5232/2416/2072 5233/2417/2073
f 5218/2402/2058 5217/2401/2057 5228/2412/2068 5230/2414/2070
f 5230/2414/2070 5228/2412/2068 5229/2413/2069 5231/2415/2071
f 5234/2418/2074 5230/2414/2070 5233/2417/2073 5235/2419/2075
f 5216/2400/2056 5218/2402/2058 5230/2414/2070 5234/2418/2074
f 5236/2420/2076 5234/2418/2074 5235/2419/2075 5237/2421/2077
f 5215/2399/2055 5216/2400/2056 5234/2418/2074 5236/2420/2076
f 5238/2422/2078 5239/2423/2079 5240/2424/2080 5241/2425/2081
f 5214/2398/2054 5215/2399/2055 5236/2420/2076 5238/2422/2078
f 5238/2422/2078 5236/2420/2076 5237/2421/2077 5239/2423/2079
f 5242/2426/2082 5238/2422/2078 5241/2425/2081 5243/2427/2083
f 5212/2396/2052 5214/2398/2054 5238/2422/2078 5242/2426/2082
f 5244/2428/2084 5242/2426/2082 5243/2427/2083 5245/2429/2085
f 5246/2430/2086 5203/2387/2043 5202/2386/2042 5204/2388/2044
f 5246/2430/2086 5204/2388/2044 5213/2397/2053 5244/2428/2084
f 5213/2397/2053 5212/2396/2052 5242/2426/2082 5244/2428/2084
f 5246/2430/2086 5244/2428/2084 5245/2429/2085 5247/2431/2087
f 5248/2432/2088 5249/2433/2089 5195/2379/2035 5193/2377/2033
f 5250/2434/2090 5248/2432/2088 5193/2377/2033 5191/2375/2031
f 5251/2435/2091 5250/2434/2090 5191/2375/2031 5189/2373/2029
f 5252/2436/2092 5251/2435/2091 5189/2373/2029 5187/2371/2027
f 5253/2437/2093 5252/2436/2092 5187/2371/2027 5185/2369/2025
f 5254/2438/2094 5255/2439/2095 5253/2437/2093 5185/2369/2025
f 5256/2440/2096 5254/2438/2094 5185/2369/2025 5183/2367/2023
f 5257/2441/2097 5256/2440/2096 5183/2367/2023 5181/2365/2021
f 5258/2442/2098 5259/2443/2099 5173/2357/2013 5172/2356/2012
f 5260/2444/2100 5257/2441/2097 5181/2365/2021 5177/2361/2017
f 5177/2361/2017 5176/2360/2016 5261/2445/2101 5260/2444/2100
f 5262/2446/2102 5261/2445/2101 5176/2360/2016 5175/2359/2015
f 5175/2359/2015 5173/2357/2013 5259/2443/2099 5262/2446/2102
f 5199/2383/2039 5198/2382/2038 5263/2447/2103 5264/2448/2104
f 5265/2449/2105 5263/2447/2103 5198/2382/2038 5197/2381/2037
f 5197/2381/2037 5195/2379/2035 5249/2433/2089 5265/2449/2105
f 5266/2450/2106 5199/2383/2039 5264/2448/2104 5267/2451/2107
f 5206/2390/2046 5205/2389/2045 5268/2452/2108 5269/2453/2109
f 5270/2454/2110 5209/2393/2049 5208/2392/2048 5271/2455/2111
f 5210/2394/2050 5209/2393/2049 5270/2454/2110 5272/2456/2112
f 5223/2407/2063 5210/2394/2050 5272/2456/2112 5273/2457/2113
f 5227/2411/2067 5225/2409/2065 5274/2458/2114 5275/2459/2115
f 5225/2409/2065 5223/2407/2063 5273/2457/2113 5274/2458/2114
f 5200/2384/2040 5199/2383/2039 5266/2450/2106 5276/2460/2116
f 5276/2460/2116 5268/2452/2108 5205/2389/2045 5200/2384/2040
f 5229/2413/2069 5227/2411/2067 5275/2459/2115 5277/2461/2117
f 5232/2416/2072 5231/2415/2071 5278/2462/2118 5279/2463/2119
f 5231/2415/2071 5229/2413/2069 5277/2461/2117 5278/2462/2118
f 5233/2417/2073 5232/2416/2072 5279/2463/2119 5280/2464/2120
f 5235/2419/2075 5233/2417/2073 5280/2464/2120 5281/2465/2121
f 5237/2421/2077 5235/2419/2075 5281/2465/2121 5282/2466/2122
f 5239/2423/2079 5237/2421/2077 5282/2466/2122 5283/2467/2123
f 5240/2424/2080 5239/2423/2079 5283/2467/2123 5284/2468/2124
f 5243/2427/2083 5241/2425/2081 5285/2469/2125 5286/2470/2126
f 5241/2425/2081 5240/2424/2080 5284/2468/2124 5285/2469/2125
f 5245/2429/2085 5243/2427/2083 5286/2470/2126 5287/2471/2127
f 5203/2387/2043 5246/2430/2086 5288/2472/2128 5289/2473/2129
f 5171/2355/2011 5203/2387/2043 5289/2473/2129 5290/2474/2130
f 5172/2356/2012 5171/2355/2011 5290/2474/2130 5291/2475/2131
f 5291/2475/2131 5292/2476/2132 5258/2442/2098 5172/2356/2012
f 5208/2392/2048 5206/2390/2046 5269/2453/2109 5271/2455/2111
f 5247/2431/2087 5245/2429/2085 5287/2471/2127 5293/2477/2133
f 5288/2472/2128 5246/2430/2086 5247/2431/2087 5293/2477/2133
f 5294/2478/2134 5265/2449/2105 5249/2433/2089 5295/2479/2135
f 5295/2479/2135 5249/2433/2089 5248/2432/2088 5296/2480/2136
f 5296/2480/2136 5248/2432/2088 5250/2434/2090 5297/2481/2137
f 5297/2481/2137 5250/2434/2090 5251/2435/2091 5298/2482/2138
f 5298/2482/2138 5251/2435/2091 5252/2436/2092 5299/2483/2139
f 5299/2483/2139 5252/2436/2092 5253/2437/2093 5300/2484/2140
f 5300/2484/2140 5253/2437/2093 5255/2439/2095 5301/2485/2141
f 5301/2485/2141 5255/2439/2095 5254/2438/2094 5302/2486/2142
f 5302/2486/2142 5254/2438/2094 5256/2440/2096 5303/2487/2143
f 5303/2487/2143 5256/2440/2096 5257/2441/2097 5304/2488/2144
f 5305/2489/2145 5262/2446/2102 5259/2443/2099 5306/2490/2146
f 5306/2490/2146 5259/2443/2099 5258/2442/2098 5307/2491/2147
f 5307/2491/2147 5258/2442/2098 5292/2476/2132 5308/2492/2148
f 5304/2488/2144 5257/2441/2097 5260/2444/2100 5309/2493/2149
f 5309/2493/2149 5260/2444/2100 5261/2445/2101 5310/2494/2150
f 5310/2494/2150 5261/2445/2101 5262/2446/2102 5305/2489/2145
f 5311/2495/2151 5267/2451/2107 5264/2448/2104 5312/2496/2152
f 5312/2496/2152 5264/2448/2104 5263/2447/2103 5313/2497/2153
f 5313/2497/2153 5263/2447/2103 5265/2449/2105 5294/2478/2134
f 5314/2498/2154 5266/2450/2106 5267/2451/2107 5311/2495/2151
f 5315/2499/2155 5268/2452/2108 5276/2460/2116 5316/2500/2156
f 5317/2501/2157 5269/2453/2109 5268/2452/2108 5315/2499/2155
f 5318/2502/2158 5270/2454/2110 5271/2455/2111 5319/2503/2159
f 5320/2504/2160 5272/2456/2112 5270/2454/2110 5318/2502/2158
f 5321/2505/2161 5273/2457/2113 5272/2456/2112 5320/2504/2160
f 5322/2506/2162 5274/2458/2114 5273/2457/2113 5321/2505/2161
f 5323/2507/2163 5275/2459/2115 5274/2458/2114 5322/2506/2162
f 5316/2500/2156 5276/2460/2116 5266/2450/2106 5314/2498/2154
f 5324/2508/2164 5277/2461/2117 5275/2459/2115 5323/2507/2163
f 5325/2509/2165 5278/2462/2118 5277/2461/2117 5324/2508/2164
f 5326/2510/2166 5279/2463/2119 5278/2462/2118 5325/2509/2165
f 5327/2511/2167 5280/2464/2120 5279/2463/2119 5326/2510/2166
f 5328/2512/2168 5281/2465/2121 5280/2464/2120 5327/2511/2167
f 5329/2513/2169 5282/2466/2122 5281/2465/2121 5328/2512/2168
f 5330/2514/2170 5283/2467/2123 5282/2466/2122 5329/2513/2169
f 5331/2515/2171 5284/2468/2124 5283/2467/2123 5330/2514/2170
f 5332/2516/2172 5285/2469/2125 5284/2468/2124 5331/2515/2171
f 5333/2517/2173 5286/2470/2126 5285/2469/2125 5332/2516/2172
f 5334/2518/2174 5287/2471/2127 5286/2470/2126 5333/2517/2173
f 5335/2519/2175 5288/2472/2128 5293/2477/2133 5336/2520/2176
f 5337/2521/2177 5289/2473/2129 5288/2472/2128 5335/2519/2175
f 5338/2522/2178 5290/2474/2130 5289/2473/2129 5337/2521/2177
f 5339/2523/2179 5291/2475/2131 5290/2474/2130 5338/2522/2178
f 5308/2492/2148 5292/2476/2132 5291/2475/2131 5339/2523/2179
f 5319/2503/2159 5271/2455/2111 5269/2453/2109 5317/2501/2157
f 5336/2520/2176 5293/2477/2133 5287/2471/2127 5334/2518/2174
f 5340/2524/2180 5294/2478/2134 5295/2479/2135 5341/2525/2181
f 5341/2525/2181 5295/2479/2135 5296/2480/2136 5342/2526/2182
f 5342/2526/2182 5296/2480/2136 5297/2481/2137 5343/2527/2183
f 5343/2527/2183 5297/2481/2137 5298/2482/2138 5344/2528/2184
f 5344/2528/2184 5298/2482/2138 5299/2483/2139 5345/2529/2185
f 5345/2529/2185 5299/2483/2139 5300/2484/2140 5346/2530/2186
f 5346/2530/2186 5300/2484/2140 5301/2485/2141 5347/2531/2187
f 5347/2531/2187 5301/2485/2141 5302/2486/2142 5348/2532/2188
f 5348/2532/2188 5302/2486/2142 5303/2487/2143 5349/2533/2189
f 5349/2533/2189 5303/2487/2143 5304/2488/2144 5350/2534/2190
f 5351/2535/2191 5305/2489/2145 5306/2490/2146 5352/2536/2192
f 5352/2536/2192 5306/2490/2146 5307/2491/2147 5353/2537/2193
f 5353/2537/2193 5307/2491/2147 5308/2492/2148 5354/2538/2194
f 5350/2534/2190 5304/2488/2144 5309/2493/2149 5355/2539/2195
f 5355/2539/2195 5309/2493/2149 5310/2494/2150 5356/2540/2196
f 5356/2540/2196 5310/2494/2150 5305/2489/2145 5351/2535/2191
f 5357/2541/2197 5311/2495/2151 5312/2496/2152 5358/2542/2198
f 5358/2542/2198 5312/2496/2152 5313/2497/2153 5359/2543/2199
f 5359/2543/2199 5313/2497/2153 5294/2478/2134 5340/2524/2180
f 5360/2544/2200 5314/2498/2154 5311/2495/2151 5357/2545/2197
f 5361/2546/2201 5315/2499/2155 5316/2500/2156 5362/2547/2202
f 5363/2548/2203 5317/2501/2157 5315/2499/2155 5361/2546/2201
f 5364/2549/2204 5318/2502/2158 5319/2503/2159 5365/2550/2205
f 5366/2551/2206 5320/2504/2160 5318/2502/2158 5364/2549/2204
f 5367/2552/2207 5321/2505/2161 5320/2504/2160 5366/2551/2206
f 5368/2553/2208 5322/2506/2162 5321/2505/2161 5367/2552/2207
f 5369/2554/2209 5323/2507/2163 5322/2506/2162 5368/2553/2208
f 5362/2547/2202 5316/2500/2156 5314/2498/2154 5360/2544/2200
f 5370/2555/2210 5324/2508/2164 5323/2507/2163 5369/2554/2209
f 5371/2556/2211 5325/2509/2165 5324/2508/2164 5370/2555/2210
f 5372/2557/2212 5326/2510/2166 5325/2509/2165 5371/2556/2211
f 5373/2558/2213 5327/2511/2167 5326/2510/2166 5372/2557/2212
f 5374/2559/2214 5328/2512/2168 5327/2511/2167 5373/2558/2213
f 5375/2560/2215 5329/2513/2169 5328/2512/2168 5374/2559/2214
f 5376/2561/2216 5330/2514/2170 5329/2513/2169 5375/2560/2215
f 5377/2562/2217 5331/2515/2171 5330/2514/2170 5376/2561/2216
f 5378/2563/2218 5332/2516/2172 5331/2515/2171 5377/2562/2217
f 5379/2564/2219 5333/2517/2173 5332/2516/2172 5378/2563/2218
f 5380/2565/2220 5334/2518/2174 5333/2517/2173 5379/2564/2219
f 5381/2566/2221 5335/2519/2175 5336/2520/2176 5382/2567/2222
f 5383/2568/2223 5337/2521/2177 5335/2519/2175 5381/2566/2221
f 5384/2569/2224 5338/2522/2178 5337/2521/2177 5383/2568/2223
f 5354/2538/2194 5308/2492/2148 5339/2523/2179 5385/2570/2225
f 5385/2570/2225 5339/2523/2179 5338/2522/2178 5384/2569/2224
f 5365/2550/2205 5319/2503/2159 5317/2501/2157 5363/2548/2203
f 5382/2567/2222 5336/2520/2176 5334/2518/2174 5380/2565/2220
f 5386/2571/2226 5357/2572/2197 5358/2573/2198 5387/2574/2227
f 5388/2575/2228 5346/2576/2186 5347/2577/2187 5389/2578/2229
f 5390/2579/2230 5350/2580/2190 5355/2581/2195 5391/2582/2231
f 5392/2583/2232 5356/2584/2196 5351/2585/2191 5393/2586/2233
f 5394/2587/2234 5353/2588/2193 5354/2589/2194 5395/2590/2235
f 5396/2591/2236 5362/2592/2202 5360/2593/2200 5397/2594/2237
f 5398/2595/2238 5365/2596/2205 5363/2597/2203 5399/2598/2239
f 5400/2599/2240 5369/2600/2209 5368/2601/2208 5401/2602/2241
f 5402/2603/2242 5377/2604/2217 5376/2605/2216 5403/2606/2243
f 5404/2607/2244 5380/2608/2220 5379/2609/2219 5405/2610/2245
f 5395/2590/2235 5354/2589/2194 5385/2611/2225 5406/2612/2246
f 5407/2613/2247 5352/2614/2192 5353/2588/2193 5394/2587/2234
f 5393/2586/2233 5351/2585/2191 5352/2614/2192 5407/2613/2247
f 5391/2582/2231 5355/2581/2195 5356/2584/2196 5392/2583/2232
f 5394/2587/2234 5395/2590/2235 5406/2612/2246 5408/2615/2248
f 5409/2616/2249 5384/2617/2224 5383/2618/2223 5410/2619/2250
f 5406/2612/2246 5385/2611/2225 5384/2617/2224 5409/2616/2249
f 5410/2619/2250 5383/2618/2223 5381/2620/2221 5411/2621/2251
f 5412/2622/2252 5382/2623/2222 5380/2608/2220 5404/2607/2244
f 5411/2621/2251 5381/2620/2221 5382/2623/2222 5412/2622/2252
f 5413/2624/2253 5412/2622/2252 5404/2607/2244 5405/2610/2245
f 5414/2625/2254 5378/2626/2218 5377/2604/2217 5402/2603/2242
f 5405/2610/2245 5379/2609/2219 5378/2626/2218 5414/2625/2254
f 5415/2627/2255 5414/2625/2254 5402/2603/2242 5403/2606/2243
f 5403/2606/2243 5376/2605/2216 5375/2628/2215 5416/2629/2256
f 5416/2629/2256 5375/2628/2215 5374/2630/2214 5417/2631/2257
f 5417/2631/2257 5374/2630/2214 5373/2632/2213 5418/2633/2258
f 5418/2633/2258 5373/2632/2213 5372/2634/2212 5419/2635/2259
f 5419/2635/2259 5372/2634/2212 5371/2636/2211 5420/2637/2260
f 5421/2638/2261 5370/2639/2210 5369/2600/2209 5400/2599/2240
f 5420/2637/2260 5371/2636/2211 5370/2639/2210 5421/2638/2261
f 5401/2602/2241 5368/2601/2208 5367/2640/2207 5422/2641/2262
f 5423/2642/2263 5366/2643/2206 5364/2644/2204 5424/2645/2264
f 5422/2641/2262 5367/2640/2207 5366/2643/2206 5423/2642/2263
f 5424/2645/2264 5364/2644/2204 5365/2596/2205 5398/2595/2238
f 5425/2646/2265 5423/2642/2263 5424/2645/2264 5398/2595/2238
f 5399/2598/2239 5363/2597/2203 5361/2647/2201 5426/2648/2266
f 5426/2648/2266 5361/2647/2201 5362/2592/2202 5396/2591/2236
f 5397/2594/2237 5360/2593/2200 5357/2572/2197 5386/2571/2226
f 5427/2649/2267 5426/2648/2266 5396/2591/2236 5397/2594/2237
f 5427/2649/2267 5397/2594/2237 5386/2571/2226 5387/2574/2227
f 5393/2586/2233 5407/2613/2247 5394/2587/2234 5408/2615/2248
f 5391/2582/2231 5392/2583/2232 5393/2586/2233 5408/2615/2248
f 5428/2650/2268 5343/2651/2183 5344/2652/2184 5429/2653/2269
f 5389/2578/2229 5347/2577/2187 5348/2654/2188 5430/2655/2270
f 5430/2655/2270 5348/2654/2188 5349/2656/2189 5431/2657/2271
f 5431/2657/2271 5349/2656/2189 5350/2580/2190 5390/2579/2230
f 5432/2658/2272 5342/2659/2182 5343/2651/2183 5428/2650/2268
f 5433/2660/2273 5341/2661/2181 5342/2659/2182 5432/2658/2272
f 5434/2662/2274 5340/2663/2180 5341/2661/2181 5433/2660/2273
f 5435/2664/2275 5359/2665/2199 5340/2663/2180 5434/2662/2274
f 5387/2574/2227 5358/2573/2198 5359/2665/2199 5435/2664/2275
f 5436/2666/2276 5427/2649/2267 5387/2574/2227 5435/2664/2275
f 5437/2667/2277 5399/2598/2239 5426/2648/2266 5427/2649/2267
f 5438/2668/2278 5436/2666/2276 5435/2664/2275 5434/2662/2274
f 5437/2667/2277 5425/2646/2265 5398/2595/2238 5399/2598/2239
f 5437/2667/2277 5427/2649/2267 5436/2666/2276 5438/2668/2278
f 5439/2669/2279 5438/2668/2278 5434/2662/2274 5433/2660/2273
f 5440/2670/2280 5422/2641/2262 5423/2642/2263 5425/2646/2265
f 5441/2671/2281 5437/2667/2277 5438/2668/2278 5439/2669/2279
f 5440/2670/2280 5425/2646/2265 5437/2667/2277 5441/2671/2281
f 5442/2672/2282 5418/2633/2258 5419/2635/2259 5443/2673/2283
f 5444/2674/2284 5408/2615/2248 5406/2612/2246 5409/2616/2249
f 5444/2674/2284 5409/2616/2249 5410/2619/2250 5411/2621/2251
f 5444/2674/2284 5411/2621/2251 5412/2622/2252 5413/2624/2253
f 5390/2579/2230 5391/2582/2231 5408/2615/2248 5445/2675/2285
f 5431/2657/2271 5390/2579/2230 5445/2675/2285 5446/2676/2286
f 5447/2677/2287 5444/2674/2284 5413/2624/2253 5415/2627/2255
f 5415/2627/2255 5413/2624/2253 5405/2610/2245 5414/2625/2254
f 5445/2675/2285 5408/2615/2248 5444/2674/2284 5447/2677/2287
f 5448/2678/2288 5415/2627/2255 5403/2606/2243 5416/2629/2256
f 5449/2679/2289 5447/2677/2287 5415/2627/2255 5448/2678/2288
f 5446/2676/2286 5445/2675/2285 5447/2677/2287 5449/2679/2289
f 5450/2680/2290 5448/2678/2288 5416/2629/2256 5417/2631/2257
f 5450/2680/2290 5417/2631/2257 5418/2633/2258 5442/2672/2282
f 5451/2681/2291 5443/2673/2283 5419/2635/2259 5420/2637/2260
f 5452/2682/2292 5451/2681/2291 5420/2637/2260 5421/2638/2261
f 5452/2682/2292 5421/2638/2261 5400/2599/2240 5401/2602/2241
f 5452/2682/2292 5401/2602/2241 5422/2641/2262 5440/2670/2280
f 5453/2683/2293 5439/2669/2279 5433/2660/2273 5432/2658/2272
f 5454/2684/2294 5441/2671/2281 5439/2669/2279 5453/2683/2293
f 5452/2682/2292 5440/2670/2280 5441/2671/2281 5454/2684/2294
f 5455/2685/2295 5453/2683/2293 5432/2658/2272 5428/2650/2268
f 5456/2686/2296 5454/2684/2294 5453/2683/2293 5455/2685/2295
f 5451/2681/2291 5452/2682/2292 5454/2684/2294 5456/2686/2296
f 5457/2687/2297 5456/2686/2296 5455/2685/2295 5458/2688/2298
f 5443/2673/2283 5451/2681/2291 5456/2686/2296 5457/2687/2297
f 5459/2689/2299 5446/2676/2286 5449/2679/2289 5460/2690/2300
f 5460/2690/2300 5449/2679/2289 5448/2678/2288 5450/2680/2290
f 5442/2672/2282 5443/2673/2283 5457/2687/2297 5461/2691/2301
f 5460/2690/2300 5450/2680/2290 5442/2672/2282 5461/2691/2301
f 5430/2655/2270 5431/2657/2271 5446/2676/2286 5459/2689/2299
f 5459/2689/2299 5388/2575/2228 5389/2578/2229 5430/2655/2270
f 5429/2653/2269 5344/2652/2184 5345/2692/2185 5462/2693/2302
f 5462/2693/2302 5345/2692/2185 5346/2576/2186 5388/2575/2228
f 5459/2689/2299 5460/2690/2300 5461/2691/2301 5463/2694/2303
f 5458/2688/2298 5455/2685/2295 5428/2650/2268 5429/2653/2269
f 5458/2688/2298 5429/2653/2269 5462/2693/2302 5463/2694/2303
f 5463/2694/2303 5461/2691/2301 5457/2687/2297 5458/2688/2298
f 5462/2693/2302 5388/2575/2228 5459/2689/2299 5463/2694/2303
g default
v -0.092901 1.524977 -0.022705
v -0.093719 1.531289 -0.030741
v -0.080674 1.504440 -0.052551
v -0.078858 1.499081 -0.044171
v -0.055060 1.483858 -0.069468
v -0.053150 1.479833 -0.060335
v -0.021265 1.472255 -0.079252
v -0.020370 1.468941 -0.069699
v 0.015684 1.471477 -0.080348
v 0.015236 1.468107 -0.070768
v 0.050398 1.481693 -0.072553
v 0.048831 1.477787 -0.063298
v 0.077815 1.501151 -0.057215
v 0.076592 1.495583 -0.048756
v 0.093317 1.527376 -0.036271
v 0.092774 1.521038 -0.028210
v 0.094397 1.556171 -0.013070
v 0.094129 1.549650 -0.005105
v 0.081218 1.583006 0.008730
v 0.081037 1.576422 0.016627
v 0.055858 1.603827 0.025837
v 0.055208 1.596724 0.033061
v 0.022168 1.615521 0.035692
v 0.022099 1.608467 0.043197
v -0.014793 1.616293 0.036784
v -0.014540 1.609175 0.044118
v -0.049464 1.606031 0.028951
v -0.048727 1.598857 0.036195
v -0.076627 1.586304 0.013393
v -0.075746 1.579494 0.020903
v -0.092175 1.560073 -0.007556
v -0.091512 1.553566 0.000319
v -0.049442 1.481863 -0.054128
v -0.018896 1.471424 -0.062758
v 0.072065 1.495467 -0.042923
v 0.087831 1.518956 -0.023626
v 0.089596 1.545947 -0.001731
v 0.076729 1.571325 0.018480
v 0.051985 1.590267 0.033520
v 0.020714 1.601403 0.042467
v -0.070526 1.574382 0.021095
v -0.085309 1.550317 0.001936
v 0.014287 1.470453 -0.063683
v 0.045782 1.479277 -0.056627
v -0.013516 1.602231 0.043303
v -0.045289 1.592338 0.035431
v -0.086727 1.523724 -0.019387
v -0.073497 1.499623 -0.039126
v 0.000150 1.533629 -0.011147
v 0.075115 1.814772 -0.473500
v 0.096628 1.829281 -0.442169
v -0.093243 1.828830 -0.439063
v -0.074245 1.814772 -0.473500
v -0.045828 1.810807 -0.501460
v 0.046698 1.810807 -0.501460
v 0.104690 1.854724 -0.413899
v -0.103820 1.854724 -0.413899
v -0.090449 1.883911 -0.391053
v 0.094009 1.886121 -0.393612
v -0.069606 1.916538 -0.383715
v 0.072241 1.919288 -0.386471
v 0.046090 1.945846 -0.388403
v -0.045220 1.945846 -0.388403
v 0.001033 1.962191 -0.392300
v 0.001336 1.811715 -0.517939
v 0.000435 2.017594 -0.431854
v 0.000435 2.037819 -0.468353
v -0.101760 2.035975 -0.463522
v -0.102736 2.011756 -0.425464
v 0.105705 2.014426 -0.428300
v 0.104957 2.037318 -0.467140
v 0.000435 2.043515 -0.513072
v 0.104151 2.043491 -0.511794
v -0.100600 2.043657 -0.507971
v -0.099434 2.033690 -0.551972
v 0.000435 2.031656 -0.556809
v 0.103412 2.032088 -0.555413
v 0.000435 2.004333 -0.592133
v 0.102853 2.004727 -0.591279
v -0.098442 2.007473 -0.588705
v 0.000435 1.963485 -0.615306
v 0.102553 1.965929 -0.614241
v -0.097765 1.969429 -0.612962
v -0.097521 1.924932 -0.620518
v 0.000435 1.923069 -0.620535
v 0.102566 1.921249 -0.620377
v 0.103470 1.841801 -0.581413
v 0.000435 1.842535 -0.581891
v -0.098398 1.844281 -0.584016
v 0.102889 1.877676 -0.608783
v 0.000435 1.873929 -0.606765
v -0.097744 1.880980 -0.610313
v -0.139416 2.013956 -0.428587
v -0.139449 1.978345 -0.401459
v -0.139350 1.934895 -0.391019
v -0.139146 1.890611 -0.397072
v -0.138862 1.851889 -0.419502
v -0.138540 1.824438 -0.454899
v -0.138230 1.812947 -0.498161
v -0.137980 1.819037 -0.542510
v -0.137829 1.842034 -0.580925
v -0.137798 1.877858 -0.607859
v -0.137889 1.921101 -0.619448
v -0.138094 1.965466 -0.613309
v -0.138379 2.004043 -0.590600
v -0.138701 2.030870 -0.554778
v -0.139011 2.042494 -0.511576
v -0.139262 2.036419 -0.467263
v 0.137691 1.978409 -0.401164
v 0.137733 2.014170 -0.428300
v 0.137660 1.934887 -0.390340
v 0.137643 1.890447 -0.396466
v 0.137644 1.851619 -0.418979
v 0.137662 1.824294 -0.454617
v 0.137694 1.812823 -0.498022
v 0.137736 1.818827 -0.542522
v 0.137782 1.841902 -0.581048
v 0.137823 1.877801 -0.608116
v 0.137855 1.921194 -0.619666
v 0.137872 1.965682 -0.613502
v 0.137871 2.004362 -0.590715
v 0.137853 2.031360 -0.554845
v 0.137820 2.042928 -0.511487
v 0.137778 2.036829 -0.467035
v -0.144405 1.976922 -0.404517
v -0.144147 2.011378 -0.430882
v -0.143720 1.934702 -0.395236
v -0.143951 1.891819 -0.400621
v -0.144079 1.853957 -0.421938
v -0.144058 1.826733 -0.456140
v -0.143750 1.815415 -0.498384
v -0.143581 1.821208 -0.541782
v -0.143417 1.843899 -0.579255
v -0.142934 1.879261 -0.604946
v -0.142962 1.921288 -0.616091
v -0.143231 1.964329 -0.610165
v -0.143625 2.001915 -0.588279
v -0.143485 2.027380 -0.553131
v -0.143740 2.038526 -0.511359
v -0.143966 2.032870 -0.468515
v 0.143705 2.012894 -0.429435
v 0.143733 1.977788 -0.402533
v 0.143261 1.934839 -0.392979
v 0.143529 1.891230 -0.398518
v 0.143667 1.852814 -0.420311
v 0.143783 1.825612 -0.455302
v 0.143771 1.814214 -0.498147
v 0.143802 1.820228 -0.542053
v 0.143689 1.843350 -0.579733
v 0.143370 1.878970 -0.605691
v 0.143280 1.921358 -0.616837
v 0.143402 1.964793 -0.610974
v 0.143573 2.002808 -0.588974
v 0.143369 2.028818 -0.553618
v 0.143363 2.040322 -0.511319
v 0.143593 2.034805 -0.467730
v -0.145255 1.899789 -0.424707
v -0.145255 1.933550 -0.420483
v -0.145255 1.849338 -0.467545
v -0.145255 1.870396 -0.441225
v -0.145255 1.844947 -0.533431
v -0.145255 1.840593 -0.500014
v -0.145254 1.956088 -0.586318
v -0.145254 1.922807 -0.591026
v -0.145255 2.004583 -0.542288
v -0.145255 1.984942 -0.569532
v -0.145255 2.008855 -0.476627
v -0.145255 2.013281 -0.509735
v 0.146125 1.933687 -0.417870
v 0.146125 1.899116 -0.422171
v 0.146125 1.869056 -0.439075
v 0.146125 1.847916 -0.466381
v 0.146125 1.839064 -0.499684
v 0.146125 1.843707 -0.533668
v 0.146125 1.922883 -0.591963
v 0.146125 1.956713 -0.587345
v 0.146125 1.986122 -0.570365
v 0.146125 2.006313 -0.542751
v 0.146125 2.015437 -0.509587
v 0.146125 2.011151 -0.475666
v 0.146125 1.994245 -0.445750
v -0.145255 1.992315 -0.447560
v 0.146125 1.967270 -0.425070
v 0.146125 1.861695 -0.562793
v 0.146125 1.889694 -0.583148
v -0.145255 1.966199 -0.427605
v -0.145255 1.862450 -0.562204
v -0.145254 1.890036 -0.582290
v 0.146125 1.926314 -0.507293
v -0.145255 1.926314 -0.507293
vt 0.573426 0.039626
vt 0.572052 0.039771
vt 0.571567 0.034823
vt 0.572919 0.034691
vt 0.571101 0.029911
vt 0.572459 0.029782
vt 0.570664 0.024989
vt 0.572022 0.024871
vt 0.570262 0.020079
vt 0.571624 0.019973
vt 0.569895 0.015156
vt 0.571255 0.015066
vt 0.569582 0.010221
vt 0.570951 0.010149
vt 0.569318 0.005270
vt 0.570701 0.005210
vt 0.569105 0.000304
vt 0.570492 0.000252
vt 0.577299 0.079196
vt 0.575918 0.079345
vt 0.575410 0.074392
vt 0.576788 0.074251
vt 0.574924 0.069443
vt 0.576283 0.069309
vt 0.574461 0.064500
vt 0.575844 0.064373
vt 0.573993 0.059559
vt 0.575364 0.059425
vt 0.573519 0.054612
vt 0.574888 0.054478
vt 0.573041 0.049658
vt 0.574404 0.049526
vt 0.572549 0.044705
vt 0.573923 0.044576
vt 0.048478 0.003480
vt 0.047895 0.002657
vt 0.052291 0.000577
vt 0.052544 0.001552
vt 0.064880 0.005420
vt 0.065634 0.004785
vt 0.067998 0.009184
vt 0.067095 0.009446
vt 0.067464 0.014095
vt 0.068355 0.014218
vt 0.066649 0.018975
vt 0.065861 0.018490
vt 0.062637 0.021841
vt 0.063208 0.022623
vt 0.058739 0.024816
vt 0.058490 0.023879
vt 0.046084 0.019602
vt 0.045313 0.020209
vt 0.043053 0.015773
vt 0.043983 0.015516
vt 0.057127 0.000252
vt 0.057001 0.001252
vt 0.061749 0.001775
vt 0.061276 0.002663
vt 0.053761 0.025111
vt 0.053892 0.024173
vt 0.049072 0.023458
vt 0.049570 0.022596
vt 0.043663 0.010937
vt 0.042720 0.010793
vt 0.044496 0.006167
vt 0.045330 0.006700
vt 0.055387 0.012346
vt 0.499648 0.016025
vt 0.501437 0.010859
vt 0.504094 0.042913
vt 0.501218 0.038089
vt 0.498238 0.033593
vt 0.497335 0.020905
vt 0.502014 0.005676
vt 0.505021 0.047913
vt 0.505500 0.053160
vt 0.509358 0.089334
vt 0.508279 0.084214
vt 0.504032 0.058262
vt 0.505714 0.079434
vt 0.502829 0.075337
vt 0.501521 0.062801
vt 0.500407 0.069338
vt 0.495955 0.027260
vt 0.836399 0.972491
vt 0.837064 0.966886
vt 0.850650 0.969105
vt 0.850096 0.975121
vt 0.841363 0.984451
vt 0.835243 0.981584
vt 0.828796 0.982938
vt 0.822249 0.971285
vt 0.823090 0.965276
vt 0.837790 0.960858
vt 0.823927 0.959280
vt 0.851210 0.963106
vt 0.851781 0.957113
vt 0.838528 0.954818
vt 0.824758 0.953291
vt 0.839262 0.948879
vt 0.825571 0.947299
vt 0.852391 0.951122
vt 0.840044 0.942635
vt 0.826362 0.941308
vt 0.853045 0.945135
vt 0.853764 0.939150
vt 0.840729 0.937212
vt 0.827119 0.935312
vt 0.828505 0.923280
vt 0.837437 0.912706
vt 0.843376 0.915540
vt 0.842280 0.925035
vt 0.850098 0.914315
vt 0.855434 0.927173
vt 0.827836 0.929308
vt 0.841594 0.930400
vt 0.854556 0.933167
vt 0.855061 0.975103
vt 0.854482 0.981024
vt 0.844356 0.988790
vt 0.853939 0.986934
vt 0.847038 0.993435
vt 0.853683 0.992885
vt 0.849092 0.998342
vt 0.853859 0.998880
vt 0.857881 0.906569
vt 0.860305 0.902113
vt 0.864763 0.903873
vt 0.863528 0.909753
vt 0.854499 0.911112
vt 0.862531 0.915649
vt 0.861664 0.921546
vt 0.860759 0.927449
vt 0.859964 0.933394
vt 0.859216 0.939348
vt 0.858494 0.945316
vt 0.857790 0.951289
vt 0.857088 0.957260
vt 0.856399 0.963220
vt 0.855720 0.969167
vt 0.817156 0.976665
vt 0.817972 0.970715
vt 0.816332 0.982598
vt 0.824731 0.986017
vt 0.815309 0.988511
vt 0.821024 0.990046
vt 0.814015 0.994399
vt 0.818523 0.994661
vt 0.825900 0.904830
vt 0.826393 0.898816
vt 0.830882 0.898382
vt 0.831569 0.903579
vt 0.825280 0.910813
vt 0.834020 0.908499
vt 0.824563 0.916773
vt 0.823917 0.922748
vt 0.823169 0.928736
vt 0.822405 0.934725
vt 0.821643 0.940725
vt 0.820888 0.946732
vt 0.820155 0.952742
vt 0.819427 0.958743
vt 0.818706 0.964735
vt 0.855281 0.981092
vt 0.855843 0.975170
vt 0.854752 0.986986
vt 0.854501 0.992884
vt 0.854685 0.998769
vt 0.864333 0.909914
vt 0.865554 0.904127
vt 0.863335 0.915777
vt 0.862467 0.921673
vt 0.861574 0.927577
vt 0.860767 0.933508
vt 0.860024 0.939453
vt 0.859309 0.945414
vt 0.858603 0.951386
vt 0.857903 0.957353
vt 0.857219 0.963307
vt 0.856522 0.969245
vt 0.817144 0.970594
vt 0.816327 0.976543
vt 0.815513 0.982460
vt 0.814480 0.988339
vt 0.813195 0.994166
vt 0.825542 0.898793
vt 0.825055 0.904755
vt 0.824444 0.910723
vt 0.823727 0.916687
vt 0.823084 0.922663
vt 0.822348 0.928643
vt 0.821591 0.934626
vt 0.820825 0.940622
vt 0.820066 0.946630
vt 0.819331 0.952638
vt 0.818613 0.958637
vt 0.817881 0.964622
vt 0.018939 0.063192
vt 0.020013 0.066438
vt 0.014238 0.067166
vt 0.014393 0.063761
vt 0.025731 0.057423
vt 0.028778 0.058959
vt 0.025112 0.063566
vt 0.022897 0.060967
vt 0.026322 0.048552
vt 0.029524 0.047425
vt 0.030304 0.053270
vt 0.026908 0.053051
vt 0.011359 0.041433
vt 0.010247 0.038212
vt 0.016044 0.037412
vt 0.015839 0.040800
vt 0.004830 0.047361
vt 0.001753 0.045897
vt 0.005185 0.041163
vt 0.007474 0.043693
vt 0.004253 0.056201
vt 0.001016 0.057294
vt 0.000252 0.051523
vt 0.003657 0.051743
vt 0.984500 0.959061
vt 0.984656 0.962434
vt 0.978778 0.961683
vt 0.979846 0.958481
vt 0.975799 0.956206
vt 0.973601 0.958744
vt 0.969937 0.954027
vt 0.972954 0.952529
vt 0.971762 0.948045
vt 0.968402 0.948253
vt 0.969213 0.942336
vt 0.972388 0.943470
vt 0.983048 0.935625
vt 0.982842 0.932255
vt 0.988696 0.933047
vt 0.987602 0.936247
vt 0.991561 0.938533
vt 0.993819 0.936015
vt 0.997327 0.940779
vt 0.994279 0.942251
vt 0.995507 0.946715
vt 0.998877 0.946480
vt 0.998131 0.952355
vt 0.994930 0.951281
vt 0.995176 0.957516
vt 0.992654 0.955309
vt 0.006480 0.060115
vt 0.003911 0.062362
vt 0.990444 0.961141
vt 0.989022 0.958093
vt 0.972329 0.937257
vt 0.974810 0.939550
vt 0.977129 0.933757
vt 0.978580 0.936811
vt 0.009997 0.062802
vt 0.008552 0.065912
vt 0.023965 0.044679
vt 0.026468 0.042376
vt 0.020251 0.041976
vt 0.021707 0.038912
vt 0.983509 0.947023
vt 0.015367 0.052074
vn -0.882466 -0.398558 0.249809
vn -0.997630 -0.062149 -0.029536
vn -0.880844 -0.380332 -0.281888
vn -0.720478 -0.687857 0.088114
vn -0.654102 -0.602904 -0.456790
vn -0.466598 -0.884464 -0.003085
vn -0.293404 -0.757709 -0.582916
vn -0.179914 -0.981581 -0.064261
vn 0.072816 -0.788987 -0.610079
vn 0.135493 -0.987113 -0.085151
vn 0.442790 -0.711385 -0.545773
vn 0.436250 -0.897264 -0.067846
vn 0.761449 -0.517879 -0.389868
vn 0.717457 -0.696439 -0.015147
vn 0.949366 -0.256491 -0.181426
vn 0.913256 -0.388712 0.121928
vn 0.994131 0.074002 0.078913
vn 0.940379 -0.068687 0.333121
vn 0.871511 0.376792 0.313842
vn 0.796644 0.188061 0.574448
vn 0.643910 0.593236 0.483168
vn 0.536004 0.347310 0.769464
vn 0.300522 0.742361 0.598821
vn 0.214807 0.436229 0.873821
vn -0.076699 0.777091 0.624698
vn -0.144493 0.430387 0.891004
vn -0.457815 0.691726 0.558499
vn -0.466134 0.313763 0.827208
vn -0.777387 0.487687 0.397278
vn -0.719008 0.134309 0.681900
vn -0.938227 0.263680 0.224060
vn -0.876281 -0.102357 0.470803
vn -0.025865 -0.669128 0.742697
vn -0.010324 -0.677617 0.735342
vn 0.051946 -0.665082 0.744961
vn 0.067186 -0.643992 0.762076
vn 0.068029 -0.617457 0.783657
vn 0.054899 -0.593693 0.802816
vn 0.035771 -0.584453 0.810639
vn 0.016624 -0.580089 0.814384
vn -0.037951 -0.600917 0.798410
vn -0.046296 -0.614626 0.787459
vn 0.010724 -0.680884 0.732312
vn 0.030766 -0.677998 0.734419
vn -0.006643 -0.582126 0.813071
vn -0.025334 -0.590201 0.806859
vn -0.047558 -0.636591 0.769734
vn -0.038432 -0.658251 0.751817
vn 0.001462 -0.629677 0.776856
vn 0.667140 -0.644842 -0.372965
vn 0.915411 -0.371096 -0.155921
vn -0.851231 -0.466087 -0.241183
vn -0.559819 -0.712986 -0.422201
vn -0.207448 -0.813257 -0.543671
vn 0.316784 -0.791615 -0.522487
vn 0.990700 0.004741 0.135982
vn -0.990844 -0.124632 0.051918
vn -0.911887 0.246663 0.328054
vn 0.844120 0.349060 0.406964
vn -0.689476 0.493371 0.530290
vn 0.567787 0.572149 0.591831
vn 0.217452 0.704427 0.675646
vn -0.318785 0.677618 0.662729
vn -0.047432 0.718377 0.694035
vn 0.045483 -0.830962 -0.554467
vn 0.002138 0.702465 0.711715
vn -0.000047 0.946774 0.321900
vn -0.007722 0.938811 0.344347
vn 0.007022 0.685014 0.728496
vn -0.012066 0.699618 0.714415
vn 0.004835 0.947012 0.321161
vn -0.000015 0.998255 -0.059059
vn 0.005452 0.998092 -0.061498
vn -0.008428 0.999261 -0.037489
vn -0.010273 0.908805 -0.417095
vn -0.000083 0.899473 -0.436977
vn 0.007446 0.898655 -0.438593
vn -0.000096 0.661702 -0.749767
vn 0.007246 0.660626 -0.750680
vn -0.009627 0.678425 -0.734607
vn -0.000116 0.332129 -0.943234
vn 0.007860 0.331790 -0.943321
vn -0.009599 0.353916 -0.935228
vn -0.006379 -0.052663 -0.998592
vn -0.000101 -0.070902 -0.997483
vn 0.004571 -0.075989 -0.997098
vn -0.018413 -0.808933 -0.587613
vn -0.003495 -0.819203 -0.573493
vn 0.016383 -0.802149 -0.596900
vn 0.002745 -0.434057 -0.900881
vn -0.000323 -0.436831 -0.899544
vn -0.004352 -0.414266 -0.910145
vn -0.033560 0.680683 0.731809
vn -0.035383 0.429420 0.902412
vn -0.126781 0.096689 0.987207
vn -0.193672 -0.292355 0.936493
vn -0.175181 -0.654336 0.735633
vn -0.113300 -0.902180 0.416214
vn -0.064656 -0.995549 0.068570
vn 0.024700 -0.945436 -0.324870
vn 0.021623 -0.816898 -0.576377
vn -0.079880 -0.433465 -0.897623
vn -0.087530 -0.057642 -0.994493
vn -0.088315 0.330880 -0.939531
vn -0.092882 0.665173 -0.740890
vn -0.102815 0.895313 -0.433409
vn -0.106179 0.992590 -0.059089
vn -0.099470 0.939776 0.326997
vn 0.000874 0.435755 0.900065
vn -0.009112 0.677338 0.735616
vn 0.086049 0.075082 0.993458
vn 0.124192 -0.293409 0.947886
vn 0.111018 -0.661540 0.741647
vn 0.077896 -0.902415 0.423769
vn 0.048765 -0.996421 0.069047
vn -0.028041 -0.949031 -0.313934
vn -0.021908 -0.815705 -0.578053
vn 0.073609 -0.436864 -0.896511
vn 0.081102 -0.060997 -0.994838
vn 0.078750 0.327505 -0.941562
vn 0.078018 0.662807 -0.744715
vn 0.081377 0.895510 -0.437538
vn 0.076961 0.995087 -0.062284
vn 0.063355 0.943477 0.325327
vn -0.968588 0.103375 0.226167
vn -0.967928 0.190787 0.163452
vn -0.969539 0.008345 0.244794
vn -0.967173 -0.080424 0.241058
vn -0.962406 -0.178276 0.204923
vn -0.957148 -0.260716 0.126075
vn -0.952949 -0.302765 0.014867
vn -0.949969 -0.293624 -0.106512
vn -0.950431 -0.227096 -0.212387
vn -0.952237 -0.130286 -0.276172
vn -0.953843 -0.020961 -0.299574
vn -0.955553 0.091646 -0.280214
vn -0.958640 0.188053 -0.213646
vn -0.963120 0.241451 -0.118753
vn -0.966266 0.256692 -0.020935
vn -0.967894 0.239102 0.077528
vn 0.933579 0.269571 0.236138
vn 0.933524 0.150645 0.325328
vn 0.936482 0.016271 0.350339
vn 0.936107 -0.109944 0.334091
vn 0.933206 -0.234831 0.271995
vn 0.931866 -0.325083 0.161082
vn 0.931617 -0.362737 0.022624
vn 0.932693 -0.339829 -0.120831
vn 0.936673 -0.257104 -0.237784
vn 0.940097 -0.145838 -0.308137
vn 0.941118 -0.021126 -0.337417
vn 0.940550 0.109053 -0.321674
vn 0.940225 0.227328 -0.253571
vn 0.940991 0.305092 -0.146472
vn 0.939562 0.341544 -0.023893
vn 0.936877 0.331658 0.110749
vn -0.999877 -0.004052 0.015146
vn -0.999880 -0.000377 0.015474
vn -0.999885 -0.013877 0.006077
vn -0.999898 -0.009067 0.011065
vn -0.999792 -0.018934 -0.007573
vn -0.999843 -0.017737 -0.000037
vn -0.999706 0.006292 -0.023398
vn -0.999627 -0.002427 -0.027212
vn -0.999802 0.017844 -0.008788
vn -0.999775 0.013741 -0.016156
vn -0.999884 0.014745 0.003911
vn -0.999837 0.017910 -0.002371
vn 0.999534 0.000905 0.030514
vn 0.999538 -0.008624 0.029163
vn 0.999584 -0.018396 0.022218
vn 0.999610 -0.024905 0.012613
vn 0.999613 -0.027766 0.001776
vn 0.999597 -0.026668 -0.009766
vn 0.999431 -0.002169 -0.033647
vn 0.999471 0.009836 -0.031013
vn 0.999502 0.021141 -0.023433
vn 0.999501 0.028655 -0.013283
vn 0.999501 0.031463 -0.002772
vn 0.999565 0.028227 0.008550
vn 0.999601 0.021522 0.018296
vn -0.999917 0.010422 0.007630
vn 0.999570 0.011324 0.027065
vn 0.999556 -0.021134 -0.021028
vn 0.999475 -0.013023 -0.029665
vn -0.999920 0.004273 0.011897
vn -0.999730 -0.015929 -0.016914
vn -0.999644 -0.010446 -0.024560
vn 1.000000 0.000000 0.000000
vn -1.000000 -0.000000 -0.000004
s 1
g MiningRobot_LP1 MiningRobot_UpperArm_LP
usemtl Maya_Lambert2SG
f 5464/2695/2304 5465/2696/2305 5466/2697/2306 5467/2698/2307
f 5467/2698/2307 5466/2697/2306 5468/2699/2308 5469/2700/2309
f 5469/2700/2309 5468/2699/2308 5470/2701/2310 5471/2702/2311
f 5471/2702/2311 5470/2701/2310 5472/2703/2312 5473/2704/2313
f 5473/2704/2313 5472/2703/2312 5474/2705/2314 5475/2706/2315
f 5475/2706/2315 5474/2705/2314 5476/2707/2316 5477/2708/2317
f 5477/2708/2317 5476/2707/2316 5478/2709/2318 5479/2710/2319
f 5479/2710/2319 5478/2709/2318 5480/2711/2320 5481/2712/2321
f 5481/2713/2321 5480/2714/2320 5482/2715/2322 5483/2716/2323
f 5483/2716/2323 5482/2715/2322 5484/2717/2324 5485/2718/2325
f 5485/2718/2325 5484/2717/2324 5486/2719/2326 5487/2720/2327
f 5487/2720/2327 5486/2719/2326 5488/2721/2328 5489/2722/2329
f 5489/2722/2329 5488/2721/2328 5490/2723/2330 5491/2724/2331
f 5491/2724/2331 5490/2723/2330 5492/2725/2332 5493/2726/2333
f 5493/2726/2333 5492/2725/2332 5494/2727/2334 5495/2728/2335
f 5495/2728/2335 5494/2727/2334 5465/2696/2305 5464/2695/2304
f 5496/2729/2336 5469/2730/2309 5471/2731/2311 5497/2732/2337
f 5498/2733/2338 5477/2734/2317 5479/2735/2319 5499/2736/2339
f 5500/2737/2340 5481/2738/2321 5483/2739/2323 5501/2740/2341
f 5502/2741/2342 5485/2742/2325 5487/2743/2327 5503/2744/2343
f 5504/2745/2344 5493/2746/2333 5495/2747/2335 5505/2748/2345
f 5499/2736/2339 5479/2735/2319 5481/2738/2321 5500/2737/2340
f 5497/2732/2337 5471/2731/2311 5473/2749/2313 5506/2750/2346
f 5506/2750/2346 5473/2749/2313 5475/2751/2315 5507/2752/2347
f 5503/2744/2343 5487/2743/2327 5489/2753/2329 5508/2754/2348
f 5508/2754/2348 5489/2753/2329 5491/2755/2331 5509/2756/2349
f 5510/2757/2350 5464/2758/2304 5467/2759/2307 5511/2760/2351
f 5505/2748/2345 5495/2747/2335 5464/2758/2304 5510/2757/2350
f 5511/2760/2351 5467/2759/2307 5469/2730/2309 5496/2729/2336
f 5501/2740/2341 5483/2739/2323 5485/2742/2325 5502/2741/2342
f 5507/2752/2347 5475/2751/2315 5477/2734/2317 5498/2733/2338
f 5498/2733/2338 5499/2736/2339 5500/2737/2340 5512/2761/2352
f 5512/2761/2352 5500/2737/2340 5501/2740/2341 5502/2741/2342
f 5509/2756/2349 5491/2755/2331 5493/2746/2333 5504/2745/2344
f 5512/2761/2352 5508/2754/2348 5509/2756/2349 5504/2745/2344
f 5504/2745/2344 5505/2748/2345 5510/2757/2350 5512/2761/2352
f 5496/2729/2336 5497/2732/2337 5506/2750/2346 5512/2761/2352
f 5512/2761/2352 5506/2750/2346 5507/2752/2347 5498/2733/2338
f 5502/2741/2342 5503/2744/2343 5508/2754/2348 5512/2761/2352
f 5512/2761/2352 5510/2757/2350 5511/2760/2351 5496/2729/2336
f 5513/2762/2353 5514/2763/2354 5478/2709/2318 5476/2707/2316
f 5468/2699/2308 5466/2697/2306 5515/2764/2355 5516/2765/2356
f 5470/2701/2310 5468/2699/2308 5516/2765/2356 5517/2766/2357
f 5518/2767/2358 5513/2762/2353 5476/2707/2316 5474/2705/2314
f 5480/2711/2320 5478/2709/2318 5514/2763/2354 5519/2768/2359
f 5520/2769/2360 5515/2764/2355 5466/2697/2306 5465/2696/2305
f 5521/2770/2361 5520/2769/2360 5465/2696/2305 5494/2727/2334
f 5482/2715/2322 5480/2714/2320 5519/2771/2359 5522/2772/2362
f 5523/2773/2363 5521/2770/2361 5494/2727/2334 5492/2725/2332
f 5484/2717/2324 5482/2715/2322 5522/2772/2362 5524/2774/2364
f 5486/2719/2326 5484/2717/2324 5524/2774/2364 5525/2775/2365
f 5526/2776/2366 5523/2773/2363 5492/2725/2332 5490/2723/2330
f 5488/2721/2328 5486/2719/2326 5525/2775/2365 5527/2777/2367
f 5527/2777/2367 5526/2776/2366 5490/2723/2330 5488/2721/2328
f 5528/2778/2368 5518/2767/2358 5474/2705/2314 5472/2703/2312
f 5472/2703/2312 5470/2701/2310 5517/2766/2357 5528/2778/2368
f 5529/2779/2369 5530/2780/2370 5531/2781/2371 5532/2782/2372
f 5532/2782/2372 5526/2783/2366 5527/2784/2367 5529/2779/2369
f 5529/2779/2369 5527/2784/2367 5525/2785/2365 5533/2786/2373
f 5533/2786/2373 5534/2787/2374 5530/2780/2370 5529/2779/2369
f 5535/2788/2375 5530/2780/2370 5534/2787/2374 5536/2789/2376
f 5537/2790/2377 5531/2781/2371 5530/2780/2370 5535/2788/2375
f 5538/2791/2378 5537/2790/2377 5535/2788/2375 5539/2792/2379
f 5539/2792/2379 5535/2788/2375 5536/2789/2376 5540/2793/2380
f 5541/2794/2381 5539/2792/2379 5540/2793/2380 5542/2795/2382
f 5543/2796/2383 5538/2791/2378 5539/2792/2379 5541/2794/2381
f 5544/2797/2384 5541/2794/2381 5542/2795/2382 5545/2798/2385
f 5546/2799/2386 5543/2796/2383 5541/2794/2381 5544/2797/2384
f 5547/2800/2387 5546/2799/2386 5544/2797/2384 5548/2801/2388
f 5548/2801/2388 5544/2797/2384 5545/2798/2385 5549/2802/2389
f 5550/2803/2390 5518/2804/2358 5528/2805/2368 5551/2806/2391
f 5551/2806/2391 5528/2805/2368 5517/2807/2357 5552/2808/2392
f 5553/2809/2393 5550/2803/2390 5551/2806/2391 5554/2810/2394
f 5554/2810/2394 5548/2801/2388 5549/2802/2389 5553/2809/2393
f 5555/2811/2395 5547/2800/2387 5548/2801/2388 5554/2810/2394
f 5554/2810/2394 5551/2806/2391 5552/2808/2392 5555/2811/2395
f 5526/2783/2366 5532/2782/2372 5556/2812/2396 5557/2813/2397
f 5523/2814/2363 5526/2783/2366 5557/2813/2397 5558/2815/2398
f 5521/2816/2361 5523/2814/2363 5558/2815/2398 5559/2817/2399
f 5520/2818/2360 5521/2816/2361 5559/2817/2399 5560/2819/2400
f 5515/2820/2355 5520/2821/2360 5560/2822/2400 5561/2823/2401
f 5516/2824/2356 5515/2820/2355 5561/2823/2401 5562/2825/2402
f 5517/2807/2357 5516/2824/2356 5562/2825/2402 5563/2826/2403
f 5552/2808/2392 5517/2807/2357 5563/2826/2403 5564/2827/2404
f 5555/2811/2395 5552/2808/2392 5564/2827/2404 5565/2828/2405
f 5547/2800/2387 5555/2811/2395 5565/2828/2405 5566/2829/2406
f 5546/2799/2386 5547/2800/2387 5566/2829/2406 5567/2830/2407
f 5543/2796/2383 5546/2799/2386 5567/2830/2407 5568/2831/2408
f 5538/2791/2378 5543/2796/2383 5568/2831/2408 5569/2832/2409
f 5537/2790/2377 5538/2791/2378 5569/2832/2409 5570/2833/2410
f 5531/2781/2371 5537/2790/2377 5570/2833/2410 5571/2834/2411
f 5571/2834/2411 5556/2812/2396 5532/2782/2372 5531/2781/2371
f 5572/2835/2412 5573/2836/2413 5533/2786/2373 5525/2785/2365
f 5574/2837/2414 5572/2835/2412 5525/2785/2365 5524/2838/2364
f 5575/2839/2415 5574/2837/2414 5524/2838/2364 5522/2840/2362
f 5576/2841/2416 5575/2839/2415 5522/2840/2362 5519/2842/2359
f 5577/2843/2417 5576/2844/2416 5519/2845/2359 5514/2846/2354
f 5578/2847/2418 5577/2843/2417 5514/2846/2354 5513/2848/2353
f 5579/2849/2419 5578/2847/2418 5513/2848/2353 5518/2804/2358
f 5580/2850/2420 5579/2849/2419 5518/2804/2358 5550/2803/2390
f 5581/2851/2421 5580/2850/2420 5550/2803/2390 5553/2809/2393
f 5582/2852/2422 5581/2851/2421 5553/2809/2393 5549/2802/2389
f 5583/2853/2423 5582/2852/2422 5549/2802/2389 5545/2798/2385
f 5584/2854/2424 5583/2853/2423 5545/2798/2385 5542/2795/2382
f 5585/2855/2425 5584/2854/2424 5542/2795/2382 5540/2793/2380
f 5586/2856/2426 5585/2855/2425 5540/2793/2380 5536/2789/2376
f 5587/2857/2427 5586/2856/2426 5536/2789/2376 5534/2787/2374
f 5534/2787/2374 5533/2786/2373 5573/2836/2413 5587/2857/2427
f 5588/2858/2428 5557/2813/2397 5556/2812/2396 5589/2859/2429
f 5590/2860/2430 5558/2815/2398 5557/2813/2397 5588/2858/2428
f 5591/2861/2431 5559/2817/2399 5558/2815/2398 5590/2860/2430
f 5592/2862/2432 5560/2819/2400 5559/2817/2399 5591/2861/2431
f 5593/2863/2433 5561/2823/2401 5560/2822/2400 5592/2864/2432
f 5594/2865/2434 5562/2825/2402 5561/2823/2401 5593/2863/2433
f 5595/2866/2435 5563/2826/2403 5562/2825/2402 5594/2865/2434
f 5596/2867/2436 5564/2827/2404 5563/2826/2403 5595/2866/2435
f 5597/2868/2437 5565/2828/2405 5564/2827/2404 5596/2867/2436
f 5598/2869/2438 5566/2829/2406 5565/2828/2405 5597/2868/2437
f 5599/2870/2439 5567/2830/2407 5566/2829/2406 5598/2869/2438
f 5600/2871/2440 5568/2831/2408 5567/2830/2407 5599/2870/2439
f 5601/2872/2441 5569/2832/2409 5568/2831/2408 5600/2871/2440
f 5602/2873/2442 5570/2833/2410 5569/2832/2409 5601/2872/2441
f 5603/2874/2443 5571/2834/2411 5570/2833/2410 5602/2873/2442
f 5589/2859/2429 5556/2812/2396 5571/2834/2411 5603/2874/2443
f 5604/2875/2444 5573/2836/2413 5572/2835/2412 5605/2876/2445
f 5605/2876/2445 5572/2835/2412 5574/2837/2414 5606/2877/2446
f 5606/2877/2446 5574/2837/2414 5575/2839/2415 5607/2878/2447
f 5607/2878/2447 5575/2839/2415 5576/2841/2416 5608/2879/2448
f 5608/2880/2448 5576/2844/2416 5577/2843/2417 5609/2881/2449
f 5609/2881/2449 5577/2843/2417 5578/2847/2418 5610/2882/2450
f 5610/2882/2450 5578/2847/2418 5579/2849/2419 5611/2883/2451
f 5611/2883/2451 5579/2849/2419 5580/2850/2420 5612/2884/2452
f 5612/2884/2452 5580/2850/2420 5581/2851/2421 5613/2885/2453
f 5613/2885/2453 5581/2851/2421 5582/2852/2422 5614/2886/2454
f 5614/2886/2454 5582/2852/2422 5583/2853/2423 5615/2887/2455
f 5615/2887/2455 5583/2853/2423 5584/2854/2424 5616/2888/2456
f 5616/2888/2456 5584/2854/2424 5585/2855/2425 5617/2889/2457
f 5617/2889/2457 5585/2855/2425 5586/2856/2426 5618/2890/2458
f 5618/2890/2458 5586/2856/2426 5587/2857/2427 5619/2891/2459
f 5619/2891/2459 5587/2857/2427 5573/2836/2413 5604/2875/2444
f 5620/2892/2460 5591/2893/2431 5590/2894/2430 5621/2895/2461
f 5622/2896/2462 5593/2897/2433 5592/2898/2432 5623/2899/2463
f 5624/2900/2464 5595/2901/2435 5594/2902/2434 5625/2903/2465
f 5626/2904/2466 5599/2905/2439 5598/2906/2438 5627/2907/2467
f 5628/2908/2468 5601/2909/2441 5600/2910/2440 5629/2911/2469
f 5630/2912/2470 5603/2913/2443 5602/2914/2442 5631/2915/2471
f 5632/2916/2472 5606/2917/2446 5607/2918/2447 5633/2919/2473
f 5634/2920/2474 5608/2921/2448 5609/2922/2449 5635/2923/2475
f 5636/2924/2476 5610/2925/2450 5611/2926/2451 5637/2927/2477
f 5638/2928/2478 5614/2929/2454 5615/2930/2455 5639/2931/2479
f 5640/2932/2480 5616/2933/2456 5617/2934/2457 5641/2935/2481
f 5642/2936/2482 5618/2937/2458 5619/2938/2459 5643/2939/2483
f 5643/2939/2483 5619/2938/2459 5604/2940/2444 5644/2941/2484
f 5645/2942/2485 5589/2943/2429 5603/2913/2443 5630/2912/2470
f 5633/2919/2473 5607/2918/2447 5608/2921/2448 5634/2920/2474
f 5623/2899/2463 5592/2898/2432 5591/2893/2431 5620/2892/2460
f 5644/2941/2484 5604/2940/2444 5605/2944/2445 5646/2945/2486
f 5637/2927/2477 5611/2926/2451 5612/2946/2452 5647/2947/2487
f 5647/2947/2487 5612/2946/2452 5613/2948/2453 5648/2949/2488
f 5649/2950/2489 5588/2951/2428 5589/2943/2429 5645/2942/2485
f 5650/2952/2490 5596/2953/2436 5595/2901/2435 5624/2900/2464
f 5651/2954/2491 5597/2955/2437 5596/2953/2436 5650/2952/2490
f 5639/2931/2479 5615/2930/2455 5616/2933/2456 5640/2932/2480
f 5629/2911/2469 5600/2910/2440 5599/2905/2439 5626/2904/2466
f 5641/2935/2481 5617/2934/2457 5618/2937/2458 5642/2936/2482
f 5631/2915/2471 5602/2914/2442 5601/2909/2441 5628/2908/2468
f 5635/2923/2475 5609/2922/2449 5610/2925/2450 5636/2924/2476
f 5625/2903/2465 5594/2902/2434 5593/2897/2433 5622/2896/2462
f 5646/2945/2486 5605/2944/2445 5606/2917/2446 5632/2916/2472
f 5632/2916/2472 5633/2919/2473 5634/2920/2474 5652/2956/2492
f 5652/2956/2492 5634/2920/2474 5635/2923/2475 5636/2924/2476
f 5621/2895/2461 5590/2894/2430 5588/2951/2428 5649/2950/2489
f 5653/2957/2493 5623/2899/2463 5620/2892/2460 5621/2895/2461
f 5625/2903/2465 5622/2896/2462 5623/2899/2463 5653/2957/2493
f 5648/2949/2488 5613/2948/2453 5614/2929/2454 5638/2928/2478
f 5652/2956/2492 5647/2947/2487 5648/2949/2488 5638/2928/2478
f 5638/2928/2478 5639/2931/2479 5640/2932/2480 5652/2956/2492
f 5652/2956/2492 5644/2941/2484 5646/2945/2486 5632/2916/2472
f 5642/2936/2482 5643/2939/2483 5644/2941/2484 5652/2956/2492
f 5636/2924/2476 5637/2927/2477 5647/2947/2487 5652/2956/2492
f 5652/2956/2492 5640/2932/2480 5641/2935/2481 5642/2936/2482
f 5627/2907/2467 5598/2906/2438 5597/2955/2437 5651/2954/2491
f 5627/2907/2467 5651/2954/2491 5650/2952/2490 5653/2957/2493
f 5653/2957/2493 5629/2911/2469 5626/2904/2466 5627/2907/2467
f 5621/2895/2461 5649/2950/2489 5645/2942/2485 5653/2957/2493
f 5653/2957/2493 5645/2942/2485 5630/2912/2470 5631/2915/2471
f 5653/2957/2493 5650/2952/2490 5624/2900/2464 5625/2903/2465
f 5631/2915/2471 5628/2908/2468 5629/2911/2469 5653/2957/2493
g default
v -0.227128 2.175759 -0.753429
v -0.210834 2.263898 -0.753193
v -0.188617 2.260651 -0.784078
v -0.207966 2.180923 -0.784886
v -0.194477 2.100080 -0.784907
v -0.210214 2.087661 -0.753333
v -0.160522 2.338072 -0.752629
v -0.140406 2.327059 -0.782632
v -0.085157 2.386707 -0.751835
v -0.071110 2.370929 -0.780774
v 0.002735 2.404186 -0.750942
v 0.009764 2.384504 -0.778767
v 0.090367 2.385377 -0.750081
v 0.089580 2.365717 -0.776925
v 0.164899 2.335526 -0.749377
v 0.156056 2.317590 -0.775529
v 0.214056 2.260592 -0.748948
v 0.200095 2.248331 -0.774764
v 0.229485 2.172296 -0.748866
v 0.214270 2.167514 -0.774768
v 0.211335 2.084468 -0.749121
v 0.195460 2.087707 -0.775564
v 0.162378 2.009415 -0.749672
v 0.147034 2.021515 -0.777014
v 0.087425 1.960313 -0.750462
v 0.077296 1.978190 -0.778880
v -0.000593 1.943544 -0.751356
v -0.003683 1.964636 -0.780889
v -0.088373 1.961533 -0.752219
v -0.083644 1.983184 -0.782736
v -0.162596 2.011733 -0.752919
v -0.150414 2.030926 -0.784141
v -0.230521 2.175559 -0.319551
v -0.212762 2.263983 -0.320433
v -0.213575 2.086953 -0.319135
v -0.162004 2.338561 -0.321659
v -0.086321 2.387711 -0.323036
v 0.002202 2.404930 -0.324353
v 0.090489 2.386499 -0.325407
v 0.165437 2.336238 -0.326051
v 0.215091 2.260914 -0.326172
v 0.231836 2.172288 -0.325753
v 0.213644 2.083945 -0.324866
v 0.163205 2.009216 -0.323643
v 0.087624 1.959920 -0.322267
v -0.000931 1.942999 -0.320952
v -0.089221 1.961271 -0.319896
v -0.164212 2.011503 -0.319251
v -0.209076 2.175515 -0.291260
v -0.191553 2.255899 -0.291483
v -0.193512 2.094759 -0.291322
v -0.145280 2.323980 -0.291943
v -0.077059 2.369924 -0.292573
v 0.003833 2.385323 -0.293285
v 0.084384 2.368287 -0.293965
v 0.151541 2.320813 -0.294503
v 0.196784 2.252045 -0.294832
v 0.212858 2.171374 -0.294899
v 0.195475 2.091038 -0.294678
v 0.148649 2.023307 -0.294213
v 0.080506 1.977312 -0.293584
v -0.000294 1.961955 -0.292872
v -0.080818 1.978777 -0.292192
v -0.148110 2.026054 -0.291653
v -0.210162 2.167787 -0.194205
v -0.195481 2.249787 -0.192827
v -0.193040 2.086230 -0.195330
v -0.150614 2.319992 -0.191396
v -0.082998 2.368479 -0.190123
v -0.001510 2.385706 -0.189224
v 0.080426 2.370744 -0.188819
v 0.149352 2.324087 -0.189003
v 0.195963 2.254946 -0.189707
v 0.212959 2.173363 -0.190833
v 0.198188 2.091330 -0.192212
v 0.153185 2.021248 -0.193643
v 0.085800 1.972366 -0.194920
v 0.004510 1.954370 -0.195829
v -0.077169 1.970566 -0.196213
v -0.145980 2.017468 -0.196025
v -0.241614 2.172535 -0.166593
v -0.223963 2.265488 -0.164860
v -0.223486 2.079693 -0.168621
v -0.171764 2.344187 -0.163701
v -0.093319 2.397011 -0.163282
v -0.001125 2.417353 -0.163635
v 0.091213 2.397788 -0.164795
v 0.169800 2.345188 -0.166509
v 0.222555 2.266923 -0.168529
v 0.240271 2.173950 -0.170556
v 0.223056 2.080923 -0.172294
v 0.171285 2.001749 -0.173466
v 0.092846 1.949079 -0.173882
v 0.000243 1.930072 -0.173499
v -0.092431 1.948677 -0.172355
v -0.171101 2.000969 -0.170646
v -0.109206 2.137286 -1.375373
v -0.115023 2.181916 -1.374849
v -0.086742 2.098275 -1.376181
v -0.051141 2.070699 -1.377148
v -0.007831 2.058493 -1.378131
v 0.036801 2.064299 -1.378975
v 0.075835 2.086801 -1.379555
v 0.103526 2.122297 -1.379788
v 0.115561 2.165691 -1.379634
v 0.109726 2.210321 -1.379109
v 0.087247 2.249365 -1.378301
v 0.051701 2.276990 -1.377334
v 0.008371 2.289175 -1.376352
v -0.036247 2.283357 -1.375508
v -0.075286 2.260881 -1.374928
v -0.102835 2.225255 -1.374699
v 0.108013 2.207584 -1.864256
v 0.086750 2.246132 -1.863492
v 0.112768 2.163818 -1.864702
v 0.052871 2.274298 -1.862534
v 0.010947 2.287558 -1.861519
v 0.043802 2.259981 -1.906422
v 0.071320 2.234718 -1.907943
v 0.043425 2.210665 -1.931408
v 0.031741 2.235274 -1.927069
v 0.088438 2.201710 -1.908394
v 0.063326 2.193813 -1.926875
v 0.020293 2.111368 -1.924557
v -0.005006 2.119692 -1.929595
v -0.000134 2.173515 -1.937997
v 0.035156 2.130734 -1.929574
v 0.087819 2.164730 -1.911652
v 0.053632 2.168145 -1.931203
v 0.099724 2.121771 -1.864748
v 0.078552 2.129860 -1.908593
v 0.056752 2.142128 -1.925964
v 0.071818 2.087708 -1.864407
v 0.058160 2.103424 -1.906277
v 0.033086 2.066789 -1.863728
v -0.010700 2.062315 -1.862810
v 0.029183 2.087722 -1.906054
v -0.008254 2.085934 -1.908795
v -0.031408 2.116814 -1.924867
v -0.042920 2.138623 -1.929606
v 0.005438 2.230508 -1.932114
v 0.008847 2.267798 -1.909943
v -0.054981 2.175725 -1.930699
v -0.062815 2.152517 -1.925242
v -0.052833 2.075029 -1.861793
v -0.044413 2.095435 -1.906766
v -0.086915 2.102910 -1.860833
v -0.070578 2.117479 -1.907061
v -0.107983 2.141579 -1.860072
v -0.086946 2.144710 -1.906584
v -0.112391 2.185350 -1.859634
v -0.090033 2.175996 -1.909630
v -0.099267 2.227366 -1.859590
v -0.083022 2.213398 -1.908721
v -0.059203 2.201714 -1.927198
v -0.071175 2.261317 -1.859936
v -0.032800 2.282935 -1.860602
v -0.028036 2.264306 -1.908962
v -0.019934 2.237985 -1.928064
v -0.035847 2.215252 -1.932164
v -0.059485 2.243356 -1.910326
v -0.226784 2.263547 0.169345
v -0.171739 2.347350 0.171259
v -0.096636 2.397129 0.172812
v -0.001749 2.418171 0.174997
v -0.244547 2.172731 0.170051
v -0.225196 2.078178 0.175114
v -0.172946 2.000245 0.173823
v -0.094498 1.947697 0.174704
v 0.000692 1.927066 0.176443
v 0.089413 1.945818 0.174888
v 0.171180 1.997663 0.174740
v 0.228440 2.081411 0.172498
v 0.244988 2.178027 0.172636
v 0.224869 2.270295 0.169030
v 0.172953 2.346310 0.172815
v 0.093011 2.398816 0.172615
v -0.219550 2.080152 0.168422
v -0.237747 2.174668 0.166229
v -0.167212 2.003444 0.168693
v -0.091631 1.952898 0.168509
v -0.000360 1.934528 0.168627
v 0.085128 1.950811 0.167374
v 0.167620 2.003495 0.168270
v 0.220030 2.082886 0.166373
v 0.239426 2.181682 0.168181
v 0.218829 2.266249 0.165267
v 0.169684 2.339974 0.166642
v 0.090015 2.392318 0.163805
v -0.002015 2.411389 0.166062
v -0.095676 2.390770 0.165573
v -0.168306 2.341019 0.167063
v -0.219926 2.261527 0.165158
v 0.046157 2.085012 -0.061152
v 0.004487 2.073951 -0.060706
v 0.074934 2.110103 -0.060449
v 0.091465 2.136791 -0.060251
v 0.098675 2.185535 -0.058854
v 0.082050 2.230545 -0.058751
v 0.061503 2.252224 -0.059271
v 0.030814 2.270355 -0.057333
v -0.002085 2.274936 -0.057449
v -0.041623 2.265365 -0.059243
v -0.071812 2.244069 -0.061760
v -0.093706 2.210631 -0.061021
v -0.098644 2.174585 -0.060766
v -0.088212 2.131803 -0.060734
v -0.067133 2.097638 -0.061307
v -0.034392 2.080042 -0.061416
v 0.032487 2.106190 0.059953
v 0.025377 2.116063 0.181064
v 0.001482 2.110814 0.181038
v 0.003118 2.098472 0.058967
v -0.022592 2.115235 0.180969
v -0.025910 2.103331 0.058329
v 0.055305 2.123982 0.060994
v 0.045374 2.130146 0.181042
v 0.069777 2.147765 0.060808
v 0.058789 2.150632 0.180978
v 0.074097 2.179500 0.060902
v 0.063139 2.174724 0.180880
v 0.064543 2.209721 0.060524
v 0.057917 2.198654 0.180763
v 0.047438 2.230255 0.059562
v 0.043166 2.219378 0.183174
v 0.024378 2.243590 0.059899
v 0.023376 2.232009 0.180544
v -0.001876 2.247650 0.059818
v -0.000687 2.236460 0.180474
v -0.029644 2.241199 0.058891
v -0.024593 2.231184 0.180449
v -0.052918 2.225219 0.056097
v -0.044702 2.217245 0.180469
v -0.068545 2.200949 0.058161
v -0.057923 2.196635 0.180534
v -0.073875 2.172880 0.059742
v -0.062401 2.172558 0.180632
v -0.067197 2.143063 0.060488
v -0.057148 2.148640 0.180749
v -0.049983 2.118797 0.058880
v -0.043067 2.128606 0.180867
v -0.059993 2.170350 0.453859
v -0.056280 2.193940 0.453881
v -0.043902 2.214159 0.453487
v -0.024513 2.228317 0.452522
v -0.001477 2.234068 0.451804
v 0.022458 2.229615 0.450612
v 0.041310 2.217732 0.449810
v 0.055144 2.198639 0.449079
v 0.060827 2.175462 0.448522
v 0.056723 2.151886 0.448803
v 0.044257 2.131812 0.449153
v 0.024814 2.118262 0.450096
v 0.001096 2.112804 0.451148
v -0.024184 2.118240 0.452123
v -0.041104 2.129283 0.453350
v -0.053774 2.146549 0.453595
v -0.058007 2.194695 0.467220
v -0.062568 2.170148 0.467060
v -0.044578 2.215319 0.466908
v -0.024356 2.229132 0.465993
v -0.000937 2.234425 0.465288
v 0.023183 2.229856 0.464088
v 0.042138 2.217933 0.463278
v 0.056147 2.198688 0.462536
v 0.062098 2.175420 0.461950
v 0.058336 2.151464 0.462180
v 0.046123 2.130548 0.462430
v 0.026390 2.116078 0.463258
v 0.001654 2.109708 0.464189
v -0.024888 2.114884 0.465102
v -0.043189 2.126396 0.466311
v -0.056558 2.145067 0.466665
v -0.067454 2.198521 0.483683
v -0.073758 2.169675 0.482947
v -0.050832 2.222019 0.483918
v -0.027015 2.236704 0.483447
v -0.000352 2.241461 0.483073
v 0.026403 2.235942 0.482013
v 0.047481 2.222759 0.481137
v 0.063452 2.201580 0.480172
v 0.070887 2.175709 0.479171
v 0.067903 2.148251 0.478674
v 0.054659 2.123360 0.478239
v 0.032136 2.105216 0.478213
v 0.002561 2.096859 0.478712
v -0.029072 2.102537 0.479492
v -0.051614 2.116672 0.480918
v -0.067491 2.139796 0.481899
v -0.082258 2.204691 0.502916
v -0.090050 2.169164 0.501953
v -0.061609 2.233616 0.503330
v -0.032447 2.251776 0.502714
v 0.000374 2.257671 0.502172
v 0.033090 2.250695 0.501147
v 0.058837 2.234110 0.500376
v 0.078336 2.208211 0.499216
v 0.087426 2.176597 0.497977
v 0.084182 2.142911 0.496958
v 0.068002 2.112130 0.496214
v 0.040394 2.089523 0.495894
v 0.003791 2.079268 0.496473
v -0.034727 2.085930 0.497349
v -0.062707 2.103902 0.499340
v -0.082634 2.132602 0.500479
v -0.094054 2.209423 0.526779
v -0.102972 2.168467 0.525693
v -0.070146 2.242817 0.527261
v -0.036546 2.263588 0.526683
v 0.001149 2.270177 0.526126
v 0.038624 2.262347 0.524903
v 0.068453 2.243387 0.523873
v 0.091021 2.213566 0.522483
v 0.101359 2.177078 0.521146
v 0.097585 2.138280 0.519985
v 0.078772 2.102882 0.519238
v 0.047082 2.076819 0.518812
v 0.004958 2.065055 0.519440
v -0.038904 2.072519 0.520441
v -0.071344 2.093370 0.522677
v -0.094449 2.126615 0.524058
v -0.100045 2.211531 0.553247
v -0.109600 2.167649 0.552072
v -0.074315 2.247344 0.553777
v -0.038350 2.269464 0.553200
v 0.001885 2.276472 0.552595
v 0.041888 2.268191 0.551282
v 0.073845 2.247922 0.550161
v 0.098134 2.216023 0.548640
v 0.109230 2.176911 0.547186
v 0.105076 2.135348 0.545976
v 0.084964 2.097319 0.545149
v 0.050987 2.069424 0.544713
v 0.005865 2.056923 0.545391
v -0.040791 2.064711 0.546439
v -0.075641 2.087159 0.548824
v -0.100530 2.122966 0.550334
v -0.099674 2.210785 0.580439
v -0.109349 2.166753 0.579259
v -0.073743 2.246769 0.580965
v -0.037769 2.269050 0.580394
v 0.002530 2.276043 0.579784
v 0.042637 2.267769 0.578467
v 0.074637 2.247404 0.577330
v 0.099077 2.215352 0.575816
v 0.110313 2.176108 0.574352
v 0.106152 2.134327 0.573127
v 0.085919 2.096017 0.572295
v 0.051795 2.068000 0.571860
v 0.006448 2.055516 0.572544
v -0.040188 2.063202 0.573590
v -0.075128 2.085853 0.575982
v -0.100302 2.121966 0.577514
v -0.092250 2.206860 0.609035
v -0.101360 2.165744 0.607966
v -0.067866 2.240503 0.609493
v -0.034403 2.261366 0.608995
v 0.003088 2.267819 0.608438
v 0.040519 2.260130 0.607203
v 0.070222 2.241133 0.606118
v 0.093174 2.211180 0.604730
v 0.103721 2.174548 0.603391
v 0.099864 2.135468 0.602230
v 0.080910 2.099545 0.601472
v 0.049073 2.073398 0.601049
v 0.006669 2.061704 0.601701
v -0.036757 2.068796 0.602670
v -0.069176 2.090059 0.604882
v -0.092956 2.123941 0.606325
v -0.079429 2.200618 0.632289
v -0.087365 2.164838 0.631369
v -0.058158 2.230118 0.632765
v -0.029020 2.248131 0.632231
v 0.003412 2.253630 0.631742
v 0.035985 2.246982 0.630666
v 0.061756 2.230722 0.629873
v 0.081732 2.204441 0.628561
v 0.090923 2.172589 0.627404
v 0.087690 2.138508 0.626444
v 0.071153 2.107045 0.625839
v 0.043488 2.084301 0.625424
v 0.006466 2.074122 0.625990
v -0.031256 2.080234 0.626816
v -0.059249 2.098689 0.628787
v -0.080187 2.128445 0.630011
v -0.061004 2.191934 0.652179
v -0.067206 2.163971 0.651458
v -0.044161 2.215128 0.652524
v -0.021523 2.229142 0.652081
v 0.003557 2.233320 0.651692
v 0.029071 2.228160 0.650889
v 0.048814 2.215587 0.650242
v 0.064599 2.194954 0.649222
v 0.071792 2.170123 0.648342
v 0.069257 2.143485 0.647560
v 0.056251 2.118778 0.647070
v 0.034888 2.100963 0.646861
v 0.005841 2.093060 0.647235
v -0.023506 2.097742 0.647883
v -0.044934 2.112056 0.649463
v -0.061612 2.135596 0.650367
v -0.039860 2.182592 0.665595
v -0.042790 2.163701 0.665797
v -0.028469 2.197722 0.665889
v -0.013704 2.208309 0.665174
v 0.003744 2.210598 0.665151
v 0.020896 2.207987 0.664193
v 0.034682 2.198324 0.664010
v 0.045777 2.184897 0.663077
v 0.049714 2.167596 0.663071
v 0.048454 2.149435 0.662266
v 0.038783 2.133571 0.662607
v 0.024334 2.121296 0.662456
v 0.005369 2.117424 0.663449
v -0.013469 2.119988 0.663785
v -0.027918 2.130130 0.664819
v -0.039449 2.144799 0.664967
v -0.008124 2.194540 0.670458
v -0.014610 2.183589 0.672137
v 0.015826 2.194681 0.669609
v 0.004048 2.191445 0.671491
v 0.033184 2.178496 0.668863
v 0.022328 2.184268 0.670813
v 0.034706 2.153954 0.668466
v 0.030912 2.166166 0.670292
v 0.017926 2.134884 0.668707
v 0.024243 2.146535 0.670306
v -0.007636 2.133770 0.669577
v 0.005082 2.137287 0.670754
v -0.025569 2.151007 0.670490
v -0.014329 2.144573 0.671549
v -0.025772 2.176699 0.670901
v -0.022666 2.163987 0.672164
v 0.004509 2.164709 0.674481
vt 0.748036 0.725302
vt 0.737668 0.721897
vt 0.738506 0.717075
vt 0.748791 0.720521
vt 0.759081 0.723718
vt 0.758452 0.728549
vt 0.727361 0.718210
vt 0.728200 0.713431
vt 0.717054 0.714202
vt 0.717913 0.709584
vt 0.706709 0.709935
vt 0.707696 0.705377
vt 0.696266 0.705345
vt 0.697616 0.700721
vt 0.685525 0.700484
vt 0.688073 0.695134
vt 0.856779 0.745466
vt 0.845022 0.744611
vt 0.844347 0.740069
vt 0.855386 0.739680
vt 0.833610 0.743548
vt 0.833313 0.739442
vt 0.822386 0.742300
vt 0.822427 0.738223
vt 0.811368 0.740826
vt 0.811656 0.736522
vt 0.800542 0.738992
vt 0.800964 0.734493
vt 0.789865 0.736835
vt 0.790375 0.732153
vt 0.779313 0.734370
vt 0.779878 0.729535
vt 0.768857 0.731620
vt 0.769444 0.726695
vt 0.731474 0.781212
vt 0.720452 0.777377
vt 0.742631 0.784709
vt 0.709527 0.773269
vt 0.698668 0.768896
vt 0.687892 0.764239
vt 0.677100 0.759468
vt 0.665964 0.755010
vt 0.847136 0.802621
vt 0.835277 0.800885
vt 0.823534 0.799687
vt 0.811830 0.798410
vt 0.800146 0.796945
vt 0.788465 0.795260
vt 0.776846 0.793198
vt 0.765315 0.790749
vt 0.753906 0.787876
vt 0.730054 0.785660
vt 0.718826 0.781902
vt 0.741374 0.789145
vt 0.707719 0.777804
vt 0.696766 0.773424
vt 0.685932 0.768857
vt 0.675250 0.764251
vt 0.664778 0.760018
vt 0.845352 0.807525
vt 0.834158 0.805939
vt 0.822628 0.804566
vt 0.810988 0.803165
vt 0.799283 0.801592
vt 0.787598 0.799749
vt 0.775943 0.797613
vt 0.764347 0.795124
vt 0.752818 0.792318
vt 0.727071 0.798383
vt 0.715474 0.794737
vt 0.738725 0.801786
vt 0.703971 0.790820
vt 0.692610 0.786679
vt 0.681412 0.782247
vt 0.670383 0.777774
vt 0.659873 0.773127
vt 0.844120 0.821512
vt 0.832690 0.820188
vt 0.820946 0.818599
vt 0.809124 0.816875
vt 0.797306 0.814967
vt 0.785523 0.812906
vt 0.773792 0.810546
vt 0.762098 0.807877
vt 0.750416 0.804933
vt 0.724827 0.803518
vt 0.713212 0.799959
vt 0.736553 0.806763
vt 0.701768 0.796027
vt 0.690458 0.791728
vt 0.679279 0.787262
vt 0.668212 0.782422
vt 0.656919 0.777173
vt 0.844739 0.826502
vt 0.832390 0.825021
vt 0.820348 0.823197
vt 0.808340 0.821313
vt 0.796333 0.819281
vt 0.784332 0.817047
vt 0.772303 0.814736
vt 0.760305 0.812292
vt 0.748379 0.809689
vt 0.782661 0.646843
vt 0.775992 0.644923
vt 0.789398 0.648619
vt 0.796168 0.650268
vt 0.802932 0.651803
vt 0.809669 0.653226
vt 0.816352 0.654557
vt 0.822939 0.655794
vt 0.829401 0.656904
vt 0.835684 0.657801
vt 0.841774 0.658251
vt 0.739434 0.630550
vt 0.744803 0.633419
vt 0.750588 0.635973
vt 0.756668 0.638374
vt 0.762965 0.640667
vt 0.769419 0.642854
vt 0.846058 0.593219
vt 0.851881 0.594111
vt 0.840276 0.592423
vt 0.767681 0.572132
vt 0.773010 0.574530
vt 0.762271 0.569767
vt 0.040297 0.969385
vt 0.036728 0.964410
vt 0.043560 0.961346
vt 0.044998 0.967509
vt 0.046518 0.972860
vt 0.043033 0.972782
vt 0.050042 0.967344
vt 0.049507 0.971382
vt 0.051005 0.961072
vt 0.056768 0.980914
vt 0.054272 0.983326
vt 0.048434 0.979813
vt 0.055235 0.978128
vt 0.054485 0.969714
vt 0.051916 0.973998
vt 0.057952 0.963667
vt 0.834542 0.591493
vt 0.058346 0.972768
vt 0.063356 0.968685
vt 0.055184 0.974979
vt 0.828831 0.590460
vt 0.060508 0.976808
vt 0.823130 0.589352
vt 0.817438 0.588171
vt 0.066453 0.975332
vt 0.066792 0.982641
vt 0.060729 0.981326
vt 0.064314 0.989555
vt 0.058561 0.985962
vt 0.053208 0.986615
vt 0.050021 0.986610
vt 0.042274 0.976113
vt 0.037518 0.973341
vt 0.031612 0.969913
vt 0.045180 0.985913
vt 0.047339 0.988230
vt 0.811760 0.586903
vt 0.055343 0.989901
vt 0.059412 0.995050
vt 0.806097 0.585535
vt 0.051088 0.991780
vt 0.052793 0.998270
vt 0.800465 0.584051
vt 0.046794 0.992191
vt 0.045439 0.998753
vt 0.794878 0.582434
vt 0.042869 0.990552
vt 0.038440 0.996338
vt 0.789334 0.580673
vt 0.038728 0.987570
vt 0.032847 0.991369
vt 0.041934 0.985032
vt 0.783834 0.578774
vt 0.778389 0.576735
vt 0.035780 0.977978
vt 0.039969 0.978559
vt 0.029069 0.977025
vt 0.041784 0.981585
vt 0.036544 0.982966
vt 0.029561 0.984575
vt 0.699371 0.842756
vt 0.686316 0.838393
vt 0.674728 0.834206
vt 0.662343 0.829580
vt 0.711486 0.846830
vt 0.724088 0.851308
vt 0.736695 0.854531
vt 0.749374 0.857718
vt 0.762440 0.860814
vt 0.774718 0.863028
vt 0.787764 0.865359
vt 0.801465 0.867244
vt 0.814636 0.869099
vt 0.827386 0.870160
vt 0.839680 0.872012
vt 0.650381 0.824205
vt 0.638523 0.819106
vt 0.001955 0.761092
vt 0.003325 0.774022
vt 0.002254 0.773965
vt 0.000758 0.761112
vt 0.003520 0.748655
vt 0.002401 0.748644
vt 0.007442 0.737042
vt 0.006377 0.736602
vt 0.117316 0.791475
vt 0.122007 0.779836
vt 0.123143 0.780028
vt 0.118537 0.792280
vt 0.110710 0.801185
vt 0.111547 0.802233
vt 0.101477 0.810626
vt 0.102424 0.811466
vt 0.090534 0.817371
vt 0.090943 0.818724
vt 0.077893 0.822401
vt 0.078615 0.823196
vt 0.066193 0.823661
vt 0.066065 0.824747
vt 0.054225 0.823211
vt 0.053745 0.824380
vt 0.041879 0.819561
vt 0.041372 0.821000
vt 0.029623 0.815453
vt 0.030404 0.814159
vt 0.020384 0.805971
vt 0.019646 0.807035
vt 0.012684 0.796907
vt 0.011947 0.797741
vt 0.006894 0.785471
vt 0.005830 0.785802
vt 0.081678 0.779791
vt 0.085090 0.775111
vt 0.077871 0.783191
vt 0.074312 0.785428
vt 0.068140 0.787782
vt 0.061755 0.788274
vt 0.057841 0.787662
vt 0.053224 0.786532
vt 0.049335 0.784416
vt 0.045280 0.780784
vt 0.042393 0.776762
vt 0.039812 0.772071
vt 0.038547 0.767364
vt 0.038188 0.761460
vt 0.038818 0.756102
vt 0.087107 0.770216
vt 0.040649 0.751455
vt 0.615087 0.021293
vt 0.619495 0.037109
vt 0.616304 0.037939
vt 0.611088 0.022356
vt 0.613142 0.038770
vt 0.607368 0.023731
vt 0.604685 0.007246
vt 0.610026 0.005410
vt 0.599848 0.009293
vt 0.618999 0.020482
vt 0.622758 0.036335
vt 0.614776 0.004337
vt 0.622783 0.019662
vt 0.626095 0.035632
vt 0.618553 0.003561
vt 0.627181 0.018889
vt 0.629493 0.035016
vt 0.624660 0.002577
vt 0.631576 0.018228
vt 0.632937 0.034498
vt 0.630546 0.001774
vt 0.635324 0.017695
vt 0.636580 0.034400
vt 0.633986 0.001360
vt 0.639095 0.017410
vt 0.639913 0.033747
vt 0.638219 0.001209
vt 0.642862 0.017171
vt 0.643416 0.033521
vt 0.642107 0.000963
vt 0.646890 0.016919
vt 0.646913 0.033404
vt 0.647017 0.000587
vt 0.650882 0.016532
vt 0.650390 0.033395
vt 0.651471 0.000252
vt 0.654921 0.016921
vt 0.653837 0.033496
vt 0.656374 0.000507
vt 0.658880 0.017375
vt 0.657235 0.033703
vt 0.660860 0.000901
vt 0.663057 0.017901
vt 0.660572 0.034006
vt 0.666462 0.001606
vt 0.667102 0.018290
vt 0.663844 0.034377
vt 0.671668 0.002378
vt 0.670871 0.019097
vt 0.667089 0.034752
vt 0.676412 0.003798
vt 0.658326 0.070513
vt 0.655137 0.070312
vt 0.651997 0.070150
vt 0.648835 0.070010
vt 0.645726 0.070003
vt 0.642540 0.070034
vt 0.639635 0.070191
vt 0.636557 0.070465
vt 0.633438 0.070864
vt 0.630324 0.071475
vt 0.627247 0.072187
vt 0.624169 0.073050
vt 0.621000 0.073955
vt 0.617588 0.074693
vt 0.667243 0.070945
vt 0.664520 0.071006
vt 0.661633 0.070756
vt 0.655038 0.072120
vt 0.658212 0.072319
vt 0.651911 0.071960
vt 0.648794 0.071821
vt 0.645733 0.071816
vt 0.642598 0.071846
vt 0.639763 0.071999
vt 0.636749 0.072266
vt 0.633722 0.072652
vt 0.630694 0.073248
vt 0.627680 0.073946
vt 0.624640 0.074795
vt 0.621416 0.075709
vt 0.617883 0.076461
vt 0.664494 0.072811
vt 0.667377 0.072727
vt 0.661514 0.072567
vt 0.033637 0.004695
vt 0.032966 0.002111
vt 0.036294 0.001098
vt 0.037542 0.003507
vt 0.029402 0.004914
vt 0.029181 0.002319
vt 0.025060 0.004722
vt 0.025058 0.002165
vt 0.020729 0.004565
vt 0.020840 0.002025
vt 0.016373 0.004432
vt 0.016596 0.001875
vt 0.012467 0.004309
vt 0.012873 0.001736
vt 0.008562 0.003861
vt 0.009331 0.001312
vt 0.005030 0.002652
vt 0.006194 0.000252
vt 0.990094 0.965790
vt 0.989241 0.963247
vt 0.992410 0.962082
vt 0.993682 0.964459
vt 0.985942 0.966273
vt 0.985497 0.963690
vt 0.981434 0.966372
vt 0.981218 0.963812
vt 0.976550 0.966469
vt 0.976492 0.963914
vt 0.971480 0.966582
vt 0.971550 0.964009
vt 0.967289 0.966740
vt 0.967585 0.964131
vt 0.959128 0.965161
vt 0.960444 0.962759
vt 0.963898 0.963867
vt 0.963143 0.966457
vt 0.034725 0.008080
vt 0.039440 0.006828
vt 0.029899 0.008233
vt 0.025180 0.007964
vt 0.020573 0.007786
vt 0.015946 0.007681
vt 0.011720 0.007610
vt 0.007319 0.007203
vt 0.003101 0.005880
vt 0.991454 0.969135
vt 0.995754 0.967698
vt 0.986757 0.969569
vt 0.981859 0.969588
vt 0.976621 0.969646
vt 0.971239 0.969804
vt 0.966667 0.970056
vt 0.957123 0.968504
vt 0.961937 0.969842
vt 0.035664 0.011849
vt 0.041139 0.011046
vt 0.030339 0.011741
vt 0.025291 0.011328
vt 0.020425 0.011119
vt 0.015543 0.011070
vt 0.011025 0.011130
vt 0.006181 0.010942
vt 0.001270 0.009965
vt 0.992671 0.972904
vt 0.997696 0.971866
vt 0.987498 0.973079
vt 0.982255 0.972921
vt 0.976688 0.972912
vt 0.971022 0.973142
vt 0.966123 0.973578
vt 0.955335 0.972799
vt 0.960901 0.973643
vt 0.036059 0.015755
vt 0.041942 0.015892
vt 0.030494 0.015191
vt 0.025295 0.014582
vt 0.020307 0.014336
vt 0.015301 0.014369
vt 0.010645 0.014634
vt 0.005575 0.014862
vt 0.000252 0.014700
vt 0.993299 0.976874
vt 0.998749 0.976738
vt 0.987888 0.976558
vt 0.982482 0.976137
vt 0.976750 0.976041
vt 0.970960 0.976358
vt 0.965917 0.977053
vt 0.954499 0.977771
vt 0.960456 0.977609
vt 0.035731 0.019678
vt 0.041474 0.020975
vt 0.030263 0.018569
vt 0.025145 0.017750
vt 0.020224 0.017466
vt 0.015279 0.017594
vt 0.010696 0.018099
vt 0.005697 0.018850
vt 0.000444 0.019734
vt 0.993131 0.980914
vt 0.998492 0.981924
vt 0.987810 0.979983
vt 0.982485 0.979266
vt 0.976809 0.979076
vt 0.971111 0.979482
vt 0.966165 0.980449
vt 0.955017 0.982995
vt 0.960799 0.981602
vt 0.034520 0.023831
vt 0.039519 0.026130
vt 0.029527 0.022236
vt 0.024774 0.021242
vt 0.020169 0.020934
vt 0.015526 0.021151
vt 0.011280 0.021876
vt 0.006702 0.023115
vt 0.002074 0.024936
vt 0.991997 0.985204
vt 0.996678 0.987233
vt 0.987149 0.983707
vt 0.982211 0.982727
vt 0.976876 0.982453
vt 0.971551 0.982928
vt 0.966992 0.984118
vt 0.957123 0.988259
vt 0.962101 0.985806
vt 0.032648 0.027414
vt 0.036513 0.030260
vt 0.028413 0.025518
vt 0.024245 0.024428
vt 0.020154 0.024111
vt 0.016005 0.024396
vt 0.012304 0.025268
vt 0.008411 0.026830
vt 0.004780 0.029198
vt 0.990108 0.988904
vt 0.993718 0.991518
vt 0.986024 0.987043
vt 0.981709 0.985891
vt 0.976937 0.985552
vt 0.972204 0.986066
vt 0.968255 0.987376
vt 0.960350 0.992424
vt 0.964125 0.989400
vt 0.030028 0.030760
vt 0.032597 0.033515
vt 0.026801 0.028885
vt 0.023485 0.027842
vt 0.020169 0.027549
vt 0.016772 0.027859
vt 0.013859 0.028728
vt 0.010885 0.030322
vt 0.008428 0.032669
vt 0.987400 0.992320
vt 0.989778 0.994894
vt 0.984327 0.990436
vt 0.980912 0.989286
vt 0.977002 0.988928
vt 0.973160 0.989423
vt 0.970080 0.990671
vt 0.964532 0.995604
vt 0.966950 0.992690
vt 0.027028 0.033441
vt 0.028284 0.035636
vt 0.024925 0.031998
vt 0.022638 0.030995
vt 0.020178 0.030830
vt 0.017752 0.030975
vt 0.015615 0.031838
vt 0.013612 0.033057
vt 0.012314 0.035010
vt 0.984377 0.995003
vt 0.985630 0.997057
vt 0.982286 0.993630
vt 0.979869 0.992654
vt 0.977151 0.992553
vt 0.974506 0.992893
vt 0.972314 0.993948
vt 0.969044 0.997636
vt 0.970262 0.995409
vt 0.021962 0.032905
vt 0.023081 0.034229
vt 0.018404 0.032842
vt 0.020159 0.033360
vt 0.015525 0.034493
vt 0.017305 0.034075
vt 0.982304 0.996434
vt 0.982195 0.998169
vt 0.979198 0.994646
vt 0.980439 0.995957
vt 0.975357 0.994787
vt 0.977296 0.995191
vt 0.972452 0.996756
vt 0.974287 0.996150
vt 0.024923 0.034813
vt 0.024766 0.036571
vt 0.972688 0.998540
vt 0.015591 0.036188
vt 0.977498 0.998790
vt 0.020111 0.036869
vn -0.998996 0.000196 -0.044791
vn -0.922812 0.382596 -0.045145
vn -0.885498 0.423626 -0.190879
vn -0.980996 0.047809 -0.188047
vn -0.921525 -0.339930 -0.187722
vn -0.927671 -0.370681 -0.044978
vn -0.699570 0.713169 -0.044621
vn -0.659614 0.726779 -0.191576
vn -0.376445 0.925465 -0.042468
vn -0.333560 0.923199 -0.190895
vn 0.005249 0.999186 -0.040007
vn 0.049990 0.980443 -0.190347
vn 0.387136 0.921195 -0.039065
vn 0.423282 0.885848 -0.190015
vn 0.708542 0.704624 -0.038381
vn 0.725166 0.661893 -0.189822
vn 0.927243 0.372606 -0.037216
vn 0.921112 0.340752 -0.188259
vn 0.999281 -0.011450 -0.036140
vn 0.981744 -0.040278 -0.185893
vn 0.922165 -0.385032 -0.036908
vn 0.889645 -0.416797 -0.186579
vn 0.703072 -0.710060 -0.038794
vn 0.664474 -0.722916 -0.189383
vn 0.373050 -0.926920 -0.040654
vn 0.342054 -0.920075 -0.190949
vn -0.008244 -0.999084 -0.041981
vn -0.037785 -0.980788 -0.191381
vn -0.387630 -0.920790 -0.043455
vn -0.412132 -0.890701 -0.191830
vn -0.714225 -0.698492 -0.044617
vn -0.719992 -0.667338 -0.190451
vn -0.999364 0.000224 0.035659
vn -0.923253 0.382256 0.038538
vn -0.928187 -0.370421 0.035458
vn -0.700291 0.712787 0.039075
vn -0.376874 0.925509 0.037397
vn 0.005269 0.999325 0.036352
vn 0.387626 0.921086 0.036698
vn 0.709236 0.703963 0.037689
vn 0.927541 0.371915 0.036695
vn 0.999354 -0.012013 0.033878
vn 0.922048 -0.385559 0.034236
vn 0.703053 -0.710203 0.036444
vn 0.372902 -0.927148 0.036627
vn -0.008986 -0.999306 0.036146
vn -0.388728 -0.920600 0.037236
vn -0.715180 -0.697943 0.037322
vn -0.984528 0.010828 0.174895
vn -0.904941 0.386368 0.178332
vn -0.914233 -0.370168 0.164784
vn -0.694097 0.699332 0.170777
vn -0.372884 0.914163 0.158944
vn 0.010390 0.988451 0.151183
vn 0.393264 0.907024 0.150501
vn 0.708785 0.688378 0.154141
vn 0.913835 0.375130 0.155511
vn 0.988708 -0.000387 0.149853
vn 0.914634 -0.379040 0.140620
vn 0.707983 -0.694705 0.127066
vn 0.390289 -0.913904 0.111598
vn -0.001803 -0.994260 0.106979
vn -0.392250 -0.911489 0.123804
vn -0.708339 -0.690300 0.147451
vn -0.958426 -0.006064 -0.285278
vn -0.888786 0.359899 -0.283782
vn -0.880826 -0.372943 -0.291650
vn -0.689716 0.668876 -0.277303
vn -0.382242 0.883465 -0.270888
vn -0.008426 0.964164 -0.265175
vn 0.368371 0.892324 -0.260884
vn 0.682479 0.684177 -0.257147
vn 0.889231 0.379706 -0.255133
vn 0.967712 0.012555 -0.251744
vn 0.896122 -0.358382 -0.261778
vn 0.694264 -0.666194 -0.272365
vn 0.387918 -0.878750 -0.278060
vn 0.010385 -0.959549 -0.281349
vn -0.366742 -0.884806 -0.287435
vn -0.675532 -0.676981 -0.292152
vn -0.996663 -0.006886 -0.081336
vn -0.921425 0.380045 -0.080887
vn -0.921135 -0.381484 -0.077329
vn -0.711007 0.698629 -0.079919
vn -0.386845 0.918821 -0.078222
vn -0.005571 0.997272 -0.073602
vn 0.383819 0.920394 -0.074547
vn 0.700286 0.709638 -0.077541
vn 0.920079 0.383683 -0.079011
vn 0.997002 0.007547 -0.077011
vn 0.923601 -0.376522 -0.072059
vn 0.703699 -0.707399 -0.066289
vn 0.385056 -0.920666 -0.064082
vn -0.003791 -0.997944 -0.063985
vn -0.383677 -0.921057 -0.066679
vn -0.704558 -0.705902 -0.072811
vn -0.938620 -0.329565 -0.101879
vn -0.992780 0.063303 -0.101890
vn -0.741289 -0.663436 -0.101697
vn -0.435275 -0.894502 -0.101988
vn -0.058518 -0.992983 -0.102764
vn 0.328230 -0.938903 -0.103573
vn 0.659183 -0.744674 -0.104587
vn 0.892384 -0.438709 -0.105756
vn 0.992653 -0.057892 -0.106248
vn 0.937528 0.331489 -0.105628
vn 0.743488 0.660510 -0.104654
vn 0.440957 0.891496 -0.103887
vn 0.062558 0.992698 -0.103139
vn -0.329203 0.938706 -0.102259
vn -0.661058 0.743429 -0.101568
vn -0.891617 0.441270 -0.101491
vn 0.950970 0.306681 -0.040028
vn 0.764735 0.643341 -0.035963
vn 0.995357 -0.086032 -0.043172
vn 0.467812 0.883192 -0.033514
vn 0.088555 0.995500 -0.033739
vn 0.396981 0.741842 -0.540441
vn 0.641581 0.519268 -0.564566
vn 0.244829 0.185131 -0.951727
vn 0.215525 0.365302 -0.905596
vn 0.784334 0.228147 -0.576862
vn 0.393328 0.112692 -0.912466
vn 0.126499 -0.416686 -0.900206
vn -0.030120 -0.323192 -0.945854
vn -0.000848 -0.023040 -0.999734
vn 0.187136 -0.261428 -0.946908
vn 0.788476 -0.097676 -0.607261
vn 0.286925 -0.051037 -0.956593
vn 0.886183 -0.461398 -0.042334
vn 0.705123 -0.388991 -0.592865
vn 0.346290 -0.225526 -0.910616
vn 0.645647 -0.762603 -0.039701
vn 0.513174 -0.632044 -0.580666
vn 0.305654 -0.951219 -0.041923
vn -0.083978 -0.995480 -0.044348
vn 0.230954 -0.778842 -0.583151
vn -0.082946 -0.798483 -0.596275
vn -0.200746 -0.379605 -0.903107
vn -0.234385 -0.219042 -0.947145
vn 0.032155 0.284779 -0.958054
vn 0.066538 0.826573 -0.558883
vn -0.303556 -0.009132 -0.952770
vn -0.398256 -0.163487 -0.902588
vn -0.458880 -0.887489 -0.042334
vn -0.389952 -0.719238 -0.575008
vn -0.760925 -0.647676 -0.038859
vn -0.632397 -0.530308 -0.564666
vn -0.950868 -0.307304 -0.037612
vn -0.792887 -0.267234 -0.547646
vn -0.995407 0.087380 -0.039108
vn -0.824277 0.043246 -0.564532
vn -0.885326 0.463258 -0.039885
vn -0.753393 0.357444 -0.551936
vn -0.378384 0.154549 -0.912656
vn -0.648322 0.760406 -0.038226
vn -0.310458 0.949908 -0.035939
vn -0.274909 0.791676 -0.545595
vn -0.135170 0.377414 -0.916127
vn -0.207016 0.205293 -0.956556
vn -0.557346 0.614604 -0.558236
vn -0.924768 0.380356 0.011551
vn -0.710975 0.703120 0.011703
vn -0.388708 0.921262 0.013512
vn -0.006973 0.999845 0.016141
vn -0.999906 -0.009460 0.009939
vn -0.922852 -0.385003 0.010850
vn -0.706463 -0.707674 0.010309
vn -0.383864 -0.923328 0.010700
vn -0.003814 -0.999943 0.009969
vn 0.381654 -0.924240 0.011031
vn 0.703006 -0.711102 0.010804
vn 0.926381 -0.376504 0.007911
vn 0.999931 0.010256 0.005769
vn 0.922108 0.386905 0.004542
vn 0.701335 0.712756 0.010438
vn 0.384196 0.923134 0.014761
vn 0.780285 0.326472 0.533452
vn 0.841945 0.028366 0.538818
vn 0.596985 0.602483 0.529739
vn 0.307911 0.792103 0.527033
vn -0.004254 0.848455 0.529251
vn -0.333996 0.778925 0.530776
vn -0.600464 0.596035 0.533090
vn -0.787009 0.297107 0.540689
vn -0.838591 -0.027620 0.544061
vn -0.765771 -0.348422 0.540553
vn -0.577386 -0.616264 0.535579
vn -0.316249 -0.787672 0.528734
vn 0.021316 -0.849897 0.526518
vn 0.329321 -0.782525 0.528396
vn 0.607328 -0.589680 0.532381
vn 0.781258 -0.319833 0.536043
vn -0.302127 0.685750 0.662167
vn 0.000326 0.746057 0.665882
vn -0.536825 0.532875 0.654112
vn -0.699842 0.269133 0.661656
vn -0.733623 -0.020206 0.679256
vn -0.670531 -0.314406 0.671965
vn -0.516034 -0.552639 0.654446
vn -0.282920 -0.704616 0.650748
vn 0.015482 -0.755382 0.655101
vn 0.289302 -0.693416 0.659908
vn 0.542654 -0.523907 0.656542
vn 0.697803 -0.286013 0.656710
vn 0.745784 0.023001 0.665790
vn 0.687671 0.285939 0.667344
vn 0.531163 0.537730 0.654761
vn 0.273291 0.701417 0.658276
vn 0.430257 -0.888962 0.156925
vn 0.407633 -0.912338 0.038400
vn 0.016031 -0.999111 0.038980
vn 0.045167 -0.986341 0.158401
vn -0.365931 -0.929834 0.038782
vn -0.342010 -0.925784 0.161101
vn 0.731499 -0.664619 0.152283
vn 0.724327 -0.688445 0.037347
vn 0.935374 -0.319027 0.152638
vn 0.933665 -0.356219 0.037115
vn 0.984934 0.074722 0.155952
vn 0.998717 0.034426 0.037129
vn 0.876907 0.454077 0.157630
vn 0.907708 0.417898 0.037789
vn 0.638375 0.752611 0.161413
vn 0.684719 0.728002 0.034239
vn 0.337624 0.926512 0.166089
vn 0.352922 0.934881 0.037994
vn -0.049814 0.984567 0.167769
vn -0.025412 0.998994 0.036953
vn -0.404740 0.899382 0.165219
vn -0.409419 0.911588 0.037195
vn -0.712865 0.680768 0.168459
vn -0.723801 0.688988 0.037516
vn -0.915891 0.366888 0.162899
vn -0.931023 0.363035 0.037442
vn -0.987149 -0.035027 0.155919
vn -0.998921 -0.027790 0.037216
vn -0.907138 -0.391620 0.154061
vn -0.912952 -0.406366 0.037228
vn -0.683285 -0.711904 0.162214
vn -0.693290 -0.719654 0.038042
vn -0.999395 -0.034784 -0.000900
vn -0.934826 0.355101 0.002055
vn -0.729886 0.683553 0.004799
vn -0.416790 0.908979 0.006645
vn -0.028032 0.999580 0.007314
vn 0.354252 0.935123 0.007154
vn 0.688043 0.725643 0.006213
vn 0.908845 0.417102 0.005223
vn 0.999608 0.027709 0.004007
vn 0.931712 -0.363193 0.001901
vn 0.720404 -0.693555 -0.000266
vn 0.398728 -0.917067 -0.002126
vn 0.002939 -0.999989 -0.003648
vn -0.373948 -0.927437 -0.004843
vn -0.696336 -0.717692 -0.005863
vn -0.912106 -0.409938 -0.003732
vn -0.850745 0.349576 -0.392465
vn -0.894750 -0.010495 -0.446444
vn -0.669972 0.660693 -0.338558
vn -0.381749 0.879529 -0.284071
vn -0.015075 0.968365 -0.249084
vn 0.340323 0.909379 -0.239187
vn 0.655565 0.710579 -0.255561
vn 0.861059 0.421442 -0.284542
vn 0.942888 0.059315 -0.327787
vn 0.874689 -0.299239 -0.381281
vn 0.671583 -0.598074 -0.437361
vn 0.367451 -0.792959 -0.486000
vn 0.008135 -0.852734 -0.522283
vn -0.317055 -0.786473 -0.530034
vn -0.604375 -0.598456 -0.525910
vn -0.803559 -0.336763 -0.490799
vn -0.730180 0.326720 -0.600076
vn -0.779687 0.017106 -0.625936
vn -0.565870 0.586622 -0.579367
vn -0.313420 0.764608 -0.563154
vn -0.006286 0.832856 -0.553453
vn 0.289534 0.785374 -0.547136
vn 0.555968 0.621813 -0.551588
vn 0.729798 0.382267 -0.566803
vn 0.800077 0.080644 -0.594452
vn 0.747012 -0.222564 -0.626449
vn 0.581081 -0.479616 -0.657506
vn 0.324823 -0.658133 -0.679228
vn 0.015614 -0.723283 -0.690375
vn -0.277197 -0.673248 -0.685492
vn -0.538166 -0.512095 -0.669430
vn -0.709095 -0.275144 -0.649215
vn -0.765998 0.348961 -0.539883
vn -0.834574 0.021765 -0.550466
vn -0.580957 0.613683 -0.534680
vn -0.311967 0.783931 -0.536776
vn 0.000503 0.841217 -0.540698
vn 0.294543 0.783097 -0.547725
vn 0.554005 0.619760 -0.555857
vn 0.728531 0.385484 -0.566255
vn 0.810930 0.090326 -0.578130
vn 0.777045 -0.221035 -0.589360
vn 0.624039 -0.502204 -0.598637
vn 0.361037 -0.710548 -0.603966
vn 0.026559 -0.797702 -0.602467
vn -0.301216 -0.746156 -0.593734
vn -0.589562 -0.567370 -0.574898
vn -0.769949 -0.300540 -0.562898
vn -0.857312 0.386012 -0.340604
vn -0.936232 0.016298 -0.351005
vn -0.646281 0.685786 -0.334691
vn -0.342541 0.877588 -0.335418
vn 0.007243 0.940398 -0.340000
vn 0.336534 0.873525 -0.351709
vn 0.625198 0.689290 -0.366070
vn 0.821627 0.424190 -0.380778
vn 0.915062 0.092983 -0.392448
vn 0.879357 -0.256889 -0.400924
vn 0.709765 -0.574914 -0.407074
vn 0.414615 -0.812410 -0.409982
vn 0.037961 -0.913083 -0.406003
vn -0.333932 -0.854993 -0.396832
vn -0.658718 -0.650834 -0.377500
vn -0.863540 -0.348851 -0.364144
vn -0.908849 0.404843 -0.100478
vn -0.993532 0.009435 -0.113161
vn -0.681935 0.725238 -0.094845
vn -0.357244 0.928807 -0.098465
vn 0.013421 0.994348 -0.105320
vn 0.363197 0.924414 -0.116389
vn 0.671558 0.729687 -0.128713
vn 0.883311 0.446234 -0.143654
vn 0.983255 0.090426 -0.158220
vn 0.943946 -0.283280 -0.169464
vn 0.762454 -0.622217 -0.177513
vn 0.447019 -0.876180 -0.180230
vn 0.047107 -0.983452 -0.174935
vn -0.349373 -0.922400 -0.164673
vn -0.695839 -0.703671 -0.143719
vn -0.915560 -0.381169 -0.128297
vn -0.903667 0.398943 0.155659
vn -0.989827 0.002264 0.142260
vn -0.676273 0.718872 0.160867
vn -0.351762 0.923058 0.155650
vn 0.019418 0.988752 0.148297
vn 0.369606 0.918890 0.137960
vn 0.678174 0.723875 0.126827
vn 0.890423 0.440939 0.112781
vn 0.991758 0.083320 0.097329
vn 0.952538 -0.292263 0.085167
vn 0.770452 -0.632833 0.076981
vn 0.453208 -0.888332 0.073955
vn 0.053552 -0.995447 0.078854
vn -0.344020 -0.934689 0.089478
vn -0.691058 -0.714148 0.111499
vn -0.911586 -0.390971 0.127095
vn -0.844563 0.369385 0.387645
vn -0.926620 -0.004437 0.375974
vn -0.630645 0.669814 0.391965
vn -0.325108 0.862175 0.388534
vn 0.024477 0.923347 0.383187
vn 0.352970 0.858337 0.372385
vn 0.644040 0.674767 0.360418
vn 0.843559 0.408997 0.348037
vn 0.939670 0.072053 0.334408
vn 0.903483 -0.282682 0.322195
vn 0.731930 -0.604799 0.313841
vn 0.432289 -0.846537 0.310649
vn 0.056443 -0.947263 0.315446
vn -0.318672 -0.890424 0.324951
vn -0.645554 -0.681054 0.345580
vn -0.853100 -0.376746 0.360947
vn -0.728580 0.313761 0.608872
vn -0.800086 -0.011352 0.599778
vn -0.541777 0.575621 0.612486
vn -0.274728 0.743278 0.609969
vn 0.028480 0.794805 0.606197
vn 0.311280 0.739939 0.596317
vn 0.566443 0.579392 0.586044
vn 0.739944 0.348033 0.575635
vn 0.823546 0.055580 0.564520
vn 0.792666 -0.253574 0.554420
vn 0.643946 -0.535034 0.546875
vn 0.382356 -0.747515 0.543162
vn 0.055523 -0.834784 0.547770
vn -0.270467 -0.786370 0.555400
vn -0.555802 -0.601965 0.573343
vn -0.736319 -0.336843 0.586831
vn -0.581870 0.244320 0.775716
vn -0.637694 -0.018363 0.770071
vn -0.430109 0.457591 0.778214
vn -0.214061 0.594625 0.774983
vn 0.029747 0.637278 0.770060
vn 0.257931 0.592026 0.763529
vn 0.463751 0.461114 0.756511
vn 0.606284 0.274045 0.746538
vn 0.673816 0.036835 0.737980
vn 0.646767 -0.213867 0.732089
vn 0.524595 -0.439979 0.728848
vn 0.313267 -0.610430 0.727488
vn 0.049881 -0.680055 0.731463
vn -0.208802 -0.639850 0.739590
vn -0.435668 -0.491440 0.754109
vn -0.584226 -0.279623 0.761899
vn -0.421054 0.171944 0.890589
vn -0.458626 -0.022180 0.888353
vn -0.309002 0.326814 0.893146
vn -0.151754 0.431703 0.889159
vn 0.029595 0.461775 0.886503
vn 0.199258 0.431040 0.880058
vn 0.350802 0.331957 0.875638
vn 0.459233 0.196077 0.866406
vn 0.505573 0.017278 0.862611
vn 0.487969 -0.169592 0.856227
vn 0.393576 -0.332942 0.856882
vn 0.237706 -0.458760 0.856175
vn 0.045094 -0.507200 0.860648
vn -0.143030 -0.478809 0.866190
vn -0.310047 -0.367286 0.876910
vn -0.422051 -0.214381 0.880860
vn -0.071488 0.241765 0.967698
vn -0.117617 0.138838 0.983306
vn 0.131184 0.242253 0.961304
vn 0.032097 0.199405 0.979391
vn 0.278437 0.105769 0.954613
vn 0.176181 0.142195 0.974033
vn 0.293279 -0.103000 0.950462
vn 0.245193 -0.000861 0.969474
vn 0.150522 -0.263867 0.952742
vn 0.192685 -0.157141 0.968597
vn -0.063161 -0.271623 0.960329
vn 0.042302 -0.228543 0.972614
vn -0.220931 -0.125685 0.967157
vn -0.111886 -0.167378 0.979523
vn -0.223328 0.092214 0.970372
vn -0.181755 -0.017150 0.983194
vn 0.034209 -0.014686 0.999307
s 1
g MiningRobot_LP1 MiningRobot_MiningLazer_LP
usemtl Maya_Lambert3SG
f 5654/2958/2494 5655/2959/2495 5656/2960/2496 5657/2961/2497
f 5657/2961/2497 5658/2962/2498 5659/2963/2499 5654/2958/2494
f 5655/2959/2495 5660/2964/2500 5661/2965/2501 5656/2960/2496
f 5660/2964/2500 5662/2966/2502 5663/2967/2503 5661/2965/2501
f 5662/2966/2502 5664/2968/2504 5665/2969/2505 5663/2967/2503
f 5664/2968/2504 5666/2970/2506 5667/2971/2507 5665/2969/2505
f 5666/2970/2506 5668/2972/2508 5669/2973/2509 5667/2971/2507
f 5668/2974/2508 5670/2975/2510 5671/2976/2511 5669/2977/2509
f 5670/2975/2510 5672/2978/2512 5673/2979/2513 5671/2976/2511
f 5672/2978/2512 5674/2980/2514 5675/2981/2515 5673/2979/2513
f 5674/2980/2514 5676/2982/2516 5677/2983/2517 5675/2981/2515
f 5676/2982/2516 5678/2984/2518 5679/2985/2519 5677/2983/2517
f 5678/2984/2518 5680/2986/2520 5681/2987/2521 5679/2985/2519
f 5680/2986/2520 5682/2988/2522 5683/2989/2523 5681/2987/2521
f 5682/2988/2522 5684/2990/2524 5685/2991/2525 5683/2989/2523
f 5684/2990/2524 5659/2963/2499 5658/2962/2498 5685/2991/2525
f 5686/2992/2526 5687/2993/2527 5655/2959/2495 5654/2958/2494
f 5654/2958/2494 5659/2963/2499 5688/2994/2528 5686/2992/2526
f 5687/2993/2527 5689/2995/2529 5660/2964/2500 5655/2959/2495
f 5689/2995/2529 5690/2996/2530 5662/2966/2502 5660/2964/2500
f 5690/2996/2530 5691/2997/2531 5664/2968/2504 5662/2966/2502
f 5691/2997/2531 5692/2998/2532 5666/2970/2506 5664/2968/2504
f 5692/2998/2532 5693/2999/2533 5668/2972/2508 5666/2970/2506
f 5693/3000/2533 5694/3001/2534 5670/2975/2510 5668/2974/2508
f 5694/3001/2534 5695/3002/2535 5672/2978/2512 5670/2975/2510
f 5695/3002/2535 5696/3003/2536 5674/2980/2514 5672/2978/2512
f 5696/3003/2536 5697/3004/2537 5676/2982/2516 5674/2980/2514
f 5697/3004/2537 5698/3005/2538 5678/2984/2518 5676/2982/2516
f 5698/3005/2538 5699/3006/2539 5680/2986/2520 5678/2984/2518
f 5699/3006/2539 5700/3007/2540 5682/2988/2522 5680/2986/2520
f 5700/3007/2540 5701/3008/2541 5684/2990/2524 5682/2988/2522
f 5701/3008/2541 5688/2994/2528 5659/2963/2499 5684/2990/2524
f 5702/3009/2542 5703/3010/2543 5687/2993/2527 5686/2992/2526
f 5686/2992/2526 5688/2994/2528 5704/3011/2544 5702/3009/2542
f 5703/3010/2543 5705/3012/2545 5689/2995/2529 5687/2993/2527
f 5705/3012/2545 5706/3013/2546 5690/2996/2530 5689/2995/2529
f 5706/3013/2546 5707/3014/2547 5691/2997/2531 5690/2996/2530
f 5707/3014/2547 5708/3015/2548 5692/2998/2532 5691/2997/2531
f 5708/3015/2548 5709/3016/2549 5693/2999/2533 5692/2998/2532
f 5709/3017/2549 5710/3018/2550 5694/3001/2534 5693/3000/2533
f 5710/3018/2550 5711/3019/2551 5695/3002/2535 5694/3001/2534
f 5711/3019/2551 5712/3020/2552 5696/3003/2536 5695/3002/2535
f 5712/3020/2552 5713/3021/2553 5697/3004/2537 5696/3003/2536
f 5713/3021/2553 5714/3022/2554 5698/3005/2538 5697/3004/2537
f 5714/3022/2554 5715/3023/2555 5699/3006/2539 5698/3005/2538
f 5715/3023/2555 5716/3024/2556 5700/3007/2540 5699/3006/2539
f 5716/3024/2556 5717/3025/2557 5701/3008/2541 5700/3007/2540
f 5717/3025/2557 5704/3011/2544 5688/2994/2528 5701/3008/2541
f 5718/3026/2558 5719/3027/2559 5703/3010/2543 5702/3009/2542
f 5702/3009/2542 5704/3011/2544 5720/3028/2560 5718/3026/2558
f 5719/3027/2559 5721/3029/2561 5705/3012/2545 5703/3010/2543
f 5721/3029/2561 5722/3030/2562 5706/3013/2546 5705/3012/2545
f 5722/3030/2562 5723/3031/2563 5707/3014/2547 5706/3013/2546
f 5723/3031/2563 5724/3032/2564 5708/3015/2548 5707/3014/2547
f 5724/3032/2564 5725/3033/2565 5709/3016/2549 5708/3015/2548
f 5725/3034/2565 5726/3035/2566 5710/3018/2550 5709/3017/2549
f 5726/3035/2566 5727/3036/2567 5711/3019/2551 5710/3018/2550
f 5727/3036/2567 5728/3037/2568 5712/3020/2552 5711/3019/2551
f 5728/3037/2568 5729/3038/2569 5713/3021/2553 5712/3020/2552
f 5729/3038/2569 5730/3039/2570 5714/3022/2554 5713/3021/2553
f 5730/3039/2570 5731/3040/2571 5715/3023/2555 5714/3022/2554
f 5731/3040/2571 5732/3041/2572 5716/3024/2556 5715/3023/2555
f 5732/3041/2572 5733/3042/2573 5717/3025/2557 5716/3024/2556
f 5733/3042/2573 5720/3028/2560 5704/3011/2544 5717/3025/2557
f 5734/3043/2574 5735/3044/2575 5719/3027/2559 5718/3026/2558
f 5718/3026/2558 5720/3028/2560 5736/3045/2576 5734/3043/2574
f 5735/3044/2575 5737/3046/2577 5721/3029/2561 5719/3027/2559
f 5737/3046/2577 5738/3047/2578 5722/3030/2562 5721/3029/2561
f 5738/3047/2578 5739/3048/2579 5723/3031/2563 5722/3030/2562
f 5739/3048/2579 5740/3049/2580 5724/3032/2564 5723/3031/2563
f 5740/3049/2580 5741/3050/2581 5725/3033/2565 5724/3032/2564
f 5741/3051/2581 5742/3052/2582 5726/3035/2566 5725/3034/2565
f 5742/3052/2582 5743/3053/2583 5727/3036/2567 5726/3035/2566
f 5743/3053/2583 5744/3054/2584 5728/3037/2568 5727/3036/2567
f 5744/3054/2584 5745/3055/2585 5729/3038/2569 5728/3037/2568
f 5745/3055/2585 5746/3056/2586 5730/3039/2570 5729/3038/2569
f 5746/3056/2586 5747/3057/2587 5731/3040/2571 5730/3039/2570
f 5747/3057/2587 5748/3058/2588 5732/3041/2572 5731/3040/2571
f 5748/3058/2588 5749/3059/2589 5733/3042/2573 5732/3041/2572
f 5749/3059/2589 5736/3045/2576 5720/3028/2560 5733/3042/2573
f 5750/3060/2590 5658/2962/2498 5657/2961/2497 5751/3061/2591
f 5685/2991/2525 5658/2962/2498 5750/3060/2590 5752/3062/2592
f 5683/2989/2523 5685/2991/2525 5752/3062/2592 5753/3063/2593
f 5681/2987/2521 5683/2989/2523 5753/3063/2593 5754/3064/2594
f 5679/2985/2519 5681/2987/2521 5754/3064/2594 5755/3065/2595
f 5677/2983/2517 5679/2985/2519 5755/3065/2595 5756/3066/2596
f 5675/2981/2515 5677/2983/2517 5756/3066/2596 5757/3067/2597
f 5673/2979/2513 5675/2981/2515 5757/3067/2597 5758/3068/2598
f 5671/2976/2511 5673/2979/2513 5758/3068/2598 5759/3069/2599
f 5669/2977/2509 5671/2976/2511 5759/3069/2599 5760/3070/2600
f 5667/2971/2507 5669/2973/2509 5760/3071/2600 5761/3072/2601
f 5665/2969/2505 5667/2971/2507 5761/3072/2601 5762/3073/2602
f 5663/2967/2503 5665/2969/2505 5762/3073/2602 5763/3074/2603
f 5661/2965/2501 5663/2967/2503 5763/3074/2603 5764/3075/2604
f 5656/2960/2496 5661/2965/2501 5764/3075/2604 5765/3076/2605
f 5751/3061/2591 5657/2961/2497 5656/2960/2496 5765/3076/2605
f 5766/3077/2606 5767/3078/2607 5760/3070/2600 5759/3069/2599
f 5759/3069/2599 5758/3068/2598 5768/3079/2608 5766/3077/2606
f 5769/3080/2609 5770/3081/2610 5762/3073/2602 5761/3072/2601
f 5761/3072/2601 5760/3071/2600 5767/3082/2607 5769/3080/2609
f 5771/3083/2611 5769/3084/2609 5767/3085/2607 5772/3086/2612
f 5772/3086/2612 5773/3087/2613 5774/3088/2614 5771/3083/2611
f 5775/3089/2615 5776/3090/2616 5773/3087/2613 5772/3086/2612
f 5772/3086/2612 5767/3085/2607 5766/3091/2606 5775/3089/2615
f 5777/3092/2617 5778/3093/2618 5779/3094/2619 5780/3095/2620
f 5781/3096/2621 5782/3097/2622 5776/3090/2616 5775/3089/2615
f 5775/3089/2615 5766/3091/2606 5768/3098/2608 5781/3096/2621
f 5783/3099/2623 5768/3079/2608 5758/3068/2598 5757/3067/2597
f 5784/3100/2624 5781/3096/2621 5768/3098/2608 5783/3101/2623
f 5784/3100/2624 5785/3102/2625 5782/3097/2622 5781/3096/2621
f 5786/3103/2626 5783/3099/2623 5757/3067/2597 5756/3066/2596
f 5780/3095/2620 5785/3102/2625 5784/3100/2624 5787/3104/2627
f 5788/3105/2628 5786/3103/2626 5756/3066/2596 5755/3065/2595
f 5755/3065/2595 5754/3064/2594 5789/3106/2629 5788/3105/2628
f 5787/3104/2627 5784/3100/2624 5783/3101/2623 5786/3107/2626
f 5787/3104/2627 5786/3107/2626 5788/3108/2628 5790/3109/2630
f 5790/3109/2630 5788/3108/2628 5789/3110/2629 5791/3111/2631
f 5790/3109/2630 5777/3092/2617 5780/3095/2620 5787/3104/2627
f 5791/3111/2631 5778/3093/2618 5777/3092/2617 5790/3109/2630
f 5779/3094/2619 5778/3093/2618 5792/3112/2632 5793/3113/2633
f 5773/3087/2613 5776/3090/2616 5782/3097/2622 5779/3094/2619
f 5779/3094/2619 5782/3097/2622 5785/3102/2625 5780/3095/2620
f 5774/3088/2614 5773/3087/2613 5779/3094/2619 5794/3114/2634
f 5795/3115/2635 5770/3116/2610 5769/3084/2609 5771/3083/2611
f 5771/3083/2611 5774/3088/2614 5794/3114/2634 5795/3115/2635
f 5796/3117/2636 5779/3094/2619 5793/3113/2633 5797/3118/2637
f 5798/3119/2638 5789/3106/2629 5754/3064/2594 5753/3063/2593
f 5799/3120/2639 5791/3111/2631 5789/3110/2629 5798/3121/2638
f 5792/3112/2632 5778/3093/2618 5791/3111/2631 5799/3120/2639
f 5800/3122/2640 5798/3119/2638 5753/3063/2593 5752/3062/2592
f 5793/3113/2633 5792/3112/2632 5799/3120/2639 5801/3123/2641
f 5801/3123/2641 5799/3120/2639 5798/3121/2638 5800/3124/2640
f 5802/3125/2642 5800/3122/2640 5752/3062/2592 5750/3060/2590
f 5803/3126/2643 5801/3123/2641 5800/3124/2640 5802/3127/2642
f 5803/3126/2643 5797/3118/2637 5793/3113/2633 5801/3123/2641
f 5804/3128/2644 5802/3125/2642 5750/3060/2590 5751/3061/2591
f 5805/3129/2645 5803/3126/2643 5802/3127/2642 5804/3130/2644
f 5805/3129/2645 5796/3117/2636 5797/3118/2637 5803/3126/2643
f 5806/3131/2646 5804/3128/2644 5751/3061/2591 5765/3076/2605
f 5807/3132/2647 5805/3129/2645 5804/3130/2644 5806/3133/2646
f 5807/3132/2647 5808/3134/2648 5796/3117/2636 5805/3129/2645
f 5809/3135/2649 5806/3131/2646 5765/3076/2605 5764/3075/2604
f 5810/3136/2650 5809/3135/2649 5764/3075/2604 5763/3074/2603
f 5763/3074/2603 5762/3073/2602 5770/3081/2610 5810/3136/2650
f 5811/3137/2651 5795/3115/2635 5794/3114/2634 5812/3138/2652
f 5810/3139/2650 5770/3116/2610 5795/3115/2635 5811/3137/2651
f 5812/3138/2652 5794/3114/2634 5779/3094/2619 5813/3140/2653
f 5813/3140/2653 5779/3094/2619 5796/3117/2636 5808/3134/2648
f 5814/3141/2654 5811/3137/2651 5812/3138/2652 5813/3140/2653
f 5813/3140/2653 5808/3134/2648 5807/3132/2647 5814/3141/2654
f 5809/3142/2649 5810/3139/2650 5811/3137/2651 5814/3141/2654
f 5814/3141/2654 5807/3132/2647 5806/3133/2646 5809/3142/2649
f 5737/3046/2577 5735/3044/2575 5815/3143/2655 5816/3144/2656
f 5738/3047/2578 5737/3046/2577 5816/3144/2656 5817/3145/2657
f 5817/3145/2657 5818/3146/2658 5739/3048/2579 5738/3047/2578
f 5819/3147/2659 5815/3143/2655 5735/3044/2575 5734/3043/2574
f 5820/3148/2660 5819/3147/2659 5734/3043/2574 5736/3045/2576
f 5821/3149/2661 5820/3148/2660 5736/3045/2576 5749/3059/2589
f 5822/3150/2662 5821/3149/2661 5749/3059/2589 5748/3058/2588
f 5823/3151/2663 5822/3150/2662 5748/3058/2588 5747/3057/2587
f 5824/3152/2664 5823/3151/2663 5747/3057/2587 5746/3056/2586
f 5825/3153/2665 5824/3152/2664 5746/3056/2586 5745/3055/2585
f 5826/3154/2666 5825/3153/2665 5745/3055/2585 5744/3054/2584
f 5827/3155/2667 5826/3154/2666 5744/3054/2584 5743/3053/2583
f 5828/3156/2668 5827/3155/2667 5743/3053/2583 5742/3052/2582
f 5829/3157/2669 5828/3156/2668 5742/3052/2582 5741/3051/2581
f 5740/3049/2580 5739/3048/2579 5818/3146/2658 5830/3158/2670
f 5830/3158/2670 5829/3159/2669 5741/3050/2581 5740/3049/2580
f 5831/3160/2671 5832/3161/2672 5819/3162/2659 5820/3163/2660
f 5833/3164/2673 5831/3160/2671 5820/3163/2660 5821/3165/2661
f 5834/3166/2674 5833/3164/2673 5821/3165/2661 5822/3167/2662
f 5835/3168/2675 5834/3169/2674 5822/3170/2662 5823/3171/2663
f 5836/3172/2676 5835/3168/2675 5823/3171/2663 5824/3173/2664
f 5837/3174/2677 5836/3172/2676 5824/3173/2664 5825/3175/2665
f 5838/3176/2678 5837/3174/2677 5825/3175/2665 5826/3177/2666
f 5839/3178/2679 5838/3176/2678 5826/3177/2666 5827/3179/2667
f 5840/3180/2680 5839/3178/2679 5827/3179/2667 5828/3181/2668
f 5841/3182/2681 5840/3180/2680 5828/3181/2668 5829/3183/2669
f 5842/3184/2682 5841/3182/2681 5829/3183/2669 5830/3185/2670
f 5842/3184/2682 5830/3185/2670 5818/3186/2658 5843/3187/2683
f 5844/3188/2684 5843/3187/2683 5818/3186/2658 5817/3189/2657
f 5845/3190/2685 5844/3188/2684 5817/3189/2657 5816/3191/2656
f 5846/3192/2686 5845/3190/2685 5816/3191/2656 5815/3193/2655
f 5846/3192/2686 5815/3193/2655 5819/3162/2659 5832/3161/2672
f 5847/3194/2687 5848/3195/2688 5835/3168/2675 5836/3172/2676
f 5849/3196/2689 5847/3194/2687 5836/3172/2676 5837/3174/2677
f 5850/3197/2690 5849/3196/2689 5837/3174/2677 5838/3176/2678
f 5851/3198/2691 5850/3197/2690 5838/3176/2678 5839/3178/2679
f 5852/3199/2692 5851/3198/2691 5839/3178/2679 5840/3180/2680
f 5853/3200/2693 5852/3199/2692 5840/3180/2680 5841/3182/2681
f 5854/3201/2694 5853/3200/2693 5841/3182/2681 5842/3184/2682
f 5855/3202/2695 5854/3201/2694 5842/3184/2682 5843/3187/2683
f 5856/3203/2696 5855/3202/2695 5843/3187/2683 5844/3188/2684
f 5857/3204/2697 5856/3203/2696 5844/3188/2684 5845/3190/2685
f 5858/3205/2698 5857/3204/2697 5845/3190/2685 5846/3192/2686
f 5859/3206/2699 5858/3205/2698 5846/3192/2686 5832/3161/2672
f 5860/3207/2700 5859/3206/2699 5832/3161/2672 5831/3160/2671
f 5861/3208/2701 5860/3207/2700 5831/3160/2671 5833/3164/2673
f 5834/3169/2674 5835/3168/2675 5848/3195/2688 5862/3209/2702
f 5862/3210/2702 5861/3208/2701 5833/3164/2673 5834/3166/2674
f 5863/3211/2703 5864/3212/2704 5865/3213/2705 5866/3214/2706
f 5866/3214/2706 5865/3213/2705 5867/3215/2707 5868/3216/2708
f 5866/3214/2706 5848/3217/2688 5847/3218/2687 5863/3211/2703
f 5868/3216/2708 5862/3219/2702 5848/3217/2688 5866/3214/2706
f 5869/3220/2709 5870/3221/2710 5864/3212/2704 5863/3211/2703
f 5863/3211/2703 5847/3218/2687 5849/3222/2689 5869/3220/2709
f 5871/3223/2711 5872/3224/2712 5870/3221/2710 5869/3220/2709
f 5869/3220/2709 5849/3222/2689 5850/3225/2690 5871/3223/2711
f 5873/3226/2713 5874/3227/2714 5872/3224/2712 5871/3223/2711
f 5871/3223/2711 5850/3225/2690 5851/3228/2691 5873/3226/2713
f 5875/3229/2715 5876/3230/2716 5874/3227/2714 5873/3226/2713
f 5873/3226/2713 5851/3228/2691 5852/3231/2692 5875/3229/2715
f 5877/3232/2717 5878/3233/2718 5876/3230/2716 5875/3229/2715
f 5875/3229/2715 5852/3231/2692 5853/3234/2693 5877/3232/2717
f 5879/3235/2719 5880/3236/2720 5878/3233/2718 5877/3232/2717
f 5877/3232/2717 5853/3234/2693 5854/3237/2694 5879/3235/2719
f 5881/3238/2721 5882/3239/2722 5880/3236/2720 5879/3235/2719
f 5879/3235/2719 5854/3237/2694 5855/3240/2695 5881/3238/2721
f 5883/3241/2723 5884/3242/2724 5882/3239/2722 5881/3238/2721
f 5881/3238/2721 5855/3240/2695 5856/3243/2696 5883/3241/2723
f 5885/3244/2725 5886/3245/2726 5884/3242/2724 5883/3241/2723
f 5883/3241/2723 5856/3243/2696 5857/3246/2697 5885/3244/2725
f 5887/3247/2727 5888/3248/2728 5886/3245/2726 5885/3244/2725
f 5885/3244/2725 5857/3246/2697 5858/3249/2698 5887/3247/2727
f 5889/3250/2729 5890/3251/2730 5888/3248/2728 5887/3247/2727
f 5887/3247/2727 5858/3249/2698 5859/3252/2699 5889/3250/2729
f 5891/3253/2731 5892/3254/2732 5890/3251/2730 5889/3250/2729
f 5889/3250/2729 5859/3252/2699 5860/3255/2700 5891/3253/2731
f 5893/3256/2733 5894/3257/2734 5892/3254/2732 5891/3253/2731
f 5891/3253/2731 5860/3255/2700 5861/3258/2701 5893/3256/2733
f 5868/3259/2708 5867/3260/2707 5894/3257/2734 5893/3256/2733
f 5893/3256/2733 5861/3258/2701 5862/3261/2702 5868/3259/2708
f 5888/3248/2728 5890/3251/2730 5895/3262/2735 5896/3263/2736
f 5886/3245/2726 5888/3248/2728 5896/3263/2736 5897/3264/2737
f 5884/3242/2724 5886/3245/2726 5897/3264/2737 5898/3265/2738
f 5882/3239/2722 5884/3242/2724 5898/3265/2738 5899/3266/2739
f 5880/3236/2720 5882/3239/2722 5899/3266/2739 5900/3267/2740
f 5878/3233/2718 5880/3236/2720 5900/3267/2740 5901/3268/2741
f 5876/3230/2716 5878/3233/2718 5901/3268/2741 5902/3269/2742
f 5874/3227/2714 5876/3230/2716 5902/3269/2742 5903/3270/2743
f 5872/3224/2712 5874/3227/2714 5903/3270/2743 5904/3271/2744
f 5870/3221/2710 5872/3224/2712 5904/3271/2744 5905/3272/2745
f 5864/3212/2704 5870/3221/2710 5905/3272/2745 5906/3273/2746
f 5865/3213/2705 5864/3212/2704 5906/3273/2746 5907/3274/2747
f 5867/3215/2707 5865/3213/2705 5907/3274/2747 5908/3275/2748
f 5894/3257/2734 5867/3260/2707 5908/3276/2748 5909/3277/2749
f 5892/3254/2732 5894/3257/2734 5909/3277/2749 5910/3278/2750
f 5910/3278/2750 5895/3262/2735 5890/3251/2730 5892/3254/2732
f 5911/3279/2751 5896/3263/2736 5895/3262/2735 5912/3280/2752
f 5913/3281/2753 5897/3264/2737 5896/3263/2736 5911/3279/2751
f 5914/3282/2754 5898/3265/2738 5897/3264/2737 5913/3281/2753
f 5915/3283/2755 5899/3266/2739 5898/3265/2738 5914/3282/2754
f 5916/3284/2756 5900/3267/2740 5899/3266/2739 5915/3283/2755
f 5917/3285/2757 5901/3268/2741 5900/3267/2740 5916/3284/2756
f 5918/3286/2758 5902/3269/2742 5901/3268/2741 5917/3285/2757
f 5919/3287/2759 5903/3270/2743 5902/3269/2742 5918/3286/2758
f 5920/3288/2760 5904/3271/2744 5903/3270/2743 5919/3287/2759
f 5921/3289/2761 5905/3272/2745 5904/3271/2744 5920/3288/2760
f 5922/3290/2762 5906/3273/2746 5905/3272/2745 5921/3289/2761
f 5923/3291/2763 5907/3274/2747 5906/3273/2746 5922/3290/2762
f 5924/3292/2764 5908/3275/2748 5907/3274/2747 5923/3291/2763
f 5925/3293/2765 5909/3277/2749 5908/3276/2748 5924/3294/2764
f 5926/3295/2766 5910/3278/2750 5909/3277/2749 5925/3293/2765
f 5912/3280/2752 5895/3262/2735 5910/3278/2750 5926/3295/2766
f 5927/3296/2767 5911/3297/2751 5912/3298/2752 5928/3299/2768
f 5929/3300/2769 5913/3301/2753 5911/3297/2751 5927/3296/2767
f 5930/3302/2770 5914/3303/2754 5913/3301/2753 5929/3300/2769
f 5931/3304/2771 5915/3305/2755 5914/3303/2754 5930/3302/2770
f 5932/3306/2772 5916/3307/2756 5915/3305/2755 5931/3304/2771
f 5933/3308/2773 5917/3309/2757 5916/3307/2756 5932/3306/2772
f 5934/3310/2774 5918/3311/2758 5917/3309/2757 5933/3308/2773
f 5935/3312/2775 5919/3313/2759 5918/3311/2758 5934/3310/2774
f 5936/3314/2776 5920/3315/2760 5919/3316/2759 5935/3317/2775
f 5937/3318/2777 5921/3319/2761 5920/3315/2760 5936/3314/2776
f 5938/3320/2778 5922/3321/2762 5921/3319/2761 5937/3318/2777
f 5939/3322/2779 5923/3323/2763 5922/3321/2762 5938/3320/2778
f 5940/3324/2780 5924/3325/2764 5923/3323/2763 5939/3322/2779
f 5941/3326/2781 5925/3327/2765 5924/3325/2764 5940/3324/2780
f 5928/3328/2768 5912/3329/2752 5926/3330/2766 5942/3331/2782
f 5942/3331/2782 5926/3330/2766 5925/3327/2765 5941/3326/2781
f 5943/3332/2783 5927/3296/2767 5928/3299/2768 5944/3333/2784
f 5945/3334/2785 5929/3300/2769 5927/3296/2767 5943/3332/2783
f 5946/3335/2786 5930/3302/2770 5929/3300/2769 5945/3334/2785
f 5947/3336/2787 5931/3304/2771 5930/3302/2770 5946/3335/2786
f 5948/3337/2788 5932/3306/2772 5931/3304/2771 5947/3336/2787
f 5949/3338/2789 5933/3308/2773 5932/3306/2772 5948/3337/2788
f 5950/3339/2790 5934/3310/2774 5933/3308/2773 5949/3338/2789
f 5951/3340/2791 5935/3312/2775 5934/3310/2774 5950/3339/2790
f 5952/3341/2792 5936/3314/2776 5935/3317/2775 5951/3342/2791
f 5953/3343/2793 5937/3318/2777 5936/3314/2776 5952/3341/2792
f 5954/3344/2794 5938/3320/2778 5937/3318/2777 5953/3343/2793
f 5955/3345/2795 5939/3322/2779 5938/3320/2778 5954/3344/2794
f 5956/3346/2796 5940/3324/2780 5939/3322/2779 5955/3345/2795
f 5957/3347/2797 5941/3326/2781 5940/3324/2780 5956/3346/2796
f 5944/3348/2784 5928/3328/2768 5942/3331/2782 5958/3349/2798
f 5958/3349/2798 5942/3331/2782 5941/3326/2781 5957/3347/2797
f 5959/3350/2799 5943/3332/2783 5944/3333/2784 5960/3351/2800
f 5961/3352/2801 5945/3334/2785 5943/3332/2783 5959/3350/2799
f 5962/3353/2802 5946/3335/2786 5945/3334/2785 5961/3352/2801
f 5963/3354/2803 5947/3336/2787 5946/3335/2786 5962/3353/2802
f 5964/3355/2804 5948/3337/2788 5947/3336/2787 5963/3354/2803
f 5965/3356/2805 5949/3338/2789 5948/3337/2788 5964/3355/2804
f 5966/3357/2806 5950/3339/2790 5949/3338/2789 5965/3356/2805
f 5967/3358/2807 5951/3340/2791 5950/3339/2790 5966/3357/2806
f 5968/3359/2808 5952/3341/2792 5951/3342/2791 5967/3360/2807
f 5969/3361/2809 5953/3343/2793 5952/3341/2792 5968/3359/2808
f 5970/3362/2810 5954/3344/2794 5953/3343/2793 5969/3361/2809
f 5971/3363/2811 5955/3345/2795 5954/3344/2794 5970/3362/2810
f 5972/3364/2812 5956/3346/2796 5955/3345/2795 5971/3363/2811
f 5973/3365/2813 5957/3347/2797 5956/3346/2796 5972/3364/2812
f 5960/3366/2800 5944/3348/2784 5958/3349/2798 5974/3367/2814
f 5974/3367/2814 5958/3349/2798 5957/3347/2797 5973/3365/2813
f 5975/3368/2815 5959/3350/2799 5960/3351/2800 5976/3369/2816
f 5977/3370/2817 5961/3352/2801 5959/3350/2799 5975/3368/2815
f 5978/3371/2818 5962/3353/2802 5961/3352/2801 5977/3370/2817
f 5979/3372/2819 5963/3354/2803 5962/3353/2802 5978/3371/2818
f 5980/3373/2820 5964/3355/2804 5963/3354/2803 5979/3372/2819
f 5981/3374/2821 5965/3356/2805 5964/3355/2804 5980/3373/2820
f 5982/3375/2822 5966/3357/2806 5965/3356/2805 5981/3374/2821
f 5983/3376/2823 5967/3358/2807 5966/3357/2806 5982/3375/2822
f 5984/3377/2824 5968/3359/2808 5967/3360/2807 5983/3378/2823
f 5985/3379/2825 5969/3361/2809 5968/3359/2808 5984/3377/2824
f 5986/3380/2826 5970/3362/2810 5969/3361/2809 5985/3379/2825
f 5987/3381/2827 5971/3363/2811 5970/3362/2810 5986/3380/2826
f 5988/3382/2828 5972/3364/2812 5971/3363/2811 5987/3381/2827
f 5989/3383/2829 5973/3365/2813 5972/3364/2812 5988/3382/2828
f 5976/3384/2816 5960/3366/2800 5974/3367/2814 5990/3385/2830
f 5990/3385/2830 5974/3367/2814 5973/3365/2813 5989/3383/2829
f 5991/3386/2831 5975/3368/2815 5976/3369/2816 5992/3387/2832
f 5993/3388/2833 5977/3370/2817 5975/3368/2815 5991/3386/2831
f 5994/3389/2834 5978/3371/2818 5977/3370/2817 5993/3388/2833
f 5995/3390/2835 5979/3372/2819 5978/3371/2818 5994/3389/2834
f 5996/3391/2836 5980/3373/2820 5979/3372/2819 5995/3390/2835
f 5997/3392/2837 5981/3374/2821 5980/3373/2820 5996/3391/2836
f 5998/3393/2838 5982/3375/2822 5981/3374/2821 5997/3392/2837
f 5999/3394/2839 5983/3376/2823 5982/3375/2822 5998/3393/2838
f 6000/3395/2840 5984/3377/2824 5983/3378/2823 5999/3396/2839
f 6001/3397/2841 5985/3379/2825 5984/3377/2824 6000/3395/2840
f 6002/3398/2842 5986/3380/2826 5985/3379/2825 6001/3397/2841
f 6003/3399/2843 5987/3381/2827 5986/3380/2826 6002/3398/2842
f 6004/3400/2844 5988/3382/2828 5987/3381/2827 6003/3399/2843
f 6005/3401/2845 5989/3383/2829 5988/3382/2828 6004/3400/2844
f 5992/3402/2832 5976/3384/2816 5990/3385/2830 6006/3403/2846
f 6006/3403/2846 5990/3385/2830 5989/3383/2829 6005/3401/2845
f 6007/3404/2847 5991/3386/2831 5992/3387/2832 6008/3405/2848
f 6009/3406/2849 5993/3388/2833 5991/3386/2831 6007/3404/2847
f 6010/3407/2850 5994/3389/2834 5993/3388/2833 6009/3406/2849
f 6011/3408/2851 5995/3390/2835 5994/3389/2834 6010/3407/2850
f 6012/3409/2852 5996/3391/2836 5995/3390/2835 6011/3408/2851
f 6013/3410/2853 5997/3392/2837 5996/3391/2836 6012/3409/2852
f 6014/3411/2854 5998/3393/2838 5997/3392/2837 6013/3410/2853
f 6015/3412/2855 5999/3394/2839 5998/3393/2838 6014/3411/2854
f 6016/3413/2856 6000/3395/2840 5999/3396/2839 6015/3414/2855
f 6017/3415/2857 6001/3397/2841 6000/3395/2840 6016/3413/2856
f 6018/3416/2858 6002/3398/2842 6001/3397/2841 6017/3415/2857
f 6019/3417/2859 6003/3399/2843 6002/3398/2842 6018/3416/2858
f 6020/3418/2860 6004/3400/2844 6003/3399/2843 6019/3417/2859
f 6021/3419/2861 6005/3401/2845 6004/3400/2844 6020/3418/2860
f 6008/3420/2848 5992/3402/2832 6006/3403/2846 6022/3421/2862
f 6022/3421/2862 6006/3403/2846 6005/3401/2845 6021/3419/2861
f 6023/3422/2863 6007/3404/2847 6008/3405/2848 6024/3423/2864
f 6025/3424/2865 6009/3406/2849 6007/3404/2847 6023/3422/2863
f 6026/3425/2866 6010/3407/2850 6009/3406/2849 6025/3424/2865
f 6027/3426/2867 6011/3408/2851 6010/3407/2850 6026/3425/2866
f 6028/3427/2868 6012/3409/2852 6011/3408/2851 6027/3426/2867
f 6029/3428/2869 6013/3410/2853 6012/3409/2852 6028/3427/2868
f 6030/3429/2870 6014/3411/2854 6013/3410/2853 6029/3428/2869
f 6031/3430/2871 6015/3412/2855 6014/3411/2854 6030/3429/2870
f 6032/3431/2872 6016/3413/2856 6015/3414/2855 6031/3432/2871
f 6033/3433/2873 6017/3415/2857 6016/3413/2856 6032/3431/2872
f 6034/3434/2874 6018/3416/2858 6017/3415/2857 6033/3433/2873
f 6035/3435/2875 6019/3417/2859 6018/3416/2858 6034/3434/2874
f 6036/3436/2876 6020/3418/2860 6019/3417/2859 6035/3435/2875
f 6037/3437/2877 6021/3419/2861 6020/3418/2860 6036/3436/2876
f 6024/3438/2864 6008/3420/2848 6022/3421/2862 6038/3439/2878
f 6038/3439/2878 6022/3421/2862 6021/3419/2861 6037/3437/2877
f 6039/3440/2879 6023/3422/2863 6024/3423/2864 6040/3441/2880
f 6041/3442/2881 6025/3424/2865 6023/3422/2863 6039/3440/2879
f 6042/3443/2882 6026/3425/2866 6025/3424/2865 6041/3442/2881
f 6043/3444/2883 6027/3426/2867 6026/3425/2866 6042/3443/2882
f 6044/3445/2884 6028/3427/2868 6027/3426/2867 6043/3444/2883
f 6045/3446/2885 6029/3428/2869 6028/3427/2868 6044/3445/2884
f 6046/3447/2886 6030/3429/2870 6029/3428/2869 6045/3446/2885
f 6047/3448/2887 6031/3430/2871 6030/3429/2870 6046/3447/2886
f 6048/3449/2888 6032/3431/2872 6031/3432/2871 6047/3450/2887
f 6049/3451/2889 6033/3433/2873 6032/3431/2872 6048/3449/2888
f 6050/3452/2890 6034/3434/2874 6033/3433/2873 6049/3451/2889
f 6051/3453/2891 6035/3435/2875 6034/3434/2874 6050/3452/2890
f 6052/3454/2892 6036/3436/2876 6035/3435/2875 6051/3453/2891
f 6053/3455/2893 6037/3437/2877 6036/3436/2876 6052/3454/2892
f 6040/3456/2880 6024/3438/2864 6038/3439/2878 6054/3457/2894
f 6054/3457/2894 6038/3439/2878 6037/3437/2877 6053/3455/2893
f 6055/3458/2895 6039/3440/2879 6040/3441/2880 6056/3459/2896
f 6057/3460/2897 6041/3442/2881 6039/3440/2879 6055/3458/2895
f 6058/3461/2898 6042/3443/2882 6041/3442/2881 6057/3460/2897
f 6059/3462/2899 6043/3444/2883 6042/3443/2882 6058/3461/2898
f 6060/3463/2900 6044/3445/2884 6043/3444/2883 6059/3462/2899
f 6061/3464/2901 6045/3446/2885 6044/3445/2884 6060/3463/2900
f 6062/3465/2902 6046/3447/2886 6045/3446/2885 6061/3464/2901
f 6063/3466/2903 6047/3448/2887 6046/3447/2886 6062/3465/2902
f 6064/3467/2904 6048/3449/2888 6047/3450/2887 6063/3468/2903
f 6065/3469/2905 6049/3451/2889 6048/3449/2888 6064/3467/2904
f 6066/3470/2906 6050/3452/2890 6049/3451/2889 6065/3469/2905
f 6067/3471/2907 6051/3453/2891 6050/3452/2890 6066/3470/2906
f 6068/3472/2908 6052/3454/2892 6051/3453/2891 6067/3471/2907
f 6069/3473/2909 6053/3455/2893 6052/3454/2892 6068/3472/2908
f 6056/3474/2896 6040/3456/2880 6054/3457/2894 6070/3475/2910
f 6070/3475/2910 6054/3457/2894 6053/3455/2893 6069/3473/2909
f 6071/3476/2911 6058/3461/2898 6057/3460/2897 6072/3477/2912
f 6073/3478/2913 6060/3463/2900 6059/3462/2899 6074/3479/2914
f 6075/3480/2915 6062/3465/2902 6061/3464/2901 6076/3481/2916
f 6077/3482/2917 6064/3467/2904 6063/3468/2903 6078/3483/2918
f 6079/3484/2919 6066/3470/2906 6065/3469/2905 6080/3485/2920
f 6081/3486/2921 6068/3472/2908 6067/3471/2907 6082/3487/2922
f 6083/3488/2923 6070/3475/2910 6069/3473/2909 6084/3489/2924
f 6074/3479/2914 6059/3462/2899 6058/3461/2898 6071/3476/2911
f 6085/3490/2925 6055/3458/2895 6056/3459/2896 6086/3491/2926
f 6086/3492/2926 6056/3474/2896 6070/3475/2910 6083/3488/2923
f 6072/3477/2912 6057/3460/2897 6055/3458/2895 6085/3490/2925
f 6076/3481/2916 6061/3464/2901 6060/3463/2900 6073/3478/2913
f 6078/3493/2918 6063/3466/2903 6062/3465/2902 6075/3480/2915
f 6082/3487/2922 6067/3471/2907 6066/3470/2906 6079/3484/2919
f 6084/3489/2924 6069/3473/2909 6068/3472/2908 6081/3486/2921
f 6087/3494/2927 6086/3492/2926 6083/3488/2923 6084/3489/2924
f 6076/3481/2916 6073/3478/2913 6074/3479/2914 6087/3495/2927
f 6080/3485/2920 6065/3469/2905 6064/3467/2904 6077/3482/2917
f 6080/3485/2920 6077/3482/2917 6078/3483/2918 6087/3494/2927
f 6087/3494/2927 6082/3487/2922 6079/3484/2919 6080/3485/2920
f 6087/3495/2927 6074/3479/2914 6071/3476/2911 6072/3477/2912
f 6072/3477/2912 6085/3490/2925 6086/3491/2926 6087/3495/2927
f 6078/3493/2918 6075/3480/2915 6076/3481/2916 6087/3495/2927
f 6084/3489/2924 6081/3486/2921 6082/3487/2922 6087/3494/2927
g default
v 0.443577 1.523358 -2.099415
v 0.430049 1.494741 -2.147531
v 0.364489 1.534476 -2.218374
v 0.398675 1.557951 -2.138982
v 0.493895 1.520765 -2.015433
v 0.442372 1.575013 -2.052521
v 0.546953 1.536957 -1.905832
v 0.484802 1.599708 -1.956317
v 0.560235 1.573976 -1.840871
v 0.513517 1.627669 -1.870410
v 0.604222 1.557577 -1.764168
v 0.548518 1.641105 -1.780358
v 0.516847 1.449945 -2.027411
v 0.609383 1.347627 -1.913714
v 0.552327 1.377962 -2.009336
v 0.622448 1.450104 -1.825995
v 0.590383 1.497957 0.969580
v 0.530607 1.616252 0.972814
v 0.451031 1.598459 1.063804
v 0.454706 1.532643 1.086989
v 0.470893 1.454576 1.095982
v 0.557884 1.391792 1.034115
v 0.640088 1.306697 0.950848
v 0.668767 1.394253 0.900388
v 0.598373 1.650120 0.825506
v 0.676687 1.525273 0.796942
v 0.717589 1.235526 0.839289
v 0.742476 1.370879 0.758260
v 0.686701 1.350804 -1.743992
v 0.671715 1.281343 -1.810880
v 0.643161 1.682392 0.643472
v 0.722680 1.557384 0.610804
v 0.674422 1.712532 0.434094
v 0.756859 1.581805 0.410051
v 0.695649 1.743069 0.199620
v 0.780396 1.604075 0.187409
v 0.705721 1.763426 -0.047415
v 0.791618 1.622842 -0.045775
v 0.702761 1.782010 -0.245230
v 0.794434 1.637581 -0.270781
v 0.706521 1.776862 -0.536122
v 0.792993 1.641022 -0.510654
v 0.707416 1.761359 -0.734532
v 0.787582 1.633875 -0.725771
v 0.697209 1.745291 -0.957550
v 0.775446 1.622445 -0.935142
v 0.680145 1.727534 -1.160281
v 0.756780 1.608957 -1.131935
v 0.655415 1.702413 -1.362985
v 0.730658 1.591833 -1.315878
v 0.622435 1.677440 -1.532418
v 0.696662 1.574641 -1.481975
v 0.655168 1.561530 -1.631605
v 0.587139 1.657320 -1.665810
v 0.725561 1.224722 -1.695576
v 0.744148 1.320265 -1.605529
v 0.703139 1.449755 -1.627608
v 0.778456 1.235733 -1.535261
v 0.761984 1.159455 -1.581271
v 0.784123 1.423201 0.581744
v 0.771687 1.157311 0.720356
v 0.801318 1.260257 0.645156
v 0.819281 1.319205 0.548850
v 0.820823 1.433592 0.398220
v 0.848727 1.444229 0.177887
v 0.860985 1.466223 -0.053605
v 0.864774 1.482832 -0.279572
v 0.862333 1.490970 -0.503839
v 0.854126 1.491262 -0.716456
v 0.838980 1.487568 -0.920923
v 0.817348 1.481191 -1.113783
v 0.788244 1.471564 -1.292015
v 0.751782 1.460049 -1.457788
v 0.811317 1.229224 -1.428614
v 0.790513 1.339253 -1.440853
v 0.799637 1.122848 -1.458772
v 0.839747 1.093179 -1.298706
v 0.848409 1.219513 -1.281644
v 0.828790 1.345608 -1.280738
v 0.864274 1.070933 -1.147432
v 0.876688 1.208731 -1.113786
v 0.858766 1.346620 -1.106734
v 0.890223 1.048065 -0.916472
v 0.900230 1.196805 -0.914314
v 0.881936 1.344450 -0.914506
v 0.907837 1.029801 -0.690988
v 0.917887 1.185664 -0.708105
v 0.899323 1.340751 -0.711973
v 0.917315 1.023130 -0.518008
v 0.928349 1.177081 -0.510416
v 0.908518 1.334849 -0.504783
v 0.919451 1.021824 -0.319370
v 0.928779 1.169381 -0.307090
v 0.910088 1.323933 -0.290092
v 0.912671 1.021267 -0.132303
v 0.921397 1.155788 -0.108668
v 0.905135 1.302412 -0.069191
v 0.899382 1.017532 0.044536
v 0.908261 1.130618 0.072368
v 0.895626 1.092678 0.177553
v 0.883425 1.016765 0.193209
v 0.886840 1.131433 0.265622
v 0.891785 1.257247 0.173394
v 0.869226 1.032290 0.309906
v 0.850743 1.046212 0.420667
v 0.866968 1.144120 0.397323
v 0.847410 1.129111 0.482308
v 0.829707 1.055105 0.506354
v 0.856697 1.270311 0.413693
v 0.835580 1.189089 0.538972
v 0.806653 1.096736 0.604076
v 0.280652 1.558388 1.169925
v 0.357162 1.632607 1.109818
v 0.450369 1.694143 1.002090
v 0.505734 1.748003 0.867381
v 0.549179 1.785438 0.690836
v 0.585664 1.815016 0.468833
v 0.612064 1.843634 0.209976
v 0.628626 1.869628 -0.092693
v 0.608456 1.891288 -0.130899
v 0.614641 1.880462 -0.648013
v 0.632280 1.857449 -0.707526
v 0.612503 1.845638 -0.990363
v 0.597106 1.829913 -1.178387
v 0.557941 1.797439 -1.452026
v 0.522291 1.763660 -1.627982
v 0.493902 1.741079 -1.735407
v 0.464131 1.715633 -1.835417
v 0.437353 1.692013 -1.920599
v 0.401477 1.655489 -2.022079
v 0.368624 1.620702 -2.113009
v 0.337356 1.601891 -2.177471
v 0.322334 1.570970 -2.237961
v 0.450303 1.407249 -2.165588
v 0.379901 1.472715 -2.245228
v 0.514696 1.337994 -2.103982
v 0.569965 1.281399 -2.021988
v 0.633068 1.203312 -1.908744
v 0.685035 1.139783 -1.797257
v 0.725086 1.059512 -1.657953
v 0.762272 1.013314 -1.518304
v 0.810615 0.965218 -1.297806
v 0.812779 0.941323 -1.252388
v 0.854177 0.903183 -0.907797
v 0.872205 0.879341 -0.614511
v 0.881551 0.896049 -0.550235
v 0.883245 0.888651 -0.319681
v 0.880252 0.897172 -0.147474
v 0.868546 0.906611 0.042479
v 0.853210 0.928100 0.237882
v 0.835783 0.938634 0.355391
v 0.816191 0.957585 0.461947
v 0.799391 0.951939 0.511075
v 0.763708 0.990438 0.639480
v 0.716269 1.044146 0.770532
v 0.658429 1.110715 0.890225
v 0.581221 1.205367 0.997887
v 0.497112 1.303217 1.079242
v 0.389054 1.433191 1.145024
v 0.270186 1.558910 1.171353
v 0.348773 1.639506 1.107102
v 0.441493 1.700630 0.999850
v 0.495915 1.752928 0.865605
v 0.539538 1.790867 0.689745
v 0.576056 1.820628 0.468319
v 0.601845 1.846880 0.209552
v 0.619000 1.873908 -0.089365
v 0.600385 1.891661 -0.129103
v 0.605561 1.880640 -0.649554
v 0.623263 1.863731 -0.709739
v 0.602390 1.848434 -0.989830
v 0.588122 1.835906 -1.178022
v 0.548151 1.798702 -1.450504
v 0.512507 1.764721 -1.626269
v 0.485625 1.739770 -1.732680
v 0.457547 1.712069 -1.832383
v 0.429137 1.694300 -1.918694
v 0.394670 1.654765 -2.019401
v 0.361056 1.622556 -2.110516
v 0.377127 1.463104 -2.250450
v 0.447475 1.398147 -2.171629
v 0.511032 1.328643 -2.109123
v 0.566806 1.271667 -2.026753
v 0.629450 1.193490 -1.913040
v 0.680324 1.130416 -1.801034
v 0.720014 1.049953 -1.660753
v 0.756990 1.003384 -1.519671
v 0.804987 0.955840 -1.300462
v 0.807086 0.931910 -1.254739
v 0.848221 0.893626 -0.908167
v 0.865491 0.870617 -0.613047
v 0.876467 0.886097 -0.548755
v 0.878008 0.878633 -0.319623
v 0.873933 0.887790 -0.147262
v 0.861438 0.897862 0.042574
v 0.847975 0.918111 0.238312
v 0.829860 0.929022 0.355611
v 0.810784 0.947755 0.460845
v 0.793296 0.942518 0.510056
v 0.756992 0.981462 0.640511
v 0.709635 1.035109 0.772094
v 0.651451 1.102035 0.892211
v 0.573676 1.197170 0.999780
v 0.488761 1.295865 1.079780
v 0.380858 1.425649 1.146771
v 0.269182 1.558235 1.167721
v 0.344519 1.639306 1.102716
v 0.436560 1.699629 0.996405
v 0.491883 1.748442 0.862935
v 0.535221 1.786652 0.688127
v 0.571994 1.816119 0.467270
v 0.598704 1.840808 0.208712
v 0.613337 1.871484 -0.088913
v 0.594206 1.890727 -0.127939
v 0.599293 1.880219 -0.650454
v 0.617088 1.864794 -0.710513
v 0.596248 1.850200 -0.989476
v 0.584117 1.831537 -1.177150
v 0.546874 1.790879 -1.449061
v 0.511934 1.757703 -1.624662
v 0.486104 1.732388 -1.730911
v 0.458884 1.703992 -1.830718
v 0.430081 1.686769 -1.916769
v 0.396997 1.646306 -2.017196
v 0.360771 1.616299 -2.113813
v 0.373278 1.460330 -2.248942
v 0.444461 1.392901 -2.173549
v 0.507006 1.323963 -2.109746
v 0.563473 1.266560 -2.028233
v 0.625880 1.188352 -1.914397
v 0.674884 1.127802 -1.800716
v 0.714704 1.048410 -1.659902
v 0.751441 1.000579 -1.518991
v 0.799853 0.952215 -1.301057
v 0.801544 0.929558 -1.254967
v 0.843027 0.889893 -0.907982
v 0.859323 0.870436 -0.612317
v 0.872385 0.881240 -0.547952
v 0.872661 0.876458 -0.319634
v 0.867805 0.886837 -0.147455
v 0.855526 0.899140 0.042034
v 0.842853 0.914646 0.238151
v 0.824188 0.927960 0.354753
v 0.805720 0.944289 0.459619
v 0.787641 0.941337 0.508359
v 0.751385 0.978508 0.639772
v 0.704791 1.030989 0.772043
v 0.646644 1.097821 0.892342
v 0.568470 1.193803 0.998705
v 0.484213 1.294601 1.075836
v 0.375878 1.422173 1.145051
v 0.612608 1.854343 -0.093429
v 0.605795 1.863874 -0.133302
v 0.584710 1.813542 -1.175017
v 0.549577 1.781370 -1.438385
v 0.491186 1.709534 -1.727908
v 0.462319 1.694833 -1.825926
v 0.402698 1.623123 -2.020492
v 0.364751 1.612683 -2.108338
v 0.665916 1.141563 -1.789986
v 0.707333 1.064036 -1.650735
v 0.788343 0.962988 -1.295717
v 0.792600 0.946131 -1.249276
v 0.849670 0.886897 -0.611866
v 0.861743 0.887208 -0.532657
v 0.846980 0.916594 0.040182
v 0.832728 0.929006 0.235683
v 0.794216 0.956791 0.450395
v 0.777989 0.957051 0.503506
v 0.738606 0.987201 0.632888
v 0.691202 1.034841 0.764601
v 0.374961 1.427008 1.128865
v 0.285104 1.557108 1.153575
v 0.328173 1.607890 -2.176479
v 0.328846 1.605049 -2.178683
v 0.314599 1.576036 -2.237317
v 0.316545 1.575664 -2.237547
v 0.283297 1.560933 -2.299938
v 0.294144 1.555980 -2.293009
v 0.294146 1.539164 -2.307284
v 0.316643 1.518735 -2.298688
v 0.319178 1.509213 -2.300460
v 0.319123 1.506507 -2.300485
v 0.306795 1.521147 -2.306728
v 0.310544 1.520935 -2.296127
v 0.294703 1.541138 -2.301306
v 0.320852 1.511937 -2.287351
v 0.287667 1.560116 -2.292006
v 0.314568 1.572778 -2.237386
v 0.410157 1.435513 -2.198348
v 0.326095 1.597724 -2.189276
v 0.343409 1.535499 -2.219079
v 0.396642 1.549688 -2.099415
v 0.425689 1.462629 -2.121275
v 0.458647 1.378543 -2.141910
v 0.511894 1.318783 -2.084819
v 0.554652 1.273785 -2.017743
v 0.481347 1.457009 -1.983153
v 0.615980 1.196064 -1.904880
v 0.741547 1.014256 -1.512585
v 0.435195 1.669949 -1.913434
v 0.592813 1.338237 -1.766517
v 0.505350 1.544156 -1.826369
v 0.514893 1.740315 -1.621604
v 0.598338 1.559480 -1.430490
v 0.674885 1.208192 -1.566736
v 0.829691 0.899294 -0.905922
v 0.719540 1.236724 -1.181053
v 0.604245 1.806258 -0.985792
v 0.662312 1.532290 -0.979344
v 0.611987 1.848965 -0.708607
v 0.609283 1.848558 -0.646234
v 0.676360 1.546723 -0.656632
v 0.863208 0.893765 -0.320136
v 0.759584 1.231381 -0.517534
v 0.858544 0.902382 -0.148839
v 0.754754 1.210666 0.024951
v 0.814444 0.944787 0.350904
v 0.732574 1.238139 0.205634
v 0.634123 1.100205 0.883146
v 0.562372 1.201473 0.984966
v 0.346658 1.624780 1.092290
v 0.482967 1.303998 1.059815
v 0.413732 1.556215 1.024924
v 0.486262 1.478654 0.943577
v 0.434952 1.683828 0.988185
v 0.682026 1.535146 -0.354688
v 0.599203 1.822664 0.206914
v 0.571901 1.798003 0.465198
v 0.534602 1.768621 0.684853
v 0.491018 1.730908 0.857553
v 0.488181 1.601474 0.889027
v 0.516143 1.660261 0.795903
v 0.561011 1.650882 0.635953
v 0.553327 1.541279 0.736594
v 0.575127 1.404020 0.766666
v 0.600000 1.669699 0.418655
v 0.636160 1.445097 0.484125
v 0.688422 1.281900 0.439652
v 0.706927 1.377747 0.048221
v 0.642087 1.622580 0.150085
v 0.679977 1.396238 0.282444
vt 0.240538 0.528814
vt 0.237217 0.521759
vt 0.245046 0.510067
vt 0.246932 0.522016
vt 0.238310 0.541807
vt 0.247554 0.535300
vt 0.238496 0.558360
vt 0.249215 0.549832
vt 0.242925 0.567634
vt 0.251903 0.562422
vt 0.239168 0.579122
vt 0.252449 0.575641
vt 0.228078 0.540511
vt 0.211326 0.558008
vt 0.217318 0.543634
vt 0.224352 0.570853
vt 0.232512 0.952605
vt 0.250085 0.954646
vt 0.250660 0.970849
vt 0.241924 0.974578
vt 0.231156 0.976113
vt 0.219890 0.964200
vt 0.206027 0.950972
vt 0.216478 0.941737
vt 0.252197 0.932661
vt 0.233049 0.927010
vt 0.194279 0.934384
vt 0.210957 0.921281
vt 0.209198 0.582967
vt 0.200542 0.573113
vt 0.255243 0.907357
vt 0.235811 0.901493
vt 0.258466 0.878774
vt 0.237902 0.874360
vt 0.261900 0.846931
vt 0.240043 0.844456
vt 0.264458 0.813480
vt 0.242186 0.813215
vt 0.266872 0.786602
vt 0.243929 0.783019
vt 0.265969 0.747150
vt 0.244395 0.750763
vt 0.264009 0.720186
vt 0.243675 0.721830
vt 0.261912 0.689910
vt 0.242439 0.693635
vt 0.259830 0.662290
vt 0.241091 0.667038
vt 0.256990 0.634558
vt 0.239528 0.642007
vt 0.254723 0.611023
vt 0.238313 0.619128
vt 0.237940 0.598182
vt 0.253255 0.592160
vt 0.191363 0.589539
vt 0.203363 0.602642
vt 0.221608 0.599438
vt 0.191221 0.612265
vt 0.181426 0.605112
vt 0.216242 0.896996
vt 0.182051 0.918229
vt 0.194667 0.906203
vt 0.201596 0.892677
vt 0.216259 0.872272
vt 0.216633 0.842821
vt 0.219069 0.811959
vt 0.221053 0.781804
vt 0.222169 0.751835
vt 0.222479 0.723403
vt 0.222432 0.696003
vt 0.222207 0.670053
vt 0.221803 0.645876
vt 0.221417 0.623122
vt 0.189394 0.627139
vt 0.204433 0.625647
vt 0.175380 0.622115
vt 0.170171 0.644143
vt 0.187017 0.647325
vt 0.204105 0.647649
vt 0.166432 0.664729
vt 0.184730 0.670031
vt 0.203342 0.671204
vt 0.162393 0.696019
vt 0.182372 0.696888
vt 0.202352 0.697033
vt 0.159285 0.726544
vt 0.180311 0.724595
vt 0.201325 0.724150
vt 0.158036 0.749997
vt 0.178839 0.751101
vt 0.200251 0.751818
vt 0.157917 0.776882
vt 0.177817 0.778352
vt 0.198792 0.780478
vt 0.158054 0.802249
vt 0.176251 0.805011
vt 0.196182 0.809989
vt 0.158004 0.826318
vt 0.173343 0.829489
vt 0.168661 0.843941
vt 0.158437 0.846639
vt 0.174288 0.855608
vt 0.190761 0.842514
vt 0.161158 0.862552
vt 0.163784 0.877720
vt 0.176808 0.873366
vt 0.175540 0.885169
vt 0.165815 0.889639
vt 0.193837 0.874647
vt 0.184070 0.892256
vt 0.172499 0.902752
vt 0.252307 0.997941
vt 0.259099 0.982657
vt 0.263698 0.961955
vt 0.268976 0.941241
vt 0.273000 0.916032
vt 0.276234 0.885073
vt 0.279401 0.849398
vt 0.282464 0.808003
vt 0.285992 0.802079
vt 0.284335 0.731962
vt 0.280733 0.723292
vt 0.279317 0.684562
vt 0.277344 0.658627
vt 0.273940 0.620821
vt 0.270663 0.596004
vt 0.268571 0.580475
vt 0.266175 0.565848
vt 0.263831 0.553328
vt 0.260343 0.538163
vt 0.256901 0.524537
vt 0.255495 0.514505
vt 0.251803 0.505766
vt 0.224839 0.519300
vt 0.236141 0.506725
vt 0.213360 0.529482
vt 0.203872 0.541750
vt 0.191339 0.558120
vt 0.181063 0.574028
vt 0.168706 0.592994
vt 0.160996 0.612294
vt 0.152499 0.642629
vt 0.149056 0.649161
vt 0.142316 0.696174
vt 0.138273 0.736150
vt 0.140199 0.745466
vt 0.139383 0.777029
vt 0.140743 0.800712
vt 0.142557 0.826803
vt 0.146278 0.853586
vt 0.148451 0.870000
vt 0.151730 0.884968
vt 0.151796 0.892503
vt 0.158436 0.910511
vt 0.167525 0.929048
vt 0.178711 0.946307
vt 0.193990 0.962756
vt 0.210068 0.976270
vt 0.231283 0.989065
vt 0.252652 0.998717
vt 0.260477 0.982891
vt 0.265223 0.962188
vt 0.270378 0.941500
vt 0.274440 0.916263
vt 0.277715 0.885302
vt 0.280835 0.849609
vt 0.284103 0.808645
vt 0.286781 0.802278
vt 0.285301 0.731704
vt 0.282398 0.722883
vt 0.280698 0.684472
vt 0.278770 0.658510
vt 0.275239 0.620713
vt 0.271998 0.595831
vt 0.269740 0.580372
vt 0.267226 0.565729
vt 0.264930 0.553135
vt 0.261318 0.537999
vt 0.258025 0.524356
vt 0.234966 0.505726
vt 0.223694 0.518212
vt 0.212239 0.528497
vt 0.202616 0.540850
vt 0.190065 0.557301
vt 0.179775 0.573218
vt 0.167432 0.592381
vt 0.159580 0.611886
vt 0.150968 0.642038
vt 0.147794 0.648761
vt 0.140830 0.696006
vt 0.136966 0.736239
vt 0.138534 0.745646
vt 0.137907 0.777059
vt 0.139223 0.800824
vt 0.141088 0.826966
vt 0.144762 0.853832
vt 0.146998 0.870297
vt 0.150093 0.885178
vt 0.150529 0.892789
vt 0.157150 0.911161
vt 0.166305 0.929812
vt 0.177623 0.947179
vt 0.192968 0.963771
vt 0.209151 0.977353
vt 0.230436 0.990262
vt 0.252716 0.998762
vt 0.261208 0.983079
vt 0.266019 0.962340
vt 0.271203 0.941663
vt 0.275255 0.916396
vt 0.278533 0.885415
vt 0.281732 0.849715
vt 0.284963 0.808899
vt 0.287517 0.802436
vt 0.286068 0.731551
vt 0.283307 0.722707
vt 0.281495 0.684424
vt 0.279488 0.658443
vt 0.276292 0.620596
vt 0.272964 0.595714
vt 0.270752 0.580237
vt 0.268344 0.565560
vt 0.265951 0.552940
vt 0.262511 0.537737
vt 0.258640 0.523631
vt 0.234491 0.505300
vt 0.223069 0.517636
vt 0.211619 0.527962
vt 0.201932 0.540343
vt 0.189363 0.556838
vt 0.179104 0.572781
vt 0.166787 0.592073
vt 0.158795 0.611650
vt 0.150135 0.641729
vt 0.147084 0.648548
vt 0.140002 0.695920
vt 0.136249 0.736268
vt 0.137670 0.745718
vt 0.137161 0.777076
vt 0.138399 0.800887
vt 0.140329 0.827047
vt 0.143974 0.853962
vt 0.146255 0.870435
vt 0.149230 0.885300
vt 0.149827 0.892949
vt 0.156405 0.911512
vt 0.165602 0.930236
vt 0.176988 0.947685
vt 0.192409 0.964338
vt 0.208677 0.977949
vt 0.230036 0.990932
vt 0.862082 0.814562
vt 0.859832 0.815211
vt 0.856673 0.809830
vt 0.860603 0.809178
vt 0.866569 0.668714
vt 0.864144 0.668495
vt 0.868260 0.631415
vt 0.869609 0.632834
vt 0.877090 0.592657
vt 0.873933 0.592300
vt 0.876663 0.578161
vt 0.877978 0.578810
vt 0.885041 0.550687
vt 0.881835 0.551155
vt 0.884218 0.536918
vt 0.884843 0.537741
vt 0.957338 0.585173
vt 0.959606 0.583835
vt 0.971055 0.603006
vt 0.968701 0.604178
vt 0.984446 0.652480
vt 0.986552 0.651755
vt 0.989258 0.657990
vt 0.986754 0.658718
vt 0.996289 0.744604
vt 0.998778 0.744577
vt 0.998385 0.753370
vt 0.996725 0.755312
vt 0.992450 0.832262
vt 0.995064 0.832484
vt 0.992878 0.858829
vt 0.990506 0.858562
vt 0.985678 0.887622
vt 0.988065 0.888644
vt 0.987572 0.895482
vt 0.985083 0.895008
vt 0.979926 0.912824
vt 0.982040 0.913591
vt 0.974193 0.932088
vt 0.972290 0.931100
vt 0.910792 0.988067
vt 0.911796 0.990063
vt 0.890162 0.998754
vt 0.890852 0.995935
vt 0.256879 0.514141
vt 0.256993 0.513768
vt 0.253040 0.505480
vt 0.252844 0.505542
vt 0.251913 0.495810
vt 0.250750 0.497217
vt 0.248508 0.495197
vt 0.244799 0.497299
vt 0.243424 0.497088
vt 0.243091 0.497016
vt 0.245540 0.495722
vt 0.891233 0.508341
vt 0.894162 0.508765
vt 0.894299 0.510274
vt 0.890963 0.509150
vt 0.896597 0.509928
vt 0.895920 0.511738
vt 0.888183 0.510234
vt 0.887884 0.509043
vt 0.887399 0.518656
vt 0.887828 0.518595
vt 0.904904 0.518317
vt 0.909665 0.526031
vt 0.884269 0.527085
vt 0.885104 0.525521
vt 0.893866 0.521724
vt 0.894280 0.539482
vt 0.906676 0.536825
vt 0.916648 0.530053
vt 0.918917 0.534553
vt 0.928201 0.539849
vt 0.928823 0.543286
vt 0.937904 0.551757
vt 0.936270 0.553058
vt 0.909544 0.556708
vt 0.950247 0.567918
vt 0.948500 0.569102
vt 0.978513 0.622188
vt 0.976222 0.622983
vt 0.877844 0.565821
vt 0.880215 0.566256
vt 0.929002 0.587643
vt 0.899098 0.578825
vt 0.871482 0.607159
vt 0.873865 0.607515
vt 0.900256 0.633708
vt 0.948686 0.615368
vt 0.996166 0.704778
vt 0.994025 0.705021
vt 0.946368 0.667805
vt 0.868165 0.694282
vt 0.862179 0.693816
vt 0.905866 0.695026
vt 0.862826 0.731703
vt 0.860759 0.731405
vt 0.858384 0.739591
vt 0.862818 0.740115
vt 0.904426 0.738663
vt 0.998550 0.783963
vt 0.995925 0.783885
vt 0.948342 0.757351
vt 0.997092 0.807047
vt 0.994655 0.806878
vt 0.950965 0.830476
vt 0.990497 0.874525
vt 0.987870 0.874121
vt 0.946673 0.854959
vt 0.963577 0.949112
vt 0.961939 0.947829
vt 0.947928 0.964325
vt 0.946446 0.962653
vt 0.881952 0.983809
vt 0.884174 0.982821
vt 0.931899 0.976704
vt 0.930443 0.974671
vt 0.895075 0.971348
vt 0.907527 0.958112
vt 0.876220 0.964373
vt 0.878557 0.963765
vt 0.906123 0.779464
vt 0.865856 0.855072
vt 0.863409 0.855257
vt 0.868170 0.890051
vt 0.865719 0.890214
vt 0.870696 0.920098
vt 0.868237 0.920351
vt 0.871671 0.944673
vt 0.874110 0.944239
vt 0.891217 0.949892
vt 0.884341 0.936141
vt 0.887091 0.913893
vt 0.901206 0.928251
vt 0.920077 0.932377
vt 0.885921 0.884027
vt 0.916448 0.893224
vt 0.939576 0.886866
vt 0.927529 0.833812
vt 0.893441 0.847577
vt 0.924250 0.865593
vn 0.790630 0.399779 -0.463768
vn 0.806929 0.340209 -0.482828
vn 0.734819 0.469922 -0.489095
vn 0.730278 0.496342 -0.469402
vn 0.810902 0.373596 -0.450404
vn 0.741066 0.490141 -0.458894
vn 0.822319 0.373634 -0.429173
vn 0.752007 0.490497 -0.440338
vn 0.817628 0.422654 -0.390957
vn 0.756478 0.518135 -0.399097
vn 0.844637 0.401246 -0.354386
vn 0.775884 0.522744 -0.353189
vn 0.832003 0.314087 -0.457296
vn 0.878502 0.208890 -0.429651
vn 0.851751 0.268994 -0.449624
vn 0.870315 0.299232 -0.391168
vn 0.776586 0.292473 0.558008
vn 0.727583 0.423428 0.539752
vn 0.587072 0.349680 0.730116
vn 0.565298 0.250512 0.785928
vn 0.572111 0.137914 0.808498
vn 0.677132 0.072909 0.732241
vn 0.775634 -0.004300 0.631168
vn 0.842772 0.191285 0.503135
vn 0.790862 0.487742 0.369655
vn 0.854619 0.372134 0.362136
vn 0.858503 -0.043489 0.510962
vn 0.903294 0.210865 0.373624
vn 0.905790 0.217656 -0.363553
vn 0.906274 0.132486 -0.401391
vn 0.809606 0.534111 0.243442
vn 0.876206 0.415103 0.244850
vn 0.813179 0.556121 0.171665
vn 0.881735 0.441502 0.166193
vn 0.816735 0.565635 0.114019
vn 0.885824 0.451228 0.108208
vn 0.822469 0.564788 0.067519
vn 0.885509 0.460462 0.062036
vn 0.799727 0.600290 0.009444
vn 0.879787 0.474938 0.020216
vn 0.797932 0.602633 -0.011766
vn 0.877431 0.479485 -0.014446
vn 0.816452 0.573993 -0.062756
vn 0.878741 0.473983 -0.056169
vn 0.813916 0.572988 -0.096049
vn 0.877214 0.470717 -0.094453
vn 0.812292 0.564612 -0.146274
vn 0.875608 0.462443 -0.139487
vn 0.807176 0.555752 -0.199014
vn 0.872915 0.448272 -0.192540
vn 0.803924 0.534105 -0.261606
vn 0.868056 0.429029 -0.249826
vn 0.857953 0.410388 -0.309027
vn 0.793825 0.521244 -0.313283
vn 0.937065 0.030885 -0.347786
vn 0.930263 0.190295 -0.313686
vn 0.898261 0.306376 -0.315056
vn 0.951821 0.070421 -0.298460
vn 0.947163 -0.057800 -0.315501
vn 0.920252 0.304976 0.245207
vn 0.901621 -0.099734 0.420871
vn 0.941024 0.086754 0.327029
vn 0.953034 0.192231 0.234037
vn 0.939046 0.305809 0.157077
vn 0.946310 0.304903 0.107381
vn 0.943609 0.324846 0.063853
vn 0.938380 0.344868 0.022566
vn 0.935422 0.353213 -0.015057
vn 0.933798 0.353588 -0.054749
vn 0.931486 0.351503 -0.093697
vn 0.927229 0.348000 -0.138354
vn 0.920634 0.338694 -0.194214
vn 0.913363 0.318480 -0.253652
vn 0.963848 0.063317 -0.258821
vn 0.941950 0.216780 -0.256391
vn 0.954165 -0.120276 -0.274051
vn 0.967238 -0.125533 -0.220664
vn 0.978527 0.054944 -0.198660
vn 0.956256 0.218317 -0.194712
vn 0.975193 -0.168079 -0.144041
vn 0.990025 0.036407 -0.136109
vn 0.967914 0.211152 -0.136228
vn 0.978459 -0.174494 -0.110316
vn 0.994732 0.024920 -0.099436
vn 0.974274 0.204361 -0.095005
vn 0.982885 -0.167194 -0.077357
vn 0.997370 0.026167 -0.067584
vn 0.977095 0.204574 -0.058607
vn 0.987131 -0.156853 -0.031146
vn 0.999168 0.031339 -0.026093
vn 0.978413 0.205871 -0.018034
vn 0.986873 -0.161245 0.009002
vn 0.999406 0.030647 0.015796
vn 0.979655 0.199536 0.021461
vn 0.985200 -0.164137 0.049401
vn 0.998355 0.022501 0.052732
vn 0.981183 0.182648 0.062608
vn 0.979253 -0.186139 0.080105
vn 0.996697 0.007038 0.080911
vn 0.992428 -0.050599 0.111919
vn 0.970714 -0.209009 0.118450
vn 0.990246 0.001879 0.139315
vn 0.980675 0.163627 0.107252
vn 0.968488 -0.184708 0.167078
vn 0.960723 -0.185090 0.206769
vn 0.985639 -0.000894 0.168862
vn 0.970017 -0.053325 0.237115
vn 0.935181 -0.201325 0.291385
vn 0.973100 0.164550 0.161244
vn 0.964296 0.013276 0.264495
vn 0.922514 -0.167961 0.347501
vn 0.395870 0.230171 0.888993
vn 0.476620 0.350417 0.806251
vn 0.634196 0.511867 0.579472
vn 0.720052 0.572146 0.392649
vn 0.747043 0.612626 0.258103
vn 0.749984 0.636600 0.179621
vn 0.750347 0.650000 0.120331
vn 0.767206 0.638326 0.062734
vn 0.713558 0.700554 0.007675
vn 0.715020 0.698823 -0.019837
vn 0.759214 0.647797 -0.062871
vn 0.754399 0.648833 -0.099493
vn 0.752127 0.640883 -0.153539
vn 0.741576 0.632369 -0.223998
vn 0.730494 0.620858 -0.284454
vn 0.716137 0.613711 -0.332425
vn 0.698778 0.614666 -0.365918
vn 0.686902 0.594832 -0.417540
vn 0.673920 0.584111 -0.452377
vn 0.668267 0.578594 -0.467598
vn 0.663788 0.585397 -0.465506
vn 0.677322 0.553602 -0.484520
vn 0.820021 0.281573 -0.498279
vn 0.785531 0.341073 -0.516343
vn 0.834433 0.260989 -0.485392
vn 0.879570 0.156330 -0.449353
vn 0.899558 0.082548 -0.428930
vn 0.924456 -0.023325 -0.380575
vn 0.936485 -0.121787 -0.328882
vn 0.938187 -0.190351 -0.289089
vn 0.946695 -0.226372 -0.229183
vn 0.949450 -0.271366 -0.157815
vn 0.952937 -0.280933 -0.113967
vn 0.954683 -0.287160 -0.078229
vn 0.960756 -0.274874 -0.037320
vn 0.959659 -0.281087 0.006681
vn 0.956927 -0.286028 0.049789
vn 0.950607 -0.298231 0.086056
vn 0.947168 -0.292032 0.132628
vn 0.941116 -0.280781 0.188315
vn 0.932013 -0.273714 0.237554
vn 0.905665 -0.286813 0.312264
vn 0.884779 -0.271073 0.379059
vn 0.851376 -0.230319 0.471289
vn 0.794385 -0.175714 0.581444
vn 0.709165 -0.116398 0.695368
vn 0.595903 -0.057488 0.800996
vn 0.463837 0.111148 0.878920
vn -0.155777 0.183639 0.970572
vn 0.027423 0.770369 0.637008
vn 0.117176 0.863294 0.490911
vn 0.054104 0.952988 0.298139
vn 0.050702 0.983024 0.176334
vn 0.002367 0.992837 0.119457
vn -0.039321 0.994881 0.093088
vn 0.069806 0.988818 0.131780
vn -0.026367 0.999559 0.013700
vn -0.001050 0.999018 -0.044300
vn 0.353748 0.930253 -0.097425
vn 0.299203 0.950792 -0.080455
vn -0.017296 0.994941 -0.098965
vn -0.326425 0.941201 -0.087103
vn -0.552673 0.832063 -0.047159
vn -0.727393 0.685601 0.029181
vn -0.805976 0.584510 0.093544
vn -0.757393 0.651181 0.048158
vn -0.762522 0.646426 0.026351
vn -0.636451 0.771118 -0.017510
vn 0.710673 -0.000220 -0.703523
vn 0.719041 -0.009541 -0.694903
vn 0.741661 -0.065233 -0.667595
vn 0.801404 -0.140081 -0.581488
vn 0.802170 -0.234629 -0.549065
vn 0.749518 -0.418004 -0.513318
vn 0.699492 -0.560681 -0.443111
vn 0.735476 -0.592129 -0.329332
vn 0.766890 -0.567894 -0.298959
vn 0.730490 -0.657582 -0.184311
vn 0.713779 -0.687826 -0.131962
vn 0.668245 -0.740505 -0.071421
vn 0.803940 -0.594610 -0.010958
vn 0.762119 -0.647369 0.009399
vn 0.637947 -0.767074 0.067974
vn 0.616930 -0.780369 0.102091
vn 0.692306 -0.707344 0.142748
vn 0.712893 -0.669764 0.207847
vn 0.718875 -0.657730 0.224966
vn 0.620554 -0.714973 0.322067
vn 0.636261 -0.641258 0.428905
vn 0.650412 -0.542407 0.531751
vn 0.577120 -0.461734 0.673598
vn 0.403977 -0.441217 0.801330
vn 0.208319 -0.398865 0.893034
vn 0.082417 -0.283307 0.955481
vn -0.971133 -0.185906 -0.149467
vn -0.787781 0.478109 -0.388348
vn -0.832108 0.477989 -0.281287
vn -0.922453 0.331626 -0.197749
vn -0.956694 0.248294 -0.151942
vn -0.976216 0.188363 -0.107336
vn -0.981875 0.181126 -0.055809
vn -0.984177 0.175896 0.021348
vn -0.990162 -0.138999 0.016099
vn -0.991423 -0.128959 -0.021205
vn -0.982972 0.183753 0.000810
vn -0.992214 0.111064 0.056355
vn -0.992943 0.069102 0.096377
vn -0.985269 0.053324 0.162487
vn -0.974064 -0.047645 0.221199
vn -0.955442 -0.112920 0.272726
vn -0.937519 -0.142564 0.317385
vn -0.916060 -0.176443 0.360142
vn -0.897291 -0.215540 0.385241
vn -0.857612 -0.275575 0.434235
vn -0.684192 -0.726584 0.062912
vn -0.658777 -0.742087 -0.123770
vn -0.477090 -0.813763 -0.331927
vn -0.367707 -0.851866 -0.372983
vn -0.463880 -0.839695 -0.282359
vn -0.647556 -0.740115 -0.181388
vn -0.705719 -0.697547 -0.124050
vn -0.579886 -0.810497 -0.082627
vn -0.511843 -0.849528 -0.127745
vn -0.529467 -0.844781 -0.077520
vn -0.523455 -0.851430 -0.032576
vn -0.524861 -0.850999 0.017937
vn -0.302319 -0.950000 0.078116
vn -0.584617 -0.811266 0.008409
vn -0.722397 -0.691433 0.007913
vn -0.725362 -0.688365 0.001933
vn -0.679682 -0.733506 0.000403
vn -0.628055 -0.778144 -0.006245
vn -0.546349 -0.834256 -0.074302
vn -0.529004 -0.848599 -0.005869
vn -0.388448 -0.904218 0.177474
vn -0.188349 -0.916594 0.352677
vn -0.280036 -0.852168 0.442029
vn -0.579908 -0.759199 0.295508
vn -0.726834 -0.678805 0.104576
vn -0.772224 -0.634898 -0.023989
vn -0.980716 -0.192845 -0.031721
vn -0.970009 -0.242916 0.008684
vn -0.974763 -0.184490 0.125698
vn -0.963746 -0.195059 0.182061
vn -0.945233 -0.208090 0.251461
vn -0.910259 -0.252344 0.328255
vn -0.887326 -0.277292 0.368458
vn -0.834998 -0.346284 0.427629
vn -0.919303 -0.363604 0.150578
vn -0.943147 -0.312196 0.114049
vn -0.952055 -0.289814 0.097973
vn -0.957765 -0.282082 0.055814
vn -0.957645 -0.282794 0.054255
vn -0.949802 -0.308869 0.049768
vn -0.946784 -0.316925 -0.056208
vn -0.942776 -0.326220 -0.068951
vn -0.932449 -0.322868 -0.162160
vn -0.918925 -0.323529 -0.225623
vn -0.912277 -0.344288 -0.221850
vn -0.909452 -0.353124 -0.219546
vn -0.766349 -0.307229 -0.564198
vn -0.718395 -0.225692 -0.658006
vn 0.095153 0.934619 -0.342684
vn -0.866425 -0.250999 0.431634
vn -0.939008 0.255449 0.230238
vn 0.481355 0.735478 -0.476833
vn 0.485117 0.638655 -0.597311
vn 0.670947 0.536842 -0.511498
vn 0.492976 0.429857 -0.756438
vn 0.724195 0.447907 -0.524329
vn 0.694048 0.145838 -0.705003
vn -0.689358 -0.722847 0.047731
vn -0.790591 -0.599331 -0.125568
vn -0.769920 -0.496409 0.401000
vn -0.781821 -0.454733 0.426584
vn -0.791774 -0.489254 0.365683
vn -0.799113 -0.396403 0.451977
vn -0.805924 -0.410544 0.426545
vn -0.822642 -0.452732 0.343938
vn -0.820737 -0.395588 0.412190
vn -0.814146 -0.433010 0.386871
vn -0.864966 -0.342778 0.366520
vn -0.844918 -0.402379 0.352427
vn -0.848900 -0.442497 0.289077
vn -0.848821 -0.447558 0.281416
vn -0.880028 -0.415131 0.230688
vn -0.885431 -0.355996 0.298795
vn -0.895972 -0.399874 0.193222
vn -0.942333 -0.309982 0.126174
vn -0.897496 -0.264412 0.352970
vn -0.919455 -0.327323 0.217858
vn -0.921007 -0.286736 0.263681
vn -0.954379 -0.199941 0.221775
vn -0.955590 -0.248984 0.157652
vn -0.944865 -0.289138 0.153719
vn -0.957452 -0.283473 0.054110
vn -0.961166 -0.259937 0.092700
vn -0.978646 -0.187412 0.084439
vn -0.971319 -0.224036 0.079668
vn -0.979701 -0.197447 0.034651
vn -0.971847 -0.235605 0.001942
vn -0.973681 -0.225508 0.033052
vn -0.949945 -0.312385 -0.004515
vn -0.965724 -0.258483 0.023739
vn -0.949903 -0.311642 -0.023757
vn -0.958430 -0.283198 -0.034794
vn -0.939484 -0.326203 -0.104697
vn -0.951893 -0.292873 -0.090142
vn -0.921102 -0.309823 -0.235757
vn -0.909869 -0.301912 -0.284584
vn -0.752670 -0.109512 -0.649226
vn -0.853117 -0.318769 -0.413012
vn -0.797264 -0.188917 -0.573306
vn -0.867876 -0.258887 -0.423992
vn -0.862484 0.006501 -0.506043
vn -0.972612 -0.232005 -0.014102
vn -0.983234 -0.165447 -0.076673
vn -0.978923 -0.138707 -0.149900
vn -0.971254 -0.098191 -0.216852
vn -0.944710 -0.045482 -0.324739
vn -0.900715 -0.124679 -0.416134
vn -0.946447 -0.117313 -0.300792
vn -0.961486 -0.165311 -0.219586
vn -0.940738 -0.190944 -0.280273
vn -0.923564 -0.261697 -0.280256
vn -0.970297 -0.187898 -0.152373
vn -0.956423 -0.223371 -0.188043
vn -0.939204 -0.285171 -0.191244
vn -0.966820 -0.248623 -0.058703
vn -0.976433 -0.203512 -0.071845
vn -0.964757 -0.238642 -0.110881
s 1
g MiningRobot_LP1 MiningRobot_LeftCover_LP
usemtl Maya_Lambert5SG
f 6088/3496/2928 6089/3497/2929 6090/3498/2930 6091/3499/2931
f 6092/3500/2932 6088/3496/2928 6091/3499/2931 6093/3501/2933
f 6094/3502/2934 6092/3500/2932 6093/3501/2933 6095/3503/2935
f 6096/3504/2936 6094/3502/2934 6095/3503/2935 6097/3505/2937
f 6098/3506/2938 6096/3504/2936 6097/3505/2937 6099/3507/2939
f 6100/3508/2940 6089/3497/2929 6088/3496/2928 6092/3500/2932
f 6101/3509/2941 6102/3510/2942 6100/3508/2940 6103/3511/2943
f 6104/3512/2944 6105/3513/2945 6106/3514/2946 6107/3515/2947
f 6104/3512/2944 6107/3515/2947 6108/3516/2948 6109/3517/2949
f 6104/3512/2944 6109/3517/2949 6110/3518/2950 6111/3519/2951
f 6112/3520/2952 6105/3513/2945 6104/3512/2944 6113/3521/2953
f 6111/3519/2951 6110/3518/2950 6114/3522/2954 6115/3523/2955
f 6113/3521/2953 6104/3512/2944 6111/3519/2951 6115/3523/2955
f 6103/3511/2943 6100/3508/2940 6092/3500/2932 6094/3502/2934
f 6103/3511/2943 6094/3502/2934 6096/3504/2936 6098/3506/2938
f 6116/3524/2956 6117/3525/2957 6101/3509/2941 6103/3511/2943
f 6118/3526/2958 6112/3520/2952 6113/3521/2953 6119/3527/2959
f 6120/3528/2960 6118/3526/2958 6119/3527/2959 6121/3529/2961
f 6122/3530/2962 6120/3528/2960 6121/3529/2961 6123/3531/2963
f 6124/3532/2964 6122/3530/2962 6123/3531/2963 6125/3533/2965
f 6126/3534/2966 6124/3532/2964 6125/3533/2965 6127/3535/2967
f 6128/3536/2968 6126/3534/2966 6127/3535/2967 6129/3537/2969
f 6130/3538/2970 6128/3536/2968 6129/3537/2969 6131/3539/2971
f 6132/3540/2972 6130/3538/2970 6131/3539/2971 6133/3541/2973
f 6134/3542/2974 6132/3540/2972 6133/3541/2973 6135/3543/2975
f 6136/3544/2976 6134/3542/2974 6135/3543/2975 6137/3545/2977
f 6138/3546/2978 6136/3544/2976 6137/3545/2977 6139/3547/2979
f 6140/3548/2980 6098/3506/2938 6099/3507/2939 6141/3549/2981
f 6141/3549/2981 6138/3546/2978 6139/3547/2979 6140/3548/2980
f 6142/3550/2982 6117/3525/2957 6116/3524/2956 6143/3551/2983
f 6144/3552/2984 6103/3511/2943 6098/3506/2938 6140/3548/2980
f 6143/3551/2983 6116/3524/2956 6103/3511/2943 6144/3552/2984
f 6143/3551/2983 6145/3553/2985 6146/3554/2986 6142/3550/2982
f 6119/3527/2959 6113/3521/2953 6115/3523/2955 6147/3555/2987
f 6115/3523/2955 6114/3522/2954 6148/3556/2988 6149/3557/2989
f 6150/3558/2990 6147/3555/2987 6115/3523/2955 6149/3557/2989
f 6121/3529/2961 6119/3527/2959 6147/3555/2987 6151/3559/2991
f 6123/3531/2963 6121/3529/2961 6151/3559/2991 6152/3560/2992
f 6125/3533/2965 6123/3531/2963 6152/3560/2992 6153/3561/2993
f 6127/3535/2967 6125/3533/2965 6153/3561/2993 6154/3562/2994
f 6129/3537/2969 6127/3535/2967 6154/3562/2994 6155/3563/2995
f 6131/3539/2971 6129/3537/2969 6155/3563/2995 6156/3564/2996
f 6133/3541/2973 6131/3539/2971 6156/3564/2996 6157/3565/2997
f 6135/3543/2975 6133/3541/2973 6157/3565/2997 6158/3566/2998
f 6137/3545/2977 6135/3543/2975 6158/3566/2998 6159/3567/2999
f 6139/3547/2979 6137/3545/2977 6159/3567/2999 6160/3568/3000
f 6160/3568/3000 6144/3552/2984 6140/3548/2980 6139/3547/2979
f 6161/3569/3001 6145/3553/2985 6143/3551/2983 6162/3570/3002
f 6163/3571/3003 6146/3554/2986 6145/3553/2985 6161/3569/3001
f 6162/3570/3002 6143/3551/2983 6144/3552/2984 6160/3568/3000
f 6164/3572/3004 6163/3571/3003 6161/3569/3001 6165/3573/3005
f 6165/3573/3005 6161/3569/3001 6162/3570/3002 6166/3574/3006
f 6166/3574/3006 6162/3570/3002 6160/3568/3000 6159/3567/2999
f 6167/3575/3007 6164/3572/3004 6165/3573/3005 6168/3576/3008
f 6168/3576/3008 6165/3573/3005 6166/3574/3006 6169/3577/3009
f 6169/3577/3009 6166/3574/3006 6159/3567/2999 6158/3566/2998
f 6170/3578/3010 6167/3575/3007 6168/3576/3008 6171/3579/3011
f 6171/3579/3011 6168/3576/3008 6169/3577/3009 6172/3580/3012
f 6172/3580/3012 6169/3577/3009 6158/3566/2998 6157/3565/2997
f 6173/3581/3013 6170/3578/3010 6171/3579/3011 6174/3582/3014
f 6174/3582/3014 6171/3579/3011 6172/3580/3012 6175/3583/3015
f 6175/3583/3015 6172/3580/3012 6157/3565/2997 6156/3564/2996
f 6176/3584/3016 6173/3581/3013 6174/3582/3014 6177/3585/3017
f 6177/3585/3017 6174/3582/3014 6175/3583/3015 6178/3586/3018
f 6178/3586/3018 6175/3583/3015 6156/3564/2996 6155/3563/2995
f 6179/3587/3019 6176/3584/3016 6177/3585/3017 6180/3588/3020
f 6180/3588/3020 6177/3585/3017 6178/3586/3018 6181/3589/3021
f 6181/3589/3021 6178/3586/3018 6155/3563/2995 6154/3562/2994
f 6182/3590/3022 6179/3587/3019 6180/3588/3020 6183/3591/3023
f 6183/3591/3023 6180/3588/3020 6181/3589/3021 6184/3592/3024
f 6184/3592/3024 6181/3589/3021 6154/3562/2994 6153/3561/2993
f 6185/3593/3025 6182/3590/3022 6183/3591/3023 6186/3594/3026
f 6186/3594/3026 6187/3595/3027 6188/3596/3028 6185/3593/3025
f 6189/3597/3029 6187/3595/3027 6186/3594/3026 6190/3598/3030
f 6191/3599/3031 6188/3596/3028 6187/3595/3027 6189/3597/3029
f 6190/3598/3030 6184/3592/3024 6153/3561/2993 6152/3560/2992
f 6186/3594/3026 6183/3591/3023 6184/3592/3024 6190/3598/3030
f 6192/3600/3032 6191/3599/3031 6189/3597/3029 6193/3601/3033
f 6193/3601/3033 6194/3602/3034 6195/3603/3035 6192/3600/3032
f 6151/3559/2991 6147/3555/2987 6150/3558/2990 6196/3604/3036
f 6197/3605/3037 6194/3602/3034 6193/3601/3033 6196/3604/3036
f 6198/3606/3038 6195/3603/3035 6194/3602/3034 6197/3605/3037
f 6197/3605/3037 6149/3557/2989 6148/3556/2988 6198/3606/3038
f 6196/3604/3036 6150/3558/2990 6149/3557/2989 6197/3605/3037
f 6196/3604/3036 6190/3598/3030 6152/3560/2992 6151/3559/2991
f 6193/3601/3033 6189/3597/3029 6190/3598/3030 6196/3604/3036
f 6199/3607/3039 6107/3515/2947 6106/3514/2946 6200/3608/3040
f 6201/3609/3041 6200/3608/3040 6106/3514/2946 6105/3513/2945
f 6202/3610/3042 6201/3609/3041 6105/3513/2945 6112/3520/2952
f 6203/3611/3043 6202/3610/3042 6112/3520/2952 6118/3526/2958
f 6204/3612/3044 6203/3611/3043 6118/3526/2958 6120/3528/2960
f 6205/3613/3045 6204/3612/3044 6120/3528/2960 6122/3530/2962
f 6206/3614/3046 6205/3613/3045 6122/3530/2962 6124/3532/2964
f 6207/3615/3047 6206/3614/3046 6124/3532/2964 6126/3534/2966
f 6208/3616/3048 6207/3615/3047 6126/3534/2966 6128/3536/2968
f 6209/3617/3049 6208/3616/3048 6128/3536/2968 6130/3538/2970
f 6210/3618/3050 6209/3617/3049 6130/3538/2970 6132/3540/2972
f 6211/3619/3051 6210/3618/3050 6132/3540/2972 6134/3542/2974
f 6212/3620/3052 6211/3619/3051 6134/3542/2974 6136/3544/2976
f 6213/3621/3053 6212/3620/3052 6136/3544/2976 6138/3546/2978
f 6214/3622/3054 6213/3621/3053 6138/3546/2978 6141/3549/2981
f 6215/3623/3055 6214/3622/3054 6141/3549/2981 6099/3507/2939
f 6216/3624/3056 6215/3623/3055 6099/3507/2939 6097/3505/2937
f 6217/3625/3057 6216/3624/3056 6097/3505/2937 6095/3503/2935
f 6218/3626/3058 6217/3625/3057 6095/3503/2935 6093/3501/2933
f 6219/3627/3059 6218/3626/3058 6093/3501/2933 6091/3499/2931
f 6220/3628/3060 6219/3627/3059 6091/3499/2931 6090/3498/2930
f 6221/3629/3061 6222/3630/3062 6089/3497/2929 6100/3508/2940
f 6223/3631/3063 6221/3629/3061 6100/3508/2940 6102/3510/2942
f 6224/3632/3064 6223/3631/3063 6102/3510/2942 6101/3509/2941
f 6225/3633/3065 6224/3632/3064 6101/3509/2941 6117/3525/2957
f 6226/3634/3066 6225/3633/3065 6117/3525/2957 6142/3550/2982
f 6227/3635/3067 6226/3634/3066 6142/3550/2982 6146/3554/2986
f 6228/3636/3068 6227/3635/3067 6146/3554/2986 6163/3571/3003
f 6229/3637/3069 6228/3636/3068 6163/3571/3003 6164/3572/3004
f 6230/3638/3070 6229/3637/3069 6164/3572/3004 6167/3575/3007
f 6231/3639/3071 6230/3638/3070 6167/3575/3007 6170/3578/3010
f 6232/3640/3072 6231/3639/3071 6170/3578/3010 6173/3581/3013
f 6233/3641/3073 6232/3640/3072 6173/3581/3013 6176/3584/3016
f 6234/3642/3074 6233/3641/3073 6176/3584/3016 6179/3587/3019
f 6235/3643/3075 6234/3642/3074 6179/3587/3019 6182/3590/3022
f 6236/3644/3076 6235/3643/3075 6182/3590/3022 6185/3593/3025
f 6237/3645/3077 6236/3644/3076 6185/3593/3025 6188/3596/3028
f 6238/3646/3078 6237/3645/3077 6188/3596/3028 6191/3599/3031
f 6239/3647/3079 6238/3646/3078 6191/3599/3031 6192/3600/3032
f 6240/3648/3080 6239/3647/3079 6192/3600/3032 6195/3603/3035
f 6241/3649/3081 6240/3648/3080 6195/3603/3035 6198/3606/3038
f 6242/3650/3082 6241/3649/3081 6198/3606/3038 6148/3556/2988
f 6243/3651/3083 6242/3650/3082 6148/3556/2988 6114/3522/2954
f 6244/3652/3084 6243/3651/3083 6114/3522/2954 6110/3518/2950
f 6245/3653/3085 6244/3652/3084 6110/3518/2950 6109/3517/2949
f 6246/3654/3086 6245/3653/3085 6109/3517/2949 6108/3516/2948
f 6246/3654/3086 6108/3516/2948 6107/3515/2947 6199/3607/3039
f 6247/3655/3087 6199/3607/3039 6200/3608/3040 6248/3656/3088
f 6248/3656/3088 6200/3608/3040 6201/3609/3041 6249/3657/3089
f 6249/3657/3089 6201/3609/3041 6202/3610/3042 6250/3658/3090
f 6250/3658/3090 6202/3610/3042 6203/3611/3043 6251/3659/3091
f 6251/3659/3091 6203/3611/3043 6204/3612/3044 6252/3660/3092
f 6252/3660/3092 6204/3612/3044 6205/3613/3045 6253/3661/3093
f 6253/3661/3093 6205/3613/3045 6206/3614/3046 6254/3662/3094
f 6254/3662/3094 6206/3614/3046 6207/3615/3047 6255/3663/3095
f 6255/3663/3095 6207/3615/3047 6208/3616/3048 6256/3664/3096
f 6256/3664/3096 6208/3616/3048 6209/3617/3049 6257/3665/3097
f 6257/3665/3097 6209/3617/3049 6210/3618/3050 6258/3666/3098
f 6258/3666/3098 6210/3618/3050 6211/3619/3051 6259/3667/3099
f 6259/3667/3099 6211/3619/3051 6212/3620/3052 6260/3668/3100
f 6260/3668/3100 6212/3620/3052 6213/3621/3053 6261/3669/3101
f 6261/3669/3101 6213/3621/3053 6214/3622/3054 6262/3670/3102
f 6262/3670/3102 6214/3622/3054 6215/3623/3055 6263/3671/3103
f 6263/3671/3103 6215/3623/3055 6216/3624/3056 6264/3672/3104
f 6264/3672/3104 6216/3624/3056 6217/3625/3057 6265/3673/3105
f 6265/3673/3105 6217/3625/3057 6218/3626/3058 6266/3674/3106
f 6267/3675/3107 6222/3630/3062 6221/3629/3061 6268/3676/3108
f 6268/3676/3108 6221/3629/3061 6223/3631/3063 6269/3677/3109
f 6269/3677/3109 6223/3631/3063 6224/3632/3064 6270/3678/3110
f 6270/3678/3110 6224/3632/3064 6225/3633/3065 6271/3679/3111
f 6271/3679/3111 6225/3633/3065 6226/3634/3066 6272/3680/3112
f 6272/3680/3112 6226/3634/3066 6227/3635/3067 6273/3681/3113
f 6273/3681/3113 6227/3635/3067 6228/3636/3068 6274/3682/3114
f 6274/3682/3114 6228/3636/3068 6229/3637/3069 6275/3683/3115
f 6275/3683/3115 6229/3637/3069 6230/3638/3070 6276/3684/3116
f 6276/3684/3116 6230/3638/3070 6231/3639/3071 6277/3685/3117
f 6277/3685/3117 6231/3639/3071 6232/3640/3072 6278/3686/3118
f 6278/3686/3118 6232/3640/3072 6233/3641/3073 6279/3687/3119
f 6279/3687/3119 6233/3641/3073 6234/3642/3074 6280/3688/3120
f 6280/3688/3120 6234/3642/3074 6235/3643/3075 6281/3689/3121
f 6281/3689/3121 6235/3643/3075 6236/3644/3076 6282/3690/3122
f 6282/3690/3122 6236/3644/3076 6237/3645/3077 6283/3691/3123
f 6283/3691/3123 6237/3645/3077 6238/3646/3078 6284/3692/3124
f 6284/3692/3124 6238/3646/3078 6239/3647/3079 6285/3693/3125
f 6285/3693/3125 6239/3647/3079 6240/3648/3080 6286/3694/3126
f 6286/3694/3126 6240/3648/3080 6241/3649/3081 6287/3695/3127
f 6287/3695/3127 6241/3649/3081 6242/3650/3082 6288/3696/3128
f 6288/3696/3128 6242/3650/3082 6243/3651/3083 6289/3697/3129
f 6289/3697/3129 6243/3651/3083 6244/3652/3084 6290/3698/3130
f 6290/3698/3130 6244/3652/3084 6245/3653/3085 6291/3699/3131
f 6291/3699/3131 6245/3653/3085 6246/3654/3086 6292/3700/3132
f 6292/3700/3132 6246/3654/3086 6199/3607/3039 6247/3655/3087
f 6293/3701/3133 6247/3655/3087 6248/3656/3088 6294/3702/3134
f 6294/3702/3134 6248/3656/3088 6249/3657/3089 6295/3703/3135
f 6295/3703/3135 6249/3657/3089 6250/3658/3090 6296/3704/3136
f 6296/3704/3136 6250/3658/3090 6251/3659/3091 6297/3705/3137
f 6297/3705/3137 6251/3659/3091 6252/3660/3092 6298/3706/3138
f 6298/3706/3138 6252/3660/3092 6253/3661/3093 6299/3707/3139
f 6299/3707/3139 6253/3661/3093 6254/3662/3094 6300/3708/3140
f 6300/3708/3140 6254/3662/3094 6255/3663/3095 6301/3709/3141
f 6301/3709/3141 6255/3663/3095 6256/3664/3096 6302/3710/3142
f 6302/3710/3142 6256/3664/3096 6257/3665/3097 6303/3711/3143
f 6303/3711/3143 6257/3665/3097 6258/3666/3098 6304/3712/3144
f 6304/3712/3144 6258/3666/3098 6259/3667/3099 6305/3713/3145
f 6305/3713/3145 6259/3667/3099 6260/3668/3100 6306/3714/3146
f 6306/3714/3146 6260/3668/3100 6261/3669/3101 6307/3715/3147
f 6307/3715/3147 6261/3669/3101 6262/3670/3102 6308/3716/3148
f 6308/3716/3148 6262/3670/3102 6263/3671/3103 6309/3717/3149
f 6309/3717/3149 6263/3671/3103 6264/3672/3104 6310/3718/3150
f 6310/3718/3150 6264/3672/3104 6265/3673/3105 6311/3719/3151
f 6311/3719/3151 6265/3673/3105 6266/3674/3106 6312/3720/3152
f 6313/3721/3153 6267/3675/3107 6268/3676/3108 6314/3722/3154
f 6314/3722/3154 6268/3676/3108 6269/3677/3109 6315/3723/3155
f 6315/3723/3155 6269/3677/3109 6270/3678/3110 6316/3724/3156
f 6316/3724/3156 6270/3678/3110 6271/3679/3111 6317/3725/3157
f 6317/3725/3157 6271/3679/3111 6272/3680/3112 6318/3726/3158
f 6318/3726/3158 6272/3680/3112 6273/3681/3113 6319/3727/3159
f 6319/3727/3159 6273/3681/3113 6274/3682/3114 6320/3728/3160
f 6320/3728/3160 6274/3682/3114 6275/3683/3115 6321/3729/3161
f 6321/3729/3161 6275/3683/3115 6276/3684/3116 6322/3730/3162
f 6322/3730/3162 6276/3684/3116 6277/3685/3117 6323/3731/3163
f 6323/3731/3163 6277/3685/3117 6278/3686/3118 6324/3732/3164
f 6324/3732/3164 6278/3686/3118 6279/3687/3119 6325/3733/3165
f 6325/3733/3165 6279/3687/3119 6280/3688/3120 6326/3734/3166
f 6326/3734/3166 6280/3688/3120 6281/3689/3121 6327/3735/3167
f 6327/3735/3167 6281/3689/3121 6282/3690/3122 6328/3736/3168
f 6328/3736/3168 6282/3690/3122 6283/3691/3123 6329/3737/3169
f 6329/3737/3169 6283/3691/3123 6284/3692/3124 6330/3738/3170
f 6330/3738/3170 6284/3692/3124 6285/3693/3125 6331/3739/3171
f 6331/3739/3171 6285/3693/3125 6286/3694/3126 6332/3740/3172
f 6332/3740/3172 6286/3694/3126 6287/3695/3127 6333/3741/3173
f 6333/3741/3173 6287/3695/3127 6288/3696/3128 6334/3742/3174
f 6334/3742/3174 6288/3696/3128 6289/3697/3129 6335/3743/3175
f 6335/3743/3175 6289/3697/3129 6290/3698/3130 6336/3744/3176
f 6336/3744/3176 6290/3698/3130 6291/3699/3131 6337/3745/3177
f 6338/3746/3178 6292/3700/3132 6247/3655/3087 6293/3701/3133
f 6337/3745/3177 6291/3699/3131 6292/3700/3132 6338/3746/3178
f 6339/3747/3179 6300/3748/3140 6301/3749/3141 6340/3750/3180
f 6341/3751/3181 6305/3752/3145 6306/3753/3146 6342/3754/3182
f 6343/3755/3183 6308/3756/3148 6309/3757/3149 6344/3758/3184
f 6345/3759/3185 6311/3760/3151 6312/3761/3152 6346/3762/3186
f 6347/3763/3187 6318/3764/3158 6319/3765/3159 6348/3766/3188
f 6349/3767/3189 6321/3768/3161 6322/3769/3162 6350/3770/3190
f 6351/3771/3191 6324/3772/3164 6325/3773/3165 6352/3774/3192
f 6353/3775/3193 6328/3776/3168 6329/3777/3169 6354/3778/3194
f 6355/3779/3195 6331/3780/3171 6332/3781/3172 6356/3782/3196
f 6357/3783/3197 6333/3784/3173 6334/3785/3174 6358/3786/3198
f 6359/3787/3199 6338/3788/3178 6293/3789/3133 6360/3790/3200
f 6266/3674/3106 6218/3626/3058 6219/3627/3059 6361/3791/3201
f 6362/3792/3202 6312/3720/3152 6266/3674/3106 6361/3791/3201
f 6363/3793/3203 6362/3792/3202 6361/3791/3201 6364/3794/3204
f 6361/3791/3201 6219/3627/3059 6220/3628/3060 6364/3794/3204
f 6363/3793/3203 6364/3794/3204 6365/3795/3205
f 6365/3795/3205 6364/3794/3204 6220/3628/3060 6366/3796/3206
f 6367/3797/3207 6365/3795/3205 6366/3796/3206 6368/3798/3208
f 6368/3798/3208 6222/3630/3062 6267/3675/3107 6369/3799/3209
f 6369/3799/3209 6267/3675/3107 6313/3721/3153 6370/3800/3210
f 6368/3798/3208 6366/3796/3206 6220/3628/3060 6090/3498/2930
f 6090/3498/2930 6089/3497/2929 6222/3630/3062 6368/3798/3208
f 6371/3801/3211 6367/3797/3207 6368/3798/3208
f 6368/3798/3208 6369/3799/3209 6370/3800/3210 6371/3801/3211
f 6367/3802/3207 6371/3803/3211 6372/3804/3212 6373/3805/3213
f 6372/3804/3212 6371/3803/3211 6370/3806/3210 6374/3807/3214
f 6373/3805/3213 6375/3808/3215 6365/3809/3205 6367/3802/3207
f 6363/3810/3203 6365/3809/3205 6375/3808/3215 6376/3811/3216
f 6374/3807/3214 6370/3806/3210 6313/3812/3153 6377/3813/3217
f 6346/3762/3186 6312/3761/3152 6362/3814/3202 6378/3815/3218
f 6378/3815/3218 6362/3814/3202 6363/3810/3203 6376/3811/3216
f 6376/3811/3216 6375/3808/3215 6373/3805/3213 6379/3816/3219
f 6379/3816/3219 6373/3805/3213 6372/3804/3212 6374/3807/3214
f 6345/3759/3185 6346/3762/3186 6378/3815/3218 6380/3817/3220
f 6379/3816/3219 6374/3807/3214 6377/3813/3217 6381/3818/3221
f 6377/3813/3217 6313/3812/3153 6314/3819/3154 6382/3820/3222
f 6382/3820/3222 6314/3819/3154 6315/3821/3155 6383/3822/3223
f 6383/3822/3223 6315/3821/3155 6316/3823/3156 6384/3824/3224
f 6385/3825/3225 6381/3818/3221 6377/3813/3217 6382/3820/3222
f 6385/3825/3225 6382/3820/3222 6383/3822/3223 6384/3824/3224
f 6384/3824/3224 6316/3823/3156 6317/3826/3157 6386/3827/3226
f 6386/3827/3226 6317/3826/3157 6318/3764/3158 6347/3763/3187
f 6348/3766/3188 6319/3765/3159 6320/3828/3160 6387/3829/3227
f 6380/3817/3220 6378/3815/3218 6376/3811/3216 6379/3816/3219
f 6380/3817/3220 6379/3816/3219 6381/3818/3221 6385/3825/3225
f 6344/3758/3184 6309/3757/3149 6310/3830/3150 6388/3831/3228
f 6388/3831/3228 6310/3830/3150 6311/3760/3151 6345/3759/3185
f 6389/3832/3229 6385/3825/3225 6384/3824/3224 6386/3827/3226
f 6388/3831/3228 6345/3759/3185 6380/3817/3220 6390/3833/3230
f 6390/3833/3230 6380/3817/3220 6385/3825/3225 6389/3832/3229
f 6343/3755/3183 6344/3758/3184 6388/3831/3228 6390/3833/3230
f 6342/3754/3182 6306/3753/3146 6307/3834/3147 6391/3835/3231
f 6391/3835/3231 6307/3834/3147 6308/3756/3148 6343/3755/3183
f 6392/3836/3232 6390/3833/3230 6389/3832/3229 6393/3837/3233
f 6393/3837/3233 6389/3832/3229 6386/3827/3226 6347/3763/3187
f 6393/3837/3233 6347/3763/3187 6348/3766/3188 6387/3829/3227
f 6387/3829/3227 6320/3828/3160 6321/3768/3161 6349/3767/3189
f 6350/3770/3190 6322/3769/3162 6323/3838/3163 6394/3839/3234
f 6395/3840/3235 6349/3767/3189 6350/3770/3190 6394/3839/3234
f 6391/3835/3231 6343/3755/3183 6390/3833/3230 6392/3836/3232
f 6341/3751/3181 6342/3754/3182 6391/3835/3231 6392/3836/3232
f 6396/3841/3236 6304/3842/3144 6305/3752/3145 6341/3751/3181
f 6396/3841/3236 6341/3751/3181 6392/3836/3232 6397/3843/3237
f 6398/3844/3238 6303/3845/3143 6304/3842/3144 6396/3841/3236
f 6340/3750/3180 6301/3749/3141 6302/3846/3142 6399/3847/3239
f 6399/3847/3239 6302/3846/3142 6303/3845/3143 6398/3844/3238
f 6395/3840/3235 6393/3837/3233 6387/3829/3227 6349/3767/3189
f 6397/3843/3237 6392/3836/3232 6393/3837/3233 6395/3840/3235
f 6398/3844/3238 6396/3841/3236 6397/3843/3237 6400/3848/3240
f 6394/3839/3234 6323/3838/3163 6324/3772/3164 6351/3771/3191
f 6352/3774/3192 6325/3773/3165 6326/3849/3166 6401/3850/3241
f 6402/3851/3242 6395/3840/3235 6394/3839/3234 6351/3771/3191
f 6400/3848/3240 6397/3843/3237 6395/3840/3235 6402/3851/3242
f 6402/3851/3242 6351/3771/3191 6352/3774/3192 6401/3850/3241
f 6401/3850/3241 6326/3849/3166 6327/3852/3167 6403/3853/3243
f 6404/3854/3244 6402/3851/3242 6401/3850/3241 6403/3853/3243
f 6403/3853/3243 6327/3852/3167 6328/3776/3168 6353/3775/3193
f 6354/3778/3194 6329/3777/3169 6330/3855/3170 6405/3856/3245
f 6406/3857/3246 6353/3775/3193 6354/3778/3194 6405/3856/3245
f 6405/3856/3245 6330/3855/3170 6331/3780/3171 6355/3779/3195
f 6356/3782/3196 6332/3781/3172 6333/3784/3173 6357/3783/3197
f 6358/3786/3198 6334/3785/3174 6335/3858/3175 6407/3859/3247
f 6407/3859/3247 6335/3858/3175 6336/3860/3176 6408/3861/3248
f 6360/3790/3200 6293/3789/3133 6294/3862/3134 6409/3863/3249
f 6408/3861/3248 6336/3860/3176 6337/3864/3177 6410/3865/3250
f 6410/3865/3250 6337/3864/3177 6338/3788/3178 6359/3787/3199
f 6411/3866/3251 6412/3867/3252 6410/3865/3250 6359/3787/3199
f 6359/3787/3199 6360/3790/3200 6409/3863/3249 6411/3866/3251
f 6409/3863/3249 6294/3862/3134 6295/3868/3135 6413/3869/3253
f 6414/3870/3254 6400/3848/3240 6402/3851/3242 6404/3854/3244
f 6415/3871/3255 6299/3872/3139 6300/3748/3140 6339/3747/3179
f 6416/3873/3256 6298/3874/3138 6299/3872/3139 6415/3871/3255
f 6417/3875/3257 6297/3876/3137 6298/3874/3138 6416/3873/3256
f 6413/3869/3253 6295/3868/3135 6296/3877/3136 6418/3878/3258
f 6418/3878/3258 6296/3877/3136 6297/3876/3137 6417/3875/3257
f 6419/3879/3259 6411/3866/3251 6409/3863/3249 6413/3869/3253
f 6419/3879/3259 6413/3869/3253 6418/3878/3258 6420/3880/3260
f 6421/3881/3261 6420/3880/3260 6418/3878/3258 6417/3875/3257
f 6422/3882/3262 6412/3867/3252 6411/3866/3251 6419/3879/3259
f 6422/3882/3262 6419/3879/3259 6420/3880/3260 6421/3881/3261
f 6423/3883/3263 6408/3861/3248 6410/3865/3250 6412/3867/3252
f 6424/3884/3264 6421/3881/3261 6417/3875/3257 6416/3873/3256
f 6423/3883/3263 6412/3867/3252 6422/3882/3262 6425/3885/3265
f 6425/3885/3265 6422/3882/3262 6421/3881/3261 6424/3884/3264
f 6426/3886/3266 6355/3779/3195 6356/3782/3196 6357/3783/3197
f 6426/3886/3266 6357/3783/3197 6358/3786/3198 6407/3859/3247
f 6426/3886/3266 6407/3859/3247 6408/3861/3248 6423/3883/3263
f 6406/3857/3246 6404/3854/3244 6403/3853/3243 6353/3775/3193
f 6406/3857/3246 6405/3856/3245 6355/3779/3195 6426/3886/3266
f 6399/3847/3239 6398/3844/3238 6400/3848/3240 6414/3870/3254
f 6339/3747/3179 6340/3750/3180 6399/3847/3239 6414/3870/3254
f 6414/3870/3254 6404/3854/3244 6406/3857/3246 6427/3887/3267
f 6428/3888/3268 6424/3884/3264 6416/3873/3256 6415/3871/3255
f 6429/3889/3269 6425/3885/3265 6424/3884/3264 6428/3888/3268
f 6415/3871/3255 6339/3747/3179 6414/3870/3254 6428/3888/3268
f 6428/3888/3268 6414/3870/3254 6427/3887/3267 6429/3889/3269
f 6426/3886/3266 6423/3883/3263 6425/3885/3265 6429/3889/3269
f 6427/3887/3267 6406/3857/3246 6426/3886/3266 6429/3889/3269
