# This file uses centimeters as units for non-parametric coordinates.

g default
v 0.156047 0.155453 0.252138
v 0.156047 0.156268 0.253417
v 0.156047 0.157438 0.254381
v 0.156047 0.158849 0.254936
v 0.156047 0.160363 0.255028
v 0.156047 0.161831 0.254647
v 0.156047 0.163109 0.253832
v 0.156047 0.164073 0.252662
v 0.156047 0.164628 0.251251
v 0.156047 0.164720 0.249737
v 0.156047 0.164340 0.248270
v 0.156047 0.163525 0.246991
v 0.156047 0.162354 0.246027
v 0.156047 0.160943 0.245472
v 0.156047 0.159430 0.245380
v 0.156047 0.157962 0.245761
v 0.156047 0.156683 0.246576
v 0.156047 0.155720 0.247746
v 0.156047 0.155164 0.249157
v 0.156047 0.155073 0.250671
v 0.172323 0.096168 0.257873
v 0.172980 0.096299 0.259218
v 0.174002 0.096402 0.260285
v 0.175291 0.096468 0.260970
v 0.176720 0.096491 0.261206
v 0.178149 0.096468 0.260970
v 0.179438 0.096402 0.260285
v 0.180461 0.096299 0.259218
v 0.181118 0.096168 0.257873
v 0.181344 0.096024 0.256382
v 0.181118 0.095880 0.254892
v 0.180461 0.095750 0.253547
v 0.179438 0.095647 0.252480
v 0.178149 0.095581 0.251795
v 0.176720 0.095558 0.251559
v 0.175291 0.095581 0.251795
v 0.174002 0.095647 0.252480
v 0.172980 0.095750 0.253547
v 0.172323 0.095880 0.254892
v 0.172096 0.096024 0.256382
v 0.180461 0.142803 0.248996
v 0.181118 0.142933 0.250340
v 0.181344 0.143077 0.251831
v 0.181118 0.143221 0.253322
v 0.180461 0.143351 0.254666
v 0.179438 0.143455 0.255733
v 0.178149 0.143521 0.256419
v 0.176720 0.143544 0.256655
v 0.175291 0.143521 0.256419
v 0.174002 0.143455 0.255733
v 0.172980 0.143351 0.254666
v 0.172323 0.143221 0.253322
v 0.172096 0.143077 0.251831
v 0.172323 0.142933 0.250340
v 0.172980 0.142803 0.248996
v 0.174002 0.142700 0.247928
v 0.175291 0.142633 0.247243
v 0.176720 0.142610 0.247007
v 0.178149 0.142633 0.247243
v 0.179438 0.142700 0.247928
v 0.156047 0.071555 0.260254
v 0.156047 0.072370 0.261532
v 0.156047 0.073541 0.262496
v 0.156047 0.074951 0.263051
v 0.156047 0.076465 0.263143
v 0.156047 0.077933 0.262763
v 0.156047 0.079211 0.261948
v 0.156047 0.080175 0.260777
v 0.156047 0.080730 0.259366
v 0.156047 0.080822 0.257853
v 0.156047 0.080442 0.256385
v 0.156047 0.079627 0.255107
v 0.156047 0.078456 0.254143
v 0.156047 0.077045 0.253588
v 0.156047 0.075532 0.253496
v 0.156047 0.074064 0.253876
v 0.156047 0.072786 0.254691
v 0.156047 0.071822 0.255862
v 0.156047 0.071266 0.257273
v 0.156047 0.071175 0.258786
v 0.160066 0.156212 0.253422
v 0.160051 0.155397 0.252144
v 0.160045 0.155017 0.250676
v 0.160051 0.155109 0.249163
v 0.160066 0.155664 0.247752
v 0.160089 0.156627 0.246581
v 0.160119 0.157905 0.245766
v 0.160152 0.159371 0.245386
v 0.160185 0.160884 0.245478
v 0.160214 0.162294 0.246033
v 0.160238 0.163464 0.246997
v 0.160253 0.164279 0.248276
v 0.160258 0.164659 0.249743
v 0.160253 0.164567 0.251257
v 0.160238 0.164013 0.252668
v 0.160214 0.163049 0.253838
v 0.160185 0.161772 0.254653
v 0.160152 0.160305 0.255033
v 0.160119 0.158792 0.254941
v 0.160089 0.157382 0.254386
v 0.163771 0.155867 0.253456
v 0.163690 0.155058 0.252177
v 0.163662 0.154680 0.250709
v 0.163690 0.154770 0.249195
v 0.163771 0.155318 0.247785
v 0.163898 0.156272 0.246616
v 0.164058 0.157537 0.245802
v 0.164235 0.158991 0.245423
v 0.164412 0.160490 0.245516
v 0.164572 0.161888 0.246072
v 0.164699 0.163048 0.247037
v 0.164780 0.163857 0.248316
v 0.164808 0.164235 0.249784
v 0.164780 0.164145 0.251298
v 0.164699 0.163597 0.252708
v 0.164572 0.162643 0.253877
v 0.164412 0.161377 0.254691
v 0.164235 0.159924 0.255070
v 0.164058 0.158425 0.254977
v 0.163898 0.157027 0.254421
v 0.166976 0.155085 0.253531
v 0.166776 0.154306 0.252249
v 0.166708 0.153938 0.250780
v 0.166776 0.154017 0.249268
v 0.166976 0.154536 0.247861
v 0.167286 0.155444 0.246696
v 0.167678 0.156651 0.245887
v 0.168112 0.158040 0.245515
v 0.168546 0.159475 0.245614
v 0.168937 0.160815 0.246176
v 0.169248 0.161929 0.247145
v 0.169447 0.162709 0.248427
v 0.169516 0.163076 0.249896
v 0.169447 0.162997 0.251409
v 0.169248 0.162478 0.252816
v 0.168937 0.161570 0.253981
v 0.168546 0.160363 0.254789
v 0.168112 0.158974 0.255162
v 0.167678 0.157539 0.255063
v 0.167286 0.156199 0.254501
v 0.169451 0.153889 0.253647
v 0.169091 0.153195 0.252357
v 0.168967 0.152857 0.250885
v 0.169091 0.152907 0.249376
v 0.169451 0.153341 0.247976
v 0.170012 0.154116 0.246824
v 0.170720 0.155157 0.246032
v 0.171504 0.156362 0.245677
v 0.172288 0.157612 0.245794
v 0.172995 0.158786 0.246372
v 0.173557 0.159768 0.247355
v 0.173917 0.160462 0.248645
v 0.174041 0.160800 0.250117
v 0.173917 0.160750 0.251626
v 0.173557 0.160316 0.253025
v 0.172995 0.159541 0.254177
v 0.172288 0.158500 0.254970
v 0.171504 0.157295 0.255325
v 0.170720 0.156045 0.255207
v 0.170012 0.154871 0.254629
v 0.171146 0.152373 0.253794
v 0.170621 0.151847 0.252487
v 0.170440 0.151566 0.251010
v 0.170621 0.151559 0.249506
v 0.171146 0.151825 0.248123
v 0.171964 0.152339 0.246996
v 0.172994 0.153051 0.246236
v 0.174136 0.153890 0.245916
v 0.175278 0.154776 0.246069
v 0.176308 0.155620 0.246679
v 0.177126 0.156341 0.247686
v 0.177651 0.156867 0.248992
v 0.177832 0.157148 0.250470
v 0.177651 0.157156 0.251974
v 0.177126 0.156889 0.253357
v 0.176308 0.156375 0.254484
v 0.175278 0.155663 0.255244
v 0.174136 0.154824 0.255564
v 0.172994 0.153938 0.255411
v 0.171964 0.153094 0.254801
v 0.172261 0.150341 0.253990
v 0.171634 0.150025 0.252663
v 0.171418 0.149816 0.251179
v 0.171634 0.149736 0.249682
v 0.172261 0.149792 0.248320
v 0.173236 0.149979 0.247224
v 0.174466 0.150279 0.246504
v 0.175828 0.150662 0.246228
v 0.177191 0.151090 0.246425
v 0.178421 0.151522 0.247075
v 0.179396 0.151915 0.248114
v 0.180023 0.152232 0.249441
v 0.180238 0.152440 0.250925
v 0.180023 0.152520 0.252422
v 0.179396 0.152464 0.253785
v 0.178421 0.152277 0.254880
v 0.177191 0.151977 0.255601
v 0.175828 0.151595 0.255876
v 0.174466 0.151166 0.255679
v 0.173236 0.150734 0.255029
v 0.172862 0.147350 0.254279
v 0.172207 0.147183 0.252938
v 0.171982 0.147026 0.251449
v 0.172207 0.146895 0.249957
v 0.172862 0.146801 0.248609
v 0.173882 0.146755 0.247536
v 0.175167 0.146760 0.246844
v 0.176592 0.146817 0.246600
v 0.178016 0.146919 0.246829
v 0.179301 0.147057 0.247507
v 0.180321 0.147217 0.248569
v 0.180976 0.147384 0.249910
v 0.181201 0.147541 0.251399
v 0.180976 0.147672 0.252891
v 0.180321 0.147766 0.254239
v 0.179301 0.147812 0.255312
v 0.178016 0.147807 0.256004
v 0.176592 0.147750 0.256248
v 0.175167 0.147648 0.256019
v 0.173882 0.147510 0.255341
v 0.172874 0.091909 0.259642
v 0.172218 0.091809 0.258295
v 0.171992 0.091675 0.256803
v 0.172218 0.091521 0.255314
v 0.172874 0.091361 0.253972
v 0.173894 0.091212 0.252909
v 0.175181 0.091087 0.252229
v 0.176607 0.091000 0.252000
v 0.178033 0.090959 0.252242
v 0.179319 0.090967 0.252933
v 0.180340 0.091024 0.254004
v 0.180996 0.091125 0.255352
v 0.181222 0.091259 0.256843
v 0.180996 0.091413 0.258333
v 0.180340 0.091573 0.259675
v 0.179319 0.091722 0.260738
v 0.178033 0.091846 0.261417
v 0.176607 0.091933 0.261647
v 0.175181 0.091975 0.261405
v 0.173894 0.091967 0.260714
v 0.172295 0.088295 0.259992
v 0.171658 0.088316 0.258633
v 0.171438 0.088224 0.257137
v 0.171658 0.088028 0.255651
v 0.172295 0.087747 0.254321
v 0.173287 0.087408 0.253277
v 0.174537 0.087046 0.252620
v 0.175923 0.086695 0.252416
v 0.177309 0.086389 0.252684
v 0.178560 0.086159 0.253398
v 0.179552 0.086027 0.254488
v 0.180189 0.086006 0.255847
v 0.180408 0.086098 0.257343
v 0.180189 0.086294 0.258828
v 0.179552 0.086575 0.260158
v 0.178560 0.086914 0.261203
v 0.177309 0.087276 0.261859
v 0.175923 0.087628 0.262064
v 0.174537 0.087933 0.261796
v 0.173287 0.088163 0.261082
v 0.171145 0.085523 0.260260
v 0.170578 0.085725 0.258883
v 0.170383 0.085696 0.257382
v 0.170578 0.085437 0.255902
v 0.171145 0.084975 0.254589
v 0.172027 0.084354 0.253572
v 0.173139 0.083635 0.252950
v 0.174372 0.082889 0.252784
v 0.175605 0.082189 0.253090
v 0.176717 0.081603 0.253838
v 0.177600 0.081188 0.254956
v 0.178167 0.080986 0.256333
v 0.178362 0.081016 0.257834
v 0.178167 0.081274 0.259314
v 0.177600 0.081737 0.260626
v 0.176717 0.082358 0.261643
v 0.175605 0.083076 0.262266
v 0.174372 0.083822 0.262432
v 0.173139 0.084523 0.262126
v 0.172027 0.085109 0.261377
v 0.169438 0.083424 0.260463
v 0.169007 0.083801 0.259069
v 0.168858 0.083831 0.257562
v 0.169007 0.083512 0.256088
v 0.169438 0.082876 0.254792
v 0.170109 0.081983 0.253802
v 0.170956 0.080922 0.253213
v 0.171893 0.079796 0.253083
v 0.172831 0.078717 0.253426
v 0.173678 0.077788 0.254207
v 0.174349 0.077102 0.255351
v 0.174780 0.076725 0.256745
v 0.174929 0.076695 0.258252
v 0.174780 0.077014 0.259726
v 0.174349 0.077650 0.261022
v 0.173678 0.078543 0.262012
v 0.172831 0.079604 0.262601
v 0.171893 0.080730 0.262731
v 0.170956 0.081809 0.262388
v 0.170109 0.082738 0.261607
v 0.167094 0.081839 0.260616
v 0.166830 0.082330 0.259212
v 0.166739 0.082400 0.257700
v 0.166830 0.082042 0.256230
v 0.167094 0.081290 0.254946
v 0.167505 0.080219 0.253972
v 0.168023 0.078932 0.253405
v 0.168597 0.077557 0.253300
v 0.169171 0.076227 0.253667
v 0.169689 0.075074 0.254470
v 0.170100 0.074209 0.255631
v 0.170364 0.073717 0.257036
v 0.170455 0.073647 0.258547
v 0.170364 0.074005 0.260017
v 0.170100 0.074757 0.261302
v 0.169689 0.075829 0.262275
v 0.169171 0.077115 0.262842
v 0.168597 0.078490 0.262947
v 0.168023 0.079820 0.262581
v 0.167505 0.080974 0.261777
v 0.164038 0.080773 0.260720
v 0.163923 0.081315 0.259310
v 0.163883 0.081402 0.257797
v 0.163923 0.081026 0.256329
v 0.164038 0.080224 0.255049
v 0.164218 0.079074 0.254083
v 0.164444 0.077689 0.253525
v 0.164695 0.076204 0.253431
v 0.164946 0.074764 0.253808
v 0.165173 0.073511 0.254621
v 0.165353 0.072568 0.255790
v 0.165468 0.072026 0.257199
v 0.165508 0.071938 0.258712
v 0.165468 0.072314 0.260181
v 0.165353 0.073116 0.261460
v 0.165173 0.074266 0.262426
v 0.164946 0.075652 0.262984
v 0.164695 0.077137 0.263078
v 0.164444 0.078576 0.262701
v 0.164218 0.079829 0.261888
v 0.160312 0.080264 0.260769
v 0.160289 0.080818 0.259358
v 0.160282 0.080910 0.257844
v 0.160289 0.080530 0.256377
v 0.160312 0.079715 0.255098
v 0.160346 0.078546 0.254134
v 0.160390 0.077137 0.253579
v 0.160439 0.075625 0.253487
v 0.160487 0.074159 0.253867
v 0.160531 0.072883 0.254682
v 0.160566 0.071920 0.255852
v 0.160588 0.071366 0.257263
v 0.160596 0.071274 0.258777
v 0.160588 0.071654 0.260244
v 0.160566 0.072468 0.261523
v 0.160531 0.073638 0.262487
v 0.160487 0.075047 0.263042
v 0.160439 0.076559 0.263134
v 0.160390 0.078024 0.262754
v 0.160346 0.079301 0.261939
v -0.156047 0.155164 0.249157
v -0.156047 0.155720 0.247746
v -0.156047 0.156683 0.246576
v -0.156047 0.157962 0.245761
v -0.156047 0.159430 0.245380
v -0.156047 0.160943 0.245472
v -0.156047 0.162354 0.246027
v -0.156047 0.163525 0.246991
v -0.156047 0.164340 0.248270
v -0.156047 0.164720 0.249737
v -0.156047 0.164628 0.251251
v -0.156047 0.164073 0.252662
v -0.156047 0.163109 0.253832
v -0.156047 0.161831 0.254647
v -0.156047 0.160363 0.255028
v -0.156047 0.158849 0.254936
v -0.156047 0.157438 0.254381
v -0.156047 0.156268 0.253417
v -0.156047 0.155453 0.252138
v -0.156047 0.155073 0.250671
v -0.172323 0.095880 0.254892
v -0.172980 0.095750 0.253547
v -0.174002 0.095647 0.252480
v -0.175291 0.095581 0.251795
v -0.176720 0.095558 0.251559
v -0.178149 0.095581 0.251795
v -0.179438 0.095647 0.252480
v -0.180461 0.095750 0.253547
v -0.181118 0.095880 0.254892
v -0.181344 0.096024 0.256382
v -0.181118 0.096168 0.257873
v -0.180461 0.096299 0.259218
v -0.179438 0.096402 0.260285
v -0.178149 0.096468 0.260970
v -0.176720 0.096491 0.261206
v -0.175291 0.096468 0.260970
v -0.174002 0.096402 0.260285
v -0.172980 0.096299 0.259218
v -0.172323 0.096168 0.257873
v -0.172096 0.096024 0.256382
v -0.180461 0.143351 0.254666
v -0.181118 0.143221 0.253322
v -0.181344 0.143077 0.251831
v -0.181118 0.142933 0.250340
v -0.180461 0.142803 0.248996
v -0.179438 0.142700 0.247928
v -0.178149 0.142633 0.247243
v -0.176720 0.142610 0.247007
v -0.175291 0.142633 0.247243
v -0.174002 0.142700 0.247928
v -0.172980 0.142803 0.248996
v -0.172323 0.142933 0.250340
v -0.172096 0.143077 0.251831
v -0.172323 0.143221 0.253322
v -0.172980 0.143351 0.254666
v -0.174002 0.143455 0.255733
v -0.175291 0.143521 0.256419
v -0.176720 0.143544 0.256655
v -0.178149 0.143521 0.256419
v -0.179438 0.143455 0.255733
v -0.156047 0.071266 0.257273
v -0.156047 0.071822 0.255862
v -0.156047 0.072786 0.254691
v -0.156047 0.074064 0.253876
v -0.156047 0.075532 0.253496
v -0.156047 0.077045 0.253588
v -0.156047 0.078456 0.254143
v -0.156047 0.079627 0.255107
v -0.156047 0.080442 0.256385
v -0.156047 0.080822 0.257853
v -0.156047 0.080730 0.259366
v -0.156047 0.080175 0.260777
v -0.156047 0.079211 0.261948
v -0.156047 0.077933 0.262763
v -0.156047 0.076465 0.263143
v -0.156047 0.074951 0.263051
v -0.156047 0.073541 0.262496
v -0.156047 0.072370 0.261532
v -0.156047 0.071555 0.260254
v -0.156047 0.071175 0.258786
v -0.160066 0.155664 0.247752
v -0.160051 0.155109 0.249163
v -0.160045 0.155017 0.250676
v -0.160051 0.155397 0.252144
v -0.160066 0.156212 0.253422
v -0.160089 0.157382 0.254386
v -0.160119 0.158792 0.254941
v -0.160152 0.160305 0.255033
v -0.160185 0.161772 0.254653
v -0.160214 0.163049 0.253838
v -0.160238 0.164013 0.252668
v -0.160253 0.164567 0.251257
v -0.160258 0.164659 0.249743
v -0.160253 0.164279 0.248276
v -0.160238 0.163464 0.246997
v -0.160214 0.162294 0.246033
v -0.160185 0.160884 0.245478
v -0.160152 0.159371 0.245386
v -0.160119 0.157905 0.245766
v -0.160089 0.156627 0.246581
v -0.163771 0.155318 0.247785
v -0.163690 0.154770 0.249195
v -0.163662 0.154680 0.250709
v -0.163690 0.155058 0.252177
v -0.163771 0.155867 0.253456
v -0.163898 0.157027 0.254421
v -0.164058 0.158425 0.254977
v -0.164235 0.159924 0.255070
v -0.164412 0.161377 0.254691
v -0.164572 0.162643 0.253877
v -0.164699 0.163597 0.252708
v -0.164780 0.164145 0.251298
v -0.164808 0.164235 0.249784
v -0.164780 0.163857 0.248316
v -0.164699 0.163048 0.247037
v -0.164572 0.161888 0.246072
v -0.164412 0.160490 0.245516
v -0.164235 0.158991 0.245423
v -0.164058 0.157537 0.245802
v -0.163898 0.156272 0.246616
v -0.166976 0.154536 0.247861
v -0.166776 0.154017 0.249268
v -0.166708 0.153938 0.250780
v -0.166776 0.154306 0.252249
v -0.166976 0.155085 0.253531
v -0.167286 0.156199 0.254501
v -0.167678 0.157539 0.255063
v -0.168112 0.158974 0.255162
v -0.168546 0.160363 0.254789
v -0.168937 0.161570 0.253981
v -0.169248 0.162478 0.252816
v -0.169447 0.162997 0.251409
v -0.169516 0.163076 0.249896
v -0.169447 0.162709 0.248427
v -0.169248 0.161929 0.247145
v -0.168937 0.160815 0.246176
v -0.168546 0.159475 0.245614
v -0.168112 0.158040 0.245515
v -0.167678 0.156651 0.245887
v -0.167286 0.155444 0.246696
v -0.169451 0.153341 0.247976
v -0.169091 0.152907 0.249376
v -0.168967 0.152857 0.250885
v -0.169091 0.153195 0.252357
v -0.169451 0.153889 0.253647
v -0.170012 0.154871 0.254629
v -0.170720 0.156045 0.255207
v -0.171504 0.157295 0.255325
v -0.172288 0.158500 0.254970
v -0.172995 0.159541 0.254177
v -0.173557 0.160316 0.253025
v -0.173917 0.160750 0.251626
v -0.174041 0.160800 0.250117
v -0.173917 0.160462 0.248645
v -0.173557 0.159768 0.247355
v -0.172995 0.158786 0.246372
v -0.172288 0.157612 0.245794
v -0.171504 0.156362 0.245677
v -0.170720 0.155157 0.246032
v -0.170012 0.154116 0.246824
v -0.171146 0.151825 0.248123
v -0.170621 0.151559 0.249506
v -0.170440 0.151566 0.251010
v -0.170621 0.151847 0.252487
v -0.171146 0.152373 0.253794
v -0.171964 0.153094 0.254801
v -0.172994 0.153938 0.255411
v -0.174136 0.154824 0.255564
v -0.175278 0.155663 0.255244
v -0.176308 0.156375 0.254484
v -0.177126 0.156889 0.253357
v -0.177651 0.157156 0.251974
v -0.177832 0.157148 0.250470
v -0.177651 0.156867 0.248992
v -0.177126 0.156341 0.247686
v -0.176308 0.155620 0.246679
v -0.175278 0.154776 0.246069
v -0.174136 0.153890 0.245916
v -0.172994 0.153051 0.246236
v -0.171964 0.152339 0.246996
v -0.172261 0.149792 0.248320
v -0.171634 0.149736 0.249682
v -0.171418 0.149816 0.251179
v -0.171634 0.150025 0.252663
v -0.172261 0.150341 0.253990
v -0.173236 0.150734 0.255029
v -0.174466 0.151166 0.255679
v -0.175828 0.151595 0.255876
v -0.177191 0.151977 0.255601
v -0.178421 0.152277 0.254880
v -0.179396 0.152464 0.253785
v -0.180023 0.152520 0.252422
v -0.180238 0.152440 0.250925
v -0.180023 0.152232 0.249441
v -0.179396 0.151915 0.248114
v -0.178421 0.151522 0.247075
v -0.177191 0.151090 0.246425
v -0.175828 0.150662 0.246228
v -0.174466 0.150279 0.246504
v -0.173236 0.149979 0.247224
v -0.172862 0.146801 0.248609
v -0.172207 0.146895 0.249957
v -0.171982 0.147026 0.251449
v -0.172207 0.147183 0.252938
v -0.172862 0.147350 0.254279
v -0.173882 0.147510 0.255341
v -0.175167 0.147648 0.256019
v -0.176592 0.147750 0.256248
v -0.178016 0.147807 0.256004
v -0.179301 0.147812 0.255312
v -0.180321 0.147766 0.254239
v -0.180976 0.147672 0.252891
v -0.181201 0.147541 0.251399
v -0.180976 0.147384 0.249910
v -0.180321 0.147217 0.248569
v -0.179301 0.147057 0.247507
v -0.178016 0.146919 0.246829
v -0.176592 0.146817 0.246600
v -0.175167 0.146760 0.246844
v -0.173882 0.146755 0.247536
v -0.172874 0.091361 0.253972
v -0.172218 0.091521 0.255314
v -0.171992 0.091675 0.256803
v -0.172218 0.091809 0.258295
v -0.172874 0.091909 0.259642
v -0.173894 0.091967 0.260714
v -0.175181 0.091975 0.261405
v -0.176607 0.091933 0.261647
v -0.178033 0.091846 0.261417
v -0.179319 0.091722 0.260738
v -0.180340 0.091573 0.259675
v -0.180996 0.091413 0.258333
v -0.181222 0.091259 0.256843
v -0.180996 0.091125 0.255352
v -0.180340 0.091024 0.254004
v -0.179319 0.090967 0.252933
v -0.178033 0.090959 0.252242
v -0.176607 0.091000 0.252000
v -0.175181 0.091087 0.252229
v -0.173894 0.091212 0.252909
v -0.172295 0.087747 0.254321
v -0.171658 0.088028 0.255651
v -0.171438 0.088224 0.257137
v -0.171658 0.088316 0.258633
v -0.172295 0.088295 0.259992
v -0.173287 0.088163 0.261082
v -0.174537 0.087933 0.261796
v -0.175923 0.087628 0.262064
v -0.177309 0.087276 0.261859
v -0.178560 0.086914 0.261203
v -0.179552 0.086575 0.260158
v -0.180189 0.086294 0.258828
v -0.180408 0.086098 0.257343
v -0.180189 0.086006 0.255847
v -0.179552 0.086027 0.254488
v -0.178560 0.086159 0.253398
v -0.177309 0.086389 0.252684
v -0.175923 0.086695 0.252416
v -0.174537 0.087046 0.252620
v -0.173287 0.087408 0.253277
v -0.171145 0.084975 0.254589
v -0.170578 0.085437 0.255902
v -0.170383 0.085696 0.257382
v -0.170578 0.085725 0.258883
v -0.171145 0.085523 0.260260
v -0.172027 0.085109 0.261377
v -0.173139 0.084523 0.262126
v -0.174372 0.083822 0.262432
v -0.175605 0.083076 0.262266
v -0.176717 0.082358 0.261643
v -0.177600 0.081737 0.260626
v -0.178167 0.081274 0.259314
v -0.178362 0.081016 0.257834
v -0.178167 0.080986 0.256333
v -0.177600 0.081188 0.254956
v -0.176717 0.081603 0.253838
v -0.175605 0.082189 0.253090
v -0.174372 0.082889 0.252784
v -0.173139 0.083635 0.252950
v -0.172027 0.084354 0.253572
v -0.169438 0.082876 0.254792
v -0.169007 0.083512 0.256088
v -0.168858 0.083831 0.257562
v -0.169007 0.083801 0.259069
v -0.169438 0.083424 0.260463
v -0.170109 0.082738 0.261607
v -0.170956 0.081809 0.262388
v -0.171893 0.080730 0.262731
v -0.172831 0.079604 0.262601
v -0.173678 0.078543 0.262012
v -0.174349 0.077650 0.261022
v -0.174780 0.077014 0.259726
v -0.174929 0.076695 0.258252
v -0.174780 0.076725 0.256745
v -0.174349 0.077102 0.255351
v -0.173678 0.077788 0.254207
v -0.172831 0.078717 0.253426
v -0.171893 0.079796 0.253083
v -0.170956 0.080922 0.253213
v -0.170109 0.081983 0.253802
v -0.167094 0.081290 0.254946
v -0.166830 0.082042 0.256230
v -0.166739 0.082400 0.257700
v -0.166830 0.082330 0.259212
v -0.167094 0.081839 0.260616
v -0.167505 0.080974 0.261777
v -0.168023 0.079820 0.262581
v -0.168597 0.078490 0.262947
v -0.169171 0.077115 0.262842
v -0.169689 0.075829 0.262275
v -0.170100 0.074757 0.261302
v -0.170364 0.074005 0.260017
v -0.170455 0.073647 0.258547
v -0.170364 0.073717 0.257036
v -0.170100 0.074209 0.255631
v -0.169689 0.075074 0.254470
v -0.169171 0.076227 0.253667
v -0.168597 0.077557 0.253300
v -0.168023 0.078932 0.253405
v -0.167505 0.080219 0.253972
v -0.164038 0.080224 0.255049
v -0.163923 0.081026 0.256329
v -0.163883 0.081402 0.257797
v -0.163923 0.081315 0.259310
v -0.164038 0.080773 0.260720
v -0.164218 0.079829 0.261888
v -0.164444 0.078576 0.262701
v -0.164695 0.077137 0.263078
v -0.164946 0.075652 0.262984
v -0.165173 0.074266 0.262426
v -0.165353 0.073116 0.261460
v -0.165468 0.072314 0.260181
v -0.165508 0.071938 0.258712
v -0.165468 0.072026 0.257199
v -0.165353 0.072568 0.255790
v -0.165173 0.073511 0.254621
v -0.164946 0.074764 0.253808
v -0.164695 0.076204 0.253431
v -0.164444 0.077689 0.253525
v -0.164218 0.079074 0.254083
v -0.160312 0.079715 0.255098
v -0.160289 0.080530 0.256377
v -0.160282 0.080910 0.257844
v -0.160289 0.080818 0.259358
v -0.160312 0.080264 0.260769
v -0.160346 0.079301 0.261939
v -0.160390 0.078024 0.262754
v -0.160439 0.076559 0.263134
v -0.160487 0.075047 0.263042
v -0.160531 0.073638 0.262487
v -0.160566 0.072468 0.261523
v -0.160588 0.071654 0.260244
v -0.160596 0.071274 0.258777
v -0.160588 0.071366 0.257263
v -0.160566 0.071920 0.255852
v -0.160531 0.072883 0.254682
v -0.160487 0.074159 0.253867
v -0.160439 0.075625 0.253487
v -0.160390 0.077137 0.253579
v -0.160346 0.078546 0.254134
v 0.103800 0.159896 0.250204
v -0.103800 0.159896 0.250204
v 0.104757 0.163525 0.246991
v 0.103800 0.162799 0.247634
v 0.104757 0.164340 0.248270
v 0.103800 0.163451 0.248656
v 0.104757 0.164720 0.249737
v 0.103800 0.163755 0.249831
v 0.104757 0.164628 0.251251
v 0.103800 0.163682 0.251042
v 0.104757 0.164073 0.252662
v 0.103800 0.163238 0.252170
v 0.104757 0.163109 0.253832
v 0.103800 0.162467 0.253107
v 0.104757 0.161831 0.254647
v 0.103800 0.161444 0.253759
v 0.104757 0.160363 0.255028
v 0.103800 0.160270 0.254063
v 0.104757 0.158849 0.254936
v 0.103800 0.159059 0.253990
v 0.104757 0.157438 0.254381
v 0.103800 0.157930 0.253546
v 0.104757 0.156268 0.253417
v 0.103800 0.156994 0.252774
v 0.104757 0.155453 0.252138
v 0.103800 0.156341 0.251752
v 0.104757 0.155073 0.250671
v 0.103800 0.156037 0.250577
v 0.104757 0.155164 0.249157
v 0.103800 0.156111 0.249367
v 0.104757 0.155720 0.247746
v 0.103800 0.156555 0.248238
v 0.104757 0.156683 0.246576
v 0.103800 0.157326 0.247301
v 0.104757 0.157962 0.245761
v 0.103800 0.158349 0.246649
v 0.104757 0.159430 0.245380
v 0.103800 0.159523 0.246345
v 0.104757 0.160943 0.245472
v 0.103800 0.160734 0.246418
v 0.104757 0.162354 0.246027
v 0.103800 0.161863 0.246863
v -0.104757 0.164073 0.252662
v -0.103800 0.163238 0.252170
v -0.104757 0.164628 0.251251
v -0.103800 0.163682 0.251042
v -0.104757 0.164720 0.249737
v -0.103800 0.163755 0.249831
v -0.104757 0.164340 0.248270
v -0.103800 0.163451 0.248656
v -0.104757 0.163525 0.246991
v -0.103800 0.162799 0.247634
v -0.104757 0.162354 0.246027
v -0.103800 0.161863 0.246863
v -0.104757 0.160943 0.245472
v -0.103800 0.160734 0.246418
v -0.104757 0.159430 0.245380
v -0.103800 0.159523 0.246345
v -0.104757 0.157962 0.245761
v -0.103800 0.158349 0.246649
v -0.104757 0.156683 0.246576
v -0.103800 0.157326 0.247301
v -0.104757 0.155720 0.247746
v -0.103800 0.156555 0.248238
v -0.104757 0.155164 0.249157
v -0.103800 0.156111 0.249367
v -0.104757 0.155073 0.250671
v -0.103800 0.156037 0.250577
v -0.104757 0.155453 0.252138
v -0.103800 0.156341 0.251752
v -0.104757 0.156268 0.253417
v -0.103800 0.156994 0.252774
v -0.104757 0.157438 0.254381
v -0.103800 0.157930 0.253546
v -0.104757 0.158849 0.254936
v -0.103800 0.159059 0.253990
v -0.104757 0.160363 0.255028
v -0.103800 0.160270 0.254063
v -0.104757 0.161831 0.254647
v -0.103800 0.161444 0.253759
v -0.104757 0.163109 0.253832
v -0.103800 0.162467 0.253107
vt 0.393138 0.092704
vt 0.393152 0.092055
vt 0.414213 0.091431
vt 0.414275 0.092080
vt 0.393177 0.091412
vt 0.414135 0.090789
vt 0.393208 0.090776
vt 0.414049 0.090154
vt 0.393241 0.090142
vt 0.413960 0.089522
vt 0.393273 0.089506
vt 0.413874 0.088886
vt 0.393301 0.088861
vt 0.413795 0.088242
vt 0.393321 0.088205
vt 0.413725 0.087586
vt 0.393331 0.087538
vt 0.413669 0.086919
vt 0.393330 0.086865
vt 0.413625 0.086245
vt 0.393317 0.086192
vt 0.413596 0.085571
vt 0.393295 0.085525
vt 0.413582 0.084904
vt 0.393265 0.084869
vt 0.413581 0.084247
vt 0.393227 0.084224
vt 0.413588 0.083601
vt 0.393187 0.083587
vt 0.414310 0.095952
vt 0.393260 0.095940
vt 0.414322 0.095318
vt 0.393218 0.095303
vt 0.414335 0.094681
vt 0.393179 0.094660
vt 0.414343 0.094038
vt 0.393151 0.094011
vt 0.414339 0.093388
vt 0.393137 0.093358
vt 0.414317 0.092734
vt 0.416226 0.091333
vt 0.416335 0.092007
vt 0.416393 0.092688
vt 0.416386 0.093368
vt 0.416330 0.094039
vt 0.416244 0.094693
vt 0.416145 0.095332
vt 0.415490 0.082962
vt 0.415403 0.083591
vt 0.415331 0.084227
vt 0.415281 0.084873
vt 0.415261 0.085529
vt 0.415273 0.086190
vt 0.415312 0.086851
vt 0.415389 0.087505
vt 0.415495 0.088148
vt 0.415625 0.088781
vt 0.415774 0.089408
vt 0.415932 0.090037
vt 0.416088 0.090677
vt 0.427146 0.091597
vt 0.427086 0.092255
vt 0.425121 0.092168
vt 0.425211 0.091509
vt 0.427038 0.092912
vt 0.425062 0.092827
vt 0.427001 0.093570
vt 0.425043 0.093490
vt 0.426977 0.094230
vt 0.425049 0.094152
vt 0.426960 0.094891
vt 0.425078 0.094815
vt 0.426948 0.095554
vt 0.425119 0.095479
vt 0.426935 0.096219
vt 0.425970 0.082874
vt 0.427773 0.083604
vt 0.426015 0.083541
vt 0.427760 0.084272
vt 0.426051 0.084208
vt 0.427741 0.084942
vt 0.426072 0.084877
vt 0.427714 0.085612
vt 0.426072 0.085545
vt 0.427679 0.086282
vt 0.426044 0.086214
vt 0.427634 0.086952
vt 0.425996 0.086882
vt 0.427578 0.087621
vt 0.425924 0.087548
vt 0.427514 0.088288
vt 0.425828 0.088212
vt 0.427442 0.088954
vt 0.425714 0.088874
vt 0.427366 0.089617
vt 0.425587 0.089534
vt 0.427289 0.090279
vt 0.425454 0.090193
vt 0.427215 0.090938
vt 0.425326 0.090851
vt 0.423276 0.092092
vt 0.423380 0.091425
vt 0.423216 0.092762
vt 0.423204 0.093434
vt 0.423233 0.094105
vt 0.423289 0.094773
vt 0.423357 0.095439
vt 0.424149 0.082857
vt 0.424221 0.083517
vt 0.424280 0.084177
vt 0.424320 0.084837
vt 0.424333 0.085498
vt 0.424318 0.086160
vt 0.424272 0.086820
vt 0.424197 0.087480
vt 0.424094 0.088137
vt 0.423967 0.088793
vt 0.423822 0.089448
vt 0.423668 0.090103
vt 0.423515 0.090762
vt 0.421605 0.092025
vt 0.421703 0.091343
vt 0.421553 0.092716
vt 0.421552 0.093407
vt 0.421593 0.094091
vt 0.421659 0.094766
vt 0.421733 0.095430
vt 0.422343 0.082880
vt 0.422423 0.083529
vt 0.422490 0.084176
vt 0.422535 0.084824
vt 0.422556 0.085474
vt 0.422550 0.086125
vt 0.422514 0.086776
vt 0.422451 0.087425
vt 0.422362 0.088072
vt 0.422249 0.088717
vt 0.422118 0.089363
vt 0.421975 0.090013
vt 0.421832 0.090672
vt 0.420203 0.091968
vt 0.420261 0.091266
vt 0.420176 0.092689
vt 0.420175 0.093407
vt 0.420202 0.094107
vt 0.420248 0.094779
vt 0.420293 0.095441
vt 0.420602 0.082943
vt 0.420661 0.083576
vt 0.420708 0.084205
vt 0.420742 0.084837
vt 0.420759 0.085474
vt 0.420760 0.086113
vt 0.420741 0.086753
vt 0.420705 0.087391
vt 0.420654 0.088024
vt 0.420589 0.088654
vt 0.420512 0.089287
vt 0.420427 0.089930
vt 0.420340 0.090592
vt 0.419061 0.091943
vt 0.419046 0.091225
vt 0.419065 0.092675
vt 0.419060 0.093405
vt 0.419043 0.094117
vt 0.419024 0.094803
vt 0.418999 0.095445
vt 0.418935 0.083019
vt 0.418929 0.083629
vt 0.418925 0.084239
vt 0.418922 0.084857
vt 0.418921 0.085485
vt 0.418923 0.086121
vt 0.418928 0.086760
vt 0.418937 0.087395
vt 0.418950 0.088017
vt 0.418966 0.088632
vt 0.418984 0.089249
vt 0.419005 0.089879
vt 0.419028 0.090532
vt 0.417899 0.091954
vt 0.417812 0.091252
vt 0.417937 0.092673
vt 0.417924 0.093389
vt 0.417864 0.094087
vt 0.417778 0.094756
vt 0.417686 0.095399
vt 0.417262 0.082997
vt 0.417187 0.083616
vt 0.417126 0.084237
vt 0.417083 0.084866
vt 0.417061 0.085505
vt 0.417063 0.086150
vt 0.417096 0.086794
vt 0.417154 0.087428
vt 0.417230 0.088059
vt 0.417327 0.088681
vt 0.417441 0.089301
vt 0.417567 0.089930
vt 0.417695 0.090577
vt 0.381272 0.092672
vt 0.381435 0.093316
vt 0.898844 0.019044
vt 0.898844 0.018382
vt 0.381554 0.093962
vt 0.898844 0.019706
vt 0.381609 0.094612
vt 0.898844 0.020368
vt 0.381614 0.095266
vt 0.898844 0.021031
vt 0.381581 0.095923
vt 0.898844 0.021693
vt 0.381528 0.096583
vt 0.898844 0.022355
vt 0.379841 0.084044
vt 0.898845 0.009773
vt 0.379783 0.084711
vt 0.898845 0.010435
vt 0.379737 0.085384
vt 0.898844 0.011097
vt 0.379716 0.086060
vt 0.898844 0.011759
vt 0.379729 0.086738
vt 0.898844 0.012422
vt 0.379781 0.087417
vt 0.898844 0.013084
vt 0.379874 0.088093
vt 0.898844 0.013746
vt 0.380007 0.088765
vt 0.898844 0.014408
vt 0.380178 0.089431
vt 0.898844 0.015071
vt 0.380380 0.090089
vt 0.898844 0.015733
vt 0.380605 0.090741
vt 0.898844 0.016395
vt 0.380839 0.091387
vt 0.898844 0.017057
vt 0.381067 0.092030
vt 0.898844 0.017719
vt 0.390940 0.092758
vt 0.390988 0.092095
vt 0.390930 0.093425
vt 0.390970 0.094091
vt 0.391047 0.094751
vt 0.391144 0.095395
vt 0.391253 0.096028
vt 0.391183 0.083687
vt 0.391282 0.084315
vt 0.391370 0.084950
vt 0.391441 0.085596
vt 0.391489 0.086252
vt 0.391507 0.086917
vt 0.391503 0.087581
vt 0.391471 0.088240
vt 0.391415 0.088890
vt 0.391339 0.089531
vt 0.391250 0.090166
vt 0.391155 0.090801
vt 0.391063 0.091443
vt 0.389102 0.092810
vt 0.389140 0.092129
vt 0.389106 0.093501
vt 0.389153 0.094188
vt 0.389238 0.094861
vt 0.389345 0.095514
vt 0.389459 0.096149
vt 0.389258 0.083810
vt 0.389345 0.084434
vt 0.389426 0.085052
vt 0.389492 0.085683
vt 0.389540 0.086326
vt 0.389567 0.086978
vt 0.389566 0.087632
vt 0.389544 0.088281
vt 0.389501 0.088922
vt 0.389440 0.089554
vt 0.389367 0.090184
vt 0.389285 0.090818
vt 0.389206 0.091465
vt 0.387595 0.092865
vt 0.387583 0.092168
vt 0.387627 0.093576
vt 0.387674 0.094284
vt 0.387738 0.094973
vt 0.387811 0.095635
vt 0.387885 0.096270
vt 0.387412 0.083899
vt 0.387448 0.084511
vt 0.387489 0.085135
vt 0.387526 0.085766
vt 0.387558 0.086406
vt 0.387583 0.087052
vt 0.387601 0.087698
vt 0.387610 0.088338
vt 0.387613 0.088968
vt 0.387611 0.089591
vt 0.387603 0.090214
vt 0.387594 0.090845
vt 0.387585 0.091495
vt 0.386241 0.092945
vt 0.386165 0.092251
vt 0.386302 0.093653
vt 0.386349 0.094360
vt 0.386379 0.095056
vt 0.386401 0.095731
vt 0.386421 0.096387
vt 0.385586 0.083936
vt 0.385571 0.084568
vt 0.385566 0.085199
vt 0.385572 0.085833
vt 0.385588 0.086473
vt 0.385615 0.087116
vt 0.385656 0.087759
vt 0.385706 0.088397
vt 0.385767 0.089030
vt 0.385836 0.089658
vt 0.385912 0.090286
vt 0.385995 0.090923
vt 0.386081 0.091577
vt 0.384827 0.093046
vt 0.384698 0.092362
vt 0.384916 0.093741
vt 0.384963 0.094438
vt 0.384969 0.095130
vt 0.384951 0.095810
vt 0.384925 0.096476
vt 0.383727 0.083970
vt 0.383678 0.084616
vt 0.383643 0.085260
vt 0.383629 0.085905
vt 0.383638 0.086551
vt 0.383671 0.087199
vt 0.383733 0.087845
vt 0.383820 0.088488
vt 0.383931 0.089127
vt 0.384063 0.089762
vt 0.384213 0.090399
vt 0.384376 0.091040
vt 0.384542 0.091694
vt 0.383231 0.093170
vt 0.383072 0.092503
vt 0.383338 0.093845
vt 0.383389 0.094523
vt 0.383389 0.095201
vt 0.383354 0.095875
vt 0.383304 0.096543
vt 0.381808 0.084011
vt 0.381745 0.084669
vt 0.381698 0.085327
vt 0.381676 0.085985
vt 0.381684 0.086644
vt 0.381727 0.087301
vt 0.381807 0.087957
vt 0.381922 0.088610
vt 0.382071 0.089259
vt 0.382249 0.089904
vt 0.382449 0.090548
vt 0.382663 0.091194
vt 0.382876 0.091844
vt 0.434783 0.069486
vt 0.434754 0.070135
vt 0.413592 0.069504
vt 0.413598 0.068854
vt 0.434716 0.070777
vt 0.413602 0.070148
vt 0.434674 0.071412
vt 0.413617 0.070786
vt 0.434633 0.072045
vt 0.414339 0.058438
vt 0.434712 0.059691
vt 0.414350 0.059076
vt 0.434674 0.060335
vt 0.414357 0.059722
vt 0.434643 0.060990
vt 0.414355 0.060380
vt 0.434621 0.061657
vt 0.414340 0.061048
vt 0.434610 0.062330
vt 0.414313 0.061722
vt 0.434611 0.063003
vt 0.414271 0.062395
vt 0.434620 0.063671
vt 0.414214 0.063061
vt 0.434640 0.064328
vt 0.414144 0.063716
vt 0.434667 0.064974
vt 0.414064 0.064359
vt 0.434699 0.065612
vt 0.413979 0.064993
vt 0.434733 0.066247
vt 0.413891 0.065624
vt 0.434764 0.066885
vt 0.413806 0.066258
vt 0.434789 0.067529
vt 0.413730 0.066899
vt 0.434801 0.068179
vt 0.413667 0.067547
vt 0.434799 0.068833
vt 0.413622 0.068200
vt 0.762536 0.012415
vt 0.762536 0.011753
vt 0.762536 0.011091
vt 0.762536 0.010428
vt 0.762535 0.023011
vt 0.762536 0.022349
vt 0.762536 0.021686
vt 0.762536 0.021024
vt 0.762536 0.020362
vt 0.762536 0.019700
vt 0.762536 0.019037
vt 0.762536 0.018375
vt 0.762536 0.017713
vt 0.762536 0.017051
vt 0.762536 0.016388
vt 0.762536 0.015726
vt 0.762536 0.015064
vt 0.762536 0.014402
vt 0.762536 0.013740
vt 0.762536 0.013077
vt 0.411616 0.069509
vt 0.411557 0.068834
vt 0.411546 0.068152
vt 0.411601 0.067473
vt 0.411706 0.066802
vt 0.411846 0.066148
vt 0.412004 0.065509
vt 0.412162 0.064881
vt 0.412311 0.064254
vt 0.412441 0.063622
vt 0.412546 0.062979
vt 0.412622 0.062326
vt 0.412665 0.061666
vt 0.412681 0.061004
vt 0.412659 0.060349
vt 0.412609 0.059703
vt 0.412537 0.059067
vt 0.411895 0.071431
vt 0.411799 0.070801
vt 0.411701 0.070163
vt 0.400963 0.069705
vt 0.400937 0.069046
vt 0.402900 0.068964
vt 0.402893 0.069626
vt 0.400902 0.068387
vt 0.402877 0.068303
vt 0.400854 0.067730
vt 0.402815 0.067642
vt 0.400793 0.067071
vt 0.402725 0.066983
vt 0.400724 0.066413
vt 0.402611 0.066324
vt 0.400649 0.065752
vt 0.402482 0.065666
vt 0.400571 0.065090
vt 0.402350 0.065007
vt 0.400495 0.064426
vt 0.402222 0.064346
vt 0.400424 0.063760
vt 0.402108 0.063684
vt 0.400360 0.063092
vt 0.402013 0.063019
vt 0.400306 0.062423
vt 0.401939 0.062353
vt 0.400260 0.061753
vt 0.401894 0.061685
vt 0.400224 0.061083
vt 0.401869 0.061017
vt 0.400197 0.060412
vt 0.401869 0.060348
vt 0.400179 0.059743
vt 0.401889 0.059679
vt 0.400166 0.059075
vt 0.401926 0.059012
vt 0.400155 0.058409
vt 0.402784 0.071618
vt 0.400993 0.071029
vt 0.402824 0.070953
vt 0.400980 0.070366
vt 0.402864 0.070289
vt 0.404736 0.068908
vt 0.404708 0.069579
vt 0.404723 0.068236
vt 0.404661 0.067565
vt 0.404557 0.066898
vt 0.404421 0.066235
vt 0.404269 0.065576
vt 0.404114 0.064920
vt 0.403969 0.064265
vt 0.403843 0.063609
vt 0.403740 0.062951
vt 0.403665 0.062292
vt 0.403621 0.061631
vt 0.403606 0.060970
vt 0.403620 0.060308
vt 0.403660 0.059648
vt 0.403720 0.058988
vt 0.404524 0.071576
vt 0.404587 0.070913
vt 0.404653 0.070248
vt 0.406388 0.068880
vt 0.406349 0.069564
vt 0.406385 0.068188
vt 0.406333 0.067498
vt 0.406234 0.066815
vt 0.406105 0.066145
vt 0.405961 0.065486
vt 0.405818 0.064835
vt 0.405687 0.064189
vt 0.405575 0.063544
vt 0.405486 0.062897
vt 0.405423 0.062248
vt 0.405388 0.061597
vt 0.405383 0.060946
vt 0.405404 0.060296
vt 0.405451 0.059648
vt 0.405518 0.059000
vt 0.406148 0.071560
vt 0.406211 0.070904
vt 0.406284 0.070239
vt 0.407765 0.068879
vt 0.407739 0.069579
vt 0.407763 0.068161
vt 0.407735 0.067440
vt 0.407676 0.066738
vt 0.407596 0.066064
vt 0.407509 0.065402
vt 0.407424 0.064759
vt 0.407347 0.064126
vt 0.407281 0.063496
vt 0.407231 0.062863
vt 0.407196 0.062226
vt 0.407177 0.061586
vt 0.407180 0.060946
vt 0.407198 0.060309
vt 0.407233 0.059677
vt 0.407281 0.059048
vt 0.407617 0.071559
vt 0.407652 0.070913
vt 0.407695 0.070251
vt 0.408881 0.068876
vt 0.408899 0.069588
vt 0.408874 0.068146
vt 0.408876 0.067414
vt 0.408890 0.066696
vt 0.408907 0.066003
vt 0.408931 0.065351
vt 0.408952 0.064721
vt 0.408970 0.064104
vt 0.408985 0.063488
vt 0.408997 0.062867
vt 0.409007 0.062236
vt 0.409014 0.061599
vt 0.409018 0.060961
vt 0.409019 0.060328
vt 0.409017 0.059711
vt 0.409013 0.059101
vt 0.408970 0.071533
vt 0.408946 0.070916
vt 0.408920 0.070274
vt 0.410017 0.068859
vt 0.410079 0.069557
vt 0.410001 0.068142
vt 0.410037 0.067424
vt 0.410123 0.066723
vt 0.410240 0.066049
vt 0.410369 0.065402
vt 0.410495 0.064774
vt 0.410610 0.064155
vt 0.410708 0.063534
vt 0.410786 0.062904
vt 0.410842 0.062266
vt 0.410874 0.061621
vt 0.410876 0.060978
vt 0.410853 0.060344
vt 0.410813 0.059714
vt 0.410753 0.059092
vt 0.410344 0.071495
vt 0.410260 0.070869
vt 0.410166 0.070226
vt 0.446312 0.070755
vt 0.446321 0.070101
vt 0.446375 0.069451
vt 0.446493 0.068806
vt 0.446661 0.068164
vt 0.446869 0.067524
vt 0.447099 0.066882
vt 0.447335 0.066237
vt 0.447561 0.065586
vt 0.447765 0.064928
vt 0.447937 0.064262
vt 0.448072 0.063591
vt 0.448166 0.062915
vt 0.448219 0.062237
vt 0.448234 0.061558
vt 0.448215 0.060882
vt 0.448170 0.060210
vt 0.446447 0.072737
vt 0.446393 0.072073
vt 0.446342 0.071412
vt 0.436966 0.069567
vt 0.436892 0.070224
vt 0.437004 0.068902
vt 0.436993 0.068233
vt 0.436944 0.067568
vt 0.436871 0.066914
vt 0.436781 0.066271
vt 0.436687 0.065635
vt 0.436599 0.065000
vt 0.436523 0.064359
vt 0.436467 0.063708
vt 0.436435 0.063049
vt 0.436434 0.062383
vt 0.436456 0.061719
vt 0.436504 0.061062
vt 0.436574 0.060415
vt 0.436662 0.059780
vt 0.436576 0.072129
vt 0.436685 0.071502
vt 0.436794 0.070868
vt 0.438781 0.069664
vt 0.438696 0.070336
vt 0.438827 0.068977
vt 0.438831 0.068286
vt 0.438794 0.067603
vt 0.438729 0.066937
vt 0.438651 0.066289
vt 0.438572 0.065652
vt 0.438501 0.065019
vt 0.438440 0.064392
vt 0.438397 0.063755
vt 0.438375 0.063108
vt 0.438375 0.062454
vt 0.438403 0.061800
vt 0.438452 0.061154
vt 0.438519 0.060518
vt 0.438601 0.059892
vt 0.438368 0.072248
vt 0.438476 0.071624
vt 0.438590 0.070989
vt 0.440259 0.069761
vt 0.440194 0.070450
vt 0.440306 0.069054
vt 0.440338 0.068342
vt 0.440350 0.067646
vt 0.440349 0.066973
vt 0.440341 0.066325
vt 0.440333 0.065695
vt 0.440326 0.065075
vt 0.440323 0.064445
vt 0.440327 0.063810
vt 0.440339 0.063168
vt 0.440360 0.062521
vt 0.440388 0.061876
vt 0.440423 0.061240
vt 0.440463 0.060614
vt 0.440505 0.059998
vt 0.439976 0.072361
vt 0.440047 0.071747
vt 0.440122 0.071112
vt 0.441582 0.069839
vt 0.441551 0.070534
vt 0.441629 0.069132
vt 0.441691 0.068425
vt 0.441768 0.067731
vt 0.441853 0.067058
vt 0.441940 0.066405
vt 0.442024 0.065768
vt 0.442102 0.065140
vt 0.442172 0.064512
vt 0.442234 0.063879
vt 0.442287 0.063241
vt 0.442330 0.062599
vt 0.442359 0.061957
vt 0.442378 0.061318
vt 0.442386 0.060684
vt 0.442383 0.060054
vt 0.441483 0.072506
vt 0.441509 0.071865
vt 0.441529 0.071210
vt 0.442967 0.069920
vt 0.442960 0.070611
vt 0.443014 0.069222
vt 0.443105 0.068528
vt 0.443235 0.067845
vt 0.443393 0.067178
vt 0.443560 0.066525
vt 0.443724 0.065884
vt 0.443876 0.065249
vt 0.444010 0.064614
vt 0.444122 0.063976
vt 0.444211 0.063333
vt 0.444275 0.062688
vt 0.444310 0.062041
vt 0.444321 0.061394
vt 0.444309 0.060750
vt 0.444276 0.060106
vt 0.443022 0.072611
vt 0.443002 0.071957
vt 0.442977 0.071291
vt 0.444540 0.070008
vt 0.444538 0.070686
vt 0.444592 0.069330
vt 0.444701 0.068655
vt 0.444862 0.067989
vt 0.445059 0.067332
vt 0.445274 0.066683
vt 0.445490 0.066038
vt 0.445692 0.065395
vt 0.445871 0.064751
vt 0.446021 0.064102
vt 0.446138 0.063450
vt 0.446220 0.062795
vt 0.446264 0.062137
vt 0.446274 0.061479
vt 0.446253 0.060821
vt 0.446208 0.060164
vt 0.444667 0.072690
vt 0.444620 0.072027
vt 0.444571 0.071359
vt 0.450064 0.085961
vt 0.986692 0.013664
vt 0.987191 0.013501
vt 0.450034 0.086627
vt 0.450093 0.085295
vt 0.986167 0.013665
vt 0.987615 0.013191
vt 0.450003 0.087294
vt 0.987922 0.012766
vt 0.449972 0.087960
vt 0.988083 0.012266
vt 0.449940 0.088627
vt 0.988082 0.011741
vt 0.449908 0.089293
vt 0.987919 0.011242
vt 0.449876 0.089959
vt 0.987609 0.010818
vt 0.449843 0.090624
vt 0.987184 0.010510
vt 0.449810 0.091289
vt 0.986684 0.010349
vt 0.449777 0.091953
vt 0.986159 0.010350
vt 0.449745 0.092617
vt 0.985660 0.010514
vt 0.449713 0.093280
vt 0.985236 0.010823
vt 0.449681 0.093943
vt 0.984929 0.011249
vt 0.449651 0.094605
vt 0.984767 0.011749
vt 0.449620 0.095268
vt 0.984769 0.012274
vt 0.449591 0.095931
vt 0.984932 0.012773
vt 0.449561 0.096595
vt 0.985242 0.013197
vt 0.450152 0.083965
vt 0.985667 0.013504
vt 0.450122 0.084630
vt 0.377999 0.064104
vt 0.984932 0.027702
vt 0.985242 0.028126
vt 0.377967 0.063438
vt 0.378032 0.064770
vt 0.984769 0.027203
vt 0.985667 0.028434
vt 0.377936 0.062771
vt 0.986167 0.028595
vt 0.377905 0.062104
vt 0.986692 0.028594
vt 0.377875 0.061438
vt 0.987191 0.028430
vt 0.377845 0.060772
vt 0.987615 0.028121
vt 0.377815 0.060106
vt 0.987922 0.027695
vt 0.378407 0.072735
vt 0.988083 0.027196
vt 0.378378 0.072070
vt 0.988082 0.026671
vt 0.378348 0.071406
vt 0.987919 0.026172
vt 0.378319 0.070742
vt 0.987609 0.025748
vt 0.378289 0.070079
vt 0.987184 0.025440
vt 0.378258 0.069416
vt 0.986684 0.025279
vt 0.378227 0.068754
vt 0.986159 0.025280
vt 0.378195 0.068091
vt 0.985660 0.025444
vt 0.378163 0.067428
vt 0.985236 0.025753
vt 0.378130 0.066764
vt 0.984929 0.026179
vt 0.378098 0.066100
vt 0.984767 0.026678
vt 0.378065 0.065435
vt 0.986425 0.012007
vt 0.986425 0.026937
vt 0.401006 0.071693
vt 0.988447 0.027967
vt 0.377786 0.059441
vt 0.427784 0.082937
vt 0.984821 0.013612
vt 0.449532 0.097259
vt 0.984184 0.027292
vt 0.984184 0.026582
vt 0.984404 0.025907
vt 0.984821 0.025333
vt 0.985395 0.024915
vt 0.986070 0.024696
vt 0.986780 0.024696
vt 0.987455 0.024915
vt 0.988030 0.025333
vt 0.988447 0.025907
vt 0.988666 0.026582
vt 0.988666 0.027292
vt 0.988030 0.028541
vt 0.987456 0.028959
vt 0.986780 0.029178
vt 0.986071 0.029178
vt 0.985395 0.028959
vt 0.984821 0.028542
vt 0.984404 0.027967
vt 0.986071 0.014248
vt 0.985396 0.014029
vt 0.984404 0.013038
vt 0.984185 0.012363
vt 0.984184 0.011653
vt 0.984404 0.010978
vt 0.984821 0.010403
vt 0.985395 0.009986
vt 0.986070 0.009766
vt 0.986780 0.009766
vt 0.987455 0.009985
vt 0.988030 0.010403
vt 0.988447 0.010977
vt 0.988666 0.011652
vt 0.988667 0.012362
vt 0.988447 0.013037
vt 0.988030 0.013611
vt 0.987456 0.014029
vt 0.986781 0.014248
vt 0.379575 0.097211
vt 0.450076 0.059516
vt 0.448113 0.059542
vt 0.446147 0.059505
vt 0.444228 0.059460
vt 0.442370 0.059423
vt 0.440547 0.059385
vt 0.438693 0.059270
vt 0.436760 0.059151
vt 0.434751 0.059056
vt 0.412450 0.058438
vt 0.413629 0.071421
vt 0.410680 0.058473
vt 0.409009 0.058492
vt 0.407341 0.058415
vt 0.405599 0.058352
vt 0.403793 0.058328
vt 0.401971 0.058346
vt 0.381473 0.097247
vt 0.383256 0.097206
vt 0.384905 0.097131
vt 0.386448 0.097027
vt 0.387958 0.096884
vt 0.389567 0.096773
vt 0.391362 0.096655
vt 0.393302 0.096573
vt 0.416051 0.095961
vt 0.413598 0.082964
vt 0.417603 0.096025
vt 0.418977 0.096062
vt 0.420330 0.096087
vt 0.421798 0.096087
vt 0.423420 0.096101
vt 0.425160 0.096144
vt 0.450073 0.063036
vt 0.450138 0.062316
vt 0.449977 0.063755
vt 0.449840 0.064468
vt 0.449664 0.065168
vt 0.449459 0.065852
vt 0.449234 0.066517
vt 0.449003 0.067161
vt 0.448780 0.067786
vt 0.448581 0.068396
vt 0.448419 0.068994
vt 0.448302 0.069588
vt 0.448235 0.070183
vt 0.448227 0.070789
vt 0.448251 0.071411
vt 0.448294 0.072049
vt 0.448342 0.072707
vt 0.762536 0.009766
vt 0.450120 0.060194
vt 0.450154 0.060889
vt 0.450163 0.061598
vt 0.377874 0.087534
vt 0.377968 0.088253
vt 0.377810 0.086814
vt 0.377786 0.086096
vt 0.377797 0.085387
vt 0.377832 0.084692
vt 0.377878 0.084014
vt 0.898844 0.023017
vt 0.379623 0.096553
vt 0.379666 0.095913
vt 0.379690 0.095291
vt 0.379680 0.094683
vt 0.379626 0.094085
vt 0.379523 0.093492
vt 0.379359 0.092894
vt 0.379159 0.092285
vt 0.378937 0.091660
vt 0.378707 0.091015
vt 0.378483 0.090351
vt 0.378279 0.089667
vt 0.378104 0.088966
vn -0.955131 0.030451 0.294614
vn -0.821763 0.056545 0.567017
vn -0.821752 0.052989 0.567376
vn -0.955128 0.026366 0.295018
vn -0.605648 0.077871 0.791913
vn -0.605621 0.075205 0.792191
vn -0.322091 0.091828 0.942245
vn -0.322046 0.090387 0.942399
vn 0.000332 0.096272 0.995355
vn 0.000389 0.096297 0.995353
vn 0.322682 0.090405 0.942180
vn 0.322741 0.091971 0.942008
vn 0.606056 0.075204 0.791859
vn 0.606101 0.078188 0.791535
vn 0.821968 0.052939 0.567069
vn 0.821991 0.057047 0.566636
vn 0.955183 0.026278 0.294847
vn 0.955189 0.031100 0.294358
vn 0.999997 -0.002334 0.000226
vn 0.999996 0.002734 -0.000264
vn 0.955183 -0.030723 -0.294417
vn 0.955189 -0.025897 -0.294861
vn 0.821961 -0.056733 -0.566711
vn 0.821985 -0.052619 -0.567073
vn 0.606060 -0.077966 -0.791589
vn 0.606106 -0.074975 -0.791842
vn 0.322682 -0.091859 -0.942039
vn 0.322741 -0.090289 -0.942171
vn 0.000332 -0.096292 -0.995353
vn 0.000390 -0.096267 -0.995356
vn -0.322092 -0.090473 -0.942375
vn -0.322046 -0.091917 -0.942251
vn -0.605653 -0.075358 -0.792153
vn -0.605628 -0.078028 -0.791913
vn -0.821757 -0.053185 -0.567351
vn -0.821746 -0.056744 -0.567022
vn -0.955131 -0.026583 -0.294989
vn -0.955128 -0.030669 -0.294602
vn -0.999998 0.002018 -0.000195
vn -0.999998 -0.002241 0.000217
vn -0.814046 -0.027909 0.580129
vn -0.949361 -0.067028 0.306953
vn -0.994947 -0.099938 0.009667
vn -0.949361 -0.124620 -0.288416
vn -0.814042 -0.138585 -0.564030
vn -0.595428 -0.139059 -0.791283
vn -0.309939 -0.124116 -0.942620
vn 0.012423 -0.094207 -0.995475
vn 0.331952 -0.052916 -0.941811
vn 0.610343 -0.005994 -0.792115
vn 0.820788 0.040624 -0.569787
vn 0.949919 0.082236 -0.301482
vn 0.993231 0.115615 -0.011184
vn 0.949918 0.138498 0.280132
vn 0.820789 0.149081 0.551435
vn 0.610337 0.145942 0.778582
vn 0.331948 0.128580 0.934493
vn 0.012417 0.098340 0.995075
vn -0.309930 0.058856 0.948936
vn -0.595416 0.015183 0.803274
vn -0.000823 -0.748612 0.663007
vn -0.000962 -0.916869 0.399188
vn -0.049420 -0.914994 0.400430
vn -0.042154 -0.745598 0.665061
vn -0.001009 -0.995353 0.096285
vn -0.051906 -0.994013 0.096148
vn -0.000962 -0.976381 -0.216055
vn -0.049419 -0.974780 -0.217629
vn -0.000823 -0.861807 -0.507237
vn -0.042151 -0.859248 -0.509821
vn -0.000603 -0.662861 -0.748742
vn -0.030696 -0.658986 -0.751529
vn -0.000320 -0.399027 -0.916939
vn -0.016037 -0.394006 -0.918968
vn 0.000003 -0.096131 -0.995369
vn 0.000476 -0.090665 -0.995881
vn 0.000333 0.216163 -0.976357
vn 0.017228 0.221032 -0.975114
vn 0.000638 0.507275 -0.861784
vn 0.032520 0.510543 -0.859237
vn 0.000885 0.748729 -0.662875
vn 0.044762 0.749894 -0.660042
vn 0.001046 0.916905 -0.399104
vn 0.052665 0.916228 -0.397181
vn 0.001101 0.995353 -0.096285
vn 0.055395 0.993827 -0.096128
vn 0.001046 0.976401 0.215963
vn 0.052666 0.975367 0.214210
vn 0.000885 0.861901 0.507076
vn 0.044764 0.862503 0.504068
vn 0.000638 0.663045 0.748579
vn 0.032521 0.665769 0.745449
vn 0.000333 0.399295 0.916823
vn 0.017229 0.403836 0.914669
vn 0.000002 0.096429 0.995340
vn 0.000473 0.101894 0.994795
vn -0.000320 -0.215881 0.976420
vn -0.016038 -0.210564 0.977449
vn -0.000603 -0.507059 0.861911
vn -0.030696 -0.502724 0.863902
vn -0.153344 -0.903498 0.400221
vn -0.130567 -0.734752 0.665652
vn -0.161138 -0.982347 0.095023
vn -0.153343 -0.963457 -0.219626
vn -0.130567 -0.848714 -0.512480
vn -0.094681 -0.649611 -0.754348
vn -0.048901 -0.386225 -0.921108
vn 0.002339 -0.085219 -0.996360
vn 0.053843 0.223047 -0.973320
vn 0.100345 0.508078 -0.855446
vn 0.137172 0.742627 -0.655506
vn 0.160741 0.905106 -0.393632
vn 0.168844 0.981064 -0.094894
vn 0.160739 0.963772 0.212853
vn 0.137173 0.854503 0.501007
vn 0.100348 0.662623 0.742200
vn 0.053846 0.405469 0.912522
vn 0.002336 0.107330 0.994221
vn -0.048904 -0.202515 0.978057
vn -0.094681 -0.492982 0.864873
vn -0.311962 -0.863602 0.396070
vn -0.266481 -0.700205 0.662345
vn -0.327356 -0.940511 0.090977
vn -0.311959 -0.923506 -0.223199
vn -0.266482 -0.814172 -0.515859
vn -0.193670 -0.623150 -0.757744
vn -0.099444 -0.369659 -0.923831
vn 0.006873 -0.080036 -0.996768
vn 0.113796 0.215358 -0.969882
vn 0.209781 0.486533 -0.848102
vn 0.285116 0.707926 -0.646180
vn 0.332923 0.860609 -0.385375
vn 0.349278 0.932666 -0.090218
vn 0.332917 0.918522 0.213270
vn 0.285112 0.818657 0.498511
vn 0.209784 0.640066 0.739126
vn 0.113801 0.397262 0.910622
vn 0.006873 0.112497 0.993628
vn -0.099443 -0.185732 0.977556
vn -0.193667 -0.466358 0.863136
vn -0.515147 -0.765717 0.385099
vn -0.442014 -0.615480 0.652540
vn -0.539486 -0.838083 0.081067
vn -0.515146 -0.825332 -0.231195
vn -0.442011 -0.729142 -0.522473
vn -0.322207 -0.559537 -0.763610
vn -0.164379 -0.333999 -0.928129
vn 0.015083 -0.076656 -0.996944
vn 0.195009 0.184307 -0.963329
vn 0.354646 0.421565 -0.834571
vn 0.478018 0.613422 -0.628659
vn 0.555227 0.745537 -0.368642
vn 0.581431 0.809816 -0.078335
vn 0.555226 0.802373 0.218909
vn 0.478016 0.722544 0.499431
vn 0.354646 0.573708 0.738299
vn 0.195011 0.365532 0.910141
vn 0.015089 0.115851 0.993152
vn -0.164382 -0.149915 0.974938
vn -0.322213 -0.402802 0.856697
vn -0.744076 -0.560892 0.362974
vn -0.636002 -0.441933 0.632611
vn -0.780399 -0.622376 0.060206
vn -0.744076 -0.620064 -0.248740
vn -0.635997 -0.554994 -0.536180
vn -0.461178 -0.434262 -0.773777
vn -0.233303 -0.269869 -0.934206
vn 0.023170 -0.079366 -0.996576
vn 0.276909 0.115378 -0.953944
vn 0.498208 0.292902 -0.816087
vn 0.666129 0.437015 -0.604392
vn 0.769624 0.538091 -0.343711
vn 0.804443 0.591270 -0.057193
vn 0.769626 0.593990 0.234205
vn 0.666131 0.544754 0.509425
vn 0.498204 0.443890 0.744819
vn 0.276908 0.296082 0.914143
vn 0.023169 0.113119 0.993311
vn -0.233312 -0.085809 0.968608
vn -0.461185 -0.277898 0.842663
vn -0.902324 -0.275813 0.331268
vn -0.770352 -0.205222 0.603690
vn -0.947009 -0.319714 0.030927
vn -0.902322 -0.334195 -0.272266
vn -0.770346 -0.317126 -0.553172
vn -0.558774 -0.267724 -0.784917
vn -0.284743 -0.188614 -0.939865
vn 0.022306 -0.087720 -0.995895
vn 0.324529 0.022332 -0.945612
vn 0.586295 0.127820 -0.799950
vn 0.783333 0.217829 -0.582186
vn 0.903921 0.285597 -0.318372
vn 0.944323 0.327492 -0.031679
vn 0.903922 0.341323 0.257729
vn 0.783336 0.325375 0.529638
vn 0.586289 0.278779 0.760623
vn 0.324524 0.203164 0.923801
vn 0.022298 0.104787 0.994245
vn -0.284741 -0.004972 0.958592
vn -0.558776 -0.112312 0.821678
vn -0.060547 0.857533 0.510853
vn -0.070956 0.973303 0.218282
vn -0.000266 0.976388 0.216024
vn -0.000228 0.861841 0.507179
vn -0.074512 0.992587 -0.096016
vn -0.000279 0.995354 -0.096281
vn -0.070956 0.913418 -0.400791
vn -0.000266 0.916880 -0.399162
vn -0.060544 0.743720 -0.665744
vn -0.000228 0.748652 -0.662963
vn -0.044074 0.500519 -0.864603
vn -0.000168 0.507134 -0.861867
vn -0.022927 0.208177 -0.977822
vn -0.000089 0.215980 -0.976398
vn 0.000960 -0.104141 -0.994562
vn 0.000001 -0.096319 -0.995351
vn 0.025234 -0.405480 -0.913756
vn 0.000095 -0.399197 -0.916865
vn 0.047396 -0.666401 -0.744086
vn 0.000181 -0.662977 -0.748640
vn 0.065125 -0.861979 -0.502743
vn 0.000252 -0.861866 -0.507136
vn 0.076561 -0.973948 -0.213458
vn 0.000298 -0.976394 -0.215997
vn 0.080509 -0.992123 0.095970
vn 0.000315 -0.995354 0.096283
vn 0.076560 -0.914977 0.396176
vn 0.000298 -0.916891 0.399139
vn 0.065125 -0.749635 0.658639
vn 0.000252 -0.748681 0.662931
vn 0.047395 -0.511428 0.858018
vn 0.000181 -0.507193 0.861832
vn 0.025234 -0.222821 0.974533
vn 0.000094 -0.216058 0.976381
vn 0.000963 0.088419 0.996083
vn 0.000001 0.096236 0.995359
vn -0.022926 0.391733 0.919793
vn -0.000089 0.399117 0.916900
vn -0.044077 0.656954 0.752641
vn -0.000168 0.662926 0.748685
vn -0.951029 0.108892 0.289285
vn -0.816117 0.124572 0.564300
vn -0.996455 0.083742 -0.008101
vn -0.951030 0.051427 -0.304791
vn -0.816121 0.014105 -0.577710
vn -0.597970 -0.025670 -0.801107
vn -0.312774 -0.064373 -0.947644
vn 0.009786 -0.097586 -0.995179
vn 0.330132 -0.121079 -0.936137
vn 0.609831 -0.132198 -0.781428
vn 0.821723 -0.130393 -0.554770
vn 0.951945 -0.116644 -0.283185
vn 0.995662 -0.092616 0.008959
vn 0.951944 -0.060205 0.300295
vn 0.821724 -0.021643 0.569475
vn 0.609838 0.020028 0.792273
vn 0.330128 0.060596 0.941989
vn 0.009782 0.094968 0.995432
vn -0.312773 0.118454 0.942413
vn -0.597967 0.128352 0.791177
vn -0.920906 0.275528 0.275711
vn -0.787994 0.267262 0.554650
vn -0.965757 0.258244 -0.024981
vn -0.920906 0.217574 -0.323409
vn -0.787994 0.155996 -0.595593
vn -0.573893 0.077284 -0.815275
vn -0.295399 -0.011926 -0.955299
vn 0.017746 -0.101685 -0.994658
vn 0.326898 -0.180700 -0.927623
vn 0.595349 -0.239801 -0.766847
vn 0.797863 -0.274095 -0.536923
vn 0.921994 -0.282510 -0.264794
vn 0.963610 -0.266070 0.025738
vn 0.921991 -0.226522 0.314037
vn 0.797862 -0.166104 0.579505
vn 0.595351 -0.088375 0.798591
vn 0.326898 0.000448 0.945060
vn 0.017744 0.090848 0.995707
vn -0.295399 0.171398 0.939873
vn -0.573893 0.232117 0.785346
vn -0.822504 0.507661 0.256453
vn -0.701917 0.463910 0.540462
vn -0.863317 0.502318 -0.048589
vn -0.822506 0.449090 -0.349001
vn -0.701914 0.351716 -0.619364
vn -0.508652 0.217325 -0.833092
vn -0.258740 0.058110 -0.964198
vn 0.020907 -0.108263 -0.993902
vn 0.296313 -0.261683 -0.918543
vn 0.535534 -0.384995 -0.751653
vn 0.716419 -0.467752 -0.517641
vn 0.827608 -0.505952 -0.243059
vn 0.864957 -0.499515 0.048319
vn 0.827607 -0.449986 0.335530
vn 0.716418 -0.359867 0.597697
vn 0.535538 -0.233791 0.811505
vn 0.296310 -0.080775 0.951670
vn 0.020914 0.084246 0.996226
vn -0.258728 0.241841 0.935186
vn -0.508656 0.372976 0.775989
vn -0.640973 0.729508 0.238687
vn -0.546055 0.650766 0.527568
vn -0.673173 0.736050 -0.071197
vn -0.640974 0.670234 -0.374085
vn -0.546050 0.537583 -0.642522
vn -0.394648 0.349576 -0.849735
vn -0.199903 0.124361 -0.971891
vn 0.017414 -0.113682 -0.993365
vn 0.231993 -0.337498 -0.912291
vn 0.419905 -0.523221 -0.741565
vn 0.563553 -0.654588 -0.503908
vn 0.652740 -0.723372 -0.225087
vn 0.682878 -0.727138 0.070334
vn 0.652741 -0.666817 0.359562
vn 0.563555 -0.545867 0.620028
vn 0.419911 -0.371386 0.828098
vn 0.231991 -0.156387 0.960064
vn 0.017421 0.078818 0.996737
vn -0.199893 0.308338 0.930038
vn -0.394649 0.505964 0.766976
vn -0.419993 0.878657 0.227085
vn -0.357171 0.776517 0.519086
vn -0.441414 0.893135 -0.086395
vn -0.419991 0.818841 -0.391289
vn -0.357173 0.662627 -0.658295
vn -0.257777 0.439205 -0.860610
vn -0.130881 0.170802 -0.976574
vn 0.010309 -0.114392 -0.993382
vn 0.150330 -0.385900 -0.910210
vn 0.274320 -0.616000 -0.738440
vn 0.370465 -0.783776 -0.498448
vn 0.430925 -0.876385 -0.215065
vn 0.451505 -0.888123 0.085907
vn 0.430921 -0.818918 0.379053
vn 0.370465 -0.673707 0.639433
vn 0.274323 -0.463038 0.842818
vn 0.150326 -0.204287 0.967300
vn 0.010304 0.078122 0.996891
vn -0.130885 0.354815 0.925730
vn -0.257775 0.596017 0.760471
vn -0.215661 0.951070 0.221259
vn -0.183304 0.837738 0.514388
vn -0.226743 0.969430 -0.093775
vn -0.215661 0.891027 -0.399452
vn -0.183303 0.723614 -0.665419
vn -0.132429 0.483875 -0.865059
vn -0.067763 0.196010 -0.978258
vn 0.004226 -0.110620 -0.993854
vn 0.076095 -0.404831 -0.911220
vn 0.140481 -0.657543 -0.740204
vn 0.191093 -0.845154 -0.499198
vn 0.223297 -0.951355 -0.212277
vn 0.234330 -0.967641 0.093601
vn 0.223292 -0.893031 0.390687
vn 0.191092 -0.733804 0.651932
vn 0.140481 -0.503475 0.852513
vn 0.076093 -0.222669 0.971920
vn 0.004222 0.081920 0.996630
vn -0.067768 0.379876 0.922552
vn -0.132430 0.640707 0.756278
vn 0.955131 -0.026582 -0.294989
vn 0.821757 -0.053185 -0.567351
vn 0.821746 -0.056744 -0.567022
vn 0.955128 -0.030669 -0.294602
vn 0.605652 -0.075358 -0.792153
vn 0.605628 -0.078028 -0.791913
vn 0.322091 -0.090473 -0.942376
vn 0.322046 -0.091917 -0.942251
vn -0.000332 -0.096292 -0.995353
vn -0.000390 -0.096267 -0.995356
vn -0.322682 -0.091859 -0.942039
vn -0.322741 -0.090289 -0.942171
vn -0.606060 -0.077966 -0.791589
vn -0.606106 -0.074975 -0.791842
vn -0.821961 -0.056733 -0.566711
vn -0.821985 -0.052619 -0.567073
vn -0.955183 -0.030723 -0.294417
vn -0.955189 -0.025896 -0.294861
vn -0.999997 -0.002333 0.000226
vn -0.999996 0.002735 -0.000264
vn -0.955183 0.026278 0.294847
vn -0.955189 0.031100 0.294358
vn -0.821967 0.052939 0.567069
vn -0.821991 0.057047 0.566636
vn -0.606056 0.075204 0.791859
vn -0.606101 0.078188 0.791535
vn -0.322682 0.090405 0.942180
vn -0.322741 0.091971 0.942008
vn -0.000332 0.096272 0.995355
vn -0.000389 0.096297 0.995353
vn 0.322091 0.091828 0.942245
vn 0.322046 0.090387 0.942399
vn 0.605648 0.077871 0.791913
vn 0.605621 0.075205 0.792191
vn 0.821763 0.056545 0.567017
vn 0.821752 0.052988 0.567376
vn 0.955131 0.030451 0.294614
vn 0.955128 0.026366 0.295018
vn 0.999998 0.002019 -0.000195
vn 0.999998 -0.002241 0.000217
vn -0.000298 -0.976394 -0.215997
vn -0.000252 -0.861866 -0.507136
vn -0.000181 -0.662977 -0.748640
vn -0.000095 -0.399197 -0.916865
vn -0.000001 -0.096319 -0.995351
vn 0.000089 0.215980 -0.976398
vn 0.000168 0.507134 -0.861867
vn 0.000228 0.748652 -0.662963
vn 0.000266 0.916880 -0.399162
vn 0.000279 0.995354 -0.096281
vn 0.000266 0.976388 0.216024
vn 0.000228 0.861841 0.507179
vn 0.000168 0.662926 0.748685
vn 0.000089 0.399117 0.916900
vn -0.000001 0.096236 0.995359
vn -0.000094 -0.216058 0.976381
vn -0.000181 -0.507193 0.861832
vn -0.000252 -0.748681 0.662931
vn -0.000298 -0.916891 0.399139
vn -0.000315 -0.995354 0.096283
vn 0.814043 -0.138585 -0.564028
vn 0.949362 -0.124621 -0.288413
vn 0.994947 -0.099939 0.009668
vn 0.949361 -0.067029 0.306953
vn 0.814045 -0.027911 0.580130
vn 0.595415 0.015182 0.803275
vn 0.309933 0.058856 0.948935
vn -0.012416 0.098340 0.995075
vn -0.331948 0.128581 0.934493
vn -0.610337 0.145942 0.778582
vn -0.820789 0.149081 0.551435
vn -0.949918 0.138497 0.280132
vn -0.993231 0.115614 -0.011184
vn -0.949919 0.082236 -0.301482
vn -0.820786 0.040624 -0.569789
vn -0.610340 -0.005993 -0.792117
vn -0.331952 -0.052916 -0.941811
vn -0.012423 -0.094208 -0.995475
vn 0.309939 -0.124117 -0.942620
vn 0.595428 -0.139059 -0.791283
vn 0.000823 -0.861807 -0.507237
vn 0.000962 -0.976381 -0.216055
vn 0.049420 -0.974780 -0.217629
vn 0.042151 -0.859248 -0.509821
vn 0.001009 -0.995353 0.096285
vn 0.051906 -0.994013 0.096148
vn 0.000962 -0.916869 0.399188
vn 0.049419 -0.914994 0.400430
vn 0.000823 -0.748612 0.663007
vn 0.042152 -0.745598 0.665061
vn 0.000603 -0.507059 0.861911
vn 0.030693 -0.502724 0.863902
vn 0.000319 -0.215881 0.976420
vn 0.016035 -0.210564 0.977449
vn -0.000003 0.096429 0.995340
vn -0.000475 0.101894 0.994795
vn -0.000333 0.399295 0.916823
vn -0.017229 0.403836 0.914669
vn -0.000638 0.663045 0.748579
vn -0.032521 0.665769 0.745449
vn -0.000885 0.861901 0.507076
vn -0.044764 0.862503 0.504068
vn -0.001045 0.976401 0.215963
vn -0.052666 0.975367 0.214209
vn -0.001101 0.995353 -0.096285
vn -0.055395 0.993827 -0.096128
vn -0.001046 0.916905 -0.399104
vn -0.052665 0.916228 -0.397181
vn -0.000885 0.748729 -0.662875
vn -0.044762 0.749894 -0.660042
vn -0.000638 0.507275 -0.861784
vn -0.032520 0.510543 -0.859237
vn -0.000333 0.216163 -0.976357
vn -0.017228 0.221032 -0.975114
vn -0.000003 -0.096131 -0.995369
vn -0.000477 -0.090665 -0.995881
vn 0.000320 -0.399027 -0.916939
vn 0.016036 -0.394006 -0.918968
vn 0.000603 -0.662861 -0.748742
vn 0.030695 -0.658986 -0.751528
vn 0.153343 -0.963458 -0.219625
vn 0.130567 -0.848716 -0.512478
vn 0.161137 -0.982347 0.095023
vn 0.153344 -0.903498 0.400221
vn 0.130567 -0.734753 0.665650
vn 0.094681 -0.492983 0.864872
vn 0.048903 -0.202515 0.978057
vn -0.002335 0.107330 0.994221
vn -0.053843 0.405469 0.912522
vn -0.100347 0.662623 0.742200
vn -0.137173 0.854503 0.501007
vn -0.160739 0.963773 0.212851
vn -0.168844 0.981064 -0.094896
vn -0.160740 0.905106 -0.393632
vn -0.137171 0.742628 -0.655506
vn -0.100344 0.508079 -0.855445
vn -0.053841 0.223048 -0.973319
vn -0.002338 -0.085219 -0.996360
vn 0.048900 -0.386224 -0.921108
vn 0.094681 -0.649612 -0.754347
vn 0.311959 -0.923507 -0.223198
vn 0.266482 -0.814174 -0.515856
vn 0.327355 -0.940511 0.090977
vn 0.311963 -0.863602 0.396069
vn 0.266481 -0.700205 0.662345
vn 0.193668 -0.466359 0.863135
vn 0.099443 -0.185732 0.977556
vn -0.006872 0.112498 0.993628
vn -0.113798 0.397263 0.910622
vn -0.209782 0.640066 0.739126
vn -0.285111 0.818657 0.498511
vn -0.332917 0.918522 0.213268
vn -0.349278 0.932666 -0.090220
vn -0.332922 0.860610 -0.385375
vn -0.285115 0.707927 -0.646180
vn -0.209780 0.486534 -0.848102
vn -0.113794 0.215359 -0.969882
vn -0.006872 -0.080036 -0.996768
vn 0.099444 -0.369658 -0.923831
vn 0.193671 -0.623151 -0.757743
vn 0.515146 -0.825333 -0.231193
vn 0.442013 -0.729143 -0.522470
vn 0.539486 -0.838083 0.081066
vn 0.515148 -0.765717 0.385098
vn 0.442011 -0.615481 0.652541
vn 0.322210 -0.402802 0.856698
vn 0.164378 -0.149914 0.974939
vn -0.015090 0.115852 0.993152
vn -0.195009 0.365532 0.910141
vn -0.354646 0.573708 0.738299
vn -0.478016 0.722544 0.499431
vn -0.555226 0.802373 0.218909
vn -0.581431 0.809816 -0.078335
vn -0.555228 0.745537 -0.368642
vn -0.478019 0.613421 -0.628659
vn -0.354644 0.421566 -0.834572
vn -0.195007 0.184309 -0.963329
vn -0.015083 -0.076656 -0.996944
vn 0.164381 -0.333999 -0.928129
vn 0.322211 -0.559536 -0.763610
vn 0.744075 -0.620066 -0.248739
vn 0.635999 -0.554995 -0.536178
vn 0.780400 -0.622375 0.060204
vn 0.744076 -0.560894 0.362973
vn 0.636000 -0.441936 0.632611
vn 0.461182 -0.277900 0.842664
vn 0.233307 -0.085809 0.968610
vn -0.023171 0.113119 0.993311
vn -0.276904 0.296081 0.914145
vn -0.498201 0.443889 0.744821
vn -0.666131 0.544754 0.509424
vn -0.769625 0.593991 0.234205
vn -0.804442 0.591271 -0.057193
vn -0.769625 0.538090 -0.343709
vn -0.666131 0.437014 -0.604391
vn -0.498203 0.292903 -0.816090
vn -0.276901 0.115380 -0.953946
vn -0.023165 -0.079365 -0.996576
vn 0.233306 -0.269869 -0.934205
vn 0.461179 -0.434262 -0.773777
vn 0.902321 -0.334196 -0.272266
vn 0.770345 -0.317128 -0.553171
vn 0.947010 -0.319713 0.030926
vn 0.902324 -0.275812 0.331268
vn 0.770350 -0.205224 0.603692
vn 0.558775 -0.112313 0.821679
vn 0.284745 -0.004972 0.958591
vn -0.022296 0.104787 0.994245
vn -0.324521 0.203163 0.923802
vn -0.586287 0.278779 0.760625
vn -0.783336 0.325375 0.529638
vn -0.903922 0.341323 0.257728
vn -0.944323 0.327492 -0.031679
vn -0.903921 0.285597 -0.318371
vn -0.783331 0.217830 -0.582188
vn -0.586290 0.127822 -0.799954
vn -0.324523 0.022334 -0.945614
vn -0.022301 -0.087720 -0.995896
vn 0.284747 -0.188614 -0.939864
vn 0.558775 -0.267724 -0.784917
vn 0.060543 0.743720 -0.665744
vn 0.070955 0.913418 -0.400791
vn 0.074511 0.992587 -0.096016
vn 0.070956 0.973303 0.218282
vn 0.060548 0.857533 0.510853
vn 0.044076 0.656954 0.752642
vn 0.022925 0.391732 0.919794
vn -0.000962 0.088419 0.996083
vn -0.025233 -0.222821 0.974533
vn -0.047395 -0.511429 0.858017
vn -0.065124 -0.749636 0.658639
vn -0.076559 -0.914977 0.396177
vn -0.080509 -0.992123 0.095970
vn -0.076561 -0.973948 -0.213457
vn -0.065124 -0.861980 -0.502743
vn -0.047395 -0.666401 -0.744086
vn -0.025234 -0.405480 -0.913756
vn -0.000960 -0.104141 -0.994562
vn 0.022928 0.208177 -0.977822
vn 0.044076 0.500519 -0.864603
vn 0.951030 0.051428 -0.304791
vn 0.816122 0.014105 -0.577708
vn 0.996455 0.083743 -0.008101
vn 0.951029 0.108892 0.289285
vn 0.816119 0.124570 0.564299
vn 0.597968 0.128351 0.791176
vn 0.312773 0.118453 0.942413
vn -0.009782 0.094968 0.995432
vn -0.330128 0.060596 0.941989
vn -0.609838 0.020028 0.792273
vn -0.821724 -0.021643 0.569475
vn -0.951944 -0.060205 0.300295
vn -0.995662 -0.092617 0.008959
vn -0.951946 -0.116644 -0.283185
vn -0.821723 -0.130392 -0.554769
vn -0.609831 -0.132198 -0.781428
vn -0.330132 -0.121079 -0.936137
vn -0.009786 -0.097587 -0.995179
vn 0.312769 -0.064374 -0.947646
vn 0.597966 -0.025671 -0.801110
vn 0.920906 0.217574 -0.323409
vn 0.787995 0.155996 -0.595591
vn 0.965757 0.258244 -0.024981
vn 0.920906 0.275527 0.275711
vn 0.787995 0.267262 0.554648
vn 0.573893 0.232117 0.785346
vn 0.295397 0.171398 0.939874
vn -0.017744 0.090848 0.995707
vn -0.326898 0.000448 0.945060
vn -0.595351 -0.088375 0.798591
vn -0.797862 -0.166103 0.579505
vn -0.921991 -0.226522 0.314038
vn -0.963610 -0.266070 0.025738
vn -0.921994 -0.282510 -0.264793
vn -0.797863 -0.274094 -0.536923
vn -0.595349 -0.239800 -0.766848
vn -0.326898 -0.180699 -0.927623
vn -0.017748 -0.101685 -0.994658
vn 0.295394 -0.011927 -0.955301
vn 0.573892 0.077284 -0.815276
vn 0.822505 0.449092 -0.349002
vn 0.701913 0.351718 -0.619365
vn 0.863316 0.502319 -0.048589
vn 0.822503 0.507662 0.256453
vn 0.701917 0.463910 0.540463
vn 0.508653 0.372976 0.775990
vn 0.258729 0.241841 0.935186
vn -0.020914 0.084246 0.996226
vn -0.296312 -0.080775 0.951669
vn -0.535538 -0.233791 0.811506
vn -0.716418 -0.359867 0.597697
vn -0.827606 -0.449985 0.335530
vn -0.864957 -0.499515 0.048319
vn -0.827608 -0.505951 -0.243059
vn -0.716420 -0.467752 -0.517640
vn -0.535534 -0.384995 -0.751653
vn -0.296310 -0.261683 -0.918544
vn -0.020912 -0.108264 -0.993902
vn 0.258734 0.058109 -0.964199
vn 0.508652 0.217324 -0.833093
vn 0.640972 0.670234 -0.374087
vn 0.546047 0.537583 -0.642524
vn 0.673171 0.736051 -0.071197
vn 0.640971 0.729510 0.238687
vn 0.546058 0.650764 0.527567
vn 0.394652 0.505962 0.766976
vn 0.199893 0.308337 0.930038
vn -0.017427 0.078819 0.996737
vn -0.231997 -0.156386 0.960063
vn -0.419910 -0.371386 0.828099
vn -0.563553 -0.545868 0.620030
vn -0.652741 -0.666816 0.359562
vn -0.682879 -0.727138 0.070334
vn -0.652740 -0.723371 -0.225087
vn -0.563554 -0.654587 -0.503907
vn -0.419905 -0.523221 -0.741565
vn -0.231991 -0.337498 -0.912291
vn -0.017416 -0.113683 -0.993365
vn 0.199899 0.124361 -0.971892
vn 0.394645 0.349576 -0.849736
vn 0.419991 0.818841 -0.391288
vn 0.357174 0.662628 -0.658294
vn 0.441413 0.893135 -0.086395
vn 0.419991 0.878658 0.227086
vn 0.357171 0.776517 0.519086
vn 0.257776 0.596016 0.760471
vn 0.130882 0.354814 0.925730
vn -0.010309 0.078122 0.996891
vn -0.150331 -0.204286 0.967299
vn -0.274321 -0.463038 0.842819
vn -0.370461 -0.673707 0.639435
vn -0.430920 -0.818918 0.379054
vn -0.451505 -0.888124 0.085907
vn -0.430925 -0.876385 -0.215067
vn -0.370465 -0.783776 -0.498449
vn -0.274320 -0.616000 -0.738440
vn -0.150330 -0.385900 -0.910210
vn -0.010308 -0.114392 -0.993382
vn 0.130879 0.170801 -0.976574
vn 0.257774 0.439206 -0.860611
vn 0.215660 0.891027 -0.399451
vn 0.183304 0.723616 -0.665417
vn 0.226743 0.969430 -0.093775
vn 0.215660 0.951071 0.221259
vn 0.183301 0.837738 0.514388
vn 0.132428 0.640707 0.756278
vn 0.067768 0.379876 0.922552
vn -0.004222 0.081920 0.996630
vn -0.076094 -0.222669 0.971920
vn -0.140482 -0.503475 0.852513
vn -0.191091 -0.733804 0.651933
vn -0.223290 -0.893031 0.390688
vn -0.234329 -0.967641 0.093602
vn -0.223297 -0.951355 -0.212278
vn -0.191093 -0.845154 -0.499199
vn -0.140481 -0.657543 -0.740204
vn -0.076093 -0.404831 -0.911220
vn -0.004224 -0.110620 -0.993854
vn 0.067764 0.196009 -0.978258
vn 0.132430 0.483875 -0.865059
vn -0.711471 0.526099 -0.465863
vn -0.711471 0.526099 -0.465864
vn -0.711467 0.644314 -0.280490
vn -0.711467 0.644314 -0.280490
vn -0.711470 0.356392 -0.605636
vn -0.711470 0.356391 -0.605637
vn -0.711471 0.699451 -0.067657
vn -0.711471 0.699451 -0.067657
vn -0.711467 0.686128 0.151796
vn -0.711467 0.686128 0.151795
vn -0.711467 0.605643 0.356387
vn -0.711467 0.605641 0.356389
vn -0.711464 0.465870 0.526102
vn -0.711465 0.465872 0.526101
vn -0.711464 0.280494 0.644315
vn -0.711464 0.280494 0.644315
vn -0.711471 0.067656 0.699451
vn -0.711471 0.067656 0.699451
vn -0.711475 -0.151795 0.686120
vn -0.711475 -0.151795 0.686120
vn -0.711472 -0.356388 0.605636
vn -0.711472 -0.356388 0.605636
vn -0.711469 -0.526103 0.465862
vn -0.711469 -0.526103 0.465862
vn -0.711475 -0.644306 0.280486
vn -0.711475 -0.644306 0.280487
vn -0.711472 -0.699449 0.067658
vn -0.711472 -0.699449 0.067658
vn -0.711470 -0.686127 -0.151791
vn -0.711470 -0.686127 -0.151792
vn -0.711472 -0.605635 -0.356390
vn -0.711472 -0.605635 -0.356390
vn -0.711466 -0.465864 -0.526106
vn -0.711466 -0.465864 -0.526106
vn -0.711465 -0.280494 -0.644315
vn -0.711465 -0.280494 -0.644315
vn -0.711467 -0.067661 -0.699455
vn -0.711467 -0.067661 -0.699455
vn -0.711466 0.151796 -0.686130
vn -0.711466 0.151796 -0.686130
vn 0.711469 0.605640 0.356388
vn 0.711469 0.605641 0.356385
vn 0.711465 0.686130 0.151796
vn 0.711466 0.686131 0.151795
vn 0.711471 0.465866 0.526097
vn 0.711471 0.465865 0.526098
vn 0.711467 0.699455 -0.067657
vn 0.711467 0.699455 -0.067657
vn 0.711465 0.644315 -0.280492
vn 0.711465 0.644315 -0.280493
vn 0.711470 0.526099 -0.465865
vn 0.711470 0.526100 -0.465865
vn 0.711469 0.356393 -0.605637
vn 0.711469 0.356394 -0.605636
vn 0.711466 0.151796 -0.686130
vn 0.711466 0.151796 -0.686130
vn 0.711467 -0.067659 -0.699455
vn 0.711467 -0.067659 -0.699455
vn 0.711466 -0.280490 -0.644315
vn 0.711466 -0.280490 -0.644315
vn 0.711468 -0.465861 -0.526105
vn 0.711468 -0.465861 -0.526105
vn 0.711474 -0.605633 -0.356389
vn 0.711474 -0.605634 -0.356389
vn 0.711470 -0.686127 -0.151791
vn 0.711470 -0.686127 -0.151793
vn 0.711472 -0.699449 0.067657
vn 0.711472 -0.699449 0.067657
vn 0.711477 -0.644305 0.280484
vn 0.711477 -0.644305 0.280484
vn 0.711472 -0.526099 0.465862
vn 0.711472 -0.526099 0.465862
vn 0.711472 -0.356388 0.605636
vn 0.711472 -0.356388 0.605636
vn 0.711475 -0.151797 0.686120
vn 0.711475 -0.151797 0.686120
vn 0.711471 0.067654 0.699451
vn 0.711471 0.067654 0.699451
vn 0.711469 0.280489 0.644312
vn 0.711469 0.280489 0.644312
vn 0.000000 -0.748667 0.662946
vn 0.000000 -0.916886 0.399149
vn 0.000000 -0.507159 0.861852
vn 0.000000 -0.216019 0.976389
vn 0.000000 0.096278 0.995355
vn 0.000000 0.399158 0.916882
vn 0.000000 0.662948 0.748665
vn 0.000000 0.861852 0.507159
vn 0.000000 0.976391 0.216013
vn 0.000000 0.995354 -0.096286
vn 0.000000 0.916885 -0.399151
vn 0.000000 0.748666 -0.662947
vn 0.000000 0.507163 -0.861850
vn 0.000000 0.216017 -0.976390
vn 0.000000 -0.096283 -0.995354
vn 0.000000 -0.399156 -0.916883
vn 0.000000 -0.662948 -0.748665
vn 0.000000 -0.861848 -0.507166
vn 0.000000 -0.976390 -0.216014
vn 0.000000 -0.995354 0.096286
vn 0.000000 -0.861848 -0.507166
vn 0.000000 -0.976390 -0.216014
vn 0.000000 -0.662948 -0.748665
vn 0.000000 -0.399156 -0.916883
vn 0.000000 -0.096283 -0.995354
vn 0.000000 0.216017 -0.976390
vn 0.000000 0.507163 -0.861850
vn 0.000000 0.748666 -0.662947
vn 0.000000 0.916885 -0.399151
vn 0.000000 0.995354 -0.096286
vn 0.000000 0.976391 0.216013
vn 0.000000 0.861852 0.507159
vn 0.000000 0.662948 0.748665
vn 0.000000 0.399158 0.916882
vn 0.000000 0.096278 0.995355
vn 0.000000 -0.216019 0.976389
vn 0.000000 -0.507159 0.861852
vn 0.000000 -0.748667 0.662946
vn 0.000000 -0.916886 0.399149
vn 0.000000 -0.995354 0.096286
vn -1.000000 0.000003 -0.000002
vn -1.000000 0.000000 -0.000003
vn -1.000000 -0.000001 -0.000000
vn -1.000000 0.000003 -0.000000
vn -1.000000 0.000000 0.000001
vn -1.000000 0.000006 0.000002
vn -1.000000 0.000006 0.000003
vn -1.000000 0.000000 0.000004
vn -1.000000 0.000000 0.000004
vn -1.000000 0.000000 0.000004
vn -1.000000 -0.000006 0.000003
vn -1.000000 -0.000006 0.000003
vn -1.000000 0.000000 0.000002
vn -1.000000 -0.000002 0.000000
vn -1.000000 -0.000005 -0.000001
vn -1.000000 -0.000003 -0.000002
vn -1.000000 -0.000006 -0.000003
vn -1.000000 -0.000006 -0.000004
vn -1.000000 0.000000 -0.000004
vn -1.000000 0.000000 -0.000004
vn -1.000000 0.000000 -0.000003
vn 1.000000 0.000000 0.000001
vn 1.000000 0.000006 0.000002
vn 1.000000 -0.000001 -0.000000
vn 1.000000 0.000003 -0.000000
vn 1.000000 0.000003 -0.000002
vn 1.000000 0.000000 -0.000003
vn 1.000000 0.000000 -0.000003
vn 1.000000 0.000000 -0.000004
vn 1.000000 0.000000 -0.000004
vn 1.000000 -0.000006 -0.000004
vn 1.000000 -0.000003 -0.000003
vn 1.000000 -0.000000 -0.000002
vn 1.000000 -0.000005 -0.000001
vn 1.000000 -0.000002 0.000000
vn 1.000000 0.000000 0.000002
vn 1.000000 -0.000006 0.000003
vn 1.000000 -0.000006 0.000003
vn 1.000000 0.000000 0.000004
vn 1.000000 0.000000 0.000004
vn 1.000000 -0.000006 0.000004
vn 1.000000 -0.000000 0.000003
s 1
g Crate3Handel_low
f 21/1/1 22/2/2 51/3/3 52/4/4
f 22/2/2 23/5/5 50/6/6 51/3/3
f 23/5/5 24/7/7 49/8/8 50/6/6
f 24/7/7 25/9/9 48/10/10 49/8/8
f 25/9/9 26/11/11 47/12/12 48/10/10
f 26/11/11 27/13/13 46/14/14 47/12/12
f 27/13/13 28/15/15 45/16/16 46/14/14
f 28/15/15 29/17/17 44/18/18 45/16/16
f 29/17/17 30/19/19 43/20/20 44/18/18
f 30/19/19 31/21/21 42/22/22 43/20/20
f 31/21/21 32/23/23 41/24/24 42/22/22
f 32/23/23 33/25/25 60/26/26 41/24/24
f 33/25/25 34/27/27 59/28/28 60/26/26
f 34/27/27 35/29/29 58/874/30 59/28/28
f 35/872/29 36/31/31 57/32/32 58/30/30
f 36/31/31 37/33/33 56/34/34 57/32/32
f 37/33/33 38/35/35 55/36/36 56/34/34
f 38/35/35 39/37/37 54/38/38 55/36/36
f 39/37/37 40/39/39 53/40/40 54/38/38
f 40/39/39 21/1/1 52/4/4 53/40/40
f 201/41/41 202/42/42 52/4/4 51/3/3
f 202/42/42 203/43/43 53/40/40 52/4/4
f 203/43/43 204/44/44 54/38/38 53/40/40
f 204/44/44 205/45/45 55/36/36 54/38/38
f 205/45/45 206/46/46 56/34/34 55/36/36
f 206/46/46 207/47/47 57/32/32 56/34/34
f 207/47/47 208/873/48 58/30/30 57/32/32
f 208/48/48 209/49/49 59/28/28 58/874/30
f 209/49/49 210/50/50 60/26/26 59/28/28
f 210/50/50 211/51/51 41/24/24 60/26/26
f 211/51/51 212/52/52 42/22/22 41/24/24
f 212/52/52 213/53/53 43/20/20 42/22/22
f 213/53/53 214/54/54 44/18/18 43/20/20
f 214/54/54 215/55/55 45/16/16 44/18/18
f 215/55/55 216/56/56 46/14/14 45/16/16
f 216/56/56 217/57/57 47/12/12 46/14/14
f 217/57/57 218/58/58 48/10/10 47/12/12
f 218/58/58 219/59/59 49/8/8 48/10/10
f 219/59/59 220/60/60 50/6/6 49/8/8
f 220/60/60 201/41/41 51/3/3 50/6/6
f 2/61/61 1/62/62 82/63/63 81/64/64
f 1/62/62 20/65/65 83/66/66 82/63/63
f 20/65/65 19/67/67 84/68/68 83/66/66
f 19/67/67 18/69/69 85/70/70 84/68/68
f 18/69/69 17/71/71 86/72/72 85/70/70
f 17/71/71 16/73/73 87/74/74 86/72/72
f 16/73/73 15/75/75 88/880/76 87/74/74
f 15/806/75 14/77/77 89/78/78 88/76/76
f 14/77/77 13/79/79 90/80/80 89/78/78
f 13/79/79 12/81/81 91/82/82 90/80/80
f 12/81/81 11/83/83 92/84/84 91/82/82
f 11/83/83 10/85/85 93/86/86 92/84/84
f 10/85/85 9/87/87 94/88/88 93/86/86
f 9/87/87 8/89/89 95/90/90 94/88/88
f 8/89/89 7/91/91 96/92/92 95/90/90
f 7/91/91 6/93/93 97/94/94 96/92/92
f 6/93/93 5/95/95 98/96/96 97/94/94
f 5/95/95 4/97/97 99/98/98 98/96/96
f 4/97/97 3/99/99 100/100/100 99/98/98
f 3/99/99 2/61/61 81/64/64 100/100/100
f 81/64/64 82/63/63 102/101/101 101/102/102
f 82/63/63 83/66/66 103/103/103 102/101/101
f 83/66/66 84/68/68 104/104/104 103/103/103
f 84/68/68 85/70/70 105/105/105 104/104/104
f 85/70/70 86/72/72 106/106/106 105/105/105
f 86/72/72 87/74/74 107/107/107 106/106/106
f 87/74/74 88/880/76 108/879/108 107/107/107
f 88/76/76 89/78/78 109/109/109 108/108/108
f 89/78/78 90/80/80 110/110/110 109/109/109
f 90/80/80 91/82/82 111/111/111 110/110/110
f 91/82/82 92/84/84 112/112/112 111/111/111
f 92/84/84 93/86/86 113/113/113 112/112/112
f 93/86/86 94/88/88 114/114/114 113/113/113
f 94/88/88 95/90/90 115/115/115 114/114/114
f 95/90/90 96/92/92 116/116/116 115/115/115
f 96/92/92 97/94/94 117/117/117 116/116/116
f 97/94/94 98/96/96 118/118/118 117/117/117
f 98/96/96 99/98/98 119/119/119 118/118/118
f 99/98/98 100/100/100 120/120/120 119/119/119
f 100/100/100 81/64/64 101/102/102 120/120/120
f 101/102/102 102/101/101 122/121/121 121/122/122
f 102/101/101 103/103/103 123/123/123 122/121/121
f 103/103/103 104/104/104 124/124/124 123/123/123
f 104/104/104 105/105/105 125/125/125 124/124/124
f 105/105/105 106/106/106 126/126/126 125/125/125
f 106/106/106 107/107/107 127/127/127 126/126/126
f 107/107/107 108/879/108 128/878/128 127/127/127
f 108/108/108 109/109/109 129/129/129 128/128/128
f 109/109/109 110/110/110 130/130/130 129/129/129
f 110/110/110 111/111/111 131/131/131 130/130/130
f 111/111/111 112/112/112 132/132/132 131/131/131
f 112/112/112 113/113/113 133/133/133 132/132/132
f 113/113/113 114/114/114 134/134/134 133/133/133
f 114/114/114 115/115/115 135/135/135 134/134/134
f 115/115/115 116/116/116 136/136/136 135/135/135
f 116/116/116 117/117/117 137/137/137 136/136/136
f 117/117/117 118/118/118 138/138/138 137/137/137
f 118/118/118 119/119/119 139/139/139 138/138/138
f 119/119/119 120/120/120 140/140/140 139/139/139
f 120/120/120 101/102/102 121/122/122 140/140/140
f 121/122/122 122/121/121 142/141/141 141/142/142
f 122/121/121 123/123/123 143/143/143 142/141/141
f 123/123/123 124/124/124 144/144/144 143/143/143
f 124/124/124 125/125/125 145/145/145 144/144/144
f 125/125/125 126/126/126 146/146/146 145/145/145
f 126/126/126 127/127/127 147/147/147 146/146/146
f 127/127/127 128/878/128 148/877/148 147/147/147
f 128/128/128 129/129/129 149/149/149 148/148/148
f 129/129/129 130/130/130 150/150/150 149/149/149
f 130/130/130 131/131/131 151/151/151 150/150/150
f 131/131/131 132/132/132 152/152/152 151/151/151
f 132/132/132 133/133/133 153/153/153 152/152/152
f 133/133/133 134/134/134 154/154/154 153/153/153
f 134/134/134 135/135/135 155/155/155 154/154/154
f 135/135/135 136/136/136 156/156/156 155/155/155
f 136/136/136 137/137/137 157/157/157 156/156/156
f 137/137/137 138/138/138 158/158/158 157/157/157
f 138/138/138 139/139/139 159/159/159 158/158/158
f 139/139/139 140/140/140 160/160/160 159/159/159
f 140/140/140 121/122/122 141/142/142 160/160/160
f 141/142/142 142/141/141 162/161/161 161/162/162
f 142/141/141 143/143/143 163/163/163 162/161/161
f 143/143/143 144/144/144 164/164/164 163/163/163
f 144/144/144 145/145/145 165/165/165 164/164/164
f 145/145/145 146/146/146 166/166/166 165/165/165
f 146/146/146 147/147/147 167/167/167 166/166/166
f 147/147/147 148/877/148 168/876/168 167/167/167
f 148/148/148 149/149/149 169/169/169 168/168/168
f 149/149/149 150/150/150 170/170/170 169/169/169
f 150/150/150 151/151/151 171/171/171 170/170/170
f 151/151/151 152/152/152 172/172/172 171/171/171
f 152/152/152 153/153/153 173/173/173 172/172/172
f 153/153/153 154/154/154 174/174/174 173/173/173
f 154/154/154 155/155/155 175/175/175 174/174/174
f 155/155/155 156/156/156 176/176/176 175/175/175
f 156/156/156 157/157/157 177/177/177 176/176/176
f 157/157/157 158/158/158 178/178/178 177/177/177
f 158/158/158 159/159/159 179/179/179 178/178/178
f 159/159/159 160/160/160 180/180/180 179/179/179
f 160/160/160 141/142/142 161/162/162 180/180/180
f 161/162/162 162/161/161 182/181/181 181/182/182
f 162/161/161 163/163/163 183/183/183 182/181/181
f 163/163/163 164/164/164 184/184/184 183/183/183
f 164/164/164 165/165/165 185/185/185 184/184/184
f 165/165/165 166/166/166 186/186/186 185/185/185
f 166/166/166 167/167/167 187/187/187 186/186/186
f 167/167/167 168/876/168 188/875/188 187/187/187
f 168/168/168 169/169/169 189/189/189 188/188/188
f 169/169/169 170/170/170 190/190/190 189/189/189
f 170/170/170 171/171/171 191/191/191 190/190/190
f 171/171/171 172/172/172 192/192/192 191/191/191
f 172/172/172 173/173/173 193/193/193 192/192/192
f 173/173/173 174/174/174 194/194/194 193/193/193
f 174/174/174 175/175/175 195/195/195 194/194/194
f 175/175/175 176/176/176 196/196/196 195/195/195
f 176/176/176 177/177/177 197/197/197 196/196/196
f 177/177/177 178/178/178 198/198/198 197/197/197
f 178/178/178 179/179/179 199/199/199 198/198/198
f 179/179/179 180/180/180 200/200/200 199/199/199
f 180/180/180 161/162/162 181/182/182 200/200/200
f 181/182/182 182/181/181 202/42/42 201/41/41
f 182/181/181 183/183/183 203/43/43 202/42/42
f 183/183/183 184/184/184 204/44/44 203/43/43
f 184/184/184 185/185/185 205/45/45 204/44/44
f 185/185/185 186/186/186 206/46/46 205/45/45
f 186/186/186 187/187/187 207/47/47 206/46/46
f 187/187/187 188/875/188 208/873/48 207/47/47
f 188/188/188 189/189/189 209/49/49 208/48/48
f 189/189/189 190/190/190 210/50/50 209/49/49
f 190/190/190 191/191/191 211/51/51 210/50/50
f 191/191/191 192/192/192 212/52/52 211/51/51
f 192/192/192 193/193/193 213/53/53 212/52/52
f 193/193/193 194/194/194 214/54/54 213/53/53
f 194/194/194 195/195/195 215/55/55 214/54/54
f 195/195/195 196/196/196 216/56/56 215/55/55
f 196/196/196 197/197/197 217/57/57 216/56/56
f 197/197/197 198/198/198 218/58/58 217/57/57
f 198/198/198 199/199/199 219/59/59 218/58/58
f 199/199/199 200/200/200 220/60/60 219/59/59
f 200/200/200 181/182/182 201/41/41 220/60/60
f 341/201/201 342/202/202 69/915/203 68/916/204
f 342/202/202 343/205/205 70/914/206 69/915/203
f 343/205/205 344/207/207 71/913/208 70/914/206
f 344/207/207 345/209/209 72/912/210 71/913/208
f 345/209/209 346/211/211 73/911/212 72/912/210
f 346/211/211 347/213/213 74/910/214 73/911/212
f 347/213/213 348/865/215 75/847/216 74/910/214
f 348/215/215 349/217/217 76/907/218 75/908/216
f 349/217/217 350/219/219 77/906/220 76/907/218
f 350/219/219 351/221/221 78/905/222 77/906/220
f 351/221/221 352/223/223 79/904/224 78/905/222
f 352/223/223 353/225/225 80/902/226 79/904/224
f 353/225/225 354/227/227 61/903/228 80/902/226
f 354/227/227 355/229/229 62/922/230 61/903/228
f 355/229/229 356/231/231 63/921/232 62/922/230
f 356/231/231 357/233/233 64/920/234 63/921/232
f 357/233/233 358/235/235 65/919/236 64/920/234
f 358/235/235 359/237/237 66/918/238 65/919/236
f 359/237/237 360/239/239 67/917/240 66/918/238
f 360/239/239 341/201/201 68/916/204 67/917/240
f 22/2/2 21/1/1 222/241/241 221/242/242
f 21/1/1 40/39/39 223/243/243 222/241/241
f 40/39/39 39/37/37 224/244/244 223/243/243
f 39/37/37 38/35/35 225/245/245 224/244/244
f 38/35/35 37/33/33 226/246/246 225/245/245
f 37/33/33 36/31/31 227/247/247 226/246/246
f 36/31/31 35/872/29 228/871/248 227/247/247
f 35/29/29 34/27/27 229/249/249 228/248/248
f 34/27/27 33/25/25 230/250/250 229/249/249
f 33/25/25 32/23/23 231/251/251 230/250/250
f 32/23/23 31/21/21 232/252/252 231/251/251
f 31/21/21 30/19/19 233/253/253 232/252/252
f 30/19/19 29/17/17 234/254/254 233/253/253
f 29/17/17 28/15/15 235/255/255 234/254/254
f 28/15/15 27/13/13 236/256/256 235/255/255
f 27/13/13 26/11/11 237/257/257 236/256/256
f 26/11/11 25/9/9 238/258/258 237/257/257
f 25/9/9 24/7/7 239/259/259 238/258/258
f 24/7/7 23/5/5 240/260/260 239/259/259
f 23/5/5 22/2/2 221/242/242 240/260/260
f 221/242/242 222/241/241 242/261/261 241/262/262
f 222/241/241 223/243/243 243/263/263 242/261/261
f 223/243/243 224/244/244 244/264/264 243/263/263
f 224/244/244 225/245/245 245/265/265 244/264/264
f 225/245/245 226/246/246 246/266/266 245/265/265
f 226/246/246 227/247/247 247/267/267 246/266/266
f 227/247/247 228/871/248 248/870/268 247/267/267
f 228/248/248 229/249/249 249/269/269 248/268/268
f 229/249/249 230/250/250 250/270/270 249/269/269
f 230/250/250 231/251/251 251/271/271 250/270/270
f 231/251/251 232/252/252 252/272/272 251/271/271
f 232/252/252 233/253/253 253/273/273 252/272/272
f 233/253/253 234/254/254 254/274/274 253/273/273
f 234/254/254 235/255/255 255/275/275 254/274/274
f 235/255/255 236/256/256 256/276/276 255/275/275
f 236/256/256 237/257/257 257/277/277 256/276/276
f 237/257/257 238/258/258 258/278/278 257/277/277
f 238/258/258 239/259/259 259/279/279 258/278/278
f 239/259/259 240/260/260 260/280/280 259/279/279
f 240/260/260 221/242/242 241/262/262 260/280/280
f 241/262/262 242/261/261 262/281/281 261/282/282
f 242/261/261 243/263/263 263/283/283 262/281/281
f 243/263/263 244/264/264 264/284/284 263/283/283
f 244/264/264 245/265/265 265/285/285 264/284/284
f 245/265/265 246/266/266 266/286/286 265/285/285
f 246/266/266 247/267/267 267/287/287 266/286/286
f 247/267/267 248/870/268 268/869/288 267/287/287
f 248/268/268 249/269/269 269/289/289 268/288/288
f 249/269/269 250/270/270 270/290/290 269/289/289
f 250/270/270 251/271/271 271/291/291 270/290/290
f 251/271/271 252/272/272 272/292/292 271/291/291
f 252/272/272 253/273/273 273/293/293 272/292/292
f 253/273/273 254/274/274 274/294/294 273/293/293
f 254/274/274 255/275/275 275/295/295 274/294/294
f 255/275/275 256/276/276 276/296/296 275/295/295
f 256/276/276 257/277/277 277/297/297 276/296/296
f 257/277/277 258/278/278 278/298/298 277/297/297
f 258/278/278 259/279/279 279/299/299 278/298/298
f 259/279/279 260/280/280 280/300/300 279/299/299
f 260/280/280 241/262/262 261/282/282 280/300/300
f 261/282/282 262/281/281 282/301/301 281/302/302
f 262/281/281 263/283/283 283/303/303 282/301/301
f 263/283/283 264/284/284 284/304/304 283/303/303
f 264/284/284 265/285/285 285/305/305 284/304/304
f 265/285/285 266/286/286 286/306/306 285/305/305
f 266/286/286 267/287/287 287/307/307 286/306/306
f 267/287/287 268/869/288 288/868/308 287/307/307
f 268/288/288 269/289/289 289/309/309 288/308/308
f 269/289/289 270/290/290 290/310/310 289/309/309
f 270/290/290 271/291/291 291/311/311 290/310/310
f 271/291/291 272/292/292 292/312/312 291/311/311
f 272/292/292 273/293/293 293/313/313 292/312/312
f 273/293/293 274/294/294 294/314/314 293/313/313
f 274/294/294 275/295/295 295/315/315 294/314/314
f 275/295/295 276/296/296 296/316/316 295/315/315
f 276/296/296 277/297/297 297/317/317 296/316/316
f 277/297/297 278/298/298 298/318/318 297/317/317
f 278/298/298 279/299/299 299/319/319 298/318/318
f 279/299/299 280/300/300 300/320/320 299/319/319
f 280/300/300 261/282/282 281/302/302 300/320/320
f 281/302/302 282/301/301 302/321/321 301/322/322
f 282/301/301 283/303/303 303/323/323 302/321/321
f 283/303/303 284/304/304 304/324/324 303/323/323
f 284/304/304 285/305/305 305/325/325 304/324/324
f 285/305/305 286/306/306 306/326/326 305/325/325
f 286/306/306 287/307/307 307/327/327 306/326/326
f 287/307/307 288/868/308 308/867/328 307/327/327
f 288/308/308 289/309/309 309/329/329 308/328/328
f 289/309/309 290/310/310 310/330/330 309/329/329
f 290/310/310 291/311/311 311/331/331 310/330/330
f 291/311/311 292/312/312 312/332/332 311/331/331
f 292/312/312 293/313/313 313/333/333 312/332/332
f 293/313/313 294/314/314 314/334/334 313/333/333
f 294/314/314 295/315/315 315/335/335 314/334/334
f 295/315/315 296/316/316 316/336/336 315/335/335
f 296/316/316 297/317/317 317/337/337 316/336/336
f 297/317/317 298/318/318 318/338/338 317/337/337
f 298/318/318 299/319/319 319/339/339 318/338/338
f 299/319/319 300/320/320 320/340/340 319/339/339
f 300/320/320 281/302/302 301/322/322 320/340/340
f 301/322/322 302/321/321 322/341/341 321/342/342
f 302/321/321 303/323/323 323/343/343 322/341/341
f 303/323/323 304/324/324 324/344/344 323/343/343
f 304/324/324 305/325/325 325/345/345 324/344/344
f 305/325/325 306/326/326 326/346/346 325/345/345
f 306/326/326 307/327/327 327/347/347 326/346/346
f 307/327/327 308/867/328 328/866/348 327/347/347
f 308/328/328 309/329/329 329/349/349 328/348/348
f 309/329/329 310/330/330 330/350/350 329/349/349
f 310/330/330 311/331/331 331/351/351 330/350/350
f 311/331/331 312/332/332 332/352/352 331/351/351
f 312/332/332 313/333/333 333/353/353 332/352/352
f 313/333/333 314/334/334 334/354/354 333/353/353
f 314/334/334 315/335/335 335/355/355 334/354/354
f 315/335/335 316/336/336 336/356/356 335/355/355
f 316/336/336 317/337/337 337/357/357 336/356/356
f 317/337/337 318/338/338 338/358/358 337/357/357
f 318/338/338 319/339/339 339/359/359 338/358/358
f 319/339/339 320/340/340 340/360/360 339/359/359
f 320/340/340 301/322/322 321/342/342 340/360/360
f 321/342/342 322/341/341 342/202/202 341/201/201
f 322/341/341 323/343/343 343/205/205 342/202/202
f 323/343/343 324/344/344 344/207/207 343/205/205
f 324/344/344 325/345/345 345/209/209 344/207/207
f 325/345/345 326/346/346 346/211/211 345/209/209
f 326/346/346 327/347/347 347/213/213 346/211/211
f 327/347/347 328/866/348 348/865/215 347/213/213
f 328/348/348 329/349/349 349/217/217 348/215/215
f 329/349/349 330/350/350 350/219/219 349/217/217
f 330/350/350 331/351/351 351/221/221 350/219/219
f 331/351/351 332/352/352 352/223/223 351/221/221
f 332/352/352 333/353/353 353/225/225 352/223/223
f 333/353/353 334/354/354 354/227/227 353/225/225
f 334/354/354 335/355/355 355/229/229 354/227/227
f 335/355/355 336/356/356 356/231/231 355/229/229
f 336/356/356 337/357/357 357/233/233 356/231/231
f 337/357/357 338/358/358 358/235/235 357/233/233
f 338/358/358 339/359/359 359/237/237 358/235/235
f 339/359/359 340/360/360 360/239/239 359/237/237
f 340/360/360 321/342/342 341/201/201 360/239/239
f 381/361/361 382/362/362 411/363/363 412/364/364
f 382/362/362 383/365/365 410/366/366 411/363/363
f 383/365/365 384/367/367 409/368/368 410/366/366
f 384/367/367 385/369/369 408/858/370 409/368/368
f 385/856/369 386/371/371 407/372/372 408/370/370
f 386/371/371 387/373/373 406/374/374 407/372/372
f 387/373/373 388/375/375 405/376/376 406/374/374
f 388/375/375 389/377/377 404/378/378 405/376/376
f 389/377/377 390/379/379 403/380/380 404/378/378
f 390/379/379 391/381/381 402/382/382 403/380/380
f 391/381/381 392/383/383 401/384/384 402/382/382
f 392/383/383 393/385/385 420/386/386 401/384/384
f 393/385/385 394/387/387 419/388/388 420/386/386
f 394/387/387 395/389/389 418/390/390 419/388/388
f 395/389/389 396/391/391 417/392/392 418/390/390
f 396/391/391 397/393/393 416/394/394 417/392/392
f 397/393/393 398/395/395 415/396/396 416/394/394
f 398/395/395 399/397/397 414/398/398 415/396/396
f 399/397/397 400/399/399 413/400/400 414/398/398
f 400/399/399 381/361/361 412/364/364 413/400/400
f 421/401/401 422/402/402 78/222/222 79/224/224
f 422/402/402 423/403/403 77/220/220 78/222/222
f 423/403/403 424/404/404 76/218/218 77/220/220
f 424/404/404 425/898/405 75/216/216 76/218/218
f 425/405/405 426/406/406 74/214/214 75/909/216
f 426/406/406 427/407/407 73/212/212 74/214/214
f 427/407/407 428/408/408 72/210/210 73/212/212
f 428/408/408 429/409/409 71/208/208 72/210/210
f 429/409/409 430/410/410 70/206/206 71/208/208
f 430/410/410 431/411/411 69/203/203 70/206/206
f 431/411/411 432/412/412 68/204/204 69/203/203
f 432/412/412 433/413/413 67/240/240 68/204/204
f 433/413/413 434/414/414 66/238/238 67/240/240
f 434/414/414 435/415/415 65/236/236 66/238/238
f 435/415/415 436/416/416 64/234/234 65/236/236
f 436/416/416 437/417/417 63/232/232 64/234/234
f 437/417/417 438/418/418 62/230/230 63/232/232
f 438/418/418 439/419/419 61/228/228 62/230/230
f 439/419/419 440/420/420 80/226/226 61/228/228
f 440/420/420 421/401/401 79/224/224 80/226/226
f 561/421/421 562/422/422 412/364/364 411/363/363
f 562/422/422 563/423/423 413/400/400 412/364/364
f 563/423/423 564/424/424 414/398/398 413/400/400
f 564/424/424 565/425/425 415/396/396 414/398/398
f 565/425/425 566/426/426 416/394/394 415/396/396
f 566/426/426 567/427/427 417/392/392 416/394/394
f 567/427/427 568/428/428 418/390/390 417/392/392
f 568/428/428 569/429/429 419/388/388 418/390/390
f 569/429/429 570/430/430 420/386/386 419/388/388
f 570/430/430 571/431/431 401/384/384 420/386/386
f 571/431/431 572/432/432 402/382/382 401/384/384
f 572/432/432 573/433/433 403/380/380 402/382/382
f 573/433/433 574/434/434 404/378/378 403/380/380
f 574/434/434 575/435/435 405/376/376 404/378/378
f 575/435/435 576/436/436 406/374/374 405/376/376
f 576/436/436 577/437/437 407/372/372 406/374/374
f 577/437/437 578/857/438 408/370/370 407/372/372
f 578/438/438 579/439/439 409/368/368 408/858/370
f 579/439/439 580/440/440 410/366/366 409/368/368
f 580/440/440 561/421/421 411/363/363 410/366/366
f 362/441/441 361/442/442 442/443/443 441/444/444
f 361/442/442 380/445/445 443/446/446 442/443/443
f 380/445/445 379/447/447 444/448/448 443/446/446
f 379/447/447 378/449/449 445/450/450 444/448/448
f 378/449/449 377/451/451 446/452/452 445/450/450
f 377/451/451 376/453/453 447/454/454 446/452/452
f 376/453/453 375/455/455 448/456/456 447/454/454
f 375/455/455 374/457/457 449/458/458 448/456/456
f 374/457/457 373/459/459 450/460/460 449/458/458
f 373/459/459 372/461/461 451/462/462 450/460/460
f 372/461/461 371/463/463 452/464/464 451/462/462
f 371/463/463 370/465/465 453/466/466 452/464/464
f 370/465/465 369/467/467 454/468/468 453/466/466
f 369/467/467 368/469/469 455/470/470 454/468/468
f 368/469/469 367/471/471 456/472/472 455/470/470
f 367/471/471 366/473/473 457/474/474 456/472/472
f 366/473/473 365/475/475 458/864/476 457/474/474
f 365/803/475 364/477/477 459/478/478 458/476/476
f 364/477/477 363/479/479 460/480/480 459/478/478
f 363/479/479 362/441/441 441/444/444 460/480/480
f 441/444/444 442/443/443 462/481/481 461/482/482
f 442/443/443 443/446/446 463/483/483 462/481/481
f 443/446/446 444/448/448 464/484/484 463/483/483
f 444/448/448 445/450/450 465/485/485 464/484/484
f 445/450/450 446/452/452 466/486/486 465/485/485
f 446/452/452 447/454/454 467/487/487 466/486/486
f 447/454/454 448/456/456 468/488/488 467/487/487
f 448/456/456 449/458/458 469/489/489 468/488/488
f 449/458/458 450/460/460 470/490/490 469/489/489
f 450/460/460 451/462/462 471/491/491 470/490/490
f 451/462/462 452/464/464 472/492/492 471/491/491
f 452/464/464 453/466/466 473/493/493 472/492/492
f 453/466/466 454/468/468 474/494/494 473/493/493
f 454/468/468 455/470/470 475/495/495 474/494/494
f 455/470/470 456/472/472 476/496/496 475/495/495
f 456/472/472 457/474/474 477/497/497 476/496/496
f 457/474/474 458/864/476 478/863/498 477/497/497
f 458/476/476 459/478/478 479/499/499 478/498/498
f 459/478/478 460/480/480 480/500/500 479/499/499
f 460/480/480 441/444/444 461/482/482 480/500/500
f 461/482/482 462/481/481 482/501/501 481/502/502
f 462/481/481 463/483/483 483/503/503 482/501/501
f 463/483/483 464/484/484 484/504/504 483/503/503
f 464/484/484 465/485/485 485/505/505 484/504/504
f 465/485/485 466/486/486 486/506/506 485/505/505
f 466/486/486 467/487/487 487/507/507 486/506/506
f 467/487/487 468/488/488 488/508/508 487/507/507
f 468/488/488 469/489/489 489/509/509 488/508/508
f 469/489/489 470/490/490 490/510/510 489/509/509
f 470/490/490 471/491/491 491/511/511 490/510/510
f 471/491/491 472/492/492 492/512/512 491/511/511
f 472/492/492 473/493/493 493/513/513 492/512/512
f 473/493/493 474/494/494 494/514/514 493/513/513
f 474/494/494 475/495/495 495/515/515 494/514/514
f 475/495/495 476/496/496 496/516/516 495/515/515
f 476/496/496 477/497/497 497/517/517 496/516/516
f 477/497/497 478/863/498 498/862/518 497/517/517
f 478/498/498 479/499/499 499/519/519 498/518/518
f 479/499/499 480/500/500 500/520/520 499/519/519
f 480/500/500 461/482/482 481/502/502 500/520/520
f 481/502/502 482/501/501 502/521/521 501/522/522
f 482/501/501 483/503/503 503/523/523 502/521/521
f 483/503/503 484/504/504 504/524/524 503/523/523
f 484/504/504 485/505/505 505/525/525 504/524/524
f 485/505/505 486/506/506 506/526/526 505/525/525
f 486/506/506 487/507/507 507/527/527 506/526/526
f 487/507/507 488/508/508 508/528/528 507/527/527
f 488/508/508 489/509/509 509/529/529 508/528/528
f 489/509/509 490/510/510 510/530/530 509/529/529
f 490/510/510 491/511/511 511/531/531 510/530/530
f 491/511/511 492/512/512 512/532/532 511/531/531
f 492/512/512 493/513/513 513/533/533 512/532/532
f 493/513/513 494/514/514 514/534/534 513/533/533
f 494/514/514 495/515/515 515/535/535 514/534/534
f 495/515/515 496/516/516 516/536/536 515/535/535
f 496/516/516 497/517/517 517/537/537 516/536/536
f 497/517/517 498/862/518 518/861/538 517/537/537
f 498/518/518 499/519/519 519/539/539 518/538/538
f 499/519/519 500/520/520 520/540/540 519/539/539
f 500/520/520 481/502/502 501/522/522 520/540/540
f 501/522/522 502/521/521 522/541/541 521/542/542
f 502/521/521 503/523/523 523/543/543 522/541/541
f 503/523/523 504/524/524 524/544/544 523/543/543
f 504/524/524 505/525/525 525/545/545 524/544/544
f 505/525/525 506/526/526 526/546/546 525/545/545
f 506/526/526 507/527/527 527/547/547 526/546/546
f 507/527/527 508/528/528 528/548/548 527/547/547
f 508/528/528 509/529/529 529/549/549 528/548/548
f 509/529/529 510/530/530 530/550/550 529/549/549
f 510/530/530 511/531/531 531/551/551 530/550/550
f 511/531/531 512/532/532 532/552/552 531/551/551
f 512/532/532 513/533/533 533/553/553 532/552/552
f 513/533/533 514/534/534 534/554/554 533/553/553
f 514/534/534 515/535/535 535/555/555 534/554/554
f 515/535/535 516/536/536 536/556/556 535/555/555
f 516/536/536 517/537/537 537/557/557 536/556/556
f 517/537/537 518/861/538 538/860/558 537/557/557
f 518/538/538 519/539/539 539/559/559 538/558/558
f 519/539/539 520/540/540 540/560/560 539/559/559
f 520/540/540 501/522/522 521/542/542 540/560/560
f 521/542/542 522/541/541 542/561/561 541/562/562
f 522/541/541 523/543/543 543/563/563 542/561/561
f 523/543/543 524/544/544 544/564/564 543/563/563
f 524/544/544 525/545/545 545/565/565 544/564/564
f 525/545/545 526/546/546 546/566/566 545/565/565
f 526/546/546 527/547/547 547/567/567 546/566/566
f 527/547/547 528/548/548 548/568/568 547/567/567
f 528/548/548 529/549/549 549/569/569 548/568/568
f 529/549/549 530/550/550 550/570/570 549/569/569
f 530/550/550 531/551/551 551/571/571 550/570/570
f 531/551/551 532/552/552 552/572/572 551/571/571
f 532/552/552 533/553/553 553/573/573 552/572/572
f 533/553/553 534/554/554 554/574/574 553/573/573
f 534/554/554 535/555/555 555/575/575 554/574/574
f 535/555/555 536/556/556 556/576/576 555/575/575
f 536/556/556 537/557/557 557/577/577 556/576/576
f 537/557/557 538/860/558 558/859/578 557/577/577
f 538/558/558 539/559/559 559/579/579 558/578/578
f 539/559/559 540/560/560 560/580/580 559/579/579
f 540/560/560 521/542/542 541/562/562 560/580/580
f 541/562/562 542/561/561 562/422/422 561/421/421
f 542/561/561 543/563/563 563/423/423 562/422/422
f 543/563/563 544/564/564 564/424/424 563/423/423
f 544/564/564 545/565/565 565/425/425 564/424/424
f 545/565/565 546/566/566 566/426/426 565/425/425
f 546/566/566 547/567/567 567/427/427 566/426/426
f 547/567/567 548/568/568 568/428/428 567/427/427
f 548/568/568 549/569/569 569/429/429 568/428/428
f 549/569/569 550/570/570 570/430/430 569/429/429
f 550/570/570 551/571/571 571/431/431 570/430/430
f 551/571/571 552/572/572 572/432/432 571/431/431
f 552/572/572 553/573/573 573/433/433 572/432/432
f 553/573/573 554/574/574 574/434/434 573/433/433
f 554/574/574 555/575/575 575/435/435 574/434/434
f 555/575/575 556/576/576 576/436/436 575/435/435
f 556/576/576 557/577/577 577/437/437 576/436/436
f 557/577/577 558/859/578 578/857/438 577/437/437
f 558/578/578 559/579/579 579/439/439 578/438/438
f 559/579/579 560/580/580 580/440/440 579/439/439
f 560/580/580 541/562/562 561/421/421 580/440/440
f 701/581/581 702/582/582 429/893/409 428/894/408
f 702/582/582 703/583/583 430/892/410 429/893/409
f 703/583/583 704/584/584 431/891/411 430/892/410
f 704/584/584 705/585/585 432/890/412 431/891/411
f 705/585/585 706/586/586 433/889/413 432/890/412
f 706/586/586 707/587/587 434/888/414 433/889/413
f 707/587/587 708/588/588 435/887/415 434/888/414
f 708/588/588 709/589/589 436/886/416 435/887/415
f 709/589/589 710/590/590 437/885/417 436/886/416
f 710/590/590 711/591/591 438/884/418 437/885/417
f 711/591/591 712/592/592 439/883/419 438/884/418
f 712/592/592 713/593/593 440/881/420 439/883/419
f 713/593/593 714/594/594 421/882/401 440/881/420
f 714/594/594 715/595/595 422/901/402 421/882/401
f 715/595/595 716/596/596 423/900/403 422/901/402
f 716/596/596 717/597/597 424/899/404 423/900/403
f 717/597/597 718/849/598 425/848/405 424/899/404
f 718/598/598 719/599/599 426/896/406 425/897/405
f 719/599/599 720/600/600 427/895/407 426/896/406
f 720/600/600 701/581/581 428/894/408 427/895/407
f 382/362/362 381/361/361 582/601/601 581/602/602
f 381/361/361 400/399/399 583/603/603 582/601/601
f 400/399/399 399/397/397 584/604/604 583/603/603
f 399/397/397 398/395/395 585/605/605 584/604/604
f 398/395/395 397/393/393 586/606/606 585/605/605
f 397/393/393 396/391/391 587/607/607 586/606/606
f 396/391/391 395/389/389 588/608/608 587/607/607
f 395/389/389 394/387/387 589/609/609 588/608/608
f 394/387/387 393/385/385 590/610/610 589/609/609
f 393/385/385 392/383/383 591/611/611 590/610/610
f 392/383/383 391/381/381 592/612/612 591/611/611
f 391/381/381 390/379/379 593/613/613 592/612/612
f 390/379/379 389/377/377 594/614/614 593/613/613
f 389/377/377 388/375/375 595/615/615 594/614/614
f 388/375/375 387/373/373 596/616/616 595/615/615
f 387/373/373 386/371/371 597/617/617 596/616/616
f 386/371/371 385/856/369 598/855/618 597/617/617
f 385/369/369 384/367/367 599/619/619 598/618/618
f 384/367/367 383/365/365 600/620/620 599/619/619
f 383/365/365 382/362/362 581/602/602 600/620/620
f 581/602/602 582/601/601 602/621/621 601/622/622
f 582/601/601 583/603/603 603/623/623 602/621/621
f 583/603/603 584/604/604 604/624/624 603/623/623
f 584/604/604 585/605/605 605/625/625 604/624/624
f 585/605/605 586/606/606 606/626/626 605/625/625
f 586/606/606 587/607/607 607/627/627 606/626/626
f 587/607/607 588/608/608 608/628/628 607/627/627
f 588/608/608 589/609/609 609/629/629 608/628/628
f 589/609/609 590/610/610 610/630/630 609/629/629
f 590/610/610 591/611/611 611/631/631 610/630/630
f 591/611/611 592/612/612 612/632/632 611/631/631
f 592/612/612 593/613/613 613/633/633 612/632/632
f 593/613/613 594/614/614 614/634/634 613/633/633
f 594/614/614 595/615/615 615/635/635 614/634/634
f 595/615/615 596/616/616 616/636/636 615/635/635
f 596/616/616 597/617/617 617/637/637 616/636/636
f 597/617/617 598/855/618 618/854/638 617/637/637
f 598/618/618 599/619/619 619/639/639 618/638/638
f 599/619/619 600/620/620 620/640/640 619/639/639
f 600/620/620 581/602/602 601/622/622 620/640/640
f 601/622/622 602/621/621 622/641/641 621/642/642
f 602/621/621 603/623/623 623/643/643 622/641/641
f 603/623/623 604/624/624 624/644/644 623/643/643
f 604/624/624 605/625/625 625/645/645 624/644/644
f 605/625/625 606/626/626 626/646/646 625/645/645
f 606/626/626 607/627/627 627/647/647 626/646/646
f 607/627/627 608/628/628 628/648/648 627/647/647
f 608/628/628 609/629/629 629/649/649 628/648/648
f 609/629/629 610/630/630 630/650/650 629/649/649
f 610/630/630 611/631/631 631/651/651 630/650/650
f 611/631/631 612/632/632 632/652/652 631/651/651
f 612/632/632 613/633/633 633/653/653 632/652/652
f 613/633/633 614/634/634 634/654/654 633/653/653
f 614/634/634 615/635/635 635/655/655 634/654/654
f 615/635/635 616/636/636 636/656/656 635/655/655
f 616/636/636 617/637/637 637/657/657 636/656/656
f 617/637/637 618/854/638 638/853/658 637/657/657
f 618/638/638 619/639/639 639/659/659 638/658/658
f 619/639/639 620/640/640 640/660/660 639/659/659
f 620/640/640 601/622/622 621/642/642 640/660/660
f 621/642/642 622/641/641 642/661/661 641/662/662
f 622/641/641 623/643/643 643/663/663 642/661/661
f 623/643/643 624/644/644 644/664/664 643/663/663
f 624/644/644 625/645/645 645/665/665 644/664/664
f 625/645/645 626/646/646 646/666/666 645/665/665
f 626/646/646 627/647/647 647/667/667 646/666/666
f 627/647/647 628/648/648 648/668/668 647/667/667
f 628/648/648 629/649/649 649/669/669 648/668/668
f 629/649/649 630/650/650 650/670/670 649/669/669
f 630/650/650 631/651/651 651/671/671 650/670/670
f 631/651/651 632/652/652 652/672/672 651/671/671
f 632/652/652 633/653/653 653/673/673 652/672/672
f 633/653/653 634/654/654 654/674/674 653/673/673
f 634/654/654 635/655/655 655/675/675 654/674/674
f 635/655/655 636/656/656 656/676/676 655/675/675
f 636/656/656 637/657/657 657/677/677 656/676/676
f 637/657/657 638/853/658 658/852/678 657/677/677
f 638/658/658 639/659/659 659/679/679 658/678/678
f 639/659/659 640/660/660 660/680/680 659/679/679
f 640/660/660 621/642/642 641/662/662 660/680/680
f 641/662/662 642/661/661 662/681/681 661/682/682
f 642/661/661 643/663/663 663/683/683 662/681/681
f 643/663/663 644/664/664 664/684/684 663/683/683
f 644/664/664 645/665/665 665/685/685 664/684/684
f 645/665/665 646/666/666 666/686/686 665/685/685
f 646/666/666 647/667/667 667/687/687 666/686/686
f 647/667/667 648/668/668 668/688/688 667/687/687
f 648/668/668 649/669/669 669/689/689 668/688/688
f 649/669/669 650/670/670 670/690/690 669/689/689
f 650/670/670 651/671/671 671/691/691 670/690/690
f 651/671/671 652/672/672 672/692/692 671/691/691
f 652/672/672 653/673/673 673/693/693 672/692/692
f 653/673/673 654/674/674 674/694/694 673/693/693
f 654/674/674 655/675/675 675/695/695 674/694/694
f 655/675/675 656/676/676 676/696/696 675/695/695
f 656/676/676 657/677/677 677/697/697 676/696/696
f 657/677/677 658/852/678 678/851/698 677/697/697
f 658/678/678 659/679/679 679/699/699 678/698/698
f 659/679/679 660/680/680 680/700/700 679/699/699
f 660/680/680 641/662/662 661/682/682 680/700/700
f 661/682/682 662/681/681 682/701/701 681/702/702
f 662/681/681 663/683/683 683/703/703 682/701/701
f 663/683/683 664/684/684 684/704/704 683/703/703
f 664/684/684 665/685/685 685/705/705 684/704/704
f 665/685/685 666/686/686 686/706/706 685/705/705
f 666/686/686 667/687/687 687/707/707 686/706/706
f 667/687/687 668/688/688 688/708/708 687/707/707
f 668/688/688 669/689/689 689/709/709 688/708/708
f 669/689/689 670/690/690 690/710/710 689/709/709
f 670/690/690 671/691/691 691/711/711 690/710/710
f 671/691/691 672/692/692 692/712/712 691/711/711
f 672/692/692 673/693/693 693/713/713 692/712/712
f 673/693/693 674/694/694 694/714/714 693/713/713
f 674/694/694 675/695/695 695/715/715 694/714/714
f 675/695/695 676/696/696 696/716/716 695/715/715
f 676/696/696 677/697/697 697/717/717 696/716/716
f 677/697/697 678/851/698 698/850/718 697/717/717
f 678/698/698 679/699/699 699/719/719 698/718/718
f 679/699/699 680/700/700 700/720/720 699/719/719
f 680/700/700 661/682/682 681/702/702 700/720/720
f 681/702/702 682/701/701 702/582/582 701/581/581
f 682/701/701 683/703/703 703/583/583 702/582/582
f 683/703/703 684/704/704 704/584/584 703/583/583
f 684/704/704 685/705/705 705/585/585 704/584/584
f 685/705/705 686/706/706 706/586/586 705/585/585
f 686/706/706 687/707/707 707/587/587 706/586/586
f 687/707/707 688/708/708 708/588/588 707/587/587
f 688/708/708 689/709/709 709/589/589 708/588/588
f 689/709/709 690/710/710 710/590/590 709/589/589
f 690/710/710 691/711/711 711/591/591 710/590/590
f 691/711/711 692/712/712 712/592/592 711/591/591
f 692/712/712 693/713/713 713/593/593 712/592/592
f 693/713/713 694/714/714 714/594/594 713/593/593
f 694/714/714 695/715/715 715/595/595 714/594/594
f 695/715/715 696/716/716 716/596/596 715/595/595
f 696/716/716 697/717/717 717/597/597 716/596/596
f 697/717/717 698/850/718 718/849/598 717/597/597
f 698/718/718 699/719/719 719/599/599 718/598/598
f 699/719/719 700/720/720 720/600/600 719/599/599
f 700/720/720 681/702/702 701/581/581 720/600/600
s 6
f 723/846/721 724/722/722 726/723/723 725/845/724
f 724/722/722 723/846/721 761/828/725 762/726/726
f 725/845/724 726/723/723 728/727/727 727/844/728
f 727/844/728 728/727/727 730/729/729 729/843/730
f 729/843/730 730/729/729 732/731/731 731/842/732
f 731/842/732 732/731/731 734/733/733 733/841/734
f 733/841/734 734/733/733 736/735/735 735/840/736
f 735/840/736 736/735/735 738/737/737 737/839/738
f 737/839/738 738/737/737 740/739/739 739/838/740
f 739/838/740 740/739/739 742/741/741 741/837/742
f 741/837/742 742/741/741 744/743/743 743/836/744
f 743/836/744 744/743/743 746/745/745 745/835/746
f 745/835/746 746/745/745 748/747/747 747/834/748
f 747/834/748 748/747/747 750/749/749 749/833/750
f 749/833/750 750/749/749 752/751/751 751/832/752
f 751/832/752 752/751/751 754/753/753 753/831/754
f 753/831/754 754/753/753 756/755/755 755/830/756
f 755/830/756 756/755/755 758/757/757 757/807/758
f 757/807/758 758/757/757 760/759/759 759/829/760
f 759/829/760 760/759/759 762/726/726 761/828/725
s 7
f 763/827/761 764/762/762 766/763/763 765/826/764
f 764/762/762 763/827/761 801/809/765 802/766/766
f 765/826/764 766/763/763 768/767/767 767/825/768
f 767/825/768 768/767/767 770/769/769 769/824/770
f 769/824/770 770/769/769 772/771/771 771/823/772
f 771/823/772 772/771/771 774/773/773 773/822/774
f 773/822/774 774/773/773 776/775/775 775/821/776
f 775/821/776 776/775/775 778/777/777 777/804/778
f 777/804/778 778/777/777 780/779/779 779/820/780
f 779/820/780 780/779/779 782/781/781 781/819/782
f 781/819/782 782/781/781 784/783/783 783/818/784
f 783/818/784 784/783/783 786/785/785 785/817/786
f 785/817/786 786/785/785 788/787/787 787/816/788
f 787/816/788 788/787/787 790/789/789 789/815/790
f 789/815/790 790/789/789 792/791/791 791/814/792
f 791/814/792 792/791/791 794/793/793 793/813/794
f 793/813/794 794/793/793 796/795/795 795/812/796
f 795/812/796 796/795/795 798/797/797 797/811/798
f 797/811/798 798/797/797 800/799/799 799/810/800
f 799/810/800 800/799/799 802/766/766 801/809/765
s 1
f 1/62/62 2/61/61 743/744/801 745/746/802
f 2/61/61 3/99/99 741/742/803 743/744/801
f 3/99/99 4/97/97 739/740/804 741/742/803
f 4/97/97 5/95/95 737/738/805 739/740/804
f 5/95/95 6/93/93 735/736/806 737/738/805
f 6/93/93 7/91/91 733/734/807 735/736/806
f 7/91/91 8/89/89 731/732/808 733/734/807
f 8/89/89 9/87/87 729/730/809 731/732/808
f 9/87/87 10/85/85 727/728/810 729/730/809
f 10/85/85 11/83/83 725/724/811 727/728/810
f 11/83/83 12/81/81 723/721/812 725/724/811
f 12/81/81 13/79/79 761/725/813 723/721/812
f 13/79/79 14/77/77 759/760/814 761/725/813
f 14/77/77 15/806/75 757/758/815 759/760/814
f 15/75/75 16/73/73 755/756/816 757/808/815
f 16/73/73 17/71/71 753/754/817 755/756/816
f 17/71/71 18/69/69 751/752/818 753/754/817
f 18/69/69 19/67/67 749/750/819 751/752/818
f 19/67/67 20/65/65 747/748/820 749/750/819
f 20/65/65 1/62/62 745/746/802 747/748/820
f 361/442/442 362/441/441 783/784/821 785/786/822
f 362/441/441 363/479/479 781/782/823 783/784/821
f 363/479/479 364/477/477 779/780/824 781/782/823
f 364/477/477 365/803/475 777/778/825 779/780/824
f 365/475/475 366/473/473 775/776/826 777/805/825
f 366/473/473 367/471/471 773/774/827 775/776/826
f 367/471/471 368/469/469 771/772/828 773/774/827
f 368/469/469 369/467/467 769/770/829 771/772/828
f 369/467/467 370/465/465 767/768/830 769/770/829
f 370/465/465 371/463/463 765/764/831 767/768/830
f 371/463/463 372/461/461 763/761/832 765/764/831
f 372/461/461 373/459/459 801/765/833 763/761/832
f 373/459/459 374/457/457 799/800/834 801/765/833
f 374/457/457 375/455/455 797/798/835 799/800/834
f 375/455/455 376/453/453 795/796/836 797/798/835
f 376/453/453 377/451/451 793/794/837 795/796/836
f 377/451/451 378/449/449 791/792/838 793/794/837
f 378/449/449 379/447/447 789/790/839 791/792/838
f 379/447/447 380/445/445 787/788/840 789/790/839
f 380/445/445 361/442/442 785/786/822 787/788/840
s 8
f 726/723/841 724/722/842 721/801/843
f 728/727/844 726/723/841 721/801/843
f 730/729/845 728/727/844 721/801/843
f 732/731/846 730/729/845 721/801/843
f 734/733/847 732/731/846 721/801/843
f 736/735/848 734/733/847 721/801/843
f 738/737/849 736/735/848 721/801/843
f 740/739/850 738/737/849 721/801/843
f 742/741/851 740/739/850 721/801/843
f 744/743/852 742/741/851 721/801/843
f 746/745/853 744/743/852 721/801/843
f 748/747/854 746/745/853 721/801/843
f 750/749/855 748/747/854 721/801/843
f 752/751/856 750/749/855 721/801/843
f 754/753/857 752/751/856 721/801/843
f 756/755/858 754/753/857 721/801/843
f 758/757/859 756/755/858 721/801/843
f 760/759/860 758/757/859 721/801/843
f 762/726/861 760/759/860 721/801/843
f 724/722/842 762/726/861 721/801/843
s 9
f 766/763/862 764/762/863 722/802/864
f 768/767/865 766/763/862 722/802/864
f 770/769/866 768/767/865 722/802/864
f 772/771/867 770/769/866 722/802/864
f 774/773/868 772/771/867 722/802/864
f 776/775/869 774/773/868 722/802/864
f 778/777/870 776/775/869 722/802/864
f 780/779/871 778/777/870 722/802/864
f 782/781/872 780/779/871 722/802/864
f 784/783/873 782/781/872 722/802/864
f 786/785/874 784/783/873 722/802/864
f 788/787/875 786/785/874 722/802/864
f 790/789/876 788/787/875 722/802/864
f 792/791/877 790/789/876 722/802/864
f 794/793/878 792/791/877 722/802/864
f 796/795/879 794/793/878 722/802/864
f 798/797/880 796/795/879 722/802/864
f 800/799/881 798/797/880 722/802/864
f 802/766/882 800/799/881 722/802/864
f 764/762/863 802/766/882 722/802/864
g default
v -0.279919 0.209539 0.243117
v -0.304601 0.209539 0.243117
v -0.314999 0.176663 0.243117
v -0.269521 0.176663 0.243117
v -0.279919 0.197282 0.243117
v -0.304601 0.197282 0.243117
v -0.269521 0.187937 0.243117
v -0.314999 0.187937 0.243117
v -0.269521 0.176663 0.246089
v -0.270795 0.177936 0.247362
v -0.270795 0.187369 0.247362
v -0.269521 0.187937 0.246089
v -0.314999 0.187937 0.246089
v -0.313725 0.187369 0.247362
v -0.313725 0.177936 0.247362
v -0.314999 0.176663 0.246089
v -0.279919 0.197282 0.246089
v -0.281193 0.196715 0.247362
v -0.281193 0.208265 0.247362
v -0.279919 0.209539 0.246089
v -0.303327 0.208265 0.247362
v -0.304601 0.209539 0.246089
v -0.303327 0.196715 0.247362
v -0.304601 0.197282 0.246089
v -0.304601 0.217387 0.243117
v -0.279919 0.217387 0.243117
v -0.269521 0.250263 0.243117
v -0.314999 0.250263 0.243117
v -0.304601 0.229644 0.243117
v -0.279919 0.229644 0.243117
v -0.314999 0.238989 0.243117
v -0.269521 0.238989 0.243117
v -0.314999 0.250263 0.246089
v -0.313725 0.248990 0.247362
v -0.313725 0.239557 0.247362
v -0.314999 0.238989 0.246089
v -0.269521 0.238989 0.246089
v -0.270794 0.239557 0.247362
v -0.270794 0.248990 0.247362
v -0.269521 0.250263 0.246089
v -0.304601 0.229644 0.246089
v -0.303327 0.230211 0.247362
v -0.303327 0.218661 0.247362
v -0.304601 0.217387 0.246089
v -0.281193 0.218661 0.247362
v -0.279919 0.217387 0.246089
v -0.281193 0.230211 0.247362
v -0.279919 0.229644 0.246089
v -0.382846 0.209539 0.243117
v -0.407528 0.209539 0.243117
v -0.417926 0.176663 0.243117
v -0.372448 0.176663 0.243117
v -0.382846 0.197282 0.243117
v -0.407528 0.197282 0.243117
v -0.372448 0.187937 0.243117
v -0.417926 0.187937 0.243117
v -0.372448 0.176663 0.246089
v -0.373722 0.177936 0.247362
v -0.373722 0.187369 0.247362
v -0.372448 0.187937 0.246089
v -0.417926 0.187937 0.246089
v -0.416653 0.187369 0.247362
v -0.416653 0.177936 0.247362
v -0.417926 0.176663 0.246089
v -0.382846 0.197282 0.246089
v -0.384120 0.196715 0.247362
v -0.384120 0.208265 0.247362
v -0.382846 0.209539 0.246089
v -0.406255 0.208265 0.247362
v -0.407528 0.209539 0.246089
v -0.406255 0.196715 0.247362
v -0.407528 0.197282 0.246089
v -0.407528 0.217387 0.243117
v -0.382846 0.217387 0.243117
v -0.372448 0.250263 0.243117
v -0.417926 0.250263 0.243117
v -0.407528 0.229644 0.243117
v -0.382846 0.229644 0.243117
v -0.417926 0.238989 0.243117
v -0.372448 0.238989 0.243117
v -0.417926 0.250263 0.246089
v -0.416653 0.248990 0.247362
v -0.416653 0.239557 0.247362
v -0.417926 0.238989 0.246089
v -0.372448 0.238989 0.246089
v -0.373722 0.239557 0.247362
v -0.373722 0.248990 0.247362
v -0.372448 0.250263 0.246089
v -0.407528 0.229644 0.246089
v -0.406255 0.230211 0.247362
v -0.406255 0.218661 0.247362
v -0.407528 0.217387 0.246089
v -0.384120 0.218661 0.247362
v -0.382846 0.217387 0.246089
v -0.384120 0.230211 0.247362
v -0.382846 0.229644 0.246089
v 0.305747 0.209539 0.243117
v 0.281065 0.209539 0.243117
v 0.270667 0.176663 0.243117
v 0.316145 0.176663 0.243117
v 0.305747 0.197282 0.243117
v 0.281065 0.197282 0.243117
v 0.316145 0.187937 0.243117
v 0.270667 0.187937 0.243117
v 0.316145 0.176663 0.246089
v 0.314872 0.177936 0.247362
v 0.314872 0.187369 0.247362
v 0.316145 0.187937 0.246089
v 0.270667 0.187937 0.246089
v 0.271941 0.187369 0.247362
v 0.271941 0.177936 0.247362
v 0.270667 0.176663 0.246089
v 0.305747 0.197282 0.246089
v 0.304474 0.196715 0.247362
v 0.304474 0.208265 0.247362
v 0.305747 0.209539 0.246089
v 0.282339 0.208265 0.247362
v 0.281065 0.209539 0.246089
v 0.282339 0.196715 0.247362
v 0.281065 0.197282 0.246089
v 0.281065 0.217387 0.243117
v 0.305747 0.217387 0.243117
v 0.316145 0.250263 0.243117
v 0.270667 0.250263 0.243117
v 0.281065 0.229644 0.243117
v 0.305747 0.229644 0.243117
v 0.270667 0.238989 0.243117
v 0.316145 0.238989 0.243117
v 0.270667 0.250263 0.246089
v 0.271941 0.248990 0.247362
v 0.271941 0.239557 0.247362
v 0.270667 0.238989 0.246089
v 0.316145 0.238989 0.246089
v 0.314872 0.239557 0.247362
v 0.314872 0.248990 0.247362
v 0.316145 0.250263 0.246089
v 0.281065 0.229644 0.246089
v 0.282339 0.230211 0.247362
v 0.282339 0.218661 0.247362
v 0.281065 0.217387 0.246089
v 0.304474 0.218661 0.247362
v 0.305747 0.217387 0.246089
v 0.304474 0.230211 0.247362
v 0.305747 0.229644 0.246089
v 0.408675 0.209539 0.243117
v 0.383993 0.209539 0.243117
v 0.373595 0.176663 0.243117
v 0.419073 0.176663 0.243117
v 0.408675 0.197282 0.243117
v 0.383993 0.197282 0.243117
v 0.419073 0.187937 0.243117
v 0.373595 0.187937 0.243117
v 0.419073 0.176663 0.246089
v 0.417799 0.177936 0.247362
v 0.417799 0.187369 0.247362
v 0.419073 0.187937 0.246089
v 0.373595 0.187937 0.246089
v 0.374868 0.187369 0.247362
v 0.374868 0.177936 0.247362
v 0.373595 0.176663 0.246089
v 0.408675 0.197282 0.246089
v 0.407401 0.196715 0.247362
v 0.407401 0.208265 0.247362
v 0.408675 0.209539 0.246089
v 0.385267 0.208265 0.247362
v 0.383993 0.209539 0.246089
v 0.385267 0.196715 0.247362
v 0.383993 0.197282 0.246089
v 0.383993 0.217387 0.243117
v 0.408675 0.217387 0.243117
v 0.419073 0.250263 0.243117
v 0.373595 0.250263 0.243117
v 0.383993 0.229644 0.243117
v 0.408675 0.229644 0.243117
v 0.373595 0.238989 0.243117
v 0.419073 0.238989 0.243117
v 0.373595 0.250263 0.246089
v 0.374868 0.248990 0.247362
v 0.374868 0.239557 0.247362
v 0.373595 0.238989 0.246089
v 0.419073 0.238989 0.246089
v 0.417799 0.239557 0.247362
v 0.417799 0.248990 0.247362
v 0.419073 0.250263 0.246089
v 0.383993 0.229644 0.246089
v 0.385267 0.230211 0.247362
v 0.385267 0.218661 0.247362
v 0.383993 0.217387 0.246089
v 0.407401 0.218661 0.247362
v 0.408675 0.217387 0.246089
v 0.407401 0.230211 0.247362
v 0.408675 0.229644 0.246089
v 0.503295 0.205695 -0.248814
v 0.503295 0.205121 -0.249941
v 0.503295 0.204226 -0.250835
v 0.503295 0.203100 -0.251409
v 0.503295 0.201851 -0.251607
v 0.503295 0.200602 -0.251409
v 0.503295 0.199475 -0.250835
v 0.503295 0.198581 -0.249941
v 0.503295 0.198007 -0.248814
v 0.503295 0.197809 -0.241108
v 0.503295 0.205893 -0.241108
v 0.424765 0.205695 -0.248814
v 0.424765 0.205121 -0.249941
v 0.424765 0.204226 -0.250835
v 0.424765 0.203100 -0.251409
v 0.424765 0.201851 -0.251607
v 0.424765 0.200602 -0.251409
v 0.424765 0.199475 -0.250835
v 0.424765 0.198581 -0.249941
v 0.424765 0.198007 -0.248814
v 0.424765 0.197809 -0.241108
v 0.424765 0.205893 -0.241108
v -0.424511 0.205695 -0.248814
v -0.424511 0.205121 -0.249941
v -0.424511 0.204226 -0.250835
v -0.424511 0.203100 -0.251409
v -0.424511 0.201851 -0.251607
v -0.424511 0.200602 -0.251409
v -0.424511 0.199475 -0.250835
v -0.424511 0.198581 -0.249941
v -0.424511 0.198007 -0.248814
v -0.424511 0.197809 -0.241108
v -0.424511 0.205893 -0.241108
v -0.503041 0.205695 -0.248814
v -0.503041 0.205121 -0.249941
v -0.503041 0.204226 -0.250835
v -0.503041 0.203100 -0.251409
v -0.503041 0.201851 -0.251607
v -0.503041 0.200602 -0.251409
v -0.503041 0.199475 -0.250835
v -0.503041 0.198581 -0.249941
v -0.503041 0.198007 -0.248814
v -0.503041 0.197809 -0.241108
v -0.503041 0.205893 -0.241108
v 0.503295 0.250991 -0.241108
v 0.424765 0.250991 -0.241108
v -0.424511 0.250991 -0.241108
v -0.503041 0.250991 -0.241108
v 0.503295 0.250872 -0.245732
v 0.503295 0.247710 -0.248814
v 0.424765 0.250872 -0.245732
v 0.424765 0.247710 -0.248814
v -0.424511 0.250872 -0.245732
v -0.424511 0.247710 -0.248814
v -0.503041 0.250872 -0.245732
v -0.503041 0.247710 -0.248814
v 0.503295 0.247710 -0.241108
v 0.424765 0.247710 -0.241108
v -0.424511 0.247710 -0.241108
v -0.503041 0.247710 -0.241108
vt 0.299083 0.097144
vt 0.303838 0.100918
vt 0.279620 0.100975
vt 0.276897 0.100298
vt 0.304634 0.105337
vt 0.298824 0.105194
vt 0.301737 0.107594
vt 0.294173 0.109374
vt 0.273096 0.104808
vt 0.279620 0.105194
vt 0.284272 0.109374
vt 0.278568 0.110127
vt 0.299701 0.112365
vt 0.294204 0.118786
vt 0.284071 0.119564
vt 0.279220 0.114106
vt 0.299083 0.095841
vt 0.305947 0.105337
vt 0.271862 0.104809
vt 0.275585 0.100298
vt 0.301736 0.108686
vt 0.299701 0.113608
vt 0.284071 0.120850
vt 0.277491 0.110127
vt 0.927736 0.297479
vt 0.920254 0.293583
vt 0.946837 0.293756
vt 0.950077 0.291610
vt 0.919530 0.289561
vt 0.927015 0.289402
vt 0.925485 0.286903
vt 0.931816 0.285087
vt 0.953139 0.289439
vt 0.946836 0.289401
vt 0.942035 0.285086
vt 0.947335 0.284212
vt 0.926178 0.282198
vt 0.932539 0.277286
vt 0.941869 0.276566
vt 0.946669 0.280145
vt 0.927736 0.298687
vt 0.918334 0.289561
vt 0.954308 0.289439
vt 0.950077 0.292803
vt 0.925477 0.285744
vt 0.926177 0.280979
vt 0.941868 0.275381
vt 0.948436 0.284212
vt 0.315796 0.156939
vt 0.319590 0.160083
vt 0.296338 0.160143
vt 0.290655 0.159465
vt 0.320385 0.164499
vt 0.315530 0.164359
vt 0.326525 0.166757
vt 0.310882 0.168537
vt 0.288672 0.163965
vt 0.296339 0.164360
vt 0.300987 0.168537
vt 0.293635 0.169281
vt 0.318075 0.171525
vt 0.310904 0.176141
vt 0.300778 0.176921
vt 0.294294 0.173305
vt 0.315796 0.155637
vt 0.321698 0.164499
vt 0.287438 0.163965
vt 0.289344 0.159465
vt 0.326524 0.167859
vt 0.318075 0.172767
vt 0.300778 0.178207
vt 0.292546 0.169281
vt 0.751688 0.294899
vt 0.745486 0.290309
vt 0.771311 0.290236
vt 0.777913 0.290897
vt 0.744691 0.285895
vt 0.752162 0.286029
vt 0.750843 0.283602
vt 0.756800 0.281860
vt 0.773031 0.286255
vt 0.771311 0.286029
vt 0.766673 0.281860
vt 0.776760 0.281128
vt 0.750670 0.279067
vt 0.757162 0.273228
vt 0.767223 0.272453
vt 0.776019 0.276609
vt 0.751690 0.296199
vt 0.743380 0.285895
vt 0.774178 0.286254
vt 0.779216 0.290896
vt 0.750843 0.282357
vt 0.750670 0.277927
vt 0.767223 0.271176
vt 0.777983 0.281128
vt 0.432887 0.136353
vt 0.438224 0.139389
vt 0.413435 0.139461
vt 0.410233 0.138786
vt 0.439020 0.143805
vt 0.432639 0.143674
vt 0.433250 0.146065
vt 0.427990 0.147855
vt 0.407070 0.143291
vt 0.413437 0.143680
vt 0.418089 0.147859
vt 0.411382 0.148611
vt 0.433159 0.150841
vt 0.428027 0.155627
vt 0.417897 0.156407
vt 0.412043 0.152635
vt 0.432887 0.135052
vt 0.440333 0.143805
vt 0.405835 0.143292
vt 0.408922 0.138786
vt 0.433250 0.147156
vt 0.433159 0.152080
vt 0.417897 0.157693
vt 0.410293 0.148611
vt 0.751686 0.236998
vt 0.744996 0.233668
vt 0.771059 0.233634
vt 0.774819 0.231583
vt 0.744171 0.229319
vt 0.751837 0.229410
vt 0.750023 0.227009
vt 0.756493 0.225225
vt 0.773291 0.229775
vt 0.771059 0.229410
vt 0.766404 0.225225
vt 0.769276 0.224506
vt 0.751397 0.222274
vt 0.756609 0.217018
vt 0.766595 0.216250
vt 0.768604 0.220407
vt 0.751686 0.238285
vt 0.742877 0.229331
vt 0.774527 0.229775
vt 0.774822 0.232866
vt 0.750023 0.225856
vt 0.751396 0.221006
vt 0.766595 0.214982
vt 0.770385 0.224506
vt 0.763148 0.242851
vt 0.768665 0.248353
vt 0.743457 0.248427
vt 0.740514 0.247774
vt 0.769464 0.252787
vt 0.762666 0.252648
vt 0.763604 0.255096
vt 0.758014 0.256830
vt 0.736866 0.252508
vt 0.743457 0.252648
vt 0.748110 0.256830
vt 0.741309 0.257562
vt 0.761150 0.259571
vt 0.757615 0.263848
vt 0.747461 0.264628
vt 0.742045 0.262049
vt 0.763146 0.241549
vt 0.770782 0.252787
vt 0.735758 0.252508
vt 0.739207 0.247774
vt 0.763604 0.256322
vt 0.761150 0.260656
vt 0.747461 0.265917
vt 0.740095 0.257562
vt 0.346018 0.176629
vt 0.342467 0.173842
vt 0.365416 0.173833
vt 0.370277 0.174448
vt 0.341624 0.169493
vt 0.346190 0.169611
vt 0.341418 0.167187
vt 0.350846 0.165426
vt 0.374578 0.169981
vt 0.365416 0.169609
vt 0.360759 0.165424
vt 0.368122 0.164712
vt 0.345499 0.162457
vt 0.350980 0.158386
vt 0.360968 0.157614
vt 0.367459 0.160667
vt 0.346018 0.177917
vt 0.340328 0.169511
vt 0.375811 0.169981
vt 0.371562 0.174448
vt 0.341418 0.166033
vt 0.345499 0.161187
vt 0.360967 0.156346
vt 0.369217 0.164712
vt 0.280785 0.066047
vt 0.280785 0.065495
vt 0.315083 0.065499
vt 0.315083 0.066051
vt 0.280785 0.064943
vt 0.315083 0.064947
vt 0.280785 0.064390
vt 0.315083 0.064394
vt 0.280785 0.063838
vt 0.315084 0.063842
vt 0.280785 0.063286
vt 0.315084 0.063290
vt 0.280785 0.062734
vt 0.315084 0.062738
vt 0.280785 0.062181
vt 0.315084 0.062185
vt 0.280785 0.061629
vt 0.315084 0.061633
vt 0.280786 0.058262
vt 0.315084 0.058266
vt 0.280782 0.088346
vt 0.280782 0.086326
vt 0.315081 0.086330
vt 0.318446 0.085835
vt 0.330967 0.066087
vt 0.330967 0.065535
vt 0.365266 0.065533
vt 0.365266 0.066085
vt 0.330967 0.064983
vt 0.365265 0.064980
vt 0.330967 0.064431
vt 0.365265 0.064428
vt 0.330967 0.063878
vt 0.365265 0.063876
vt 0.330967 0.063326
vt 0.365265 0.063323
vt 0.330967 0.062774
vt 0.365265 0.062771
vt 0.330967 0.062221
vt 0.365265 0.062219
vt 0.330967 0.061669
vt 0.365265 0.061666
vt 0.330967 0.058303
vt 0.365265 0.058300
vt 0.330969 0.088386
vt 0.330969 0.086366
vt 0.365267 0.086364
vt 0.368632 0.085868
vt 0.277419 0.066133
vt 0.280783 0.084398
vt 0.277417 0.084397
vt 0.315081 0.084402
vt 0.318446 0.084402
vt 0.327602 0.066174
vt 0.330969 0.084438
vt 0.327603 0.084438
vt 0.365267 0.084435
vt 0.368632 0.084435
vt 0.318449 0.066138
vt 0.368631 0.066171
vt 0.366613 0.085816
vt 0.329623 0.085819
vt 0.316427 0.085783
vt 0.279437 0.085779
vt 0.365267 0.088384
vt 0.327603 0.085871
vt 0.315081 0.088350
vt 0.277417 0.085830
vt 0.375811 0.164179
vt 0.374578 0.164179
vt 0.369217 0.160198
vt 0.368122 0.160198
vt 0.340264 0.162456
vt 0.340264 0.161187
vt 0.350436 0.156350
vt 0.350436 0.157618
vt 0.370278 0.169573
vt 0.371563 0.169574
vt 0.365727 0.177915
vt 0.365727 0.176627
vt 0.341690 0.174408
vt 0.340394 0.174425
vt 0.335990 0.166033
vt 0.335990 0.167187
vt 0.735759 0.257721
vt 0.736867 0.257721
vt 0.740095 0.262569
vt 0.741309 0.262569
vt 0.765623 0.259571
vt 0.765623 0.260655
vt 0.758167 0.265918
vt 0.758167 0.264629
vt 0.740515 0.252734
vt 0.739207 0.252734
vt 0.743217 0.241585
vt 0.743219 0.242888
vt 0.769463 0.247788
vt 0.770781 0.247788
vt 0.769369 0.256323
vt 0.769369 0.255097
vt 0.774528 0.223962
vt 0.773292 0.223962
vt 0.770386 0.219932
vt 0.769277 0.219932
vt 0.746168 0.222275
vt 0.746168 0.221007
vt 0.756066 0.214982
vt 0.756066 0.216250
vt 0.779689 0.231569
vt 0.779692 0.232853
vt 0.771370 0.238287
vt 0.771370 0.237001
vt 0.744217 0.234229
vt 0.742923 0.234242
vt 0.744597 0.225855
vt 0.744597 0.227009
vt 0.405836 0.149099
vt 0.407071 0.149099
vt 0.410294 0.153102
vt 0.411383 0.153102
vt 0.438269 0.150841
vt 0.438269 0.152080
vt 0.428578 0.157692
vt 0.428578 0.156406
vt 0.410233 0.143761
vt 0.408922 0.143761
vt 0.412979 0.135052
vt 0.412979 0.136353
vt 0.439020 0.138827
vt 0.440332 0.138826
vt 0.438383 0.147157
vt 0.438383 0.146066
vt 0.774174 0.280857
vt 0.773027 0.280858
vt 0.777983 0.276085
vt 0.776760 0.276085
vt 0.745972 0.279067
vt 0.745972 0.277927
vt 0.756614 0.271176
vt 0.756614 0.272454
vt 0.777907 0.285954
vt 0.779210 0.285953
vt 0.771574 0.296165
vt 0.771572 0.294865
vt 0.744691 0.290871
vt 0.743379 0.290871
vt 0.744987 0.282358
vt 0.744987 0.283603
vt 0.287439 0.169772
vt 0.288673 0.169772
vt 0.292545 0.173771
vt 0.293634 0.173771
vt 0.323197 0.171525
vt 0.323197 0.172767
vt 0.311455 0.178206
vt 0.311455 0.176920
vt 0.290654 0.164439
vt 0.289343 0.164439
vt 0.295883 0.155644
vt 0.295883 0.156946
vt 0.320385 0.159521
vt 0.321698 0.159521
vt 0.331709 0.167859
vt 0.331709 0.166757
vt 0.954307 0.283941
vt 0.953138 0.283941
vt 0.948436 0.279674
vt 0.947336 0.279674
vt 0.921149 0.282199
vt 0.921149 0.280979
vt 0.932031 0.275383
vt 0.932031 0.276568
vt 0.954603 0.291610
vt 0.954603 0.292803
vt 0.946221 0.298685
vt 0.946220 0.297477
vt 0.919529 0.294095
vt 0.918334 0.294095
vt 0.920025 0.285782
vt 0.920033 0.286941
vt 0.271870 0.110613
vt 0.273104 0.110611
vt 0.277490 0.114567
vt 0.278567 0.114567
vt 0.304823 0.112365
vt 0.304823 0.113607
vt 0.294755 0.120852
vt 0.294755 0.119566
vt 0.276897 0.105275
vt 0.275585 0.105275
vt 0.279158 0.095838
vt 0.279158 0.097141
vt 0.304634 0.100355
vt 0.305947 0.100355
vt 0.306872 0.108687
vt 0.306872 0.107595
vt 0.373830 0.163943
vt 0.367459 0.164921
vt 0.360424 0.158383
vt 0.360758 0.160252
vt 0.344955 0.163226
vt 0.350845 0.160253
vt 0.340021 0.163226
vt 0.341638 0.167887
vt 0.365175 0.175847
vt 0.369499 0.173897
vt 0.369499 0.169819
vt 0.373830 0.169746
vt 0.336210 0.167887
vt 0.342412 0.169730
vt 0.346570 0.175848
vt 0.346190 0.173836
vt 0.737538 0.257932
vt 0.742045 0.257330
vt 0.748013 0.263847
vt 0.748110 0.261998
vt 0.761615 0.258914
vt 0.758014 0.261998
vt 0.765830 0.258913
vt 0.763370 0.254354
vt 0.743779 0.243676
vt 0.741307 0.248334
vt 0.741307 0.252484
vt 0.737538 0.252720
vt 0.769135 0.254354
vt 0.768665 0.252536
vt 0.762591 0.243642
vt 0.762666 0.248427
vt 0.772543 0.223726
vt 0.768604 0.224717
vt 0.766052 0.217019
vt 0.766404 0.220054
vt 0.750853 0.223043
vt 0.756493 0.220054
vt 0.745926 0.223043
vt 0.750243 0.227708
vt 0.770819 0.236221
vt 0.775367 0.230803
vt 0.779441 0.230792
vt 0.772543 0.229539
vt 0.744817 0.227708
vt 0.744958 0.229559
vt 0.752238 0.236219
vt 0.751837 0.233633
vt 0.407819 0.149335
vt 0.412042 0.148403
vt 0.418448 0.155627
vt 0.418091 0.153025
vt 0.433690 0.150090
vt 0.427992 0.153022
vt 0.438505 0.150090
vt 0.433042 0.145404
vt 0.413537 0.137141
vt 0.411028 0.139348
vt 0.411028 0.143510
vt 0.407818 0.143527
vt 0.438174 0.145404
vt 0.438225 0.143554
vt 0.432330 0.137141
vt 0.432638 0.139454
vt 0.772331 0.280640
vt 0.776018 0.281362
vt 0.766675 0.273228
vt 0.766673 0.276708
vt 0.750182 0.279757
vt 0.756800 0.276708
vt 0.745754 0.279757
vt 0.751081 0.284356
vt 0.771014 0.294079
vt 0.777123 0.290340
vt 0.777118 0.286204
vt 0.772336 0.286036
vt 0.745225 0.284357
vt 0.745486 0.286146
vt 0.752243 0.294111
vt 0.752162 0.290236
vt 0.289422 0.170008
vt 0.294295 0.169073
vt 0.301329 0.176142
vt 0.300988 0.173701
vt 0.318607 0.170772
vt 0.310882 0.173700
vt 0.323434 0.170773
vt 0.326314 0.166089
vt 0.296441 0.157734
vt 0.291450 0.160027
vt 0.291449 0.164189
vt 0.289421 0.164201
vt 0.331499 0.166089
vt 0.319590 0.164248
vt 0.315239 0.157728
vt 0.315530 0.160142
vt 0.952430 0.283718
vt 0.946668 0.284422
vt 0.941361 0.277284
vt 0.942035 0.279753
vt 0.925655 0.282937
vt 0.931816 0.279754
vt 0.920916 0.282938
vt 0.925712 0.287604
vt 0.945703 0.296745
vt 0.950589 0.290887
vt 0.954376 0.290887
vt 0.952431 0.289216
vt 0.920259 0.287642
vt 0.920254 0.289789
vt 0.928254 0.296747
vt 0.927015 0.293757
vt 0.273852 0.110846
vt 0.279220 0.109921
vt 0.284622 0.118784
vt 0.284272 0.114541
vt 0.300233 0.111613
vt 0.294173 0.114541
vt 0.305060 0.111612
vt 0.301528 0.106933
vt 0.279716 0.097930
vt 0.277692 0.100860
vt 0.277692 0.105024
vt 0.273844 0.105042
vt 0.306664 0.106933
vt 0.303838 0.105086
vt 0.298525 0.097933
vt 0.298824 0.100974
vn 0.000000 -0.707110 0.707103
vn 0.000000 -0.707110 0.707103
vn 0.000000 -0.707110 0.707103
vn 0.000000 -0.707110 0.707103
vn 0.707107 0.000000 0.707106
vn 0.707107 0.000000 0.707106
vn 0.707107 0.000000 0.707106
vn 0.707107 0.000000 0.707106
vn 0.472681 0.525907 0.707103
vn 0.472681 0.525907 0.707103
vn 0.472681 0.525907 0.707103
vn 0.472681 0.525908 0.707103
vn -0.472679 0.525918 0.707096
vn -0.472679 0.525918 0.707096
vn -0.472679 0.525918 0.707096
vn -0.472679 0.525918 0.707096
vn -0.707124 -0.000001 0.707090
vn -0.707124 -0.000001 0.707090
vn -0.707124 -0.000001 0.707090
vn -0.707124 -0.000001 0.707090
vn 0.707114 0.000000 0.707099
vn 0.707114 0.000000 0.707099
vn 0.707114 0.000000 0.707099
vn 0.707114 0.000000 0.707099
vn 0.000000 0.707126 0.707088
vn 0.000000 0.707126 0.707088
vn 0.000000 0.707126 0.707088
vn 0.000000 0.707126 0.707088
vn -0.707114 0.000000 0.707099
vn -0.707114 0.000000 0.707099
vn -0.707114 0.000000 0.707099
vn -0.707114 0.000000 0.707099
vn 0.000001 -0.000001 1.000000
vn 0.000000 -0.000000 1.000000
vn 0.000000 -0.000000 1.000000
vn 0.000001 -0.000001 1.000000
vn 0.000000 0.000001 1.000000
vn 0.000000 0.000001 1.000000
vn 0.000000 0.000000 1.000000
vn 0.000000 0.000000 1.000000
vn 1.000000 0.000000 0.000000
vn 1.000000 0.000000 0.000000
vn 1.000000 0.000000 0.000000
vn 1.000000 0.000000 0.000000
vn -1.000000 0.000000 0.000000
vn -1.000000 0.000000 0.000000
vn -1.000000 0.000000 0.000000
vn -1.000000 0.000000 0.000000
vn 0.000000 -1.000000 0.000000
vn 0.000000 -1.000000 0.000000
vn 0.000000 -1.000000 0.000000
vn 0.000000 -1.000000 0.000000
vn 1.000000 0.000000 0.000000
vn 1.000000 0.000000 0.000000
vn 1.000000 0.000000 0.000000
vn 1.000000 0.000000 0.000000
vn 0.000000 1.000000 0.000000
vn 0.000000 1.000000 0.000000
vn 0.000000 1.000000 0.000000
vn 0.000000 1.000000 0.000000
vn -1.000000 0.000000 0.000000
vn -1.000000 0.000000 0.000000
vn -1.000000 0.000000 0.000000
vn -1.000000 0.000000 0.000000
vn 0.668462 0.743747 0.000000
vn 0.668462 0.743747 0.000000
vn 0.668462 0.743747 0.000000
vn 0.668462 0.743747 0.000000
vn -0.668462 0.743746 0.000000
vn -0.668462 0.743746 0.000000
vn -0.668462 0.743746 0.000000
vn -0.668462 0.743746 0.000000
vn 0.000000 0.707110 0.707103
vn 0.000000 0.707110 0.707103
vn 0.000000 0.707110 0.707103
vn 0.000000 0.707110 0.707103
vn -0.707108 0.000000 0.707106
vn -0.707108 0.000000 0.707106
vn -0.707108 0.000000 0.707106
vn -0.707108 0.000000 0.707106
vn -0.472684 -0.525911 0.707098
vn -0.472684 -0.525911 0.707098
vn -0.472684 -0.525911 0.707098
vn -0.472684 -0.525911 0.707098
vn 0.472682 -0.525921 0.707091
vn 0.472683 -0.525921 0.707091
vn 0.472683 -0.525921 0.707091
vn 0.472683 -0.525921 0.707091
vn 0.707124 0.000001 0.707090
vn 0.707124 0.000001 0.707090
vn 0.707124 0.000001 0.707090
vn 0.707124 0.000001 0.707090
vn -0.707114 0.000000 0.707099
vn -0.707114 0.000000 0.707099
vn -0.707114 0.000000 0.707099
vn -0.707114 0.000000 0.707099
vn 0.000000 -0.707126 0.707088
vn 0.000000 -0.707126 0.707088
vn 0.000000 -0.707126 0.707088
vn 0.000000 -0.707126 0.707088
vn 0.707114 0.000000 0.707099
vn 0.707114 0.000000 0.707099
vn 0.707114 0.000000 0.707099
vn 0.707114 0.000000 0.707099
vn -0.000001 0.000001 1.000000
vn -0.000000 0.000000 1.000000
vn -0.000000 0.000000 1.000000
vn -0.000001 0.000001 1.000000
vn 0.000000 -0.000001 1.000000
vn 0.000000 -0.000001 1.000000
vn 0.000000 0.000000 1.000000
vn 0.000000 0.000000 1.000000
vn -1.000000 0.000000 0.000000
vn -1.000000 0.000000 0.000000
vn -1.000000 0.000000 0.000000
vn -1.000000 0.000000 0.000000
vn 1.000000 0.000000 0.000000
vn 1.000000 0.000000 0.000000
vn 1.000000 0.000000 0.000000
vn 1.000000 0.000000 0.000000
vn 0.000000 1.000000 0.000000
vn 0.000000 1.000000 0.000000
vn 0.000000 1.000000 0.000000
vn 0.000000 1.000000 0.000000
vn -1.000000 0.000000 0.000000
vn -1.000000 0.000000 0.000000
vn -1.000000 0.000000 0.000000
vn -1.000000 0.000000 0.000000
vn 0.000000 -1.000000 0.000000
vn 0.000000 -1.000000 0.000000
vn 0.000000 -1.000000 0.000000
vn 0.000000 -1.000000 0.000000
vn 1.000000 0.000000 0.000000
vn 1.000000 0.000000 0.000000
vn 1.000000 0.000000 0.000000
vn 1.000000 0.000000 0.000000
vn -0.668462 -0.743746 0.000000
vn -0.668462 -0.743746 0.000000
vn -0.668462 -0.743746 0.000000
vn -0.668462 -0.743746 0.000000
vn 0.668462 -0.743747 0.000000
vn 0.668462 -0.743747 0.000000
vn 0.668462 -0.743747 0.000000
vn 0.668462 -0.743747 0.000000
vn 0.000000 -0.707110 0.707103
vn 0.000000 -0.707110 0.707103
vn 0.000000 -0.707110 0.707103
vn 0.000000 -0.707110 0.707103
vn 0.707107 0.000000 0.707106
vn 0.707107 0.000000 0.707106
vn 0.707107 0.000000 0.707106
vn 0.707107 0.000000 0.707106
vn 0.472681 0.525907 0.707103
vn 0.472681 0.525907 0.707103
vn 0.472681 0.525907 0.707103
vn 0.472681 0.525907 0.707103
vn -0.472679 0.525918 0.707096
vn -0.472679 0.525918 0.707096
vn -0.472679 0.525918 0.707096
vn -0.472679 0.525918 0.707096
vn -0.707124 -0.000001 0.707090
vn -0.707124 -0.000001 0.707090
vn -0.707124 -0.000001 0.707090
vn -0.707124 -0.000001 0.707090
vn 0.707114 0.000000 0.707099
vn 0.707114 0.000000 0.707099
vn 0.707114 0.000000 0.707099
vn 0.707114 0.000000 0.707099
vn 0.000000 0.707126 0.707088
vn 0.000000 0.707126 0.707087
vn 0.000000 0.707126 0.707087
vn 0.000000 0.707126 0.707088
vn -0.707114 0.000000 0.707099
vn -0.707114 0.000000 0.707099
vn -0.707114 0.000000 0.707099
vn -0.707114 0.000000 0.707099
vn 0.000001 -0.000001 1.000000
vn 0.000000 -0.000000 1.000000
vn 0.000000 -0.000000 1.000000
vn 0.000001 -0.000001 1.000000
vn 0.000000 0.000001 1.000000
vn 0.000000 0.000001 1.000000
vn 0.000000 0.000000 1.000000
vn 0.000000 0.000000 1.000000
vn 1.000000 0.000000 0.000000
vn 1.000000 0.000000 0.000000
vn 1.000000 0.000000 0.000000
vn 1.000000 0.000000 0.000000
vn -1.000000 0.000000 0.000000
vn -1.000000 0.000000 0.000000
vn -1.000000 0.000000 0.000000
vn -1.000000 0.000000 0.000000
vn 0.000000 -1.000000 0.000000
vn 0.000000 -1.000000 0.000000
vn 0.000000 -1.000000 0.000000
vn 0.000000 -1.000000 0.000000
vn 1.000000 0.000000 0.000000
vn 1.000000 0.000000 0.000000
vn 1.000000 0.000000 0.000000
vn 1.000000 0.000000 0.000000
vn 0.000000 1.000000 0.000000
vn 0.000000 1.000000 0.000000
vn 0.000000 1.000000 0.000000
vn 0.000000 1.000000 0.000000
vn -1.000000 0.000000 0.000000
vn -1.000000 0.000000 0.000000
vn -1.000000 0.000000 0.000000
vn -1.000000 0.000000 0.000000
vn 0.668462 0.743747 0.000000
vn 0.668462 0.743747 0.000000
vn 0.668462 0.743747 0.000000
vn 0.668462 0.743747 0.000000
vn -0.668463 0.743746 0.000000
vn -0.668463 0.743746 0.000000
vn -0.668463 0.743746 0.000000
vn -0.668463 0.743746 0.000000
vn 0.000000 0.707111 0.707103
vn 0.000000 0.707111 0.707103
vn 0.000000 0.707111 0.707103
vn 0.000000 0.707111 0.707103
vn -0.707108 0.000000 0.707106
vn -0.707108 0.000000 0.707106
vn -0.707108 0.000000 0.707106
vn -0.707108 0.000000 0.707106
vn -0.472684 -0.525911 0.707098
vn -0.472684 -0.525911 0.707098
vn -0.472684 -0.525911 0.707098
vn -0.472684 -0.525911 0.707098
vn 0.472682 -0.525921 0.707091
vn 0.472683 -0.525921 0.707091
vn 0.472682 -0.525921 0.707091
vn 0.472682 -0.525921 0.707091
vn 0.707124 0.000001 0.707090
vn 0.707124 0.000001 0.707090
vn 0.707124 0.000001 0.707090
vn 0.707124 0.000001 0.707090
vn -0.707114 0.000000 0.707099
vn -0.707114 0.000000 0.707099
vn -0.707114 0.000000 0.707099
vn -0.707114 0.000000 0.707099
vn 0.000000 -0.707126 0.707088
vn 0.000000 -0.707126 0.707087
vn 0.000000 -0.707126 0.707087
vn 0.000000 -0.707126 0.707088
vn 0.707114 0.000000 0.707099
vn 0.707114 0.000000 0.707099
vn 0.707114 0.000000 0.707099
vn 0.707114 0.000000 0.707099
vn -0.000001 0.000001 1.000000
vn -0.000000 0.000000 1.000000
vn -0.000000 0.000000 1.000000
vn -0.000001 0.000001 1.000000
vn 0.000000 -0.000001 1.000000
vn 0.000000 -0.000001 1.000000
vn 0.000000 0.000000 1.000000
vn 0.000000 0.000000 1.000000
vn -1.000000 0.000000 0.000000
vn -1.000000 0.000000 0.000000
vn -1.000000 0.000000 0.000000
vn -1.000000 0.000000 0.000000
vn 1.000000 0.000000 0.000000
vn 1.000000 0.000000 0.000000
vn 1.000000 0.000000 0.000000
vn 1.000000 0.000000 0.000000
vn 0.000000 1.000000 0.000000
vn 0.000000 1.000000 0.000000
vn 0.000000 1.000000 0.000000
vn 0.000000 1.000000 0.000000
vn -1.000000 0.000000 0.000000
vn -1.000000 0.000000 0.000000
vn -1.000000 0.000000 0.000000
vn -1.000000 0.000000 0.000000
vn 0.000000 -1.000000 0.000000
vn 0.000000 -1.000000 0.000000
vn 0.000000 -1.000000 0.000000
vn 0.000000 -1.000000 0.000000
vn 1.000000 0.000000 0.000000
vn 1.000000 0.000000 0.000000
vn 1.000000 0.000000 0.000000
vn 1.000000 0.000000 0.000000
vn -0.668463 -0.743746 0.000000
vn -0.668463 -0.743746 0.000000
vn -0.668463 -0.743746 0.000000
vn -0.668463 -0.743746 0.000000
vn 0.668462 -0.743747 0.000000
vn 0.668462 -0.743747 0.000000
vn 0.668462 -0.743747 0.000000
vn 0.668462 -0.743747 0.000000
vn 0.000000 -0.707110 0.707103
vn 0.000000 -0.707110 0.707103
vn 0.000000 -0.707110 0.707103
vn 0.000000 -0.707110 0.707103
vn 0.707107 0.000000 0.707106
vn 0.707107 0.000000 0.707106
vn 0.707107 0.000000 0.707106
vn 0.707107 0.000000 0.707106
vn 0.472681 0.525907 0.707103
vn 0.472681 0.525907 0.707103
vn 0.472681 0.525907 0.707103
vn 0.472681 0.525908 0.707103
vn -0.472679 0.525918 0.707096
vn -0.472679 0.525918 0.707096
vn -0.472679 0.525918 0.707096
vn -0.472679 0.525918 0.707096
vn -0.707124 -0.000000 0.707090
vn -0.707124 -0.000000 0.707090
vn -0.707124 -0.000000 0.707090
vn -0.707124 -0.000000 0.707090
vn 0.707114 0.000000 0.707099
vn 0.707114 0.000000 0.707099
vn 0.707114 0.000000 0.707099
vn 0.707114 0.000000 0.707099
vn 0.000000 0.707126 0.707088
vn 0.000000 0.707126 0.707088
vn 0.000000 0.707126 0.707088
vn 0.000000 0.707126 0.707088
vn -0.707114 0.000000 0.707099
vn -0.707114 0.000000 0.707099
vn -0.707114 0.000000 0.707099
vn -0.707114 0.000000 0.707099
vn 0.000001 -0.000001 1.000000
vn 0.000000 -0.000000 1.000000
vn 0.000000 -0.000000 1.000000
vn 0.000001 -0.000001 1.000000
vn 0.000000 0.000001 1.000000
vn 0.000000 0.000001 1.000000
vn 0.000000 0.000000 1.000000
vn 0.000000 0.000000 1.000000
vn 1.000000 0.000000 0.000000
vn 1.000000 0.000000 0.000000
vn 1.000000 0.000000 0.000000
vn 1.000000 0.000000 0.000000
vn -1.000000 0.000000 0.000000
vn -1.000000 0.000000 0.000000
vn -1.000000 0.000000 0.000000
vn -1.000000 0.000000 0.000000
vn 0.000000 -1.000000 0.000000
vn 0.000000 -1.000000 0.000000
vn 0.000000 -1.000000 0.000000
vn 0.000000 -1.000000 0.000000
vn 1.000000 0.000000 0.000000
vn 1.000000 0.000000 0.000000
vn 1.000000 0.000000 0.000000
vn 1.000000 0.000000 0.000000
vn 0.000000 1.000000 0.000000
vn 0.000000 1.000000 0.000000
vn 0.000000 1.000000 0.000000
vn 0.000000 1.000000 0.000000
vn -1.000000 0.000000 0.000000
vn -1.000000 0.000000 0.000000
vn -1.000000 0.000000 0.000000
vn -1.000000 0.000000 0.000000
vn 0.668462 0.743747 0.000000
vn 0.668462 0.743747 0.000000
vn 0.668462 0.743747 0.000000
vn 0.668462 0.743747 0.000000
vn -0.668462 0.743746 0.000000
vn -0.668462 0.743746 0.000000
vn -0.668462 0.743746 0.000000
vn -0.668462 0.743746 0.000000
vn 0.000000 0.707110 0.707103
vn 0.000000 0.707110 0.707103
vn 0.000000 0.707110 0.707103
vn 0.000000 0.707110 0.707103
vn -0.707108 0.000000 0.707106
vn -0.707108 0.000000 0.707106
vn -0.707108 0.000000 0.707106
vn -0.707108 0.000000 0.707106
vn -0.472684 -0.525911 0.707098
vn -0.472684 -0.525911 0.707098
vn -0.472684 -0.525911 0.707098
vn -0.472684 -0.525911 0.707098
vn 0.472683 -0.525921 0.707091
vn 0.472683 -0.525921 0.707091
vn 0.472683 -0.525921 0.707091
vn 0.472683 -0.525921 0.707091
vn 0.707124 0.000001 0.707090
vn 0.707124 0.000001 0.707090
vn 0.707124 0.000001 0.707090
vn 0.707124 0.000001 0.707090
vn -0.707114 0.000000 0.707099
vn -0.707114 0.000000 0.707099
vn -0.707114 0.000000 0.707099
vn -0.707114 0.000000 0.707099
vn 0.000000 -0.707126 0.707088
vn 0.000000 -0.707126 0.707088
vn 0.000000 -0.707126 0.707088
vn 0.000000 -0.707126 0.707088
vn 0.707114 0.000000 0.707099
vn 0.707114 0.000000 0.707099
vn 0.707114 0.000000 0.707099
vn 0.707114 0.000000 0.707099
vn -0.000001 0.000001 1.000000
vn -0.000000 0.000000 1.000000
vn -0.000000 0.000000 1.000000
vn -0.000001 0.000001 1.000000
vn 0.000000 -0.000001 1.000000
vn 0.000000 -0.000001 1.000000
vn 0.000000 0.000000 1.000000
vn 0.000000 0.000000 1.000000
vn -1.000000 0.000000 0.000000
vn -1.000000 0.000000 0.000000
vn -1.000000 0.000000 0.000000
vn -1.000000 0.000000 0.000000
vn 1.000000 0.000000 0.000000
vn 1.000000 0.000000 0.000000
vn 1.000000 0.000000 0.000000
vn 1.000000 0.000000 0.000000
vn 0.000000 1.000000 0.000000
vn 0.000000 1.000000 0.000000
vn 0.000000 1.000000 0.000000
vn 0.000000 1.000000 0.000000
vn -1.000000 0.000000 0.000000
vn -1.000000 0.000000 0.000000
vn -1.000000 0.000000 0.000000
vn -1.000000 0.000000 0.000000
vn 0.000000 -1.000000 0.000000
vn 0.000000 -1.000000 0.000000
vn 0.000000 -1.000000 0.000000
vn 0.000000 -1.000000 0.000000
vn 1.000000 0.000000 0.000000
vn 1.000000 0.000000 0.000000
vn 1.000000 0.000000 0.000000
vn 1.000000 0.000000 0.000000
vn -0.668462 -0.743746 0.000000
vn -0.668462 -0.743746 0.000000
vn -0.668462 -0.743746 0.000000
vn -0.668462 -0.743746 0.000000
vn 0.668462 -0.743747 0.000000
vn 0.668462 -0.743747 0.000000
vn 0.668462 -0.743747 0.000000
vn 0.668462 -0.743747 0.000000
vn 0.000000 -0.707110 0.707103
vn 0.000000 -0.707110 0.707103
vn 0.000000 -0.707110 0.707103
vn 0.000000 -0.707110 0.707103
vn 0.707107 0.000000 0.707106
vn 0.707107 0.000000 0.707106
vn 0.707107 0.000000 0.707106
vn 0.707107 0.000000 0.707106
vn 0.472681 0.525907 0.707103
vn 0.472681 0.525907 0.707103
vn 0.472681 0.525907 0.707103
vn 0.472681 0.525908 0.707103
vn -0.472680 0.525918 0.707096
vn -0.472680 0.525918 0.707096
vn -0.472680 0.525918 0.707096
vn -0.472680 0.525918 0.707096
vn -0.707124 -0.000001 0.707090
vn -0.707124 -0.000001 0.707090
vn -0.707124 -0.000001 0.707090
vn -0.707124 -0.000001 0.707090
vn 0.707114 0.000000 0.707099
vn 0.707114 0.000000 0.707099
vn 0.707114 0.000000 0.707099
vn 0.707114 0.000000 0.707099
vn 0.000000 0.707126 0.707088
vn 0.000000 0.707126 0.707087
vn 0.000000 0.707126 0.707087
vn 0.000000 0.707126 0.707088
vn -0.707114 0.000000 0.707099
vn -0.707114 0.000000 0.707099
vn -0.707114 0.000000 0.707099
vn -0.707114 0.000000 0.707099
vn 0.000001 -0.000001 1.000000
vn 0.000000 -0.000000 1.000000
vn 0.000000 -0.000000 1.000000
vn 0.000001 -0.000001 1.000000
vn 0.000000 0.000001 1.000000
vn 0.000000 0.000001 1.000000
vn 0.000000 0.000000 1.000000
vn 0.000000 0.000000 1.000000
vn 1.000000 0.000000 0.000000
vn 1.000000 0.000000 0.000000
vn 1.000000 0.000000 0.000000
vn 1.000000 0.000000 0.000000
vn -1.000000 0.000000 0.000000
vn -1.000000 0.000000 0.000000
vn -1.000000 0.000000 0.000000
vn -1.000000 0.000000 0.000000
vn 0.000000 -1.000000 0.000000
vn 0.000000 -1.000000 0.000000
vn 0.000000 -1.000000 0.000000
vn 0.000000 -1.000000 0.000000
vn 1.000000 0.000000 0.000000
vn 1.000000 0.000000 0.000000
vn 1.000000 0.000000 0.000000
vn 1.000000 0.000000 0.000000
vn 0.000000 1.000000 0.000000
vn 0.000000 1.000000 0.000000
vn 0.000000 1.000000 0.000000
vn 0.000000 1.000000 0.000000
vn -1.000000 0.000000 0.000000
vn -1.000000 0.000000 0.000000
vn -1.000000 0.000000 0.000000
vn -1.000000 0.000000 0.000000
vn 0.668462 0.743747 0.000000
vn 0.668462 0.743747 0.000000
vn 0.668462 0.743747 0.000000
vn 0.668462 0.743747 0.000000
vn -0.668462 0.743747 0.000000
vn -0.668462 0.743747 0.000000
vn -0.668462 0.743747 0.000000
vn -0.668462 0.743747 0.000000
vn 0.000000 0.707111 0.707103
vn 0.000000 0.707111 0.707103
vn 0.000000 0.707111 0.707103
vn 0.000000 0.707111 0.707103
vn -0.707108 0.000000 0.707106
vn -0.707108 0.000000 0.707106
vn -0.707108 0.000000 0.707106
vn -0.707108 0.000000 0.707106
vn -0.472684 -0.525910 0.707099
vn -0.472684 -0.525910 0.707098
vn -0.472684 -0.525910 0.707099
vn -0.472684 -0.525910 0.707099
vn 0.472682 -0.525922 0.707091
vn 0.472682 -0.525922 0.707091
vn 0.472682 -0.525922 0.707091
vn 0.472682 -0.525922 0.707091
vn 0.707124 0.000000 0.707090
vn 0.707124 0.000000 0.707090
vn 0.707124 0.000000 0.707090
vn 0.707124 0.000000 0.707090
vn -0.707114 0.000000 0.707099
vn -0.707114 0.000000 0.707099
vn -0.707114 0.000000 0.707099
vn -0.707114 0.000000 0.707099
vn 0.000000 -0.707126 0.707088
vn 0.000000 -0.707126 0.707087
vn 0.000000 -0.707126 0.707087
vn 0.000000 -0.707126 0.707088
vn 0.707114 0.000000 0.707099
vn 0.707114 0.000000 0.707099
vn 0.707114 0.000000 0.707099
vn 0.707114 0.000000 0.707099
vn -0.000001 0.000001 1.000000
vn -0.000000 0.000000 1.000000
vn -0.000000 0.000000 1.000000
vn -0.000001 0.000001 1.000000
vn 0.000000 -0.000001 1.000000
vn 0.000000 -0.000001 1.000000
vn 0.000000 0.000000 1.000000
vn 0.000000 0.000000 1.000000
vn -1.000000 0.000000 0.000000
vn -1.000000 0.000000 0.000000
vn -1.000000 0.000000 0.000000
vn -1.000000 0.000000 0.000000
vn 1.000000 0.000000 0.000000
vn 1.000000 0.000000 0.000000
vn 1.000000 0.000000 0.000000
vn 1.000000 0.000000 0.000000
vn 0.000000 1.000000 0.000000
vn 0.000000 1.000000 0.000000
vn 0.000000 1.000000 0.000000
vn 0.000000 1.000000 0.000000
vn -1.000000 0.000000 0.000000
vn -1.000000 0.000000 0.000000
vn -1.000000 0.000000 0.000000
vn -1.000000 0.000000 0.000000
vn 0.000000 -1.000000 0.000000
vn 0.000000 -1.000000 0.000000
vn 0.000000 -1.000000 0.000000
vn 0.000000 -1.000000 0.000000
vn 1.000000 0.000000 0.000000
vn 1.000000 0.000000 0.000000
vn 1.000000 0.000000 0.000000
vn 1.000000 0.000000 0.000000
vn -0.668462 -0.743747 0.000000
vn -0.668462 -0.743747 0.000000
vn -0.668462 -0.743747 0.000000
vn -0.668462 -0.743747 0.000000
vn 0.668462 -0.743747 0.000000
vn 0.668462 -0.743747 0.000000
vn 0.668462 -0.743747 0.000000
vn 0.668462 -0.743747 0.000000
vn 0.000000 0.891006 -0.453991
vn 0.000000 0.809016 -0.587787
vn 0.000000 0.809016 -0.587787
vn 0.000000 0.891006 -0.453991
vn 0.000000 0.587789 -0.809014
vn 0.000000 0.587789 -0.809014
vn 0.000000 0.309023 -0.951055
vn 0.000000 0.309023 -0.951055
vn 0.000000 -0.000000 -1.000000
vn 0.000000 -0.000000 -1.000000
vn 0.000000 -0.309025 -0.951054
vn 0.000000 -0.309025 -0.951054
vn 0.000000 -0.587787 -0.809016
vn 0.000000 -0.587787 -0.809016
vn 0.000000 -0.809013 -0.587790
vn 0.000000 -0.809013 -0.587790
vn 0.000000 -0.996203 -0.087066
vn 0.000000 -0.996203 -0.087066
vn 0.000000 -0.999671 -0.025665
vn 0.000000 -0.999671 -0.025665
vn 0.000000 0.999671 -0.025667
vn 0.000000 0.999671 -0.025667
vn 0.000000 0.999671 -0.025667
vn 0.000000 0.999671 -0.025667
vn 0.000000 0.891006 -0.453991
vn 0.000000 0.809016 -0.587787
vn 0.000000 0.809016 -0.587787
vn 0.000000 0.891006 -0.453991
vn 0.000000 0.587789 -0.809014
vn 0.000000 0.587789 -0.809014
vn 0.000000 0.309023 -0.951055
vn 0.000000 0.309023 -0.951055
vn 0.000000 -0.000000 -1.000000
vn 0.000000 -0.000000 -1.000000
vn 0.000000 -0.309026 -0.951054
vn 0.000000 -0.309026 -0.951054
vn 0.000000 -0.587787 -0.809016
vn 0.000000 -0.587787 -0.809016
vn 0.000000 -0.809013 -0.587790
vn 0.000000 -0.809013 -0.587790
vn 0.000000 -0.996203 -0.087066
vn 0.000000 -0.996203 -0.087066
vn 0.000000 -0.999671 -0.025665
vn 0.000000 -0.999671 -0.025665
vn 0.000000 0.999671 -0.025667
vn 0.000000 0.999671 -0.025667
vn 0.000000 0.999671 -0.025667
vn 0.000000 0.999671 -0.025667
vn 1.000000 0.000000 0.000000
vn 1.000000 0.000000 0.000000
vn 1.000000 0.000000 0.000000
vn 1.000000 0.000000 0.000000
vn 0.000000 0.000000 -1.000000
vn 0.000000 0.000000 -1.000000
vn 0.000000 0.000000 -1.000000
vn 0.000000 0.000000 -1.000000
vn -1.000000 0.000000 0.000000
vn -1.000000 0.000000 0.000000
vn -1.000000 0.000006 0.000000
vn -1.000000 0.000006 0.000000
vn 1.000000 0.000000 0.000000
vn 1.000000 0.000000 0.000000
vn 1.000000 0.000000 0.000000
vn 1.000000 0.000001 0.000000
vn 0.000000 0.000000 -1.000000
vn 0.000000 0.000000 -1.000000
vn 0.000000 0.000000 -1.000000
vn 0.000000 0.000000 -1.000000
vn -1.000000 -0.000000 0.000000
vn -1.000000 -0.000000 0.000000
vn -1.000000 -0.000006 0.000000
vn -1.000000 -0.000006 0.000000
vn 0.000000 0.697972 -0.716125
vn 0.000000 0.697972 -0.716125
vn 0.000000 0.697972 -0.716125
vn 0.000000 0.697972 -0.716125
vn 0.000000 0.697972 -0.716125
vn 0.000000 0.697972 -0.716125
vn 0.000000 0.697972 -0.716125
vn 0.000000 0.697972 -0.716125
vn 1.000000 0.000000 0.000000
vn 1.000000 0.000000 0.000000
vn -1.000000 0.000000 0.000000
vn -1.000000 0.000000 0.000000
vn 1.000000 0.000012 0.000000
vn 1.000000 0.000012 0.000000
vn -1.000000 0.000000 0.000000
vn -1.000000 0.000000 0.000000
s off
g Crate3Hinges_low
f 811/923/883 812/1437/884 817/1431/885 818/1306/886
f 812/924/887 811/1307/888 814/927/889 813/1436/890
f 813/1435/891 814/1310/892 819/929/893 820/1430/894
f 815/931/895 816/1434/896 825/1423/897 826/1296/898
f 816/1433/899 815/1303/900 818/926/901 817/1432/902
f 820/1429/903 819/1299/904 822/935/905 821/1427/906
f 821/936/907 822/1302/908 824/937/909 823/1425/910
f 823/938/911 824/1298/912 826/934/913 825/1424/914
s 1
f 812/1438/915 813/928/916 816/932/917 817/925/918
f 825/933/919 820/930/920 821/1428/921 823/1426/922
f 816/932/917 813/928/916 820/930/920 825/933/919
s off
f 806/1308/923 809/940/924 814/927/925 811/1307/926
f 810/1304/927 805/942/928 818/926/929 815/1303/930
f 805/1305/931 806/939/932 811/923/933 818/1306/934
f 807/1300/935 803/944/936 822/935/937 819/1299/938
f 803/1301/939 804/945/940 824/937/941 822/1302/942
f 804/1297/943 808/946/944 826/934/945 824/1298/946
f 809/1309/947 807/943/948 819/929/949 814/1310/950
f 808/1295/951 810/941/952 815/931/953 826/1296/954
f 835/947/955 836/1421/956 841/1415/957 842/1290/958
f 836/948/959 835/1291/960 838/951/961 837/1420/962
f 837/1419/963 838/1294/964 843/953/965 844/1414/966
f 839/955/967 840/1418/968 849/1407/969 850/1280/970
f 840/1417/971 839/1287/972 842/950/973 841/1416/974
f 844/1413/975 843/1283/976 846/959/977 845/1411/978
f 845/960/979 846/1286/980 848/961/981 847/1409/982
f 847/962/983 848/1282/984 850/958/985 849/1408/986
s 2
f 836/1422/987 837/952/988 840/956/989 841/949/990
f 849/957/991 844/954/992 845/1412/993 847/1410/994
f 840/956/989 837/952/988 844/954/992 849/957/991
s off
f 830/1292/995 833/964/996 838/951/997 835/1291/998
f 834/1288/999 829/966/1000 842/950/1001 839/1287/1002
f 829/1289/1003 830/963/1004 835/947/1005 842/1290/1006
f 831/1284/1007 827/968/1008 846/959/1009 843/1283/1010
f 827/1285/1011 828/969/1012 848/961/1013 846/1286/1014
f 828/1281/1015 832/970/1016 850/958/1017 848/1282/1018
f 833/1293/1019 831/967/1020 843/953/1021 838/1294/1022
f 832/1279/1023 834/965/1024 839/955/1025 850/1280/1026
f 859/971/1027 860/1405/1028 865/1399/1029 866/1274/1030
f 860/972/1031 859/1275/1032 862/975/1033 861/1404/1034
f 861/1403/1035 862/1278/1036 867/977/1037 868/1398/1038
f 863/979/1039 864/1402/1040 873/1391/1041 874/1264/1042
f 864/1401/1043 863/1271/1044 866/974/1045 865/1400/1046
f 868/1397/1047 867/1267/1048 870/983/1049 869/1395/1050
f 869/984/1051 870/1270/1052 872/985/1053 871/1393/1054
f 871/986/1055 872/1266/1056 874/982/1057 873/1392/1058
s 3
f 860/1406/1059 861/976/1060 864/980/1061 865/973/1062
f 873/981/1063 868/978/1064 869/1396/1065 871/1394/1066
f 864/980/1061 861/976/1060 868/978/1064 873/981/1063
s off
f 854/1276/1067 857/988/1068 862/975/1069 859/1275/1070
f 858/1272/1071 853/990/1072 866/974/1073 863/1271/1074
f 853/1273/1075 854/987/1076 859/971/1077 866/1274/1078
f 855/1268/1079 851/992/1080 870/983/1081 867/1267/1082
f 851/1269/1083 852/993/1084 872/985/1085 870/1270/1086
f 852/1265/1087 856/994/1088 874/982/1089 872/1266/1090
f 857/1277/1091 855/991/1092 867/977/1093 862/1278/1094
f 856/1263/1095 858/989/1096 863/979/1097 874/1264/1098
f 883/995/1099 884/1389/1100 889/1383/1101 890/1258/1102
f 884/996/1103 883/1259/1104 886/999/1105 885/1388/1106
f 885/1387/1107 886/1262/1108 891/1001/1109 892/1382/1110
f 887/1003/1111 888/1386/1112 897/1375/1113 898/1248/1114
f 888/1385/1115 887/1255/1116 890/998/1117 889/1384/1118
f 892/1381/1119 891/1251/1120 894/1007/1121 893/1379/1122
f 893/1008/1123 894/1254/1124 896/1009/1125 895/1377/1126
f 895/1010/1127 896/1250/1128 898/1006/1129 897/1376/1130
s 4
f 884/1390/1131 885/1000/1132 888/1004/1133 889/997/1134
f 897/1005/1135 892/1002/1136 893/1380/1137 895/1378/1138
f 888/1004/1133 885/1000/1132 892/1002/1136 897/1005/1135
s off
f 878/1260/1139 881/1012/1140 886/999/1141 883/1259/1142
f 882/1256/1143 877/1014/1144 890/998/1145 887/1255/1146
f 877/1257/1147 878/1011/1148 883/995/1149 890/1258/1150
f 879/1252/1151 875/1016/1152 894/1007/1153 891/1251/1154
f 875/1253/1155 876/1017/1156 896/1009/1157 894/1254/1158
f 876/1249/1159 880/1018/1160 898/1006/1161 896/1250/1162
f 881/1261/1163 879/1015/1164 891/1001/1165 886/1262/1166
f 880/1247/1167 882/1013/1168 887/1003/1169 898/1248/1170
f 907/1019/1171 908/1373/1172 913/1367/1173 914/1242/1174
f 908/1020/1175 907/1243/1176 910/1023/1177 909/1372/1178
f 909/1371/1179 910/1246/1180 915/1025/1181 916/1366/1182
f 911/1027/1183 912/1370/1184 921/1359/1185 922/1232/1186
f 912/1369/1187 911/1239/1188 914/1022/1189 913/1368/1190
f 916/1365/1191 915/1235/1192 918/1031/1193 917/1363/1194
f 917/1032/1195 918/1238/1196 920/1033/1197 919/1361/1198
f 919/1034/1199 920/1234/1200 922/1030/1201 921/1360/1202
s 5
f 908/1374/1203 909/1024/1204 912/1028/1205 913/1021/1206
f 921/1029/1207 916/1026/1208 917/1364/1209 919/1362/1210
f 912/1028/1205 909/1024/1204 916/1026/1208 921/1029/1207
s off
f 902/1244/1211 905/1036/1212 910/1023/1213 907/1243/1214
f 906/1240/1215 901/1038/1216 914/1022/1217 911/1239/1218
f 901/1241/1219 902/1035/1220 907/1019/1221 914/1242/1222
f 903/1236/1223 899/1040/1224 918/1031/1225 915/1235/1226
f 899/1237/1227 900/1041/1228 920/1033/1229 918/1238/1230
f 900/1233/1231 904/1042/1232 922/1030/1233 920/1234/1234
f 905/1245/1235 903/1039/1236 915/1025/1237 910/1246/1238
f 904/1231/1239 906/1037/1240 911/1027/1241 922/1232/1242
f 931/1043/1243 932/1357/1244 937/1351/1245 938/1226/1246
f 932/1044/1247 931/1227/1248 934/1047/1249 933/1356/1250
f 933/1355/1251 934/1230/1252 939/1049/1253 940/1350/1254
f 935/1051/1255 936/1354/1256 945/1343/1257 946/1216/1258
f 936/1353/1259 935/1223/1260 938/1046/1261 937/1352/1262
f 940/1349/1263 939/1219/1264 942/1055/1265 941/1347/1266
f 941/1056/1267 942/1222/1268 944/1057/1269 943/1345/1270
f 943/1058/1271 944/1218/1272 946/1054/1273 945/1344/1274
s 6
f 932/1358/1275 933/1048/1276 936/1052/1277 937/1045/1278
f 945/1053/1279 940/1050/1280 941/1348/1281 943/1346/1282
f 936/1052/1277 933/1048/1276 940/1050/1280 945/1053/1279
s off
f 926/1228/1283 929/1060/1284 934/1047/1285 931/1227/1286
f 930/1224/1287 925/1062/1288 938/1046/1289 935/1223/1290
f 925/1225/1291 926/1059/1292 931/1043/1293 938/1226/1294
f 927/1220/1295 923/1064/1296 942/1055/1297 939/1219/1298
f 923/1221/1299 924/1065/1300 944/1057/1301 942/1222/1302
f 924/1217/1303 928/1066/1304 946/1054/1305 944/1218/1306
f 929/1229/1307 927/1063/1308 939/1049/1309 934/1230/1310
f 928/1215/1311 930/1061/1312 935/1051/1313 946/1216/1314
f 955/1067/1315 956/1341/1316 961/1335/1317 962/1210/1318
f 956/1068/1319 955/1211/1320 958/1071/1321 957/1340/1322
f 957/1339/1323 958/1214/1324 963/1073/1325 964/1334/1326
f 959/1075/1327 960/1338/1328 969/1327/1329 970/1200/1330
f 960/1337/1331 959/1207/1332 962/1070/1333 961/1336/1334
f 964/1333/1335 963/1203/1336 966/1079/1337 965/1331/1338
f 965/1080/1339 966/1206/1340 968/1081/1341 967/1329/1342
f 967/1082/1343 968/1202/1344 970/1078/1345 969/1328/1346
s 7
f 956/1342/1347 957/1072/1348 960/1076/1349 961/1069/1350
f 969/1077/1351 964/1074/1352 965/1332/1353 967/1330/1354
f 960/1076/1349 957/1072/1348 964/1074/1352 969/1077/1351
s off
f 950/1212/1355 953/1084/1356 958/1071/1357 955/1211/1358
f 954/1208/1359 949/1086/1360 962/1070/1361 959/1207/1362
f 949/1209/1363 950/1083/1364 955/1067/1365 962/1210/1366
f 951/1204/1367 947/1088/1368 966/1079/1369 963/1203/1370
f 947/1205/1371 948/1089/1372 968/1081/1373 966/1206/1374
f 948/1201/1375 952/1090/1376 970/1078/1377 968/1202/1378
f 953/1213/1379 951/1087/1380 963/1073/1381 958/1214/1382
f 952/1199/1383 954/1085/1384 959/1075/1385 970/1200/1386
f 979/1091/1387 980/1325/1388 985/1319/1389 986/1194/1390
f 980/1092/1391 979/1195/1392 982/1095/1393 981/1324/1394
f 981/1323/1395 982/1198/1396 987/1097/1397 988/1318/1398
f 983/1099/1399 984/1322/1400 993/1311/1401 994/1184/1402
f 984/1321/1403 983/1191/1404 986/1094/1405 985/1320/1406
f 988/1317/1407 987/1187/1408 990/1103/1409 989/1315/1410
f 989/1104/1411 990/1190/1412 992/1105/1413 991/1313/1414
f 991/1106/1415 992/1186/1416 994/1102/1417 993/1312/1418
s 8
f 980/1326/1419 981/1096/1420 984/1100/1421 985/1093/1422
f 993/1101/1423 988/1098/1424 989/1316/1425 991/1314/1426
f 984/1100/1421 981/1096/1420 988/1098/1424 993/1101/1423
s off
f 974/1196/1427 977/1108/1428 982/1095/1429 979/1195/1430
f 978/1192/1431 973/1110/1432 986/1094/1433 983/1191/1434
f 973/1193/1435 974/1107/1436 979/1091/1437 986/1194/1438
f 975/1188/1439 971/1112/1440 990/1103/1441 987/1187/1442
f 971/1189/1443 972/1113/1444 992/1105/1445 990/1190/1446
f 972/1185/1447 976/1114/1448 994/1102/1449 992/1186/1450
f 977/1197/1451 975/1111/1452 987/1097/1453 982/1198/1454
f 976/1183/1455 978/1109/1456 983/1099/1457 994/1184/1458
s 9
f 995/1115/1459 996/1116/1460 1007/1117/1461 1006/1118/1462
f 996/1116/1460 997/1119/1463 1008/1120/1464 1007/1117/1461
f 997/1119/1463 998/1121/1465 1009/1122/1466 1008/1120/1464
f 998/1121/1465 999/1123/1467 1010/1124/1468 1009/1122/1466
f 999/1123/1467 1000/1125/1469 1011/1126/1470 1010/1124/1468
f 1000/1125/1469 1001/1127/1471 1012/1128/1472 1011/1126/1470
f 1001/1127/1471 1002/1129/1473 1013/1130/1474 1012/1128/1472
f 1002/1129/1473 1003/1131/1475 1014/1132/1476 1013/1130/1474
f 1003/1131/1475 1004/1133/1477 1015/1134/1478 1014/1132/1476
s off
f 1039/1135/1479 1043/1136/1480 1045/1137/1481 1040/1181/1482
s 10
f 1017/1139/1483 1018/1140/1484 1029/1141/1485 1028/1142/1486
f 1018/1140/1484 1019/1143/1487 1030/1144/1488 1029/1141/1485
f 1019/1143/1487 1020/1145/1489 1031/1146/1490 1030/1144/1488
f 1020/1145/1489 1021/1147/1491 1032/1148/1492 1031/1146/1490
f 1021/1147/1491 1022/1149/1493 1033/1150/1494 1032/1148/1492
f 1022/1149/1493 1023/1151/1495 1034/1152/1496 1033/1150/1494
f 1023/1151/1495 1024/1153/1497 1035/1154/1498 1034/1152/1496
f 1024/1153/1497 1025/1155/1499 1036/1156/1500 1035/1154/1498
f 1025/1155/1499 1026/1157/1501 1037/1158/1502 1036/1156/1500
s off
f 1041/1159/1503 1047/1160/1504 1049/1161/1505 1042/1179/1506
s 11
f 1005/1163/1507 995/1115/1508 1044/1164/1509 1051/1165/1510
s off
f 995/1115/1511 1006/1118/1512 1046/1166/1513 1044/1164/1514
s 12
f 1046/1166/1515 1052/1167/1516 1040/1138/1517 1045/1177/1518
s 13
f 1027/1168/1519 1017/1139/1520 1048/1169/1521 1053/1170/1522
s off
f 1017/1139/1523 1028/1142/1524 1050/1171/1525 1048/1169/1526
s 14
f 1050/1171/1527 1054/1172/1528 1042/1162/1529 1049/1175/1530
s off
f 1043/1136/1531 1044/1164/1532 1046/1166/1533 1045/1137/1534
f 1047/1160/1535 1048/1169/1536 1050/1171/1537 1049/1161/1538
s 11
f 1051/1165/1510 1044/1164/1509 1043/1178/1539 1039/1182/1540
s 12
f 1006/1118/1541 1016/1173/1542 1052/1167/1516 1046/1166/1515
s 13
f 1053/1170/1522 1048/1169/1521 1047/1176/1543 1041/1180/1544
s 14
f 1028/1142/1545 1038/1174/1546 1054/1172/1528 1050/1171/1527
g default
v 0.498268 0.284732 0.200502
v 0.498268 0.255783 0.252046
v 0.360827 0.255783 0.252046
v 0.360827 0.284732 0.200502
v 0.498268 0.255783 -0.252046
v 0.498268 0.284732 -0.200502
v 0.360827 0.284732 -0.200502
v 0.360827 0.255783 -0.252046
v 0.326449 0.284732 0.200502
v 0.326449 0.255783 0.252046
v 0.189008 0.255783 0.252046
v 0.189008 0.284732 0.200502
v 0.326449 0.255783 -0.252046
v 0.326449 0.284732 -0.200502
v 0.189008 0.284732 -0.200502
v 0.189008 0.255783 -0.252046
v 0.154630 0.284732 0.200502
v 0.017189 0.255783 0.252046
v 0.017189 0.284732 0.200502
v 0.154630 0.255783 -0.252046
v 0.154630 0.284732 -0.200502
v 0.017189 0.284732 -0.200502
v 0.017189 0.255783 -0.252046
v -0.017189 0.284732 0.200502
v -0.017189 0.255783 0.252046
v -0.154630 0.284732 0.200502
v -0.017189 0.255783 -0.252046
v -0.017189 0.284732 -0.200502
v -0.154630 0.284732 -0.200502
v -0.154630 0.255783 -0.252046
v -0.189008 0.284732 0.200502
v -0.189008 0.255783 0.252046
v -0.326449 0.255783 0.252046
v -0.326449 0.284732 0.200502
v -0.189008 0.255783 -0.252046
v -0.189008 0.284732 -0.200502
v -0.326449 0.284732 -0.200502
v -0.326449 0.255783 -0.252046
v -0.360827 0.284732 0.200502
v -0.360827 0.255783 0.252046
v -0.498268 0.255783 0.252046
v -0.498268 0.284732 0.200502
v -0.498268 0.284732 -0.200502
v -0.498268 0.255783 -0.252046
v -0.360827 0.255783 -0.252046
v -0.360827 0.284732 -0.200502
v -0.549823 0.284732 0.159262
v -0.546683 0.284732 0.175044
v -0.537744 0.284732 0.188423
v -0.524365 0.284732 0.197363
v -0.508583 0.284732 0.200502
v -0.560127 0.255783 0.252046
v -0.575909 0.255783 0.248907
v -0.589288 0.255783 0.239967
v -0.598227 0.255783 0.226588
v -0.601367 0.255783 0.210806
v -0.601367 0.255783 -0.210806
v -0.598227 0.255783 -0.226588
v -0.589288 0.255783 -0.239967
v -0.575909 0.255783 -0.248907
v -0.560127 0.255783 -0.252046
v -0.508583 0.284732 -0.200502
v -0.524365 0.284732 -0.197363
v -0.537744 0.284732 -0.188423
v -0.546683 0.284732 -0.175044
v -0.549823 0.284732 -0.159262
v 0.601367 0.255783 0.210806
v 0.598227 0.255783 0.226588
v 0.589288 0.255783 0.239967
v 0.575909 0.255783 0.248907
v 0.560127 0.255783 0.252046
v 0.549823 0.284732 0.159262
v 0.508583 0.284732 0.200502
v 0.524365 0.284732 0.197363
v 0.537744 0.284732 0.188423
v 0.546683 0.284732 0.175044
v 0.508583 0.284732 -0.200502
v 0.549823 0.284732 -0.159262
v 0.546683 0.284732 -0.175044
v 0.537744 0.284732 -0.188423
v 0.524365 0.284732 -0.197363
v 0.560127 0.255783 -0.252046
v 0.575909 0.255783 -0.248907
v 0.589288 0.255783 -0.239967
v 0.598227 0.255783 -0.226588
v 0.601367 0.255783 -0.210806
v 0.471812 0.269458 0.186890
v 0.387283 0.269458 0.186890
v 0.471812 0.269458 -0.186890
v 0.387283 0.269458 -0.186890
v 0.299993 0.269458 0.186890
v 0.215464 0.269458 0.186890
v 0.299993 0.269458 -0.186890
v 0.215464 0.269458 -0.186890
v 0.128174 0.269458 0.186890
v 0.043645 0.269458 0.186890
v 0.128174 0.269458 -0.186890
v 0.043645 0.269458 -0.186890
v -0.043645 0.269458 0.186890
v -0.128174 0.269458 0.186890
v -0.043645 0.269458 -0.186890
v -0.128174 0.269458 -0.186890
v -0.215464 0.269458 0.186890
v -0.299993 0.269458 0.186890
v -0.215464 0.269458 -0.186890
v -0.299993 0.269458 -0.186890
v -0.387283 0.269458 0.186890
v -0.471812 0.269458 0.186890
v -0.387283 0.269458 -0.186890
v -0.471812 0.269458 -0.186890
v 0.477921 0.284732 0.192999
v 0.471812 0.278623 0.186890
v 0.381174 0.284732 0.192999
v 0.387283 0.278623 0.186890
v 0.477921 0.284732 -0.192999
v 0.471812 0.278623 -0.186890
v 0.381174 0.284732 -0.192999
v 0.387283 0.278623 -0.186890
v 0.306102 0.284732 0.192999
v 0.299993 0.278623 0.186890
v 0.209355 0.284732 0.192999
v 0.215464 0.278623 0.186890
v 0.306102 0.284732 -0.192999
v 0.299993 0.278623 -0.186890
v 0.209355 0.284732 -0.192999
v 0.215464 0.278623 -0.186890
v 0.134283 0.284732 0.192999
v 0.128174 0.278623 0.186890
v 0.037536 0.284732 0.192999
v 0.043645 0.278623 0.186890
v 0.134283 0.284732 -0.192999
v 0.128174 0.278623 -0.186890
v 0.037536 0.284732 -0.192999
v 0.043645 0.278623 -0.186890
v -0.037536 0.284732 0.192999
v -0.043645 0.278623 0.186890
v -0.134283 0.284732 0.192999
v -0.128174 0.278623 0.186890
v -0.037536 0.284732 -0.192999
v -0.043645 0.278623 -0.186890
v -0.134283 0.284732 -0.192999
v -0.128174 0.278623 -0.186890
v -0.209355 0.284732 0.192999
v -0.215464 0.278623 0.186890
v -0.306102 0.284732 0.192999
v -0.299993 0.278623 0.186890
v -0.209355 0.284732 -0.192999
v -0.215464 0.278623 -0.186890
v -0.306102 0.284732 -0.192999
v -0.299993 0.278623 -0.186890
v -0.381174 0.284732 0.192999
v -0.387283 0.278623 0.186890
v -0.477921 0.284732 0.192999
v -0.471812 0.278623 0.186890
v -0.381174 0.284732 -0.192999
v -0.387283 0.278623 -0.186890
v -0.477921 0.284732 -0.192999
v -0.471812 0.278623 -0.186890
v 0.429548 0.255783 0.252046
v 0.429548 0.284732 0.200502
v 0.429548 0.284732 0.192999
v 0.429548 0.278623 0.186890
v 0.429548 0.269458 0.186890
v 0.429548 0.269458 -0.186890
v 0.429548 0.278623 -0.186890
v 0.429548 0.284732 -0.192999
v 0.429548 0.284732 -0.200502
v 0.429548 0.255783 -0.252046
v 0.257728 0.255783 -0.252046
v 0.257728 0.284732 -0.200502
v 0.257729 0.284732 -0.192999
v 0.257728 0.278623 -0.186890
v 0.257728 0.269458 -0.186890
v 0.257728 0.269458 0.186890
v 0.257728 0.278623 0.186890
v 0.257729 0.284732 0.192999
v 0.257728 0.284732 0.200502
v 0.257728 0.255783 0.252046
v 0.085910 0.255783 0.252046
v 0.085910 0.284732 0.200502
v 0.085910 0.284732 0.192999
v 0.085910 0.278623 0.186890
v 0.085910 0.269458 0.186890
v 0.085910 0.269458 -0.186890
v 0.085910 0.278623 -0.186890
v 0.085910 0.284732 -0.192999
v 0.085910 0.284732 -0.200502
v 0.085910 0.255783 -0.252046
v -0.085910 0.255783 0.252046
v -0.085910 0.284732 0.200502
v -0.085910 0.284732 0.192999
v -0.085910 0.278623 0.186890
v -0.085910 0.269458 0.186890
v -0.085910 0.269458 -0.186890
v -0.085910 0.278623 -0.186890
v -0.085910 0.284732 -0.192999
v -0.085910 0.284732 -0.200502
v -0.085910 0.255783 -0.252046
v -0.257728 0.255783 0.252046
v -0.257729 0.284732 0.200502
v -0.257729 0.284732 0.192999
v -0.257729 0.278623 0.186890
v -0.257729 0.269458 0.186890
v -0.257729 0.269458 -0.186890
v -0.257729 0.278623 -0.186890
v -0.257729 0.284732 -0.192999
v -0.257729 0.284732 -0.200502
v -0.257729 0.255783 -0.252046
v -0.429548 0.255783 0.252046
v -0.429548 0.284732 0.200502
v -0.429548 0.284732 0.192999
v -0.429548 0.278623 0.186890
v -0.429548 0.269458 0.186890
v -0.429548 0.269458 -0.186890
v -0.429548 0.278623 -0.186890
v -0.429548 0.284732 -0.192999
v -0.429548 0.284732 -0.200502
v -0.429548 0.255783 -0.252046
v 0.429548 0.255783 0.243117
v 0.360827 0.255783 0.243117
v 0.257728 0.255783 0.243117
v 0.326449 0.255783 0.243117
v -0.085910 0.255783 0.243117
v -0.154630 0.255783 0.243117
v -0.189008 0.255783 0.243117
v -0.257728 0.255783 0.243117
v -0.326449 0.255783 0.243117
v 0.154630 0.255783 0.243117
v 0.189008 0.255783 0.243117
v 0.085910 0.255783 0.243117
v -0.429548 0.255783 0.243117
v -0.360827 0.255783 0.243117
v -0.498268 0.260798 0.243117
v -0.551198 0.260798 0.243117
v -0.566980 0.260798 0.239978
v -0.580359 0.260798 0.231038
v -0.589298 0.260798 0.217659
v -0.592438 0.260798 0.201877
v -0.592438 0.260798 -0.201877
v -0.589298 0.260798 -0.217659
v -0.580359 0.260798 -0.231038
v -0.566980 0.260798 -0.239978
v -0.551198 0.260798 -0.243117
v -0.498268 0.260798 -0.243117
v -0.429548 0.260798 -0.243117
v -0.360827 0.260798 -0.243117
v -0.326449 0.260798 -0.243117
v -0.257729 0.260798 -0.243117
v -0.189008 0.260798 -0.243117
v -0.154630 0.260798 -0.243117
v -0.085910 0.260798 -0.243117
v -0.017189 0.260798 -0.243117
v 0.017189 0.260798 -0.243117
v 0.085910 0.260798 -0.243117
v 0.154630 0.260798 -0.243117
v 0.189008 0.260798 -0.243117
v 0.257728 0.260798 -0.243117
v 0.326449 0.260798 -0.243117
v 0.360827 0.260798 -0.243117
v 0.429548 0.260798 -0.243117
v 0.498268 0.260798 -0.243117
v 0.551198 0.260798 -0.243117
v 0.566980 0.260798 -0.239978
v 0.580359 0.260798 -0.231038
v 0.589298 0.260798 -0.217659
v 0.592438 0.260798 -0.201877
v 0.592438 0.260798 0.201877
v 0.589298 0.260798 0.217659
v 0.580359 0.260798 0.231038
v 0.566980 0.260798 0.239978
v 0.551198 0.260798 0.243117
v 0.498268 0.260798 0.243117
v 0.429548 0.260798 0.243117
v 0.360827 0.260798 0.243117
v 0.326449 0.260798 0.243117
v 0.257728 0.260798 0.243117
v 0.189008 0.260798 0.243117
v 0.154630 0.260798 0.243117
v 0.085910 0.260798 0.243117
v 0.017189 0.260798 0.243117
v -0.017189 0.260798 0.243117
v -0.085910 0.260798 0.243117
v -0.154630 0.260798 0.243117
v -0.189008 0.260798 0.243117
v -0.257729 0.260798 0.243117
v -0.326449 0.260798 0.243117
v -0.360827 0.260798 0.243117
v -0.429548 0.260798 0.243117
v 0.429548 0.255783 -0.243117
v 0.498268 0.255783 -0.243117
v -0.429548 0.255783 -0.243117
v -0.498268 0.255783 -0.243117
v 0.498268 0.211166 0.245010
v 0.498268 0.215676 0.245010
v 0.433066 0.215676 0.245010
v 0.433066 0.211166 0.245010
v 0.559441 0.211166 0.245077
v 0.559441 0.215676 0.245077
v 0.573268 0.211166 0.242531
v 0.573268 0.215676 0.242531
v 0.584408 0.211166 0.235087
v 0.584408 0.215676 0.235087
v 0.591852 0.211166 0.223947
v 0.591852 0.215676 0.223947
v 0.594398 0.211166 0.210120
v 0.594398 0.215676 0.210120
v 0.594398 0.211166 -0.210120
v 0.594398 0.215676 -0.210120
v 0.591852 0.211166 -0.223947
v 0.591852 0.215676 -0.223947
v 0.584408 0.211166 -0.235087
v 0.584408 0.215676 -0.235087
v 0.573268 0.211166 -0.242531
v 0.573268 0.215676 -0.242531
v 0.559441 0.211166 -0.245077
v 0.559441 0.215676 -0.245077
v 0.501786 0.211166 -0.245077
v 0.501786 0.215676 -0.245077
v 0.501786 0.211166 -0.239598
v 0.501786 0.215676 -0.239598
v 0.426030 0.211166 -0.239598
v 0.426030 0.215676 -0.239598
v 0.426030 0.211166 -0.245010
v 0.426030 0.215676 -0.245010
v 0.360827 0.211166 -0.245010
v 0.360827 0.215676 -0.245010
v 0.326449 0.211166 -0.245010
v 0.326449 0.215676 -0.245010
v 0.257728 0.211166 -0.245010
v 0.257728 0.215676 -0.245010
v 0.189008 0.211166 -0.245010
v 0.189008 0.215676 -0.245010
v 0.154630 0.211166 -0.245010
v 0.154630 0.215676 -0.245010
v 0.085910 0.211166 -0.245010
v 0.085910 0.215676 -0.245010
v 0.017189 0.211166 -0.245010
v 0.017189 0.215676 -0.245010
v -0.017189 0.211166 -0.245010
v -0.017189 0.215676 -0.245010
v -0.085910 0.211166 -0.245010
v -0.085910 0.215676 -0.245010
v -0.154630 0.211166 -0.245010
v -0.154630 0.215676 -0.245010
v -0.189008 0.211166 -0.245010
v -0.189008 0.215676 -0.245010
v -0.257729 0.211166 -0.245010
v -0.257729 0.215676 -0.245010
v -0.326449 0.211166 -0.245010
v -0.326449 0.215676 -0.245010
v -0.360827 0.211166 -0.245010
v -0.360827 0.215676 -0.245010
v -0.426030 0.211166 -0.245010
v -0.426030 0.215676 -0.245010
v -0.426030 0.211166 -0.239598
v -0.426030 0.215676 -0.239598
v -0.501786 0.211166 -0.239598
v -0.501786 0.215676 -0.239598
v -0.501786 0.211166 -0.245077
v -0.501786 0.215676 -0.245077
v -0.559441 0.211166 -0.245077
v -0.559441 0.215676 -0.245077
v -0.573268 0.211166 -0.242531
v -0.573268 0.215676 -0.242531
v -0.584408 0.211166 -0.235087
v -0.584408 0.215676 -0.235087
v -0.591852 0.211166 -0.223947
v -0.591852 0.215676 -0.223947
v -0.594398 0.211166 -0.210120
v -0.594398 0.215676 -0.210120
v -0.594398 0.211166 0.210120
v -0.594398 0.215676 0.210120
v -0.591852 0.211166 0.223947
v -0.591852 0.215676 0.223947
v -0.584408 0.211166 0.235087
v -0.584408 0.215676 0.235087
v -0.573268 0.211166 0.242531
v -0.573268 0.215676 0.242531
v -0.559441 0.211166 0.245077
v -0.559441 0.215676 0.245077
v -0.498268 0.211166 0.245010
v -0.498268 0.215676 0.245010
v -0.433066 0.211166 0.245010
v -0.433066 0.215676 0.245010
v -0.433066 0.211166 0.239598
v -0.433066 0.215676 0.239598
v -0.357309 0.211166 0.248528
v -0.357309 0.215676 0.248528
v -0.357309 0.215676 0.239598
v -0.357309 0.211166 0.239598
v -0.329967 0.211166 0.248528
v -0.329967 0.215676 0.248528
v -0.329967 0.211166 0.239598
v -0.329967 0.215676 0.239598
v -0.017189 0.211166 0.245010
v -0.017189 0.215676 0.245010
v -0.082391 0.215676 0.245010
v -0.082391 0.211166 0.245010
v 0.017189 0.211166 0.245010
v 0.017189 0.215676 0.245010
v 0.082391 0.211166 0.245010
v 0.082391 0.215676 0.245010
v 0.082391 0.211166 0.239598
v 0.082391 0.215676 0.239598
v 0.192526 0.211166 0.248528
v 0.192526 0.215676 0.248528
v 0.192526 0.215676 0.239598
v 0.192526 0.211166 0.239598
v 0.254210 0.211166 0.248528
v 0.254210 0.215676 0.248528
v 0.254210 0.211166 0.239598
v 0.254210 0.215676 0.239598
v 0.357309 0.215676 0.248528
v 0.357309 0.211166 0.248528
v 0.357309 0.211166 0.239598
v 0.357309 0.215676 0.239598
v 0.329967 0.215676 0.248528
v 0.329967 0.211166 0.248528
v 0.329967 0.215676 0.239598
v 0.329967 0.211166 0.239598
v 0.433066 0.215676 0.239598
v 0.433066 0.211166 0.239598
v -0.082391 0.215676 0.239598
v -0.082391 0.211166 0.239598
v -0.192526 0.215676 0.248528
v -0.192526 0.211166 0.248528
v -0.192526 0.211166 0.239598
v -0.192526 0.215676 0.239598
v -0.254210 0.215676 0.248528
v -0.254210 0.211166 0.248528
v -0.254210 0.215676 0.239598
v -0.254210 0.211166 0.239598
v -0.154630 0.215676 0.239598
v -0.154630 0.211166 0.239598
v 0.154630 0.215676 0.239598
v 0.154630 0.211166 0.239598
v 0.498268 0.217030 0.252046
v 0.498268 0.215676 0.250692
v 0.429548 0.217030 0.252046
v 0.430901 0.215676 0.250692
v 0.498268 0.209813 0.252046
v 0.498268 0.211166 0.250692
v 0.429548 0.209813 0.252046
v 0.430901 0.211166 0.250692
v 0.560127 0.209813 0.252046
v 0.559994 0.211166 0.250692
v 0.560127 0.217030 0.252046
v 0.559994 0.215676 0.250692
v 0.575909 0.209813 0.248907
v 0.575381 0.211166 0.247632
v 0.575909 0.217030 0.248907
v 0.575381 0.215676 0.247632
v 0.589288 0.209813 0.239967
v 0.588312 0.211166 0.238991
v 0.589288 0.217030 0.239967
v 0.588312 0.215676 0.238991
v 0.598227 0.209813 0.226588
v 0.596952 0.211166 0.226060
v 0.598227 0.217030 0.226588
v 0.596952 0.215676 0.226060
v 0.601367 0.209813 0.210806
v 0.600013 0.211166 0.210673
v 0.601367 0.217030 0.210806
v 0.600013 0.215676 0.210673
v 0.601367 0.209813 -0.210806
v 0.600013 0.211166 -0.210673
v 0.601367 0.217030 -0.210806
v 0.600013 0.215676 -0.210673
v 0.598227 0.209813 -0.226588
v 0.596952 0.211166 -0.226060
v 0.598227 0.217030 -0.226588
v 0.596952 0.215676 -0.226060
v 0.589288 0.209813 -0.239967
v 0.588312 0.211166 -0.238991
v 0.589288 0.217030 -0.239967
v 0.588312 0.215676 -0.238991
v 0.575909 0.209813 -0.248907
v 0.575381 0.211166 -0.247632
v 0.575909 0.217030 -0.248907
v 0.575381 0.215676 -0.247632
v 0.560127 0.209813 -0.252046
v 0.559994 0.211166 -0.250692
v 0.560127 0.217030 -0.252046
v 0.559994 0.215676 -0.250692
v 0.498268 0.209813 -0.252046
v 0.499622 0.211166 -0.250692
v 0.498268 0.217030 -0.252046
v 0.499622 0.215676 -0.250692
v 0.429548 0.209813 -0.252046
v 0.428194 0.211166 -0.250692
v 0.360827 0.209813 -0.252046
v 0.360827 0.211166 -0.250692
v 0.429548 0.217030 -0.252046
v 0.428194 0.215676 -0.250692
v 0.360827 0.217030 -0.252046
v 0.360827 0.215676 -0.250692
v 0.326449 0.209813 -0.252046
v 0.326449 0.211166 -0.250692
v 0.326449 0.217030 -0.252046
v 0.326449 0.215676 -0.250692
v 0.257728 0.209813 -0.252046
v 0.257728 0.211166 -0.250692
v 0.257728 0.217030 -0.252046
v 0.257728 0.215676 -0.250692
v 0.189008 0.209813 -0.252046
v 0.189008 0.211166 -0.250692
v 0.189008 0.217030 -0.252046
v 0.189008 0.215676 -0.250692
v 0.154630 0.209813 -0.252046
v 0.154630 0.211166 -0.250692
v 0.154630 0.217030 -0.252046
v 0.154630 0.215676 -0.250692
v 0.085910 0.209813 -0.252046
v 0.085910 0.211166 -0.250692
v 0.085910 0.217030 -0.252046
v 0.085910 0.215676 -0.250692
v 0.017189 0.209813 -0.252046
v 0.017189 0.211166 -0.250692
v 0.017189 0.217030 -0.252046
v 0.017189 0.215676 -0.250692
v -0.017189 0.209813 -0.252046
v -0.017189 0.211166 -0.250692
v -0.017189 0.217030 -0.252046
v -0.017189 0.215676 -0.250692
v -0.085910 0.209813 -0.252046
v -0.085910 0.211166 -0.250692
v -0.085910 0.217030 -0.252046
v -0.085910 0.215676 -0.250692
v -0.154630 0.209813 -0.252046
v -0.154630 0.211166 -0.250692
v -0.154630 0.217030 -0.252046
v -0.154630 0.215676 -0.250692
v -0.189008 0.209813 -0.252046
v -0.189008 0.211166 -0.250692
v -0.189008 0.217030 -0.252046
v -0.189008 0.215676 -0.250692
v -0.257729 0.209813 -0.252046
v -0.257729 0.211166 -0.250692
v -0.257729 0.217030 -0.252046
v -0.257729 0.215676 -0.250692
v -0.326449 0.209813 -0.252046
v -0.326449 0.211166 -0.250692
v -0.326449 0.217030 -0.252046
v -0.326449 0.215676 -0.250692
v -0.360827 0.209813 -0.252046
v -0.360827 0.211166 -0.250692
v -0.360827 0.217030 -0.252046
v -0.360827 0.215676 -0.250692
v -0.429548 0.209813 -0.252046
v -0.428194 0.211166 -0.250692
v -0.429548 0.217030 -0.252046
v -0.428194 0.215676 -0.250692
v -0.498268 0.209813 -0.252046
v -0.499622 0.211166 -0.250692
v -0.560127 0.209813 -0.252046
v -0.559994 0.211166 -0.250692
v -0.498268 0.217030 -0.252046
v -0.499622 0.215676 -0.250692
v -0.560127 0.217030 -0.252046
v -0.559994 0.215676 -0.250692
v -0.575909 0.209813 -0.248907
v -0.575381 0.211166 -0.247632
v -0.575909 0.217030 -0.248907
v -0.575381 0.215676 -0.247632
v -0.589288 0.209813 -0.239967
v -0.588312 0.211166 -0.238991
v -0.589288 0.217030 -0.239967
v -0.588312 0.215676 -0.238991
v -0.598227 0.209813 -0.226588
v -0.596952 0.211166 -0.226060
v -0.598227 0.217030 -0.226588
v -0.596952 0.215676 -0.226060
v -0.601367 0.209813 -0.210806
v -0.600013 0.211166 -0.210673
v -0.601367 0.217030 -0.210806
v -0.600013 0.215676 -0.210673
v -0.601367 0.209813 0.210806
v -0.600013 0.211166 0.210673
v -0.601367 0.217030 0.210806
v -0.600013 0.215676 0.210673
v -0.598227 0.209813 0.226588
v -0.596952 0.211166 0.226060
v -0.598227 0.217030 0.226588
v -0.596952 0.215676 0.226060
v -0.589288 0.209813 0.239967
v -0.588312 0.211166 0.238991
v -0.589288 0.217030 0.239967
v -0.588312 0.215676 0.238991
v -0.575909 0.209813 0.248907
v -0.575381 0.211166 0.247632
v -0.575909 0.217030 0.248907
v -0.575381 0.215676 0.247632
v -0.560127 0.209813 0.252046
v -0.559994 0.211166 0.250692
v -0.560127 0.217030 0.252046
v -0.559994 0.215676 0.250692
v -0.498268 0.209813 0.252046
v -0.498268 0.211166 0.250692
v -0.498268 0.217030 0.252046
v -0.498268 0.215676 0.250692
v -0.429548 0.209813 0.252046
v -0.430901 0.211166 0.250692
v -0.429548 0.217030 0.252046
v -0.430901 0.215676 0.250692
v -0.429548 0.209813 0.243117
v -0.430901 0.211166 0.241763
v -0.429548 0.217030 0.243117
v -0.430901 0.215676 0.241763
v -0.360827 0.217030 0.252046
v -0.359473 0.215676 0.250692
v -0.360827 0.217030 0.243117
v -0.359473 0.215676 0.241763
v -0.360827 0.209813 0.252046
v -0.359473 0.211166 0.250692
v -0.360827 0.209813 0.243117
v -0.359473 0.211166 0.241763
v -0.326449 0.209813 0.252046
v -0.327803 0.211166 0.250692
v -0.326449 0.217030 0.252046
v -0.327803 0.215676 0.250692
v -0.326449 0.209813 0.243117
v -0.327803 0.211166 0.241763
v -0.326449 0.217030 0.243117
v -0.327803 0.215676 0.241763
v -0.017189 0.217030 0.252046
v -0.017189 0.215676 0.250692
v -0.085910 0.217030 0.252046
v -0.084556 0.215676 0.250692
v -0.017189 0.209813 0.252046
v -0.017189 0.211166 0.250692
v -0.085910 0.209813 0.252046
v -0.084556 0.211166 0.250692
v 0.017189 0.209813 0.252046
v 0.017189 0.211166 0.250692
v 0.017189 0.217030 0.252046
v 0.017189 0.215676 0.250692
v 0.085910 0.209813 0.252046
v 0.084556 0.211166 0.250692
v 0.085910 0.217030 0.252046
v 0.084556 0.215676 0.250692
v 0.085910 0.209813 0.243117
v 0.084556 0.211166 0.241763
v 0.085910 0.217030 0.243117
v 0.084556 0.215676 0.241763
v 0.189008 0.217030 0.252046
v 0.190361 0.215676 0.250692
v 0.189008 0.217030 0.243117
v 0.190361 0.215676 0.241763
v 0.189008 0.209813 0.252046
v 0.190361 0.211166 0.250692
v 0.189008 0.209813 0.243117
v 0.190361 0.211166 0.241763
v 0.257728 0.209813 0.252046
v 0.256375 0.211166 0.250692
v 0.257728 0.217030 0.252046
v 0.256375 0.215676 0.250692
v 0.257728 0.209813 0.243117
v 0.256375 0.211166 0.241763
v 0.257728 0.217030 0.243117
v 0.256375 0.215676 0.241763
v 0.360827 0.209813 0.252046
v 0.359473 0.211166 0.250692
v 0.360827 0.209813 0.243117
v 0.359473 0.211166 0.241763
v 0.360827 0.217030 0.252046
v 0.359473 0.215676 0.250692
v 0.360827 0.217030 0.243117
v 0.359473 0.215676 0.241763
v 0.326449 0.217030 0.252046
v 0.327803 0.215676 0.250692
v 0.326449 0.209813 0.252046
v 0.327803 0.211166 0.250692
v 0.326449 0.217030 0.243117
v 0.327803 0.215676 0.241763
v 0.326449 0.209813 0.243117
v 0.327803 0.211166 0.241763
v 0.429548 0.217030 0.243117
v 0.430901 0.215676 0.241763
v 0.429548 0.209813 0.243117
v 0.430901 0.211166 0.241763
v -0.085910 0.217030 0.243117
v -0.084556 0.215676 0.241763
v -0.085910 0.209813 0.243117
v -0.084556 0.211166 0.241763
v -0.189008 0.209813 0.252046
v -0.190361 0.211166 0.250692
v -0.189008 0.209813 0.243117
v -0.190361 0.211166 0.241763
v -0.189008 0.217030 0.252046
v -0.190361 0.215676 0.250692
v -0.189008 0.217030 0.243117
v -0.190361 0.215676 0.241763
v -0.257728 0.217030 0.252046
v -0.256375 0.215676 0.250692
v -0.257728 0.209813 0.252046
v -0.256375 0.211166 0.250692
v -0.257728 0.217030 0.243117
v -0.256375 0.215676 0.241763
v -0.257728 0.209813 0.243117
v -0.256375 0.211166 0.241763
v -0.154630 0.217030 0.243117
v -0.154630 0.215676 0.241763
v -0.154630 0.209813 0.243117
v -0.154630 0.211166 0.241763
v 0.154630 0.217030 0.243117
v 0.154630 0.215676 0.241763
v 0.154630 0.209813 0.243117
v 0.154630 0.211166 0.241763
v 0.498268 0.209813 -0.243117
v 0.499622 0.211166 -0.241763
v 0.498268 0.217030 -0.243117
v 0.499622 0.215676 -0.241763
v 0.429548 0.209813 -0.243117
v 0.428194 0.211166 -0.241763
v 0.429548 0.217030 -0.243117
v 0.428194 0.215676 -0.241763
v -0.429548 0.209813 -0.243117
v -0.428194 0.211166 -0.241763
v -0.429548 0.217030 -0.243117
v -0.428194 0.215676 -0.241763
v -0.498268 0.209813 -0.243117
v -0.499622 0.211166 -0.241763
v -0.498268 0.217030 -0.243117
v -0.499622 0.215676 -0.241763
v -0.601367 0.209813 0.064743
v -0.600013 0.211166 0.064743
v -0.594398 0.211166 0.064743
v -0.594398 0.215676 0.064743
v -0.600013 0.215676 0.064743
v -0.601367 0.217030 0.064743
v -0.549823 0.284732 0.064743
v -0.546683 0.284732 0.064743
v -0.537744 0.284732 0.064743
v -0.524365 0.284732 0.064743
v -0.508583 0.284732 0.064743
v -0.498268 0.284732 0.064743
v -0.477921 0.284732 0.064743
v -0.471812 0.278623 0.064743
v -0.471812 0.269458 0.064743
v -0.429548 0.269458 0.064743
v -0.387283 0.269458 0.064743
v -0.387283 0.278623 0.064743
v -0.381174 0.284732 0.064743
v -0.360827 0.284732 0.064743
v -0.326449 0.284732 0.064743
v -0.306102 0.284732 0.064743
v -0.299993 0.278623 0.064743
v -0.299993 0.269458 0.064743
v -0.257729 0.269458 0.064743
v -0.215464 0.269458 0.064743
v -0.215464 0.278623 0.064743
v -0.209355 0.284732 0.064743
v -0.189008 0.284732 0.064743
v -0.154630 0.284732 0.064743
v -0.134283 0.284732 0.064743
v -0.128174 0.278623 0.064743
v -0.128174 0.269458 0.064743
v -0.085910 0.269458 0.064743
v -0.043645 0.269458 0.064743
v -0.043645 0.278623 0.064743
v -0.037536 0.284732 0.064743
v -0.017189 0.284732 0.064743
v 0.017189 0.284732 0.064743
v 0.037536 0.284732 0.064743
v 0.043645 0.278623 0.064743
v 0.043645 0.269458 0.064743
v 0.085910 0.269458 0.064743
v 0.128174 0.269458 0.064743
v 0.128174 0.278623 0.064743
v 0.134283 0.284732 0.064743
v 0.154630 0.284732 0.064743
v 0.189008 0.284732 0.064743
v 0.209355 0.284732 0.064743
v 0.215464 0.278623 0.064743
v 0.215464 0.269458 0.064743
v 0.257728 0.269458 0.064743
v 0.299993 0.269458 0.064743
v 0.299993 0.278623 0.064743
v 0.306102 0.284732 0.064743
v 0.326449 0.284732 0.064743
v 0.360827 0.284732 0.064743
v 0.381174 0.284732 0.064743
v 0.387283 0.278623 0.064743
v 0.387283 0.269458 0.064743
v 0.429548 0.269458 0.064743
v 0.471812 0.269458 0.064743
v 0.471812 0.278623 0.064743
v 0.477921 0.284732 0.064743
v 0.498268 0.284732 0.064743
v 0.508583 0.284732 0.064743
v 0.524365 0.284732 0.064743
v 0.537744 0.284732 0.064743
v 0.546683 0.284732 0.064743
v 0.549823 0.284732 0.064743
v 0.601367 0.217030 0.064743
v 0.600013 0.215676 0.064743
v 0.594398 0.215676 0.064743
v 0.594398 0.211166 0.064743
v 0.600013 0.211166 0.064743
v 0.601367 0.209813 0.064743
v -0.601367 0.209813 -0.064743
v -0.600013 0.211166 -0.064743
v -0.594398 0.211166 -0.064743
v -0.594398 0.215676 -0.064743
v -0.600013 0.215676 -0.064743
v -0.601367 0.217030 -0.064743
v -0.549823 0.284732 -0.064743
v -0.546683 0.284732 -0.064743
v -0.537744 0.284732 -0.064743
v -0.524365 0.284732 -0.064743
v -0.508583 0.284732 -0.064743
v -0.498268 0.284732 -0.064743
v -0.477921 0.284732 -0.064743
v -0.471812 0.278623 -0.064743
v -0.471812 0.269458 -0.064743
v -0.429548 0.269458 -0.064743
v -0.387283 0.269458 -0.064743
v -0.387283 0.278623 -0.064743
v -0.381174 0.284732 -0.064743
v -0.360827 0.284732 -0.064743
v -0.326449 0.284732 -0.064743
v -0.306102 0.284732 -0.064743
v -0.299993 0.278623 -0.064743
v -0.299993 0.269458 -0.064743
v -0.257729 0.269458 -0.064743
v -0.215464 0.269458 -0.064743
v -0.215464 0.278623 -0.064743
v -0.209355 0.284732 -0.064743
v -0.189008 0.284732 -0.064743
v -0.154630 0.284732 -0.064743
v -0.134283 0.284732 -0.064743
v -0.128174 0.278623 -0.064743
v -0.128174 0.269458 -0.064743
v -0.085910 0.269458 -0.064743
v -0.043645 0.269458 -0.064743
v -0.043645 0.278623 -0.064743
v -0.037536 0.284732 -0.064743
v -0.017189 0.284732 -0.064743
v 0.017189 0.284732 -0.064743
v 0.037536 0.284732 -0.064743
v 0.043645 0.278623 -0.064743
v 0.043645 0.269458 -0.064743
v 0.085910 0.269458 -0.064743
v 0.128174 0.269458 -0.064743
v 0.128174 0.278623 -0.064743
v 0.134283 0.284732 -0.064743
v 0.154630 0.284732 -0.064743
v 0.189008 0.284732 -0.064743
v 0.209355 0.284732 -0.064743
v 0.215464 0.278623 -0.064743
v 0.215464 0.269458 -0.064743
v 0.257728 0.269458 -0.064743
v 0.299993 0.269458 -0.064743
v 0.299993 0.278623 -0.064743
v 0.306102 0.284732 -0.064743
v 0.326449 0.284732 -0.064743
v 0.360827 0.284732 -0.064743
v 0.381174 0.284732 -0.064743
v 0.387283 0.278623 -0.064743
v 0.387283 0.269458 -0.064743
v 0.429548 0.269458 -0.064743
v 0.471812 0.269458 -0.064743
v 0.471812 0.278623 -0.064743
v 0.477921 0.284732 -0.064743
v 0.498268 0.284732 -0.064743
v 0.508583 0.284732 -0.064743
v 0.524365 0.284732 -0.064743
v 0.537744 0.284732 -0.064743
v 0.546683 0.284732 -0.064743
v 0.549823 0.284732 -0.064743
v 0.601367 0.217030 -0.064743
v 0.600013 0.215676 -0.064743
v 0.594398 0.215676 -0.064743
v 0.594398 0.211166 -0.064743
v 0.600013 0.211166 -0.064743
v 0.601367 0.209813 -0.064743
v -0.601367 0.209813 0.151067
v -0.600013 0.211166 0.151067
v -0.594398 0.211166 0.151067
v -0.594398 0.215676 0.151067
v -0.600013 0.215676 0.151067
v -0.601367 0.217030 0.151067
v -0.549823 0.284732 0.151066
v -0.546683 0.284732 0.151066
v -0.537744 0.284732 0.151066
v -0.524365 0.284732 0.151066
v -0.508583 0.284732 0.151066
v -0.498268 0.284732 0.151066
v -0.477921 0.284732 0.151066
v -0.471812 0.278623 0.151066
v -0.471812 0.269458 0.151066
v -0.429548 0.269458 0.151066
v -0.387283 0.269458 0.151066
v -0.387283 0.278623 0.151066
v -0.381174 0.284732 0.151066
v -0.360827 0.284732 0.151066
v -0.326449 0.284732 0.151066
v -0.306102 0.284732 0.151066
v -0.299993 0.278623 0.151066
v -0.299993 0.269458 0.151066
v -0.257729 0.269458 0.151066
v -0.215464 0.269458 0.151066
v -0.215464 0.278623 0.151066
v -0.209355 0.284732 0.151066
v -0.189008 0.284732 0.151066
v -0.154630 0.284732 0.151066
v -0.134283 0.284732 0.151066
v -0.128174 0.278623 0.151066
v -0.128174 0.269458 0.151066
v -0.085910 0.269458 0.151066
v -0.043645 0.269458 0.151066
v -0.043645 0.278623 0.151066
v -0.037536 0.284732 0.151066
v -0.017189 0.284732 0.151066
v 0.017189 0.284732 0.151066
v 0.037536 0.284732 0.151066
v 0.043645 0.278623 0.151066
v 0.043645 0.269458 0.151066
v 0.085910 0.269458 0.151066
v 0.128174 0.269458 0.151066
v 0.128174 0.278623 0.151066
v 0.134283 0.284732 0.151066
v 0.154630 0.284732 0.151066
v 0.189008 0.284732 0.151066
v 0.209355 0.284732 0.151066
v 0.215464 0.278623 0.151066
v 0.215464 0.269458 0.151066
v 0.257728 0.269458 0.151066
v 0.299993 0.269458 0.151066
v 0.299993 0.278623 0.151066
v 0.306102 0.284732 0.151066
v 0.326449 0.284732 0.151066
v 0.360827 0.284732 0.151066
v 0.381174 0.284732 0.151066
v 0.387283 0.278623 0.151066
v 0.387283 0.269458 0.151066
v 0.429548 0.269458 0.151066
v 0.471812 0.269458 0.151066
v 0.471812 0.278623 0.151066
v 0.477921 0.284732 0.151066
v 0.498268 0.284732 0.151066
v 0.508583 0.284732 0.151066
v 0.524365 0.284732 0.151066
v 0.537744 0.284732 0.151066
v 0.546683 0.284732 0.151066
v 0.549823 0.284732 0.151066
v 0.601367 0.217030 0.151067
v 0.600013 0.215676 0.151067
v 0.594398 0.215676 0.151067
v 0.594398 0.211166 0.151067
v 0.600013 0.211166 0.151067
v 0.601367 0.209813 0.151067
v -0.601367 0.209813 -0.151067
v -0.600013 0.211166 -0.151067
v -0.594398 0.211166 -0.151067
v -0.594398 0.215676 -0.151067
v -0.600013 0.215676 -0.151067
v -0.601367 0.217030 -0.151067
v -0.549823 0.284732 -0.151066
v -0.546683 0.284732 -0.151066
v -0.537744 0.284732 -0.151066
v -0.524365 0.284732 -0.151066
v -0.508583 0.284732 -0.151066
v -0.498268 0.284732 -0.151066
v -0.477921 0.284732 -0.151066
v -0.471812 0.278623 -0.151066
v -0.471812 0.269458 -0.151066
v -0.429548 0.269458 -0.151066
v -0.387283 0.269458 -0.151066
v -0.387283 0.278623 -0.151066
v -0.381174 0.284732 -0.151066
v -0.360827 0.284732 -0.151066
v -0.326449 0.284732 -0.151066
v -0.306102 0.284732 -0.151066
v -0.299993 0.278623 -0.151066
v -0.299993 0.269458 -0.151066
v -0.257729 0.269458 -0.151066
v -0.215464 0.269458 -0.151066
v -0.215464 0.278623 -0.151066
v -0.209355 0.284732 -0.151066
v -0.189008 0.284732 -0.151066
v -0.154630 0.284732 -0.151066
v -0.134283 0.284732 -0.151066
v -0.128174 0.278623 -0.151066
v -0.128174 0.269458 -0.151066
v -0.085910 0.269458 -0.151066
v -0.043645 0.269458 -0.151066
v -0.043645 0.278623 -0.151066
v -0.037536 0.284732 -0.151066
v -0.017189 0.284732 -0.151066
v 0.017189 0.284732 -0.151066
v 0.037536 0.284732 -0.151066
v 0.043645 0.278623 -0.151066
v 0.043645 0.269458 -0.151066
v 0.085910 0.269458 -0.151066
v 0.128174 0.269458 -0.151066
v 0.128174 0.278623 -0.151066
v 0.134283 0.284732 -0.151066
v 0.154630 0.284732 -0.151066
v 0.189008 0.284732 -0.151066
v 0.209355 0.284732 -0.151066
v 0.215464 0.278623 -0.151066
v 0.215464 0.269458 -0.151066
v 0.257728 0.269458 -0.151066
v 0.299993 0.269458 -0.151066
v 0.299993 0.278623 -0.151066
v 0.306102 0.284732 -0.151066
v 0.326449 0.284732 -0.151066
v 0.360827 0.284732 -0.151066
v 0.381174 0.284732 -0.151066
v 0.387283 0.278623 -0.151066
v 0.387283 0.269458 -0.151066
v 0.429548 0.269458 -0.151066
v 0.471812 0.269458 -0.151066
v 0.471812 0.278623 -0.151066
v 0.477921 0.284732 -0.151066
v 0.498268 0.284732 -0.151066
v 0.508583 0.284732 -0.151066
v 0.524365 0.284732 -0.151066
v 0.537744 0.284732 -0.151066
v 0.546683 0.284732 -0.151066
v 0.549823 0.284732 -0.151066
v 0.601367 0.217030 -0.151067
v 0.600013 0.215676 -0.151067
v 0.594398 0.215676 -0.151067
v 0.594398 0.211166 -0.151067
v 0.600013 0.211166 -0.151067
v 0.601367 0.209813 -0.151067
v 0.429548 0.244629 0.243117
v 0.360827 0.244629 0.243117
v 0.360827 0.244629 0.252046
v 0.326449 0.244629 0.252046
v 0.326449 0.244629 0.243117
v 0.257728 0.244629 0.243117
v 0.257728 0.244629 0.252046
v 0.189008 0.244629 0.252046
v 0.189008 0.244629 0.243117
v 0.154630 0.244629 0.243117
v 0.085910 0.244629 0.243117
v 0.085910 0.244629 0.252046
v 0.017189 0.244629 0.252046
v -0.017189 0.244629 0.252046
v -0.085910 0.244629 0.252046
v -0.085910 0.244629 0.243117
v -0.154630 0.244629 0.243117
v -0.189008 0.244629 0.243117
v -0.189008 0.244629 0.252046
v -0.257728 0.244629 0.252046
v -0.257728 0.244629 0.243117
v -0.326449 0.244629 0.243117
v -0.326449 0.244629 0.252046
v -0.360827 0.244629 0.252046
v -0.360827 0.244629 0.243117
v -0.429548 0.244629 0.243117
v -0.429548 0.244629 0.252046
v -0.498268 0.244629 0.252046
v -0.560127 0.244629 0.252046
v -0.575909 0.244629 0.248907
v -0.589288 0.244629 0.239967
v -0.598227 0.244629 0.226588
v -0.601367 0.244629 0.210806
v -0.601367 0.244629 -0.210806
v -0.598227 0.244629 -0.226588
v -0.589288 0.244629 -0.239967
v -0.575909 0.244629 -0.248907
v -0.560127 0.244629 -0.252046
v -0.498268 0.244629 -0.252046
v -0.498268 0.244629 -0.243117
v -0.429548 0.244629 -0.243117
v -0.429548 0.244629 -0.252046
v -0.360827 0.244629 -0.252046
v -0.326449 0.244629 -0.252046
v -0.257729 0.244629 -0.252046
v -0.189008 0.244629 -0.252046
v -0.154630 0.244629 -0.252046
v -0.085910 0.244629 -0.252046
v -0.017189 0.244629 -0.252046
v 0.017189 0.244629 -0.252046
v 0.085910 0.244629 -0.252046
v 0.154630 0.244629 -0.252046
v 0.189008 0.244629 -0.252046
v 0.257728 0.244629 -0.252046
v 0.326449 0.244629 -0.252046
v 0.360827 0.244629 -0.252046
v 0.429548 0.244629 -0.252046
v 0.429548 0.244629 -0.243117
v 0.498268 0.244629 -0.243117
v 0.498268 0.244629 -0.252046
v 0.560127 0.244629 -0.252046
v 0.575909 0.244629 -0.248907
v 0.589288 0.244629 -0.239967
v 0.598227 0.244629 -0.226588
v 0.601367 0.244629 -0.210806
v 0.601367 0.244629 0.210806
v 0.598227 0.244629 0.226588
v 0.589288 0.244629 0.239967
v 0.575909 0.244629 0.248907
v 0.560127 0.244629 0.252046
v 0.498268 0.244629 0.252046
v 0.429548 0.244629 0.252046
v -0.498268 0.273239 -0.220965
v -0.529047 0.273239 -0.220965
v -0.544828 0.273239 -0.217826
v -0.558207 0.273239 -0.208886
v -0.567147 0.273239 -0.195507
v -0.570286 0.273239 -0.179726
v -0.570286 0.273239 0.179726
v -0.567147 0.273239 0.195507
v -0.558207 0.273239 0.208886
v -0.544828 0.273239 0.217826
v -0.529047 0.273239 0.220965
v -0.498268 0.273239 0.220965
v -0.429548 0.273239 0.220965
v -0.360827 0.273239 0.220965
v -0.326449 0.273239 0.220965
v -0.257729 0.273239 0.220965
v -0.189008 0.273239 0.220965
v -0.154630 0.273239 0.220965
v -0.085910 0.273239 0.220965
v -0.017189 0.273239 0.220965
v 0.017189 0.273239 0.220965
v 0.085910 0.273239 0.220965
v 0.154630 0.273239 0.220965
v 0.189008 0.273239 0.220965
v 0.257728 0.273239 0.220965
v 0.326449 0.273239 0.220965
v 0.360827 0.273239 0.220965
v 0.429548 0.273239 0.220965
v 0.498268 0.273239 0.220965
v 0.529047 0.273239 0.220965
v 0.544828 0.273239 0.217826
v 0.558207 0.273239 0.208886
v 0.567147 0.273239 0.195507
v 0.570286 0.273239 0.179726
v 0.570286 0.273239 -0.179726
v 0.567147 0.273239 -0.195507
v 0.558207 0.273239 -0.208886
v 0.544828 0.273239 -0.217826
v 0.529047 0.273239 -0.220965
v 0.498268 0.273239 -0.220965
v 0.429548 0.273239 -0.220965
v 0.360827 0.273239 -0.220965
v 0.326449 0.273239 -0.220965
v 0.257728 0.273239 -0.220965
v 0.189008 0.273239 -0.220965
v 0.154630 0.273239 -0.220965
v 0.085910 0.273239 -0.220965
v 0.017189 0.273239 -0.220965
v -0.017189 0.273239 -0.220965
v -0.085910 0.273239 -0.220965
v -0.154630 0.273239 -0.220965
v -0.189008 0.273239 -0.220965
v -0.257729 0.273239 -0.220965
v -0.326449 0.273239 -0.220965
v -0.360827 0.273239 -0.220965
v -0.429548 0.273239 -0.220965
v -0.592438 0.244629 0.064743
v -0.570286 0.244629 0.064743
v 0.592438 0.244629 0.064743
v -0.592438 0.244629 -0.064743
v -0.570286 0.244629 -0.064743
v 0.592438 0.244629 -0.064743
v -0.592438 0.244629 0.151066
v -0.570286 0.244629 0.151066
v 0.592438 0.244629 0.151066
v -0.592438 0.244629 -0.151066
v -0.570286 0.244629 -0.151066
v 0.592438 0.244629 -0.151066
v 0.570286 0.244629 0.151066
v 0.570286 0.244629 0.064743
v 0.570286 0.244629 -0.064743
v 0.570286 0.244629 -0.151066
v -0.599581 0.254738 0.064743
v -0.601367 0.255783 0.062957
v -0.592438 0.260798 0.062839
v -0.592438 0.258894 0.064743
v -0.569004 0.273959 0.062830
v -0.570286 0.271537 0.064743
v 0.592438 0.260798 0.062839
v 0.592438 0.258894 0.064743
v 0.601367 0.255783 0.062957
v 0.599581 0.254738 0.064743
v 0.601367 0.242843 0.062957
v 0.599581 0.244629 0.064743
v -0.601367 0.255783 -0.062957
v -0.599581 0.254738 -0.064743
v -0.592438 0.260798 -0.062839
v -0.592438 0.258894 -0.064743
v -0.569043 0.273937 -0.062888
v -0.570286 0.271589 -0.064743
v 0.592438 0.260798 -0.062839
v 0.592438 0.258894 -0.064743
v 0.599581 0.254738 -0.064743
v 0.601367 0.255783 -0.062957
v 0.601367 0.242843 -0.062957
v 0.599581 0.244629 -0.064743
v -0.601367 0.255783 0.152852
v -0.599581 0.254738 0.151066
v -0.592438 0.260798 0.152970
v -0.592438 0.258894 0.151066
v -0.569043 0.273937 0.152921
v -0.570286 0.271589 0.151066
v 0.592438 0.260798 0.152970
v 0.592438 0.258894 0.151066
v 0.599581 0.254738 0.151066
v 0.601367 0.255783 0.152852
v 0.601367 0.242843 0.152852
v 0.599581 0.244629 0.151066
v -0.599581 0.254738 -0.151067
v -0.601367 0.255783 -0.152852
v -0.592438 0.260798 -0.152970
v -0.592438 0.258894 -0.151066
v -0.569004 0.273959 -0.152979
v -0.570286 0.271537 -0.151066
v 0.592438 0.260798 -0.152970
v 0.592438 0.258894 -0.151066
v 0.601367 0.255783 -0.152852
v 0.599581 0.254738 -0.151067
v 0.601367 0.242843 -0.152852
v 0.599581 0.244629 -0.151067
v -0.601367 0.242843 0.152852
v -0.599581 0.244629 0.151066
v -0.601367 0.242843 0.062957
v -0.599581 0.244629 0.064743
v -0.601367 0.242843 -0.062957
v -0.599581 0.244629 -0.064743
v -0.601367 0.242843 -0.152852
v -0.599581 0.244629 -0.151067
v 0.569004 0.273959 0.152979
v 0.570286 0.271537 0.151066
v 0.569043 0.273937 0.062888
v 0.570286 0.271589 0.064743
v 0.569004 0.273959 -0.062830
v 0.570286 0.271537 -0.064743
v 0.569043 0.273937 -0.152921
v 0.570286 0.271589 -0.151066
v 0.193472 0.000000 0.247582
v 0.189008 0.004464 0.252046
v 0.253264 0.000000 0.247582
v 0.257728 0.004464 0.252046
v 0.326661 0.000000 -0.247582
v 0.326449 0.004465 -0.252046
v 0.257908 0.000000 -0.247582
v 0.257728 0.004464 -0.252046
v 0.017001 0.000000 0.247581
v 0.017189 0.004463 0.252046
v 0.081445 0.000000 0.247582
v 0.085910 0.004464 0.252046
v 0.154852 0.000000 -0.247581
v 0.154630 0.004464 -0.252046
v 0.086136 0.000000 -0.247582
v 0.085910 0.004464 -0.252046
v -0.016967 0.000000 -0.247581
v -0.017189 0.004464 -0.252046
v -0.085701 0.000000 -0.247581
v -0.085910 0.004464 -0.252046
v -0.188797 0.000000 -0.247581
v -0.189008 0.004464 -0.252046
v -0.257522 0.000000 -0.247582
v -0.257729 0.004465 -0.252046
v -0.498387 0.000000 0.247581
v -0.498268 0.004464 0.252046
v -0.434012 0.000000 0.247582
v -0.429548 0.004464 0.252046
v -0.360660 0.000000 -0.247581
v -0.360827 0.004464 -0.252046
v -0.425084 0.000000 -0.247582
v -0.429548 0.004464 -0.252046
v -0.502732 0.000000 -0.247582
v -0.498268 0.004464 -0.252046
v -0.559399 0.000000 -0.247609
v -0.560127 0.004477 -0.252046
v 0.361084 0.000000 -0.247584
v 0.360827 0.004466 -0.252046
v 0.356363 0.000000 0.247582
v 0.360827 0.004464 0.252046
v 0.330913 0.000000 0.247582
v 0.326449 0.004464 0.252046
v 0.189228 0.000000 -0.247581
v 0.189008 0.004464 -0.252046
v 0.017414 0.000000 -0.247581
v 0.017189 0.004464 -0.252046
v -0.017348 0.000000 0.247580
v -0.017189 0.004463 0.252046
v -0.154418 0.000000 -0.247581
v -0.154630 0.004464 -0.252046
v -0.326282 0.000000 -0.247581
v -0.326449 0.004464 -0.252046
v -0.330913 0.000000 0.247582
v -0.326449 0.004464 0.252046
v -0.356363 0.000000 0.247582
v -0.360827 0.004464 0.252046
v 0.596955 0.000000 -0.209821
v 0.601367 0.004490 -0.210806
v 0.596912 0.000000 -0.150619
v 0.601367 0.004473 -0.151067
v 0.502732 0.000000 -0.247582
v 0.498268 0.004464 -0.252046
v 0.560005 0.000000 -0.247549
v 0.560127 0.004478 -0.252046
v 0.498132 0.000000 0.247582
v 0.498268 0.004464 0.252046
v 0.559467 0.000000 0.247602
v 0.560127 0.004473 0.252046
v -0.559853 0.000000 0.247565
v -0.560127 0.004472 0.252046
v -0.596870 0.000000 -0.210687
v -0.601367 0.004479 -0.210806
v -0.596904 0.000000 -0.151322
v -0.601367 0.004466 -0.151067
v -0.574358 0.000000 0.244621
v -0.575909 0.004483 0.248907
v -0.586296 0.000000 0.236502
v -0.589288 0.004483 0.239967
v -0.594137 0.000000 0.224533
v -0.598227 0.004483 0.226588
v -0.596938 0.000000 0.209961
v -0.601367 0.004479 0.210806
v -0.593872 0.000000 -0.225191
v -0.598227 0.004493 -0.226588
v -0.585828 0.000000 -0.236983
v -0.589288 0.004491 -0.239967
v -0.573837 0.000000 -0.244831
v -0.575909 0.004492 -0.248907
v 0.593917 0.000000 0.225078
v 0.598227 0.004480 0.226588
v 0.601367 0.004472 0.210806
v 0.596901 0.000000 0.210563
v 0.585906 0.000000 0.236902
v 0.589288 0.004479 0.239967
v 0.573932 0.000000 0.244794
v 0.575909 0.004484 0.248907
v 0.574523 0.000000 -0.244545
v 0.575909 0.004493 -0.248907
v 0.586438 0.000000 -0.236359
v 0.589288 0.004501 -0.239967
v 0.594199 0.000000 -0.224385
v 0.598227 0.004499 -0.226588
v 0.425084 0.000000 -0.247582
v 0.429548 0.004464 -0.252046
v 0.434012 0.000000 0.247582
v 0.429548 0.004464 0.252046
v -0.081445 0.000000 0.247582
v -0.085910 0.004464 0.252046
v -0.193472 0.000000 0.247582
v -0.189008 0.004464 0.252046
v -0.253264 0.000000 0.247582
v -0.257728 0.004464 0.252046
v 0.356363 0.000000 0.238653
v 0.360827 0.004464 0.243117
v 0.434012 0.000000 0.238653
v 0.429548 0.004464 0.243117
v 0.253264 0.000000 0.238653
v 0.257728 0.004464 0.243117
v 0.330913 0.000000 0.238653
v 0.326449 0.004464 0.243117
v -0.193472 0.000000 0.238653
v -0.189008 0.004464 0.243117
v -0.154766 0.000000 0.238653
v -0.154630 0.004465 0.243117
v -0.081445 0.000000 0.238653
v -0.085910 0.004464 0.243117
v -0.330913 0.000000 0.238653
v -0.326449 0.004464 0.243117
v -0.253264 0.000000 0.238653
v -0.257728 0.004464 0.243117
v 0.193472 0.000000 0.238653
v 0.189008 0.004464 0.243117
v 0.154434 0.000000 0.238654
v 0.154630 0.004466 0.243117
v 0.081445 0.000000 0.238653
v 0.085910 0.004464 0.243117
v -0.434012 0.000000 0.238653
v -0.429548 0.004464 0.243117
v -0.356363 0.000000 0.238653
v -0.360827 0.004464 0.243117
v 0.425084 0.000000 -0.238653
v 0.429548 0.004464 -0.243117
v 0.502732 0.000000 -0.238653
v 0.498268 0.004464 -0.243117
v -0.425084 0.000000 -0.238653
v -0.429548 0.004464 -0.243117
v -0.502732 0.000000 -0.238653
v -0.498268 0.004464 -0.243117
v 0.601367 0.004466 0.064743
v 0.596905 0.000000 0.064965
v 0.596904 0.000000 0.151272
v 0.601367 0.004465 0.151067
v -0.601367 0.004468 0.064743
v -0.596907 0.000000 0.064449
v -0.596903 0.000000 -0.064927
v -0.601367 0.004465 -0.064743
v 0.601367 0.004467 -0.064743
v 0.596906 0.000000 -0.064456
v -0.596908 0.000000 0.150708
v -0.601367 0.004470 0.151067
v 0.593963 0.000000 0.151270
v 0.586003 0.000000 0.151267
v 0.574045 0.000000 0.151261
v 0.559572 0.000000 0.151254
v -0.559765 0.000000 0.150726
v -0.574258 0.000000 0.150719
v -0.586211 0.000000 0.150713
v -0.594094 0.000000 0.150710
v -0.594043 0.000000 0.064451
v -0.586126 0.000000 0.064454
v -0.574167 0.000000 0.064459
v -0.559685 0.000000 0.064465
v 0.559666 0.000000 0.064949
v 0.574149 0.000000 0.064955
v 0.586100 0.000000 0.064961
v 0.594018 0.000000 0.064964
v 0.594099 0.000000 -0.064457
v 0.586245 0.000000 -0.064460
v 0.574306 0.000000 -0.064465
v 0.559806 0.000000 -0.064470
v -0.559567 0.000000 -0.064912
v -0.574029 0.000000 -0.064918
v -0.585998 0.000000 -0.064922
v -0.593967 0.000000 -0.064926
v -0.593916 0.000000 -0.151320
v -0.585913 0.000000 -0.151316
v -0.573937 0.000000 -0.151309
v -0.559487 0.000000 -0.151300
v 0.559900 0.000000 -0.150641
v 0.574410 0.000000 -0.150632
v 0.586342 0.000000 -0.150625
v 0.594153 0.000000 -0.150621
v -0.360581 0.000000 -0.238653
v -0.326367 0.000000 -0.238653
v -0.257444 0.000000 -0.238653
v -0.188882 0.000000 -0.238653
v -0.154425 0.000000 -0.238653
v -0.085623 0.000000 -0.238653
v -0.016974 0.000000 -0.238653
v 0.017406 0.000000 -0.238653
v 0.086050 0.000000 -0.238653
v 0.154845 0.000000 -0.238653
v 0.189306 0.000000 -0.238653
v 0.257822 0.000000 -0.238653
v 0.326739 0.000000 -0.238653
v 0.360997 0.000000 -0.238653
v 0.559976 0.000000 -0.221137
v 0.574490 0.000000 -0.216696
v 0.586412 0.000000 -0.213048
v 0.594191 0.000000 -0.210667
v -0.559423 0.000000 -0.221811
v -0.573867 0.000000 -0.217520
v -0.585851 0.000000 -0.213960
v -0.593880 0.000000 -0.211575
v -0.498565 0.000000 0.227674
v -0.559826 0.000000 0.217256
v -0.574327 0.000000 0.214789
v -0.586273 0.000000 0.212758
v -0.594130 0.000000 0.211422
v -0.017341 0.000000 0.238653
v 0.017008 0.000000 0.238653
v 0.498322 0.000000 0.227563
v 0.559501 0.000000 0.217013
v 0.573969 0.000000 0.214518
v 0.585934 0.000000 0.212454
v 0.593926 0.000000 0.211076
v 0.103709 0.185220 0.245313
v 0.101516 0.187142 0.242878
v 0.155270 0.187142 0.242878
v 0.153078 0.185220 0.245313
v 0.103709 0.137838 0.245313
v 0.101516 0.135915 0.242878
v 0.153078 0.137839 0.245313
v 0.155270 0.135917 0.242878
v -0.153078 0.185220 0.245313
v -0.155270 0.187142 0.242878
v -0.101516 0.187142 0.242878
v -0.103709 0.185220 0.245313
v -0.153078 0.137838 0.245313
v -0.155270 0.135916 0.242878
v -0.103709 0.137838 0.245313
v -0.101516 0.135915 0.242878
v 0.430762 0.009647 0.064894
v 0.432376 0.009647 0.151194
v 0.357212 0.009646 0.151158
v 0.358050 0.009647 0.064862
v 0.426728 0.009647 -0.150719
v 0.428341 0.009647 -0.064522
v 0.359307 0.009647 -0.064550
v 0.360144 0.009646 -0.150758
v 0.501900 0.009646 -0.150675
v 0.501900 0.009646 -0.064494
v 0.501900 0.009646 0.064923
v 0.501900 0.009646 0.151225
v 0.329394 0.009647 0.064850
v 0.330148 0.009646 0.151146
v 0.254100 0.009646 0.151110
v 0.254924 0.009647 0.064818
v 0.328262 0.009647 -0.064562
v 0.256160 0.009647 -0.064590
v 0.327508 0.009646 -0.150778
v 0.256984 0.009646 -0.150819
v 0.192707 0.009646 0.151081
v 0.191954 0.009647 0.064790
v 0.190825 0.009647 -0.064616
v 0.190072 0.009646 -0.150859
v 0.154584 0.009647 0.064774
v 0.154510 0.009646 0.151063
v 0.082291 0.009646 0.151029
v 0.083123 0.009647 0.064743
v 0.154695 0.009647 -0.064630
v 0.084371 0.009647 -0.064658
v 0.154769 0.009646 -0.150879
v 0.085204 0.009646 -0.150920
v 0.017153 0.009647 0.064715
v 0.017081 0.009646 0.150998
v -0.017274 0.009646 0.150982
v -0.017208 0.009647 0.064700
v 0.017261 0.009647 -0.064684
v -0.017108 0.009647 -0.064698
v 0.017333 0.009646 -0.150960
v -0.017042 0.009646 -0.150981
v -0.082968 0.009647 0.064671
v -0.082213 0.009646 0.150951
v -0.154704 0.009646 0.150917
v -0.154642 0.009647 0.064640
v -0.084101 0.009647 -0.064724
v -0.154549 0.009647 -0.064752
v -0.084856 0.009646 -0.151021
v -0.154488 0.009646 -0.151062
v -0.191799 0.009647 0.064624
v -0.192628 0.009646 0.150899
v -0.254033 0.009646 0.150870
v -0.254789 0.009647 0.064597
v -0.190554 0.009647 -0.064766
v -0.255921 0.009647 -0.064792
v -0.189725 0.009646 -0.151082
v -0.256677 0.009646 -0.151122
v -0.329255 0.009647 0.064565
v -0.330077 0.009646 0.150834
v -0.357139 0.009646 0.150821
v -0.357901 0.009647 0.064553
v -0.328023 0.009647 -0.064821
v -0.359045 0.009647 -0.064833
v -0.327201 0.009646 -0.151163
v -0.359808 0.009646 -0.151183
v -0.430755 0.009647 0.064521
v -0.432368 0.009646 0.150786
v -0.501952 0.009646 0.150754
v -0.501952 0.009646 0.064491
v -0.428335 0.009647 -0.064860
v -0.501952 0.009646 -0.064889
v -0.426719 0.009646 -0.151222
v -0.501952 0.009646 -0.151266
v 0.511545 0.000000 0.160875
v 0.432556 0.000000 0.160838
v 0.511545 0.000000 -0.160314
v 0.511545 0.000000 -0.064490
v 0.511545 0.000000 0.064928
v 0.426548 0.000000 -0.160363
v 0.357119 0.000000 0.160803
v 0.330232 0.000000 0.160791
v 0.360237 0.000000 -0.160403
v 0.327423 0.000000 -0.160423
v 0.254008 0.000000 0.160755
v 0.192792 0.000000 0.160726
v 0.257076 0.000000 -0.160464
v 0.154501 0.000000 0.160708
v 0.189988 0.000000 -0.160504
v 0.154778 0.000000 -0.160525
v 0.082198 0.000000 0.160674
v 0.017073 0.000000 0.160643
v 0.085297 0.000000 -0.160565
v 0.017341 0.000000 -0.160606
v -0.017281 0.000000 0.160627
v -0.082129 0.000000 0.160596
v -0.017034 0.000000 -0.160626
v -0.084940 0.000000 -0.160666
v -0.154710 0.000000 0.160562
v -0.192721 0.000000 0.160544
v -0.154481 0.000000 -0.160707
v -0.189632 0.000000 -0.160727
v -0.253949 0.000000 0.160515
v -0.330169 0.000000 0.160479
v -0.256762 0.000000 -0.160767
v -0.327109 0.000000 -0.160808
v -0.357054 0.000000 0.160466
v -0.432549 0.000000 0.160430
v -0.359893 0.000000 -0.160828
v -0.426539 0.000000 -0.160866
v -0.511597 0.000000 0.160395
v -0.511597 0.000000 -0.160917
v -0.511597 0.000000 0.064487
v -0.511597 0.000000 -0.064893
vt 0.315231 0.145328
vt 0.477077 0.835571
vt 0.477076 0.840045
vt 0.462060 0.840044
vt 0.679070 0.126844
vt 0.333741 0.782292
vt 0.333742 0.786765
vt 0.303724 0.786769
vt 0.348758 0.782289
vt 0.348758 0.786762
vt 0.378776 0.782282
vt 0.378777 0.786756
vt 0.408794 0.782276
vt 0.423811 0.782273
vt 0.423812 0.786746
vt 0.408795 0.786750
vt 0.326966 0.835562
vt 0.356985 0.835564
vt 0.318958 0.117955
vt 0.326966 0.840035
vt 0.311948 0.835561
vt 0.311948 0.840034
vt 0.453829 0.782267
vt 0.483848 0.782260
vt 0.483849 0.786734
vt 0.453831 0.786740
vt 0.498865 0.782257
vt 0.498866 0.786731
vt 0.528883 0.782251
vt 0.558901 0.782245
vt 0.558902 0.786718
vt 0.528884 0.786724
vt 0.573918 0.782241
vt 0.573919 0.786715
vt 0.628886 0.126836
vt 0.176855 0.835551
vt 0.176854 0.840024
vt 0.161838 0.840023
vt 0.603936 0.782235
vt 0.633955 0.782229
vt 0.633956 0.786702
vt 0.603937 0.786708
vt 0.648971 0.782225
vt 0.648972 0.786699
vt 0.594972 0.129028
vt 0.101882 0.839995
vt 0.101903 0.835484
vt 0.131841 0.835507
vt 0.879643 0.315240
vt 0.898102 0.315238
vt 0.898103 0.330885
vt 0.740110 0.471895
vt 0.801927 0.310621
vt 0.900544 0.622138
vt 0.820389 0.326264
vt 0.801930 0.326267
vt 0.632896 0.368181
vt 0.651356 0.368180
vt 0.651356 0.383826
vt 0.949215 0.306206
vt 0.678904 0.368164
vt 0.697363 0.368163
vt 0.697364 0.383809
vt 0.577011 0.471896
vt 0.829451 0.310603
vt 0.847910 0.310606
vt 0.847908 0.326252
vt 0.476641 0.439026
vt 0.586892 0.369885
vt 0.605351 0.369885
vt 0.605351 0.385531
vt 0.543556 0.139465
vt 0.149146 0.258165
vt 0.134132 0.258166
vt 0.333746 0.808116
vt 0.348763 0.808112
vt 0.224189 0.258159
vt 0.209174 0.258160
vt 0.408800 0.808099
vt 0.423817 0.808096
vt 0.299232 0.258152
vt 0.284218 0.258154
vt 0.483853 0.808084
vt 0.498870 0.808080
vt 0.374275 0.258146
vt 0.359260 0.258147
vt 0.558907 0.808068
vt 0.573924 0.808065
vt 0.449318 0.258139
vt 0.434303 0.258141
vt 0.633961 0.808052
vt 0.648977 0.808050
vt 0.068990 0.836086
vt 0.075447 0.835512
vt 0.079069 0.839951
vt 0.072118 0.840798
vt 0.761280 0.186767
vt 0.065593 0.843481
vt 0.754889 0.184912
vt 0.751667 0.189658
vt 0.748406 0.184295
vt 0.744715 0.188822
vt 0.735551 0.782396
vt 0.742042 0.783071
vt 0.738788 0.787734
vt 0.731848 0.786797
vt 0.748429 0.784940
vt 0.745238 0.790537
vt 0.558196 0.184876
vt 0.561344 0.189649
vt 0.564635 0.184321
vt 0.568304 0.188843
vt 0.563523 0.835495
vt 0.570026 0.836111
vt 0.566825 0.840806
vt 0.559880 0.839941
vt 0.576433 0.837911
vt 0.573303 0.843544
vt 0.708769 0.127365
vt 0.711921 0.132133
vt 0.715207 0.126803
vt 0.718880 0.131319
vt 0.240747 0.783271
vt 0.247204 0.782581
vt 0.250897 0.786967
vt 0.243958 0.787922
vt 0.911855 0.129281
vt 0.237472 0.790710
vt 0.905467 0.127419
vt 0.902239 0.132161
vt 0.898984 0.126794
vt 0.895288 0.131317
vt 0.578700 0.126829
vt 0.708969 0.786627
vt 0.537023 0.835511
vt 0.537046 0.840017
vt 0.273692 0.782129
vt 0.645156 0.129035
vt 0.513849 0.236543
vt 0.513851 0.258134
vt 0.509346 0.258134
vt 0.509344 0.236543
vt 0.269113 0.808221
vt 0.069598 0.258172
vt 0.062705 0.258172
vt 0.062704 0.237952
vt 0.704204 0.471894
vt 0.704204 0.475667
vt 0.685744 0.475668
vt 0.009766 0.235727
vt 0.561632 0.375401
vt 0.082990 0.258171
vt 0.565407 0.393715
vt 0.777030 0.475895
vt 0.009780 0.385999
vt 0.013553 0.385999
vt 0.013555 0.401645
vt 0.737443 0.479671
vt 0.758570 0.475896
vt 0.104116 0.239855
vt 0.834065 0.471896
vt 0.904547 0.474534
vt 0.812937 0.475667
vt 0.179173 0.408435
vt 0.904546 0.622138
vt 0.158033 0.258164
vt 0.908319 0.640453
vt 0.689206 0.143484
vt 0.917272 0.622140
vt 0.921045 0.622140
vt 0.921045 0.637787
vt 0.649620 0.147264
vt 0.670747 0.147261
vt 0.670747 0.143487
vt 0.649837 0.471896
vt 0.649837 0.475669
vt 0.631378 0.475668
vt 0.026494 0.236466
vt 0.544908 0.356559
vt 0.233076 0.258158
vt 0.548684 0.374873
vt 0.986133 0.310214
vt 0.026505 0.386739
vt 0.030278 0.386738
vt 0.030279 0.402385
vt 0.946546 0.313981
vt 0.967674 0.310211
vt 0.254202 0.239842
vt 0.616381 0.139479
vt 0.616380 0.143253
vt 0.597921 0.143249
vt 0.950740 0.471874
vt 0.938005 0.249139
vt 0.308119 0.258152
vt 0.941775 0.267454
vt 0.613930 0.475898
vt 0.950729 0.622147
vt 0.954502 0.622147
vt 0.954501 0.637793
vt 0.574343 0.479672
vt 0.595470 0.475899
vt 0.329245 0.239835
vt 0.478373 0.457251
vt 0.478372 0.461025
vt 0.459913 0.461022
vt 0.967468 0.471874
vt 0.938006 0.622139
vt 0.383162 0.258145
vt 0.941779 0.640453
vt 0.513560 0.443023
vt 0.967458 0.622147
vt 0.971231 0.622147
vt 0.971230 0.637794
vt 0.473974 0.446802
vt 0.495101 0.443026
vt 0.404287 0.239829
vt 0.867304 0.471893
vt 0.867304 0.475666
vt 0.848844 0.475664
vt 0.950728 0.098877
vt 0.971461 0.252898
vt 0.458205 0.258139
vt 0.975231 0.271213
vt 0.580474 0.143474
vt 0.950756 0.249150
vt 0.954530 0.249149
vt 0.954533 0.264796
vt 0.540887 0.147240
vt 0.562015 0.143471
vt 0.479331 0.239822
vt 0.134145 0.411716
vt 0.507111 0.861409
vt 0.074103 0.258171
vt 0.273667 0.808178
vt 0.303724 0.808128
vt 0.432039 0.861393
vt 0.149159 0.411714
vt 0.378781 0.808106
vt 0.284231 0.411703
vt 0.356983 0.861388
vt 0.453835 0.808090
vt 0.359273 0.411697
vt 0.281927 0.861383
vt 0.528888 0.808074
vt 0.434316 0.411690
vt 0.206872 0.861377
vt 0.603942 0.808058
vt 0.101659 0.861414
vt 0.131801 0.861383
vt 0.679000 0.808048
vt 0.898092 0.167634
vt 0.879633 0.167635
vt 0.916562 0.330884
vt 0.557630 0.375401
vt 0.831396 0.479672
vt 0.801905 0.163016
vt 0.783468 0.310624
vt 0.652287 0.139488
vt 0.651351 0.220576
vt 0.632892 0.220576
vt 0.669815 0.383826
vt 0.540906 0.356559
vt 0.697354 0.220558
vt 0.678894 0.220559
vt 0.715824 0.383808
vt 0.934002 0.249139
vt 0.847934 0.163001
vt 0.829475 0.162998
vt 0.866367 0.326255
vt 0.934003 0.622139
vt 0.605348 0.222280
vt 0.586889 0.222281
vt 0.623810 0.385531
vt 0.967459 0.252897
vt 0.726850 0.812821
vt 0.526587 0.258133
vt 0.520744 0.258133
vt 0.720655 0.809327
vt 0.590365 0.209735
vt 0.530492 0.258133
vt 0.579781 0.211117
vt 0.586778 0.209779
vt 0.056861 0.241857
vt 0.056862 0.258173
vt 0.052958 0.258173
vt 0.052957 0.247701
vt 0.873160 0.152185
vt 0.876742 0.152230
vt 0.478333 0.124629
vt 0.474434 0.126820
vt 0.074116 0.411721
vt 0.725331 0.471893
vt 0.561617 0.227796
vt 0.722663 0.479669
vt 0.794477 0.475665
vt 0.783446 0.163019
vt 0.917274 0.471868
vt 0.209188 0.411709
vt 0.367886 0.115758
vt 0.432041 0.835569
vt 0.432041 0.840043
vt 0.402021 0.840041
vt 0.224202 0.411708
vt 0.670964 0.471897
vt 0.544889 0.208955
vt 0.668296 0.479673
vt 0.430615 0.124620
vt 0.426715 0.126811
vt 0.299245 0.411702
vt 0.637508 0.139483
vt 0.938029 0.101534
vt 0.634839 0.147259
vt 0.365415 0.145328
vt 0.236893 0.835555
vt 0.236893 0.840029
vt 0.361516 0.147519
vt 0.374288 0.411695
vt 0.499500 0.457254
vt 0.938003 0.474534
vt 0.496831 0.465030
vt 0.449331 0.411689
vt 0.888431 0.471896
vt 0.971484 0.105293
vt 0.885763 0.479671
vt 0.678989 0.782217
vt 0.678990 0.786690
vt 0.088269 0.851110
vt 0.101757 0.851149
vt 0.097076 0.861422
vt 0.081233 0.852184
vt 0.520757 0.410312
vt 0.074924 0.855482
vt 0.526600 0.406407
vt 0.742226 0.200926
vt 0.530504 0.400563
vt 0.735178 0.199653
vt 0.726195 0.209752
vt 0.570746 0.200934
vt 0.577804 0.199673
vt 0.564510 0.204385
vt 0.729514 0.799013
vt 0.722492 0.797866
vt 0.709012 0.797794
vt 0.678994 0.797792
vt 0.648975 0.797797
vt 0.633958 0.797800
vt 0.603940 0.797806
vt 0.573921 0.797813
vt 0.558905 0.797816
vt 0.528886 0.797822
vt 0.498868 0.797828
vt 0.483851 0.797832
vt 0.453833 0.797838
vt 0.423814 0.797844
vt 0.408798 0.797848
vt 0.378779 0.797854
vt 0.348761 0.797860
vt 0.333744 0.797864
vt 0.303725 0.797873
vt 0.273710 0.797894
vt 0.260242 0.798004
vt 0.253220 0.799166
vt 0.246954 0.802544
vt 0.892785 0.143418
vt 0.885740 0.142137
vt 0.721330 0.143405
vt 0.728387 0.142138
vt 0.737360 0.152235
vt 0.730367 0.153579
vt 0.715095 0.146860
vt 0.555115 0.866027
vt 0.557673 0.852188
vt 0.548888 0.862586
vt 0.550646 0.851109
vt 0.069611 0.411721
vt 0.537160 0.851153
vt 0.507096 0.851148
vt 0.477076 0.851144
vt 0.462059 0.851143
vt 0.432040 0.851141
vt 0.402020 0.851139
vt 0.387004 0.851138
vt 0.356984 0.851136
vt 0.326965 0.851134
vt 0.311947 0.851133
vt 0.281929 0.851130
vt 0.251909 0.851128
vt 0.236892 0.851127
vt 0.206872 0.851125
vt 0.176853 0.851123
vt 0.161836 0.851122
vt 0.131815 0.851121
vt 0.594972 0.126838
vt 0.624986 0.126836
vt 0.331502 0.145328
vt 0.361516 0.145328
vt 0.381686 0.124620
vt 0.396701 0.124620
vt 0.251910 0.840030
vt 0.426715 0.124620
vt 0.318958 0.115765
vt 0.348972 0.115760
vt 0.387004 0.840039
vt 0.363987 0.115758
vt 0.281317 0.145328
vt 0.311331 0.145328
vt 0.444419 0.124633
vt 0.474433 0.124630
vt 0.853698 0.909762
vt 0.540034 0.879406
vt 0.511655 0.882867
vt 0.825328 0.906222
vt 0.880326 0.912569
vt 0.566671 0.876674
vt 0.886314 0.914180
vt 0.572662 0.875082
vt 0.891107 0.917599
vt 0.974851 0.365950
vt 0.773921 0.089379
vt 0.969726 0.363071
vt 0.780036 0.088426
vt 0.791256 0.408092
vt 0.949006 0.408072
vt 0.937804 0.088461
vt 0.974798 0.406099
vt 0.780036 0.362110
vt 0.969725 0.089365
vt 0.773921 0.363062
vt 0.974851 0.092243
vt 0.838015 0.934765
vt 0.916703 0.941520
vt 0.833061 0.931594
vt 0.910649 0.942824
vt 0.827006 0.930286
vt 0.885441 0.944616
vt 0.801798 0.928486
vt 0.801445 0.930770
vt 0.885081 0.942329
vt 0.851921 0.943388
vt 0.768280 0.929909
vt 0.768056 0.927635
vt 0.851705 0.945658
vt 0.823152 0.945193
vt 0.739504 0.928093
vt 0.808129 0.945188
vt 0.724481 0.928091
vt 0.778099 0.945179
vt 0.694450 0.928087
vt 0.748068 0.945169
vt 0.664419 0.928083
vt 0.733045 0.945165
vt 0.649396 0.928081
vt 0.703014 0.945155
vt 0.619366 0.928077
vt 0.672984 0.945146
vt 0.589335 0.928073
vt 0.657961 0.945141
vt 0.574312 0.928071
vt 0.627930 0.945132
vt 0.544281 0.928067
vt 0.597899 0.945122
vt 0.514251 0.928063
vt 0.582876 0.945118
vt 0.499228 0.928061
vt 0.552846 0.945108
vt 0.469197 0.928056
vt 0.522815 0.945099
vt 0.439166 0.928052
vt 0.507792 0.945095
vt 0.424144 0.928051
vt 0.479239 0.945548
vt 0.395591 0.927590
vt 0.395374 0.929860
vt 0.479016 0.943273
vt 0.445851 0.942407
vt 0.362215 0.930924
vt 0.361855 0.928637
vt 0.445498 0.944690
vt 0.420290 0.942886
vt 0.336646 0.930434
vt 0.414236 0.941576
vt 0.330593 0.931739
vt 0.409283 0.938405
vt 0.074577 0.158314
vt 0.773921 0.345530
vt 0.079701 0.161193
vt 0.780036 0.344577
vt 0.552879 0.408074
vt 0.578671 0.406109
vt 0.111623 0.162106
vt 0.269390 0.162183
vt 0.736422 0.406139
vt 0.969726 0.345526
vt 0.275506 0.161232
vt 0.974851 0.348405
vt 0.062292 0.871573
vt 0.380739 0.914140
vt 0.067085 0.874993
vt 0.386730 0.912547
vt 0.073072 0.876604
vt 0.413366 0.909811
vt 0.099701 0.879412
vt 0.441745 0.906346
vt 0.128070 0.882953
vt 0.442209 0.908585
vt 0.128533 0.880719
vt 0.475492 0.902134
vt 0.161823 0.887066
vt 0.161590 0.883210
vt 0.475257 0.905983
vt 0.487395 0.901302
vt 0.173733 0.887806
vt 0.488136 0.905092
vt 0.174474 0.884022
vt 0.626005 0.898862
vt 0.312354 0.890300
vt 0.283767 0.890709
vt 0.597419 0.898355
vt 0.641045 0.898889
vt 0.327394 0.890328
vt 0.669631 0.898477
vt 0.355979 0.890838
vt 0.669847 0.900749
vt 0.356202 0.888567
vt 0.718673 0.898509
vt 0.405020 0.890977
vt 0.404380 0.887167
vt 0.718020 0.902316
vt 0.745552 0.899573
vt 0.431896 0.889793
vt 0.745882 0.903423
vt 0.432227 0.885949
vt 0.477907 0.887074
vt 0.791575 0.902111
vt 0.791809 0.905967
vt 0.478142 0.883225
vt 0.466003 0.887904
vt 0.779665 0.901372
vt 0.465263 0.884114
vt 0.778924 0.905156
vt 0.511191 0.880627
vt 0.824866 0.908457
vt 0.283552 0.888437
vt 0.597196 0.900626
vt 0.234726 0.890673
vt 0.548378 0.898222
vt 0.549019 0.902031
vt 0.235378 0.886866
vt 0.207846 0.889607
vt 0.521503 0.899409
vt 0.207516 0.885757
vt 0.521172 0.903253
vt 0.251930 0.887351
vt 0.565571 0.901603
vt 0.387827 0.887594
vt 0.701468 0.901832
vt 0.544786 0.126826
vt 0.574801 0.126828
vt 0.645156 0.126844
vt 0.675170 0.126844
vt 0.537161 0.818539
vt 0.540295 0.881876
vt 0.567142 0.879094
vt 0.564542 0.818791
vt 0.507103 0.818572
vt 0.511174 0.885439
vt 0.474431 0.107704
vt 0.510360 0.881643
vt 0.532879 0.654285
vt 0.853966 0.907293
vt 0.824854 0.903649
vt 0.502865 0.654280
vt 0.559896 0.654289
vt 0.880805 0.910150
vt 0.824031 0.907441
vt 0.498965 0.654279
vt 0.566924 0.654290
vt 0.887360 0.912003
vt 0.573703 0.877255
vt 0.571867 0.819490
vt 0.573952 0.654291
vt 0.767230 0.090446
vt 0.579216 0.873316
vt 0.699805 0.111828
vt 0.547914 0.099449
vt 0.773115 0.087113
vt 0.970530 0.360799
vt 0.706862 0.110778
vt 0.554942 0.099450
vt 0.779821 0.085974
vt 0.963824 0.359664
vt 0.714229 0.109923
vt 0.937804 0.086009
vt 0.712992 0.099474
vt 0.739084 0.099478
vt 0.963824 0.085959
vt 0.873223 0.110181
vt 0.805842 0.359706
vt 0.779822 0.359657
vt 0.899875 0.109986
vt 0.746112 0.099479
vt 0.970529 0.087092
vt 0.773116 0.360795
vt 0.907265 0.110693
vt 0.753139 0.099480
vt 0.923326 0.940071
vt 0.767230 0.364128
vt 0.231415 0.768063
vt 0.535726 0.664736
vt 0.917638 0.943737
vt 0.833995 0.929371
vt 0.238423 0.766887
vt 0.528698 0.664736
vt 0.911004 0.945255
vt 0.827362 0.927856
vt 0.245695 0.765936
vt 0.501681 0.664736
vt 0.884836 0.947131
vt 0.801193 0.925972
vt 0.641256 0.109919
vt 0.497781 0.664736
vt 0.884202 0.943305
vt 0.800561 0.929797
vt 0.645156 0.109919
vt 0.463867 0.664737
vt 0.852452 0.948162
vt 0.852861 0.944308
vt 0.467767 0.664737
vt 0.433853 0.664737
vt 0.823151 0.947673
vt 0.418838 0.664738
vt 0.808128 0.947672
vt 0.303719 0.765368
vt 0.768804 0.925130
vt 0.739504 0.925612
vt 0.333737 0.765363
vt 0.675170 0.109918
vt 0.769214 0.928986
vt 0.724481 0.925608
vt 0.348754 0.765360
vt 0.388824 0.664738
vt 0.778098 0.947662
vt 0.694450 0.925604
vt 0.378772 0.765354
vt 0.358810 0.664739
vt 0.748067 0.947653
vt 0.664420 0.925600
vt 0.408791 0.765348
vt 0.343795 0.664739
vt 0.733044 0.947648
vt 0.649397 0.925598
vt 0.423808 0.765345
vt 0.313781 0.664739
vt 0.703013 0.947639
vt 0.619366 0.925593
vt 0.453826 0.765339
vt 0.283767 0.664740
vt 0.672983 0.947629
vt 0.589335 0.925589
vt 0.483844 0.765332
vt 0.268752 0.664740
vt 0.657960 0.947625
vt 0.574312 0.925587
vt 0.498861 0.765329
vt 0.238738 0.664741
vt 0.627929 0.947615
vt 0.544282 0.925583
vt 0.528880 0.765323
vt 0.208724 0.664741
vt 0.597899 0.947606
vt 0.514251 0.925579
vt 0.558898 0.765316
vt 0.193709 0.664741
vt 0.582876 0.947601
vt 0.499228 0.925577
vt 0.573915 0.765313
vt 0.163695 0.664742
vt 0.552845 0.947592
vt 0.469197 0.925573
vt 0.603933 0.765307
vt 0.133681 0.664742
vt 0.522814 0.947582
vt 0.439167 0.925569
vt 0.633951 0.765300
vt 0.118666 0.664743
vt 0.507791 0.947576
vt 0.424144 0.925570
vt 0.648968 0.765297
vt 0.088652 0.664743
vt 0.478491 0.948052
vt 0.394843 0.925086
vt 0.540888 0.109900
vt 0.084752 0.664743
vt 0.478082 0.944196
vt 0.394434 0.928941
vt 0.544788 0.109900
vt 0.050838 0.664744
vt 0.446102 0.947204
vt 0.446735 0.943379
vt 0.054738 0.664744
vt 0.023821 0.664744
vt 0.419934 0.945316
vt 0.016793 0.664744
vt 0.413301 0.943800
vt 0.709495 0.765020
vt 0.362459 0.926123
vt 0.336291 0.928003
vt 0.736770 0.765691
vt 0.574802 0.109903
vt 0.363094 0.929949
vt 0.329658 0.929522
vt 0.744078 0.766475
vt 0.009766 0.664744
vt 0.767230 0.346596
vt 0.323970 0.933189
vt 0.549251 0.169325
vt 0.062796 0.147888
vt 0.773115 0.343264
vt 0.078897 0.163466
vt 0.556310 0.168282
vt 0.069824 0.147889
vt 0.779822 0.342125
vt 0.085602 0.164601
vt 0.563679 0.167432
vt 0.095915 0.147892
vt 0.805842 0.342172
vt 0.111622 0.164558
vt 0.590383 0.167705
vt 0.963824 0.342119
vt 0.253966 0.147912
vt 0.260993 0.147913
vt 0.970530 0.343254
vt 0.749278 0.167487
vt 0.269604 0.164636
vt 0.276311 0.163498
vt 0.756669 0.168184
vt 0.268021 0.147914
vt 0.374185 0.915906
vt 0.282197 0.160167
vt 0.059950 0.820703
vt 0.016793 0.654202
vt 0.379697 0.911967
vt 0.066039 0.877169
vt 0.066981 0.819658
vt 0.023821 0.654203
vt 0.386258 0.910126
vt 0.072594 0.879023
vt 0.074276 0.818844
vt 0.050838 0.654207
vt 0.413105 0.907341
vt 0.099433 0.881881
vt 0.101742 0.818424
vt 0.080852 0.654212
vt 0.442225 0.903774
vt 0.128544 0.885527
vt 0.591071 0.109912
vt 0.084752 0.654212
vt 0.443040 0.907569
vt 0.129367 0.881735
vt 0.594971 0.109912
vt 0.114766 0.654217
vt 0.474290 0.905104
vt 0.160626 0.884090
vt 0.624985 0.109911
vt 0.161839 0.818621
vt 0.160899 0.887966
vt 0.174537 0.888820
vt 0.327602 0.128403
vt 0.118666 0.654218
vt 0.474561 0.901234
vt 0.133681 0.654220
vt 0.488194 0.900289
vt 0.137581 0.654221
vt 0.488975 0.904094
vt 0.175316 0.885020
vt 0.331502 0.128403
vt 0.167595 0.654226
vt 0.520228 0.902351
vt 0.206575 0.886659
vt 0.361516 0.128403
vt 0.311950 0.818632
vt 0.312349 0.892784
vt 0.327390 0.892812
vt 0.326967 0.818633
vt 0.281930 0.818630
vt 0.283013 0.893214
vt 0.426715 0.107695
vt 0.282611 0.889356
vt 0.284351 0.654245
vt 0.626009 0.896379
vt 0.596675 0.895847
vt 0.254337 0.654240
vt 0.299366 0.654247
vt 0.641049 0.896405
vt 0.596259 0.899704
vt 0.250437 0.654239
vt 0.329380 0.654252
vt 0.670385 0.895972
vt 0.356724 0.893346
vt 0.315056 0.098840
vt 0.333280 0.654252
vt 0.670787 0.899830
vt 0.357139 0.889489
vt 0.318956 0.098839
vt 0.363294 0.654257
vt 0.701497 0.900888
vt 0.387853 0.888538
vt 0.348970 0.098835
vt 0.402023 0.818638
vt 0.404184 0.891965
vt 0.432815 0.890707
vt 0.277417 0.128403
vt 0.363984 0.098833
vt 0.403517 0.888149
vt 0.382208 0.654260
vt 0.717832 0.897520
vt 0.717160 0.901331
vt 0.378309 0.654260
vt 0.412223 0.654265
vt 0.746468 0.898658
vt 0.416122 0.654266
vt 0.746824 0.902521
vt 0.433171 0.886851
vt 0.281317 0.128403
vt 0.446137 0.654271
vt 0.778083 0.904158
vt 0.464425 0.885112
vt 0.311331 0.128403
vt 0.465051 0.654274
vt 0.792499 0.901211
vt 0.778861 0.900357
vt 0.450036 0.654271
vt 0.468951 0.654274
vt 0.792773 0.905087
vt 0.440517 0.107708
vt 0.478838 0.887975
vt 0.479110 0.884105
vt 0.444417 0.107707
vt 0.462061 0.818642
vt 0.465205 0.888917
vt 0.396701 0.107694
vt 0.251901 0.888296
vt 0.565545 0.900658
vt 0.220423 0.654234
vt 0.201509 0.654231
vt 0.549214 0.897233
vt 0.520583 0.898494
vt 0.171495 0.654226
vt 0.205409 0.654232
vt 0.549882 0.901049
vt 0.377787 0.107694
vt 0.235566 0.891662
vt 0.236238 0.887852
vt 0.381686 0.107694
vt 0.206875 0.818625
vt 0.206930 0.890522
vt 0.474433 0.119758
vt 0.444419 0.119762
vt 0.333740 0.777419
vt 0.679070 0.121972
vt 0.311331 0.140457
vt 0.281317 0.140457
vt 0.378775 0.777410
vt 0.348757 0.777416
vt 0.356986 0.830691
vt 0.326966 0.830689
vt 0.483847 0.777388
vt 0.453829 0.777394
vt 0.426715 0.119749
vt 0.396701 0.119749
vt 0.558900 0.777372
vt 0.528882 0.777379
vt 0.361516 0.140457
vt 0.331502 0.140457
vt 0.633954 0.777356
vt 0.603935 0.777363
vt 0.131841 0.830608
vt 0.101877 0.830576
vt 0.574801 0.121957
vt 0.544787 0.121954
vt 0.477077 0.830699
vt 0.315231 0.140457
vt 0.423810 0.777401
vt 0.408793 0.777404
vt 0.363986 0.110887
vt 0.348972 0.110889
vt 0.498864 0.777385
vt 0.311949 0.830688
vt 0.573917 0.777369
vt 0.381686 0.119749
vt 0.648971 0.777353
vt 0.176855 0.830678
vt 0.628886 0.121965
vt 0.075201 0.830711
vt 0.735857 0.777628
vt 0.578701 0.121957
vt 0.273583 0.777131
vt 0.246854 0.777799
vt 0.563789 0.830744
vt 0.537029 0.830595
vt 0.755551 0.180192
vt 0.748651 0.179408
vt 0.762421 0.181556
vt 0.068291 0.831472
vt 0.742755 0.778412
vt 0.749606 0.779814
vt 0.564406 0.179406
vt 0.557498 0.180203
vt 0.570690 0.831446
vt 0.577555 0.832771
vt 0.714973 0.121890
vt 0.708065 0.122694
vt 0.906134 0.122699
vt 0.899235 0.121908
vt 0.913002 0.124072
vt 0.239962 0.778675
vt 0.675170 0.121972
vt 0.645156 0.121973
vt 0.478333 0.119758
vt 0.432041 0.830697
vt 0.367886 0.110886
vt 0.318957 0.110893
vt 0.430615 0.119749
vt 0.236893 0.830683
vt 0.365415 0.140457
vt 0.678988 0.777345
vt 0.624986 0.121965
vt 0.594972 0.121966
vt 0.900100 0.342170
vt 0.190171 0.147904
vt 0.227874 0.147909
vt 0.937804 0.342168
vt 0.900100 0.344622
vt 0.710630 0.406134
vt 0.672927 0.408097
vt 0.243585 0.162130
vt 0.205881 0.164576
vt 0.243584 0.164583
vt 0.684850 0.167376
vt 0.722630 0.167711
vt 0.530500 0.352388
vt 0.684893 0.210106
vt 0.722616 0.209709
vt 0.530503 0.390091
vt 0.526596 0.352389
vt 0.526599 0.390091
vt 0.520752 0.352389
vt 0.520755 0.390092
vt 0.513860 0.352390
vt 0.513863 0.390092
vt 0.509354 0.352390
vt 0.509357 0.390093
vt 0.500468 0.352391
vt 0.950732 0.117191
vt 0.954512 0.154893
vt 0.954504 0.117191
vt 0.958514 0.154892
vt 0.586889 0.237927
vt 0.605349 0.275629
vt 0.605349 0.237927
vt 0.623809 0.275629
vt 0.967479 0.120939
vt 0.971476 0.158642
vt 0.971482 0.120939
vt 0.975249 0.158642
vt 0.458216 0.390097
vt 0.449326 0.352395
vt 0.449329 0.390098
vt 0.434311 0.352397
vt 0.434315 0.390099
vt 0.425424 0.352397
vt 0.967467 0.490188
vt 0.971237 0.527891
vt 0.971240 0.490189
vt 0.975240 0.527891
vt 0.829472 0.178644
vt 0.847926 0.216350
vt 0.847932 0.178647
vt 0.866385 0.216353
vt 0.934000 0.490181
vt 0.938003 0.527883
vt 0.938003 0.490181
vt 0.941777 0.527883
vt 0.383173 0.390103
vt 0.374283 0.352402
vt 0.374286 0.390104
vt 0.359268 0.352403
vt 0.359272 0.390105
vt 0.350382 0.352404
vt 0.950739 0.490189
vt 0.954509 0.527891
vt 0.954512 0.490189
vt 0.958512 0.527892
vt 0.678895 0.236206
vt 0.697357 0.273907
vt 0.697355 0.236205
vt 0.715816 0.273906
vt 0.934024 0.117180
vt 0.938021 0.154883
vt 0.938027 0.117181
vt 0.941794 0.154884
vt 0.308130 0.390110
vt 0.299240 0.352408
vt 0.299243 0.390111
vt 0.284225 0.352409
vt 0.284229 0.390112
vt 0.275339 0.352410
vt 0.026495 0.254780
vt 0.030271 0.292482
vt 0.030268 0.254780
vt 0.034274 0.292482
vt 0.632892 0.236222
vt 0.651353 0.273924
vt 0.651352 0.236222
vt 0.669812 0.273924
vt 0.540889 0.224601
vt 0.544896 0.262303
vt 0.544891 0.224601
vt 0.548669 0.262303
vt 0.233087 0.390116
vt 0.224197 0.352415
vt 0.224200 0.390117
vt 0.209183 0.352416
vt 0.209186 0.390118
vt 0.200296 0.352417
vt 0.917273 0.490182
vt 0.921046 0.527885
vt 0.921046 0.490182
vt 0.925049 0.527885
vt 0.783448 0.178665
vt 0.801913 0.216365
vt 0.801907 0.178663
vt 0.820373 0.216362
vt 0.900544 0.490180
vt 0.904547 0.527883
vt 0.904547 0.490180
vt 0.908320 0.527883
vt 0.158044 0.390123
vt 0.149154 0.352421
vt 0.149157 0.390123
vt 0.134139 0.352422
vt 0.134143 0.390125
vt 0.125253 0.352423
vt 0.009768 0.254041
vt 0.013544 0.291743
vt 0.013540 0.254041
vt 0.017547 0.291743
vt 0.879634 0.183281
vt 0.898096 0.220983
vt 0.898093 0.183280
vt 0.916555 0.220981
vt 0.557616 0.243443
vt 0.561623 0.281145
vt 0.561619 0.243442
vt 0.565396 0.281144
vt 0.083001 0.390129
vt 0.074111 0.352427
vt 0.074114 0.390130
vt 0.069606 0.352428
vt 0.069609 0.390130
vt 0.062713 0.352428
vt 0.062717 0.390131
vt 0.056870 0.352429
vt 0.056873 0.390131
vt 0.052966 0.352429
vt 0.052969 0.390132
vt 0.778685 0.152570
vt 0.740945 0.152190
vt 0.900101 0.359710
vt 0.778709 0.109819
vt 0.740915 0.110161
vt 0.937804 0.359711
vt 0.900101 0.362162
vt 0.817048 0.408088
vt 0.854750 0.406114
vt 0.805842 0.088472
vt 0.843545 0.086017
vt 0.805842 0.086020
vt 0.618736 0.099460
vt 0.581034 0.099454
vt 0.843545 0.342171
vt 0.133618 0.147897
vt 0.616374 0.406116
vt 0.149326 0.162113
vt 0.149326 0.164565
vt 0.628132 0.167388
vt 0.530495 0.295835
vt 0.628112 0.210128
vt 0.526591 0.295835
vt 0.520747 0.295836
vt 0.513855 0.295836
vt 0.509349 0.295837
vt 0.950749 0.211448
vt 0.954523 0.211447
vt 0.586891 0.332183
vt 0.605350 0.332183
vt 0.967464 0.215195
vt 0.971467 0.215196
vt 0.458208 0.295841
vt 0.449321 0.295842
vt 0.434307 0.295843
vt 0.967460 0.584444
vt 0.971233 0.584445
vt 0.829457 0.272900
vt 0.847916 0.272903
vt 0.934002 0.584437
vt 0.938005 0.584437
vt 0.383165 0.295847
vt 0.374278 0.295848
vt 0.359263 0.295850
vt 0.950732 0.584445
vt 0.954505 0.584445
vt 0.678902 0.330462
vt 0.697361 0.330460
vt 0.934009 0.211436
vt 0.938011 0.211437
vt 0.308122 0.295854
vt 0.299235 0.295855
vt 0.284221 0.295856
vt 0.026502 0.349036
vt 0.030275 0.349036
vt 0.632895 0.330478
vt 0.651355 0.330478
vt 0.540901 0.318857
vt 0.544903 0.318857
vt 0.233079 0.295860
vt 0.224192 0.295861
vt 0.209178 0.295862
vt 0.917272 0.584438
vt 0.921045 0.584438
vt 0.783462 0.272921
vt 0.801922 0.272919
vt 0.900544 0.584436
vt 0.904546 0.584436
vt 0.158036 0.295867
vt 0.149149 0.295867
vt 0.134135 0.295869
vt 0.009776 0.348297
vt 0.013550 0.348297
vt 0.879640 0.277537
vt 0.898100 0.277536
vt 0.557626 0.337699
vt 0.561628 0.337699
vt 0.082993 0.295873
vt 0.074106 0.295874
vt 0.069601 0.295874
vt 0.062709 0.295875
vt 0.056865 0.295875
vt 0.052961 0.295876
vt 0.835465 0.152544
vt 0.843546 0.359708
vt 0.835433 0.109819
vt 0.911304 0.408077
vt 0.900100 0.088464
vt 0.900100 0.086012
vt 0.675290 0.099468
vt 0.926718 0.061495
vt 0.918663 0.058096
vt 0.963596 0.052471
vt 0.963273 0.062255
vt 0.959413 0.014787
vt 0.959091 0.024571
vt 0.922536 0.023812
vt 0.914481 0.020414
vt 0.888319 0.038486
vt 0.887996 0.048271
vt 0.851441 0.047509
vt 0.843386 0.044111
vt 0.776163 0.047506
vt 0.768109 0.044107
vt 0.813041 0.038481
vt 0.812719 0.048265
vt 0.763749 0.047060
vt 0.683948 0.184309
vt 0.684037 0.178663
vt 0.776224 0.034589
vt 0.765958 0.050045
vt 0.683942 0.188776
vt 0.773883 0.059465
vt 0.684027 0.200493
vt 0.814765 0.059506
vt 0.723415 0.200023
vt 0.779624 0.131222
vt 0.969199 0.026768
vt 0.971404 0.023796
vt 0.779617 0.126754
vt 0.779522 0.142933
vt 0.961137 0.035812
vt 0.969929 0.019696
vt 0.779526 0.121101
vt 0.922596 0.010895
vt 0.740214 0.121484
vt 0.629045 0.184318
vt 0.900309 0.047496
vt 0.898834 0.043396
vt 0.628956 0.178666
vt 0.629051 0.188783
vt 0.898104 0.050468
vt 0.628947 0.200491
vt 0.890041 0.059512
vt 0.589548 0.200066
vt 0.849159 0.059469
vt 0.834515 0.131217
vt 0.916512 0.064035
vt 0.924437 0.073454
vt 0.834595 0.142934
vt 0.834521 0.126752
vt 0.914303 0.061049
vt 0.834613 0.121106
vt 0.926778 0.048578
vt 0.873945 0.121496
vt 0.974111 0.057380
vt 0.724864 0.184170
vt 0.825032 0.047490
vt 0.823557 0.043390
vt 0.723362 0.179026
vt 0.723440 0.188137
vt 0.822827 0.050462
vt 0.740139 0.130607
vt 0.912330 0.026352
vt 0.920255 0.035772
vt 0.740128 0.142521
vt 0.738713 0.126636
vt 0.910120 0.023367
vt 0.839026 0.047064
vt 0.588135 0.184180
vt 0.589636 0.179028
vt 0.851502 0.034592
vt 0.841235 0.050049
vt 0.589560 0.188152
vt 0.874014 0.130607
vt 0.973381 0.064452
vt 0.975586 0.061480
vt 0.875442 0.126642
vt 0.873980 0.142492
vt 0.965319 0.073496
vt 0.354980 0.226072
vt 0.382223 0.564573
vt 0.378323 0.564572
vt 0.354980 0.222173
vt 0.381095 0.226075
vt 0.412237 0.564578
vt 0.381095 0.222175
vt 0.416137 0.564579
vt 0.413170 0.009812
vt 0.418840 0.754424
vt 0.433854 0.754424
vt 0.428204 0.009812
vt 0.383142 0.009809
vt 0.388825 0.754425
vt 0.353145 0.009807
vt 0.358811 0.754426
vt 0.277905 0.226065
vt 0.299380 0.564559
vt 0.284366 0.564557
vt 0.262903 0.226064
vt 0.306052 0.226068
vt 0.329395 0.564565
vt 0.306052 0.222168
vt 0.333294 0.564565
vt 0.338132 0.009806
vt 0.343797 0.754426
vt 0.308119 0.009803
vt 0.313782 0.754427
vt 0.278104 0.009800
vt 0.283768 0.754427
vt 0.263088 0.009799
vt 0.268754 0.754427
vt 0.233069 0.009796
vt 0.238740 0.754428
vt 0.203056 0.009794
vt 0.208725 0.754428
vt 0.188041 0.009793
vt 0.193711 0.754429
vt 0.158025 0.009790
vt 0.163697 0.754429
vt 0.127993 0.009787
vt 0.133682 0.754430
vt 0.052807 0.226046
vt 0.050853 0.564520
vt 0.023835 0.564519
vt 0.025961 0.226037
vt 0.080923 0.226048
vt 0.080867 0.564525
vt 0.080923 0.222149
vt 0.084767 0.564525
vt 0.112979 0.009786
vt 0.118668 0.754430
vt 0.084841 0.009783
vt 0.088654 0.754430
vt 0.084841 0.013683
vt 0.084754 0.754430
vt 0.050928 0.009780
vt 0.050840 0.754431
vt 0.054740 0.754431
vt 0.050927 0.013680
vt 0.026178 0.009766
vt 0.023823 0.754426
vt 0.019872 0.010979
vt 0.016795 0.754419
vt 0.463868 0.754424
vt 0.903526 0.424888
vt 0.426124 0.226079
vt 0.465065 0.564586
vt 0.450051 0.564584
vt 0.630236 0.962587
vt 0.426124 0.222179
vt 0.468965 0.564587
vt 0.446151 0.564583
vt 0.415009 0.222178
vt 0.254352 0.564552
vt 0.444936 0.962555
vt 0.125952 0.226052
vt 0.133695 0.564533
vt 0.118681 0.564531
vt 0.319665 0.962534
vt 0.125952 0.222153
vt 0.137595 0.564534
vt 0.114781 0.564530
vt 0.114837 0.222152
vt 0.531221 0.026314
vt 0.739097 0.009802
vt 0.713006 0.009791
vt 0.531200 0.052171
vt 0.530018 0.019953
vt 0.746125 0.009807
vt 0.675303 0.009782
vt 0.531194 0.089804
vt 0.490070 0.009819
vt 0.501682 0.754423
vt 0.528699 0.754417
vt 0.515084 0.009835
vt 0.490070 0.013718
vt 0.497782 0.754423
vt 0.535727 0.754410
vt 0.521425 0.011148
vt 0.488042 0.226084
vt 0.532893 0.564597
vt 0.502879 0.564593
vt 0.677864 0.962595
vt 0.514831 0.226095
vt 0.559911 0.564606
vt 0.521148 0.224869
vt 0.566938 0.564611
vt 0.016808 0.564522
vt 0.019626 0.224750
vt 0.009811 0.025891
vt 0.069835 0.058208
vt 0.062808 0.058213
vt 0.011121 0.019556
vt 0.009794 0.051819
vt 0.095927 0.058205
vt 0.009791 0.089552
vt 0.133629 0.058210
vt 0.009780 0.564521
vt 0.014412 0.221204
vt 0.261005 0.058234
vt 0.945205 0.375418
vt 0.253977 0.058232
vt 0.009766 0.209611
vt 0.227885 0.058224
vt 0.009781 0.183732
vt 0.055780 0.058211
vt 0.014635 0.014406
vt 0.529878 0.216259
vt 0.547928 0.009769
vt 0.540900 0.009767
vt 0.526379 0.221423
vt 0.531181 0.209920
vt 0.554956 0.009766
vt 0.531185 0.184024
vt 0.581047 0.009767
vt 0.542755 0.754407
vt 0.526629 0.014723
vt 0.467768 0.754424
vt 0.456156 0.013716
vt 0.498979 0.564592
vt 0.460038 0.222182
vt 0.250452 0.564552
vt 0.234909 0.222162
vt 0.185980 0.226058
vt 0.201523 0.564544
vt 0.171509 0.564539
vt 0.367293 0.962542
vt 0.185981 0.222158
vt 0.205423 0.564545
vt 0.167609 0.564539
vt 0.159866 0.222156
vt 0.202885 0.222160
vt 0.220438 0.564547
vt 0.363309 0.564571
vt 0.337931 0.222172
vt 0.618750 0.009773
vt 0.531189 0.146329
vt 0.190183 0.058219
vt 0.009785 0.146058
vt 0.011035 0.146059
vt 0.014493 0.146061
vt 0.014453 0.183735
vt 0.011010 0.183733
vt 0.019717 0.146063
vt 0.026041 0.146067
vt 0.026003 0.183741
vt 0.019673 0.183738
vt 0.529901 0.184023
vt 0.529928 0.146328
vt 0.526424 0.184021
vt 0.521201 0.184018
vt 0.521250 0.146324
vt 0.526469 0.146326
vt 0.417176 0.516387
vt 0.940623 0.439013
vt 0.907795 0.439019
vt 0.385419 0.516388
vt 0.514880 0.184015
vt 0.514924 0.146321
vt 0.529882 0.210144
vt 0.526391 0.210745
vt 0.521166 0.211646
vt 0.514847 0.212735
vt 0.025974 0.212799
vt 0.019641 0.211721
vt 0.014424 0.210833
vt 0.010992 0.210249
vt 0.011099 0.051820
vt 0.011074 0.089553
vt 0.014595 0.051822
vt 0.014554 0.089555
vt 0.019825 0.051825
vt 0.019782 0.089557
vt 0.026136 0.051830
vt 0.026098 0.089560
vt 0.938162 0.461441
vt 0.416093 0.459864
vt 0.385942 0.459866
vt 0.909081 0.461442
vt 0.521323 0.089799
vt 0.514991 0.089796
vt 0.515035 0.052160
vt 0.521372 0.052165
vt 0.526538 0.089801
vt 0.526583 0.052168
vt 0.529968 0.089803
vt 0.529995 0.052170
vt 0.011117 0.025503
vt 0.014624 0.024462
vt 0.019858 0.022907
vt 0.026167 0.021034
vt 0.515071 0.021371
vt 0.521409 0.023311
vt 0.526616 0.024905
vt 0.530014 0.025945
vt 0.488126 0.217341
vt 0.970993 0.461441
vt 0.984190 0.142143
vt 0.984199 0.198666
vt 0.984205 0.236359
vt 0.372903 0.516388
vt 0.895974 0.439021
vt 0.862760 0.439027
vt 0.340378 0.516388
vt 0.372383 0.459867
vt 0.340892 0.459869
vt 0.894827 0.461442
vt 0.864025 0.461443
vt 0.835946 0.439032
vt 0.312876 0.516389
vt 0.312357 0.459870
vt 0.834801 0.461443
vt 0.296554 0.516389
vt 0.819263 0.439035
vt 0.787721 0.439040
vt 0.265343 0.516390
vt 0.296577 0.459871
vt 0.265863 0.459873
vt 0.819382 0.461444
vt 0.788999 0.461444
vt 0.262907 0.222164
vt 0.277909 0.222166
vt 0.236530 0.516391
vt 0.759241 0.439045
vt 0.744236 0.439048
vt 0.221523 0.516391
vt 0.236552 0.459875
vt 0.221541 0.459876
vt 0.759356 0.461445
vt 0.744343 0.461445
vt 0.192802 0.516391
vt 0.715873 0.439053
vt 0.684213 0.439058
vt 0.161498 0.516392
vt 0.192282 0.459877
vt 0.161513 0.459879
vt 0.714725 0.461446
vt 0.684313 0.461446
vt 0.145269 0.516392
vt 0.667649 0.439061
vt 0.640830 0.439066
vt 0.117758 0.516393
vt 0.145787 0.459880
vt 0.117238 0.459882
vt 0.668923 0.461446
vt 0.639681 0.461447
vt 0.085234 0.516394
vt 0.607617 0.439071
vt 0.595798 0.439074
vt 0.072723 0.516394
vt 0.085747 0.459883
vt 0.072198 0.459884
vt 0.608879 0.461448
vt 0.594638 0.461448
vt 0.040904 0.516394
vt 0.562941 0.439079
vt 0.532550 0.439085
vt 0.730857 0.322505
vt 0.041935 0.459886
vt 0.730856 0.265997
vt 0.565414 0.461449
vt 0.730855 0.228272
vt 0.113013 0.013686
vt 0.127956 0.013687
vt 0.158059 0.013690
vt 0.188003 0.013692
vt 0.203053 0.013693
vt 0.233102 0.013696
vt 0.263085 0.013699
vt 0.278101 0.013700
vt 0.308081 0.013703
vt 0.338128 0.013705
vt 0.353179 0.013707
vt 0.383104 0.013709
vt 0.413204 0.013712
vt 0.428166 0.013713
vt 0.052730 0.217351
vt 0.458573 0.159384
vt 0.457246 0.160607
vt 0.457245 0.137271
vt 0.458546 0.138517
vt 0.480323 0.159360
vt 0.481623 0.160607
vt 0.480295 0.138494
vt 0.481623 0.137271
vt 0.379114 0.159371
vt 0.377786 0.160594
vt 0.377787 0.137258
vt 0.379088 0.138505
vt 0.400863 0.159348
vt 0.402164 0.160595
vt 0.400837 0.138482
vt 0.402165 0.137259
vt 0.493904 0.188215
vt 0.493907 0.146309
vt 0.459405 0.188196
vt 0.426457 0.188178
vt 0.493916 0.047934
vt 0.456793 0.047909
vt 0.493912 0.089785
vt 0.427831 0.047889
vt 0.414714 0.188171
vt 0.381423 0.188152
vt 0.413500 0.047879
vt 0.382775 0.047858
vt 0.354686 0.188137
vt 0.337963 0.188128
vt 0.353474 0.047839
vt 0.306384 0.188110
vt 0.338096 0.047828
vt 0.307750 0.047808
vt 0.277940 0.188095
vt 0.262936 0.188086
vt 0.278070 0.047788
vt 0.263056 0.047777
vt 0.234613 0.188070
vt 0.202913 0.188053
vt 0.233398 0.047757
vt 0.203025 0.047737
vt 0.186312 0.188043
vt 0.159570 0.188028
vt 0.187673 0.047726
vt 0.158354 0.047707
vt 0.126280 0.188010
vt 0.114538 0.188003
vt 0.127629 0.047686
vt 0.113310 0.047676
vt 0.081565 0.187984
vt 0.047041 0.187966
vt 0.084202 0.047657
vt 0.047053 0.047631
vt 0.047044 0.146078
vt 0.047049 0.089570
vt 0.916561 0.315237
vt 0.777029 0.471892
vt 0.017556 0.385999
vt 0.017552 0.348296
vt 0.820387 0.310618
vt 0.689205 0.139482
vt 0.925047 0.622140
vt 0.925048 0.584438
vt 0.669815 0.368180
vt 0.986134 0.306211
vt 0.034281 0.386738
vt 0.034278 0.349036
vt 0.715823 0.368162
vt 0.613930 0.471895
vt 0.958505 0.622147
vt 0.958508 0.584445
vt 0.866369 0.310609
vt 0.513559 0.439021
vt 0.975233 0.622147
vt 0.975236 0.584445
vt 0.623810 0.369885
vt 0.580475 0.139471
vt 0.958532 0.249149
vt 0.958525 0.211446
vt 0.879637 0.220984
vt 0.017543 0.254040
vt 0.783454 0.216368
vt 0.925049 0.490182
vt 0.632893 0.273925
vt 0.034271 0.254780
vt 0.678898 0.273908
vt 0.958514 0.490189
vt 0.829466 0.216347
vt 0.975243 0.490189
vt 0.586890 0.275629
vt 0.958508 0.117190
vt 0.916553 0.183279
vt 0.557620 0.281145
vt 0.685745 0.479671
vt 0.820367 0.178660
vt 0.900544 0.527883
vt 0.794477 0.479668
vt 0.669811 0.236221
vt 0.540893 0.262304
vt 0.631377 0.479671
vt 0.715814 0.236203
vt 0.934018 0.154883
vt 0.597920 0.147252
vt 0.866391 0.178650
vt 0.934001 0.527883
vt 0.459913 0.465025
vt 0.623808 0.237927
vt 0.967473 0.158641
vt 0.848844 0.479667
vt 0.916559 0.277535
vt 0.820381 0.272916
vt 0.669814 0.330477
vt 0.715820 0.330459
vt 0.866376 0.272906
vt 0.623810 0.332182
vt 0.562015 0.139468
vt 0.867303 0.479669
vt 0.495100 0.439023
vt 0.478372 0.465027
vt 0.595470 0.471896
vt 0.616379 0.147255
vt 0.967674 0.306208
vt 0.649837 0.479672
vt 0.812936 0.479670
vt 0.670746 0.139485
vt 0.758570 0.471894
vt 0.704204 0.479670
vt 0.586892 0.385532
vt 0.623808 0.222280
vt 0.829448 0.326249
vt 0.866394 0.163004
vt 0.678905 0.383810
vt 0.715813 0.220557
vt 0.632897 0.383827
vt 0.669810 0.220575
vt 0.783470 0.326270
vt 0.820364 0.163013
vt 0.879644 0.330886
vt 0.916552 0.167633
vt 0.949006 0.406103
vt 0.963609 0.088411
vt 0.805842 0.362158
vt 0.843545 0.362160
vt 0.578671 0.408079
vt 0.085817 0.162149
vt 0.805842 0.344625
vt 0.843545 0.344624
vt 0.854751 0.408084
vt 0.937804 0.362163
vt 0.672927 0.406127
vt 0.937804 0.344621
vt 0.817048 0.406119
vt 0.843545 0.088469
vt 0.963610 0.362116
vt 0.710630 0.408104
vt 0.205881 0.162123
vt 0.963610 0.344572
vt 0.911304 0.406107
vt 0.616373 0.408086
vt 0.494767 0.988209
vt 0.492374 0.988209
vt 0.494767 0.990178
vt 0.492375 0.990179
vt 0.456924 0.990183
vt 0.459287 0.990183
vt 0.456924 0.988213
vt 0.459287 0.988213
vt 0.084782 0.988256
vt 0.082419 0.988256
vt 0.084782 0.990226
vt 0.082419 0.990226
vt 0.046939 0.990230
vt 0.049332 0.990230
vt 0.046939 0.988260
vt 0.049332 0.988260
vt 0.878648 0.975834
vt 0.911735 0.975839
vt 0.911735 0.977809
vt 0.878648 0.977804
vt 0.666280 0.977774
vt 0.634729 0.977770
vt 0.634730 0.975800
vt 0.666280 0.975805
vt 0.618178 0.977768
vt 0.618179 0.975798
vt 0.858907 0.977801
vt 0.825819 0.977797
vt 0.825820 0.975827
vt 0.858907 0.975832
vt 0.791078 0.977792
vt 0.774527 0.977790
vt 0.774528 0.975820
vt 0.791079 0.975822
vt 0.742977 0.977785
vt 0.742977 0.975815
vt 0.550351 0.975788
vt 0.583438 0.975793
vt 0.583438 0.977763
vt 0.550350 0.977758
vt 0.530609 0.977755
vt 0.497522 0.977751
vt 0.497522 0.975781
vt 0.530609 0.975786
vt 0.821919 0.977796
vt 0.821920 0.975827
vt 0.794978 0.977792
vt 0.794979 0.975823
vt 0.740613 0.977785
vt 0.740614 0.975815
vt 0.495158 0.977750
vt 0.495159 0.975781
vt 0.546450 0.977758
vt 0.546451 0.975788
vt 0.534509 0.977756
vt 0.534509 0.975786
vt 0.587338 0.975794
vt 0.587337 0.977763
vt 0.614279 0.975797
vt 0.614278 0.977767
vt 0.668644 0.975805
vt 0.668643 0.977775
vt 0.697121 0.975809
vt 0.697121 0.977779
vt 0.712136 0.975811
vt 0.712136 0.977781
vt 0.862807 0.975832
vt 0.862806 0.977802
vt 0.874748 0.975834
vt 0.874748 0.977804
vt 0.914099 0.975839
vt 0.914098 0.977809
vt 0.942576 0.975843
vt 0.942576 0.977813
vt 0.969294 0.975847
vt 0.969293 0.977817
vt 0.975434 0.975848
vt 0.975434 0.977818
vt 0.981286 0.975849
vt 0.748414 0.406141
vt 0.742562 0.408110
vt 0.742563 0.406140
vt 0.736422 0.408109
vt 0.552879 0.406104
vt 0.546738 0.408073
vt 0.546739 0.406103
vt 0.540887 0.408072
vt 0.531940 0.988204
vt 0.526089 0.990175
vt 0.526089 0.988205
vt 0.519948 0.990176
vt 0.519948 0.988206
vt 0.428447 0.990186
vt 0.428446 0.988216
vt 0.413432 0.990188
vt 0.413432 0.988218
vt 0.383418 0.990191
vt 0.383417 0.988222
vt 0.353404 0.990195
vt 0.353403 0.988225
vt 0.338389 0.990197
vt 0.338389 0.988227
vt 0.308375 0.990200
vt 0.308375 0.988230
vt 0.278361 0.990203
vt 0.278360 0.988234
vt 0.263346 0.990205
vt 0.263346 0.988235
vt 0.233332 0.990209
vt 0.233332 0.988239
vt 0.203318 0.990212
vt 0.203317 0.988242
vt 0.188303 0.990214
vt 0.188303 0.988244
vt 0.158289 0.990217
vt 0.158289 0.988248
vt 0.128275 0.990221
vt 0.128274 0.988251
vt 0.113260 0.990222
vt 0.113260 0.988253
vt 0.021758 0.990233
vt 0.021758 0.988263
vt 0.015618 0.990234
vt 0.015617 0.988264
vt 0.009766 0.990234
vt 0.986790 0.406098
vt 0.980939 0.408068
vt 0.980939 0.406099
vt 0.974798 0.408069
vt 0.791256 0.406122
vt 0.785116 0.408092
vt 0.785115 0.406123
vt 0.779264 0.408093
vt 0.427971 0.977741
vt 0.433823 0.975772
vt 0.433823 0.977742
vt 0.439964 0.975773
vt 0.439963 0.977743
vt 0.466681 0.975777
vt 0.466681 0.977746
vt 0.738836 0.389461
vt 0.216042 0.959006
vt 0.977209 0.428441
vt 0.742977 0.372911
vt 0.952534 0.375206
vt 0.373604 0.915290
vt 0.457245 0.425954
vt 0.766718 0.345923
vt 0.948354 0.391729
vt 0.923876 0.940714
vt 0.746329 0.961543
vt 0.766718 0.089773
vt 0.898994 0.146899
vt 0.908663 0.134985
vt 0.563959 0.855509
vt 0.748439 0.204401
vt 0.758095 0.192474
vt 0.735770 0.802393
vt 0.701213 0.124035
vt 0.702240 0.129170
vt 0.233140 0.780106
vt 0.234237 0.785131
vt 0.550645 0.181537
vt 0.551666 0.186674
vt 0.061444 0.832782
vt 0.062451 0.837834
vt 0.748414 0.408111
vt 0.280620 0.158331
vt 0.060531 0.873225
vt 0.976421 0.346575
vt 0.981286 0.977819
vt 0.375951 0.917568
vt 0.531941 0.990174
vt 0.325652 0.934931
vt 0.073007 0.160143
vt 0.407609 0.940141
vt 0.540887 0.406102
vt 0.768808 0.348431
vt 0.986791 0.408068
vt 0.768808 0.365963
vt 0.839688 0.933028
vt 0.976421 0.090414
vt 0.009766 0.988265
vt 0.921645 0.938329
vt 0.427971 0.975771
vt 0.577451 0.871654
vt 0.976421 0.364121
vt 0.892868 0.915947
vt 0.779264 0.406123
vt 0.768808 0.092281
vt 0.766718 0.363455
vt 0.579797 0.873933
vt 0.323420 0.932546
vt 0.282709 0.160840
vt 0.705446 0.134898
vt 0.554868 0.192409
vt 0.724899 0.322503
vt 0.724898 0.265996
vt 0.724897 0.224057
vt 0.528340 0.445044
vt 0.565490 0.455491
vt 0.594598 0.455490
vt 0.562865 0.445037
vt 0.595838 0.445031
vt 0.608917 0.455490
vt 0.639641 0.455489
vt 0.607580 0.445029
vt 0.640870 0.445023
vt 0.668961 0.455489
vt 0.684313 0.455488
vt 0.667611 0.445019
vt 0.684213 0.445016
vt 0.714685 0.455488
vt 0.744343 0.455487
vt 0.715913 0.445010
vt 0.744236 0.445006
vt 0.759357 0.455487
vt 0.789037 0.455486
vt 0.759240 0.445003
vt 0.787684 0.444998
vt 0.819383 0.455486
vt 0.834762 0.455486
vt 0.819263 0.444992
vt 0.864063 0.455485
vt 0.835986 0.444989
vt 0.862723 0.444985
vt 0.894787 0.455484
vt 0.909119 0.455484
vt 0.896014 0.444979
vt 0.907757 0.444977
vt 0.938080 0.455484
vt 0.990148 0.142143
vt 0.990157 0.198667
vt 0.975204 0.455483
vt 0.940705 0.444971
vt 0.990164 0.240573
vt 0.073073 0.554072
vt 0.040216 0.554071
vt 0.042624 0.422167
vt 0.071848 0.422171
vt 0.009766 0.422162
vt 0.009783 0.459888
vt 0.009808 0.516395
vt 0.009825 0.554071
vt 0.118105 0.554073
vt 0.084892 0.554072
vt 0.086089 0.422173
vt 0.116891 0.422177
vt 0.161488 0.554074
vt 0.144924 0.554073
vt 0.146133 0.422181
vt 0.161523 0.422183
vt 0.221511 0.554075
vt 0.193148 0.554074
vt 0.191935 0.422187
vt 0.221553 0.422191
vt 0.264997 0.554076
vt 0.236516 0.554075
vt 0.236566 0.422193
vt 0.266209 0.422197
vt 0.313222 0.554077
vt 0.296539 0.554076
vt 0.296592 0.422201
vt 0.312011 0.422203
vt 0.341235 0.422207
vt 0.340035 0.554077
vt 0.385070 0.554078
vt 0.373250 0.554078
vt 0.372037 0.422212
vt 0.386291 0.422214
vt 0.448263 0.554079
vt 0.417898 0.554079
vt 0.448246 0.516386
vt 0.448221 0.459862
vt 0.415372 0.422218
vt 0.448204 0.422222
vt 0.938783 0.376290
vt 0.010988 0.215976
vt 0.818724 0.376364
vt 0.875230 0.376325
vt 0.912904 0.376299
vt 0.776830 0.392913
vt 0.814524 0.392884
vt 0.871050 0.392841
vt 0.530911 0.428572
vt 0.496998 0.428573
vt 0.938740 0.428564
vt 0.904826 0.428565
vt 0.284452 0.958851
vt 0.318365 0.958857
vt 0.517380 0.958891
vt 0.549258 0.958897
vt 0.566308 0.958899
vt 0.332080 0.958859
vt 0.365994 0.958865
vt 0.411614 0.958873
vt 0.443637 0.958878
vt 0.394709 0.958870
vt 0.595023 0.958904
vt 0.628936 0.958910
vt 0.642651 0.958912
vt 0.676565 0.958918
vt 0.159865 0.226055
vt 0.393408 0.962547
vt 0.234908 0.226062
vt 0.460037 0.226081
vt 0.456157 0.009816
vt 0.940956 0.391950
vt 0.946676 0.389475
vt 0.971462 0.425828
vt 0.739034 0.961741
vt 0.744770 0.959226
vt 0.750934 0.392932
vt 0.744527 0.392013
vt 0.464584 0.425749
vt 0.458846 0.428249
vt 0.748660 0.375474
vt 0.950930 0.372913
vt 0.221790 0.961599
vt 0.780990 0.376391
vt 0.755063 0.376399
vt 0.228189 0.962514
vt 0.732658 0.962611
vt 0.705869 0.962600
vt 0.965054 0.424897
vt 0.940040 0.424887
vt 0.908682 0.392814
vt 0.934539 0.392807
vt 0.114837 0.226051
vt 0.330780 0.962536
vt 0.472931 0.962560
vt 0.415008 0.226078
vt 0.641351 0.962589
vt 0.875574 0.424888
vt 0.470948 0.424888
vt 0.495697 0.424896
vt 0.532211 0.424896
vt 0.560348 0.424895
vt 0.575363 0.424895
vt 0.283151 0.962528
vt 0.255035 0.962523
vt 0.605394 0.424894
vt 0.635411 0.424894
vt 0.650425 0.424893
vt 0.680438 0.424893
vt 0.710458 0.424892
vt 0.725474 0.424892
vt 0.755489 0.424891
vt 0.785501 0.424890
vt 0.800515 0.424890
vt 0.516079 0.962568
vt 0.487933 0.962563
vt 0.830511 0.424889
vt 0.860540 0.424889
vt 0.593722 0.962581
vt 0.567607 0.962576
vt 0.532556 0.461449
vt 0.528340 0.455491
vt 0.724900 0.364391
vt 0.730857 0.360181
vt 0.990142 0.100291
vt 0.984184 0.104503
vt 0.975204 0.444965
vt 0.970988 0.439008
vt 0.875360 0.379083
vt 0.818806 0.379121
vt 0.913062 0.379057
vt 0.814624 0.395641
vt 0.776921 0.395670
vt 0.871177 0.395598
vt 0.498947 0.425816
vt 0.528961 0.425815
vt 0.906776 0.425807
vt 0.936790 0.425807
vt 0.316415 0.961614
vt 0.286401 0.961609
vt 0.549343 0.961654
vt 0.519329 0.961649
vt 0.564358 0.961656
vt 0.364044 0.961622
vt 0.334030 0.961617
vt 0.441687 0.961635
vt 0.411672 0.961631
vt 0.396658 0.961628
vt 0.626986 0.961667
vt 0.596972 0.961662
vt 0.674615 0.961675
vt 0.644601 0.961670
vt 0.365343 0.965299
vt 0.395357 0.965304
vt 0.442986 0.965312
vt 0.675914 0.965352
vt 0.905476 0.422131
vt 0.978493 0.425941
vt 0.753153 0.009809
vt 0.941931 0.394582
vt 0.972068 0.423093
vt 0.737443 0.391882
vt 0.573966 0.564611
vt 0.739906 0.964396
vt 0.750830 0.395692
vt 0.743868 0.394729
vt 0.741625 0.375361
vt 0.009767 0.754420
vt 0.463669 0.423104
vt 0.748051 0.378207
vt 0.939154 0.379041
vt 0.946113 0.378065
vt 0.214686 0.961454
vt 0.268033 0.058235
vt 0.221109 0.964307
vt 0.781104 0.379148
vt 0.755012 0.379171
vt 0.228069 0.965278
vt 0.732945 0.965365
vt 0.705928 0.965357
vt 0.965107 0.422125
vt 0.938090 0.422130
vt 0.908880 0.395571
vt 0.934971 0.395556
vt 0.317715 0.965291
vt 0.332729 0.965294
vt 0.473000 0.965317
vt 0.628285 0.965344
vt 0.643300 0.965346
vt 0.875462 0.422131
vt 0.470630 0.422136
vt 0.497647 0.422139
vt 0.530261 0.422138
vt 0.560275 0.422138
vt 0.575290 0.422137
vt 0.285100 0.965286
vt 0.255086 0.965280
vt 0.605304 0.422137
vt 0.635318 0.422136
vt 0.650333 0.422136
vt 0.680347 0.422135
vt 0.710361 0.422135
vt 0.725376 0.422134
vt 0.755390 0.422134
vt 0.785404 0.422133
vt 0.800419 0.422133
vt 0.518029 0.965325
vt 0.488015 0.965320
vt 0.830433 0.422132
vt 0.860447 0.422131
vt 0.595671 0.965338
vt 0.565657 0.965333
vt 0.937803 0.085173
vt 0.963891 0.085122
vt 0.805842 0.358870
vt 0.843546 0.358871
vt 0.111622 0.165394
vt 0.085535 0.165437
vt 0.805842 0.341336
vt 0.843545 0.341335
vt 0.900101 0.358874
vt 0.937804 0.358875
vt 0.900100 0.341333
vt 0.937804 0.341332
vt 0.805842 0.085183
vt 0.843545 0.085181
vt 0.963892 0.358828
vt 0.243584 0.165419
vt 0.205881 0.165412
vt 0.963892 0.341283
vt 0.900100 0.085176
vt 0.149326 0.165401
vt 0.363718 0.929100
vt 0.393757 0.928131
vt 0.477409 0.945007
vt 0.447365 0.944227
vt 0.769887 0.928175
vt 0.799931 0.928950
vt 0.883577 0.944153
vt 0.853538 0.945117
vt 0.519524 0.901559
vt 0.519895 0.897694
vt 0.206245 0.891322
vt 0.205874 0.887450
vt 0.251875 0.889133
vt 0.236883 0.888693
vt 0.236184 0.892517
vt 0.550530 0.900209
vt 0.565522 0.899821
vt 0.549830 0.896379
vt 0.595583 0.898894
vt 0.281933 0.890164
vt 0.777469 0.903294
vt 0.778258 0.899493
vt 0.464605 0.889779
vt 0.463813 0.885974
vt 0.509777 0.882521
vt 0.479832 0.884880
vt 0.479549 0.888753
vt 0.793493 0.904311
vt 0.823446 0.906562
vt 0.793207 0.900435
vt 0.433874 0.887643
vt 0.747524 0.901730
vt 0.433503 0.891508
vt 0.747153 0.897858
vt 0.701523 0.900051
vt 0.716515 0.900489
vt 0.717214 0.896665
vt 0.402869 0.888989
vt 0.387876 0.889376
vt 0.403568 0.892819
vt 0.357815 0.890299
vt 0.671466 0.899022
vt 0.357372 0.894183
vt 0.671036 0.895137
vt 0.327388 0.893650
vt 0.641050 0.895566
vt 0.596026 0.895010
vt 0.626010 0.895540
vt 0.282362 0.894049
vt 0.312348 0.893623
vt 0.175930 0.885884
vt 0.489586 0.903232
vt 0.175141 0.889685
vt 0.488794 0.899427
vt 0.473850 0.900456
vt 0.473567 0.904328
vt 0.160191 0.888741
vt 0.159906 0.884865
vt 0.129953 0.882613
vt 0.443623 0.906691
vt 0.129101 0.886428
vt 0.442784 0.902875
vt 0.099342 0.882715
vt 0.413017 0.906507
vt 0.072436 0.879848
vt 0.386103 0.909301
vt 0.065672 0.877932
vt 0.379333 0.911203
vt 0.059950 0.873840
vt 0.763848 0.169176
vt 0.976931 0.345902
vt 0.009766 0.654200
vt 0.276593 0.164294
vt 0.970812 0.342457
vt 0.269672 0.165472
vt 0.779754 0.341289
vt 0.078615 0.164262
vt 0.772833 0.342468
vt 0.072496 0.160815
vt 0.751212 0.767542
vt 0.407061 0.940784
vt 0.055768 0.147887
vt 0.329330 0.928743
vt 0.412974 0.944579
vt 0.336176 0.927171
vt 0.363061 0.925254
vt 0.419818 0.946148
vt 0.446704 0.948073
vt 0.394193 0.924251
vt 0.477841 0.948886
vt 0.424144 0.924732
vt 0.507791 0.948414
vt 0.439167 0.924732
vt 0.522814 0.948419
vt 0.469198 0.924737
vt 0.552845 0.948428
vt 0.499228 0.924741
vt 0.582875 0.948438
vt 0.514251 0.924743
vt 0.597898 0.948442
vt 0.544282 0.924747
vt 0.627929 0.948452
vt 0.574313 0.924751
vt 0.657960 0.948461
vt 0.589335 0.924753
vt 0.672983 0.948466
vt 0.619366 0.924757
vt 0.703013 0.948475
vt 0.649397 0.924761
vt 0.733044 0.948484
vt 0.664420 0.924763
vt 0.748067 0.948489
vt 0.694450 0.924767
vt 0.778098 0.948498
vt 0.724481 0.924771
vt 0.808128 0.948508
vt 0.739504 0.924774
vt 0.769454 0.924296
vt 0.823151 0.948511
vt 0.853102 0.948997
vt 0.800591 0.925104
vt 0.884234 0.947999
vt 0.827478 0.927023
vt 0.911120 0.946087
vt 0.834322 0.928591
vt 0.917965 0.944516
vt 0.840236 0.932385
vt 0.914443 0.111693
vt 0.976930 0.089741
vt 0.542753 0.664736
vt 0.772833 0.359999
vt 0.970811 0.086296
vt 0.779754 0.358821
vt 0.779754 0.085138
vt 0.970812 0.360002
vt 0.772833 0.086317
vt 0.976931 0.363448
vt 0.579017 0.820478
vt 0.893449 0.915332
vt 0.540887 0.099448
vt 0.574068 0.878018
vt 0.887727 0.911240
vt 0.567297 0.879920
vt 0.880962 0.909324
vt 0.824298 0.902747
vt 0.854056 0.906459
vt 0.510615 0.886338
vt 0.540383 0.882710
vt 0.051586 0.258174
vt 0.051590 0.295876
vt 0.531863 0.258133
vt 0.531863 0.254553
vt 0.051595 0.352429
vt 0.051598 0.390132
vt 0.051598 0.393711
vt 0.531874 0.390091
vt 0.531871 0.352388
vt 0.531866 0.295835
vt 0.479330 0.236546
vt 0.449316 0.236548
vt 0.479345 0.411686
vt 0.509359 0.411684
vt 0.404287 0.236552
vt 0.374273 0.236555
vt 0.404302 0.411693
vt 0.176852 0.861376
vt 0.329244 0.236559
vt 0.299230 0.236561
vt 0.329259 0.411699
vt 0.251908 0.861381
vt 0.254201 0.236565
vt 0.224187 0.236568
vt 0.254216 0.411706
vt 0.326964 0.861386
vt 0.179173 0.411712
vt 0.402020 0.861391
vt 0.179158 0.236571
vt 0.149144 0.236574
vt 0.104115 0.236578
vt 0.074101 0.236580
vt 0.104130 0.411718
vt 0.477077 0.861398
vt 0.883722 0.153579
vt 0.051586 0.254594
vt 0.255875 0.812959
vt 0.889848 0.157199
vt 0.262076 0.809462
vt 0.069596 0.236581
vt 0.052970 0.400604
vt 0.056875 0.406447
vt 0.724221 0.157183
vt 0.062718 0.410351
vt 0.541827 0.861421
vt 0.530491 0.247660
vt 0.526586 0.241817
vt 0.573633 0.214717
vt 0.520742 0.237913
vt 0.713618 0.808102
vt 0.733174 0.211095
vt 0.531874 0.393670
vt 0.083757 0.866016
vt 0.739303 0.214710
vt 0.090002 0.862587
vt 0.513865 0.411683
vt 0.537250 0.861416
vt 0.709062 0.808070
vt 0.161833 0.861376
vt 0.434302 0.236550
vt 0.236891 0.861380
vt 0.359258 0.236556
vt 0.311947 0.861385
vt 0.284216 0.236562
vt 0.387003 0.861390
vt 0.209173 0.236569
vt 0.462059 0.861395
vt 0.134130 0.236575
vt 0.565405 0.375401
vt 0.082988 0.239856
vt 0.125245 0.258167
vt 0.125248 0.295869
vt 0.908319 0.622139
vt 0.158031 0.239850
vt 0.200288 0.258161
vt 0.200291 0.295863
vt 0.548682 0.356558
vt 0.233074 0.239844
vt 0.275331 0.258154
vt 0.275334 0.295857
vt 0.941778 0.249140
vt 0.308117 0.239837
vt 0.350374 0.258148
vt 0.350377 0.295850
vt 0.941779 0.622139
vt 0.383160 0.239831
vt 0.425416 0.258142
vt 0.425420 0.295844
vt 0.975234 0.252899
vt 0.458203 0.239824
vt 0.500459 0.258135
vt 0.500463 0.295837
vt 0.009771 0.291743
vt 0.125256 0.390125
vt 0.917273 0.527885
vt 0.200299 0.390119
vt 0.026498 0.292483
vt 0.275342 0.390113
vt 0.950736 0.527891
vt 0.350385 0.390106
vt 0.967464 0.527891
vt 0.425428 0.390100
vt 0.950739 0.154894
vt 0.500471 0.390093
vt 0.565392 0.243442
vt 0.082998 0.352427
vt 0.125257 0.408440
vt 0.908320 0.490180
vt 0.158041 0.352420
vt 0.200300 0.408433
vt 0.548665 0.224600
vt 0.233084 0.352414
vt 0.275344 0.408427
vt 0.941800 0.117181
vt 0.308127 0.352407
vt 0.350386 0.408421
vt 0.941776 0.490181
vt 0.383170 0.352401
vt 0.425429 0.408414
vt 0.975255 0.120940
vt 0.458213 0.352395
vt 0.500472 0.408408
vt 0.565402 0.337698
vt 0.908320 0.584436
vt 0.548677 0.318856
vt 0.941784 0.211437
vt 0.941778 0.584437
vt 0.975240 0.215196
vt 0.562014 0.147244
vt 0.500458 0.239821
vt 0.479345 0.408410
vt 0.458218 0.408411
vt 0.495101 0.446799
vt 0.425415 0.239827
vt 0.404302 0.408416
vt 0.383175 0.408418
vt 0.595470 0.479672
vt 0.350372 0.239833
vt 0.329259 0.408422
vt 0.308132 0.408424
vt 0.967673 0.313984
vt 0.275329 0.239840
vt 0.254216 0.408429
vt 0.233089 0.408431
vt 0.812937 0.471894
vt 0.158046 0.408437
vt 0.179159 0.239848
vt 0.200286 0.239846
vt 0.758570 0.479670
vt 0.125243 0.239853
vt 0.104130 0.408442
vt 0.083003 0.408443
vt 0.965915 0.074671
vt 0.923816 0.074684
vt 0.961734 0.036988
vt 0.919634 0.037001
vt 0.839702 0.041815
vt 0.889172 0.034234
vt 0.764424 0.041811
vt 0.813894 0.034229
vt 0.964449 0.048219
vt 0.976800 0.061610
vt 0.973998 0.065386
vt 0.848538 0.060698
vt 0.840616 0.051002
vt 0.837812 0.047200
vt 0.908907 0.023503
vt 0.910796 0.018118
vt 0.911711 0.027305
vt 0.823444 0.051396
vt 0.815361 0.060682
vt 0.826246 0.047620
vt 0.914978 0.055801
vt 0.913089 0.061186
vt 0.915893 0.064987
vt 0.890638 0.060687
vt 0.898722 0.051402
vt 0.901523 0.047626
vt 0.960266 0.010535
vt 0.972618 0.023926
vt 0.969817 0.027702
vt 0.773262 0.060695
vt 0.765339 0.050998
vt 0.762535 0.047197
vt 0.971226 0.058587
vt 0.963665 0.049318
vt 0.840486 0.042937
vt 0.851461 0.037744
vt 0.911581 0.019240
vt 0.922555 0.014046
vt 0.820671 0.044597
vt 0.813111 0.035328
vt 0.915763 0.056923
vt 0.926737 0.051729
vt 0.895949 0.044603
vt 0.888389 0.035333
vt 0.967044 0.020903
vt 0.959483 0.011634
vt 0.765209 0.042934
vt 0.776183 0.037740
vt 0.850757 0.033463
vt 0.824336 0.042265
vt 0.974891 0.056255
vt 0.926034 0.047448
vt 0.899614 0.042272
vt 0.921851 0.009766
vt 0.970708 0.018571
vt 0.775479 0.033459
vt 0.543555 0.143467
vt 0.958535 0.264795
vt 0.971459 0.268544
vt 0.967456 0.268544
vt 0.958504 0.101543
vt 0.954502 0.101544
vt 0.885763 0.475668
vt 0.967481 0.105292
vt 0.476641 0.443029
vt 0.975232 0.637794
vt 0.938006 0.637785
vt 0.934003 0.637785
vt 0.975244 0.474543
vt 0.971241 0.474542
vt 0.496832 0.461027
vt 0.934000 0.474534
vt 0.577011 0.475899
vt 0.958504 0.637794
vt 0.938002 0.264786
vt 0.934000 0.264785
vt 0.958516 0.474543
vt 0.954513 0.474543
vt 0.634839 0.143256
vt 0.934027 0.101534
vt 0.949214 0.310208
vt 0.034282 0.402384
vt 0.544910 0.372205
vt 0.540908 0.372206
vt 0.034270 0.239133
vt 0.030267 0.239133
vt 0.668296 0.475670
vt 0.540887 0.208955
vt 0.652288 0.143491
vt 0.925047 0.637787
vt 0.904546 0.637785
vt 0.900543 0.637785
vt 0.925049 0.474536
vt 0.921047 0.474536
vt 0.831396 0.475669
vt 0.900545 0.474534
vt 0.740111 0.475898
vt 0.017557 0.401645
vt 0.561634 0.391048
vt 0.557631 0.391048
vt 0.017542 0.238394
vt 0.013539 0.238394
vt 0.722663 0.475667
vt 0.557615 0.227796
vt 0.950760 0.267465
vt 0.583141 0.147248
vt 0.846177 0.471891
vt 0.975257 0.102625
vt 0.967456 0.640461
vt 0.516228 0.446796
vt 0.457245 0.457249
vt 0.941775 0.471866
vt 0.950728 0.640461
vt 0.616598 0.479671
vt 0.595253 0.139476
vt 0.941803 0.098867
vt 0.026506 0.405053
vt 0.988801 0.313987
vt 0.628710 0.471895
vt 0.548662 0.206286
vt 0.917271 0.640455
vt 0.691875 0.147257
vt 0.791810 0.471892
vt 0.908321 0.471866
vt 0.009782 0.404314
vt 0.779698 0.479668
vt 0.683076 0.471895
vt 0.565390 0.225127
vt 0.507076 0.830642
vt 0.478331 0.107704
vt 0.641256 0.121973
vt 0.641256 0.126844
vt 0.303722 0.777424
vt 0.679070 0.109918
vt 0.540887 0.121954
vt 0.540887 0.126825
vt 0.709091 0.777095
vt 0.578702 0.109903
vt 0.591072 0.121966
vt 0.591072 0.126838
vt 0.161838 0.830677
vt 0.628885 0.109911
vt 0.327602 0.140457
vt 0.327602 0.145328
vt 0.206874 0.830681
vt 0.365416 0.128403
vt 0.377787 0.119749
vt 0.377786 0.124620
vt 0.281930 0.830686
vt 0.430615 0.107695
vt 0.315058 0.110894
vt 0.315058 0.115765
vt 0.402022 0.830695
vt 0.367884 0.098832
vt 0.277417 0.140457
vt 0.277417 0.145328
vt 0.462060 0.830698
vt 0.315231 0.128403
vt 0.440519 0.119762
vt 0.440519 0.124634
vt 0.678986 0.765290
vt 0.236894 0.818627
vt 0.206874 0.835553
vt 0.281929 0.835559
vt 0.402022 0.835567
vt 0.432042 0.818640
vt 0.507076 0.835534
vt 0.273096 0.764874
vt 0.708989 0.782055
vt 0.176856 0.818622
vt 0.161838 0.835549
vt 0.477078 0.818643
vt 0.462060 0.835571
vt 0.131816 0.818529
vt 0.356986 0.818635
vt 0.303723 0.782296
vt 0.624986 0.129027
vt 0.131832 0.840004
vt 0.206873 0.840027
vt 0.331502 0.147519
vt 0.281929 0.840032
vt 0.348972 0.117951
vt 0.356985 0.840037
vt 0.363987 0.117949
vt 0.311331 0.147519
vt 0.281317 0.147518
vt 0.507082 0.840028
vt 0.444419 0.126823
vt 0.675170 0.129034
vt 0.273735 0.786716
vt 0.574801 0.129019
vt 0.544786 0.129016
vt 0.396701 0.126810
vt 0.381686 0.126810
vn 0.000000 0.871899 0.489686
vn 0.000000 0.871899 0.489686
vn 0.000000 0.871898 0.489687
vn 0.000000 0.871899 0.489687
vn -0.000001 0.871899 -0.489685
vn -0.000001 0.871899 -0.489685
vn -0.000000 0.871898 -0.489687
vn -0.000000 0.871898 -0.489687
vn 0.000000 0.871899 -0.489686
vn 0.000000 0.871898 -0.489687
vn 0.000000 0.871899 -0.489687
vn 0.000000 0.871898 -0.489688
vn 0.000000 0.871898 -0.489687
vn 0.000000 0.871899 -0.489686
vn 0.000000 0.871898 -0.489688
vn 0.000000 0.871898 -0.489688
vn -0.000001 0.871899 0.489686
vn -0.000001 0.871899 0.489686
vn -0.000000 0.871898 0.489687
vn -0.000000 0.871898 0.489687
vn 0.000001 0.871899 0.489686
vn 0.000000 0.871898 0.489687
vn 0.000000 0.871898 -0.489687
vn 0.000000 0.871898 -0.489687
vn 0.000000 0.871898 -0.489688
vn 0.000000 0.871898 -0.489688
vn 0.000000 0.871898 -0.489687
vn 0.000000 0.871898 -0.489688
vn 0.000000 0.871898 -0.489687
vn 0.000000 0.871899 -0.489686
vn 0.000000 0.871898 -0.489688
vn 0.000000 0.871898 -0.489688
vn 0.000000 0.871898 -0.489687
vn 0.000000 0.871898 -0.489688
vn 0.000000 0.871899 0.489686
vn 0.000000 0.871899 0.489686
vn 0.000000 0.871898 0.489687
vn 0.000000 0.871898 0.489687
vn 0.000000 0.871898 -0.489688
vn 0.000000 0.871898 -0.489687
vn 0.000000 0.871898 -0.489688
vn 0.000000 0.871898 -0.489688
vn 0.000001 0.871899 -0.489685
vn 0.000000 0.871898 -0.489687
vn -0.000000 0.871898 0.489687
vn -0.000000 0.871898 0.489688
vn -0.000000 0.871899 0.489686
vn -0.000001 0.871899 0.489686
vn 0.000000 1.000000 0.000000
vn 0.000000 1.000000 0.000000
vn 0.000000 1.000000 0.000000
vn 0.000000 1.000000 0.000000
vn 0.000000 1.000000 0.000000
vn 0.000000 1.000000 0.000000
vn 0.000000 1.000000 0.000000
vn 0.000000 1.000000 0.000000
vn 0.000000 1.000000 0.000000
vn 0.000000 1.000000 0.000000
vn 0.000000 1.000000 0.000000
vn 0.000000 1.000000 0.000000
vn 0.000000 1.000000 0.000000
vn 0.000000 1.000000 0.000000
vn 0.000000 1.000000 0.000000
vn 0.000000 1.000000 0.000000
vn 0.000000 1.000000 0.000000
vn 0.000000 1.000000 0.000000
vn 0.000000 1.000000 0.000000
vn 0.000000 1.000000 0.000000
vn 0.000000 1.000000 0.000000
vn 0.000000 1.000000 0.000000
vn 0.000000 1.000000 0.000000
vn 0.000000 1.000000 0.000000
vn 0.000000 1.000000 0.000000
vn 0.000000 1.000000 0.000000
vn 0.000000 1.000000 0.000000
vn 0.000000 1.000000 0.000000
vn 0.000000 1.000000 0.000000
vn 0.000000 1.000000 0.000000
vn 0.000000 1.000000 0.000000
vn 0.000000 1.000000 0.000000
vn 0.000000 1.000000 0.000000
vn 0.000000 1.000000 0.000000
vn 0.000000 1.000000 -0.000000
vn 0.000000 1.000000 0.000000
vn 0.000000 1.000000 0.000000
vn 0.000000 1.000000 0.000000
vn 0.000000 1.000000 0.000000
vn 0.000000 1.000000 -0.000000
vn 0.000000 1.000000 0.000000
vn 0.000000 1.000000 0.000000
vn 0.000000 1.000000 -0.000000
vn 0.000000 1.000000 -0.000000
vn -0.166976 0.921527 0.350582
vn -0.037127 0.886693 0.460866
vn -0.028851 0.883577 0.467396
vn -0.157482 0.919893 0.359161
vn -0.260988 0.929392 0.260989
vn -0.260989 0.929392 0.260989
vn -0.350582 0.921526 0.166978
vn -0.359162 0.919893 0.157482
vn -0.459687 0.887241 0.038620
vn -0.466262 0.884128 0.030296
vn -0.037128 0.886693 -0.460866
vn -0.166976 0.921527 -0.350581
vn -0.157482 0.919893 -0.359161
vn -0.028852 0.883578 -0.467395
vn -0.260988 0.929393 -0.260989
vn -0.260990 0.929392 -0.260989
vn -0.350583 0.921526 -0.166977
vn -0.359162 0.919892 -0.157482
vn -0.459686 0.887241 -0.038620
vn -0.466261 0.884128 -0.030297
vn 0.037127 0.886693 0.460866
vn 0.166976 0.921527 0.350581
vn 0.157482 0.919893 0.359161
vn 0.028851 0.883578 0.467395
vn 0.260988 0.929393 0.260989
vn 0.260990 0.929392 0.260989
vn 0.350583 0.921526 0.166977
vn 0.359162 0.919892 0.157482
vn 0.459687 0.887241 0.038620
vn 0.466261 0.884128 0.030297
vn 0.166976 0.921527 -0.350582
vn 0.037128 0.886693 -0.460865
vn 0.028852 0.883578 -0.467395
vn 0.157482 0.919893 -0.359161
vn 0.260988 0.929392 -0.260989
vn 0.260989 0.929392 -0.260989
vn 0.350582 0.921526 -0.166978
vn 0.359162 0.919893 -0.157482
vn 0.459686 0.887241 -0.038620
vn 0.466262 0.884128 -0.030296
vn -0.000001 0.871900 -0.489685
vn -0.000000 0.871898 -0.489687
vn 0.000000 0.871899 0.489686
vn 0.000000 0.871898 0.489688
vn 0.000001 0.871899 -0.489685
vn 0.000000 0.871898 -0.489687
vn 0.000000 1.000000 0.000000
vn 0.000000 1.000000 0.000000
vn 0.000000 1.000000 0.000000
vn 0.000000 1.000000 -0.000000
vn 0.000000 1.000000 0.000000
vn 0.000000 1.000000 0.000000
vn 0.000000 1.000000 0.000000
vn 0.000000 1.000000 0.000000
vn 0.000000 0.707111 -0.707103
vn 0.000000 0.707111 -0.707103
vn 0.000000 0.707111 -0.707102
vn 0.000000 0.707111 -0.707102
vn -0.707105 0.707109 0.000000
vn -0.707105 0.707109 0.000000
vn -0.707106 0.707108 0.000000
vn -0.707105 0.707108 0.000000
vn 0.707112 0.707102 0.000000
vn 0.707112 0.707102 0.000000
vn 0.707111 0.707102 0.000000
vn 0.707111 0.707103 0.000000
vn 0.000000 0.707111 0.707103
vn 0.000000 0.707111 0.707103
vn 0.000000 0.707111 0.707102
vn 0.000000 0.707111 0.707102
vn 0.000000 0.707111 -0.707102
vn 0.000000 0.707111 -0.707103
vn 0.000000 0.707111 -0.707102
vn 0.000000 0.707111 -0.707102
vn -0.707102 0.707111 0.000000
vn -0.707102 0.707111 0.000000
vn -0.707103 0.707111 0.000000
vn -0.707103 0.707111 0.000000
vn 0.707109 0.707104 0.000000
vn 0.707109 0.707104 0.000000
vn 0.707108 0.707105 0.000000
vn 0.707108 0.707105 0.000000
vn 0.000000 0.707111 0.707103
vn 0.000000 0.707111 0.707102
vn 0.000000 0.707111 0.707102
vn 0.000000 0.707111 0.707102
vn 0.000000 0.707111 -0.707102
vn 0.000000 0.707111 -0.707102
vn 0.000000 0.707111 -0.707102
vn 0.000000 0.707111 -0.707102
vn -0.707105 0.707109 0.000000
vn -0.707105 0.707109 0.000000
vn -0.707105 0.707108 0.000000
vn -0.707106 0.707108 0.000000
vn 0.707106 0.707107 0.000000
vn 0.707106 0.707107 0.000000
vn 0.707107 0.707107 0.000000
vn 0.707107 0.707107 0.000000
vn 0.000000 0.707111 0.707102
vn 0.000000 0.707111 0.707102
vn 0.000000 0.707111 0.707102
vn 0.000000 0.707111 0.707102
vn 0.000000 0.707111 -0.707102
vn 0.000000 0.707111 -0.707102
vn 0.000000 0.707111 -0.707103
vn 0.000000 0.707111 -0.707102
vn -0.707106 0.707107 0.000000
vn -0.707106 0.707107 0.000000
vn -0.707107 0.707107 0.000000
vn -0.707107 0.707107 0.000000
vn 0.707105 0.707109 0.000000
vn 0.707105 0.707109 0.000000
vn 0.707106 0.707108 0.000000
vn 0.707105 0.707108 0.000000
vn 0.000000 0.707111 0.707102
vn 0.000000 0.707111 0.707102
vn 0.000000 0.707111 0.707102
vn 0.000000 0.707111 0.707103
vn 0.000000 0.707111 -0.707103
vn 0.000000 0.707111 -0.707103
vn 0.000000 0.707111 -0.707103
vn 0.000000 0.707111 -0.707103
vn -0.707107 0.707107 0.000000
vn -0.707107 0.707107 0.000000
vn -0.707106 0.707107 0.000000
vn -0.707106 0.707107 0.000000
vn 0.707103 0.707111 0.000000
vn 0.707103 0.707111 0.000000
vn 0.707104 0.707110 0.000000
vn 0.707104 0.707110 0.000000
vn 0.000000 0.707110 0.707103
vn 0.000000 0.707110 0.707103
vn 0.000000 0.707111 0.707103
vn 0.000000 0.707111 0.707103
vn 0.000000 0.707111 -0.707103
vn 0.000000 0.707111 -0.707103
vn 0.000000 0.707111 -0.707103
vn 0.000000 0.707111 -0.707103
vn -0.707112 0.707102 0.000000
vn -0.707112 0.707102 0.000000
vn -0.707111 0.707103 0.000000
vn -0.707111 0.707102 0.000000
vn 0.707105 0.707109 0.000000
vn 0.707105 0.707109 0.000000
vn 0.707105 0.707108 0.000000
vn 0.707106 0.707108 0.000000
vn 0.000000 0.707111 0.707103
vn 0.000000 0.707111 0.707103
vn 0.000000 0.707111 0.707103
vn 0.000000 0.707111 0.707103
vn 0.000000 1.000000 0.000000
vn 0.000000 1.000000 0.000002
vn 0.000000 1.000000 0.000002
vn 0.000000 1.000000 0.000000
vn 0.000000 1.000000 0.000000
vn 0.000000 1.000000 -0.000000
vn 0.000000 1.000000 -0.000001
vn 0.000000 1.000000 0.000000
vn 0.000000 1.000000 -0.000001
vn 0.000000 1.000000 0.000000
vn 0.000000 1.000000 -0.000001
vn 0.000000 1.000000 0.000000
vn 0.000000 1.000000 -0.000002
vn 0.000000 1.000000 -0.000000
vn 0.000000 1.000000 -0.000001
vn 0.000000 1.000000 -0.000002
vn 0.000000 1.000000 0.000000
vn 0.000000 1.000000 0.000000
vn 0.000000 1.000000 0.000001
vn 0.000000 1.000000 0.000001
vn 0.000000 1.000000 0.000000
vn 0.000000 1.000000 0.000001
vn 0.000000 1.000000 0.000000
vn 0.000000 1.000000 0.000001
vn 0.000000 1.000000 0.000001
vn 0.000000 1.000000 0.000000
vn 0.000000 1.000000 0.000000
vn 0.000000 1.000000 0.000000
vn 0.000000 1.000000 -0.000001
vn 0.000000 1.000000 -0.000001
vn 0.000000 1.000000 -0.000001
vn 0.000000 1.000000 0.000000
vn 0.000000 1.000000 -0.000000
vn 0.000000 1.000000 -0.000001
vn 0.000000 1.000000 -0.000001
vn 0.000000 1.000000 -0.000000
vn 0.000000 1.000000 0.000000
vn 0.000000 1.000000 0.000000
vn 0.000000 1.000000 0.000000
vn 0.000000 1.000000 0.000000
vn 0.000000 1.000000 0.000000
vn 0.000000 1.000000 0.000000
vn 0.000000 1.000000 0.000000
vn 0.000000 1.000000 0.000000
vn 0.000000 1.000000 0.000000
vn 0.000000 1.000000 0.000000
vn 0.000000 1.000000 -0.000000
vn 0.000000 1.000000 0.000000
vn 0.000000 1.000000 -0.000001
vn 0.000000 1.000000 -0.000000
vn 0.000000 1.000000 -0.000001
vn 0.000000 1.000000 0.000000
vn 0.000000 1.000000 0.000000
vn 0.000000 1.000000 0.000001
vn 0.000000 1.000000 0.000001
vn 0.000000 1.000000 0.000001
vn 0.000000 1.000000 -0.000000
vn 0.000000 1.000000 0.000000
vn 0.000000 1.000000 -0.000002
vn 0.000000 1.000000 -0.000001
vn 0.000000 1.000000 -0.000002
vn 0.000000 1.000000 0.000000
vn 0.000000 0.000000 -1.000000
vn 0.000000 0.000000 -1.000000
vn 0.000000 0.000000 -1.000000
vn 0.000000 0.000000 -1.000000
vn -1.000000 0.000000 0.000000
vn -1.000000 0.000000 0.000000
vn -1.000000 0.000000 0.000000
vn -1.000000 0.000000 0.000000
vn 0.000000 0.000000 1.000000
vn 0.000000 0.000000 1.000000
vn 0.000000 0.000000 1.000000
vn 0.000000 0.000000 1.000000
vn 1.000000 0.000000 0.000000
vn 1.000000 0.000000 0.000000
vn 1.000000 0.000000 0.000000
vn 1.000000 0.000000 0.000000
vn 0.000000 0.000000 -1.000000
vn 0.000000 0.000000 -1.000000
vn 0.000000 0.000000 -1.000000
vn 0.000000 0.000000 -1.000000
vn -1.000000 0.000000 0.000000
vn -1.000000 0.000000 0.000001
vn -1.000000 0.000000 0.000001
vn -1.000000 0.000000 0.000000
vn 0.000000 0.000000 1.000000
vn 0.000000 0.000000 1.000000
vn 0.000000 0.000000 1.000000
vn 0.000000 0.000000 1.000000
vn 1.000000 0.000000 0.000000
vn 1.000000 0.000000 0.000000
vn 1.000000 0.000000 0.000000
vn 1.000000 0.000000 0.000000
vn 0.000000 0.000000 -1.000000
vn 0.000000 0.000000 -1.000000
vn 0.000000 0.000000 -1.000000
vn 0.000000 0.000000 -1.000000
vn -1.000000 0.000000 0.000000
vn -1.000000 0.000000 0.000000
vn -1.000000 0.000000 0.000000
vn -1.000000 0.000000 0.000000
vn 0.000000 0.000000 1.000000
vn 0.000000 0.000000 1.000000
vn 0.000000 0.000000 1.000000
vn 0.000000 0.000000 1.000000
vn 1.000000 0.000000 0.000000
vn 1.000000 0.000000 0.000000
vn 1.000000 0.000000 0.000000
vn 1.000000 0.000000 0.000000
vn 0.000000 0.000000 -1.000000
vn 0.000000 0.000000 -1.000000
vn 0.000000 0.000000 -1.000000
vn 0.000000 0.000000 -1.000000
vn -1.000000 0.000000 0.000000
vn -1.000000 0.000000 0.000000
vn -1.000000 0.000000 0.000000
vn -1.000000 0.000000 0.000000
vn 0.000000 0.000000 1.000000
vn 0.000000 0.000000 1.000000
vn 0.000000 0.000000 1.000000
vn 0.000000 0.000000 1.000000
vn 1.000000 0.000000 0.000000
vn 1.000000 0.000000 0.000000
vn 1.000000 0.000000 0.000000
vn 1.000000 0.000000 0.000000
vn 0.000000 0.000000 -1.000000
vn 0.000000 0.000000 -1.000000
vn 0.000000 0.000000 -1.000000
vn 0.000000 0.000000 -1.000000
vn -1.000000 0.000000 0.000000
vn -1.000000 0.000000 0.000000
vn -1.000000 0.000000 0.000000
vn -1.000000 0.000000 0.000000
vn 0.000000 0.000000 1.000000
vn 0.000000 0.000000 1.000000
vn 0.000000 0.000000 1.000000
vn 0.000000 0.000000 1.000000
vn 1.000000 0.000000 0.000000
vn 1.000000 0.000000 0.000000
vn 1.000000 0.000000 0.000000
vn 1.000000 0.000000 0.000000
vn 0.000000 0.000000 -1.000000
vn 0.000000 0.000000 -1.000000
vn 0.000000 0.000000 -1.000000
vn 0.000000 0.000000 -1.000000
vn -1.000000 0.000000 0.000000
vn -1.000000 0.000000 0.000000
vn -1.000000 0.000000 0.000000
vn -1.000000 0.000000 0.000000
vn 0.000000 0.000000 1.000000
vn 0.000000 0.000000 1.000000
vn 0.000000 0.000000 1.000000
vn 0.000000 0.000000 1.000000
vn 1.000000 0.000000 0.000000
vn 1.000000 0.000000 0.000000
vn 1.000000 0.000000 0.000000
vn 1.000000 0.000000 0.000000
vn 0.000000 1.000000 0.000000
vn 0.000000 1.000000 0.000000
vn 0.000000 1.000000 0.000000
vn 0.000000 1.000000 0.000000
vn -0.438061 0.898945 0.000000
vn 0.000000 1.000000 0.000000
vn 0.000000 1.000000 0.000000
vn -0.425553 0.904578 -0.025368
vn 0.000000 1.000000 0.000000
vn 0.000000 1.000000 0.000000
vn 0.000000 1.000000 0.000000
vn 0.000000 1.000000 0.000000
vn 0.438033 0.898959 -0.000000
vn 0.425688 0.904516 -0.025315
vn 0.000001 0.871899 0.489686
vn 0.000000 0.871898 0.489687
vn 0.000000 1.000000 0.000000
vn 0.000000 1.000000 0.000001
vn 0.000000 0.707111 -0.707103
vn 0.000000 0.707111 -0.707103
vn 0.000000 0.000000 -1.000000
vn 0.000000 0.000000 -1.000000
vn 0.000000 1.000000 0.000000
vn 0.000000 1.000000 0.000000
vn 0.000000 0.000000 1.000000
vn 0.000000 0.000000 1.000000
vn 0.000000 0.707111 0.707103
vn 0.000000 0.707111 0.707103
vn 0.000000 0.707111 0.707102
vn 0.000000 0.707111 0.707102
vn 0.000000 0.000000 1.000000
vn 0.000000 0.000000 1.000000
vn 0.000000 1.000000 0.000000
vn 0.000000 1.000000 0.000000
vn 0.000000 0.000000 -1.000000
vn 0.000000 0.000000 -1.000000
vn 0.000000 0.707111 -0.707102
vn 0.000000 0.707111 -0.707102
vn 0.000000 1.000000 -0.000000
vn 0.000000 1.000000 -0.000001
vn 0.000000 0.871899 0.489685
vn 0.000000 0.871899 0.489685
vn 0.000000 0.871899 0.489687
vn 0.000000 0.871899 0.489687
vn 0.000000 1.000000 0.000000
vn 0.000000 1.000000 0.000000
vn 0.000000 0.707111 -0.707103
vn 0.000000 0.707111 -0.707102
vn 0.000000 0.000000 -1.000000
vn 0.000000 0.000000 -1.000000
vn 0.000000 1.000000 0.000000
vn 0.000000 1.000000 0.000000
vn 0.000000 0.000000 1.000000
vn 0.000000 0.000000 1.000000
vn 0.000000 0.707111 0.707102
vn 0.000000 0.707111 0.707103
vn 0.000001 0.871899 0.489686
vn 0.000000 0.871899 0.489687
vn 0.000000 1.000000 0.000000
vn 0.000000 1.000000 0.000000
vn 0.000000 0.707111 -0.707102
vn 0.000000 0.707111 -0.707102
vn 0.000000 0.000000 -1.000000
vn 0.000000 0.000000 -1.000000
vn 0.000000 1.000000 0.000000
vn 0.000000 1.000000 0.000000
vn 0.000000 0.000000 1.000000
vn 0.000000 0.000000 1.000000
vn 0.000000 0.707111 0.707102
vn 0.000000 0.707111 0.707102
vn 0.000000 0.871899 0.489685
vn 0.000000 0.871899 0.489685
vn 0.000000 0.871899 0.489686
vn 0.000000 0.871899 0.489686
vn 0.000000 1.000000 0.000000
vn 0.000000 1.000000 0.000000
vn 0.000000 0.707111 -0.707102
vn 0.000000 0.707111 -0.707103
vn 0.000000 0.000000 -1.000000
vn 0.000000 0.000000 -1.000000
vn 0.000000 1.000000 0.000000
vn 0.000000 1.000000 0.000000
vn 0.000000 0.000000 1.000000
vn 0.000000 0.000000 1.000000
vn 0.000000 0.707110 0.707104
vn 0.000000 0.707110 0.707104
vn 0.000000 1.000000 0.000000
vn 0.000000 1.000000 0.000000
vn 0.000000 0.707111 -0.707102
vn 0.000000 0.707111 -0.707102
vn 0.000000 0.000000 -1.000000
vn 0.000000 0.000000 -1.000000
vn 0.000000 1.000000 0.000000
vn 0.000000 1.000000 0.000000
vn 0.000000 0.000000 1.000000
vn 0.000000 0.000000 1.000000
vn 0.000000 0.707111 0.707102
vn 0.000000 0.707111 0.707102
vn 0.000001 0.871899 -0.489685
vn 0.000000 0.871898 -0.489687
vn -0.027564 0.883083 0.468407
vn -0.000000 0.871897 0.489689
vn 0.000000 0.871897 0.489690
vn -0.024050 0.881721 0.471158
vn -0.150564 0.918609 0.365361
vn -0.138072 0.916094 0.376441
vn -0.260991 0.929391 0.260990
vn -0.260991 0.929391 0.260991
vn -0.365361 0.918609 0.150563
vn -0.376441 0.916094 0.138072
vn -0.467129 0.883707 0.029193
vn -0.425688 0.904516 0.025315
vn -0.365361 0.918609 -0.150563
vn -0.467127 0.883708 -0.029195
vn -0.376442 0.916094 -0.138071
vn -0.260991 0.929391 -0.260990
vn -0.260992 0.929391 -0.260991
vn -0.150564 0.918609 -0.365361
vn -0.138072 0.916094 -0.376442
vn -0.027564 0.883083 -0.468407
vn -0.024050 0.881721 -0.471159
vn -0.000000 0.871897 -0.489689
vn 0.000000 0.871897 -0.489690
vn 0.000000 0.871897 -0.489689
vn 0.000000 0.871897 -0.489690
vn 0.000000 0.871897 -0.489689
vn 0.000000 0.871897 -0.489690
vn 0.000000 0.871897 -0.489689
vn 0.000000 0.871897 -0.489690
vn 0.000000 0.871897 -0.489689
vn 0.000000 0.871897 -0.489690
vn 0.000000 0.871897 -0.489689
vn 0.000000 0.871897 -0.489690
vn 0.000000 0.871897 -0.489690
vn 0.000000 0.871897 -0.489690
vn 0.000000 0.871897 -0.489689
vn 0.000000 0.871896 -0.489690
vn 0.000000 0.871897 -0.489689
vn 0.000000 0.871897 -0.489690
vn 0.000000 0.871897 -0.489689
vn 0.000000 0.871897 -0.489690
vn 0.000000 0.871897 -0.489689
vn 0.000000 0.871897 -0.489690
vn 0.000000 0.871897 -0.489690
vn 0.000000 0.871896 -0.489690
vn 0.000000 0.871897 -0.489689
vn 0.000000 0.871897 -0.489690
vn 0.000000 0.871896 -0.489691
vn 0.000000 0.871897 -0.489689
vn 0.000000 0.871897 -0.489689
vn 0.000000 0.871896 -0.489691
vn -0.000000 0.871897 -0.489689
vn 0.000000 0.871897 -0.489690
vn -0.000000 0.871897 -0.489689
vn 0.000000 0.871897 -0.489690
vn 0.000000 0.871897 -0.489689
vn 0.000000 0.871897 -0.489690
vn 0.027564 0.883083 -0.468407
vn 0.024050 0.881721 -0.471158
vn 0.150564 0.918609 -0.365361
vn 0.138072 0.916094 -0.376441
vn 0.260991 0.929391 -0.260990
vn 0.260991 0.929391 -0.260991
vn 0.365361 0.918609 -0.150563
vn 0.376441 0.916094 -0.138072
vn 0.467129 0.883707 -0.029192
vn 0.365361 0.918609 0.150563
vn 0.467127 0.883708 0.029195
vn 0.425554 0.904578 0.025368
vn 0.376442 0.916094 0.138071
vn 0.260991 0.929391 0.260990
vn 0.260992 0.929391 0.260991
vn 0.150564 0.918609 0.365361
vn 0.138072 0.916094 0.376442
vn 0.027564 0.883083 0.468407
vn 0.024050 0.881721 0.471159
vn 0.000000 0.871897 0.489689
vn 0.000000 0.871897 0.489690
vn 0.000000 0.871897 0.489689
vn 0.000000 0.871897 0.489690
vn 0.000000 0.871898 0.489688
vn 0.000000 0.871897 0.489690
vn 0.000000 0.871898 0.489689
vn 0.000000 0.871896 0.489691
vn 0.000000 0.871898 0.489689
vn 0.000000 0.871896 0.489691
vn 0.000000 0.871898 0.489689
vn 0.000000 0.871897 0.489690
vn 0.000000 0.871898 0.489689
vn 0.000000 0.871896 0.489690
vn -0.000000 0.871898 0.489688
vn 0.000000 0.871897 0.489690
vn -0.000000 0.871897 0.489689
vn 0.000000 0.871897 0.489690
vn 0.000000 0.871897 0.489689
vn 0.000000 0.871897 0.489690
vn 0.000000 0.871898 0.489688
vn 0.000000 0.871896 0.489690
vn 0.000000 0.871898 0.489688
vn 0.000000 0.871897 0.489690
vn 0.000000 0.871898 0.489688
vn 0.000000 0.871897 0.489690
vn 0.000000 0.871898 0.489688
vn 0.000000 0.871897 0.489690
vn 0.000000 0.871898 0.489688
vn 0.000000 0.871897 0.489690
vn 0.000000 0.871898 0.489688
vn 0.000000 0.871897 0.489690
vn 0.000000 0.871897 0.489690
vn -0.000000 0.871897 0.489689
vn 0.000000 0.000000 1.000000
vn 0.000000 0.000000 1.000000
vn 0.000000 0.000000 1.000000
vn 0.000000 0.000000 1.000000
vn 0.000000 0.000000 1.000000
vn 0.000000 0.000000 1.000000
vn 0.000000 0.000000 1.000000
vn 0.000000 0.000000 1.000000
vn 0.000000 0.000000 1.000000
vn 0.000000 0.000000 1.000000
vn 0.000000 0.000000 1.000000
vn 0.000000 0.000000 1.000000
vn 0.000000 0.000000 1.000000
vn 0.000000 0.000000 1.000000
vn 0.000000 0.000000 1.000000
vn 0.000000 0.000000 1.000000
vn 0.000000 0.000000 1.000000
vn 0.000000 0.000000 1.000000
vn 0.000000 0.000000 1.000000
vn 0.000000 0.000000 1.000000
vn 0.000000 0.000000 1.000000
vn 0.000000 0.000000 1.000000
vn 0.000000 0.000000 1.000000
vn 0.000000 0.000000 1.000000
vn 0.000000 0.000000 1.000000
vn 0.000000 0.000000 1.000000
vn 0.000000 0.000000 1.000000
vn 0.000000 0.000000 1.000000
vn 0.000000 0.000000 1.000000
vn 0.000000 0.000000 1.000000
vn 1.000000 0.000000 0.000000
vn 1.000000 0.000000 0.000000
vn 1.000000 0.000000 0.000000
vn -1.000000 0.000000 0.000000
vn -1.000000 0.000000 0.000000
vn -1.000000 0.000000 0.000000
vn 1.000000 0.000000 0.000000
vn 1.000000 0.000000 0.000000
vn 1.000000 0.000000 0.000000
vn -1.000000 -0.000010 0.000000
vn -1.000000 -0.000002 0.000000
vn -1.000000 -0.000001 0.000000
vn 1.000000 0.000000 0.000000
vn 1.000000 0.000000 0.000000
vn 1.000000 0.000000 0.000000
vn -1.000000 0.000000 0.000000
vn -1.000000 0.000000 0.000000
vn -1.000000 0.000000 0.000000
vn 1.000000 0.000000 0.000000
vn 1.000000 0.000000 0.000000
vn 1.000000 0.000000 0.000000
vn -1.000000 0.000001 -0.000000
vn -1.000000 0.000000 -0.000000
vn -1.000000 0.000005 -0.000000
vn 1.000000 0.000000 0.000000
vn 1.000000 0.000000 0.000000
vn 1.000000 0.000000 0.000000
vn -1.000000 0.000000 0.000000
vn -1.000000 0.000000 0.000000
vn -1.000000 0.000000 0.000000
vn 1.000000 0.000000 0.000000
vn 1.000000 0.000000 0.000000
vn 1.000000 0.000000 0.000000
vn -1.000000 0.000000 0.000000
vn -1.000000 0.000000 0.000000
vn -1.000000 0.000000 0.000000
vn -0.000533 0.000000 1.000000
vn -0.000533 0.000000 1.000000
vn 0.000000 0.000000 1.000000
vn 0.000000 0.000000 1.000000
vn 0.033034 0.000000 0.999454
vn 0.033034 0.000000 0.999454
vn 0.371480 0.000000 0.928441
vn 0.371480 0.000000 0.928441
vn 0.707103 0.000000 0.707110
vn 0.707103 0.000000 0.707110
vn 0.928439 0.000000 0.371486
vn 0.928439 0.000000 0.371486
vn 0.999390 0.000000 0.034916
vn 0.999390 0.000000 0.034916
vn 1.000000 0.000000 0.000000
vn 1.000000 0.000000 0.000000
vn 0.999390 0.000000 -0.034916
vn 0.999390 0.000000 -0.034916
vn 0.928439 0.000000 -0.371486
vn 0.928439 0.000000 -0.371486
vn 0.707103 0.000000 -0.707110
vn 0.707103 0.000000 -0.707110
vn 0.371480 0.000000 -0.928441
vn 0.371480 0.000000 -0.928441
vn 0.035599 0.000000 -0.999366
vn 0.035599 0.000000 -0.999366
vn 0.000000 0.000000 -1.000000
vn 0.000000 0.000000 -1.000000
vn 0.000000 0.000000 -1.000000
vn 0.000000 0.000000 -1.000000
vn 0.000000 0.000000 -1.000000
vn 0.000000 0.000000 -1.000000
vn 0.000000 0.000000 -1.000000
vn 0.000000 0.000000 -1.000000
vn 0.000000 0.000000 -1.000000
vn 0.000000 0.000000 -1.000000
vn 0.000000 0.000000 -1.000000
vn 0.000000 0.000000 -1.000000
vn 0.000000 0.000000 -1.000000
vn 0.000000 0.000000 -1.000000
vn 0.000000 0.000000 -1.000000
vn 0.000000 0.000000 -1.000000
vn 0.000000 0.000000 -1.000000
vn 0.000000 0.000000 -1.000000
vn 0.000000 0.000000 -1.000000
vn 0.000000 0.000000 -1.000000
vn 0.000000 0.000000 -1.000000
vn 0.000000 0.000000 -1.000000
vn 0.000000 0.000000 -1.000000
vn 0.000000 0.000000 -1.000000
vn 0.000000 0.000000 -1.000000
vn 0.000000 0.000000 -1.000000
vn 0.000000 0.000000 -1.000000
vn 0.000000 0.000000 -1.000000
vn 0.000000 0.000000 -1.000000
vn 0.000000 0.000000 -1.000000
vn 0.000000 0.000000 -1.000000
vn 0.000000 0.000000 -1.000000
vn 0.000000 0.000000 -1.000000
vn 0.000000 0.000000 -1.000000
vn 0.000000 0.000000 -1.000000
vn 0.000000 0.000000 -1.000000
vn 0.000000 0.000000 -1.000000
vn 0.000000 0.000000 -1.000000
vn 0.000000 0.000000 -1.000000
vn 0.000000 0.000000 -1.000000
vn 0.000000 0.000000 -1.000000
vn 0.000000 0.000000 -1.000000
vn 0.000000 0.000000 -1.000000
vn 0.000000 0.000000 -1.000000
vn -0.035599 0.000000 -0.999366
vn -0.035599 0.000000 -0.999366
vn -0.371480 0.000000 -0.928441
vn -0.371480 0.000000 -0.928441
vn -0.707103 0.000000 -0.707110
vn -0.707103 0.000000 -0.707110
vn -0.928439 0.000000 -0.371486
vn -0.928439 0.000000 -0.371486
vn -0.999390 0.000000 -0.034916
vn -0.999390 0.000000 -0.034916
vn -1.000000 0.000000 0.000000
vn -1.000000 0.000000 0.000000
vn -0.999390 0.000000 0.034916
vn -0.999390 0.000000 0.034916
vn -0.928439 0.000000 0.371486
vn -0.928439 0.000000 0.371486
vn -0.707103 0.000000 0.707110
vn -0.707103 0.000000 0.707110
vn -0.371480 0.000000 0.928441
vn -0.371480 0.000000 0.928441
vn -0.033034 0.000000 0.999454
vn -0.033034 0.000000 0.999454
vn 0.000533 0.000000 1.000000
vn 0.000533 0.000000 1.000000
vn 0.000000 0.000000 1.000000
vn 0.000000 0.000000 1.000000
vn 1.000000 0.000000 0.000000
vn 1.000000 0.000000 0.000000
vn 1.000000 0.000000 0.000000
vn 1.000000 0.000000 0.000000
vn -1.000000 0.000000 0.000000
vn -1.000000 0.000000 0.000000
vn -1.000000 0.000000 0.000000
vn -1.000000 0.000000 0.000000
vn 0.000000 0.000000 1.000000
vn 0.000000 0.000000 1.000000
vn 0.000000 0.000000 1.000000
vn 0.000000 0.000000 1.000000
vn 1.000000 0.000000 0.000000
vn 1.000000 0.000000 0.000000
vn 1.000000 0.000000 0.000000
vn 1.000000 0.000000 0.000000
vn 0.000000 0.000000 1.000000
vn 0.000000 0.000000 1.000000
vn 0.000000 0.000000 1.000000
vn 0.000000 0.000000 1.000000
vn 0.000000 0.000000 1.000000
vn 0.000000 0.000000 1.000000
vn 0.000000 0.000000 1.000000
vn 0.000000 0.000000 1.000000
vn 1.000000 0.000000 0.000000
vn 1.000000 0.000000 0.000000
vn 1.000000 0.000000 0.000000
vn 1.000000 0.000000 0.000000
vn -1.000000 0.000000 0.000000
vn -1.000000 0.000000 0.000000
vn -1.000000 0.000000 0.000000
vn -1.000000 0.000000 0.000000
vn 0.000000 0.000000 1.000000
vn 0.000000 0.000000 1.000000
vn 0.000000 0.000000 1.000000
vn 0.000000 0.000000 1.000000
vn 1.000000 0.000000 0.000000
vn 1.000000 0.000000 0.000000
vn 1.000000 0.000000 0.000000
vn 1.000000 0.000000 0.000000
vn 1.000000 0.000000 0.000000
vn 1.000000 0.000000 0.000000
vn 1.000000 0.000000 0.000000
vn 1.000000 0.000000 0.000000
vn 0.000000 0.000000 1.000000
vn 0.000000 0.000000 1.000000
vn 0.000000 0.000000 1.000000
vn 0.000000 0.000000 1.000000
vn -1.000000 0.000000 0.000000
vn -1.000000 0.000000 0.000000
vn -1.000000 0.000000 0.000000
vn -1.000000 0.000000 0.000000
vn -1.000000 0.000000 0.000000
vn -1.000000 0.000000 0.000000
vn -1.000000 0.000000 0.000000
vn -1.000000 0.000000 0.000000
vn -1.000000 0.000000 0.000000
vn -1.000000 0.000000 0.000000
vn -1.000000 0.000000 0.000000
vn -1.000000 0.000000 0.000000
vn 1.000000 0.000000 0.000000
vn 1.000000 0.000000 0.000000
vn 1.000000 0.000000 0.000000
vn 1.000000 0.000000 0.000000
vn 0.000000 0.000000 1.000000
vn 0.000000 0.000000 1.000000
vn 0.000000 0.000000 1.000000
vn 0.000000 0.000000 1.000000
vn -1.000000 0.000000 0.000000
vn -1.000000 0.000000 0.000000
vn -1.000000 0.000000 0.000000
vn -1.000000 0.000000 0.000000
vn 0.000000 0.000000 1.000000
vn 0.000000 0.000000 1.000000
vn 0.000000 0.000000 1.000000
vn 0.000000 0.000000 1.000000
vn 0.000000 0.000000 1.000000
vn 0.000000 0.000000 1.000000
vn 0.000000 0.000000 1.000000
vn 0.000000 0.000000 1.000000
vn -0.000000 0.000000 1.000000
vn -0.000000 0.000000 1.000000
vn 0.000000 0.000000 1.000000
vn 0.000000 0.000000 1.000000
vn 0.000001 0.000000 1.000000
vn 0.000001 0.000000 1.000000
vn 0.000000 0.000000 1.000000
vn 0.000000 0.000000 1.000000
vn 0.000000 0.000000 1.000000
vn 0.000000 0.000000 1.000000
vn 0.000000 0.000000 1.000000
vn 0.000000 0.000000 1.000000
vn 0.000000 0.000000 1.000000
vn 0.000000 0.000000 1.000000
vn 0.000000 0.000000 1.000000
vn 0.000000 0.000000 1.000000
vn 0.000000 0.000000 1.000000
vn 0.000000 0.000000 1.000000
vn 0.000000 0.000000 1.000000
vn 0.000000 0.000000 1.000000
vn -1.000000 0.000000 0.000000
vn -1.000000 0.000000 0.000000
vn -1.000000 0.000000 0.000000
vn -1.000000 0.000000 0.000000
vn 1.000000 0.000000 0.000000
vn 1.000000 0.000000 0.000000
vn 1.000000 0.000000 0.000000
vn 1.000000 0.000000 0.000000
vn -1.000000 0.000000 0.000000
vn -1.000000 0.000000 0.000000
vn -1.000000 0.000000 0.000000
vn -1.000000 0.000000 0.000000
vn 1.000000 0.000000 0.000000
vn 1.000000 0.000000 0.000000
vn 1.000000 0.000000 0.000000
vn 1.000000 0.000000 0.000000
vn 0.000000 0.000000 -1.000000
vn 0.000000 0.000000 -1.000000
vn 0.000000 0.000000 -1.000000
vn 0.000000 0.000000 -1.000000
vn 0.000000 0.000000 -1.000000
vn 0.000000 0.000000 -1.000000
vn 0.000000 0.000000 -1.000000
vn 0.000000 0.000000 -1.000000
vn 1.000000 0.000000 0.000000
vn 1.000000 0.000000 0.000000
vn 1.000000 0.000000 0.000000
vn -1.000000 0.000000 0.000000
vn -1.000000 0.000000 0.000000
vn -1.000000 0.000000 0.000000
vn -1.000000 0.000000 0.000000
vn -1.000000 0.000000 0.000000
vn -1.000000 0.000000 0.000000
vn 1.000000 0.000000 0.000000
vn 1.000000 0.000000 0.000000
vn 1.000000 0.000000 0.000000
vn -0.000000 -0.707102 0.707111
vn -0.000000 -0.707102 0.707111
vn 0.028261 -0.708217 0.705429
vn 0.028262 -0.708217 0.705429
vn -0.000000 -0.707096 0.707117
vn -0.000000 -0.707096 0.707117
vn -0.707086 -0.707127 0.000003
vn -0.707086 -0.707127 0.000003
vn -0.707086 -0.707127 0.000003
vn -0.707086 -0.707127 0.000003
vn 0.000000 0.707108 0.707106
vn 0.000000 0.707108 0.707106
vn 0.000000 0.707107 0.707107
vn 0.000000 0.707107 0.707107
vn 0.028262 0.708216 0.705430
vn 0.028261 0.708216 0.705430
vn -0.707086 0.707127 0.000000
vn -0.707086 0.707127 0.000000
vn -0.707086 0.707127 0.000000
vn -0.707086 0.707127 0.000000
vn 0.267679 0.713944 0.647018
vn 0.267686 0.713944 0.647015
vn 0.267686 -0.713943 0.647016
vn 0.267678 -0.713943 0.647019
vn 0.495104 0.713958 0.495113
vn 0.495113 0.713958 0.495103
vn 0.495119 -0.713948 0.495111
vn 0.495109 -0.713948 0.495121
vn 0.647012 0.713949 0.267680
vn 0.647013 0.713949 0.267678
vn 0.647028 -0.713933 0.267684
vn 0.647027 -0.713933 0.267686
vn 0.705368 0.708245 0.029053
vn 0.705368 0.708245 0.029054
vn 0.705371 -0.708242 0.029054
vn 0.705372 -0.708242 0.029054
vn 0.707093 0.707121 0.000000
vn 0.707093 0.707121 0.000000
vn 0.705368 0.708245 -0.029054
vn 0.705368 0.708246 -0.029054
vn 0.707093 -0.707121 0.000000
vn 0.707093 -0.707121 0.000000
vn 0.705371 -0.708242 -0.029054
vn 0.705371 -0.708242 -0.029054
vn 0.647009 0.713953 -0.267676
vn 0.647010 0.713953 -0.267674
vn 0.647020 -0.713941 -0.267681
vn 0.647020 -0.713941 -0.267683
vn 0.495102 0.713962 -0.495108
vn 0.495111 0.713962 -0.495099
vn 0.495113 -0.713956 -0.495106
vn 0.495104 -0.713956 -0.495116
vn 0.267679 0.713943 -0.647019
vn 0.267687 0.713943 -0.647016
vn 0.267686 -0.713942 -0.647017
vn 0.267678 -0.713942 -0.647020
vn 0.028510 0.708221 -0.705415
vn 0.028510 0.708221 -0.705415
vn 0.028509 -0.708215 -0.705421
vn 0.028510 -0.708215 -0.705421
vn 0.000000 0.707106 -0.707107
vn 0.000000 0.707106 -0.707107
vn -0.000000 -0.707098 -0.707115
vn -0.000000 -0.707098 -0.707115
vn -0.707080 0.707134 0.000000
vn -0.707080 0.707134 0.000000
vn -0.707080 0.707134 0.000000
vn -0.707080 0.707134 0.000000
vn -0.707100 -0.707114 -0.000003
vn -0.707100 -0.707114 -0.000003
vn -0.707100 -0.707114 -0.000003
vn -0.707100 -0.707114 -0.000003
vn 0.707120 0.707093 0.000000
vn 0.707120 0.707093 0.000000
vn 0.707120 0.707093 0.000000
vn 0.707120 0.707093 0.000000
vn 0.000000 0.707108 -0.707105
vn 0.000000 0.707108 -0.707105
vn 0.000000 0.707108 -0.707106
vn 0.000000 0.707108 -0.707106
vn 0.000000 0.707107 -0.707107
vn 0.000000 0.707107 -0.707107
vn 0.000000 -0.707098 -0.707116
vn 0.000000 -0.707098 -0.707116
vn 0.000000 -0.707101 -0.707113
vn 0.000000 -0.707101 -0.707113
vn 0.707134 -0.707080 -0.000002
vn 0.707134 -0.707080 -0.000002
vn 0.707134 -0.707080 -0.000002
vn 0.707134 -0.707080 -0.000002
vn 0.000000 -0.707107 -0.707107
vn 0.000000 -0.707107 -0.707107
vn 0.000000 0.707106 -0.707107
vn 0.000000 0.707106 -0.707107
vn 0.000000 -0.707106 -0.707107
vn 0.000000 -0.707106 -0.707107
vn 0.000000 0.707106 -0.707107
vn 0.000000 0.707106 -0.707107
vn 0.000000 -0.707106 -0.707107
vn 0.000000 -0.707106 -0.707107
vn 0.000000 0.707108 -0.707105
vn 0.000000 0.707108 -0.707105
vn 0.000000 -0.707106 -0.707107
vn 0.000000 -0.707106 -0.707107
vn 0.000000 0.707110 -0.707104
vn 0.000000 0.707110 -0.707104
vn 0.000000 -0.707106 -0.707107
vn 0.000000 -0.707106 -0.707107
vn 0.000000 0.707110 -0.707104
vn 0.000000 0.707110 -0.707104
vn 0.000000 -0.707107 -0.707106
vn 0.000000 -0.707107 -0.707106
vn 0.000000 0.707107 -0.707106
vn 0.000000 0.707107 -0.707106
vn 0.000000 -0.707107 -0.707106
vn 0.000000 -0.707107 -0.707106
vn 0.000000 0.707108 -0.707106
vn 0.000000 0.707108 -0.707106
vn 0.000000 -0.707106 -0.707107
vn 0.000000 -0.707106 -0.707107
vn 0.000000 0.707109 -0.707105
vn 0.000000 0.707109 -0.707105
vn 0.000000 -0.707106 -0.707107
vn 0.000000 -0.707106 -0.707107
vn 0.000000 0.707106 -0.707107
vn 0.000000 0.707106 -0.707107
vn 0.000000 -0.707106 -0.707107
vn 0.000000 -0.707106 -0.707107
vn 0.000000 0.707106 -0.707107
vn 0.000000 0.707106 -0.707107
vn 0.000000 -0.707106 -0.707107
vn 0.000000 -0.707106 -0.707107
vn 0.000000 0.707107 -0.707107
vn 0.000000 0.707107 -0.707107
vn 0.000000 -0.707107 -0.707107
vn 0.000000 -0.707107 -0.707107
vn 0.000000 0.707108 -0.707106
vn 0.000000 0.707108 -0.707106
vn -0.000000 -0.707101 -0.707113
vn -0.000000 -0.707101 -0.707113
vn 0.000000 0.707108 -0.707105
vn 0.000000 0.707108 -0.707105
vn -0.000000 -0.707098 -0.707116
vn -0.000000 -0.707098 -0.707116
vn -0.707127 0.707086 0.000000
vn -0.707127 0.707086 0.000000
vn -0.707127 0.707086 0.000000
vn -0.707127 0.707086 0.000000
vn -0.707127 -0.707086 -0.000002
vn -0.707127 -0.707086 -0.000002
vn -0.707127 -0.707086 -0.000002
vn -0.707127 -0.707086 -0.000002
vn 0.707093 0.707120 0.000000
vn 0.707093 0.707120 0.000000
vn 0.707093 0.707120 0.000000
vn 0.707093 0.707120 0.000000
vn 0.000000 0.707106 -0.707107
vn 0.000000 0.707106 -0.707107
vn -0.028510 0.708222 -0.705414
vn -0.028510 0.708222 -0.705414
vn -0.267679 0.713944 -0.647018
vn -0.267686 0.713944 -0.647015
vn 0.000000 -0.707098 -0.707115
vn 0.000000 -0.707098 -0.707115
vn -0.028509 -0.708216 -0.705420
vn -0.028510 -0.708216 -0.705420
vn 0.707086 -0.707127 -0.000003
vn 0.707086 -0.707127 -0.000003
vn 0.707086 -0.707127 -0.000003
vn 0.707086 -0.707127 -0.000003
vn -0.267686 -0.713943 -0.647016
vn -0.267678 -0.713943 -0.647019
vn -0.495104 0.713958 -0.495113
vn -0.495113 0.713958 -0.495103
vn -0.495119 -0.713948 -0.495111
vn -0.495109 -0.713948 -0.495121
vn -0.647012 0.713949 -0.267680
vn -0.647013 0.713949 -0.267678
vn -0.647028 -0.713933 -0.267684
vn -0.647027 -0.713933 -0.267686
vn -0.705368 0.708245 -0.029053
vn -0.705368 0.708245 -0.029054
vn -0.705371 -0.708242 -0.029054
vn -0.705371 -0.708242 -0.029054
vn -0.707100 0.707114 0.000000
vn -0.707100 0.707114 0.000000
vn -0.707100 -0.707114 0.000000
vn -0.707100 -0.707114 0.000000
vn -0.705368 0.708245 0.029054
vn -0.705368 0.708245 0.029054
vn -0.647009 0.713953 0.267676
vn -0.647010 0.713953 0.267674
vn -0.705372 -0.708242 0.029054
vn -0.705372 -0.708242 0.029054
vn -0.647020 -0.713941 0.267681
vn -0.647020 -0.713941 0.267683
vn -0.495102 0.713962 0.495108
vn -0.495111 0.713962 0.495099
vn -0.495113 -0.713956 0.495106
vn -0.495104 -0.713956 0.495116
vn -0.267679 0.713943 0.647019
vn -0.267687 0.713943 0.647016
vn -0.267686 -0.713942 0.647017
vn -0.267678 -0.713942 0.647020
vn -0.028262 0.708216 0.705430
vn -0.028261 0.708216 0.705430
vn -0.028261 -0.708216 0.705430
vn -0.028262 -0.708216 0.705430
vn 0.000000 0.707108 0.707106
vn 0.000000 0.707108 0.707106
vn 0.000000 -0.707102 0.707111
vn 0.000000 -0.707102 0.707111
vn 0.000000 0.707107 0.707107
vn 0.000000 0.707107 0.707107
vn 0.000000 -0.707096 0.707117
vn 0.000000 -0.707096 0.707117
vn 0.707080 0.707134 0.000000
vn 0.707080 0.707134 0.000000
vn 0.707080 0.707134 0.000000
vn 0.707080 0.707134 0.000000
vn 0.707093 -0.707120 0.000003
vn 0.707093 -0.707120 0.000003
vn 0.707093 -0.707120 0.000003
vn 0.707093 -0.707120 0.000003
vn 0.000000 0.707135 0.707079
vn 0.000000 0.707135 0.707079
vn 0.000000 0.707135 0.707079
vn 0.000000 0.707135 0.707079
vn 0.000000 -0.707138 0.707075
vn 0.000000 -0.707138 0.707075
vn 0.000000 -0.707138 0.707075
vn 0.000000 -0.707138 0.707075
vn 0.000000 -0.707091 0.707122
vn 0.000000 -0.707091 0.707122
vn 0.000000 -0.707091 0.707122
vn 0.000000 -0.707091 0.707123
vn -0.707134 -0.707080 0.000002
vn -0.707134 -0.707080 0.000002
vn -0.707134 -0.707080 0.000002
vn -0.707134 -0.707080 0.000002
vn -0.707127 0.707086 0.000000
vn -0.707127 0.707086 0.000000
vn -0.707127 0.707086 0.000000
vn -0.707127 0.707086 0.000000
vn 0.000000 0.707102 0.707111
vn 0.000000 0.707102 0.707111
vn 0.000000 0.707102 0.707111
vn 0.000000 0.707102 0.707111
vn 0.707080 0.707134 0.000000
vn 0.707080 0.707134 0.000000
vn 0.707080 0.707134 0.000000
vn 0.707080 0.707134 0.000000
vn 0.707086 -0.707127 0.000003
vn 0.707086 -0.707127 0.000003
vn 0.707086 -0.707127 0.000003
vn 0.707086 -0.707127 0.000003
vn 0.000000 0.707142 0.707072
vn 0.000000 0.707142 0.707072
vn 0.000000 0.707142 0.707072
vn 0.000000 0.707142 0.707072
vn 0.000000 -0.707138 0.707075
vn 0.000000 -0.707138 0.707075
vn 0.000000 -0.707138 0.707075
vn 0.000000 -0.707138 0.707075
vn -0.000000 -0.707100 0.707113
vn -0.000000 -0.707100 0.707113
vn 0.000000 -0.707100 0.707113
vn 0.000000 -0.707100 0.707113
vn -0.000000 -0.707097 0.707117
vn -0.000000 -0.707097 0.707117
vn -0.707114 -0.707100 0.000002
vn -0.707114 -0.707100 0.000002
vn -0.707114 -0.707100 0.000002
vn -0.707114 -0.707100 0.000002
vn 0.000000 0.707105 0.707109
vn 0.000000 0.707105 0.707109
vn 0.000000 0.707104 0.707109
vn 0.000000 0.707104 0.707109
vn 0.000000 0.707105 0.707109
vn 0.000000 0.707105 0.707109
vn -0.707107 0.707107 0.000000
vn -0.707107 0.707107 0.000000
vn -0.707107 0.707107 0.000000
vn -0.707107 0.707107 0.000000
vn 0.000000 0.707104 0.707109
vn 0.000000 0.707104 0.707109
vn 0.000000 -0.707097 0.707116
vn 0.000000 -0.707097 0.707116
vn 0.707107 0.707107 0.000000
vn 0.707107 0.707107 0.000000
vn 0.707107 0.707107 0.000000
vn 0.707107 0.707107 0.000000
vn 0.707114 -0.707100 0.000002
vn 0.707114 -0.707100 0.000002
vn 0.707114 -0.707100 0.000002
vn 0.707114 -0.707100 0.000002
vn 0.000000 0.707139 0.707074
vn 0.000000 0.707139 0.707074
vn 0.000000 0.707139 0.707075
vn 0.000000 0.707139 0.707075
vn 0.000000 -0.707136 0.707078
vn 0.000000 -0.707136 0.707078
vn 0.000000 -0.707137 0.707076
vn 0.000000 -0.707137 0.707076
vn 0.000000 -0.707088 0.707125
vn 0.000000 -0.707088 0.707125
vn 0.000000 -0.707088 0.707125
vn 0.000000 -0.707088 0.707125
vn -0.707114 -0.707100 0.000002
vn -0.707114 -0.707100 0.000002
vn -0.707114 -0.707100 0.000002
vn -0.707114 -0.707100 0.000002
vn 0.000000 -0.707140 0.707073
vn 0.000000 -0.707140 0.707073
vn -0.707103 0.707110 0.000000
vn -0.707103 0.707110 0.000000
vn -0.707103 0.707110 0.000000
vn -0.707103 0.707110 0.000000
vn 0.000000 0.707106 0.707107
vn 0.000000 0.707106 0.707108
vn 0.000000 0.707106 0.707108
vn 0.000000 0.707106 0.707107
vn 0.000000 0.707137 0.707077
vn 0.000000 0.707137 0.707077
vn 0.707100 0.707114 0.000000
vn 0.707100 0.707114 0.000000
vn 0.707100 0.707114 0.000000
vn 0.707100 0.707114 0.000000
vn 0.707107 -0.707107 0.000002
vn 0.707107 -0.707107 0.000002
vn 0.707107 -0.707107 0.000002
vn 0.707107 -0.707107 0.000002
vn 0.000000 0.707142 0.707072
vn 0.000000 0.707142 0.707072
vn 0.000000 0.707142 0.707072
vn 0.000000 0.707142 0.707072
vn 0.000000 -0.707138 0.707075
vn 0.000000 -0.707138 0.707075
vn 0.000000 -0.707138 0.707075
vn 0.000000 -0.707138 0.707075
vn 0.000000 0.707102 0.707111
vn 0.000000 0.707102 0.707111
vn 0.000000 0.707102 0.707111
vn 0.000000 0.707102 0.707111
vn 0.707127 0.707086 0.000000
vn 0.707127 0.707086 0.000000
vn 0.707127 0.707086 0.000000
vn 0.707127 0.707086 0.000000
vn 0.000000 0.707135 0.707079
vn 0.000000 0.707135 0.707079
vn 0.000000 0.707135 0.707079
vn 0.000000 0.707135 0.707079
vn 0.707134 -0.707080 0.000002
vn 0.707134 -0.707080 0.000002
vn 0.707134 -0.707080 0.000002
vn 0.707134 -0.707080 0.000002
vn 0.000000 -0.707091 0.707122
vn 0.000000 -0.707091 0.707122
vn 0.000000 -0.707091 0.707123
vn 0.000000 -0.707091 0.707122
vn 0.000000 -0.707138 0.707075
vn 0.000000 -0.707138 0.707075
vn 0.000000 -0.707138 0.707075
vn 0.000000 -0.707138 0.707075
vn -0.707086 -0.707127 0.000003
vn -0.707086 -0.707127 0.000003
vn -0.707086 -0.707127 0.000003
vn -0.707086 -0.707127 0.000003
vn -0.707080 0.707134 0.000000
vn -0.707080 0.707134 0.000000
vn -0.707080 0.707134 0.000000
vn -0.707080 0.707134 0.000000
vn 0.000000 -0.707136 0.707078
vn 0.000000 -0.707136 0.707078
vn 0.000000 -0.707136 0.707077
vn 0.000000 -0.707136 0.707077
vn 0.000000 0.707139 0.707074
vn 0.000000 0.707139 0.707074
vn 0.000000 0.707138 0.707076
vn 0.000000 0.707138 0.707076
vn 0.000000 0.707106 0.707108
vn 0.000000 0.707106 0.707108
vn 0.000000 0.707106 0.707108
vn 0.000000 0.707106 0.707108
vn 0.707103 0.707110 0.000000
vn 0.707103 0.707110 0.000000
vn 0.707103 0.707110 0.000000
vn 0.707103 0.707110 0.000000
vn 0.000000 0.707134 0.707079
vn 0.000000 0.707134 0.707079
vn 0.707110 -0.707103 0.000002
vn 0.707110 -0.707103 0.000002
vn 0.707110 -0.707103 0.000002
vn 0.707110 -0.707103 0.000002
vn 0.000000 -0.707088 0.707126
vn 0.000000 -0.707088 0.707126
vn 0.000000 -0.707088 0.707126
vn 0.000000 -0.707088 0.707126
vn 0.000000 -0.707138 0.707076
vn 0.000000 -0.707138 0.707076
vn -0.707107 -0.707107 0.000002
vn -0.707107 -0.707107 0.000002
vn -0.707107 -0.707107 0.000002
vn -0.707107 -0.707107 0.000002
vn -0.707100 0.707114 0.000000
vn -0.707100 0.707114 0.000000
vn -0.707100 0.707114 0.000000
vn -0.707100 0.707114 0.000000
vn 0.000000 0.707137 -0.707076
vn 0.000000 0.707137 -0.707076
vn 0.000000 0.707137 -0.707076
vn 0.000000 0.707137 -0.707076
vn 0.000000 -0.707141 -0.707073
vn 0.000000 -0.707141 -0.707073
vn 0.000000 -0.707141 -0.707073
vn 0.000000 -0.707141 -0.707073
vn 0.000000 0.707137 -0.707076
vn 0.000000 0.707137 -0.707076
vn 0.000000 0.707137 -0.707076
vn 0.000000 0.707137 -0.707076
vn 0.000000 -0.707141 -0.707073
vn 0.000000 -0.707141 -0.707073
vn 0.000000 -0.707141 -0.707073
vn 0.000000 -0.707141 -0.707073
vn 0.000000 0.000000 1.000000
vn 0.000000 0.000000 1.000000
vn 0.000000 0.000000 1.000000
vn 0.000000 0.000000 1.000000
vn 0.000000 0.000000 -1.000000
vn 0.000000 0.000000 -1.000000
vn 0.000000 0.000000 -1.000000
vn 0.000000 0.000000 -1.000000
vn 0.000000 0.000000 1.000000
vn 0.000000 0.000000 1.000000
vn 0.000000 0.000000 1.000000
vn 0.000000 0.000000 1.000000
vn 0.000000 0.000000 -1.000000
vn 0.000000 0.000000 -1.000000
vn 0.000000 0.000000 -1.000000
vn 0.000000 0.000000 -1.000000
vn -0.000000 0.000000 1.000000
vn -0.000000 0.000000 1.000000
vn -0.000000 0.000000 1.000000
vn -0.000000 0.000000 1.000000
vn 0.000000 0.000000 -1.000000
vn 0.000000 0.000000 -1.000000
vn 0.000000 0.000000 -1.000000
vn 0.000000 0.000000 -1.000000
vn 0.000000 0.000000 1.000000
vn 0.000000 0.000000 1.000000
vn 0.000000 0.000000 1.000000
vn 0.000000 0.000000 1.000000
vn 0.000000 0.000000 -1.000000
vn 0.000000 0.000000 -1.000000
vn 0.000000 0.000000 -1.000000
vn 0.000000 0.000000 -1.000000
vn 0.000000 0.000000 1.000000
vn 0.000000 0.000000 1.000000
vn 0.000000 0.000000 1.000000
vn 0.000000 0.000000 1.000000
vn 0.000000 0.000000 -1.000000
vn 0.000000 0.000000 -1.000000
vn 0.000000 0.000000 -1.000000
vn 0.000000 0.000000 -1.000000
vn -0.000000 0.000000 1.000000
vn -0.000000 0.000000 1.000000
vn -0.000000 0.000000 1.000000
vn -0.000000 0.000000 1.000000
vn 0.000000 0.000000 -1.000000
vn 0.000000 0.000000 -1.000000
vn 0.000000 0.000000 -1.000000
vn 0.000000 0.000000 -1.000000
vn 0.000000 0.000000 1.000000
vn 0.000000 0.000000 1.000000
vn 0.000000 0.000000 1.000000
vn 0.000000 0.000000 1.000000
vn 0.000000 0.000000 -1.000000
vn 0.000000 0.000000 -1.000000
vn 0.000000 0.000000 -1.000000
vn 0.000000 0.000000 -1.000000
vn 0.000000 0.000000 1.000000
vn 0.000000 0.000000 1.000000
vn 0.000000 0.000000 1.000000
vn 0.000000 0.000000 1.000000
vn 0.000000 0.000000 -1.000000
vn 0.000000 0.000000 -1.000000
vn 0.000000 0.000000 1.000000
vn 0.000000 0.000000 1.000000
vn 0.000000 0.000000 -1.000000
vn 0.000000 0.000000 -1.000000
vn 0.000000 0.000000 1.000000
vn 0.000000 0.000000 1.000000
vn 0.000000 0.000000 -1.000000
vn 0.000000 0.000000 -1.000000
vn 0.000000 0.000000 1.000000
vn 0.000000 0.000000 1.000000
vn 0.000000 0.000000 1.000000
vn 0.000000 0.000000 1.000000
vn -0.040399 0.000000 0.999184
vn -0.040399 0.000000 0.999184
vn -0.040399 -0.000000 -0.999184
vn 0.000000 0.000000 -1.000000
vn 0.000000 0.000000 -1.000000
vn -0.040399 0.000000 -0.999184
vn 0.040399 0.000000 -0.999184
vn 0.000000 0.000000 -1.000000
vn 0.000000 0.000000 -1.000000
vn 0.040399 0.000000 -0.999184
vn 0.040399 -0.000000 0.999184
vn 0.000000 0.000000 1.000000
vn 0.000000 0.000000 1.000000
vn 0.040399 0.000000 0.999184
vn -0.923880 0.000000 0.382683
vn -0.999099 0.000000 0.042446
vn -0.999069 -0.000000 0.043141
vn -0.923880 -0.000001 0.382683
vn -0.707106 0.000000 0.707107
vn -0.707106 -0.000000 0.707107
vn -0.382685 0.000000 0.923879
vn -0.382685 0.000000 0.923879
vn -0.382685 0.000000 -0.923879
vn -0.382685 0.000000 -0.923879
vn -0.707106 0.000000 -0.707107
vn -0.707106 0.000000 -0.707107
vn -0.999099 0.000000 -0.042446
vn -0.923880 0.000001 -0.382683
vn -0.923880 -0.000001 -0.382683
vn -0.999069 -0.000000 -0.043141
vn 0.382685 0.000000 0.923879
vn 0.382685 0.000000 0.923879
vn 0.707106 0.000000 0.707107
vn 0.707106 0.000000 0.707107
vn 0.999099 0.000000 0.042446
vn 0.923880 0.000001 0.382683
vn 0.923880 -0.000001 0.382683
vn 0.999069 -0.000000 0.043141
vn 0.923880 0.000000 -0.382683
vn 0.999099 0.000000 -0.042446
vn 0.999069 -0.000000 -0.043141
vn 0.923880 -0.000001 -0.382683
vn 0.707106 0.000000 -0.707107
vn 0.707106 -0.000000 -0.707107
vn 0.382685 0.000000 -0.923879
vn 0.382685 0.000000 -0.923879
vn 0.000000 0.000000 -1.000000
vn 0.000000 0.000000 -1.000000
vn 0.000000 0.000000 -1.000000
vn 0.000000 0.000000 -1.000000
vn 0.000000 0.000000 1.000000
vn 0.000000 0.000000 1.000000
vn 0.000000 0.000000 1.000000
vn 0.000000 0.000000 1.000000
vn 0.000000 0.000000 1.000000
vn 0.000000 0.000000 1.000000
vn 0.000000 0.000000 1.000000
vn 0.000000 0.000000 1.000000
vn 0.000000 0.000000 1.000000
vn 0.000000 0.000000 1.000000
vn 0.000000 0.000000 1.000000
vn 0.000000 0.000000 1.000000
vn 0.000000 0.000000 1.000000
vn 0.000000 0.000000 1.000000
vn 0.000000 0.000000 -1.000000
vn 0.000000 0.000000 -1.000000
vn 0.000000 0.000000 1.000000
vn 0.000000 0.000000 1.000000
vn 0.000000 0.000000 1.000000
vn 0.000000 0.000000 1.000000
vn -1.000000 0.000000 0.000000
vn -1.000000 0.000000 0.000000
vn -1.000000 0.000000 0.000000
vn -1.000000 0.000000 0.000000
vn 1.000000 0.000000 0.000000
vn 1.000000 0.000000 0.000000
vn 1.000000 0.000000 0.000000
vn 1.000000 0.000000 0.000000
vn 1.000000 0.000000 0.000000
vn 1.000000 0.000000 0.000000
vn 1.000000 0.000000 0.000000
vn 1.000000 0.000000 0.000000
vn -1.000000 0.000000 0.000000
vn -1.000000 0.000000 0.000000
vn -1.000000 0.000000 0.000000
vn -1.000000 0.000000 0.000000
vn -1.000000 0.000000 0.000000
vn -1.000000 0.000000 0.000000
vn -1.000000 0.000000 0.000000
vn -1.000000 0.000000 0.000000
vn 1.000000 0.000000 0.000000
vn 1.000000 0.000000 0.000000
vn 1.000000 0.000000 0.000000
vn 1.000000 0.000000 0.000000
vn -1.000000 0.000000 0.000000
vn -1.000000 0.000000 0.000000
vn -1.000000 0.000000 0.000000
vn -1.000000 0.000000 0.000000
vn 1.000000 0.000000 0.000000
vn 1.000000 0.000000 0.000000
vn 1.000000 0.000000 0.000000
vn 1.000000 0.000000 0.000000
vn -1.000000 0.000000 0.000000
vn -1.000000 0.000000 0.000000
vn -1.000000 0.000000 0.000000
vn -1.000000 0.000000 0.000000
vn 1.000000 0.000000 0.000000
vn 1.000000 0.000000 0.000000
vn 1.000000 0.000000 0.000000
vn 1.000000 0.000000 0.000000
vn 1.000000 0.000000 0.000000
vn 1.000000 0.000000 0.000000
vn 1.000000 0.000000 0.000000
vn 1.000000 0.000000 0.000000
vn -1.000000 0.000000 0.000000
vn -1.000000 0.000000 0.000000
vn -1.000000 0.000000 0.000000
vn -1.000000 0.000000 0.000000
vn 1.000000 0.000000 0.000000
vn 1.000000 0.000000 0.000000
vn 1.000000 0.000000 0.000000
vn 1.000000 0.000000 0.000000
vn -1.000000 0.000000 0.000000
vn -1.000000 0.000000 0.000000
vn -1.000000 0.000000 0.000000
vn -1.000000 0.000000 0.000000
vn -1.000000 0.000000 0.000000
vn -1.000000 0.000000 0.000000
vn -1.000000 0.000000 0.000000
vn -1.000000 0.000000 0.000000
vn 1.000000 0.000000 0.000000
vn 1.000000 0.000000 0.000000
vn 1.000000 0.000000 0.000000
vn 1.000000 0.000000 0.000000
vn 0.000000 -1.000000 0.000000
vn 0.000000 -1.000000 0.000000
vn 0.000000 -1.000000 0.000000
vn 0.000000 -1.000000 0.000000
vn 0.000000 1.000000 -0.000001
vn 0.000000 1.000000 -0.000000
vn 0.000000 1.000000 -0.000000
vn 0.000000 1.000000 -0.000001
vn 0.000000 1.000000 -0.000000
vn 0.000000 1.000000 -0.000000
vn 0.000000 -1.000000 0.000000
vn 0.000000 -1.000000 0.000000
vn 0.000000 1.000000 -0.000000
vn 0.000000 1.000000 -0.000000
vn 0.000000 -1.000000 -0.000000
vn 0.000000 -1.000000 -0.000000
vn 0.000000 1.000000 -0.000000
vn 0.000000 1.000000 -0.000000
vn 0.000000 -1.000000 0.000000
vn 0.000000 -1.000000 0.000000
vn 0.000000 1.000000 0.000000
vn 0.000000 1.000000 0.000000
vn 0.000000 -1.000000 0.000000
vn 0.000000 -1.000000 0.000000
vn 0.000000 1.000000 0.000000
vn 0.000000 1.000000 0.000000
vn 0.000000 -1.000000 0.000000
vn 0.000000 -1.000000 0.000000
vn 0.000000 1.000000 0.000000
vn 0.000000 1.000000 0.000000
vn 0.000000 1.000000 0.000000
vn 0.000000 1.000000 0.000000
vn 0.000000 -1.000000 -0.000000
vn 0.000000 -1.000000 0.000000
vn 0.000000 -1.000000 0.000000
vn 0.000000 -1.000000 -0.000000
vn 0.000000 1.000000 0.000000
vn 0.000000 1.000000 0.000000
vn 0.000000 -1.000000 -0.000001
vn 0.000000 -1.000000 -0.000001
vn 0.000000 1.000000 0.000000
vn 0.000000 1.000000 0.000000
vn 0.000000 -1.000000 0.000000
vn 0.000000 -1.000000 0.000000
vn 0.000000 1.000000 0.000001
vn 0.000000 1.000000 0.000001
vn 0.000000 -1.000000 0.000002
vn 0.000000 -1.000000 0.000002
vn 0.000000 1.000000 0.000000
vn 0.000000 1.000000 0.000000
vn 0.000000 -1.000000 0.000003
vn 0.000000 -1.000000 0.000003
vn 0.000000 1.000000 0.000000
vn 0.000000 1.000000 0.000000
vn 0.000000 -1.000000 0.000003
vn 0.000000 -1.000000 0.000003
vn 0.000000 1.000000 -0.000007
vn 0.000000 1.000000 -0.000007
vn 0.000000 1.000000 -0.000007
vn 0.000000 1.000000 -0.000007
vn 0.000000 -1.000000 -0.000003
vn 0.000000 -1.000000 -0.000003
vn 0.000000 -1.000000 -0.000003
vn 0.000000 -1.000000 -0.000003
vn 0.000000 1.000000 -0.000001
vn 0.000000 1.000000 -0.000001
vn 0.000000 1.000000 -0.000001
vn 0.000000 1.000000 -0.000001
vn 0.000000 -1.000000 0.000002
vn 0.000000 -1.000000 0.000002
vn 0.000000 -1.000000 0.000002
vn 0.000000 -1.000000 0.000002
vn 0.000000 1.000000 0.000000
vn 0.000000 1.000000 0.000000
vn 0.000000 -1.000000 0.000000
vn 0.000000 -1.000000 0.000000
vn 0.000000 1.000000 0.000000
vn 0.000000 1.000000 0.000000
vn 0.000000 -1.000000 0.000000
vn 0.000000 -1.000000 0.000000
vn 0.000000 1.000000 0.000000
vn 0.000000 1.000000 0.000000
vn 0.000000 -1.000000 0.000000
vn 0.000000 -1.000000 0.000000
vn 0.000000 1.000000 0.000000
vn 0.000000 1.000000 0.000000
vn 0.000000 -1.000000 0.000000
vn 0.000000 -1.000000 0.000000
vn 0.000000 1.000000 0.000000
vn 0.000000 1.000000 0.000000
vn 0.000000 -1.000000 0.000000
vn 0.000000 -1.000000 0.000000
vn 0.000000 1.000000 0.000000
vn 0.000000 1.000000 0.000000
vn 0.000000 -1.000000 0.000000
vn 0.000000 -1.000000 0.000000
vn 0.000000 1.000000 0.000000
vn 0.000000 1.000000 0.000000
vn 0.000000 -1.000000 0.000000
vn 0.000000 -1.000000 0.000000
vn 0.000000 1.000000 0.000000
vn 0.000000 1.000000 0.000000
vn 0.000000 -1.000000 0.000000
vn 0.000000 -1.000000 0.000000
vn 0.000000 1.000000 0.000000
vn 0.000000 1.000000 0.000000
vn 0.000000 -1.000000 0.000000
vn 0.000000 -1.000000 0.000000
vn 0.000000 1.000000 0.000000
vn 0.000000 1.000000 0.000000
vn 0.000000 -1.000000 0.000000
vn 0.000000 -1.000000 0.000000
vn 0.000000 1.000000 0.000000
vn 0.000000 1.000000 0.000000
vn 0.000000 -1.000000 0.000000
vn 0.000000 -1.000000 0.000000
vn 0.000000 1.000000 0.000000
vn 0.000000 1.000000 0.000000
vn 0.000000 -1.000000 0.000000
vn 0.000000 -1.000000 0.000000
vn 0.000000 1.000000 0.000000
vn 0.000000 1.000000 0.000000
vn 0.000000 -1.000000 0.000001
vn 0.000000 -1.000000 0.000001
vn 0.000000 1.000000 0.000000
vn 0.000000 1.000000 0.000000
vn 0.000000 -1.000000 0.000001
vn 0.000000 -1.000000 0.000001
vn 0.000000 1.000000 -0.000003
vn 0.000000 1.000000 -0.000003
vn 0.000000 1.000000 -0.000003
vn 0.000000 1.000000 -0.000003
vn 0.000000 -1.000000 -0.000000
vn 0.000000 -1.000000 -0.000000
vn 0.000000 -1.000000 -0.000000
vn 0.000000 -1.000000 -0.000000
vn 0.000000 1.000000 0.000001
vn 0.000000 1.000000 0.000001
vn 0.000000 1.000000 0.000001
vn 0.000000 1.000000 0.000001
vn 0.000000 -1.000000 0.000002
vn 0.000000 -1.000000 0.000002
vn 0.000000 -1.000000 0.000002
vn 0.000000 -1.000000 0.000002
vn 0.000000 1.000000 0.000000
vn 0.000000 1.000000 0.000000
vn 0.000000 -1.000000 0.000000
vn 0.000000 -1.000000 0.000000
vn 0.000000 1.000000 0.000000
vn 0.000000 1.000000 0.000000
vn 0.000000 -1.000000 -0.000000
vn 0.000000 -1.000000 -0.000000
vn 0.000000 1.000000 -0.000000
vn 0.000000 1.000000 -0.000000
vn 0.000000 -1.000000 0.000000
vn 0.000000 -1.000000 0.000000
vn 0.000000 1.000000 -0.000000
vn 0.000000 1.000000 -0.000000
vn 0.000000 -1.000000 0.000000
vn 0.000000 -1.000000 0.000000
vn 0.000000 1.000000 0.000000
vn 0.000000 1.000000 0.000000
vn 0.000000 -1.000000 0.000000
vn 0.000000 -1.000000 0.000000
vn 0.000000 1.000000 0.000000
vn 0.000000 1.000000 0.000000
vn 0.000000 1.000000 0.000000
vn 0.000000 1.000000 0.000000
vn 0.000000 -1.000000 0.000001
vn 0.000000 -1.000000 0.000000
vn 0.000000 -1.000000 0.000000
vn 0.000000 -1.000000 0.000001
vn 0.000000 1.000000 -0.000000
vn 0.000000 1.000000 -0.000000
vn 0.000000 -1.000000 -0.000000
vn 0.000000 -1.000000 -0.000000
vn 0.000000 1.000000 -0.000001
vn 0.000000 1.000000 -0.000001
vn 0.000000 -1.000000 -0.000002
vn 0.000000 -1.000000 -0.000002
vn 0.000000 1.000000 -0.000000
vn 0.000000 1.000000 -0.000000
vn 0.000000 -1.000000 -0.000001
vn 0.000000 -1.000000 -0.000001
vn 0.000000 1.000000 -0.000000
vn 0.000000 1.000000 -0.000000
vn 0.000000 -1.000000 -0.000000
vn 0.000000 -1.000000 -0.000000
vn 0.000000 1.000000 0.000000
vn 0.000000 1.000000 0.000000
vn 0.000000 -1.000000 -0.000000
vn 0.000000 -1.000000 -0.000000
vn 0.000000 1.000000 -0.000003
vn 0.000000 1.000000 -0.000003
vn 0.000000 -1.000000 0.000003
vn 0.000000 -1.000000 0.000003
vn 0.000000 -1.000000 -0.000001
vn 0.000000 -1.000000 0.000003
vn 0.000000 -1.000000 0.000003
vn 0.000000 -1.000000 -0.000001
vn 0.000000 1.000000 -0.000003
vn 0.000000 1.000000 -0.000006
vn 0.000000 1.000000 -0.000006
vn 0.000000 1.000000 -0.000003
vn 0.000000 1.000000 -0.000006
vn 0.000000 1.000000 -0.000006
vn 0.000000 -1.000000 -0.000001
vn 0.000000 -1.000000 -0.000001
vn 0.000000 1.000000 0.000002
vn 0.000000 1.000000 0.000002
vn 0.000000 -1.000000 -0.000001
vn 0.000000 -1.000000 -0.000001
vn 0.000000 -1.000000 0.000000
vn 0.000000 -1.000000 0.000000
vn 0.000000 -1.000000 0.000000
vn 0.000000 -1.000000 0.000000
vn 0.000000 1.000000 0.000000
vn 0.000000 1.000000 0.000000
vn 0.000000 1.000000 0.000000
vn 0.000000 1.000000 0.000000
vn 0.000000 1.000000 0.000000
vn 0.000000 1.000000 0.000000
vn 0.000000 -1.000000 0.000000
vn 0.000000 -1.000000 0.000000
vn 0.000000 1.000000 0.000000
vn 0.000000 1.000000 0.000000
vn 0.000000 -1.000000 0.000000
vn 0.000000 -1.000000 0.000000
vn 0.000000 1.000000 -0.000001
vn 0.000000 1.000000 -0.000001
vn 0.000000 -1.000000 0.000000
vn 0.000000 -1.000000 0.000000
vn 0.000000 -1.000000 0.000001
vn 0.000000 -1.000000 0.000003
vn 0.000000 -1.000000 0.000003
vn 0.000000 -1.000000 0.000001
vn 0.000000 1.000000 0.000000
vn 0.000000 1.000000 -0.000003
vn 0.000000 1.000000 -0.000003
vn 0.000000 1.000000 0.000000
vn 0.000000 1.000000 -0.000003
vn 0.000000 1.000000 -0.000003
vn 0.000000 -1.000000 0.000001
vn 0.000000 -1.000000 0.000001
vn 0.000000 1.000000 -0.000001
vn 0.000000 1.000000 -0.000001
vn 0.000000 -1.000000 -0.000010
vn 0.000000 -1.000000 -0.000010
vn 0.000000 1.000000 -0.000004
vn 0.000000 1.000000 -0.000007
vn 0.000000 1.000000 -0.000007
vn 0.000000 1.000000 -0.000004
vn 0.000000 -1.000000 0.000000
vn 0.000000 -1.000000 -0.000001
vn 0.000000 -1.000000 -0.000001
vn 0.000000 -1.000000 0.000000
vn 0.000000 -1.000000 -0.000001
vn 0.000000 -1.000000 -0.000001
vn 0.000000 1.000000 -0.000004
vn 0.000000 1.000000 -0.000004
vn 0.000000 -1.000000 -0.000010
vn 0.000000 -1.000000 -0.000010
vn 0.000000 1.000000 -0.000001
vn 0.000000 1.000000 -0.000001
vn 0.000000 -1.000000 0.000000
vn 0.000000 -1.000000 0.000000
vn 0.000000 1.000000 -0.000008
vn 0.000000 1.000000 -0.000008
vn 0.000000 -1.000000 -0.000001
vn 0.000000 -1.000000 -0.000001
vn 0.000000 1.000000 0.000000
vn 0.000000 1.000000 0.000000
vn 0.000000 1.000000 0.000007
vn 0.000000 1.000000 -0.000001
vn 0.000000 1.000000 -0.000001
vn 0.000000 1.000000 0.000007
vn 0.000000 -1.000000 0.000000
vn 0.000000 -1.000000 -0.000002
vn 0.000000 -1.000000 -0.000002
vn 0.000000 -1.000000 0.000000
vn 0.000000 -1.000000 -0.000002
vn 0.000000 -1.000000 -0.000002
vn 0.000000 1.000000 0.000007
vn 0.000000 1.000000 0.000007
vn 0.000000 -1.000000 -0.000001
vn 0.000000 -1.000000 -0.000001
vn 0.000000 1.000000 0.000002
vn 0.000000 1.000000 0.000002
vn 0.000000 -1.000000 -0.000000
vn 0.000000 -1.000000 -0.000000
vn 0.000000 1.000000 -0.000000
vn 0.000000 1.000000 -0.000000
vn 0.000000 -1.000000 0.000001
vn 0.000000 -1.000000 0.000001
vn 0.000000 1.000000 -0.000001
vn 0.000000 1.000000 -0.000001
vn -0.707095 0.707119 0.000000
vn -0.707095 0.707119 0.000000
vn -0.707093 0.707120 0.000000
vn -0.707093 0.707120 0.000000
vn 0.000000 1.000000 0.000000
vn 0.000000 1.000000 0.000000
vn 0.000000 1.000000 0.000000
vn 0.000000 1.000000 0.000000
vn -1.000000 0.000000 0.000000
vn -1.000000 0.000000 0.000000
vn -1.000000 0.000000 0.000000
vn -1.000000 0.000000 0.000000
vn 0.000000 -1.000000 0.000000
vn 0.000000 -1.000000 0.000000
vn 0.000000 -1.000000 0.000000
vn 0.000000 -1.000000 0.000000
vn -0.707095 -0.707119 0.000000
vn -0.707095 -0.707119 0.000000
vn -0.707093 -0.707120 0.000000
vn -0.707093 -0.707120 0.000000
vn 0.000000 1.000000 0.000000
vn -0.434216 0.900809 0.000000
vn -0.438033 0.898959 0.000000
vn 0.000000 1.000000 0.000000
vn 0.000000 1.000000 0.000000
vn 0.000000 1.000000 0.000000
vn 0.000000 1.000000 0.000000
vn 0.000000 1.000000 0.000000
vn 0.000000 1.000000 0.000000
vn 0.000000 1.000000 0.000000
vn 0.000000 1.000000 0.000000
vn 0.000000 1.000000 0.000000
vn 0.000000 1.000000 0.000000
vn 0.000000 1.000000 0.000000
vn 0.707106 0.707107 0.000000
vn 0.707106 0.707107 0.000000
vn 0.707105 0.707109 0.000000
vn 0.707105 0.707108 0.000000
vn 1.000000 0.000000 0.000000
vn 1.000000 0.000000 0.000000
vn 1.000000 0.000000 0.000000
vn 1.000000 0.000000 0.000000
vn 0.000000 1.000000 0.000000
vn 0.000000 1.000000 0.000000
vn 0.000000 1.000000 0.000000
vn 0.000000 1.000000 0.000000
vn 0.000000 1.000000 0.000000
vn 0.000000 1.000000 0.000000
vn -1.000000 0.000000 0.000000
vn -1.000000 0.000000 0.000000
vn -1.000000 0.000000 0.000000
vn -1.000000 0.000000 0.000000
vn -0.707111 0.707102 0.000000
vn -0.707111 0.707102 0.000000
vn -0.707112 0.707102 0.000000
vn -0.707112 0.707102 0.000000
vn 0.000000 1.000000 0.000000
vn 0.000000 1.000000 0.000000
vn 0.000000 1.000000 0.000000
vn 0.000000 1.000000 0.000000
vn 0.000000 1.000000 0.000000
vn 0.000000 1.000000 0.000000
vn 0.000000 1.000000 0.000000
vn 0.000000 1.000000 0.000000
vn 0.707104 0.707109 0.000000
vn 0.707104 0.707109 0.000000
vn 0.707105 0.707109 0.000000
vn 0.707105 0.707109 0.000000
vn 1.000000 0.000000 0.000000
vn 1.000000 0.000000 0.000000
vn 1.000000 0.000000 0.000000
vn 1.000000 0.000000 0.000000
vn 0.000000 1.000000 0.000000
vn 0.000000 1.000000 0.000000
vn 0.000000 1.000000 0.000000
vn 0.000000 1.000000 0.000000
vn 0.000000 1.000000 0.000000
vn 0.000000 1.000000 0.000000
vn -1.000000 0.000000 0.000000
vn -1.000000 0.000000 0.000000
vn -1.000000 0.000000 0.000000
vn -1.000000 0.000000 0.000000
vn -0.707105 0.707108 0.000000
vn -0.707105 0.707108 0.000000
vn -0.707106 0.707108 0.000000
vn -0.707106 0.707108 0.000000
vn 0.000000 1.000000 0.000000
vn 0.000000 1.000000 0.000000
vn 0.000000 1.000000 0.000000
vn 0.000000 1.000000 0.000000
vn 0.000000 1.000000 0.000000
vn 0.000000 1.000000 0.000000
vn 0.000000 1.000000 0.000000
vn 0.000000 1.000000 0.000000
vn 0.707106 0.707108 0.000000
vn 0.707106 0.707108 0.000000
vn 0.707105 0.707109 -0.000000
vn 0.707105 0.707109 -0.000000
vn 1.000000 0.000000 0.000000
vn 1.000000 0.000000 0.000000
vn 1.000000 0.000000 0.000000
vn 1.000000 0.000000 0.000000
vn 0.000000 1.000000 0.000000
vn 0.000000 1.000000 0.000000
vn 0.000000 1.000000 0.000000
vn 0.000000 1.000000 0.000000
vn 0.000000 1.000000 0.000000
vn 0.000000 1.000000 0.000000
vn -1.000000 0.000000 0.000000
vn -1.000000 0.000000 0.000000
vn -1.000000 0.000000 0.000000
vn -1.000000 0.000000 0.000000
vn -0.707106 0.707107 0.000000
vn -0.707106 0.707107 0.000000
vn -0.707106 0.707107 0.000000
vn -0.707106 0.707107 0.000000
vn 0.000000 1.000000 0.000000
vn 0.000000 1.000000 0.000000
vn 0.000000 1.000000 0.000000
vn 0.000000 1.000000 0.000000
vn 0.000000 1.000000 0.000000
vn 0.000000 1.000000 0.000000
vn 0.000000 1.000000 0.000000
vn 0.000000 1.000000 0.000000
vn 0.707106 0.707107 0.000000
vn 0.707106 0.707107 0.000000
vn 0.707106 0.707107 0.000000
vn 0.707106 0.707107 0.000000
vn 1.000000 0.000000 0.000000
vn 1.000000 0.000000 0.000000
vn 1.000000 0.000000 0.000000
vn 1.000000 0.000000 0.000000
vn 0.000000 1.000000 0.000000
vn 0.000000 1.000000 0.000000
vn 0.000000 1.000000 0.000000
vn 0.000000 1.000000 0.000000
vn 0.000000 1.000000 0.000000
vn 0.000000 1.000000 0.000000
vn -1.000000 0.000000 0.000000
vn -1.000000 0.000000 0.000000
vn -1.000000 0.000000 0.000000
vn -1.000000 0.000000 0.000000
vn -0.707106 0.707108 0.000000
vn -0.707106 0.707108 0.000000
vn -0.707105 0.707109 0.000000
vn -0.707105 0.707109 0.000000
vn 0.000000 1.000000 0.000000
vn 0.000000 1.000000 0.000000
vn 0.000000 1.000000 0.000000
vn 0.000000 1.000000 0.000000
vn 0.000000 1.000000 0.000000
vn 0.000000 1.000000 0.000000
vn 0.000000 1.000000 0.000000
vn 0.000000 1.000000 0.000000
vn 0.707108 0.707105 0.000000
vn 0.707108 0.707105 0.000000
vn 0.707109 0.707105 0.000000
vn 0.707109 0.707105 0.000000
vn 1.000000 0.000000 0.000000
vn 1.000000 0.000000 0.000000
vn 1.000000 0.000000 0.000000
vn 1.000000 0.000000 0.000000
vn 0.000000 1.000000 0.000000
vn 0.000000 1.000000 0.000000
vn 0.000000 1.000000 0.000000
vn 0.000000 1.000000 0.000000
vn 0.000000 1.000000 0.000000
vn 0.000000 1.000000 0.000000
vn -1.000000 0.000000 0.000000
vn -1.000000 0.000000 0.000000
vn -1.000000 0.000000 -0.000000
vn -1.000000 0.000000 -0.000000
vn -0.707104 0.707110 0.000000
vn -0.707104 0.707110 0.000000
vn -0.707103 0.707110 -0.000000
vn -0.707103 0.707110 -0.000000
vn 0.000000 1.000000 0.000000
vn 0.000000 1.000000 0.000000
vn 0.000000 1.000000 0.000000
vn 0.000000 1.000000 0.000000
vn 0.000000 1.000000 0.000000
vn 0.000000 1.000000 0.000000
vn 0.000000 1.000000 0.000000
vn 0.000000 1.000000 0.000000
vn 0.707110 0.707103 0.000000
vn 0.707110 0.707103 0.000000
vn 0.707110 0.707103 0.000000
vn 0.707110 0.707103 0.000000
vn 1.000000 0.000000 0.000000
vn 1.000000 0.000000 0.000000
vn 1.000000 0.000000 0.000000
vn 1.000000 0.000000 0.000000
vn 0.000000 1.000000 0.000000
vn 0.000000 1.000000 0.000000
vn 0.000000 1.000000 0.000000
vn 0.000000 1.000000 0.000000
vn 0.000000 1.000000 0.000000
vn 0.000000 1.000000 0.000000
vn -1.000000 0.000000 0.000000
vn -1.000000 0.000000 0.000000
vn -1.000000 0.000000 0.000000
vn -1.000000 0.000000 0.000000
vn -0.707107 0.707106 0.000000
vn -0.707107 0.707106 0.000000
vn -0.707105 0.707109 0.000000
vn -0.707105 0.707109 0.000000
vn 0.000000 1.000000 0.000000
vn 0.000000 1.000000 0.000000
vn 0.000000 1.000000 0.000000
vn 0.000000 1.000000 0.000000
vn 0.000000 1.000000 0.000000
vn 0.000000 1.000000 0.000000
vn 0.000000 1.000000 0.000000
vn 0.000000 1.000000 0.000000
vn 0.000000 1.000000 0.000000
vn 0.000000 1.000000 0.000000
vn 0.000000 1.000000 0.000000
vn 0.000000 1.000000 0.000000
vn 0.434232 0.900801 -0.000000
vn 0.438061 0.898945 -0.000000
vn 0.707099 -0.707115 0.000000
vn 0.707099 -0.707115 0.000000
vn 0.707100 -0.707114 0.000000
vn 0.707100 -0.707114 0.000000
vn 0.000000 -1.000000 0.000000
vn 0.000000 -1.000000 0.000000
vn 0.000000 -1.000000 0.000000
vn 0.000000 -1.000000 0.000000
vn 1.000000 0.000000 0.000000
vn 1.000000 0.000000 0.000000
vn 1.000000 0.000000 0.000000
vn 1.000000 0.000000 0.000000
vn 0.000000 1.000000 0.000000
vn 0.000000 1.000000 0.000000
vn 0.000000 1.000000 0.000000
vn 0.000000 1.000000 0.000000
vn 0.707099 0.707115 0.000000
vn 0.707099 0.707115 0.000000
vn 0.707100 0.707114 0.000000
vn 0.707100 0.707114 0.000000
vn -0.707099 0.707115 0.000000
vn -0.707099 0.707115 0.000000
vn 0.000000 1.000000 0.000000
vn 0.000000 1.000000 0.000000
vn -1.000000 0.000000 0.000000
vn -1.000000 0.000000 0.000000
vn 0.000000 -1.000000 0.000000
vn 0.000000 -1.000000 0.000000
vn -0.707099 -0.707115 0.000000
vn -0.707099 -0.707115 0.000000
vn 0.000000 1.000000 0.000000
vn -0.434233 0.900801 0.000000
vn 0.000000 1.000000 0.000000
vn 0.000000 1.000000 0.000000
vn 0.000000 1.000000 0.000000
vn 0.000000 1.000000 0.000000
vn 0.000000 1.000000 0.000000
vn 0.707106 0.707107 0.000000
vn 0.707106 0.707107 0.000000
vn 1.000000 0.000000 0.000000
vn 1.000000 0.000000 0.000000
vn 0.000000 1.000000 0.000000
vn 0.000000 1.000000 0.000000
vn 0.000000 1.000000 0.000000
vn -1.000000 0.000000 0.000000
vn -1.000000 0.000000 0.000000
vn -0.707111 0.707102 0.000000
vn -0.707111 0.707102 0.000000
vn 0.000000 1.000000 0.000000
vn 0.000000 1.000000 0.000000
vn 0.000000 1.000000 0.000000
vn 0.000000 1.000000 0.000000
vn 0.707103 0.707110 0.000000
vn 0.707103 0.707110 0.000000
vn 1.000000 0.000000 0.000000
vn 1.000000 0.000000 0.000000
vn 0.000000 1.000000 0.000000
vn 0.000000 1.000000 0.000000
vn 0.000000 1.000000 0.000000
vn -1.000000 0.000000 0.000000
vn -1.000000 0.000000 0.000000
vn -0.707106 0.707108 0.000000
vn -0.707106 0.707108 0.000000
vn 0.000000 1.000000 0.000000
vn 0.000000 1.000000 0.000000
vn 0.000000 1.000000 0.000000
vn 0.000000 1.000000 0.000000
vn 0.707106 0.707108 0.000000
vn 0.707106 0.707108 0.000000
vn 1.000000 0.000000 0.000000
vn 1.000000 0.000000 0.000000
vn 0.000000 1.000000 0.000000
vn 0.000000 1.000000 0.000000
vn 0.000000 1.000000 0.000000
vn -1.000000 0.000000 0.000000
vn -1.000000 0.000000 0.000000
vn -0.707106 0.707107 0.000000
vn -0.707106 0.707107 0.000000
vn 0.000000 1.000000 0.000000
vn 0.000000 1.000000 0.000000
vn 0.000000 1.000000 0.000000
vn 0.000000 1.000000 0.000000
vn 0.707106 0.707107 0.000000
vn 0.707106 0.707107 0.000000
vn 1.000000 0.000000 0.000000
vn 1.000000 0.000000 0.000000
vn 0.000000 1.000000 0.000000
vn 0.000000 1.000000 0.000000
vn 0.000000 1.000000 0.000000
vn -1.000000 0.000000 0.000000
vn -1.000000 0.000000 0.000000
vn -0.707106 0.707108 0.000000
vn -0.707106 0.707108 0.000000
vn 0.000000 1.000000 0.000000
vn 0.000000 1.000000 0.000000
vn 0.000000 1.000000 0.000000
vn 0.000000 1.000000 0.000000
vn 0.707108 0.707105 0.000000
vn 0.707108 0.707105 0.000000
vn 1.000000 0.000000 0.000000
vn 1.000000 0.000000 0.000000
vn 0.000000 1.000000 0.000000
vn 0.000000 1.000000 0.000000
vn 0.000000 1.000000 0.000000
vn -1.000000 0.000000 0.000000
vn -1.000000 0.000000 0.000000
vn -0.707103 0.707110 0.000000
vn -0.707103 0.707110 0.000000
vn 0.000000 1.000000 0.000000
vn 0.000000 1.000000 0.000000
vn 0.000000 1.000000 0.000000
vn 0.000000 1.000000 0.000000
vn 0.707111 0.707102 0.000000
vn 0.707111 0.707102 0.000000
vn 1.000000 0.000000 0.000000
vn 1.000000 0.000000 0.000000
vn 0.000000 1.000000 0.000000
vn 0.000000 1.000000 0.000000
vn 0.000000 1.000000 0.000000
vn -1.000000 0.000000 0.000000
vn -1.000000 0.000000 0.000000
vn -0.707107 0.707106 0.000000
vn -0.707107 0.707106 0.000000
vn 0.000000 1.000000 0.000000
vn 0.000000 1.000000 0.000000
vn 0.000000 1.000000 0.000000
vn 0.000000 1.000000 0.000000
vn 0.000000 1.000000 0.000000
vn 0.000000 1.000000 0.000000
vn 0.434216 0.900809 -0.000000
vn 0.707095 -0.707119 0.000000
vn 0.707095 -0.707119 0.000000
vn 0.000000 -1.000000 0.000000
vn 0.000000 -1.000000 0.000000
vn 1.000000 0.000000 0.000000
vn 1.000000 0.000000 0.000000
vn 0.000000 1.000000 0.000000
vn 0.000000 1.000000 0.000000
vn 0.707095 0.707119 0.000000
vn 0.707095 0.707119 0.000000
vn 0.000000 1.000000 0.000000
vn 0.000000 1.000000 0.000000
vn 0.000000 1.000000 0.000000
vn 0.000000 1.000000 0.000000
vn 0.707106 0.707108 0.000000
vn 0.707106 0.707108 0.000000
vn 1.000000 0.000000 0.000000
vn 1.000000 0.000000 0.000000
vn 0.000000 1.000000 0.000000
vn 0.000000 1.000000 0.000000
vn 0.000000 1.000000 0.000000
vn -1.000000 0.000000 0.000000
vn -1.000000 0.000000 0.000000
vn -0.707111 0.707102 0.000000
vn -0.707111 0.707102 0.000000
vn 0.707104 0.707109 0.000000
vn 0.707104 0.707109 0.000000
vn 1.000000 0.000000 0.000000
vn 1.000000 0.000000 0.000000
vn 0.000000 1.000000 0.000000
vn 0.000000 1.000000 0.000000
vn 0.000000 1.000000 0.000000
vn -1.000000 0.000000 0.000000
vn -1.000000 0.000000 0.000000
vn -0.707106 0.707108 0.000000
vn -0.707106 0.707108 0.000000
vn 0.707106 0.707108 -0.000000
vn 0.707106 0.707108 -0.000000
vn 1.000000 0.000000 0.000000
vn 1.000000 0.000000 0.000000
vn 0.000000 1.000000 0.000000
vn 0.000000 1.000000 0.000000
vn 0.000000 1.000000 0.000000
vn -1.000000 0.000000 0.000000
vn -1.000000 0.000000 0.000000
vn -0.707106 0.707107 0.000000
vn -0.707106 0.707107 0.000000
vn 0.707106 0.707107 0.000000
vn 0.707106 0.707107 0.000000
vn 1.000000 0.000000 0.000000
vn 1.000000 0.000000 0.000000
vn 0.000000 1.000000 0.000000
vn 0.000000 1.000000 0.000000
vn 0.000000 1.000000 0.000000
vn -1.000000 0.000000 0.000000
vn -1.000000 0.000000 0.000000
vn -0.707106 0.707108 0.000000
vn -0.707106 0.707108 0.000000
vn 0.707107 0.707107 0.000000
vn 0.707107 0.707107 0.000000
vn 1.000000 0.000000 0.000000
vn 1.000000 0.000000 0.000000
vn 0.000000 1.000000 0.000000
vn 0.000000 1.000000 0.000000
vn 0.000000 1.000000 0.000000
vn -1.000000 0.000000 -0.000001
vn -1.000000 0.000000 -0.000001
vn -0.707103 0.707111 -0.000000
vn -0.707103 0.707111 -0.000000
vn 0.707111 0.707102 0.000000
vn 0.707111 0.707103 0.000000
vn 1.000000 0.000000 0.000000
vn 1.000000 0.000000 0.000000
vn 0.000000 1.000000 0.000000
vn 0.000000 1.000000 0.000000
vn 0.000000 1.000000 0.000000
vn -1.000000 0.000000 0.000000
vn -1.000000 0.000000 0.000000
vn -0.707106 0.707108 0.000000
vn -0.707105 0.707108 0.000000
vn 0.000000 1.000000 0.000000
vn 0.000000 1.000000 0.000000
vn 0.000000 1.000000 0.000000
vn 0.000000 1.000000 0.000000
vn 0.000000 0.000000 1.000000
vn 0.000000 0.000000 1.000000
vn 0.000000 0.000000 1.000000
vn 0.000000 0.000000 1.000000
vn 0.000000 0.000000 1.000000
vn 0.000000 0.000000 1.000000
vn 0.000000 0.000000 1.000000
vn 0.000000 0.000000 1.000000
vn 0.000000 0.000000 1.000000
vn 0.000000 0.000000 1.000000
vn 0.000000 0.000000 1.000000
vn 0.000000 0.000000 1.000000
vn 0.000000 0.000000 1.000000
vn 0.000000 0.000000 1.000000
vn -0.040399 -0.000000 0.999184
vn -0.382684 -0.000000 0.923879
vn -0.707106 0.000001 0.707107
vn -0.923880 0.000004 0.382684
vn -0.999199 0.000002 0.040020
vn -0.999199 0.000002 -0.040020
vn -0.923880 0.000006 -0.382684
vn -0.707106 0.000001 -0.707107
vn -0.382684 -0.000001 -0.923879
vn -0.040399 -0.000000 -0.999184
vn 0.000000 0.000000 -1.000000
vn 0.000000 0.000000 -1.000000
vn 0.000000 0.000000 -1.000000
vn 0.000000 0.000000 -1.000000
vn 0.000000 0.000000 -1.000000
vn 0.000000 0.000000 -1.000000
vn 0.000000 0.000000 -1.000000
vn 0.000000 0.000000 -1.000000
vn 0.000000 0.000000 -1.000000
vn 0.000000 0.000000 -1.000000
vn 0.000000 0.000000 -1.000000
vn 0.000000 0.000000 -1.000000
vn 0.000000 0.000000 -1.000000
vn 0.000000 0.000000 -1.000000
vn 0.000000 0.000000 -1.000000
vn 0.000000 0.000000 -1.000000
vn 0.000000 0.000000 -1.000000
vn 0.000000 0.000000 -1.000000
vn 0.040399 -0.000000 -0.999184
vn 0.382684 -0.000000 -0.923879
vn 0.707106 0.000001 -0.707107
vn 0.923880 0.000004 -0.382684
vn 0.999199 0.000002 -0.040020
vn 0.999199 0.000002 0.040020
vn 0.923880 0.000006 0.382684
vn 0.707106 0.000001 0.707107
vn 0.382684 -0.000001 0.923879
vn 0.040399 -0.000000 0.999184
vn 0.000000 0.000000 1.000000
vn 0.000000 0.000000 1.000000
vn 0.000000 0.871898 0.489687
vn 0.000000 0.871898 0.489687
vn 0.000005 1.000000 0.000000
vn 0.000004 1.000000 0.000000
vn 0.000004 1.000000 0.000000
vn 0.000005 1.000000 0.000000
vn 0.000004 1.000000 0.000000
vn 0.000005 1.000000 0.000000
vn 0.000005 1.000000 0.000000
vn 0.000004 1.000000 0.000000
vn -0.000004 1.000000 -0.000000
vn -0.000005 1.000000 0.000000
vn -0.000005 1.000000 0.000000
vn -0.000004 1.000000 -0.000000
vn -0.000005 1.000000 0.000000
vn -0.000004 1.000000 0.000000
vn -0.000004 1.000000 0.000000
vn -0.000005 1.000000 0.000000
vn -0.707101 0.000000 0.707112
vn -0.707101 0.000000 0.707112
vn -0.707101 0.000000 0.707112
vn -0.707101 0.000000 0.707112
vn -0.358432 0.636902 0.682556
vn -0.358432 0.636902 0.682556
vn -0.372676 0.659878 0.652436
vn -0.376622 0.666226 0.643660
vn -0.380607 0.672628 0.634594
vn -0.380607 0.672628 0.634594
vn -0.883871 0.467731 -0.000275
vn -0.998263 0.058913 -0.000035
vn -0.998259 0.058978 -0.000035
vn -0.883871 0.467731 -0.000275
vn 0.377659 0.665800 0.643494
vn 0.373441 0.659483 0.652399
vn 0.358433 0.636901 0.682556
vn 0.358433 0.636901 0.682556
vn 0.381945 0.672203 0.634241
vn 0.381945 0.672203 0.634241
vn 0.707101 -0.000002 0.707112
vn 0.707101 -0.000002 0.707112
vn 0.707101 -0.000002 0.707112
vn 0.707101 -0.000002 0.707112
vn 0.707120 0.707094 -0.000001
vn 0.707120 0.707094 -0.000001
vn 0.707120 0.707094 -0.000001
vn 0.707120 0.707094 -0.000001
vn -0.707099 -0.000002 -0.707114
vn -0.707099 -0.000002 -0.707114
vn -0.707099 -0.000002 -0.707114
vn -0.707099 -0.000002 -0.707114
vn -0.358433 0.636901 -0.682556
vn -0.358433 0.636901 -0.682556
vn -0.377659 0.665800 -0.643494
vn -0.373441 0.659483 -0.652399
vn -0.381945 0.672203 -0.634241
vn -0.381945 0.672203 -0.634241
vn -0.998259 0.058980 -0.000035
vn -0.883864 0.467744 -0.000275
vn -0.883864 0.467744 -0.000275
vn -0.998263 0.058914 -0.000035
vn 0.376622 0.666226 -0.643660
vn 0.372676 0.659878 -0.652436
vn 0.380607 0.672628 -0.634594
vn 0.380607 0.672628 -0.634594
vn 0.358432 0.636901 -0.682556
vn 0.358432 0.636901 -0.682556
vn 0.707101 0.000000 -0.707112
vn 0.707101 0.000000 -0.707112
vn 0.707101 0.000000 -0.707112
vn 0.707101 0.000000 -0.707112
vn 0.707103 0.707110 0.000000
vn 0.707103 0.707110 0.000000
vn 0.707103 0.707110 0.000000
vn 0.707103 0.707110 0.000000
vn -0.707116 -0.000004 -0.707097
vn -0.707116 -0.000004 -0.707097
vn -0.707116 -0.000004 -0.707097
vn -0.707116 -0.000004 -0.707097
vn -0.358438 0.636896 -0.682558
vn -0.358438 0.636896 -0.682558
vn -0.377661 0.665791 -0.643502
vn -0.373443 0.659475 -0.652406
vn -0.381945 0.672194 -0.634250
vn -0.381945 0.672194 -0.634250
vn 0.376622 0.666213 -0.643675
vn 0.372677 0.659866 -0.652448
vn 0.380605 0.672613 -0.634612
vn 0.380605 0.672613 -0.634612
vn 0.358438 0.636896 -0.682558
vn 0.358438 0.636896 -0.682558
vn 0.707127 0.000000 -0.707087
vn 0.707127 0.000000 -0.707087
vn 0.707127 0.000000 -0.707087
vn 0.707127 0.000000 -0.707087
vn -0.707125 0.000000 0.707089
vn -0.707125 0.000000 0.707089
vn -0.707125 0.000000 0.707089
vn -0.707125 0.000000 0.707089
vn -0.358440 0.636898 0.682556
vn -0.358440 0.636898 0.682556
vn -0.372680 0.659866 0.652447
vn -0.376625 0.666212 0.643674
vn -0.380608 0.672611 0.634611
vn -0.380608 0.672611 0.634611
vn 0.377658 0.665792 0.643503
vn 0.373441 0.659475 0.652406
vn 0.358439 0.636895 0.682559
vn 0.358439 0.636895 0.682559
vn 0.381942 0.672195 0.634251
vn 0.381942 0.672195 0.634251
vn 0.707112 -0.000004 0.707101
vn 0.707112 -0.000004 0.707101
vn 0.707112 -0.000004 0.707101
vn 0.707112 -0.000004 0.707101
vn -0.707095 0.707119 0.000000
vn -0.707095 0.707119 0.000000
vn -0.707095 0.707119 0.000000
vn -0.707095 0.707119 0.000000
vn -0.707112 0.707102 0.000001
vn -0.707112 0.707102 0.000001
vn -0.707112 0.707102 0.000001
vn -0.707112 0.707102 0.000001
vn 0.883871 0.467731 0.000275
vn 0.998263 0.058912 0.000035
vn 0.998259 0.058978 0.000035
vn 0.883871 0.467731 0.000275
vn 0.883871 0.467731 0.000275
vn 0.998263 0.058913 0.000035
vn 0.998259 0.058978 0.000035
vn 0.883871 0.467731 0.000275
vn -0.489688 0.871898 0.000000
vn -0.489688 0.871898 -0.000000
vn 0.489688 0.871898 0.000000
vn 0.489688 0.871898 0.000000
vn -0.489690 0.871897 -0.000000
vn 0.489690 0.871897 -0.000000
vn 1.000000 0.000001 0.000000
vn 1.000000 0.000001 0.000000
vn -1.000000 0.000000 0.000000
vn -1.000000 0.000000 0.000000
vn -1.000000 0.000000 0.000000
vn -1.000000 -0.000001 0.000000
vn -1.000000 -0.000001 0.000000
vn -1.000000 0.000000 0.000000
vn -0.489689 0.871897 -0.000000
vn -0.489690 0.871897 0.000000
vn 0.489690 0.871897 0.000000
vn 0.489689 0.871897 0.000000
vn 1.000000 -0.000001 0.000000
vn 1.000000 -0.000002 0.000000
vn 1.000000 0.000000 0.000000
vn 1.000000 0.000000 0.000000
vn -1.000000 -0.000001 0.000000
vn -1.000000 -0.000001 0.000000
vn -0.489687 0.871898 0.000000
vn -0.489687 0.871898 0.000000
vn -0.489687 0.871898 0.000000
vn -0.489687 0.871898 0.000000
vn -0.489689 0.871897 -0.000000
vn 0.489690 0.871897 0.000000
vn 0.489685 0.871900 0.000000
vn 0.489685 0.871900 0.000000
vn 0.489687 0.871898 0.000000
vn 0.489687 0.871898 0.000000
vn 1.000000 -0.000002 0.000000
vn 1.000000 -0.000001 0.000000
vn -0.489689 0.871897 0.000000
vn -0.489690 0.871897 0.000000
vn 0.489689 0.871897 0.000000
vn 0.489689 0.871897 0.000000
vn -1.000000 0.000000 0.000000
vn -1.000000 0.000000 0.000000
vn -1.000000 0.000000 0.000000
vn -1.000000 0.000000 0.000000
vn 1.000000 0.000000 0.000000
vn 1.000000 -0.000005 0.000000
vn 1.000000 -0.000005 0.000000
vn 1.000000 0.000000 0.000000
vn 0.000003 0.000000 1.000000
vn 0.000003 0.000000 1.000000
vn 0.000003 0.000000 1.000000
vn 0.000003 0.000000 1.000000
vn 0.000003 0.000000 1.000000
vn 0.000003 0.000000 1.000000
vn -0.000003 0.000000 1.000000
vn -0.000003 0.000000 1.000000
vn -0.000003 0.000000 1.000000
vn -0.000003 0.000000 1.000000
vn 0.000003 0.000000 -1.000000
vn 0.000003 0.000000 -1.000000
vn 0.000003 0.000000 -1.000000
vn 0.000003 0.000000 -1.000000
vn 0.000003 0.000000 -1.000000
vn 0.000003 0.000000 -1.000000
vn -0.000003 0.000000 -1.000000
vn -0.000003 0.000000 -1.000000
vn -0.000003 0.000000 -1.000000
vn -0.000003 0.000000 -1.000000
vn -0.000007 0.000000 -1.000000
vn -0.000008 0.000000 -1.000000
vn -0.000007 0.000000 -1.000000
vn -0.000007 0.000000 -1.000000
vn -0.000008 0.000000 -1.000000
vn -0.000008 0.000000 -1.000000
vn 0.000007 0.000000 -1.000000
vn 0.000005 0.000000 -1.000000
vn 0.000005 0.000000 -1.000000
vn 0.000007 0.000000 -1.000000
vn -0.000008 0.000000 1.000000
vn -0.000005 0.000000 1.000000
vn -0.000005 0.000000 1.000000
vn -0.000008 0.000000 1.000000
vn -0.000008 0.000000 1.000000
vn -0.000008 0.000000 1.000000
vn 0.000007 0.000000 1.000000
vn 0.000008 0.000000 1.000000
vn 0.000007 0.000000 1.000000
vn 0.000007 0.000000 1.000000
vn 0.000007 0.000000 -1.000000
vn 0.000007 0.000000 -1.000000
vn -0.000003 0.000000 1.000000
vn -0.000003 0.000000 1.000000
vn -0.000003 0.000000 -1.000000
vn -0.000003 0.000000 -1.000000
vn 0.000008 0.000000 1.000000
vn 0.000008 0.000000 1.000000
vn -1.000000 0.000000 0.000000
vn -1.000000 0.000000 0.000000
vn -1.000000 0.000000 0.000000
vn -1.000000 0.000000 0.000000
vn 1.000000 0.000000 0.000000
vn 1.000000 0.000000 0.000000
vn 1.000000 0.000000 0.000000
vn 1.000000 0.000000 0.000000
vn 0.000000 1.000000 0.000000
vn 0.000000 1.000000 0.000000
vn 0.000000 1.000000 0.000000
vn 0.000000 1.000000 0.000000
vn 0.000000 1.000000 -0.000000
vn 0.000000 1.000000 -0.000000
vn 0.000000 1.000000 0.000000
vn 0.000000 1.000000 0.000000
vn -0.707108 -0.707106 0.000000
vn -0.707108 -0.707106 0.000000
vn -0.707108 -0.707106 0.000000
vn -0.707108 -0.707106 0.000000
vn 0.000000 -0.707107 0.707107
vn 0.000000 -0.707107 0.707107
vn 0.000000 -0.707107 0.707107
vn 0.000000 -0.707107 0.707107
vn 0.707107 -0.707107 0.000000
vn 0.707107 -0.707107 0.000000
vn 0.707107 -0.707107 0.000000
vn 0.707107 -0.707107 0.000000
vn -0.000000 -0.707000 -0.707214
vn -0.000000 -0.707003 -0.707211
vn 0.000000 -0.706933 -0.707281
vn 0.000000 -0.706934 -0.707279
vn -0.000000 -0.707093 -0.707120
vn -0.000000 -0.707094 -0.707119
vn 0.000000 -0.707134 -0.707079
vn 0.000000 -0.707134 -0.707079
vn -0.000000 -0.707200 0.707014
vn -0.000000 -0.707198 0.707016
vn 0.000000 -0.707229 0.706985
vn 0.000000 -0.707228 0.706986
vn -0.000000 -0.707164 0.707050
vn -0.000000 -0.707164 0.707050
vn 0.707109 -0.707105 0.000000
vn 0.707109 -0.707105 0.000000
vn 0.707109 -0.707105 0.000000
vn 0.707109 -0.707105 0.000000
vn 0.000000 -0.707124 -0.707089
vn 0.000000 -0.707124 -0.707090
vn 0.000000 -0.707118 -0.707096
vn 0.000000 -0.707118 -0.707096
vn -0.000000 -0.707126 -0.707088
vn -0.000000 -0.707126 -0.707087
vn 0.000000 -0.707155 -0.707059
vn 0.000000 -0.707155 -0.707058
vn -0.000000 -0.707168 -0.707045
vn -0.000000 -0.707168 -0.707045
vn 0.000000 -0.707174 -0.707039
vn 0.000000 -0.707174 -0.707039
vn 0.000000 -0.707125 -0.707088
vn 0.000000 -0.707124 -0.707090
vn -0.000000 -0.707092 -0.707122
vn -0.000000 -0.707091 -0.707122
vn -0.000000 -0.707103 -0.707111
vn -0.000000 -0.707104 -0.707110
vn -0.000068 -0.707283 0.706930
vn -0.000067 -0.707280 0.706934
vn -0.027369 -0.708464 0.705216
vn -0.028898 -0.708506 0.705113
vn -0.000000 -0.707128 0.707085
vn -0.000000 -0.707128 0.707085
vn 0.707103 -0.707111 0.000000
vn 0.707103 -0.707111 0.000000
vn 0.707103 -0.707111 0.000000
vn 0.707103 -0.707111 0.000000
vn 0.000000 -0.707132 -0.707082
vn 0.000000 -0.707132 -0.707082
vn 0.000000 -0.707126 -0.707088
vn 0.000000 -0.707126 -0.707088
vn -0.707115 -0.707099 0.000000
vn -0.707115 -0.707099 0.000000
vn -0.707115 -0.707099 0.000000
vn -0.707115 -0.707099 0.000000
vn 0.707111 -0.707103 0.000000
vn 0.707111 -0.707103 0.000000
vn 0.707111 -0.707103 0.000000
vn 0.707111 -0.707103 0.000000
vn 0.000086 -0.705497 -0.708713
vn 0.000086 -0.705497 -0.708713
vn -0.026912 -0.706262 -0.707439
vn -0.029609 -0.706310 -0.707283
vn -0.261422 -0.711446 -0.652306
vn -0.270895 -0.711499 -0.648371
vn 0.000000 -0.706954 -0.707260
vn 0.000000 -0.706954 -0.707260
vn 0.000000 -0.707107 0.707107
vn 0.000000 -0.707107 0.707107
vn 0.000000 -0.707107 0.707107
vn 0.000000 -0.707107 0.707107
vn 0.707113 -0.707101 0.000000
vn 0.707113 -0.707101 0.000000
vn 0.707113 -0.707101 0.000000
vn 0.707113 -0.707101 0.000000
vn -0.707101 -0.707113 0.000000
vn -0.707101 -0.707113 0.000000
vn -0.707101 -0.707113 0.000000
vn -0.707101 -0.707113 0.000000
vn 0.000000 -0.707209 0.707005
vn 0.000000 -0.707209 0.707005
vn 0.000000 -0.707107 0.707107
vn 0.000000 -0.707107 0.707107
vn 0.000000 -0.707107 0.707107
vn 0.000000 -0.707107 0.707107
vn 0.707099 -0.707115 0.000000
vn 0.707099 -0.707115 0.000000
vn 0.707099 -0.707115 0.000000
vn 0.707099 -0.707115 0.000000
vn -0.707115 -0.707099 0.000000
vn -0.707115 -0.707099 0.000000
vn -0.707115 -0.707099 0.000000
vn -0.707115 -0.707099 0.000000
vn 0.709472 -0.704268 -0.025616
vn 0.709130 -0.704412 -0.030641
vn 0.709320 -0.704887 0.000071
vn 0.709195 -0.705012 0.000064
vn 0.654320 -0.710745 -0.258276
vn 0.648863 -0.710829 -0.271476
vn 0.707764 -0.706449 0.000000
vn 0.707748 -0.706465 0.000000
vn 0.000277 -0.707753 -0.706460
vn 0.000277 -0.707753 -0.706460
vn 0.027838 -0.708811 -0.704849
vn 0.030856 -0.708894 -0.704640
vn -0.707111 -0.707103 0.000000
vn -0.707111 -0.707103 0.000000
vn -0.707111 -0.707103 0.000000
vn -0.707111 -0.707103 0.000000
vn 0.265408 -0.713801 -0.648110
vn 0.275886 -0.713761 -0.643764
vn -0.000030 -0.706548 0.707666
vn -0.000031 -0.706531 0.707682
vn 0.000000 -0.707107 0.707107
vn 0.000000 -0.707107 0.707107
vn 0.026473 -0.706800 0.706918
vn 0.028485 -0.706846 0.706794
vn 0.262898 -0.712447 0.650618
vn 0.269642 -0.712484 0.647811
vn -0.266336 -0.713975 0.647537
vn -0.271968 -0.713980 0.645187
vn -0.704745 -0.708790 -0.030846
vn -0.704953 -0.708709 -0.027806
vn -0.649242 -0.712987 -0.264831
vn -0.645134 -0.712906 -0.274894
vn -0.706969 -0.707245 -0.000118
vn -0.706987 -0.707226 -0.000111
vn -0.707399 -0.706814 -0.000000
vn -0.707403 -0.706811 -0.000000
vn -0.493540 -0.713698 0.497044
vn -0.500426 -0.713682 0.490134
vn -0.647509 -0.712773 0.269607
vn -0.651205 -0.712723 0.260685
vn -0.707634 -0.705939 0.030066
vn -0.707909 -0.705813 0.026326
vn -0.708613 -0.705597 -0.000051
vn -0.708555 -0.705656 -0.000047
vn -0.497821 -0.711974 -0.495244
vn -0.490794 -0.711991 -0.502186
vn 0.645643 -0.713387 0.272440
vn 0.648468 -0.713402 0.265607
vn 0.496500 -0.713075 0.494987
vn 0.491834 -0.713078 0.499619
vn 0.705576 -0.707999 0.029997
vn 0.705711 -0.707941 0.028127
vn 0.707392 -0.706821 0.000024
vn 0.707390 -0.706823 0.000023
vn 0.493448 -0.712398 -0.498997
vn 0.504445 -0.712321 -0.487990
vn 0.707115 -0.707099 0.000000
vn 0.707115 -0.707099 0.000000
vn 0.707115 -0.707099 0.000000
vn 0.707115 -0.707099 0.000000
vn -0.707101 -0.707113 0.000000
vn -0.707101 -0.707113 0.000000
vn -0.707101 -0.707113 0.000000
vn -0.707101 -0.707113 0.000000
vn -0.707108 -0.707105 0.000000
vn -0.707108 -0.707105 0.000000
vn -0.707108 -0.707105 0.000000
vn -0.707108 -0.707105 0.000000
vn 0.000000 -0.707107 0.707107
vn 0.000000 -0.707107 0.707107
vn 0.000000 -0.707107 0.707107
vn 0.000000 -0.707107 0.707107
vn 0.707107 -0.707107 0.000000
vn 0.707107 -0.707107 0.000000
vn 0.707107 -0.707107 0.000000
vn 0.707107 -0.707107 0.000000
vn -0.707107 -0.707107 0.000000
vn -0.707107 -0.707107 0.000000
vn -0.707107 -0.707107 0.000000
vn -0.707107 -0.707107 0.000000
vn 0.000000 -0.707107 0.707107
vn 0.000000 -0.707107 0.707107
vn 0.000000 -0.707107 0.707107
vn 0.000000 -0.707107 0.707107
vn 0.000000 -0.707107 0.707107
vn 0.000000 -0.707107 0.707107
vn 0.000000 -0.707107 0.707107
vn 0.000000 -0.707107 0.707107
vn 0.000000 -0.707054 0.707160
vn 0.000000 -0.707054 0.707160
vn 0.000000 -0.707054 0.707160
vn -0.000000 -0.707054 0.707160
vn -0.000000 -0.707054 0.707160
vn -0.000000 -0.707054 0.707160
vn 0.000000 -0.707107 0.707107
vn 0.000000 -0.707107 0.707107
vn 0.000000 -0.707107 0.707107
vn 0.000000 -0.707107 0.707107
vn 0.000001 -0.706963 0.707250
vn 0.000001 -0.706963 0.707250
vn 0.000000 -0.706963 0.707250
vn -0.000000 -0.706963 0.707250
vn -0.000000 -0.706963 0.707250
vn -0.000000 -0.706963 0.707250
vn 0.000000 -0.707107 0.707107
vn 0.000000 -0.707107 0.707107
vn 0.000000 -0.707107 0.707107
vn 0.000000 -0.707107 0.707107
vn 0.000000 -0.707107 -0.707107
vn 0.000000 -0.707107 -0.707107
vn 0.000000 -0.707107 -0.707107
vn 0.000000 -0.707107 -0.707107
vn 0.000000 -0.707107 -0.707107
vn 0.000000 -0.707107 -0.707107
vn 0.000000 -0.707107 -0.707107
vn 0.000000 -0.707107 -0.707107
vn 0.707463 -0.706750 0.000000
vn 0.707459 -0.706754 0.000000
vn -0.707657 -0.706557 -0.000000
vn -0.707644 -0.706569 -0.000000
vn 0.000000 0.000000 1.000000
vn 0.000000 0.000000 1.000000
vn 0.000000 0.000000 1.000000
vn 0.000000 0.000000 1.000000
vn 0.040397 0.000000 0.999184
vn 0.000000 0.000000 1.000000
vn 0.000000 0.000000 1.000000
vn 0.040381 0.000000 0.999184
vn 0.382683 0.000000 0.923880
vn 0.382662 0.000000 0.923889
vn 0.707108 -0.000000 0.707106
vn 0.707117 -0.000000 0.707096
vn 0.923880 -0.000000 0.382682
vn 0.923891 -0.000000 0.382655
vn 0.999137 -0.000000 0.041529
vn 0.999138 -0.000000 0.041516
vn 0.999137 -0.000000 -0.041528
vn 1.000000 -0.000000 0.000000
vn 1.000000 -0.000000 0.000000
vn 0.999138 -0.000000 -0.041511
vn 0.923881 -0.000000 -0.382681
vn 0.923897 -0.000000 -0.382641
vn 0.707106 0.000000 -0.707107
vn 0.707091 0.000000 -0.707123
vn 0.382679 0.000000 -0.923881
vn 0.382598 0.000000 -0.923915
vn 0.040396 0.000000 -0.999184
vn 0.040373 0.000000 -0.999185
vn 0.000000 0.000000 -1.000000
vn 0.000000 0.000000 -1.000000
vn 0.000000 0.000000 -1.000000
vn 0.000000 0.000000 -1.000000
vn 0.000000 0.000000 -1.000000
vn 0.000000 0.000000 -1.000000
vn 0.000000 0.000000 -1.000000
vn 0.000000 0.000000 -1.000000
vn 0.000000 0.000000 -1.000000
vn 0.000000 0.000000 -1.000000
vn 0.000000 0.000000 -1.000000
vn 0.000000 0.000000 -1.000000
vn 0.000000 0.000000 -1.000000
vn 0.000000 0.000000 -1.000000
vn -0.000000 0.000000 -1.000000
vn 0.000000 0.000000 -1.000000
vn 0.000000 0.000000 -1.000000
vn -0.000000 0.000000 -1.000000
vn 0.000000 0.000000 -1.000000
vn 0.000000 0.000000 -1.000000
vn -0.000000 0.000000 -1.000000
vn 0.000000 0.000000 -1.000000
vn 0.000000 0.000000 -1.000000
vn -0.000000 0.000000 -1.000000
vn -0.000000 0.000000 -1.000000
vn -0.000000 0.000000 -1.000000
vn 0.000000 0.000000 -1.000000
vn -0.000000 0.000000 -1.000000
vn -0.000000 0.000000 -1.000000
vn 0.000000 0.000000 -1.000000
vn 0.000000 0.000000 -1.000000
vn 0.000000 0.000000 -1.000000
vn 0.000000 0.000000 -1.000000
vn 0.000000 0.000000 -1.000000
vn 0.000000 0.000000 -1.000000
vn 0.000000 0.000000 -1.000000
vn -0.040397 0.000000 -0.999184
vn 0.000000 0.000000 -1.000000
vn 0.000000 0.000000 -1.000000
vn -0.040374 0.000000 -0.999185
vn -0.382681 0.000000 -0.923881
vn -0.382630 0.000000 -0.923902
vn -0.707106 -0.000000 -0.707107
vn -0.707103 -0.000000 -0.707111
vn -0.923881 -0.000000 -0.382681
vn -0.923900 -0.000000 -0.382635
vn -0.999137 0.000000 -0.041528
vn -0.999138 0.000000 -0.041505
vn -1.000000 0.000000 0.000000
vn -1.000000 0.000000 0.000000
vn -0.923880 -0.000000 0.382682
vn -0.999137 -0.000000 0.041529
vn -0.999138 -0.000000 0.041521
vn -0.923885 -0.000000 0.382669
vn -0.707107 0.000000 0.707107
vn -0.707106 0.000000 0.707107
vn -0.382682 0.000000 0.923880
vn -0.382644 0.000000 0.923896
vn -0.040397 0.000000 0.999184
vn -0.040381 0.000000 0.999184
vn 0.000000 0.000000 1.000000
vn 0.000000 0.000000 1.000000
vn 0.000000 0.000000 1.000000
vn 0.000000 0.000000 1.000000
vn 0.000000 0.000000 1.000000
vn 0.000000 0.000000 1.000000
vn 0.000000 0.000000 1.000000
vn 0.000000 0.000000 1.000000
vn 0.000000 0.000000 1.000000
vn 0.000000 0.000000 1.000000
vn 0.000000 0.000000 1.000000
vn 0.000000 0.000000 1.000000
vn 0.000000 0.000000 1.000000
vn -0.000001 0.000000 1.000000
vn -0.000001 0.000000 1.000000
vn -0.000000 0.000000 1.000000
vn 0.000000 0.000000 1.000000
vn 0.000000 0.000000 1.000000
vn 0.000000 0.000000 1.000000
vn 0.000000 0.000000 1.000000
vn 0.000000 0.000000 1.000000
vn 0.000000 0.000000 1.000000
vn 0.000000 0.000000 1.000000
vn 0.000000 0.000000 1.000000
vn 0.000001 0.000000 1.000000
vn 0.000000 0.000000 1.000000
vn 0.000000 0.000000 1.000000
vn 0.000001 0.000000 1.000000
vn 0.000000 0.000000 1.000000
vn 0.000000 0.000000 1.000000
vn 0.000000 0.000000 1.000000
vn 0.000000 0.000000 1.000000
vn 0.000000 0.000000 1.000000
vn 0.000000 0.000000 1.000000
vn 0.000000 0.000000 1.000000
vn 0.000000 0.000000 1.000000
vn 0.000000 0.000000 -1.000000
vn 0.000000 0.000000 -1.000000
vn 0.000000 0.000000 -1.000000
vn 0.000000 0.000000 -1.000000
vn 0.000000 0.000000 1.000000
vn 0.000000 0.000000 1.000000
vn 0.000000 0.000000 1.000000
vn 0.000000 0.000000 1.000000
vn 0.000000 0.000000 1.000000
vn 0.000000 0.000000 1.000000
vn -0.000000 0.000000 1.000000
vn -0.000000 0.000000 1.000000
vn 0.000000 0.000000 1.000000
vn 0.000000 0.000000 1.000000
vn 0.000000 0.000000 1.000000
vn 0.000000 0.000000 1.000000
vn 0.000000 0.000000 1.000000
vn 0.000000 0.000000 1.000000
vn 0.000000 0.000000 -1.000000
vn 0.000000 0.000000 -1.000000
vn 0.000000 0.000000 1.000000
vn 0.000000 0.000000 1.000000
vn 0.000000 0.000000 1.000000
vn 0.000000 0.000000 1.000000
vn 1.000000 0.000000 0.000000
vn 1.000000 0.000000 0.000000
vn 1.000000 0.000000 0.000000
vn 1.000000 0.000000 0.000000
vn -1.000000 0.000000 0.000000
vn -1.000000 0.000000 0.000000
vn -1.000000 0.000000 0.000000
vn -1.000000 0.000000 0.000000
vn 1.000000 0.000000 0.000000
vn 1.000000 0.000000 0.000000
vn 1.000000 0.000000 0.000000
vn 1.000000 0.000000 0.000000
vn -1.000000 0.000000 0.000000
vn -1.000000 0.000000 0.000000
vn -1.000000 0.000000 0.000000
vn -1.000000 0.000000 0.000000
vn 1.000000 0.000000 0.000000
vn 1.000000 0.000000 0.000000
vn 1.000000 0.000000 0.000000
vn 1.000000 0.000000 0.000000
vn -1.000000 0.000000 0.000000
vn -1.000000 0.000000 0.000000
vn -1.000000 0.000000 0.000000
vn -1.000000 0.000000 0.000000
vn 1.000000 0.000000 0.000000
vn 1.000000 0.000000 0.000000
vn 1.000000 0.000000 0.000000
vn 1.000000 0.000000 0.000000
vn -1.000000 0.000000 0.000000
vn -1.000000 0.000000 0.000000
vn -1.000000 0.000000 0.000000
vn -1.000000 0.000000 0.000000
vn -1.000000 0.000000 0.000000
vn -1.000000 0.000000 0.000000
vn -1.000000 0.000000 0.000000
vn -1.000000 0.000000 0.000000
vn 1.000000 0.000000 0.000000
vn 1.000000 0.000000 0.000000
vn 1.000000 0.000000 0.000000
vn 1.000000 0.000000 0.000000
vn 1.000000 0.000000 0.000000
vn 1.000000 0.000000 0.000000
vn 1.000000 0.000000 0.000000
vn 1.000000 0.000000 0.000000
vn -1.000000 0.000000 0.000000
vn -1.000000 0.000000 0.000000
vn -1.000000 0.000000 0.000000
vn -1.000000 0.000000 0.000000
vn 1.000000 0.000000 0.000000
vn 1.000000 0.000000 0.000000
vn 1.000000 0.000000 0.000000
vn 1.000000 0.000000 0.000000
vn -1.000000 0.000000 0.000000
vn -1.000000 0.000000 0.000000
vn -1.000000 0.000000 0.000000
vn -1.000000 0.000000 0.000000
vn -1.000000 0.000000 0.000000
vn -1.000000 0.000000 0.000000
vn -1.000000 0.000000 0.000000
vn -1.000000 0.000000 0.000000
vn 1.000000 0.000000 0.000000
vn 1.000000 0.000000 0.000000
vn 1.000000 0.000000 0.000000
vn 1.000000 0.000000 0.000000
vn -1.000000 0.000000 0.000000
vn -1.000000 0.000000 0.000000
vn -1.000000 0.000000 0.000000
vn -1.000000 0.000000 0.000000
vn 1.000000 0.000000 0.000000
vn 1.000000 0.000000 0.000000
vn 1.000000 0.000000 0.000000
vn 1.000000 0.000000 0.000000
vn -1.000000 0.000000 0.000000
vn -1.000000 0.000000 0.000000
vn 1.000000 0.000000 0.000000
vn 1.000000 0.000000 0.000000
vn 0.000000 -1.000000 0.000000
vn 0.000000 -1.000000 0.000000
vn 0.000000 -1.000000 0.000000
vn 0.000000 -1.000000 0.000000
vn 0.000000 -1.000000 0.000000
vn 0.000000 -1.000000 0.000000
vn 0.000000 -1.000000 0.000000
vn 0.000000 -1.000000 0.000000
vn 0.000000 -1.000000 0.000000
vn 0.000000 -1.000000 0.000000
vn 0.000000 -1.000000 0.000000
vn 0.000000 -1.000000 0.000000
vn 0.000000 -1.000000 0.000000
vn 0.000000 -1.000000 0.000000
vn 0.000000 -1.000000 0.000000
vn 0.000000 -1.000000 0.000000
vn 0.000000 -1.000000 0.000000
vn 0.000000 -1.000000 0.000000
vn -0.000005 -1.000000 -0.000002
vn -0.000004 -1.000000 -0.000005
vn 0.000002 -1.000000 -0.000008
vn 0.000001 -1.000000 -0.000003
vn 0.000000 -1.000000 0.000000
vn 0.000000 -1.000000 0.000000
vn 0.000000 -1.000000 0.000000
vn 0.000000 -1.000000 0.000000
vn 0.000000 -1.000000 0.000000
vn 0.000000 -1.000000 0.000000
vn 0.000000 -1.000000 0.000000
vn 0.000000 -1.000000 0.000000
vn 0.000000 -1.000000 0.000000
vn 0.000000 -1.000000 0.000000
vn 0.000000 -1.000000 0.000000
vn 0.000000 -1.000000 0.000000
vn 0.000000 -1.000000 0.000000
vn 0.000000 -1.000000 0.000000
vn 0.000000 -1.000000 0.000000
vn 0.000000 -1.000000 0.000000
vn 0.000000 -1.000000 0.000000
vn 0.000000 -1.000000 0.000000
vn 0.000000 -1.000000 0.000000
vn 0.000000 -1.000000 0.000000
vn 0.000000 -1.000000 0.000000
vn 0.000000 -1.000000 0.000000
vn 0.000000 -1.000000 0.000000
vn 0.000000 -1.000000 0.000000
vn 0.000000 -1.000000 0.000000
vn 0.000000 -1.000000 0.000000
vn -0.000004 -1.000000 0.000005
vn -0.000005 -1.000000 0.000002
vn 0.000001 -1.000000 0.000003
vn 0.000002 -1.000000 0.000008
vn 0.000000 -1.000000 0.000000
vn 0.000000 -1.000000 0.000000
vn 0.000000 -1.000000 0.000000
vn 0.000000 -1.000000 0.000000
vn 0.000000 -1.000000 0.000000
vn 0.000000 -1.000000 0.000000
vn 0.000000 -1.000000 0.000000
vn 0.000000 -1.000000 0.000000
vn 0.000000 -1.000000 0.000000
vn 0.000000 -1.000000 0.000000
vn 0.000000 -1.000000 0.000000
vn 0.000000 -1.000000 0.000000
vn 0.000000 -1.000000 0.000000
vn 0.000000 -1.000000 0.000000
vn 0.000000 -1.000000 0.000000
vn 0.000000 -1.000000 0.000000
vn 0.000000 -1.000000 0.000000
vn 0.000000 -1.000000 0.000000
vn 0.000000 -1.000000 0.000000
vn 0.000000 -1.000000 0.000000
vn 0.000000 -1.000000 0.000000
vn 0.000000 -1.000000 0.000000
vn 0.000000 -1.000000 0.000000
vn 0.000000 -1.000000 0.000000
vn 0.000000 -1.000000 0.000000
vn 0.000000 -1.000000 0.000000
vn -0.000009 -1.000000 0.000003
vn -0.000011 -1.000000 0.000001
vn -0.000012 -1.000000 -0.000001
vn -0.000010 -1.000000 -0.000003
vn 0.000000 -1.000000 0.000000
vn 0.000000 -1.000000 0.000000
vn 0.000000 -1.000000 -0.000004
vn 0.000000 -1.000000 -0.000010
vn 0.000000 -1.000000 -0.000010
vn 0.000000 -1.000000 -0.000004
vn 0.000000 -1.000000 0.000004
vn -0.000000 -1.000000 0.000004
vn 0.000000 -1.000000 0.000010
vn -0.000000 -1.000000 0.000010
vn 0.000000 -1.000000 0.000000
vn 0.000000 -1.000000 0.000000
vn 0.000000 -1.000000 0.000000
vn 0.000000 -1.000000 0.000000
vn 0.000000 -1.000000 0.000000
vn 0.000000 -1.000000 0.000000
vn 0.000000 -1.000000 0.000000
vn 0.000000 -1.000000 0.000000
vn 0.000000 -1.000000 -0.000010
vn 0.000000 -1.000000 -0.000004
vn 0.000000 -1.000000 0.000004
vn 0.000000 -1.000000 0.000010
vn 0.000000 -1.000000 -0.000004
vn 0.000000 -1.000000 -0.000010
vn 0.000000 -1.000000 -0.000010
vn 0.000000 -1.000000 -0.000004
vn 0.000000 -1.000000 0.000004
vn -0.000000 -1.000000 0.000004
vn 0.000000 -1.000000 0.000010
vn -0.000000 -1.000000 0.000010
vn 0.000000 -1.000000 0.000000
vn 0.000000 -1.000000 0.000000
vn 0.000000 -1.000000 0.000000
vn 0.000000 -1.000000 0.000000
vn 0.000000 -1.000000 -0.000004
vn 0.000001 -1.000000 -0.000010
vn -0.000001 -1.000000 -0.000010
vn -0.000000 -1.000000 -0.000004
vn 0.000000 -1.000000 0.000004
vn -0.000000 -1.000000 0.000004
vn 0.000000 -1.000000 0.000010
vn -0.000001 -1.000000 0.000010
vn 0.000000 -1.000000 0.000000
vn 0.000000 -1.000000 0.000000
vn 0.000000 -1.000000 -0.000004
vn 0.000000 -1.000000 -0.000010
vn 0.000000 -1.000000 -0.000010
vn 0.000000 -1.000000 -0.000004
vn -0.000000 -1.000000 0.000004
vn 0.000000 -1.000000 0.000004
vn -0.000000 -1.000000 0.000010
vn 0.000000 -1.000000 0.000010
vn 0.000000 -1.000000 0.000000
vn 0.000000 -1.000000 0.000000
vn 0.000000 -1.000000 0.000000
vn 0.000000 -1.000000 0.000000
vn 0.000000 -1.000000 0.000000
vn 0.000000 -1.000000 0.000000
vn -0.000000 -1.000000 -0.000004
vn -0.000001 -1.000000 -0.000010
vn 0.000000 -1.000000 -0.000010
vn 0.000000 -1.000000 -0.000004
vn -0.000000 -1.000000 0.000004
vn 0.000000 -1.000000 0.000004
vn -0.000001 -1.000000 0.000010
vn 0.000000 -1.000000 0.000010
vn 0.000000 -1.000000 0.000000
vn 0.000000 -1.000000 0.000000
vn 0.000000 -1.000000 0.000000
vn 0.000000 -1.000000 0.000000
vn 0.000000 -1.000000 -0.000004
vn -0.000000 -1.000000 -0.000010
vn -0.000001 -1.000000 -0.000008
vn -0.000001 -1.000000 -0.000003
vn -0.000000 -1.000000 0.000004
vn -0.000001 -1.000000 0.000003
vn -0.000000 -1.000000 0.000010
vn -0.000002 -1.000000 0.000008
vn 0.000005 -1.000000 -0.000002
vn 0.000004 -1.000000 -0.000005
vn 0.000009 -1.000000 -0.000003
vn 0.000012 -1.000000 -0.000001
vn 0.000005 -1.000000 0.000002
vn 0.000011 -1.000000 0.000001
vn 0.000004 -1.000000 0.000005
vn 0.000009 -1.000000 0.000003
vn 0.000000 -1.000000 0.000000
vn 0.000000 -1.000000 0.000000
vn 0.000000 -1.000000 0.000000
vn 0.000000 -1.000000 0.000000
vn 0.000000 -1.000000 0.000000
vn 0.000000 -1.000000 0.000000
vn 0.000000 -1.000000 0.000000
vn 0.000000 -1.000000 0.000000
vn 0.000000 -1.000000 0.000000
vn 0.000000 -1.000000 0.000000
vn 0.000000 -1.000000 0.000000
vn 0.000000 -1.000000 0.000000
vn 0.000000 -1.000000 0.000000
vn 0.000000 -1.000000 0.000000
vn 0.000000 -1.000000 0.000000
vn 0.000000 -1.000000 0.000000
vn 0.000000 -1.000000 0.000000
vn 0.000000 -1.000000 0.000000
vn 0.000000 -1.000000 0.000000
vn 0.000000 -1.000000 0.000000
vn 0.000000 -1.000000 0.000000
vn 0.000000 -1.000000 0.000000
vn 0.000000 -1.000000 0.000000
vn 0.000000 -1.000000 0.000000
vn 0.000000 -1.000000 0.000000
vn 0.000000 -1.000000 0.000000
vn 0.000000 -1.000000 0.000000
vn 0.000000 -1.000000 0.000000
vn 0.000000 -1.000000 0.000000
vn 0.000000 -1.000000 0.000000
vn 0.000000 -1.000000 0.000000
vn 0.000000 -1.000000 0.000000
vn 0.000000 -1.000000 0.000000
vn 0.000000 -1.000000 0.000000
vn 0.000000 -1.000000 0.000000
vn 0.000000 -1.000000 0.000000
vn 0.000000 -1.000000 0.000000
vn 0.000000 -1.000000 0.000000
vn 0.000000 -1.000000 0.000000
vn 0.000000 -1.000000 0.000000
vn 0.000000 -1.000000 0.000000
vn 0.000000 -1.000000 0.000000
vn 0.000000 -1.000000 0.000000
vn 0.000000 -1.000000 0.000000
vn 0.000000 -1.000000 0.000000
vn 0.000000 -1.000000 0.000000
vn 0.000000 -1.000000 0.000000
vn 0.000000 -1.000000 0.000000
vn -0.743085 0.000000 0.669197
vn -0.743085 0.000000 0.669197
vn -0.743086 0.000000 0.669197
vn -0.743086 0.000000 0.669197
vn 0.000000 0.784902 0.619620
vn 0.000000 0.784902 0.619620
vn 0.000000 0.784902 0.619620
vn 0.000000 0.784902 0.619620
vn 0.743086 0.000000 0.669196
vn 0.743086 0.000000 0.669197
vn 0.743086 0.000000 0.669197
vn 0.743086 0.000000 0.669196
vn 0.000021 -0.784901 0.619622
vn 0.000021 -0.784901 0.619622
vn 0.000021 -0.784901 0.619622
vn 0.000021 -0.784901 0.619622
vn -0.743085 0.000000 0.669197
vn -0.743085 0.000000 0.669197
vn -0.743085 0.000000 0.669197
vn -0.743085 0.000000 0.669197
vn 0.000000 0.784902 0.619620
vn 0.000000 0.784902 0.619620
vn 0.000000 0.784902 0.619620
vn 0.000000 0.784902 0.619620
vn 0.743083 0.000000 0.669200
vn 0.743083 0.000000 0.669200
vn 0.743083 0.000000 0.669200
vn 0.743083 0.000000 0.669200
vn -0.000008 -0.784900 0.619622
vn -0.000008 -0.784901 0.619622
vn -0.000008 -0.784901 0.619622
vn -0.000008 -0.784901 0.619622
vn 0.000000 0.000000 1.000000
vn 0.000000 0.000000 1.000000
vn 0.000000 0.000000 1.000000
vn 0.000000 0.000000 1.000000
vn 0.000000 0.000000 1.000000
vn 0.000000 0.000000 1.000000
vn 0.000000 0.000000 1.000000
vn 0.000000 0.000000 1.000000
vn -0.707142 -0.707072 -0.000000
vn -0.707142 -0.707072 -0.000000
vn -0.707142 -0.707072 -0.000000
vn -0.707142 -0.707072 -0.000000
vn 0.000322 -0.707048 -0.707165
vn 0.000322 -0.707048 -0.707165
vn 0.000327 -0.707045 -0.707168
vn 0.000327 -0.707045 -0.707168
vn 0.000333 -0.707048 -0.707166
vn 0.000333 -0.707048 -0.707166
vn -0.000415 -0.707047 0.707166
vn -0.000415 -0.707047 0.707166
vn -0.000417 -0.707045 0.707168
vn -0.000417 -0.707045 0.707168
vn -0.707139 -0.707074 0.000000
vn -0.707139 -0.707074 0.000000
vn -0.707140 -0.707073 0.000000
vn -0.707140 -0.707073 0.000000
vn -0.000418 -0.707049 0.707165
vn -0.000418 -0.707048 0.707165
vn 0.000334 -0.707061 -0.707152
vn 0.000334 -0.707062 -0.707152
vn 0.000334 -0.707061 -0.707152
vn 0.000334 -0.707061 -0.707152
vn -0.000417 -0.707061 0.707152
vn -0.000417 -0.707061 0.707152
vn -0.000417 -0.707062 0.707152
vn -0.000417 -0.707062 0.707152
vn 0.000334 -0.707063 -0.707150
vn 0.000334 -0.707063 -0.707150
vn 0.000334 -0.707067 -0.707147
vn 0.000334 -0.707067 -0.707147
vn -0.000417 -0.707063 0.707150
vn -0.000417 -0.707064 0.707150
vn 0.000334 -0.707067 -0.707146
vn 0.000334 -0.707067 -0.707146
vn -0.000416 -0.707067 0.707146
vn -0.000416 -0.707067 0.707146
vn -0.000417 -0.707067 0.707146
vn -0.000417 -0.707067 0.707146
vn 0.000333 -0.707069 -0.707144
vn 0.000333 -0.707069 -0.707144
vn 0.000334 -0.707069 -0.707145
vn 0.000334 -0.707069 -0.707145
vn -0.000417 -0.707069 0.707144
vn -0.000417 -0.707069 0.707144
vn -0.000417 -0.707069 0.707145
vn -0.000417 -0.707069 0.707145
vn 0.000334 -0.707067 -0.707147
vn 0.000334 -0.707067 -0.707147
vn 0.000334 -0.707067 -0.707147
vn 0.000334 -0.707067 -0.707147
vn -0.000417 -0.707067 0.707147
vn -0.000417 -0.707067 0.707147
vn -0.000417 -0.707067 0.707146
vn -0.000417 -0.707067 0.707146
vn 0.000334 -0.707063 -0.707150
vn 0.000334 -0.707064 -0.707150
vn 0.000334 -0.707061 -0.707152
vn 0.000334 -0.707061 -0.707152
vn -0.000416 -0.707064 0.707150
vn -0.000416 -0.707064 0.707150
vn -0.000417 -0.707062 0.707152
vn -0.000417 -0.707062 0.707152
vn 0.000334 -0.707061 -0.707152
vn 0.000334 -0.707061 -0.707152
vn 0.000335 -0.707049 -0.707164
vn 0.000335 -0.707049 -0.707164
vn -0.000417 -0.707062 0.707152
vn -0.000417 -0.707062 0.707152
vn -0.000415 -0.707050 0.707163
vn -0.000415 -0.707050 0.707163
vn 0.000327 -0.707047 -0.707166
vn 0.000327 -0.707047 -0.707166
vn 0.000319 -0.707050 -0.707164
vn 0.000319 -0.707050 -0.707164
vn -0.000417 -0.707048 0.707166
vn -0.000417 -0.707048 0.707166
vn -0.000419 -0.707050 0.707163
vn -0.000419 -0.707050 0.707163
vn 0.707141 -0.707073 -0.000000
vn 0.707141 -0.707073 -0.000000
vn 0.707139 -0.707074 -0.000000
vn 0.707139 -0.707074 -0.000000
vn 0.707140 -0.707074 0.000000
vn 0.707140 -0.707074 0.000000
vn 0.707139 -0.707074 0.000000
vn 0.707139 -0.707074 0.000000
vn 0.000000 -1.000000 0.000000
vn 0.000000 -1.000000 0.000000
vn 0.000000 -1.000000 0.000000
vn 0.000000 -1.000000 0.000000
vn 0.000000 -1.000000 0.000000
vn 0.000000 -1.000000 0.000000
vn 0.000000 -1.000000 0.000000
vn 0.000000 -1.000000 0.000000
vn 0.000000 -1.000000 0.000000
vn 0.000000 -1.000000 0.000000
vn 0.000000 -1.000000 0.000000
vn 0.000000 -1.000000 0.000000
vn 0.000000 -1.000000 0.000000
vn 0.000000 -1.000000 0.000000
vn 0.000000 -1.000000 0.000000
vn 0.000000 -1.000000 0.000000
vn 0.000000 -1.000000 0.000000
vn 0.000000 -1.000000 0.000000
vn 0.000000 -1.000000 0.000000
vn 0.000000 -1.000000 0.000000
vn 0.000000 -1.000000 0.000000
vn 0.000000 -1.000000 0.000000
vn 0.000000 -1.000000 0.000000
vn 0.000000 -1.000000 0.000000
vn 0.000000 -1.000000 0.000000
vn 0.000000 -1.000000 0.000000
vn 0.000000 -1.000000 0.000000
vn 0.000000 -1.000000 0.000000
vn 0.000000 -1.000000 0.000000
vn 0.000000 -1.000000 0.000000
vn 0.000000 -1.000000 0.000000
vn 0.000000 -1.000000 0.000000
vn 0.000000 -1.000000 0.000000
vn 0.000000 -1.000000 0.000000
vn 0.000000 -1.000000 0.000000
vn 0.000000 -1.000000 0.000000
vn 0.000000 -1.000000 0.000000
vn 0.000000 -1.000000 0.000000
vn 0.000000 -1.000000 0.000000
vn 0.000000 -1.000000 0.000000
vn 0.000000 -1.000000 0.000000
vn 0.000000 -1.000000 0.000000
s 1
g Crate3Body_low
f 1064/4073/1547 1057/1440/1548 1328/1441/1549 1329/1442/1550
f 1222/4076/1551 1062/1444/1552 1313/1445/1553 1314/1446/1554
f 1062/1444/1552 1067/1447/1555 1312/1448/1556 1313/1445/1553
f 1067/1447/1555 1223/1449/1557 1311/1450/1558 1312/1448/1556
f 1070/1451/1559 1074/1452/1560 1309/1453/1561 1310/1454/1562
f 1072/1455/1563 1233/1456/1564 1333/4083/1565 1334/1458/1566
f 1079/1459/1567 1072/1455/1563 1334/1458/1566 1335/1460/1568
f 1242/1461/1569 1077/1462/1570 1307/1463/1571 1308/1464/1572
f 1077/1462/1570 1081/1465/1573 1306/1466/1574 1307/1463/1571
f 1252/1467/1575 1084/1468/1576 1304/1469/1577 1305/1470/1578
f 1084/1468/1576 1089/1471/1579 1303/1472/1580 1304/1469/1577
f 1094/4071/1581 1087/1474/1582 1340/1475/1583 1341/1476/1584
f 1262/1477/1585 1092/1478/1586 1301/1479/1587 1302/1480/1588
f 1092/1478/1586 1099/1481/1589 1300/1482/1590 1301/1479/1587
f 1342/4078/1591 1287/1484/1592 1095/1485/1593 1263/1486/1594
s 10
f 2066/1487/1595 2067/1488/1596 1218/1489/1597 1144/3111/1598
s 11
f 2058/1491/1599 2059/3033/1600 1147/1493/1601 1227/1494/1602
s 12
f 2048/1495/1603 2049/1496/1604 1238/1497/1605 1152/3107/1606
s 13
f 2039/1499/1607 2040/1500/1608 1248/1501/1609 1156/3105/1610
s 14
f 2030/1503/1611 2031/1504/1612 1258/1505/1613 1160/3103/1614
s 15
f 2021/1507/1615 2022/1508/1616 1268/1509/1617 1164/3101/1618
s 1
f 2062/1511/1619 2063/1512/1620 1061/3816/1621 1068/3778/1622
f 2053/1515/1623 2054/1516/1624 1069/3814/1625 1075/3772/1626
f 2044/1519/1627 2045/1520/1628 1076/3812/1629 1082/3768/1630
f 2035/1523/1631 2036/1524/1632 1083/3810/1633 1090/3764/1634
f 2026/1527/1635 2027/1528/1636 1091/3808/1637 1100/3760/1638
f 1107/1531/1639 1106/1532/1640 1288/1533/1641 1289/1534/1642
f 1108/3298/1643 1107/1531/1639 1289/1534/1642 1290/1536/1644
f 1109/1537/1645 1108/1535/1643 1290/3289/1644 1291/1538/1646
f 1110/1539/1647 1109/1537/1645 1291/1538/1646 1292/1540/1648
f 1115/1541/1649 1114/1542/1650 1296/1543/1651 1297/1544/1652
f 1114/1542/1650 1113/1545/1653 1295/1546/1654 1296/1543/1651
f 1113/3296/1653 1112/1547/1655 1294/1548/1656 1295/3328/1654
f 1112/1547/1655 1111/1549/1657 1293/1550/1658 1294/1548/1656
f 1125/1551/1659 1124/1552/1660 1324/1553/1661 1325/1554/1662
f 1124/1552/1660 1123/1555/1663 1323/1556/1664 1324/1553/1661
f 1123/3292/1663 1122/1557/1665 1322/1558/1666 1323/3327/1664
f 1122/1557/1665 1121/1559/1667 1321/1560/1668 1322/1558/1666
f 1137/1561/1669 1136/1562/1670 1316/1563/1671 1317/1564/1672
f 1138/3294/1673 1137/1561/1669 1317/1564/1672 1318/1566/1674
f 1139/1567/1675 1138/1565/1673 1318/3286/1674 1319/1568/1676
f 1140/1569/1677 1139/1567/1675 1319/1568/1676 1320/1570/1678
f 1106/1532/1640 1095/1485/1593 1287/1484/1592 1288/1533/1641
f 1098/4069/1679 1115/1541/1649 1297/1544/1652 1298/1572/1680
f 1056/1573/1681 1125/1551/1659 1325/1554/1662 1326/1574/1682
f 1136/1562/1670 1059/1575/1683 1315/4090/1684 1316/1563/1671
f 1116/1577/1685 2017/1578/1686 2018/1579/1687 1097/1580/1688
f 1131/3788/1689 2072/1582/1690 2073/1583/1691 1135/1584/1692
s 26
f 1215/1585/1693 1216/1586/1694 1168/1587/1695 1167/4027/1696
s 27
f 2069/1589/1697 2070/3817/1698 1169/1591/1699 1170/3999/1700
s 28
f 2064/1593/1701 2065/1594/1702 1172/1595/1703 1171/4025/1704
s 29
f 1219/1597/1705 1220/3897/1706 1171/1596/1707 1172/3997/1708
s 30
f 1173/1599/1709 1174/3995/1710 1229/1601/1711 1230/3893/1712
s 31
f 2060/1603/1713 2061/3821/1714 1177/1605/1715 1178/3991/1716
s 32
f 2055/1607/1717 2056/1608/1718 1180/1609/1719 1179/4021/1720
s 33
f 1178/1606/1721 1177/4022/1722 1225/1611/1723 1226/1612/1724
s 34
f 1235/1613/1725 1236/1614/1726 1184/1615/1727 1183/4019/1728
s 35
f 2051/1617/1729 2052/3825/1730 1185/1619/1731 1186/3983/1732
s 36
f 2046/1621/1733 2047/1622/1734 1188/1623/1735 1187/4017/1736
s 37
f 1239/1625/1737 1240/3889/1738 1187/1624/1739 1188/3981/1740
s 38
f 1245/1627/1741 1246/1628/1742 1192/1629/1743 1191/4015/1744
s 39
f 2042/1631/1745 2043/3829/1746 1193/1633/1747 1194/3975/1748
s 40
f 2037/1635/1749 2038/1636/1750 1196/1637/1751 1195/4013/1752
s 41
f 1249/1639/1753 1250/3885/1754 1195/1638/1755 1196/3973/1756
s 42
f 1255/1641/1757 1256/1642/1758 1200/1643/1759 1199/4011/1760
s 43
f 2033/1645/1761 2034/3833/1762 1201/1647/1763 1202/3967/1764
s 44
f 2028/1649/1765 2029/1650/1766 1204/1651/1767 1203/4009/1768
s 45
f 1259/1653/1769 1260/3881/1770 1203/1652/1771 1204/3965/1772
s 46
f 1265/1655/1773 1266/1656/1774 1208/1657/1775 1207/4007/1776
s 47
f 2024/1659/1777 2025/3837/1778 1209/1661/1779 1210/3959/1780
s 48
f 2019/1663/1781 2020/1664/1782 1212/1665/1783 1211/4005/1784
s 49
f 1269/1667/1785 1270/3877/1786 1211/1666/1787 1212/3957/1788
s 1
f 1058/1669/1789 1214/3781/1790 1215/3899/1791 1167/3855/1792
f 2071/1671/1793 1060/3780/1794 1169/3818/1795 2070/1590/1796
f 1221/3779/1797 1061/3816/1621 1171/3898/1798 1220/1598/1799
f 1061/3816/1621 2063/1512/1620 2064/3819/1800 1171/3898/1798
f 1231/3775/1801 1063/1675/1802 1173/3894/1803 1230/1602/1804
f 2062/1511/1619 1068/3778/1622 1177/3822/1805 2061/1604/1806
f 1068/3778/1622 1224/3777/1807 1225/3895/1808 1177/3822/1805
f 1069/3814/1625 2054/1516/1624 2055/3823/1809 1179/3896/1810
f 1073/1677/1811 1234/3773/1812 1235/3891/1813 1183/3861/1814
f 2053/1515/1623 1075/3772/1626 1185/3826/1815 2052/1618/1816
f 1241/3771/1817 1076/3812/1629 1187/3890/1818 1240/1626/1819
f 1076/3812/1629 2045/1520/1628 2046/3827/1820 1187/3890/1818
f 1080/1680/1821 1244/3769/1822 1245/3887/1823 1191/3864/1824
f 2044/1519/1627 1082/3768/1630 1193/3830/1825 2043/1632/1826
f 1251/3767/1827 1083/3810/1633 1195/3886/1828 1250/1640/1829
f 1083/3810/1633 2036/1524/1632 2037/3831/1830 1195/3886/1828
f 1088/1683/1831 1254/3765/1832 1255/3883/1833 1199/3867/1834
f 2035/1523/1631 1090/3764/1634 1201/3834/1835 2034/1646/1836
f 1261/3763/1837 1091/3808/1637 1203/3882/1838 1260/1654/1839
f 1091/3808/1637 2027/1528/1636 2028/3835/1840 1203/3882/1838
f 1096/3762/1841 1264/3761/1842 1265/3879/1843 1207/3870/1844
f 2026/1527/1635 1100/3760/1638 1209/3838/1845 2025/1660/1846
f 1271/3759/1847 1097/1580/1688 1211/3878/1848 1270/1668/1849
f 1097/1580/1688 2018/1579/1687 2019/3839/1850 1211/3878/1848
s 56
f 1168/1587/1851 1216/1586/1852 1217/3100/1853 1142/3067/1854
s 57
f 2069/1589/1855 1170/3999/1856 1143/4000/1857 2068/1692/1858
s 58
f 1219/1597/1859 1172/3997/1860 1144/1490/1861 1218/3099/1862
s 59
f 1172/1595/1863 2065/1594/1864 2066/3031/1865 1144/3998/1866
s 60
f 1229/1601/1867 1174/3995/1868 1145/1693/1869 1228/3097/1870
s 61
f 2060/1603/1871 1178/3991/1872 1147/3992/1873 2059/1492/1874
s 62
f 1178/1606/1875 1226/1612/1876 1227/3098/1877 1147/3034/1878
s 63
f 1180/1609/1879 2056/1608/1880 2057/3035/1881 1148/3990/1882
s 64
f 1184/1615/1883 1236/1614/1884 1237/3096/1885 1150/3073/1886
s 65
f 2051/1617/1887 1186/3983/1888 1151/3984/1889 2050/1700/1890
s 66
f 1239/1625/1891 1188/3981/1892 1152/1498/1893 1238/3095/1894
s 67
f 1188/1623/1895 2047/1622/1896 2048/3039/1897 1152/3982/1898
s 68
f 1192/1629/1899 1246/1628/1900 1247/3094/1901 1154/3076/1902
s 69
f 2042/1631/1903 1194/3975/1904 1155/3976/1905 2041/1704/1906
s 70
f 1249/1639/1907 1196/3973/1908 1156/1502/1909 1248/3093/1910
s 71
f 1196/1637/1911 2038/1636/1912 2039/3043/1913 1156/3974/1914
s 72
f 1200/1643/1915 1256/1642/1916 1257/3092/1917 1158/3079/1918
s 73
f 2033/1645/1919 1202/3967/1920 1159/3968/1921 2032/1708/1922
s 74
f 1259/1653/1923 1204/3965/1924 1160/1506/1925 1258/3091/1926
s 75
f 1204/1651/1927 2029/1650/1928 2030/3047/1929 1160/3966/1930
s 76
f 1208/1657/1931 1266/1656/1932 1267/3090/1933 1162/3082/1934
s 77
f 2024/1659/1935 1210/3959/1936 1163/3960/1937 2023/1712/1938
s 78
f 1269/1667/1939 1212/3957/1940 1164/1510/1941 1268/3089/1942
s 79
f 1212/1665/1943 2020/1664/1944 2021/3051/1945 1164/3958/1946
s 1
f 1118/3795/1947 2015/1714/1948 2016/1715/1949 1117/3797/1950
f 1117/3797/1950 2016/1715/1949 2017/1578/1686 1116/1577/1685
f 2013/3751/1951 2014/1718/1952 1119/3794/1953 1120/3752/1954
f 1119/3794/1953 2014/1718/1952 2015/1714/1948 1118/3795/1947
f 1131/3788/1689 1060/3780/1794 2071/1671/1793 2072/1582/1690
f 1134/1721/1955 2074/1722/1956 2075/1723/1957 1133/1724/1958
f 1135/1584/1692 2073/1583/1691 2074/1722/1956 1134/1721/1955
f 1133/1724/1958 2075/1723/1957 2076/3749/1959 1132/3784/1960
f 1213/4067/1961 1056/1573/1681 1326/1574/1682 1327/4087/1962
f 1215/3899/1791 1214/3781/1790 1055/1729/1963 1165/3900/1964
s 26
f 1165/1730/1965 1166/4003/1966 1216/1586/1694 1215/1585/1693
s 56
f 1217/3100/1853 1216/1586/1852 1166/4003/1967 1141/1732/1968
s 10
f 1218/1489/1597 2067/1488/1596 2068/3029/1969 1143/1691/1970
s 58
f 1170/1592/1971 1219/1597/1859 1218/3099/1862 1143/3030/1972
s 29
f 1170/1592/1973 1169/4026/1974 1220/3897/1706 1219/1597/1705
s 1
f 1060/3780/1794 1221/3779/1797 1220/1598/1799 1169/3818/1795
f 1310/1454/1562 1311/1450/1558 1223/1449/1557 1070/1451/1559
f 1225/3895/1808 1224/3777/1807 1069/3814/1625 1179/3896/1810
s 33
f 1226/1612/1724 1225/1611/1723 1179/1610/1975 1180/3989/1976
s 62
f 1227/3098/1877 1226/1612/1876 1180/3989/1977 1148/1696/1978
s 11
f 2057/1695/1979 2058/1491/1599 1227/1494/1602 1148/3109/1980
s 60
f 1176/1733/1981 1229/1601/1867 1228/3097/1870 1146/3070/1982
s 30
f 1230/3893/1712 1229/1601/1711 1176/1733/1983 1175/4023/1984
s 1
f 1066/1736/1985 1231/3775/1801 1230/1602/1804 1175/3858/1986
f 1065/4065/1987 1232/1738/1988 1330/1739/1989 1331/1740/1990
f 1235/3891/1813 1234/3773/1812 1071/1741/1991 1181/3892/1992
s 34
f 1181/1742/1993 1182/3987/1994 1236/1614/1726 1235/1613/1725
s 64
f 1237/3096/1885 1236/1614/1884 1182/3987/1995 1149/1744/1996
s 12
f 1238/1497/1605 2049/1496/1604 2050/3037/1997 1151/1699/1998
s 66
f 1186/1620/1999 1239/1625/1891 1238/3095/1894 1151/3038/2000
s 37
f 1186/1620/2001 1185/4018/2002 1240/3889/1738 1239/1625/1737
s 1
f 1075/3772/1626 1241/3771/1817 1240/1626/1819 1185/3826/1815
f 1074/1452/1560 1242/1461/1569 1308/1464/1572 1309/1453/1561
f 1243/4064/2003 1079/1459/1567 1335/1460/1568 1336/4081/2004
f 1245/3887/1823 1244/3769/1822 1078/1747/2005 1189/3888/2006
s 38
f 1189/1748/2007 1190/3979/2008 1246/1628/1742 1245/1627/1741
s 68
f 1247/3094/1901 1246/1628/1900 1190/3979/2009 1153/1750/2010
s 13
f 1248/1501/1609 2040/1500/1608 2041/3041/2011 1155/1703/2012
s 70
f 1194/1634/2013 1249/1639/1907 1248/3093/1910 1155/3042/2014
s 41
f 1194/1634/2015 1193/4014/2016 1250/3885/1754 1249/1639/1753
s 1
f 1082/3768/1630 1251/3767/1827 1250/1640/1829 1193/3830/1825
f 1081/1465/1573 1252/1467/1575 1305/1470/1578 1306/1466/1574
f 1253/4063/2017 1086/1752/2018 1338/1753/2019 1339/4079/2020
f 1255/3883/1833 1254/3765/1832 1085/1755/2021 1197/3884/2022
s 42
f 1197/1756/2023 1198/3971/2024 1256/1642/1758 1255/1641/1757
s 72
f 1257/3092/1917 1256/1642/1916 1198/3971/2025 1157/1758/2026
s 14
f 1258/1505/1613 2031/1504/1612 2032/3045/2027 1159/1707/2028
s 74
f 1202/1648/2029 1259/1653/1923 1258/3091/1926 1159/3046/2030
s 45
f 1202/1648/2031 1201/4010/2032 1260/3881/1770 1259/1653/1769
s 1
f 1090/3764/1634 1261/3763/1837 1260/1654/1839 1201/3834/1835
f 1089/1471/1579 1262/1477/1585 1302/1480/1588 1303/1472/1580
f 1265/3879/1843 1264/3761/1842 1093/1759/2033 1205/3880/2034
s 46
f 1205/1760/2035 1206/3963/2036 1266/1656/1774 1265/1655/1773
s 76
f 1267/3090/1933 1266/1656/1932 1206/3963/2037 1161/1762/2038
s 15
f 1268/1509/1617 2022/1508/1616 2023/3049/2039 1163/1711/2040
s 78
f 1210/1662/2041 1269/1667/1939 1268/3089/1942 1163/3050/2042
s 49
f 1210/1662/2043 1209/4006/2044 1270/3877/1786 1269/1667/1785
s 1
f 1100/3760/1638 1271/3759/1847 1270/1668/1849 1209/3838/1845
f 1099/1481/1589 1272/1763/2045 1299/1764/2046 1300/1482/1590
f 2165/1765/2047 2166/1766/2048 1096/1686/2049 1105/1767/2050
f 2164/1768/2051 2165/1765/2047 1105/1767/2050 1104/3803/2052
f 2163/1770/2053 2164/1768/2051 1104/3803/2052 1103/3801/2054
f 2162/1772/2055 2163/3288/2053 1103/3802/2054 1102/3799/2056
f 2161/1774/2057 2162/1772/2055 1102/3799/2056 1101/1775/2058
f 2159/1776/2059 2160/1777/2060 1120/1720/1954 1119/1719/2061
f 2158/1778/2062 2159/1776/2059 1119/1719/2061 1118/3796/2063
f 2157/1779/2064 2158/3290/2062 1118/1713/2063 1117/1716/2065
f 2156/1780/2066 2157/1779/2064 1117/1716/2065 1116/3798/2067
f 2155/1781/2068 2156/1780/2066 1116/3798/2067 1097/3806/2069
f 2210/1782/2070 2155/1781/2068 1097/3806/2069 1271/1688/2071
f 2209/1783/2072 2210/1782/2070 1271/1688/2071 1100/1530/2073
f 2208/1784/2074 2209/1783/2072 1100/1530/2073 1091/1529/2075
f 2207/1785/2076 2208/1784/2074 1091/1529/2075 1261/1685/2077
f 2206/1786/2078 2207/1785/2076 1261/1685/2077 1090/1526/2079
f 2205/1787/2080 2206/1786/2078 1090/1526/2079 1083/1525/2081
f 2204/1788/2082 2205/1787/2080 1083/1525/2081 1251/1682/2083
f 2203/1789/2084 2204/1788/2082 1251/1682/2083 1082/1522/2085
f 2202/1790/2086 2203/1789/2084 1082/1522/2085 1076/1521/2087
f 2201/1791/2088 2202/1790/2086 1076/1521/2087 1241/1679/2089
f 2200/1792/2090 2201/1791/2088 1241/1679/2089 1075/1518/2091
f 2199/1793/2092 2200/1792/2090 1075/1518/2091 1069/1517/2093
f 1224/1676/2094 2198/1794/2095 2199/1793/2092 1069/1517/2093
f 2197/1795/2096 2198/1794/2095 1224/1676/2094 1068/1514/2097
f 2196/1796/2098 2197/1795/2096 1068/1514/2097 1061/1513/2099
f 2195/1797/2100 2196/1796/2098 1061/1513/2099 1221/1673/2101
f 2194/1798/2102 2195/1797/2100 1221/1673/2101 1060/1672/2103
f 2193/1799/2104 2194/1798/2102 1060/1672/2103 1131/1581/2105
f 2192/1800/2106 2193/1799/2104 1131/1581/2105 1135/3787/2107
f 2191/1801/2108 2192/1800/2106 1135/3787/2107 1134/3785/2109
f 2190/1802/2110 2191/3285/2108 1134/3786/2109 1133/3783/2111
f 2189/1803/2112 2190/1802/2110 1133/3783/2111 1132/1726/1960
f 2187/1804/2113 2188/1805/2114 1126/1806/2115 1130/1807/2116
f 2186/1808/2117 2187/1804/2113 1130/1807/2116 1129/3791/2118
f 2185/1810/2119 2186/3287/2117 1129/1809/2118 1128/1811/2120
f 2184/1812/2121 2185/1810/2119 1128/1811/2120 1127/3793/2122
f 2183/1814/2123 2184/1812/2121 1127/3793/2122 1055/3805/2124
f 2182/1815/2125 2183/1814/2123 1055/3805/2124 1214/1670/2126
f 2181/1816/2127 2182/1815/2125 1214/1670/2126 1058/3782/2128
f 2180/1817/2129 2181/1816/2127 1058/3782/2128 1063/3815/2130
f 2179/1818/2131 2180/1817/2129 1063/3815/2130 1231/1674/2132
f 2178/1819/2133 2179/1818/2131 1231/1674/2132 1066/3776/2134
f 2177/1820/2135 2178/1819/2133 1066/3776/2134 1071/3813/2136
f 2176/1821/2137 2177/1820/2135 1071/3813/2136 1234/1678/2138
f 2175/1822/2139 2176/1821/2137 1234/1678/2138 1073/3774/2140
f 2174/1823/2141 2175/1822/2139 1073/3774/2140 1078/3811/2142
f 2173/1824/2143 2174/1823/2141 1078/3811/2142 1244/1681/2144
f 2172/1825/2145 2173/1824/2143 1244/1681/2144 1080/3770/2146
f 2171/1826/2147 2172/1825/2145 1080/3770/2146 1085/3809/2148
f 2170/1827/2149 2171/1826/2147 1085/3809/2148 1254/1684/2150
f 2169/1828/2151 2170/1827/2149 1254/1684/2150 1088/3766/2152
f 2168/1829/2153 2169/1828/2151 1088/3766/2152 1093/3807/2154
f 1264/1687/2155 2167/1830/2156 2168/1829/2153 1093/3807/2154
f 1096/1686/2049 2166/1766/2048 2167/1830/2156 1264/1687/2155
s 84
f 1285/1831/2157 1286/1832/2158 1341/4077/2159 1342/1483/2160
s 85
f 1281/1833/2161 1280/1834/2162 1339/1754/2163 1340/4080/2164
s 86
f 1279/1835/2165 1278/1836/2166 1337/4093/2167 1338/4094/2168
f 1278/1836/2166 1277/1838/2169 1336/1746/2170 1337/4093/2171
s 88
f 1284/1839/2172 1282/1840/2173 1332/4082/2174 1333/1457/2175
f 1282/1840/2173 1283/1842/2176 1331/4084/2177 1332/4082/2178
s 90
f 1275/1843/2179 1276/1844/2180 1329/4085/2181 1330/4086/2182
s 91
f 1274/1845/2183 1273/1846/2184 1327/1728/2185 1328/4088/2186
s 92
f 1342/1483/2187 1263/4040/2188 1285/1831/2189
s 93
f 1286/1832/2190 1094/1473/2191 1341/4077/2192
s 94
f 1281/1833/2193 1340/4080/2194 1087/4044/2195
s 95
f 1339/1754/2196 1280/1834/2197 1253/1751/2198
s 96
f 1279/1835/2199 1338/4094/2200 1086/4048/2201
s 97
f 1336/1746/2202 1277/1838/2203 1243/1745/2204
s 98
f 1333/1457/2205 1233/4052/2206 1284/1839/2207
s 99
f 1283/1842/2208 1065/1737/2209 1331/4084/2210
s 100
f 1275/1843/2211 1330/4086/2212 1232/4056/2213
s 101
f 1276/1844/2214 1064/1439/2215 1329/4085/2216
s 102
f 1274/1845/2217 1328/4088/2218 1057/4060/2219
s 103
f 1327/1728/2220 1273/1846/2221 1213/1727/2222
s 104
f 1347/3272/2223 1348/3271/2224 1349/3184/2225 1350/3183/2226
f 1348/3271/2224 1347/3272/2223 1351/3270/2227 1352/3269/2228
f 1352/3269/2228 1351/3270/2227 1353/3268/2229 1354/3267/2230
f 1354/3267/2230 1353/3268/2229 1355/3266/2231 1356/3317/2232
f 1356/3265/2232 1355/3321/2231 1357/3264/2233 1358/3263/2234
f 1358/3263/2234 1357/3264/2233 1359/3262/2235 1360/1860/2236
f 2079/1861/2237 2080/3113/2238 1361/1863/2239 1362/3261/2240
f 1362/3261/2240 1361/1863/2239 1363/3260/2241 1364/3259/2242
f 1364/3259/2242 1363/3260/2241 1365/3258/2243 1366/3311/2244
f 1366/3257/2244 1365/3315/2243 1367/3256/2245 1368/3255/2246
f 1368/3255/2246 1367/3256/2245 1369/3254/2247 1370/3253/2248
f 1370/3253/2248 1369/3254/2247 1371/3147/2249 1372/3145/2250
s off
f 1374/3146/2251 1373/3148/2252 1375/3142/2253 1376/3144/2254
s 106
f 1378/3143/2255 1377/3141/2256 1379/3252/2257 1380/3251/2258
f 1380/3251/2258 1379/3252/2257 1381/3250/2259 1382/3249/2260
f 1382/3249/2260 1381/3250/2259 1383/3248/2261 1384/3247/2262
f 1384/3247/2262 1383/3248/2261 1385/3246/2263 1386/3245/2264
f 1386/3245/2264 1385/3246/2263 1387/3244/2265 1388/3243/2266
f 1388/3243/2266 1387/3244/2265 1389/3242/2267 1390/3241/2268
f 1390/3241/2268 1389/3242/2267 1391/3240/2269 1392/3239/2270
f 1392/3239/2270 1391/3240/2269 1393/3238/2271 1394/3237/2272
f 1394/3237/2272 1393/3238/2271 1395/3236/2273 1396/3235/2274
f 1396/3235/2274 1395/3236/2273 1397/3234/2275 1398/3233/2276
f 1398/3233/2276 1397/3234/2275 1399/3232/2277 1400/3231/2278
f 1400/3231/2278 1399/3232/2277 1401/3230/2279 1402/3229/2280
f 1402/3229/2280 1401/3230/2279 1403/3228/2281 1404/3227/2282
f 1404/3227/2282 1403/3228/2281 1405/3226/2283 1406/3225/2284
f 1406/3225/2284 1405/3226/2283 1407/3139/2285 1408/3137/2286
s off
f 1410/3138/2287 1409/3140/2288 1411/3134/2289 1412/3136/2290
s 107
f 1414/3135/2291 1413/3133/2292 1415/3224/2293 1416/3223/2294
f 1416/3223/2294 1415/3224/2293 1417/3222/2295 1418/3221/2296
f 1418/3221/2296 1417/3222/2295 1419/3220/2297 1420/3305/2298
f 1420/3219/2298 1419/3309/2297 1421/3218/2299 1422/3217/2300
f 1422/3217/2300 1421/3218/2299 1423/3216/2301 1424/1926/2302
f 1424/1926/2302 1423/3216/2301 2009/1927/2303 2010/3117/2304
f 1426/3215/2305 1425/1930/2306 1427/3214/2307 1428/3213/2308
f 1428/3213/2308 1427/3214/2307 1429/3212/2309 1430/3299/2310
f 1430/3211/2310 1429/3303/2309 1431/3210/2311 1432/3209/2312
f 1432/3209/2312 1431/3210/2311 1433/3208/2313 1434/3207/2314
f 1434/3207/2314 1433/3208/2313 1435/3206/2315 1436/3205/2316
f 1436/3205/2316 1435/3206/2315 1437/3204/2317 1438/3203/2318
s off
f 1438/3203/2319 1437/3204/2320 1439/3151/2321 1440/3150/2322
f 1441/3202/2323 1442/3201/2324 1443/3149/2325 1444/3152/2326
f 1442/3201/2327 1441/3202/2328 1445/3200/2329 1446/3199/2330
f 1446/3199/2331 1445/3200/2332 1447/3159/2333 1448/3162/2334
s 109
f 1449/3198/2335 1450/3197/2336 1451/3182/2337 1452/3181/2338
f 1450/3197/2336 1449/3198/2335 1453/3196/2339 1454/3195/2340
f 1454/3195/2340 1453/3196/2339 1455/3194/2341 1456/3193/2342
s off
f 1456/3193/2343 1455/3194/2344 1457/3153/2345 1458/3156/2346
f 1459/3192/2347 1460/3191/2348 1461/3158/2349 1462/3157/2350
f 1460/3191/2351 1459/3192/2352 1463/3190/2353 1464/3189/2354
f 1464/3189/2355 1463/3190/2356 1465/3171/2357 1466/3170/2358
f 1467/3188/2359 1468/3187/2360 1469/3173/2361 1470/3176/2362
f 1468/3187/2363 1467/3188/2364 1471/3186/2365 1472/3185/2366
f 1472/3185/2367 1471/3186/2368 1473/3169/2369 1474/3172/2370
f 1350/3183/2371 1349/3184/2372 1475/3175/2373 1476/3174/2374
f 1452/3181/2375 1451/3182/2376 1477/3168/2377 1478/3167/2378
f 1479/3180/2379 1480/3179/2380 1481/3163/2381 1482/3166/2382
f 1480/3179/2383 1479/3180/2384 1483/3178/2385 1484/3177/2386
f 1484/3177/2387 1483/3178/2388 1485/3161/2389 1486/3160/2390
f 1476/3174/2391 1475/3175/2392 1470/3176/2393 1469/3173/2394
f 1466/3170/2395 1465/3171/2396 1474/3172/2397 1473/3169/2398
s 110
f 1478/3167/2399 1477/3168/2400 1487/3165/2401 1488/3164/2402
f 1488/3164/2402 1487/3165/2401 1482/3166/2403 1481/3163/2404
s off
f 1486/3160/2405 1485/3161/2406 1448/3162/2407 1447/3159/2408
s 111
f 1462/3157/2409 1461/3158/2410 1489/3155/2411 1490/3154/2412
f 1490/3154/2412 1489/3155/2411 1458/3156/2413 1457/3153/2414
s off
f 1440/3150/2415 1439/3151/2416 1444/3152/2417 1443/3149/2418
f 1372/3145/2419 1371/3147/2420 1373/3148/2421 1374/3146/2422
f 1377/3141/2423 1378/3143/2424 1376/3144/2425 1375/3142/2426
f 1408/3137/2427 1407/3139/2428 1409/3140/2429 1410/3138/2430
f 1413/3133/2431 1414/3135/2432 1412/3136/2433 1411/3134/2434
s 112
f 1298/4091/2435 1299/4092/2436 1345/1995/2437 1346/1996/2438
s 113
f 1314/4089/2439 1315/1576/2440 1344/1997/2441 1343/1998/2442
s 114
f 1222/1443/2443 1314/4089/2444 1343/1998/2445
s 115
f 1315/1576/2446 1059/4032/2447 1344/1997/2448
s 116
f 1272/4036/2449 1345/1995/2450 1299/4092/2451
s 117
f 1098/1571/2452 1298/4091/2453 1346/1996/2454
s 118
f 1491/3748/2455 1492/2000/2456 1502/2001/2457 1501/3743/2458
f 1492/2000/2456 1491/3748/2455 1493/3747/2459 1494/2004/2460
s off
f 1494/2004/2461 1493/3747/2462 1731/3625/2463 1732/2006/2464
s 119
f 1495/3746/2465 1496/2008/2466 1498/2009/2467 1497/3745/2468
f 1496/2008/2466 1495/3746/2465 1499/3744/2469 1500/2012/2470
s off
f 1497/3745/2471 1498/2009/2472 1734/2013/2473 1733/3629/2474
s 119
f 1500/2012/2470 1499/3744/2469 1503/3742/2475 1504/2016/2476
s 118
f 1501/3743/2458 1502/2001/2457 1506/2017/2477 1505/3741/2478
s 119
f 1504/2016/2476 1503/3742/2475 1507/3739/2479 1508/3320/2480
s 118
f 1505/3741/2478 1506/2017/2477 1510/2021/2481 1509/3324/2482
s 119
f 1508/2020/2480 1507/3284/2479 1511/3736/2483 1512/2024/2484
s 118
f 1509/3737/2482 1510/3319/2481 1514/2025/2485 1513/3735/2486
s 119
f 1512/2024/2484 1511/3736/2483 1515/3734/2487 1516/2028/2488
s 118
f 1513/3735/2486 1514/2025/2485 1518/2029/2489 1517/3595/2490
s 119
f 2081/2031/2491 2082/3581/2492 1519/3582/2493 1520/2034/2494
s 118
f 2077/3583/2495 2078/2036/2496 1522/2037/2497 1521/3733/2498
s 119
f 1520/2034/2494 1519/3582/2493 1523/3732/2499 1524/2040/2500
s 118
f 1521/3733/2498 1522/2037/2497 1526/2041/2501 1525/3731/2502
s 119
f 1524/2040/2500 1523/3732/2499 1527/3729/2503 1528/3314/2504
s 118
f 1525/3731/2502 1526/2041/2501 1530/2045/2505 1529/3323/2506
s 119
f 1528/2044/2504 1527/3282/2503 1531/3726/2507 1532/2048/2508
s 118
f 1529/3727/2506 1530/3313/2505 1534/2049/2509 1533/3725/2510
s 119
f 1532/2048/2508 1531/3726/2507 1535/3724/2511 1536/2052/2512
s 118
f 1533/3725/2510 1534/2049/2509 1538/2053/2513 1537/3723/2514
s 119
f 1536/2052/2512 1535/3724/2511 1539/3722/2515 1540/2056/2516
s 118
f 1537/3723/2514 1538/2053/2513 1542/2057/2517 1541/3721/2518
s off
f 1540/2056/2519 1539/3722/2520 1763/3607/2521 1764/2060/2522
f 1541/3721/2523 1542/2057/2524 1766/2061/2525 1765/3606/2526
f 1543/3720/2527 1544/2064/2528 1768/2065/2529 1767/3608/2530
s 122
f 1544/2064/2531 1543/3720/2532 1545/3719/2533 1546/2068/2534
f 1546/2068/2534 1545/3719/2533 1551/3716/2535 1552/2070/2536
s 123
f 1547/3718/2537 1548/2072/2538 1550/2073/2539 1549/3717/2540
s off
f 1548/2072/2541 1547/3718/2542 1769/3605/2543 1770/2076/2544
s 123
f 1549/3717/2540 1550/2073/2539 1554/2077/2545 1553/3715/2546
s 122
f 1552/2070/2536 1551/3716/2535 1555/3714/2547 1556/2080/2548
s 123
f 1553/3715/2546 1554/2077/2545 1558/2081/2549 1557/3713/2550
s 122
f 1556/2080/2548 1555/3714/2547 1559/3712/2551 1560/2084/2552
s 123
f 1557/3713/2550 1558/2081/2549 1562/2085/2553 1561/3711/2554
s 122
f 1560/2084/2552 1559/3712/2551 1563/3710/2555 1564/2088/2556
s 123
f 1561/3711/2554 1562/2085/2553 1566/2089/2557 1565/3709/2558
s 122
f 1564/2088/2556 1563/3710/2555 1567/3708/2559 1568/2092/2560
s 123
f 1565/3709/2558 1566/2089/2557 1570/2093/2561 1569/3707/2562
s 122
f 1568/2092/2560 1567/3708/2559 1571/3706/2563 1572/2096/2564
s 123
f 1569/3707/2562 1570/2093/2561 1574/2097/2565 1573/3705/2566
s 122
f 1572/2096/2564 1571/3706/2563 1575/3704/2567 1576/2100/2568
s 123
f 1573/3705/2566 1574/2097/2565 1578/2101/2569 1577/3703/2570
s 122
f 1576/2100/2568 1575/3704/2567 1579/3702/2571 1580/2104/2572
s 123
f 1577/3703/2570 1578/2101/2569 1582/2105/2573 1581/3701/2574
s 122
f 1580/2104/2572 1579/3702/2571 1583/3700/2575 1584/2108/2576
s 123
f 1581/3701/2574 1582/2105/2573 1586/2109/2577 1585/3699/2578
s 122
f 1584/2108/2576 1583/3700/2575 1587/3698/2579 1588/2112/2580
s 123
f 1585/3699/2578 1586/2109/2577 1590/2113/2581 1589/3697/2582
s 122
f 1588/2112/2580 1587/3698/2579 1591/3696/2583 1592/2116/2584
s 123
f 1589/3697/2582 1590/2113/2581 1594/2117/2585 1593/3695/2586
s 122
f 1592/2116/2584 1591/3696/2583 1595/3694/2587 1596/2120/2588
s 123
f 1593/3695/2586 1594/2117/2585 1598/2121/2589 1597/3693/2590
s 122
f 1596/2120/2588 1595/3694/2587 1599/3692/2591 1600/2124/2592
s 123
f 1597/3693/2590 1598/2121/2589 1602/2125/2593 1601/3691/2594
s 122
f 1600/2124/2592 1599/3692/2591 1603/3690/2595 1604/2128/2596
s 123
f 1601/3691/2594 1602/2125/2593 1606/2129/2597 1605/3689/2598
s off
f 1604/2128/2599 1603/3690/2600 1771/3603/2601 1772/2132/2602
f 1605/3689/2603 1606/2129/2604 1774/2133/2605 1773/3602/2606
f 1607/3688/2607 1608/2136/2608 1776/2137/2609 1775/3604/2610
s 124
f 1608/2136/2611 1607/3688/2612 1609/3687/2613 1610/2140/2614
f 1610/2140/2614 1609/3687/2613 1615/3684/2615 1616/2142/2616
s 125
f 1611/3686/2617 1612/2144/2618 1614/2145/2619 1613/3685/2620
s off
f 1612/2144/2621 1611/3686/2622 1777/3601/2623 1778/2148/2624
s 125
f 1613/3685/2620 1614/2145/2619 1618/2149/2625 1617/3683/2626
s 124
f 1616/2142/2616 1615/3684/2615 1619/3681/2627 1620/3308/2628
s 125
f 1617/3683/2626 1618/2149/2625 1622/2153/2629 1621/3325/2630
s 124
f 1620/2152/2628 1619/3280/2627 1623/3678/2631 1624/2156/2632
s 125
f 1621/3679/2630 1622/3307/2629 1626/2157/2633 1625/3677/2634
s 124
f 1624/2156/2632 1623/3678/2631 1627/3676/2635 1628/2160/2636
s 125
f 1625/3677/2634 1626/2157/2633 1630/2161/2637 1629/3586/2638
s 124
f 1628/2160/2636 1627/3676/2635 2007/3587/2639 2008/2164/2640
s 125
f 1629/3586/2638 1630/2161/2637 2011/2165/2641 2012/3585/2642
s 124
f 1632/2167/2643 1631/3598/2644 1635/3674/2645 1636/2170/2646
s 125
f 1633/3675/2647 1634/2172/2648 1638/2173/2649 1637/3673/2650
s 124
f 1636/2170/2646 1635/3674/2645 1639/3671/2651 1640/3302/2652
s 125
f 1637/3673/2650 1638/2173/2649 1642/2177/2653 1641/3326/2654
s 124
f 1640/2176/2652 1639/3278/2651 1643/3668/2655 1644/2180/2656
s 125
f 1641/3669/2654 1642/3301/2653 1646/2181/2657 1645/3667/2658
s 124
f 1644/2180/2656 1643/3668/2655 1647/3666/2659 1648/2184/2660
s 125
f 1645/3667/2658 1646/2181/2657 1650/2185/2661 1649/3665/2662
s 124
f 1648/2184/2660 1647/3666/2659 1651/3664/2663 1652/2188/2664
s 125
f 1649/3665/2662 1650/2185/2661 1654/2189/2665 1653/3663/2666
s 124
f 1652/2188/2664 1651/3664/2663 1655/3662/2667 1656/2192/2668
s 125
f 1653/3663/2666 1654/2189/2665 1658/2193/2669 1657/3661/2670
s off
f 1656/2192/2671 1655/3662/2672 1659/3660/2673 1660/2196/2674
f 1657/3661/2675 1658/2193/2676 1662/2197/2677 1661/3659/2678
f 1660/2196/2679 1659/3660/2680 1669/3656/2681 1670/2200/2682
f 1661/3659/2683 1662/2197/2684 1666/2201/2685 1665/3658/2686
f 1663/3657/2687 1664/2204/2688 1674/2205/2689 1673/3653/2690
f 1664/2204/2691 1663/3657/2692 1665/3658/2693 1666/2201/2694
f 1667/3655/2695 1668/2208/2696 1670/2200/2697 1669/3656/2698
f 1668/2208/2699 1667/3655/2700 1671/3654/2701 1672/2210/2702
f 1672/2210/2703 1671/3654/2704 1675/3652/2705 1676/2212/2706
f 1673/3653/2707 1674/2205/2708 1678/2213/2709 1677/3651/2710
f 1676/2212/2711 1675/3652/2712 1753/3609/2713 1754/2216/2714
f 1677/3651/2715 1678/2213/2716 1752/2217/2717 1751/3612/2718
s 128
f 1679/3650/2719 1680/2220/2720 1690/2221/2721 1689/3645/2722
f 1680/2220/2720 1679/3650/2719 1681/3649/2723 1682/2224/2724
s off
f 1682/2224/2725 1681/3649/2726 1735/3620/2727 1736/2226/2728
s 129
f 1683/3648/2729 1684/2228/2730 1686/2229/2731 1685/3647/2732
f 1684/2228/2730 1683/3648/2729 1687/3646/2733 1688/2232/2734
s off
f 1685/3647/2735 1686/2229/2736 1738/2233/2737 1737/3619/2738
s 129
f 1688/2232/2734 1687/3646/2733 1691/3644/2739 1692/2236/2740
s 128
f 1689/3645/2722 1690/2221/2721 1694/2237/2741 1693/3643/2742
s off
f 1692/2236/2743 1691/3644/2744 1695/3642/2745 1696/2240/2746
f 1693/3643/2747 1694/2237/2748 1698/2241/2749 1697/3641/2750
s 130
f 1696/2240/2751 1695/3642/2752 1761/3635/2753 1762/2244/2754
s 131
f 1697/3641/2755 1698/2241/2756 1760/2245/2757 1759/3639/2758
s off
f 1699/3640/2759 1700/2248/2760 1710/2249/2761 1709/3633/2762
f 1700/2248/2763 1699/3640/2764 1701/3638/2765 1702/2252/2766
s 131
f 1702/2252/2767 1701/3638/2768 1759/3639/2758 1760/2245/2757
s off
f 1703/3637/2769 1704/2254/2770 1706/2255/2771 1705/3636/2772
f 1704/2254/2773 1703/3637/2774 1707/3634/2775 1708/2258/2776
s 130
f 1705/3636/2777 1706/2255/2778 1762/2244/2754 1761/3635/2753
s off
f 1708/2258/2779 1707/3634/2780 1711/3632/2781 1712/2260/2782
f 1709/3633/2783 1710/2249/2784 1714/2261/2785 1713/3631/2786
f 1712/2260/2787 1711/3632/2788 1729/3621/2789 1730/2264/2790
f 1713/3631/2791 1714/2261/2792 1728/2265/2793 1727/3624/2794
f 1715/3630/2795 1716/2268/2796 1726/2269/2797 1725/3622/2798
f 1716/2268/2799 1715/3630/2800 1717/3628/2801 1718/2272/2802
f 1718/2272/2803 1717/3628/2804 1733/3629/2805 1734/2013/2806
f 1719/3627/2807 1720/2274/2808 1722/2275/2809 1721/3626/2810
f 1720/2274/2811 1719/3627/2812 1723/3623/2813 1724/2278/2814
f 1721/3626/2815 1722/2275/2816 1732/2006/2817 1731/3625/2818
f 1724/2278/2819 1723/3623/2820 1727/3624/2821 1728/2265/2822
f 1725/3622/2823 1726/2269/2824 1730/2264/2825 1729/3621/2826
s 132
f 1736/2226/2827 1735/3620/2828 1755/3613/2829 1756/2280/2830
s 133
f 1737/3619/2831 1738/2233/2832 1758/2281/2833 1757/3617/2834
s off
f 1739/3618/2835 1740/2284/2836 1750/2285/2837 1749/3610/2838
f 1740/2284/2839 1739/3618/2840 1741/3616/2841 1742/2288/2842
s 133
f 1742/2288/2843 1741/3616/2844 1757/3617/2834 1758/2281/2833
s off
f 1743/3615/2845 1744/2290/2846 1746/2291/2847 1745/3614/2848
f 1744/2290/2849 1743/3615/2850 1747/3611/2851 1748/2294/2852
s 132
f 1745/3614/2853 1746/2291/2854 1756/2280/2830 1755/3613/2829
s off
f 1748/2294/2855 1747/3611/2856 1751/3612/2857 1752/2217/2858
f 1749/3610/2859 1750/2285/2860 1754/2216/2861 1753/3609/2862
f 1764/2060/2863 1763/3607/2864 1767/3608/2865 1768/2065/2866
f 1765/3606/2867 1766/2061/2868 1770/2076/2869 1769/3605/2870
f 1772/2132/2871 1771/3603/2872 1775/3604/2873 1776/2137/2874
f 1773/3602/2875 1774/2133/2876 1778/2148/2877 1777/3601/2878
s 91
f 1731/2005/2879 2083/2295/2880 2084/2296/2881 1721/2276/2882
s 134
f 2138/2297/2883 2139/4033/2884 1547/2071/2885 1549/2074/2886
s 90
f 2087/2299/2887 2088/2300/2888 1713/2262/2889 1727/2266/2890
s 134
f 2136/2301/2891 2137/2302/2892 1553/2078/2893 1557/2082/2894
s 136
f 1693/4075/2895 2094/2303/2896 2095/2304/2897 1689/2222/2898
s 134
f 2132/2305/2899 2133/2306/2900 1569/2094/2901 1573/2098/2902
s 86
f 1735/2225/2903 2098/2307/2904 2099/2308/2905 1755/2279/2906
s 134
f 2129/2309/2907 2130/2310/2908 1581/2106/2909 1585/2110/2910
s 85
f 1751/2218/2911 2103/2311/2912 2104/2312/2913 1677/2214/2914
s 134
f 2126/2313/2915 2127/2314/2916 1593/2118/2917 1597/2122/2918
s 140
f 1657/4074/2919 2109/2315/2920 2110/2316/2921 1653/2190/2922
s 112
f 2122/2317/2923 2123/2318/2924 1773/2134/2925 1777/2147/2926
s 134
f 1549/2074/2886 1553/2078/2893 2137/2302/2892 2138/2297/2883
s 141
f 2085/2319/2927 2086/4057/2928 1723/2277/2929 1719/4072/2930
s 134
f 1561/2086/2931 1565/2090/2932 2134/2321/2933 2135/2322/2934
s 88
f 2091/2323/2935 2092/2324/2936 1759/2246/2937 1701/2251/2938
s 134
f 1573/2098/2902 1577/2102/2939 2131/2325/2940 2132/2305/2899
s 136
f 2095/2304/2897 2096/2326/2941 1679/2219/2942 1689/2222/2898
s 134
f 1585/2110/2910 1589/2114/2943 2128/2327/2944 2129/2309/2907
s 86
f 2099/2308/2905 2100/2328/2945 1745/2292/2946 1755/2279/2906
s 134
f 1597/2122/2918 1601/2126/2947 2125/2329/2948 2126/2313/2915
s 142
f 2105/2330/2949 2106/4041/2950 1663/2203/2951 1673/4070/2952
s 140
f 2110/2316/2921 2111/2332/2953 1649/2186/2954 1653/2190/2922
f 2120/2333/2955 2121/4037/2956 1611/2143/2957 1613/2146/2958
s 144
f 1537/2054/2959 1541/4068/2960 2142/2335/2961 2143/2336/2962
f 2152/2337/2963 2153/2338/2964 1491/1999/2965 1501/2002/2966
s 140
f 2114/2339/2967 2115/2340/2968 1633/2171/2969 1637/2174/2970
f 2113/2341/2971 2114/2339/2967 1637/2174/2970 1641/3670/2972
f 2111/2332/2953 2112/2342/2973 1645/2182/2974 1649/2186/2954
f 2112/2342/2973 2113/3297/2971 1641/2178/2972 1645/2182/2974
f 2119/2343/2975 2120/2333/2955 1613/2146/2958 1617/2150/2976
f 2118/2344/2977 2119/2343/2975 1617/2150/2976 1621/3680/2978
f 2116/2345/2979 2117/2346/2980 1625/2158/2981 1629/2162/2982
f 2117/2346/2980 2118/3295/2977 1621/2154/2978 1625/2158/2981
s 144
f 2151/2347/2983 2152/2337/2963 1501/2002/2966 1505/2018/2984
f 2150/2348/2985 2151/2347/2983 1505/2018/2984 1509/3738/2986
f 2148/2349/2987 2149/2350/2988 1513/2026/2989 1517/2030/2990
f 2149/2350/2988 2150/3291/2985 1509/2022/2986 1513/2026/2989
f 2146/2351/2991 2147/2352/2992 1521/2038/2993 1525/2042/2994
f 2145/2353/2995 2146/2351/2991 1525/2042/2994 1529/3728/2996
f 2143/2336/2962 2144/2354/2997 1533/2050/2998 1537/2054/2959
f 2144/2354/2997 2145/3293/2995 1529/2046/2996 1533/2050/2998
s 113
f 1769/2075/2999 2140/2355/3000 2141/2356/3001 1765/2062/3002
s 144
f 2153/2338/2964 2154/4029/3003 1493/2003/3004 1491/1999/2965
s 134
f 2135/2322/2934 2136/2301/2891 1557/2082/2894 1561/2086/2931
s 150
f 1709/4066/3005 2089/2358/3006 2090/4053/3007 1699/2247/3008
s 134
f 1569/2094/2901 2133/2306/2900 2134/2321/2933 1565/2090/2932
s 88
f 2092/2324/2936 2093/2360/3009 1697/2242/3010 1759/2246/2937
s 134
f 1581/2106/2909 2130/2310/2908 2131/2325/2940 1577/2102/2939
s 136
f 2096/2326/2941 2097/4049/3011 1681/2223/3012 1679/2219/2942
s 134
f 1593/2118/2917 2127/2314/2916 2128/2327/2944 1589/2114/2943
s 151
f 2101/2362/3013 2102/4045/3014 1747/2293/3015 1743/4062/3016
s 134
f 1605/4061/3017 2124/2364/3018 2125/2329/2948 1601/2126/2947
s 84
f 2107/2365/3019 2108/2366/3020 1661/2198/3021 1665/2202/3022
s 103
f 1493/4030/3023 2154/2357/3024 2083/2295/3025 1731/2005/3026
s 102
f 2084/2296/3027 2085/4059/3028 1719/2273/3029 1721/2276/3030
s 100
f 2088/2300/3031 2089/4055/3032 1709/2250/3033 1713/2262/3034
s 101
f 1723/4058/3035 2086/2320/3036 2087/2299/3037 1727/2266/3038
s 97
f 1681/4050/3039 2097/2361/3040 2098/2307/3041 1735/2225/3042
s 96
f 2100/2328/3043 2101/4047/3044 1743/2289/3045 1745/2292/3046
s 95
f 1747/4046/3047 2102/2363/3048 2103/2311/3049 1751/2218/3050
s 94
f 2104/2312/3051 2105/4043/3052 1673/2206/3053 1677/2214/3054
s 99
f 1699/4054/3055 2090/2359/3056 2091/2323/3057 1701/2251/3058
s 98
f 2093/2360/3059 2094/4051/3060 1693/2238/3061 1697/2242/3062
s 92
f 2108/2366/3063 2109/4039/3064 1657/2194/3065 1661/2198/3066
s 93
f 1663/4042/3067 2106/2331/3068 2107/2365/3069 1665/2202/3070
s 114
f 1547/4034/3071 2139/2298/3072 2140/2355/3073 1769/2075/3074
s 115
f 2141/2356/3075 2142/4031/3076 1541/2058/3077 1765/2062/3078
s 116
f 2123/2318/3079 2124/4035/3080 1605/2130/3081 1773/2134/3082
s 117
f 1611/4038/3083 2121/2334/3084 2122/2317/3085 1777/2147/3086
s 152
f 1492/2000/3087 1494/2004/3088 1349/1849/3089 1348/1848/3090
s 153
f 1498/2009/3091 1496/2008/3092 1347/1847/3093 1350/1850/3094
f 1496/2008/3092 1500/2012/3095 1351/1851/3096 1347/1847/3093
s 152
f 1502/2001/3097 1492/2000/3087 1348/1848/3090 1352/1852/3098
s 153
f 1500/2012/3095 1504/2016/3099 1353/1853/3100 1351/1851/3096
s 152
f 1506/2017/3101 1502/2001/3097 1352/1852/3098 1354/1854/3102
s 153
f 1504/2016/3099 1508/3320/3103 1355/1855/3104 1353/1853/3100
s 152
f 1510/2021/3105 1506/2017/3101 1354/1854/3102 1356/3318/3106
s 153
f 1508/2020/3103 1512/2024/3107 1357/1857/3108 1355/3322/3104
s 152
f 1514/2025/3109 1510/3319/3105 1356/1856/3106 1358/1858/3110
s 153
f 1512/2024/3107 1516/2028/3111 1359/1859/3112 1357/1857/3108
s 152
f 1518/2029/3113 1514/2025/3109 1358/1858/3110 1360/3127/3114
s 153
f 2081/2031/3115 1520/2034/3116 1361/3114/3117 2080/1862/3118
s 152
f 1522/2037/3119 2078/2036/3120 2079/3115/3121 1362/1864/3122
s 153
f 1520/2034/3116 1524/2040/3123 1363/1865/3124 1361/3114/3117
s 152
f 1526/2041/3125 1522/2037/3119 1362/1864/3122 1364/1866/3126
s 153
f 1524/2040/3123 1528/3314/3127 1365/1867/3128 1363/1865/3124
s 152
f 1530/2045/3129 1526/2041/3125 1364/1866/3126 1366/3312/3130
s 153
f 1528/2044/3127 1532/2048/3131 1367/1869/3132 1365/3316/3128
s 152
f 1534/2049/3133 1530/3313/3129 1366/1868/3130 1368/1870/3134
s 153
f 1532/2048/3131 1536/2052/3135 1369/1871/3136 1367/1869/3132
s 152
f 1538/2053/3137 1534/2049/3133 1368/1870/3134 1370/1872/3138
s 153
f 1536/2052/3135 1540/2056/3139 1371/1873/3140 1369/1871/3136
s 152
f 1542/2057/3141 1538/2053/3137 1370/1872/3138 1372/1874/3142
s 153
f 1764/2060/3143 1768/2065/3144 1375/1877/3145 1373/1876/3146
s 152
f 1770/2076/3147 1766/2061/3148 1374/1875/3149 1376/1878/3150
s 153
f 1544/2064/3151 1546/2068/3152 1379/1881/3153 1377/1880/3154
s 152
f 1550/2073/3155 1548/2072/3156 1378/1879/3157 1380/1882/3158
s 153
f 1546/2068/3152 1552/2070/3159 1381/1883/3160 1379/1881/3153
s 152
f 1554/2077/3161 1550/2073/3155 1380/1882/3158 1382/1884/3162
s 153
f 1552/2070/3159 1556/2080/3163 1383/1885/3164 1381/1883/3160
s 152
f 1558/2081/3165 1554/2077/3161 1382/1884/3162 1384/1886/3166
s 153
f 1556/2080/3163 1560/2084/3167 1385/1887/3168 1383/1885/3164
s 152
f 1562/2085/3169 1558/2081/3165 1384/1886/3166 1386/1888/3170
s 153
f 1560/2084/3167 1564/2088/3171 1387/1889/3172 1385/1887/3168
s 152
f 1566/2089/3173 1562/2085/3169 1386/1888/3170 1388/1890/3174
s 153
f 1564/2088/3171 1568/2092/3175 1389/1891/3176 1387/1889/3172
s 152
f 1570/2093/3177 1566/2089/3173 1388/1890/3174 1390/1892/3178
s 153
f 1568/2092/3175 1572/2096/3179 1391/1893/3180 1389/1891/3176
s 152
f 1574/2097/3181 1570/2093/3177 1390/1892/3178 1392/1894/3182
s 153
f 1572/2096/3179 1576/2100/3183 1393/1895/3184 1391/1893/3180
s 152
f 1578/2101/3185 1574/2097/3181 1392/1894/3182 1394/1896/3186
s 153
f 1576/2100/3183 1580/2104/3187 1395/1897/3188 1393/1895/3184
s 152
f 1582/2105/3189 1578/2101/3185 1394/1896/3186 1396/1898/3190
s 153
f 1580/2104/3187 1584/2108/3191 1397/1899/3192 1395/1897/3188
s 152
f 1586/2109/3193 1582/2105/3189 1396/1898/3190 1398/1900/3194
s 153
f 1584/2108/3191 1588/2112/3195 1399/1901/3196 1397/1899/3192
s 152
f 1590/2113/3197 1586/2109/3193 1398/1900/3194 1400/1902/3198
s 153
f 1588/2112/3195 1592/2116/3199 1401/1903/3200 1399/1901/3196
s 152
f 1594/2117/3201 1590/2113/3197 1400/1902/3198 1402/1904/3202
s 153
f 1592/2116/3199 1596/2120/3203 1403/1905/3204 1401/1903/3200
s 152
f 1598/2121/3205 1594/2117/3201 1402/1904/3202 1404/1906/3206
s 153
f 1596/2120/3203 1600/2124/3207 1405/1907/3208 1403/1905/3204
s 152
f 1602/2125/3209 1598/2121/3205 1404/1906/3206 1406/1908/3210
s 153
f 1600/2124/3207 1604/2128/3211 1407/1909/3212 1405/1907/3208
s 152
f 1606/2129/3213 1602/2125/3209 1406/1908/3210 1408/1910/3214
s 153
f 1772/2132/3215 1776/2137/3216 1411/1913/3217 1409/1912/3218
s 152
f 1778/2148/3219 1774/2133/3220 1410/1911/3221 1412/1914/3222
s 153
f 1608/2136/3223 1610/2140/3224 1415/1917/3225 1413/1916/3226
s 152
f 1614/2145/3227 1612/2144/3228 1414/1915/3229 1416/1918/3230
s 153
f 1610/2140/3224 1616/2142/3231 1417/1919/3232 1415/1917/3225
s 152
f 1618/2149/3233 1614/2145/3227 1416/1918/3230 1418/1920/3234
s 153
f 1616/2142/3231 1620/3308/3235 1419/1921/3236 1417/1919/3232
s 152
f 1622/2153/3237 1618/2149/3233 1418/1920/3234 1420/3306/3238
s 153
f 1620/2152/3235 1624/2156/3239 1421/1923/3240 1419/3310/3236
s 152
f 1626/2157/3241 1622/3307/3237 1420/1922/3238 1422/1924/3242
s 153
f 1624/2156/3239 1628/2160/3243 1423/1925/3244 1421/1923/3240
s 152
f 1630/2161/3245 1626/2157/3241 1422/1924/3242 1424/3118/3246
s 153
f 1628/2160/3243 2008/2164/3247 2009/3119/3248 1423/1925/3244
s 152
f 2011/2165/3249 1630/2161/3245 1424/3118/3246 2010/1928/3250
s 153
f 1632/2167/3251 1636/2170/3252 1427/1931/3253 1425/3130/3254
s 152
f 1638/2173/3255 1634/2172/3256 1426/1929/3257 1428/1932/3258
s 153
f 1636/2170/3252 1640/3302/3259 1429/1933/3260 1427/1931/3253
s 152
f 1642/2177/3261 1638/2173/3255 1428/1932/3258 1430/3300/3262
s 153
f 1640/2176/3259 1644/2180/3263 1431/1935/3264 1429/3304/3260
s 152
f 1646/2181/3265 1642/3301/3261 1430/1934/3262 1432/1936/3266
s 153
f 1644/2180/3263 1648/2184/3267 1433/1937/3268 1431/1935/3264
s 152
f 1650/2185/3269 1646/2181/3265 1432/1936/3266 1434/1938/3270
s 153
f 1648/2184/3267 1652/2188/3271 1435/1939/3272 1433/1937/3268
s 152
f 1654/2189/3273 1650/2185/3269 1434/1938/3270 1436/1940/3274
s 153
f 1652/2188/3271 1656/2192/3275 1437/1941/3276 1435/1939/3272
s 152
f 1658/2193/3277 1654/2189/3273 1436/1940/3274 1438/1942/3278
s 153
f 1656/2192/3275 1660/2196/3279 1439/1943/3280 1437/1941/3276
s 152
f 1662/2197/3281 1658/2193/3277 1438/1942/3278 1440/1944/3282
f 1664/2204/3283 1666/2201/3284 1443/1947/3285 1442/1946/3286
s 153
f 1670/2200/3287 1668/2208/3288 1441/1945/3289 1444/1948/3290
f 1668/2208/3288 1672/2210/3291 1445/1949/3292 1441/1945/3289
s 152
f 1674/2205/3293 1664/2204/3283 1442/1946/3286 1446/1950/3294
s 153
f 1672/2210/3291 1676/2212/3295 1447/1951/3296 1445/1949/3292
s 152
f 1678/2213/3297 1674/2205/3293 1446/1950/3294 1448/1952/3298
f 1680/2220/3299 1682/2224/3300 1451/1955/3301 1450/1954/3302
s 153
f 1686/2229/3303 1684/2228/3304 1449/1953/3305 1452/1956/3306
f 1684/2228/3304 1688/2232/3307 1453/1957/3308 1449/1953/3305
s 152
f 1690/2221/3309 1680/2220/3299 1450/1954/3302 1454/1958/3310
s 153
f 1688/2232/3307 1692/2236/3311 1455/1959/3312 1453/1957/3308
s 152
f 1694/2237/3313 1690/2221/3309 1454/1958/3310 1456/1960/3314
s 153
f 1692/2236/3311 1696/2240/3315 1457/1961/3316 1455/1959/3312
s 152
f 1698/2241/3317 1694/2237/3313 1456/1960/3314 1458/1962/3318
f 1700/2248/3319 1702/2252/3320 1461/1965/3321 1460/1964/3322
s 153
f 1706/2255/3323 1704/2254/3324 1459/1963/3325 1462/1966/3326
f 1704/2254/3324 1708/2258/3327 1463/1967/3328 1459/1963/3325
s 152
f 1710/2249/3329 1700/2248/3319 1460/1964/3322 1464/1968/3330
s 153
f 1708/2258/3327 1712/2260/3331 1465/1969/3332 1463/1967/3328
s 152
f 1714/2261/3333 1710/2249/3329 1464/1968/3330 1466/1970/3334
s 153
f 1716/2268/3335 1718/2272/3336 1469/1973/3337 1468/1972/3338
s 152
f 1722/2275/3339 1720/2274/3340 1467/1971/3341 1470/1974/3342
f 1720/2274/3340 1724/2278/3343 1471/1975/3344 1467/1971/3341
s 153
f 1726/2269/3345 1716/2268/3335 1468/1972/3338 1472/1976/3346
s 152
f 1724/2278/3343 1728/2265/3347 1473/1977/3348 1471/1975/3344
s 153
f 1730/2264/3349 1726/2269/3345 1472/1976/3346 1474/1978/3350
s 152
f 1494/2004/3088 1732/2006/3351 1475/1979/3352 1349/1849/3089
s 153
f 1734/2013/3353 1498/2009/3091 1350/1850/3094 1476/1980/3354
s 152
f 1682/2224/3300 1736/2226/3355 1477/1981/3356 1451/1955/3301
s 153
f 1738/2233/3357 1686/2229/3303 1452/1956/3306 1478/1982/3358
f 1740/2284/3359 1742/2288/3360 1481/1985/3361 1480/1984/3362
s 152
f 1746/2291/3363 1744/2290/3364 1479/1983/3365 1482/1986/3366
f 1744/2290/3364 1748/2294/3367 1483/1987/3368 1479/1983/3365
s 153
f 1750/2285/3369 1740/2284/3359 1480/1984/3362 1484/1988/3370
s 152
f 1748/2294/3367 1752/2217/3371 1485/1989/3372 1483/1987/3368
s 153
f 1754/2216/3373 1750/2285/3369 1484/1988/3370 1486/1990/3374
s 152
f 1732/2006/3351 1722/2275/3339 1470/1974/3342 1475/1979/3352
s 153
f 1718/2272/3336 1734/2013/3353 1476/1980/3354 1469/1973/3337
f 1712/2260/3331 1730/2264/3349 1474/1978/3350 1465/1969/3332
s 152
f 1728/2265/3347 1714/2261/3333 1466/1970/3334 1473/1977/3348
f 1736/2226/3355 1756/2280/3375 1487/1991/3376 1477/1981/3356
s 153
f 1758/2281/3377 1738/2233/3357 1478/1982/3358 1488/1992/3378
s 152
f 1756/2280/3375 1746/2291/3363 1482/1986/3366 1487/1991/3376
s 153
f 1742/2288/3360 1758/2281/3377 1488/1992/3378 1481/1985/3361
s 152
f 1752/2217/3371 1678/2213/3297 1448/1952/3298 1485/1989/3372
s 153
f 1676/2212/3295 1754/2216/3373 1486/1990/3374 1447/1951/3296
s 152
f 1702/2252/3320 1760/2245/3379 1489/1993/3380 1461/1965/3321
s 153
f 1762/2244/3381 1706/2255/3323 1462/1966/3326 1490/1994/3382
s 152
f 1760/2245/3379 1698/2241/3317 1458/1962/3318 1489/1993/3380
s 153
f 1696/2240/3315 1762/2244/3381 1490/1994/3382 1457/1961/3316
f 1660/2196/3279 1670/2200/3287 1444/1948/3290 1439/1943/3280
s 152
f 1666/2201/3284 1662/2197/3281 1440/1944/3282 1443/1947/3285
s 153
f 1540/2056/3139 1764/2060/3143 1373/1876/3146 1371/1873/3140
s 152
f 1766/2061/3148 1542/2057/3141 1372/1874/3142 1374/1875/3149
f 1548/2072/3156 1770/2076/3147 1376/1878/3150 1378/1879/3157
s 153
f 1768/2065/3144 1544/2064/3151 1377/1880/3154 1375/1877/3145
f 1604/2128/3211 1772/2132/3215 1409/1912/3218 1407/1909/3212
s 152
f 1774/2133/3220 1606/2129/3213 1408/1910/3214 1410/1911/3221
f 1612/2144/3228 1778/2148/3219 1412/1914/3222 1414/1915/3229
s 153
f 1776/2137/3216 1608/2136/3223 1413/1916/3226 1411/1913/3217
s 124
f 1780/2367/3383 1779/3591/3384 1931/3592/3385 1932/2370/3386
s 153
f 1781/2371/3387 1780/2367/3388 1932/2370/3389 1933/3124/3390
s 107
f 1782/2373/3391 1781/3123/3392 1933/2372/3393 1934/3128/3394
s 152
f 1783/2375/3395 1782/3129/3396 1934/2374/3397 1935/2376/3398
s 125
f 1784/3597/3399 1783/2375/3400 1935/2376/3401 1936/3596/3402
s 1
f 1786/2379/3403 1785/3757/3404 1937/3756/3405 1938/2382/3406
f 1787/2383/3407 1786/2379/3403 1938/2382/3406 1939/2384/3408
f 1788/2385/3409 1787/2383/3407 1939/2384/3408 1940/2386/3410
f 1789/2387/3411 1788/2385/3409 1940/2386/3410 1941/2388/3412
f 1790/2389/3413 1789/2387/3411 1941/2388/3412 1942/2390/3414
f 1791/2391/3415 1790/2389/3413 1942/2390/3414 1943/3852/3416
s 48
f 1792/2393/3417 1791/3851/3418 1943/2392/3419 1944/2394/3420
s 79
f 1793/2395/3421 1792/2393/3422 1944/2394/3423 1945/3064/3424
s 15
f 1794/2397/3425 1793/3063/3426 1945/2396/3427 1946/2398/3428
f 1795/2399/3429 1794/2397/3425 1946/2398/3428 1947/3080/3430
s 77
f 1796/2401/3431 1795/3081/3432 1947/2400/3433 1948/2402/3434
s 47
f 1797/2403/3435 1796/2401/3436 1948/2402/3437 1949/3868/3438
s 1
f 1798/2405/3439 1797/3869/3440 1949/2404/3441 1950/2406/3442
f 1799/2407/3443 1798/2405/3439 1950/2406/3442 1951/2408/3444
f 1800/2409/3445 1799/2407/3443 1951/2408/3444 1952/3850/3446
s 44
f 1801/2411/3447 1800/3849/3448 1952/2410/3449 1953/2412/3450
s 75
f 1802/2413/3451 1801/2411/3452 1953/2412/3453 1954/3062/3454
s 14
f 1803/2415/3455 1802/3061/3456 1954/2414/3457 1955/2416/3458
f 1804/2417/3459 1803/2415/3455 1955/2416/3458 1956/3077/3460
s 73
f 1805/2419/3461 1804/3078/3462 1956/2418/3463 1957/2420/3464
s 43
f 1806/2421/3465 1805/2419/3466 1957/2420/3467 1958/3865/3468
s 1
f 1807/2423/3469 1806/3866/3470 1958/2422/3471 1959/2424/3472
f 1808/2425/3473 1807/2423/3469 1959/2424/3472 1960/2426/3474
f 1809/2427/3475 1808/2425/3473 1960/2426/3474 1961/3848/3476
s 40
f 1810/2429/3477 1809/3847/3478 1961/2428/3479 1962/2430/3480
s 71
f 1811/2431/3481 1810/2429/3482 1962/2430/3483 1963/3060/3484
s 13
f 1812/2433/3485 1811/3059/3486 1963/2432/3487 1964/2434/3488
f 1813/2435/3489 1812/2433/3485 1964/2434/3488 1965/3074/3490
s 69
f 1814/2437/3491 1813/3075/3492 1965/2436/3493 1966/2438/3494
s 39
f 1815/2439/3495 1814/2437/3496 1966/2438/3497 1967/3862/3498
s 1
f 1816/2441/3499 1815/3863/3500 1967/2440/3501 1968/2442/3502
f 1817/2443/3503 1816/2441/3499 1968/2442/3502 1969/2444/3504
f 1818/2445/3505 1817/2443/3503 1969/2444/3504 1970/3846/3506
s 36
f 1819/2447/3507 1818/3845/3508 1970/2446/3509 1971/2448/3510
s 67
f 1820/2449/3511 1819/2447/3512 1971/2448/3513 1972/3058/3514
s 12
f 1821/2451/3515 1820/3057/3516 1972/2450/3517 1973/2452/3518
f 1822/2453/3519 1821/2451/3515 1973/2452/3518 1974/3071/3520
s 65
f 1823/2455/3521 1822/3072/3522 1974/2454/3523 1975/2456/3524
s 35
f 1824/2457/3525 1823/2455/3526 1975/2456/3527 1976/3859/3528
s 1
f 1825/2459/3529 1824/3860/3530 1976/2458/3531 1977/2460/3532
f 1826/2461/3533 1825/2459/3529 1977/2460/3532 1978/2462/3534
f 1827/2463/3535 1826/2461/3533 1978/2462/3534 1979/3844/3536
s 32
f 1828/2465/3537 1827/3843/3538 1979/2464/3539 1980/2466/3540
s 63
f 1829/2467/3541 1828/2465/3542 1980/2466/3543 1981/3056/3544
s 11
f 1830/2469/3545 1829/3055/3546 1981/2468/3547 1982/2470/3548
f 1831/2471/3549 1830/2469/3545 1982/2470/3548 1983/3068/3550
s 61
f 1832/2473/3551 1831/3069/3552 1983/2472/3553 1984/2474/3554
s 31
f 1833/2475/3555 1832/2473/3556 1984/2474/3557 1985/3856/3558
s 1
f 1834/2477/3559 1833/3857/3560 1985/2476/3561 1986/2478/3562
f 1835/2479/3563 1834/2477/3559 1986/2478/3562 1987/2480/3564
f 1836/2481/3565 1835/2479/3563 1987/2480/3564 1988/3842/3566
s 28
f 1837/2483/3567 1836/3841/3568 1988/2482/3569 1989/2484/3570
s 59
f 1838/2485/3571 1837/2483/3572 1989/2484/3573 1990/3054/3574
s 10
f 1839/2487/3575 1838/3053/3576 1990/2486/3577 1991/2488/3578
f 1840/2489/3579 1839/2487/3575 1991/2488/3578 1992/3065/3580
s 57
f 1841/2491/3581 1840/3066/3582 1992/2490/3583 1993/2492/3584
s 27
f 1842/2493/3585 1841/2491/3586 1993/2492/3587 1994/3853/3588
s 1
f 1843/2495/3589 1842/3854/3590 1994/2494/3591 1995/2496/3592
f 1844/2497/3593 1843/2495/3589 1995/2496/3592 1996/2498/3594
f 1845/2499/3595 1844/2497/3593 1996/2498/3594 1997/2500/3596
f 1846/2501/3597 1845/2499/3595 1997/2500/3596 1998/2502/3598
f 1847/2503/3599 1846/2501/3597 1998/2502/3598 1999/2504/3600
f 1848/3753/3601 1847/2503/3599 1999/2504/3600 2000/3754/3602
s 118
f 1850/2507/3603 1849/3589/3604 2001/3590/3605 2002/2510/3606
s 152
f 1851/2511/3607 1850/2507/3608 2002/2510/3609 2003/3122/3610
s 104
f 1852/2513/3611 1851/3121/3612 2003/2512/3613 2004/3125/3614
s 153
f 1853/2515/3615 1852/3126/3616 2004/2514/3617 2005/2516/3618
s 119
f 1854/3594/3619 1853/2515/3620 2005/2516/3621 2006/3593/3622
s 124
f 1856/2519/3623 1855/3588/3624 1779/3591/3384 1780/2367/3383
s 153
f 1857/3120/3625 1856/2519/3626 1780/2367/3388 1781/2371/3387
s 107
f 1858/3132/3627 1857/2521/3628 1781/3123/3392 1782/2373/3391
s 152
f 1783/2375/3395 1859/2523/3629 1858/2522/3630 1782/3129/3396
s 125
f 1860/3600/3631 1859/2523/3632 1783/2375/3400 1784/3597/3399
s 1
f 1785/3757/3404 1786/2379/3403 1862/2525/3633 1861/3758/3634
f 1863/2527/3635 1862/2525/3633 1786/2379/3403 1787/2383/3407
f 1864/2528/3636 1863/2527/3635 1787/2383/3407 1788/2385/3409
f 1865/2529/3637 1864/2528/3636 1788/2385/3409 1789/2387/3411
f 1866/2530/3638 1865/2529/3637 1789/2387/3411 1790/2389/3413
f 1867/3840/3639 1866/2530/3638 1790/2389/3413 1791/2391/3415
s 48
f 1791/3851/3418 1792/2393/3417 1868/2532/3640 1867/2531/3641
s 79
f 1869/3052/3642 1868/2532/3643 1792/2393/3422 1793/2395/3421
s 15
f 1793/3063/3426 1794/2397/3425 1870/2534/3644 1869/2533/3645
f 1871/3088/3646 1870/2534/3644 1794/2397/3425 1795/2399/3429
s 77
f 1796/2401/3431 1872/2536/3647 1871/2535/3648 1795/3081/3432
s 47
f 1796/2401/3436 1797/2403/3435 1873/3876/3649 1872/2536/3650
s 1
f 1798/2405/3439 1874/2538/3651 1873/2537/3652 1797/3869/3440
f 1798/2405/3439 1799/2407/3443 1875/2539/3653 1874/2538/3651
f 1876/3836/3654 1875/2539/3653 1799/2407/3443 1800/2409/3445
s 44
f 1800/3849/3448 1801/2411/3447 1877/2541/3655 1876/2540/3656
s 75
f 1878/3048/3657 1877/2541/3658 1801/2411/3452 1802/2413/3451
s 14
f 1802/3061/3456 1803/2415/3455 1879/2543/3659 1878/2542/3660
f 1880/3087/3661 1879/2543/3659 1803/2415/3455 1804/2417/3459
s 73
f 1805/2419/3461 1881/2545/3662 1880/2544/3663 1804/3078/3462
s 43
f 1805/2419/3466 1806/2421/3465 1882/3875/3664 1881/2545/3665
s 1
f 1807/2423/3469 1883/2547/3666 1882/2546/3667 1806/3866/3470
f 1807/2423/3469 1808/2425/3473 1884/2548/3668 1883/2547/3666
f 1885/3832/3669 1884/2548/3668 1808/2425/3473 1809/2427/3475
s 40
f 1809/3847/3478 1810/2429/3477 1886/2550/3670 1885/2549/3671
s 71
f 1887/3044/3672 1886/2550/3673 1810/2429/3482 1811/2431/3481
s 13
f 1811/3059/3486 1812/2433/3485 1888/2552/3674 1887/2551/3675
f 1889/3086/3676 1888/2552/3674 1812/2433/3485 1813/2435/3489
s 69
f 1814/2437/3491 1890/2554/3677 1889/2553/3678 1813/3075/3492
s 39
f 1814/2437/3496 1815/2439/3495 1891/3874/3679 1890/2554/3680
s 1
f 1816/2441/3499 1892/2556/3681 1891/2555/3682 1815/3863/3500
f 1816/2441/3499 1817/2443/3503 1893/2557/3683 1892/2556/3681
f 1894/3828/3684 1893/2557/3683 1817/2443/3503 1818/2445/3505
s 36
f 1818/3845/3508 1819/2447/3507 1895/2559/3685 1894/2558/3686
s 67
f 1896/3040/3687 1895/2559/3688 1819/2447/3512 1820/2449/3511
s 12
f 1820/3057/3516 1821/2451/3515 1897/2561/3689 1896/2560/3690
f 1898/3085/3691 1897/2561/3689 1821/2451/3515 1822/2453/3519
s 65
f 1823/2455/3521 1899/2563/3692 1898/2562/3693 1822/3072/3522
s 35
f 1823/2455/3526 1824/2457/3525 1900/3873/3694 1899/2563/3695
s 1
f 1825/2459/3529 1901/2565/3696 1900/2564/3697 1824/3860/3530
f 1825/2459/3529 1826/2461/3533 1902/2566/3698 1901/2565/3696
f 1903/3824/3699 1902/2566/3698 1826/2461/3533 1827/2463/3535
s 32
f 1827/3843/3538 1828/2465/3537 1904/2568/3700 1903/2567/3701
s 63
f 1905/3036/3702 1904/2568/3703 1828/2465/3542 1829/2467/3541
s 11
f 1829/3055/3546 1830/2469/3545 1906/2570/3704 1905/2569/3705
f 1830/2469/3545 1831/2471/3549 1907/3084/3706 1906/2570/3704
s 61
f 1832/2473/3551 1908/2572/3707 1907/2571/3708 1831/3069/3552
s 31
f 1832/2473/3556 1833/2475/3555 1909/3872/3709 1908/2572/3710
s 1
f 1834/2477/3559 1910/2574/3711 1909/2573/3712 1833/3857/3560
f 1834/2477/3559 1835/2479/3563 1911/2575/3713 1910/2574/3711
f 1912/3820/3714 1911/2575/3713 1835/2479/3563 1836/2481/3565
s 28
f 1836/3841/3568 1837/2483/3567 1913/2577/3715 1912/2576/3716
s 59
f 1914/3032/3717 1913/2577/3718 1837/2483/3572 1838/2485/3571
s 10
f 1838/3053/3576 1839/2487/3575 1915/2579/3719 1914/2578/3720
f 1916/3083/3721 1915/2579/3719 1839/2487/3575 1840/2489/3579
s 57
f 1841/2491/3581 1917/2581/3722 1916/2580/3723 1840/3066/3582
s 27
f 1841/2491/3586 1842/2493/3585 1918/3871/3724 1917/2581/3725
s 1
f 1843/2495/3589 1919/2583/3726 1918/2582/3727 1842/3854/3590
f 1920/2584/3728 1919/2583/3726 1843/2495/3589 1844/2497/3593
f 1921/2585/3729 1920/2584/3728 1844/2497/3593 1845/2499/3595
f 1922/2586/3730 1921/2585/3729 1845/2499/3595 1846/2501/3597
f 1923/2587/3731 1922/2586/3730 1846/2501/3597 1847/2503/3599
f 1924/3750/3732 1923/2587/3731 1847/2503/3599 1848/3753/3601
s 118
f 1849/3589/3604 1850/2507/3603 1926/2589/3733 1925/3584/3734
s 152
f 1927/3116/3735 1926/2589/3736 1850/2507/3608 1851/2511/3607
s 104
f 1851/3121/3612 1852/2513/3611 1928/3131/3737 1927/2591/3738
s 153
f 1853/2515/3615 1929/2593/3739 1928/2592/3740 1852/3126/3616
s 119
f 1853/2515/3620 1854/3594/3619 1930/3599/3741 1929/2593/3742
s 124
f 1932/2370/3386 1931/3592/3385 1631/3598/2644 1632/2167/2643
s 153
f 1933/3124/3390 1932/2370/3389 1632/2167/3251 1425/3130/3254
s 107
f 1934/3128/3394 1933/2372/3393 1425/1930/2306 1426/3215/2305
s 152
f 1634/2172/3256 1935/2376/3398 1934/2374/3397 1426/1929/3257
s 125
f 1936/3596/3402 1935/2376/3401 1634/2172/2648 1633/3675/2647
s 1
f 1101/3800/2058 1102/1773/3743 1938/2382/3406 1937/3756/3405
f 1939/2384/3408 1938/2382/3406 1102/1773/3743 1103/1771/3744
f 1940/2386/3410 1939/2384/3408 1103/1771/3744 1104/1769/3745
f 1941/2388/3412 1940/2386/3410 1104/1769/3745 1105/3804/3746
f 1942/2390/3414 1941/2388/3412 1105/3804/3746 1096/3762/1841
f 1943/3852/3416 1942/2390/3414 1096/3762/1841 1207/3870/1844
s 48
f 1207/1658/3747 1208/3962/3748 1944/2394/3420 1943/2392/3419
s 79
f 1945/3064/3424 1944/2394/3423 1208/3962/3749 1162/3961/3750
s 15
f 1162/1710/3751 1267/1709/3752 1946/2398/3428 1945/2396/3427
f 1947/3080/3430 1946/2398/3428 1267/1709/3752 1161/3102/3753
s 77
f 1206/1761/3754 1948/2402/3434 1947/2400/3433 1161/3964/3755
s 47
f 1206/1761/3756 1205/4008/3757 1949/3868/3438 1948/2402/3437
s 1
f 1093/1759/2033 1950/2406/3442 1949/2404/3441 1205/3880/2034
f 1093/1759/2033 1088/1683/1831 1951/2408/3444 1950/2406/3442
f 1952/3850/3446 1951/2408/3444 1088/1683/1831 1199/3867/1834
s 44
f 1199/1644/3758 1200/3970/3759 1953/2412/3450 1952/2410/3449
s 75
f 1954/3062/3454 1953/2412/3453 1200/3970/3760 1158/3969/3761
s 14
f 1158/1706/3762 1257/1705/3763 1955/2416/3458 1954/2414/3457
f 1956/3077/3460 1955/2416/3458 1257/1705/3763 1157/3104/3764
s 73
f 1198/1757/3765 1957/2420/3464 1956/2418/3463 1157/3972/3766
s 43
f 1198/1757/3767 1197/4012/3768 1958/3865/3468 1957/2420/3467
s 1
f 1085/1755/2021 1959/2424/3472 1958/2422/3471 1197/3884/2022
f 1085/1755/2021 1080/1680/1821 1960/2426/3474 1959/2424/3472
f 1961/3848/3476 1960/2426/3474 1080/1680/1821 1191/3864/1824
s 40
f 1191/1630/3769 1192/3978/3770 1962/2430/3480 1961/2428/3479
s 71
f 1963/3060/3484 1962/2430/3483 1192/3978/3771 1154/3977/3772
s 13
f 1154/1702/3773 1247/1701/3774 1964/2434/3488 1963/2432/3487
f 1965/3074/3490 1964/2434/3488 1247/1701/3774 1153/3106/3775
s 69
f 1190/1749/3776 1966/2438/3494 1965/2436/3493 1153/3980/3777
s 39
f 1190/1749/3778 1189/4016/3779 1967/3862/3498 1966/2438/3497
s 1
f 1078/1747/2005 1968/2442/3502 1967/2440/3501 1189/3888/2006
f 1078/1747/2005 1073/1677/1811 1969/2444/3504 1968/2442/3502
f 1970/3846/3506 1969/2444/3504 1073/1677/1811 1183/3861/1814
s 36
f 1183/1616/3780 1184/3986/3781 1971/2448/3510 1970/2446/3509
s 67
f 1972/3058/3514 1971/2448/3513 1184/3986/3782 1150/3985/3783
s 12
f 1150/1698/3784 1237/1697/3785 1973/2452/3518 1972/2450/3517
f 1974/3071/3520 1973/2452/3518 1237/1697/3785 1149/3108/3786
s 65
f 1182/1743/3787 1975/2456/3524 1974/2454/3523 1149/3988/3788
s 35
f 1182/1743/3789 1181/4020/3790 1976/3859/3528 1975/2456/3527
s 1
f 1071/1741/1991 1977/2460/3532 1976/2458/3531 1181/3892/1992
f 1071/1741/1991 1066/1736/1985 1978/2462/3534 1977/2460/3532
f 1979/3844/3536 1978/2462/3534 1066/1736/1985 1175/3858/1986
s 32
f 1175/1735/3791 1176/3994/3792 1980/2466/3540 1979/2464/3539
s 63
f 1981/3056/3544 1980/2466/3543 1176/3994/3793 1146/3993/3794
s 11
f 1146/1734/3795 1228/1694/3796 1982/2470/3548 1981/2468/3547
f 1228/1694/3796 1145/3110/3797 1983/3068/3550 1982/2470/3548
s 61
f 1174/1600/3798 1984/2474/3554 1983/2472/3553 1145/3996/3799
s 31
f 1174/1600/3800 1173/4024/3801 1985/3856/3558 1984/2474/3557
s 1
f 1063/1675/1802 1986/2478/3562 1985/2476/3561 1173/3894/1803
f 1063/1675/1802 1058/1669/1789 1987/2480/3564 1986/2478/3562
f 1988/3842/3566 1987/2480/3564 1058/1669/1789 1167/3855/1792
s 28
f 1167/1588/3802 1168/4002/3803 1989/2484/3570 1988/2482/3569
s 59
f 1990/3054/3574 1989/2484/3573 1168/4002/3804 1142/4001/3805
s 10
f 1142/1690/3806 1217/1689/3807 1991/2488/3578 1990/2486/3577
f 1992/3065/3580 1991/2488/3578 1217/1689/3807 1141/3112/3808
s 57
f 1166/1731/3809 1993/2492/3584 1992/2490/3583 1141/4004/3810
s 27
f 1166/1731/3811 1165/4028/3812 1994/3853/3588 1993/2492/3587
s 1
f 1055/1729/1963 1995/2496/3592 1994/2494/3591 1165/3900/1964
f 1996/2498/3594 1995/2496/3592 1055/1729/1963 1127/1813/3813
f 1997/2500/3596 1996/2498/3594 1127/1813/3813 1128/3792/3814
f 1998/2502/3598 1997/2500/3596 1128/3792/3814 1129/3790/3815
f 1999/2504/3600 1998/2502/3598 1129/3790/3815 1130/3789/3816
f 2000/3754/3602 1999/2504/3600 1130/3789/3816 1126/3755/2115
s 118
f 1517/3595/2490 1518/2029/2489 2002/2510/3606 2001/3590/3605
s 152
f 2003/3122/3610 2002/2510/3609 1518/2029/3113 1360/3127/3114
s 104
f 1360/1860/2236 1359/3262/2235 2004/3125/3614 2003/2512/3613
s 153
f 1516/2028/3111 2005/2516/3618 2004/2514/3617 1359/1859/3112
s 119
f 1516/2028/2488 1515/3734/2487 2006/3593/3622 2005/2516/3621
s 124
f 2008/2164/2640 2007/3587/2639 1855/3588/3624 1856/2519/3623
s 153
f 1857/3120/3625 2009/3119/3248 2008/2164/3247 1856/2519/3626
s 107
f 2010/3117/2304 2009/1927/2303 1857/2521/3628 1858/3132/3627
s 152
f 1859/2523/3629 2011/2165/3249 2010/1928/3250 1858/2522/3630
s 125
f 2012/3585/2642 2011/2165/2641 1859/2523/3632 1860/3600/3631
s 1
f 2014/1718/1952 2013/3751/1951 1861/3758/3634 1862/2525/3633
f 1863/2527/3635 2015/1714/1948 2014/1718/1952 1862/2525/3633
f 2016/1715/1949 2015/1714/1948 1863/2527/3635 1864/2528/3636
f 1865/2529/3637 2017/1578/1686 2016/1715/1949 1864/2528/3636
f 1866/2530/3638 2018/1579/1687 2017/1578/1686 1865/2529/3637
f 1867/3840/3639 2019/3839/1850 2018/1579/1687 1866/2530/3638
s 48
f 2020/1664/1782 2019/1663/1781 1867/2531/3641 1868/2532/3640
s 79
f 1869/3052/3642 2021/3051/1945 2020/1664/1944 1868/2532/3643
s 15
f 2022/1508/1616 2021/1507/1615 1869/2533/3645 1870/2534/3644
f 2023/3049/2039 2022/1508/1616 1870/2534/3644 1871/3088/3646
s 77
f 1872/2536/3647 2024/1659/1935 2023/1712/1938 1871/2535/3648
s 47
f 2025/3837/1778 2024/1659/1777 1872/2536/3650 1873/3876/3649
s 1
f 2026/1527/1635 2025/1660/1846 1873/2537/3652 1874/2538/3651
f 1875/2539/3653 2027/1528/1636 2026/1527/1635 1874/2538/3651
f 1876/3836/3654 2028/3835/1840 2027/1528/1636 1875/2539/3653
s 44
f 2029/1650/1766 2028/1649/1765 1876/2540/3656 1877/2541/3655
s 75
f 1878/3048/3657 2030/3047/1929 2029/1650/1928 1877/2541/3658
s 14
f 2031/1504/1612 2030/1503/1611 1878/2542/3660 1879/2543/3659
f 2032/3045/2027 2031/1504/1612 1879/2543/3659 1880/3087/3661
s 73
f 1881/2545/3662 2033/1645/1919 2032/1708/1922 1880/2544/3663
s 43
f 2034/3833/1762 2033/1645/1761 1881/2545/3665 1882/3875/3664
s 1
f 2035/1523/1631 2034/1646/1836 1882/2546/3667 1883/2547/3666
f 1884/2548/3668 2036/1524/1632 2035/1523/1631 1883/2547/3666
f 1885/3832/3669 2037/3831/1830 2036/1524/1632 1884/2548/3668
s 40
f 2038/1636/1750 2037/1635/1749 1885/2549/3671 1886/2550/3670
s 71
f 1887/3044/3672 2039/3043/1913 2038/1636/1912 1886/2550/3673
s 13
f 2040/1500/1608 2039/1499/1607 1887/2551/3675 1888/2552/3674
f 2041/3041/2011 2040/1500/1608 1888/2552/3674 1889/3086/3676
s 69
f 1890/2554/3677 2042/1631/1903 2041/1704/1906 1889/2553/3678
s 39
f 2043/3829/1746 2042/1631/1745 1890/2554/3680 1891/3874/3679
s 1
f 2044/1519/1627 2043/1632/1826 1891/2555/3682 1892/2556/3681
f 1893/2557/3683 2045/1520/1628 2044/1519/1627 1892/2556/3681
f 1894/3828/3684 2046/3827/1820 2045/1520/1628 1893/2557/3683
s 36
f 2047/1622/1734 2046/1621/1733 1894/2558/3686 1895/2559/3685
s 67
f 1896/3040/3687 2048/3039/1897 2047/1622/1896 1895/2559/3688
s 12
f 2049/1496/1604 2048/1495/1603 1896/2560/3690 1897/2561/3689
f 2050/3037/1997 2049/1496/1604 1897/2561/3689 1898/3085/3691
s 65
f 1899/2563/3692 2051/1617/1887 2050/1700/1890 1898/2562/3693
s 35
f 2052/3825/1730 2051/1617/1729 1899/2563/3695 1900/3873/3694
s 1
f 2053/1515/1623 2052/1618/1816 1900/2564/3697 1901/2565/3696
f 1902/2566/3698 2054/1516/1624 2053/1515/1623 1901/2565/3696
f 1903/3824/3699 2055/3823/1809 2054/1516/1624 1902/2566/3698
s 32
f 2056/1608/1718 2055/1607/1717 1903/2567/3701 1904/2568/3700
s 63
f 1905/3036/3702 2057/3035/1881 2056/1608/1880 1904/2568/3703
s 11
f 1906/2570/3704 2058/1491/1599 2057/1695/1979 1905/2569/3705
f 2059/3033/1600 2058/1491/1599 1906/2570/3704 1907/3084/3706
s 61
f 1908/2572/3707 2060/1603/1871 2059/1492/1874 1907/2571/3708
s 31
f 2061/3821/1714 2060/1603/1713 1908/2572/3710 1909/3872/3709
s 1
f 2062/1511/1619 2061/1604/1806 1909/2573/3712 1910/2574/3711
f 1911/2575/3713 2063/1512/1620 2062/1511/1619 1910/2574/3711
f 1912/3820/3714 2064/3819/1800 2063/1512/1620 1911/2575/3713
s 28
f 2065/1594/1702 2064/1593/1701 1912/2576/3716 1913/2577/3715
s 59
f 1914/3032/3717 2066/3031/1865 2065/1594/1864 1913/2577/3718
s 10
f 2067/1488/1596 2066/1487/1595 1914/2578/3720 1915/2579/3719
f 2068/3029/1969 2067/1488/1596 1915/2579/3719 1916/3083/3721
s 57
f 1917/2581/3722 2069/1589/1855 2068/1692/1858 1916/2580/3723
s 27
f 2070/3817/1698 2069/1589/1697 1917/2581/3725 1918/3871/3724
s 1
f 2071/1671/1793 2070/1590/1796 1918/2582/3727 1919/2583/3726
f 1920/2584/3728 2072/1582/1690 2071/1671/1793 1919/2583/3726
f 2073/1583/1691 2072/1582/1690 1920/2584/3728 1921/2585/3729
f 1922/2586/3730 2074/1722/1956 2073/1583/1691 1921/2585/3729
f 2075/1723/1957 2074/1722/1956 1922/2586/3730 1923/2587/3731
f 1924/3750/3732 2076/3749/1959 2075/1723/1957 1923/2587/3731
s 118
f 2078/2036/2496 2077/3583/2495 1925/3584/3734 1926/2589/3733
s 152
f 1927/3116/3735 2079/3115/3121 2078/2036/3120 1926/2589/3736
s 104
f 2080/3113/2238 2079/1861/2237 1927/2591/3738 1928/3131/3737
s 153
f 1929/2593/3739 2081/2031/3115 2080/1862/3118 1928/2592/3740
s 119
f 2082/3581/2492 2081/2031/2491 1929/2593/3742 1930/3599/3741
s 91
f 2084/2296/2881 2083/2295/2880 1273/1846/2184 1274/1845/2183
s 102
f 1057/4060/2219 2085/4059/3028 2084/2296/3027 1274/1845/2217
s 141
f 1064/4073/3817 2086/4057/2928 2085/2319/2927 1057/1440/3818
s 101
f 2087/2299/3037 2086/2320/3036 1064/1439/2215 1276/1844/2214
s 90
f 1276/1844/2180 1275/1843/2179 2088/2300/2888 2087/2299/2887
s 100
f 1232/4056/2213 2089/4055/3032 2088/2300/3031 1275/1843/2211
s 150
f 2090/4053/3007 2089/2358/3006 1232/1738/3819 1065/4065/3820
s 99
f 2091/2323/3057 2090/2359/3056 1065/1737/2209 1283/1842/2208
s 88
f 1282/1840/2173 2092/2324/2936 2091/2323/2935 1283/1842/2176
f 1282/1840/2173 1284/1839/2172 2093/2360/3009 2092/2324/2936
s 98
f 1233/4052/2206 2094/4051/3060 2093/2360/3059 1284/1839/2207
s 136
f 2095/2304/2897 2094/2303/2896 1233/1456/3821 1072/1455/3822
f 1079/1459/3823 2096/2326/2941 2095/2304/2897 1072/1455/3822
f 1079/1459/3823 1243/4064/3824 2097/4049/3011 2096/2326/2941
s 97
f 2098/2307/3041 2097/2361/3040 1243/1745/2204 1277/1838/2203
s 86
f 2099/2308/2905 2098/2307/2904 1277/1838/2169 1278/1836/2166
f 1279/1835/2165 2100/2328/2945 2099/2308/2905 1278/1836/2166
s 96
f 1086/4048/2201 2101/4047/3044 2100/2328/3043 1279/1835/2199
s 151
f 1086/1752/3825 1253/4063/3826 2102/4045/3014 2101/2362/3013
s 95
f 2103/2311/3049 2102/2363/3048 1253/1751/2198 1280/1834/2197
s 85
f 2104/2312/2913 2103/2311/2912 1280/1834/2162 1281/1833/2161
s 94
f 1087/4044/2195 2105/4043/3052 2104/2312/3051 1281/1833/2193
s 142
f 1094/4071/3827 2106/4041/2950 2105/2330/2949 1087/1474/3828
s 93
f 2107/2365/3069 2106/2331/3068 1094/1473/2191 1286/1832/2190
s 84
f 1286/1832/2158 1285/1831/2157 2108/2366/3020 2107/2365/3019
s 92
f 1263/4040/2188 2109/4039/3064 2108/2366/3063 1285/1831/2189
s 140
f 2110/2316/2921 2109/2315/2920 1263/1486/3829 1095/1485/3830
f 1106/1532/3831 2111/2332/2953 2110/2316/2921 1095/1485/3830
f 1106/1532/3831 1107/1531/3832 2112/2342/2973 2111/2332/2953
f 1107/1531/3832 1108/3298/3833 2113/3297/2971 2112/2342/2973
f 1108/1535/3833 1109/1537/3834 2114/2339/2967 2113/2341/2971
f 1109/1537/3834 1110/1539/3835 2115/2340/2968 2114/2339/2967
f 1111/1549/3836 1112/1547/3837 2117/2346/2980 2116/2345/2979
f 1112/1547/3837 1113/3296/3838 2118/3295/2977 2117/2346/2980
f 1113/1545/3838 1114/1542/3839 2119/2343/2975 2118/2344/2977
f 1114/1542/3839 1115/1541/3840 2120/2333/2955 2119/2343/2975
f 1115/1541/3840 1098/4069/3841 2121/4037/2956 2120/2333/2955
s 117
f 2122/2317/3085 2121/2334/3084 1098/1571/2452 1346/1996/2454
s 112
f 1346/1996/2438 1345/1995/2437 2123/2318/2924 2122/2317/2923
s 116
f 1272/4036/2449 2124/4035/3080 2123/2318/3079 1345/1995/2450
s 134
f 2125/2329/2948 2124/2364/3018 1272/1763/3842 1099/1481/3843
f 2126/2313/2915 2125/2329/2948 1099/1481/3843 1092/1478/3844
f 1092/1478/3844 1262/1477/3845 2127/2314/2916 2126/2313/2915
f 2128/2327/2944 2127/2314/2916 1262/1477/3845 1089/1471/3846
f 2129/2309/2907 2128/2327/2944 1089/1471/3846 1084/1468/3847
f 1084/1468/3847 1252/1467/3848 2130/2310/2908 2129/2309/2907
f 2131/2325/2940 2130/2310/2908 1252/1467/3848 1081/1465/3849
f 2132/2305/2899 2131/2325/2940 1081/1465/3849 1077/1462/3850
f 1077/1462/3850 1242/1461/3851 2133/2306/2900 2132/2305/2899
f 2134/2321/2933 2133/2306/2900 1242/1461/3851 1074/1452/3852
f 2135/2322/2934 2134/2321/2933 1074/1452/3852 1070/1451/3853
f 1070/1451/3853 1223/1449/3854 2136/2301/2891 2135/2322/2934
f 1223/1449/3854 1067/1447/3855 2137/2302/2892 2136/2301/2891
f 2138/2297/2883 2137/2302/2892 1067/1447/3855 1062/1444/3856
f 1062/1444/3856 1222/4076/3857 2139/4033/2884 2138/2297/2883
s 114
f 2140/2355/3073 2139/2298/3072 1222/1443/2443 1343/1998/2445
s 113
f 2141/2356/3001 2140/2355/3000 1343/1998/2442 1344/1997/2441
s 115
f 1059/4032/2447 2142/4031/3076 2141/2356/3075 1344/1997/2448
s 144
f 2143/2336/2962 2142/2335/2961 1059/1575/3858 1136/1562/3859
f 1136/1562/3859 1137/1561/3860 2144/2354/2997 2143/2336/2962
f 1137/1561/3860 1138/3294/3861 2145/3293/2995 2144/2354/2997
f 1138/1565/3861 1139/1567/3862 2146/2351/2991 2145/2353/2995
f 1139/1567/3862 1140/1569/3863 2147/2352/2992 2146/2351/2991
f 1121/1559/3864 1122/1557/3865 2149/2350/2988 2148/2349/2987
f 1122/1557/3865 1123/3292/3866 2150/3291/2985 2149/2350/2988
f 1123/1555/3866 1124/1552/3867 2151/2347/2983 2150/2348/2985
f 1124/1552/3867 1125/1551/3868 2152/2337/2963 2151/2347/2983
f 1056/1573/3869 2153/2338/2964 2152/2337/2963 1125/1551/3868
f 1056/1573/3869 1213/4067/3870 2154/4029/3003 2153/2338/2964
s 103
f 2083/2295/3025 2154/2357/3024 1213/1727/2222 1273/1846/2221
s 1
f 1298/1572/1680 1297/1544/1652 2156/1780/2066 2155/1781/2068
f 1297/1544/1652 1296/1543/1651 2157/1779/2064 2156/1780/2066
f 1296/1543/1651 1295/1546/1654 2158/3290/2062 2157/1779/2064
f 1295/3328/1654 1294/1548/1656 2159/1776/2059 2158/1778/2062
f 1294/1548/1656 1293/1550/1658 2160/1777/2060 2159/1776/2059
f 1292/1540/1648 1291/1538/1646 2162/1772/2055 2161/1774/2057
f 1291/1538/1646 1290/3289/1644 2163/3288/2053 2162/1772/2055
f 1290/1536/1644 1289/1534/1642 2164/1768/2051 2163/1770/2053
f 1289/1534/1642 1288/1533/1641 2165/1765/2047 2164/1768/2051
f 1288/1533/1641 1287/1484/1592 2166/1766/2048 2165/1765/2047
f 2167/1830/2156 2166/1766/2048 1287/1484/1592 1342/4078/1591
f 2168/1829/2153 2167/1830/2156 1342/4078/1591 1341/1476/1584
f 1341/1476/1584 1340/1475/1583 2169/1828/2151 2168/1829/2153
f 1340/1475/1583 1339/4079/2020 2170/1827/2149 2169/1828/2151
f 1339/4079/2020 1338/1753/2019 2171/1826/2147 2170/1827/2149
f 1338/1753/2019 1337/1837/3871 2172/1825/2145 2171/1826/2147
f 1337/1837/3871 1336/4081/2004 2173/1824/2143 2172/1825/2145
f 1336/4081/2004 1335/1460/1568 2174/1823/2141 2173/1824/2143
f 1335/1460/1568 1334/1458/1566 2175/1822/2139 2174/1823/2141
f 1334/1458/1566 1333/4083/1565 2176/1821/2137 2175/1822/2139
f 1333/4083/1565 1332/1841/3872 2177/1820/2135 2176/1821/2137
f 1332/1841/3872 1331/1740/1990 2178/1819/2133 2177/1820/2135
f 1331/1740/1990 1330/1739/1989 2179/1818/2131 2178/1819/2133
f 1330/1739/1989 1329/1442/1550 2180/1817/2129 2179/1818/2131
f 1329/1442/1550 1328/1441/1549 2181/1816/2127 2180/1817/2129
f 1328/1441/1549 1327/4087/1962 2182/1815/2125 2181/1816/2127
f 1327/4087/1962 1326/1574/1682 2183/1814/2123 2182/1815/2125
f 1326/1574/1682 1325/1554/1662 2184/1812/2121 2183/1814/2123
f 1325/1554/1662 1324/1553/1661 2185/1810/2119 2184/1812/2121
f 1324/1553/1661 1323/1556/1664 2186/3287/2117 2185/1810/2119
f 1323/3327/1664 1322/1558/1666 2187/1804/2113 2186/1808/2117
f 1322/1558/1666 1321/1560/1668 2188/1805/2114 2187/1804/2113
f 1320/1570/1678 1319/1568/1676 2190/1802/2110 2189/1803/2112
f 1319/1568/1676 1318/3286/1674 2191/3285/2108 2190/1802/2110
f 1318/1566/1674 1317/1564/1672 2192/1800/2106 2191/1801/2108
f 1317/1564/1672 1316/1563/1671 2193/1799/2104 2192/1800/2106
f 1316/1563/1671 1315/4090/1684 2194/1798/2102 2193/1799/2104
f 1315/4090/1684 1314/1446/1554 2195/1797/2100 2194/1798/2102
f 1314/1446/1554 1313/1445/1553 2196/1796/2098 2195/1797/2100
f 1313/1445/1553 1312/1448/1556 2197/1795/2096 2196/1796/2098
f 1312/1448/1556 1311/1450/1558 2198/1794/2095 2197/1795/2096
f 2199/1793/2092 2198/1794/2095 1311/1450/1558 1310/1454/1562
f 1310/1454/1562 1309/1453/1561 2200/1792/2090 2199/1793/2092
f 1309/1453/1561 1308/1464/1572 2201/1791/2088 2200/1792/2090
f 1308/1464/1572 1307/1463/1571 2202/1790/2086 2201/1791/2088
f 1307/1463/1571 1306/1466/1574 2203/1789/2084 2202/1790/2086
f 1306/1466/1574 1305/1470/1578 2204/1788/2082 2203/1789/2084
f 1305/1470/1578 1304/1469/1577 2205/1787/2080 2204/1788/2082
f 1304/1469/1577 1303/1472/1580 2206/1786/2078 2205/1787/2080
f 1303/1472/1580 1302/1480/1588 2207/1785/2076 2206/1786/2078
f 1302/1480/1588 1301/1479/1587 2208/1784/2074 2207/1785/2076
f 1301/1479/1587 1300/1482/1590 2209/1783/2072 2208/1784/2074
f 1300/1482/1590 1299/1764/2046 2210/1782/2070 2209/1783/2072
f 1299/1764/2046 1298/1572/1680 2155/1781/2068 2210/1782/2070
s 218
f 2225/2595/3873 2216/3942/3874 2222/2597/3875 2226/2598/3876
s 219
f 2213/2599/3877 2224/2600/3878 2223/2601/3879 2219/3938/3880
s 220
f 2214/2603/3881 2215/2604/3882 2221/2605/3883 2220/3936/3884
s 221
f 2212/2607/3885 2211/3948/3886 2217/2609/3887 2218/2610/3888
s off
f 2227/2611/3889 2228/3932/3890 2277/3907/3891 2278/3947/3892
s 222
f 2228/3932/3893 2227/2611/3894 2230/2615/3895 2229/3931/3896
f 2229/3931/3896 2230/2615/3895 2232/2617/3897 2231/3930/3898
s 223
f 2231/3930/3899 2232/2617/3900 2256/2619/3901 2255/3919/3902
s 224
f 2233/3929/3903 2234/2622/3904 2236/2623/3905 2235/3928/3906
f 2234/2622/3904 2233/3929/3903 2285/3903/3907 2286/2626/3908
s off
f 2235/3928/3909 2236/2623/3910 2238/2627/3911 2237/3955/3912
f 2237/3927/3913 2238/3946/3914 2262/2629/3915 2261/3954/3916
f 2239/3926/3917 2240/2632/3918 2280/2633/3919 2279/3953/3920
s 225
f 2240/2632/3921 2239/3926/3922 2241/3925/3923 2242/2636/3924
f 2242/2636/3924 2241/3925/3923 2243/3924/3925 2244/2638/3926
s 226
f 2244/2638/3927 2243/3924/3928 2267/3912/3929 2268/2640/3930
s 227
f 2245/3923/3931 2246/2642/3932 2288/2643/3933 2287/3902/3934
f 2246/2642/3932 2245/3923/3931 2248/3922/3935 2247/2646/3936
s off
f 2247/2646/3937 2248/3922/3938 2249/3921/3939 2250/3941/3940
f 2250/2648/3941 2249/3952/3942 2273/3909/3943 2274/3934/3944
f 2251/3920/3945 2252/2652/3946 2276/2653/3947 2275/3950/3948
s 228
f 2252/2652/3949 2251/3920/3950 2253/3918/3951 2254/2656/3952
f 2254/2656/3952 2253/3918/3951 2255/3919/3953 2256/2619/3954
s 229
f 2257/3917/3955 2258/2658/3956 2284/2659/3957 2283/3904/3958
f 2258/2658/3956 2257/3917/3955 2260/3915/3959 2259/2662/3960
s off
f 2259/2662/3961 2260/3915/3962 2261/3916/3963 2262/3937/3964
f 2263/2663/3965 2264/3914/3966 2281/3905/3967 2282/3935/3968
s 230
f 2264/3914/3969 2263/2663/3970 2266/2667/3971 2265/3913/3972
f 2265/3913/3972 2266/2667/3971 2268/2640/3973 2267/3912/3974
s 231
f 2269/3911/3975 2270/2670/3976 2272/2671/3977 2271/3910/3978
f 2270/2670/3976 2269/3911/3975 2289/3901/3979 2290/2674/3980
s off
f 2271/3910/3981 2272/2671/3982 2274/2650/3983 2273/3951/3984
f 2275/3908/3985 2276/3940/3986 2278/2614/3987 2277/3956/3988
f 2279/3906/3989 2280/3944/3990 2282/2666/3991 2281/3949/3992
s 232
f 2283/3904/3993 2284/2659/3994 2286/2626/3995 2285/3903/3996
s 233
f 2287/3902/3997 2288/2643/3998 2290/2674/3999 2289/3901/4000
s 1
f 1111/1549/1657 2264/2664/4001 2265/2668/4002 1293/1550/1658
f 2271/2672/4003 1140/1569/1677 1320/1570/1678 2269/2669/4004
f 2160/1777/2060 2267/2639/4005 2013/1717/1951 1120/1720/1954
f 2289/2673/4006 2189/1803/2112 1132/1726/1960 2076/1725/1959
s 144
f 2147/2352/2992 2273/2649/4007 2077/2035/4008 1521/2038/2993
s 140
f 2281/2665/4009 2116/2345/2979 1629/2162/2982 2012/2166/4010
f 2275/2654/4011 2277/2613/4012 1784/2377/4013 1936/2378/4014
s 1
f 1785/2380/3404 2231/2618/4015 2255/2620/4016 1937/2381/3405
f 2283/2660/4017 2285/2625/4018 1848/2505/3601 2000/2506/3602
s 144
f 1849/2508/4019 2237/2628/4020 2261/2630/4021 2001/2509/4022
s 140
f 2277/2613/4012 2279/2634/4023 1860/2524/4024 1784/2377/4013
s 1
f 2241/2635/4025 2239/2631/4026 2228/2612/4027 2229/2616/4028
f 1861/2526/3634 2243/2637/4029 2231/2618/4015 1785/2380/3404
f 2285/2625/4018 2287/2644/4030 1924/2588/3732 1848/2505/3601
f 2235/2624/4031 2248/2645/4032 2245/2641/4033 2233/2621/4034
s 144
f 2249/2647/4035 2237/2628/4020 1849/2508/4019 1925/2590/4036
s 140
f 2115/2340/2968 2275/2654/4011 1936/2378/4014 1633/2171/2969
s 1
f 2253/2655/4037 2251/2651/4038 1110/1539/1647 1292/1540/1648
f 1937/2381/3405 2255/2620/4016 2161/1774/2057 1101/1775/2058
f 2188/1805/2114 2283/2660/4017 2000/2506/3602 1126/1806/2115
f 1121/1559/1667 2260/2661/4039 2257/2657/4040 1321/1560/1668
s 144
f 2261/2630/4021 2148/2349/2987 1517/2030/2990 2001/2509/4022
s 140
f 2279/2634/4023 2281/2665/4009 2012/2166/4010 1860/2524/4024
s 1
f 2013/1717/1951 2267/2639/4005 2243/2637/4029 1861/2526/3634
f 2287/2644/4030 2289/2673/4006 2076/1725/1959 1924/2588/3732
s 144
f 1925/2590/4036 2077/2035/4008 2273/2649/4007 2249/2647/4035
s 140
f 2251/2651/4041 2275/2654/4011 2115/2340/2968 1110/1539/3835
f 2239/2631/4042 2279/2634/4023 2277/2613/4012 2228/2612/4043
f 1111/1549/3836 2116/2345/2979 2281/2665/4009 2264/2664/4044
s 144
f 2271/2672/4045 2273/2649/4007 2147/2352/2992 1140/1569/3863
f 2235/2624/4046 2237/2628/4020 2249/2647/4035 2248/2645/4047
f 1121/1559/3864 2148/2349/2987 2261/2630/4021 2260/2661/4048
s 1
f 1293/1550/1658 2265/2668/4002 2267/2639/4005 2160/1777/2060
f 2231/2618/4015 2243/2637/4029 2241/2635/4025 2229/2616/4028
f 2161/1774/2057 2255/2620/4016 2253/2655/4037 1292/1540/1648
f 1321/1560/1668 2257/2657/4040 2283/2660/4017 2188/1805/2114
f 2233/2621/4034 2245/2641/4033 2287/2644/4030 2285/2625/4018
f 2269/2669/4004 1320/1570/1678 2189/1803/2112 2289/2673/4006
s 237
f 2230/2615/4049 2227/2611/4050 2278/3947/4051 2211/2608/4052
f 2232/2617/4053 2230/2615/4049 2211/2608/4052 2212/2607/4054
s 238
f 2236/2623/4055 2234/2622/4056 2213/3945/4057 2238/2627/4058
s 239
f 2240/2632/4059 2242/2636/4060 2214/3943/4061 2280/2633/4062
f 2242/2636/4060 2244/2638/4063 2215/2604/4064 2214/3943/4061
s 240
f 2246/2642/4065 2247/2646/4066 2250/3941/4067 2216/2596/4068
s 241
f 2252/2652/4069 2254/2656/4070 2217/3939/4071 2276/2653/4072
f 2254/2656/4070 2256/2619/4073 2218/2610/4074 2217/3939/4071
s 242
f 2258/2658/4075 2259/2662/4076 2262/3937/4077 2219/2602/4078
s 243
f 2266/2667/4079 2263/2663/4080 2282/3935/4081 2220/2606/4082
f 2268/2640/4083 2266/2667/4079 2220/2606/4082 2221/2605/4084
s 244
f 2272/2671/4085 2270/2670/4086 2222/3933/4087 2274/2650/4088
s 242
f 2284/2659/4089 2258/2658/4075 2219/2602/4078 2223/2601/4090
s 238
f 2234/2622/4056 2286/2626/4091 2224/2600/4092 2213/3945/4057
s 240
f 2288/2643/4093 2246/2642/4065 2216/2596/4068 2225/2595/4094
s 244
f 2270/2670/4086 2290/2674/4095 2226/2598/4096 2222/3933/4087
s 226
f 2244/2638/3927 2268/2640/3930 2221/2605/4097 2215/2604/4098
s 223
f 2256/2619/3901 2232/2617/3900 2212/2607/4099 2218/2610/4100
s 232
f 2286/2626/3995 2284/2659/3994 2223/2601/4101 2224/2600/4102
s 233
f 2290/2674/3999 2288/2643/3998 2225/2595/4103 2226/2598/4104
s 218
f 2216/3942/3874 2250/2648/4105 2274/3934/4106 2222/2597/3875
s 219
f 2238/3946/4107 2213/2599/3877 2219/3938/3880 2262/2629/4108
s 220
f 2280/3944/4109 2214/2603/3881 2220/3936/3884 2282/2666/4110
s 221
f 2211/3948/3886 2278/2614/4111 2276/3940/4112 2217/2609/3887
s off
f 2291/3488/4113 2292/3580/4114 2422/3511/4115 2421/3425/4116
f 2292/3580/4117 2291/3488/4118 2293/3487/4119 2294/3579/4120
f 2294/3579/4121 2293/3487/4122 2407/3431/4123 2408/3518/4124
s 245
f 2295/3486/4125 2296/3578/4126 2328/3558/4127 2327/3466/4128
f 2296/3578/4126 2295/3486/4125 2297/3485/4129 2298/3577/4130
f 2298/3577/4130 2297/3485/4129 2333/3482/4131 2334/3574/4132
s 246
f 2299/3484/4133 2300/3576/4134 2338/3555/4135 2337/3463/4136
f 2300/3576/4134 2299/3484/4133 2301/3483/4137 2302/3575/4138
s off
f 2302/3575/4139 2301/3483/4140 2425/3423/4141 2426/3510/4142
s 245
f 2303/3481/4143 2304/3573/4144 2334/3574/4132 2333/3482/4131
f 2304/3573/4144 2303/3481/4143 2305/3480/4145 2306/3572/4146
f 2306/3572/4146 2305/3480/4145 2335/3479/4147 2336/3571/4148
f 2307/3478/4149 2308/3570/4150 2336/3571/4148 2335/3479/4147
f 2308/3570/4150 2307/3478/4149 2309/3477/4151 2310/3569/4152
f 2310/3569/4152 2309/3477/4151 2339/3476/4153 2340/3568/4154
f 2311/3475/4155 2312/3567/4156 2340/3568/4154 2339/3476/4153
f 2312/3567/4156 2311/3475/4155 2313/3474/4157 2314/3566/4158
f 2314/3566/4158 2313/3474/4157 2341/3471/4159 2342/3563/4160
s 247
f 2315/3473/4161 2316/3565/4162 2360/3546/4163 2359/3454/4164
f 2316/3565/4162 2315/3473/4161 2317/3472/4165 2318/3564/4166
s off
f 2318/3564/4167 2317/3472/4168 2427/3421/4169 2428/3508/4170
s 245
f 2319/3470/4171 2320/3562/4172 2342/3563/4160 2341/3471/4159
f 2320/3562/4172 2319/3470/4171 2321/3469/4173 2322/3561/4174
s off
f 2322/3561/4175 2321/3469/4176 2435/3417/4177 2436/3504/4178
f 2323/3468/4179 2324/3560/4180 2438/3503/4181 2437/3418/4182
s 247
f 2324/3560/4183 2323/3468/4184 2325/3467/4185 2326/3559/4186
f 2326/3559/4186 2325/3467/4185 2377/3447/4187 2378/3537/4188
s 245
f 2327/3466/4128 2328/3558/4127 2394/3525/4189 2393/2740/4190
s off
f 2329/3465/4191 2330/3557/4192 2332/3556/4193 2331/2744/4194
f 2330/3557/4195 2329/3465/4196 2403/3433/4197 2404/3520/4198
f 2331/2744/4199 2332/3556/4200 2410/3517/4201 2409/3432/4202
s 246
f 2337/3463/4136 2338/3555/4135 2398/3523/4203 2397/2750/4204
s off
f 2343/3462/4205 2344/3554/4206 2346/3553/4207 2345/2754/4208
f 2344/3554/4209 2343/3462/4210 2417/3426/4211 2418/3513/4212
f 2345/2754/4213 2346/3553/4214 2430/3507/4215 2429/3422/4216
s 249
f 2347/3460/4217 2348/3552/4218 2350/3551/4219 2349/3459/4220
f 2348/3552/4218 2347/3460/4217 2391/3440/4221 2392/3528/4222
f 2349/3459/4220 2350/3551/4219 2447/3502/4223 2448/3416/4224
f 2351/3458/4225 2352/3550/4226 2354/3549/4227 2353/3457/4228
s off
f 2352/3550/4229 2351/3458/4230 2433/3419/4231 2434/3506/4232
s 249
f 2353/3457/4228 2354/3549/4227 2388/3529/4233 2387/3442/4234
f 2355/3456/4235 2356/3548/4236 2396/3524/4237 2395/2778/4238
f 2356/3548/4236 2355/3456/4235 2357/3455/4239 2358/3547/4240
f 2358/3547/4240 2357/3455/4239 2385/3443/4241 2386/3532/4242
s 247
f 2359/3454/4164 2360/3546/4163 2366/3543/4243 2365/3451/4244
f 2361/3453/4245 2362/3545/4246 2374/3538/4247 2373/3449/4248
f 2362/3545/4246 2361/3453/4245 2363/3452/4249 2364/3544/4250
f 2364/3544/4250 2363/3452/4249 2445/3411/4251 2446/3498/4252
f 2365/3451/4244 2366/3543/4243 2368/3541/4253 2367/3274/4254
f 2367/3450/4254 2368/3277/4253 2370/3540/4255 2369/2796/4256
f 2369/2796/4256 2370/3540/4255 2372/3539/4257 2371/3409/4258
f 2371/3409/4258 2372/3539/4257 2450/3499/4259 2449/3413/4260
f 2373/3449/4248 2374/3538/4247 2376/3535/4261 2375/3276/4262
f 2375/3448/4262 2376/3279/4261 2378/3537/4188 2377/3447/4187
s 249
f 2379/3446/4263 2380/3534/4264 2384/3530/4265 2383/3273/4266
f 2380/3534/4264 2379/3446/4263 2382/3445/4267 2381/3533/4268
f 2381/3533/4268 2382/3445/4267 2441/3414/4269 2442/3501/4270
f 2383/3444/4266 2384/3283/4265 2386/3532/4242 2385/3443/4241
f 2387/3442/4234 2388/3529/4233 2390/3526/4271 2389/3275/4272
f 2389/3441/4272 2390/3281/4271 2392/3528/4222 2391/3440/4221
s off
f 2393/2740/4273 2394/3525/4274 2432/3505/4275 2431/3420/4276
f 2395/2778/4277 2396/3524/4278 2406/3519/4279 2405/3434/4280
f 2397/2750/4281 2398/3523/4282 2416/3514/4283 2415/3429/4284
f 2399/3436/4285 2400/3522/4286 2402/3521/4287 2401/2822/4288
f 2400/3522/4289 2399/3436/4290 2411/3430/4291 2412/3516/4292
f 2401/2822/4293 2402/3521/4294 2420/3512/4295 2419/3427/4296
f 2404/3520/4297 2403/3433/4298 2405/3434/4299 2406/3519/4300
f 2408/3518/4301 2407/3431/4302 2409/3432/4303 2410/3517/4304
s 254
f 2412/3516/4305 2411/3430/4306 2413/3428/4307 2414/3515/4308
f 2414/3515/4308 2413/3428/4307 2415/3429/4309 2416/3514/4310
s off
f 2418/3513/4311 2417/3426/4312 2419/3427/4313 2420/3512/4314
s 255
f 2421/3425/4315 2422/3511/4316 2424/3509/4317 2423/3424/4318
f 2423/3424/4318 2424/3509/4317 2426/3510/4319 2425/3423/4320
s off
f 2428/3508/4321 2427/3421/4322 2429/3422/4323 2430/3507/4324
f 2431/3420/4325 2432/3505/4326 2434/3506/4327 2433/3419/4328
f 2436/3504/4329 2435/3417/4330 2437/3418/4331 2438/3503/4332
s 249
f 2439/3500/4333 2440/3415/4334 2448/3416/4224 2447/3502/4223
f 2440/3415/4334 2439/3500/4333 2442/3501/4270 2441/3414/4269
s 247
f 2443/3497/4335 2444/3412/4336 2449/3413/4260 2450/3499/4259
f 2444/3412/4336 2443/3497/4335 2446/3498/4252 2445/3411/4251
s off
f 1733/2014/4337 1717/2271/4338 2404/2746/4339 2406/2815/4340
s 256
f 1499/2011/4341 1495/2007/4342 2356/2776/4343 2358/2780/4344
f 1503/2015/4345 1499/2011/4341 2358/2780/4344 2386/2782/4346
f 1507/2019/4347 1503/2015/4345 2386/2782/4346 2384/3531/4348
f 1511/2023/4349 1507/3740/4347 2384/2805/4348 2380/2804/4350
f 1515/2027/4351 1511/2023/4349 2380/2804/4350 2381/2808/4352
f 1519/2033/4353 2082/2032/4354 2350/2761/4355 2348/2760/4356
f 1523/2039/4357 1519/2033/4353 2348/2760/4356 2392/2764/4358
f 1527/2043/4359 1523/2039/4357 2392/2764/4358 2390/3527/4360
f 1531/2047/4361 1527/3730/4359 2390/2811/4360 2388/2773/4362
f 1535/2051/4363 1531/2047/4361 2388/2773/4362 2354/2769/4364
f 2352/2768/4365 1539/2055/4366 1535/2051/4363 2354/2769/4364
s 258
f 1545/2067/4367 1543/2063/4368 2394/2739/4369 2328/2685/4370
f 2296/2684/4371 1551/2069/4372 1545/2067/4367 2328/2685/4370
f 1555/2079/4373 1551/2069/4372 2296/2684/4371 2298/2688/4374
f 2304/2700/4375 1563/2087/4376 1559/2083/4377 2334/2690/4378
f 1571/2095/4379 1567/2091/4380 2306/2702/4381 2336/2704/4382
f 2308/2706/4383 1575/2099/4384 1571/2095/4379 2336/2704/4382
f 1583/2107/4385 1579/2103/4386 2310/2708/4387 2340/2710/4388
f 2312/2712/4389 1587/2111/4390 1583/2107/4385 2340/2710/4388
f 1595/2119/4391 1591/2115/4392 2314/2714/4393 2342/2716/4394
f 2320/2726/4395 1599/2123/4396 1595/2119/4391 2342/2716/4394
s off
f 1775/2138/4397 1771/2131/4398 2436/2730/4399 2438/2733/4400
s 260
f 1609/2139/4401 1607/2135/4402 2324/2732/4403 2326/2736/4404
f 1615/2141/4405 1609/2139/4401 2326/2736/4404 2378/2738/4406
f 1619/2151/4407 1615/2141/4405 2378/2738/4406 2376/3536/4408
f 1623/2155/4409 1619/3682/4407 2376/2801/4408 2374/2787/4410
f 1627/2159/4411 1623/2155/4409 2374/2787/4410 2362/2786/4412
f 2007/2163/4413 1627/2159/4411 2362/2786/4412 2364/2790/4414
f 1635/2169/4415 1631/2168/4416 2372/2797/4417 2370/2795/4418
f 1639/2175/4419 1635/2169/4415 2370/2795/4418 2368/3542/4420
f 1643/2179/4421 1639/3672/4419 2368/2793/4420 2366/2783/4422
f 1647/2183/4423 1643/2179/4421 2366/2783/4422 2360/2719/4424
f 1651/2187/4425 1647/2183/4423 2360/2719/4424 2316/2718/4426
f 1655/2191/4427 1651/2187/4425 2316/2718/4426 2318/2722/4428
s off
f 1671/2209/4429 1667/2207/4430 2346/2753/4431 2344/2752/4432
f 1753/2215/4433 1675/2211/4434 2418/2756/4435 2420/2825/4436
s 262
f 1757/2282/4437 1741/2287/4438 2412/2824/4439 2414/2828/4440
f 1737/2234/4441 1757/2282/4437 2414/2828/4440 2416/2817/4442
s 263
f 1687/2231/4443 1683/2227/4444 2338/2693/4445 2300/2692/4446
f 1691/2235/4447 1687/2231/4443 2300/2692/4446 2302/2696/4448
s 264
f 1705/2256/4449 1761/2243/4450 2424/2829/4451 2422/2677/4452
s off
f 1729/2263/4453 1711/2259/4454 2408/2682/4455 2410/2747/4456
f 1715/2267/4457 1725/2270/4458 2332/2743/4459 2330/2742/4460
f 2432/2813/4461 1767/2066/4462 1763/2059/4463 2434/2772/4464
s 256
f 1495/2007/4342 1497/2010/4465 2396/2777/4466 2356/2776/4343
s 258
f 1559/2083/4377 1555/2079/4373 2298/2688/4374 2334/2690/4378
s off
f 2294/2680/4467 1707/2257/4468 1703/2253/4469 2292/2676/4470
s 258
f 2306/2702/4381 1567/2091/4380 1563/2087/4376 2304/2700/4375
s 264
f 1761/2243/4450 1695/2239/4471 2426/2698/4472 2424/2829/4451
s 258
f 2310/2708/4387 1579/2103/4386 1575/2099/4384 2308/2706/4383
s 263
f 1683/2227/4444 1685/2230/4473 2398/2749/4474 2338/2693/4445
s 258
f 2314/2714/4393 1591/2115/4392 1587/2111/4390 2312/2712/4389
s off
f 1739/2283/4475 1749/2286/4476 2402/2821/4477 2400/2820/4478
s 258
f 2322/2728/4479 1603/2127/4480 1599/2123/4396 2320/2726/4395
s off
f 1669/2199/4481 1659/2195/4482 2428/2724/4483 2430/2757/4484
f 1715/2267/4485 2330/2742/4486 2404/2746/4487 1717/2271/4488
f 2396/2777/4489 1497/2010/4490 1733/2014/4491 2406/2815/4492
f 1707/2257/4493 2294/2680/4494 2408/2682/4495 1711/2259/4496
f 2332/2743/4497 1725/2270/4498 1729/2263/4499 2410/2747/4500
f 1739/2283/4501 2400/2820/4502 2412/2824/4503 1741/2287/4504
f 2398/2749/4505 1685/2230/4506 1737/2234/4507 2416/2817/4508
f 1671/2209/4509 2344/2752/4510 2418/2756/4511 1675/2211/4512
f 2402/2821/4513 1749/2286/4514 1753/2215/4515 2420/2825/4516
f 2292/2676/4517 1703/2253/4518 1705/2256/4519 2422/2677/4520
f 1691/2235/4521 2302/2696/4522 2426/2698/4523 1695/2239/4524
f 1655/2191/4525 2318/2722/4526 2428/2724/4527 1659/2195/4528
f 2346/2753/4529 1667/2207/4530 1669/2199/4531 2430/2757/4532
f 2394/2739/4533 1543/2063/4534 1767/2066/4535 2432/2813/4536
f 1539/2055/4537 2352/2768/4538 2434/2772/4539 1763/2059/4540
f 1603/2127/4541 2322/2728/4542 2436/2730/4543 1771/2131/4544
f 2324/2732/4545 1607/2135/4546 1775/2138/4547 2438/2733/4548
s 260
f 1779/2368/4549 2443/2833/4550 2450/2799/4551 1931/2369/4552
s 256
f 2442/2810/4553 2439/2831/4554 1854/2517/4555 2006/2518/4556
s 260
f 1779/2368/4549 1855/2520/4557 2446/2792/4558 2443/2833/4550
s 256
f 2447/2765/4559 1930/2594/4560 1854/2517/4555 2439/2831/4554
s 260
f 1631/2168/4416 1931/2369/4552 2450/2799/4551 2372/2797/4417
s 256
f 2442/2810/4553 2006/2518/4556 1515/2027/4351 2381/2808/4352
s 260
f 1855/2520/4557 2007/2163/4413 2364/2790/4414 2446/2792/4558
s 256
f 2447/2765/4559 2350/2761/4355 2082/2032/4354 1930/2594/4560
s 267
f 2459/2835/4561 2460/2836/4562 2457/2837/4563 2458/2838/4564
f 2444/2834/4565 2459/2835/4561 2458/2838/4564 2449/2800/4566
f 2461/2839/4567 2462/2840/4568 2455/2841/4569 2456/2842/4570
f 2460/2836/4562 2461/2839/4567 2456/2842/4570 2457/2837/4563
f 2441/2809/4571 2451/2843/4572 2466/2844/4573 2440/2832/4574
f 2452/2845/4575 2453/2846/4576 2464/2847/4577 2465/2848/4578
f 2451/2843/4572 2452/2845/4575 2465/2848/4578 2466/2844/4573
s 271
f 2533/2849/4579 2534/3404/4580 2535/3399/4581 2536/2852/4582
s 267
f 2453/2846/4576 2454/2853/4583 2463/2854/4584 2464/2847/4577
f 2379/2803/4585 2516/2855/4586 2382/2807/4587
f 2383/2806/4588 2515/2856/4589 2516/2855/4586 2379/2803/4585
f 2385/2781/4590 2514/2857/4591 2515/2856/4589 2383/2806/4588
f 2357/2779/4592 2513/2858/4593 2514/2857/4591 2385/2781/4590
f 2456/2842/4570 2455/2841/4569 2506/2859/4594 2507/2860/4595
f 2457/2837/4563 2456/2842/4570 2507/2860/4595 2508/2861/4596
f 2458/2838/4564 2457/2837/4563 2508/2861/4596 2509/2862/4597
f 2449/2800/4566 2458/2838/4564 2509/2862/4597 2371/2798/4598
f 2363/2789/4599 2475/2863/4600 2474/2864/4601 2445/2791/4602
f 2475/2863/4600 2476/2865/4603 2473/2866/4604 2474/2864/4601
f 2476/2865/4603 2477/2867/4605 2472/2868/4606 2473/2866/4604
f 2477/2867/4605 2478/2869/4607 2471/2870/4608 2472/2868/4606
s 271
f 2537/3407/4609 2538/2872/4610 2539/2873/4611 2540/3402/4612
s 267
f 2469/2875/4613 2470/2876/4614 2479/2877/4615 2480/2878/4616
f 2468/2879/4617 2469/2875/4613 2480/2878/4616 2481/2880/4618
f 2467/2881/4619 2468/2879/4617 2481/2880/4618 2482/2882/4620
f 2448/2766/4621 2467/2881/4619 2482/2882/4620 2349/2762/4622
f 2440/2832/4574 2466/2844/4573 2467/2881/4619 2448/2766/4621
f 2466/2844/4573 2465/2848/4578 2468/2879/4617 2467/2881/4619
f 2465/2848/4578 2464/2847/4577 2469/2875/4613 2468/2879/4617
f 2464/2847/4577 2463/2854/4584 2470/2876/4614 2469/2875/4613
s 271
f 2538/2872/4610 2533/2849/4579 2536/2852/4582 2539/2873/4611
s 267
f 2472/2868/4606 2471/2870/4608 2462/2840/4568 2461/2839/4567
f 2473/2866/4604 2472/2868/4606 2461/2839/4567 2460/2836/4562
f 2474/2864/4601 2473/2866/4604 2460/2836/4562 2459/2835/4561
f 2445/2791/4602 2474/2864/4601 2459/2835/4561 2444/2834/4565
f 2373/2788/4623 2504/2883/4624 2361/2785/4625
f 2375/2802/4626 2503/2884/4627 2504/2883/4624 2373/2788/4623
f 2377/2737/4628 2502/2885/4629 2503/2884/4627 2375/2802/4626
f 2325/2735/4630 2501/2886/4631 2502/2885/4629 2377/2737/4628
f 2480/2878/4616 2479/2877/4615 2497/2887/4632 2498/2888/4633
f 2481/2880/4618 2480/2878/4616 2498/2888/4633 2499/2889/4634
f 2482/2882/4620 2481/2880/4618 2499/2889/4634 2500/2890/4635
f 2349/2762/4622 2482/2882/4620 2500/2890/4635 2347/2759/4636
f 2355/2775/4637 2512/2891/4638 2513/2858/4593 2357/2779/4592
s 271
f 2541/3408/4639 2542/3406/4640 2538/2872/4610 2537/3407/4609
f 2542/3406/4640 2543/3405/4641 2533/2849/4579 2538/2872/4610
f 2543/3405/4641 2544/3403/4642 2534/3404/4580 2533/2849/4579
s 267
f 2405/2816/4643 2512/2891/4638 2355/2775/4637 2395/3438/4644
s 271
f 2545/2896/4645 2546/3400/4646 2547/3398/4647 2548/2899/4648
f 2549/2900/4649 2545/2896/4645 2548/2899/4648 2550/2901/4650
f 2551/3401/4651 2549/2900/4649 2550/2901/4650 2552/3397/4652
f 2540/3402/4612 2539/2873/4611 2549/2900/4649 2551/3401/4651
f 2539/2873/4611 2536/2852/4582 2545/2896/4645 2549/2900/4649
f 2536/2852/4582 2535/3399/4581 2546/3400/4646 2545/2896/4645
s 267
f 2409/2748/4653 2403/2745/4654 2329/2741/4655 2331/3464/4656
f 2293/2679/4657 2291/2675/4658 2421/2678/4659 2407/2681/4660
s 271
f 2548/2899/4648 2547/3398/4647 2553/3393/4661 2554/2905/4662
f 2550/2901/4650 2548/2899/4648 2554/2905/4662 2555/2906/4663
f 2552/3397/4652 2550/2901/4650 2555/2906/4663 2556/3396/4664
f 2557/2908/4665 2558/3394/4666 2559/3389/4667 2560/2911/4668
f 2561/2912/4669 2557/2908/4665 2560/2911/4668 2562/2913/4670
f 2563/3395/4671 2561/2912/4669 2562/2913/4670 2564/3392/4672
f 2556/3396/4664 2555/2906/4663 2561/2912/4669 2563/3395/4671
f 2555/2906/4663 2554/2905/4662 2557/2908/4665 2561/2912/4669
f 2554/2905/4662 2553/3393/4661 2558/3394/4666 2557/2908/4665
s 267
f 2510/2916/4673 2511/2917/4674 2299/2691/4675 2337/2694/4676
s 271
f 2565/2918/4677 2566/3390/4678 2567/3385/4679 2568/2921/4680
f 2569/2922/4681 2565/2918/4677 2568/2921/4680 2570/2923/4682
f 2571/3391/4683 2569/2922/4681 2570/2923/4682 2572/3388/4684
f 2564/3392/4672 2562/2913/4670 2569/2922/4681 2571/3391/4683
f 2562/2913/4670 2560/2911/4668 2565/2918/4677 2569/2922/4681
f 2560/2911/4668 2559/3389/4667 2566/3390/4678 2565/2918/4677
s 267
f 2511/2917/4674 2425/2697/4685 2301/2695/4686 2299/2691/4675
s 271
f 2573/2926/4687 2574/3386/4688 2575/3381/4689 2576/2929/4690
f 2577/2930/4691 2573/2926/4687 2576/2929/4690 2578/2931/4692
f 2579/3387/4693 2577/2930/4691 2578/2931/4692 2580/3384/4694
f 2572/3388/4684 2570/2923/4682 2577/2930/4691 2579/3387/4693
f 2570/2923/4682 2568/2921/4680 2573/2926/4687 2577/2930/4691
f 2568/2921/4680 2567/3385/4679 2574/3386/4688 2573/2926/4687
s 267
f 2415/2818/4695 2510/2916/4673 2337/2694/4676 2397/3437/4696
f 2419/2826/4697 2411/2823/4698 2399/2819/4699 2401/3435/4700
s 271
f 2581/2934/4701 2582/3382/4702 2583/3377/4703 2584/2937/4704
f 2585/2938/4705 2581/2934/4701 2584/2937/4704 2586/2939/4706
f 2587/3383/4707 2585/2938/4705 2586/2939/4706 2588/3380/4708
f 2580/3384/4694 2578/2931/4692 2585/2938/4705 2587/3383/4707
f 2578/2931/4692 2576/2929/4690 2581/2934/4701 2585/2938/4705
f 2576/2929/4690 2575/3381/4689 2582/3382/4702 2581/2934/4701
s 267
f 2429/2758/4709 2417/2755/4710 2343/2751/4711 2345/3461/4712
s 271
f 2589/2942/4713 2590/3378/4714 2591/3369/4715 2592/2945/4716
f 2593/2946/4717 2589/2942/4713 2592/2945/4716 2594/2947/4718
f 2595/3379/4719 2593/2946/4717 2594/2947/4718 2596/3372/4720
f 2588/3380/4708 2586/2939/4706 2593/2946/4717 2595/3379/4719
f 2586/2939/4706 2584/2937/4704 2589/2942/4713 2593/2946/4717
f 2584/2937/4704 2583/3377/4703 2590/3378/4714 2589/2942/4713
f 2597/2950/4721 2598/3370/4722 2599/3376/4723 2600/3375/4724
f 2601/2954/4725 2597/2950/4721 2600/3375/4724 2602/3374/4726
f 2603/3371/4727 2601/2954/4725 2602/3374/4726 2604/3373/4728
f 2596/3372/4720 2594/2947/4718 2601/2954/4725 2603/3371/4727
f 2594/2947/4718 2592/2945/4716 2597/2950/4721 2601/2954/4725
f 2592/2945/4716 2591/3369/4715 2598/3370/4722 2597/2950/4721
s 267
f 2437/2734/4729 2501/2886/4631 2325/2735/4630 2323/2731/4730
f 2319/2725/4731 2483/2958/4732 2435/2729/4733 2321/2727/4734
f 2341/2715/4735 2484/2959/4736 2483/2958/4732 2319/2725/4731
f 2313/2713/4737 2485/2960/4738 2484/2959/4736 2341/2715/4735
f 2311/2711/4739 2486/2961/4740 2485/2960/4738 2313/2713/4737
f 2339/2709/4741 2487/2962/4742 2486/2961/4740 2311/2711/4739
f 2309/2707/4743 2488/2963/4744 2487/2962/4742 2339/2709/4741
f 2307/2705/4745 2489/2964/4746 2488/2963/4744 2309/2707/4743
f 2335/2703/4747 2490/2965/4748 2489/2964/4746 2307/2705/4745
f 2305/2701/4749 2491/2966/4750 2490/2965/4748 2335/2703/4747
f 2303/2699/4751 2492/2967/4752 2491/2966/4750 2305/2701/4749
f 2333/2689/4753 2493/2968/4754 2492/2967/4752 2303/2699/4751
f 2297/2687/4755 2494/2969/4756 2493/2968/4754 2333/2689/4753
f 2295/2683/4757 2495/2970/4758 2494/2969/4756 2297/2687/4755
f 2327/2686/4759 2496/2971/4760 2495/2970/4758 2295/2683/4757
f 2431/2814/4761 2496/2971/4760 2327/2686/4759 2393/3439/4762
f 2497/2887/4632 2433/2771/4763 2351/2767/4764 2353/2770/4765
f 2498/2888/4633 2497/2887/4632 2353/2770/4765 2387/2774/4766
f 2499/2889/4634 2498/2888/4633 2387/2774/4766 2389/2812/4767
f 2500/2890/4635 2499/2889/4634 2389/2812/4767 2391/2763/4768
f 2347/2759/4636 2500/2890/4635 2391/2763/4768
f 2502/2885/4629 2501/2886/4631 2478/2869/4607 2477/2867/4605
f 2503/2884/4627 2502/2885/4629 2477/2867/4605 2476/2865/4603
f 2504/2883/4624 2503/2884/4627 2476/2865/4603 2475/2863/4600
f 2361/2785/4625 2504/2883/4624 2475/2863/4600 2363/2789/4599
f 2505/2972/4769 2427/2723/4770 2317/2721/4771 2315/2717/4772
f 2506/2859/4594 2505/2972/4769 2315/2717/4772 2359/2720/4773
f 2507/2860/4595 2506/2859/4594 2359/2720/4773 2365/2784/4774
f 2508/2861/4596 2507/2860/4595 2365/2784/4774 2367/2794/4775
f 2509/2862/4597 2508/2861/4596 2367/2794/4775 2369/3410/4776
f 2371/2798/4598 2509/2862/4597 2369/3410/4776
f 2514/2857/4591 2513/2858/4593 2454/2853/4583 2453/2846/4576
f 2515/2856/4589 2514/2857/4591 2453/2846/4576 2452/2845/4575
f 2516/2855/4586 2515/2856/4589 2452/2845/4575 2451/2843/4572
f 2382/2807/4587 2516/2855/4586 2451/2843/4572 2441/2809/4571
s off
f 2517/2973/4777 2518/2974/4778 2522/2975/4779 2521/2976/4780
f 2518/2974/4781 2517/2973/4782 2520/2977/4783 2519/2978/4784
f 2519/2978/4785 2520/2977/4786 2523/2979/4787 2524/2980/4788
f 2521/2976/4789 2522/2975/4790 2524/2980/4791 2523/2979/4792
f 2525/2981/4793 2526/2982/4794 2530/2983/4795 2529/2984/4796
f 2526/2982/4797 2525/2981/4798 2528/2985/4799 2527/2986/4800
f 2527/2986/4801 2528/2985/4802 2531/2987/4803 2532/2988/4804
f 2529/2984/4805 2530/2983/4806 2532/2988/4807 2531/2987/4808
f 2520/2977/4809 2517/2973/4810 2521/2976/4811 2523/2979/4812
f 2528/2985/4813 2525/2981/4814 2529/2984/4815 2531/2987/4816
s 283
f 2605/3368/4817 2544/2895/4818 2543/2894/4819 2609/3365/4820
s 284
f 2544/3496/4821 2605/3495/4822 2606/3367/4823 2534/2850/4824
f 2534/2850/4824 2606/3367/4823 2611/3362/4825 2535/2851/4826
s 285
f 2607/3366/4827 2541/2892/4828 2537/2871/4829 2610/3363/4830
s 283
f 2541/3494/4831 2607/3493/4832 2608/3364/4833 2542/2893/4834
f 2542/2893/4834 2608/3364/4833 2609/3365/4820 2543/2894/4819
s 285
f 2610/3363/4830 2537/2871/4829 2540/2874/4835 2613/3360/4836
s 284
f 2535/2851/4826 2611/3362/4825 2612/3361/4837 2546/2897/4838
f 2546/2897/4838 2612/3361/4837 2615/3358/4839 2547/2898/4840
s 285
f 2613/3360/4836 2540/2874/4835 2551/2902/4841 2614/3359/4842
f 2614/3359/4842 2551/2902/4841 2552/2903/4843 2617/3356/4844
s 284
f 2547/2898/4840 2615/3358/4839 2616/3357/4845 2553/2904/4846
f 2553/2904/4846 2616/3357/4845 2618/3355/4847 2558/2909/4848
s 285
f 2617/3356/4844 2552/2903/4843 2556/2907/4849 2619/3354/4850
s 284
f 2558/2909/4848 2618/3355/4847 2621/3352/4851 2559/2910/4852
s 285
f 2619/3354/4850 2556/2907/4849 2563/2914/4853 2620/3353/4854
f 2620/3353/4854 2563/2914/4853 2564/2915/4855 2623/3350/4856
s 284
f 2559/2910/4852 2621/3352/4851 2622/3351/4857 2566/2919/4858
f 2566/2919/4858 2622/3351/4857 2625/3348/4859 2567/2920/4860
s 285
f 2623/3350/4856 2564/2915/4855 2571/2924/4861 2624/3349/4862
f 2624/3349/4862 2571/2924/4861 2572/2925/4863 2627/3346/4864
s 284
f 2567/2920/4860 2625/3348/4859 2626/3347/4865 2574/2927/4866
f 2574/2927/4866 2626/3347/4865 2629/3344/4867 2575/2928/4868
s 285
f 2627/3346/4864 2572/2925/4863 2579/2932/4869 2628/3345/4870
f 2628/3345/4870 2579/2932/4869 2580/2933/4871 2631/3342/4872
s 284
f 2575/2928/4868 2629/3344/4867 2630/3343/4873 2582/2935/4874
f 2582/2935/4874 2630/3343/4873 2633/3340/4875 2583/2936/4876
s 285
f 2631/3342/4872 2580/2933/4871 2587/2940/4877 2632/3341/4878
f 2632/3341/4878 2587/2940/4877 2588/2941/4879 2635/3338/4880
s 284
f 2583/2936/4876 2633/3340/4875 2634/3339/4881 2590/2943/4882
f 2590/2943/4882 2634/3339/4881 2637/3336/4883 2591/2944/4884
s 285
f 2635/3338/4880 2588/2941/4879 2595/2948/4885 2636/3337/4886
f 2636/3337/4886 2595/2948/4885 2596/2949/4887 2639/3334/4888
s 284
f 2591/2944/4884 2637/3336/4883 2638/3335/4889 2598/2951/4890
f 2598/2951/4890 2638/3335/4889 2641/3332/4891 2599/2952/4892
s 285
f 2639/3334/4888 2596/2949/4887 2603/2956/4893 2640/3333/4894
f 2640/3333/4894 2603/2956/4893 2604/3489/4895 2642/3490/4896
s 286
f 2599/3492/4897 2641/3491/4898 2643/3329/4899 2600/2953/4900
f 2642/3331/4901 2604/2957/4902 2602/2955/4903 2644/3330/4904
f 2600/2953/4900 2643/3329/4899 2644/3330/4904 2602/2955/4903
s 267
f 2403/2745/4654 2611/2992/4905 2606/2991/4906 2405/2816/4643
f 2431/2814/4761 2610/2994/4907 2613/2996/4908 2496/2971/4760
f 2479/2877/4615 2607/2993/4909 2433/2771/4763 2497/2887/4632
f 2470/2876/4614 2608/2995/4910 2607/2993/4909 2479/2877/4615
f 2463/2854/4584 2609/2990/4911 2608/2995/4910 2470/2876/4614
f 2454/2853/4583 2605/2989/4912 2609/2990/4911 2463/2854/4584
f 2433/2771/4763 2607/2993/4909 2610/2994/4907 2431/2814/4761
f 2407/2681/4660 2615/2998/4913 2612/2997/4914 2409/2748/4653
f 2494/2969/4756 2495/2970/4758 2614/2999/4915 2617/3000/4916
f 2495/2970/4758 2496/2971/4760 2613/2996/4908 2614/2999/4915
f 2493/2968/4754 2494/2969/4756 2617/3000/4916 2619/3003/4917
f 2618/3002/4918 2423/2830/4919 2425/2697/4685 2621/3004/4920
f 2491/2966/4750 2492/2967/4752 2620/3005/4921 2623/3006/4922
f 2492/2967/4752 2493/2968/4754 2619/3003/4917 2620/3005/4921
f 2616/3001/4923 2421/2678/4659 2423/2830/4919 2618/3002/4918
f 2489/2964/4746 2490/2965/4748 2624/3009/4924 2627/3010/4925
f 2490/2965/4748 2491/2966/4750 2623/3006/4922 2624/3009/4924
f 2626/3011/4926 2415/2818/4695 2413/2827/4927 2629/3012/4928
f 2487/2962/4742 2488/2963/4744 2628/3013/4929 2631/3014/4930
f 2488/2963/4744 2489/2964/4746 2627/3010/4925 2628/3013/4929
f 2485/2960/4738 2486/2961/4740 2632/3017/4931 2635/3018/4932
f 2486/2961/4740 2487/2962/4742 2631/3014/4930 2632/3017/4931
f 2629/3012/4928 2413/2827/4927 2411/2823/4698 2630/3015/4933
f 2483/2958/4732 2484/2959/4736 2636/3021/4934 2639/3022/4935
f 2484/2959/4736 2485/2960/4738 2635/3018/4932 2636/3021/4934
f 2633/3016/4936 2419/2826/4697 2417/2755/4710 2634/3019/4937
f 2638/3023/4938 2427/2723/4770 2505/2972/4769 2641/3024/4939
f 2435/2729/4733 2640/3025/4940 2642/3026/4941 2437/2734/4729
f 2435/2729/4733 2483/2958/4732 2639/3022/4935 2640/3025/4940
f 2637/3020/4942 2429/2758/4709 2427/2723/4770 2638/3023/4938
f 2641/3024/4939 2505/2972/4769 2506/2859/4594 2455/2841/4569
f 2643/3027/4943 2641/3024/4939 2455/2841/4569 2462/2840/4568
f 2644/3028/4944 2643/3027/4943 2462/2840/4568 2471/2870/4608
f 2642/3026/4941 2644/3028/4944 2471/2870/4608 2478/2869/4607
f 2437/2734/4729 2642/3026/4941 2478/2869/4607 2501/2886/4631
f 2634/3019/4937 2417/2755/4710 2429/2758/4709 2637/3020/4942
f 2630/3015/4933 2411/2823/4698 2419/2826/4697 2633/3016/4936
f 2625/3008/4945 2510/2916/4673 2415/2818/4695 2626/3011/4926
f 2622/3007/4946 2511/2917/4674 2510/2916/4673 2625/3008/4945
f 2621/3004/4920 2425/2697/4685 2511/2917/4674 2622/3007/4946
f 2407/2681/4660 2421/2678/4659 2616/3001/4923 2615/2998/4913
f 2409/2748/4653 2612/2997/4914 2611/2992/4905 2403/2745/4654
f 2405/2816/4643 2606/2991/4906 2605/2989/4912 2512/2891/4638
f 2513/2858/4593 2512/2891/4638 2605/2989/4912 2454/2853/4583
