# This file uses centimeters as units for non-parametric coordinates.

g default
v 9.481285 3.509479 -4.903341
v 9.659348 3.509480 -4.939576
v 9.828813 3.509479 -4.997584
v 11.620303 3.509479 -5.087582
v 11.801556 3.509480 -5.047993
v 11.986423 3.509479 -5.029432
v 13.659977 3.509479 -4.397998
v 13.807067 3.509480 -4.290468
v 13.968559 3.509479 -4.195379
v 8.858440 4.753623 -4.139223
v 9.035971 4.747081 -4.229894
v 9.055992 4.576506 -4.332489
v 8.880515 4.485188 -4.298623
v 8.756029 4.586659 -4.178206
v 10.656066 5.096756 -4.448098
v 10.837902 5.031184 -4.497102
v 10.858189 4.858849 -4.596249
v 10.680057 4.775537 -4.637049
v 10.486830 4.827033 -4.589235
v 10.484719 5.000539 -4.490014
v 12.750681 5.070884 -4.120211
v 12.924282 4.970050 -4.108469
v 12.950772 4.796423 -4.204173
v 12.778693 4.751273 -4.308832
v 12.597301 4.837068 -4.324275
v 12.590981 5.009274 -4.222923
v 14.468376 4.517256 -3.282515
v 14.381407 4.422247 -3.438140
v 14.223435 4.512819 -3.526621
v 14.218259 4.681973 -3.419434
v 14.359297 4.684751 -3.279048
v 7.687963 3.509479 -3.907583
v 7.835591 3.509480 -4.007174
v 7.968302 3.509479 -4.129105
v 15.163391 3.509479 -3.006426
v 15.259264 3.509480 -2.845718
v 15.368295 3.509479 -2.701960
v 13.730002 6.046689 -2.540757
v 13.753195 5.918616 -2.694061
v 13.612137 5.915363 -2.834849
v 13.456799 6.041467 -2.812696
v 13.434292 6.168862 -2.660941
v 13.575647 6.171608 -2.520280
v 11.539748 6.544373 -3.121252
v 11.721628 6.478495 -3.170542
v 11.743808 6.351008 -3.322545
v 11.584108 6.289399 -3.425257
v 11.402228 6.355277 -3.375967
v 11.380049 6.482763 -3.223965
v 12.478406 7.232531 -1.306708
v 12.528359 7.164008 -1.487193
v 12.387028 7.161160 -1.628010
v 12.205124 7.227140 -1.578564
v 12.154741 7.296887 -1.396797
v 12.295801 7.299627 -1.256430
v 9.409117 6.223679 -3.171921
v 9.586705 6.217024 -3.262640
v 9.608734 6.089462 -3.414725
v 9.464048 5.967716 -3.483183
v 9.286556 5.973937 -3.392700
v 9.265383 6.102484 -3.239018
v 10.269151 7.324955 -1.573395
v 10.446756 7.318310 -1.663625
v 10.451658 7.249146 -1.852611
v 10.292345 7.187440 -1.955456
v 10.114762 7.194075 -1.864724
v 10.109033 7.262142 -1.677275
v 11.173517 7.626899 -0.047101
v 11.263677 7.618464 -0.225005
v 11.122189 7.615717 -0.365798
v 10.944583 7.622452 -0.274911
v 10.976306 7.629364 -0.077945
v 7.758126 5.206971 -2.964839
v 7.818033 5.101678 -3.125360
v 7.723617 4.932165 -3.172028
v 7.572964 4.881339 -3.047518
v 7.513303 4.983777 -2.886739
v 7.608178 5.153679 -2.844319
v 6.402699 3.509479 -2.188437
v 6.499092 3.509480 -2.336349
v 6.564084 3.509479 -2.500068
v 6.800225 5.296265 -1.075383
v 6.806712 5.228657 -1.262873
v 6.710161 5.058611 -1.302268
v 6.613861 4.964574 -1.154539
v 6.607604 5.036724 -0.967563
v 6.702724 5.206017 -0.924640
v 5.907627 3.509479 -0.101243
v 5.937878 3.509480 -0.266084
v 5.926408 3.509479 -0.434726
v 6.521271 4.982549 0.732635
v 6.489346 4.975443 0.535525
v 6.393352 4.804957 0.496232
v 6.364966 4.700474 0.664220
v 6.444263 4.814670 0.808515
v 16.007732 3.509479 -1.028301
v 16.025280 3.509480 -0.846100
v 16.068714 3.509479 -0.670998
v 15.987084 3.509479 1.132439
v 15.928131 3.509480 1.296734
v 15.899986 3.509479 1.468186
v 15.163938 5.059253 -1.662608
v 15.266386 4.888017 -1.669538
v 15.253565 4.794553 -1.846356
v 15.148116 4.839071 -2.016084
v 15.048672 5.011321 -1.994518
v 15.059287 5.115727 -1.822947
v 15.441117 5.096812 0.442033
v 15.542247 4.924979 0.436234
v 15.590954 4.862949 0.249568
v 15.547338 4.949208 0.074833
v 15.445942 5.120685 0.088304
v 15.396521 5.188835 0.269067
v 15.147575 4.707887 2.173972
v 15.266642 4.599004 2.056237
v 15.295429 4.695537 1.883964
v 15.192894 4.866566 1.896885
v 15.102673 4.875127 2.074652
v 14.296512 6.411496 -0.495904
v 14.346216 6.343051 -0.676719
v 14.241566 6.399526 -0.837058
v 14.087212 6.524445 -0.816581
v 14.037507 6.592890 -0.635766
v 14.142157 6.536416 -0.475427
v 12.586586 7.310266 0.788106
v 12.775226 7.245845 0.782594
v 12.865459 7.237319 0.604838
v 12.760651 7.293892 0.444520
v 12.570630 7.359504 0.449967
v 12.480743 7.367913 0.627331
v 14.174641 6.197843 1.646121
v 14.330560 6.072399 1.626228
v 14.420860 6.063481 1.448758
v 14.348804 6.181642 1.302576
v 14.194587 6.306456 1.322670
v 14.104511 6.314882 1.500405
v 8.404417 6.663288 -1.516773
v 8.410631 6.595387 -1.704391
v 8.266897 6.474192 -1.771488
v 8.116949 6.420899 -1.650968
v 8.110736 6.488801 -1.463351
v 8.254470 6.609996 -1.396253
v 7.567503 6.280487 0.612393
v 7.681716 6.395149 0.495889
v 7.650151 6.388312 0.298990
v 7.506289 6.267050 0.232012
v 7.390576 6.151843 0.349401
v 7.422203 6.158733 0.545770
v 9.368555 7.350411 0.285189
v 9.519682 7.404918 0.164226
v 9.488588 7.398068 -0.032537
v 9.307239 7.337151 -0.095182
v 9.157280 7.283757 0.024930
v 9.188972 7.290663 0.221709
v 6.302343 3.509479 1.925225
v 6.263227 3.509480 1.758894
v 6.184088 3.509479 1.615422
v 15.121922 3.509479 3.003486
v 15.002327 3.509480 3.124804
v 14.910435 3.509479 3.271873
v 14.014022 4.995327 3.362275
v 14.131705 5.056786 3.212729
v 14.087715 5.223557 3.112581
v 13.925261 5.326474 3.172147
v 13.806385 5.274074 3.323436
v 13.855901 5.105546 3.416713
v 12.397260 6.572063 2.802113
v 12.586135 6.507710 2.796259
v 12.704880 6.560396 2.644691
v 12.634750 6.677436 2.498975
v 12.445875 6.741790 2.504828
v 12.327129 6.689103 2.656397
v 12.124430 5.061978 4.328938
v 12.265138 5.165763 4.230830
v 12.228033 5.334204 4.130884
v 12.038713 5.398307 4.137224
v 11.890359 5.306783 4.237508
v 11.940722 5.140012 4.332942
v 10.691785 7.319854 1.717138
v 10.888881 7.317300 1.748100
v 11.007555 7.370077 1.596383
v 10.942075 7.426271 1.414732
v 10.745255 7.428773 1.383353
v 10.626302 7.374842 1.536756
v 10.398245 6.216541 3.507191
v 10.595098 6.213597 3.538323
v 10.709019 6.329364 3.419398
v 10.639298 6.446309 3.273698
v 10.442204 6.448841 3.242724
v 10.328571 6.334119 3.359896
v 10.475383 4.882807 4.560265
v 10.436265 5.052338 4.462597
v 10.238788 5.054568 4.431943
v 10.168214 4.886082 4.512001
v 10.312058 4.770576 4.592023
v 8.915819 6.615572 2.257620
v 9.029918 6.730309 2.140718
v 8.964435 6.785297 1.960336
v 8.784852 6.725549 1.896856
v 8.670753 6.610811 2.013758
v 8.736237 6.555822 2.194140
v 7.303353 5.186726 2.389440
v 7.384384 5.354710 2.319267
v 7.318106 5.409329 2.138537
v 7.179034 5.309791 2.032738
v 7.105854 5.144069 2.115502
v 7.168639 5.073359 2.291769
v 8.847927 5.178500 3.848573
v 8.930525 5.344009 3.774605
v 8.820698 5.438239 3.634188
v 8.641335 5.378771 3.570486
v 8.573253 5.210825 3.653454
v 8.673882 5.100610 3.789411
v 7.546328 3.509479 3.681898
v 7.444852 3.509480 3.545889
v 7.309798 3.509479 3.445733
v 9.379085 3.509479 4.801289
v 9.239080 3.509480 4.720585
v 9.075530 3.509479 4.685370
v 11.434292 3.509479 5.051979
v 11.267288 3.509480 5.037898
v 11.107753 3.509479 5.071650
v 13.495974 3.509479 4.407288
v 13.335053 3.509480 4.466628
v 13.194546 3.509479 4.564790
v 9.601707 3.599702 -5.154660
v 9.416057 3.597872 -5.117159
v 8.781225 4.574065 -4.495000
v 8.995048 4.678438 -4.540939
v 9.778757 3.601531 -5.213934
v 10.433472 4.930794 -4.798951
v 10.668523 4.869082 -4.854797
v 11.836280 3.604727 -5.265816
v 11.647291 3.604518 -5.306729
v 10.888443 4.967195 -4.808125
v 12.028884 3.604936 -5.245930
v 12.635291 4.945622 -4.534827
v 12.856892 4.844768 -4.512509
v 13.928880 3.599452 -4.476933
v 13.773913 3.601012 -4.588855
v 13.067062 4.899439 -4.387066
v 14.098248 3.597892 -4.377451
v 14.347601 4.614276 -3.705121
v 14.536663 4.510838 -3.594766
v 8.752977 4.880967 -4.312160
v 8.626591 4.689534 -4.352058
v 7.589211 5.036094 -3.341396
v 7.696764 5.236307 -3.281726
v 8.964940 4.873965 -4.419988
v 9.185352 6.119521 -3.553236
v 9.401740 6.111826 -3.663622
v 10.436780 5.133234 -4.683440
v 7.834950 3.598840 -4.308041
v 7.697274 3.599894 -4.181627
v 10.639318 5.248651 -4.632285
v 9.577351 6.255221 -3.584479
v 10.857523 5.168944 -4.691706
v 11.393314 6.523009 -3.546137
v 11.614306 6.442963 -3.606029
v 12.635080 5.146731 -4.413695
v 12.826572 5.221617 -4.289907
v 11.808340 6.517827 -3.481221
v 13.032156 5.101403 -4.277160
v 13.542546 6.205760 -2.964128
v 13.730047 6.057217 -2.987112
v 14.346937 4.806973 -3.577934
v 14.645047 4.619069 -3.408997
v 14.514912 4.809930 -3.410976
v 15.214464 5.143464 -2.105797
v 15.329031 4.942233 -2.135243
v 15.444335 3.599597 -2.969576
v 15.344217 3.598248 -3.137605
v 13.902084 6.061080 -2.815482
v 7.544679 3.600947 -4.077552
v 7.404650 4.975561 -3.184944
v 15.557609 3.600945 -2.818494
v 15.456255 4.888317 -1.926266
v 13.877798 6.212191 -2.630442
v 13.690351 6.362023 -2.608201
v 14.209109 6.719879 -0.880757
v 14.396655 6.568099 -0.905630
v 15.225649 5.268226 -1.902606
v 13.517929 6.358679 -2.779770
v 11.781394 6.672729 -3.296532
v 12.456042 7.364832 -1.732415
v 12.628438 7.368281 -1.560691
v 11.560398 6.752766 -3.236652
v 11.366352 6.677911 -3.361450
v 10.263482 7.392333 -2.075170
v 10.457565 7.466188 -1.953283
v 12.235525 7.443877 -1.675403
v 9.547989 6.408367 -3.400605
v 12.570862 7.450469 -1.341811
v 12.351574 7.530331 -1.285986
v 12.630316 7.591061 0.444709
v 12.857044 7.512690 0.433881
v 14.148718 6.803042 -0.661055
v 12.179523 7.526992 -1.457182
v 10.447221 7.548717 -1.727821
v 11.131778 7.850842 -0.408269
v 11.301498 7.854140 -0.239366
v 9.331407 6.416498 -3.289933
v 9.156108 6.271194 -3.368915
v 8.144306 6.646236 -1.883489
v 8.318950 6.793489 -1.801973
v 10.046909 7.400446 -1.964489
v 7.627800 5.363173 -3.090907
v 10.230732 7.556840 -1.617686
v 10.037066 7.482139 -1.738093
v 9.224072 7.558196 -0.133897
v 9.439034 7.630993 -0.054886
v 10.918719 7.858923 -0.299251
v 8.311394 6.875990 -1.574005
v 11.193330 7.864259 -0.025954
v 10.956753 7.867214 -0.062964
v 10.720083 7.663548 1.421512
v 10.960093 7.660505 1.459648
v 12.520682 7.601316 0.661036
v 9.477065 7.639353 0.185006
v 7.446050 5.296028 -2.947137
v 7.962114 6.581481 -1.737059
v 7.326324 5.094845 -2.987912
v 6.370741 3.606454 -2.604952
v 6.303678 3.605696 -2.437968
v 6.521111 5.168921 -1.400177
v 6.633391 5.372051 -1.343610
v 6.205214 3.604937 -2.286791
v 6.404590 5.058871 -1.211544
v 6.627546 5.456429 -1.117886
v 6.509018 5.345278 -0.940881
v 7.206985 6.305134 0.351444
v 7.343469 6.440773 0.207776
v 7.954566 6.663986 -1.509094
v 6.393034 5.143201 -0.981134
v 5.705349 3.602616 -0.450382
v 5.715819 3.600492 -0.279609
v 6.177782 4.909310 0.484792
v 6.291378 5.109291 0.542322
v 5.684568 3.598368 -0.112636
v 6.149261 4.790067 0.697963
v 6.329324 5.116963 0.779548
v 6.242067 4.920293 0.882327
v 6.904421 5.250689 2.190158
v 6.998297 5.451129 2.099751
v 7.245558 6.313537 0.590951
v 5.975736 3.599777 1.694301
v 6.055638 3.600774 1.838617
v 16.242598 3.605096 -0.883202
v 16.223799 3.605542 -1.071585
v 15.475999 4.997571 -1.709699
v 16.287285 3.604649 -0.701918
v 15.758204 5.058316 0.040853
v 15.808327 4.956789 0.259089
v 16.143806 3.599972 1.351960
v 16.203259 3.601989 1.182403
v 15.751740 5.030018 0.487821
v 16.115160 3.597954 1.528674
v 15.504421 4.798558 1.940812
v 15.462676 4.688272 2.154274
v 15.352345 5.198561 -1.710401
v 14.523811 6.499478 -0.710818
v 15.638289 5.260849 0.064959
v 15.633024 5.232687 0.486330
v 15.577789 5.344568 0.281933
v 14.515438 6.351242 1.329878
v 14.598755 6.212248 1.507334
v 15.381695 4.997025 1.964375
v 14.463411 6.582647 -0.491119
v 15.319984 4.812375 2.303907
v 15.274029 5.006258 2.177680
v 14.242435 5.361954 3.231366
v 14.301659 5.162206 3.345154
v 15.176765 3.600474 3.262877
v 15.298817 3.599542 3.139070
v 14.488712 6.223015 1.723753
v 14.275864 6.734431 -0.466229
v 14.328971 6.501163 1.356952
v 12.981285 7.445024 0.629098
v 12.643442 7.532762 0.855489
v 11.042351 7.593411 1.675052
v 12.871262 7.455400 0.845912
v 12.499384 6.957340 2.593406
v 12.728878 6.879148 2.586292
v 14.219106 6.511437 1.573748
v 14.301743 6.371140 1.751433
v 12.814076 6.736941 2.763348
v 14.048871 5.487604 3.298775
v 8.129202 6.811243 -1.427556
v 9.044676 7.494315 0.013465
v 7.516504 6.586367 0.291353
v 7.418598 6.457242 0.674537
v 7.165715 5.573908 2.222010
v 7.555036 6.594724 0.531492
v 8.534892 6.790419 2.094094
v 8.673524 6.929836 1.952036
v 9.083340 7.502740 0.253487
v 9.299297 7.574486 0.332846
v 8.891720 7.002429 2.029171
v 10.574610 7.599258 1.601893
v 6.095516 3.601770 2.005792
v 6.987673 5.168225 2.409887
v 15.082417 3.601407 3.412435
v 14.151460 5.089962 3.529670
v 13.955648 5.218046 3.603487
v 13.437052 3.606249 4.661606
v 13.598867 3.606820 4.601515
v 13.907539 5.420092 3.483084
v 12.669806 6.672920 2.947512
v 12.307154 5.481055 4.301812
v 12.363991 5.277692 4.418357
v 12.440318 6.751119 2.954613
v 12.355093 6.893332 2.777563
v 10.643698 6.647048 3.403429
v 10.730624 6.506667 3.578689
v 12.078898 5.562597 4.306548
v 10.896764 7.530200 1.856529
v 12.182158 5.156615 4.537390
v 11.953272 5.247412 4.547034
v 11.281516 3.600726 5.259830
v 11.448646 3.602554 5.273151
v 13.295650 3.605678 4.760519
v 11.905098 5.448915 4.429071
v 10.590956 6.370369 3.718920
v 10.428129 5.188701 4.658642
v 10.487807 4.988379 4.775116
v 10.656370 7.533296 1.818792
v 8.971291 6.935622 2.248337
v 10.403312 6.650124 3.365681
v 10.350925 6.373843 3.681045
v 10.263707 6.512496 3.505672
v 8.734770 5.604100 3.783797
v 8.861351 5.486893 3.953207
v 10.189916 5.191153 4.621770
v 8.832648 6.796209 2.390375
v 10.278636 4.860306 4.807203
v 11.121855 3.598897 5.294342
v 10.092378 4.992187 4.713123
v 8.772903 5.286068 4.049364
v 9.158947 3.600986 4.927922
v 9.298138 3.599523 5.008957
v 8.614446 6.723598 2.313267
v 8.517059 5.527346 3.710037
v 7.242553 5.502939 2.441356
v 7.153641 5.299961 2.538532
v 7.154692 3.606921 3.601404
v 7.289285 3.606586 3.701308
v 8.423080 5.323725 3.802295
v 8.556208 5.195480 3.970496
v 8.996209 3.602448 4.892375
v 7.390301 3.606251 3.837065
v 16.878521 0.132785 -0.931064
v 16.660494 0.132785 -1.839204
v 16.303089 0.132785 -2.702057
v 15.815104 0.132785 -3.498377
v 15.208557 0.132785 -4.208553
v 14.498380 0.132785 -4.815103
v 13.702061 0.132785 -5.303088
v 12.839209 0.132785 -5.660493
v 11.931068 0.132785 -5.878517
v 11.000002 0.132785 -5.951795
v 10.068936 0.132785 -5.878517
v 9.160797 0.132785 -5.660493
v 8.297944 0.132785 -5.303088
v 7.501625 0.132785 -4.815104
v 6.791449 0.132785 -4.208554
v 6.184899 0.132785 -3.498378
v 5.696914 0.132785 -2.702059
v 5.339509 0.132785 -1.839206
v 5.121484 0.132785 -0.931067
v 5.048208 0.132785 -0.000001
v 5.121484 0.132785 0.931065
v 5.339509 0.132785 1.839204
v 5.696913 0.132785 2.702057
v 6.184898 0.132785 3.498375
v 6.791448 0.132785 4.208552
v 7.501624 0.132785 4.815101
v 8.297943 0.132785 5.303087
v 9.160795 0.132785 5.660491
v 10.068934 0.132785 5.878515
v 11.000000 0.132785 5.951793
v 11.931066 0.132785 5.878515
v 12.839206 0.132785 5.660491
v 13.702058 0.132785 5.303087
v 14.498376 0.132785 4.815102
v 15.208553 0.132785 4.208552
v 15.815102 0.132785 3.498376
v 16.303087 0.132785 2.702057
v 16.660492 0.132785 1.839205
v 16.878515 0.132785 0.931065
v 16.951792 0.132785 0.000000
v 16.878521 3.423933 -0.931064
v 16.516262 3.789576 -0.873689
v 16.660494 3.423934 -1.839204
v 16.311672 3.789576 -1.725865
v 16.303089 3.423934 -2.702057
v 15.976293 3.789576 -2.535546
v 15.815104 3.423934 -3.498377
v 15.518379 3.789576 -3.282793
v 15.208557 3.423934 -4.208553
v 14.949209 3.789576 -3.949206
v 14.498380 3.423934 -4.815103
v 14.282796 3.789576 -4.518376
v 13.702061 3.423934 -5.303088
v 13.535549 3.789576 -4.976291
v 12.839209 3.423934 -5.660493
v 12.725869 3.789576 -5.311671
v 11.931068 3.423934 -5.878517
v 11.873693 3.789576 -5.516261
v 11.000002 3.423934 -5.951795
v 11.000002 3.789576 -5.585022
v 10.068936 3.423934 -5.878517
v 10.126312 3.789576 -5.516261
v 9.160797 3.423934 -5.660493
v 9.274136 3.789576 -5.311671
v 8.297944 3.423934 -5.303088
v 8.464457 3.789576 -4.976291
v 7.501625 3.423934 -4.815104
v 7.717209 3.789576 -4.518377
v 6.791449 3.423934 -4.208554
v 7.050796 3.789576 -3.949207
v 6.184899 3.423934 -3.498378
v 6.481625 3.789576 -3.282794
v 5.696914 3.423934 -2.702059
v 6.023711 3.789576 -2.535547
v 5.339509 3.423934 -1.839206
v 5.688331 3.789576 -1.725867
v 5.121484 3.423934 -0.931067
v 5.483742 3.789576 -0.873691
v 5.048208 3.423934 -0.000001
v 5.414982 3.789576 -0.000001
v 5.121484 3.423934 0.931065
v 5.483742 3.789576 0.873689
v 5.339509 3.423934 1.839204
v 5.688331 3.789576 1.725865
v 5.696913 3.423934 2.702057
v 6.023711 3.789576 2.535545
v 6.184898 3.423934 3.498375
v 6.481625 3.789576 3.282792
v 6.791448 3.423934 4.208552
v 7.050795 3.789576 3.949204
v 7.501624 3.423934 4.815101
v 7.717208 3.789576 4.518375
v 8.297943 3.423934 5.303087
v 8.464455 3.789576 4.976289
v 9.160795 3.423934 5.660491
v 9.274135 3.789576 5.311670
v 10.068934 3.423934 5.878515
v 10.126310 3.789576 5.516259
v 11.000000 3.423934 5.951793
v 11.000000 3.789576 5.585019
v 11.931066 3.423934 5.878515
v 11.873690 3.789576 5.516259
v 12.839206 3.423934 5.660491
v 12.725866 3.789576 5.311670
v 13.702058 3.423934 5.303087
v 13.535546 3.789576 4.976289
v 14.498376 3.423934 4.815102
v 14.282793 3.789576 4.518376
v 15.208553 3.423934 4.208552
v 14.949205 3.789576 3.949205
v 15.815102 3.423934 3.498376
v 15.518376 3.789576 3.282792
v 16.303087 3.423934 2.702057
v 15.976289 3.789576 2.535546
v 16.660492 3.423934 1.839205
v 16.311668 3.789576 1.725866
v 16.878515 3.423934 0.931065
v 16.516258 3.789576 0.873690
v 16.951792 3.423934 0.000000
v 16.585018 3.789576 -0.000001
v 16.104992 3.789576 -1.658711
v 16.301620 3.789576 -0.839694
v 15.782662 3.789576 -2.436886
v 15.342567 3.789576 -3.155058
v 14.795544 3.789576 -3.795540
v 14.155060 3.789576 -4.342564
v 13.436890 3.789576 -4.782660
v 12.658714 3.789576 -5.104991
v 11.839697 3.789576 -5.301620
v 11.000002 3.789576 -5.367706
v 10.160308 3.789576 -5.301620
v 9.341290 3.789576 -5.104991
v 8.563116 3.789576 -4.782661
v 7.844944 3.789576 -4.342565
v 7.204462 3.789576 -3.795541
v 6.657437 3.789576 -3.155058
v 6.217341 3.789576 -2.436888
v 5.895010 3.789576 -1.658713
v 5.698383 3.789576 -0.839695
v 5.632298 3.789576 -0.000001
v 5.698383 3.789576 0.839693
v 5.895010 3.789576 1.658711
v 6.217341 3.789576 2.436885
v 6.657437 3.789576 3.155057
v 7.204461 3.789576 3.795539
v 7.844943 3.789576 4.342563
v 8.563114 3.789576 4.782659
v 9.341289 3.789576 5.104990
v 10.160307 3.789576 5.301618
v 11.000000 3.789576 5.367703
v 11.839694 3.789576 5.301618
v 12.658712 3.789576 5.104990
v 13.436887 3.789576 4.782659
v 14.155058 3.789576 4.342564
v 14.795540 3.789576 3.795539
v 15.342564 3.789576 3.155057
v 15.782660 3.789576 2.436887
v 16.104990 3.789576 1.658712
v 16.301617 3.789576 0.839694
v 16.367702 3.789576 -0.000001
v 11.000001 4.072792 0.000000
v 15.969912 4.072792 -1.614821
v 16.104992 3.931198 -1.658711
v 16.301620 3.931198 -0.839694
v 16.161339 4.072791 -0.817475
v 15.656111 4.072792 -2.372405
v 15.782662 3.931198 -2.436886
v 15.227661 4.072792 -3.071574
v 15.342567 3.931198 -3.155058
v 14.695112 4.072792 -3.695109
v 14.795544 3.931198 -3.795540
v 14.071576 4.072792 -4.227658
v 14.155060 3.931198 -4.342564
v 13.372409 4.072792 -4.656110
v 13.436890 3.931198 -4.782660
v 12.614824 4.072792 -4.969911
v 12.658714 3.931198 -5.104991
v 11.817478 4.072792 -5.161337
v 11.839697 3.931198 -5.301620
v 11.000002 4.072792 -5.225675
v 11.000002 3.931198 -5.367706
v 10.182527 4.072792 -5.161337
v 10.160308 3.931198 -5.301620
v 9.385180 4.072792 -4.969911
v 9.341290 3.931198 -5.104991
v 8.627596 4.072792 -4.656110
v 8.563116 3.931198 -4.782661
v 7.928428 4.072792 -4.227659
v 7.844944 3.931198 -4.342565
v 7.304893 4.072792 -3.695110
v 7.204462 3.931198 -3.795541
v 6.772343 4.072792 -3.071575
v 6.657437 3.931198 -3.155059
v 6.343892 4.072792 -2.372407
v 6.217341 3.931198 -2.436888
v 6.030090 4.072792 -1.614823
v 5.895010 3.931198 -1.658713
v 5.838665 4.072792 -0.817477
v 5.698383 3.931198 -0.839695
v 5.774329 4.072792 -0.000001
v 5.632298 3.931198 -0.000001
v 5.838665 4.072792 0.817475
v 5.698383 3.931198 0.839693
v 6.030090 4.072792 1.614821
v 5.895010 3.931198 1.658711
v 6.343892 4.072792 2.372405
v 6.217341 3.931198 2.436885
v 6.772343 4.072792 3.071573
v 6.657437 3.931198 3.155057
v 7.304892 4.072792 3.695107
v 7.204461 3.931198 3.795539
v 7.928427 4.072792 4.227657
v 7.844943 3.931198 4.342563
v 8.627595 4.072792 4.656108
v 8.563114 3.931198 4.782659
v 9.385179 4.072792 4.969910
v 9.341289 3.931198 5.104990
v 10.182525 4.072792 5.161335
v 10.160307 3.931198 5.301618
v 11.000000 4.072792 5.225672
v 11.000000 3.931198 5.367703
v 11.817475 4.072792 5.161335
v 11.839694 3.931198 5.301618
v 12.614822 4.072792 4.969910
v 12.658712 3.931198 5.104990
v 13.372406 4.072792 4.656108
v 13.436887 3.931198 4.782659
v 14.071573 4.072792 4.227658
v 14.155058 3.931198 4.342564
v 14.695108 4.072792 3.695108
v 14.795540 3.931198 3.795539
v 15.227658 4.072792 3.071573
v 15.342564 3.931198 3.155057
v 15.656108 4.072792 2.372406
v 15.782660 3.931198 2.436887
v 15.969910 4.072792 1.614822
v 16.104990 3.931198 1.658712
v 16.161335 4.072792 0.817475
v 16.301617 3.931198 0.839694
v 16.225672 4.072792 -0.000001
v 16.367702 3.931198 -0.000001
vt 0.053745 0.617197
vt 0.489802 0.380174
vt 0.318929 0.211784
vt 0.327400 0.127594
vt 0.143127 0.624964
vt 0.255402 0.734454
vt 0.293518 0.489990
vt 0.987857 0.573602
vt 0.252868 0.558618
vt 0.886673 0.576702
vt 0.307477 0.633134
vt 0.263872 0.582485
vt 0.458687 0.752437
vt 0.859599 0.749321
vt 0.185013 0.621849
vt 0.362509 0.737840
vt 0.657447 0.068176
vt 0.414646 0.753680
vt 0.447889 0.765318
vt 0.303646 0.711294
vt 0.430452 0.764523
vt 0.126174 0.646270
vt 0.406613 0.135349
vt 0.947434 0.686171
vt 0.086102 0.065326
vt 0.133730 0.105121
vt 0.196110 0.580512
vt 0.354923 0.211359
vt 0.311278 0.748980
vt 0.210531 0.762237
vt 0.127429 0.105252
vt 0.976004 0.518702
vt 0.577270 0.443104
vt 0.828420 0.126684
vt 0.903373 0.424760
vt 0.562175 0.489156
vt 0.822906 0.123503
vt 0.989795 0.635135
vt 0.873437 0.543006
vt 0.213986 0.700591
vt 0.856787 0.694806
vt 0.865257 0.093897
vt 0.153911 0.653658
vt 0.373985 0.580389
vt 0.333420 0.050745
vt 0.234615 0.603981
vt 0.447876 0.731161
vt 0.386732 0.515381
vt 0.151274 0.571217
vt 0.305508 0.473569
vt 0.106014 0.642609
vt 0.327399 0.048105
vt 0.204581 0.706134
vt 0.407866 0.440713
vt 0.446007 0.203658
vt 0.980682 0.241276
vt 0.875376 0.765189
vt 0.094468 0.527843
vt 0.989742 0.342764
vt 0.941489 0.433402
vt 0.009766 0.054313
vt 0.989672 0.410272
vt 0.875007 0.208006
vt 0.035176 0.534391
vt 0.974439 0.101532
vt 0.069057 0.483526
vt 0.124114 0.110641
vt 0.600497 0.400659
vt 0.213051 0.650176
vt 0.102938 0.693313
vt 0.157075 0.139104
vt 0.467168 0.394162
vt 0.714080 0.154419
vt 0.971135 0.106904
vt 0.916079 0.709297
vt 0.153759 0.754141
vt 0.056981 0.359235
vt 0.839847 0.481837
vt 0.357044 0.396412
vt 0.521161 0.436457
vt 0.645136 0.078779
vt 0.403631 0.140876
vt 0.075001 0.680061
vt 0.081823 0.348314
vt 0.255403 0.745025
vt 0.907609 0.756497
vt 0.035176 0.703193
vt 0.517979 0.441970
vt 0.363309 0.727248
vt 0.013460 0.087814
vt 0.009766 0.601874
vt 0.842875 0.543022
vt 0.515042 0.121334
vt 0.115684 0.460394
vt 0.213059 0.536595
vt 0.251192 0.190687
vt 0.162233 0.541470
vt 0.709500 0.459996
vt 0.694781 0.290957
vt 0.858856 0.331689
vt 0.917763 0.315189
vt 0.633443 0.288525
vt 0.437018 0.473820
vt 0.399396 0.071748
vt 0.136829 0.720747
vt 0.323164 0.676873
vt 0.941489 0.753588
vt 0.268116 0.430567
vt 0.390950 0.726404
vt 0.988355 0.558747
vt 0.655396 0.307066
vt 0.920314 0.035825
vt 0.354538 0.653665
vt 0.295103 0.250807
vt 0.323164 0.643020
vt 0.430785 0.686407
vt 0.667847 0.180050
vt 0.877963 0.304592
vt 0.440619 0.009936
vt 0.407868 0.576995
vt 0.364154 0.643043
vt 0.950654 0.624781
vt 0.308406 0.344581
vt 0.674753 0.354970
vt 0.924563 0.560207
vt 0.359118 0.580607
vt 0.035176 0.568153
vt 0.187640 0.737883
vt 0.235904 0.657811
vt 0.235858 0.549154
vt 0.049248 0.730648
vt 0.896974 0.669221
vt 0.981144 0.764335
vt 0.407866 0.633648
vt 0.128349 0.526279
vt 0.974317 0.241277
vt 0.450224 0.371794
vt 0.009766 0.680099
vt 0.316340 0.510352
vt 0.238461 0.750659
vt 0.691618 0.754360
vt 0.839850 0.694806
vt 0.971135 0.246790
vt 0.388914 0.009816
vt 0.890668 0.658601
vt 0.309892 0.593075
vt 0.713574 0.068914
vt 0.840022 0.282081
vt 0.410213 0.672343
vt 0.958437 0.461448
vt 0.450217 0.312954
vt 0.416336 0.344578
vt 0.153759 0.144493
vt 0.822906 0.424686
vt 0.839847 0.548548
vt 0.929418 0.543002
vt 0.009766 0.399349
vt 0.540432 0.410913
vt 0.285051 0.414929
vt 0.697154 0.763769
vt 0.534920 0.407730
vt 0.543389 0.161232
vt 0.251167 0.335280
vt 0.852552 0.532420
vt 0.056982 0.443665
vt 0.379552 0.750938
vt 0.437512 0.015443
vt 0.116278 0.510986
vt 0.666207 0.443098
vt 0.467157 0.261328
vt 0.835612 0.366028
vt 0.913150 0.765903
vt 0.183405 0.411322
vt 0.555815 0.499730
vt 0.917926 0.285526
vt 0.983764 0.009815
vt 0.913917 0.559855
vt 0.716687 0.063179
vt 0.589994 0.453830
vt 0.090233 0.257836
vt 0.919695 0.270595
vt 0.822906 0.541288
vt 0.539154 0.290102
vt 0.977076 0.376568
vt 0.142746 0.257385
vt 0.373985 0.413272
vt 0.493845 0.294086
vt 0.151554 0.558841
vt 0.221523 0.750661
vt 0.882045 0.154619
vt 0.390925 0.440717
vt 0.115490 0.009815
vt 0.983860 0.669413
vt 0.429041 0.246893
vt 0.982024 0.279178
vt 0.405704 0.277317
vt 0.390925 0.709520
vt 0.009780 0.652593
vt 0.170708 0.672732
vt 0.958430 0.753621
vt 0.111408 0.527840
vt 0.183405 0.417687
vt 0.666207 0.426238
vt 0.263872 0.683845
vt 0.896206 0.765905
vt 0.047863 0.009815
vt 0.152631 0.067755
vt 0.102938 0.710163
vt 0.188918 0.420869
vt 0.569239 0.119488
vt 0.580974 0.144747
vt 0.051685 0.036490
vt 0.666277 0.268071
vt 0.615386 0.268095
vt 0.611409 0.116903
vt 0.069064 0.314451
vt 0.839847 0.566113
vt 0.314693 0.440723
vt 0.988502 0.535559
vt 0.125021 0.280593
vt 0.665177 0.257466
vt 0.399396 0.193276
vt 0.162211 0.062182
vt 0.986918 0.298271
vt 0.417928 0.208158
vt 0.166346 0.128230
vt 0.060603 0.766547
vt 0.255463 0.728157
vt 0.050906 0.176155
vt 0.136916 0.666188
vt 0.108357 0.625714
vt 0.110002 0.608813
vt 0.986336 0.609374
vt 0.263969 0.576189
vt 0.865941 0.184718
vt 0.264369 0.626903
vt 0.380293 0.637016
vt 0.044955 0.753694
vt 0.304581 0.650014
vt 0.651328 0.478835
vt 0.714866 0.545354
vt 0.858242 0.271492
vt 0.319418 0.205575
vt 0.042506 0.274956
vt 0.624394 0.061975
vt 0.083835 0.737496
vt 0.863063 0.695096
vt 0.989594 0.641416
vt 0.840169 0.593450
vt 0.909645 0.425058
vt 0.975679 0.524972
vt 0.611460 0.352542
vt 0.056670 0.500675
vt 0.522664 0.307924
vt 0.302261 0.423861
vt 0.100733 0.528168
vt 0.421924 0.430125
vt 0.941835 0.427138
vt 0.202388 0.580778
vt 0.947060 0.692441
vt 0.026961 0.713786
vt 0.057685 0.433077
vt 0.975370 0.507788
vt 0.577588 0.436837
vt 0.524246 0.377931
vt 0.285048 0.403997
vt 0.035501 0.528126
vt 0.989356 0.416539
vt 0.869497 0.430789
vt 0.069383 0.477254
vt 0.397198 0.636202
vt 0.987184 0.592483
vt 0.916452 0.703032
vt 0.873820 0.719941
vt 0.047612 0.295600
vt 0.119888 0.645931
vt 0.253240 0.612890
vt 0.696210 0.158892
vt 0.662480 0.453761
vt 0.168528 0.541498
vt 0.715757 0.308002
vt 0.852577 0.331275
vt 0.989155 0.450299
vt 0.318609 0.150538
vt 0.942003 0.552501
vt 0.390925 0.720108
vt 0.379524 0.447020
vt 0.899607 0.635435
vt 0.431111 0.630105
vt 0.213059 0.326134
vt 0.204674 0.733794
vt 0.456964 0.175939
vt 0.065308 0.636379
vt 0.219359 0.594471
vt 0.354881 0.457605
vt 0.010133 0.477526
vt 0.035276 0.561859
vt 0.529885 0.177422
vt 0.352929 0.625437
vt 0.168538 0.598900
vt 0.714865 0.725941
vt 0.264231 0.609952
vt 0.102942 0.759780
vt 0.862368 0.684219
vt 0.246957 0.706074
vt 0.380263 0.580647
vt 0.274380 0.372072
vt 0.196118 0.569603
vt 0.342136 0.339763
vt 0.573110 0.500597
vt 0.586059 0.419970
vt 0.545429 0.349248
vt 0.134616 0.526604
vt 0.886439 0.430787
vt 0.456492 0.372118
vt 0.080885 0.585019
vt 0.916442 0.669311
vt 0.103192 0.687041
vt 0.594222 0.400389
vt 0.662299 0.470576
vt 0.473435 0.394481
vt 0.176967 0.338840
vt 0.022818 0.376226
vt 0.422602 0.344876
vt 0.069375 0.426554
vt 0.187654 0.397313
vt 0.947770 0.461136
vt 0.016040 0.680355
vt 0.179188 0.608713
vt 0.846118 0.695155
vt 0.303314 0.717565
vt 0.966902 0.708838
vt 0.090556 0.585645
vt 0.242702 0.442032
vt 0.018236 0.575018
vt 0.852872 0.366010
vt 0.899448 0.515558
vt 0.357361 0.390145
vt 0.456492 0.430886
vt 0.056676 0.365501
vt 0.433276 0.462914
vt 0.357384 0.356435
vt 0.428164 0.504795
vt 0.373993 0.727581
vt 0.323412 0.670600
vt 0.349907 0.413274
vt 0.010091 0.511264
vt 0.274383 0.430886
vt 0.659091 0.375657
vt 0.911844 0.413938
vt 0.852876 0.526154
vt 0.645040 0.467849
vt 0.082036 0.392821
vt 0.185442 0.505539
vt 0.074748 0.686333
vt 0.318936 0.624736
vt 0.035551 0.696929
vt 0.880035 0.661098
vt 0.655668 0.193246
vt 0.323765 0.636856
vt 0.484099 0.270820
vt 0.891208 0.705889
vt 0.988632 0.743072
vt 0.346368 0.687820
vt 0.085998 0.726626
vt 0.309566 0.599343
vt 0.291315 0.415276
vt 0.929093 0.549267
vt 0.704330 0.400431
vt 0.697894 0.487769
vt 0.069376 0.409684
vt 0.134625 0.409960
vt 0.829166 0.541612
vt 0.433276 0.404071
vt 0.976680 0.382824
vt 0.431075 0.573748
vt 0.357044 0.726873
vt 0.314693 0.727031
vt 0.829181 0.424958
vt 0.128354 0.515370
vt 0.010085 0.393082
vt 0.941807 0.393420
vt 0.852559 0.430774
vt 0.145289 0.558515
vt 0.374302 0.407005
vt 0.924549 0.472690
vt 0.151562 0.454131
vt 0.391180 0.703254
vt 0.335869 0.625859
vt 0.176964 0.673156
vt 0.829179 0.695180
vt 0.187640 0.727056
vt 0.010088 0.595605
vt 0.841876 0.366373
vt 0.115954 0.517251
vt 0.010084 0.409946
vt 0.185445 0.280992
vt 0.319296 0.325114
vt 0.611425 0.386251
vt 0.117673 0.528164
vt 0.659089 0.409386
vt 0.666553 0.419974
vt 0.414137 0.577319
vt 0.430370 0.692665
vt 0.086243 0.670198
vt 0.693658 0.352754
vt 0.911844 0.530367
vt 0.666525 0.436831
vt 0.941808 0.359711
vt 0.400701 0.379542
vt 0.840172 0.559856
vt 0.200355 0.455958
vt 0.129684 0.382227
vt 0.844405 0.458695
vt 0.264127 0.677573
vt 0.390925 0.625022
vt 0.103311 0.703904
vt 0.989364 0.726172
vt 0.882982 0.633511
vt 0.878397 0.298313
vt 0.325237 0.336044
vt 0.273624 0.009817
vt 0.073795 0.274401
vt 0.988518 0.541851
vt 0.987107 0.264432
vt 0.399836 0.187001
vt 0.247871 0.280039
vt 0.214466 0.009823
vt 0.937757 0.292070
vt 0.244150 0.723205
vt 0.511582 0.272253
vt 0.853075 0.610347
vt 0.056136 0.635654
vt 0.353067 0.153369
vt 0.539721 0.138828
vt 0.371823 0.457608
vt 0.840299 0.644125
vt 0.119878 0.760028
vt 0.399396 0.055402
vt 0.907687 0.605542
vt 0.123384 0.297489
vt 0.062660 0.245211
vt 0.336335 0.271841
vt 0.035209 0.544979
vt 0.311234 0.052259
vt 0.399467 0.327265
vt 0.384842 0.311915
vt 0.829214 0.599077
vt 0.336317 0.288734
vt 0.153759 0.743504
vt 0.399396 0.277395
vt 0.333505 0.009815
vt 0.580827 0.138440
vt 0.314693 0.178586
vt 0.986824 0.291963
vt 0.166465 0.009815
vt 0.192745 0.053822
vt 0.060592 0.056825
vt 0.108783 0.033241
vt 0.104515 0.170579
vt 0.071332 0.132546
vt 0.340104 0.142799
vt 0.386653 0.142795
vt 0.060587 0.009799
vt 0.246330 0.053065
vt 0.124935 0.274285
vt 0.363397 0.101296
vt 0.822909 0.099789
vt 0.863526 0.074983
vt 0.523835 0.050446
vt 0.548641 0.009817
vt 0.353067 0.194476
vt 0.060587 0.170587
vt 0.132584 0.206841
vt 0.145504 0.243816
vt 0.221521 0.180099
vt 0.264972 0.180099
vt 0.501038 0.009815
vt 0.522214 0.086630
vt 0.545500 0.128132
vt 0.938749 0.215591
vt 0.916079 0.247537
vt 0.171781 0.206846
vt 0.716185 0.131109
vt 0.716183 0.084544
vt 0.568780 0.086621
vt 0.420571 0.061038
vt 0.443869 0.102539
vt 0.253899 0.142186
vt 0.961450 0.247535
vt 0.873728 0.009822
vt 0.896518 0.050445
vt 0.115643 0.051600
vt 0.167759 0.051592
vt 0.285048 0.009817
vt 0.674678 0.107823
vt 0.255402 0.073687
vt 0.302995 0.073693
vt 0.242665 0.132500
vt 0.219406 0.090996
vt 0.921321 0.009815
vt 0.146480 0.009771
vt 0.196110 0.132498
vt 0.933025 0.009800
vt 0.933019 0.057402
vt 0.442262 0.034707
vt 0.399401 0.009799
vt 0.907609 0.559940
vt 0.179170 0.143089
vt 0.207253 0.180341
vt 0.376695 0.191170
vt 0.408152 0.153390
vt 0.225756 0.009815
vt 0.869493 0.228507
vt 0.906480 0.254783
vt 0.467141 0.061024
vt 0.602076 0.061821
vt 0.577270 0.102438
vt 0.835612 0.107771
vt 0.858399 0.148380
vt 0.624863 0.102435
vt 0.822906 0.052186
vt 0.859908 0.195275
vt 0.822906 0.221558
vt 0.883205 0.107768
vt 0.630203 0.009766
vt 0.606916 0.051272
vt 0.583127 0.050445
vt 0.607932 0.009817
vt 0.112472 0.246957
vt 0.086214 0.209957
vt 0.973641 0.032604
vt 0.911844 0.117238
vt 0.959437 0.117238
vt 0.238461 0.091048
vt 0.261252 0.131656
vt 0.934628 0.076622
vt 0.280216 0.033063
vt 0.035176 0.186744
vt 0.061456 0.223748
vt 0.286054 0.091041
vt 0.553967 0.032191
vt 0.530684 0.073700
vt 0.454452 0.050435
vt 0.502054 0.050438
vt 0.073292 0.246962
vt 0.615386 0.203832
vt 0.628308 0.240825
vt 0.520796 0.244482
vt 0.484098 0.234324
vt 0.219498 0.143087
vt 0.477253 0.009807
vt 0.348574 0.072392
vt 0.389187 0.097207
vt 0.586434 0.258314
vt 0.609202 0.226638
vt 0.654587 0.203839
vt 0.890673 0.166963
vt 0.930923 0.143886
vt 0.389194 0.049614
vt 0.220912 0.039846
vt 0.196110 0.080466
vt 0.890668 0.669396
vt 0.564565 0.226631
vt 0.529880 0.130044
vt 0.492568 0.152724
vt 0.352809 0.580687
vt 0.890668 0.120390
vt 0.433934 0.134946
vt 0.416336 0.175937
vt 0.365515 0.153385
vt 0.615386 0.193243
vt 0.364046 0.636735
vt 0.568800 0.201982
vt 0.605805 0.214906
vt 0.859910 0.234465
vt 0.941489 0.191510
vt 0.980740 0.178927
vt 0.628606 0.156504
vt 0.605808 0.175709
vt 0.941490 0.152212
vt 0.272342 0.150553
vt 0.988269 0.552439
vt 0.145289 0.094689
vt 0.186797 0.117973
vt 0.653495 0.051280
vt 0.344347 0.056458
vt 0.387618 0.033057
vt 0.294930 0.109141
vt 0.186797 0.071403
vt 0.344339 0.009797
vt 0.649267 0.158898
vt 0.709423 0.453688
vt 0.498908 0.102539
vt 0.522198 0.061034
vt 0.906482 0.215586
vt 0.009766 0.234644
vt 0.048947 0.234645
vt 0.268107 0.202657
vt 0.307304 0.202665
vt 0.074373 0.186741
vt 0.560330 0.009815
vt 0.450217 0.131819
vt 0.497806 0.131819
vt 0.661972 0.233462
vt 0.701154 0.233460
vt 0.022694 0.197640
vt 0.475627 0.061028
vt 0.949960 0.204436
vt 0.986948 0.230711
vt 0.390925 0.124429
vt 0.437491 0.124422
vt 0.472996 0.091205
vt 0.294392 0.165656
vt 0.674898 0.196458
vt 0.945724 0.067992
vt 0.986341 0.090795
vt 0.297753 0.093801
vt 0.339260 0.117088
vt 0.577264 0.073703
vt 0.414207 0.082919
vt 0.873728 0.061021
vt 0.898530 0.101641
vt 0.009766 0.125713
vt 0.057354 0.125710
vt 0.986346 0.043192
vt 0.339262 0.070518
vt 0.032542 0.085097
vt 0.822906 0.032573
vt 0.863529 0.057389
vt 0.678913 0.179847
vt 0.715917 0.206126
vt 0.243703 0.080458
vt 0.105936 0.636301
vt 0.467162 0.157361
vt 0.467157 0.198593
vt 0.208831 0.263164
vt 0.243841 0.237526
vt 0.668264 0.120768
vt 0.715926 0.166918
vt 0.909108 0.173039
vt 0.886433 0.205007
vt 0.009769 0.245205
vt 0.009766 0.278721
vt 0.497900 0.175162
vt 0.653502 0.009819
vt 0.668583 0.045311
vt 0.931804 0.205011
vt 0.863537 0.009796
vt 0.098703 0.057419
vt 0.098709 0.105011
vt 0.949960 0.139084
vt 0.989568 0.162864
vt 0.139322 0.080198
vt 0.921330 0.061023
vt 0.085998 0.181171
vt 0.112273 0.218179
vt 0.208816 0.224260
vt 0.822906 0.271498
vt 0.354750 0.205053
vt 0.678913 0.264322
vt 0.714838 0.278745
vt 0.125195 0.181173
vt 0.986953 0.191507
vt 0.657351 0.061868
vt 0.688353 0.009815
vt 0.837440 0.147419
vt 0.822906 0.184718
vt 0.307404 0.626826
vt 0.989566 0.118059
vt 0.025919 0.136259
vt 0.009766 0.176155
vt 0.136819 0.625047
vt 0.714836 0.242846
vt 0.828777 0.238007
vt 0.666305 0.274573
vt 0.937254 0.298241
vt 0.196110 0.273748
vt 0.366125 0.210241
vt 0.035176 0.009815
vt 0.057959 0.314736
vt 0.129956 0.375952
vt 0.891322 0.464951
vt 0.613234 0.500932
vt 0.149524 0.062222
vt 0.611779 0.251028
vt 0.073292 0.280574
vt 0.319077 0.384453
vt 0.869493 0.287725
vt 0.450140 0.015486
vt 0.331634 0.504827
vt 0.918116 0.530693
vt 0.714391 0.443100
vt 0.117240 0.308077
vt 0.971135 0.009823
vt 0.714464 0.341904
vt 0.206622 0.456275
vt 0.081762 0.375967
vt 0.009766 0.314748
vt 0.467158 0.274058
vt 0.335869 0.322502
vt 0.009766 0.416213
vt 0.835617 0.414285
vt 0.274473 0.361138
vt 0.188917 0.408139
vt 0.568800 0.113025
vt 0.852552 0.616616
vt 0.204581 0.716913
vt 0.009943 0.669513
vt 0.958430 0.764126
vt 0.983840 0.708924
vt 0.160050 0.743565
vt 0.822913 0.643040
vt 0.472802 0.244268
vt 0.051686 0.025986
vt 0.613228 0.453692
vt 0.844082 0.464968
vt 0.206620 0.408082
vt 0.666270 0.341880
vt 0.221521 0.763064
vt 0.302076 0.333950
vt 0.930824 0.472963
vt 0.145315 0.501039
vt 0.630152 0.500924
vt 0.896213 0.753501
vt 0.674680 0.534668
vt 0.134627 0.515694
vt 0.057949 0.399362
vt 0.405228 0.339467
vt 0.543389 0.499744
vt 0.594286 0.335552
vt 0.611151 0.392526
vt 0.179637 0.327948
vt 0.069057 0.466665
vt 0.852272 0.548550
vt 0.142343 0.263901
vt 0.405643 0.327764
vt 0.335869 0.305683
vt 0.933019 0.281467
vt 0.869493 0.154620
vt 0.630160 0.453693
vt 0.145289 0.453809
vt 0.422169 0.413268
vt 0.545525 0.338279
vt 0.102938 0.009817
vt 0.308354 0.285751
vt 0.941489 0.399687
vt 0.858819 0.382866
vt 0.357047 0.345809
vt 0.534919 0.420461
vt 0.196110 0.338803
vt 0.069057 0.415951
vt 0.128349 0.457879
vt 0.985568 0.308858
vt 0.493846 0.281354
vt 0.835612 0.329863
vt 0.913870 0.606034
vt 0.073292 0.291276
vt 0.869530 0.270605
vt 0.555753 0.161252
vt 0.937375 0.308868
vt 0.128350 0.409686
vt 0.691618 0.534673
vt 0.964709 0.508084
vt 0.704323 0.063182
vt 0.649334 0.318613
vt 0.081762 0.399096
vt 0.179170 0.552453
vt 0.168506 0.530885
vt 0.913151 0.753489
vt 0.116278 0.466668
vt 0.179170 0.280729
vt 0.325201 0.277202
vt 0.268139 0.312956
vt 0.255402 0.757439
vt 0.009766 0.460637
vt 0.009766 0.517536
vt 0.268107 0.478751
vt 0.257505 0.383461
vt 0.379543 0.738523
vt 0.384062 0.328822
vt 0.687383 0.352483
vt 0.918121 0.483462
vt 0.331635 0.457596
vt 0.941491 0.766003
vt 0.869493 0.315189
vt 0.852552 0.372277
vt 0.248963 0.394120
vt 0.589977 0.324021
vt 0.530709 0.441970
vt 0.130016 0.348358
vt 0.651307 0.468166
vt 0.129956 0.399100
vt 0.697527 0.318588
vt 0.238461 0.190689
vt 0.964711 0.460854
vt 0.691622 0.487443
vt 0.117241 0.415963
vt 0.196139 0.290619
vt 0.238462 0.763073
vt 0.081828 0.325073
vt 0.193929 0.397583
vt 0.941489 0.508050
vt 0.829183 0.530704
vt 0.697163 0.751355
vt 0.450248 0.361207
vt 0.022471 0.382490
vt 0.416537 0.391793
vt 0.116274 0.443414
vt 0.515042 0.108542
vt 0.680946 0.488040
vt 0.424806 0.573426
vt 0.363317 0.687422
vt 0.822907 0.667353
vt 0.166552 0.144496
vt 0.930433 0.355447
vt 0.069057 0.432821
vt 0.193907 0.349390
vt 0.130021 0.325039
vt 0.433276 0.203656
vt 0.022472 0.325335
vt 0.335869 0.339453
vt 0.268107 0.419983
vt 0.869494 0.338507
vt 0.983866 0.246788
vt 0.414189 0.633898
vt 0.839847 0.650403
vt 0.126175 0.720749
vt 0.924585 0.720174
vt 0.981143 0.753641
vt 0.010092 0.730655
vt 0.109235 0.759904
vt 0.708561 0.764853
vt 0.236375 0.696665
vt 0.378220 0.009815
vt 0.301988 0.391981
vt 0.359129 0.625920
vt 0.162267 0.643075
vt 0.236329 0.593409
vt 0.316339 0.498498
vt 0.829165 0.483464
vt 0.941498 0.460810
vt 0.117250 0.432825
vt 0.882240 0.355402
vt 0.187640 0.749738
vt 0.229991 0.647262
vt 0.064822 0.642584
vt 0.213112 0.639592
vt 0.676798 0.400114
vt 0.875378 0.753510
vt 0.473470 0.335391
vt 0.539154 0.348981
vt 0.579307 0.453692
vt 0.340104 0.521644
vt 0.327412 0.059785
vt 0.303490 0.700687
vt 0.989405 0.719880
vt 0.839847 0.627206
vt 0.907609 0.624834
vt 0.920368 0.046397
vt 0.255402 0.246245
vt 0.899138 0.641710
vt 0.430315 0.726404
vt 0.143036 0.760342
vt 0.667848 0.169478
vt 0.606916 0.300654
vt 0.941489 0.558686
vt 0.941489 0.444010
vt 0.585744 0.290630
vt 0.411608 0.071772
vt 0.917685 0.321515
vt 0.350181 0.406999
vt 0.056996 0.517536
vt 0.056996 0.460641
vt 0.424806 0.473860
vt 0.645032 0.284796
vt 0.661972 0.459956
vt 0.246947 0.655978
vt 0.151715 0.614385
vt 0.415625 0.140902
vt 0.887067 0.481830
vt 0.899773 0.509285
vt 0.405228 0.396407
vt 0.638159 0.317687
vt 0.293518 0.473885
vt 0.202457 0.637076
vt 0.822915 0.694806
vt 0.193906 0.687486
vt 0.949960 0.658635
vt 0.153760 0.764310
vt 0.213087 0.690002
vt 0.916079 0.675576
vt 0.142764 0.693302
vt 0.862732 0.661021
vt 0.013459 0.077645
vt 0.081762 0.341992
vt 0.357044 0.362700
vt 0.009766 0.359387
vt 0.844087 0.448096
vt 0.983945 0.106904
vt 0.115669 0.500398
vt 0.987507 0.586214
vt 0.955889 0.709300
vt 0.100399 0.653197
vt 0.632326 0.078777
vt 0.840455 0.475555
vt 0.090233 0.591914
vt 0.263872 0.711292
vt 0.263887 0.666985
vt 0.136923 0.110642
vt 0.058020 0.348647
vt 0.291312 0.404344
vt 0.082392 0.534387
vt 0.891298 0.441702
vt 0.073292 0.065327
vt 0.407869 0.487933
vt 0.202383 0.569927
vt 0.335940 0.387711
vt 0.070729 0.325342
vt 0.714080 0.141631
vt 0.219421 0.650178
vt 0.390925 0.635982
vt 0.941489 0.586217
vt 0.069652 0.500397
vt 0.009842 0.067101
vt 0.416353 0.333991
vt 0.528934 0.308183
vt 0.350181 0.430129
vt 0.977043 0.325811
vt 0.875005 0.195275
vt 0.291413 0.297248
vt 0.517979 0.377614
vt 0.291322 0.356091
vt 0.009767 0.348650
vt 0.822910 0.136234
vt 0.387325 0.521655
vt 0.579383 0.500912
vt 0.633923 0.426247
vt 0.917675 0.332170
vt 0.861022 0.543008
vt 0.928850 0.325844
vt 0.301988 0.430136
vt 0.009766 0.494400
vt 0.852552 0.498701
vt 0.216995 0.706133
vt 0.441747 0.763835
vt 0.219346 0.326484
vt 0.243460 0.740088
vt 0.913041 0.736862
vt 0.403631 0.753679
vt 0.323706 0.737881
vt 0.645032 0.478752
vt 0.009766 0.747403
vt 0.824440 0.751369
vt 0.876273 0.093895
vt 0.941489 0.569324
vt 0.263872 0.633113
vt 0.374031 0.677546
vt 0.185477 0.662449
vt 0.562174 0.477642
vt 0.899782 0.498687
vt 0.056996 0.494403
vt 0.528486 0.260002
vt 0.416336 0.285808
vt 0.458740 0.763951
vt 0.009766 0.612461
vt 0.143123 0.666685
vt 0.064822 0.619409
vt 0.253283 0.602226
vt 0.210533 0.750665
vt 0.871100 0.355392
vt 0.057958 0.426802
vt 0.981651 0.460885
vt 0.708573 0.487443
vt 0.293523 0.501562
vt 0.484098 0.413676
vt 0.066888 0.766908
vt 0.294322 0.734447
vt 0.430310 0.737016
vt 0.430451 0.753653
vt 0.176796 0.723587
vt 0.873728 0.726236
vt 0.009766 0.289310
vt 0.273497 0.751236
vt 0.327399 0.138464
vt 0.247956 0.273730
vt 0.987045 0.258124
vt 0.453460 0.192835
vt 0.419579 0.204036
vt 0.941489 0.535563
vt 0.321084 0.487805
vt 0.038435 0.015507
vt 0.365515 0.203710
vt 0.505273 0.272295
vt 0.896879 0.616616
vt 0.613127 0.113041
vt 0.158918 0.067789
vt 0.049465 0.669452
vt 0.244103 0.716911
vt 0.505284 0.323186
vt 0.616694 0.272266
vt 0.196614 0.279917
vt 0.989819 0.365970
vt 0.058100 0.308378
vt 0.044798 0.015388
vt 0.314721 0.487921
vt 0.974210 0.015410
vt 0.117373 0.314453
vt 0.401119 0.373291
vt 0.887045 0.566114
vt 0.933019 0.258124
vt 0.611151 0.257503
vt 0.980560 0.015477
vt 0.321043 0.440792
vt 0.941492 0.541853
vt 0.663453 0.253418
vt 0.453486 0.186526
vt 0.933512 0.264396
vt 0.472671 0.270876
vt 0.009771 0.308383
vt 0.941489 0.365978
vt 0.352809 0.373287
vt 0.886721 0.559857
vt 0.687399 0.400676
vt 0.335869 0.328867
vt 0.472670 0.264511
vt 0.069057 0.308086
vt 0.989401 0.359718
vt 0.353129 0.379554
vt 0.056249 0.629346
vt 0.047882 0.031246
vt 0.472783 0.250759
vt 0.539154 0.144983
vt 0.014001 0.629347
vt 0.897003 0.610309
vt 0.606916 0.500350
vt 0.397185 0.625396
vt 0.142735 0.710159
vt 0.049562 0.663165
vt 0.511561 0.322726
vt 0.303756 0.683834
vt 0.049650 0.646246
vt 0.964356 0.762018
vt 0.009766 0.663226
vt 0.204620 0.723203
vt 0.822906 0.599200
vt 0.386150 0.295020
vt 0.983475 0.275023
vt 0.430962 0.250725
vt 0.014603 0.635498
vt 0.642468 0.341886
vt 0.659408 0.403119
vt 0.714460 0.426237
vt 0.714460 0.335539
vt 0.082082 0.382234
vt 0.111414 0.575056
vt 0.397320 0.487928
vt 0.227082 0.760058
vt 0.666207 0.335559
vt 0.430742 0.709513
vt 0.990118 0.709084
vt 0.964358 0.755692
vt 0.049631 0.652572
vt 0.890668 0.756507
vt 0.623876 0.500304
vt 0.342138 0.626182
vt 0.170700 0.712584
vt 0.397196 0.579342
vt 0.606959 0.454296
vt 0.890679 0.762885
vt 0.009766 0.646216
vt 0.303324 0.677579
vt 0.142479 0.703893
vt 0.890994 0.458678
vt 0.200345 0.408356
vt 0.390927 0.579665
vt 0.989747 0.399681
vt 0.308395 0.334009
vt 0.227079 0.753671
vt 0.390934 0.487933
vt 0.546414 0.505302
vt 0.405300 0.345794
vt 0.858823 0.431119
vt 0.151563 0.511625
vt 0.611151 0.403117
vt 0.594211 0.341876
vt 0.552800 0.505291
vt 0.397312 0.440712
vt 0.117679 0.574730
vt 0.268107 0.361139
vt 0.325565 0.325384
vt 0.659335 0.392531
vt 0.642469 0.335521
vt 0.714141 0.419970
vt 0.611496 0.409381
vt 0.872690 0.160241
vt 0.933193 0.275002
vt 0.335869 0.295013
vt 0.160054 0.704053
vt 0.829183 0.642528
vt 0.342132 0.580122
vt 0.623856 0.454244
vt 0.878946 0.160136
vt 0.990115 0.669268
vt 0.430368 0.703254
vt 0.176972 0.712329
vt 0.335871 0.580488
vt 0.056352 0.245276
vt 0.388267 0.278124
vt 0.921834 0.266601
vt 0.112317 0.015521
vt 0.589975 0.500784
vt 0.035176 0.551270
vt 0.056357 0.297792
vt 0.091931 0.262034
vt 0.384928 0.305607
vt 0.386174 0.288711
vt 0.153760 0.704007
vt 0.336385 0.311857
vt 0.145298 0.511949
vt 0.822914 0.472879
vt 0.439642 0.345494
vt 0.540432 0.417278
vt 0.357044 0.339443
vt 0.822913 0.588492
vt 0.596304 0.500898
vt 0.105988 0.015400
vt 0.539164 0.338395
vt 0.488333 0.284536
vt 0.985563 0.315223
vt 0.439543 0.404390
vt 0.928784 0.376565
vt 0.930821 0.424770
vt 0.301988 0.285756
vt 0.488333 0.290902
vt 0.545520 0.290096
vt 0.421895 0.406993
vt 0.151588 0.500710
vt 0.989400 0.393417
vt 0.852552 0.383185
vt 0.924554 0.425088
vt 0.552756 0.155554
vt 0.869493 0.264166
vt 0.335869 0.278116
vt 0.082129 0.551276
vt 0.062631 0.297327
vt 0.439537 0.356081
vt 0.937254 0.315215
vt 0.546457 0.155674
vt 0.596293 0.453694
vt 0.829173 0.588166
vt 0.929103 0.382832
vt 0.433282 0.356478
vt 0.123458 0.291181
vt 0.388302 0.271815
vt 0.082132 0.544983
vt 0.835667 0.283684
vt 0.924549 0.759483
vt 0.126173 0.760058
vt 0.365519 0.504651
vt 0.842088 0.329067
vt 0.073810 0.297458
vt 0.365515 0.457621
vt 0.880578 0.650406
vt 0.414161 0.674630
vt 0.949967 0.719894
vt 0.264052 0.700704
vt 0.446892 0.009815
vt 0.869678 0.281192
vt 0.882893 0.627203
vt 0.927523 0.304601
vt 0.919237 0.281210
vt 0.318929 0.335969
vt 0.325249 0.383938
vt 0.822906 0.734616
vt 0.202489 0.676886
vt 0.849253 0.543007
vt 0.069667 0.460383
vt 0.907624 0.762875
vt 0.989785 0.658680
vt 0.193912 0.727311
vt 0.055783 0.601873
vt 0.185906 0.327560
vt 0.659018 0.386264
vt 0.069057 0.510996
vt 0.009766 0.450048
vt 0.260959 0.754418
vt 0.274464 0.312881
vt 0.318929 0.277523
vt 0.611151 0.369400
vt 0.649267 0.324931
vt 0.260959 0.748034
vt 0.009766 0.443664
vt 0.373985 0.741545
vt 0.251178 0.383533
vt 0.918108 0.414285
vt 0.899768 0.532411
vt 0.058023 0.416215
vt 0.384127 0.322503
vt 0.373994 0.747932
vt 0.056986 0.450051
vt 0.069384 0.517261
vt 0.841884 0.413966
vt 0.693666 0.400357
vt 0.057677 0.409950
vt 0.263872 0.694432
vt 0.085998 0.676467
vt 0.407866 0.623063
vt 0.337932 0.504267
vt 0.714118 0.436825
vt 0.390925 0.686394
vt 0.314693 0.659981
vt 0.947018 0.762985
vt 0.337904 0.458199
vt 0.911849 0.483787
vt 0.241645 0.196201
vt 0.697524 0.324954
vt 0.659408 0.369390
vt 0.918117 0.366032
vt 0.899442 0.526146
vt 0.301988 0.406997
vt 0.869493 0.321554
vt 0.248010 0.196200
vt 0.257532 0.335278
vt 0.611498 0.375664
vt 0.911850 0.366350
vt 0.340108 0.727256
vt 0.930775 0.759694
vt 0.707347 0.068720
vt 0.958430 0.507468
vt 0.691629 0.760738
vt 0.930496 0.658682
vt 0.092269 0.726882
vt 0.263872 0.593076
vt 0.697890 0.534348
vt 0.433276 0.345492
vt 0.710597 0.400749
vt 0.285048 0.463187
vt 0.202476 0.338801
vt 0.134616 0.457562
vt 0.882198 0.543004
vt 0.069057 0.449794
vt 0.244018 0.760052
vt 0.202463 0.290544
vt 0.116969 0.409688
vt 0.170778 0.386789
vt 0.081762 0.331392
vt 0.244018 0.753668
vt 0.069058 0.443410
vt 0.710587 0.352491
vt 0.433292 0.297235
vt 0.509508 0.111730
vt 0.116277 0.449801
vt 0.882523 0.549269
vt 0.291315 0.462868
vt 0.134621 0.468464
vt 0.674678 0.487438
vt 0.509670 0.118047
vt 0.439611 0.297301
vt 0.829181 0.472560
vt 0.704323 0.352839
vt 0.196110 0.676899
vt 0.320965 0.727285
vt 0.424814 0.619459
vt 0.680954 0.534073
vt 0.057678 0.393087
vt 0.128349 0.468790
vt 0.436458 0.209170
vt 0.130019 0.331405
vt 0.170700 0.338532
vt 0.070724 0.382500
vt 0.069057 0.359120
vt 0.661972 0.476849
vt 0.467157 0.442346
vt 0.456575 0.361133
vt 0.422801 0.391441
vt 0.600477 0.352466
vt 0.022471 0.331701
vt 0.442823 0.209170
vt 0.456582 0.312950
vt 0.177041 0.386433
vt 0.070407 0.376232
vt 0.975370 0.755875
vt 0.930769 0.719885
vt 0.340104 0.687447
vt 0.092270 0.687053
vt 0.822906 0.530087
vt 0.185457 0.609034
vt 0.839847 0.734594
vt 0.930487 0.652304
vt 0.264196 0.599345
vt 0.009766 0.719929
vt 0.009766 0.736800
vt 0.975390 0.762150
vt 0.890699 0.652326
vt 0.988727 0.736764
vt 0.383609 0.013267
vt 0.229991 0.697116
vt 0.897398 0.706388
vt 0.949960 0.736831
vt 0.880627 0.644099
vt 0.371801 0.504259
vt 0.346379 0.727000
vt 0.086007 0.687429
vt 0.119881 0.720813
vt 0.467157 0.383576
vt 0.892706 0.431104
vt 0.450217 0.420028
vt 0.930433 0.349082
vt 0.187640 0.349710
vt 0.128353 0.573500
vt 0.930751 0.607076
vt 0.193196 0.746753
vt 0.882198 0.349096
vt 0.310458 0.501210
vt 0.229991 0.592081
vt 0.263872 0.616239
vt 0.109235 0.720750
vt 0.185442 0.563038
vt 0.822912 0.484092
vt 0.310811 0.507364
vt 0.049595 0.736802
vt 0.016033 0.719556
vt 0.846119 0.734340
vt 0.947762 0.507725
vt 0.116977 0.426550
vt 0.179170 0.563342
vt 0.348626 0.504552
vt 0.308424 0.391529
vt 0.193514 0.740552
vt 0.924549 0.606768
vt 0.869493 0.755989
vt 0.670442 0.399485
vt 0.009766 0.483811
vt 0.081738 0.568161
vt 0.892700 0.382870
vt 0.467158 0.335341
vt 0.869832 0.762173
vt 0.930746 0.559855
vt 0.134621 0.573174
vt 0.869493 0.332142
vt 0.585740 0.426237
vt 0.539198 0.397164
vt 0.473523 0.383574
vt 0.456484 0.419711
vt 0.886433 0.383194
vt 0.231741 0.659988
vt 0.950552 0.743013
vt 0.708558 0.725996
vt 0.308913 0.616238
vt 0.231627 0.547071
vt 0.714842 0.764439
vt 0.102938 0.720770
vt 0.162230 0.598818
vt 0.308869 0.609931
vt 0.303994 0.346713
vt 0.168465 0.642565
vt 0.348574 0.457603
vt 0.056783 0.483813
vt 0.670460 0.352468
vt 0.354909 0.504178
vt 0.081672 0.561866
vt 0.213051 0.594402
vt 0.056743 0.477507
vt 0.948701 0.620917
vt 0.927558 0.298293
vt 0.873751 0.700735
vt 0.255407 0.252699
vt 0.924001 0.041122
vt 0.907786 0.618432
vt 0.382455 0.498521
vt 0.010360 0.466911
vt 0.947017 0.756615
vt 0.314696 0.653610
vt 0.661994 0.171586
vt 0.136819 0.760573
vt 0.380256 0.727954
vt 0.363005 0.676822
vt 0.125816 0.676402
vt 0.303691 0.694433
vt 0.661972 0.177894
vt 0.354553 0.659973
vt 0.391180 0.692666
vt 0.414128 0.622706
vt 0.949960 0.726188
vt 0.840345 0.633478
vt 0.125433 0.670142
vt 0.379529 0.440712
vt 0.940722 0.641716
vt 0.296982 0.246764
vt 0.873728 0.660993
vt 0.879916 0.700144
vt 0.427872 0.479370
vt 0.056406 0.466919
vt 0.428502 0.498529
vt 0.380255 0.688128
vt 0.362609 0.670561
vt 0.331634 0.440726
vt 0.607501 0.307074
vt 0.434074 0.479554
vt 0.143030 0.720977
vt 0.430223 0.720113
vt 0.653727 0.302897
vt 0.940826 0.635409
vt 0.332045 0.447009
vt 0.402417 0.066190
vt 0.213051 0.583815
vt 0.024500 0.575344
vt 0.900822 0.372283
vt 0.302305 0.413264
vt 0.274382 0.478479
vt 0.382778 0.504790
vt 0.373985 0.688384
vt 0.056670 0.511263
vt 0.162230 0.588231
vt 0.219316 0.583599
vt 0.408682 0.065971
vt 0.585740 0.284134
vt 0.715764 0.301694
vt 0.858860 0.282117
vt 0.635312 0.284175
vt 0.989235 0.443991
vt 0.941983 0.450197
vt 0.296710 0.479353
vt 0.638247 0.324019
vt 0.248964 0.442389
vt 0.024502 0.528123
vt 0.900464 0.366021
vt 0.666207 0.301711
vt 0.645224 0.291178
vt 0.302946 0.479417
vt 0.219290 0.536838
vt 0.168522 0.588159
vt 0.692517 0.286812
vt 0.852552 0.282082
vt 0.666624 0.307992
vt 0.450219 0.478796
vt 0.528579 0.367028
vt 0.527526 0.436457
vt 0.589975 0.317656
vt 0.242697 0.394438
vt 0.018238 0.528448
vt 0.162230 0.530267
vt 0.325205 0.625058
vt 0.074987 0.703199
vt 0.989770 0.652303
vt 0.055459 0.595604
vt 0.035176 0.680076
vt 0.060587 0.659518
vt 0.159737 0.762367
vt 0.949960 0.652350
vt 0.035176 0.578744
vt 0.069675 0.365392
vt 0.163376 0.138974
vt 0.822906 0.660983
vt 0.320958 0.687459
vt 0.196172 0.637073
vt 0.009766 0.082730
vt 0.862733 0.667306
vt 0.357045 0.687676
vt 0.431083 0.619134
vt 0.829178 0.734362
vt 0.187642 0.687859
vt 0.314694 0.687834
vt 0.641815 0.084158
vt 0.168499 0.483645
vt 0.179170 0.505213
vt 0.651307 0.419973
vt 0.522214 0.367027
vt 0.439543 0.463233
vt 0.405297 0.362651
vt 0.130016 0.341992
vt 0.129639 0.392833
vt 0.391150 0.675807
vt 0.219372 0.690003
vt 0.159736 0.756083
vt 0.060589 0.653233
vt 0.325197 0.579041
vt 0.162230 0.484249
vt 0.635519 0.084298
vt 0.100412 0.659575
vt 0.035551 0.686341
vt 0.074732 0.696927
vt 0.185442 0.552128
vt 0.645032 0.420247
vt 0.318929 0.579365
vt 0.082804 0.070708
vt 0.528539 0.318844
vt 0.450217 0.430613
vt 0.852552 0.509289
vt 0.170715 0.763000
vt 0.973177 0.709092
vt 0.136213 0.591923
vt 0.886435 0.475582
vt 0.404954 0.390132
vt 0.517986 0.425871
vt 0.291411 0.345505
vt 0.980757 0.101370
vt 0.844082 0.441710
vt 0.439543 0.414976
vt 0.522215 0.318770
vt 0.076481 0.070861
vt 0.891303 0.448089
vt 0.010111 0.365651
vt 0.404972 0.356385
vt 0.456486 0.478479
vt 0.852878 0.515562
vt 0.433279 0.415321
vt 0.708558 0.151242
vt 0.115708 0.365215
vt 0.081209 0.578751
vt 0.955905 0.675517
vt 0.142389 0.687037
vt 0.397413 0.675399
vt 0.285092 0.345440
vt 0.875772 0.431061
vt 0.116287 0.483534
vt 0.116287 0.494122
vt 0.955634 0.703029
vt 0.941489 0.410275
vt 0.941560 0.349095
vt 0.015203 0.063787
vt 0.069057 0.494123
vt 0.941813 0.592486
vt 0.709203 0.476858
vt 0.116287 0.358944
vt 0.708700 0.144946
vt 0.070663 0.331661
vt 0.594211 0.352786
vt 0.473432 0.442074
vt 0.035499 0.585012
vt 0.955640 0.669246
vt 0.708878 0.470585
vt 0.708558 0.534674
vt 0.981643 0.508115
vt 0.625454 0.443110
vt 0.057949 0.342320
vt 0.082067 0.528122
vt 0.009766 0.426803
vt 0.822907 0.355447
vt 0.828422 0.133049
vt 0.009766 0.342285
vt 0.094473 0.575059
vt 0.414256 0.487929
vt 0.015322 0.057461
vt 0.941489 0.342768
vt 0.869493 0.198459
vt 0.977041 0.332176
vt 0.422242 0.423858
vt 0.989742 0.433403
vt 0.875759 0.382868
vt 0.285048 0.297247
vt 0.869494 0.204824
vt 0.989743 0.349129
vt 0.941763 0.416550
vt 0.115963 0.477261
vt 0.524250 0.425524
vt 0.285055 0.356408
vt 0.869493 0.383187
vt 0.864044 0.548564
vt 0.917751 0.338494
vt 0.268116 0.371725
vt 0.202375 0.522707
vt 0.342203 0.387356
vt 0.373985 0.423860
vt 0.928784 0.332163
vt 0.870428 0.548563
vt 0.414250 0.440713
vt 0.100739 0.574733
vt 0.989424 0.427136
vt 0.374331 0.430124
vt 0.822906 0.677941
vt 0.873728 0.742934
vt 0.332947 0.056852
vt 0.340765 0.515414
vt 0.207608 0.700607
vt 0.153759 0.693420
vt 0.253229 0.706325
vt 0.373998 0.626356
vt 0.573035 0.454027
vt 0.545465 0.396841
vt 0.274374 0.419665
vt 0.196110 0.523033
vt 0.633651 0.419972
vt 0.230121 0.606070
vt 0.874162 0.736824
vt 0.204581 0.740090
vt 0.424810 0.671640
vt 0.236337 0.645541
vt 0.219316 0.639080
vt 0.424806 0.630045
vt 0.219355 0.290584
vt 0.443835 0.727996
vt 0.912809 0.726180
vt 0.176873 0.762669
vt 0.412771 0.135012
vt 0.145289 0.613137
vt 0.047615 0.289294
vt 0.126185 0.602510
vt 0.146779 0.569403
vt 0.246932 0.612808
vt 0.253143 0.655490
vt 0.406030 0.759246
vt 0.913564 0.742902
vt 0.862742 0.677949
vt 0.253206 0.666563
vt 0.853169 0.492424
vt 0.839847 0.599719
vt 0.856789 0.734543
vt 0.160138 0.693416
vt 0.380266 0.626032
vt 0.949960 0.635479
vt 0.323164 0.743916
vt 0.412246 0.759243
vt 0.160127 0.653679
vt 0.077527 0.737411
vt 0.870744 0.090763
vt 0.822906 0.745202
vt 0.623856 0.068189
vt 0.077579 0.771568
vt 0.213051 0.290613
vt 0.431100 0.671337
vt 0.823161 0.684219
vt 0.246932 0.666867
vt 0.243329 0.733792
vt 0.556095 0.480164
vt 0.179170 0.660568
vt 0.304873 0.643723
vt 0.645435 0.517553
vt 0.885791 0.599723
vt 0.899113 0.492464
vt 0.556635 0.486243
vt 0.363001 0.743923
vt 0.950386 0.641747
vt 0.863061 0.734289
vt 0.010091 0.500672
vt 0.885540 0.593443
vt 0.822906 0.349081
vt 0.611151 0.358809
vt 0.903379 0.472970
vt 0.422718 0.333984
vt 0.349863 0.423862
vt 0.928784 0.518699
vt 0.839847 0.582847
vt 0.464270 0.760936
vt 0.422634 0.285774
vt 0.522214 0.260333
vt 0.064822 0.602533
vt 0.942669 0.575631
vt 0.464658 0.754787
vt 0.840268 0.576700
vt 0.204581 0.753116
vt 0.246932 0.601179
vt 0.986673 0.603087
vt 0.310277 0.582487
vt 0.659360 0.358741
vt 0.871116 0.349099
vt 0.204982 0.759269
vt 0.887067 0.582855
vt 0.929109 0.524969
vt 0.909646 0.472651
vt 0.010083 0.433070
vt 0.659052 0.352470
vt 0.263872 0.660607
vt 0.026706 0.720058
vt 0.196116 0.626487
vt 0.714833 0.534081
vt 0.625181 0.436835
vt 0.907609 0.686164
vt 0.390925 0.743092
vt 0.299056 0.498627
vt 0.714801 0.488106
vt 0.975378 0.461209
vt 0.308340 0.745052
vt 0.119878 0.602537
vt 0.708563 0.579906
vt 0.490354 0.414817
vt 0.330646 0.133062
vt 0.272342 0.745040
vt 0.124114 0.122390
vt 0.011537 0.618761
vt 0.299549 0.492530
vt 0.391390 0.736992
vt 0.066465 0.720060
vt 0.303631 0.660674
vt 0.424812 0.755941
vt 0.430751 0.743086
vt 0.907863 0.692442
vt 0.202385 0.626164
vt 0.973168 0.669260
vt 0.170700 0.723168
vt 0.424806 0.762185
vt 0.303661 0.666918
vt 0.264127 0.717564
vt 0.066158 0.713787
vt 0.135927 0.585648
vt 0.912725 0.719885
vt 0.010158 0.295595
vt 0.966900 0.669635
vt 0.856497 0.745204
vt 0.083791 0.771012
vt 0.044984 0.747390
vt 0.263872 0.643716
vt 0.180534 0.619590
vt 0.010104 0.753691
vt 0.651731 0.517396
vt 0.373985 0.636943
vt 0.263951 0.650019
vt 0.985094 0.569337
vt 0.380240 0.677046
vt 0.110055 0.602507
vt 0.941489 0.603074
vt 0.248507 0.556024
vt 0.065161 0.608821
vt 0.310168 0.576193
vt 0.108432 0.619405
vt 0.941531 0.609379
vt 0.051485 0.612849
vt 0.065315 0.625617
vt 0.166348 0.121925
vt 0.066892 0.730654
vt 0.485641 0.377455
vt 0.124495 0.128676
vt 0.294176 0.728152
vt 0.708558 0.545258
vt 0.714767 0.579356
vt 0.060587 0.730648
vt 0.154244 0.424656
vt 0.167021 0.420023
vt 0.176051 0.441175
vt 0.163867 0.447198
vt 0.147181 0.401186
vt 0.160394 0.397998
vt 0.142766 0.377076
vt 0.156251 0.375375
vt 0.141054 0.352626
vt 0.154644 0.352431
vt 0.142065 0.328137
vt 0.155593 0.329451
vt 0.145787 0.303911
vt 0.159086 0.306718
vt 0.152175 0.280248
vt 0.165079 0.284513
vt 0.161148 0.257439
vt 0.173500 0.263110
vt 0.172597 0.235767
vt 0.184243 0.242774
vt 0.186379 0.215499
vt 0.197176 0.223755
vt 0.525963 0.223709
vt 0.536757 0.215450
vt 0.550546 0.235714
vt 0.538901 0.242724
vt 0.562001 0.257383
vt 0.549650 0.263058
vt 0.570980 0.280189
vt 0.558077 0.284458
vt 0.577374 0.303851
vt 0.564076 0.306662
vt 0.581103 0.328075
vt 0.567576 0.329394
vt 0.582121 0.352565
vt 0.568531 0.352374
vt 0.580415 0.377015
vt 0.566930 0.375318
vt 0.576007 0.401126
vt 0.562794 0.397942
vt 0.568951 0.424598
vt 0.556173 0.419968
vt 0.559335 0.447143
vt 0.547149 0.441124
vt 0.547276 0.468481
vt 0.535833 0.461147
vt 0.532923 0.488350
vt 0.522365 0.479791
vt 0.516455 0.506503
vt 0.506912 0.496826
vt 0.498074 0.522717
vt 0.489663 0.512041
vt 0.478008 0.536792
vt 0.470834 0.525248
vt 0.456504 0.548553
vt 0.450655 0.536285
vt 0.433828 0.557855
vt 0.429376 0.545014
vt 0.410259 0.564584
vt 0.407260 0.551328
vt 0.386090 0.568657
vt 0.384580 0.555149
vt 0.361618 0.570022
vt 0.361616 0.556430
vt 0.337145 0.568663
vt 0.338652 0.555156
vt 0.312975 0.564598
vt 0.315970 0.551341
vt 0.289404 0.557876
vt 0.293853 0.545033
vt 0.266726 0.548579
vt 0.272571 0.536309
vt 0.245218 0.536824
vt 0.252389 0.525279
vt 0.225148 0.522756
vt 0.233556 0.512077
vt 0.206763 0.506547
vt 0.216304 0.496867
vt 0.190290 0.488398
vt 0.200846 0.479836
vt 0.175932 0.468533
vt 0.187373 0.461196
vt 0.725533 0.230420
vt 0.725529 0.205910
vt 0.811901 0.205896
vt 0.811905 0.230406
vt 0.725525 0.181399
vt 0.811897 0.181386
vt 0.725521 0.156889
vt 0.811893 0.156876
vt 0.725518 0.132379
vt 0.811890 0.132366
vt 0.725514 0.107869
vt 0.811886 0.107856
vt 0.725510 0.083359
vt 0.811882 0.083345
vt 0.725506 0.058849
vt 0.811878 0.058835
vt 0.725503 0.034338
vt 0.811874 0.034325
vt 0.725499 0.009828
vt 0.811871 0.009815
vt 0.725650 0.990234
vt 0.725646 0.965724
vt 0.812018 0.965711
vt 0.812021 0.990221
vt 0.725642 0.941214
vt 0.812014 0.941201
vt 0.725638 0.916704
vt 0.812010 0.916691
vt 0.725635 0.892194
vt 0.812006 0.892180
vt 0.725631 0.867684
vt 0.812003 0.867670
vt 0.725627 0.843173
vt 0.811999 0.843160
vt 0.725623 0.818663
vt 0.811995 0.818650
vt 0.725619 0.794153
vt 0.811991 0.794140
vt 0.725616 0.769643
vt 0.811988 0.769630
vt 0.725612 0.745133
vt 0.811984 0.745120
vt 0.725608 0.720623
vt 0.811980 0.720609
vt 0.725604 0.696113
vt 0.811976 0.696099
vt 0.725601 0.671602
vt 0.811972 0.671589
vt 0.725597 0.647092
vt 0.811969 0.647079
vt 0.725593 0.622582
vt 0.811965 0.622569
vt 0.725589 0.598072
vt 0.811961 0.598059
vt 0.725586 0.573562
vt 0.811957 0.573548
vt 0.725582 0.549052
vt 0.811954 0.549038
vt 0.725578 0.524541
vt 0.811950 0.524528
vt 0.725574 0.500031
vt 0.811946 0.500018
vt 0.725570 0.475521
vt 0.811942 0.475508
vt 0.725567 0.451011
vt 0.811939 0.450998
vt 0.725563 0.426501
vt 0.811935 0.426488
vt 0.725559 0.401991
vt 0.811931 0.401977
vt 0.725555 0.377481
vt 0.811927 0.377467
vt 0.725552 0.352970
vt 0.811923 0.352957
vt 0.725548 0.328460
vt 0.811920 0.328447
vt 0.725544 0.303950
vt 0.811916 0.303937
vt 0.725540 0.279440
vt 0.811912 0.279427
vt 0.725537 0.254930
vt 0.811908 0.254916
vt 0.351890 0.251065
vt 0.374890 0.251063
vt 0.374443 0.256748
vt 0.352338 0.256751
vt 0.397606 0.254658
vt 0.396276 0.260204
vt 0.419481 0.261762
vt 0.417300 0.267032
vt 0.439976 0.272202
vt 0.436996 0.277065
vt 0.458584 0.285718
vt 0.454881 0.290056
vt 0.474850 0.301980
vt 0.470513 0.305684
vt 0.488371 0.320585
vt 0.483508 0.323566
vt 0.498815 0.341077
vt 0.493546 0.343260
vt 0.505925 0.362950
vt 0.500379 0.364282
vt 0.509525 0.385666
vt 0.503840 0.386115
vt 0.509528 0.408666
vt 0.503842 0.408219
vt 0.505933 0.431383
vt 0.500387 0.430052
vt 0.498828 0.453258
vt 0.493559 0.451076
vt 0.488389 0.473752
vt 0.483526 0.470773
vt 0.474872 0.492361
vt 0.470535 0.488658
vt 0.458611 0.508626
vt 0.454906 0.504290
vt 0.440005 0.522147
vt 0.437025 0.517285
vt 0.419514 0.532591
vt 0.417330 0.527323
vt 0.397640 0.539701
vt 0.396308 0.534156
vt 0.374924 0.543302
vt 0.374476 0.537616
vt 0.351924 0.543305
vt 0.352371 0.537619
vt 0.329207 0.539709
vt 0.330538 0.534164
vt 0.307332 0.532605
vt 0.309514 0.527335
vt 0.286838 0.522166
vt 0.289818 0.517302
vt 0.268230 0.508649
vt 0.271933 0.504312
vt 0.251964 0.492387
vt 0.256301 0.488683
vt 0.238443 0.473782
vt 0.243306 0.470801
vt 0.227999 0.453290
vt 0.233268 0.451107
vt 0.220889 0.431417
vt 0.226435 0.430085
vt 0.217289 0.408701
vt 0.222974 0.408253
vt 0.217286 0.385701
vt 0.222972 0.386148
vt 0.220881 0.362984
vt 0.226427 0.364315
vt 0.227986 0.341109
vt 0.233255 0.343291
vt 0.238425 0.320615
vt 0.243288 0.323594
vt 0.251942 0.302006
vt 0.256279 0.305710
vt 0.268203 0.285741
vt 0.271908 0.290077
vt 0.286809 0.272220
vt 0.289789 0.277082
vt 0.307300 0.261776
vt 0.309484 0.267045
vt 0.329174 0.254666
vt 0.330506 0.260211
vt 0.122934 0.145844
vt 0.119604 0.149917
vt 0.102994 0.135535
vt 0.106551 0.131659
vt 0.140100 0.159071
vt 0.137008 0.163327
vt 0.157993 0.171297
vt 0.155149 0.175723
vt 0.087231 0.120229
vt 0.091004 0.116562
vt 0.072368 0.104049
vt 0.076343 0.100603
vt 0.058452 0.087046
vt 0.062617 0.083833
vt 0.045529 0.069278
vt 0.049871 0.066308
vt 0.033641 0.050801
vt 0.038145 0.048083
vt 0.022826 0.031673
vt 0.027481 0.029221
vt 0.013108 0.011890
vt 0.017971 0.009828
vt 0.708318 0.009811
vt 0.713166 0.011862
vt 0.703454 0.031652
vt 0.698810 0.029200
vt 0.692643 0.050780
vt 0.688140 0.048060
vt 0.680756 0.069258
vt 0.676416 0.066286
vt 0.667834 0.087028
vt 0.663670 0.083812
vt 0.653919 0.104031
vt 0.649946 0.100583
vt 0.639057 0.120212
vt 0.635287 0.116543
vt 0.623295 0.135519
vt 0.619740 0.131641
vt 0.606686 0.149902
vt 0.603358 0.145827
vt 0.589283 0.163313
vt 0.586193 0.159056
vt 0.571143 0.175710
vt 0.568301 0.171283
vt 0.552325 0.187051
vt 0.549741 0.182469
vt 0.532891 0.197301
vt 0.530572 0.192579
vt 0.512904 0.206424
vt 0.510858 0.201577
vt 0.492428 0.214392
vt 0.490663 0.209437
vt 0.471532 0.221179
vt 0.470052 0.216131
vt 0.450282 0.226763
vt 0.449092 0.221638
vt 0.428748 0.231124
vt 0.427853 0.225941
vt 0.407000 0.234250
vt 0.406402 0.229024
vt 0.385110 0.236130
vt 0.384811 0.230878
vt 0.363148 0.236758
vt 0.363149 0.231497
vt 0.341185 0.236132
vt 0.341487 0.230880
vt 0.319295 0.234253
vt 0.319895 0.229027
vt 0.297547 0.231128
vt 0.298445 0.225945
vt 0.276013 0.226768
vt 0.277205 0.221644
vt 0.254762 0.221186
vt 0.256245 0.216139
vt 0.233865 0.214400
vt 0.235634 0.209446
vt 0.213390 0.206433
vt 0.215438 0.201588
vt 0.193402 0.197311
vt 0.195723 0.192590
vt 0.173967 0.187063
vt 0.176554 0.182482
vt 0.567686 0.516268
vt 0.589206 0.516265
vt 0.578466 0.652985
vt 0.610461 0.519628
vt 0.630929 0.526275
vt 0.650105 0.536042
vt 0.667517 0.548689
vt 0.682736 0.563903
vt 0.695387 0.581311
vt 0.705160 0.600484
vt 0.711813 0.620950
vt 0.715183 0.642204
vt 0.715186 0.663724
vt 0.711823 0.684980
vt 0.705176 0.705447
vt 0.695409 0.724623
vt 0.682763 0.742035
vt 0.667548 0.757254
vt 0.650140 0.769906
vt 0.630967 0.779679
vt 0.610502 0.786332
vt 0.589247 0.789701
vt 0.567727 0.789705
vt 0.546472 0.786341
vt 0.526004 0.779694
vt 0.506828 0.769928
vt 0.489416 0.757281
vt 0.474197 0.742067
vt 0.461545 0.724658
vt 0.451773 0.705486
vt 0.445120 0.685020
vt 0.441750 0.663765
vt 0.441747 0.642246
vt 0.445110 0.620990
vt 0.451757 0.600522
vt 0.461524 0.581347
vt 0.474170 0.563935
vt 0.489385 0.548716
vt 0.506793 0.536064
vt 0.525966 0.526291
vt 0.546431 0.519638
vt 0.134827 0.166338
vt 0.117255 0.152798
vt 0.100484 0.138277
vt 0.084569 0.122824
vt 0.069562 0.106487
vt 0.055511 0.089320
vt 0.042463 0.071380
vt 0.030460 0.052725
vt 0.019542 0.033414
vt 0.009766 0.013540
vt 0.716501 0.013506
vt 0.706738 0.033384
vt 0.695827 0.052698
vt 0.683826 0.071355
vt 0.670779 0.089296
vt 0.656730 0.106464
vt 0.641724 0.122801
vt 0.625810 0.138256
vt 0.609040 0.152778
vt 0.591470 0.166319
vt 0.573155 0.178836
vt 0.554155 0.190287
vt 0.534534 0.200635
vt 0.514353 0.209847
vt 0.493680 0.217892
vt 0.472582 0.224745
vt 0.451127 0.230383
vt 0.429385 0.234787
vt 0.407427 0.237943
vt 0.385325 0.239841
vt 0.363151 0.240475
vt 0.340977 0.239843
vt 0.318875 0.237947
vt 0.296917 0.234792
vt 0.275175 0.230390
vt 0.253719 0.224754
vt 0.232620 0.217903
vt 0.211946 0.209859
vt 0.191765 0.200649
vt 0.172143 0.190302
vt 0.153143 0.178853
vn -0.282095 0.363540 -0.887841
vn -0.282095 0.363540 -0.887841
vn -0.419427 0.375302 -0.826577
vn -0.269575 0.432707 -0.860287
vn -0.197377 0.379414 -0.903929
vn -0.197377 0.379414 -0.903929
vn -0.201396 0.439967 -0.875139
vn -0.040883 0.408428 -0.911874
vn 0.101806 0.391344 -0.914596
vn 0.101806 0.391344 -0.914596
vn 0.105524 0.461745 -0.880714
vn 0.187199 0.392870 -0.900339
vn 0.187199 0.392870 -0.900339
vn 0.177160 0.462161 -0.868920
vn 0.321163 0.408478 -0.854400
vn 0.465399 0.377754 -0.800441
vn 0.465399 0.377754 -0.800441
vn 0.465989 0.437088 -0.769291
vn 0.547675 0.363985 -0.753370
vn 0.547675 0.363985 -0.753370
vn 0.528415 0.430313 -0.731853
vn 0.652999 0.375120 -0.657934
vn -0.432444 0.525317 -0.732826
vn -0.522094 0.435964 -0.733044
vn -0.575423 0.442495 -0.687813
vn -0.519777 0.568475 -0.637705
vn -0.311352 0.523874 -0.792853
vn -0.416180 0.623461 -0.661885
vn -0.256109 0.617591 -0.743633
vn -0.180842 0.559801 -0.808652
vn -0.547133 0.366752 -0.752422
vn -0.547133 0.366751 -0.752422
vn -0.063780 0.621182 -0.781066
vn -0.147905 0.699631 -0.699028
vn 0.065898 0.573314 -0.816682
vn -0.022177 0.710054 -0.703798
vn 0.124613 0.656402 -0.744049
vn 0.200274 0.571890 -0.795507
vn 0.314006 0.616803 -0.721772
vn 0.253288 0.706603 -0.660725
vn 0.432147 0.554460 -0.711212
vn 0.371379 0.693272 -0.617618
vn 0.485640 0.608613 -0.627490
vn 0.550849 0.515673 -0.656236
vn 0.723675 0.431537 -0.538581
vn 0.644600 0.516264 -0.563882
vn 0.699634 0.558018 -0.446238
vn 0.761713 0.438414 -0.477060
vn 0.748164 0.365142 -0.554005
vn 0.748164 0.365142 -0.554005
vn 0.613154 0.611159 -0.500526
vn -0.606976 0.377545 -0.699314
vn -0.606976 0.377545 -0.699314
vn -0.710070 0.410565 -0.572047
vn 0.794506 0.377644 -0.475547
vn 0.794506 0.377644 -0.475547
vn 0.851167 0.409279 -0.328641
vn 0.602323 0.697664 -0.387907
vn 0.482238 0.787854 -0.383057
vn 0.521093 0.814697 -0.254421
vn 0.645765 0.714124 -0.270213
vn 0.708705 0.623913 -0.329348
vn 0.365293 0.785595 -0.499402
vn 0.235959 0.809204 -0.538063
vn 0.286278 0.860314 -0.421787
vn 0.403402 0.862603 -0.305259
vn 0.088840 0.861998 -0.499066
vn -0.040652 0.812619 -0.581376
vn -0.122800 0.865454 -0.485705
vn 0.004164 0.908972 -0.416837
vn 0.145339 0.907197 -0.394803
vn -0.176002 0.792576 -0.583822
vn 0.376354 0.911667 -0.164986
vn 0.244642 0.959865 -0.137147
vn 0.264737 0.964242 -0.012347
vn 0.399061 0.916608 -0.024085
vn 0.481728 0.869629 -0.108089
vn 0.117419 0.957413 -0.263766
vn -0.007793 0.958986 -0.283346
vn 0.037825 0.985898 -0.163019
vn 0.146290 0.987528 -0.058204
vn -0.322958 0.798094 -0.508669
vn -0.438069 0.710496 -0.550719
vn -0.515119 0.728496 -0.451603
vn -0.398505 0.826193 -0.398245
vn -0.269807 0.871008 -0.410548
vn -0.559862 0.638607 -0.527955
vn -0.167540 0.965014 -0.201690
vn -0.285557 0.919968 -0.268545
vn -0.350146 0.926032 -0.140932
vn -0.224912 0.970330 -0.088737
vn -0.094889 0.990932 -0.095135
vn -0.404367 0.880695 -0.246705
vn 0.080078 0.993327 0.082998
vn -0.073225 0.995849 0.054064
vn -0.106413 0.978275 0.177918
vn 0.070705 0.976053 0.205722
vn 0.183676 0.971844 0.147591
vn -0.196548 0.976515 0.088249
vn -0.672677 0.591124 -0.445061
vn -0.636384 0.684816 -0.355025
vn -0.761996 0.473484 -0.441787
vn -0.799931 0.398025 -0.449096
vn -0.799931 0.398025 -0.449096
vn -0.794338 0.471961 -0.382465
vn -0.735054 0.596068 -0.323107
vn -0.829676 0.392577 -0.396890
vn -0.829676 0.392577 -0.396890
vn -0.877635 0.410268 -0.247866
vn -0.733246 0.653618 -0.187440
vn -0.805111 0.586649 -0.087401
vn -0.755564 0.655024 0.008111
vn -0.675896 0.732447 -0.081763
vn -0.640686 0.740262 -0.203799
vn -0.887808 0.452622 -0.083245
vn -0.920241 0.382889 -0.080946
vn -0.920241 0.382889 -0.080946
vn -0.895875 0.443664 -0.023882
vn -0.832099 0.553033 0.042023
vn -0.930917 0.363984 -0.030167
vn -0.930917 0.363984 -0.030167
vn -0.915260 0.376210 0.144104
vn -0.810749 0.554907 0.186453
vn -0.848027 0.448400 0.282467
vn -0.824185 0.455177 0.336948
vn -0.745253 0.595955 0.299057
vn -0.727186 0.661083 0.184850
vn -0.875324 0.368817 0.312700
vn -0.875324 0.368817 0.312700
vn 0.898538 0.394857 -0.191619
vn 0.898538 0.394857 -0.191619
vn 0.864297 0.466424 -0.188253
vn 0.912656 0.391746 -0.116594
vn 0.912656 0.391746 -0.116594
vn 0.876818 0.465931 -0.118733
vn 0.911921 0.409095 0.032277
vn 0.903831 0.380745 0.195252
vn 0.903831 0.380745 0.195252
vn 0.874531 0.445677 0.191226
vn 0.893078 0.363112 0.265634
vn 0.893078 0.363112 0.265634
vn 0.862028 0.437743 0.255517
vn 0.828277 0.375702 0.415699
vn 0.786259 0.579088 -0.215533
vn 0.730656 0.667996 -0.141151
vn 0.808323 0.583128 -0.081086
vn 0.802829 0.572752 0.165590
vn 0.770020 0.636216 0.047942
vn 0.686009 0.715672 0.131173
vn 0.732664 0.636641 0.240606
vn 0.788408 0.538915 0.296620
vn 0.690017 0.723779 0.004592
vn 0.729313 0.443078 0.521330
vn 0.726566 0.541155 0.423383
vn 0.631106 0.584080 0.510446
vn 0.687709 0.449715 0.569923
vn 0.746399 0.368549 0.554130
vn 0.746399 0.368549 0.554130
vn 0.651653 0.644161 0.400506
vn 0.565540 0.824431 0.021861
vn 0.569334 0.806838 0.157707
vn 0.469284 0.876943 0.103647
vn 0.251888 0.930388 0.266327
vn 0.124569 0.935250 0.331345
vn 0.394637 0.883921 0.250889
vn 0.231350 0.893051 0.385924
vn 0.383930 0.841386 0.380352
vn 0.494834 0.813798 0.304747
vn 0.539227 0.729201 0.421309
vn 0.439576 0.746911 0.498896
vn 0.518703 0.657943 0.545947
vn -0.524986 0.838024 -0.148677
vn -0.456641 0.888694 -0.041254
vn -0.570442 0.821080 -0.020565
vn -0.624353 0.743600 0.239254
vn -0.645268 0.671387 0.364513
vn -0.544235 0.826787 0.142236
vn -0.552520 0.759189 0.344025
vn -0.461006 0.851985 0.248184
vn -0.430405 0.894418 0.121528
vn -0.298352 0.937307 0.180118
vn -0.316260 0.899905 0.300252
vn -0.196926 0.939260 0.281090
vn -0.855228 0.380165 0.352221
vn -0.855228 0.380165 0.352221
vn -0.759118 0.412439 0.503621
vn 0.706262 0.379068 0.597914
vn 0.706262 0.379068 0.597914
vn 0.573049 0.411722 0.708589
vn 0.439133 0.480701 0.759005
vn 0.442926 0.399184 0.802788
vn 0.442926 0.399184 0.802788
vn 0.439335 0.605739 0.663374
vn 0.344664 0.703563 0.621455
vn 0.316714 0.609772 0.726546
vn 0.382652 0.479762 0.789560
vn 0.192751 0.756245 0.625252
vn 0.134786 0.850874 0.507785
vn 0.007233 0.832315 0.554256
vn 0.070440 0.746801 0.661307
vn 0.178694 0.669993 0.720540
vn 0.026044 0.898084 0.439053
vn 0.250887 0.411410 0.876241
vn 0.081904 0.457632 0.885362
vn 0.077420 0.382663 0.920639
vn 0.077420 0.382663 0.920639
vn 0.406667 0.395160 0.823693
vn 0.406667 0.395160 0.823693
vn 0.082100 0.598563 0.796858
vn -0.017234 0.669026 0.743039
vn -0.046853 0.563342 0.824895
vn 0.025391 0.448899 0.893222
vn -0.136903 0.900137 0.413534
vn -0.262571 0.855841 0.445638
vn -0.155792 0.834372 0.528727
vn -0.194050 0.671235 0.715394
vn -0.250709 0.750692 0.611234
vn -0.374492 0.676218 0.634417
vn -0.307946 0.602028 0.736703
vn -0.194365 0.564039 0.802547
vn -0.356068 0.763059 0.539404
vn -0.142364 0.376426 0.915443
vn 0.039226 0.365429 0.930012
vn 0.039226 0.365429 0.930012
vn -0.289544 0.451000 0.844253
vn -0.339866 0.459123 0.820791
vn -0.319329 0.367649 0.873421
vn -0.319329 0.367649 0.873420
vn -0.500837 0.713947 0.489328
vn -0.510375 0.616340 0.599702
vn -0.608590 0.614747 0.501701
vn -0.642011 0.484949 0.593841
vn -0.659135 0.399555 0.637100
vn -0.659135 0.399555 0.637100
vn -0.598766 0.483957 0.638173
vn -0.503038 0.412296 0.759582
vn -0.347936 0.382445 0.855965
vn -0.347936 0.382445 0.855965
vn -0.638172 0.397110 0.659576
vn -0.638172 0.397110 0.659576
vn -0.227527 0.381165 -0.896072
vn -0.227527 0.381165 -0.896072
vn -0.227527 0.381165 -0.896072
vn -0.047812 0.303172 -0.951736
vn -0.047812 0.303172 -0.951736
vn -0.047812 0.303172 -0.951736
vn 0.146247 0.404479 -0.902778
vn 0.146247 0.404479 -0.902778
vn 0.146247 0.404479 -0.902778
vn 0.336439 0.302793 -0.891698
vn 0.336439 0.302793 -0.891698
vn 0.336439 0.302793 -0.891698
vn 0.499124 0.384185 -0.776709
vn 0.499124 0.384185 -0.776709
vn 0.499124 0.384185 -0.776709
vn -0.439661 0.261779 -0.859168
vn -0.439661 0.261779 -0.859168
vn -0.439661 0.261779 -0.859168
vn 0.681142 0.259792 -0.684510
vn 0.681142 0.259792 -0.684510
vn 0.681142 0.259792 -0.684510
vn 0.483483 0.557469 -0.674887
vn 0.483483 0.557469 -0.674887
vn 0.483483 0.557469 -0.674887
vn 0.131282 0.596598 -0.791730
vn 0.131282 0.596598 -0.791730
vn 0.131282 0.596598 -0.791730
vn 0.320432 0.669569 -0.670075
vn 0.320432 0.669569 -0.670076
vn 0.320432 0.669569 -0.670075
vn 0.294161 0.820565 -0.490042
vn 0.294161 0.820565 -0.490042
vn 0.294161 0.820566 -0.490042
vn -0.240621 0.566520 -0.788135
vn -0.240621 0.566520 -0.788135
vn -0.240621 0.566520 -0.788135
vn -0.084139 0.674624 -0.733351
vn -0.084139 0.674624 -0.733351
vn -0.084139 0.674624 -0.733351
vn -0.110408 0.825621 -0.553317
vn -0.110408 0.825621 -0.553317
vn -0.110408 0.825621 -0.553317
vn 0.078741 0.898592 -0.431663
vn 0.078741 0.898592 -0.431663
vn 0.078741 0.898591 -0.431663
vn 0.050904 0.967377 -0.248175
vn 0.050904 0.967377 -0.248175
vn 0.050904 0.967377 -0.248175
vn -0.577758 0.378903 -0.722931
vn -0.577758 0.378903 -0.722931
vn -0.577758 0.378903 -0.722930
vn -0.743033 0.309673 -0.593300
vn -0.743033 0.309673 -0.593300
vn -0.743033 0.309673 -0.593300
vn -0.810818 0.397346 -0.429757
vn -0.810818 0.397346 -0.429757
vn -0.810818 0.397346 -0.429757
vn -0.917443 0.310182 -0.249168
vn -0.917443 0.310182 -0.249168
vn -0.917443 0.310182 -0.249168
vn -0.925604 0.370622 -0.076797
vn -0.925604 0.370622 -0.076797
vn -0.925604 0.370622 -0.076797
vn 0.769889 0.382920 -0.510532
vn 0.769889 0.382920 -0.510532
vn 0.769889 0.382920 -0.510532
vn 0.889436 0.305658 -0.339818
vn 0.889436 0.305658 -0.339818
vn 0.889436 0.305658 -0.339818
vn 0.901957 0.401350 -0.159350
vn 0.901957 0.401350 -0.159350
vn 0.901957 0.401350 -0.159350
vn 0.950931 0.306393 0.043042
vn 0.950931 0.306393 0.043042
vn 0.950932 0.306393 0.043042
vn 0.901933 0.375535 0.213283
vn 0.901933 0.375536 0.213283
vn 0.901933 0.375536 0.213283
vn 0.661582 0.560930 -0.497662
vn 0.661582 0.560930 -0.497662
vn 0.661582 0.560930 -0.497662
vn 0.472537 0.824030 -0.312544
vn 0.472537 0.824030 -0.312544
vn 0.472537 0.824030 -0.312544
vn 0.655356 0.676074 -0.336797
vn 0.655356 0.676074 -0.336797
vn 0.655356 0.676074 -0.336797
vn 0.779305 0.609186 -0.146890
vn 0.779305 0.609186 -0.146890
vn 0.779305 0.609186 -0.146890
vn 0.229004 0.970837 -0.070949
vn 0.229004 0.970837 -0.070949
vn 0.229004 0.970837 -0.070949
vn 0.413666 0.905097 -0.098385
vn 0.413666 0.905097 -0.098385
vn 0.413666 0.905097 -0.098385
vn 0.537616 0.838208 0.091524
vn 0.537616 0.838208 0.091524
vn 0.537616 0.838208 0.091524
vn 0.720435 0.690252 0.067271
vn 0.720435 0.690252 0.067271
vn 0.720435 0.690252 0.067271
vn 0.778060 0.586305 0.225540
vn 0.778060 0.586305 0.225540
vn 0.778060 0.586305 0.225540
vn -0.464182 0.574999 -0.673730
vn -0.464182 0.574999 -0.673730
vn -0.464182 0.574999 -0.673730
vn -0.682156 0.627449 -0.375460
vn -0.682156 0.627449 -0.375460
vn -0.682156 0.627449 -0.375460
vn -0.504556 0.690570 -0.518205
vn -0.504556 0.690570 -0.518205
vn -0.504556 0.690570 -0.518205
vn -0.334315 0.834114 -0.438734
vn -0.334315 0.834114 -0.438734
vn -0.334315 0.834114 -0.438734
vn -0.795224 0.605969 -0.020520
vn -0.795224 0.605969 -0.020520
vn -0.795224 0.605969 -0.020520
vn -0.689516 0.707873 -0.153244
vn -0.689516 0.707873 -0.153244
vn -0.689516 0.707873 -0.153244
vn -0.519276 0.851417 -0.073772
vn -0.519276 0.851417 -0.073772
vn -0.519276 0.851417 -0.073772
vn -0.341676 0.914537 -0.216518
vn -0.341676 0.914537 -0.216518
vn -0.341676 0.914537 -0.216518
vn -0.172657 0.975856 -0.133769
vn -0.172657 0.975856 -0.133769
vn -0.172657 0.975856 -0.133769
vn -0.951470 0.266879 0.153230
vn -0.951470 0.266879 0.153230
vn -0.951470 0.266880 0.153230
vn 0.860167 0.264739 0.435919
vn 0.860167 0.264739 0.435919
vn 0.860167 0.264739 0.435919
vn 0.664570 0.596924 0.449476
vn 0.664570 0.596924 0.449476
vn 0.664570 0.596924 0.449476
vn 0.423950 0.848842 0.315806
vn 0.423950 0.848842 0.315806
vn 0.423950 0.848842 0.315806
vn 0.507012 0.710219 0.488393
vn 0.507012 0.710219 0.488393
vn 0.507012 0.710219 0.488393
vn 0.366369 0.647816 0.667913
vn 0.366369 0.647816 0.667913
vn 0.366369 0.647816 0.667913
vn 0.115514 0.981454 0.152987
vn 0.115514 0.981454 0.152987
vn 0.115514 0.981454 0.152987
vn 0.200244 0.925063 0.322739
vn 0.200244 0.925063 0.322739
vn 0.200244 0.925063 0.322739
vn 0.059601 0.862661 0.502259
vn 0.059601 0.862661 0.502259
vn 0.059601 0.862661 0.502259
vn 0.142663 0.724038 0.674846
vn 0.142663 0.724038 0.674846
vn 0.142663 0.724038 0.674846
vn 0.012455 0.621657 0.783191
vn 0.012455 0.621657 0.783191
vn 0.012455 0.621657 0.783191
vn -0.132727 0.984556 0.114163
vn -0.132727 0.984556 0.114163
vn -0.132727 0.984556 0.114163
vn -0.479283 0.860129 0.174542
vn -0.479283 0.860129 0.174542
vn -0.479283 0.860129 0.174542
vn -0.266582 0.930897 0.249727
vn -0.266582 0.930897 0.249727
vn -0.266583 0.930897 0.249727
vn -0.189024 0.865768 0.463375
vn -0.189024 0.865768 0.463375
vn -0.189024 0.865768 0.463375
vn -0.755293 0.614668 0.227412
vn -0.755293 0.614668 0.227412
vn -0.755293 0.614668 0.227412
vn -0.614423 0.724233 0.313002
vn -0.614423 0.724233 0.313002
vn -0.614423 0.724233 0.313002
vn -0.536864 0.659104 0.526649
vn -0.536864 0.659104 0.526649
vn -0.536864 0.659104 0.526649
vn -0.324164 0.729871 0.601835
vn -0.324164 0.729871 0.601835
vn -0.324164 0.729871 0.601835
vn -0.235786 0.624758 0.744367
vn -0.235786 0.624758 0.744367
vn -0.235786 0.624758 0.744367
vn -0.863140 0.369969 0.343675
vn -0.863140 0.369969 0.343675
vn -0.863140 0.369969 0.343675
vn -0.791082 0.315362 0.524153
vn -0.791082 0.315362 0.524153
vn -0.791082 0.315362 0.524153
vn -0.652745 0.391939 0.648312
vn -0.652745 0.391939 0.648312
vn -0.652745 0.391939 0.648312
vn -0.520639 0.315340 0.793407
vn -0.520639 0.315340 0.793407
vn -0.520639 0.315340 0.793407
vn -0.351282 0.367571 0.861100
vn -0.351282 0.367571 0.861100
vn -0.351282 0.367571 0.861100
vn -0.148864 0.268077 0.951827
vn -0.148864 0.268077 0.951827
vn -0.148864 0.268077 0.951827
vn 0.722781 0.373652 0.581354
vn 0.722781 0.373652 0.581354
vn 0.722781 0.373652 0.581354
vn 0.594418 0.313559 0.740505
vn 0.594418 0.313559 0.740505
vn 0.594418 0.313559 0.740505
vn 0.430547 0.393745 0.812154
vn 0.430547 0.393745 0.812154
vn 0.430547 0.393745 0.812154
vn 0.253287 0.313613 0.915146
vn 0.253287 0.313613 0.915146
vn 0.253287 0.313613 0.915146
vn 0.079158 0.367876 0.926500
vn 0.079158 0.367876 0.926500
vn 0.079158 0.367876 0.926500
vn -0.817986 -0.569361 0.082018
vn -0.817986 -0.569361 0.082018
vn -0.817986 -0.569361 0.082018
vn -0.817986 -0.569361 0.082018
vn 0.866849 0.498293 -0.016638
vn 0.866849 0.498293 -0.016638
vn 0.866849 0.498293 -0.016638
vn 0.866849 0.498293 -0.016638
vn -0.820749 0.407399 0.400497
vn -0.820749 0.407399 0.400497
vn -0.820749 0.407399 0.400497
vn -0.820749 0.407399 0.400497
vn 0.820985 -0.473557 -0.318948
vn 0.820985 -0.473557 -0.318948
vn 0.820985 -0.473557 -0.318948
vn 0.820985 -0.473557 -0.318948
vn -0.812069 -0.524780 -0.255244
vn -0.812069 -0.524780 -0.255244
vn -0.812069 -0.524780 -0.255244
vn -0.812069 -0.524780 -0.255244
vn 0.820857 0.458046 0.341155
vn 0.820857 0.458046 0.341155
vn 0.820857 0.458046 0.341155
vn 0.820857 0.458046 0.341155
vn -0.874168 0.479067 0.079534
vn -0.874168 0.479067 0.079534
vn -0.874168 0.479067 0.079534
vn -0.874168 0.479067 0.079534
vn 0.838466 -0.544938 -0.004278
vn 0.838466 -0.544938 -0.004278
vn 0.838466 -0.544938 -0.004278
vn 0.838466 -0.544938 -0.004278
vn -0.691526 -0.463425 -0.554102
vn -0.691526 -0.463425 -0.554102
vn -0.691526 -0.463425 -0.554102
vn -0.691526 -0.463425 -0.554102
vn 0.662890 0.397034 0.634776
vn 0.662890 0.397034 0.634776
vn 0.662890 0.397034 0.634776
vn 0.662890 0.397034 0.634776
vn -0.804439 0.532780 -0.262725
vn -0.804439 0.532780 -0.262725
vn -0.804439 0.532780 -0.262725
vn -0.804439 0.532780 -0.262725
vn 0.737589 -0.601964 0.305944
vn 0.737589 -0.601964 0.305944
vn 0.737589 -0.601964 0.305944
vn 0.737589 -0.601964 0.305944
vn -0.459153 -0.871517 -0.172153
vn -0.459153 -0.871517 -0.172153
vn -0.459153 -0.871517 -0.172153
vn -0.459153 -0.871517 -0.172153
vn 0.532962 0.801643 0.270779
vn 0.532962 0.801643 0.270779
vn 0.532962 0.801643 0.270779
vn 0.532962 0.801643 0.270779
vn -0.855984 -0.016813 0.516729
vn -0.855984 -0.016813 0.516729
vn -0.855984 -0.016813 0.516729
vn -0.855984 -0.016813 0.516729
vn 0.916637 -0.083473 -0.390908
vn 0.916637 -0.083473 -0.390908
vn 0.916637 -0.083473 -0.390908
vn 0.916637 -0.083473 -0.390908
vn -0.042184 0.821283 0.568959
vn -0.042184 0.821283 0.568959
vn -0.042184 0.821283 0.568959
vn -0.042184 0.821283 0.568959
vn 0.073558 -0.886777 -0.456307
vn 0.073558 -0.886777 -0.456307
vn 0.073558 -0.886777 -0.456307
vn 0.073558 -0.886777 -0.456307
vn 0.517029 -0.603451 -0.607065
vn 0.517029 -0.603451 -0.607065
vn 0.517029 -0.603451 -0.607065
vn 0.517029 -0.603451 -0.607065
vn -0.500317 0.534456 0.681204
vn -0.500317 0.534456 0.681204
vn -0.500317 0.534456 0.681204
vn -0.500317 0.534456 0.681204
vn -0.774174 -0.596053 -0.213015
vn -0.774174 -0.596053 -0.213015
vn -0.774174 -0.596053 -0.213015
vn -0.774174 -0.596053 -0.213015
vn 0.801037 0.495550 0.335812
vn 0.801037 0.495550 0.335812
vn 0.801037 0.495550 0.335812
vn 0.801037 0.495550 0.335812
vn -0.909975 0.272984 0.312132
vn -0.909975 0.272984 0.312132
vn -0.909975 0.272984 0.312132
vn -0.909975 0.272984 0.312132
vn 0.905398 -0.385115 -0.178721
vn 0.905398 -0.385115 -0.178721
vn 0.905398 -0.385115 -0.178721
vn 0.905398 -0.385115 -0.178721
vn -0.079037 0.817373 0.570661
vn -0.079037 0.817373 0.570661
vn -0.079037 0.817373 0.570661
vn -0.079037 0.817373 0.570661
vn 0.059048 -0.891877 -0.448406
vn 0.059048 -0.891877 -0.448406
vn 0.059048 -0.891877 -0.448406
vn 0.059048 -0.891877 -0.448406
vn -0.816719 -0.363572 -0.448090
vn -0.816719 -0.363572 -0.448090
vn -0.816719 -0.363572 -0.448090
vn -0.816719 -0.363572 -0.448090
vn 0.777543 0.251948 0.576151
vn 0.777543 0.251948 0.576151
vn 0.777543 0.251948 0.576151
vn 0.777543 0.251948 0.576151
vn -0.852870 0.516374 0.077274
vn -0.852870 0.516374 0.077274
vn -0.852870 0.516374 0.077274
vn -0.852870 0.516374 0.077274
vn 0.787747 -0.615247 0.030443
vn 0.787747 -0.615247 0.030443
vn 0.787747 -0.615247 0.030443
vn 0.787746 -0.615247 0.030443
vn -0.114752 0.820551 0.559936
vn -0.114752 0.820551 0.559936
vn -0.114752 0.820551 0.559936
vn -0.114752 0.820551 0.559936
vn 0.051206 -0.883427 -0.465763
vn 0.051206 -0.883427 -0.465762
vn 0.051206 -0.883427 -0.465762
vn 0.051206 -0.883427 -0.465763
vn -0.574182 0.812493 0.100848
vn -0.574182 0.812493 0.100848
vn -0.574182 0.812493 0.100848
vn -0.574182 0.812493 0.100848
vn 0.479074 -0.877097 -0.034492
vn 0.479074 -0.877097 -0.034492
vn 0.479074 -0.877097 -0.034492
vn 0.479074 -0.877097 -0.034492
vn 0.259871 0.547611 0.795355
vn 0.259871 0.547611 0.795355
vn 0.259871 0.547611 0.795355
vn 0.259871 0.547611 0.795355
vn -0.299347 -0.615646 -0.728952
vn -0.299347 -0.615647 -0.728952
vn -0.299347 -0.615647 -0.728952
vn -0.299347 -0.615647 -0.728952
vn -0.754871 -0.062745 -0.652865
vn -0.754871 -0.062745 -0.652865
vn -0.754871 -0.062745 -0.652865
vn -0.754871 -0.062745 -0.652865
vn 0.657292 -0.035205 0.752813
vn 0.657292 -0.035205 0.752813
vn 0.657292 -0.035205 0.752813
vn 0.657292 -0.035205 0.752813
vn -0.753191 -0.402139 0.520565
vn -0.753191 -0.402139 0.520565
vn -0.753191 -0.402139 0.520565
vn -0.753191 -0.402139 0.520565
vn 0.821221 0.334230 -0.462479
vn 0.821221 0.334230 -0.462479
vn 0.821221 0.334230 -0.462479
vn 0.821221 0.334230 -0.462479
vn -0.641138 0.365765 -0.674654
vn -0.641138 0.365765 -0.674654
vn -0.641138 0.365765 -0.674654
vn -0.641138 0.365765 -0.674654
vn 0.559014 -0.433344 0.706906
vn 0.559014 -0.433344 0.706906
vn 0.559014 -0.433344 0.706906
vn 0.559014 -0.433344 0.706906
vn -0.821137 0.555366 0.131541
vn -0.821137 0.555366 0.131541
vn -0.821137 0.555366 0.131541
vn -0.821137 0.555366 0.131541
vn 0.721034 -0.688906 -0.074290
vn 0.721034 -0.688906 -0.074290
vn 0.721034 -0.688906 -0.074290
vn 0.721034 -0.688905 -0.074290
vn -0.083245 0.531227 0.843130
vn -0.083245 0.531227 0.843130
vn -0.083245 0.531227 0.843130
vn -0.083245 0.531227 0.843130
vn -0.022636 -0.631102 -0.775370
vn -0.022636 -0.631102 -0.775370
vn -0.022636 -0.631102 -0.775370
vn -0.022636 -0.631102 -0.775370
vn 0.084421 -0.701284 -0.707866
vn 0.084421 -0.701284 -0.707866
vn 0.084421 -0.701284 -0.707866
vn 0.084421 -0.701284 -0.707866
vn -0.138473 0.568607 0.810870
vn -0.138473 0.568607 0.810870
vn -0.138473 0.568607 0.810870
vn -0.138473 0.568607 0.810870
vn -0.741229 -0.089832 -0.665214
vn -0.741229 -0.089832 -0.665214
vn -0.741229 -0.089832 -0.665214
vn -0.741229 -0.089832 -0.665214
vn 0.670323 -0.062363 0.739444
vn 0.670323 -0.062363 0.739444
vn 0.670323 -0.062363 0.739445
vn 0.670323 -0.062363 0.739445
vn -0.795335 -0.385418 -0.467863
vn -0.795335 -0.385418 -0.467863
vn -0.795335 -0.385418 -0.467863
vn -0.795335 -0.385418 -0.467863
vn 0.798054 0.232525 0.555916
vn 0.798054 0.232525 0.555916
vn 0.798054 0.232525 0.555916
vn 0.798054 0.232525 0.555916
vn -0.923790 0.253982 0.286540
vn -0.923790 0.253982 0.286540
vn -0.923790 0.253982 0.286540
vn -0.923790 0.253982 0.286540
vn 0.890535 -0.406483 -0.204252
vn 0.890535 -0.406483 -0.204252
vn 0.890535 -0.406483 -0.204252
vn 0.890535 -0.406483 -0.204252
vn 0.118742 -0.701703 -0.702505
vn 0.118742 -0.701703 -0.702505
vn 0.118742 -0.701703 -0.702505
vn 0.118742 -0.701703 -0.702505
vn -0.101805 0.568172 0.816588
vn -0.101805 0.568172 0.816588
vn -0.101805 0.568172 0.816588
vn -0.101805 0.568172 0.816588
vn -0.957255 0.250043 0.145400
vn -0.957255 0.250043 0.145400
vn -0.957255 0.250043 0.145400
vn -0.957255 0.250043 0.145400
vn 0.904780 -0.405026 -0.131630
vn 0.904780 -0.405026 -0.131630
vn 0.904780 -0.405026 -0.131630
vn 0.904780 -0.405026 -0.131630
vn -0.287154 0.266416 0.920090
vn -0.287154 0.266416 0.920090
vn -0.287154 0.266416 0.920090
vn -0.287154 0.266416 0.920090
vn 0.207866 -0.419752 -0.883516
vn 0.207866 -0.419752 -0.883515
vn 0.207866 -0.419752 -0.883516
vn 0.207866 -0.419752 -0.883515
vn 0.134994 -0.419936 -0.897458
vn 0.134994 -0.419936 -0.897458
vn 0.134994 -0.419936 -0.897458
vn 0.134994 -0.419936 -0.897458
vn -0.145548 0.265786 0.952981
vn -0.145548 0.265786 0.952981
vn -0.145548 0.265786 0.952981
vn -0.145548 0.265786 0.952981
vn -0.718701 -0.099059 -0.688227
vn -0.718701 -0.099059 -0.688227
vn -0.718701 -0.099059 -0.688227
vn -0.718701 -0.099059 -0.688227
vn 0.693420 -0.071644 0.716963
vn 0.693420 -0.071644 0.716963
vn 0.693420 -0.071644 0.716963
vn 0.693420 -0.071644 0.716963
vn -0.680510 -0.671394 -0.293489
vn -0.680510 -0.671394 -0.293489
vn -0.680510 -0.671394 -0.293489
vn -0.680510 -0.671394 -0.293489
vn 0.755067 0.535677 0.378055
vn 0.755067 0.535677 0.378055
vn 0.755066 0.535677 0.378054
vn 0.755067 0.535677 0.378055
vn -0.865391 -0.043212 0.499231
vn -0.865391 -0.043212 0.499231
vn -0.865391 -0.043212 0.499231
vn -0.865391 -0.043212 0.499231
vn 0.906539 -0.110351 -0.407443
vn 0.906539 -0.110351 -0.407443
vn 0.906539 -0.110351 -0.407443
vn 0.906539 -0.110351 -0.407443
vn 0.243626 -0.635328 -0.732806
vn 0.243626 -0.635328 -0.732806
vn 0.243626 -0.635328 -0.732806
vn 0.243626 -0.635328 -0.732806
vn -0.165207 0.532276 0.830294
vn -0.165207 0.532276 0.830294
vn -0.165207 0.532276 0.830294
vn -0.165207 0.532276 0.830294
vn -0.831074 -0.383275 -0.403010
vn -0.831074 -0.383275 -0.403010
vn -0.831074 -0.383275 -0.403010
vn -0.831074 -0.383275 -0.403010
vn 0.873057 0.227107 0.431501
vn 0.873057 0.227107 0.431501
vn 0.873057 0.227107 0.431501
vn 0.873057 0.227107 0.431501
vn -0.880736 -0.051902 0.470756
vn -0.880736 -0.051902 0.470756
vn -0.880736 -0.051902 0.470756
vn -0.880736 -0.051902 0.470756
vn 0.891944 -0.119200 -0.436150
vn 0.891944 -0.119200 -0.436150
vn 0.891944 -0.119200 -0.436150
vn 0.891944 -0.119200 -0.436150
vn 0.061559 -0.417952 -0.906381
vn 0.061559 -0.417952 -0.906381
vn 0.061559 -0.417952 -0.906381
vn 0.061559 -0.417952 -0.906381
vn -0.001032 0.262835 0.964840
vn -0.001032 0.262835 0.964840
vn -0.001032 0.262836 0.964840
vn -0.001032 0.262835 0.964840
vn -0.983265 -0.074349 -0.166322
vn -0.983265 -0.074349 -0.166322
vn -0.983265 -0.074349 -0.166322
vn -0.983265 -0.074349 -0.166322
vn 0.984958 -0.098864 0.141720
vn 0.984958 -0.098864 0.141720
vn 0.984958 -0.098864 0.141720
vn 0.984958 -0.098864 0.141720
vn -0.465488 -0.043915 0.883964
vn -0.465488 -0.043915 0.883964
vn -0.465488 -0.043915 0.883964
vn -0.465488 -0.043915 0.883964
vn 0.434350 -0.128085 -0.891591
vn 0.434350 -0.128085 -0.891591
vn 0.434350 -0.128085 -0.891591
vn 0.434350 -0.128085 -0.891591
vn -0.144217 -0.120861 -0.982138
vn -0.144217 -0.120861 -0.982137
vn -0.144217 -0.120861 -0.982138
vn -0.144217 -0.120861 -0.982137
vn 0.172186 -0.051820 0.983701
vn 0.172186 -0.051820 0.983701
vn 0.172186 -0.051820 0.983701
vn 0.172186 -0.051820 0.983701
vn -0.694030 -0.325824 0.641997
vn -0.694031 -0.325824 0.641997
vn -0.694031 -0.325824 0.641997
vn -0.694030 -0.325824 0.641997
vn 0.799952 0.208194 -0.562790
vn 0.799952 0.208194 -0.562790
vn 0.799952 0.208194 -0.562790
vn 0.799952 0.208194 -0.562790
vn 0.262267 -0.527770 -0.807883
vn 0.262267 -0.527770 -0.807883
vn 0.262267 -0.527770 -0.807883
vn 0.262267 -0.527770 -0.807883
vn -0.206725 0.462264 0.862309
vn -0.206725 0.462264 0.862309
vn -0.206725 0.462264 0.862309
vn -0.206725 0.462264 0.862309
vn -0.428682 -0.886196 -0.175749
vn -0.428682 -0.886196 -0.175749
vn -0.428682 -0.886196 -0.175749
vn -0.428682 -0.886196 -0.175749
vn 0.549712 0.799935 0.240667
vn 0.549712 0.799935 0.240667
vn 0.549712 0.799935 0.240667
vn 0.549712 0.799935 0.240667
vn -0.496369 -0.462565 0.734609
vn -0.496370 -0.462565 0.734609
vn -0.496369 -0.462565 0.734609
vn -0.496369 -0.462565 0.734609
vn 0.581178 0.393986 -0.712044
vn 0.581178 0.393986 -0.712044
vn 0.581178 0.393986 -0.712044
vn 0.581178 0.393986 -0.712044
vn -0.467429 -0.570039 0.675696
vn -0.467429 -0.570039 0.675696
vn -0.467429 -0.570039 0.675696
vn -0.467429 -0.570039 0.675696
vn 0.590880 0.461459 -0.661753
vn 0.590880 0.461459 -0.661753
vn 0.590880 0.461458 -0.661753
vn 0.590880 0.461459 -0.661753
vn 0.028375 0.280311 0.959490
vn 0.028375 0.280311 0.959490
vn 0.028375 0.280311 0.959490
vn 0.028375 0.280311 0.959490
vn 0.093526 -0.399526 -0.911939
vn 0.093526 -0.399526 -0.911939
vn 0.093526 -0.399526 -0.911939
vn 0.093526 -0.399526 -0.911939
vn -0.039207 -0.438152 -0.898046
vn -0.039207 -0.438152 -0.898046
vn -0.039207 -0.438152 -0.898045
vn -0.039207 -0.438152 -0.898046
vn 0.111216 0.372305 0.921423
vn 0.111216 0.372305 0.921423
vn 0.111216 0.372305 0.921423
vn 0.111216 0.372305 0.921423
vn -0.421510 -0.883972 -0.202295
vn -0.421510 -0.883972 -0.202295
vn -0.421510 -0.883972 -0.202295
vn -0.421510 -0.883972 -0.202295
vn 0.555948 0.804529 0.208939
vn 0.555948 0.804529 0.208939
vn 0.555948 0.804529 0.208939
vn 0.555948 0.804529 0.208939
vn -0.160325 -0.500648 0.850674
vn -0.160325 -0.500649 0.850674
vn -0.160325 -0.500648 0.850674
vn -0.160325 -0.500648 0.850674
vn 0.240173 0.426575 -0.871981
vn 0.240173 0.426575 -0.871981
vn 0.240173 0.426575 -0.871981
vn 0.240173 0.426575 -0.871981
vn -0.317202 -0.868954 0.379870
vn -0.317202 -0.868954 0.379870
vn -0.317202 -0.868954 0.379870
vn -0.317202 -0.868954 0.379870
vn 0.450323 0.784648 -0.426071
vn 0.450323 0.784648 -0.426071
vn 0.450323 0.784648 -0.426071
vn 0.450323 0.784648 -0.426071
vn 0.227453 -0.020136 0.973581
vn 0.227453 -0.020136 0.973581
vn 0.227453 -0.020136 0.973581
vn 0.227453 -0.020136 0.973581
vn -0.089839 -0.088843 -0.991986
vn -0.089839 -0.088843 -0.991986
vn -0.089839 -0.088843 -0.991986
vn -0.089839 -0.088843 -0.991986
vn -0.421556 -0.535665 -0.731679
vn -0.421556 -0.535665 -0.731679
vn -0.421556 -0.535665 -0.731679
vn -0.421556 -0.535665 -0.731679
vn 0.497410 0.463202 0.733504
vn 0.497410 0.463202 0.733504
vn 0.497410 0.463202 0.733504
vn 0.497410 0.463202 0.733504
vn 0.000729 -0.545519 -0.838098
vn 0.000729 -0.545519 -0.838098
vn 0.000729 -0.545519 -0.838098
vn 0.000729 -0.545519 -0.838098
vn -0.072691 0.480404 0.874030
vn -0.072691 0.480404 0.874030
vn -0.072691 0.480404 0.874030
vn -0.072691 0.480404 0.874030
vn -0.341246 0.422112 -0.839865
vn -0.341246 0.422112 -0.839865
vn -0.341246 0.422112 -0.839865
vn -0.341246 0.422112 -0.839865
vn 0.253501 -0.490273 0.833888
vn 0.253501 -0.490273 0.833888
vn 0.253501 -0.490273 0.833888
vn 0.253501 -0.490273 0.833888
vn 0.312522 -0.462184 -0.829889
vn 0.312522 -0.462184 -0.829889
vn 0.312522 -0.462184 -0.829889
vn 0.312522 -0.462184 -0.829889
vn -0.391015 0.396509 0.830595
vn -0.391015 0.396509 0.830595
vn -0.391015 0.396509 0.830595
vn -0.391015 0.396509 0.830595
vn 0.028061 0.454146 -0.890485
vn 0.028061 0.454146 -0.890485
vn 0.028061 0.454146 -0.890485
vn 0.028061 0.454146 -0.890485
vn -0.097419 -0.527381 0.844026
vn -0.097419 -0.527381 0.844026
vn -0.097419 -0.527381 0.844026
vn -0.097419 -0.527381 0.844026
vn -0.584617 0.225503 -0.779340
vn -0.584617 0.225503 -0.779340
vn -0.584617 0.225503 -0.779340
vn -0.584617 0.225503 -0.779340
vn 0.458048 -0.339371 0.821596
vn 0.458048 -0.339371 0.821595
vn 0.458048 -0.339371 0.821596
vn 0.458048 -0.339371 0.821596
vn -0.582477 0.810213 0.065388
vn -0.582477 0.810213 0.065388
vn -0.582477 0.810213 0.065388
vn -0.582477 0.810213 0.065388
vn 0.455080 -0.889445 -0.042297
vn 0.455080 -0.889445 -0.042297
vn 0.455080 -0.889445 -0.042297
vn 0.455080 -0.889445 -0.042297
vn -0.349236 0.473312 -0.808709
vn -0.349236 0.473312 -0.808709
vn -0.349236 0.473312 -0.808709
vn -0.349236 0.473313 -0.808709
vn 0.226584 -0.577765 0.784122
vn 0.226584 -0.577765 0.784122
vn 0.226584 -0.577764 0.784122
vn 0.226584 -0.577765 0.784122
vn -0.579016 0.814734 0.030804
vn -0.579016 0.814734 0.030804
vn -0.579016 0.814734 0.030804
vn -0.579016 0.814734 0.030804
vn 0.457351 -0.887049 -0.063036
vn 0.457351 -0.887049 -0.063036
vn 0.457351 -0.887049 -0.063036
vn 0.457351 -0.887049 -0.063036
vn 0.180972 -0.399765 -0.898575
vn 0.180972 -0.399765 -0.898575
vn 0.180972 -0.399765 -0.898575
vn 0.180972 -0.399765 -0.898575
vn -0.313105 0.284564 0.906084
vn -0.313105 0.284565 0.906084
vn -0.313105 0.284565 0.906084
vn -0.313105 0.284565 0.906084
vn -0.283496 0.790163 -0.543390
vn -0.283495 0.790163 -0.543390
vn -0.283495 0.790163 -0.543390
vn -0.283495 0.790163 -0.543390
vn 0.176475 -0.867987 0.464171
vn 0.176475 -0.867987 0.464171
vn 0.176475 -0.867987 0.464171
vn 0.176475 -0.867987 0.464171
vn -0.688162 0.499402 0.526337
vn -0.688162 0.499402 0.526337
vn -0.688162 0.499402 0.526337
vn -0.688162 0.499402 0.526337
vn 0.615238 -0.570100 -0.544489
vn 0.615238 -0.570100 -0.544489
vn 0.615238 -0.570100 -0.544489
vn 0.615238 -0.570101 -0.544489
vn 0.387258 -0.094509 -0.917115
vn 0.387258 -0.094509 -0.917115
vn 0.387258 -0.094509 -0.917115
vn 0.387258 -0.094509 -0.917115
vn -0.513358 -0.010437 0.858111
vn -0.513358 -0.010437 0.858111
vn -0.513358 -0.010437 0.858111
vn -0.513358 -0.010437 0.858111
vn -0.827037 0.554066 0.094977
vn -0.827037 0.554066 0.094977
vn -0.827037 0.554066 0.094977
vn -0.827037 0.554066 0.094977
vn 0.715504 -0.690121 -0.108570
vn 0.715504 -0.690121 -0.108570
vn 0.715504 -0.690121 -0.108570
vn 0.715504 -0.690121 -0.108570
vn -0.564045 0.206012 -0.799633
vn -0.564045 0.206012 -0.799633
vn -0.564045 0.206012 -0.799633
vn -0.564045 0.206012 -0.799633
vn 0.479108 -0.360658 0.800238
vn 0.479108 -0.360658 0.800238
vn 0.479109 -0.360658 0.800238
vn 0.479109 -0.360658 0.800238
vn -0.440124 0.201656 -0.875001
vn -0.440124 0.201656 -0.875001
vn -0.440124 0.201656 -0.875001
vn -0.440124 0.201656 -0.875001
vn 0.414439 -0.359140 0.836217
vn 0.414439 -0.359140 0.836217
vn 0.414438 -0.359140 0.836217
vn 0.414439 -0.359140 0.836217
vn -0.969768 0.244029 0.000863
vn -0.969768 0.244029 0.000863
vn -0.969768 0.244029 0.000863
vn -0.969768 0.244029 0.000863
vn 0.914071 -0.401368 -0.058111
vn 0.914071 -0.401369 -0.058111
vn 0.914071 -0.401368 -0.058111
vn 0.914071 -0.401368 -0.058111
vn -0.494223 -0.035964 0.868591
vn -0.494223 -0.035964 0.868591
vn -0.494223 -0.035964 0.868591
vn -0.494223 -0.035964 0.868591
vn 0.405293 -0.120160 -0.906256
vn 0.405293 -0.120160 -0.906256
vn 0.405293 -0.120160 -0.906256
vn 0.405293 -0.120160 -0.906256
vn -0.392011 0.513390 -0.763386
vn -0.392010 0.513390 -0.763386
vn -0.392010 0.513390 -0.763386
vn -0.392011 0.513390 -0.763386
vn 0.309745 -0.652171 0.691904
vn 0.309745 -0.652171 0.691904
vn 0.309745 -0.652171 0.691904
vn 0.309745 -0.652171 0.691904
vn -0.839742 0.519125 0.159193
vn -0.839742 0.519125 0.159193
vn -0.839742 0.519125 0.159193
vn -0.839742 0.519125 0.159193
vn 0.742481 -0.626687 -0.236613
vn 0.742481 -0.626687 -0.236613
vn 0.742481 -0.626687 -0.236613
vn 0.742481 -0.626687 -0.236613
vn -0.709143 -0.345814 0.614434
vn -0.709143 -0.345814 0.614434
vn -0.709143 -0.345814 0.614434
vn -0.709143 -0.345814 0.614434
vn 0.786139 0.189181 -0.588384
vn 0.786139 0.189181 -0.588384
vn 0.786139 0.189181 -0.588384
vn 0.786139 0.189181 -0.588384
vn -0.664771 -0.672862 -0.324555
vn -0.664771 -0.672862 -0.324555
vn -0.664771 -0.672862 -0.324555
vn -0.664771 -0.672862 -0.324555
vn 0.771824 0.534109 0.344985
vn 0.771824 0.534109 0.344985
vn 0.771824 0.534109 0.344985
vn 0.771824 0.534109 0.344985
vn -0.648543 -0.610344 -0.454832
vn -0.648543 -0.610344 -0.454832
vn -0.648543 -0.610344 -0.454832
vn -0.648543 -0.610344 -0.454832
vn 0.763521 0.499172 0.409711
vn 0.763521 0.499172 0.409711
vn 0.763521 0.499172 0.409711
vn 0.763521 0.499172 0.409711
vn -0.522084 -0.641780 0.561735
vn -0.522085 -0.641780 0.561735
vn -0.522085 -0.641780 0.561735
vn -0.522084 -0.641780 0.561735
vn 0.618764 0.500725 -0.605314
vn 0.618764 0.500725 -0.605314
vn 0.618764 0.500725 -0.605314
vn 0.618764 0.500725 -0.605314
vn 0.204432 -0.044692 0.977860
vn 0.204432 -0.044692 0.977860
vn 0.204432 -0.044692 0.977860
vn 0.204432 -0.044692 0.977860
vn -0.111995 -0.113641 -0.987190
vn -0.111995 -0.113641 -0.987189
vn -0.111995 -0.113641 -0.987190
vn -0.111995 -0.113641 -0.987189
vn -0.862220 -0.379132 -0.335909
vn -0.862220 -0.379132 -0.335909
vn -0.862220 -0.379132 -0.335909
vn -0.862220 -0.379132 -0.335909
vn 0.928844 0.220228 0.297906
vn 0.928844 0.220228 0.297906
vn 0.928844 0.220228 0.297906
vn 0.928844 0.220228 0.297906
vn -0.658488 -0.345708 0.668490
vn -0.658488 -0.345708 0.668490
vn -0.658488 -0.345708 0.668490
vn -0.658488 -0.345708 0.668490
vn 0.690896 0.187523 -0.698210
vn 0.690896 0.187523 -0.698210
vn 0.690896 0.187523 -0.698210
vn 0.690896 0.187523 -0.698210
vn 0.274471 -0.372436 0.886542
vn 0.274471 -0.372436 0.886542
vn 0.274471 -0.372436 0.886542
vn 0.274471 -0.372436 0.886542
vn -0.203388 0.305309 -0.930279
vn -0.203388 0.305309 -0.930279
vn -0.203388 0.305309 -0.930279
vn -0.203388 0.305309 -0.930279
vn 0.471601 0.309997 -0.825527
vn 0.471601 0.309997 -0.825527
vn 0.471601 0.309997 -0.825527
vn 0.471601 0.309997 -0.825527
vn -0.528669 -0.377856 0.760088
vn -0.528669 -0.377856 0.760088
vn -0.528669 -0.377856 0.760088
vn -0.528669 -0.377856 0.760088
vn -0.873672 0.431181 0.225346
vn -0.873672 0.431181 0.225346
vn -0.873672 0.431181 0.225346
vn -0.873672 0.431181 0.225346
vn 0.820818 -0.496872 -0.281738
vn 0.820818 -0.496872 -0.281738
vn 0.820818 -0.496872 -0.281738
vn 0.820818 -0.496872 -0.281738
vn 0.554917 0.203373 -0.806664
vn 0.554917 0.203373 -0.806664
vn 0.554917 0.203373 -0.806664
vn 0.554917 0.203373 -0.806664
vn -0.633045 -0.325621 0.702300
vn -0.633045 -0.325621 0.702300
vn -0.633045 -0.325621 0.702300
vn -0.633045 -0.325621 0.702300
vn -0.255969 0.788617 -0.559073
vn -0.255969 0.788617 -0.559073
vn -0.255969 0.788617 -0.559073
vn -0.255969 0.788617 -0.559073
vn 0.186992 -0.883111 0.430290
vn 0.186992 -0.883111 0.430290
vn 0.186992 -0.883111 0.430290
vn 0.186992 -0.883111 0.430290
vn -0.359044 0.512111 -0.780276
vn -0.359044 0.512111 -0.780276
vn -0.359044 0.512111 -0.780276
vn -0.359044 0.512111 -0.780276
vn 0.340661 -0.653346 0.676084
vn 0.340661 -0.653346 0.676084
vn 0.340661 -0.653346 0.676084
vn 0.340661 -0.653346 0.676084
vn -0.964876 0.261102 -0.028985
vn -0.964876 0.261102 -0.028985
vn -0.964876 0.261102 -0.028985
vn -0.964876 0.261102 -0.028985
vn 0.918604 -0.384351 -0.091876
vn 0.918604 -0.384351 -0.091876
vn 0.918604 -0.384351 -0.091876
vn 0.918604 -0.384351 -0.091876
vn 0.580942 0.185155 -0.792606
vn 0.580942 0.185155 -0.792606
vn 0.580942 0.185155 -0.792606
vn 0.580942 0.185155 -0.792606
vn -0.604159 -0.343773 0.718897
vn -0.604159 -0.343773 0.718897
vn -0.604159 -0.343773 0.718897
vn -0.604159 -0.343773 0.718897
vn -0.934829 0.341285 -0.098074
vn -0.934829 0.341285 -0.098074
vn -0.934829 0.341285 -0.098074
vn -0.934829 0.341285 -0.098074
vn 0.913134 -0.406917 0.024587
vn 0.913134 -0.406917 0.024587
vn 0.913134 -0.406917 0.024587
vn 0.913134 -0.406917 0.024587
vn -0.740532 -0.446808 0.501970
vn -0.740532 -0.446808 0.501970
vn -0.740532 -0.446808 0.501971
vn -0.740532 -0.446808 0.501970
vn 0.718312 0.378546 -0.583721
vn 0.718313 0.378546 -0.583721
vn 0.718313 0.378546 -0.583721
vn 0.718312 0.378546 -0.583721
vn 0.649643 0.462750 -0.603181
vn 0.649642 0.462750 -0.603181
vn 0.649642 0.462750 -0.603181
vn 0.649642 0.462750 -0.603181
vn -0.662298 -0.574838 0.480544
vn -0.662298 -0.574838 0.480544
vn -0.662298 -0.574838 0.480544
vn -0.662298 -0.574838 0.480544
vn -0.226951 0.792749 -0.565722
vn -0.226951 0.792749 -0.565722
vn -0.226951 0.792749 -0.565722
vn -0.226951 0.792749 -0.565722
vn 0.220565 -0.878674 0.423418
vn 0.220565 -0.878674 0.423418
vn 0.220565 -0.878674 0.423418
vn 0.220565 -0.878674 0.423418
vn -0.306541 0.196236 -0.931410
vn -0.306541 0.196236 -0.931410
vn -0.306541 0.196236 -0.931410
vn -0.306541 0.196236 -0.931410
vn 0.347321 -0.355631 0.867695
vn 0.347321 -0.355631 0.867695
vn 0.347321 -0.355631 0.867695
vn 0.347321 -0.355631 0.867695
vn -0.977749 -0.067640 -0.198573
vn -0.977749 -0.067640 -0.198573
vn -0.977749 -0.067640 -0.198573
vn -0.977749 -0.067640 -0.198573
vn 0.989724 -0.092277 0.109231
vn 0.989724 -0.092277 0.109231
vn 0.989724 -0.092277 0.109231
vn 0.989724 -0.092277 0.109231
vn -0.423118 0.476135 -0.770887
vn -0.423118 0.476135 -0.770887
vn -0.423118 0.476135 -0.770887
vn -0.423118 0.476135 -0.770887
vn 0.470348 -0.589028 0.657129
vn 0.470348 -0.589028 0.657129
vn 0.470348 -0.589028 0.657129
vn 0.470348 -0.589028 0.657129
vn -0.974002 -0.043727 -0.222282
vn -0.974002 -0.043727 -0.222282
vn -0.974002 -0.043727 -0.222282
vn -0.974002 -0.043727 -0.222282
vn 0.993981 -0.068357 0.085605
vn 0.993981 -0.068357 0.085605
vn 0.993981 -0.068357 0.085605
vn 0.993981 -0.068357 0.085605
vn 0.592453 0.500210 -0.631497
vn 0.592454 0.500210 -0.631497
vn 0.592453 0.500210 -0.631497
vn 0.592454 0.500210 -0.631497
vn -0.546630 -0.642254 0.537313
vn -0.546630 -0.642254 0.537313
vn -0.546630 -0.642254 0.537313
vn -0.546630 -0.642254 0.537313
vn -0.854728 -0.492553 0.163805
vn -0.854728 -0.492553 0.163805
vn -0.854728 -0.492553 0.163805
vn -0.854728 -0.492552 0.163805
vn 0.875432 0.418419 -0.241960
vn 0.875432 0.418419 -0.241960
vn 0.875432 0.418419 -0.241960
vn 0.875432 0.418419 -0.241961
vn 0.408193 0.785544 -0.465080
vn 0.408193 0.785544 -0.465080
vn 0.408193 0.785544 -0.465080
vn 0.408193 0.785544 -0.465080
vn -0.359470 -0.873136 0.329265
vn -0.359470 -0.873136 0.329265
vn -0.359470 -0.873136 0.329265
vn -0.359470 -0.873136 0.329265
vn -0.753513 0.431147 -0.496317
vn -0.753513 0.431147 -0.496317
vn -0.753513 0.431147 -0.496317
vn -0.753513 0.431147 -0.496317
vn 0.755000 -0.504609 0.418742
vn 0.755000 -0.504609 0.418742
vn 0.755001 -0.504609 0.418742
vn 0.755000 -0.504609 0.418742
vn -0.855305 -0.362857 -0.369850
vn -0.855305 -0.362857 -0.369850
vn -0.855305 -0.362857 -0.369850
vn -0.855305 -0.362857 -0.369850
vn 0.933737 0.237276 0.268021
vn 0.933737 0.237276 0.268021
vn 0.933737 0.237276 0.268021
vn 0.933737 0.237276 0.268021
vn -0.276973 0.213877 -0.936772
vn -0.276973 0.213877 -0.936772
vn -0.276973 0.213877 -0.936772
vn -0.276973 0.213877 -0.936772
vn 0.381126 -0.338702 0.860246
vn 0.381126 -0.338702 0.860246
vn 0.381126 -0.338702 0.860246
vn 0.381126 -0.338702 0.860246
vn -0.703394 -0.469734 -0.533466
vn -0.703394 -0.469734 -0.533466
vn -0.703394 -0.469734 -0.533466
vn -0.703394 -0.469734 -0.533466
vn 0.770419 0.403166 0.493874
vn 0.770419 0.403166 0.493874
vn 0.770419 0.403166 0.493874
vn 0.770419 0.403166 0.493874
vn -0.324448 -0.881669 0.342627
vn -0.324448 -0.881669 0.342627
vn -0.324448 -0.881669 0.342627
vn -0.324448 -0.881669 0.342627
vn 0.431653 0.782534 -0.448684
vn 0.431653 0.782534 -0.448684
vn 0.431653 0.782534 -0.448684
vn 0.431653 0.782534 -0.448684
vn -0.884931 -0.384191 -0.263240
vn -0.884931 -0.384191 -0.263240
vn -0.884931 -0.384191 -0.263240
vn -0.884931 -0.384191 -0.263240
vn 0.927323 0.317933 0.197460
vn 0.927323 0.317933 0.197460
vn 0.927323 0.317933 0.197460
vn 0.927323 0.317933 0.197460
vn -0.506493 0.382324 -0.772847
vn -0.506493 0.382324 -0.772847
vn -0.506493 0.382324 -0.772847
vn -0.506493 0.382324 -0.772847
vn 0.549784 -0.449792 0.703864
vn 0.549784 -0.449792 0.703864
vn 0.549784 -0.449792 0.703864
vn 0.549784 -0.449792 0.703864
vn 0.983319 0.093965 -0.155741
vn 0.542648 0.835551 -0.085946
vn 0.549412 0.835552 0.000001
vn 0.995576 0.093966 0.000003
vn 0.946848 0.093966 -0.307650
vn 0.522522 0.835552 -0.169778
vn 0.887065 0.093965 -0.451981
vn 0.489531 0.835551 -0.249428
vn 0.805438 0.093965 -0.585184
vn 0.444485 0.835550 -0.322937
vn 0.703979 0.093965 -0.703978
vn 0.388494 0.835551 -0.388494
vn 0.585185 0.093965 -0.805437
vn 0.322937 0.835551 -0.444484
vn 0.451982 0.093965 -0.887064
vn 0.249428 0.835551 -0.489530
vn 0.307649 0.093965 -0.946849
vn 0.169778 0.835551 -0.522523
vn 0.155742 0.093965 -0.983318
vn 0.085947 0.835551 -0.542649
vn 0.000000 0.093965 -0.995576
vn -0.000000 0.835550 -0.549414
vn -0.155742 0.093965 -0.983318
vn -0.085947 0.835551 -0.542649
vn -0.307649 0.093965 -0.946849
vn -0.169778 0.835551 -0.522523
vn -0.451982 0.093965 -0.887064
vn -0.249428 0.835551 -0.489531
vn -0.585185 0.093965 -0.805437
vn -0.322937 0.835551 -0.444485
vn -0.703978 0.093965 -0.703978
vn -0.388494 0.835551 -0.388494
vn -0.805437 0.093965 -0.585185
vn -0.444484 0.835551 -0.322937
vn -0.887064 0.093965 -0.451982
vn -0.489531 0.835551 -0.249428
vn -0.946849 0.093965 -0.307649
vn -0.522523 0.835551 -0.169778
vn -0.983318 0.093965 -0.155742
vn -0.542648 0.835551 -0.085947
vn -0.995576 0.093965 0.000000
vn -0.549412 0.835552 0.000000
vn -0.983318 0.093965 0.155742
vn -0.542649 0.835551 0.085947
vn -0.946849 0.093965 0.307649
vn -0.522523 0.835551 0.169778
vn -0.887064 0.093965 0.451981
vn -0.489530 0.835551 0.249428
vn -0.805437 0.093965 0.585185
vn -0.444484 0.835551 0.322937
vn -0.703978 0.093965 0.703978
vn -0.388494 0.835551 0.388494
vn -0.585185 0.093965 0.805437
vn -0.322937 0.835551 0.444484
vn -0.451982 0.093965 0.887064
vn -0.249428 0.835551 0.489530
vn -0.307649 0.093965 0.946849
vn -0.169778 0.835551 0.522523
vn -0.155742 0.093965 0.983318
vn -0.085947 0.835551 0.542649
vn 0.000000 0.093965 0.995575
vn -0.000000 0.835551 0.549413
vn 0.155742 0.093965 0.983318
vn 0.085947 0.835551 0.542649
vn 0.307649 0.093965 0.946849
vn 0.169778 0.835551 0.522523
vn 0.451982 0.093965 0.887064
vn 0.249428 0.835551 0.489531
vn 0.585185 0.093965 0.805437
vn 0.322937 0.835550 0.444485
vn 0.703978 0.093965 0.703978
vn 0.388494 0.835551 0.388494
vn 0.805437 0.093965 0.585185
vn 0.444485 0.835551 0.322937
vn 0.887064 0.093965 0.451982
vn 0.489531 0.835550 0.249429
vn 0.946849 0.093965 0.307649
vn 0.522523 0.835551 0.169778
vn 0.983318 0.093966 0.155742
vn 0.542649 0.835551 0.085947
vn 0.987689 0.000000 -0.156433
vn 0.951056 0.000000 -0.309018
vn 0.891007 0.000000 -0.453990
vn 0.809017 0.000000 -0.587785
vn 0.707107 0.000000 -0.707106
vn 0.587785 0.000000 -0.809017
vn 0.453991 0.000000 -0.891006
vn 0.309017 0.000000 -0.951057
vn 0.156434 0.000000 -0.987688
vn 0.000000 0.000000 -1.000000
vn -0.156434 0.000000 -0.987688
vn -0.309017 0.000000 -0.951057
vn -0.453990 0.000000 -0.891007
vn -0.587785 0.000000 -0.809017
vn -0.707107 0.000000 -0.707107
vn -0.809017 0.000000 -0.587786
vn -0.891007 0.000000 -0.453990
vn -0.951057 0.000000 -0.309017
vn -0.987688 0.000000 -0.156434
vn -1.000000 0.000000 0.000000
vn -0.987688 0.000000 0.156434
vn -0.951057 0.000000 0.309017
vn -0.891007 0.000000 0.453990
vn -0.809017 0.000000 0.587786
vn -0.707107 0.000000 0.707107
vn -0.587786 0.000000 0.809017
vn -0.453991 0.000000 0.891006
vn -0.309016 0.000000 0.951057
vn -0.156434 0.000000 0.987688
vn 0.000000 0.000000 1.000000
vn 0.156434 0.000000 0.987688
vn 0.309016 0.000000 0.951057
vn 0.453991 0.000000 0.891006
vn 0.587786 0.000000 0.809017
vn 0.707107 0.000000 0.707107
vn 0.809017 0.000000 0.587786
vn 0.891006 0.000000 0.453991
vn 0.951057 0.000000 0.309016
vn 0.987689 0.000000 0.156434
vn 1.000000 0.000000 0.000003
vn 0.000000 1.000000 0.000000
vn 0.000000 1.000000 0.000000
vn 0.000000 1.000000 0.000000
vn 0.000000 1.000000 -0.000000
vn 0.000000 1.000000 -0.000000
vn 0.000000 1.000000 0.000000
vn 0.000000 1.000000 -0.000000
vn 0.000000 1.000000 -0.000000
vn 0.000000 1.000000 -0.000000
vn 0.000000 1.000000 -0.000000
vn 0.000000 1.000000 0.000000
vn 0.000000 1.000000 0.000000
vn 0.000000 1.000000 0.000001
vn 0.000000 1.000000 0.000001
vn 0.000000 1.000000 0.000000
vn 0.000000 1.000000 -0.000000
vn 0.000000 1.000000 -0.000000
vn 0.000000 1.000000 0.000000
vn 0.000000 1.000000 0.000000
vn 0.000000 1.000000 0.000000
vn 0.000000 1.000000 -0.000000
vn 0.000000 1.000000 0.000000
vn 0.000000 1.000000 0.000000
vn 0.000000 1.000000 0.000000
vn 0.000000 1.000000 0.000000
vn 0.000000 1.000000 0.000000
vn 0.000000 1.000000 0.000000
vn 0.000000 1.000000 0.000000
vn 0.000000 1.000000 0.000000
vn 0.000000 1.000000 0.000000
vn 0.000000 1.000000 -0.000000
vn 0.000000 1.000000 -0.000000
vn 0.000000 1.000000 -0.000000
vn 0.000000 1.000000 0.000000
vn 0.000000 1.000000 0.000000
vn 0.000000 1.000000 0.000001
vn 0.000000 1.000000 0.000000
vn 0.000000 1.000000 0.000000
vn 0.000000 1.000000 -0.000000
vn -0.000000 1.000000 -0.000000
vn 0.053624 0.998409 -0.017423
vn 0.854335 0.439381 -0.277590
vn 0.800393 0.439380 -0.407819
vn 0.050239 0.998409 -0.025598
vn 0.055690 0.998409 -0.008820
vn 0.887243 0.439379 -0.140524
vn 0.056384 0.998409 -0.000000
vn 0.898303 0.439376 0.000002
vn 0.726741 0.439380 -0.528008
vn 0.045616 0.998409 -0.033142
vn 0.635195 0.439380 -0.635195
vn 0.039870 0.998409 -0.039869
vn 0.528008 0.439380 -0.726741
vn 0.033142 0.998409 -0.045616
vn 0.407820 0.439380 -0.800392
vn 0.025598 0.998409 -0.050239
vn 0.277590 0.439379 -0.854336
vn 0.017424 0.998409 -0.053624
vn 0.140526 0.439379 -0.887242
vn 0.008820 0.998409 -0.055690
vn 0.000000 0.439379 -0.898302
vn 0.000000 0.998409 -0.056384
vn -0.140526 0.439379 -0.887242
vn -0.008820 0.998409 -0.055690
vn -0.277590 0.439379 -0.854336
vn -0.017424 0.998409 -0.053625
vn -0.407820 0.439379 -0.800393
vn -0.025598 0.998409 -0.050239
vn -0.528009 0.439379 -0.726741
vn -0.033142 0.998409 -0.045615
vn -0.635196 0.439379 -0.635195
vn -0.039870 0.998409 -0.039869
vn -0.726741 0.439378 -0.528009
vn -0.045616 0.998409 -0.033142
vn -0.800393 0.439379 -0.407821
vn -0.050239 0.998409 -0.025598
vn -0.854336 0.439378 -0.277590
vn -0.053624 0.998409 -0.017423
vn -0.887243 0.439378 -0.140525
vn -0.055690 0.998409 -0.008820
vn -0.898302 0.439379 0.000000
vn -0.056384 0.998409 0.000000
vn -0.887243 0.439378 0.140525
vn -0.055690 0.998409 0.008821
vn -0.854337 0.439378 0.277590
vn -0.053624 0.998409 0.017424
vn -0.800393 0.439378 0.407821
vn -0.050239 0.998409 0.025598
vn -0.726742 0.439378 0.528009
vn -0.045616 0.998409 0.033142
vn -0.635196 0.439378 0.635195
vn -0.039870 0.998409 0.039869
vn -0.528009 0.439379 0.726741
vn -0.033142 0.998409 0.045615
vn -0.407821 0.439378 0.800393
vn -0.025598 0.998409 0.050239
vn -0.277590 0.439379 0.854336
vn -0.017424 0.998409 0.053624
vn -0.140525 0.439379 0.887242
vn -0.008820 0.998409 0.055690
vn 0.000000 0.439380 0.898302
vn 0.000000 0.998409 0.056384
vn 0.140525 0.439379 0.887242
vn 0.008820 0.998409 0.055690
vn 0.277590 0.439379 0.854336
vn 0.017424 0.998409 0.053625
vn 0.407820 0.439379 0.800393
vn 0.025598 0.998409 0.050238
vn 0.528009 0.439380 0.726741
vn 0.033142 0.998409 0.045616
vn 0.635196 0.439379 0.635195
vn 0.039870 0.998409 0.039870
vn 0.726741 0.439379 0.528009
vn 0.045616 0.998409 0.033142
vn 0.800393 0.439378 0.407820
vn 0.050239 0.998409 0.025598
vn 0.854336 0.439379 0.277589
vn 0.053625 0.998409 0.017423
vn 0.887243 0.439378 0.140525
vn 0.055690 0.998409 0.008820
vn 0.000000 1.000000 0.000000
vn 0.987689 0.000000 -0.156433
vn 0.951057 0.000000 -0.309016
vn 0.891007 0.000004 -0.453989
vn 0.809018 0.000004 -0.587784
vn 0.707106 0.000000 -0.707107
vn 0.587785 0.000000 -0.809017
vn 0.453991 0.000000 -0.891006
vn 0.309017 0.000000 -0.951057
vn 0.156435 0.000000 -0.987688
vn 0.000000 0.000000 -1.000000
vn -0.156435 0.000000 -0.987688
vn -0.309017 0.000000 -0.951057
vn -0.453990 0.000000 -0.891007
vn -0.587785 0.000000 -0.809017
vn -0.707107 -0.000002 -0.707107
vn -0.809017 -0.000003 -0.587786
vn -0.891007 -0.000001 -0.453990
vn -0.951057 0.000001 -0.309016
vn -0.987689 0.000001 -0.156434
vn -1.000000 0.000000 -0.000000
vn -0.987689 -0.000002 0.156434
vn -0.951057 -0.000003 0.309016
vn -0.891007 -0.000001 0.453990
vn -0.809017 -0.000001 0.587785
vn -0.707107 -0.000001 0.707107
vn -0.587786 0.000000 0.809017
vn -0.453991 0.000000 0.891007
vn -0.309017 0.000000 0.951057
vn -0.156434 0.000000 0.987688
vn 0.000000 0.000000 1.000000
vn 0.156434 0.000000 0.987688
vn 0.309017 0.000000 0.951057
vn 0.453990 0.000000 0.891007
vn 0.587785 0.000000 0.809017
vn 0.707107 -0.000004 0.707106
vn 0.809017 -0.000005 0.587785
vn 0.891007 -0.000001 0.453990
vn 0.951057 -0.000000 0.309016
vn 0.987688 -0.000000 0.156434
vn 1.000000 -0.000000 0.000002
s 1
g Bulding
f 226/1722/1 227/2/2 228/1677/3 229/976/4
f 230/1718/5 226/1/6 231/1681/7 232/966/8
f 233/1713/9 234/9/10 232/969/8 235/1653/11
f 236/1709/12 233/8/13 237/1649/14 238/956/15
f 239/1704/16 240/15/17 238/959/15 241/1627/18
f 242/1700/19 239/14/20 243/954/21 244/1618/22
f 245/1691/23 246/981/24 247/1595/25 248/1491/26
f 249/1685/27 245/1693/23 250/909/28 251/1664/29
f 229/979/4 249/1687/27 252/1670/30 231/1683/7
f 246/984/24 228/1679/3 253/1674/31 254/29/32
f 255/974/33 252/1672/30 251/1667/29 256/1534/34
f 257/1657/35 255/971/33 258/1540/36 259/1638/37
f 235/10/11 257/1659/35 260/1644/38 237/1651/14
f 261/964/39 260/1646/38 259/1641/37 262/926/40
f 263/1631/41 261/961/39 264/944/42 265/1607/43
f 241/16/18 263/1633/41 266/1613/44 243/951/21
f 267/949/45 268/1604/46 269/1573/47 270/1586/48
f 244/19/22 267/946/45 271/1593/49 272/47/50
f 268/43/46 266/1615/44 265/1610/43 273/1577/51
f 254/1600/52 274/49/53 275/879/54 247/1597/25
f 276/1585/55 271/46/56 270/1589/48 277/846/57
f 278/939/58 279/1561/59 280/824/60 281/1341/61
f 273/48/51 278/936/58 282/854/62 269/1575/47
f 283/1566/63 264/941/42 262/929/40 284/1548/64
f 279/54/59 283/1568/63 285/1544/65 286/916/66
f 287/1552/67 288/931/68 289/1497/69 290/1515/70
f 284/59/64 287/1554/67 291/1521/71 285/1546/65
f 288/934/68 258/1542/36 256/1537/34 292/911/72
f 293/1526/73 294/1510/74 295/1453/75 296/1272/76
f 286/919/66 293/1528/73 297/1278/77 280/821/60
f 298/924/78 291/1523/71 290/1518/70 299/901/79
f 294/69/74 298/921/78 300/1475/80 301/891/81
f 302/1501/82 303/1488/83 304/1438/84 305/1469/85
f 292/914/72 302/1503/82 306/899/86 289/1499/69
f 303/78/83 250/906/28 248/1494/26 307/881/87
f 308/1479/88 309/1466/89 310/769/90 311/1443/91
f 299/904/79 308/1481/88 312/1449/92 300/1477/80
f 309/84/89 306/896/86 305/1472/85 313/791/93
f 314/1457/94 315/886/95 316/1176/96 317/1262/97
f 301/894/81 314/1459/94 318/814/98 295/1455/75
f 315/889/95 312/1451/92 311/1446/91 319/1180/99
f 307/884/87 320/1425/100 321/789/101 304/1440/84
f 322/1430/102 275/876/54 323/1434/103 324/99/104
f 320/95/100 322/1432/102 325/1416/105 326/1407/106
f 324/1421/107 327/102/108 328/869/109 325/1418/105
f 329/874/110 330/1394/111 331/1372/112 332/776/113
f 326/101/106 329/871/110 333/1222/114 321/786/101
f 334/1399/115 328/866/109 335/1403/116 336/111/117
f 330/105/111 334/1401/115 337/864/118 338/1376/119
f 336/1390/120 339/114/121 340/1368/122 337/861/118
f 341/1380/123 342/856/124 343/1167/125 344/1206/126
f 338/113/119 341/1382/123 345/1212/127 331/1374/112
f 342/859/124 340/1370/122 346/1365/128 347/122/129
f 348/1360/130 349/124/131 277/849/57 350/1333/132
f 351/1356/133 348/123/134 352/1329/135 353/836/136
f 354/1351/137 355/130/138 353/839/136 356/1316/139
f 357/1347/140 354/129/141 358/834/142 359/1298/143
f 360/1337/144 282/851/62 281/1344/61 361/1306/145
f 350/125/132 360/1339/144 362/1312/146 352/1331/135
f 363/1320/147 364/841/148 365/804/149 366/1287/150
f 356/131/139 363/1322/147 367/1293/151 358/831/142
f 364/844/148 362/1314/146 361/1309/145 368/816/152
f 369/829/153 370/1284/154 371/1228/155 372/1158/156
f 359/134/143 369/826/153 373/1165/157 374/149/158
f 370/145/154 367/1295/151 366/1290/150 375/1232/159
f 368/819/152 376/1269/160 377/1247/161 365/801/149
f 376/151/160 297/1280/77 296/1275/76 378/806/162
f 379/1257/163 318/811/98 317/1265/97 380/726/164
f 381/1251/165 379/1259/163 382/1122/166 383/1236/167
f 378/809/162 381/1253/165 384/1242/168 377/1249/161
f 385/799/169 384/1244/168 383/1239/167 386/751/170
f 375/150/159 385/796/169 387/764/171 371/1230/155
f 313/794/93 388/1217/172 389/1191/173 310/766/90
f 388/163/172 333/1224/114 332/779/113 390/1195/174
f 391/784/175 345/1214/127 344/1209/126 392/691/176
f 393/1199/177 391/781/175 394/1025/178 395/701/179
f 390/165/174 393/1201/177 396/1186/180 389/1193/173
f 397/774/181 396/1188/180 395/704/179 398/1090/182
f 319/94/99 397/771/181 399/734/183 316/1178/96
f 347/1172/184 400/175/185 401/689/186 343/1169/125
f 402/1157/187 373/148/188 372/1161/156 403/756/189
f 403/759/189 404/1143/190 405/1110/191 406/181/192
f 407/1148/193 387/761/171 386/754/170 408/1130/194
f 404/179/190 407/1150/193 409/1126/195 410/1112/196
f 411/1134/197 412/746/198 413/1078/199 414/721/200
f 408/183/194 411/1136/197 415/744/201 409/1128/195
f 412/749/198 382/1124/166 380/729/164 416/1082/202
f 417/739/203 418/1097/204 419/1048/205 420/195/206
f 410/185/196 417/736/203 421/1115/207 405/180/208
f 422/1102/209 415/741/201 414/724/200 423/1065/210
f 418/193/204 422/1104/209 424/1061/211 425/711/212
f 426/1086/213 399/731/183 398/1093/182 427/1051/214
f 416/191/202 426/1088/213 428/1057/215 413/1080/199
f 429/1069/216 430/716/217 431/684/218 432/1036/219
f 423/198/210 429/1071/216 433/1042/220 424/1063/211
f 430/719/217 428/1059/215 427/1054/214 434/696/221
f 425/714/212 435/1032/222 436/1049/223 419/194/224
f 437/709/225 433/1044/220 432/1039/219 438/998/226
f 435/210/222 437/706/225 439/996/227 440/215/228
f 434/699/221 441/1020/229 442/1004/230 431/681/218
f 441/216/229 394/1027/178 392/694/176 443/1008/231
f 444/1012/232 401/686/186 445/1016/233 446/221/234
f 443/218/231 444/1014/232 447/991/235 442/1006/230
f 438/213/226 448/676/236 449/1001/237 439/214/238
f 448/679/236 447/993/235 446/989/239 450/225/240
s off
f 2/674/241 12/662/242 19/661/243
f 3/229/244 18/672/245 4/671/246
f 5/670/247 17/653/248 25/652/249
f 6/235/250 24/668/251 7/667/252
f 8/666/253 23/647/254 29/646/255
f 1/675/256 34/242/257 13/659/258
f 9/244/259 28/644/260 35/643/261
f 30/641/262 22/648/263 40/642/264
f 26/650/265 16/654/266 47/651/267
f 21/649/268 46/630/269 41/629/270
f 42/628/271 45/625/272 52/624/273
f 20/656/274 11/663/275 59/657/276
f 15/655/277 58/623/278 48/622/279
f 49/621/280 57/612/281 65/611/282
f 44/626/283 64/617/284 53/616/285
f 54/615/286 63/606/287 70/605/288
f 14/658/289 33/638/290 75/637/291
f 32/639/292 81/278/293 76/592/294
f 77/591/295 80/588/296 84/587/297
f 79/589/298 90/284/299 85/582/300
f 86/581/301 89/578/302 93/577/303
f 36/635/304 27/645/305 105/636/306
f 37/292/307 104/570/308 96/569/309
f 97/568/310 103/559/311 111/558/312
f 98/298/313 110/566/314 99/565/315
f 100/564/316 109/556/317 116/555/318
f 31/640/319 39/632/320 106/631/321
f 43/627/322 51/619/323 122/618/324
f 38/633/325 121/562/326 107/561/327
f 102/560/328 120/554/329 112/553/330
f 55/614/331 69/600/332 129/599/333
f 50/620/334 128/543/335 123/542/336
f 124/541/337 127/536/338 135/535/339
f 119/545/340 134/544/341 113/552/342
f 108/557/343 133/548/344 117/547/345
f 10/664/346 74/610/347 60/609/348
f 78/590/349 83/585/350 140/584/351
f 73/595/352 139/594/353 61/608/354
f 56/613/355 138/604/356 66/603/357
f 87/580/358 92/575/359 147/574/360
f 82/586/361 146/527/362 141/526/363
f 142/525/364 145/520/365 153/519/366
f 137/529/367 152/528/368 67/602/369
f 62/607/370 151/598/371 71/597/372
f 88/579/373 157/359/374 94/572/375
f 101/361/376 115/550/377 158/549/378
f 118/546/379 132/531/380 163/530/381
f 136/533/382 126/537/383 170/534/384
f 131/532/385 169/505/386 164/504/387
f 165/503/388 168/500/389 175/499/390
f 130/539/391 68/601/392 182/540/393
f 125/538/394 181/498/395 171/497/396
f 172/496/397 180/485/398 188/484/399
f 167/501/400 187/492/401 176/491/402
f 177/490/403 186/482/404 192/481/405
f 72/596/406 150/515/407 183/514/408
f 154/517/409 144/521/410 199/518/411
f 149/516/412 198/488/413 184/487/414
f 179/486/415 197/480/416 189/479/417
f 148/523/418 91/576/419 205/524/420
f 143/522/421 204/469/422 200/468/423
f 201/467/424 203/463/425 211/462/426
f 196/471/427 210/470/428 190/478/429
f 185/483/430 209/475/431 193/474/432
f 95/571/433 156/512/434 206/511/435
f 155/513/436 216/422/437 207/465/438
f 202/464/439 215/459/440 212/458/441
f 214/456/442 219/428/443 213/457/444
f 208/461/445 218/460/446 194/473/447
f 217/454/448 222/434/449 195/472/450
f 159/509/451 114/551/452 162/510/453
f 160/439/454 161/507/455 223/506/456
f 224/493/457 166/502/458 174/494/459
f 225/445/460 173/495/461 220/452/462
f 221/476/463 178/489/464 191/477/465
s 1
f 245/1692/23 249/1686/27 229/980/4 246/21/24
f 255/30/33 257/1658/35 235/1652/11 232/970/8
f 261/36/39 263/1632/41 241/1626/18 238/960/15
f 267/950/45 243/18/21 266/1614/44 268/1603/46
f 278/940/58 264/39/42 283/1567/63 279/1560/59
f 287/1553/67 284/1547/64 262/930/40 288/63/68
f 293/1527/73 286/920/66 298/73/78 294/1509/74
f 250/910/28 292/67/72 256/31/34 251/26/29
f 306/900/86 299/74/79 290/65/70 289/1498/69
f 315/890/95 301/76/81 300/1476/80 312/1450/92
f 307/82/87 248/23/26 247/1596/25 275/880/54
f 329/104/110 326/1406/106 325/1417/105 328/870/109
f 342/860/124 337/112/118 340/1369/122
f 360/1338/144 350/1332/132 277/850/57 282/57/62
f 363/1321/147 356/1315/139 353/840/136 364/139/148
f 369/830/153 358/133/142 367/1294/151 370/1283/154
f 368/820/152 280/55/60 297/1279/77 376/1268/160
f 379/1258/163 381/1252/165 378/810/162 318/93/98
f 385/800/169 365/140/149 377/1248/161 384/1243/168
f 313/88/93 305/80/85 304/1439/84 321/790/101
f 391/166/175 393/1200/177 390/1194/174 332/780/113
f 397/172/181 319/1179/99 311/86/91 310/770/90
f 403/760/189 387/162/171 407/1149/193 404/1142/190
f 412/750/198 386/161/170 383/158/167 382/1123/166
f 417/740/203 415/190/201 422/1103/209 418/1096/204
f 426/1087/213 416/1081/202 380/730/164 399/174/183
f 430/720/217 414/189/200 413/1079/199 428/1058/215
f 425/200/212 424/1062/211 433/1043/220 437/710/225
f 434/700/221 395/170/179 394/1026/178 441/1019/229
f 401/690/186 392/167/176 344/119/126 343/1168/125
f 448/680/236 431/206/218 442/1005/230 447/992/235
f 307/885/87 275/50/54 322/1431/102 320/1424/100
f 246/985/24 229/4/4 228/1678/3
f 255/975/33 232/7/8 231/1682/7 252/1671/30
f 261/965/39 238/13/15 237/1650/14 260/1645/38
f 267/42/45 244/1617/22 243/955/21
f 282/855/62 277/52/57 270/45/48 269/1574/47
f 364/845/148 353/128/136 352/1330/135 362/1313/146
f 369/144/153 359/1297/143 358/835/142
f 403/178/189 372/147/156 371/1229/155 387/765/171
f 417/192/203 410/1111/196 409/1127/195 415/745/201
f 425/715/212 437/212/225 435/1031/222
f 438/997/226 432/207/219 431/685/218 448/223/236
f 444/1013/232 443/1007/231 392/695/176 401/176/186
f 341/1381/123 338/1375/119 337/865/118 342/117/124
f 329/875/110 328/103/109 334/1400/115 330/1393/111
f 313/795/93 321/96/101 333/1223/114 388/1216/172
f 302/1502/82 292/915/72 250/25/28 303/1487/83
f 391/785/175 332/107/113 331/1373/112 345/1213/127
f 434/209/221 427/202/214 398/173/182 395/705/179
f 429/1070/216 423/1064/210 414/725/200 430/205/217
f 411/1135/197 408/1129/194 386/755/170 412/187/198
f 385/160/169 375/1231/159 366/141/150 365/805/149
f 368/143/152 361/136/145 281/56/61 280/825/60
f 278/53/58 273/1576/51 265/40/43 264/945/42
f 288/935/68 262/37/40 259/34/37 258/1541/36
f 308/1480/88 299/905/79 306/81/86 309/1465/89
f 397/775/181 310/85/90 389/1192/173 396/1187/180
f 314/1458/94 301/895/81 315/90/95
f 298/925/78 286/61/66 285/1545/65 291/1522/71
f 318/815/98 378/153/162 296/71/76 295/1454/75
f 399/735/183 380/155/164 317/92/97 316/1177/96
s off
f 1/241/466 13/1726/467 228/1676/468 227/1725/469
f 12/227/470 2/1727/471 226/1721/472 229/977/473
f 2/226/474 19/1723/475 231/1680/476 226/1720/477
f 18/230/478 3/673/479 230/5/480 232/967/481
f 4/231/482 18/1719/483 232/968/484 234/1716/485
f 17/233/486 5/1717/487 233/1712/488 235/1654/489
f 5/232/490 25/1714/491 237/1648/492 233/1711/493
f 24/236/494 6/669/495 236/11/496 238/957/497
f 7/237/498 24/1710/499 238/958/500 240/1707/501
f 23/239/502 8/1708/503 239/1703/504 241/1628/505
f 8/238/506 29/1705/507 243/953/508 239/1702/509
f 28/245/510 9/665/511 242/17/512 244/1619/513
f 14/274/514 75/1697/515 247/1594/516 246/982/517
f 74/332/518 10/1699/519 245/1690/520 248/1492/521
f 10/331/522 60/1694/523 250/908/524 245/20/525
f 59/261/526 11/1695/527 249/1684/528 251/1665/529
f 11/260/530 20/1688/531 252/1669/532 249/24/533
f 19/228/534 12/1724/535 229/978/536 231/6/537
f 13/243/538 34/660/539 253/28/540 228/3/541
f 33/275/542 14/1698/543 246/983/544 254/1598/545
f 20/259/546 59/1689/547 251/1666/548 252/27/549
f 58/263/550 15/1673/551 255/973/552 256/1535/553
f 15/262/554 48/1662/555 258/1539/556 255/972/557
f 47/252/558 16/1663/559 257/1656/560 259/1639/561
f 16/251/562 26/1660/563 260/1643/564 257/32/565
f 25/234/566 17/1715/567 235/1655/568 237/12/569
f 26/250/570 47/1661/571 259/1640/572 260/35/573
f 46/254/574 21/1647/575 261/963/576 262/927/577
f 21/253/578 41/1636/579 264/943/580 261/962/581
f 40/249/582 22/1637/583 263/1630/584 265/1608/585
f 22/248/586 30/1634/587 266/1612/588 263/38/589
f 29/240/590 23/1706/591 241/1629/592 243/952/593
f 31/304/594 106/1623/595 269/1572/596 268/1605/597
f 105/291/598 27/1625/599 267/948/600 270/1587/601
f 27/290/602 36/1621/603 271/1592/604 267/947/605
f 35/246/606 28/1701/607 244/1620/608 272/1616/609
f 30/247/610 40/1635/611 265/1609/612 266/41/613
f 39/305/614 31/1624/615 268/1606/616 273/1578/617
f 32/277/618 76/1602/619 275/878/620 274/1601/621
f 75/276/622 33/1675/623 254/1599/624 247/22/625
f 36/289/626 105/1622/627 270/1588/628 271/1591/629
f 104/293/630 37/634/631 276/51/632 277/847/633
f 43/307/634 122/1582/635 280/823/636 279/1562/637
f 121/311/638 38/1584/639 278/938/640 281/1342/641
f 38/310/642 107/1580/643 282/853/644 278/937/645
f 106/306/646 39/1611/647 273/1579/648 269/44/649
f 41/255/650 46/1642/651 262/928/652 264/942/653
f 45/257/654 42/1571/655 283/1565/656 284/1549/657
f 42/256/658 52/1569/659 285/1543/660 283/58/661
f 51/308/662 43/1583/663 279/1563/664 286/917/665
f 49/265/666 65/1557/667 289/1496/668 288/932/669
f 64/269/670 44/1559/671 287/1551/672 290/1516/673
f 44/268/674 53/1555/675 291/1520/676 287/62/677
f 52/258/678 45/1570/679 284/1550/680 285/60/681
f 48/264/682 58/1668/683 256/1536/684 258/33/685
f 57/266/686 49/1558/687 288/933/688 292/912/689
f 55/316/690 129/1531/691 295/1452/692 294/1511/693
f 128/320/694 50/1533/695 293/1525/696 296/1273/697
f 50/319/698 123/1529/699 297/1277/700 293/68/701
f 122/309/702 51/1564/703 286/918/704 280/822/705
f 53/270/706 64/1556/707 290/1517/708 291/66/709
f 63/272/710 54/1524/711 298/923/712 299/902/713
f 54/271/714 70/1514/715 300/1474/716 298/922/717
f 69/317/718 55/1532/719 294/1512/720 301/892/721
f 61/339/722 139/1506/723 304/1437/724 303/1489/725
f 138/341/726 56/1508/727 302/1500/728 305/1470/729
f 56/340/730 66/1504/731 306/898/732 302/77/733
f 65/267/734 57/1538/735 292/913/736 289/64/737
f 60/333/738 74/1696/739 248/1493/740 250/907/741
f 73/337/742 61/1507/743 303/1490/744 307/882/745
f 67/354/746 152/1484/747 310/768/748 309/1467/749
f 151/356/750 62/1486/751 308/1478/752 311/1444/753
f 62/355/754 71/1482/755 312/1448/756 308/83/757
f 70/273/758 63/1519/759 299/903/760 300/75/761
f 66/342/762 138/1505/763 305/1471/764 306/897/765
f 137/352/766 67/1485/767 309/1468/768 313/792/769
f 72/391/770 183/1462/771 316/1175/772 315/887/773
f 182/378/774 68/1464/775 314/1456/776 317/1263/777
f 68/377/778 130/1460/779 318/813/780 314/89/781
f 129/318/782 69/1513/783 301/893/784 295/70/785
f 71/357/786 151/1483/787 311/1445/788 312/87/789
f 150/392/790 72/1463/791 315/888/792 319/1181/793
f 78/334/794 140/1441/795 321/788/796 320/1426/797
f 139/338/798 73/1495/799 307/883/800 304/79/801
f 76/279/802 81/593/803 323/98/804 275/877/805
f 80/281/806 77/1436/807 322/1429/808 324/1419/809
f 77/280/810 84/1433/811 325/1415/812 322/97/813
f 83/335/814 78/1442/815 320/1427/816 326/1408/817
f 79/283/818 85/1423/819 328/868/820 327/1422/821
f 84/282/822 80/1435/823 324/1420/824 325/100/825
f 87/343/826 147/1412/827 331/1371/828 330/1395/829
f 146/347/830 82/1414/831 329/873/832 332/777/833
f 82/346/834 141/1410/835 333/1221/836 329/872/837
f 140/336/838 83/1428/839 326/1409/840 321/787/841
f 85/285/842 90/583/843 335/110/844 328/867/845
f 89/287/846 86/1405/847 334/1398/848 336/1388/849
f 86/286/850 93/1402/851 337/863/852 334/109/853
f 92/344/854 87/1413/855 330/1396/856 338/1377/857
f 88/358/858 94/1392/859 340/1367/860 339/1391/861
f 93/288/862 89/1404/863 336/1389/864 337/862/865
f 95/418/866 206/1385/867 343/1166/868 342/857/869
f 205/405/870 91/1387/871 341/1379/872 344/1207/873
f 91/404/874 148/1383/875 345/1211/876 341/116/877
f 147/345/878 92/1397/879 338/1378/880 331/106/881
f 94/360/882 157/573/883 346/121/884 340/115/885
f 156/419/886 95/1386/887 342/858/888 347/1170/889
f 96/294/890 104/1590/891 277/848/892 349/1363/893
f 103/296/894 97/1364/895 348/1359/896 350/1334/897
f 97/295/898 111/1361/899 352/1328/900 348/1358/901
f 110/299/902 98/567/903 351/126/904 353/837/905
f 99/300/906 110/1357/907 353/838/908 355/1354/909
f 109/302/910 100/1355/911 354/1350/912 356/1317/913
f 100/301/914 116/1352/915 358/833/916 354/1349/917
f 115/362/918 101/563/919 357/132/920 359/1299/921
f 107/312/922 121/1581/923 281/1343/924 282/852/925
f 120/314/926 102/1346/927 360/1336/928 361/1307/929
f 102/313/930 112/1340/931 362/1311/932 360/135/933
f 111/297/934 103/1362/935 350/1335/936 352/127/937
f 113/327/938 134/1325/939 365/803/940 364/842/941
f 133/329/942 108/1327/943 363/1319/944 366/1288/945
f 108/328/946 117/1323/947 367/1292/948 363/138/949
f 116/303/950 109/1353/951 356/1318/952 358/832/953
f 112/315/954 120/1345/955 361/1308/956 362/137/957
f 119/325/958 113/1326/959 364/843/960 368/817/961
f 118/364/962 163/1303/963 371/1227/964 370/1285/965
f 162/438/966 114/1305/967 369/828/968 372/1159/969
f 114/437/970 159/1301/971 373/1164/972 369/827/973
f 158/363/974 115/1348/975 359/1300/976 374/1296/977
f 117/330/978 133/1324/979 366/1289/980 367/142/981
f 132/365/982 118/1304/983 370/1286/984 375/1233/985
f 124/322/986 135/1281/987 377/1246/988 376/1270/989
f 134/326/990 119/1310/991 368/818/992 365/802/993
f 123/321/994 128/1530/995 296/1274/996 297/72/997
f 127/323/998 124/1282/999 376/1271/1000 378/807/1001
f 130/376/1002 182/1461/1003 317/1264/1004 318/812/1005
f 181/380/1006 125/1267/1007 379/1256/1008 380/727/1009
f 125/379/1010 171/1260/1011 382/1121/1012 379/154/1013
f 170/369/1014 126/1261/1015 381/1250/1016 383/1237/1017
f 126/368/1018 136/1254/1019 384/1241/1020 381/156/1021
f 135/324/1022 127/1276/1023 378/808/1024 377/152/1025
f 136/367/1026 170/1255/1027 383/1238/1028 384/159/1029
f 169/371/1030 131/1245/1031 385/798/1032 386/752/1033
f 131/370/1034 164/1235/1035 387/763/1036 385/797/1037
f 163/366/1038 132/1291/1039 375/1234/1040 371/146/1041
f 142/349/1042 153/1225/1043 389/1190/1044 388/1218/1045
f 152/353/1046 137/1473/1047 313/793/1048 310/767/1049
f 141/348/1050 146/1411/1051 332/778/1052 333/108/1053
f 145/350/1054 142/1226/1055 388/1219/1056 390/1196/1057
f 148/403/1058 205/1384/1059 344/1208/1060 345/120/1061
f 204/407/1062 143/1215/1063 391/783/1064 392/692/1065
f 143/406/1066 200/1204/1067 394/1024/1068 391/782/1069
f 199/396/1070 144/1205/1071 393/1198/1072 395/702/1073
f 144/395/1074 154/1202/1075 396/1185/1076 393/168/1077
f 153/351/1078 145/1220/1079 390/1197/1080 389/164/1081
f 154/394/1082 199/1203/1083 395/703/1084 396/171/1085
f 198/398/1086 149/1189/1087 397/773/1088 398/1091/1089
f 149/397/1090 184/1183/1091 399/733/1092 397/772/1093
f 183/393/1094 150/1447/1095 319/1182/1096 316/91/1097
f 155/421/1098 207/1174/1099 401/688/1100 400/1173/1101
f 206/420/1102 156/1366/1103 347/1171/1104 343/118/1105
f 159/436/1106 162/1302/1107 372/1160/1108 373/1163/1109
f 161/440/1110 160/508/1111 402/177/1112 403/757/1113
f 166/443/1114 224/1155/1115 405/1109/1116 404/1144/1117
f 223/441/1118 161/1162/1119 403/758/1120 406/1154/1121
f 164/372/1122 169/1240/1123 386/753/1124 387/762/1125
f 168/374/1126 165/1153/1127 407/1147/1128 408/1131/1129
f 165/373/1130 175/1151/1131 409/1125/1132 407/182/1133
f 174/444/1134 166/1156/1135 404/1145/1136 410/1113/1137
f 172/382/1138 188/1139/1139 413/1077/1140 412/747/1141
f 187/386/1142 167/1141/1143 411/1133/1144 414/722/1145
f 167/385/1146 176/1137/1147 415/743/1148 411/186/1149
f 175/375/1150 168/1152/1151 408/1132/1152 409/184/1153
f 171/381/1154 181/1266/1155 380/728/1156 382/157/1157
f 180/383/1158 172/1140/1159 412/748/1160 416/1083/1161
f 178/449/1162 221/1117/1163 419/1047/1164 418/1098/1165
f 220/447/1166 173/1119/1167 417/738/1168 420/1116/1169
f 173/446/1170 225/451/1171 421/196/1172 417/737/1173
f 224/442/1174 174/1146/1175 410/1114/1176 405/1108/1177
f 176/387/1178 187/1138/1179 414/723/1180 415/742/1181
f 186/389/1182 177/1107/1183 422/1101/1184 423/1066/1185
f 177/388/1186 192/1105/1187 424/1060/1188 422/197/1189
f 191/450/1190 178/1118/1191 418/1099/1192 425/712/1193
f 184/399/1194 198/1184/1195 398/1092/1196 399/732/1197
f 197/401/1198 179/1095/1199 426/1085/1200 427/1052/1201
f 179/400/1202 189/1089/1203 428/1056/1204 426/201/1205
f 188/384/1206 180/1120/1207 416/1084/1208 413/188/1209
f 190/414/1210 210/1074/1211 431/683/1212 430/717/1213
f 209/416/1214 185/1076/1215 429/1068/1216 432/1037/1217
f 185/415/1218 193/1072/1219 433/1041/1220 429/204/1221
f 192/390/1222 186/1106/1223 423/1067/1224 424/199/1225
f 189/402/1226 197/1094/1227 427/1053/1228 428/203/1229
f 196/412/1230 190/1075/1231 430/718/1232 434/697/1233
f 195/435/1234 222/453/1235 436/211/1236 435/1033/1237
f 221/448/1238 191/1100/1239 425/713/1240 419/1046/1241
f 193/417/1242 209/1073/1243 432/1038/1244 433/208/1245
f 208/430/1246 194/1045/1247 437/708/1248 438/999/1249
f 194/432/1250 218/1035/1251 439/995/1252 437/707/1253
f 217/433/1254 195/1050/1255 435/1034/1256 440/1030/1257
f 201/409/1258 211/1028/1259 442/1003/1260 441/1021/1261
f 210/413/1262 196/1055/1263 434/698/1264 431/682/1265
f 200/408/1266 204/1210/1267 392/693/1268 394/169/1269
f 203/410/1270 201/1029/1271 441/1022/1272 443/1009/1273
f 207/423/1274 216/466/1275 445/220/1276 401/687/1277
f 215/425/1278 202/1018/1279 444/1011/1280 446/987/1281
f 202/424/1282 212/1015/1283 447/990/1284 444/219/1285
f 211/411/1286 203/1023/1287 443/1010/1288 442/217/1289
f 213/429/1290 219/455/1291 449/224/1292 448/677/1293
f 218/431/1294 208/1040/1295 438/1000/1296 439/994/1297
f 212/426/1298 215/1017/1299 446/988/1300 447/222/1301
f 214/427/1302 213/1002/1303 448/678/1304 450/986/1305
s 24
f 491/1728/1306 492/1729/1307 570/1730/1308 569/1731/1309
f 492/1729/1307 491/1728/1306 493/1732/1310 494/1733/1311
f 494/1733/1311 493/1732/1310 495/1734/1312 496/1735/1313
f 496/1735/1313 495/1734/1312 497/1736/1314 498/1737/1315
f 498/1737/1315 497/1736/1314 499/1738/1316 500/1739/1317
f 500/1739/1317 499/1738/1316 501/1740/1318 502/1741/1319
f 502/1741/1319 501/1740/1318 503/1742/1320 504/1743/1321
f 504/1743/1321 503/1742/1320 505/1744/1322 506/1745/1323
f 506/1745/1323 505/1744/1322 507/1746/1324 508/1747/1325
f 508/1747/1325 507/1746/1324 509/1748/1326 510/1749/1327
f 510/1750/1327 509/1751/1326 511/1752/1328 512/1753/1329
f 512/1753/1329 511/1752/1328 513/1754/1330 514/1755/1331
f 514/1755/1331 513/1754/1330 515/1756/1332 516/1757/1333
f 516/1757/1333 515/1756/1332 517/1758/1334 518/1759/1335
f 518/1759/1335 517/1758/1334 519/1760/1336 520/1761/1337
f 520/1761/1337 519/1760/1336 521/1762/1338 522/1763/1339
f 522/1763/1339 521/1762/1338 523/1764/1340 524/1765/1341
f 524/1765/1341 523/1764/1340 525/1766/1342 526/1767/1343
f 526/1767/1343 525/1766/1342 527/1768/1344 528/1769/1345
f 528/1769/1345 527/1768/1344 529/1770/1346 530/1771/1347
f 530/1771/1347 529/1770/1346 531/1772/1348 532/1773/1349
f 532/1773/1349 531/1772/1348 533/1774/1350 534/1775/1351
f 534/1775/1351 533/1774/1350 535/1776/1352 536/1777/1353
f 536/1777/1353 535/1776/1352 537/1778/1354 538/1779/1355
f 538/1779/1355 537/1778/1354 539/1780/1356 540/1781/1357
f 540/1781/1357 539/1780/1356 541/1782/1358 542/1783/1359
f 542/1783/1359 541/1782/1358 543/1784/1360 544/1785/1361
f 544/1785/1361 543/1784/1360 545/1786/1362 546/1787/1363
f 546/1787/1363 545/1786/1362 547/1788/1364 548/1789/1365
f 548/1789/1365 547/1788/1364 549/1790/1366 550/1791/1367
f 550/1791/1367 549/1790/1366 551/1792/1368 552/1793/1369
f 552/1793/1369 551/1792/1368 553/1794/1370 554/1795/1371
f 554/1795/1371 553/1794/1370 555/1796/1372 556/1797/1373
f 556/1797/1373 555/1796/1372 557/1798/1374 558/1799/1375
f 558/1799/1375 557/1798/1374 559/1800/1376 560/1801/1377
f 560/1801/1377 559/1800/1376 561/1802/1378 562/1803/1379
f 562/1803/1379 561/1802/1378 563/1804/1380 564/1805/1381
f 564/1805/1381 563/1804/1380 565/1806/1382 566/1807/1383
f 566/1807/1383 565/1806/1382 567/1808/1384 568/1809/1385
f 568/1809/1385 567/1808/1384 569/1731/1309 570/1730/1308
f 451/1810/1386 452/1811/1387 493/1812/1310 491/1813/1306
f 452/1811/1387 453/1814/1388 495/1815/1312 493/1812/1310
f 453/1814/1388 454/1816/1389 497/1817/1314 495/1815/1312
f 454/1816/1389 455/1818/1390 499/1819/1316 497/1817/1314
f 455/1818/1390 456/1820/1391 501/1821/1318 499/1819/1316
f 456/1820/1391 457/1822/1392 503/1823/1320 501/1821/1318
f 457/1822/1392 458/1824/1393 505/1825/1322 503/1823/1320
f 458/1824/1393 459/1826/1394 507/1827/1324 505/1825/1322
f 459/1826/1394 460/1828/1395 509/1829/1326 507/1827/1324
f 460/1830/1395 461/1831/1396 511/1832/1328 509/1833/1326
f 461/1831/1396 462/1834/1397 513/1835/1330 511/1832/1328
f 462/1834/1397 463/1836/1398 515/1837/1332 513/1835/1330
f 463/1836/1398 464/1838/1399 517/1839/1334 515/1837/1332
f 464/1838/1399 465/1840/1400 519/1841/1336 517/1839/1334
f 465/1840/1400 466/1842/1401 521/1843/1338 519/1841/1336
f 466/1842/1401 467/1844/1402 523/1845/1340 521/1843/1338
f 467/1844/1402 468/1846/1403 525/1847/1342 523/1845/1340
f 468/1846/1403 469/1848/1404 527/1849/1344 525/1847/1342
f 469/1848/1404 470/1850/1405 529/1851/1346 527/1849/1344
f 470/1850/1405 471/1852/1406 531/1853/1348 529/1851/1346
f 471/1852/1406 472/1854/1407 533/1855/1350 531/1853/1348
f 472/1854/1407 473/1856/1408 535/1857/1352 533/1855/1350
f 473/1856/1408 474/1858/1409 537/1859/1354 535/1857/1352
f 474/1858/1409 475/1860/1410 539/1861/1356 537/1859/1354
f 475/1860/1410 476/1862/1411 541/1863/1358 539/1861/1356
f 476/1862/1411 477/1864/1412 543/1865/1360 541/1863/1358
f 477/1864/1412 478/1866/1413 545/1867/1362 543/1865/1360
f 478/1866/1413 479/1868/1414 547/1869/1364 545/1867/1362
f 479/1868/1414 480/1870/1415 549/1871/1366 547/1869/1364
f 480/1870/1415 481/1872/1416 551/1873/1368 549/1871/1366
f 481/1872/1416 482/1874/1417 553/1875/1370 551/1873/1368
f 482/1874/1417 483/1876/1418 555/1877/1372 553/1875/1370
f 483/1876/1418 484/1878/1419 557/1879/1374 555/1877/1372
f 484/1878/1419 485/1880/1420 559/1881/1376 557/1879/1374
f 485/1880/1420 486/1882/1421 561/1883/1378 559/1881/1376
f 486/1882/1421 487/1884/1422 563/1885/1380 561/1883/1378
f 487/1884/1422 488/1886/1423 565/1887/1382 563/1885/1380
f 488/1886/1423 489/1888/1424 567/1889/1384 565/1887/1382
f 489/1888/1424 490/1890/1425 569/1891/1309 567/1889/1384
f 490/1890/1425 451/1810/1386 491/1813/1306 569/1891/1309
f 492/1892/1307 494/1893/1311 571/1894/1426 572/1895/1427
f 494/1893/1311 496/1896/1313 573/1897/1428 571/1894/1426
f 496/1896/1313 498/1898/1315 574/1899/1429 573/1897/1428
f 498/1898/1315 500/1900/1317 575/1901/1430 574/1899/1429
f 500/1900/1317 502/1902/1319 576/1903/1431 575/1901/1430
f 502/1902/1319 504/1904/1321 577/1905/1432 576/1903/1431
f 504/1904/1321 506/1906/1323 578/1907/1433 577/1905/1432
f 506/1906/1323 508/1908/1325 579/1909/1434 578/1907/1433
f 508/1908/1325 510/1910/1327 580/1911/1435 579/1909/1434
f 510/1910/1327 512/1912/1329 581/1913/1436 580/1911/1435
f 512/1912/1329 514/1914/1331 582/1915/1437 581/1913/1436
f 514/1914/1331 516/1916/1333 583/1917/1438 582/1915/1437
f 516/1916/1333 518/1918/1335 584/1919/1439 583/1917/1438
f 518/1918/1335 520/1920/1337 585/1921/1440 584/1919/1439
f 520/1920/1337 522/1922/1339 586/1923/1441 585/1921/1440
f 522/1922/1339 524/1924/1341 587/1925/1442 586/1923/1441
f 524/1924/1341 526/1926/1343 588/1927/1443 587/1925/1442
f 526/1926/1343 528/1928/1345 589/1929/1444 588/1927/1443
f 528/1928/1345 530/1930/1347 590/1931/1445 589/1929/1444
f 530/1930/1347 532/1932/1349 591/1933/1446 590/1931/1445
f 532/1932/1349 534/1934/1351 592/1935/1447 591/1933/1446
f 534/1934/1351 536/1936/1353 593/1937/1448 592/1935/1447
f 536/1936/1353 538/1938/1355 594/1939/1449 593/1937/1448
f 538/1938/1355 540/1940/1357 595/1941/1450 594/1939/1449
f 540/1940/1357 542/1942/1359 596/1943/1451 595/1941/1450
f 542/1942/1359 544/1944/1361 597/1945/1452 596/1943/1451
f 544/1944/1361 546/1946/1363 598/1947/1453 597/1945/1452
f 546/1946/1363 548/1948/1365 599/1949/1454 598/1947/1453
f 548/1948/1365 550/1950/1367 600/1951/1455 599/1949/1454
f 550/1950/1367 552/1952/1369 601/1953/1456 600/1951/1455
f 552/1952/1369 554/1954/1371 602/1955/1457 601/1953/1456
f 554/1954/1371 556/1956/1373 603/1957/1458 602/1955/1457
f 556/1956/1373 558/1958/1375 604/1959/1459 603/1957/1458
f 558/1958/1375 560/1960/1377 605/1961/1460 604/1959/1459
f 560/1960/1377 562/1962/1379 606/1963/1461 605/1961/1460
f 562/1962/1379 564/1964/1381 607/1965/1462 606/1963/1461
f 564/1964/1381 566/1966/1383 608/1967/1463 607/1965/1462
f 566/1966/1383 568/1968/1385 609/1969/1464 608/1967/1463
f 568/1968/1385 570/1970/1308 610/1971/1465 609/1969/1464
f 570/1970/1308 492/1892/1307 572/1895/1427 610/1971/1465
s 25
f 612/1972/1466 613/1973/1467 617/1974/1468 616/1975/1469
f 613/1973/1467 612/1972/1466 615/1976/1470 614/1977/1471
f 614/1977/1471 615/1976/1470 690/1978/1472 691/1979/1473
f 616/1975/1469 617/1974/1468 619/1980/1474 618/1981/1475
f 618/1981/1475 619/1980/1474 621/1982/1476 620/1983/1477
f 620/1983/1477 621/1982/1476 623/1984/1478 622/1985/1479
f 622/1985/1479 623/1984/1478 625/1986/1480 624/1987/1481
f 624/1987/1481 625/1986/1480 627/1988/1482 626/1989/1483
f 626/1989/1483 627/1988/1482 629/1990/1484 628/1991/1485
f 628/1991/1485 629/1990/1484 631/1992/1486 630/1993/1487
f 630/1994/1487 631/1995/1486 633/1996/1488 632/1997/1489
f 632/1997/1489 633/1996/1488 635/1998/1490 634/1999/1491
f 634/1999/1491 635/1998/1490 637/2000/1492 636/2001/1493
f 636/2001/1493 637/2000/1492 639/2002/1494 638/2003/1495
f 638/2003/1495 639/2002/1494 641/2004/1496 640/2005/1497
f 640/2005/1497 641/2004/1496 643/2006/1498 642/2007/1499
f 642/2007/1499 643/2006/1498 645/2008/1500 644/2009/1501
f 644/2009/1501 645/2008/1500 647/2010/1502 646/2011/1503
f 646/2011/1503 647/2010/1502 649/2012/1504 648/2013/1505
f 648/2013/1505 649/2012/1504 651/2014/1506 650/2015/1507
f 650/2015/1507 651/2014/1506 653/2016/1508 652/2017/1509
f 652/2017/1509 653/2016/1508 655/2018/1510 654/2019/1511
f 654/2019/1511 655/2018/1510 657/2020/1512 656/2021/1513
f 656/2021/1513 657/2020/1512 659/2022/1514 658/2023/1515
f 658/2023/1515 659/2022/1514 661/2024/1516 660/2025/1517
f 660/2025/1517 661/2024/1516 663/2026/1518 662/2027/1519
f 662/2027/1519 663/2026/1518 665/2028/1520 664/2029/1521
f 664/2029/1521 665/2028/1520 667/2030/1522 666/2031/1523
f 666/2031/1523 667/2030/1522 669/2032/1524 668/2033/1525
f 668/2033/1525 669/2032/1524 671/2034/1526 670/2035/1527
f 670/2035/1527 671/2034/1526 673/2036/1528 672/2037/1529
f 672/2037/1529 673/2036/1528 675/2038/1530 674/2039/1531
f 674/2039/1531 675/2038/1530 677/2040/1532 676/2041/1533
f 676/2041/1533 677/2040/1532 679/2042/1534 678/2043/1535
f 678/2043/1535 679/2042/1534 681/2044/1536 680/2045/1537
f 680/2045/1537 681/2044/1536 683/2046/1538 682/2047/1539
f 682/2047/1539 683/2046/1538 685/2048/1540 684/2049/1541
f 684/2049/1541 685/2048/1540 687/2050/1542 686/2051/1543
f 686/2051/1543 687/2050/1542 689/2052/1544 688/2053/1545
f 688/2053/1545 689/2052/1544 691/1979/1473 690/1978/1472
f 615/2054/1470 612/2055/1466 611/2056/1546
f 612/2055/1466 616/2057/1469 611/2056/1546
f 616/2057/1469 618/2058/1475 611/2056/1546
f 618/2058/1475 620/2059/1477 611/2056/1546
f 620/2059/1477 622/2060/1479 611/2056/1546
f 622/2060/1479 624/2061/1481 611/2056/1546
f 624/2061/1481 626/2062/1483 611/2056/1546
f 626/2062/1483 628/2063/1485 611/2056/1546
f 628/2063/1485 630/2064/1487 611/2056/1546
f 630/2064/1487 632/2065/1489 611/2056/1546
f 632/2065/1489 634/2066/1491 611/2056/1546
f 634/2066/1491 636/2067/1493 611/2056/1546
f 636/2067/1493 638/2068/1495 611/2056/1546
f 638/2068/1495 640/2069/1497 611/2056/1546
f 640/2069/1497 642/2070/1499 611/2056/1546
f 642/2070/1499 644/2071/1501 611/2056/1546
f 644/2071/1501 646/2072/1503 611/2056/1546
f 646/2072/1503 648/2073/1505 611/2056/1546
f 648/2073/1505 650/2074/1507 611/2056/1546
f 650/2074/1507 652/2075/1509 611/2056/1546
f 652/2075/1509 654/2076/1511 611/2056/1546
f 654/2076/1511 656/2077/1513 611/2056/1546
f 656/2077/1513 658/2078/1515 611/2056/1546
f 658/2078/1515 660/2079/1517 611/2056/1546
f 660/2079/1517 662/2080/1519 611/2056/1546
f 662/2080/1519 664/2081/1521 611/2056/1546
f 664/2081/1521 666/2082/1523 611/2056/1546
f 666/2082/1523 668/2083/1525 611/2056/1546
f 668/2083/1525 670/2084/1527 611/2056/1546
f 670/2084/1527 672/2085/1529 611/2056/1546
f 672/2085/1529 674/2086/1531 611/2056/1546
f 674/2086/1531 676/2087/1533 611/2056/1546
f 676/2087/1533 678/2088/1535 611/2056/1546
f 678/2088/1535 680/2089/1537 611/2056/1546
f 680/2089/1537 682/2090/1539 611/2056/1546
f 682/2090/1539 684/2091/1541 611/2056/1546
f 684/2091/1541 686/2092/1543 611/2056/1546
f 686/2092/1543 688/2093/1545 611/2056/1546
f 688/2093/1545 690/2094/1472 611/2056/1546
f 690/2094/1472 615/2054/1470 611/2056/1546
f 572/2095/1547 571/2096/1548 613/1973/1467 614/1977/1471
f 571/2096/1548 573/2097/1549 617/1974/1468 613/1973/1467
f 573/2097/1549 574/2098/1550 619/1980/1474 617/1974/1468
f 574/2098/1550 575/2099/1551 621/1982/1476 619/1980/1474
f 575/2099/1551 576/2100/1552 623/1984/1478 621/1982/1476
f 576/2100/1552 577/2101/1553 625/1986/1480 623/1984/1478
f 577/2101/1553 578/2102/1554 627/1988/1482 625/1986/1480
f 578/2102/1554 579/2103/1555 629/1990/1484 627/1988/1482
f 579/2103/1555 580/2104/1556 631/1992/1486 629/1990/1484
f 580/2105/1556 581/2106/1557 633/1996/1488 631/1995/1486
f 581/2106/1557 582/2107/1558 635/1998/1490 633/1996/1488
f 582/2107/1558 583/2108/1559 637/2000/1492 635/1998/1490
f 583/2108/1559 584/2109/1560 639/2002/1494 637/2000/1492
f 584/2109/1560 585/2110/1561 641/2004/1496 639/2002/1494
f 585/2110/1561 586/2111/1562 643/2006/1498 641/2004/1496
f 586/2111/1562 587/2112/1563 645/2008/1500 643/2006/1498
f 587/2112/1563 588/2113/1564 647/2010/1502 645/2008/1500
f 588/2113/1564 589/2114/1565 649/2012/1504 647/2010/1502
f 589/2114/1565 590/2115/1566 651/2014/1506 649/2012/1504
f 590/2115/1566 591/2116/1567 653/2016/1508 651/2014/1506
f 591/2116/1567 592/2117/1568 655/2018/1510 653/2016/1508
f 592/2117/1568 593/2118/1569 657/2020/1512 655/2018/1510
f 593/2118/1569 594/2119/1570 659/2022/1514 657/2020/1512
f 594/2119/1570 595/2120/1571 661/2024/1516 659/2022/1514
f 595/2120/1571 596/2121/1572 663/2026/1518 661/2024/1516
f 596/2121/1572 597/2122/1573 665/2028/1520 663/2026/1518
f 597/2122/1573 598/2123/1574 667/2030/1522 665/2028/1520
f 598/2123/1574 599/2124/1575 669/2032/1524 667/2030/1522
f 599/2124/1575 600/2125/1576 671/2034/1526 669/2032/1524
f 600/2125/1576 601/2126/1577 673/2036/1528 671/2034/1526
f 601/2126/1577 602/2127/1578 675/2038/1530 673/2036/1528
f 602/2127/1578 603/2128/1579 677/2040/1532 675/2038/1530
f 603/2128/1579 604/2129/1580 679/2042/1534 677/2040/1532
f 604/2129/1580 605/2130/1581 681/2044/1536 679/2042/1534
f 605/2130/1581 606/2131/1582 683/2046/1538 681/2044/1536
f 606/2131/1582 607/2132/1583 685/2048/1540 683/2046/1538
f 607/2132/1583 608/2133/1584 687/2050/1542 685/2048/1540
f 608/2133/1584 609/2134/1585 689/2052/1544 687/2050/1542
f 609/2134/1585 610/2135/1586 691/1979/1473 689/2052/1544
f 610/2135/1586 572/2095/1547 614/1977/1471 691/1979/1473
