# author: headus 3D tools
#  using: ply2obj v1.8
#   from: uvlayout v2.09.04
# 4435 vertices
v -1.1860000 -0.3100000 -0.3300000
v 0.4459330 2.7087612 -1.1054709
v -1.1458851 0.3015190 1.4075592
v -1.4721809 1.0228900 -0.8221680
v 0.9839960 1.6284530 -1.4681859
v 0.2462330 -0.2164370 -1.3452290
v -1.4253210 2.2481534 -1.0907829
v -1.2041469 1.3609669 -1.4218993
v -1.3742130 2.3174144 1.1582230
v -1.2188429 0.9166960 -1.4139679
v 1.0663042 1.7379592 1.3861142
v 1.4304462 0.4325550 -1.1690520
v -1.0125810 2.8139642 0.4879780
v -0.7794020 0.0023920 1.2384860
v -0.3575200 2.8423632 -1.2491359
v -0.8638660 -0.2232850 1.0904160
v -1.3743770 1.0860541 1.2474501
v -0.8680800 2.8932666 -0.7343020
v 1.1090712 -0.2821540 -1.1393659
v 0.1548680 1.7626194 1.0214211
v -1.4664820 2.2205012 -0.0708840
v -0.8117290 -0.0409840 -1.4733523
v -1.0683940 2.8458774 -0.8260779
v -0.1906478 2.8611518 -0.6372690
v -0.1196278 2.6531574 0.3425270
v 1.2356370 1.8604634 1.3742090
v -0.3521840 2.8941824 -0.9807100
v -1.1986910 -0.3167760 -0.5598760
v -1.3280539 -0.2094260 -0.3307379
v 0.1488159 -0.3425019 -0.9146929
v -0.1226920 2.7299922 -0.8059549
v -0.5636260 -0.2834650 -1.2779351
v 0.7629490 2.5786404 0.7675070
v -0.9084700 2.6492314 -1.3021990
v -0.4272100 2.9016982 0.1352290
v -1.4623039 1.5859168 -0.3315599
v -1.1244070 2.2162612 1.3843310
v -1.0754760 2.8049070 -1.1882240
v -0.1891169 2.7010974 0.5654789
v -1.2977140 -0.1696890 -1.2670310
v -0.3643531 1.4735042 1.0145641
v -0.0841267 1.8917482 0.9307140
v -0.0963778 -0.3297878 -1.1137199
v 1.1305994 2.5521072 1.0986710
v -1.1979140 1.5442960 1.3888802
v -1.2365739 1.9317670 -1.3963390
v -1.2429809 2.5570232 -0.7321070
v -0.1411890 -0.3711850 0.3069740
v -0.1134540 2.6760696 -0.8016370
v -0.6546580 2.9024436 -0.9622650
v -0.1516802 2.8108982 -0.4347690
v -0.1347158 0.6865210 0.8565870
v 1.2488760 -0.2362920 0.9411742
v -1.3463440 -0.1955610 -0.9988070
v 1.2044656 2.5101612 -1.0770850
v 1.4199030 1.4227950 -1.1661480
v -0.7832720 0.9982170 1.2426642
v -0.0207540 1.6171940 0.9729591
v -1.4494730 0.5517580 -0.5949679
v -1.3069780 2.4141562 -1.1467268
v -0.1352570 2.8066352 0.3802509
v 0.8217142 -0.3165959 -1.1705579
v 1.1443704 -0.3182190 0.6300500
v 0.6637640 0.1220110 1.2352490
v -0.9691631 0.0812830 1.3809172
v -0.0474921 0.8965033 0.9628490
v 0.5252420 -0.3472850 -0.4536060
v 0.6033272 2.4238188 -1.3176391
v -0.0370610 2.7260700 -0.8772180
v -0.5464391 1.6960612 1.1030670
v 0.1962782 2.8653926 -1.2090630
v 1.3538112 2.3613872 1.1074182
v -1.3196840 2.4208076 1.1250210
v -0.0981049 2.6098642 -0.2584910
v -0.3580820 1.9767690 1.0421813
v -0.1903770 -0.3461570 -0.2667341
v 1.4075650 2.3257422 -0.0234871
v -1.4559259 1.8709834 0.5934600
v 0.7947170 2.5788212 -0.7304889
v -0.4383490 2.2992302 0.9797212
v 1.3957790 0.0556359 1.2221061
v 0.9981560 1.4003810 -1.4591350
v -1.4593549 1.6403020 0.7001481
v -1.1128090 2.6265522 0.8989161
v -0.1834730 2.8644162 -0.8435530
v -1.4120450 2.1342422 1.2082220
v -0.7863200 0.1783670 1.2686582
v 0.6118570 2.5504750 -1.1785760
v 1.1761494 2.5764502 0.6396870
v -0.5353090 2.5448400 -1.3166571
v -1.0996410 0.7510719 1.4040660
v 0.3163601 -0.3321779 -0.0321330
v -0.0327311 2.7847302 -0.8860750
v -0.0940338 -0.3379220 -1.0204629
v -0.0667798 0.1049390 0.9728862
v -0.3585830 0.0404950 -1.4891031
v 1.2442044 2.4215290 -1.2101021
v -0.6532391 2.8692002 -1.2121649
v -0.5649290 2.8417720 -1.2546440
v 1.0101390 2.4934834 1.1408541
v -1.0451251 -0.2062551 1.1991101
v -1.2743418 -0.0994250 -1.3441180
v -1.3091540 -0.1965910 0.0172139
v 0.2387511 1.3417821 1.0301301
v 1.4403972 1.9852676 1.0990331
v -0.9143720 0.2876640 1.3306420
v 1.0704600 1.1675403 1.3840570
v -0.6400520 1.5890710 1.1475720
v 1.4145480 1.5252900 1.2033120
v 0.8642570 -0.3664480 0.8032040
v -1.2729059 -0.1253062 1.2201531
v 0.0721080 0.4975050 1.0047041
v 1.2631738 2.4461602 -1.1409849
v -0.7493231 2.0534664 -1.4493630
v -1.0429160 2.2309314 -1.4420071
v 0.9522170 2.0727164 1.3733350
v -0.1648350 2.1270520 -1.4761710
v 0.3649910 2.4942080 0.8840840
v 1.2060920 -0.2697570 -0.9380330
v 0.2637241 0.1503590 1.0706022
v -1.0917711 1.8215342 -1.4524570
v -0.9198900 -0.3516100 -0.5769860
v -0.9218671 2.8663684 -1.1919980
v -0.2598160 1.4587670 0.8715739
v -0.1127000 2.1698962 0.9209983
v -0.3331160 2.8996760 -0.0782990
v 0.6798100 0.7040278 -1.4695430
v -1.2653819 -0.2702590 -0.4445610
v 0.6746462 0.9350580 -1.4804491
v 1.3076440 0.3824929 1.3104580
v 0.8202472 2.3471126 -1.3770449
v 0.7818310 0.6897981 1.2901420
v 1.0319710 2.2736110 -1.4184449
v -1.1708321 2.6112766 0.8661902
v 1.1946540 2.4939446 -1.1576089
v 1.1525378 0.3645440 1.3950970
v -0.9621320 0.2382209 -1.4868960
v 0.1552219 2.7565114 -0.9280270
v -1.1651130 1.9325740 -1.4351440
v -1.4484960 0.8751221 0.1362810
v 1.2252402 1.5257310 -1.3753280
v 1.3099822 1.0598179 1.3207490
v -1.4652420 0.7977200 -0.9384800
v 0.3881443 -0.2464610 0.8835190
v -0.3459310 2.8983686 0.4105360
v 0.1283831 2.3688642 0.9175380
v 1.1625832 1.4114688 -1.4177820
v -1.4650940 2.0538122 -0.5486490
v -0.1035859 0.3097010 0.9512581
v -1.4544589 0.0188630 -1.0271859
v 1.1077512 2.4390212 1.2138920
v -0.8604550 2.6638474 0.7107080
v 1.1097302 2.5782610 -0.4472010
v -1.3934380 1.1464330 -1.2164340
v 1.1029018 2.4146394 -1.3094302
v -0.6476820 1.9106362 1.1815371
v -0.6837060 0.0027150 1.1694780
v -1.4564889 1.5174210 1.1116201
v 0.6721120 2.4932002 0.9728000
v 0.5771480 -0.1819510 1.0241980
v 1.3986402 -0.0686500 -0.9084599
v -0.8045691 -0.3421930 -0.9095340
v -0.6784650 -0.3454309 -1.1075450
v 1.1113906 2.5786462 0.0366389
v 1.4527160 1.1990090 -0.4522980
v -1.4738560 1.6023792 -0.6859570
v -1.3458570 2.4090876 -0.9675060
v 1.4664792 1.9873472 -0.7083770
v -0.8497051 2.5406382 -1.3185060
v 1.0171402 0.2991530 -1.4608420
v 0.1232500 2.5818450 -0.7610380
v 0.8988742 -0.0704060 -1.4478052
v -1.4712389 0.9766699 1.1055171
v -0.9534960 2.8823084 0.3403960
v 1.2228254 1.6359222 -1.3771111
v 1.4416692 2.2562722 -1.0368000
v -0.0237927 2.5792012 0.5600079
v 0.0885760 -0.2177120 0.7783979
v 1.3747474 0.9477490 1.2529192
v 1.4734082 0.8674370 -0.9140130
v -1.0765211 2.8443296 -0.7213110
v -1.3141410 -0.1995880 -0.0976910
v -1.3423069 0.4313080 1.2575482
v 0.8166596 -0.2748130 -1.2561370
v 1.2735540 -0.2028680 -1.0251828
v 1.4861330 1.6487590 -0.8181040
v -0.1319619 2.6925320 -0.4476860
v -1.1175631 2.7582492 0.3987199
v -1.4580110 0.4242150 -0.2347741
v -1.4534080 0.5362500 -0.1124350
v -1.1698330 2.4847942 -1.2519999
v -0.2199870 2.1570642 0.9511741
v -1.0438771 2.4613840 1.1968251
v 1.0678812 0.3563590 1.3991030
v -1.1606690 1.8938542 1.3975170
v -1.1854411 2.4726094 1.1867661
v 0.2401840 0.5797600 1.0241233
v -1.0503850 2.8448090 -1.1112689
v -1.4377850 0.0100219 0.0156450
v -0.6140290 2.4799592 0.9396742
v 0.7985032 -0.2617530 1.0499211
v 0.8999782 1.1689071 -1.4598921
v -0.3796450 0.1218680 1.0268251
v 0.5336710 1.9499018 -1.4868049
v 0.6487680 1.9580262 -1.4891168
v -1.2316080 2.5757934 0.8280410
v -1.4652079 1.6943832 -0.2083741
v -0.5501740 2.8951716 -0.2904701
v -1.0611281 0.2396420 -1.4818512
v -0.2162470 2.0656038 0.9549812
v -0.1162749 0.4971770 0.8741367
v 0.0801842 2.5189852 0.7287769
v -1.4573619 1.6046980 -0.9227430
v -0.2161190 2.8789982 -0.3121371
v -0.9882970 -0.0729191 1.3181560
v 1.1707420 1.1869690 -1.4123159
v -0.5244330 2.6325032 0.7375032
v -1.0461771 0.0413790 -1.4746831
v -1.4685000 2.0481840 -0.4299330
v 1.4157380 2.3225960 0.4535780
v 1.4505090 2.2517872 0.5846070
v 1.1109562 2.5865786 0.6324899
v -1.1633191 -0.2230471 1.2005061
v 0.7448980 -0.3479160 -0.6501730
v -0.3472350 0.8475201 1.0192030
v -0.2553340 0.8706039 0.8901450
v -1.3741400 -0.1346350 -0.0978141
v -1.4083110 2.3745574 0.0431090
v -0.3185260 0.6582140 1.0032670
v 1.4645474 1.6556220 0.5179440
v -0.0803210 1.5987192 0.9158210
v -0.1579658 1.1751322 0.8705310
v 0.3105800 1.2619950 -1.4715291
v -1.4418920 0.3299769 1.0996300
v 1.1607800 0.7174230 1.3898022
v -1.4796639 2.2168432 0.2711060
v 0.2758660 2.7985034 -0.9680599
v -0.1052900 1.2915609 0.9163300
v 1.2952148 1.5274430 -1.3097369
v 0.5621960 1.9413750 1.1937462
v 1.4721670 1.5368852 -1.0163670
v 1.4704822 1.0917660 -1.0108640
v -0.7882060 2.6871352 0.6302200
v 0.4427589 2.6314512 -1.0571130
v 0.6632620 1.5051530 -1.4710880
v 1.1736262 0.9636030 -1.4115961
v 1.2455974 -0.2665851 -0.4880770
v -1.4569070 0.7579871 1.0965631
v 1.1913162 -0.2433130 -1.1263438
v 1.2395710 0.8326438 1.3636780
v 1.4641832 1.0917582 -0.8090350
v -1.3397549 0.3243388 1.2600691
v 0.2664033 0.3541830 1.0393860
v -1.3591159 2.4027194 -0.8606880
v 0.0948751 2.8786362 -1.0121060
v 0.1282710 1.1180200 1.0144772
v 1.3787990 -0.1516190 -0.4731100
v 0.7990942 2.4048992 1.1747640
v 0.9424252 2.2642744 1.3307792
v 0.6730192 1.0316610 1.2281460
v 0.5287630 2.0522910 -1.4792810
v 0.4651793 2.7840740 -1.1383060
v -0.2931650 1.6658752 0.9405592
v -1.4372769 0.0429549 1.0938799
v 0.7711812 -0.3434790 -0.3170570
v -0.4489361 2.8851572 -1.1590730
v 1.4654472 1.4267120 -0.6975970
v 0.4375972 2.4430464 0.9786360
v -1.4617158 2.1796104 0.7037401
v -1.1030111 -0.3324130 -0.3358989
v 1.0290092 2.3499392 1.2919302
v -1.4754499 0.1071589 0.8082279
v -0.0910242 2.6100512 0.0513420
v -1.0997310 -0.1715650 -1.3827430
v -1.2715610 -0.2686950 -0.6697550
v -0.8273760 0.4005130 1.2667601
v 0.9888410 -0.3432039 -0.4016420
v -0.5565191 2.8874362 0.4063820
v 1.4703522 1.5421850 0.5226410
v 1.1656604 2.5541692 1.0473253
v 0.6748232 -0.3763160 0.6346911
v -1.3863120 1.5219932 1.2438473
v -0.7539680 0.5710830 -1.4579410
v -0.7782311 1.3663470 -1.4616111
v 0.4610170 -0.1006090 1.0491820
v -1.2845250 2.2764228 1.2713761
v 0.6358110 2.5852622 -0.9693740
v 1.3939634 -0.0544490 -1.0954780
v 1.0816690 1.5192070 -1.4514230
v -0.9818280 2.6508332 -1.2928370
v 1.4607662 0.6370291 -0.4511670
v -0.2965200 2.8948254 -0.7485799
v 1.0394948 -0.3179680 0.9700200
v 1.4755030 0.3750950 0.9829608
v -0.2914070 2.5964182 0.6907390
v 1.0020920 -0.2585220 1.1427141
v 0.3008441 2.5612676 0.7229091
v 1.4690102 0.5222310 -0.5714139
v -0.0666370 2.7343606 -1.2902190
v -0.0034070 0.5198670 0.9780569
v -0.6961330 0.2909829 1.2032180
v -0.7434831 2.5464114 0.9276400
v -1.0802430 1.5906760 -1.4706001
v -0.3247030 2.8985162 0.0270690
v -1.4710279 1.4159422 1.0380281
v 1.3786096 0.8697681 -1.2269199
v 1.2741624 2.4571922 -1.0600450
v -0.2844440 2.8423714 0.5244080
v -1.4475569 1.7172134 -1.0308340
v 1.0437942 2.5805084 0.9453920
v -1.2319479 2.0414792 -1.4000601
v 0.9045792 0.9454270 -1.4623402
v 1.0042690 0.1027070 -1.4747460
v -1.1266001 -0.3305959 -0.8975890
v -0.1958809 2.3223484 0.8779883
v -0.2040819 2.8692564 0.4799149
v 0.6445842 -0.3470250 -0.4412210
v -0.1015039 -0.2673431 -1.2791340
v -1.4438950 2.2991836 -0.1867871
v 1.4972590 0.1037280 -0.0055700
v -1.0873991 2.7571152 0.4727090
v -0.0678820 2.6263694 0.4865279
v -0.5441180 0.5570480 1.1110900
v 1.2327764 1.3034071 -1.3680499
v -1.4432619 -0.0642601 -0.9086950
v 1.4613814 0.0990139 -1.0039000
v -0.2426710 2.8949482 0.1215720
v 1.1633432 0.9459851 1.3843500
v -0.1370619 2.8074494 0.4616209
v 1.3927790 -0.1362240 -0.2496681
v -0.1643610 2.8273980 -0.7418490
v -1.3419039 1.4746730 -1.2872110
v 0.0268540 1.1114420 1.0001571
v 0.0293651 1.2153680 1.0032610
v 1.1034112 0.8465280 -1.4369619
v 0.9244100 2.4193432 -1.3169250
v -1.4558750 1.9484260 -0.7918320
v 1.2308064 0.3739450 1.3669432
v -0.3510580 -0.2165870 0.7879563
v 0.2117111 2.6143152 -0.8972060
v 1.4778332 1.6482758 -0.7021770
v 1.4667844 2.1944412 -0.4820799
v -1.3794559 1.1941129 1.2504021
v -1.4771000 2.1477552 -0.4248400
v -0.4276770 2.8958420 0.0323639
v -0.6406530 0.7928121 -1.4600962
v 1.2370632 1.6275532 1.3818730
v -1.3927799 -0.1256310 1.0111891
v 1.4625432 1.3048872 1.0233910
v -0.1719169 1.5651832 0.8401141
v 1.2545572 -0.1643720 -1.1871820
v 1.4297880 0.3251870 -1.1705109
v -0.2300491 1.3565499 0.8345870
v -1.3978660 1.5920210 -1.2081780
v -1.4639480 0.4473470 -0.8257620
v -1.1455150 -0.3021841 0.6254059
v -1.0804670 2.8392114 -0.0528110
v 1.3621550 1.5207410 1.2752250
v -1.4692709 1.0997472 0.8388690
v -0.1818660 1.8683090 0.9063921
v -0.5654380 -0.2383630 -1.3528109
v -1.2008340 -0.3170829 -0.6737810
v 1.3006850 1.9750454 1.3244061
v -0.5127290 1.0328269 1.0979399
v -1.3516819 0.6942700 -1.2980350
v 0.0172570 0.1934980 1.0050651
v -0.1650530 2.0666948 0.9328710
v -1.3929959 1.6303460 1.2339041
v 1.4560012 0.7286211 0.7689761
v 1.1719870 2.5574790 -0.4282429
v 1.4681420 0.6388510 -0.6869730
v -1.3047679 2.0416704 -1.3425869
v -1.0286420 -0.3256559 -1.0085030
v 0.6701430 1.1597080 -1.4722312
v 0.7196390 -0.3337880 -0.9868059
v -0.9391880 2.8053054 -1.2716660
v -1.4566450 0.9970660 -0.1030980
v -0.2208019 2.8844690 -0.4178460
v -0.1508831 0.0221240 0.9452290
v -0.9872220 1.9384626 -1.4514562
v 0.0203701 0.3033030 1.0016831
v 1.1752510 -0.1249760 1.3005431
v -1.4512609 0.9889189 0.5015671
v -0.1232638 2.6409892 0.1599940
v -1.3357759 1.2577760 -1.2881829
v 0.4310240 2.6377902 -1.0086090
v -1.4678150 0.2211260 1.0123971
v 1.0954332 2.5842292 0.7464901
v -1.4705449 0.7884531 -0.7095490
v -0.2854820 1.7673840 0.9523828
v -0.8062800 0.2870729 1.2678761
v -0.9726691 2.4601206 -1.3301299
v -0.9532500 0.7476527 1.3470702
v -0.8241311 2.6422402 0.7896179
v -0.5424670 2.9009672 -0.0714400
v 1.3968220 2.3482690 0.9188960
v 0.3632291 2.4770390 -1.3184700
v 1.2320600 2.5135390 -0.0578260
v 0.9988422 -0.2075110 -1.3169009
v -0.7549680 2.0202832 1.2432531
v -0.0651680 -0.3486190 -0.2659451
v 1.4740900 1.9777570 -1.0272530
v -1.0080291 2.8769852 -0.9309699
v 1.0391152 2.5815032 0.5056419
v 0.6367740 2.4406506 1.0445613
v -1.1732190 -0.2477291 -1.2599300
v -1.4624819 1.2092941 0.8405890
v -0.1094778 2.5847148 0.6046089
v -0.3079501 1.4650470 0.9414912
v -0.6680650 1.4821530 -1.4639669
v -0.6644821 1.3665469 -1.4687119
v 1.3781926 0.9783390 -1.2269470
v -0.2215350 1.9691992 0.9504521
v 1.4790376 0.1681780 0.4794040
v -0.1562880 2.7973506 -1.2733900
v -0.9037350 2.2857356 1.2654631
v -0.6540080 2.6510664 0.7341410
v -0.7327050 -0.3262639 0.8490201
v -0.8007920 -0.1115530 -1.4440140
v -0.6378330 0.6803860 -1.4551169
v -1.0405460 2.8406672 -1.1786379
v -1.4601890 1.8891220 0.3772220
v -0.4315040 2.8932976 -0.0729241
v 0.9012148 -0.1480110 -1.3965010
v -1.4656319 2.0741040 0.7003070
v 0.3964211 2.5614844 -1.2647230
v -0.2325660 1.0654421 0.8538400
v 1.2303090 2.5259006 -0.6480060
v 1.2932024 2.4667024 -0.6330530
v -0.5495940 2.8940364 -1.0700320
v -0.3220660 -0.3358330 -0.4842560
v -0.7650520 2.8861782 0.3357390
v 1.2511602 -0.2390461 0.1974610
v -0.1717160 -0.0524470 0.9064491
v 0.7855182 -0.1940110 1.1142632
v -1.3156830 2.4736592 0.5110400
v -1.4722169 1.3718810 -0.8107050
v -1.1366660 0.1908199 1.4127630
v -0.1283528 2.8702932 -1.2073480
v -1.4626129 1.5738680 -0.0937921
v -1.4574878 2.2750354 0.7077981
v -0.2361930 1.1614580 0.8481461
v -1.4620380 1.9660020 0.6964612
v -0.1350398 0.1111750 0.9660151
v 1.4694312 0.0737870 0.7034261
v -0.0991848 2.6123482 -0.3604390
v -1.4293749 1.5188820 1.1804932
v 0.9227420 -0.3161289 -1.1606140
v -0.5396801 1.8258930 -1.4683717
v -0.9975141 2.8672154 -1.1163400
v -0.7595090 0.9025940 -1.4636830
v -1.0895732 -0.2238901 -1.3302441
v -0.4483030 -0.3310250 -0.5936149
v -0.8345710 -0.1486280 1.1453181
v -1.4638840 1.5202242 0.9321001
v -0.9700200 -0.0013591 1.3597740
v 0.8601292 2.0702500 1.3412291
v -0.3151020 1.2636332 0.9499000
v -0.5642040 -0.3455670 -1.1098489
v 1.1525722 1.6360090 -1.4245349
v -0.3673540 2.0655002 1.0437893
v -1.0721140 -0.0765460 1.3467861
v 1.4694182 0.2625590 1.0762731
v -1.1327800 2.7473950 -1.0383939
v -0.4490600 2.8961462 -1.0755630
v -1.3850720 -0.0951960 1.0895570
v -1.0150431 2.8767002 -0.8285190
v -0.2662600 2.3072780 0.9081970
v -1.1892809 2.6491802 -0.8386660
v 1.1476224 1.7468106 -1.4188340
v -0.1502039 0.8777780 0.8715211
v -0.1557567 2.7062470 0.5310070
v -0.7268730 2.3393892 1.1266510
v -0.9620690 1.2441400 -1.4858550
v -0.9664640 1.0136532 -1.4818619
v -0.9538240 2.1500410 -1.4500139
v 0.6541092 1.8483820 -1.4875131
v -1.2935520 2.5090962 0.2876209
v -0.4936750 2.2229570 -1.4534750
v 1.4597062 2.0873652 0.2333829
v -0.2666130 0.3589970 0.9898730
v -0.2618760 0.9666122 0.8924601
v 0.2303248 -0.0163100 -1.4767578
v 0.8018172 -0.1507430 -1.4027070
v -0.1020039 0.4039520 0.9107561
v 0.9807920 2.5816872 -0.9284300
v 0.9694700 2.5357556 1.0604069
v 0.7902682 0.9399891 -1.4746960
v -0.9972520 -0.2292400 -1.3353580
v 1.2291960 0.4878890 1.3701840
v -1.0811401 -0.3248850 0.0194670
v -0.3379280 -0.2322250 -1.3527520
v -0.1213611 2.6362884 -0.0433301
v 1.0710154 1.2791360 1.3854150
v 0.8499740 -0.3308210 -0.7521790
v 1.4503052 1.2996802 1.1185201
v 1.4644642 1.9858914 -0.2397781
v -0.9855910 0.1796150 1.3873932
v -0.7729260 2.8010572 -1.2794050
v 1.4461040 -0.0043040 0.8025240
v 1.4498410 -0.0013550 0.6898079
v 1.3750044 -0.0377390 -1.1712160
v -1.5095499 2.0846760 1.0211541
v -1.5087709 2.1107292 0.9574320
v -0.6696820 2.8604632 0.4674500
v -0.5658491 2.8683774 0.4662870
v -0.1182888 2.6693930 -0.7337360
v -1.1758031 2.1141514 1.3905430
v 0.4440410 -0.3286318 0.0827740
v -1.2775788 2.4877500 -0.9552710
v -1.4706770 1.4886850 -0.8071040
v -0.1033108 1.7907820 0.9022090
v 0.7368940 -0.3406119 -0.7631860
v 0.5090350 -0.3600200 -0.7848590
v 0.1048390 2.1992590 0.9869413
v 0.4639041 0.2305819 1.1415851
v 0.9305852 -0.3364709 -1.0658840
v -1.3064849 0.1484640 -1.3666949
v -0.2067750 0.7033691 0.8407212
v -1.3485340 1.5882930 -1.2860840
v -1.2445520 1.3117930 1.3636152
v -0.1789370 2.8551394 -0.4262480
v 1.2502974 -0.1262760 1.2687090
v 0.2983989 1.9378252 -1.4824519
v -1.4665919 1.4192460 0.9429330
v 1.4427390 2.2638826 -0.7195180
v -0.1194740 1.6852790 0.8780491
v -0.2939990 2.8972454 -0.6316389
v 1.2532990 0.0546680 -1.3616080
v -0.9232451 -0.3572620 0.7253960
v -1.3929460 -0.1275330 -1.1109139
v 1.4459200 -0.0657191 -0.2453951
v -0.1240900 2.8884966 -1.1529630
v 1.4755672 0.5270910 -0.8019990
v 0.3559010 2.5798174 -0.6112290
v 1.4704402 0.6083390 0.8823990
v -1.2831969 2.2306762 -1.3272272
v -1.0689190 2.6952664 0.5717180
v -0.4438041 2.4533482 -1.3437240
v 1.4540474 1.7709150 0.5102250
v -1.3996269 0.0496220 1.1739730
v -1.4838520 0.2063690 0.5885060
v -1.3135998 -0.2043750 0.4901270
v 0.7786750 -0.3325240 -0.2082220
v 0.0917012 -0.2848790 0.7011090
v -1.4703900 1.9307790 -0.3159621
v -1.1671421 2.0083662 1.3968442
v -0.7565950 2.8432600 -1.2508430
v 0.3506550 -0.3759450 0.4581280
v 0.1823210 2.1087978 1.0247660
v -0.0123738 1.7122022 0.9765100
v -1.3808789 2.3903572 -0.6384530
v -1.4486199 0.2006600 0.0104460
v -1.2823130 -0.2617011 -0.8899809
v 0.4698513 2.5958482 -1.1111349
v 0.0166022 2.5445352 0.6446080
v -0.9568140 2.8863642 -0.3963969
v -1.4721359 2.0288186 -0.0761530
v -1.3320809 -0.0941580 1.1808530
v -1.4937930 0.6512590 0.9183011
v -0.2232230 0.8740771 0.8539640
v -1.3373918 -0.2067730 -0.6714900
v 1.2151392 -0.2748290 0.6380899
v 1.4622338 1.6463052 -0.4626640
v -0.0511217 1.1012059 0.9695770
v -0.2576849 2.8931116 -0.0906430
v 1.1750712 -0.2999931 -0.3825290
v -0.1732750 2.2509460 0.9084132
v -0.7921860 1.1165560 1.2483782
v -1.4535420 1.7202570 -0.9206380
v -0.4790940 0.2063120 1.0716150
v 1.1624770 0.8327581 1.3848082
v -1.1944960 -0.3143958 -0.4455880
v 1.2975202 2.4604152 -0.4000640
v 0.5542360 -0.3424549 -0.0127301
v 0.6026762 -0.3161930 -1.1005879
v -1.2051320 0.3083350 1.3819354
v -0.2361560 1.7660312 0.9008630
v -0.8575570 2.4296838 1.1306639
v 1.4284192 0.8690160 -1.1596309
v 1.0397122 -0.3326649 -0.9541389
v -1.0880000 2.3924470 -1.3513998
v -1.5004279 1.9983862 1.0332600
v -1.1461631 2.6286042 0.7490920
v -0.1368701 2.7092542 0.4882490
v -0.8718170 0.5697930 -1.4622161
v -0.4513680 2.8956520 -0.4051749
v -1.4414559 0.0044950 -0.1031111
v -1.0810440 2.8431934 -0.6135070
v 1.1635994 1.0587689 1.3832840
v 1.3288040 0.1396409 -1.3126100
v -1.3344789 -0.2132881 -0.4460110
v 1.4218540 -0.0624270 0.4515620
v -1.1366141 1.0234070 -1.4536282
v -1.3923499 -0.1459580 -0.4495730
v 1.2669502 -0.1890440 -1.1121050
v -0.2265860 2.8866316 -0.5250120
v -0.7703341 2.4500932 -1.3323420
v 0.3567590 -0.0192510 1.0663901
v -1.4583569 1.4891512 -0.9242540
v 1.1949416 0.3169750 -1.4126218
v -1.4636229 1.3540460 -0.3383120
v 1.4765706 1.4263900 -0.9209880
v 1.4725962 1.0918472 -0.9158980
v -1.3390510 0.2202740 1.2606860
v 1.1460994 2.5085844 1.1506112
v 1.5078252 0.1919520 -0.1173671
v 0.7934250 -0.3526189 0.2283789
v -0.6613160 2.1024944 1.1887583
v -0.6972891 -0.0432510 -1.4777528
v 1.2072820 -0.2837370 0.7427202
v 0.5624200 -0.3402479 0.0944850
v 1.4649954 2.0901082 0.6090870
v 1.2794272 2.4609324 -0.9638710
v 1.2853560 2.4649782 -0.8562190
v 0.4268469 2.6691324 -1.0134720
v -0.3576440 1.6790810 1.0130831
v -1.2626249 1.5353842 1.3526130
v 0.9876292 -0.3658159 0.4912170
v 1.4429192 0.1563910 1.1576952
v 1.3421140 -0.1356140 -1.0151769
v -0.1301180 2.7065932 0.4264840
v 1.4788462 0.4083190 -0.2196631
v -0.6969930 2.7276880 0.5810570
v -1.2916720 1.5865070 -1.3581422
v -1.1523080 2.6642282 -1.1226030
v 0.8695002 2.5866284 -0.9429880
v -1.4042849 1.7354820 1.2229680
v -0.7336000 2.1552314 -1.4484612
v 1.4648200 2.0944966 0.9752861
v 0.2343240 -0.3749420 0.4320180
v 0.4649611 -0.3750479 0.4843819
v 1.2560290 2.2414082 -1.3244860
v -1.4738860 2.1684124 0.7932369
v 0.4466741 0.6950029 -1.4683929
v 1.1936272 0.4222520 -1.4075940
v -1.4312579 0.8038131 -1.1385030
v -1.4350849 0.5764320 -1.1360920
v 0.6836312 -0.3806589 0.5355610
v -1.0556471 0.1355320 -1.4816780
v -0.9578820 2.7429792 -1.2862071
v -0.4948410 2.7349372 -1.2927520
v 1.2689400 2.1594072 -1.3287960
v -1.4317170 1.9338992 1.1927831
v 0.8536942 2.1685510 1.3267941
v 1.0033430 1.2871689 -1.4531470
v -0.3029490 -0.3211539 -0.0500440
v 1.1217542 2.5775876 0.9601531
v -0.1609119 2.8416822 -0.0112981
v -1.4968450 2.0794346 1.0841782
v -1.2298929 0.4664360 -1.4167090
v 0.3458032 2.5878342 -0.7205110
v -1.1006630 2.7448506 -1.1938220
v 1.4515142 2.2553392 0.7057091
v 0.5754380 0.0028280 -1.4899200
v -0.5551410 2.8694436 -1.2158490
v 1.4543992 1.6559630 0.7772499
v -0.1393530 2.8004992 -0.1260711
v 0.1228280 2.6503642 -0.9068690
v -1.3986489 -0.1315280 -0.7863550
v -1.3246129 2.4650900 -0.5180159
v -0.1048900 -0.3553220 0.5364490
v 1.2973522 2.4571306 -0.1633631
v -1.4493809 1.5396050 0.5970480
v 0.9009002 -0.3349660 0.1324170
v -1.4509879 0.8748392 0.2576239
v 0.4569581 2.7489524 -1.0570100
v 1.1455794 -0.3072221 -0.7224460
v 1.1750112 0.0412640 -1.4026039
v -1.4308070 0.9761230 1.1771841
v 0.0322800 2.5856702 -0.6567700
v 0.9075974 -0.2160221 -1.3287240
v 1.3562568 1.7480650 1.2764082
v 1.0697422 1.0553540 1.3827230
v -1.4845199 1.7149432 0.9967000
v -0.9988420 2.5716728 1.0165720
v 0.8843292 1.6256670 -1.4753920
v 0.7797510 -0.3862380 0.6672720
v 0.3908989 2.7219080 -1.2785020
v -1.1689641 -0.2111441 -1.3208701
v -1.0917870 -0.2673420 -1.2678669
v -0.9977701 1.4542290 1.3731540
v 0.4076860 2.3825512 1.0247760
v -0.8625910 2.8525712 0.4711070
v -0.9815031 0.5691710 -1.4754833
v -0.9325440 -0.1435180 1.2074590
v 1.0600262 -0.3468108 0.7361970
v -1.3373918 -0.0312391 1.2267280
v -1.4753028 2.2801822 0.3835219
v -1.4540979 1.3412389 0.0184619
v -1.4342589 -0.0697880 0.9136680
v -1.1647710 2.7237332 -0.3928380
v 1.3244402 -0.1837990 -0.0265970
v -1.2572440 -0.2639750 -0.3292001
v -1.0191191 -0.1416130 1.2581221
v -1.4722680 1.9902662 0.4895209
v 0.7323730 2.5718874 0.8366531
v 1.4047632 -0.0804511 -0.6953680
v -0.9824321 -0.3357489 0.2509580
v -0.4497400 -0.3223420 -0.7042230
v 0.5139072 -0.3614999 -0.6762610
v -1.3873020 2.4035362 0.6068860
v -1.4413169 0.2359950 -1.1336790
v 0.4343680 2.6551744 -1.1140780
v -0.0442070 2.5941792 -0.5563930
v 1.1594052 -0.1011770 -1.3352651
v -1.4514960 0.4271770 0.3730949
v -0.9647291 2.8864624 0.0454220
v 1.0789590 -0.1245750 -1.3639451
v -0.0096598 1.8314622 0.9759342
v -0.1616000 1.6696340 0.8513851
v -0.5624561 2.8959992 -0.7441590
v 1.4659360 0.9594690 0.8950001
v 0.6905010 -0.0741600 -1.4564170
v 1.1632442 0.1393500 1.3896510
v 1.1325262 2.5465170 -1.0943550
v 1.3009992 -0.0799130 -1.2371860
v 0.2055491 2.2985994 0.9836431
v 1.4891916 0.1014890 0.1141990
v 1.2993794 1.5163830 1.3383529
v -0.7177400 0.4085210 1.2075709
v -1.2436360 -0.2164700 -1.2576060
v -1.1328230 -0.0009400 1.3957210
v 1.1999830 -0.2611261 -1.0374569
v 1.3709522 0.0533770 -1.2444280
v 0.0535620 2.5797390 0.4960349
v 1.4824332 1.5383210 -0.8157260
v -1.4965189 0.3174290 0.8106802
v 1.4392400 0.3816280 1.1642651
v -1.0312061 2.8705074 -0.0583911
v -0.8753500 0.0824500 1.3277782
v 0.1951769 -0.3427250 -0.0412981
v 1.4762160 1.5384020 -0.7001300
v -0.2721820 1.1615741 0.8894170
v -1.1629160 -0.2960330 0.0200820
v -0.8624120 2.8770632 0.4116410
v -0.5402780 2.9036514 0.0355160
v -0.1243469 2.6456772 -0.4559980
v 0.6775970 -0.3457829 0.1060559
v -0.2461570 0.7825602 0.8854711
v 1.4505542 2.2676534 -0.4883440
v 0.7894432 -0.3898450 0.5622670
v 0.9313072 2.4796164 1.1248982
v 1.4701142 0.8548918 0.2800070
v -1.3553029 -0.0348601 -1.2924619
v -1.4035870 -0.1326380 -0.8981950
v -1.2300789 0.3562340 -1.4161490
v -1.2411639 -0.2520130 0.1356570
v -0.6802120 2.8216602 0.5133990
v 0.2721731 -0.3479880 -0.8039030
v 1.1474270 1.9672630 1.3799842
v 1.4000454 -0.0637091 -1.0077630
v -0.1218400 2.4566304 -1.3397760
v -1.3879679 -0.1536980 0.8225952
v 0.6706362 0.2233719 1.2378630
v -0.5902660 0.0382669 -1.4902921
v -0.1549141 2.6296042 0.5889840
v -0.8963410 -0.3030870 -1.1905480
v 1.4760774 1.9861790 -0.8238330
v -0.1984380 2.5955604 0.6410380
v -0.7628420 2.8988840 -0.8489310
v 1.3715200 1.2915400 1.2710553
v -0.3615500 1.5773542 1.0122679
v -0.9993110 2.2992602 1.3085111
v -1.0605530 2.5293714 1.1130870
v -1.1479532 0.2439230 -1.4537231
v -1.0051241 2.8597344 0.4177980
v -0.2382100 2.8710052 -1.2092280
v -0.3471090 2.8707522 -1.2117730
v -0.9246800 -0.0390810 -1.4643240
v 1.4650640 2.1750700 -1.0337229
v -1.4885300 0.2094610 0.8087130
v -0.4430450 2.4990494 0.8376499
v -1.3722229 -0.1395280 0.3681060
v -1.4717279 1.8157612 -0.3221760
v 0.8690622 -0.3471009 -0.5257370
v 1.4584422 0.8401329 1.0934581
v -0.2552250 -0.0462960 0.9189460
v 1.0834880 -0.1876131 -1.2980490
v -1.4570030 0.0072750 0.5898680
v -0.1244739 1.9736462 0.9272521
v 0.3256361 -0.3241519 0.0728020
v -0.8084740 -0.3440360 -0.6930749
v -0.4039830 0.9143940 -1.4619302
v 0.2443431 2.7300686 -1.2899169
v -1.2104590 2.2276442 -1.3886400
v -0.9630170 -0.3386549 0.4871370
v -0.9374500 0.0428500 -1.4787522
v 1.0010672 -0.3315739 0.2601090
v -0.6566900 2.5505606 0.8864951
v 0.4970512 2.5343042 0.8497209
v -0.3346830 0.7501293 1.0135631
v -1.2797930 2.5346314 0.0577590
v 0.0799910 0.9221650 -1.4678490
v 1.4610952 0.9796599 -0.6914159
v -0.4490660 -0.3423530 -1.0196210
v 0.2219440 -0.3544420 0.2470080
v 1.4246382 1.2008241 -1.1612980
v -1.4579349 1.8809970 0.4874190
v 1.4253520 1.0651350 1.1846792
v -0.4584251 2.8929992 -0.8629660
v -0.6790560 2.7997492 -1.2833410
v 1.4596272 0.7527810 -0.5695050
v 0.7810180 1.0376542 1.2894691
v -1.3848010 2.3768452 1.0807640
v 1.3634790 2.3953064 -0.2704741
v 1.4479250 1.6489320 1.0304919
v 1.4513174 1.5354852 1.0309731
v -0.2219620 1.4562700 0.8343982
v 1.3405434 2.3948452 -1.0477349
v -0.7951961 -0.2899481 0.9745900
v -1.4905150 1.8254450 0.8896899
v 1.3192810 0.0598830 -1.3088291
v -0.1869340 0.5219690 0.8606831
v 1.4539026 1.3110631 0.4018010
v -0.2084789 0.3249350 0.9645121
v 0.1801510 1.8285200 -1.4760232
v -1.1438250 2.1416052 -1.4407809
v -1.1117050 -0.3344179 -0.4505820
v -0.3055790 1.7119222 -1.4716340
v 0.4488081 0.4723290 -1.4619869
v 0.1977399 2.5558384 0.6898530
v 1.1368570 2.0756330 1.3749080
v -0.2279890 1.8704412 0.9297570
v -1.0795930 2.3095732 1.3324192
v 1.3135200 2.4336624 0.9992593
v 1.4690432 0.1984180 -1.0043689
v -0.6458270 1.8051672 1.1678590
v -0.2413320 2.8877024 0.2252550
v -0.5100400 2.1420202 -1.4687231
v -1.4735770 2.1521822 -0.5426610
v 1.4561194 1.4204062 1.0288641
v 1.2959542 1.7449582 1.3386460
v 1.2775588 -0.2104800 -0.9274290
v -1.1406110 -0.2820121 1.1137201
v 0.6791320 2.5796482 -0.7393530
v -0.9411161 2.8535284 0.4698510
v 1.1269680 2.1779770 -1.4195730
v 0.1000492 2.5477876 0.6608130
v -0.0967439 2.5220062 0.6913539
v -1.1880920 -0.2744602 -1.1868870
v 1.4428982 2.1679666 -1.1192799
v 0.3455461 -0.0088870 -1.4806902
v 1.2337432 0.6028270 1.3699190
v -1.4007849 0.5799879 -1.2205919
v -1.0216960 2.8749214 -0.7224170
v 1.2336570 -0.2004450 1.1965101
v -0.1257870 0.5935650 0.8601929
v -0.1592429 1.0763800 0.8743910
v 0.6302712 -0.3605259 -0.6635450
v -1.4704760 2.1251704 0.1585200
v -1.4674200 0.1001980 0.4752870
v 1.2569832 -0.2396370 -0.0346151
v 1.2356928 1.1915730 -1.3658170
v -1.3026579 0.2527580 -1.3661670
v 1.1617258 2.5635962 -0.7809860
v 1.2377324 0.2608870 1.3642450
v 1.0497170 -0.3325700 -0.8433360
v 1.4560146 1.0912340 -1.0920219
v -1.4498919 2.0238362 1.1727351
v 1.2497476 0.1509270 1.3620352
v -0.3146010 0.0333480 0.9806790
v 1.1840762 -0.2852931 0.9512780
v -1.4448449 0.1260160 -1.1334380
v -0.8466350 0.2414990 -1.4889260
v 1.2802590 2.4886884 0.7725320
v -0.4628802 2.8426184 -1.2523369
v 0.4368231 2.6652332 -1.0594179
v -1.2703889 1.2556719 -1.3617399
v -1.3726040 2.4301330 0.2793000
v -1.4309549 1.5978742 -1.1267519
v -1.4153030 0.7587550 1.1743840
v 0.9622622 2.5813172 -1.0291319
v 1.0231712 2.3480180 -1.3773350
v -1.4477519 1.2578771 -1.0393400
v 1.0713784 0.0362600 1.3859542
v 1.4803682 1.7611822 -0.8202350
v 0.8675090 1.9729744 -1.4779132
v 1.4654490 0.5217240 -0.3347450
v -1.0526001 2.2172978 1.3773240
v -0.7274010 0.2451570 -1.4915549
v 1.4665842 -0.0098960 -0.4700690
v -1.0020080 2.8037622 -1.2604260
v 1.3438120 -0.0179390 -1.2374700
v 0.4274093 2.5771804 -1.2234070
v -0.1878359 -0.1162910 0.8440260
v 1.4526650 0.9718601 -0.0840851
v -0.5420000 2.8964036 0.2414889
v 1.0802780 -0.3247910 0.3911979
v 1.3781362 0.4958529 1.2391671
v -0.4090180 2.0405842 -1.4854530
v -0.3648531 2.8913542 -0.8665129
v 0.9510812 -0.3398300 -0.8526340
v -0.8449440 2.8431540 -1.2443020
v -0.2506980 -0.3740389 0.3979940
v -0.9255890 2.8432544 -1.2392159
v 0.8182672 -0.3099750 0.9793320
v -0.0366748 2.6383752 -0.8439330
v -0.8924820 1.2268940 1.3166171
v -0.5205810 0.4419330 1.0972161
v 1.0592144 1.9724250 -1.4420000
v -0.9801750 2.7484682 0.5511500
v -0.0689679 2.6302248 0.4185779
v -0.1403650 1.4757822 0.8601168
v -0.7431500 -0.3653140 0.4401920
v 1.1060962 0.2055830 -1.4475017
v -0.6550580 2.8991064 0.1426830
v 0.9477770 2.1863552 -1.4436792
v -1.3066610 2.3562182 1.2079630
v -0.9207080 -0.3447259 -0.9063700
v -1.4770519 1.8398462 0.7924672
v 1.2641438 2.4931330 0.8805812
v 0.3929950 2.6172412 -0.9510579
v 0.3055802 2.6459710 -0.9459000
v -1.4352589 -0.0652351 -0.6831070
v 0.6847190 0.2805460 -1.4896218
v 1.4705710 0.7257670 0.9962312
v -0.1832780 1.8247046 -1.4762330
v 1.2157534 2.1832082 1.3394590
v 0.7196900 2.5435832 -1.1835900
v 0.2977792 2.2207146 -1.4506328
v 0.6656122 1.3899520 -1.4697920
v 1.4731982 0.3014920 -0.9079489
v 0.7120162 2.4910472 -1.2451530
v -0.9493390 0.6274959 1.3394401
v 0.7754100 -0.1156990 1.1792811
v -0.6998820 2.7367896 -1.2932540
v -0.9178661 2.5595364 0.9967610
v 1.4699042 0.7530090 -0.8040090
v 1.3602580 2.3983974 0.4428359
v 1.0265092 2.5817060 -0.5835500
v 1.0163732 2.5823952 -0.6999779
v 0.8404180 2.5695356 -1.1171389
v 1.0273410 2.5798010 0.6208801
v -1.2344379 -0.2649011 0.7400133
v 0.5735500 1.7140980 1.1777051
v 1.4629020 2.1771102 0.2272459
v -0.2938710 2.1459842 0.9936311
v 0.9939370 -0.2000030 1.2138230
v -1.4543700 1.4232740 0.8316530
v -0.4009680 2.6094732 0.7220481
v -1.2016029 1.2497593 -1.4202279
v 0.8899632 2.4144350 1.2006742
v 0.7716540 2.5061022 0.9996920
v -1.0311600 0.6309210 1.3816052
v -1.4015319 2.3769416 -0.1857180
v -0.7853790 1.5976550 -1.4543580
v -0.0954640 0.7822449 0.9077150
v -1.4503020 0.2074460 -0.7061070
v -0.9503060 0.1359650 -1.4849810
v -1.1997579 -0.1016520 -1.3915602
v 1.1820020 2.3603342 1.2633669
v 0.4500831 0.3712940 -1.4751460
v 1.3576504 2.3923914 -0.0334380
v -0.9333860 2.8858902 -1.0368729
v -1.4716070 1.0874170 1.1117833
v -1.1528251 0.4148050 1.4023250
v -0.6973850 2.6051662 0.8288850
v 1.4588972 1.6564362 0.6463870
v 0.2616720 2.4912032 0.8468180
v -0.8712160 2.8962724 -0.5114020
v -1.4911940 0.9867212 0.9355610
v 0.2143540 2.6447734 -0.9265838
v 0.6594592 2.0577490 1.2483490
v 0.0915930 0.0030109 0.9810082
v 1.4509372 2.0742776 -1.1145599
v -0.0874899 2.6816872 -0.8434309
v 1.1648206 1.1701230 1.3852142
v 0.7032420 -0.2160110 -1.3409579
v 1.4581990 1.7592042 -0.3479720
v -0.2488950 2.8411592 -1.2464699
v 0.1781472 2.8082932 -0.9491229
v -0.2826299 1.9698820 0.9924530
v 1.2327180 1.9746882 1.3652572
v 0.5732830 0.0848950 -1.5061609
v -1.2099160 2.5756416 -1.0422409
v 1.4620542 0.8663931 -0.8051950
v 0.4025370 2.8657144 -1.1733430
v -0.9900132 2.8589570 -1.1829300
v 0.0201650 2.1886812 0.9608591
v -1.0866941 2.8382150 0.1728190
v -0.2576770 2.5253232 0.7131649
v -0.1058730 0.8833951 0.9124890
v 1.0702190 0.9437161 1.3835020
v -1.0830961 0.2945799 1.4081090
v -0.5480100 -0.3287419 0.0698030
v -1.4717270 2.0419604 -0.3112501
v -1.4238829 2.2082258 1.1651289
v 1.4675180 1.6509912 0.0185149
v 1.2067552 2.0701634 -1.3816650
v 1.3868890 0.2290240 -1.2456880
v 0.9405874 -0.3445419 -0.9629580
v -1.3056010 1.9329062 -1.3430131
v 1.3553908 1.8574722 -1.2489019
v -0.0887639 2.6303642 -0.7326160
v -0.1487172 0.4120280 0.8917949
v -0.8537350 0.6314260 1.2832369
v -1.4316720 -0.0771290 0.8139360
v 0.2806770 2.5522468 -1.3040359
v 1.3243122 -0.2108470 -0.3672210
v 1.4684324 0.6330850 0.1516259
v 0.5101542 -0.2999020 0.8669230
v -1.0549100 0.0816890 1.4109252
v -1.0696490 2.5832666 1.0174962
v -0.6808290 -0.3176780 -0.1347951
v -0.3045090 1.8238792 -1.4778671
v -0.1428259 2.8023400 -0.2292691
v -0.1540100 0.5119150 0.8525090
v 0.2603199 -0.3192090 -1.1115310
v -0.6752760 -0.3193129 -0.0223111
v 1.3829570 0.1352150 -1.2473210
v 0.2390831 2.4413284 0.8995930
v 0.1972920 2.8511226 -0.9791320
v -0.1298419 2.4699990 0.7526289
v 0.5461402 2.5908914 -0.8590379
v 0.9710982 1.8490682 1.3790472
v -1.4295360 2.3402978 0.6039139
v -0.2261730 0.4410620 0.9348840
v 0.0391500 2.5674892 0.5678940
v 0.1468401 1.6529330 1.0187571
v -1.4557830 0.6552280 -0.3524170
v -1.4465290 0.0979810 0.1329380
v 1.4575080 0.8688721 -1.0892740
v 1.4479016 1.8806960 0.7606259
v 0.0758990 2.8190042 -0.9251900
v -1.4618740 0.7716979 -0.3492860
v -0.8965370 1.5985410 -1.4504879
v -1.1065300 0.9813130 1.4105882
v 1.4679012 0.3882040 0.4998599
v 0.1144287 -0.0234611 -1.4731969
v -0.1704549 0.6988480 0.8324640
v -1.2859829 0.7574761 1.3167930
v 0.5192642 -0.3516490 -0.5654210
v -1.4278060 -0.0575070 -1.1247379
v 1.4819372 2.0879934 -0.9340100
v 1.4750652 1.8738740 -0.8223380
v 0.8811450 -0.1222520 1.2301981
v -1.1610990 -0.2952191 0.9850491
v -0.2385880 2.8958262 -1.0837929
v 1.4491624 2.1910242 1.0619421
v -0.8719990 1.2472679 -1.4690140
v 0.8716062 1.9614556 1.3444601
v 0.1206279 -0.3723530 0.4934160
v 0.7913932 1.7293292 1.2908601
v 0.0895560 -0.3394289 0.1448259
v 0.4061549 2.8701252 -1.1111700
v -1.0198011 2.8652360 0.3478209
v -0.5950320 0.9044651 1.1272832
v -0.7375910 2.6433482 0.7655210
v 1.4634332 0.0811970 -0.6904270
v 0.3986519 2.6315104 -1.2573101
v -0.0216680 2.8606372 -0.9506911
v -0.1356489 2.7637500 -0.5461540
v -0.4923350 -0.3764120 0.4569370
v 0.5472584 -0.3442749 -0.1221260
v 0.5775860 -0.3699699 0.4071210
v 0.5612752 0.1247280 1.1878309
v -0.5164660 0.6832230 -1.4558672
v 1.4596226 0.7250920 1.0908751
v 0.7537310 -0.3522680 -0.5383520
v -1.4490629 0.9890450 0.6187521
v -0.9331450 0.3986250 1.3295001
v -0.4593970 2.3705002 -1.3752390
v -1.1178181 -0.3111610 -1.1051240
v -0.6093690 2.6977994 0.6210590
v 0.0355691 2.6613852 -0.8857229
v -0.6200450 2.6470532 -1.3014869
v 0.0937281 0.1807310 1.0245930
v -1.4602760 0.0176940 0.9117141
v -1.1535941 0.4616930 -1.4551169
v 1.3602570 2.3929336 -0.1520050
v -1.2125430 1.0288871 -1.4148579
v 0.3371500 0.1637100 -1.5015709
v 1.4656352 1.4254190 -0.5790880
v -1.4399980 2.3447134 0.7178070
v 0.8942974 1.3961590 -1.4666641
v -1.4511808 0.0943859 -0.6990520
v -0.4531730 -0.2361270 -1.3541250
v -1.2149310 -0.1457230 1.2555553
v -1.3477319 2.2369902 -1.2564389
v 0.0889612 2.8553642 -0.9604329
v 0.8731550 2.5197042 1.0307821
v -1.1531461 1.5884780 -1.4472030
v -1.4447020 1.9415562 -1.1178170
v -0.3106710 -0.3322118 -0.1563161
v -0.2127050 1.5592120 0.8412140
v 1.4771824 0.3935340 0.3784560
v 1.4737884 1.3152782 -0.9196228
v -1.3351889 -0.1817511 1.0289409
v -0.0916270 2.7341132 -0.8504930
v -1.1329040 2.2297270 -1.4308840
v 0.1870101 1.3751250 -1.4702090
v 1.4806224 1.8720250 -0.9287040
v 1.4707544 0.5095749 0.3863460
v -1.3566329 0.7585760 1.2484751
v -0.1967661 2.8728762 0.0026300
v 0.1329548 1.3298401 1.0185980
v -1.4617468 1.8555732 0.6940391
v -0.9403871 2.8925522 -0.9381230
v 1.0664736 -0.3493669 0.6210280
v -0.4744101 0.6967269 1.0943401
v -0.4646220 2.0734272 1.0861310
v 0.1602861 -0.3274559 -0.5918250
v -1.1377791 1.5529640 1.4079680
v 0.8259992 -0.3381360 -1.0766030
v -0.0285870 1.5154860 0.9719187
v 1.1790162 0.7444221 -1.4060591
v 1.3074014 0.7177241 1.3158081
v -1.4621099 1.0054520 -0.3435900
v -1.0853041 1.9337080 -1.4532661
v 0.9067950 0.7204972 -1.4576670
v -0.0697542 -0.3396069 -0.3741119
v -0.6581701 2.9027918 -0.1785131
v -0.2715380 1.2616539 0.8825292
v -1.1387570 0.0459860 -1.4535399
v 0.6827030 0.4774339 -1.4602827
v -1.3671009 1.9349072 -1.2760610
v -0.6601770 1.2523911 -1.4672888
v 0.5691622 -0.3711770 0.6060100
v 1.4517930 1.9857270 0.9947483
v 0.0521062 -0.3338869 -0.3700899
v 0.9614860 -0.3528110 0.8339951
v -0.0409360 2.6032012 -0.7355070
v 0.5028292 -0.3483168 -0.8939660
v -0.5697171 2.3997750 0.9873302
v 1.0895290 -0.2015890 1.2413691
v -1.0571400 -0.0037170 1.3903070
v -1.4575720 2.1582624 -1.0030300
v -0.8825321 2.6778936 0.6393780
v -1.3254820 2.0757602 1.2977020
v -0.1096129 2.6632944 0.4233310
v -0.4579710 2.8944782 -0.5169359
v -0.1223839 2.6378874 -0.1485380
v -1.0995051 1.9012770 1.4028132
v -1.0675910 -0.3266859 0.4982130
v -0.5627521 2.0885624 1.1333879
v -1.4572089 1.1138522 -0.1018051
v -0.7488150 2.5429982 -1.3162720
v 0.3427540 -0.3556260 0.2643250
v -0.5864710 -0.2855171 0.8400140
v -1.2564710 2.3139462 -1.3081999
v -0.6488540 1.9396326 -1.4553561
v 0.4569281 0.0794969 -1.5021880
v 1.0750064 -0.0489150 1.3560220
v -1.4746999 0.1020350 0.5874940
v -1.4645899 0.5636269 -0.8271210
v -1.0465800 2.8021182 -1.2350920
v 1.2500232 2.3622060 1.2320751
v -1.4679838 1.3627689 -0.5775560
v -1.2490480 2.5473132 0.5375931
v 1.2410432 -0.2414900 0.3136250
v 1.4616570 1.5395312 0.1473400
v 1.4608542 0.4264640 -1.0914539
v -1.4598610 1.9435410 -0.5536349
v 1.5083460 0.1888470 -0.2348700
v -1.4649340 0.1213350 1.0104171
v -1.2062820 1.1401211 -1.4171300
v 0.7942020 -0.3817700 0.4529060
v -1.4836490 2.2625332 0.9984940
v 0.4509441 2.6114544 -0.9992890
v -1.4580290 0.3105230 -0.3552040
v 0.7826702 0.3388949 1.2925870
v -1.3225089 2.4705186 1.0226859
v 1.3365792 -0.1251470 -1.1010090
v 0.4374663 2.5897202 -0.8442420
v -0.0535780 0.2024509 0.9823030
v 1.4760574 2.0913452 -0.8252570
v 1.2996010 2.4656836 0.1935360
v 0.1900083 1.2598170 -1.4708781
v -0.4975380 2.2317402 1.0543793
v 1.3864258 -0.0963460 0.9807880
v 1.4851324 0.2897638 0.1303809
v 1.2990922 -0.0054300 -1.2953990
v -0.1865220 2.8703432 0.3120680
v 1.4680312 0.4982420 0.6334071
v -0.1297539 1.5816232 0.8665990
v 0.7862250 1.1642002 -1.4683881
v -0.8618110 2.1200310 1.3015909
v -1.4362319 -0.0819610 -0.4533490
v -0.2979170 -0.3281170 0.6318860
v 0.1326981 2.5825342 -0.3732840
v 0.6029660 2.3829750 1.1039680
v -1.4623370 1.4752430 -0.4545570
v -0.0370249 2.4668372 0.7712960
v 1.1362542 -0.3209868 0.7397800
v -0.0594130 2.0812412 0.9454451
v 1.3300410 2.4240796 0.8992151
v -0.3366430 -0.0532571 0.9367600
v 1.1194280 -0.3019301 -1.0484139
v -0.8690460 1.0136912 -1.4727710
v 0.7728060 1.9567590 1.2978860
v 1.4718442 0.6087050 0.9926300
v 1.4618850 1.3105763 0.5271080
v -0.1216150 2.6528394 -0.5545689
v 0.4602781 -0.3726290 0.5782210
v 0.5723330 0.1752790 -1.5065540
v -1.4633319 1.6875960 -0.0904091
v 1.4775156 0.4205750 -1.0060100
v -0.8605601 2.8034742 -1.2756671
v -1.3207370 -0.2042240 -0.2138810
v -1.4516669 -0.0112360 -0.4590040
v -1.4769979 1.7335662 0.7997180
v 1.4066108 2.3371032 0.8079880
v 1.4380940 0.0013110 -0.7980200
v 0.1169868 2.2897474 0.9582620
v -1.1814501 1.3195660 1.4002770
v -1.0252990 2.8688554 -0.3948860
v 0.6583700 2.5909304 -0.8560790
v 0.4708569 2.6070894 -1.0545439
v -0.3611650 2.8825270 0.4710120
v -0.8863391 -0.3445328 0.8290720
v 1.4719820 1.7606050 -0.1086571
v -1.1594830 0.7541240 1.3989362
v -0.7871540 -0.3342219 -0.0106850
v -0.1398860 2.8403946 -1.2469219
v 1.2404954 1.3968610 1.3765320
v 1.4398320 0.0068070 -0.9042710
v -1.4695589 1.1388679 -0.8193390
v -1.4431510 0.1295730 1.0991940
v -0.7803120 -0.3411430 0.1050460
v -0.2644180 -0.2020230 0.7585082
v -1.4659149 0.3132080 0.4785340
v -1.2791700 1.7585940 1.3312430
v 1.1849760 0.6367551 -1.4047251
v 1.3846460 -0.0380920 1.1937001
v -0.6677210 1.5973660 -1.4617400
v -1.1219301 2.7938010 -0.3913970
v -1.1207700 2.7925782 -0.2781380
v -0.5201130 1.1457791 1.0975880
v 1.3575154 2.4020012 0.5600950
v -0.9950930 -0.2740131 -1.2702419
v 0.0357010 2.5816872 0.1380560
v -1.3945499 -0.1438170 -0.5637830
v 0.5380210 2.5766644 0.7094402
v 0.4289972 2.5767742 0.6828710
v 1.1273762 -0.3093951 -0.9462300
v 0.8503052 2.5834314 -1.0398509
v -0.3961980 2.1352282 -1.4769681
v 0.8898552 0.5781981 1.3419010
v -1.4764369 2.1684182 1.1120151
v -0.6235640 2.1498252 -1.4545420
v -1.0801410 2.8408392 -0.5035920
v -0.9445330 0.5109140 1.3333491
v -0.1264640 2.6518582 0.5407270
v -0.0931260 2.6127376 -0.1553900
v -1.3948589 2.3793122 -0.4119770
v -0.6147770 0.4216200 1.1504330
v -0.2516490 1.5599800 0.8737163
v 0.2982792 -0.2931830 0.7869132
v 0.9704492 2.4220552 1.2166000
v -1.0630911 1.3321952 1.4039010
v 0.3119840 2.3823942 0.9839110
v -1.0324010 2.8703042 0.0522229
v -0.1810640 1.4615900 0.8319650
v -1.0060801 -0.3033421 -1.1962679
v 1.4488292 2.0936872 1.0793870
v 1.1179438 2.5881206 0.5165450
v 1.0540952 2.5510270 1.0838740
v -0.3366440 2.4538732 -1.3450710
v 1.1705502 2.5532754 -0.0714391
v -0.2234530 2.8855900 -0.8619220
v -1.1930960 2.2070762 1.3642210
v 1.4307182 0.0239320 -1.0936260
v -0.5698770 -0.3311280 -0.3673510
v -0.3014770 1.5655870 0.9392090
v 0.7009410 2.3931482 1.1410070
v -0.4517640 1.9874856 1.0865050
v 1.0423322 2.4301992 1.2188171
v -0.2235290 2.3990532 0.8225100
v -0.6920860 -0.3351980 -0.5859520
v -1.4910400 1.9083582 1.0478961
v 1.4528040 1.9715080 -1.1102900
v -0.5331410 1.9384122 -1.4705292
v 1.4380540 0.0538630 1.1420200
v -0.8688680 -0.3435678 0.3560829
v 1.4143394 2.1917810 1.1547501
v -0.0395389 0.7960492 0.9613612
v -1.0760871 2.5637212 -1.2766430
v -0.5552340 2.8942964 -0.4023060
v 0.4559492 0.0462700 1.1341981
v 1.2573210 -0.2561661 -0.2620021
v -0.0791980 0.5899030 0.9058010
v -0.5350750 1.1408558 -1.4634961
v -1.4768039 2.1371284 -0.1898081
v -1.4348520 1.0849980 1.1821781
v 0.6970600 -0.2565701 1.0029082
v -1.0272121 2.3074214 -1.4107490
v 0.9184482 -0.3047100 1.0236041
v 1.0086794 -0.3220779 0.1497490
v 0.2628440 0.0675740 1.0613240
v 0.6771590 0.8212240 -1.4749091
v -1.2697129 0.1086849 1.3301691
v 0.1097899 -0.3304359 0.6357461
v 1.0727670 1.3930510 1.3884072
v -1.4447700 2.2986740 0.0406490
v -1.4409120 2.3223244 1.0365200
v -0.1001848 -0.1899281 0.7597710
v -0.1619340 0.6094829 0.8362390
v 1.2987578 2.4790574 0.5473950
v -1.4579049 1.6652930 0.3718730
v -0.5670271 -0.3487710 -1.0166330
v -0.8932590 2.7044226 0.5891860
v -1.4207710 2.3903002 0.8464559
v 0.8893830 -0.1987851 1.1675421
v -1.1684840 1.8185986 -1.4333032
v 0.8895794 1.5101490 -1.4742842
v 0.3942131 2.3972612 -1.3642911
v -0.6043060 2.2330164 -1.4440099
v -0.1528730 2.8320842 -0.8234780
v -0.1967271 1.0684648 0.8511649
v -0.3223820 2.9012902 0.1294259
v -1.4522309 1.1000909 0.7310310
v -0.1161169 2.0723322 0.9299719
v -1.4718480 0.2045120 0.4750220
v 0.0293611 2.5811008 -0.0646040
v -1.1161540 2.4815266 -1.2909990
v -0.8916711 -0.2282711 -1.3374640
v -0.7685741 2.8963572 -0.7383029
v 1.0293850 -0.3254219 -1.0568399
v 1.3804184 0.7617631 -1.2298710
v 0.2061671 2.8854572 -1.1528120
v -0.1369800 1.8766392 0.9068330
v 0.5947060 -0.2505551 0.9620360
v 1.4602112 1.5407542 0.7817400
v 1.4600642 1.0914022 -0.6934690
v 0.5524930 1.1551539 -1.4730602
v -1.2481809 2.0984172 1.3509952
v -1.3468170 0.9213300 -1.2962859
v -1.4193790 -0.0314690 1.0862190
v 0.6847400 1.7230812 1.2314103
v -0.2213350 -0.2276750 -1.3489400
v 0.1360789 2.6989462 -0.9199690
v 0.4594840 1.8149400 1.1329440
v 1.0924372 -0.2583451 1.1662811
v -0.1845499 -0.3434090 -0.1594511
v 0.7090964 2.4220932 -1.3143981
v -0.1407728 2.7812264 -0.7425070
v -0.5478710 1.4826868 -1.4675651
v 1.4577670 1.4233730 0.9100660
v 0.9786934 1.7345640 1.3804870
v 0.4608011 -0.0021240 -1.4849890
v 0.4371293 1.0382810 -1.4794698
v -0.6894480 -0.3227640 -0.3622800
v 0.9256360 2.3477470 -1.3776382
v 1.1670422 -0.2584610 1.1517450
v -0.8218170 0.0422330 -1.4846550
v -1.1533791 0.6859470 -1.4501760
v 1.4636592 1.8735522 -0.7063140
v 1.1574724 -0.2946060 0.4095650
v 0.4695581 2.5722652 -1.1705460
v 1.1083360 2.5762996 -0.3265471
v -0.9788481 2.5137390 1.1005072
v -0.1481079 2.8054040 -0.3320610
v -0.9400281 1.8058582 1.3350239
v 0.7894702 2.5787492 0.6778799
v -1.3610780 1.8525376 1.2695531
v 1.3380722 2.1565784 -1.2626550
v 1.4349360 0.4961700 1.1649780
v 0.0402810 1.4257398 1.0034301
v -0.3144670 1.1592841 0.9531267
v -1.4025010 2.3767910 -0.0718270
v -0.7834780 -0.2315280 -1.3433060
v -0.5702550 -0.3237329 -0.8097890
v 1.0674700 1.7461870 -1.4470880
v 1.4807322 0.0190190 -0.1280821
v 1.0078472 1.1749120 -1.4497699
v -0.3697430 -0.2810840 0.7264550
v -1.4549060 1.9450952 -1.0217829
v -1.0340901 1.9092790 1.3833280
v -1.3819710 1.3030240 1.2517850
v 0.0460121 1.5306602 1.0018833
v 1.4150776 2.3333452 -0.4953240
v 1.1700322 2.5538172 -0.1904621
v 1.4755796 0.5171950 0.1456289
v 1.0200588 0.4015040 -1.4509299
v 0.3642208 2.7875682 -0.9807359
v -1.2216479 0.8679620 1.3705850
v 0.3014662 2.8430384 -0.9953500
v -1.3837130 2.4162260 0.3860360
v 1.0213210 2.4191502 -1.3159101
v 0.9929150 -0.3476310 0.3739360
v 0.3922440 2.8281094 -1.0032160
v -0.8537741 -0.3510700 0.4678450
v -0.4382120 1.3712960 1.0616693
v 0.1808993 2.0345632 -1.4801921
v 1.4623724 0.8450580 0.8909800
v -0.3044270 2.4021680 0.8382711
v -0.0890900 2.6214764 0.2479429
v 1.4418190 -0.0133090 0.9126581
v -0.7150780 2.2380584 -1.4392959
v 1.1497422 -0.3080560 0.5201520
v -0.3002980 1.9340620 -1.4857842
v 0.5753760 -0.3600589 0.3023999
v 1.3507222 -0.1380011 0.6636001
v 0.4781913 -0.2113040 -1.3456122
v 1.4434112 -0.0763371 -0.3573120
v 1.4687312 1.4232730 -0.4575570
v 0.0951069 0.2818410 1.0220958
v -0.8395210 2.8693200 -1.1983910
v -0.1320371 2.6829152 0.0687590
v -0.6372250 -0.1566340 1.0148380
v 0.3501023 1.6868950 1.0752051
v 0.8995530 0.0090940 -1.4818751
v 1.4602632 0.8568413 0.1579440
v 1.1702310 2.4002466 -1.2940950
v -1.4633590 1.2338110 -0.2199430
v 1.4574766 0.9772832 -0.3287171
v 0.4668281 -0.0789910 -1.4502919
v 0.6650662 -0.3418309 -0.1133051
v -0.2394540 2.8856534 -0.7463980
v 0.2628872 2.7881524 -1.2784810
v -1.1697580 2.6966716 0.1932979
v -0.1609103 2.8396652 0.4789400
v -0.0490388 1.2043320 0.9722921
v 1.2614230 2.4430812 1.1456030
v -0.1874529 0.4197070 0.9069338
v -0.1332260 2.7605170 0.4409670
v -0.4497670 2.6599932 0.6743090
v 1.3091270 -0.1842910 0.3235259
v 0.0885081 2.8670806 -1.2062389
v 0.3213500 -0.3248830 0.7178719
v 1.2490706 0.7545179 -1.3586930
v 1.1644502 -0.1603481 -1.2754720
v 0.5697442 -0.3455899 0.1977279
v 1.0332160 2.5813100 -0.3440040
v -1.4328370 1.7117834 -1.1260169
v -0.3963270 2.3921712 0.8889729
v 0.2204869 2.3768930 0.9451510
v 1.4560632 0.2099569 -1.0926259
v 1.4718514 0.0785549 -0.5793060
v 1.0987464 1.1815090 -1.4391870
v -0.1312090 2.7880076 -0.8118350
v 0.7765020 1.6232740 -1.4756592
v -0.4290230 2.9011882 0.2359860
v -1.2141670 2.6398972 -0.5047579
v -0.1640001 2.1643212 0.9267982
v -0.2663459 1.3596720 0.8746520
v 0.8791846 -0.3530209 -0.4131989
v -0.7363061 -0.1539391 1.0803932
v -0.2285650 0.9684670 0.8557229
v -1.2318579 2.5615620 -0.8412930
v -1.4122480 -0.0638600 0.0180790
v -1.4108129 -0.0658191 0.1332340
v 1.1708294 -0.2011370 1.2341653
v 0.5082430 2.3308552 -1.3988280
v -0.6575601 1.8260892 -1.4573450
v -0.9621391 2.8852842 0.2516969
v 0.8909854 2.5797776 -0.8333380
v -0.4173021 1.9360444 -1.4828490
v -1.4652070 1.6757444 0.1436520
v 0.0611959 2.7946240 -1.2758370
v 1.0004812 2.5805312 -0.8164590
v 1.1660742 1.3948750 1.3858300
v -1.4371550 2.3617612 0.2726339
v 0.0289260 -0.3394739 -0.9178550
v -0.5741360 2.6651132 0.6905740
v -1.4605709 2.0562402 -1.0123338
v 1.2906680 2.4681382 -0.7454250
v 0.1410981 2.4357662 0.8697950
v 1.1210496 2.5869346 0.3979160
v -0.3945901 0.6859560 -1.4569779
v 1.4613206 1.6488032 -0.1024710
v -1.2189370 0.7560170 1.3703862
v -1.2166139 0.6441050 1.3702770
v 1.4118152 1.9676640 -1.1837190
v -0.0408899 2.5927104 0.0432000
v 0.4390980 2.5988802 -1.1724481
v 1.4665350 1.3100812 -0.3332200
v -0.4623870 2.8943710 -0.6307249
v 1.4730200 0.0778620 0.4687159
v -0.3445410 -0.1117211 -1.4502819
v -1.2143639 -0.2167660 1.1737701
v 1.4546956 1.1848860 1.1110531
v 0.2167219 -0.3258709 0.6758201
v -1.3228090 1.4160480 1.3092531
v 0.2993572 -0.3413639 -0.2481510
v 1.2923132 2.4842896 0.6615020
v 0.6412352 2.0628172 -1.4788251
v 1.3233762 0.6522329 -1.3005330
v 1.4552954 2.0876502 0.1117390
v -0.9903900 2.6949034 0.5903110
v 1.2411370 1.0590730 1.3657410
v 0.3523739 -0.0849510 -1.4471810
v 0.2366970 -0.0915780 -1.4444420
v 0.1202361 -0.0971000 -1.4419658
v 0.3864103 2.3089856 1.0608153
v -0.6561521 2.8931504 0.2440160
v -0.5531511 2.9050452 -0.9683090
v -0.6203530 1.2502390 1.1354061
v 1.4627832 0.0183040 0.2232699
v -0.7379200 1.6961440 1.2202721
v -0.8784550 1.3641061 -1.4658120
v 0.6369860 -0.3522509 -0.5522839
v -1.2825509 -0.2560041 -0.9963360
v 1.4686550 1.4221970 -0.3353319
v -1.4062650 1.8233960 -1.2038049
v -0.6924241 -0.3307059 -0.4751040
v -1.0734261 0.5701870 -1.4740980
v -1.2426029 -0.2553811 -0.0974910
v 1.4687412 0.1898980 -0.9063400
v 1.2997600 2.3033772 -1.2569639
v 1.1162232 2.2668282 -1.4059060
v -1.4652760 0.4521180 -0.9352560
v -0.0865442 -0.0614670 0.9020200
v 0.9091094 0.6062030 -1.4553042
v 1.4677686 2.1949992 -0.3661180
v -0.1119601 2.6636172 0.4878869
v 1.5004772 0.1843600 -0.3500560
v -1.4738718 1.1349142 -0.7027080
v 1.4550884 1.3145179 -0.6953070
v 1.4284314 2.2771306 1.0430382
v 1.4794140 0.1564390 0.9598229
v -1.0856511 -0.3142450 1.0100571
v -0.6659810 2.8968362 -0.7410360
v 1.2772322 2.0657460 -1.3258310
v -0.7673910 1.1338893 -1.4574000
v 1.1629580 2.5777564 0.7524480
v 0.7250520 2.2643442 -1.4238990
v 1.4539648 1.9870610 0.8766700
v 0.8397230 2.5760732 0.8738270
v -0.5628500 2.8942132 -0.6294820
v -1.4728230 1.3140000 0.9471700
v -0.5205710 2.6878020 0.6390221
v -0.7474490 2.8871362 -1.1422660
v 0.4573801 2.8237422 -1.0655159
v -1.4421340 0.0270260 -1.1310700
v 1.4619622 2.1871306 -0.7137650
v 0.2164780 2.5944042 -0.8540659
v -1.0930681 -0.3311710 -0.2196981
v -0.2345940 2.6916944 0.5944870
v 0.6607790 0.0362739 1.2198840
v -1.1398260 2.6420362 0.6244999
v -0.9679431 1.3619769 -1.4851841
v 0.3151011 2.6873186 -0.9607470
v 1.3672490 1.4066070 1.2741290
v -0.8753880 2.8933082 0.1479989
v 1.0484670 1.9636040 1.3876922
v -1.2423600 -0.2520380 0.2555970
v 1.4145342 2.0928310 1.1709260
v -0.0873341 -0.3266690 -0.8130140
v -0.9620910 -0.2111080 1.1501283
v -1.4513769 1.5337740 0.7093882
v 0.3407301 -0.3533238 0.6351230
v -1.1285880 2.7707172 0.3017219
v -1.4635290 1.7468230 0.6941190
v -1.3306008 2.4153732 -1.0643370
v -1.4814089 1.8149472 1.0631290
v 0.2365430 2.5897774 -0.6986690
v 0.6875958 0.0046750 -1.4935430
v -1.3240859 -0.1821041 -1.1891109
v -0.5027340 0.9202532 1.0979270
v 0.3457731 2.7848642 -1.2783600
v -0.7486380 2.8701292 -1.2058420
v -1.4706439 1.7191154 1.0809681
v -0.5556911 -0.3179469 -0.0351781
v -0.9212680 -0.3551129 -0.6891350
v -1.1195680 2.7488452 -1.1262500
v 1.4526650 1.5355002 -1.0974850
v -0.3990790 0.0194160 1.0066870
v 1.4792370 0.5323220 -1.0065350
v -1.0116331 2.5560454 -1.3013089
v 1.2320562 2.5211562 -0.5319800
v 0.9447646 -0.3298549 0.9386012
v -0.7579721 0.7898430 -1.4618040
v -1.4180330 -0.0680880 -0.0976580
v -1.4716190 0.7932690 -0.8259100
v -1.4506140 1.2104430 0.7307668
v 1.1516590 2.5554554 -0.8929630
v 0.4533662 -0.3354599 0.1827670
v -0.7690030 2.9034250 -0.0674300
v -0.3954870 0.7227639 1.0643812
v 0.8958452 -0.3329389 -0.1918921
v 1.4657512 0.3831030 0.6236220
v -0.6624830 2.4066922 1.0369132
v -1.4252870 -0.0745011 -0.2158000
v 1.4982324 0.2956950 -0.1086350
v 0.2361321 -0.3733690 0.5205790
v -1.4260859 -0.0742051 0.5940080
v -1.1254920 -0.3184950 -1.0038480
v -0.0473530 2.5931862 -0.1618501
v -1.3288339 1.5273770 1.3023943
v 0.7604200 1.9664470 -1.4873092
v -0.4833130 2.5804760 0.7877900
v -0.6718510 0.7726500 1.1683010
v 0.5661672 2.5834712 -0.7420660
v -1.2168140 2.3980760 -1.2803290
v 1.4660850 1.3155521 -0.8118160
v -1.1331181 -0.3097730 0.7483260
v -0.6474160 2.8832962 -1.1504560
v -1.2143800 2.6179622 0.0669400
v 0.6254210 2.5662272 0.8067251
v -0.1585862 2.8228222 -0.6415769
v 0.7135110 2.3456020 -1.3780841
v 1.4775872 0.2893640 -0.5782260
v -1.4477129 1.4870220 -1.0353510
v -1.2371959 2.3864422 1.2486051
v 0.7686100 0.1215300 1.2903530
v 1.3176160 0.7604851 -1.2972790
v 1.1819144 2.5736762 0.5242499
v -1.2988690 0.3607550 -1.3653440
v -0.1324320 0.1478480 -1.4899049
v 0.3381211 2.8243482 -1.2565350
v -1.2714990 2.5476954 -0.2867761
v 1.3884246 -0.1454850 -0.3608420
v 0.0599430 2.4770852 0.7900840
v 0.7883140 1.0518402 -1.4703312
v 1.2380842 -0.0137901 -1.3409880
v 1.0509766 -0.3347029 0.8524861
v 1.2031870 2.5459648 0.8677090
v -1.0830481 2.8387534 0.0607370
v 0.7357962 2.4508304 1.0738381
v 1.4832444 0.2851789 0.2507390
v -0.5481031 2.8830092 -1.1576919
v 0.4412399 2.7055732 -1.2038710
v -0.1564077 2.5477442 0.6628810
v -1.3840160 2.4211722 0.9846699
v 1.3472776 2.3981722 -0.9514581
v 0.9807610 0.8193942 1.3754810
v -0.7510890 2.8941552 -1.0549140
v -1.3927159 1.3675509 -1.2079789
v 1.0942266 -0.3235940 -0.2794611
v -0.7945740 2.4877002 1.0300750
v 1.1751226 -0.0432430 1.3485532
v 0.7722622 2.3329902 1.2265990
v -0.1948129 0.6187150 0.8405638
v 1.1773072 -0.2090600 -1.2041660
v -0.5766990 2.8303940 0.5131110
v -1.0230340 -0.3500069 -0.5712690
v -0.8866151 -0.3435640 0.1200740
v -1.2547170 1.4230322 1.3609560
v -1.0224901 2.3871812 1.2614841
v 1.3808918 2.3574582 1.0206461
v 0.3088851 2.6168086 -0.9199740
v 0.3155392 2.8727382 -1.0384200
v -1.4939170 1.8153182 0.9797750
v 1.4799524 0.4012710 0.1385790
v -0.8966001 -0.3433890 -0.1174731
v 0.2824103 2.8293974 -1.2544750
v -0.1851490 -0.1859501 0.7526879
v 1.1182890 -0.3104169 0.9680729
v -0.5481900 1.9034222 1.1257682
v -1.4642499 0.7839480 -0.5896740
v 1.3002644 2.4737082 0.4308040
v 0.2324509 0.6898041 1.0217279
v -1.3265479 -0.2171641 0.8360923
v -1.2659559 2.1886442 1.3221681
v 1.2732110 -0.2230650 0.7501340
v 1.4235154 0.1243080 -1.1740660
v 1.1986270 2.5121602 1.1174250
v -1.4357990 2.3611694 0.9495570
v 0.2510770 2.7460922 -0.9504229
v 1.4545302 2.0884990 -0.0060751
v -0.4973711 2.7274042 0.5893459
v 1.0109402 1.0633729 -1.4494940
v 1.3281612 0.5440569 -1.3039720
v 0.4818302 2.3113914 1.1026301
v -1.0506150 1.3589529 -1.4809320
v -0.7688771 2.8944582 0.1449850
v -0.2865420 0.1290980 0.9997731
v -0.3440930 2.8880502 -1.1584529
v 0.9797220 0.3501929 1.3875910
v 1.2997354 2.0858872 1.3129460
v 0.1849521 -0.2308681 0.8031171
v -0.0990818 1.3915310 0.9131580
v 0.0726259 -0.3472599 -0.0494100
v 0.1565111 -0.3261809 -0.7027460
v -0.1806782 1.4876410 -1.4688149
v 1.0112780 -0.3178909 0.0419690
v -1.3078979 1.9774990 1.3141411
v 1.5037854 0.1917770 0.0021988
v 0.4410991 2.6175052 -1.1134580
v -0.8316600 1.6950960 1.2817931
v 1.4672564 0.7278070 0.8862682
v 1.3761582 0.6067171 1.2427290
v -1.2493239 -0.2559751 0.9609773
v 1.1707382 2.5547498 -0.3095990
v -0.8953920 -0.2822130 1.0377881
v 1.0895800 2.5805622 -0.7992170
v -1.4619130 2.1600752 -0.8925679
v -0.1782270 -0.2679160 0.6710090
v -0.8961971 1.7125966 -1.4495499
v 1.4793852 0.2792600 0.3695990
v -1.4693639 2.2205862 0.1584179
v 1.2985430 2.4585464 -0.2820050
v -1.0369621 2.1232532 1.3955280
v -0.3110040 2.7562412 0.5697609
v -1.4131449 2.3246416 -0.8717600
v 1.4718716 1.0746061 1.0091160
v 0.2532010 1.7825776 1.0421750
v 1.4491912 2.2658054 -0.2529231
v -0.2648550 2.7991342 -1.2735850
v 0.0299330 0.9051321 0.9952063
v -0.4482691 2.8924240 0.4061720
v 0.7161152 -0.3080310 0.9366212
v 0.8741792 1.8595290 -1.4804861
v -1.2996959 1.0891791 1.3114662
v -1.1689120 2.4027552 1.2726553
v 1.3830078 2.3219114 -1.1232680
v -1.4652600 1.7840352 0.2611879
v -0.3526531 0.5185500 1.0361909
v -1.1213041 2.7984180 -0.7220590
v 0.1720621 -0.3323929 -0.3651810
v -0.8241150 2.6476814 -1.3055319
v -1.3945050 1.0335132 -1.2196220
v 1.4656372 0.1841180 -0.8004760
v -0.3857779 2.7806360 0.5580071
v -0.2744570 2.8944722 -0.3044591
v 1.4489960 1.6531330 0.9078790
v -0.4735760 2.8357222 0.5128790
v -1.2983620 2.1409532 -1.3386270
v 0.9938686 -0.1407211 -1.3853451
v 0.2415050 -0.1594170 -1.3996171
v 0.3826571 2.6441730 -0.9703510
v 1.4827812 1.9830432 -0.9318470
v -0.3471970 -0.1376120 0.8629980
v -1.1910480 2.5782522 0.9759711
v -0.7695530 2.6679384 0.6949159
v -1.4800210 2.1872602 0.4967459
v -1.1604550 -0.3024491 0.5021349
v -1.4344460 2.3340794 0.4944030
v 1.2936640 -0.1939441 1.0964741
v -0.9344921 -0.3195739 0.9739270
v 1.0355100 2.5348606 -1.1792030
v -0.1788519 0.7856570 0.8400370
v -0.8065420 -0.3308120 -0.4700110
v -1.2943300 -0.0295431 -1.3576571
v 0.2679863 0.2459550 1.0586151
v -0.7256740 2.6471922 -1.3032209
v 1.3874632 0.4368319 -1.2410210
v 1.0809272 -0.0509270 -1.4100739
v 1.4516218 1.0796931 0.6527031
v -1.2608790 -0.2345230 -1.1832140
v 1.4552402 -0.0013510 0.5750050
v -1.4439269 0.0073190 0.3627190
v -1.0955650 2.6549246 -1.2393380
v -0.9783810 0.7877543 -1.4761370
v -0.0711840 1.6989250 0.9237810
v 1.3729792 1.1764170 1.2646229
v 1.4472222 1.4144600 1.1242302
v -1.1746221 -0.3055661 -0.2136201
v -0.1168988 0.2103710 0.9709890
v -1.1316441 1.4400390 1.4137482
v 0.1735391 1.9969592 1.0256022
v -0.6099730 2.6171364 0.7885492
v -1.4145800 0.1380420 -1.2218860
v -0.2219870 2.8213918 0.5316570
v 1.3095340 -0.1828620 1.0311400
v 0.4115652 -0.3452250 -0.3516970
v 1.4064472 1.8690686 1.1992430
v -0.6731860 -0.3229939 -1.1928349
v -0.2840309 2.0632314 0.9978340
v -1.4373710 -0.0769350 -0.5698299
v -0.0250239 2.8283674 -0.9109480
v 1.4693836 0.8418901 0.9998722
v -1.4624760 2.0604104 -0.7841260
v -1.4311420 -0.0790000 -0.3347090
v -1.1990419 0.0952940 1.3855372
v 0.4585671 2.5343802 -1.2290391
v -1.2236819 0.8037521 -1.4136992
v -0.4499020 -0.3215929 -0.8116290
v -1.4007090 -0.0467490 -1.2150629
v 0.9284204 2.4858422 -1.2487480
v 1.4620354 0.7418160 0.2771350
v 0.9014612 -0.2605471 1.0990702
v -1.3923909 -0.1458181 0.9218180
v -1.0259490 -0.3033090 1.0507560
v -0.5448860 1.7118480 -1.4683661
v -1.4785310 0.6525620 0.7156450
v 1.1048682 -0.2966871 1.0824570
v -1.1652121 2.7285690 -0.6125510
v 0.3820380 -0.3353120 -1.0076290
v -0.0332540 2.6036520 0.2403089
v 1.3224294 2.2354922 -1.2623490
v -0.4500130 -0.3341130 -0.9183750
v 1.4572202 2.0915782 -0.1258391
v 0.1262421 1.0146332 1.0122621
v -1.2014420 0.1987140 1.3856720
v 0.8974334 -0.3615669 0.3575330
v 1.4706142 0.5181170 0.0261490
v -0.0306479 0.6987470 0.9624500
v 0.3483470 -0.3703530 0.3612410
v 1.3515162 2.3992654 -0.8447510
v -1.1573611 -0.1512550 1.2784641
v 1.5026770 0.1001480 -0.1247731
v 1.4583940 1.5372990 -0.2180211
v -0.9507480 1.9151602 1.3387740
v -1.0471880 -0.3277910 0.6186201
v -0.5651070 0.6730491 1.1178192
v 1.4286326 0.9790959 -1.1597300
v -0.7695310 2.8536126 0.4690630
v 1.4830290 1.7600794 -0.9261770
v 0.6584340 1.7348360 -1.4787981
v -0.1564540 0.9787960 0.8764441
v -0.7945940 -0.3338280 -1.1059209
v 0.0910560 0.0882120 1.0126711
v -1.1517591 1.7796452 1.3995400
v -0.1344541 2.8054502 0.1845469
v -1.3051999 0.0533680 -1.3648822
v -1.2046640 -0.3111189 -0.7834000
v 0.8632336 2.3419760 1.2623003
v -0.6914030 2.6743542 0.6766360
v -1.4489610 0.0823370 -0.3482490
v -0.9214851 -0.3548820 -0.7990610
v -1.4130000 2.1498174 -1.1884470
v -1.4732879 2.2581614 0.8045911
v 0.8577830 2.0820898 -1.4671941
v 0.2200620 2.6438422 -1.2973680
v 1.4795994 0.4159229 -0.9093540
v -0.1120620 1.0875789 0.9183220
v -1.3693889 -0.1376100 0.2500660
v -1.1307830 0.0881840 1.4134702
v -0.0133170 2.6019744 0.4124750
v -0.1925559 0.9704758 0.8523700
v 1.1050900 -0.3101800 -0.0540300
v -0.2899270 -0.3349980 0.1412160
v 1.4641080 0.4944959 0.7564238
v -0.6748000 -0.2365360 -1.3487759
v -0.9094380 -0.3446190 -0.3493200
v 1.0940490 1.2934691 -1.4400590
v -1.3552069 1.7036782 -1.2833970
v -1.0243871 0.4018839 1.3809890
v 0.2679962 2.1215242 1.0585011
v -0.0511980 2.5933372 -0.2635421
v -1.0254320 1.7989432 1.3777132
v 0.7288570 -0.3332940 -0.8757649
v 1.2104502 2.4463574 1.1869531
v -1.2729770 -0.0525480 1.2821639
v -0.9109180 -0.1112490 -1.4368640
v 1.1858702 2.5507622 0.9666382
v -0.3351720 2.8995112 0.3264289
v -1.4898450 0.9815660 1.0255632
v -1.4865730 0.3211269 0.9143490
v -1.4510200 0.5447890 -0.4750550
v 1.2207122 -0.2679402 -0.7166060
v 0.4453779 2.7094162 -1.0568509
v -1.4678240 1.7959890 0.0314120
v -0.2427770 2.3688850 -1.3803622
v 0.6088770 -0.3266630 -0.9952080
v 0.4555411 -0.0279891 1.1024360
v -0.7682910 2.9029182 -0.1768271
v 0.9789644 -0.0519150 1.3334360
v 1.4609710 0.7483152 0.0345830
v -1.1259600 2.7984016 -0.6124580
v -1.3519029 2.4670942 0.7525662
v 1.4276782 -0.0506831 0.2173979
v 0.6880322 0.0885570 -1.5084352
v -1.4775420 0.9028970 -0.7078890
v -1.4012129 -0.1297740 -1.0075889
v 0.9686650 1.9755784 -1.4614919
v -0.4096110 2.6431704 -1.3042490
v 1.4474910 2.2603726 -0.9390890
v 1.4728370 1.4267780 -0.8134610
v 1.4469572 1.8753152 1.0122500
v -1.1274870 2.5680884 -1.2397030
v 1.4732770 2.0816662 -1.0309870
v -1.4631159 0.3305640 -0.8235230
v -1.4675109 0.1087090 -0.9233080
v -1.3666450 0.0495460 -1.2990499
v 1.1820632 2.5696622 0.4069380
v -1.4402549 2.2483032 -0.9922750
v 0.1795959 -0.3423070 -0.2548861
v -1.4665689 0.6785301 -0.8269789
v 0.5329108 -0.3260880 0.7912533
v 0.4563850 2.8367422 -1.1217429
v 1.4689550 0.0249109 0.1056600
v -1.0700961 0.4588770 -1.4781969
v 1.4637746 1.8734692 -0.3533640
v 1.3959600 -0.0816590 0.8824349
v -0.8939970 2.7523542 0.5566411
v -1.4499809 0.3187019 -0.5952769
v 0.1820760 2.8340712 -1.2501940
v 0.6315820 2.1627212 -1.4592212
v -0.2043430 2.4847132 0.7354369
v 1.1673684 2.4185672 1.2243192
v -1.4919100 2.2277654 0.8936130
v 0.9742952 -0.3702040 0.7221641
v -0.4135790 1.1432640 -1.4655648
v -1.3325009 -0.1085970 -1.2813659
v -1.0974861 -0.2721611 1.1387140
v -0.4482080 -0.3354609 -1.1141970
v 1.3730340 -0.1212270 0.3297629
v 0.7329550 2.5828924 -1.0503560
v -1.4431330 2.3464202 0.3832159
v 0.3865201 2.8457564 -1.2254769
v 1.3029580 -0.2156200 -0.5948220
v -0.2578980 2.8975322 0.4118830
v 1.2532590 -0.2632500 -0.3748790
v -1.4186730 2.0475772 -1.1955410
v 1.4732822 0.4053880 -0.5746470
v 1.3529432 2.4071540 0.6761432
v -1.1233970 2.6901262 0.5278809
v 1.1023784 2.5850642 -0.6831660
v -0.9992551 1.8247060 -1.4506310
v -0.9989191 2.6426992 0.8562550
v -0.1356759 2.4059766 0.8131942
v 0.5399482 1.7304442 -1.4755670
v -0.9432681 2.8741140 0.4131149
v -1.4010859 0.1325540 1.1798861
v 1.4681404 2.0949194 -0.7104170
v -1.4564869 1.9471562 -0.6726250
v 0.2817220 2.5308296 0.7869271
v -1.4583239 2.2396116 -0.6529409
v -0.1256367 2.6450070 0.2548100
v -0.8009430 -0.3408550 -1.0125579
v -1.2716058 0.0233230 1.3160811
v 1.4004526 2.1604922 -1.1926669
v -0.0784459 2.6091972 0.5471580
v 0.0373408 -0.3195149 -0.7059370
v -0.5978870 2.7359544 -1.2924779
v -1.1010751 2.4026074 1.2780370
v 1.0101480 -0.3216919 -0.0663120
v 1.0534332 2.0830798 -1.4414680
v -1.0945790 -0.1465351 1.2826201
v -1.0692820 2.7402902 -1.2412860
v -1.4609910 0.0090080 -0.8051190
v 1.2372048 0.7179159 1.3675330
v -0.6857380 -0.3176949 -0.2483801
v -1.0784530 -0.3265359 0.3764590
v 0.6858702 1.6076552 1.2315801
v 0.7975730 0.2866430 -1.4807410
v -1.0284371 -0.3446289 0.7437610
v -0.0952579 2.7913830 -0.8593489
v 1.4506092 0.8467231 0.7713060
v 1.3088322 2.3615014 1.1786570
v -1.0208842 -0.3164300 -1.1093440
v -1.2577680 2.5079104 1.0581262
v -1.0226660 2.7413972 -1.2721589
v -1.2083850 2.5888836 0.7053650
v -0.9809331 2.6679224 0.6502599
v 0.0335049 2.6244782 -0.8552340
v -1.4587229 1.4130100 1.1171741
v 0.3542112 2.0264082 1.1017113
v 1.4426312 0.2671670 1.1638231
v -1.2671840 2.5336072 0.6600490
v -1.0721621 2.6600732 0.6494891
v 1.1730674 2.5629544 -0.5476270
v 1.4110800 2.3273354 -0.1419881
v 1.3634930 2.3969302 -0.3879850
v -0.9177110 -0.3308120 -1.0107940
v -1.4532369 2.2690200 0.6086129
v -0.2697809 2.8850286 0.4776420
v -1.0738260 2.8287586 0.3687769
v 0.0269930 1.0080430 0.9974950
v -1.1681800 2.6627342 -1.0389239
v -0.7756621 0.0834780 1.2602931
v 0.1917201 2.2091594 1.0117048
v -0.1834400 1.7134262 -1.4711720
v -1.3922310 -0.1341801 -0.6768560
v 1.4327800 -0.0251210 1.0179132
v -0.7969590 2.7384562 -1.2923719
v -0.8835750 2.7408936 -1.2908770
v 1.4708352 0.2920599 -0.6913630
v 1.0118852 0.7297559 -1.4482510
v -0.5964400 2.7327676 0.5830490
v -0.5695580 2.5620232 0.8410250
v -0.4970490 0.3242619 1.0786599
v -0.5612270 -0.3173840 -0.1427471
v -1.4194159 2.3681008 0.1587389
v 1.4089668 1.9829472 1.1870011
v -0.7836820 1.4821300 -1.4572280
v -1.4732959 2.0351106 -0.1935412
v 0.0604260 1.7156992 -1.4706320
v -1.3607640 1.8201690 -1.2787570
v 0.1463052 0.5868641 1.0085403
v -0.3033890 1.4860212 -1.4689839
v 0.5196890 2.5094992 -1.2367980
v -1.3342800 -0.1438060 1.1104363
v -1.5084519 2.1624300 1.0275250
v -0.8041141 -0.0725810 1.2001241
v 0.3572140 2.6387602 -1.2831109
v 1.4550522 1.2034779 -0.6944980
v -0.5132000 -0.3255580 0.7251897
v -1.4492689 0.9895580 0.2571780
v 1.4431990 -0.0547581 -0.1304870
v -0.2027139 2.8748730 -0.1024650
v -1.0514761 2.4732874 -1.3166480
v -1.1078921 2.1215900 1.4065352
v -1.2030669 1.6574440 1.3806362
v -1.0379930 0.8660880 1.3920572
v 0.0813541 -0.3403199 0.0532129
v 0.7982242 0.0924459 -1.5040160
v -1.4600160 1.7777742 0.3740890
v -1.4289499 1.1441642 -1.1349898
v -1.2159199 2.6386182 -0.3963600
v -0.1625781 -0.3331710 0.1354969
v -0.3773410 0.6191281 1.0536432
v 1.4696940 0.9702880 0.4058010
v -0.1104640 0.9896130 0.9174198
v 0.9607642 1.9632980 1.3778200
v -1.4547410 1.5269390 0.8212340
v -0.0364421 1.4122140 0.9739812
v -0.0935170 2.6158582 -0.5560730
v -1.4716860 1.6185748 0.9175961
v -1.4541850 0.0299170 1.0061731
v -1.4991669 0.4272020 0.8129480
v 1.2159510 1.8556182 -1.3741310
v 1.0630454 1.8595942 -1.4430300
v 1.0974238 0.1119040 -1.4468982
v 0.6141960 -0.3004651 0.8987371
v -1.4434340 2.1547510 -1.1009650
v 1.4295862 0.6502081 -1.1646170
v -0.2424000 0.0453279 -1.4860299
v -1.1941670 2.6069362 0.5842610
v 1.4716604 0.0747040 0.5858489
v 1.3231672 -0.1067320 -1.1752551
v -0.8014010 2.2730062 1.2123911
v 1.3323420 0.2315060 -1.3120201
v -1.1563610 0.5281800 1.3995550
v -1.3706389 2.4498692 0.8733610
v 1.1988564 2.1675286 -1.3829740
v 1.1964070 -0.2850081 0.8474381
v -1.3094350 -0.1976731 0.1334260
v -0.8578001 0.3492210 -1.4826140
v 1.4584050 2.1858902 -0.1302202
v 0.4901890 -0.2513640 0.9247881
v -1.0459401 2.6516242 -1.2736520
v -0.3328200 -0.3110280 -1.2033029
v -0.5684810 -0.1798140 -1.4097140
v -0.6234650 -0.3255229 0.7854833
v -1.0297500 0.5149240 1.3809700
v 0.3148480 2.8788462 -1.1615340
v 1.1832590 -0.2891200 -0.1576360
v -1.4681258 1.2465182 -0.5804269
v -0.3571160 2.9029052 -0.4088980
v -1.2092130 -0.3038860 -0.8917010
v 1.1038060 -0.3064811 0.1684780
v 0.5666620 0.3748300 -1.4716809
v 0.6768260 0.3380769 1.2331852
v 0.8794028 0.2268260 1.3490942
v -1.1447081 0.1401020 -1.4542729
v -1.4713989 2.0596402 0.7907521
v -1.4140789 0.0391920 -1.2201809
v 1.4735468 0.4128350 -0.8009870
v 0.7990534 0.1873330 -1.5012660
v -1.1672230 -0.3006401 0.3796549
v -1.3428709 2.1639614 1.2681810
v -1.4543049 0.4251830 0.4859600
v -0.6616011 2.4521602 -1.3338680
v -0.4599040 -0.1141510 -1.4528059
v 1.2304008 -0.0766110 -1.3060530
v -0.1719609 1.9675322 0.9286989
v 0.3205221 0.9256779 -1.4738219
v -0.6088631 0.2471330 -1.4912261
v 1.4803608 -0.0029670 -0.3573790
v 1.2283840 -0.2482280 0.4247530
v -1.2642630 -0.2280840 1.0552220
v 1.4705444 2.1806242 0.7206851
v -1.4442440 1.7259782 1.1566080
v -0.0899751 2.6231442 -0.6483890
v -0.1733507 2.8507002 -0.3216361
v -1.4836659 0.3146290 0.5916649
v 0.4648750 -0.3691660 0.3845520
v -1.0327552 0.7483749 1.3855622
v -1.4655300 2.1018824 1.1462271
v -0.0754921 0.0160650 0.9449111
v 1.2396940 2.5382832 0.5349330
v -0.3674730 1.2627590 1.0182560
v -0.9534910 2.8916462 -0.7275170
v -1.1658680 -0.3000021 -0.0973470
v -0.5947140 0.3042100 1.1377180
v 0.9935302 -0.0640440 -1.4344313
v 1.4518210 2.2631220 0.8252169
v -1.4638439 2.2346682 -0.5367830
v 1.2325220 2.5170312 -0.4139500
v 0.7745442 2.5842690 -0.8459610
v 0.2263091 2.5882092 -0.7898870
v -1.0460181 1.2448879 -1.4802471
v -0.3162820 -0.3410420 -0.2646231
v -1.1675161 -0.2931791 0.2587650
v -0.4187610 -0.0694890 0.9629540
v -1.2909799 0.8681681 1.3158722
v -1.4147939 1.9381042 -1.2003329
v 0.9483052 2.3464844 1.2873440
v -0.5240901 2.0454460 -1.4735670
v -0.2667510 -0.3746628 0.3173070
v 0.5555860 -0.3511060 0.6985601
v -0.2343430 2.8863920 -0.6335409
v -0.6386180 2.0505156 -1.4566031
v -0.1946140 -0.3248409 0.6072920
v -1.4443859 0.4352900 1.0985520
v 1.4614562 0.9787533 -0.8070260
v 0.6032020 2.5339832 0.8747419
v -1.4885360 0.8702102 1.0179302
v -0.6866031 -0.3380970 -0.9123270
v 1.4060420 2.3312458 -0.9443620
v 1.4510950 1.9878962 0.4919580
v 1.4781202 0.1605460 0.8407439
v -1.4521190 0.4426310 -0.7126150
v -0.7385420 0.3537900 -1.4842419
v 0.4596941 2.7800442 -1.1907089
v -0.7570680 -0.3509379 0.3341989
v -1.0505170 2.8215292 0.4388759
v -0.0685620 1.9824194 0.9450381
v -1.4501300 0.9940330 0.0168130
v -1.0914281 1.7060342 -1.4588280
v -1.2639019 2.4952272 -1.0521450
v 0.1658141 -0.3292810 -0.4780950
v -0.1779100 2.7943982 0.5320050
v -0.6093921 -0.0776800 1.0691541
v -1.4345029 1.6241690 1.1704681
v -0.9561140 2.8866540 -0.5083939
v 0.0443369 0.7042371 0.9960659
v -0.2139640 0.5396420 0.8852480
v 1.4961542 0.2939519 0.0105130
v -1.2724938 -0.1862910 1.1405880
v -0.1412062 0.7807322 0.8633060
v 0.7723590 1.7392912 -1.4811340
v -1.4305360 -0.0529210 1.0038790
v -0.2064379 0.1198370 0.9771909
v 1.4636772 1.3137621 0.0331220
v -1.2370380 -0.2600540 0.6196940
v -1.2152880 -0.0300180 -1.4069672
v -0.5796240 2.7992978 -1.2810950
v 1.4701662 1.7601902 -0.7043220
v 0.3181102 2.8830400 -1.0977829
v -1.3881960 2.3334392 -1.0779009
v 1.3343400 0.0552650 1.2945101
v -0.8440330 0.5150310 1.2716201
v 0.0831190 1.9814646 1.0078441
v -1.2122039 2.4917202 -1.1998339
v 0.5728852 2.4888100 0.9462682
v -0.4768040 2.7995176 -1.2786290
v -0.0467599 2.4090792 0.8253248
v -0.9485110 2.8930920 -0.8339730
v -1.4481380 0.0970010 0.2478210
v 1.2579432 -0.2467730 -0.1486800
v 0.2836792 2.4658708 -1.3314518
v 0.1186542 2.6159882 -0.8749969
v -1.3163130 2.3231152 -1.2396520
v -0.6798940 -0.1778152 -1.4060510
v -1.4530940 1.8352036 -0.7969960
v -1.4483510 1.6019632 -1.0330840
v -1.3916160 1.2578170 -1.2110860
v -0.8753740 0.0012950 1.3067960
v -0.0398959 2.6151552 -0.8019080
v -1.4293610 1.4115128 1.1856631
v -0.0207429 2.8817802 -1.0092559
v -0.8028610 -0.3255319 -0.3556929
v -0.4091420 0.8285350 1.0672711
v 1.0338420 2.5817042 -0.2206431
v -1.4720880 1.9497862 0.7903970
v 1.1554224 1.8562852 1.3821152
v -0.0537589 2.1779238 0.9344857
v -1.4458369 -0.0040210 -0.2218771
v 0.2861322 -0.2392780 0.8421799
v -0.9280060 2.8782522 -1.1255199
v -0.8622341 2.8943352 -0.8416339
v 0.4018430 2.7241412 -0.9858960
v 1.4641570 0.6103400 0.7645979
v -1.1436841 0.9112439 -1.4516051
v -0.3950510 0.3633320 1.0468370
v -0.2964040 0.5714900 0.9856710
v -1.4557160 1.8230342 1.1393860
v -0.1096790 1.1892991 0.9183772
v -0.9252291 2.3067236 -1.4114230
v 1.4685394 0.3761740 0.8686781
v 1.4728814 0.2735780 0.4900310
v 0.5249332 2.5842666 -1.1157970
v 0.0455521 2.4228552 0.8448690
v 1.4682238 0.1538680 1.0663851
v -1.1498410 0.7987600 -1.4504159
v -0.3828730 2.1438342 1.0370601
v 1.1540596 0.4824300 1.3962912
v 1.4408730 1.6453032 1.1263701
v 1.4692448 2.0940854 0.8595840
v -0.3643690 2.5355332 0.7709800
v -0.5766621 0.1879390 1.1303562
v -0.8714740 2.8959944 -0.1752140
v -0.6741890 0.0855299 1.1900681
v -0.0011482 2.5459612 -1.3118790
v 1.1925542 0.2156430 -1.4147062
v 0.4272440 -0.3416059 -0.1313511
v -1.4542039 0.8752430 0.3801870
v 1.4668482 2.1896414 0.9577159
v 0.1196321 -0.3598369 0.5685421
v 1.4527060 2.2500916 0.4632930
v 0.8941960 -0.3778730 0.4732859
v 0.4449281 2.7063774 -1.1556220
v -1.4419640 -0.0645510 -0.7956200
v -1.4516519 0.6507830 0.3789580
v -0.3274290 -0.3543760 0.5714519
v 1.2393970 2.3127382 -1.3092520
v 1.2191872 1.7460374 -1.3747220
v -1.1292971 -0.0377430 -1.4434180
v -0.2345829 -0.0382770 -1.4745980
v -0.4419230 1.5871940 1.0601191
v 1.3894632 0.2720019 1.2409270
v 0.8794932 -0.3827579 0.6970648
v -0.5113971 -0.0774780 1.0112251
v -1.1040302 -0.2973161 -1.1938100
v 0.1174600 2.5922360 -0.8280780
v 0.5682980 0.4537470 1.1755430
v -0.0239570 2.6039382 0.3279840
v -1.0281492 -0.3508900 -0.7945330
v -0.0382939 2.5976362 0.1438199
v -0.5276390 2.4847202 0.8902679
v 0.3225270 2.5778942 0.6530060
v -0.9816130 1.4786150 -1.4751062
v 0.9049980 0.8345382 -1.4617358
v -1.4724550 0.8987330 -0.5879940
v -0.1841161 2.8598462 -0.5312280
v 0.8419730 -0.3347490 -0.8650229
v -0.9443420 -0.3501459 0.6043480
v -0.7816040 2.8135502 0.5163490
v 0.7132530 -0.3064220 -1.1800869
v -0.3726830 0.2491770 -1.4895300
v -1.2298710 0.1446359 -1.4155591
v -0.8082440 -0.3391450 -0.5824789
v -1.1314661 2.5383132 1.1053380
v 1.4705232 0.1801310 -0.6920560
v -0.6654020 -0.3484980 0.7203572
v -1.2148709 2.2997524 1.3108000
v -0.2167090 0.7859689 0.8475251
v 1.0745310 2.5744052 -0.9117920
v 1.1657358 1.5097242 1.3878770
v 1.3202540 -0.1668721 0.9500820
v -1.3412659 0.0405640 1.2481760
v 0.1500870 2.7317988 -1.2909060
v -0.2926950 2.0370682 -1.4874110
v 1.2891530 -0.1978780 0.5439980
v 1.4716020 0.2656529 0.7335181
v -1.4539430 -0.0066371 -0.5750049
v 1.4081240 2.3319522 -0.7249490
v -1.3475890 1.7463582 1.2809771
v -1.4836340 0.7596050 1.0126870
v -1.0838761 1.6759360 1.4015662
v -0.2435600 1.6626810 0.8817120
v -0.9892380 2.8408190 -1.2289459
v 1.1434812 2.5778792 0.8620040
v -1.0325671 2.8686622 0.2611480
v 1.0648414 0.2388140 1.3986320
v 1.4498892 0.1108190 -1.0933220
v 1.3581342 1.7489700 -1.2443059
v 1.4679450 0.6339790 0.0307390
v -1.4264199 -0.0764620 0.7059702
v -1.0657070 0.3480320 -1.4815410
v 0.9040550 0.0968050 -1.4914132
v 0.6791458 1.8373782 1.2351278
v -0.4054220 -0.3278009 0.6720280
v 0.7147612 -0.3283199 -1.0894269
v -1.1088811 -0.2140051 1.2133552
v -0.8707210 2.8951652 -0.6238510
v -0.4686680 -0.3663840 0.5389830
v -0.6896140 -0.3305259 -0.8063710
v 1.4963692 0.2944850 -0.2268831
v 1.4814130 0.2607290 0.9746390
v -1.2824969 1.0336470 -1.3615979
v -1.4796529 0.6500130 1.0100602
v 0.1780610 2.5301462 0.7569231
v -1.4734009 2.2973442 0.9188422
v 1.3513614 -0.1204850 1.1478131
v -1.0016931 -0.3411039 -0.2262851
v 1.4632282 2.1917592 -0.5990900
v -1.4552229 0.0979220 0.3605909
v -1.4530539 0.9889189 0.3794639
v 0.5382200 2.4387004 1.0130621
v -1.3898979 -0.0191340 1.1618793
v 0.3196382 2.5985606 -0.8805800
v 1.0109954 0.1985470 -1.4706880
v 1.1281652 -0.3185709 0.8522170
v -1.4492720 1.4272160 0.7186090
v 1.0718912 0.4760960 1.3983670
v 1.1093296 2.4782722 -1.2422599
v -1.4666019 1.7902902 0.1473350
v 1.4414922 2.2551022 0.1026900
v 0.2801963 -0.3378959 -0.5862320
v -1.2340619 1.2011539 1.3650340
v -0.6668380 -0.3317890 0.0878989
v 0.2614043 2.0124912 1.0565708
v 1.4815292 0.0085510 -0.2440231
v -1.0262840 2.8721010 -0.6145920
v 1.4659080 0.0644170 0.9384761
v -0.9141911 2.6449182 0.8155580
v -0.9629550 2.8850212 -0.0633880
v 1.3643282 1.5300790 -1.2377120
v -0.6300370 -0.3758340 0.4066120
v -1.4579919 0.5377650 0.2572950
v -0.6443941 -0.3565080 0.3061139
v 0.0939829 -0.0739530 0.9305719
v 0.3375001 2.7376372 -0.9699310
v 1.2939152 2.4412800 1.0826882
v -1.1662111 2.7276062 -0.5023690
v 0.8537170 2.2589714 1.3007141
v 0.9455300 2.1725620 1.3595632
v 1.3539356 -0.1517050 -0.7014580
v -0.7651170 2.8774822 0.4099950
v 0.9966960 -0.3414880 -0.2900271
v 0.4640540 2.7743752 -1.0875450
v 1.3636104 2.0889182 1.2497611
v 0.8976130 1.2822540 -1.4632610
v -1.4780220 2.1426064 -0.3072721
v -1.4609949 1.6200610 1.0994880
v -1.3393268 -0.1900550 -1.0991640
v -0.1550260 2.8172786 -0.5379289
v 0.6068220 2.4982132 -1.2421589
v 0.0533040 1.6340330 1.0029071
v 0.6878730 -0.3662379 0.3225299
v -0.1494130 1.7747080 0.8739340
v -0.6489390 2.8910292 -1.0643260
v 1.4572156 1.4261760 0.2752710
v -1.2748869 -0.2473581 -1.0957880
v 0.1769132 0.0797640 1.0300713
v 1.4290442 0.7238843 1.1719210
v -1.2719930 1.3625989 -1.3628120
v 1.1693410 2.5657902 -0.6656910
v -1.0978921 2.8065374 -1.0281660
v 1.3296342 -0.0388720 1.2642839
v -0.8712250 0.8988749 -1.4737369
v -0.0876039 2.6378850 -0.7977290
v -0.2244319 -0.1725340 -1.4022791
v -1.4687169 1.7010882 -0.3269070
v -1.4544220 0.6676450 -0.5920239
v -1.4425729 0.2270150 1.1006632
v -0.0819620 2.6260342 0.3380230
v 0.3006300 2.8600994 -1.2149729
v -0.6450680 1.6978372 1.1553550
v 0.3471940 2.5555938 -1.2922300
v 0.9818892 -0.3745070 0.6071760
v -0.0499678 2.2646462 0.9119081
v 1.3574136 1.8626730 1.2722621
v -0.2343070 2.8893962 -1.1569280
v -0.0153098 0.1506790 -1.4918629
v 0.4555431 2.5858742 -0.7361750
v -0.6425340 2.5446152 -1.3142340
v -0.1804720 1.9332122 -1.4837483
v 1.4597890 0.6468690 -1.0894030
v 1.4581460 0.7577743 -1.0887838
v -1.4568469 0.4274230 0.1325300
v -0.1334668 2.3693740 -1.3779419
v 1.4670112 2.1839060 -0.8271490
v 1.1410202 2.5515064 -0.9992261
v -0.1933300 1.7660712 0.8730050
v -1.4694979 1.9993610 0.3808210
v 0.3566481 0.0562430 1.0989810
v 0.9982310 0.0154650 -1.4668811
v -0.4538610 0.5847810 1.0837250
v 1.3177246 -0.1833940 0.2068600
v -0.2314390 0.0303250 0.9601750
v -0.0414569 -0.3337148 0.0477830
v -1.3410389 0.1248290 1.2577643
v 1.2603242 0.0505539 1.3504570
v 0.8300752 2.5390634 -1.1835830
v -0.3117490 1.0582369 0.9562981
v -0.7420410 1.8065180 1.2301781
v 1.2930290 2.1858802 1.2971400
v -1.2148820 1.4735782 -1.4187279
v 1.4783520 0.4047910 0.0186149
v -0.7702560 -0.3474600 0.2212080
v -1.2813669 0.6464170 1.3193409
v -0.4880100 0.0034839 1.0491422
v 0.4051580 2.3153432 -1.4136910
v -0.1311780 2.7028542 -0.5503900
v 0.7942790 0.7113881 -1.4661340
v 0.2917760 -0.3411349 -0.3594170
v -0.8307710 2.5505582 0.9646450
v -1.3204540 -0.2144541 0.7242949
v -1.4588780 0.6605950 -0.4726219
v 0.2783550 2.2187322 1.0472340
v -1.4971840 1.9166096 0.9683091
v -1.4590590 0.1148280 -1.0321249
v -0.8983910 -0.0707300 1.2667272
v 1.0329170 2.5807234 -0.4656080
v -1.3611459 2.3312054 -1.1630340
v 1.4585662 0.8482119 0.6510170
v 1.3832490 -0.1172570 0.0959560
v 0.8740996 0.1221870 1.3447931
v 0.1783209 0.1633670 1.0406660
v -0.4747190 0.0961450 1.0658420
v -1.0178910 -0.1116391 -1.4297041
v 1.4675162 2.0984766 -0.3607730
v 0.4256030 2.7096502 -1.2466950
v -1.4542219 2.2974282 0.1531700
v -0.1939590 -0.3422360 -0.3746549
v 1.4592412 1.0857610 0.4057610
v 1.4450502 2.2622434 -0.8311310
v -1.1653261 2.5747342 -1.1892740
v 1.2820564 -0.2123620 0.6492499
v 0.0941240 2.0965686 1.0027811
v 1.1600588 1.7419128 1.3861640
v 0.4039441 -0.2975880 0.8297250
v -0.1550970 0.3147240 0.9476880
v -0.6268541 2.3261846 1.0741461
v 1.3546470 2.3990810 -0.7333630
v 1.2331530 -0.2664611 -0.6026840
v 1.4071590 2.3319822 -0.8376790
v 0.6239320 -0.3562850 -0.7744980
v -1.4523660 0.0078320 0.4770350
v 1.4682890 2.1756962 0.3490949
v 1.1134410 0.4119970 -1.4368879
v -0.1755209 2.7346652 -1.2898020
v 1.2198482 2.5447054 0.7610879
v 0.9801210 -0.3383850 -0.5144619
v 0.3885963 2.5341712 0.8207102
v 1.2609356 -0.2290770 0.8486090
v -0.1943610 1.2619552 0.8361890
v -0.4518550 2.8986022 -0.9746079
v -1.1432721 1.6662050 1.4028862
v -1.2125419 2.6346976 -0.2826591
v -1.4647169 2.1804316 0.6082530
v 1.2290892 2.3762852 -1.2704520
v 0.8842312 1.8466912 1.3439249
v -0.7024360 2.4808212 0.9863579
v -0.9293690 2.3694026 1.2251151
v 0.1300570 0.8017811 1.0093192
v -1.0927880 1.7890158 1.4002502
v 0.2100830 2.8900056 -1.0863820
v 1.4634412 0.5194080 -0.0940661
v 0.5759610 -0.3736039 0.5098189
v -0.9957040 1.5960960 -1.4616350
v 0.9615364 -0.3328910 -0.7390699
v 1.4083772 2.0688294 -1.1880320
v 1.4692192 1.1896171 1.0159139
v 1.4509870 1.7557622 -1.1029200
v -0.2822130 1.8722762 0.9758080
v -1.3642159 2.1444212 -1.2676150
v -0.3431091 2.9011738 -0.1868671
v 1.4691252 1.0837440 0.0363889
v 0.5675100 0.2258619 1.1870410
v -1.4894960 2.0383820 0.8792610
v -1.0347610 2.0204634 1.3927092
v -0.1697241 2.8449690 -0.2178331
v -1.4590690 0.6738730 -0.7109540
v -0.4434420 1.6902152 1.0621611
v -0.6710830 -0.2830461 -1.2750240
v 0.8731680 0.0331950 1.3244921
v -1.5015138 2.0145022 0.9599730
v 1.4615640 0.5366150 -1.0908709
v -1.1812240 -0.1626170 -1.3657581
v -0.4451190 -0.3383460 -0.3705930
v 1.2325032 2.5420752 0.6493101
v 1.4683698 2.1757824 0.4725380
v 0.4083311 2.2304912 -1.4462941
v 0.9150800 -0.2745570 -1.2469301
v 1.5010452 0.0929679 -0.2412521
v 0.2792872 -0.1641250 0.9046190
v 1.0052454 2.5722586 1.0087930
v -0.0666460 0.4968530 0.9198850
v -0.0964789 -0.3248650 0.6000140
v -0.6528310 2.0106232 1.1889691
v -0.6679950 2.8942512 -0.6280130
v 0.9339522 2.2732532 -1.4203762
v -1.3126789 2.5054282 0.9076500
v 0.9860030 -0.1294620 1.2780361
v -1.3834970 1.4124250 1.2499601
v -0.0451171 0.3046809 0.9742832
v -0.2470590 2.8861822 0.3211490
v -0.2835160 2.8941292 -0.8697810
v -1.3720920 -0.1214090 -1.2041749
v 1.4319958 -0.0838090 -0.4694220
v -1.3773130 -0.1454600 0.5991149
v 1.4619534 1.0779010 0.7758939
v -0.2796180 -0.3579080 0.2325039
v 0.7615330 -0.3687140 0.7667799
v -1.4537049 0.7673101 -0.2284551
v -0.6627071 2.8427684 -1.2557971
v 1.4649802 1.7598132 -0.2292930
v -0.1316730 2.6984072 0.3480830
v -0.1309470 2.8928254 -1.0811969
v -0.9583771 2.6625220 0.7351140
v -1.2507670 2.4526092 1.1612950
v -1.2260849 0.0518109 -1.4137130
v -0.0894319 2.6158936 0.1518130
v -1.4563320 2.3273830 0.8246382
v -0.4813130 2.7843384 0.5520170
v 1.4075090 0.0388200 -1.1725530
v 1.4166482 2.3307172 -0.2605251
v -0.8725120 0.7873141 -1.4695100
v 0.9462180 2.5782222 0.9113208
v 1.1072812 -0.3057080 0.0576670
v -0.5745990 2.1710852 1.1257550
v -1.0890140 2.8083486 -1.1179820
v 0.7381940 -0.3415729 0.8584530
v -0.7628930 1.9406824 -1.4496630
v -0.1891281 1.3601372 0.8302372
v -0.5639141 -0.3232400 -1.1958609
v 1.0934724 -0.3126690 0.2788099
v 1.3156282 -0.2150711 -0.4801719
v -1.4712670 1.7077470 -0.4459580
v 1.1120340 0.3070870 -1.4431810
v -1.1552471 2.0422534 -1.4393219
v 1.1855804 0.1229590 -1.4131539
v 1.4823552 0.5291891 -0.9106020
v -0.8890610 1.4816362 -1.4557480
v -1.1334440 -0.3124329 0.8691788
v -0.2559390 2.2891652 -1.4263850
v 0.4342400 2.7087482 -1.0128450
v -0.8576560 2.0243132 1.2940851
v 0.6346882 -0.3289960 0.8211740
v -0.7161670 0.1388480 -1.4915211
v 1.0420942 2.0727082 1.3840480
v 0.1851040 -0.0766790 0.9463320
v 1.4178802 2.3331072 -0.3784650
v 0.8886822 -0.3865869 0.5867550
v -1.1947488 2.5315300 1.0865421
v 1.1784820 2.5623740 0.1683419
v -0.1248210 2.6386116 -0.2524232
v 0.7969644 -0.0733720 -1.4546200
v 0.4219451 2.6348222 -1.2184680
v 1.4717280 0.8684819 -1.0080410
v 1.4593482 0.6352850 -0.3310270
v -1.4376059 -0.0607131 -1.0187200
v 0.7958594 0.0062440 -1.4915540
v 0.0420551 -0.3188210 -0.5944420
v 0.0989681 0.2558870 -1.4899281
v -0.6605240 2.9024246 -0.8536790
v -1.4911610 0.4298850 0.9144570
v 0.1932971 -0.2901952 0.7414430
v -0.1939090 2.8748826 0.4078900
v 0.2636367 -0.0078560 1.0302151
v 1.4675490 2.1772154 0.5968230
v -1.0486431 1.1312101 -1.4787860
v 1.4026860 -0.0714400 0.7819911
v -1.4786889 1.3095221 1.0403462
v -1.4835919 0.8782212 0.8305111
v 0.2549570 -0.2919321 -1.2032619
v 0.0339772 1.3203292 1.0045371
v 1.4765190 0.0257180 -0.0113341
v 1.3875742 0.3309389 -1.2431560
v 0.8755240 -0.0456370 1.2852561
v 1.0607070 2.5724964 -1.0176150
v 0.8323002 -0.3441190 -0.9735070
v -1.1912700 1.4315380 1.3977222
v 0.7032182 2.5403508 0.9020228
v 1.2255784 2.0839238 1.3554562
v 0.6577702 -0.3565799 0.7291378
v -0.6441172 0.9072212 -1.4610018
v -1.1442301 2.7419272 -0.9400490
v 0.4495350 2.7821016 -1.0125620
v -1.1488772 2.3117048 1.3328113
v 1.1720920 0.0434690 1.3781940
v -1.3362399 1.3643661 -1.2868620
v 0.7901430 -0.3435859 0.1182090
v 0.2320603 -0.3563840 0.6004670
v -1.4354260 1.1945111 1.1863640
v -0.2671360 2.8938632 -0.1972092
v 1.4520760 2.2681460 -0.3711850
v 1.4589300 1.0700361 1.1030603
v -1.3601390 0.2518360 -1.2982630
v 1.3024128 2.3705402 -1.1964540
v 0.7669630 1.8544490 -1.4877761
v 1.3662820 -0.1539450 -0.5878569
v 0.9913720 1.5142880 -1.4671431
v 1.4566790 0.0566940 1.0465271
v -0.5685330 -0.3359850 -0.9152840
v -1.4882580 1.0917412 1.0325543
v 1.2350632 1.7438992 1.3795790
v 0.7597902 2.2523710 1.2617273
v 1.4727620 1.2041339 -0.9175049
v 1.3603708 -0.1321740 0.5560939
v 0.9487722 2.5689612 -1.1120400
v -1.2696670 2.4064712 -1.2194280
v 0.4006752 -0.3472610 -0.5765370
v -1.4090730 0.2458940 -1.2203340
v 0.9103230 0.2927920 -1.4702789
v 1.3897166 -0.1245910 -0.1352861
v 1.1214228 2.5233112 -1.1727369
v 1.2983652 1.8600940 1.3334440
v -1.0865701 2.8357222 0.2800059
v 1.1734192 -0.2846981 1.0548961
v 1.4722564 2.1862742 0.8422150
v -1.4640909 1.8302800 -0.5583710
v 0.3852893 2.6783516 -0.9814650
v 0.4179452 2.5965462 -0.9178420
v -1.3469360 -0.1997111 -0.8924040
v -0.4895140 0.8094138 1.0974922
v -1.2181219 2.6069140 0.1847810
v 1.2388392 -0.1274800 -1.2527270
v 1.4609954 0.3790640 0.7467568
v 0.1587902 2.4896936 0.8175051
v -0.0476180 2.3416682 0.8744302
v 0.2182550 2.5768840 0.6213691
v 0.7839212 0.5727140 1.2910500
v 1.3038492 0.4930630 1.3119180
v -0.4367810 2.8983726 0.3293720
v 0.3351782 -0.3328559 0.1687380
v 1.4697380 0.8516920 0.5282620
v 1.4185010 -0.0678250 0.5660790
v 0.8419522 -0.3422009 0.8982322
v -0.1962939 2.8624212 -0.7438750
v -1.4887579 1.9320972 0.8828413
v 0.3961161 -0.3519440 -0.6875610
v 1.4269026 0.8374238 1.1751671
v -1.2092319 -0.2972133 -0.9985070
v -1.4893150 0.2074240 0.6995392
v 0.6875200 0.1808990 -1.5068060
v -0.9815251 0.6774949 -1.4740531
v 1.4861272 0.2895230 -0.4616720
v 1.1161524 2.2695732 1.3332390
v 0.7514202 2.5877360 -0.9557150
v -0.2193090 0.6266350 0.8688063
v -1.2229030 2.1402192 -1.3986130
v -0.9554560 2.1225852 1.3569412
v 1.1051950 2.3433012 -1.3686282
v -1.2380759 -0.2670230 0.8552101
v 0.4314120 2.6432034 -1.1705499
v -0.4402370 -0.3533650 0.6115660
v 1.1904902 0.5291150 -1.4047859
v -0.5481970 2.8931682 0.3309209
v -0.0974471 -0.3045010 -1.1983010
v -0.1899929 2.8727514 0.1073900
v 0.6697180 -0.1125860 1.1333900
v 0.1200392 2.5699526 0.5894000
v -1.4364420 1.8267884 -1.1230629
v 0.1795000 0.0009960 0.9997511
v -1.3994289 0.6928369 -1.2218170
v 0.2977069 2.1328952 -1.4688210
v -0.6886790 -0.1131960 -1.4497682
v -1.4657328 2.2194334 0.0449149
v -1.0329590 -0.0407050 -1.4567910
v -0.9706320 2.0497392 -1.4541260
v -0.4163891 -0.3396530 0.1556920
v -0.8424650 2.8852092 -1.1332700
v -1.4555209 0.0082890 0.7011970
v -0.2700490 -0.1212462 0.8470068
v 0.3081029 -0.3399830 -0.1395672
v 1.2196944 -0.2601750 0.5313190
v -1.4647729 0.5380400 0.6019150
v 1.4580200 1.1974510 -0.3308200
v 0.6825762 -0.1874360 1.0677461
v -1.3602090 2.4415584 0.1652849
v -1.0051250 -0.1741240 -1.3892039
v -1.4598159 1.5795190 -0.2127161
v -0.1512357 2.7761492 0.5127700
v -0.6568770 0.6548530 1.1619891
v -1.1636581 2.7123652 -0.0458520
v -1.1555310 2.3954892 -1.3248671
v 1.2289422 2.5081326 1.0625851
v 1.0992976 -0.3176020 -0.1671481
v 0.0569230 2.7710034 -0.9043360
v -0.3534310 1.8797920 1.0323940
v -1.0076970 0.2904159 1.3821782
v 1.1067780 2.3534072 1.2824740
v 1.4707902 0.9801820 -1.0092939
v 1.1679050 -0.3025611 -0.4951570
v 1.3292048 -0.1540740 0.8592842
v -1.3691859 2.0436846 -1.2730900
v 0.2705120 -0.0846450 0.9754950
v -0.8731170 0.6771980 -1.4621530
v 1.4678240 0.2964280 -0.8008130
v -0.4513050 -0.2244321 0.8359697
v -0.7569110 2.8983232 -0.9542329
v -1.2705149 2.5487436 -0.3994070
v -0.9567850 2.8885354 -0.6184890
v -0.9102440 -0.3217900 -1.1072870
v -0.4450390 1.8929892 1.0797230
v -0.6916460 2.7733926 0.5497830
v -1.0436080 2.7535562 0.5241720
v 1.1643598 -0.0324520 -1.3766090
v -0.2655370 0.4944780 0.9627820
v 1.0441882 2.1856040 -1.4372469
v -0.0441400 2.5925092 -0.0593500
v -0.4766150 -0.2835990 0.7797900
v -1.4568909 1.2297361 -0.1006431
v -0.2854680 0.7720691 0.9462570
v 0.7918970 0.8271400 -1.4720090
v 1.4767222 0.6443420 -1.0066610
v 1.1802220 2.4576812 -1.2285230
v -0.2383800 2.2355502 0.9379110
v -0.4067630 2.7094572 0.6086391
v -1.2922200 2.5258652 0.7878361
v -1.1295740 2.6591854 -1.1897439
v -1.4507160 1.2267212 0.0181670
v -1.4578030 0.3420130 -1.0377780
v 1.4826430 0.0791840 -0.4666980
v -0.8506610 1.9175830 1.2870991
v -0.9769480 -0.3372040 0.3702080
v -0.0550131 2.0330268 -1.4831022
v -0.1231211 2.3346826 0.8646930
v -0.9476351 2.6099312 0.9169401
v 0.9601992 2.0855280 -1.4547831
v -0.6549100 2.9047050 0.0374930
v 1.2971052 2.4617272 0.0737610
v -0.7650680 -0.2316100 1.0273931
v 0.5606500 0.6848100 1.1716481
v 1.4640070 1.4265390 0.3993110
v -1.4044430 2.4064272 0.7294379
v 1.4673342 0.0718270 0.8220421
v -1.2989139 1.7020424 -1.3512080
v 0.0292261 2.6006734 -0.8071110
v 0.0643860 -0.3504909 -0.1557791
v 1.3266882 0.1581250 1.3066451
v -0.6585980 2.8907832 0.3345590
v -0.6629010 2.8837124 0.4090819
v -1.1323370 2.5883482 1.0012101
v 0.9719212 0.1245810 1.3875142
v 1.4452710 2.2713370 0.9395270
v 1.4803384 0.4080720 -0.1008190
v -1.4672010 1.9800372 0.5963010
v 1.2612710 -0.0422081 1.3207240
v 1.4719390 0.8540292 0.4037130
v -1.1580841 0.6413650 1.3975882
v 1.1092520 2.5823002 -0.5661330
v 1.4640442 0.9793390 -0.5710950
v 1.1436392 1.8574834 -1.4158052
v 0.6210760 2.2550840 -1.4301167
v -1.4684939 2.1570612 -0.6599430
v -1.4494010 0.7606101 0.2579219
v 1.2557962 -0.2379971 0.0809439
v -0.7978761 -0.3264880 -0.2415200
v -1.3777070 1.9553794 1.2564851
v 0.0925360 -0.1444422 0.8614690
v 0.3288171 2.7295312 -1.2886210
v -0.0350569 -0.3363420 0.1373660
v 1.2632592 0.1340660 -1.3687100
v 0.0573800 0.6034840 0.9993140
v -1.1157691 -0.1107121 -1.4208889
v -0.8667830 0.4600100 -1.4713739
v 0.4875193 -0.2920061 -1.1989410
v 1.0654580 0.1311050 1.3975400
v -1.4731559 2.0838626 0.6014700
v 1.0931162 2.5754856 1.0346471
v 1.4548772 2.1827182 -0.0111571
v 1.0881562 1.4058100 -1.4450870
v -1.2818509 1.4728530 -1.3619860
v 1.4853442 1.6486222 -0.9246499
v -1.4345760 2.2712246 1.1071693
v -0.5852810 0.0002880 1.1067473
v -1.2426400 -0.2548421 0.3768340
v -1.4718190 1.7140692 -0.5638530
v -0.5354920 -0.1561920 0.9546189
v 0.3587881 0.1407790 1.1091500
v -1.4700789 2.2956962 0.2695968
v -1.5065299 2.1934412 0.9695211
v -1.4725929 1.6154120 1.0166550
v -0.1150790 2.2580502 0.9006541
v 0.1760430 0.3666020 1.0185663
v 0.1618440 0.4764600 1.0104370
v 1.0728260 0.8300652 1.3858154
v -1.4159790 1.8371160 1.2080941
v -1.4667129 0.8940240 -0.4667300
v 1.0948782 -0.2418160 -1.2211170
v 1.2189982 2.5195314 -0.8723210
v -1.1911449 2.5790312 -1.1237880
v 1.0346350 2.1750490 1.3713040
v -1.2219050 2.5680916 -0.9466700
v -1.4719300 0.7650371 0.7192180
v 1.4635540 2.0874642 0.3558410
v 1.0480332 2.5642612 -1.1063380
v -1.4633560 0.1037970 -0.8127149
v -0.5525390 -0.3508810 0.6623790
v -0.6740620 2.1847642 1.1812013
v 1.4330402 -0.0471100 0.1007409
v 0.7753900 0.2246100 1.2949762
v -0.2335480 0.7038361 0.8754790
v 1.4564756 2.1802270 0.1072260
v 1.3860688 0.5445300 -1.2381590
v 1.3471832 2.0653422 -1.2583910
v 0.5574960 0.0386740 1.1733091
v -0.8766141 2.8097872 0.5180889
v 1.1349948 -0.3096070 -0.8357210
v -0.3162040 2.2197146 0.9791260
v -0.3633560 2.9013942 -0.5198960
v -1.2645729 2.5496826 -0.5102739
v -0.4744640 0.0380060 -1.4904020
v 0.2851100 -0.3401310 -0.4728200
v -1.4951379 0.3155810 0.7028501
v -0.9157520 -0.3463120 -0.4638070
v 1.0717374 -0.3253520 -0.6163690
v -1.2740479 2.5462292 -0.1724162
v 1.4815402 0.0939900 0.2330890
v -1.4516780 0.6499590 1.0962158
v 1.4108072 -0.0686400 0.6768470
v -0.7839720 2.6004360 0.8622849
v 1.1579710 1.5238100 -1.4231688
v -0.8682220 2.8875224 0.3390200
v -0.7258550 -0.3700909 0.5419760
v 1.3987160 2.3281882 -1.0401710
v 0.4243262 2.4974338 -1.2850650
v 1.2123624 1.9643220 -1.3773718
v -1.2026490 -0.2901761 -1.0993269
v 1.1882112 2.2540066 -1.3740959
v -1.3058400 1.1968890 1.3102782
v -1.4822900 2.0950402 0.4919290
v 0.9033032 1.0574569 -1.4598861
v -1.0023810 2.8734654 -1.0285350
v -0.1548689 2.2106052 -1.4592661
v 1.4629182 2.0954302 -0.2460501
v 1.0580462 1.8516202 1.3851902
v -0.9906140 -0.3387129 0.0115730
v -1.4736369 0.4246760 0.5965291
v -0.1050060 2.8335342 -0.8815650
v 0.4035500 2.8590396 -1.0485540
v 1.4820210 0.1739860 0.3606790
v -1.4740319 2.1200122 0.2702370
v -1.1883020 2.3099472 -1.3650950
v 1.1074334 2.5768462 -0.0848840
v -0.3054460 0.9598358 0.9561322
v -1.0663400 0.1826000 1.4139422
v -1.4690120 2.0217166 0.0411530
v -0.8879640 -0.2721150 -1.2692839
v -0.8069730 -0.3438030 -0.8020910
v -1.2537199 2.5524680 -0.6212450
v -1.4836299 2.0027502 1.1047650
v -0.9924511 -0.2661810 1.1006860
v -1.3657360 0.1462810 -1.2998000
v 1.4132652 2.3231240 0.2159490
v -0.0370487 2.6743430 -0.8667859
v -0.0950908 -0.2650091 0.6745190
v 0.6162622 -0.3431289 -0.8854180
v -0.0917008 2.6106860 -0.0518620
v -1.0635640 1.4737360 -1.4782001
v -0.9718280 2.2110652 1.3448640
v 1.3279272 -0.2021340 -0.2551141
v -1.3293040 2.4682932 0.6263640
v 0.1384011 2.5783752 0.5146610
v 0.6812380 1.3762730 1.2307643
v -1.3324730 -0.2089000 0.9384781
v 1.0794692 2.5069866 1.1461753
v 0.2934302 2.3056572 1.0203669
v 1.2378862 -0.2470500 1.0275021
v -1.1730451 2.6829222 0.3119310
v -1.4812170 2.1076372 0.3816679
v -1.3402110 1.1481631 -1.2925081
v -0.1787100 0.2167559 0.9751931
v 0.5227770 2.5579802 -1.1708420
v -0.1225979 2.6374356 0.0601930
v 1.3600086 2.1893076 1.2348521
v -0.4621090 2.8729682 0.4659110
v 1.2475232 2.5009240 0.9808551
v 1.1348172 2.0760842 -1.4203519
v 1.0730054 -0.3416559 0.5072740
v -0.5398260 2.9013032 0.1401010
v 1.4818662 1.5378270 -0.9226120
v 1.2014932 2.2736372 1.3102782
v -1.3576610 2.2451442 1.2204200
v -1.1238241 -0.3392200 -0.7888460
v -0.3704710 2.8937532 -0.7487530
v -1.0812711 -0.3179419 0.2561569
v -1.3947539 2.2437114 -1.1773539
v -0.1843370 2.8695704 0.2103209
v -0.4757400 2.2965622 -1.4205909
v -0.6795641 2.3765632 -1.3666201
v 0.8049702 2.5526772 0.9351899
v 0.9068670 2.5627264 0.9726710
v 0.5283310 2.5915232 -1.0613169
v 1.4825342 0.3982650 0.2580850
v -0.8369200 -0.3257470 0.9111952
v -0.1189370 2.6615872 -0.6486300
v -1.3681370 -0.1320780 0.0173859
v -0.9555640 2.8118154 0.5129379
v -0.3741080 2.8445554 0.5162720
v 0.2975980 2.3028926 -1.4199939
v -1.4650809 2.2629114 0.4981600
v -0.2695130 -0.2777241 0.6870339
v -0.5479640 1.5973750 -1.4671008
v -0.7567460 0.6782689 -1.4551670
v -1.3127529 -0.2015990 0.3716549
v -1.1277360 2.7815170 0.1888920
v -1.4935430 2.1417480 0.8798760
v -1.4744479 2.1323152 -0.0711650
v -1.1807241 2.6555312 -0.9433589
v -1.0719930 2.0444422 -1.4582931
v -0.8738250 2.8921382 0.2496070
v -1.2085100 -0.0698491 1.3260951
v 1.1107666 0.5185000 -1.4332631
v -0.3911290 -0.3777489 0.3390080
v 0.5984202 -0.2594620 -1.2712180
v -0.8548951 2.8964462 -0.9458449
v 1.2772380 2.2768662 1.2722931
v 0.5372312 1.8424820 -1.4839271
v -1.4478559 1.8312180 -1.0280639
v 0.7867024 1.2681730 1.2914462
v -1.2433159 2.4973204 -1.1335010
v -0.0564711 2.5557900 0.6292700
v -1.4830119 2.2224338 1.0625912
v 0.1830521 0.2590520 1.0316411
v -1.4851770 0.5389040 0.7109790
v 1.4724792 2.1813064 -0.9360060
v 0.9746970 0.2328900 1.3905860
v -0.3360569 2.6635086 0.6450770
v -1.4029319 2.3293962 -0.9798150
v 1.3806520 2.2400884 -1.1942740
v 1.4774870 0.2632490 0.8563020
v -1.2501510 -0.1565130 -1.3277272
v -0.8905570 0.1787669 1.3351863
v -1.4486880 2.0521162 -1.1100029
v 0.0122560 2.0887534 0.9753071
v 1.4599150 0.9550303 1.0976080
v -0.1548978 2.8434202 0.0932140
v -0.4796079 2.1537024 1.0764573
v -1.1530600 2.7349792 -0.8343130
v 1.4717212 0.4088130 -0.6890720
v -1.2258849 1.5876250 -1.4116970
v -1.4553259 0.2033660 0.3612219
v -1.0556640 2.6236792 0.9217141
v 0.3370861 2.4449526 0.9402101
v -1.4500420 1.5525280 0.3702750
v -0.5125790 -0.3791620 0.3703220
v -1.2018079 0.0073540 1.3704852
v -1.4684469 1.5171690 1.0311948
v -0.0484673 2.5940862 -0.4608060
v 1.0192142 -0.3059522 -1.1503250
v -0.8486521 2.8919892 -1.0457839
v -1.4868928 2.2032072 0.3818040
v 1.3417600 2.2777122 1.2111942
v -1.4711289 2.1287886 0.0456160
v 1.4675794 0.5032680 0.5095979
v 0.8092034 -0.2186720 -1.3363581
v -1.4919100 0.8754160 0.9289519
v 0.9366760 2.5376534 -1.1822130
v 0.2561301 1.8976714 1.0509050
v -0.9699441 0.3472790 -1.4855161
v 1.4218960 2.2496846 -1.1213890
v 0.6094600 2.3416982 -1.3836100
v 1.0741262 1.6321860 -1.4521671
v 0.2073202 2.8782712 -1.0251569
v -1.0053680 2.3848840 -1.3634772
v -1.4546679 0.5392600 0.3773940
v -0.4029540 2.2187392 1.0156920
v 0.3869260 -0.3484750 -0.9016799
v 0.9778560 1.7445894 -1.4661140
v -1.3962240 2.0508110 1.2376891
v 0.0290029 2.5879792 -0.7408130
v 0.7097510 -0.2655411 -1.2627141
v -1.0574910 2.1459402 -1.4553369
v 1.3392542 -0.1445580 0.7640430
v -1.2688418 0.2076330 1.3326433
v -0.0467070 0.4056050 0.9514170
v -1.4659929 1.6290390 0.8098451
v 0.9740144 0.0314849 1.3698252
v 1.1621724 1.6256410 1.3895870
v 1.4928542 0.2921280 -0.3443360
v -0.8701820 2.8980402 -0.2864101
v 1.4703860 1.4258510 -1.0151310
v -1.1193331 2.4762596 1.1982991
v 1.3276030 2.3870164 -1.1288790
v 1.2671050 0.2259070 -1.3689540
v -1.0302661 -0.3423919 -0.9020219
v -0.2498050 2.8925422 0.0152750
v -1.4624699 0.0129330 -0.9171209
v -0.6567270 -0.3449720 0.1988919
v 0.2038940 -0.3332528 0.0621769
v 0.0570261 2.5814344 0.4163450
v 1.4367502 1.8738088 1.1148210
v -0.7729180 2.8967022 -0.6268550
v 1.4679802 0.7312379 0.6480250
v -0.0868689 0.6842941 0.9043291
v 1.4721982 1.8722144 -0.1142701
v 1.2990560 -0.1878801 0.4365239
v -0.6910561 -0.3329539 -0.6967990
v -1.3358580 1.6379732 1.2910563
v -1.4642420 0.9119502 -0.9380340
v -0.5602150 2.8936972 -0.5154510
v -0.1867640 0.8754750 0.8484370
v 1.4391740 -0.0481090 -0.0150621
v -0.1069142 2.5458532 -1.3142549
v -1.2689919 -0.2719140 -0.5575070
v 0.5051910 2.3822012 1.0652471
v -0.6835750 -0.3482519 -1.0141080
v 1.3945800 0.1602479 1.2371111
v 1.4701856 0.4914829 0.8768180
v -1.3373990 -0.2130540 -0.5589730
v 0.6010730 -0.2961401 -1.1902229
v -1.4852270 1.2008641 1.0375342
v -0.2149210 -0.3548760 0.5452020
v 1.1800300 -0.2954261 -0.2702251
v -0.1655490 2.8420332 -0.1147151
v -0.5474860 1.8007454 1.1131241
v -0.1207030 2.8638132 -0.9184900
v -1.2684239 1.6478140 1.3396661
v -0.1308090 2.7216956 -0.7387770
v 1.1263834 2.1777062 1.3625252
v -0.6934220 -0.2889511 0.9050438
v -1.3843519 2.4020852 0.4955260
v -1.1131760 2.3093916 -1.3993522
v 1.4657500 0.6305430 0.2714720
v 1.1755132 2.3301436 -1.3462750
v 1.4402742 0.0130900 -1.0049370
v -0.7072511 -0.0743801 1.1327000
v -1.4631129 0.2143870 -0.8190310
v -1.1954590 -0.2669740 1.0855311
v -1.3151220 1.3059539 1.3118220
v 1.0283592 2.2677102 1.3433431
v 0.0609841 1.7385052 1.0063882
v 1.2677624 0.3267740 -1.3671779
v -0.3268230 2.8964902 0.2290830
v 1.2256096 -0.2457120 1.1082161
v 1.4765144 0.5144270 0.2652680
v -0.6642290 -0.2304110 0.9582059
v 1.4519382 0.9622990 0.7736199
v 1.0834020 -0.1291310 1.3068241
v -0.3165870 0.4269150 1.0144821
v -1.4540280 0.5585811 -0.7125550
v -1.1203170 -0.3414409 -0.6775640
v 0.9706834 -0.3323188 -0.6273339
v -1.4549689 1.4499590 0.1373280
v -1.2513480 2.5495590 0.9441371
v -1.4508830 0.7623749 0.3798609
v -1.4735539 0.1130250 0.9131161
v 0.4510819 2.8322576 -1.1830600
v 1.2830180 1.9628740 -1.3206730
v 0.0472689 -0.3215619 -0.4813370
v -0.5533180 1.9993120 1.1333700
v 1.4186970 -0.0364570 1.1132540
v -1.2400989 -0.2567971 0.4983070
v -1.1450390 -0.0782840 1.3481762
v -0.7621300 2.1129534 1.2446871
v -0.3807380 2.2170292 -1.4590432
v -0.1550880 2.8444042 0.3961849
v 1.0258140 2.4848024 -1.2474139
v -1.2398359 -0.2528741 0.0179660
v 1.0078084 -0.2635681 -1.2350920
v 1.4414448 -0.0034400 -0.6907430
v 1.3081922 -0.1242000 1.2140001
v -1.4084370 0.6501960 1.1758441
v 0.1974761 2.5496790 -1.3081409
v 0.7509780 2.0738152 -1.4751289
v -0.2501579 0.2272920 0.9953419
v -0.9367120 2.5461940 -1.3143630
v 1.3951794 2.2786188 1.1335389
v -0.5955900 2.2483064 1.1053552
v -0.4292161 0.4743430 1.0676531
v -1.1264921 1.2474552 -1.4582500
v 1.3744434 -0.1118800 1.0707030
v 0.2988052 2.6456824 -1.2936819
v -0.1321748 2.7420412 -0.1332020
v -1.3047700 2.4915632 0.3998170
v -0.0412750 2.5977014 -0.6492240
v 1.3500270 2.3097212 -1.1932990
v 0.9075430 0.1926459 -1.4878610
v -1.4858119 1.7211042 0.9019860
v 1.0885490 0.0271179 -1.4371157
v 0.8259952 2.5788222 -0.3677860
v 0.1442690 2.5788304 0.3342800
v 0.5576170 0.9128920 1.1701910
v 0.9397662 2.5788074 0.4866630
v 0.7112662 2.5787952 0.4391700
v 1.3027300 1.3065071 -1.3029600
v 0.7262920 2.5788462 0.0978660
v 0.2486180 2.5788162 0.4510809
v 0.3282380 0.6872529 1.0637352
v 0.9490178 2.5788572 0.1342040
v 1.4617422 0.8638779 -0.2066790
v 0.1020010 0.1538140 -1.4951930
v -1.4643490 0.6829230 -0.9379359
v 1.4641304 1.5346800 -0.3383120
v 1.4683374 1.0866952 0.2823860
v 0.1457721 -0.3379710 -1.0176249
v 0.2481021 2.5788212 -0.2731371
v -1.4484700 0.0857830 -0.2296500
v -1.4483750 1.2190651 0.2543800
v 0.3688790 2.5788292 -0.1640461
v -0.0555519 1.3734162 -1.4697920
v 0.4460741 1.2466539 1.1184390
v 0.0767412 2.2886722 -1.4243781
v -1.4534429 0.3136520 0.0094939
v 1.4613952 1.3115450 -0.4556690
v 0.3296300 0.5786730 -1.4625320
v -1.4485459 0.7607622 0.0135340
v 0.8192110 2.5788240 -0.4896700
v 0.8094550 2.5788240 -0.6111510
v 0.5470350 1.3857372 -1.4698750
v -0.1778300 1.3727140 -1.4696409
v -1.4520969 0.8009652 -1.0443350
v 0.6742710 0.6864780 1.2288661
v 1.4543912 1.4272082 0.0293199
v 1.4506392 1.9848142 0.2409590
v 0.4911990 2.5788472 0.1748600
v 0.1357920 2.5788386 0.1369800
v 1.3709450 1.3092930 -1.2315840
v 0.9772578 1.0493010 1.3737180
v 0.7905950 1.3829310 1.2927361
v 0.1078110 -0.3692750 0.3216950
v 0.4678120 2.5789102 -0.6215290
v 0.4402421 0.9280651 -1.4775111
v 0.9243672 2.5787802 0.5991609
v -1.4513969 0.8803590 -0.1052850
v 0.9367634 2.5788162 -0.3570110
v -1.4373020 0.4627948 -1.1349769
v 0.9233702 2.5788094 -0.5982640
v 0.4424161 0.6847950 1.1166290
v -0.7729540 2.8974754 -0.5138860
v 0.7120470 2.5787786 -0.3775599
v 0.1305500 2.5804362 -0.2709951
v -0.2047479 -0.3181340 -0.7061850
v -0.5248200 0.9112650 -1.4610620
v 0.4276971 1.3813580 -1.4701110
v -1.4493110 1.5459910 0.4842559
v 1.4679006 1.3113303 -0.0887770
v 1.4563054 1.5382828 0.0250419
v 1.4603200 0.7514880 -0.4497170
v -0.5116800 0.5780579 -1.4574900
v 1.4673674 1.7658332 0.2589170
v -0.1656500 1.0338772 -1.4652760
v -1.4483850 1.3243070 0.4924929
v -0.1572451 0.8032921 -1.4632010
v 0.5447330 1.5011580 -1.4699709
v -1.2773640 0.5354979 1.3232981
v -0.5057070 0.4702970 -1.4700399
v -0.2871430 1.0322659 -1.4635089
v -1.4301879 0.9174982 -1.1386010
v 1.4501994 1.3128730 0.2783990
v 0.8854936 0.8115172 1.3388690
v -0.8752310 0.9904812 1.3070291
v -0.9815710 1.2212891 1.3674580
v 0.7178162 2.5787952 -0.2569061
v 0.8385120 2.5788240 -0.0033180
v -1.4648900 0.5678250 -0.9370660
v 0.7045810 2.5787762 -0.4994180
v -0.1495720 0.5798230 -1.4572650
v 1.4695220 0.9697560 0.1588580
v -1.2935929 0.6940380 -1.3630640
v -1.4644738 1.4592418 -0.0968490
v -1.4594049 1.3738122 -0.9267870
v -1.4484830 0.7635110 -0.1079790
v 0.1373270 -0.2950671 -1.2008490
v -1.3806259 -0.1389382 -0.2150431
v 1.2922222 1.6371220 -1.3123730
v -0.2782880 0.8014741 -1.4618010
v 0.6779692 1.2609570 1.2297980
v -0.0611880 1.8255222 -1.4753629
v 1.4655000 0.7501703 -0.2083281
v -1.3972519 0.8062610 -1.2218970
v 0.4564451 0.4548940 1.1233511
v 0.4482949 0.5701080 1.1193461
v 0.4334240 1.1510741 -1.4731250
v -1.4505649 0.3151449 0.1313410
v -1.4720169 1.4801352 -0.5731030
v 0.5902390 2.5787664 -0.5049729
v 0.6062860 2.5788174 -0.1490871
v 0.4917862 2.5788514 0.0648440
v -1.4501120 0.5375240 -0.2331231
v 1.4524040 0.9745962 -0.2064641
v 0.8915472 1.7324822 1.3455361
v 1.3768992 1.0882419 -1.2271590
v 0.6842690 1.4918300 1.2313810
v 0.4549730 0.1696560 -1.5045269
v -0.2600620 0.3617220 -1.4793500
v -0.1321691 2.7419492 -0.0297900
v 1.4695596 1.5425120 0.3958530
v 0.1811832 1.7176602 -1.4706410
v -0.1323810 2.7442576 -0.2362131
v -0.0610620 1.7145002 -1.4707770
v -0.0485360 2.1264702 -1.4735751
v -1.3751950 -0.1415401 0.4842528
v -1.4484809 0.2021910 0.1316520
v -0.1741209 1.2585211 -1.4715590
v 0.2646570 -0.3376089 -1.0127479
v 0.0926121 0.4733690 -1.4635841
v 0.1267622 0.9084410 1.0101840
v 0.3633982 -0.0927880 1.0116863
v 1.4622014 0.6341970 -0.2101770
v -0.6830710 0.8908020 1.1739720
v 0.4844103 -0.2570470 -1.2774100
v -0.7738131 1.8264602 -1.4505811
v -0.4297260 -0.3176139 -0.0444550
v 1.4702600 1.0852953 0.1591540
v 0.9000520 -0.3272249 0.0235709
v 0.4533850 1.4754480 1.1216350
v -1.4490660 0.6514001 -0.2316051
v 0.9100606 2.5789346 -0.7173260
v 0.4387450 0.7977788 1.1149348
v 0.3225482 0.9080790 1.0611118
v 0.4805601 2.5788304 0.3927960
v -0.1825179 1.6012740 -1.4680349
v 0.3013812 1.7210722 -1.4714609
v 1.4554768 1.8782442 0.2495940
v 0.3340641 1.2394042 1.0664850
v 0.4387860 1.0216250 1.1150381
v 0.3380240 1.3518750 1.0682803
v -1.1638591 0.9805222 1.4027922
v -1.4637400 1.3052731 1.1179521
v -0.1321790 2.7489094 0.1758940
v -0.2737460 0.6874160 -1.4582521
v 1.4521880 1.1964149 0.5283540
v -0.4360340 -0.3208470 -0.1498871
v 0.1289800 -0.2201480 -1.3446530
v 1.3787070 -0.1187941 0.2129309
v 0.5854210 -0.1500571 -1.4042760
v 1.0135760 0.9505010 -1.4495580
v 0.3243759 0.8100840 -1.4704061
v 1.0387182 2.5828222 0.0262839
v 0.8944952 1.6173030 1.3462971
v -1.4504280 0.6467670 0.1353040
v -1.0035281 1.7105542 -1.4530342
v 1.4514922 1.9888492 0.6207190
v 0.0632269 2.0332368 -1.4815229
v 1.4638582 0.7505492 -0.3295530
v -1.4642130 1.6818180 0.0277500
v 0.3361569 0.5743761 1.0673971
v -1.4490679 1.0291840 -1.0445799
v 1.1016120 1.0695900 -1.4389420
v -0.6052060 1.0203230 1.1298821
v 0.2409712 1.4521270 1.0301731
v 0.2291310 1.0159779 1.0228612
v -1.4664889 0.2202090 -0.9289408
v 1.4721740 1.6550560 0.2652970
v 1.4573918 1.2011439 0.2806939
v 0.2003430 0.9236741 -1.4700781
v 0.8991382 -0.3248990 -0.0839170
v -1.3455430 0.5397130 1.2541991
v -0.1739610 2.0342542 -1.4856810
v 1.0879084 -0.3256370 -0.3910530
v -1.4590000 0.4244970 -0.1131480
v -0.7709811 2.8988718 -0.4006509
v 0.9314422 2.5788112 -0.4782020
v 0.9463720 2.5788462 0.0126979
v 1.2285052 1.4149440 -1.3714550
v 0.5662950 0.4739039 -1.4613302
v -0.0742803 -0.3243809 -0.4846950
v 0.9858804 0.5865050 1.3814490
v 0.4529731 0.2680450 -1.4938258
v 0.6819062 0.5871610 -1.4639662
v 0.6624982 2.2439634 1.2184261
v 0.4663003 2.2304822 1.1306589
v -1.0792081 2.8403398 -0.1667151
v 0.4497280 1.3609191 1.1200339
v 0.5610110 1.1398070 1.1717903
v 1.4644560 0.6380291 -0.5696319
v -1.0443030 0.9832821 1.3959692
v -1.4329619 0.6900281 -1.1374850
v 0.0986749 -0.3545579 0.2335219
v 1.4693936 1.1986450 0.0354579
v 1.4223032 1.3117920 -1.1636750
v 0.1319520 2.5880520 -0.5758840
v 0.5613150 0.8166450 -1.4742280
v -1.4494790 0.1982000 -0.1116770
v -1.4055839 0.3565409 -1.2193820
v 0.1421481 -0.3239540 -1.1121950
v 0.7819470 -0.3331060 -0.1013141
v -0.3659740 2.2910862 -1.4253380
v 1.3095940 0.9457920 1.3172212
v -1.4490330 0.3162290 0.2513330
v -1.2246639 0.9799111 1.3702322
v -1.0764710 1.5618750 1.4033040
v 1.4548802 1.0838290 -0.2067150
v -1.4485219 0.9912930 0.1363050
v -1.4492329 0.5404159 -0.3539770
v -0.9624550 1.1282903 -1.4847520
v -1.4587078 0.2265639 -1.0354280
v -1.3869019 -0.1428062 -0.3329889
v -0.1319712 2.6855622 -0.3465070
v 1.4478692 1.8820882 0.6304770
v -1.3318589 2.4619162 -0.4050059
v -0.8789980 -0.3453750 0.2393919
v -1.4609849 1.1419670 -0.9340749
v 0.3348151 0.2626990 -1.4932401
v 1.0348970 2.5819602 -0.0971121
v 1.4606630 1.4264940 -0.0921900
v 0.9779104 0.9347229 1.3741380
v 1.4615804 1.9848270 -0.1207720
v 0.2472532 2.5798672 -0.4881260
v 1.4730652 0.4916710 0.9887482
v -0.1445167 2.2871226 -1.4260659
v -0.7820390 1.7120750 -1.4529299
v 1.4712852 1.6536040 0.1410770
v -1.3639470 0.8680061 1.2470500
v -1.1245560 2.7860938 0.0704979
v -0.0779760 -0.3181720 -0.5958429
v -1.2127189 2.6260092 -0.0504791
v 0.0633312 1.4892210 -1.4685690
v 0.1844330 1.4904750 -1.4684619
v 1.4649160 1.1965530 -0.2089941
v 0.8843130 1.0433160 1.3390320
v -1.0148930 1.6858602 1.3761632
v 1.4498252 1.8803972 0.3743530
v 0.4572601 2.1396524 1.1462820
v -1.4653970 1.1218859 -0.3415540
v 1.4690502 1.1968971 -0.0870430
v -0.3903711 0.5799920 -1.4571801
v -0.7171700 1.3576749 1.1947411
v 0.2994612 1.8319542 -1.4775200
v -0.2492060 0.1438240 -1.4897181
v -0.0487189 1.1468771 -1.4734730
v -1.4566500 0.4572350 -1.0399460
v 1.1177390 2.5820086 0.1575000
v 0.5637712 -0.1077980 1.0896931
v 0.5566150 2.1477132 1.1926951
v 1.4519622 1.6460582 -1.0997899
v -0.0025520 -0.0281421 -1.4714460
v -1.0615540 2.8473706 -0.9273500
v 0.3627560 -0.2128770 -1.3458530
v -0.6270220 1.3643618 1.1389210
v -1.4492139 1.4457550 0.2537840
v -0.8160090 1.4655130 1.2685730
v 1.3003806 2.4694934 0.3127539
v 0.7834320 1.1528291 1.2902921
v -0.3027850 2.6423972 -1.3030890
v 0.1247621 -0.1639141 -1.3980969
v 0.0690847 1.2589060 -1.4705720
v -1.2271349 0.6907029 -1.4141550
v -1.4560180 0.9890400 0.7285428
v -0.9185030 1.5766954 1.3299991
v -1.4590189 1.1178170 -0.2215871
v -1.2854080 2.5230472 0.1735049
v -1.0177171 -0.3462749 -0.4571600
v -0.2184030 -0.2692662 -1.2797020
v -1.4510059 0.3251070 -0.7103040
v 0.4112562 2.1401032 -1.4666240
v -1.4553710 0.5720690 -1.0415849
v 1.4607564 1.1948070 0.6526531
v -0.5859830 2.3030162 -1.4157040
v -0.9737080 1.1039242 1.3637652
v 0.3451561 1.5769210 1.0716660
v -0.4260910 1.4839810 -1.4685690
v -1.0296830 2.8703562 -0.1708271
v 1.4630068 1.0833810 -0.0859741
v 0.6685292 1.9506810 1.2451671
v -0.8267230 2.2385066 -1.4388441
v 1.4550952 1.2024409 -1.0931490
v -0.3659100 0.1405930 -1.4900813
v 0.5702622 0.2736709 -1.4933840
v 1.2327050 2.5138652 -0.1764490
v 1.2420642 1.2829181 1.3731320
v -0.5705290 -0.3364280 -0.4783400
v 0.3508541 1.7994860 1.0847860
v 1.4178762 1.5333010 -1.1683150
v 1.4530996 1.4247032 -1.0957359
v -0.3196890 -0.3418349 -0.3734820
v 0.8749060 2.5787292 0.8021649
v -1.1970059 2.6436872 -0.7275500
v -1.4663360 1.7189932 -0.6817360
v 0.3598633 2.1310066 1.1011501
v -1.4485219 1.1046539 0.2558530
v -0.1323660 2.7567942 0.3618470
v 1.4691420 1.8727834 0.0058750
v 0.1020510 2.5475730 -1.3096799
v 0.5972502 2.5787834 -0.3845350
v 0.3654093 2.5787974 -0.3856200
v 0.5803292 2.5787502 -0.6247030
v -0.2836290 2.7344440 -1.2903620
v 1.4110442 1.6393812 1.2036603
v 1.4688494 1.3098722 -0.2109130
v -0.6927820 1.0085439 1.1790389
v 0.3685079 -0.2574051 -1.2805939
v -1.4316530 1.3035001 1.1870841
v 1.1856172 -0.2793321 0.0696640
v -1.1397581 1.4742352 -1.4542140
v 1.4630754 1.8748970 0.1269150
v 1.4588560 0.0096510 0.3410679
v -0.4815680 2.3944246 0.9382622
v 1.4552732 1.3149209 0.1554380
v -0.7736210 0.8791470 1.2369050
v -0.2918860 1.1452921 -1.4683120
v 0.7933762 1.6137292 1.2924021
v 1.2658392 0.4316289 -1.3640389
v 0.0959221 2.8867084 -1.1499600
v 0.0884221 2.4604014 -1.3356531
v -0.1082461 -0.1695870 -1.3988490
v -1.4289649 1.2570311 -1.1318930
v -0.9657230 0.9858580 1.3594112
v -1.4485420 0.8768800 0.0152969
v -1.2969759 0.4704119 -1.3653650
v -1.4479430 0.0915900 -0.1091110
v 1.4570350 0.9800299 -1.0904610
v 0.6726200 0.8022931 1.2281870
v -0.5268040 1.2577162 1.0972031
v -1.4484410 1.1074990 0.1360690
v -0.1322151 2.7527692 0.2703780
v 0.3706560 2.2249942 1.0879690
v -0.4347340 1.1530171 1.0638840
v 0.0602079 1.8264560 -1.4755699
v -0.6336260 1.4775800 1.1426952
v -1.4504410 0.9151191 -1.0449330
v -1.4480820 1.1434541 -1.0425599
v 1.2407670 0.9459153 1.3634982
v 0.8176978 2.4202480 -1.3156562
v 1.4524560 0.8595531 0.0366919
v 0.7566530 2.1629440 1.2851121
v -1.4483579 1.3330702 0.2535689
v -0.8705900 2.8972042 -0.3986390
v -0.0911851 -0.3389370 -0.9186520
v 0.0724890 1.1462560 -1.4744153
v 1.4900894 0.1803200 -0.4652690
v -0.1123270 -0.1042080 -1.4422510
v 1.4158540 1.6432692 -1.1710510
v 1.4473098 1.7660054 0.9010200
v -1.4465030 2.2461672 -0.8823579
v -1.1167510 1.2118770 1.4133590
v -1.2923580 1.8695268 1.3239203
v -1.4775120 0.9897450 0.8352670
v 1.1579380 -0.3041401 -0.6083199
v 0.4497678 2.5788162 0.5982700
v 0.2168201 0.2586320 -1.4918309
v 1.4585422 0.3168990 -1.0917450
v 1.4682312 1.5341790 -0.4592570
v 1.4726956 1.8684712 -1.0237120
v 0.3304631 0.4724070 -1.4622889
v -0.6491700 1.0232272 -1.4583850
v 1.2617082 0.5387910 -1.3613541
v 1.3080402 1.2878910 1.3311221
v 1.4106120 2.3292000 0.6914581
v -0.2963510 1.2574830 -1.4721940
v 0.6724150 0.9170300 1.2279890
v -0.6263210 0.4674240 -1.4708672
v 1.4711104 0.6188430 0.5176100
v -1.4510239 1.6582000 0.4837110
v -1.2290929 0.5781210 -1.4152750
v -1.4548759 0.3133229 -0.4762590
v 0.4961840 -0.3304969 -1.0022649
v -1.4749030 1.0139370 -0.5862240
v 0.7613770 2.0647822 1.2975172
v 0.1829510 2.1283830 -1.4704078
v 1.2896570 1.7465280 -1.3143230
v -1.4029959 0.4678750 -1.2195709
v 1.1073422 2.5765774 -0.2056460
v -1.4505599 0.5383920 0.4917320
v 1.4525892 1.4262950 0.1521370
v 0.4196580 -0.3445290 -0.2403281
v -0.0190199 0.2543059 -1.4884990
v -0.2827380 0.9172102 -1.4631111
v 1.4655722 1.4248448 0.7822312
v 0.4209380 1.7254440 -1.4727660
v 0.3515009 1.9143440 1.0955823
v -0.7097421 1.2420809 1.1891819
v -0.3718270 2.7997634 -1.2754140
v -1.3447388 2.4576726 -0.0661321
v 1.4625900 0.9787123 -0.4498690
v 0.4816792 2.5787902 -0.3873180
v 0.6099460 2.5788498 0.0803170
v 0.6088770 2.5788332 -0.0337130
v 0.7221800 2.5788122 -0.1374681
v 0.3702491 2.5788452 -0.0557001
v 0.3172810 1.0368650 -1.4784480
v -1.4300569 1.4839890 -1.1275189
v -0.3791020 0.3603829 -1.4809989
v -1.4875400 0.7654619 0.8255111
v -0.7058610 0.0400160 -1.4887621
v -1.1622511 2.7170478 -0.1633220
v -1.4631060 2.0578610 -0.6668069
v -1.3492908 0.8076500 -1.2971281
v 0.8445634 2.1815012 -1.4479851
v 0.2380182 2.5789102 0.5429740
v -0.1519611 2.8414944 0.2988770
v 1.4615202 0.9702490 0.0368350
v 1.4483594 1.8819870 0.5015810
v -1.4502109 0.8763042 0.5013720
v -0.6979710 2.2610832 1.1586272
v 0.4163541 1.9429272 -1.4844050
v 1.4714082 1.5362450 -0.5804909
v -0.7642380 0.7601260 1.2301821
v 1.4442686 1.5298000 1.1273470
v 1.4648708 0.8649402 -0.3286611
v -1.4499559 0.4302020 -0.4762640
v -0.7592450 2.4173462 1.0853540
v -1.4738049 1.5972930 -0.5685690
v 0.5227170 2.1506272 -1.4637522
v -1.4408890 2.3035054 -0.4165820
v -0.9288790 1.6926702 1.3333340
v -1.4371320 0.0087580 0.1336860
v 1.0081172 2.5791840 0.7322061
v 1.3575870 1.6343222 1.2762473
v -0.4059101 -0.3586730 0.2520398
v 0.4541329 2.0387170 1.1494630
v -0.0824089 -0.3184230 -0.7061780
v 1.4498362 0.9647350 0.6519642
v 1.1209522 2.5844672 0.2781750
v -0.3512950 -0.3671810 0.5010389
v 1.4745620 0.6401521 -0.8027780
v -1.4558420 0.5361320 0.0101500
v 1.2827292 -0.2148771 -0.8205540
v -0.7387831 0.5241950 1.2119203
v -0.1523021 2.8416372 0.1969320
v 1.4678772 0.5212159 -0.4537270
v 1.3036802 1.4022180 1.3351700
v -1.4617120 0.8884811 -0.3460270
v -0.1344280 2.8047258 0.2837859
v -1.4489369 0.6469030 0.0119340
v -1.1675951 1.0937849 1.4033112
v 1.4479016 1.8777994 0.8903539
v -1.4699470 0.3260080 1.0115100
v -1.4534440 0.1940888 -0.3532200
v -0.6981080 2.3076584 -1.4120609
v 0.5706632 1.4842634 1.1759690
v 0.5497890 1.2699612 -1.4722960
v -1.3161528 2.4706822 -0.6301209
v 1.2869660 1.8554202 -1.3169720
v 1.4665490 0.3771559 1.0813162
v -1.4122419 -0.0691380 0.2496420
v -0.1322750 2.6816042 -0.2428681
v -0.4983991 0.3588190 -1.4826179
v -1.4485199 0.5421750 1.0975641
v -1.4621340 1.4541380 0.0208110
v 0.8295332 2.2695390 -1.4214120
v -1.1731910 1.2068070 1.4023420
v -1.2707489 0.3153590 1.3307001
v -0.6181900 0.3569299 -1.4839880
v 1.4710900 0.9705801 0.2820010
v -1.4697439 1.9155162 1.1227260
v -0.3505720 2.9020642 -0.2973740
v -1.4589979 1.7210112 -0.8013550
v 1.1402546 1.9676420 -1.4174880
v -0.1459961 0.4745450 -1.4658599
v -1.4636609 0.8771963 0.7239352
v 1.4724124 1.7582156 -1.0204290
v 0.6568030 2.1555362 1.2395720
v -1.2285130 1.0916710 1.3682970
v 0.6749410 1.1462272 1.2289061
v -1.2238069 2.5933914 0.3035840
v -1.2955429 0.9787482 1.3139961
v -1.1173690 -0.3384219 -0.5647580
v 1.3612900 1.6397712 -1.2409469
v 0.7385820 2.1736072 -1.4535360
v -1.4561369 1.5578110 0.2554588
v -0.7018061 1.1257041 1.1841100
v 0.3422422 2.5790832 0.5710570
v 1.2395430 0.9703950 -1.3629957
v 1.1855604 -0.2828731 -0.0443861
v -0.4399010 1.4801398 1.0608210
v 1.4658370 0.6342709 -0.0906090
v 1.2959438 1.6308780 1.3400571
v -0.1374680 2.7730706 -0.6482080
v -1.4930369 0.7633939 0.9228389
v -1.4926899 0.4259110 0.7064751
v -1.4761820 1.4851130 -0.6900220
v 0.6721760 1.0467430 -1.4752860
v -0.8083830 1.3500260 1.2614220
v -0.4344411 -0.1506540 0.9007021
v 1.4777062 0.1643729 0.5982661
v -1.3993510 2.3769974 -0.2987731
v 0.8314812 2.5788212 -0.2458631
v 1.3602652 2.3979102 -0.5048200
v -1.1224801 2.7886602 -0.0468040
v -1.4691490 2.2248964 -0.3035350
v 1.4641822 0.4934770 1.0850122
v 1.4742534 1.7624230 0.0123949
v -0.6798510 0.1813140 1.1988260
v -0.1530240 -0.3560799 0.2233000
v 1.4676848 2.0983176 -0.5945589
v -0.8236551 1.5805810 1.2754883
v 0.5641052 2.2364904 1.1743840
v -0.9093200 1.4602690 1.3255193
v 1.0181514 0.5071830 -1.4478600
v -1.3989700 0.2278500 1.1818491
v 0.6709710 -0.3432399 -0.0030751
v -1.0558540 2.8470042 -1.0235530
v 0.1331542 -0.2626150 -1.2816350
v -0.7908800 2.3767896 -1.3657710
v -1.4537430 0.6866550 -1.0431530
v 1.3104812 0.9756012 -1.2963319
v -1.2378549 1.8178484 -1.3968751
v -0.8671020 0.8711549 1.3012070
v -0.1532838 0.6885190 -1.4599437
v 0.0876101 0.6896620 -1.4630461
v 1.4597282 1.7688182 0.3836859
v 1.4563764 1.9832712 -0.0014260
v 0.3760520 -0.1718120 0.9418818
v -1.4668039 2.0157568 0.1559060
v 1.4561220 0.8624150 -0.0847610
v 0.4678203 2.5787590 0.4985739
v 0.5954122 2.5788022 0.4155140
v -0.7760680 2.1950952 1.2367891
v 1.4934482 0.0857140 -0.3543699
v -1.2769620 -0.2651341 -0.7807570
v -1.0978671 0.5222240 1.4021390
v 1.4286982 0.7592101 -1.1611350
v -0.0191898 0.6066829 0.9681267
v 0.7252460 2.5788522 0.2133570
v 0.1326571 2.5788422 0.0364460
v 0.1310181 2.5788462 -0.0657441
v -0.5321740 1.3697160 1.0966381
v 0.1298572 2.5791096 -0.1684821
v 1.0749626 0.7134490 1.3909572
v -1.4519590 2.2437962 -0.7681010
v -1.4656560 2.0088294 0.2687500
v 1.3740770 1.1986759 -1.2287960
v 1.4478504 1.7698814 0.7698070
v -0.7632100 1.0177097 -1.4593790
v 1.4544004 1.5379500 -0.0966200
v -1.4488169 1.1005471 0.6194660
v -0.6644060 2.8979770 -0.4018090
v 1.0473284 2.5840410 0.2691660
v 0.5168820 2.5633384 0.7817800
v -1.4559830 1.9477210 -0.9106499
v -0.1956320 2.6423562 -1.3013080
v 1.4614780 0.0902270 -0.9048780
v -1.0783440 2.8400900 -0.2802711
v -0.1758571 -0.3320859 -0.0529040
v -0.5714911 -0.3274359 -0.7010880
v -1.1245230 2.7962942 -0.5027280
v 1.4241472 -0.0564110 0.3346540
v -1.2130069 0.5324700 1.3737270
v 0.7796784 0.9221140 1.2892101
v 0.7278830 2.5723482 -1.1222619
v -0.4514620 -0.2787120 -1.2801660
v 0.4185981 1.8368940 -1.4802720
v 1.4525390 1.2014822 -0.5742830
v -0.3666900 1.3681650 1.0171061
v -0.7944071 2.7632122 0.5535350
v 0.4305389 1.2655211 -1.4722450
v 0.8585362 -0.3373579 -0.6385440
v 1.4395152 2.2584302 -0.0157270
v 0.6088400 2.5788498 0.1934060
v 0.2525342 2.5788322 0.3509400
v 0.3661669 2.5788352 0.3709310
v 0.6045070 2.5788452 0.3051959
v 0.2498623 2.5788452 0.0417360
v 0.1442640 2.5788262 0.4290850
v -1.3510689 2.4520452 0.0492378
v 1.4322020 0.6101990 1.1680681
v 0.2292451 -0.3698109 0.3393130
v 1.4740378 0.7564840 -1.0072220
v 0.9794582 1.1627561 1.3757220
v -1.4585460 0.8838540 -0.2256231
v -0.6103092 -0.3743889 0.4993450
v -1.1659121 2.7057774 0.0730670
v 0.4048901 -0.3440729 -0.4646720
v 1.0806404 -0.3256590 -0.5036370
v 0.6956572 2.5787690 0.5481450
v 0.5607670 2.5787250 0.6236409
v 0.8365372 2.5788286 0.3498320
v -0.1279707 -0.3720560 0.3882669
v -1.4484019 1.2233241 0.1357210
v -0.4368500 1.2622119 1.0626343
v -1.0699831 1.4473450 1.4050452
v -1.4295400 1.3704150 -1.1287480
v 0.5580200 -0.0361701 1.1421050
v 0.2131510 -0.3354400 0.1554250
v -0.7769950 -0.3461230 0.7772333
v 1.4667292 0.6243010 0.3942420
v -1.4486359 0.7593981 0.1358719
v -0.2549010 0.2508869 -1.4884840
v 0.3620131 2.5787790 -0.4985500
v 1.1035162 0.7365350 -1.4348020
v -1.4487129 0.6485479 -0.1105900
v -0.5861820 2.7813602 0.5502780
v 0.7930700 1.4979482 1.2931272
v 0.3569437 2.5787886 0.4741940
v 0.2356251 1.2327190 1.0285210
v 0.2508871 -0.2594941 -1.2821300
v -1.3526200 0.5818580 -1.2980949
v -1.4566990 0.3121380 -0.1122740
v 0.1411960 1.5460810 1.0174082
v -1.2872610 0.9204370 -1.3619370
v -1.4593060 1.4700650 -0.3352919
v 1.3673318 1.4198912 -1.2346730
v 0.0354840 0.8037212 0.9945510
v -1.3948149 1.4785670 -1.2077320
v -1.4483629 1.4404542 0.3706039
v -1.2763060 1.1461791 -1.3615250
v 0.3916240 -0.3557679 -0.7952620
v -0.3536070 1.7796152 1.0209910
v -0.5823120 0.7889911 1.1232961
v -0.2154440 -0.3308440 -1.1164179
v 1.4716220 1.1920481 0.9024370
v 0.9827244 1.2767589 1.3779990
v -0.1341990 2.7545156 -0.4424010
v 1.0448416 2.5835092 0.3878999
v 1.0739842 1.5077500 1.3905192
v 0.6679330 1.2746320 -1.4714720
v 0.1153710 -0.3735020 0.4096650
v 1.4624034 0.7531670 -0.6879799
v -0.2969910 -0.3213039 0.0476620
v -0.5691040 2.3742654 -1.3697030
v 0.7822010 1.3931810 -1.4692140
v -0.1320039 2.6857504 0.1691000
v 1.1065300 0.6266620 -1.4334761
v 1.4726072 0.9793940 -0.9150340
v 1.4560962 1.6476082 -0.2225021
v 1.4698842 1.3146560 -1.0140570
v 0.5583650 0.7992682 1.1704901
v 1.4275974 1.0900090 -1.1602300
v 0.2978210 2.0379440 -1.4794900
v -1.3537860 0.4706370 -1.2975209
v 1.3060032 1.1956499 -1.3000559
v -1.4515489 0.1954980 -0.2327621
v -0.3724071 -0.3761570 0.4217010
v -1.1634180 1.7039162 -1.4387399
v -1.2955199 0.5815300 -1.3647198
v -1.4470039 0.0968950 0.0126500
v -0.4451390 2.8959932 -0.2925710
v 0.1329598 2.5855342 -0.4746240
v -1.3885690 2.3836804 -0.5254850
v 1.4570456 0.0029199 0.4585000
v -0.9028370 -0.3441410 -0.2344190
v -0.8402490 1.8076662 1.2852942
v 0.0515530 2.5817742 0.3267430
v -1.4484010 1.2128580 0.4970859
v -1.4483779 1.3282010 0.3725230
v -0.7536730 0.6414130 1.2205010
v 1.4702864 0.6143380 0.6414691
v 0.2141650 0.3665149 -1.4766880
v -0.5275930 -0.3588178 0.2778830
v -1.4731949 1.9226792 -0.1988581
v 1.1726792 1.0749801 -1.4120000
v 0.6744480 2.5787442 0.6497200
v 0.8113982 2.5787752 0.5736649
v 0.8271668 2.5788012 0.4631679
v 0.9475474 2.5788340 0.3714609
v 0.9026204 2.5787542 0.7073319
v 0.7802522 0.8061271 1.2896300
v -1.4048329 0.5422111 1.1784720
v 0.0816609 2.3745886 -1.3785490
v 1.4663940 1.5415040 0.6514280
v -0.0253158 2.3724302 -1.3782430
v -0.9379170 2.2342810 -1.4408469
v 0.0975530 2.8900872 -1.0794280
v -0.3210029 2.5457834 -1.3196482
v 0.1826023 1.6047860 -1.4692451
v -0.1978879 -0.3300819 -0.4859579
v -1.1237250 1.3264989 1.4137410
v -1.3045499 2.4770190 -0.7404470
v -0.8386260 -0.3636139 0.5793029
v 1.0748818 0.5953820 1.3945582
v 1.4719854 1.0762992 0.8980680
v -1.4489329 0.2036020 0.2490779
v -1.3675559 -0.1344670 0.1325500
v -0.7000850 -0.3616949 0.6376400
v -0.8600621 2.0531512 -1.4488420
v -1.4013830 1.7073262 -1.2075690
v 1.4139772 1.7527522 -1.1749789
v 1.4273364 0.9512850 1.1785281
v 0.9436252 2.5788352 -0.1101990
v -1.4753519 1.3676941 -0.6945850
v 1.3833912 0.3849990 1.2399662
v -1.4698130 1.1260261 -0.4626259
v 1.1581860 0.6004520 1.3936990
v -0.4271650 1.5979318 -1.4686072
v 0.7983920 0.4841350 -1.4578411
v -1.4650940 1.9381170 -0.4345700
v 0.5918610 -0.2123231 -1.3443319
v -1.4359690 2.3084002 -0.5313300
v -0.1312009 2.7142050 -0.6501100
v 1.4542022 1.3137939 -1.0942210
v -1.4695389 1.8235872 -0.4405180
v -1.4931349 0.5399110 0.9154070
v 1.4689070 1.4259860 0.6534310
v -0.6611860 2.8994562 -0.2895030
v -0.1367418 2.8007612 -0.0220810
v 1.4734340 1.6476382 -1.0182280
v -0.0413480 2.2098574 -1.4575790
v -0.1320990 2.6789632 -0.1414450
v 1.4517360 1.8643770 -1.1065740
v -1.4577968 1.8339460 -0.6771100
v 1.0129250 0.8415648 -1.4493932
v -1.1506631 0.3516790 -1.4544292
v 0.6779062 0.4538370 1.2308890
v -0.8683801 1.1306472 -1.4707079
v -0.2340990 -0.3671390 0.4757740
v 0.4903501 -0.3142150 -1.1079800
v -1.4485830 1.2115299 0.6166650
v 0.1965400 1.0363030 -1.4755630
v 1.4731292 0.3083890 -1.0052079
v -0.3902520 2.7354592 -1.2918621
v -1.2232768 1.8838742 1.3688310
v 1.1758920 0.8532870 -1.4092349
v -0.6367400 0.5377070 1.1581653
v -0.8886110 1.8267358 -1.4488409
v 1.4649440 1.9898322 -0.5924029
v 0.9405078 2.5788252 -0.2338391
v -1.2339450 1.9958076 1.3628510
v -0.3051770 1.5996090 -1.4683070
v -1.4490120 1.4309488 0.6041000
v -1.4486270 1.3217412 0.6114149
v -1.4489300 1.4351480 0.4875779
v -1.4520239 1.6492070 0.5919350
v -0.6986380 2.6948716 0.6220720
v 1.0608602 -0.3286919 -0.7292890
v 0.9118410 0.4947900 -1.4543789
v -1.4583280 1.0007330 -0.2235961
v 1.3603706 1.9777910 1.2624221
v -0.3665270 1.1568280 1.0185911
v 0.3606000 0.3458550 1.0819431
v 0.4603843 1.7020330 1.1254071
v 1.4695400 1.8721312 -0.2341851
v 0.1362738 0.6947098 1.0088921
v 0.5671920 1.3689020 1.1744591
v 0.5639974 1.2539800 1.1730771
v 0.8857302 0.3427680 1.3463313
v -1.1625690 2.7202702 -0.2789711
v 1.4669480 1.5416930 0.2704309
v -1.4778310 1.0182480 -0.7055840
v 0.4230371 1.6117790 -1.4704061
v -0.6548681 1.1378341 -1.4603540
v 1.4622302 0.6096100 1.0882191
v -1.4536290 0.7642903 0.6110369
v -1.4508480 0.2004130 -0.5915310
v 1.4802862 0.6418020 -0.9124500
v -0.3319960 -0.3393540 -1.0211599
v -0.1692619 -0.3241929 0.0446690
v -1.4642189 1.8970622 0.2648850
v 0.2767162 -0.3400819 -0.6961740
v -1.2098009 0.4202120 1.3773862
v 1.4643240 2.0884922 0.4812840
v -0.1614351 0.9192240 -1.4644961
v 0.3334620 2.5906172 -0.8160280
v 0.2100851 0.5780730 -1.4604010
v 0.0904360 0.5781130 -1.4589200
v -0.0900370 1.4939370 0.9129050
v 0.6838640 -0.3535320 0.2134959
v 0.3277101 0.6923640 -1.4664180
v -1.4701060 1.9098144 0.0356269
v 0.0037679 -0.1008640 -1.4412411
v 0.0840500 0.8057389 -1.4664591
v -1.1658451 -0.2925961 0.1384890
v 1.4710590 0.7384739 0.3998800
v 1.4196104 1.2943750 1.1988850
v 1.3581940 2.3940832 0.0858710
v 1.4721192 0.7353481 0.5239489
v -0.3706030 2.8970552 -0.6305860
v -0.4465150 -0.3378719 -0.4815650
v -0.9537410 2.0243610 1.3503752
v -0.1046589 -0.2254570 -1.3454460
v -0.8882441 2.4988806 1.0701340
v -1.1028470 0.8661543 1.4084620
v -1.3442380 1.0350381 -1.2951370
v 1.0145352 0.6169041 -1.4470231
v -1.4491059 -0.0098930 -0.3409650
v 1.2435940 0.8619972 -1.3600941
v 1.4615422 1.7597520 -0.5858920
v -0.4555040 -0.1788750 -1.4097880
v 0.2274751 0.7993700 1.0205923
v -0.9952900 -0.3396219 -0.1083460
v 0.3401992 0.0732320 -1.4978159
v -1.4680539 1.1970403 1.1163060
v -1.3157559 -0.2090830 0.6077990
v 0.3575400 -0.1545271 -1.4011649
v -0.3853120 0.4723869 -1.4686791
v 1.4699602 1.6551800 0.3911419
v 1.4502432 1.0824459 0.5293980
v -1.3116070 -0.1997430 0.2522689
v -1.4735490 0.4329730 1.0101970
v -0.7902850 -0.1750450 -1.3998660
v 0.3622390 0.2375210 1.0983240
v -0.3250770 -0.3250010 -0.5963550
v -0.4259890 1.7110972 -1.4718849
v 1.3131414 0.8677910 -1.2957689
v -0.1412770 0.3631660 -1.4782590
v -1.4512839 0.3153520 0.3672710
v -1.4627129 2.0598052 -0.9022030
v 0.4608312 -0.3567639 0.2834809
v -0.1370531 0.2529200 -1.4879252
v 1.4616232 0.8665540 -0.5700850
v -1.4652479 1.3492900 -0.2180901
v -0.1265167 0.0502869 -1.4849071
v -1.4750640 0.1035760 0.6984141
v 1.4285972 0.2206460 -1.1726260
v -1.2910590 0.8070699 -1.3623800
v 0.2433630 2.5840010 -0.5950980
v -1.4584830 0.3104630 -0.2342531
v -1.4728960 1.1305292 -0.5837660
v 0.4139490 2.0438012 -1.4792881
v -1.4880680 1.0969812 0.9410862
v -1.4614140 1.3586572 -0.4578370
v 0.7792620 1.5080430 -1.4733990
v -0.3568569 0.9488480 1.0211191
v 1.4656882 1.9871240 -0.3567699
v 1.2909480 -0.2155420 -0.7087780
v -1.4712790 1.8083494 -0.2039050
v 1.4769150 0.4066819 -0.3388910
v -0.7321960 1.5848960 1.2101891
v -1.4665140 1.2379971 -0.3400020
v 1.4433532 2.2614746 -0.1341882
v -0.4381109 2.8951272 -0.1813090
v 1.1816824 -0.2799781 0.1843540
v 0.9124014 0.3914620 -1.4553298
v -1.2492029 -0.2592620 -0.2128811
v 0.2324071 1.1243878 1.0257681
v -1.4524140 0.6487160 0.2582870
v 0.5424130 1.6163760 -1.4710681
v -1.1210970 2.7914814 -0.1633171
v -1.4641919 1.6702570 0.2579229
v -1.2338668 2.5732072 0.4210940
v 0.6822210 0.3789909 -1.4658932
v -0.5823261 -0.0455310 -1.4802590
v -1.3713410 2.3968902 -0.7505480
v 0.5797922 -0.0755290 -1.4543789
v -1.1591581 2.7308422 -0.7240140
v -0.3404060 -0.1760770 -1.4069398
v -0.7482400 1.9157250 1.2375741
v -0.6331220 0.5747329 -1.4577720
v 1.3612502 2.3960452 0.3247920
v 1.4730510 1.7639966 0.1348640
v -0.4670370 -0.0451640 -1.4809120
v 1.4948500 0.1881309 0.1227200
v 1.4570778 1.6472974 -0.3432630
v 1.4672132 1.3098070 0.6536511
v 1.4690552 1.6468932 -0.5823290
v -0.4291161 1.0439160 1.0650850
v 1.3601342 2.3951032 0.2057570
v -1.3427750 -0.2023970 -0.7824460
v -1.4297609 2.3141542 -0.6458809
v -1.1058120 2.8037962 -0.9308500
v 1.3754438 0.7197350 1.2466721
v 1.3832850 0.6531111 -1.2342079
v -1.4483939 1.2154060 0.3752930
v -1.2339149 1.7026022 -1.4024690
v -1.2121429 2.6309666 -0.1670680
v 1.3520762 1.9643562 -1.2533260
v 1.3870042 -0.1184960 -0.0203030
v -0.5367140 1.4811810 1.0970941
v 0.2233209 0.0663099 -1.4937059
v 0.1799320 1.9346652 -1.4817130
v -1.4535839 0.1958390 -0.4732220
v 0.5162332 2.2430552 -1.4394509
v 1.4599646 0.9680709 0.5295601
v -1.4385999 0.0061730 0.2487970
v 1.4647282 0.7495200 -0.0866871
v -0.2292919 2.4548422 -1.3427328
v 0.2489340 1.6710090 1.0315542
v -0.3511790 2.3691094 -1.3797062
v 0.6881710 -0.3768799 0.4306369
v -0.4434470 1.7921860 1.0696771
v -0.8767160 2.4500242 -1.3332880
v 1.4676060 2.0919360 0.7365021
v 1.3314162 0.4368600 -1.3071850
v 1.4526582 1.9888630 0.7498700
v 0.2042900 0.8075111 -1.4682161
v -0.9549910 2.4443626 1.1705791
v -1.4293710 1.0310050 -1.1373180
v -1.4656579 0.8662699 1.0994573
v -0.0430480 1.3085879 0.9747322
v -1.4667190 1.6051840 -0.8044030
v 1.4706870 0.5245940 -0.6875390
v 0.8215692 2.4875682 -1.2479540
v -1.4495810 1.1009880 0.5002310
v 0.7977972 0.3838810 -1.4590170
v 0.7844522 1.2786421 -1.4689961
v -0.3003890 1.3714260 -1.4699042
v -1.4218210 2.3198718 -0.7595720
v -1.2912830 2.4817490 -0.8489489
v 0.7966834 0.5951749 -1.4614460
v 0.8836582 0.9275881 1.3384681
v 1.3749546 0.8336742 1.2498162
v -0.3315960 -0.3356080 -0.9191469
v -0.4826290 0.1389530 -1.4911620
v -0.5992730 0.1389330 -1.4918700
v -1.4664180 1.2419370 -0.4604630
v -0.0524508 2.5944502 -0.3640130
v -0.5421650 1.5905310 1.0987732
v 1.4662864 1.4235710 -0.2135091
v 1.4865120 0.1817010 0.2418219
v -1.0269111 2.8699692 -0.2833360
v -0.3506520 -0.0424411 -1.4794088
v 0.0763210 2.8364960 -1.2481520
v 0.0864088 0.3896450 1.0133130
v 0.4252091 1.4968400 -1.4691603
v 0.0615521 1.6029172 -1.4685879
v -1.4498260 0.8769709 0.6156450
v 0.2116681 0.4727720 -1.4627950
v -0.0521720 1.2588590 -1.4710310
v 1.4460380 2.2660388 -0.6046979
v -1.4709500 1.2549669 -0.8155370
v 0.0673601 2.1259702 -1.4714841
v 1.4688062 1.1929241 0.7786370
v -1.1543460 0.5733180 -1.4522052
v -1.0698120 0.7932070 -1.4712880
v -0.8759211 2.8951016 0.0417220
v -1.4918589 0.6524210 0.8205510
v -0.4185960 1.2561621 -1.4715702
v -0.2798250 2.8970264 -0.4125550
v -1.0054031 1.5698850 1.3750530
v 0.5553240 1.0422632 -1.4784769
v 1.3326726 0.3316009 -1.3095939
v 1.3270200 -0.1910000 -0.1410380
v 1.4752170 0.4046709 -0.4576780
v -0.5298920 1.0272990 -1.4597921
v -0.8136030 -0.3590939 0.6864991
v 0.6527540 -0.3418950 -0.3305489
v 1.4536398 1.5385284 0.9107931
v 0.0658608 1.3738480 -1.4701450
v -0.1699880 1.1465979 -1.4710880
v 1.4521226 1.9829990 0.1189410
v 1.4514404 1.0865670 -0.3287232
v -1.4630259 0.7777910 -0.4697260
v -1.2736549 0.4250720 1.3274171
v 0.4760482 2.5787734 -0.5046830
v 0.8401952 2.5788416 0.1163980
v 0.6024530 2.5788012 -0.2657991
v 0.1296001 1.2237510 1.0172960
v -0.2569590 2.8953740 -0.9862839
v -0.1159530 -0.3681670 0.4666270
v -1.4508500 1.8344858 -0.9163989
v 0.1365300 1.4376240 1.0177340
v -1.4227919 -0.0715031 0.4798180
v 0.0425930 2.5822170 0.2348540
v -1.0860770 -0.3297069 -0.1009670
v 1.4665762 1.2005990 0.1584190
v 0.0310341 2.5872690 -0.5609980
v 0.5320092 -0.3451220 -0.3426188
v -0.5403510 1.2539969 -1.4701741
v 1.2988074 1.4172220 -1.3065110
v 0.8355342 2.5788190 -0.1242090
v 0.6942122 2.5787762 -0.6207940
v -0.2957250 0.8623412 0.9519840
v -0.2651420 0.4734710 -1.4670909
v -0.8772040 2.2039182 1.2932720
v 0.5804432 2.5787634 0.5232929
v 1.4579448 0.8666261 -0.6892290
v -0.3124860 1.3627561 0.9454020
v 0.0722771 2.2107564 -1.4558710
v 0.1665880 2.7917354 -1.2771040
v -1.4540569 0.4261390 -0.3552740
v 1.4652910 1.9900140 -0.4741080
v 0.1067140 0.0594420 -1.4898340
v 1.3571934 2.3988802 -0.6202169
v 0.9732050 1.8606816 -1.4637751
v -1.4641880 1.5677260 0.0239549
v 0.5788450 2.3154262 1.1446061
v 0.4560172 1.9292800 1.1439043
v -0.2137370 -0.3385300 -1.0210660
v 1.2113970 2.5144622 -0.9804990
v -1.4811439 0.2144850 0.9142260
v 1.4715380 0.9581168 1.0040890
v 0.2194452 0.1581800 -1.4984972
v 0.1883679 2.3784584 -1.3779410
v -1.4675170 2.2297214 -0.4203030
v -0.9762490 0.4587070 -1.4806422
v 0.6628240 -0.0395850 1.1870160
v -0.2149189 -0.3077460 -1.2009550
v -0.3992760 0.7988229 -1.4608910
v -0.5205260 0.7959070 -1.4604890
v 0.8960722 1.5022970 1.3461133
v 1.4469272 1.7625510 1.0236240
v -0.0588810 -0.3488709 -0.1594621
v 1.3738804 1.0618539 1.2577130
v -1.4495079 0.0867900 -0.5850670
v -1.3034609 1.8183462 -1.3450690
v 0.4597751 0.1316740 1.1466560
v 1.2393542 1.5123210 1.3801672
v 0.2940970 2.3845132 -1.3750299
v -0.8284930 2.3537918 1.1782532
v 1.4086792 2.3251126 0.0964590
v 1.3679312 -0.1258780 0.4449489
v -1.0784151 2.8398366 -0.3927470
v 0.6607780 1.6204542 -1.4727390
v -0.3292250 -0.3223099 -0.8123430
v -0.2082410 -0.3242100 -0.8130410
v -0.0328390 0.6889562 -1.4615370
v -1.4672800 1.9037142 0.1513710
v 1.4479180 2.2516560 0.2220940
v 1.3054340 0.6045120 1.3145110
v -0.2095870 2.8761702 -0.2068771
v 0.8370362 2.4646730 1.1010303
v -0.0595690 1.9329002 -1.4824042
v 0.4372710 0.9098048 1.1142860
v 0.5586230 1.0261840 1.1707073
v 1.3083974 1.0851261 -1.2980350
v -1.4629709 1.3447970 -0.0988880
v -0.4534520 2.8707164 -1.2149700
v 0.4642491 0.3410398 1.1300823
v 1.4590486 0.0852080 -0.7982160
v 0.6498560 2.5778562 0.7367921
v 1.1672082 1.2991050 -1.4138099
v 1.0445852 2.5833716 0.1484839
v 1.4588398 1.0914280 -0.5726079
v 0.4488011 0.5795470 -1.4636322
v -1.4687279 1.5919270 -0.4502930
v -1.4627239 1.4647270 -0.2160131
v 0.5564432 2.0490290 1.1985552
v 1.4565474 0.7463479 0.1554540
v 1.4222490 1.1794442 1.1919231
v 0.0761250 1.0358949 -1.4718740
v 0.2077781 0.6908499 -1.4645670
v -0.4229550 1.3694438 -1.4702440
v 1.4700290 1.2032899 -1.0126770
v 1.2342910 2.5181860 0.0609620
v 1.3224644 -0.1825921 0.0896420
v -1.4550879 0.0011310 -0.6906760
v -0.2813540 2.1302330 -1.4781730
v 0.6959614 -0.1506140 -1.4047900
v -0.1320061 2.6913322 0.2608060
v -0.9650870 2.8858272 0.1517429
v 0.5731762 1.5995840 1.1770441
v 0.8897344 0.4608490 1.3435327
v -0.9008080 1.3438290 1.3208052
v -0.1354220 2.8032326 0.0817060
v -1.2118350 1.7700874 1.3742762
v 0.2686191 -0.3463649 -0.9090460
v 1.4384960 1.7605240 1.1235511
v -1.4684289 2.2221052 -0.1870822
v 0.5399472 -0.3447880 -0.2318950
v -0.8993500 -0.1735881 -1.3931920
v 1.4567880 1.7594224 -0.4670040
v 0.1890111 2.4625486 -1.3338671
v -0.6671630 2.8955362 -0.5150040
v -1.3956799 0.9199640 -1.2210869
v 0.2270760 0.9077859 1.0212170
v -0.8741640 2.8954036 -0.0657830
v -0.7925270 -0.3305579 -0.1271580
v 1.3433610 -0.1413451 -0.9167430
v -1.0504001 1.0999681 1.3991302
v -1.0564371 1.2164581 1.4016280
v 0.4346370 -0.3344289 -0.0225731
v 0.0958658 0.3651750 -1.4772891
v 0.7682992 -0.0408980 1.2353740
v 0.9862974 1.3911950 1.3809610
v 1.4770502 0.7547150 -0.9131720
v 0.1282051 2.5854712 -0.6739830
v -1.4486500 1.3378160 0.1360679
v 0.7665700 0.0353770 1.2719210
v -1.4602589 1.2576802 -0.9304880
v 1.1545300 0.2485760 1.3924672
v 0.8879082 -0.3476130 -0.3022901
v -0.8119590 2.3084302 -1.4108890
v 1.4667272 1.3074940 0.9067749
v -1.4744990 0.9076100 -0.8245460
v 1.3088936 0.8315959 1.3160490
v -1.2307280 0.2484420 -1.4159452
v 0.4724740 -0.1506030 -1.4025880
v 1.0174534 -0.2992371 1.0645542
v 1.4556960 1.3125710 -0.5760789
v -1.4569230 0.5369321 0.1341280
v 0.3320961 0.3687480 -1.4764811
v -0.8682411 2.6039900 0.8909110
v -1.3409709 2.4596584 -0.1806560
v 1.2952012 2.4634262 -0.5174770
v -1.4499190 1.3197120 0.7265040
v 1.2328300 2.5146980 -0.2950490
v -1.4657810 0.3360169 -0.9328050
v 1.3995552 -0.0745460 -0.8031540
v 0.8955070 1.3879910 1.3453590
v 0.8871832 1.1587490 1.3409500
v 0.8914760 1.2737113 1.3432222
v 0.3031400 1.6077552 -1.4699021
v 0.9845420 0.4684930 1.3844082
v -0.9900550 1.3380310 1.3707370
v 0.4885603 2.5788232 -0.1579231
v 0.3673490 2.5788132 -0.2737871
v 0.4856410 2.5788074 -0.2717481
v 0.2531830 2.5788372 0.2481719
v 0.4907593 2.5788392 -0.0459540
v 0.2485680 2.5788492 -0.0622581
v 0.2479900 2.5788362 -0.1673721
v 0.9503422 2.5788542 0.2542709
v 0.7249670 2.5788292 -0.0191881
v 0.5706844 0.3383510 1.1797610
v -0.2037610 1.6614710 0.8517360
v 1.2959026 2.4581006 -0.0452160
v 1.2396640 2.5275052 0.2997550
v -1.4630409 1.5618582 0.1400169
v 0.7853140 1.8429592 1.2919381
v 0.3718623 -0.2908200 -1.2030099
v -0.6135620 1.1357781 1.1326610
v -1.0259220 -0.3522399 -0.6844590
v -0.5522680 2.4532932 -1.3384100
v 0.2485751 2.5788960 -0.3802360
v 1.3440122 2.4146762 0.7888939
v -0.5747070 -0.1146960 -1.4528448
v -0.9865890 -0.3379119 0.1322940
v -0.4088650 1.0302000 -1.4618860
v 0.7628812 -0.3521209 -0.4268410
v -0.4425720 -0.3318110 -0.2605850
v 0.1641853 1.8782880 1.0239991
v 0.9813862 2.5788950 0.8356630
v -1.4816589 1.2065479 0.9453860
v -1.3501579 0.6489861 1.2510681
v -1.3980980 0.3299730 1.1813729
v -1.0801011 -0.3186779 0.1398140
v -0.2116060 -0.3382419 -0.9188300
v 0.2526870 0.4673910 1.0298761
v 1.4764622 0.0844970 0.3511440
v -1.1116040 1.0965629 1.4120670
v -0.4499710 -0.3158929 -1.2007570
v -1.4696179 1.8020210 -0.0859950
v -0.1327511 2.7478220 -0.3395790
v -0.1963700 1.1651340 0.8440602
v -0.0445549 1.0349001 -1.4680709
v -0.8839470 1.1092180 1.3118031
v -0.5590460 -0.2284380 0.8946293
v 0.0712229 1.8580122 1.0089441
v 1.2379172 2.5229522 0.1804229
v -1.2050880 2.6401242 -0.6154310
v 0.0265840 2.5824730 -0.1665961
v 1.4636902 1.2048832 -0.8106560
v 1.2259890 2.5253530 -0.7609220
v -0.1321711 2.7440454 0.0757220
v -1.3816529 -0.1511541 0.7127460
v 0.4435190 0.8132451 -1.4724369
v 0.5640990 0.6987520 -1.4699310
v -1.2766490 2.5421372 -0.0576870
v 1.4172148 1.4096940 1.2025082
v -0.4242040 -0.3246619 0.0559098
v -0.5447980 1.3675631 -1.4703949
v -1.0985491 0.6366400 1.4017492
v -1.4575890 1.3173782 0.8382700
v 0.1935160 1.1467319 -1.4745210
v -0.6559361 2.9052792 -0.0693830
v -1.4492910 0.0824129 -0.4670670
v 1.4128470 2.3248802 0.5725349
v -1.4004149 0.4351160 1.1801541
v 1.1733594 2.5569820 0.0478840
v 0.3075851 1.3776752 -1.4702959
v 0.0115973 0.4174859 0.9896980
v -1.1028441 2.0141520 1.4083680
v -0.5723531 0.0867609 1.1238181
v 0.3489790 -0.3734660 0.5494050
v -0.2855220 2.8978190 -0.5212579
v -1.4644980 2.1596812 -0.7766660
v 0.5583030 0.9310620 -1.4807938
v 0.4082791 2.5623926 0.7546592
v -0.9023200 2.3786102 -1.3659541
v 1.4680642 1.4265840 0.5256801
v -0.2354680 1.2588679 0.8407831
v -0.3272729 -0.3190610 -0.7059299
v -1.3365580 2.4611006 -0.2923031
v -0.9724451 0.8997690 -1.4785120
v -1.1138330 2.8003352 -0.8285980
v 0.2444248 1.5625000 1.0301068
v -0.9580060 2.8863342 -0.2843291
v 0.1850920 -0.1536450 0.8751521
v 0.5697164 1.8278232 1.1831270
v -0.3632390 1.0522628 1.0198750
v -0.5153780 2.6445412 -1.3031471
v -1.0101300 -0.3430899 -0.3424120
v 1.1034534 0.9572130 -1.4387500
v -1.4490309 0.7640131 0.4993420
v 1.4770340 0.1628109 0.7186810
v -0.4905850 0.2481388 -1.4903900
v 1.0038462 -0.3321639 -0.1780501
v 1.4500762 1.7717742 0.6387320
v 1.2558670 0.6466459 -1.3592290
v -0.8760360 1.9408794 -1.4489950
v -0.2013229 -0.3200697 -0.5967559
v 0.3138090 1.1482040 -1.4738931
v 1.4078062 1.7542580 1.2033571
v 1.4627248 0.5210460 -0.2144381
v 1.4599980 1.8739860 -0.5886059
v 0.9855410 1.5055860 1.3829282
v -0.2696100 0.5803900 -1.4569380
v -0.7723620 1.2507130 -1.4604840
v -0.2680680 1.0621681 0.8922593
v -0.1319849 2.6787376 -0.0359230
v -1.4473599 1.3725860 -1.0374589
v 0.1521930 -0.3383130 -0.8100640
v -1.0343370 2.8701972 0.1601940
v 0.7850972 0.4554950 1.2918411
v 1.1661062 1.2799431 1.3846274
v 1.2422258 1.1709883 1.3693600
v 1.4508762 1.9861290 0.3651920
v -0.8004340 1.2339053 1.2547750
v -0.1543878 1.2742400 0.8648470
v -0.8916720 -0.3420709 0.0009159
v 1.4692750 1.3085260 0.7807950
v 0.3477720 0.4597570 1.0729741
v -0.5461960 2.8972802 -0.1796450
v 0.6204282 2.5845586 -1.0591130
v 1.4306472 0.5411170 -1.1673580
v 0.2274320 2.6893032 -0.9410970
v 1.4647492 0.8660139 -0.4497940
v -0.3328240 -0.3319450 -1.1174059
v -1.0738650 0.6816250 -1.4714419
v 0.1875271 2.2944440 -1.4225729
v -0.7944380 2.7171640 0.5854460
v -1.4585249 0.4262290 0.0096150
v -1.1299370 1.1351532 -1.4560389
v 1.2401160 2.5326520 0.4178850
v 0.9845784 0.7035270 1.3785710
v 1.4541840 1.0901791 -0.4512110
v 0.6766520 2.3224702 1.1863091
v -0.6643031 1.7118000 -1.4606761
v -0.1492471 1.3738690 0.8585702
v -1.4427980 2.2992046 -0.0725231
v -1.4698700 1.0098782 -0.4646900
v -0.5296650 2.3128594 1.0231172
v -1.4531959 1.7706630 0.4849470
v 1.4500832 1.1987809 0.4042360
v 0.0607150 1.9331042 -1.4818490
v -0.7852210 -0.3123079 -1.1897090
v -0.0876228 2.6426862 -1.3001279
v 0.8997114 -0.3464190 0.2431920
v 1.4514812 -0.0090951 -0.5814059
v 1.4796562 0.1787610 -0.5798620
v -0.0511417 0.9993522 0.9658291
v -0.9606571 2.8842356 -0.1731110
v 0.7856130 -0.3376100 0.0081599
v -0.7479730 0.4633060 -1.4712230
v -0.5708440 -0.3347229 -0.5894160
v -0.2531170 0.6227281 0.9216559
v -0.1001099 -0.1254760 0.8425231
v -1.4436659 2.3004502 -0.3017031
v -1.4162759 -0.0704150 0.3653850
v 0.1854092 2.2143130 -1.4535908
v -0.2285940 -0.1077210 -1.4454437
v 0.6185302 2.5772632 -1.1220840
v 1.1807752 2.5654448 0.2882980
v 0.6762082 0.5699950 1.2295831
v 0.4693892 2.4926602 0.9177390
v -0.2700910 0.6944550 0.9347660
v -0.7247190 1.4716672 1.2020801
v 0.3410591 1.4649770 1.0696639
v 1.4174310 -0.0853910 -0.5837519
v -1.4727289 1.2506881 -0.6996530
v -0.1186802 -0.0331060 -1.4714028
v -0.5851500 -0.3643580 0.5853800
v -0.9585920 0.8672920 1.3542002
v 0.5641970 0.5694550 1.1734500
v -1.4537290 1.7601490 0.5910250
v -1.0548421 1.0178330 -1.4756880
v 0.3234930 0.7981980 1.0615441
v 0.3292501 1.1281991 1.0642302
v 1.0722142 1.6235070 1.3888370
v -1.4582100 0.0106040 0.8098911
v -0.0964089 2.6143282 -0.4592280
v 1.4530110 2.2500554 0.3424560
v -0.7691021 2.8999550 0.0394400
v 0.8401700 2.5788550 0.2340540
v 0.7209310 2.5788486 0.3272040
v 0.2516901 2.5788416 0.1452259
v 0.3714761 2.5788486 0.0517730
v 0.1406610 2.5788340 0.2362448
v 0.3719690 2.5788440 0.1584499
v 0.3706680 2.5788392 0.2650090
v 0.4879631 2.5788422 0.2843560
v 0.8792910 1.7427080 -1.4778950
v -1.4623320 1.0266360 -0.9364690
v -1.0621990 0.9052190 -1.4725637
v -1.4771420 0.5409990 1.0095901
v 0.1869060 -0.3470880 -0.1479010
v -0.0601040 1.6022072 -1.4681838
v 0.5661930 0.5820190 -1.4648800
v -0.8429330 2.1549470 -1.4477749
v -1.4534029 1.1106350 0.0176430
v -0.0339231 2.2859966 -1.4258990
v 0.7953252 -0.3674899 0.3406040
v 1.4640878 2.1923626 -0.2497291
v 1.4122062 1.8613222 -1.1795439
v -1.4590499 0.6512209 0.6059290
v -1.4494580 1.1025442 0.3780039
v -0.8604790 0.7512832 1.2941692
v -0.4278280 2.5452980 -1.3200770
v 1.3456958 -0.1468760 -0.8110670
v -0.5388480 -0.3439759 0.1753650
v -0.4202280 0.9358080 1.0667632
v -0.4224940 1.8244860 -1.4766201
v 0.0321571 2.5812972 0.0374300
v -1.0263540 2.8693462 -0.5051000
v 1.2375192 1.0803522 -1.3645210
v -0.2138670 2.5456832 -1.3166700
v -0.8338580 0.1376550 -1.4892948
v -1.1290371 1.3607440 -1.4579822
v 0.8882874 0.6951390 1.3403651
v 1.3161162 0.2693939 1.3099160
v 1.4681392 2.0995932 -0.4760080
v 1.4710706 0.2697350 0.6116000
v -0.4622520 2.8935604 -0.7471919
v -1.0942220 0.4079060 1.4037780
v -1.4968140 0.5391850 0.8159969
v -0.5658630 -0.3216170 -0.2542160
v 1.1712552 -0.2849640 0.2981249
v 0.6588702 -0.3409079 -0.2224301
v 0.4276511 -0.3262619 0.7579038
v 0.3765663 -0.3147740 -1.1110170
v -1.4393570 0.3490390 -1.1339730
v -1.4239000 0.8675663 1.1745411
v 1.0735920 2.5820706 0.8547520
v -1.4488990 0.4364810 -0.5964810
v -0.3351120 -0.2732111 -1.2808630
v -0.1257859 2.6411752 -0.3550550
v 0.4421230 1.1338960 1.1166360
v 0.3245071 1.0179180 1.0620260
v 0.9831740 1.6199432 1.3817230
v 0.4572220 1.5891500 1.1233940
v 1.4113584 2.3323196 -0.6106200
v -0.7800711 -0.2768960 -1.2710120
v -0.7663860 2.8903934 0.2469070
v -0.5590871 2.8989182 -0.8581449
v -1.4494070 0.6517630 0.4960540
v -1.3562690 0.3605970 -1.2976000
v -1.1612311 0.8671681 1.4009890
v 0.3051200 1.4930532 -1.4686008
v 1.2122056 -0.2706860 -0.8290628
v 1.4606436 1.8745400 -0.4714030
v 1.3096240 1.1736040 1.3255781
v -0.7691980 2.9001878 -0.2880951
v -0.2681479 2.2129832 -1.4601729
v 1.4164122 2.3216412 0.3346940
v -1.3698289 0.9772479 1.2461321
v -1.4545319 0.4276599 0.2547610
v 0.1257460 2.6427874 -1.2988590
v -1.4727840 1.9157732 -0.0817450
v -0.3438860 2.8964736 -1.0809240
v 0.4490980 -0.3523890 0.6689390
v 0.4749292 -0.1773891 0.9818330
v -0.3471901 2.2967366 0.9436760
v 0.0364740 2.3555012 0.8946350
v -0.0505270 -0.3430069 -0.0529920
v 0.0260211 -0.3374159 -1.0200249
v 0.0578500 -0.3479889 -0.2620311
v -0.0226409 0.3639730 -1.4775812
v 0.0247461 2.5879346 -0.3665740
v 0.0021469 -0.3696399 0.4750960
v 0.0289923 2.2771232 0.9344180
v 0.0155702 -0.2650471 -1.2802870
v -0.0583529 1.4886750 -1.4686682
v 0.0118370 -0.2234770 -1.3438442
v 0.0277390 2.5884690 -0.4636130
v 0.0023850 -0.3293949 0.6087210
v -0.0055079 -0.2754901 0.6824390
v -0.0156930 -0.3693999 0.3095999
v -0.0266410 0.4746350 -1.4644749
v 0.0425801 2.7331220 -1.2909561
v 0.0033120 0.0095070 0.9609370
v 0.0245841 2.5856902 -0.2684141
v 0.0194388 2.6433120 -1.2993820
v -0.0256322 -0.3552189 0.2243980
v -0.0365029 0.8045288 -1.4646741
v -0.0039720 -0.1356110 0.8516890
v -0.0404500 0.9208590 -1.4660399
v 0.4237853 2.7998362 -1.2525160
v 0.0321610 -0.3302080 -0.8134510
v 0.0082209 0.0965590 0.9916603
v 0.0232903 -0.3273409 -1.1127790
v -0.0471809 2.7962866 -1.2751360
v -0.0116930 2.5114812 0.7142839
v -0.0311099 2.8384394 -1.2483110
v -0.0155470 2.4588702 -1.3377070
v -0.0066960 -0.2030361 0.7678850
v -0.0193628 2.8689034 -1.2072240
v 0.0036180 1.9801374 0.9795270
v -0.0099038 0.0542740 -1.4866150
v 0.0197822 -0.2996471 -1.1982430
v 0.0407220 2.7132232 -0.8972650
v -0.0059138 -0.3720850 0.3934450
v -0.0295198 0.5787980 -1.4576689
v -0.0123550 2.5973310 0.4890930
v 0.0005353 -0.0681010 0.9144363
v 0.0061500 -0.3581750 0.5446329
v -0.0138568 2.8873672 -1.1510040
v 0.0081272 -0.1674531 -1.3975929
v -0.0171360 2.8907900 -1.0798610
v 1.2779212 -0.0550591 -1.2807880
v -0.9894990 -0.3419519 0.8730360
v -0.3343360 0.2464260 1.0235752
v -0.1376588 2.7460722 0.4806370
v -1.0779200 2.6494842 0.8109519
v 0.4940400 2.4237862 -1.3299880
v -0.0737500 2.6477014 -0.8325609
v 1.2821792 -0.1771620 1.1734050
v -1.3720749 -0.0720530 1.1460820
v -0.0664030 1.7700230 0.9300941
v -1.0411690 -0.2500731 1.1462501
v -1.2223190 -0.1991940 -1.3048319
v 0.4008491 2.7612304 -0.9841149
v -0.6238800 2.6792712 0.6631089
v -1.1678551 2.6688672 0.4501770
v 0.5195800 2.5906102 -1.0003910
v -0.1565419 2.8883642 -0.9987389
v 1.2795100 2.3514792 -1.2425659
v -0.9889191 2.8477776 0.4632910
v -0.9999872 2.6037102 0.9541300
v 0.4440721 2.7580512 -1.2314699
v -0.2444640 0.5494321 0.9237180
v -1.4987820 2.1370804 1.0773071
v -1.0281071 2.8327002 -1.2169060
# 4869 uv coords
vt 0.487205 0.979721
vt 0.393203 0.712811
vt 0.460553 0.980968
vt 0.419884 0.824168
vt 0.376541 0.906771
vt 0.396727 0.852615
vt 0.563244 0.858161
vt 0.389908 0.746117
vt 0.598576 0.707048
vt 0.473460 0.780484
vt 0.495541 0.863549
vt 0.522721 0.804684
vt 0.407607 0.852328
vt 0.619021 0.739868
vt 0.416079 0.700485
vt 0.458888 0.948189
vt 0.420429 0.934631
vt 0.397601 0.919975
vt 0.378895 0.746447
vt 0.450401 0.755064
vt 0.468567 0.695411
vt 0.393820 0.702287
vt 0.489079 0.751846
vt 0.486584 0.969733
vt 0.478925 0.726626
vt 0.600036 0.762372
vt 0.638243 0.718787
vt 0.421532 0.972058
vt 0.474794 0.766628
vt 0.376134 0.853114
vt 0.597567 0.976972
vt 0.447332 0.981157
vt 0.408722 0.960630
vt 0.411280 0.758087
vt 0.495663 0.849030
vt 0.378385 0.978051
vt 0.625349 0.929072
vt 0.470152 0.878783
vt 0.548026 0.693172
vt 0.391179 0.734548
vt 0.457367 0.893385
vt 0.397345 0.906807
vt 0.527749 0.967586
vt 0.438470 0.742864
vt 0.535953 0.789819
vt 0.437257 0.756006
vt 0.434921 0.782460
vt 0.402316 0.733806
vt 0.609792 0.950637
vt 0.501763 0.750852
vt 0.611402 0.830825
vt 0.580184 0.800513
vt 0.599395 0.697459
vt 0.480890 0.704427
vt 0.473803 0.980551
vt 0.524725 0.776921
vt 0.397793 0.771541
vt 0.415051 0.721152
vt 0.552487 0.748892
vt 0.611593 0.698661
vt 0.537193 0.775954
vt 0.582779 0.726226
vt 0.577372 0.814167
vt 0.583004 0.787112
vt 0.588477 0.761537
vt 0.520835 0.876817
vt 0.590464 0.854021
vt 0.541140 0.736273
vt 0.441494 0.708110
vt 0.603437 0.750061
vt 0.377955 0.968289
vt 0.610947 0.717211
vt 0.554754 0.956393
vt 0.444481 0.893506
vt 0.447529 0.781856
vt 0.404419 0.701365
vt 0.521740 0.818837
vt 0.527740 0.977662
vt 0.538414 0.762480
vt 0.591324 0.749190
vt 0.432755 0.809859
vt 0.387247 0.945358
vt 0.464703 0.740593
vt 0.534933 0.803600
vt 0.445564 0.935151
vt 0.582138 0.954687
vt 0.555810 0.724382
vt 0.407731 0.893451
vt 0.555641 0.815719
vt 0.640405 0.936833
vt 0.473293 0.970656
vt 0.654035 0.977835
vt 0.387470 0.979397
vt 0.448948 0.768409
vt 0.521197 0.692824
vt 0.427755 0.719793
vt 0.635876 0.701338
vt 0.570920 0.714849
vt 0.426811 0.731260
vt 0.573900 0.871030
vt 0.640486 0.744623
vt 0.577418 0.928718
vt 0.420724 0.948089
vt 0.534555 0.905393
vt 0.414151 0.732625
vt 0.628607 0.781239
vt 0.510519 0.920618
vt 0.396710 0.811253
vt 0.523573 0.920075
vt 0.460451 0.781218
vt 0.639149 0.979840
vt 0.584768 0.827440
vt 0.543665 0.831164
vt 0.580209 0.899429
vt 0.512008 0.777780
vt 0.573746 0.774055
vt 0.463371 0.754007
vt 0.397481 0.970916
vt 0.508381 0.877596
vt 0.597632 0.716707
vt 0.457549 0.822891
vt 0.401020 0.745763
vt 0.483033 0.849554
vt 0.596982 0.774749
vt 0.483419 0.835407
vt 0.622448 0.728461
vt 0.422170 0.783184
vt 0.583124 0.966978
vt 0.557503 0.801594
vt 0.626302 0.911445
vt 0.561490 0.693980
vt 0.578673 0.748777
vt 0.601977 0.877041
vt 0.611296 0.707933
vt 0.403903 0.711796
vt 0.593945 0.787504
vt 0.621983 0.946848
vt 0.524801 0.933192
vt 0.538283 0.932542
vt 0.377609 0.957042
vt 0.415666 0.710695
vt 0.620079 0.806224
vt 0.386841 0.958055
vt 0.483600 0.907558
vt 0.458104 0.921662
vt 0.567216 0.943331
vt 0.494805 0.693630
vt 0.645234 0.732696
vt 0.542958 0.723538
vt 0.602187 0.828582
vt 0.408103 0.907112
vt 0.403272 0.722449
vt 0.508042 0.862909
vt 0.484112 0.921455
vt 0.572885 0.705125
vt 0.432201 0.907435
vt 0.614425 0.885436
vt 0.569101 0.725428
vt 0.580228 0.941810
vt 0.585796 0.706231
vt 0.561501 0.774383
vt 0.512920 0.764043
vt 0.611256 0.803562
vt 0.549217 0.775089
vt 0.477733 0.739391
vt 0.419534 0.838068
vt 0.606668 0.815945
vt 0.497542 0.806684
vt 0.461880 0.767556
vt 0.470983 0.921740
vt 0.642003 0.970848
vt 0.500050 0.968664
vt 0.431810 0.851556
vt 0.601066 0.801413
vt 0.522270 0.906175
vt 0.445906 0.948275
vt 0.634870 0.729977
vt 0.547573 0.788706
vt 0.503463 0.737201
vt 0.587689 0.813840
vt 0.409177 0.971927
vt 0.611826 0.975781
vt 0.624480 0.717864
vt 0.492937 0.714145
vt 0.383800 0.703008
vt 0.459425 0.960160
vt 0.539805 0.944954
vt 0.512213 0.945862
vt 0.637758 0.709570
vt 0.520890 0.833088
vt 0.444644 0.823367
vt 0.530426 0.723342
vt 0.647325 0.948846
vt 0.609523 0.862608
vt 0.636035 0.756820
vt 0.483938 0.821494
vt 0.583297 0.978153
vt 0.638703 0.953213
vt 0.471477 0.934981
vt 0.500696 0.978592
vt 0.485406 0.793648
vt 0.387430 0.919412
vt 0.432011 0.893510
vt 0.647203 0.964237
vt 0.651066 0.710726
vt 0.408895 0.797154
vt 0.419532 0.893532
vt 0.567377 0.736719
vt 0.568896 0.800888
vt 0.597068 0.965082
vt 0.397576 0.933437
vt 0.434569 0.981675
vt 0.433194 0.948236
vt 0.519097 0.712473
vt 0.543254 0.875394
vt 0.485300 0.947168
vt 0.424168 0.756993
vt 0.441931 0.698217
vt 0.410167 0.770876
vt 0.496832 0.820606
vt 0.619282 0.778662
vt 0.609385 0.727443
vt 0.657401 0.973172
vt 0.396697 0.893369
vt 0.481706 0.694411
vt 0.408469 0.934186
vt 0.444297 0.837156
vt 0.517842 0.723657
vt 0.497340 0.921096
vt 0.569055 0.967849
vt 0.611581 0.962969
vt 0.397017 0.959691
vt 0.408514 0.947748
vt 0.509758 0.906730
vt 0.612067 0.902752
vt 0.532919 0.832103
vt 0.542626 0.860564
vt 0.632193 0.769019
vt 0.623793 0.699868
vt 0.386004 0.880008
vt 0.618564 0.915966
vt 0.506968 0.703070
vt 0.421927 0.982158
vt 0.544966 0.712228
vt 0.569191 0.978572
vt 0.574423 0.695201
vt 0.571358 0.787236
vt 0.514169 0.977833
vt 0.495723 0.878158
vt 0.555252 0.978578
vt 0.564402 0.872829
vt 0.608061 0.776185
vt 0.599569 0.864704
vt 0.420209 0.920952
vt 0.564974 0.930207
vt 0.470791 0.822232
vt 0.507969 0.693095
vt 0.484735 0.934606
vt 0.511041 0.791772
vt 0.593649 0.827468
vt 0.580854 0.737148
vt 0.594249 0.880382
vt 0.606643 0.738486
vt 0.387175 0.969347
vt 0.433615 0.960581
vt 0.425455 0.743917
vt 0.595770 0.952749
vt 0.388453 0.758634
vt 0.458405 0.935149
vt 0.610406 0.920620
vt 0.606265 0.889870
vt 0.399315 0.758558
vt 0.589900 0.896885
vt 0.432516 0.921271
vt 0.499419 0.957984
vt 0.624321 0.708715
vt 0.458159 0.808963
vt 0.536459 0.919261
vt 0.573924 0.915379
vt 0.562019 0.916968
vt 0.491835 0.725635
vt 0.563669 0.761227
vt 0.596152 0.726860
vt 0.532355 0.846426
vt 0.551816 0.931534
vt 0.484583 0.807569
vt 0.482970 0.863953
vt 0.624566 0.793719
vt 0.455222 0.696751
vt 0.436071 0.769190
vt 0.465861 0.727635
vt 0.585732 0.774126
vt 0.439902 0.729897
vt 0.376865 0.919278
vt 0.483309 0.893069
vt 0.380113 0.734964
vt 0.598768 0.853057
vt 0.554260 0.874254
vt 0.615111 0.751873
vt 0.532079 0.711999
vt 0.626186 0.754340
vt 0.387093 0.906782
vt 0.557815 0.713307
vt 0.625773 0.976045
vt 0.622528 0.766714
vt 0.593949 0.737697
vt 0.457260 0.836604
vt 0.615325 0.818682
vt 0.385584 0.811841
vt 0.412912 0.745065
vt 0.611297 0.764184
vt 0.539672 0.749300
vt 0.597203 0.814215
vt 0.419905 0.907260
vt 0.459227 0.794970
vt 0.647873 0.702745
vt 0.546096 0.802490
vt 0.630368 0.742097
vt 0.446287 0.795511
vt 0.409480 0.981996
vt 0.598575 0.893801
vt 0.386470 0.852718
vt 0.544848 0.890142
vt 0.510191 0.805656
vt 0.586880 0.696373
vt 0.505960 0.713378
vt 0.467837 0.705356
vt 0.397234 0.946875
vt 0.619923 0.898264
vt 0.568573 0.955979
vt 0.508474 0.834017
vt 0.534559 0.692824
vt 0.497972 0.934145
vt 0.542858 0.845706
vt 0.386004 0.784843
vt 0.382595 0.713482
vt 0.604110 0.907173
vt 0.428398 0.709532
vt 0.471371 0.808353
vt 0.472015 0.947792
vt 0.453927 0.716922
vt 0.589292 0.926970
vt 0.397777 0.981024
vt 0.527008 0.956929
vt 0.377338 0.944581
vt 0.432906 0.934936
vt 0.654453 0.960495
vt 0.609931 0.852900
vt 0.423089 0.770047
vt 0.584468 0.715945
vt 0.434139 0.971743
vt 0.555135 0.968112
vt 0.631946 0.941560
vt 0.610542 0.873454
vt 0.566729 0.887372
vt 0.376654 0.771929
vt 0.570072 0.901595
vt 0.392324 0.723463
vt 0.421322 0.796589
vt 0.377712 0.758939
vt 0.421168 0.960795
vt 0.549465 0.918248
vt 0.533851 0.817803
vt 0.445235 0.921490
vt 0.408385 0.920588
vt 0.387039 0.771655
vt 0.591445 0.867036
vt 0.493908 0.703680
vt 0.633111 0.924412
vt 0.651015 0.984395
vt 0.447005 0.971410
vt 0.452794 0.728739
vt 0.470409 0.835981
vt 0.381359 0.724032
vt 0.407895 0.824534
vt 0.564689 0.829054
vt 0.444276 0.865151
vt 0.385945 0.825486
vt 0.408399 0.810757
vt 0.375998 0.785193
vt 0.521355 0.891540
vt 0.528482 0.736420
vt 0.509075 0.892198
vt 0.516011 0.736645
vt 0.480013 0.714960
vt 0.470050 0.850054
vt 0.554218 0.830120
vt 0.396780 0.824966
vt 0.514166 0.750366
vt 0.553661 0.944257
vt 0.457105 0.850487
vt 0.472642 0.959644
vt 0.376034 0.866666
vt 0.470694 0.907586
vt 0.483054 0.878524
vt 0.375735 0.798649
vt 0.533343 0.702325
vt 0.419443 0.851986
vt 0.454716 0.706559
vt 0.409393 0.783920
vt 0.498364 0.792681
vt 0.556311 0.889010
vt 0.444272 0.851000
vt 0.585820 0.883001
vt 0.460061 0.971195
vt 0.520110 0.702551
vt 0.553252 0.859487
vt 0.525730 0.763294
vt 0.375832 0.825929
vt 0.520541 0.862006
vt 0.444811 0.907621
vt 0.376168 0.893728
vt 0.451613 0.741807
vt 0.566552 0.814839
vt 0.584751 0.913341
vt 0.472256 0.794457
vt 0.466975 0.715851
vt 0.572820 0.856657
vt 0.544730 0.816728
vt 0.616519 0.933886
vt 0.375674 0.812289
vt 0.433737 0.796024
vt 0.396415 0.866411
vt 0.574989 0.828131
vt 0.532218 0.876169
vt 0.576436 0.885316
vt 0.498636 0.946497
vt 0.559041 0.903260
vt 0.469943 0.864384
vt 0.593238 0.940248
vt 0.600534 0.924316
vt 0.583108 0.869178
vt 0.396925 0.784555
vt 0.440882 0.718309
vt 0.407533 0.879897
vt 0.531966 0.861326
vt 0.445344 0.809383
vt 0.550927 0.761724
vt 0.541394 0.978199
vt 0.470410 0.893207
vt 0.513100 0.957340
vt 0.457055 0.879095
vt 0.559515 0.787778
vt 0.546656 0.702588
vt 0.576276 0.761131
vt 0.419409 0.879825
vt 0.605740 0.937745
vt 0.487669 0.765611
vt 0.582076 0.855286
vt 0.513798 0.967949
vt 0.486371 0.779651
vt 0.407538 0.866199
vt 0.386226 0.866339
vt 0.508070 0.848320
vt 0.431924 0.879552
vt 0.431830 0.865553
vt 0.420511 0.810284
vt 0.499247 0.778680
vt 0.511257 0.933679
vt 0.523708 0.790898
vt 0.490570 0.738270
vt 0.649494 0.720932
vt 0.385559 0.798274
vt 0.446333 0.960399
vt 0.541001 0.956640
vt 0.476301 0.752881
vt 0.496127 0.892841
vt 0.541689 0.967770
vt 0.419423 0.865933
vt 0.386365 0.893584
vt 0.533078 0.890967
vt 0.590811 0.800570
vt 0.444299 0.879328
vt 0.485948 0.958867
vt 0.504835 0.724612
vt 0.457003 0.864759
vt 0.432072 0.823787
vt 0.525964 0.945396
vt 0.396295 0.880009
vt 0.387491 0.932439
vt 0.554042 0.736409
vt 0.526885 0.749875
vt 0.457799 0.907597
vt 0.594902 0.910687
vt 0.509309 0.819780
vt 0.565592 0.748676
vt 0.546976 0.904449
vt 0.496794 0.907187
vt 0.559889 0.703607
vt 0.500234 0.764828
vt 0.615584 0.791012
vt 0.396623 0.797757
vt 0.375966 0.880209
vt 0.377158 0.931998
vt 0.428804 0.699465
vt 0.604780 0.788662
vt 0.520514 0.847397
vt 0.407644 0.838414
vt 0.496098 0.834763
vt 0.582897 0.841394
vt 0.376011 0.839549
vt 0.599392 0.841317
vt 0.610007 0.842343
vt 0.563451 0.843499
vt 0.553307 0.844630
vt 0.431729 0.837717
vt 0.396797 0.838746
vt 0.386356 0.839121
vt 0.573305 0.842359
vt 0.591172 0.840887
vt 0.626516 0.959001
vt 0.659770 0.966554
vt 0.554663 0.988502
vt 0.540949 0.988140
vt 0.623002 0.863041
vt 0.622577 0.872133
vt 0.624567 0.882470
vt 0.568584 0.988794
vt 0.527486 0.987908
vt 0.623140 0.853472
vt 0.629089 0.894470
vt 0.582593 0.988798
vt 0.514239 0.988143
vt 0.623016 0.842767
vt 0.635127 0.907367
vt 0.596596 0.988677
vt 0.500942 0.988786
vt 0.623269 0.831748
vt 0.641888 0.920055
vt 0.610556 0.988636
vt 0.487472 0.989571
vt 0.625160 0.820408
vt 0.649173 0.932537
vt 0.624040 0.989282
vt 0.474034 0.990246
vt 0.628893 0.808399
vt 0.656236 0.944618
vt 0.636587 0.991088
vt 0.460847 0.990654
vt 0.366251 0.893852
vt 0.366347 0.880433
vt 0.633002 0.796232
vt 0.662910 0.956669
vt 0.668219 0.975199
vt 0.665740 0.981794
vt 0.648160 0.993729
vt 0.662402 0.988102
vt 0.447682 0.991103
vt 0.366401 0.906986
vt 0.366647 0.866898
vt 0.637223 0.784064
vt 0.548972 0.683073
vt 0.562405 0.683615
vt 0.667742 0.967159
vt 0.659150 0.996171
vt 0.434617 0.991628
vt 0.366759 0.919832
vt 0.367020 0.853387
vt 0.535512 0.682741
vt 0.575475 0.684355
vt 0.641447 0.771782
vt 0.421747 0.991966
vt 0.367245 0.932595
vt 0.367186 0.839906
vt 0.522163 0.682647
vt 0.588023 0.685494
vt 0.645649 0.759487
vt 0.409185 0.991773
vt 0.367910 0.945257
vt 0.367004 0.826350
vt 0.508946 0.682790
vt 0.600463 0.686819
vt 0.650350 0.747089
vt 0.397337 0.990745
vt 0.368465 0.957668
vt 0.366798 0.812781
vt 0.495669 0.683317
vt 0.612436 0.688270
vt 0.655409 0.734567
vt 0.386786 0.988985
vt 0.369173 0.968663
vt 0.366554 0.799298
vt 0.482585 0.684163
vt 0.624092 0.689948
vt 0.659785 0.722355
vt 0.377671 0.986973
vt 0.370121 0.978240
vt 0.366453 0.785930
vt 0.469386 0.685309
vt 0.634981 0.691857
vt 0.661762 0.711437
vt 0.371640 0.984765
vt 0.366537 0.772720
vt 0.455967 0.686695
vt 0.645107 0.693992
vt 0.659496 0.702724
vt 0.366944 0.759656
vt 0.442592 0.688007
vt 0.654495 0.695672
vt 0.367528 0.747043
vt 0.429370 0.688987
vt 0.368434 0.735134
vt 0.416552 0.689662
vt 0.369829 0.723939
vt 0.404661 0.690416
vt 0.371617 0.713242
vt 0.393941 0.691402
vt 0.373649 0.702821
vt 0.384359 0.692456
vt 0.375340 0.693040
vt 0.839101 0.424813
vt 0.850119 0.432584
vt 0.828178 0.417377
vt 0.861201 0.440561
vt 0.843919 0.440830
vt 0.832852 0.432984
vt 0.821800 0.425628
vt 0.817031 0.410284
vt 0.872192 0.448482
vt 0.855085 0.448840
vt 0.838562 0.448071
vt 0.827367 0.440090
vt 0.816013 0.432829
vt 0.810549 0.418740
vt 0.805832 0.403534
vt 0.883101 0.456202
vt 0.866179 0.456841
vt 0.849736 0.456213
vt 0.833280 0.454485
vt 0.822089 0.446612
vt 0.810757 0.439388
vt 0.804598 0.426245
vt 0.799685 0.412062
vt 0.794740 0.396792
vt 0.894168 0.463919
vt 0.877208 0.464539
vt 0.860810 0.464441
vt 0.844318 0.462840
vt 0.826542 0.462843
vt 0.815183 0.455044
vt 0.803657 0.447700
vt 0.799276 0.432491
vt 0.793661 0.419194
vt 0.788765 0.405037
vt 0.783909 0.390385
vt 0.905557 0.471726
vt 0.888341 0.472058
vt 0.871781 0.472368
vt 0.855211 0.471409
vt 0.837675 0.470956
vt 0.818694 0.473214
vt 0.807119 0.465492
vt 0.795542 0.458145
vt 0.792330 0.440958
vt 0.787815 0.425894
vt 0.782822 0.412050
vt 0.778012 0.398390
vt 0.773578 0.384447
vt 0.917131 0.479423
vt 0.899720 0.479696
vt 0.882952 0.479869
vt 0.866293 0.479737
vt 0.848854 0.479422
vt 0.830123 0.481263
vt 0.799059 0.476509
vt 0.810795 0.484218
vt 0.787345 0.469178
vt 0.784173 0.451301
vt 0.780844 0.434445
vt 0.776915 0.419104
vt 0.772181 0.405330
vt 0.767890 0.392094
vt 0.764116 0.379201
vt 0.928742 0.486974
vt 0.911106 0.487423
vt 0.894273 0.487395
vt 0.877673 0.487493
vt 0.860163 0.487956
vt 0.841526 0.489483
vt 0.822338 0.492178
vt 0.803106 0.495253
vt 0.791291 0.487655
vt 0.779415 0.480309
vt 0.775957 0.462211
vt 0.772898 0.444524
vt 0.770013 0.427743
vt 0.766157 0.412512
vt 0.761967 0.398862
vt 0.758581 0.386310
vt 0.755612 0.374422
vt 0.940316 0.494524
vt 0.922336 0.494995
vt 0.905365 0.495079
vt 0.888820 0.494982
vt 0.871569 0.496058
vt 0.853018 0.497778
vt 0.833865 0.500373
vt 0.814734 0.503014
vt 0.795632 0.506249
vt 0.783800 0.498655
vt 0.771909 0.491372
vt 0.767928 0.473217
vt 0.764739 0.455228
vt 0.762050 0.437850
vt 0.759310 0.421157
vt 0.755865 0.406426
vt 0.752732 0.393366
vt 0.750179 0.380795
vt 0.951635 0.502294
vt 0.933529 0.502360
vt 0.916246 0.502760
vt 0.899554 0.502788
vt 0.882559 0.503660
vt 0.864450 0.505967
vt 0.845373 0.508553
vt 0.826302 0.511069
vt 0.807334 0.513966
vt 0.776319 0.509872
vt 0.788137 0.517316
vt 0.764487 0.502593
vt 0.760229 0.484231
vt 0.756758 0.466142
vt 0.753961 0.448500
vt 0.751496 0.431353
vt 0.748980 0.415361
vt 0.746531 0.401112
vt 0.744110 0.387662
vt 0.127526 0.786671
vt 0.944504 0.509766
vt 0.962151 0.510257
vt 0.927205 0.510187
vt 0.910297 0.510613
vt 0.893183 0.511363
vt 0.875492 0.513939
vt 0.856858 0.516769
vt 0.837865 0.519350
vt 0.818924 0.521815
vt 0.799924 0.524944
vt 0.780681 0.528640
vt 0.768803 0.521233
vt 0.756964 0.513851
vt 0.752716 0.495297
vt 0.748906 0.477091
vt 0.746000 0.459308
vt 0.743545 0.442023
vt 0.741434 0.425486
vt 0.739510 0.410017
vt 0.737615 0.395348
vt 0.122905 0.780171
vt 0.136803 0.783667
vt 0.937887 0.517468
vt 0.954725 0.517373
vt 0.970993 0.518562
vt 0.920943 0.518139
vt 0.903865 0.519382
vt 0.886115 0.521454
vt 0.868154 0.524862
vt 0.849459 0.527611
vt 0.830600 0.529908
vt 0.811631 0.532682
vt 0.792518 0.536226
vt 0.773259 0.540001
vt 0.761374 0.532518
vt 0.749482 0.524917
vt 0.745198 0.506330
vt 0.741297 0.488034
vt 0.738141 0.470162
vt 0.735654 0.452754
vt 0.733778 0.436056
vt 0.732065 0.420041
vt 0.730504 0.404264
vt 0.117954 0.772990
vt 0.132499 0.776444
vt 0.147294 0.780036
vt 0.947850 0.524878
vt 0.931364 0.525588
vt 0.963247 0.525057
vt 0.977771 0.527459
vt 0.914293 0.527105
vt 0.896869 0.529284
vt 0.879154 0.532542
vt 0.861031 0.535761
vt 0.842324 0.538202
vt 0.823394 0.540641
vt 0.804254 0.543845
vt 0.785043 0.547544
vt 0.753883 0.543705
vt 0.765747 0.551331
vt 0.742015 0.536018
vt 0.737763 0.517353
vt 0.733787 0.499045
vt 0.730417 0.481048
vt 0.727858 0.463535
vt 0.726058 0.446742
vt 0.724572 0.430503
vt 0.723027 0.414226
vt 0.112869 0.764764
vt 0.127937 0.768901
vt 0.143078 0.772389
vt 0.158866 0.775551
vt 0.941291 0.533132
vt 0.956497 0.532324
vt 0.924619 0.534606
vt 0.970155 0.532973
vt 0.983084 0.536747
vt 0.907466 0.537113
vt 0.889887 0.539833
vt 0.872261 0.543609
vt 0.853947 0.546464
vt 0.835129 0.548807
vt 0.815997 0.551638
vt 0.796762 0.555191
vt 0.777502 0.558845
vt 0.758221 0.562580
vt 0.746394 0.554927
vt 0.734534 0.547303
vt 0.730347 0.528496
vt 0.726341 0.510035
vt 0.722752 0.491947
vt 0.720090 0.474329
vt 0.718362 0.457462
vt 0.717037 0.441064
vt 0.715537 0.424608
vt 0.107927 0.755082
vt 0.123126 0.760499
vt 0.138348 0.764835
vt 0.154570 0.767690
vt 0.170738 0.770709
vt 0.934660 0.542251
vt 0.950222 0.540606
vt 0.963777 0.539785
vt 0.917842 0.544624
vt 0.975762 0.540876
vt 0.986606 0.546402
vt 0.900619 0.547593
vt 0.883029 0.550980
vt 0.865223 0.554607
vt 0.846684 0.557156
vt 0.827722 0.559621
vt 0.808475 0.562857
vt 0.789225 0.566489
vt 0.769947 0.570163
vt 0.750692 0.573769
vt 0.738939 0.566142
vt 0.727186 0.558606
vt 0.722890 0.539814
vt 0.718913 0.521178
vt 0.715203 0.502861
vt 0.712375 0.485137
vt 0.710660 0.468192
vt 0.709433 0.451694
vt 0.708076 0.435148
vt 0.102866 0.744043
vt 0.117981 0.750955
vt 0.133300 0.756500
vt 0.149839 0.759899
vt 0.166389 0.762746
vt 0.182733 0.765803
vt 0.944105 0.549726
vt 0.927997 0.552044
vt 0.958269 0.547857
vt 0.970265 0.547026
vt 0.911098 0.555129
vt 0.980040 0.546659
vt 0.864643 0.321914
vt 0.986703 0.555726
vt 0.893716 0.558356
vt 0.876106 0.562157
vt 0.858003 0.565376
vt 0.839247 0.567835
vt 0.820105 0.570715
vt 0.800869 0.574157
vt 0.781627 0.577736
vt 0.762418 0.581352
vt 0.731479 0.577472
vt 0.743183 0.584969
vt 0.719778 0.569893
vt 0.715523 0.551066
vt 0.711487 0.532426
vt 0.707728 0.513901
vt 0.704725 0.495984
vt 0.702992 0.478980
vt 0.701819 0.462414
vt 0.700600 0.445803
vt 0.097893 0.732465
vt 0.112723 0.740156
vt 0.128021 0.747002
vt 0.144800 0.751542
vt 0.161946 0.754958
vt 0.178442 0.757764
vt 0.194785 0.760817
vt 0.952815 0.556786
vt 0.937705 0.559442
vt 0.921184 0.562445
vt 0.965948 0.554594
vt 0.977529 0.552862
vt 0.904246 0.565841
vt 0.858582 0.317742
vt 0.869586 0.310795
vt 0.984295 0.564367
vt 0.886686 0.569489
vt 0.869063 0.573263
vt 0.850727 0.576101
vt 0.831673 0.578739
vt 0.812430 0.581825
vt 0.793232 0.585357
vt 0.774083 0.588890
vt 0.754958 0.592505
vt 0.735795 0.596253
vt 0.724088 0.588815
vt 0.712423 0.581388
vt 0.708266 0.562571
vt 0.704173 0.543765
vt 0.700301 0.525065
vt 0.697178 0.506896
vt 0.695434 0.489835
vt 0.694235 0.473230
vt 0.693135 0.456599
vt 0.092887 0.720618
vt 0.107488 0.728808
vt 0.122625 0.736303
vt 0.139200 0.742193
vt 0.157127 0.746412
vt 0.174234 0.750036
vt 0.190683 0.752712
vt 0.206911 0.755601
vt 0.961109 0.563199
vt 0.946780 0.566443
vt 0.930889 0.569609
vt 0.914304 0.573023
vt 0.974253 0.560277
vt 0.897237 0.576873
vt 0.862889 0.307011
vt 0.852186 0.313689
vt 0.873647 0.301067
vt 0.980202 0.573604
vt 0.879602 0.580530
vt 0.861993 0.584193
vt 0.843315 0.586911
vt 0.824056 0.589679
vt 0.804735 0.592922
vt 0.785626 0.596497
vt 0.766616 0.600002
vt 0.747522 0.603671
vt 0.716743 0.600236
vt 0.728483 0.607559
vt 0.705107 0.592870
vt 0.700945 0.574080
vt 0.696908 0.555249
vt 0.692969 0.536348
vt 0.689778 0.517942
vt 0.688021 0.500768
vt 0.686740 0.484141
vt 0.685610 0.467471
vt 0.087836 0.708628
vt 0.102209 0.717178
vt 0.117159 0.725043
vt 0.133253 0.731895
vt 0.151519 0.736764
vt 0.169569 0.741426
vt 0.186584 0.745077
vt 0.202953 0.747490
vt 0.219215 0.750187
vt 0.955353 0.572739
vt 0.969896 0.568816
vt 0.940090 0.576437
vt 0.923874 0.579966
vt 0.907329 0.583868
vt 0.890194 0.587988
vt 0.855582 0.303182
vt 0.866355 0.297386
vt 0.843331 0.310094
vt 0.878341 0.291558
vt 0.974724 0.583528
vt 0.872627 0.591636
vt 0.854794 0.595047
vt 0.835755 0.597726
vt 0.816339 0.600598
vt 0.797059 0.603974
vt 0.778081 0.607459
vt 0.759248 0.611071
vt 0.740239 0.614849
vt 0.721279 0.618869
vt 0.709485 0.611579
vt 0.697836 0.604330
vt 0.693587 0.585540
vt 0.689527 0.566633
vt 0.685626 0.547680
vt 0.682489 0.529086
vt 0.680726 0.511740
vt 0.679331 0.495085
vt 0.678070 0.478360
vt 0.082884 0.696502
vt 0.096969 0.705315
vt 0.111579 0.713479
vt 0.127410 0.720692
vt 0.145417 0.726295
vt 0.164003 0.731336
vt 0.181964 0.736407
vt 0.198869 0.739843
vt 0.215237 0.742097
vt 0.231599 0.744711
vt 0.964404 0.578399
vt 0.948877 0.582671
vt 0.933079 0.586574
vt 0.916821 0.590499
vt 0.900356 0.594939
vt 0.883098 0.598917
vt 0.846225 0.299476
vt 0.858717 0.294186
vt 0.870699 0.288231
vt 0.831800 0.306961
vt 0.883811 0.280550
vt 0.968064 0.593871
vt 0.865643 0.602680
vt 0.847393 0.605816
vt 0.828124 0.608497
vt 0.808655 0.611442
vt 0.789540 0.614941
vt 0.770804 0.618410
vt 0.751954 0.622222
vt 0.733039 0.626110
vt 0.702329 0.622998
vt 0.714131 0.630130
vt 0.686256 0.596960
vt 0.690635 0.615799
vt 0.682075 0.577931
vt 0.678239 0.558867
vt 0.675066 0.540175
vt 0.673519 0.522733
vt 0.672102 0.506065
vt 0.670557 0.489256
vt 0.078062 0.684275
vt 0.091885 0.693251
vt 0.106077 0.701781
vt 0.121599 0.709143
vt 0.139285 0.715334
vt 0.157976 0.720517
vt 0.176466 0.726059
vt 0.194335 0.731224
vt 0.211198 0.734344
vt 0.227571 0.736579
vt 0.243988 0.739227
vt 0.958024 0.588422
vt 0.942004 0.592741
vt 0.925973 0.596840
vt 0.909827 0.601285
vt 0.893392 0.606016
vt 0.876072 0.609887
vt 0.834953 0.295870
vt 0.849246 0.290464
vt 0.862740 0.285410
vt 0.876100 0.277913
vt 0.818605 0.303273
vt 0.888990 0.268626
vt 0.960863 0.604223
vt 0.858564 0.613581
vt 0.839886 0.616444
vt 0.820431 0.619113
vt 0.801060 0.622290
vt 0.782232 0.625746
vt 0.763594 0.629467
vt 0.744748 0.633303
vt 0.725902 0.637295
vt 0.695283 0.634322
vt 0.707093 0.641516
vt 0.679055 0.608256
vt 0.674681 0.589200
vt 0.683564 0.626924
vt 0.670761 0.570016
vt 0.667706 0.551267
vt 0.666310 0.533796
vt 0.665092 0.516997
vt 0.663111 0.500116
vt 0.073380 0.672005
vt 0.087107 0.681031
vt 0.100892 0.689913
vt 0.115943 0.697616
vt 0.133243 0.703900
vt 0.151826 0.709439
vt 0.170540 0.714949
vt 0.188923 0.720801
vt 0.206620 0.725759
vt 0.223501 0.728773
vt 0.239935 0.731021
vt 0.256388 0.733746
vt 0.951113 0.598556
vt 0.934888 0.602912
vt 0.918868 0.607272
vt 0.902898 0.612249
vt 0.886423 0.617068
vt 0.869063 0.620835
vt 0.822141 0.292372
vt 0.837784 0.286501
vt 0.853296 0.281895
vt 0.868326 0.275578
vt 0.881724 0.266434
vt 0.805342 0.299496
vt 0.894002 0.256420
vt 0.953428 0.614580
vt 0.851294 0.624286
vt 0.832224 0.626939
vt 0.812737 0.629719
vt 0.793649 0.633074
vt 0.775057 0.636625
vt 0.756404 0.640613
vt 0.737577 0.644532
vt 0.718804 0.648539
vt 0.700166 0.652436
vt 0.688429 0.645139
vt 0.667547 0.600404
vt 0.671992 0.619368
vt 0.663330 0.581198
vt 0.676727 0.637797
vt 0.660348 0.562422
vt 0.658923 0.544761
vt 0.658137 0.527732
vt 0.655977 0.510704
vt 0.068871 0.659754
vt 0.082614 0.668733
vt 0.096204 0.677808
vt 0.110959 0.686063
vt 0.127691 0.692412
vt 0.145795 0.698136
vt 0.164543 0.703646
vt 0.183131 0.709498
vt 0.201333 0.715373
vt 0.218868 0.720054
vt 0.235745 0.723056
vt 0.252267 0.725431
vt 0.268755 0.728096
vt 0.943865 0.608758
vt 0.927668 0.613157
vt 0.911839 0.617858
vt 0.896074 0.623295
vt 0.879462 0.627990
vt 0.861980 0.631603
vt 0.825012 0.282560
vt 0.809050 0.288477
vt 0.841882 0.277913
vt 0.859154 0.272378
vt 0.874591 0.264363
vt 0.886968 0.254353
vt 0.792123 0.295548
vt 0.898813 0.244175
vt 0.945857 0.624937
vt 0.843731 0.634722
vt 0.824452 0.637302
vt 0.805155 0.640326
vt 0.786385 0.643899
vt 0.767873 0.647740
vt 0.749189 0.651760
vt 0.730439 0.655672
vt 0.711852 0.659615
vt 0.693858 0.662317
vt 0.682300 0.655015
vt 0.660574 0.611581
vt 0.656219 0.592398
vt 0.665194 0.630356
vt 0.652968 0.573592
vt 0.670760 0.647624
vt 0.651488 0.555732
vt 0.650894 0.538446
vt 0.649070 0.521001
vt 0.064457 0.647575
vt 0.078232 0.656430
vt 0.091884 0.665493
vt 0.106242 0.674150
vt 0.122628 0.681059
vt 0.140217 0.686857
vt 0.158611 0.692160
vt 0.177255 0.698010
vt 0.195689 0.704066
vt 0.213684 0.709782
vt 0.231077 0.714318
vt 0.247994 0.717271
vt 0.264613 0.719755
vt 0.281111 0.722336
vt 0.936491 0.618999
vt 0.920466 0.623465
vt 0.904933 0.628674
vt 0.889341 0.634316
vt 0.872451 0.638705
vt 0.854709 0.642149
vt 0.812064 0.278509
vt 0.828904 0.273613
vt 0.796076 0.284572
vt 0.847449 0.268288
vt 0.865698 0.261380
vt 0.880220 0.252547
vt 0.891816 0.242068
vt 0.779185 0.291186
vt 0.903738 0.232103
vt 0.938209 0.635267
vt 0.835989 0.644929
vt 0.816687 0.647583
vt 0.797734 0.651015
vt 0.779152 0.654810
vt 0.760641 0.658922
vt 0.742046 0.662907
vt 0.723476 0.666829
vt 0.705429 0.669593
vt 0.688720 0.670451
vt 0.677240 0.663170
vt 0.653872 0.622822
vt 0.649339 0.603631
vt 0.645757 0.584681
vt 0.659237 0.640303
vt 0.644078 0.566709
vt 0.665772 0.655915
vt 0.643456 0.549361
vt 0.642035 0.531744
vt 0.060016 0.635601
vt 0.073843 0.644186
vt 0.087537 0.653122
vt 0.101756 0.661918
vt 0.117608 0.669301
vt 0.135032 0.675583
vt 0.152962 0.680955
vt 0.171370 0.686372
vt 0.189932 0.692434
vt 0.208208 0.698566
vt 0.226003 0.704087
vt 0.243392 0.708598
vt 0.260334 0.711448
vt 0.276870 0.713864
vt 0.293415 0.716577
vt 0.928995 0.629245
vt 0.913308 0.633857
vt 0.898259 0.639736
vt 0.882591 0.645188
vt 0.865353 0.649291
vt 0.847137 0.652341
vt 0.799134 0.274449
vt 0.815493 0.269010
vt 0.833997 0.263753
vt 0.783539 0.280327
vt 0.853920 0.257331
vt 0.871857 0.250056
vt 0.885127 0.240241
vt 0.896547 0.229746
vt 0.766833 0.286511
vt 0.908516 0.219975
vt 0.930611 0.645603
vt 0.828112 0.654905
vt 0.809064 0.657965
vt 0.790402 0.661901
vt 0.771941 0.665886
vt 0.753514 0.670016
vt 0.735153 0.673957
vt 0.717073 0.677028
vt 0.700026 0.677915
vt 0.647939 0.632795
vt 0.642738 0.614925
vt 0.638956 0.596033
vt 0.636856 0.577937
vt 0.654315 0.648680
vt 0.635987 0.560500
vt 0.634900 0.542885
vt 0.054803 0.623753
vt 0.069128 0.632020
vt 0.083044 0.640735
vt 0.097200 0.649488
vt 0.112640 0.657351
vt 0.129780 0.663751
vt 0.147639 0.669912
vt 0.165789 0.675070
vt 0.184139 0.680677
vt 0.202592 0.686895
vt 0.220717 0.693020
vt 0.238407 0.698474
vt 0.255642 0.702726
vt 0.272427 0.705385
vt 0.289003 0.707902
vt 0.305671 0.710923
vt 0.921518 0.639538
vt 0.906394 0.644660
vt 0.891647 0.650675
vt 0.875760 0.655941
vt 0.858025 0.659500
vt 0.839328 0.662122
vt 0.786739 0.269893
vt 0.802176 0.264385
vt 0.820191 0.258746
vt 0.840182 0.252586
vt 0.772271 0.275650
vt 0.860191 0.246075
vt 0.876957 0.238043
vt 0.889785 0.227778
vt 0.901249 0.217467
vt 0.756919 0.281681
vt 0.923122 0.655973
vt 0.820287 0.664841
vt 0.801605 0.668651
vt 0.783174 0.672787
vt 0.764818 0.676922
vt 0.746516 0.681012
vt 0.728462 0.684473
vt 0.711226 0.685491
vt 0.227679 0.400755
vt 0.241141 0.399180
vt 0.642983 0.641438
vt 0.636934 0.625104
vt 0.632599 0.607279
vt 0.629997 0.589348
vt 0.628788 0.571913
vt 0.627740 0.554263
vt 0.254559 0.396826
vt 0.048587 0.612158
vt 0.063731 0.620031
vt 0.078164 0.628494
vt 0.092407 0.637080
vt 0.107663 0.644999
vt 0.124478 0.651799
vt 0.142201 0.658052
vt 0.160482 0.664072
vt 0.178666 0.669349
vt 0.196926 0.675099
vt 0.215214 0.681352
vt 0.233266 0.687520
vt 0.250806 0.692802
vt 0.267797 0.696665
vt 0.284415 0.699320
vt 0.301011 0.702014
vt 0.317840 0.705532
vt 0.914311 0.649949
vt 0.899627 0.655569
vt 0.884942 0.661412
vt 0.868816 0.666367
vt 0.850446 0.669219
vt 0.831446 0.671725
vt 0.776386 0.264421
vt 0.789954 0.259064
vt 0.806853 0.253384
vt 0.826315 0.247335
vt 0.846735 0.240995
vt 0.763568 0.270296
vt 0.866036 0.234467
vt 0.881797 0.225499
vt 0.894551 0.215332
vt 0.906053 0.205199
vt 0.749383 0.276331
vt 0.915819 0.666397
vt 0.812568 0.674988
vt 0.794283 0.679470
vt 0.776106 0.683621
vt 0.757771 0.687832
vt 0.739495 0.691637
vt 0.722360 0.693093
vt 0.214193 0.401529
vt 0.226144 0.388667
vt 0.239164 0.387281
vt 0.631894 0.634029
vt 0.626679 0.617536
vt 0.623615 0.600406
vt 0.621843 0.583280
vt 0.620580 0.565808
vt 0.267786 0.393680
vt 0.252121 0.385055
vt 0.042162 0.600473
vt 0.057447 0.608391
vt 0.072538 0.616534
vt 0.087187 0.624726
vt 0.102456 0.632467
vt 0.118881 0.639664
vt 0.136624 0.646011
vt 0.154910 0.652228
vt 0.173385 0.658228
vt 0.191551 0.663820
vt 0.209599 0.669566
vt 0.227841 0.675870
vt 0.245791 0.681983
vt 0.263145 0.686983
vt 0.279947 0.690581
vt 0.296388 0.693288
vt 0.312892 0.696301
vt 0.329787 0.700216
vt 0.907345 0.660531
vt 0.892864 0.666337
vt 0.878086 0.672027
vt 0.861478 0.676210
vt 0.842648 0.678466
vt 0.823547 0.681359
vt 0.767297 0.259187
vt 0.779599 0.252211
vt 0.795029 0.247002
vt 0.813593 0.241291
vt 0.833342 0.235320
vt 0.853218 0.229296
vt 0.755055 0.265570
vt 0.871520 0.222126
vt 0.886824 0.212810
vt 0.899607 0.202918
vt 0.910958 0.192944
vt 0.923502 0.183811
vt 0.908521 0.676704
vt 0.805133 0.685523
vt 0.787198 0.690163
vt 0.769110 0.694394
vt 0.750521 0.698564
vt 0.733147 0.700746
vt 0.200606 0.401821
vt 0.213210 0.389670
vt 0.237316 0.375086
vt 0.224706 0.376179
vt 0.621326 0.626777
vt 0.280777 0.389927
vt 0.617645 0.610647
vt 0.615313 0.594106
vt 0.613461 0.577150
vt 0.264831 0.382068
vt 0.035898 0.588595
vt 0.249640 0.373268
vt 0.050799 0.596796
vt 0.066000 0.604880
vt 0.081220 0.612470
vt 0.096812 0.620161
vt 0.113179 0.627449
vt 0.130823 0.633855
vt 0.149203 0.640117
vt 0.167742 0.646383
vt 0.186233 0.652570
vt 0.204399 0.658427
vt 0.222330 0.664116
vt 0.240425 0.670336
vt 0.258233 0.676320
vt 0.275427 0.681022
vt 0.292058 0.684551
vt 0.308288 0.687385
vt 0.324570 0.690846
vt 0.341195 0.694935
vt 0.900383 0.671168
vt 0.885927 0.676822
vt 0.870883 0.682149
vt 0.853786 0.685200
vt 0.834839 0.687581
vt 0.815921 0.691160
vt 0.757968 0.255592
vt 0.769324 0.247404
vt 0.779912 0.236496
vt 0.801878 0.234697
vt 0.820930 0.229340
vt 0.840284 0.223536
vt 0.859480 0.217248
vt 0.877101 0.209331
vt 0.892306 0.200245
vt 0.904680 0.190522
vt 0.915938 0.180738
vt 0.349589 0.451636
vt 0.928676 0.172109
vt 0.901156 0.687025
vt 0.798008 0.696260
vt 0.780088 0.700796
vt 0.761988 0.704831
vt 0.744205 0.707892
vt 0.186894 0.402205
vt 0.199918 0.390285
vt 0.211859 0.377015
vt 0.293379 0.385572
vt 0.611921 0.620052
vt 0.277167 0.378349
vt 0.609195 0.604205
vt 0.606709 0.587886
vt 0.030159 0.576475
vt 0.261823 0.370502
vt 0.044388 0.584933
vt 0.058903 0.593173
vt 0.074500 0.600619
vt 0.090833 0.607957
vt 0.107330 0.615203
vt 0.125017 0.621875
vt 0.143389 0.627961
vt 0.161981 0.634258
vt 0.180555 0.640583
vt 0.199052 0.646967
vt 0.217262 0.653075
vt 0.235103 0.658803
vt 0.252964 0.664775
vt 0.270605 0.670494
vt 0.287657 0.674998
vt 0.304091 0.678596
vt 0.319965 0.681861
vt 0.335766 0.685606
vt 0.351788 0.689592
vt 0.893332 0.681679
vt 0.878805 0.687147
vt 0.863566 0.691471
vt 0.845910 0.693735
vt 0.826971 0.697000
vt 0.808641 0.701517
vt 0.759933 0.244924
vt 0.769395 0.235082
vt 0.791783 0.226134
vt 0.809869 0.222902
vt 0.828164 0.217556
vt 0.846912 0.211477
vt 0.865538 0.204661
vt 0.359886 0.451852
vt 0.882741 0.196606
vt 0.897778 0.187755
vt 0.909865 0.178163
vt 0.921111 0.168636
vt 0.351493 0.440559
vt 0.934184 0.160371
vt 0.893589 0.697232
vt 0.791002 0.706906
vt 0.773332 0.710961
vt 0.755670 0.713944
vt 0.173071 0.402925
vt 0.186503 0.391001
vt 0.198940 0.377692
vt 0.289158 0.374213
vt 0.305391 0.380668
vt 0.603399 0.613668
vt 0.273821 0.367116
vt 0.600543 0.597893
vt 0.025164 0.564217
vt 0.038600 0.572914
vt 0.052365 0.581357
vt 0.067679 0.588626
vt 0.084359 0.595835
vt 0.101439 0.603110
vt 0.119252 0.609855
vt 0.137683 0.616062
vt 0.156196 0.622114
vt 0.174815 0.628421
vt 0.193407 0.634872
vt 0.211894 0.641432
vt 0.230093 0.647680
vt 0.247817 0.653414
vt 0.265413 0.659126
vt 0.282902 0.664505
vt 0.299798 0.669014
vt 0.315952 0.672879
vt 0.331177 0.676592
vt 0.346349 0.680342
vt 0.361480 0.684055
vt 0.886076 0.691926
vt 0.871432 0.696860
vt 0.855669 0.699992
vt 0.837606 0.702641
vt 0.819201 0.706650
vt 0.801520 0.712213
vt 0.760837 0.233367
vt 0.370240 0.452769
vt 0.767714 0.222235
vt 0.776128 0.220980
vt 0.785068 0.215716
vt 0.800695 0.215511
vt 0.817559 0.211366
vt 0.835074 0.205540
vt 0.853234 0.199107
vt 0.871337 0.191971
vt 0.362157 0.441827
vt 0.888413 0.184024
vt 0.903167 0.175302
vt 0.915031 0.165796
vt 0.926519 0.156654
vt 0.353424 0.429481
vt 0.939671 0.148550
vt 0.885692 0.707210
vt 0.784572 0.717173
vt 0.767681 0.720051
vt 0.159414 0.403690
vt 0.172955 0.391938
vt 0.185900 0.378310
vt 0.285470 0.363292
vt 0.300692 0.369503
vt 0.316046 0.375483
vt 0.594820 0.607290
vt 0.020953 0.552175
vt 0.033910 0.560554
vt 0.047021 0.569027
vt 0.061586 0.576762
vt 0.078187 0.583729
vt 0.095576 0.590977
vt 0.113604 0.597863
vt 0.131982 0.604192
vt 0.150559 0.610243
vt 0.169115 0.616330
vt 0.187689 0.622671
vt 0.206250 0.629234
vt 0.224723 0.635864
vt 0.242859 0.642217
vt 0.260489 0.648004
vt 0.277837 0.653414
vt 0.295067 0.658519
vt 0.311658 0.663130
vt 0.327273 0.667376
vt 0.341863 0.671477
vt 0.356083 0.675113
vt 0.370387 0.678222
vt 0.878506 0.701877
vt 0.863468 0.705939
vt 0.847099 0.708285
vt 0.829523 0.711811
vt 0.811615 0.716961
vt 0.794702 0.722818
vt 0.380958 0.454618
vt 0.761017 0.221322
vt 0.372543 0.443640
vt 0.766580 0.209167
vt 0.772627 0.208983
vt 0.793478 0.207339
vt 0.780109 0.205229
vt 0.808408 0.204580
vt 0.824688 0.199544
vt 0.841585 0.193325
vt 0.859255 0.186586
vt 0.877178 0.179358
vt 0.364823 0.431083
vt 0.894099 0.171512
vt 0.908500 0.162859
vt 0.920319 0.153567
vt 0.932002 0.144801
vt 0.355420 0.418847
vt 0.945192 0.136593
vt 0.877490 0.716815
vt 0.778833 0.726915
vt 0.146210 0.404148
vt 0.159572 0.392806
vt 0.172763 0.379069
vt 0.296484 0.358997
vt 0.310961 0.364503
vt 0.325136 0.370458
vt 0.017528 0.541194
vt 0.030180 0.548384
vt 0.042667 0.556740
vt 0.056817 0.564408
vt 0.072980 0.571579
vt 0.090106 0.578724
vt 0.107943 0.585675
vt 0.126343 0.592267
vt 0.144894 0.598391
vt 0.163475 0.604456
vt 0.182028 0.610611
vt 0.200543 0.616977
vt 0.219073 0.623607
vt 0.237498 0.630251
vt 0.255585 0.636680
vt 0.273102 0.642580
vt 0.290058 0.647626
vt 0.306854 0.652503
vt 0.323068 0.657321
vt 0.338156 0.662042
vt 0.351894 0.666240
vt 0.365142 0.669696
vt 0.378819 0.671849
vt 0.870549 0.711286
vt 0.855067 0.714248
vt 0.838800 0.716813
vt 0.821768 0.721521
vt 0.804331 0.727452
vt 0.788021 0.733146
vt 0.392216 0.456889
vt 0.383097 0.445822
vt 0.761740 0.208448
vt 0.375317 0.433391
vt 0.772286 0.196091
vt 0.767701 0.196331
vt 0.787504 0.198427
vt 0.800897 0.197538
vt 0.777909 0.197278
vt 0.815463 0.193255
vt 0.831311 0.187571
vt 0.847681 0.180922
vt 0.865231 0.174042
vt 0.882987 0.166804
vt 0.367564 0.420657
vt 0.899708 0.159060
vt 0.913843 0.150520
vt 0.925624 0.141487
vt 0.937380 0.132784
vt 0.358384 0.407816
vt 0.950774 0.124605
vt 0.869271 0.725986
vt 0.132948 0.403131
vt 0.146970 0.393570
vt 0.159734 0.379847
vt 0.306164 0.354336
vt 0.319501 0.359648
vt 0.333434 0.364935
vt 0.014630 0.531297
vt 0.027078 0.537323
vt 0.039171 0.544324
vt 0.052951 0.551720
vt 0.068567 0.559069
vt 0.085217 0.566372
vt 0.102717 0.573356
vt 0.120769 0.580107
vt 0.139278 0.586486
vt 0.157901 0.592663
vt 0.176447 0.598742
vt 0.194928 0.604972
vt 0.213356 0.611345
vt 0.231838 0.617931
vt 0.250235 0.624607
vt 0.268262 0.631125
vt 0.285554 0.637013
vt 0.302152 0.641810
vt 0.318522 0.646595
vt 0.334256 0.651736
vt 0.348445 0.656837
vt 0.361341 0.660954
vt 0.373982 0.663899
vt 0.386105 0.665609
vt 0.862375 0.720092
vt 0.846924 0.722276
vt 0.831007 0.725754
vt 0.814370 0.731427
vt 0.797396 0.738034
vt 0.403596 0.460600
vt 0.394253 0.448443
vt 0.385594 0.436102
vt 0.763720 0.196369
vt 0.378399 0.423304
vt 0.770765 0.185504
vt 0.775027 0.186263
vt 0.781496 0.189493
vt 0.794163 0.190122
vt 0.807378 0.187061
vt 0.821639 0.181534
vt 0.837353 0.175465
vt 0.853571 0.168503
vt 0.871107 0.161554
vt 0.888741 0.154360
vt 0.370551 0.410528
vt 0.905332 0.146693
vt 0.919153 0.138242
vt 0.930771 0.129405
vt 0.942599 0.120644
vt 0.362034 0.396398
vt 0.956500 0.112880
vt 0.861026 0.734680
vt 0.120129 0.400605
vt 0.134066 0.393291
vt 0.146773 0.380816
vt 0.314214 0.349728
vt 0.326736 0.354897
vt 0.340759 0.358316
vt 0.024070 0.527562
vt 0.036108 0.532914
vt 0.049677 0.539076
vt 0.064706 0.546309
vt 0.080850 0.553796
vt 0.097848 0.560985
vt 0.115532 0.567859
vt 0.133729 0.574391
vt 0.152290 0.580669
vt 0.170921 0.586969
vt 0.189402 0.593177
vt 0.207787 0.599353
vt 0.226152 0.605695
vt 0.244553 0.612173
vt 0.262824 0.618883
vt 0.280686 0.625478
vt 0.297819 0.631291
vt 0.314253 0.635972
vt 0.330233 0.640761
vt 0.344983 0.646376
vt 0.358184 0.651621
vt 0.370502 0.655491
vt 0.381930 0.658367
vt 0.391070 0.660867
vt 0.397218 0.662413
vt 0.854194 0.728246
vt 0.839209 0.730216
vt 0.823738 0.734582
vt 0.807624 0.741382
vt 0.106600 0.398961
vt 0.406311 0.452853
vt 0.414295 0.466156
vt 0.396045 0.439304
vt 0.388059 0.426077
vt 0.766872 0.185488
vt 0.381319 0.413161
vt 0.779744 0.178569
vt 0.775050 0.176822
vt 0.786753 0.182600
vt 0.799971 0.180854
vt 0.813071 0.176043
vt 0.827412 0.169902
vt 0.843084 0.163211
vt 0.859373 0.156129
vt 0.876925 0.149168
vt 0.894413 0.141978
vt 0.374013 0.399404
vt 0.910835 0.134348
vt 0.924372 0.126007
vt 0.935849 0.117245
vt 0.948069 0.108662
vt 0.365967 0.384693
vt 0.962386 0.101162
vt 0.852861 0.742788
vt 0.121130 0.391682
vt 0.133847 0.381470
vt 0.320791 0.345591
vt 0.332757 0.349612
vt 0.346316 0.350872
vt 0.033541 0.523179
vt 0.046832 0.527588
vt 0.061277 0.533574
vt 0.076786 0.541099
vt 0.093314 0.548482
vt 0.110642 0.555490
vt 0.128428 0.562265
vt 0.146759 0.568560
vt 0.165337 0.574931
vt 0.183946 0.581365
vt 0.202392 0.587721
vt 0.220647 0.593814
vt 0.238913 0.599995
vt 0.257147 0.606396
vt 0.275208 0.613111
vt 0.292830 0.619633
vt 0.309896 0.625291
vt 0.326180 0.630020
vt 0.341356 0.635319
vt 0.354965 0.641318
vt 0.367590 0.646406
vt 0.379247 0.650375
vt 0.389850 0.654464
vt 0.398329 0.653522
vt 0.846267 0.735935
vt 0.831804 0.737878
vt 0.817172 0.743669
vt 0.093535 0.399446
vt 0.106711 0.390571
vt 0.418314 0.459017
vt 0.407125 0.443537
vt 0.422985 0.473709
vt 0.397621 0.429148
vt 0.390635 0.415554
vt 0.770845 0.175998
vt 0.384435 0.401812
vt 0.779525 0.168401
vt 0.784607 0.170719
vt 0.791952 0.174938
vt 0.805368 0.170772
vt 0.818406 0.164701
vt 0.832896 0.157958
vt 0.848632 0.150950
vt 0.865044 0.143806
vt 0.882682 0.136912
vt 0.900123 0.129675
vt 0.377568 0.387725
vt 0.916319 0.122075
vt 0.929645 0.113850
vt 0.941179 0.105160
vt 0.953785 0.096636
vt 0.370132 0.372534
vt 0.968384 0.089785
vt 0.844628 0.749897
vt 0.120523 0.381177
vt 0.132531 0.369334
vt 0.058003 0.962151
vt 0.326088 0.341064
vt 0.337518 0.343302
vt 0.350619 0.343035
vt 0.044491 0.517825
vt 0.058384 0.521903
vt 0.073065 0.528415
vt 0.089026 0.535963
vt 0.105988 0.543076
vt 0.123403 0.550116
vt 0.141404 0.556503
vt 0.159810 0.562776
vt 0.178382 0.569274
vt 0.196912 0.575831
vt 0.215315 0.582155
vt 0.233539 0.588255
vt 0.251611 0.594274
vt 0.269596 0.600657
vt 0.287357 0.607264
vt 0.304775 0.613545
vt 0.321603 0.619031
vt 0.337308 0.624181
vt 0.351276 0.630228
vt 0.364294 0.636270
vt 0.376576 0.641536
vt 0.388068 0.646568
vt 0.397287 0.644491
vt 0.507732 0.015579
vt 0.838595 0.743045
vt 0.824923 0.745369
vt 0.081614 0.400855
vt 0.092774 0.390780
vt 0.105754 0.380949
vt 0.428865 0.465243
vt 0.418480 0.449326
vt 0.408338 0.432985
vt 0.432412 0.479566
vt 0.399962 0.418685
vt 0.393752 0.404056
vt 0.775270 0.166949
vt 0.387840 0.389972
vt 0.784010 0.159203
vt 0.789182 0.161562
vt 0.796844 0.165591
vt 0.810442 0.160091
vt 0.823517 0.153166
vt 0.838137 0.145881
vt 0.853997 0.138746
vt 0.870666 0.131565
vt 0.888412 0.124726
vt 0.905891 0.117408
vt 0.381388 0.375427
vt 0.921943 0.109828
vt 0.934981 0.101843
vt 0.946541 0.093030
vt 0.959268 0.084748
vt 0.374321 0.359886
vt 0.974375 0.079501
vt 0.836733 0.755552
vt 0.118355 0.370035
vt 0.128743 0.358819
vt 0.330269 0.335478
vt 0.341944 0.336241
vt 0.354673 0.333626
vt 0.056162 0.512186
vt 0.070048 0.516805
vt 0.085054 0.523630
vt 0.101559 0.530758
vt 0.118622 0.537834
vt 0.136256 0.544516
vt 0.154452 0.550713
vt 0.172848 0.557079
vt 0.191349 0.563692
vt 0.209807 0.570227
vt 0.228118 0.576517
vt 0.246299 0.582652
vt 0.264109 0.588572
vt 0.281793 0.594887
vt 0.299311 0.601269
vt 0.316386 0.607278
vt 0.332524 0.612955
vt 0.347008 0.618903
vt 0.360269 0.625346
vt 0.373172 0.631526
vt 0.385590 0.637575
vt 0.394970 0.634947
vt 0.517224 0.020165
vt 0.503383 0.024673
vt 0.831405 0.749006
vt 0.071279 0.402241
vt 0.080161 0.391793
vt 0.091508 0.381470
vt 0.103435 0.370766
vt 0.429672 0.455618
vt 0.437729 0.470841
vt 0.419767 0.438659
vt 0.410563 0.422745
vt 0.442468 0.484229
vt 0.403230 0.407080
vt 0.397033 0.392136
vt 0.779988 0.157575
vt 0.391519 0.377677
vt 0.788452 0.149147
vt 0.793804 0.151411
vt 0.801910 0.155412
vt 0.815137 0.149000
vt 0.828402 0.141426
vt 0.843284 0.133892
vt 0.859381 0.126589
vt 0.876342 0.119542
vt 0.894106 0.112588
vt 0.911680 0.105222
vt 0.385638 0.362776
vt 0.927516 0.097935
vt 0.940058 0.089884
vt 0.951551 0.080786
vt 0.964794 0.073937
vt 0.378692 0.347350
vt 0.980674 0.070360
vt 0.114614 0.359839
vt 0.125084 0.350306
vt 0.334130 0.328870
vt 0.346340 0.327720
vt 0.358265 0.321677
vt 0.068130 0.507048
vt 0.082099 0.512305
vt 0.097675 0.518902
vt 0.114119 0.525667
vt 0.131281 0.532490
vt 0.149259 0.538762
vt 0.167505 0.545018
vt 0.185841 0.551471
vt 0.204254 0.558041
vt 0.222612 0.564509
vt 0.240792 0.570765
vt 0.258773 0.576848
vt 0.276383 0.582863
vt 0.293831 0.589041
vt 0.311035 0.595197
vt 0.327309 0.601387
vt 0.342150 0.607587
vt 0.355755 0.614072
vt 0.369048 0.620644
vt 0.382255 0.627423
vt 0.391675 0.624309
vt 0.526492 0.023901
vt 0.512940 0.029452
vt 0.498726 0.035158
vt 0.062501 0.403779
vt 0.069069 0.392987
vt 0.078164 0.382194
vt 0.089362 0.371871
vt 0.100313 0.361242
vt 0.431128 0.445011
vt 0.440707 0.461717
vt 0.447372 0.476051
vt 0.422244 0.428153
vt 0.413833 0.411254
vt 0.453043 0.488824
vt 0.406749 0.394965
vt 0.400735 0.379977
vt 0.784549 0.147496
vt 0.395949 0.365194
vt 0.798211 0.141218
vt 0.792630 0.138654
vt 0.806480 0.144928
vt 0.819630 0.137686
vt 0.832966 0.129554
vt 0.848292 0.121841
vt 0.864731 0.114537
vt 0.882021 0.107617
vt 0.899756 0.100515
vt 0.917313 0.093341
vt 0.390229 0.350175
vt 0.932873 0.086332
vt 0.944758 0.077788
vt 0.956389 0.069552
vt 0.971005 0.064578
vt 0.383962 0.334641
vt 0.059023 0.394786
vt 0.110614 0.350649
vt 0.122536 0.341507
vt 0.337638 0.321158
vt 0.350002 0.316991
vt 0.360871 0.308532
vt 0.080244 0.502455
vt 0.094730 0.507955
vt 0.110260 0.514144
vt 0.126719 0.520504
vt 0.144220 0.526848
vt 0.162304 0.533048
vt 0.180489 0.539392
vt 0.198741 0.545825
vt 0.217043 0.552288
vt 0.235298 0.558683
vt 0.253366 0.564921
vt 0.271095 0.571053
vt 0.288564 0.577094
vt 0.305696 0.583123
vt 0.321987 0.589458
vt 0.336924 0.596193
vt 0.350845 0.602719
vt 0.364446 0.609415
vt 0.378200 0.616489
vt 0.536189 0.027366
vt 0.387554 0.612962
vt 0.522121 0.033316
vt 0.508232 0.039968
vt 0.493905 0.046491
vt 0.065971 0.383176
vt 0.075576 0.372751
vt 0.086688 0.362937
vt 0.097001 0.352898
vt 0.433954 0.434597
vt 0.442554 0.451329
vt 0.451272 0.467325
vt 0.457757 0.480993
vt 0.425482 0.416625
vt 0.417646 0.398968
vt 0.463969 0.493646
vt 0.410587 0.382786
vt 0.405296 0.367646
vt 0.788770 0.136917
vt 0.400811 0.352678
vt 0.796493 0.128183
vt 0.802433 0.130495
vt 0.810635 0.133958
vt 0.824041 0.126169
vt 0.837454 0.117659
vt 0.853222 0.109828
vt 0.870048 0.102698
vt 0.887574 0.095878
vt 0.905216 0.088623
vt 0.922798 0.081909
vt 0.395078 0.337397
vt 0.937565 0.074407
vt 0.949287 0.066395
vt 0.962241 0.059898
vt 0.389351 0.322266
vt 0.054710 0.384811
vt 0.103883 0.342005
vt 0.122163 0.330469
vt 0.340276 0.311821
vt 0.352068 0.304742
vt 0.362691 0.295297
vt 0.092622 0.498447
vt 0.107256 0.503458
vt 0.122839 0.509168
vt 0.139573 0.515094
vt 0.157245 0.521166
vt 0.175249 0.527372
vt 0.193357 0.533681
vt 0.211542 0.540069
vt 0.229737 0.546443
vt 0.247875 0.552797
vt 0.265777 0.559095
vt 0.283337 0.565237
vt 0.300653 0.571315
vt 0.317061 0.577480
vt 0.331683 0.584574
vt 0.345524 0.591408
vt 0.359443 0.598027
vt 0.373588 0.605114
vt 0.547096 0.031144
vt 0.531648 0.036861
vt 0.382935 0.601349
vt 0.517388 0.043967
vt 0.503362 0.051204
vt 0.489316 0.058441
vt 0.062543 0.373502
vt 0.072919 0.363984
vt 0.084058 0.355254
vt 0.093715 0.346043
vt 0.445669 0.440718
vt 0.437334 0.422980
vt 0.453982 0.456841
vt 0.461881 0.472359
vt 0.468565 0.485822
vt 0.429604 0.404058
vt 0.421845 0.386532
vt 0.475620 0.498167
vt 0.415079 0.370496
vt 0.410325 0.355010
vt 0.792240 0.126221
vt 0.405617 0.339908
vt 0.799909 0.117453
vt 0.805977 0.119465
vt 0.814739 0.122562
vt 0.828192 0.114616
vt 0.841943 0.105787
vt 0.858211 0.098108
vt 0.875289 0.091167
vt 0.892913 0.084162
vt 0.910677 0.077050
vt 0.927950 0.070320
vt 0.399972 0.324916
vt 0.941910 0.063498
vt 0.954697 0.056565
vt 0.050399 0.374674
vt 0.393578 0.311313
vt 0.112203 0.327954
vt 0.122930 0.318747
vt 0.341709 0.300608
vt 0.353459 0.292157
vt 0.364211 0.282147
vt 0.105010 0.493850
vt 0.119754 0.498673
vt 0.135655 0.503998
vt 0.152523 0.509578
vt 0.170193 0.515513
vt 0.188082 0.521664
vt 0.206124 0.527892
vt 0.224228 0.534222
vt 0.242325 0.540568
vt 0.260331 0.546941
vt 0.278040 0.553345
vt 0.295478 0.559407
vt 0.312209 0.565823
vt 0.326671 0.572838
vt 0.340078 0.580123
vt 0.354198 0.586620
vt 0.368685 0.593603
vt 0.558859 0.035279
vt 0.542545 0.040563
vt 0.526816 0.047300
vt 0.378086 0.589649
vt 0.512474 0.055277
vt 0.498587 0.062820
vt 0.484968 0.071011
vt 0.059576 0.364462
vt 0.070546 0.356330
vt 0.081471 0.348672
vt 0.090896 0.339762
vt 0.098330 0.333014
vt 0.449346 0.429080
vt 0.457378 0.446094
vt 0.441664 0.409817
vt 0.465500 0.461852
vt 0.472853 0.477025
vt 0.479798 0.490242
vt 0.434142 0.391261
vt 0.426393 0.374047
vt 0.486380 0.502301
vt 0.420121 0.357821
vt 0.415347 0.342343
vt 0.795530 0.115461
vt 0.410362 0.327683
vt 0.808971 0.108525
vt 0.803032 0.106655
vt 0.818236 0.111592
vt 0.832066 0.102957
vt 0.846391 0.094107
vt 0.863078 0.086827
vt 0.880365 0.079692
vt 0.898267 0.072604
vt 0.915990 0.065784
vt 0.932460 0.059860
vt 0.404384 0.314002
vt 0.946994 0.053653
vt 0.046968 0.365028
vt 0.395185 0.301899
vt 0.102337 0.323093
vt 0.114332 0.316437
vt 0.123586 0.307611
vt 0.342852 0.288723
vt 0.354538 0.279467
vt 0.365489 0.269072
vt 0.117258 0.489045
vt 0.132362 0.493613
vt 0.148443 0.498656
vt 0.165393 0.504049
vt 0.182941 0.509824
vt 0.200796 0.515844
vt 0.218779 0.522036
vt 0.236835 0.528354
vt 0.254843 0.534749
vt 0.272652 0.541228
vt 0.290076 0.547670
vt 0.306825 0.553886
vt 0.321630 0.561026
vt 0.334737 0.568640
vt 0.348772 0.575271
vt 0.363595 0.582040
vt 0.554639 0.044638
vt 0.570927 0.039518
vt 0.537821 0.050973
vt 0.522014 0.058707
vt 0.373148 0.577915
vt 0.507770 0.066829
vt 0.494071 0.075068
vt 0.480993 0.083864
vt 0.057373 0.356570
vt 0.068431 0.349389
vt 0.079124 0.341902
vt 0.086228 0.333658
vt 0.090104 0.327407
vt 0.453893 0.415510
vt 0.461335 0.434631
vt 0.469176 0.451083
vt 0.446582 0.396426
vt 0.477105 0.466477
vt 0.484101 0.481404
vt 0.491065 0.494182
vt 0.439031 0.378447
vt 0.431553 0.361309
vt 0.497690 0.506223
vt 0.425298 0.345257
vt 0.420030 0.330647
vt 0.798779 0.104544
vt 0.414500 0.317165
vt 0.806388 0.095715
vt 0.812225 0.097577
vt 0.821702 0.100223
vt 0.835815 0.091414
vt 0.850792 0.082900
vt 0.867926 0.075603
vt 0.885550 0.068465
vt 0.903463 0.061539
vt 0.920769 0.055629
vt 0.937429 0.050572
vt 0.406841 0.303626
vt 0.044678 0.356517
vt 2.096878 0.369822
vt 0.104521 0.312528
vt 0.092094 0.318046
vt 0.115618 0.305747
vt 0.124223 0.297098
vt 0.343819 0.276683
vt 0.355291 0.266838
vt 0.366060 0.256159
vt 0.129521 0.484052
vt 0.144851 0.488308
vt 0.161107 0.493211
vt 0.178100 0.498442
vt 0.195563 0.504034
vt 0.213399 0.509970
vt 0.231355 0.516154
vt 0.249351 0.522568
vt 0.267197 0.529124
vt 0.284650 0.535701
vt 0.301445 0.542118
vt 0.316352 0.549100
vt 0.329429 0.556965
vt 0.343360 0.563967
vt 0.358418 0.570502
vt 0.566989 0.048860
vt 0.550141 0.055052
vt 0.583043 0.043828
vt 0.533041 0.062311
vt 0.517412 0.070350
vt 0.368243 0.566188
vt 0.503120 0.078705
vt 0.490162 0.087833
vt 0.477435 0.096550
vt 0.055714 0.349218
vt 0.066548 0.341681
vt 0.078142 0.333941
vt 0.078993 0.324417
vt 0.466163 0.420869
vt 0.459025 0.401627
vt 0.473261 0.439690
vt 0.481056 0.455462
vt 0.451628 0.383167
vt 0.488784 0.470727
vt 0.495504 0.485463
vt 0.502527 0.497965
vt 0.444141 0.365410
vt 0.436696 0.348857
vt 0.509112 0.510035
vt 0.429993 0.334048
vt 0.424112 0.320159
vt 0.802273 0.093306
vt 0.417685 0.306006
vt 0.810260 0.084510
vt 0.815809 0.086479
vt 0.825028 0.089017
vt 0.839563 0.080098
vt 0.855321 0.071854
vt 0.872830 0.064603
vt 0.890520 0.057884
vt 0.908086 0.051716
vt 0.925489 0.046764
vt 2.089875 0.379606
vt 0.043232 0.348570
vt 0.414628 0.256998
vt 0.413678 0.266405
vt 0.094487 0.308076
vt 0.106692 0.302335
vt 0.081301 0.313971
vt 0.117408 0.296527
vt 0.123992 0.286698
vt 0.344361 0.264537
vt 0.355453 0.254345
vt 0.365990 0.243256
vt 0.141749 0.478896
vt 0.157311 0.483032
vt 0.173672 0.487690
vt 0.190659 0.492717
vt 0.208103 0.498110
vt 0.225919 0.504065
vt 0.243847 0.510376
vt 0.261641 0.517009
vt 0.279083 0.523724
vt 0.295838 0.530356
vt 0.310985 0.537267
vt 0.324275 0.545096
vt 0.337919 0.552562
vt 0.353279 0.559079
vt 0.562778 0.059283
vt 0.579282 0.053105
vt 0.545427 0.066593
vt 0.595145 0.048229
vt 0.528436 0.074023
vt 0.512936 0.082466
vt 0.363371 0.554555
vt 0.499048 0.091042
vt 0.486855 0.100470
vt 0.474095 0.109161
vt 0.054094 0.340663
vt 0.066248 0.332243
vt 0.067801 0.321319
vt 0.471451 0.406718
vt 0.478346 0.425870
vt 0.464189 0.388081
vt 0.485250 0.444224
vt 0.493027 0.459518
vt 0.456857 0.369907
vt 0.500260 0.474559
vt 0.507063 0.489226
vt 0.514259 0.501358
vt 0.449330 0.353038
vt 0.441554 0.337957
vt 0.520346 0.513583
vt 0.434110 0.324156
vt 0.427927 0.309078
vt 0.806238 0.081898
vt 2.084236 0.389188
vt 0.814480 0.073477
vt 0.819891 0.075321
vt 0.828426 0.077829
vt 0.843682 0.069024
vt 0.860106 0.061066
vt 0.877654 0.054458
vt 0.895136 0.048176
vt 0.912508 0.042985
vt 0.042661 0.338854
vt 0.419359 0.272681
vt 0.418252 0.249632
vt 0.424011 0.264816
vt 0.084433 0.303456
vt 0.097846 0.297838
vt 0.109987 0.292434
vt 0.070641 0.309844
vt 0.118729 0.288586
vt 0.121244 0.276435
vt 0.344402 0.252416
vt 0.355084 0.241836
vt 0.365386 0.230299
vt 0.153924 0.473578
vt 0.169621 0.477487
vt 0.186070 0.482000
vt 0.203081 0.486830
vt 0.220563 0.492161
vt 0.238413 0.498253
vt 0.256109 0.504840
vt 0.273338 0.511789
vt 0.290058 0.518547
vt 0.305409 0.525516
vt 0.319002 0.533201
vt 0.332657 0.540894
vt 0.348121 0.547615
vt 0.575269 0.063496
vt 0.558256 0.071047
vt 0.591611 0.057388
vt 0.540759 0.078403
vt 0.607337 0.052606
vt 0.524026 0.086291
vt 0.508811 0.094886
vt 0.358373 0.542928
vt 0.495713 0.103706
vt 0.483551 0.113056
vt 0.470522 0.122118
vt 0.054746 0.329851
vt 0.057096 0.317738
vt 0.476791 0.392979
vt 0.483837 0.411599
vt 0.490528 0.430546
vt 0.469529 0.374751
vt 0.497371 0.448389
vt 0.505093 0.463401
vt 0.462180 0.357491
vt 0.511970 0.478537
vt 0.518794 0.492836
vt 0.525911 0.504777
vt 0.454241 0.342238
vt 0.445635 0.328427
vt 0.531999 0.516694
vt 0.438266 0.313734
vt 0.431244 0.298439
vt 0.810584 0.070494
vt 0.427653 0.281363
vt 0.819267 0.062137
vt 0.824759 0.064166
vt 0.832622 0.066648
vt 0.848326 0.058232
vt 0.864984 0.051157
vt 0.882268 0.045062
vt 0.899418 0.039435
vt 0.044016 0.326819
vt 0.422649 0.240648
vt 0.428031 0.256354
vt 0.432503 0.272336
vt 0.074173 0.298516
vt 0.088518 0.293041
vt 0.102347 0.287482
vt 0.114911 0.282903
vt 0.060304 0.305459
vt 0.115856 0.268238
vt 0.344092 0.240219
vt 0.354303 0.229337
vt 0.364398 0.217534
vt 0.165926 0.467995
vt 0.181749 0.471757
vt 0.198276 0.476100
vt 0.215350 0.480803
vt 0.232816 0.486281
vt 0.250411 0.492638
vt 0.267537 0.499713
vt 0.284048 0.506745
vt 0.299579 0.513831
vt 0.313520 0.521379
vt 0.327370 0.529086
vt 0.342854 0.535990
vt 0.587715 0.067626
vt 0.570866 0.075329
vt 0.553528 0.083148
vt 0.603973 0.061661
vt 0.536152 0.090702
vt 0.619574 0.056909
vt 0.519860 0.098939
vt 0.505308 0.107465
vt 0.353262 0.531190
vt 0.492455 0.116413
vt 0.480007 0.125970
vt 0.466631 0.134999
vt 0.046886 0.313784
vt 0.482165 0.379670
vt 0.489334 0.397809
vt 0.496204 0.416240
vt 0.502828 0.434837
vt 0.474872 0.362223
vt 0.509672 0.452223
vt 0.517158 0.467278
vt 0.467131 0.346606
vt 0.523785 0.482333
vt 0.530630 0.496348
vt 0.537578 0.508114
vt 0.458395 0.332886
vt 0.449961 0.319095
vt 0.543978 0.519590
vt 0.442561 0.304372
vt 0.436707 0.288724
vt 0.815306 0.058944
vt 0.830130 0.052730
vt 0.824371 0.050686
vt 0.838059 0.055362
vt 0.853243 0.048040
vt 0.869784 0.042265
vt 0.886483 0.036268
vt 0.432622 0.246704
vt 0.427298 0.230672
vt 0.436460 0.263283
vt 0.441505 0.278874
vt 0.063955 0.293313
vt 0.078383 0.287636
vt 0.093527 0.282622
vt 0.108114 0.277230
vt 0.050462 0.300701
vt 0.107838 0.262371
vt 0.343477 0.228017
vt 0.353276 0.216997
vt 0.363299 0.204946
vt 0.177720 0.462138
vt 0.193628 0.465796
vt 0.210225 0.470007
vt 0.227324 0.474791
vt 0.244622 0.480584
vt 0.261714 0.487458
vt 0.278097 0.494918
vt 0.293603 0.502096
vt 0.307827 0.509628
vt 0.321916 0.517283
vt 0.337503 0.524283
vt 0.600159 0.071911
vt 0.583330 0.079599
vt 0.566209 0.087779
vt 0.548789 0.095549
vt 0.616329 0.065929
vt 0.531718 0.103491
vt 0.631837 0.061137
vt 0.515911 0.111723
vt 0.501755 0.120076
vt 0.347914 0.519486
vt 0.488977 0.129403
vt 0.476096 0.138837
vt 0.462255 0.147845
vt 0.487488 0.367089
vt 0.494750 0.384484
vt 0.501823 0.402424
vt 0.508620 0.420644
vt 0.515265 0.438912
vt 0.479923 0.351280
vt 0.522087 0.456064
vt 0.529295 0.471213
vt 0.471459 0.337357
vt 0.535781 0.486212
vt 0.542407 0.499899
vt 0.549135 0.511200
vt 0.462530 0.324091
vt 0.454516 0.310187
vt 0.555529 0.522006
vt 0.447335 0.294786
vt 0.820110 0.047431
vt 0.828893 0.039587
vt 0.834905 0.041895
vt 0.843083 0.044991
vt 0.857891 0.038831
vt 0.874153 0.033750
vt 0.437617 0.236210
vt 0.440933 0.253227
vt 0.432134 0.220307
vt 0.445338 0.269353
vt 0.451979 0.284765
vt 0.054239 0.287905
vt 0.067937 0.281666
vt 0.083209 0.277008
vt 0.099755 0.272291
vt 0.097874 0.257327
vt 0.342650 0.215930
vt 0.352141 0.204936
vt 0.361805 0.192445
vt 0.189170 0.455986
vt 0.205142 0.459586
vt 0.221834 0.463839
vt 0.238900 0.468923
vt 0.255892 0.475240
vt 0.272265 0.482790
vt 0.287702 0.490407
vt 0.302060 0.497931
vt 0.316302 0.505590
vt 0.332012 0.512601
vt 0.612591 0.076202
vt 0.595786 0.083842
vt 0.578753 0.092257
vt 0.561519 0.100408
vt 0.544265 0.108336
vt 0.628661 0.070158
vt 0.527507 0.116435
vt 0.644121 0.065306
vt 0.511963 0.124454
vt 0.498019 0.132997
vt 0.342448 0.507809
vt 0.485062 0.142371
vt 0.471583 0.151556
vt 0.457524 0.160642
vt 0.492543 0.356154
vt 0.500009 0.372049
vt 0.507337 0.389183
vt 0.514342 0.406933
vt 0.521141 0.424887
vt 0.527793 0.442916
vt 0.484473 0.341893
vt 0.534614 0.460034
vt 0.541522 0.475319
vt 0.475374 0.328775
vt 0.547903 0.489966
vt 0.554119 0.503096
vt 0.560002 0.513834
vt 0.466740 0.315565
vt 0.459244 0.300465
vt 0.563683 0.523828
vt 0.824109 0.036540
vt 0.832901 0.028573
vt 0.838881 0.031259
vt 0.847465 0.035051
vt 0.862375 0.030727
vt 0.442383 0.225427
vt 0.445819 0.242101
vt 0.449244 0.259075
vt 0.437121 0.209425
vt 0.455587 0.274851
vt 0.463756 0.289956
vt 0.057790 0.275505
vt 0.071892 0.270533
vt 0.089070 0.266729
vt 0.081410 0.248546
vt 0.101918 0.243335
vt 0.341492 0.204133
vt 0.350824 0.193278
vt 0.359849 0.180119
vt 0.200208 0.449612
vt 0.216312 0.453324
vt 0.233125 0.457757
vt 0.250094 0.463430
vt 0.266586 0.470605
vt 0.282011 0.478477
vt 0.296383 0.486239
vt 0.310760 0.493965
vt 0.326432 0.500975
vt 0.624939 0.080459
vt 0.608296 0.088161
vt 0.591361 0.096595
vt 0.574180 0.105086
vt 0.556927 0.113260
vt 0.539963 0.121424
vt 0.640985 0.074355
vt 0.523252 0.129353
vt 0.656384 0.069519
vt 0.507760 0.137335
vt 0.493711 0.146083
vt 0.336917 0.496151
vt 0.480306 0.155112
vt 0.466638 0.164228
vt 0.452568 0.173349
vt 0.497270 0.346641
vt 0.504956 0.361235
vt 0.512549 0.376866
vt 0.519960 0.393648
vt 0.526919 0.411273
vt 0.533759 0.429066
vt 0.540485 0.446993
vt 0.488329 0.333104
vt 0.547179 0.464105
vt 0.553794 0.479262
vt 0.479098 0.320478
vt 0.559925 0.493454
vt 0.565992 0.506167
vt 0.573250 0.518133
vt 0.471446 0.305724
vt 0.827896 0.025665
vt 0.836973 0.017823
vt 0.843159 0.021417
vt 0.851771 0.026395
vt 0.446905 0.214003
vt 0.450648 0.230341
vt 0.453891 0.247637
vt 0.459026 0.264690
vt 0.442250 0.197801
vt 0.467136 0.279848
vt 0.475917 0.294760
vt 0.060597 0.263997
vt 0.076045 0.259764
vt 0.082725 0.238867
vt 0.096997 0.236621
vt 0.113941 0.236928
vt 0.340220 0.193229
vt 0.349310 0.182304
vt 0.356773 0.168545
vt 0.210947 0.443361
vt 0.227355 0.447306
vt 0.244228 0.452097
vt 0.260918 0.458557
vt 0.276514 0.466545
vt 0.291089 0.474528
vt 0.305387 0.482352
vt 0.320901 0.489385
vt 0.637326 0.084766
vt 0.620697 0.092336
vt 0.603867 0.100874
vt 0.586781 0.109557
vt 0.569556 0.118028
vt 0.552464 0.126318
vt 0.535561 0.134527
vt 0.653308 0.078520
vt 0.518799 0.142283
vt 0.668658 0.073735
vt 0.503097 0.150321
vt 0.488753 0.159050
vt 0.331423 0.484518
vt 0.475012 0.167749
vt 0.461527 0.176910
vt 0.447482 0.185825
vt 0.501129 0.337494
vt 0.509840 0.351555
vt 0.517361 0.366160
vt 0.525158 0.381392
vt 0.532598 0.397967
vt 0.539569 0.415492
vt 0.546483 0.433224
vt 0.553221 0.451049
vt 0.491752 0.324688
vt 0.559677 0.467963
vt 0.565912 0.482927
vt 0.483415 0.310508
vt 0.572380 0.496680
vt 0.579570 0.509545
vt 0.590154 0.522226
vt 0.831662 0.014903
vt 0.455144 0.218121
vt 0.451505 0.201937
vt 0.458762 0.235231
vt 0.463234 0.253281
vt 0.470270 0.269903
vt 0.479370 0.284541
vt 0.487888 0.299406
vt 0.063791 0.253111
vt 0.067900 0.243690
vt 0.071769 0.235557
vt 0.084213 0.228527
vt 0.094560 0.227724
vt 0.108391 0.231172
vt 0.121287 0.231954
vt 0.338860 0.183764
vt 0.346541 0.173129
vt 0.350860 0.157114
vt 0.221789 0.437585
vt 0.238447 0.441740
vt 0.255106 0.447145
vt 0.270957 0.454725
vt 0.285730 0.462869
vt 0.300106 0.470706
vt 0.315424 0.477837
vt 0.633184 0.096515
vt 0.649722 0.088988
vt 0.616358 0.105041
vt 0.599287 0.113921
vt 0.582054 0.122621
vt 0.564779 0.131109
vt 0.547813 0.139462
vt 0.530937 0.147498
vt 0.665594 0.082724
vt 0.514000 0.155186
vt 0.680906 0.077861
vt 0.498016 0.163320
vt 0.483307 0.171757
vt 0.325883 0.472959
vt 0.469579 0.180355
vt 0.456459 0.189554
vt 0.504385 0.328908
vt 0.513743 0.341875
vt 0.522063 0.356395
vt 0.529777 0.370814
vt 0.537838 0.385636
vt 0.545303 0.402180
vt 0.552311 0.419683
vt 0.559287 0.437336
vt 0.565894 0.455016
vt 0.495549 0.314996
vt 0.572024 0.471575
vt 0.578515 0.486436
vt 0.585531 0.500002
vt 0.593586 0.513014
vt 0.602347 0.525644
vt 0.459601 0.205602
vt 0.463306 0.222393
vt 0.467938 0.240533
vt 0.473935 0.258827
vt 0.482367 0.274967
vt 0.491664 0.289311
vt 0.499804 0.304187
vt 0.073942 0.227223
vt 0.083483 0.218039
vt 0.092767 0.216689
vt 0.104101 0.223873
vt 0.116614 0.225767
vt 0.341646 0.166082
vt 0.349124 0.144299
vt 0.232934 0.432404
vt 0.249374 0.436756
vt 0.265275 0.443246
vt 0.280216 0.451368
vt 0.294744 0.459175
vt 0.309978 0.466317
vt 0.645660 0.100768
vt 0.628694 0.109182
vt 0.662011 0.093114
vt 0.611696 0.118212
vt 0.594621 0.127076
vt 0.577358 0.135744
vt 0.560032 0.144288
vt 0.542999 0.152538
vt 0.525982 0.160407
vt 0.677847 0.086949
vt 0.508955 0.168135
vt 0.693148 0.081959
vt 0.492709 0.176076
vt 0.477747 0.184317
vt 0.320294 0.461481
vt 0.464440 0.192999
vt 0.507870 0.319467
vt 0.516965 0.333148
vt 0.526058 0.346323
vt 0.534152 0.360917
vt 0.542203 0.375069
vt 0.550532 0.389692
vt 0.557985 0.406279
vt 0.565085 0.423890
vt 0.572066 0.441526
vt 0.578474 0.458981
vt 0.584638 0.475458
vt 0.591464 0.490237
vt 0.598987 0.503524
vt 0.606588 0.516475
vt 0.613514 0.529284
vt 0.467818 0.209616
vt 0.472639 0.227359
vt 0.478590 0.246112
vt 0.485967 0.264196
vt 0.494757 0.279979
vt 0.503886 0.294202
vt 0.511955 0.309020
vt 0.073765 0.218504
vt 0.082748 0.206954
vt 0.091695 0.205056
vt 0.101362 0.213696
vt 0.112532 0.219197
vt 0.335833 0.154814
vt 0.333668 0.162194
vt 0.336712 0.144576
vt 0.348428 0.131871
vt 0.244174 0.427533
vt 0.259764 0.432709
vt 0.274527 0.440200
vt 0.289152 0.447876
vt 0.304469 0.454904
vt 0.657851 0.104972
vt 0.641020 0.113479
vt 0.624052 0.122434
vt 0.674260 0.097326
vt 0.606980 0.131461
vt 0.589859 0.140288
vt 0.572666 0.148989
vt 0.555435 0.157362
vt 0.538161 0.165596
vt 0.520926 0.173320
vt 0.690079 0.091157
vt 0.503797 0.181047
vt 0.705388 0.085982
vt 0.487318 0.188758
vt 0.472564 0.196932
vt 0.314633 0.450125
vt 0.520246 0.323940
vt 0.529297 0.337575
vt 0.538297 0.350814
vt 0.546352 0.365317
vt 0.554734 0.379208
vt 0.563152 0.393731
vt 0.570651 0.410534
vt 0.577853 0.428225
vt 0.584694 0.445877
vt 0.591038 0.463079
vt 0.597533 0.479345
vt 0.604417 0.493886
vt 0.611626 0.507005
vt 0.618186 0.520012
vt 0.477295 0.214314
vt 0.483421 0.232869
vt 0.490457 0.251821
vt 0.498348 0.269410
vt 0.507193 0.284918
vt 0.516047 0.299178
vt 0.524209 0.313826
vt 0.073109 0.208547
vt 0.089750 0.193109
vt 0.081176 0.195486
vt 0.100413 0.202693
vt 0.110562 0.210450
vt 0.038762 0.815487
vt 0.038470 0.808581
vt 0.326086 0.154857
vt 0.325424 0.161216
vt 0.326983 0.144456
vt 0.337027 0.132252
vt 0.348096 0.119062
vt 0.254861 0.423444
vt 0.269066 0.429793
vt 0.283424 0.437028
vt 0.298829 0.443742
vt 0.653204 0.117747
vt 0.670134 0.109147
vt 0.636191 0.126581
vt 0.619278 0.135705
vt 0.686548 0.101528
vt 0.602197 0.144688
vt 0.585066 0.153592
vt 0.567910 0.162250
vt 0.550699 0.170585
vt 0.533408 0.178574
vt 0.515977 0.186204
vt 0.702296 0.095282
vt 0.498606 0.193769
vt 0.717563 0.089893
vt 0.482181 0.201496
vt 0.308972 0.438977
vt 0.532616 0.328517
vt 0.541547 0.342162
vt 0.550400 0.355166
vt 0.558485 0.369678
vt 0.567334 0.383285
vt 0.575647 0.398134
vt 0.583334 0.415036
vt 0.590498 0.432784
vt 0.597210 0.450354
vt 0.603770 0.467304
vt 0.610092 0.483077
vt 0.616704 0.497342
vt 0.622961 0.510536
vt 0.488429 0.219774
vt 0.495386 0.238681
vt 0.502662 0.257229
vt 0.510874 0.274438
vt 0.519602 0.289792
vt 0.528225 0.304053
vt 0.536479 0.318606
vt 0.071821 0.197692
vt 0.098154 0.190866
vt 0.078437 0.183890
vt 0.086759 0.180989
vt 0.109149 0.200495
vt 0.120114 0.207846
vt 0.046506 0.808122
vt 0.046492 0.814392
vt 0.318743 0.154833
vt 0.317897 0.161336
vt 0.319531 0.143927
vt 0.327513 0.131899
vt 0.336991 0.119459
vt 0.347524 0.106425
vt 0.264337 0.420538
vt 0.277995 0.427134
vt 0.293094 0.433216
vt 0.665631 0.121886
vt 0.648435 0.130741
vt 0.682481 0.113273
vt 0.631246 0.139848
vt 0.614187 0.148975
vt 0.698757 0.105653
vt 0.597226 0.157970
vt 0.580241 0.166880
vt 0.563114 0.175447
vt 0.545926 0.183722
vt 0.528491 0.191486
vt 0.510866 0.199132
vt 0.714503 0.099343
vt 0.493426 0.206689
vt 0.729612 0.093776
vt 0.303338 0.428571
vt 0.544911 0.333221
vt 0.553670 0.346638
vt 0.562341 0.359388
vt 0.570923 0.373956
vt 0.579762 0.387792
vt 0.588165 0.402732
vt 0.595929 0.419744
vt 0.602974 0.437501
vt 0.609745 0.454920
vt 0.615894 0.471374
vt 0.621805 0.486531
vt 0.627705 0.500591
vt 0.500446 0.225447
vt 0.507608 0.244226
vt 0.515130 0.262421
vt 0.523429 0.279439
vt 0.531988 0.294598
vt 0.540473 0.308818
vt 0.548698 0.323520
vt 0.069509 0.186855
vt 0.095076 0.178628
vt 0.106527 0.188772
vt 0.074548 0.172197
vt 0.083066 0.168737
vt 0.118027 0.198258
vt 0.128857 0.206289
vt 0.056192 0.807656
vt 0.056209 0.812977
vt 0.311086 0.161397
vt 0.312132 0.154479
vt 0.312003 0.143752
vt 0.319526 0.131239
vt 0.327351 0.119115
vt 0.336512 0.107036
vt 0.346408 0.094923
vt 0.273264 0.418177
vt 0.287641 0.423734
vt 0.678021 0.125983
vt 0.660964 0.134860
vt 0.643741 0.143929
vt 0.694658 0.117333
vt 0.626436 0.153113
vt 0.609204 0.162218
vt 0.711012 0.109830
vt 0.592209 0.171221
vt 0.575252 0.180013
vt 0.558264 0.188552
vt 0.541056 0.196688
vt 0.523342 0.204501
vt 0.505679 0.212178
vt 0.726683 0.103313
vt 0.741477 0.097630
vt 0.297804 0.419374
vt 0.557132 0.338011
vt 0.565736 0.351202
vt 0.574785 0.363918
vt 0.583424 0.378284
vt 0.592122 0.392480
vt 0.600668 0.407452
vt 0.608252 0.424590
vt 0.615388 0.442339
vt 0.621563 0.459289
vt 0.627095 0.475023
vt 0.632451 0.489725
vt 0.512695 0.230968
vt 0.519922 0.249644
vt 0.527959 0.267536
vt 0.535901 0.284387
vt 0.544325 0.299478
vt 0.552583 0.313926
vt 0.560914 0.328576
vt 0.066051 0.175904
vt 0.103314 0.176501
vt 0.091720 0.165989
vt 0.114918 0.186550
vt 0.070365 0.160425
vt 0.079380 0.156529
vt 0.126982 0.196303
vt 0.138328 0.205966
vt 0.066912 0.806624
vt 0.066546 0.811575
vt 0.301457 0.141855
vt 0.310992 0.130724
vt 0.318799 0.118263
vt 0.326755 0.106876
vt 0.335546 0.095795
vt 0.344869 0.085210
vt 0.282731 0.415384
vt 0.690134 0.130066
vt 0.673183 0.139054
vt 0.656083 0.148128
vt 0.638901 0.157314
vt 0.707041 0.121518
vt 0.621682 0.166449
vt 0.604538 0.175442
vt 0.723342 0.113933
vt 0.587395 0.184396
vt 0.570276 0.193139
vt 0.553055 0.201623
vt 0.535646 0.209809
vt 0.517949 0.217678
vt 0.738723 0.107243
vt 0.752861 0.101266
vt 0.292607 0.411538
vt 0.569347 0.342932
vt 0.577976 0.355901
vt 0.587201 0.368445
vt 0.595929 0.382947
vt 0.604470 0.397328
vt 0.612932 0.412546
vt 0.620550 0.429780
vt 0.627032 0.447030
vt 0.632415 0.463216
vt 0.637340 0.478383
vt 0.525080 0.236355
vt 0.532667 0.254754
vt 0.540543 0.272623
vt 0.548381 0.289362
vt 0.556594 0.304537
vt 0.564701 0.319161
vt 0.573179 0.333622
vt 0.061870 0.164594
vt 0.100075 0.163840
vt 0.111719 0.174229
vt 0.088642 0.153295
vt 0.124143 0.184532
vt 0.066335 0.148722
vt 0.076024 0.144517
vt 0.137083 0.195774
vt 0.148871 0.206726
vt 0.078322 0.805467
vt 0.077660 0.810373
vt 0.930628 0.699827
vt 0.288356 0.152010
vt 0.288230 0.139033
vt 0.299931 0.128494
vt 0.309671 0.117209
vt 0.317892 0.105887
vt 0.325886 0.095654
vt 0.334361 0.086194
vt 0.343109 0.076897
vt 0.685377 0.143215
vt 0.702480 0.134273
vt 0.668303 0.152300
vt 0.651271 0.161496
vt 0.634179 0.170709
vt 0.719445 0.125725
vt 0.617028 0.179812
vt 0.599865 0.188841
vt 0.735560 0.117945
vt 0.582638 0.197719
vt 0.565355 0.206404
vt 0.547952 0.214885
vt 0.530315 0.223036
vt 0.750133 0.110946
vt 0.763275 0.104486
vt 0.581511 0.347942
vt 0.590380 0.360580
vt 0.599604 0.373308
vt 0.608166 0.387927
vt 0.616720 0.402422
vt 0.625165 0.418011
vt 0.632156 0.434840
vt 0.637697 0.451257
vt 0.642415 0.466740
vt 0.537593 0.241611
vt 0.545443 0.259612
vt 0.552835 0.277549
vt 0.560843 0.294441
vt 0.568727 0.309927
vt 0.576904 0.324357
vt 0.585452 0.338581
vt 0.057618 0.153069
vt 0.097283 0.151107
vt 0.108647 0.161696
vt 0.121317 0.172235
vt 0.085918 0.140928
vt 0.134912 0.183533
vt 0.062995 0.137134
vt 0.073370 0.132905
vt 0.148219 0.195932
vt 0.159631 0.207926
vt 0.089417 0.809669
vt 0.090261 0.804831
vt 0.932784 0.703455
vt 0.286341 0.164561
vt 0.921732 0.705566
vt 0.274719 0.149390
vt 0.274618 0.136306
vt 0.287183 0.125582
vt 0.298475 0.114865
vt 0.308303 0.104375
vt 0.317003 0.094660
vt 0.324988 0.085918
vt 0.333121 0.077660
vt 0.341099 0.069006
vt 0.680730 0.156370
vt 0.697893 0.147306
vt 0.714966 0.138532
vt 0.663718 0.165616
vt 0.646738 0.174913
vt 0.629631 0.184136
vt 0.731780 0.129947
vt 0.612487 0.193266
vt 0.595280 0.202293
vt 0.747046 0.121800
vt 0.577949 0.211159
vt 0.560463 0.219825
vt 0.542826 0.228263
vt 0.760386 0.114274
vt 0.772610 0.107277
vt 0.338719 0.061924
vt 0.593673 0.352856
vt 0.602706 0.365280
vt 0.612139 0.377907
vt 0.620265 0.393031
vt 0.628876 0.407691
vt 0.636778 0.423162
vt 0.642802 0.439334
vt 0.647653 0.454983
vt 0.550269 0.246560
vt 0.557923 0.264374
vt 0.565439 0.282476
vt 0.573062 0.299693
vt 0.580886 0.315262
vt 0.589248 0.329274
vt 0.597661 0.343412
vt 0.053500 0.141470
vt 0.105935 0.148913
vt 0.094775 0.138406
vt 0.118562 0.159591
vt 0.132640 0.170813
vt 0.083318 0.129182
vt 0.146626 0.183289
vt 0.060436 0.125324
vt 0.071215 0.121105
vt 0.159698 0.196525
vt 0.170937 0.208903
vt 0.102485 0.804810
vt 0.101608 0.809379
vt 0.924798 0.708964
vt 0.282756 0.176561
vt 0.273776 0.162190
vt 0.912126 0.712328
vt 0.261071 0.147428
vt 0.260868 0.134221
vt 0.273799 0.122918
vt 0.285831 0.112098
vt 0.296824 0.101999
vt 0.306999 0.093062
vt 0.315860 0.084951
vt 0.323981 0.076975
vt 0.332174 0.069002
vt 0.693294 0.160366
vt 0.676265 0.169547
vt 0.710506 0.151485
vt 0.727518 0.142724
vt 0.659395 0.178947
vt 0.642398 0.188345
vt 0.625197 0.197578
vt 0.743346 0.133866
vt 0.607938 0.206768
vt 0.590649 0.215775
vt 0.757317 0.125154
vt 0.573108 0.224615
vt 0.555383 0.233277
vt 0.769735 0.116927
vt 0.332436 0.059952
vt 0.605902 0.357653
vt 0.615201 0.369850
vt 0.624415 0.382610
vt 0.632169 0.398112
vt 0.640582 0.412550
vt 0.647394 0.427757
vt 0.652843 0.443270
vt 0.562967 0.251270
vt 0.570446 0.269233
vt 0.577861 0.287499
vt 0.585285 0.305092
vt 0.593109 0.320419
vt 0.601702 0.333989
vt 0.609810 0.348222
vt 0.050194 0.129535
vt 0.103174 0.135831
vt 0.116018 0.146583
vt 0.091864 0.125860
vt 0.130218 0.157805
vt 0.144698 0.169995
vt 0.080455 0.117097
vt 0.158634 0.183416
vt 0.058410 0.113202
vt 0.068782 0.109060
vt 0.171293 0.197276
vt 0.182672 0.209510
vt 0.114724 0.805108
vt 0.113978 0.809630
vt 0.915834 0.715460
vt 0.279411 0.188933
vt 0.271669 0.174878
vt 0.260431 0.160461
vt 0.903235 0.719162
vt 0.247174 0.145947
vt 0.246801 0.132657
vt 0.259992 0.120836
vt 0.272475 0.109542
vt 0.284041 0.099403
vt 0.295046 0.091091
vt 0.305215 0.083481
vt 0.314705 0.075756
vt 0.323509 0.067361
vt 0.706080 0.164398
vt 0.688704 0.173443
vt 0.671650 0.182820
vt 0.723364 0.155575
vt 0.739420 0.146657
vt 0.654790 0.192296
vt 0.637800 0.201705
vt 0.620617 0.211036
vt 0.753628 0.137218
vt 0.603285 0.220178
vt 0.585779 0.229223
vt 0.766510 0.127827
vt 0.568083 0.238044
vt 0.323951 0.057285
vt 0.618222 0.362012
vt 0.627860 0.374044
vt 0.636240 0.387462
vt 0.643900 0.402675
vt 0.651343 0.417005
vt 0.657531 0.431884
vt 0.575475 0.255864
vt 0.582887 0.274109
vt 0.590256 0.292559
vt 0.597619 0.310318
vt 0.605474 0.325385
vt 0.613983 0.338696
vt 0.622048 0.352812
vt 0.047370 0.117505
vt 0.100121 0.122612
vt 0.113425 0.133293
vt 0.127761 0.144616
vt 0.088213 0.113274
vt 0.142563 0.156605
vt 0.157054 0.169703
vt 0.077120 0.105074
vt 0.170648 0.183790
vt 0.057004 0.101887
vt 0.066845 0.097612
vt 0.183020 0.197838
vt 0.194557 0.210040
vt 0.126153 0.810014
vt 0.126866 0.805478
vt 0.907434 0.722556
vt 0.268833 0.187495
vt 0.275756 0.200813
vt 0.258947 0.173410
vt 0.246860 0.159199
vt 0.895657 0.726065
vt 0.233204 0.144804
vt 0.232685 0.131433
vt 0.245941 0.119310
vt 0.258751 0.107589
vt 0.270693 0.097191
vt 0.282232 0.089056
vt 0.293211 0.081791
vt 0.303782 0.074199
vt 0.314077 0.065642
vt 0.718847 0.168605
vt 0.701445 0.177365
vt 0.684232 0.186549
vt 0.667173 0.196066
vt 0.735360 0.159534
vt 0.749738 0.149845
vt 0.650128 0.205645
vt 0.632939 0.215099
vt 0.615617 0.224383
vt 0.762740 0.139833
vt 0.598229 0.233570
vt 0.580616 0.242586
vt 0.314278 0.055102
vt 0.630796 0.366019
vt 0.640242 0.378353
vt 0.647766 0.392428
vt 0.654947 0.407115
vt 0.661623 0.421220
vt 0.588067 0.260468
vt 0.595404 0.278936
vt 0.602757 0.297589
vt 0.610033 0.315201
vt 0.618000 0.330008
vt 0.626356 0.343431
vt 0.634537 0.357004
vt 0.045373 0.106355
vt 0.096693 0.109522
vt 0.110648 0.119859
vt 0.125311 0.131147
vt 0.140336 0.143170
vt 0.084597 0.100835
vt 0.155200 0.155998
vt 0.169472 0.169772
vt 0.074024 0.093581
vt 0.182712 0.184209
vt 0.065823 0.087673
vt 0.056619 0.092474
vt 0.194928 0.198236
vt 0.206423 0.210586
vt 0.138801 0.805966
vt 0.138129 0.810507
vt 0.899809 0.729767
vt 0.265665 0.200006
vt 0.256794 0.186438
vt 0.273166 0.211689
vt 0.245859 0.172418
vt 0.233233 0.158242
vt 0.890291 0.732501
vt 0.219437 0.143889
vt 0.218714 0.130431
vt 0.231843 0.118137
vt 0.244894 0.106220
vt 0.257318 0.095570
vt 0.268992 0.087205
vt 0.280435 0.080413
vt 0.291439 0.072781
vt 0.302975 0.064070
vt 0.714029 0.181434
vt 0.730932 0.172638
vt 0.696732 0.190461
vt 0.679699 0.199877
vt 0.662775 0.209467
vt 0.745812 0.162650
vt 0.758692 0.152232
vt 0.645556 0.219116
vt 0.628156 0.228564
vt 0.610607 0.237763
vt 0.593108 0.246974
vt 0.302868 0.053288
vt 0.643432 0.369861
vt 0.652014 0.382859
vt 0.658777 0.397037
vt 0.665331 0.411245
vt 0.600597 0.265179
vt 0.608035 0.283754
vt 0.615261 0.302329
vt 0.622363 0.319794
vt 0.630562 0.334482
vt 0.638860 0.347811
vt 0.647272 0.360761
vt 0.044515 0.096455
vt 0.093416 0.097085
vt 0.107754 0.106645
vt 0.122807 0.117630
vt 0.138010 0.129626
vt 0.153179 0.142375
vt 0.081388 0.089492
vt 0.167942 0.155857
vt 0.181891 0.170048
vt 0.071945 0.083613
vt 0.194823 0.184575
vt 0.057635 0.084370
vt 0.065208 0.079193
vt 0.206887 0.198594
vt 0.218268 0.211063
vt 0.150356 0.806258
vt 0.149879 0.811128
vt 0.893721 0.736015
vt 0.254281 0.199330
vt 0.263427 0.211099
vt 0.244357 0.185713
vt 0.232738 0.171743
vt 0.219818 0.157493
vt 0.887300 0.735920
vt 0.205908 0.143158
vt 0.204885 0.129622
vt 0.217741 0.117145
vt 0.230894 0.105187
vt 0.243733 0.094348
vt 0.255594 0.085900
vt 0.267280 0.079103
vt 0.278654 0.071645
vt 0.290492 0.062685
vt 0.726380 0.185308
vt 0.709421 0.194311
vt 0.741553 0.175638
vt 0.692132 0.203676
vt 0.675230 0.213253
vt 0.658327 0.223027
vt 0.754410 0.164960
vt 0.641028 0.232695
vt 0.623377 0.242150
vt 0.605668 0.251431
vt 0.290232 0.051788
vt 0.655612 0.373741
vt 0.662864 0.387036
vt 0.669253 0.401115
vt 0.613295 0.269807
vt 0.620705 0.288402
vt 0.627855 0.306704
vt 0.634966 0.323754
vt 0.643142 0.338342
vt 0.651590 0.351347
vt 0.659657 0.364249
vt 0.045305 0.087683
vt 0.091717 0.086364
vt 0.105359 0.094337
vt 0.120304 0.104441
vt 0.135651 0.116084
vt 0.151025 0.128764
vt 0.166171 0.142115
vt 0.080161 0.080569
vt 0.180733 0.156020
vt 0.194394 0.170418
vt 0.070583 0.075335
vt 0.207057 0.184871
vt 0.058360 0.076785
vt 0.062181 0.070923
vt 0.218818 0.198748
vt 0.229688 0.211280
vt 0.161643 0.806619
vt 0.161349 0.812000
vt 0.888799 0.739985
vt 0.252304 0.211016
vt 0.242511 0.198966
vt 0.231816 0.185298
vt 0.182183 0.808196
vt 0.219743 0.171248
vt 0.206605 0.156883
vt 0.192530 0.142594
vt 0.191187 0.129026
vt 0.203668 0.116357
vt 0.216652 0.104375
vt 0.229676 0.093866
vt 0.241883 0.085292
vt 0.253741 0.078087
vt 0.265677 0.070606
vt 0.277610 0.061546
vt 0.737145 0.188435
vt 0.721662 0.197886
vt 0.704765 0.207435
vt 0.750004 0.177832
vt 0.687576 0.216940
vt 0.670654 0.226764
vt 0.653649 0.236693
vt 0.277053 0.050559
vt 0.636214 0.246437
vt 0.618419 0.255933
vt 0.666677 0.377469
vt 0.673259 0.390952
vt 0.625993 0.274252
vt 0.633462 0.292633
vt 0.640412 0.310624
vt 0.647656 0.327261
vt 0.655828 0.341387
vt 0.664044 0.354366
vt 0.670850 0.367650
vt 0.047191 0.079792
vt 0.104073 0.084152
vt 0.091155 0.078251
vt 0.118179 0.092427
vt 0.133327 0.102932
vt 0.148794 0.115250
vt 0.164236 0.128506
vt 0.179301 0.142224
vt 0.079349 0.072695
vt 0.193606 0.156376
vt 0.206990 0.170816
vt 0.067979 0.066890
vt 0.219361 0.185100
vt 0.051947 0.067850
vt 0.056713 0.061468
vt 0.230723 0.198744
vt 0.240978 0.211163
vt 0.172393 0.807342
vt 0.172295 0.812964
vt 0.182169 0.813872
vt 0.177625 0.128624
vt 0.189680 0.115735
vt 0.202349 0.103683
vt 0.215396 0.093402
vt 0.227914 0.084974
vt 0.239955 0.077530
vt 0.252286 0.069634
vt 0.264534 0.060531
vt 0.732428 0.201202
vt 0.745514 0.190762
vt 0.716668 0.211069
vt 0.700032 0.220589
vt 0.683147 0.230382
vt 0.666033 0.240469
vt 0.648726 0.250466
vt 0.263682 0.049653
vt 0.631180 0.260252
vt 0.677077 0.381173
vt 0.638768 0.278408
vt 0.646201 0.296537
vt 0.653006 0.314141
vt 0.660352 0.330055
vt 0.668348 0.343922
vt 0.675216 0.357267
vt 0.681113 0.370990
vt 0.045762 0.072212
vt 0.103571 0.076264
vt 0.117118 0.082656
vt 0.090404 0.070411
vt 0.131451 0.091335
vt 0.146645 0.102273
vt 0.162204 0.115064
vt 0.077031 0.063799
vt 0.063971 0.056911
vt 0.175824 0.115294
vt 0.188130 0.103090
vt 0.201088 0.092941
vt 0.213891 0.084704
vt 0.226201 0.077161
vt 0.238609 0.068966
vt 0.251070 0.059635
vt 0.727191 0.214228
vt 0.740749 0.203750
vt 0.711750 0.224227
vt 0.695347 0.233883
vt 0.250094 0.048858
vt 0.678760 0.244054
vt 0.661494 0.254306
vt 0.643780 0.264352
vt 0.651704 0.282339
vt 0.658658 0.300148
vt 0.665463 0.317278
vt 0.673005 0.332627
vt 0.679449 0.346526
vt 0.685318 0.360236
vt 0.102525 0.068622
vt 0.116417 0.074986
vt 0.130407 0.082120
vt 0.088432 0.061130
vt 0.145021 0.090894
vt 0.160192 0.102174
vt 0.073672 0.053293
vt 0.174075 0.102550
vt 0.186804 0.092233
vt 0.199876 0.084351
vt 0.212362 0.076820
vt 0.224802 0.068457
vt 0.237392 0.058868
vt 0.735798 0.216783
vt 0.722294 0.227350
vt 0.236393 0.048177
vt 0.707100 0.237253
vt 0.690770 0.247418
vt 0.674105 0.257871
vt 0.656736 0.268263
vt 0.664090 0.286004
vt 0.670907 0.303527
vt 0.677910 0.320058
vt 0.683957 0.335024
vt 0.689511 0.349268
vt 0.100903 0.059088
vt 0.115317 0.067318
vt 0.129626 0.074493
vt 0.144037 0.081985
vt 0.085467 0.050235
vt 0.158724 0.090813
vt 0.172669 0.091342
vt 0.185781 0.083660
vt 0.198528 0.076373
vt 0.211010 0.068064
vt 0.223640 0.058325
vt 0.730959 0.229850
vt 0.717432 0.240423
vt 0.222659 0.047741
vt 0.702327 0.250730
vt 0.686027 0.261175
vt 0.669237 0.271893
vt 0.676161 0.289395
vt 0.682817 0.306518
vt 0.688619 0.322271
vt 0.693703 0.337267
vt 0.098529 0.047825
vt 0.113788 0.057677
vt 0.128460 0.066611
vt 0.143110 0.074571
vt 0.157837 0.082196
vt 0.171781 0.082770
vt 0.184657 0.075912
vt 0.197205 0.067719
vt 0.209817 0.057974
vt 0.725999 0.242892
vt 0.208838 0.047467
vt 0.712385 0.253654
vt 0.697547 0.264312
vt 0.681206 0.275212
vt 0.687806 0.292427
vt 0.693149 0.308655
vt 0.697902 0.324095
vt 0.111890 0.046317
vt 0.127053 0.056890
vt 0.141966 0.066517
vt 0.156799 0.074833
vt 0.170675 0.075282
vt 0.183375 0.067400
vt 0.196052 0.057777
vt 0.195023 0.047223
vt 0.720914 0.256050
vt 0.707449 0.267144
vt 0.692722 0.278243
vt 0.697850 0.294772
vt 0.702168 0.310373
vt 0.125608 0.045633
vt 0.140622 0.056679
vt 0.155641 0.066619
vt 0.169486 0.066922
vt 0.182191 0.057489
vt 0.181128 0.046830
vt 0.715996 0.269402
vt 0.702624 0.280878
vt 0.706724 0.296624
vt 0.139415 0.045457
vt 0.154363 0.056793
vt 0.168242 0.057070
vt 0.167158 0.046211
vt 0.711297 0.282924
vt 0.153255 0.045660
vt 0.073846 0.951372
vt 0.060588 0.951241
vt 0.064169 0.942969
vt 0.076391 0.943580
vt 0.072291 0.962128
vt 0.054095 0.941505
vt 0.049008 0.950047
vt 0.066833 0.936098
vt 0.078276 0.936698
vt 0.089285 0.943821
vt 0.087661 0.951517
vt 0.086634 0.961947
vt 0.057126 0.934495
vt 0.040189 0.946067
vt 0.046110 0.939000
vt 0.079511 0.928634
vt 0.068145 0.927997
vt 0.090624 0.936958
vt 0.101346 0.951611
vt 0.102415 0.943971
vt 0.100734 0.961689
vt 0.049373 0.932838
vt 0.058134 0.926876
vt 0.033716 0.940735
vt 0.040264 0.935007
vt 0.091672 0.928939
vt 0.068412 0.917963
vt 0.080075 0.918338
vt 0.103348 0.937181
vt 0.115627 0.944036
vt 0.114952 0.951541
vt 0.114592 0.961443
vt 0.044139 0.931350
vt 0.049941 0.925816
vt 0.058145 0.917266
vt 0.029411 0.933278
vt 0.036937 0.928676
vt 0.092289 0.918646
vt 0.104174 0.929068
vt 0.068631 0.905737
vt 0.080455 0.906141
vt 0.116336 0.937275
vt 0.128824 0.944149
vt 0.128357 0.951597
vt 0.128179 0.961334
vt 0.043263 0.926037
vt 0.049721 0.916749
vt 0.058268 0.905572
vt 0.027668 0.922830
vt 0.035250 0.919633
vt 0.092669 0.906319
vt 0.104663 0.918687
vt 0.116831 0.929055
vt 0.068947 0.893176
vt 0.080764 0.893094
vt 0.129374 0.937184
vt 0.141909 0.944293
vt 0.141571 0.951711
vt 0.141512 0.961293
vt 0.042351 0.917216
vt 0.049496 0.905711
vt 0.058347 0.893457
vt 0.027676 0.910720
vt 0.034828 0.908506
vt 0.092974 0.893158
vt 0.105008 0.906465
vt 0.117287 0.918570
vt 0.129698 0.928902
vt 0.081125 0.879884
vt 0.069310 0.880143
vt 0.142327 0.937190
vt 0.154802 0.944495
vt 0.154541 0.951833
vt 0.154306 0.961183
vt 0.042009 0.906552
vt 0.049540 0.894020
vt 0.058837 0.880872
vt 0.028068 0.898316
vt 0.035085 0.896554
vt 0.105331 0.893380
vt 0.093254 0.879960
vt 0.117633 0.906539
vt 0.130134 0.918560
vt 0.142683 0.928907
vt 0.070096 0.867223
vt 0.081766 0.866965
vt 0.155134 0.937377
vt 0.167292 0.951925
vt 0.167572 0.944573
vt 0.167142 0.961214
vt 0.042133 0.894994
vt 0.049922 0.881840
vt 0.059246 0.868160
vt 0.028227 0.885654
vt 0.035411 0.884353
vt 0.105635 0.880244
vt 0.117942 0.893744
vt 0.093678 0.866954
vt 0.130490 0.906784
vt 0.143120 0.918746
vt 0.155679 0.928918
vt 0.071013 0.855510
vt 0.082482 0.854930
vt 0.167861 0.937377
vt 0.180027 0.951768
vt 0.180095 0.944295
vt 0.180129 0.960781
vt 0.042495 0.882958
vt 0.050224 0.869463
vt 0.059855 0.856598
vt 0.028149 0.873097
vt 0.035711 0.872243
vt 0.105843 0.867370
vt 0.118151 0.880720
vt 0.130775 0.894197
vt 0.094281 0.855051
vt 0.143512 0.907111
vt 0.156189 0.918930
vt 0.168472 0.929054
vt 0.071468 0.845642
vt 0.083352 0.845775
vt 0.180396 0.936974
vt 0.042788 0.870981
vt 0.050232 0.857843
vt 0.060578 0.846440
vt 0.036282 0.860548
vt 0.027528 0.861582
vt 0.118366 0.868154
vt 0.106446 0.855936
vt 0.130967 0.881257
vt 0.143769 0.894673
vt 0.095578 0.846336
vt 0.156630 0.907448
vt 0.169243 0.918978
vt 0.181150 0.928780
vt 0.073067 0.838772
vt 0.084871 0.839242
vt 0.842295 0.856429
vt 0.839034 0.862879
vt 0.835833 0.870784
vt 0.043041 0.859363
vt 0.050390 0.848046
vt 0.061493 0.839323
vt 0.024928 0.852246
vt 0.036070 0.849899
vt 0.118997 0.857070
vt 0.131234 0.869018
vt 0.107805 0.847123
vt 0.143908 0.881930
vt 0.156884 0.895086
vt 0.096943 0.839753
vt 0.169738 0.907544
vt 0.182079 0.918799
vt 0.074443 0.833924
vt 0.086363 0.834011
vt 0.846290 0.850543
vt 0.852190 0.861677
vt 0.849260 0.867779
vt 0.846423 0.875302
vt 0.043041 0.849059
vt 0.050716 0.840636
vt 0.062769 0.834246
vt 0.034688 0.841817
vt 0.131780 0.857966
vt 0.120134 0.848159
vt 0.144270 0.869815
vt 0.109083 0.840361
vt 0.157015 0.882591
vt 0.169991 0.895271
vt 0.098431 0.834211
vt 0.182685 0.907149
vt 0.851219 0.844109
vt 0.087545 0.828906
vt 0.075667 0.829341
vt 0.856229 0.856066
vt 0.858728 0.872239
vt 0.861175 0.866565
vt 0.855856 0.879475
vt 0.042706 0.841749
vt 0.051695 0.835291
vt 0.064207 0.829665
vt 0.033729 0.835004
vt 0.144692 0.858793
vt 0.132557 0.849025
vt 0.121178 0.841106
vt 0.157223 0.870649
vt 0.110406 0.834561
vt 0.170239 0.882970
vt 0.183117 0.895130
vt 0.099556 0.828682
vt 0.857303 0.836165
vt 0.861311 0.849665
vt 0.076384 0.822882
vt 0.088040 0.822090
vt 0.865152 0.861225
vt 0.042246 0.836372
vt 0.053079 0.830601
vt 0.065372 0.823783
vt 0.037025 0.830608
vt 0.145089 0.849757
vt 0.157557 0.859574
vt 0.133393 0.841956
vt 0.122370 0.835165
vt 0.170419 0.871209
vt 0.111613 0.828813
vt 0.183551 0.882997
vt 0.100324 0.821827
vt 0.864306 0.827069
vt 0.867439 0.841855
vt 0.870304 0.854786
vt 0.076854 0.815639
vt 0.088619 0.815035
vt 0.872201 0.865047
vt 0.874790 0.871577
vt 0.877123 0.875562
vt 0.880472 0.882416
vt 0.043764 0.832067
vt 0.054674 0.824938
vt 0.066086 0.816822
vt 0.039108 0.821755
vt 0.040513 0.825922
vt 0.157697 0.850482
vt 0.145664 0.842727
vt 0.170402 0.860451
vt 0.134422 0.835950
vt 0.123595 0.829254
vt 0.183933 0.871244
vt 0.112360 0.821938
vt 0.871605 0.817568
vt 0.100882 0.814476
vt 0.874467 0.832875
vt 0.876338 0.846769
vt 0.877202 0.858409
vt 0.877428 0.867641
vt 0.881373 0.871781
vt 0.885342 0.878224
vt 0.045438 0.826526
vt 0.055779 0.818276
vt 0.046490 0.820091
vt 0.158093 0.843485
vt 0.170507 0.851462
vt 0.146575 0.836769
vt 0.184114 0.860471
vt 0.135557 0.829889
vt 0.124351 0.822368
vt 0.113226 0.814573
vt 0.878716 0.808075
vt 0.881930 0.823558
vt 0.883180 0.838060
vt 0.882987 0.850681
vt 0.882066 0.861894
vt 0.885942 0.866313
vt 0.890395 0.872517
vt 0.170703 0.844331
vt 0.158776 0.837639
vt 0.184080 0.851753
vt 0.147517 0.830717
vt 0.136388 0.822944
vt 0.125073 0.815072
vt 0.885899 0.798642
vt 0.888848 0.814263
vt 0.890403 0.828923
vt 0.889447 0.842330
vt 0.887733 0.854524
vt 0.891531 0.859321
vt 0.895944 0.865928
vt 0.171114 0.838390
vt 0.183826 0.844893
vt 0.159529 0.831646
vt 0.148365 0.823850
vt 0.892963 0.789345
vt 0.137159 0.815704
vt 0.895850 0.804863
vt 0.897491 0.819796
vt 0.896141 0.833532
vt 0.893968 0.846450
vt 0.897744 0.851375
vt 0.902150 0.857989
vt 0.171598 0.832523
vt 0.183534 0.839036
vt 0.160450 0.825024
vt 0.899686 0.780408
vt 0.148941 0.816639
vt 0.903176 0.795029
vt 0.904001 0.810298
vt 0.902802 0.824335
vt 0.900405 0.837739
vt 0.904181 0.842649
vt 0.908844 0.848862
vt 0.172333 0.826199
vt 0.183284 0.833370
vt 0.907333 0.771194
vt 0.160896 0.817920
vt 0.910273 0.785013
vt 0.910703 0.800136
vt 0.909272 0.814499
vt 0.906743 0.828395
vt 0.910590 0.833096
vt 0.915587 0.839068
vt 0.183324 0.827209
vt 0.172493 0.819281
vt 0.901645 0.761770
vt 0.917019 0.774466
vt 0.917658 0.789474
vt 0.915929 0.804122
vt 0.913156 0.818471
vt 0.917114 0.823113
vt 0.922333 0.829144
vt 0.182786 0.820127
vt 0.898366 0.756451
vt 0.917332 0.758911
vt 0.911342 0.754348
vt 0.924438 0.763612
vt 0.924470 0.778696
vt 0.922801 0.793536
vt 0.919801 0.808217
vt 0.923734 0.812868
vt 0.928981 0.818948
vt 0.895272 0.751321
vt 0.906450 0.750442
vt 0.920121 0.744803
vt 0.925641 0.748438
vt 0.931570 0.768171
vt 0.932195 0.752968
vt 0.929816 0.782943
vt 0.926779 0.797715
vt 0.930639 0.802523
vt 0.935928 0.808666
vt 0.891787 0.745344
vt 0.901747 0.746491
vt 0.914890 0.741882
vt 0.929422 0.736122
vt 0.934725 0.739160
vt 0.938814 0.757871
vt 0.937003 0.772632
vt 0.940520 0.743138
vt 0.933958 0.787312
vt 0.937873 0.792172
vt 0.942954 0.798212
vt 0.897335 0.740993
vt 0.909379 0.738720
vt 0.923806 0.733375
vt 0.938245 0.727832
vt 0.943530 0.730455
vt 0.946412 0.747790
vt 0.944106 0.762453
vt 0.941289 0.777074
vt 0.948955 0.734030
vt 0.945192 0.781803
vt 0.950182 0.787742
vt 0.903999 0.734322
vt 0.917793 0.730181
vt 0.932289 0.725423
vt 0.945486 0.720401
vt 0.950489 0.723281
vt 0.954431 0.738134
vt 0.951406 0.752445
vt 0.948426 0.766909
vt 0.956191 0.726694
vt 0.952444 0.771492
vt 0.957524 0.777237
vt 0.912164 0.726120
vt 0.926319 0.722278
vt 0.940004 0.718462
vt 0.949036 0.713181
vt 0.955167 0.717632
vt 0.961500 0.730353
vt 0.958610 0.742820
vt 0.955499 0.756955
vt 0.960648 0.721515
vt 0.959486 0.761460
vt 0.964610 0.766735
vt 0.920346 0.718612
vt 0.934307 0.715497
vt 0.942116 0.713798
vt 0.958717 0.712636
vt 0.967396 0.725557
vt 0.965144 0.735256
vt 0.962157 0.747507
vt 0.964367 0.716617
vt 0.965644 0.752145
vt 0.970537 0.757281
vt 0.928887 0.712180
vt 0.940258 0.710142
vt 0.944148 0.706366
vt 0.964506 0.706680
vt 0.971886 0.734422
vt 0.965721 0.742236
vt 0.969968 0.709010
vt 0.970401 0.743891
vt 0.975139 0.748420
vt 0.935831 0.706585
vt 0.941127 0.702672
vt 0.968269 0.701402
vt 0.976759 0.732440
vt 0.974823 0.702967
vt 0.978527 0.741813
vt 0.981381 0.736992
vt 0.988873 0.743261
vt 0.850596 0.888602
vt 0.841432 0.884712
vt 0.830955 0.880534
vt 0.824512 0.865849
vt 0.828270 0.857756
vt 0.831780 0.851084
vt 0.885001 0.891733
vt 0.819751 0.875597
vt 0.835721 0.845010
vt 0.890896 0.887350
vt 0.840476 0.838474
vt 0.896719 0.881562
vt 0.846638 0.830375
vt 0.902648 0.874788
vt 0.853662 0.821003
vt 0.908907 0.866822
vt 0.860681 0.811231
vt 0.915705 0.857316
vt 0.867664 0.801575
vt 0.922729 0.847035
vt 0.874674 0.792061
vt 0.929796 0.837007
vt 0.881102 0.783230
vt 0.936744 0.826821
vt 0.886681 0.775592
vt 0.943677 0.816524
vt 0.889756 0.769271
vt 0.950636 0.806183
vt 0.890459 0.763898
vt 0.957745 0.795719
vt 0.889857 0.758677
vt 0.964853 0.785195
vt 0.888599 0.753407
vt 0.971997 0.774537
vt 0.885813 0.747359
vt 0.977999 0.764530
vt 0.883296 0.741298
vt 0.982507 0.755565
vt 0.882867 0.735578
vt 0.986168 0.748663
vt 0.885526 0.729632
vt 0.890416 0.722648
vt 0.977135 0.698245
vt 0.994832 0.753126
vt 0.996316 0.746738
vt 0.898465 0.715379
vt 0.970078 0.697335
vt 0.908320 0.708327
vt 0.939028 0.699634
vt 0.918603 0.701405
vt 0.938567 0.695889
vt 0.928549 0.694777
vt 0.942165 0.688399
vt 0.983661 0.698548
vt 0.996641 0.740510
vt 0.980412 0.704418
vt 0.990391 0.738086
vt 0.975194 0.711251
vt 0.983617 0.732196
vt 0.970332 0.718982
vt 0.975214 0.726904
vt 0.943570 0.696049
vt 0.963515 0.695920
vt 0.945736 0.699356
vt 0.962057 0.699616
vt 0.948964 0.703778
vt 0.959453 0.704078
vt 0.952944 0.708494
vt 0.957162 0.708225
vt 0.858121 0.892059
vt 0.878884 0.895376
vt 0.863279 0.882858
vt 0.874643 0.885547
vt 0.866241 0.875772
vt 0.871376 0.878111
vt 0.868279 0.870099
vt 0.870065 0.871684
vt 0.197788 0.859878
vt 0.197376 0.870842
vt 0.198164 0.850380
vt 0.196794 0.882675
vt 0.197290 0.843338
vt 0.196221 0.894594
vt 0.195191 0.838124
vt 0.195547 0.906606
vt 0.192888 0.833045
vt 0.194559 0.918271
vt 0.191510 0.827466
vt 0.193527 0.928391
vt 0.190668 0.820740
vt 0.150805 0.800223
vt 0.162035 0.800383
vt 0.192736 0.936442
vt 0.190081 0.814394
vt 0.172874 0.800967
vt 0.139382 0.800170
vt 0.192284 0.943688
vt 0.154390 0.972799
vt 0.141720 0.972844
vt 0.182900 0.801845
vt 0.189753 0.809008
vt 0.127491 0.799717
vt 0.192422 0.951243
vt 0.167342 0.972479
vt 0.128371 0.972862
vt 0.190675 0.802914
vt 0.115449 0.799307
vt 0.192962 0.960149
vt 0.180434 0.971827
vt 0.114712 0.973016
vt 0.020217 0.874920
vt 0.017353 0.863621
vt 0.103281 0.798886
vt 0.010986 0.854463
vt 0.193374 0.970984
vt 0.100794 0.973245
vt 0.021431 0.887050
vt 0.090978 0.798658
vt 0.018030 0.842160
vt 0.001917 0.848501
vt 0.086595 0.973608
vt 0.021656 0.899344
vt 0.078793 0.799117
vt 0.033531 0.823138
vt 0.072167 0.973956
vt 0.021193 0.911388
vt 0.067023 0.799812
vt 0.057598 0.974041
vt 0.021057 0.923782
vt 0.056370 0.800387
vt 0.032161 0.816030
vt 0.043435 0.974807
vt 0.041364 0.960754
vt 0.031988 0.953113
vt 0.022229 0.936033
vt 0.046421 0.800781
vt 0.031007 0.808856
vt 0.026111 0.945769
vt 0.037701 0.801268
vt 0.029222 0.801782
vt 0.021204 0.836013
vt 0.027778 0.824254
vt 0.063933 0.412271
vt 0.057192 0.412436
vt 0.054522 0.406869
vt 0.071975 0.411268
vt 0.049478 0.397865
vt 0.082382 0.409642
vt 0.043835 0.387584
vt 0.094234 0.408003
vt 0.038498 0.376686
vt 0.106539 0.407392
vt 0.034476 0.366306
vt 0.118435 0.409236
vt 0.031946 0.356818
vt 0.131331 0.412022
vt 0.030681 0.347248
vt 0.145174 0.412610
vt 0.031160 0.336043
vt 0.159049 0.412230
vt 0.033542 0.322911
vt 0.173269 0.412109
vt 0.037253 0.309223
vt 0.186965 0.411989
vt 0.041306 0.295802
vt 0.145483 0.354185
vt 0.146060 0.368069
vt 0.159103 0.367045
vt 0.200736 0.411972
vt 0.045227 0.282713
vt 0.137362 0.347150
vt 0.172254 0.366530
vt 0.214668 0.411792
vt 0.048462 0.270136
vt 0.132412 0.340444
vt 0.185252 0.365979
vt 0.228688 0.410971
vt 0.050997 0.258565
vt 0.129838 0.331134
vt 0.198148 0.365443
vt 0.242677 0.409366
vt 0.054429 0.248408
vt 0.129599 0.319586
vt 0.210902 0.364856
vt 0.256594 0.406965
vt 0.059266 0.239593
vt 0.129885 0.307947
vt 0.223490 0.364038
vt 0.270410 0.403883
vt 0.062910 0.232499
vt 0.130304 0.296576
vt 0.235803 0.362976
vt 0.284021 0.400152
vt 0.064098 0.226442
vt 0.129914 0.284936
vt 0.247398 0.361474
vt 0.297338 0.395922
vt 0.063859 0.219458
vt 0.128555 0.273545
vt 0.259150 0.359169
vt 0.109731 0.248842
vt 0.118784 0.254789
vt 0.125691 0.242831
vt 0.309995 0.391151
vt 0.063063 0.210467
vt 0.125378 0.263139
vt 0.270885 0.356113
vt 0.129061 0.237648
vt 0.321293 0.385949
vt 0.061759 0.200324
vt 0.282303 0.352459
vt 0.127279 0.228312
vt 0.132437 0.233280
vt 0.123813 0.221948
vt 0.331111 0.380435
vt 0.059754 0.190097
vt 0.292760 0.348438
vt 0.121105 0.215289
vt 0.340236 0.373959
vt 0.056687 0.179633
vt 0.301855 0.344008
vt 0.348677 0.366290
vt 0.052883 0.168554
vt 0.309526 0.339959
vt 0.129743 0.214236
vt 0.355662 0.357725
vt 0.048830 0.157153
vt 0.315470 0.336429
vt 0.138714 0.214485
vt 0.360625 0.348703
vt 0.044788 0.145486
vt 0.319533 0.332628
vt 0.148583 0.215861
vt 0.364311 0.338537
vt 0.040860 0.133525
vt 0.322583 0.327974
vt 0.158821 0.217067
vt 0.367372 0.326256
vt 0.037388 0.121459
vt 0.324862 0.322009
vt 0.170103 0.217677
vt 0.369850 0.312442
vt 0.034451 0.109744
vt 0.326841 0.314981
vt 0.181846 0.218084
vt 0.371965 0.298497
vt 0.032500 0.098738
vt 0.328597 0.306518
vt 0.193790 0.218667
vt 0.373896 0.284767
vt 0.032703 0.088373
vt 0.330058 0.296204
vt 0.205720 0.219252
vt 0.375491 0.271295
vt 0.034606 0.078433
vt 0.331219 0.284884
vt 0.217540 0.219898
vt 0.376547 0.257930
vt 0.038111 0.069009
vt 0.332332 0.273583
vt 0.229214 0.220271
vt 0.376705 0.244592
vt 0.042717 0.060356
vt 0.332925 0.262050
vt 0.240467 0.220031
vt 0.376486 0.231145
vt 0.049641 0.052468
vt 0.333020 0.250295
vt 0.251581 0.219779
vt 0.375896 0.217865
vt 0.058836 0.046273
vt 0.332673 0.238406
vt 0.262388 0.219732
vt 0.374615 0.204687
vt 0.069765 0.041926
vt 0.332016 0.226335
vt 0.272461 0.219979
vt 0.372817 0.191605
vt 0.082354 0.038700
vt 0.331115 0.214307
vt 0.280993 0.211998
vt 0.280317 0.220217
vt 0.370578 0.178719
vt 0.095903 0.036333
vt 0.330171 0.202302
vt 0.283604 0.201701
vt 0.367698 0.166274
vt 0.110003 0.035075
vt 0.328997 0.191661
vt 0.286879 0.190250
vt 0.364173 0.154486
vt 0.124271 0.034596
vt 0.327750 0.182774
vt 0.290276 0.178355
vt 0.361322 0.142838
vt 0.138426 0.034516
vt 0.327700 0.175910
vt 0.337381 0.176259
vt 0.334698 0.170822
vt 0.294889 0.167034
vt 0.359958 0.130686
vt 0.152453 0.034863
vt 0.330175 0.167238
vt 0.304845 0.155360
vt 0.359150 0.118022
vt 0.166353 0.035778
vt 0.324274 0.165750
vt 0.358359 0.105290
vt 0.180258 0.036854
vt 0.317509 0.165490
vt 0.357158 0.093282
vt 0.194176 0.037506
vt 0.311093 0.165738
vt 0.304512 0.163503
vt 0.355323 0.082957
vt 0.207937 0.037792
vt 0.305590 0.167228
vt 0.352686 0.073714
vt 0.221764 0.037993
vt 0.348782 0.064949
vt 0.235581 0.038407
vt 0.342694 0.057080
vt 0.249365 0.038987
vt 0.334520 0.051255
vt 0.263079 0.039648
vt 0.325441 0.047509
vt 0.276776 0.040551
vt 0.315126 0.044866
vt 0.290374 0.041617
vt 0.303356 0.042938
vt 0.297645 0.724934
vt 0.285204 0.730546
vt 0.272749 0.736193
vt 0.310132 0.719544
vt 0.260364 0.741857
vt 0.322636 0.714394
vt 0.247976 0.747290
vt 0.335120 0.709432
vt 0.235536 0.752721
vt 0.347046 0.704307
vt 0.382195 0.574357
vt 0.387178 0.586183
vt 0.223119 0.758370
vt 0.358034 0.698827
vt 0.392119 0.598068
vt 0.377322 0.562581
vt 0.210801 0.764020
vt 0.368095 0.692929
vt 0.396879 0.610008
vt 0.083684 0.724051
vt 0.078745 0.712037
vt 0.372349 0.550799
vt 0.198708 0.769452
vt 0.377229 0.686275
vt 0.401183 0.621915
vt 0.088574 0.735963
vt 0.073753 0.699925
vt 0.367320 0.539020
vt 0.186761 0.774457
vt 0.093394 0.747768
vt 0.404587 0.633259
vt 0.385620 0.678875
vt 0.068844 0.687748
vt 0.162282 0.458696
vt 0.173765 0.452745
vt 0.362159 0.527186
vt 0.174736 0.779131
vt 0.098205 0.759208
vt 0.406713 0.643839
vt 0.392858 0.670979
vt 0.064016 0.675505
vt 0.150609 0.464377
vt 0.184777 0.446376
vt 0.356837 0.515427
vt 0.162754 0.783803
vt 0.103185 0.769500
vt 0.407069 0.654111
vt 0.059256 0.663252
vt 0.138812 0.469732
vt 0.195099 0.439566
vt 0.351439 0.503671
vt 0.150955 0.788238
vt 0.108509 0.778199
vt 0.405174 0.664408
vt 0.401282 0.674344
vt 0.054628 0.651015
vt 0.126831 0.474664
vt 0.205434 0.433269
vt 0.346014 0.491902
vt 0.140294 0.791574
vt 0.114063 0.785325
vt 0.050100 0.639101
vt 0.114721 0.479597
vt 0.216531 0.428013
vt 0.340630 0.480154
vt 0.130770 0.793752
vt 0.119437 0.790971
vt 0.045115 0.627677
vt 0.102762 0.484520
vt 0.228150 0.423117
vt 0.335172 0.468489
vt 0.124244 0.795524
vt 0.039221 0.616163
vt 0.090676 0.489057
vt 0.239804 0.418501
vt 0.329595 0.456928
vt 0.033097 0.604322
vt 0.078585 0.493572
vt 0.250837 0.414401
vt 0.323977 0.445492
vt 0.027003 0.592280
vt 0.066413 0.498302
vt 0.260548 0.411393
vt 0.318523 0.434236
vt 0.021127 0.580095
vt 0.054209 0.503479
vt 0.269594 0.409409
vt 0.312984 0.423651
vt 0.015709 0.567904
vt 0.042102 0.508925
vt 0.278655 0.407692
vt 0.307427 0.414294
vt 0.010914 0.556053
vt 0.030988 0.513767
vt 0.287746 0.404735
vt 0.301725 0.406494
vt 0.007001 0.544892
vt 0.021300 0.517824
vt 0.295878 0.399808
vt 0.004047 0.534387
vt 0.012003 0.521371
vt 0.001917 0.524095
vt 0.909529 0.693260
vt 0.901440 0.703214
vt 0.893203 0.713131
vt 0.917432 0.683178
vt 0.884801 0.722792
vt 0.925092 0.673067
vt 0.876452 0.732214
vt 0.932764 0.662571
vt 0.868100 0.741387
vt 0.940344 0.652008
vt 0.859677 0.750134
vt 0.947845 0.641406
vt 0.851128 0.757844
vt 0.955460 0.630843
vt 0.842579 0.763923
vt 0.963156 0.620317
vt 0.833670 0.768612
vt 0.829102 0.759867
vt 0.970836 0.609766
vt 0.827036 0.754146
vt 0.978347 0.599081
vt 0.820455 0.753252
vt 0.985494 0.588269
vt 0.812828 0.752352
vt 0.991397 0.577701
vt 0.803179 0.750480
vt 0.995236 0.567608
vt 0.792526 0.747356
vt 0.996686 0.557236
vt 0.782084 0.742539
vt 0.995493 0.545353
vt 0.773002 0.735505
vt 0.991799 0.533400
vt 0.762819 0.727564
vt 0.986738 0.522517
vt 0.750688 0.721469
vt 0.980151 0.511919
vt 0.738755 0.715338
vt 0.971058 0.502272
vt 0.727383 0.707819
vt 0.959823 0.493893
vt 0.716482 0.700605
vt 0.947607 0.486293
vt 0.705630 0.693228
vt 0.935394 0.478801
vt 0.694710 0.685662
vt 0.923349 0.471275
vt 0.683608 0.678177
vt 0.911551 0.463607
vt 0.672358 0.670875
vt 0.900175 0.455739
vt 0.660985 0.663748
vt 0.633025 0.525185
vt 0.639687 0.514242
vt 0.889220 0.447805
vt 0.649572 0.656698
vt 0.626294 0.536583
vt 0.646679 0.504035
vt 0.878457 0.439999
vt 0.638189 0.649721
vt 0.619473 0.548212
vt 0.654203 0.493789
vt 0.867550 0.432216
vt 0.626944 0.642709
vt 0.612341 0.559800
vt 0.661930 0.483209
vt 0.856429 0.424342
vt 0.616026 0.635786
vt 0.604863 0.571024
vt 0.669614 0.472482
vt 0.845307 0.416478
vt 0.606043 0.629188
vt 0.597607 0.581736
vt 0.677253 0.461689
vt 0.834320 0.408890
vt 0.597306 0.622802
vt 0.591149 0.591765
vt 0.684792 0.450855
vt 0.823142 0.401716
vt 0.588834 0.616307
vt 0.585526 0.601155
vt 0.692223 0.439989
vt 0.811857 0.394847
vt 0.580057 0.610125
vt 0.699634 0.429268
vt 0.800532 0.388160
vt 0.707071 0.418693
vt 0.789271 0.381718
vt 0.714574 0.408252
vt 0.778471 0.375749
vt 0.722125 0.398146
vt 0.768541 0.370784
vt 0.729415 0.388922
vt 0.759622 0.367081
vt 0.736307 0.380903
vt 0.748583 0.368654
vt 0.753684 0.364334
vt 0.742783 0.374150
vt 0.527303 0.524064
vt 0.515653 0.521089
vt 0.539497 0.526636
vt 0.504510 0.517183
vt 0.551521 0.528804
vt 0.493478 0.513097
vt 0.576627 0.529966
vt 0.564224 0.529684
vt 0.587390 0.531101
vt 0.482563 0.508870
vt 0.598579 0.533889
vt 0.633445 0.513971
vt 0.628711 0.523572
vt 0.471913 0.504412
vt 0.637916 0.503865
vt 0.609314 0.537472
vt 0.623626 0.532966
vt 0.460843 0.499954
vt 0.642369 0.492919
vt 0.618956 0.541407
vt 0.450200 0.495667
vt 0.646943 0.481560
vt 0.439894 0.491651
vt 0.651830 0.469995
vt 0.430157 0.486805
vt 0.657088 0.458320
vt 0.420369 0.481093
vt 0.662554 0.446804
vt 0.411481 0.473582
vt 0.667560 0.435577
vt 0.401498 0.467547
vt 0.671785 0.424868
vt 0.390430 0.464169
vt 0.675959 0.414821
vt 0.379163 0.462408
vt 0.680047 0.404864
vt 0.368780 0.461440
vt 0.340614 0.428080
vt 0.343265 0.417041
vt 0.684214 0.394917
vt 0.347260 0.405367
vt 0.359014 0.461786
vt 0.339088 0.438999
vt 0.687766 0.385030
vt 0.351325 0.393477
vt 0.348644 0.461826
vt 0.337545 0.449748
vt 0.691588 0.374661
vt 0.355434 0.381534
vt 0.335571 0.459414
vt 0.695812 0.363912
vt 0.359631 0.369432
vt 0.700126 0.352503
vt 0.363518 0.357153
vt 0.704223 0.339732
vt 0.368053 0.344734
vt 0.707968 0.326133
vt 0.373471 0.332172
vt 0.711942 0.312324
vt 0.378915 0.319931
vt 0.716199 0.298597
vt 0.382945 0.309077
vt 0.720585 0.285047
vt 0.383724 0.299791
vt 0.725107 0.271607
vt 2.107344 0.363146
vt 0.729880 0.258344
vt 0.734739 0.245128
vt 0.407466 0.246971
vt 0.739430 0.231891
vt 0.411694 0.236908
vt 0.744121 0.218840
vt 0.416278 0.226352
vt 0.748975 0.205791
vt 0.421175 0.215351
vt 0.753829 0.192799
vt 0.426393 0.204332
vt 0.758467 0.179876
vt 0.431978 0.193005
vt 0.695958 0.073229
vt 0.708172 0.077123
vt 0.762865 0.167110
vt 0.720373 0.080895
vt 0.437564 0.181520
vt 0.683715 0.069258
vt 0.767307 0.154521
vt 0.732516 0.084562
vt 0.442891 0.169367
vt 0.671412 0.065289
vt 0.771725 0.142075
vt 0.744432 0.088300
vt 0.447942 0.156723
vt 0.659118 0.061287
vt 0.775770 0.130108
vt 0.755886 0.091865
vt 0.452630 0.143902
vt 0.646870 0.057173
vt 0.779179 0.119117
vt 0.766397 0.095147
vt 0.456876 0.131013
vt 0.634659 0.052909
vt 0.781881 0.109328
vt 0.775777 0.098045
vt 0.460676 0.118097
vt 0.622565 0.048583
vt 0.784396 0.100453
vt 0.464183 0.105013
vt 0.610548 0.044113
vt 0.467749 0.092145
vt 0.598665 0.039486
vt 0.471628 0.079294
vt 0.586705 0.034962
vt 0.475762 0.066385
vt 0.574740 0.030590
vt 0.479978 0.053707
vt 0.562869 0.026339
vt 0.484321 0.041429
vt 0.551278 0.022159
vt 0.488925 0.029828
vt 0.540461 0.018352
vt 0.493567 0.019299
vt 0.530549 0.015103
vt 0.498202 0.010021
vt 0.521133 0.011779
vt 0.502850 0.001917
vt 0.511805 0.007524
vt 0.793998 0.101117
vt 0.797704 0.089473
vt 0.790475 0.112430
vt 0.801998 0.077525
vt 0.787355 0.123588
vt 0.806634 0.065941
vt 0.784165 0.134460
vt 0.811255 0.053887
vt 0.780174 0.144799
vt 0.815344 0.042369
vt 0.775460 0.155340
vt 0.818473 0.032532
vt 0.770311 0.165435
vt 0.821968 0.022094
vt 0.765678 0.175715
vt 0.825351 0.011657
vt 0.761629 0.186322
vt 0.828692 0.001917
vt 0.835603 0.005148
vt 0.841393 0.008416
vt 0.758686 0.197810
vt 0.848024 0.013240
vt 0.755964 0.209406
vt 0.856567 0.018675
vt 0.754988 0.220848
vt 0.866642 0.022439
vt 0.753774 0.231888
vt 0.878193 0.024976
vt 0.751800 0.242708
vt 0.890772 0.027677
vt 0.748944 0.252420
vt 0.903840 0.030847
vt 0.746100 0.261479
vt 0.917110 0.034153
vt 0.948753 0.152622
vt 0.943508 0.164482
vt 0.741720 0.270678
vt 0.930421 0.037448
vt 0.954020 0.140612
vt 0.938341 0.176219
vt 0.740548 0.287100
vt 0.733462 0.281024
vt 0.942882 0.040418
vt 0.959563 0.128808
vt 0.933314 0.187775
vt 0.749809 0.292204
vt 0.953180 0.043100
vt 0.965404 0.117386
vt 0.928281 0.199618
vt 0.918444 0.195844
vt 0.761571 0.296856
vt 0.961761 0.045895
vt 0.971446 0.106204
vt 0.928180 0.199810
vt 0.923002 0.211580
vt 0.913423 0.207899
vt 0.774690 0.301521
vt 0.969938 0.049891
vt 0.977657 0.095324
vt 0.922997 0.211550
vt 0.917905 0.223351
vt 0.787971 0.306022
vt 0.978702 0.055388
vt 0.983912 0.085220
vt 0.912827 0.235175
vt 0.801457 0.310252
vt 0.987927 0.061948
vt 0.990059 0.076432
vt 0.907884 0.247078
vt 0.814819 0.313906
vt 0.996609 0.068699
vt 0.903068 0.259126
vt 0.828400 0.317242
vt 0.898303 0.271406
vt 0.893260 0.283792
vt 0.840165 0.320168
vt 0.887995 0.295508
vt 0.847908 0.324116
vt 0.882671 0.305946
vt 0.877310 0.315773
vt 0.853516 0.328905
vt 0.871627 0.326373
vt 0.859206 0.333307
vt 0.866944 0.337299
vt 0.382390 0.291204
vt 0.404698 0.256792
vt 0.393884 0.293540
vt 0.407336 0.268747
vt 0.406647 0.294210
vt 0.413760 0.280015
vt 0.419042 0.295601
vt 0.421816 0.289792
# 4433 polygons
f 573/55 819/91 270/24 1/1
f 270/24 1529/172 1740/200 1/1
f 1740/200 3847/527 694/531 1/1
f 694/531 128/535 573/55 1/1
f 704/4116 2595/4118 2178/4111 2/4108
f 2178/4111 262/4102 2288/4098 2/4108
f 2288/4098 667/4190 1835/4188 2/4108
f 1835/4188 868/4186 704/4116 2/4108
f 438/1053 2788/1096 985/1142 3/1097
f 985/1142 4327/1190 957/1143 3/1097
f 957/1143 3773/1099 577/1055 3/1097
f 577/1055 1777/1013 438/1053 3/1097
f 4087/818 1847/790 3762/817 4/847
f 3762/817 1509/846 1218/879 4/847
f 1218/879 3236/914 4296/880 4/847
f 4296/880 2942/848 4087/818 4/847
f 2542/2484 1306/2421 677/2483 5/2544
f 677/2483 4295/2543 2911/2602 5/2544
f 2911/2602 1364/2661 2905/2603 5/2544
f 2905/2603 289/2545 2542/2484 5/2544
f 1712/1178 3807/1227 3272/4452 6/4453
f 3272/582 3325/396 3620/421 6/576
f 3620/421 3527/409 3167/570 6/576
f 3167/4454 3279/1131 1712/1178 6/4453
f 2116/4625 2363/4629 2829/1514 7/1460
f 2829/1514 1804/1462 2000/1408 7/1460
f 2000/1408 1128/1354 1860/1406 7/1460
f 1860/1406 2871/4621 2116/4625 7/1460
f 4321/1310 3013/1261 942/1213 8/1260
f 942/1213 869/4513 2304/4519 8/1260
f 2304/4519 2714/4524 2346/1309 8/1260
f 2346/1309 3328/1361 4321/1310 8/1260
f 2825/4270 286/4272 909/2154 9/2095
f 909/2154 73/2125 805/2065 9/2095
f 805/2065 1296/2005 2716/2035 9/2095
f 2716/2035 988/4268 2825/4270 9/2095
f 2150/1120 2161/1076 1759/1033 10/1075
f 1759/1033 3828/4484 3624/4492 10/1075
f 3624/4492 2247/4499 1072/1119 10/1075
f 1072/1119 594/1166 2150/1120 10/1075
f 4282/3110 2921/3161 2379/3217 11/3162
f 2379/3217 2142/3273 2778/3218 11/3162
f 2778/3218 1016/3163 1340/3111 11/3162
f 1340/3111 4342/3060 4282/3110 11/3162
f 352/4470 2518/2061 1729/2121 12/4466
f 1729/2121 2746/2181 4228/4463 12/4466
f 4228/4763 2427/2303 1153/2240 12/4765
f 1153/2240 3375/2178 352/4767 12/4765
f 2840/3759 837/3768 4430/3755 13/3747
f 4430/3755 767/3744 2092/3737 13/3747
f 2092/3737 321/3736 2647/3746 13/3747
f 2647/3746 902/3758 2840/3759 13/3747
f 1969/1093 2969/1139 157/1185 14/1138
f 157/1185 2169/1235 1945/1186 14/1138
f 1945/1186 731/1140 2134/1094 14/1138
f 2134/1094 2361/1050 1969/1093 14/1138
f 769/4027 768/4037 971/4048 15/4038
f 971/4048 1691/4049 3406/4039 15/4038
f 3406/4039 2122/4029 867/4028 15/4038
f 867/4028 4030/4018 769/4027 15/4038
f 1677/193 811/90 2673/533 16/537
f 2673/4843 1439/1098 454/1054 16/4847
f 454/1054 686/1012 1541/4850 16/4847
f 1541/543 2794/347 1677/193 16/537
f 4358/1292 3490/4561 1696/4559 17/1343
f 1696/4559 2772/4557 343/1396 17/1343
f 343/1396 2534/1432 1285/1378 17/1343
f 1285/1378 670/1326 4358/1292 17/1343
f 1318/3893 761/4206 2147/4208 18/3875
f 2147/4208 2124/4210 2058/3857 18/3875
f 2058/3857 2643/3841 2242/3856 18/3875
f 2242/3856 2935/3874 1318/3893 18/3875
f 2731/336 1626/185 249/22 19/2
f 249/22 724/76 1189/135 19/2
f 1189/135 1319/152 2892/358 19/2
f 2892/358 3002/374 2731/336 19/2
f 1020/2691 3890/2748 1689/2805 20/2750
f 1689/2805 2901/2856 4134/2806 20/2750
f 4134/2806 4151/2751 2974/2692 20/2750
f 2974/2692 2296/2632 1020/2691 20/2750
f 2608/1349 1295/4595 4243/4597 21/1299
f 4243/4597 319/4599 4061/1252 21/1299
f 4061/1252 1284/1202 2850/1251 21/1299
f 2850/1251 2896/1298 2608/1349 21/1299
f 1346/923 3418/960 610/924 22/889
f 610/924 2607/890 419/857 22/889
f 419/857 1828/827 770/856 22/889
f 770/856 788/888 1346/923 22/889
f 467/4130 403/3878 3271/3860 23/4127
f 3271/3860 3873/3861 4188/4126 23/4127
f 4188/4224 1701/3827 181/3828 23/4218
f 181/3828 846/3844 467/4214 23/4218
f 2201/3977 2294/3991 1592/4001 24/3989
f 1592/4001 331/4013 2579/4002 24/3989
f 2579/4002 1410/3990 2077/3976 24/3989
f 2077/3976 597/3962 2201/3977 24/3989
f 1131/2977 903/2976 2314/3029 25/3030
f 2314/3029 1388/3082 1903/3083 25/3030
f 1903/3083 4052/3941 2457/3960 25/3030
f 2457/3960 622/3961 1131/2977 25/3030
f 2546/3272 833/3327 2557/3383 26/3328
f 2557/3383 363/3439 974/3384 26/3328
f 974/3384 751/3329 2142/3273 26/3328
f 2142/3273 2379/3217 2546/3272 26/3328
f 892/4144 2447/4146 3961/4004 27/3993
f 3961/4004 1039/4016 4362/4006 27/3993
f 4362/4006 465/3995 2396/3982 27/3993
f 2396/3982 801/4142 892/4144 27/3993
f 362/32 2984/371 3491/405 28/3
f 3491/405 819/91 573/55 28/3
f 573/55 128/535 2947/539 28/3
f 2947/539 275/548 362/32 28/3
f 592/611 128/4624 694/4620 29/612
f 694/4620 3847/4616 1200/614 29/612
f 1200/614 3107/620 3231/615 29/612
f 3231/615 595/616 592/611 29/612
f 3038/375 3138/379 4059/457 30/4
f 4059/457 750/81 4215/477 30/4
f 4215/477 4391/506 1455/166 30/4
f 1455/166 4368/498 3038/375 30/4
f 2961/4031 507/3576 49/4215 31/4211
f 49/4158 967/3522 1090/4051 31/4156
f 1090/4051 1922/4041 1432/4154 31/4156
f 1432/4209 1337/4022 2961/4031 31/4211
f 361/549 1078/540 3575/412 32/5
f 3575/412 4144/470 2475/302 32/5
f 2475/302 1750/202 2424/294 32/5
f 2424/294 1817/557 361/549 32/5
f 697/3288 1520/3344 3310/3396 33/3341
f 3310/3396 3680/3452 1355/3397 33/3341
f 1355/3397 3676/3342 4033/3286 33/3341
f 4033/3286 1591/3232 697/3288 33/3341
f 1951/3988 1950/4000 1703/4137 34/4135
f 1703/4369 169/2098 3009/2038 34/4365
f 3009/2038 1561/1977 290/4361 34/4365
f 290/4133 641/3975 1951/3988 34/4135
f 1311/3825 304/3838 345/3820 35/3808
f 345/3820 737/3803 2822/3791 35/3808
f 2822/3791 888/3792 1434/3807 35/3808
f 1434/3807 2976/3824 1311/3825 35/3808
f 2622/982 207/1022 2311/983 36/946
f 2311/983 2478/984 4038/945 36/946
f 4038/945 1183/910 3625/909 36/946
f 3625/909 4039/944 2622/982 36/946
f 1977/2092 1685/2152 880/2214 37/2153
f 880/2214 825/4824 2529/4829 37/2153
f 2529/4829 2212/4835 1262/2093 37/2153
f 1262/2093 508/2032 1977/2092 37/2153
f 421/4198 4435/3936 1147/3937 38/4196
f 1147/3937 1914/3938 653/4194 38/4196
f 653/4193 1557/3900 2471/3898 38/4195
f 2471/3898 198/3899 421/4197 38/4195
f 2486/4107 2528/4087 4424/4097 2148/4106
f 757/2767 1244/4333 472/4334 39/4329
f 472/4245 2623/3921 2098/3904 39/4263
f 4400/2752 710/2693 4151/2751 2119/2807
f 2874/4649 4423/4650 722/4647 40/690
f 722/4647 1732/4645 1550/673 40/690
f 1550/673 2448/689 1878/708 40/690
f 1878/708 102/4651 2874/4649 40/690
f 3578/2144 3980/2205 409/2268 41/2206
f 409/2268 1265/2331 763/2269 41/2206
f 763/2269 2186/2207 3499/2145 41/2206
f 3499/2145 1384/2084 3578/2144 41/2206
f 1638/4101 2315/4090 1884/4100 1602/4110
f 1638/4101 1602/4110 1552/4112 1411/4103
f 2093/4789 781/2637 1322/2578 42/4787
f 1322/2578 2298/2518 512/4785 42/4787
f 2599/322 4402/508 4393/507 43/6
f 4393/507 4368/498 94/13 43/6
f 94/13 3991/452 3634/423 43/6
f 3634/423 4000/453 2599/322 43/6
f 2808/3461 606/3516 1649/3517 44/3462
f 1649/3517 2627/3568 280/3514 44/3462
f 280/3514 2711/3459 1258/3405 44/3462
f 1258/3405 100/3406 2808/3461 44/3462
f 2522/1615 1742/1672 1104/1730 45/1673
f 1104/1730 2397/1790 1978/1731 45/1673
f 1978/1731 2960/1675 618/1617 45/1673
f 618/1617 1630/1560 2522/1615 45/1673
f 311/1571 2480/1627 139/1572 46/1517
f 139/1572 1305/1518 3531/1464 46/1517
f 3531/1464 4008/4536 993/4540 46/1517
f 993/4540 372/4544 311/1571 46/1517
f 3311/4328 469/4332 1441/1567 47/1515
f 1441/1567 3911/1512 3692/1461 47/1515
f 3692/1461 3466/1411 2792/1465 47/1515
f 2792/1465 4153/4321 3311/4328 47/1515
f 3518/407 4386/505 4380/504 48/7
f 4380/504 4404/509 3602/418 48/7
f 3602/418 895/100 2075/251 48/7
f 2075/251 2452/298 3518/407 48/7
f 507/3576 995/3526 2309/4222 49/4215
f 2309/4160 4418/3473 967/3522 49/4158
f 2505/4138 4347/4140 1488/3969 50/3951
f 1488/3969 430/3983 2299/3970 50/3951
f 2299/3970 1619/3953 2641/3930 50/3951
f 2641/3930 761/4136 2505/4138 50/3951
f 1353/3966 4146/3980 3637/3992 51/3979
f 3637/3992 1053/4003 2294/3991 51/3979
f 2294/3991 2201/3977 522/3964 51/3979
f 522/3964 2050/3947 1353/3966 51/3979
f 848/4676 1282/1892 2937/1953 52/4674
f 2937/1953 948/2014 2106/4672 52/4674
f 2106/4790 1724/1895 1031/1834 52/4792
f 1031/1834 1298/1775 848/4794 52/4792
f 2394/4724 2635/2526 2216/2465 53/4722
f 2216/2465 1747/2403 2810/4720 53/4722
f 2810/595 2559/316 863/97 53/590
f 863/97 2011/239 2394/584 53/590
f 2293/658 2301/4643 1494/4641 54/645
f 1494/4641 554/4639 2564/634 54/645
f 2564/634 746/644 1848/657 54/645
f 1848/657 531/672 2293/658 54/645
f 307/3369 113/3312 135/3254 55/3311
f 135/3254 2556/3196 716/3253 55/3311
f 716/3253 2331/3310 3992/3368 55/3311
f 3992/3368 614/3426 307/3369 55/3311
f 3214/4502 3060/2617 3626/2676 56/4510
f 3626/2676 2275/2734 3307/4516 56/4510
f 3307/4731 1558/2840 3308/2788 56/4736
f 3308/2788 3714/2731 3214/4740 56/4736
f 3333/1609 3143/1666 3324/1724 57/1667
f 3324/1724 3495/1784 569/1725 57/1667
f 569/1725 4149/1668 3094/1610 57/1667
f 3094/1610 3532/1553 3333/1609 57/1667
f 1106/2512 1371/2572 2296/2632 58/2573
f 2296/2632 2974/2692 551/2633 58/2573
f 551/2633 1737/2576 231/2515 58/2573
f 231/2515 3779/2452 1106/2512 58/2573
f 2312/720 2422/742 2983/721 59/701
f 2983/721 2088/702 4337/683 59/701
f 4337/683 3434/682 1833/700 59/701
f 1833/700 2357/718 2312/720 59/701
f 2863/1681 2120/1739 2551/1682 60/1625
f 2551/1682 2129/4340 2363/4336 60/1625
f 2363/4336 2116/4330 1546/1569 60/1625
f 1546/1569 2096/1624 2863/1681 60/1625
f 329/3939 1417/3959 3315/3940 61/3919
f 3315/3940 3349/3920 3457/3903 61/3919
f 3457/3903 3424/3884 2999/3902 61/3919
f 2999/3902 1413/3918 329/3939 61/3919
f 184/19 2433/296 448/40 62/8
f 448/40 517/48 1105/122 62/8
f 1105/122 2240/272 2205/268 62/8
f 2205/268 2914/360 184/19 62/8
f 1391/160 2616/325 563/53 63/9
f 563/53 611/60 1185/134 63/9
f 1185/134 687/72 1100/120 63/9
f 1100/120 2821/350 1391/160 63/9
f 1531/2077 4081/2138 1597/2199 64/2137
f 1597/2199 2743/2260 755/2197 64/2137
f 755/2197 2418/2135 1057/2076 64/2137
f 1057/2076 2748/2016 1531/2077 64/2137
f 456/1051 2134/1094 731/1140 65/1095
f 731/1140 2875/1188 498/1141 65/1095
f 498/1141 2788/1096 1003/1052 65/1095
f 1003/1052 1127/1010 456/1051 65/1095
f 1277/2072 3627/2132 1692/2194 66/2133
f 1692/2194 1943/2257 4254/2195 66/2133
f 4254/2195 1988/2136 983/2075 66/2133
f 983/2075 948/2014 1277/2072 66/2133
f 1033/110 1493/169 317/29 67/10
f 317/29 3949/448 3970/451 67/10
f 3970/451 1748/201 3597/416 67/10
f 3597/416 2552/315 1033/110 67/10
f 1336/2875 1593/4422 2904/4416 68/2822
f 2904/4416 1445/4412 4417/2770 68/2822
f 4417/2770 1966/2872 2295/2874 68/2822
f 2295/2874 924/2928 1336/2875 68/2822
f 1090/4051 967/3522 2797/3467 69/4062
f 2797/3467 1066/3411 4403/4073 69/4062
f 4403/4073 2629/4063 93/4052 69/4062
f 93/4052 1922/4041 1090/4051 69/4062
f 3920/2146 2186/2207 2423/2270 70/2208
f 2423/2270 3893/2333 2958/2271 70/2208
f 2958/2271 828/2209 2316/2147 70/2208
f 2316/2147 108/2086 3920/2146 70/2208
f 1321/4067 2021/4078 2315/4090 71/4079
f 2315/4090 1638/4101 1871/4091 71/4079
f 1871/4091 3925/4080 1420/4068 71/4079
f 1420/4068 3337/4056 1321/4067 71/4079
f 3010/3631 1511/3656 1632/4704 72/4702
f 1632/4396 826/3638 2281/3610 72/4392
f 2281/3610 1415/3571 1924/4388 72/4392
f 1924/4699 2895/3601 3010/3631 72/4702
f 909/2154 1596/2215 2460/2185 73/2125
f 2460/2185 1926/2126 1163/2066 73/2125
f 1163/2066 1616/2006 805/2065 73/2125
f 1245/3297 1580/4228 1823/4223 74/3354
f 1823/4223 3919/4217 446/3409 74/3354
f 446/3409 4339/3410 2496/3353 74/3354
f 2496/3353 1133/3298 1245/3297 74/3354
f 2630/2460 2414/2521 973/2581 75/2522
f 973/2581 1751/2640 461/2582 75/2522
f 461/2582 1102/2523 1267/2461 75/2522
f 1267/2461 2645/2397 2630/2460 75/2522
f 2373/287 1112/123 401/35 76/11
f 401/35 4005/454 1335/153 76/11
f 1335/153 1085/119 2068/249 76/11
f 2068/249 3309/395 2373/287 76/11
f 3582/3668 3843/3645 1937/4723 77/4721
f 1937/4437 1071/3688 954/3702 77/4433
f 954/3702 3788/3713 4013/4430 77/4433
f 4013/4719 2265/3687 3582/3668 77/4721
f 4278/1397 1545/1437 1098/1490 78/1452
f 1098/1490 443/1543 2688/1506 78/1452
f 2688/1506 696/1453 799/1398 78/1452
f 799/1398 4246/1345 4278/1397 78/1452
f 3051/3306 3070/3364 3151/3307 79/3249
f 3151/3307 1448/3250 2065/3192 79/3249
f 2065/3192 1208/3137 836/3191 79/3249
f 836/3191 3974/3248 3051/3306 79/3249
f 2909/4299 2751/4303 4365/2761 80/2706
f 4365/2761 1427/2707 3331/2649 80/2706
f 3331/2649 1125/2590 4245/2648 80/2706
f 4245/2648 1170/4295 2909/4299 80/2706
f 1225/2467 2994/2527 1274/2587 81/2528
f 1274/2587 620/2646 2950/2588 81/2528
f 2950/2588 2681/2577 2117/2517 81/2528
f 2117/2517 2307/2456 1225/2467 81/2528
f 646/2359 2290/2295 1076/2358 82/2422
f 1076/2358 1306/2421 2542/2484 82/2422
f 2542/2484 289/2545 2713/2485 82/2422
f 2713/2485 1819/2423 646/2359 82/2422
f 1542/1331 1990/1382 2919/1436 83/1383
f 2919/1436 1202/1489 1545/1437 83/1383
f 1545/1437 4278/1397 3746/1344 83/1383
f 3746/1344 664/1293 1542/1331 83/1383
f 2684/2187 1004/2249 2885/2188 84/2128
f 2885/2188 1894/2189 4416/2096 84/2128
f 4416/2096 584/2036 134/2068 84/2128
f 134/2068 1716/2127 2684/2187 84/2128
f 2579/4002 331/4013 1309/4207 85/4205
f 1309/4152 2781/4032 2959/4024 85/4150
f 2959/4024 4428/4014 1261/4148 85/4150
f 1261/4203 1410/3990 2579/4002 85/4205
f 2912/4841 1130/1913 2036/1974 86/4845
f 2036/1974 2825/4844 988/4848 86/4845
f 988/4570 1240/4571 2054/1914 86/4568
f 2054/1914 860/1853 2912/4566 86/4568
f 1945/1186 2169/1235 3517/1284 87/1236
f 3517/1284 301/1335 391/1285 87/1236
f 391/1285 106/1238 2875/1188 87/1236
f 2875/1188 731/1140 1945/1186 87/1236
f 920/2981 924/2928 2295/2874 88/2927
f 2295/2874 1966/2872 2815/2925 88/2927
f 2815/2925 2158/2978 4265/2980 88/2927
f 4265/2980 3574/3034 920/2981 88/2927
f 2430/3658 2056/3680 1599/3659 89/3633
f 1599/3659 1257/3634 222/3604 89/3633
f 222/3604 388/3558 1517/3603 89/3633
f 1517/3603 2391/3632 2430/3658 89/3633
f 4194/4381 1850/4385 4311/2347 90/2283
f 4311/2347 539/2284 4126/2221 90/2283
f 4126/2221 2038/2159 2324/2220 90/2283
f 2324/2220 1067/4377 4194/4381 90/2283
f 4165/1289 945/1339 2053/1392 91/1340
f 2053/1392 1979/1446 3795/1393 91/1340
f 3795/1393 4350/1341 1213/1290 91/1340
f 1213/1290 2691/1241 4165/1289 91/1340
f 2615/324 2172/259 4074/460 92/12
f 4074/460 509/45 782/84 92/12
f 782/84 2932/363 732/77 92/12
f 732/77 4299/485 2615/324 92/12
f 2629/4063 1025/4053 1753/4042 93/4052
f 1753/4042 2781/4032 1922/4041 93/4052
f 4368/498 1455/166 3362/398 94/13
f 3362/398 4140/469 3991/452 94/13
f 2055/1545 4383/1601 4392/1656 95/1599
f 4392/1656 366/1713 1166/1655 95/1599
f 1166/1655 1741/4684 444/4686 95/1599
f 444/4686 379/4688 2055/1545 95/1599
f 3301/1127 3263/1174 2002/1128 96/1083
f 2002/1128 2185/1084 3924/1041 96/1083
f 3924/1041 3864/1000 2754/1040 96/1083
f 2754/1040 3916/1082 3301/1127 96/1083
f 2539/3270 4429/3214 2400/3198 97/3255
f 2400/3198 1405/3143 2657/3197 97/3255
f 2657/3197 135/3254 113/3312 97/3255
f 113/3312 2926/3326 2539/3270 97/3255
f 1589/3984 1613/3996 656/4008 98/3997
f 656/4008 99/4019 2455/4009 98/3997
f 2455/4009 548/3998 1553/3985 98/3997
f 1553/3985 1524/3971 1589/3984 98/3997
f 656/4008 4030/4018 867/4028 99/4019
f 867/4028 2122/4029 2113/4020 99/4019
f 2113/4020 802/4010 2455/4009 99/4019
f 1250/3450 1268/3504 2808/3461 100/3406
f 1258/3405 487/3350 743/3349 100/3406
f 743/3349 943/3395 1250/3450 100/3406
f 4422/512 2794/347 1541/543 101/554
f 1541/4850 686/1012 695/972 101/4853
f 695/972 1913/934 2241/4855 101/4853
f 2241/544 1879/223 4422/512 101/554
f 951/749 2428/728 2874/4518 102/4512
f 1878/708 745/727 1726/4648 102/4651
f 1726/4504 2112/772 951/749 102/4512
f 182/619 1499/4612 3001/4608 103/626
f 3001/4608 748/4604 2012/635 103/626
f 2012/635 3697/647 2839/636 103/626
f 2839/636 227/627 182/619 103/626
f 3619/2508 3158/2568 3160/2628 104/2569
f 3160/2628 4271/2688 3184/2629 104/2569
f 3184/2629 3964/2571 1097/2510 104/2569
f 1097/2510 3960/2447 3619/2508 104/2569
f 2934/3501 1853/3553 1120/3598 105/3554
f 1120/3598 630/3629 1256/3599 105/3554
f 1256/3599 1539/3555 1959/3502 105/3554
f 1959/3502 1749/3448 2934/3501 105/3554
f 391/1285 276/1336 1062/1287 106/1238
f 1062/1287 1821/1239 2631/1189 106/1238
f 2631/1189 498/1141 2875/1188 106/1238
f 674/2848 590/2899 968/2952 107/2900
f 968/2952 4218/3005 494/2953 107/2900
f 494/2953 3636/2901 3593/2849 107/2900
f 3593/2849 3061/2797 674/2848 107/2900
f 3353/2025 3881/2085 3920/2146 108/2086
f 2316/2147 1491/2087 3841/2026 108/2086
f 3841/2026 4270/1965 3353/2025 108/2086
f 4162/3228 1739/3282 3432/3337 109/3283
f 3432/3337 2164/3392 3322/3338 109/3283
f 3322/3338 3442/3284 358/3229 109/3283
f 358/3229 1535/3174 4162/3228 109/3283
f 2188/263 1876/222 1122/126 110/14
f 1122/126 1563/177 2578/318 110/14
f 2578/318 2472/301 2453/299 110/14
f 2453/299 678/70 2188/263 110/14
f 2105/4861 1472/4860 1079/865 111/4859
f 1079/865 2854/899 1827/4857 111/4859
f 1827/4582 688/866 559/834 111/4584
f 559/834 1967/805 2105/4586 111/4584
f 3926/1890 2726/1951 2727/2009 112/1949
f 2727/2009 1964/2070 2705/2010 112/1949
f 2705/2010 3547/1950 300/1889 112/1949
f 300/1889 4174/1829 3926/1890 112/1949
f 307/3369 810/3382 2926/3326 113/3312
f 2473/1803 4203/1744 3699/1802 114/1862
f 3699/1802 4302/1861 629/1921 114/1862
f 629/1921 1241/1981 2078/1922 114/1862
f 2078/1922 1142/1863 2473/1803 114/1862
f 1287/4545 2155/4541 3686/1860 115/1800
f 3686/1860 476/1801 2915/1742 115/1800
f 2915/1742 818/1684 1091/1741 115/1800
f 1091/1741 2965/4549 1287/4545 115/1800
f 1989/3219 1537/3274 2490/3330 116/3275
f 2490/3330 2734/3386 2284/3331 116/3275
f 2284/3331 645/3276 457/3220 116/3275
f 457/3220 1042/3164 1989/3219 116/3275
f 3192/2163 2219/2103 4050/2162 117/2224
f 4050/2162 4356/2223 2776/2286 117/2224
f 2776/2286 3721/2350 3134/2287 117/2224
f 3134/2287 2667/2225 3192/2163 117/2224
f 2886/3025 268/3078 4268/3079 118/3026
f 4268/3079 791/3127 2393/3076 118/3026
f 2393/3076 1901/3023 960/2973 118/3026
f 960/2973 1012/2972 2886/3025 118/3026
f 724/76 185/605 834/603 119/15
f 834/603 3451/601 4352/495 119/15
f 4352/495 2750/338 1236/141 119/15
f 1236/141 1189/135 724/76 119/15
f 1290/1833 2334/1894 2721/1954 120/1893
f 2721/1954 3814/2013 1727/1952 120/1893
f 1727/1952 2866/1891 2367/1832 120/1893
f 2367/1832 2302/1774 1290/1833 120/1893
f 1110/1628 380/1686 1893/1629 121/1573
f 1893/1629 3175/1574 2095/1519 121/1573
f 2095/1519 3658/1466 1305/1518 121/1573
f 1305/1518 139/1572 1110/1628 121/1573
f 1556/176 783/85 2208/269 122/16
f 2208/269 1725/199 2757/340 122/16
f 2757/340 3286/392 1628/186 122/16
f 1628/186 4125/464 1556/176 122/16
f 2146/3932 2612/3954 1399/3972 123/3955
f 1399/3972 894/3986 896/3973 123/3955
f 896/3973 2228/3956 979/3935 123/3955
f 979/3935 450/3917 2146/3932 123/3955
f 1437/2203 353/2204 809/2266 124/2267
f 809/2266 1086/2329 1248/2330 124/2267
f 1248/2330 1265/2331 409/2268 124/2267
f 409/2268 3980/2205 1437/2203 124/2267
f 1313/2695 1186/4791 2143/4793 125/2753
f 2143/4793 2319/4795 2725/4796 125/2753
f 2725/4796 568/4797 1436/2696 125/2753
f 1436/2696 367/2638 1313/2695 125/2753
f 304/3838 2929/3854 566/3870 126/3851
f 566/3870 2535/3887 2416/3868 126/3851
f 2416/3868 3844/3850 423/3835 126/3851
f 423/3835 345/3820 304/3838 126/3851
f 1291/1933 2655/1993 2353/1934 127/1874
f 2353/1934 3912/1875 3203/1815 127/1874
f 3203/1815 4301/1756 4160/1814 127/1874
f 4160/1814 3216/1873 1291/1933 127/1874
f 592/611 2952/613 2947/4628 128/4624
f 3506/2052 1606/2112 488/2053 129/1992
f 488/2053 2655/1993 1291/1933 129/1992
f 1291/1933 3216/1873 4180/1932 129/1992
f 4180/1932 3943/1991 3506/2052 129/1992
f 4323/2635 2187/2647 3705/2705 130/2694
f 3705/2705 890/2760 2573/2749 130/2694
f 2573/2749 490/2690 338/2634 130/2694
f 338/2634 857/2575 4323/2635 130/2694
f 3357/2929 336/2983 1344/4429 131/4426
f 1344/4526 2441/2876 3474/2823 131/4521
f 3474/2823 1518/2771 1593/4515 131/4521
f 1593/4422 1336/2875 3357/2929 131/4426
f 2572/2443 1239/2506 4322/2562 132/2502
f 4322/2562 3093/2622 3681/2563 132/2502
f 3681/2563 3346/2503 3055/2440 132/2502
f 3055/2440 4267/2379 2572/2443 132/2502
f 1502/2984 838/2931 2650/2877 133/2930
f 2650/2877 908/2824 2441/2876 133/2930
f 2441/2876 1344/4526 874/4530 133/2930
f 874/4530 2593/4534 1502/2984 133/2930
f 584/2036 1928/1975 206/2008 134/2068
f 206/2008 2987/2067 1716/2127 134/2068
f 2657/3197 2263/3142 2556/3196 135/3254
f 4083/2514 857/2575 338/2634 136/2574
f 338/2634 490/2690 2163/2630 136/2574
f 2163/2630 2262/2570 194/2513 136/2574
f 194/2513 2231/2451 4083/2514 136/2574
f 865/997 4320/959 950/922 137/958
f 950/922 640/887 209/921 137/958
f 209/921 2236/957 2902/996 137/958
f 2902/996 2013/1037 865/997 137/958
f 2629/4063 4403/4073 1332/4084 138/4074
f 1332/4084 4229/4095 1651/4085 138/4074
f 1651/4085 237/4075 972/4064 138/4074
f 972/4064 1025/4053 2629/4063 138/4074
f 2480/1627 2852/1685 1110/1628 139/1572
f 3227/905 2094/872 3342/840 140/871
f 3342/840 3049/811 3611/839 140/871
f 3611/839 2697/870 666/904 140/871
f 666/904 1973/940 3227/905 140/871
f 3198/2605 147/2546 2764/2604 141/2663
f 2764/2604 460/2662 175/2720 141/2663
f 175/2720 3108/2777 239/2721 141/2663
f 239/2721 3972/2664 3198/2605 141/2663
f 3222/2950 179/2969 4006/3021 142/3003
f 4006/3021 1738/3073 4354/3056 142/3003
f 4354/3056 4219/3004 1482/2951 142/3003
f 1482/2951 3356/2898 3222/2950 142/3003
f 3054/849 3529/820 3035/792 143/819
f 3035/792 1862/766 1566/791 143/819
f 1566/791 4087/818 2942/848 143/819
f 2942/848 3354/881 3054/849 143/819
f 2380/288 1002/106 2015/551 144/542
f 2015/4700 4364/1792 3537/1732 144/4696
f 3537/1732 2435/1674 2145/4692 144/4696
f 2145/536 1249/142 2380/288 144/542
f 1886/3864 2446/3847 1830/3832 145/3846
f 1830/3832 2574/3815 1693/3831 145/3846
f 1693/3831 2818/3845 1210/3863 145/3846
f 1210/3863 1941/3882 1886/3864 145/3846
f 1205/4331 718/4337 1428/3022 146/2970
f 1428/3022 1012/2972 1459/2920 146/2970
f 1459/2920 2159/2868 4366/2918 146/2970
f 4366/2918 4373/4326 1205/4331 146/2970
f 4034/2486 1819/2423 2713/2485 147/2546
f 2713/2485 289/2545 2764/2604 147/2546
f 3198/2605 324/2547 4034/2486 147/2546
f 219/1110 344/1156 831/1161 148/1114
f 831/1161 2696/1208 3420/1159 148/1114
f 3420/1159 1900/1112 1154/1069 148/1114
f 1154/1069 3710/1065 219/1110 148/1114
f 1741/4684 1166/1655 2445/1712 149/4682
f 2445/1712 2918/1772 485/4680 149/4682
f 485/4800 996/1657 2381/1600 149/4802
f 2381/1600 2814/1544 1741/4804 149/4802
f 1526/706 1034/688 2501/671 150/687
f 2501/671 325/656 2930/670 150/687
f 2930/670 1857/686 2360/705 150/687
f 2360/705 864/725 1526/706 150/687
f 2528/4087 1525/4088 2782/4077 1382/4076
f 4424/4097 2528/4087 1382/4076 1376/4086
f 606/3516 2808/3461 1268/3504 151/3557
f 1268/3504 271/4372 2632/4376 151/3557
f 394/2279 1049/2343 1717/2281 152/2218
f 1717/2281 243/2219 1129/2157 152/2218
f 1129/2157 1929/2097 2459/2156 152/2218
f 2459/2156 2273/2217 394/2279 152/2218
f 1351/3581 1676/3615 370/3582 153/3534
f 370/3582 1936/3535 2692/3479 153/3534
f 2692/3479 931/3422 2362/3478 153/3534
f 2362/3478 1425/3533 1351/3581 153/3534
f 2813/1074 3796/1032 1704/991 154/1031
f 1704/991 3900/952 1983/990 154/1031
f 1983/990 3340/1030 2133/1073 154/1031
f 2133/1073 385/1118 2813/1074 154/1031
f 1405/3143 2967/4439 2593/4436 155/3089
f 2593/4436 874/4432 1380/3037 155/3089
f 1380/3037 3000/3088 2263/3142 155/3089
f 2263/3142 2657/3197 1405/3143 155/3089
f 828/2209 2958/2271 1641/2334 156/2272
f 1641/2334 2993/2398 2439/2335 156/2272
f 2439/2335 400/2273 3860/2210 156/2272
f 3860/2210 2344/2148 828/2209 156/2272
f 2969/1139 2099/1187 2717/1234 157/1185
f 2717/1234 4176/1283 2169/1235 157/1185
f 1931/1486 2136/1538 447/1593 158/1539
f 447/1593 2100/1649 2292/1594 158/1539
f 2292/1594 2724/1540 2890/1487 158/1539
f 2890/1487 305/1434 1931/1486 158/1539
f 405/3181 1611/3237 944/3238 159/3182
f 944/3238 2833/3291 2523/3235 159/3182
f 2523/3235 2082/3179 2121/3130 159/3182
f 2121/3130 2256/3129 405/3181 159/3182
f 1323/4703 1286/4705 2619/1912 160/1851
f 2619/1912 2601/1968 3267/1907 160/1851
f 3267/1907 285/1846 4364/1792 160/1851
f 4364/1792 2015/4700 1323/4703 160/1851
f 752/2002 2968/2062 1217/2122 161/2063
f 1217/2122 1204/2182 4101/2123 161/2063
f 4101/2123 4312/2064 4071/2003 161/2063
f 4071/2003 621/1943 752/2002 161/2063
f 1904/226 2949/365 2084/254 162/17
f 2084/254 2244/274 2791/346 162/17
f 2791/346 1803/213 910/103 162/17
f 910/103 1939/233 1904/226 162/17
f 1750/202 2475/302 459/42 163/18
f 459/42 1301/151 2949/365 163/18
f 2949/365 1904/226 1794/211 163/18
f 1794/211 4249/480 1750/202 163/18
f 3266/3683 2495/3699 4172/3684 164/3664
f 4172/3684 1260/3665 2786/3641 164/3664
f 2786/3641 3238/3613 3172/3640 164/3664
f 3172/3640 4035/3663 3266/3683 164/3664
f 4239/2937 4036/2883 3577/2936 165/2990
f 3577/2936 4092/2988 3047/3042 165/2990
f 3047/3042 1468/3094 2618/3044 165/2990
f 2618/3044 3954/2991 4239/2937 165/2990
f 3436/947 2719/985 3312/1025 166/986
f 3312/1025 3481/1068 3903/1027 166/986
f 3903/1027 511/987 3505/948 166/986
f 3505/948 3118/911 3436/947 166/986
f 510/1568 2096/1624 1546/1569 167/1513
f 1546/1569 2116/4330 2871/4325 167/1513
f 2871/4325 1687/4318 254/1459 167/1513
f 254/1459 3911/1512 510/1568 167/1513
f 1348/3201 1036/3149 759/3205 168/3259
f 759/3205 1167/3263 1899/3317 168/3259
f 1899/3317 3519/3374 3739/3316 168/3259
f 3739/3316 4208/3258 1348/3201 168/3259
f 1703/4369 1728/4373 1138/2158 169/2098
f 1138/2158 598/2099 3894/2039 169/2098
f 3894/2039 392/1978 3009/2038 169/2098
f 1375/1877 2389/1937 2479/1878 170/1818
f 2479/1878 906/1819 2259/1760 170/1818
f 2259/1760 3020/1702 2554/1759 170/1818
f 2554/1759 3846/1817 1375/1877 170/1818
f 4079/3412 1548/3356 2066/3300 171/3357
f 2066/3300 1528/4411 2191/4407 171/3357
f 2191/4407 2679/4402 2913/3414 171/3357
f 2913/3414 671/3469 4079/3412 171/3357
f 1403/1590 2335/1646 2061/1591 172/1536
f 2061/1591 1711/1537 424/1484 172/1536
f 424/1484 484/1431 2497/1483 172/1536
f 2497/1483 2502/1535 1403/1590 172/1536
f 3901/1229 4335/1276 670/1326 173/1277
f 670/1326 1285/1378 956/1327 173/1277
f 956/1327 2545/1278 1831/1230 173/1277
f 1831/1230 2083/1181 3901/1229 173/1277
f 2765/3757 2853/3749 1447/3739 174/3745
f 1447/3739 2230/3730 1047/3735 174/3745
f 1047/3735 767/3744 1897/3756 174/3745
f 1897/3756 736/3769 2765/3757 174/3745
f 460/2662 470/2719 2183/2776 175/2720
f 2183/2776 3394/2828 3108/2777 175/2720
f 771/3212 842/3158 2903/3213 176/3269
f 2903/3213 1698/4753 2767/4749 176/3269
f 2767/4749 2085/4745 1851/3324 176/3269
f 1851/3324 2868/3266 771/3212 176/3269
f 2864/2871 556/2922 1019/2975 177/4339
f 1019/2975 726/3028 4406/4346 177/4339
f 4406/4260 322/2924 1907/4258 177/4261
f 1907/4335 408/2820 2864/2871 177/4339
f 545/51 2507/308 1663/532 178/528
f 1663/4690 4191/1616 2701/1559 178/4689
f 2701/1559 4388/1503 4398/4694 178/4689
f 4398/524 4379/503 545/51 178/528
f 3914/2917 2582/2968 3702/3020 179/2969
f 3702/3020 800/3072 4006/3021 179/2969
f 3222/2950 4088/2897 3914/2917 179/2969
f 4078/2549 3592/2492 2499/2553 180/2607
f 2499/2553 2633/2612 3648/2665 180/2607
f 3648/2665 2081/2723 977/2666 180/2607
f 977/2666 929/2608 4078/2549 180/2607
f 589/3811 2271/3826 846/3844 181/3828
f 1701/3827 1843/3810 589/3811 181/3828
f 1200/614 3847/4616 1499/4612 182/619
f 227/627 3107/620 1200/614 182/619
f 252/1014 3476/4574 3956/4572 183/1056
f 3956/4572 3088/4569 3191/1100 183/1056
f 3191/1100 3682/1132 4171/1087 183/1056
f 4171/1087 4138/1044 252/1014 183/1056
f 2898/600 672/602 2433/296 184/19
f 2914/360 969/597 2898/600 184/19
f 596/4774 1164/1883 621/1943 185/4772
f 621/1943 4071/2003 834/4770 185/4772
f 724/76 249/22 596/607 185/605
f 727/2989 2823/2938 2715/2992 186/3043
f 2715/2992 1791/3046 877/3095 186/3043
f 877/3095 2114/3145 341/3091 186/3043
f 341/3091 733/3040 727/2989 186/3043
f 3232/3994 4339/3410 738/3466 187/4005
f 738/3466 1194/3521 2352/4015 187/4005
f 2352/4015 1053/4003 3637/3992 187/4005
f 3637/3992 4146/3980 3232/3994 187/4005
f 321/3736 2092/3737 1942/3728 188/3729
f 1942/3728 2558/3725 1544/3724 188/3729
f 1544/3724 2811/1856 4426/4254 188/3729
f 4426/4254 1891/4255 321/3736 188/3729
f 3122/717 3228/699 3983/681 189/698
f 3983/681 1161/666 3830/680 189/698
f 3830/680 3622/697 3194/716 189/698
f 3194/716 190/737 3122/717 189/698
f 3615/760 3150/738 3122/717 190/737
f 3194/716 4235/736 3450/759 190/737
f 3450/759 3458/784 3615/760 190/737
f 1854/1857 1278/1917 1316/1858 191/1798
f 1316/1858 2626/1799 1586/1740 191/1798
f 1586/1740 2551/1682 2120/1739 191/1798
f 2120/1739 2376/1797 1854/1857 191/1798
f 210/2639 367/2638 1436/2696 192/2697
f 1436/2696 568/4797 2658/4799 192/2697
f 2658/4799 2751/4801 938/2698 192/2697
f 938/2698 1751/2640 210/2639 192/2697
f 1631/2401 2403/2464 3899/2438 193/2374
f 3899/2438 1352/2375 765/2311 193/2374
f 765/2311 2209/2248 2925/2310 193/2374
f 2925/2310 1910/2339 1631/2401 193/2374
f 2262/2570 4106/2509 1661/2450 194/2513
f 1661/2450 2869/2387 2231/2451 194/2513
f 1796/1849 2405/1909 1134/1970 195/1910
f 1134/1970 4175/2031 547/1971 195/1910
f 547/1971 3741/1911 3735/1850 195/1910
f 3735/1850 4058/1791 1796/1849 195/1910
f 1697/2277 1910/2339 2925/2310 196/2247
f 2925/2310 2209/2248 2494/2186 196/2247
f 2494/2186 1926/2126 2460/2185 196/2247
f 2460/2185 1596/2215 1697/2277 196/2247
f 4141/2069 4225/2130 3180/2190 197/2129
f 3180/2190 3031/2253 1644/2191 197/2129
f 1644/2191 3756/2131 1964/2070 197/2129
f 1964/2070 2727/2009 4141/2069 197/2129
f 450/3917 979/3935 421/4197 198/3899
f 2471/3898 2306/3880 3526/3879 198/3899
f 3526/3879 2775/3897 450/3917 198/3899
f 3660/678 3344/663 588/649 199/662
f 588/649 1565/637 1442/648 199/662
f 1442/648 1443/661 3440/677 199/662
f 3440/677 1022/695 3660/678 199/662
f 1125/2590 3331/2649 2196/2591 200/2530
f 2196/2591 1955/2531 790/2469 200/2530
f 790/2469 302/2405 2402/2468 200/2530
f 2402/2468 1574/2529 1125/2590 200/2530
f 897/101 1288/148 1764/579 201/573
f 1764/4709 1304/2034 435/1973 201/4707
f 435/1973 2619/1912 1286/4705 201/4707
f 1286/567 1694/195 897/101 201/573
f 2774/2172 1606/2112 1177/2171 202/2233
f 1177/2171 3908/2232 2290/2295 202/2233
f 2290/2295 646/2359 1366/2296 202/2233
f 1366/2296 1654/2234 2774/2172 202/2233
f 1559/1332 862/1384 1659/1439 203/1385
f 1659/1439 3008/1492 4414/1440 203/1385
f 4414/1440 571/1386 2368/1333 203/1385
f 2368/1333 2350/1282 1559/1332 203/1385
f 205/2541 477/2481 2860/2418 204/2480
f 2860/2418 3576/2354 3429/2417 204/2480
f 3429/2417 3832/2479 261/2540 204/2480
f 261/2540 1478/2599 205/2541 204/2480
f 1582/2600 2540/2542 477/2481 205/2541
f 1478/2599 3007/2658 1582/2600 205/2541
f 1928/1975 1934/1915 2660/1948 206/2008
f 2660/1948 2442/2007 2987/2067 206/2008
f 1197/1063 4145/1107 3839/1064 207/1022
f 3839/1064 775/1024 2311/983 207/1022
f 2622/982 440/1021 1197/1063 207/1022
f 3661/3869 587/3888 1279/3871 208/3852
f 1279/3871 3561/3853 3718/3837 208/3852
f 3718/3837 1113/3819 4226/3836 208/3852
f 4226/3836 3844/3850 3661/3869 208/3852
f 640/887 2030/854 766/886 209/921
f 766/886 3726/920 2236/957 209/921
f 413/2580 2041/2579 367/2638 210/2639
f 1751/2640 973/2581 413/2580 210/2639
f 485/4680 2918/1772 2437/1831 211/4678
f 2437/1831 1282/1892 848/4676 211/4678
f 848/4794 1298/1775 1008/1715 211/4798
f 1008/1715 996/1657 485/4800 211/4798
f 1605/2869 2569/2919 2249/2971 212/2921
f 2249/2971 822/3024 839/2974 212/2921
f 839/2974 556/2922 4395/2870 212/2921
f 4395/2870 1184/2818 1605/2869 212/2921
f 3903/1027 3481/1068 570/1113 213/1070
f 570/1113 309/1160 2132/1115 213/1070
f 2132/1115 1595/1071 600/1028 213/1070
f 600/1028 511/987 3903/1027 213/1070
f 4023/3907 2421/3925 2050/3947 214/3924
f 2050/3947 522/3964 378/3945 214/3924
f 378/3945 3941/3922 1707/3906 214/3924
f 1707/3906 2535/3887 4023/3907 214/3924
f 695/972 686/1012 2361/1050 215/1009
f 2361/1050 2134/1094 456/1051 215/1009
f 456/1051 1127/1010 462/970 215/1009
f 462/970 1913/934 695/972 215/1009
f 3675/2361 3182/2297 1431/2360 216/2424
f 1431/2360 1819/2423 4034/2486 216/2424
f 4034/2486 324/2547 854/2487 216/2424
f 854/2487 4318/2425 3675/2361 216/2424
f 1583/2592 941/2534 1418/2473 217/2532
f 1418/2473 1523/2410 1456/2471 217/2532
f 1456/2471 417/2407 1744/2470 217/2532
f 1744/2470 1955/2531 1583/2592 217/2532
f 788/888 770/856 2609/826 218/855
f 2609/826 2184/798 1115/825 218/855
f 1115/825 2030/854 640/887 218/855
f 640/887 950/922 788/888 218/855
f 987/1109 2291/1155 344/1156 219/1110
f 3710/1065 546/1066 987/1109 219/1110
f 2176/3721 4285/3714 4357/4716 220/4714
f 4357/4423 3862/3722 930/3717 220/4417
f 930/3717 1230/3708 4170/4413 220/4417
f 4170/4712 221/3716 2176/3721 220/4714
f 2510/3706 2431/3715 2176/3721 221/3716
f 4170/4712 3382/4710 654/3707 221/3716
f 654/3707 2047/3693 2510/3706 221/3716
f 1257/3634 404/3606 934/3560 222/3604
f 934/3560 3441/3506 388/3558 222/3604
f 835/92 1879/223 2241/544 223/545
f 2241/4855 1913/934 1783/898 223/4858
f 1783/898 1079/865 1472/4860 223/4858
f 1472/547 2971/370 835/92 223/545
f 513/46 495/44 3581/413 224/20
f 3581/413 776/83 1060/117 224/20
f 1060/117 1493/169 850/94 224/20
f 850/94 2386/290 513/46 224/20
f 792/1780 2654/1838 3975/1899 225/1839
f 3975/1899 2787/1960 3836/1900 225/1839
f 3836/1900 4314/1840 2139/1781 225/1839
f 2139/1781 1571/1721 792/1780 225/1839
f 740/1837 2213/1836 561/1897 226/1898
f 561/1897 1440/1958 482/1959 226/1898
f 482/1959 2787/1960 3975/1899 226/1898
f 3975/1899 2654/1838 740/1837 226/1898
f 1565/637 1575/628 3107/620 227/627
f 2839/636 1442/648 1565/637 227/627
f 1958/1509 2620/1565 3589/1510 228/1456
f 3589/1510 3407/1457 1361/1402 228/1456
f 1361/1402 4243/4290 1295/4285 228/1456
f 1295/4285 2372/4283 1958/1509 228/1456
f 2152/1661 4259/1719 4269/1779 229/1720
f 4269/1779 2654/1838 792/1780 229/1720
f 792/1780 1571/1721 1986/1662 229/1720
f 1986/1662 1700/1604 2152/1661 229/1720
f 279/3593 3130/3546 3809/3591 230/3625
f 3809/3591 3535/3624 540/3651 230/3625
f 540/3651 4201/3626 959/3595 230/3625
f 959/3595 3684/3550 279/3593 230/3625
f 1737/2576 527/4656 1176/4654 231/2515
f 1176/4654 904/4652 3779/2452 231/2515
f 849/4661 1809/2198 2154/2261 232/4657
f 2154/2261 238/2324 4222/4655 232/4657
f 4222/4780 2395/2201 4147/2139 232/4782
f 4147/2139 1310/2078 849/4784 232/4782
f 4205/1930 4167/1870 1169/1929 233/1989
f 1169/1929 1092/1988 4173/2049 233/1989
f 4173/2049 3077/2109 3580/2050 233/1989
f 3580/2050 3116/1990 4205/1930 233/1989
f 2313/964 3524/1003 4138/1044 234/1004
f 4138/1044 4171/1087 2080/1045 234/1004
f 2080/1045 3812/1005 3461/966 234/1004
f 3461/966 387/928 2313/964 234/1004
f 3707/2687 844/2746 1916/2794 235/2738
f 1916/2794 250/2846 572/2795 235/2738
f 572/2795 2728/2739 3553/2680 235/2738
f 3553/2680 3694/2627 3707/2687 235/2738
f 2894/1508 689/4589 2722/4591 236/1455
f 2722/4591 2372/4593 1683/1401 236/1455
f 1683/1401 851/1348 2784/1400 236/1455
f 2784/1400 2812/1454 2894/1508 236/1455
f 1651/4085 2280/4096 1376/4086 237/4075
f 1376/4086 1382/4076 1378/4065 237/4075
f 1378/4065 1013/4054 972/4064 237/4075
f 2154/2261 1414/2321 3902/2385 238/2324
f 3902/2385 1991/2449 1664/2388 238/2324
f 1664/2388 4242/4653 4222/4655 238/2324
f 3108/2777 3492/2791 2275/2734 239/2721
f 2275/2734 3626/2676 3972/2664 239/2721
f 4192/2958 2238/3010 3298/3063 240/3011
f 3298/3063 964/3114 4040/3064 240/3011
f 4040/3064 3444/3012 3990/2959 240/3011
f 3990/2959 1333/2906 4192/2958 240/3011
f 2924/2838 3308/2788 1558/2840 241/2891
f 1558/2840 3269/2893 3720/2945 241/2891
f 3720/2945 2715/2992 2823/2938 241/2891
f 2823/2938 603/2884 2924/2838 241/2891
f 2633/2612 3345/2555 859/2614 242/2671
f 859/2614 3300/2673 4046/2729 242/2671
f 4046/2729 2548/2779 604/2722 242/2671
f 604/2722 3648/2665 2633/2612 242/2671
f 3747/2282 624/4312 4234/4308 243/2219
f 4234/4308 1302/4304 1129/2157 243/2219
f 1717/2281 1801/2345 3747/2282 243/2219
f 1209/3031 555/2979 1671/4431 244/4434
f 1671/4168 704/4116 868/4186 244/4184
f 868/4185 616/4115 386/4170 244/4183
f 386/4438 1160/4435 1209/3031 244/4434
f 922/2231 3052/2169 3087/2230 245/2293
f 3087/2230 3850/2292 4016/2356 245/2293
f 4016/2356 1433/2420 3835/2357 245/2293
f 3835/2357 3645/2294 922/2231 245/2293
f 4196/2235 3182/2297 3675/2361 246/2298
f 3675/2361 4318/2425 3497/2362 246/2298
f 3497/2362 3799/2299 3736/2236 246/2298
f 3736/2236 335/2174 4196/2235 246/2298
f 2384/289 1885/594 2477/589 247/21
f 2477/589 1000/583 1887/225 247/21
f 1887/225 567/54 2634/327 247/21
f 2634/327 3372/399 2384/289 247/21
f 2761/1133 3005/1179 872/1228 248/1180
f 872/1228 4335/1276 3901/1229 248/1180
f 3901/1229 2083/1181 2225/1134 248/1180
f 2225/1134 2248/1089 2761/1133 248/1180
f 1626/185 351/609 596/607 249/22
f 1916/2794 1108/2845 4088/2897 250/2846
f 4088/2897 3222/2950 3356/2898 250/2846
f 3356/2898 328/2847 572/2795 250/2846
f 2081/2723 3648/2665 604/2722 251/2778
f 604/2722 2548/2779 4155/2829 251/2778
f 4155/2829 1971/2882 1325/2830 251/2778
f 1325/2830 795/2780 2081/2723 251/2778
f 605/974 2917/4576 3476/4574 252/1014
f 4138/1044 3524/1003 605/974 252/1014
f 1727/1952 3814/2013 3753/2073 253/2012
f 3753/2073 4225/2130 4141/2069 253/2012
f 4141/2069 2727/2009 2726/1951 253/2012
f 2726/1951 2866/1891 1727/1952 253/2012
f 1687/4318 3910/4314 3856/1407 254/1459
f 3856/1407 3692/1461 3911/1512 254/1459
f 2137/4033 1052/4034 1081/4043 255/4044
f 1081/4043 1013/4054 2906/4055 255/4044
f 2906/4055 2406/4058 3687/4046 255/4044
f 3687/4046 4411/4035 2137/4033 255/4044
f 1776/2319 3185/2381 3848/2445 256/2383
f 3848/2445 3619/2508 3960/2447 256/2383
f 3960/2447 334/2384 333/2320 256/2383
f 333/2320 1943/2257 1776/2319 256/2383
f 2541/2184 4272/2245 2449/2308 257/2246
f 2449/2308 1396/2372 1604/2309 257/2246
f 1604/2309 1000/4760 2477/4762 257/2246
f 2477/4762 1885/4764 2541/2184 257/2246
f 1624/4360 1800/4364 943/3395 258/3340
f 943/3395 743/3349 4024/3293 258/3340
f 4024/3293 1611/3237 1266/3285 258/3340
f 1266/3285 4240/4356 1624/4360 258/3340
f 2284/3331 2734/3386 2973/3442 259/3387
f 2973/3442 271/4685 2073/4683 259/3387
f 2073/4683 1800/4681 2283/3332 259/3387
f 2283/3332 645/3276 2284/3331 259/3387
f 3384/2564 3573/2623 804/2683 260/2624
f 804/2683 3277/2742 3488/2684 260/2624
f 3488/2684 3208/2625 4027/2565 260/2624
f 4027/2565 3025/2504 3384/2564 260/2624
f 3832/2479 3289/2539 3437/2598 261/2540
f 3437/2598 1872/2657 1478/2599 261/2540
f 2178/4111 1614/4179 2090/4181 262/4102
f 2090/4181 2990/4099 1864/4092 262/4102
f 1864/4092 1525/4088 2288/4098 262/4102
f 1265/2331 1248/2330 2227/2394 263/2395
f 2227/2394 578/2458 390/2459 263/2395
f 390/2459 3632/2396 617/2332 263/2395
f 617/2332 763/2269 1265/2331 263/2395
f 1329/862 2257/896 541/931 264/895
f 541/931 1898/965 1219/927 264/895
f 1219/927 1156/892 1994/861 264/895
f 1994/861 2108/831 1329/862 264/895
f 4132/466 1438/165 4084/461 265/23
f 4084/461 1572/179 544/50 265/23
f 544/50 4331/490 3949/448 265/23
f 3949/448 317/29 4132/466 265/23
f 465/3995 4362/4006 1660/4017 266/4007
f 1660/4017 769/4027 4030/4018 266/4007
f 4030/4018 656/4008 1613/3996 266/4007
f 1613/3996 430/3983 465/3995 266/4007
f 1510/2934 1587/2881 1852/2935 267/2987
f 1852/2935 727/2989 733/3040 267/2987
f 733/3040 3430/3092 1074/3041 267/2987
f 1074/3041 4092/2988 1510/2934 267/2987
f 683/3124 2948/3175 2256/3129 268/3078
f 2256/3129 2121/3130 4268/3079 268/3078
f 2886/3025 1252/3074 683/3124 268/3078
f 634/1711 1805/4581 441/4583 269/1654
f 441/4583 1940/4585 2399/1619 269/1654
f 2399/1619 2710/1562 425/1598 269/1654
f 425/1598 2031/1653 634/1711 269/1654
f 819/91 3286/392 4195/474 270/24
f 4195/474 2252/275 1529/172 270/24
f 2973/3442 2588/3496 2632/4687 271/4685
f 1268/3504 1250/3450 2073/4368 271/4372
f 3826/803 2613/776 4283/801 272/829
f 4283/801 1069/830 2989/859 272/829
f 2989/859 3993/893 772/860 272/829
f 772/860 2584/832 3826/803 272/829
f 2462/3133 2195/4244 1466/4239 273/3186
f 1466/4239 2651/4234 2800/3241 273/3186
f 2800/3241 493/3242 2816/3185 273/3186
f 2816/3185 384/3134 2462/3133 273/3186
f 2706/773 2369/799 2621/774 274/750
f 2621/774 489/4503 452/4511 274/750
f 452/4511 680/4517 2428/728 274/750
f 2428/728 951/749 2706/773 274/750
f 3544/556 1799/212 362/32 275/548
f 2947/4628 2952/613 562/618 275/4632
f 562/618 3871/625 3544/4636 275/4632
f 391/1285 301/1335 721/1388 276/1336
f 721/1388 3452/1443 2118/1389 276/1336
f 2118/1389 1243/1338 1062/1287 276/1336
f 2392/291 3598/417 3193/385 277/25
f 3193/385 1621/184 2287/281 277/25
f 2287/281 4084/461 1438/165 277/25
f 1438/165 776/83 2392/291 277/25
f 1693/3831 2574/3815 2598/3799 278/3814
f 2598/3799 2682/3784 2683/3798 278/3814
f 2683/3798 505/3813 506/3830 278/3814
f 506/3830 2818/3845 1693/3831 278/3814
f 4183/3547 2675/3491 3130/3546 279/3593
f 3684/3550 3717/3497 4183/3547 279/3593
f 2627/3568 2819/3609 1829/3565 280/3514
f 1829/3565 648/3511 2711/3459 280/3514
f 639/65 742/80 678/70 281/26
f 678/70 2453/299 2525/311 281/26
f 2525/311 2076/252 1119/124 281/26
f 1119/124 2408/292 639/65 281/26
f 2444/1505 1475/4555 1581/4556 282/1561
f 1581/4556 2941/4558 368/1618 282/1561
f 368/1618 2100/1649 447/1593 282/1561
f 447/1593 2136/1538 2444/1505 282/1561
f 3861/1219 3385/1171 4257/1124 283/1170
f 4257/1124 2707/1079 586/1123 283/1170
f 586/1123 2638/1169 2846/1218 283/1170
f 2846/1218 420/1266 3861/1219 283/1170
f 1960/1576 410/1632 411/1577 284/1522
f 411/1577 1118/1523 4211/1470 284/1522
f 4211/1470 1041/1417 1492/1469 284/1522
f 1492/1469 2483/1521 1960/1576 284/1522
f 3267/1907 3607/1957 1839/1896 285/1846
f 1839/1896 599/1835 3141/1787 285/1846
f 3141/1787 3537/1732 4364/1792 285/1846
f 1646/2033 1262/2093 2212/4835 286/4840
f 2212/4274 1596/2215 909/2154 286/4272
f 2825/4844 2036/1974 1646/2033 286/4840
f 1208/3137 2065/3192 2589/3138 287/3084
f 2589/3138 1882/3085 4227/3033 287/3084
f 4227/3033 2835/3032 4427/4425 287/3084
f 4427/4425 1015/3136 1208/3137 287/3084
f 502/4775 2465/4773 1263/2001 288/1942
f 1263/2001 2968/2062 752/2002 288/1942
f 752/2002 621/1943 1164/1883 288/1942
f 1164/1883 2005/4777 502/4775 288/1942
f 2905/2603 460/2662 2764/2604 289/2545
f 1561/1977 1278/1917 2016/4357 290/4361
f 2016/4131 1927/3958 641/3975 290/4133
f 3454/2669 298/2610 3209/2668 291/2726
f 3209/2668 803/2725 3081/2782 291/2726
f 3081/2782 3178/2834 2500/2783 291/2726
f 2500/2783 879/2727 3454/2669 291/2726
f 528/3963 2077/3976 1410/3990 292/3978
f 1410/3990 1261/4203 2447/4201 292/3978
f 2447/4201 892/4199 2827/3965 292/3978
f 2827/3965 3790/3946 528/3963 292/3978
f 1608/183 2260/276 1640/189 293/27
f 1640/189 1769/205 4091/462 293/27
f 4091/462 1288/148 1563/177 293/27
f 1563/177 1122/126 1608/183 293/27
f 2246/2812 2873/2862 2156/2913 294/2863
f 2156/2913 2951/2965 3243/2914 294/2863
f 3243/2914 3515/2864 3468/2813 294/2863
f 3468/2813 463/2758 2246/2812 294/2863
f 1387/2651 1269/2708 1873/2709 982/2652
f 1148/4384 1826/3570 1874/3602 952/4380
f 2870/4323 941/2534 2166/2593 295/4322
f 1427/2707 1387/2651 2166/2593 773/2650
f 4091/462 1769/205 1334/591 296/585
f 1334/4713 1126/2155 939/2094 296/4711
f 939/2094 1304/2034 1764/4709 296/4711
f 1764/579 1288/148 4091/462 296/585
f 1901/3023 2393/3076 4181/3125 297/3075
f 4181/3125 1235/3177 2197/3126 297/3075
f 2197/3126 2571/3077 822/3024 297/3075
f 822/3024 2249/2971 1901/3023 297/3075
f 1889/2552 2882/2491 3904/2551 298/2610
f 3904/2551 371/2609 3209/2668 298/2610
f 3454/2669 3946/2611 1889/2552 298/2610
f 4394/4071 1451/4082 4382/4083 299/4072
f 4382/4083 4385/4153 4250/4151 299/4072
f 4250/4151 3565/4149 2390/4061 299/4072
f 2390/4061 415/4060 4394/4071 299/4072
f 3547/1950 1282/1892 2437/1831 300/1889
f 2437/1831 2918/1772 4174/1829 300/1889
f 3517/1284 2167/1334 2060/1387 301/1335
f 2060/1387 1247/1442 721/1388 301/1335
f 790/2469 958/2406 2763/2342 302/2405
f 2763/2342 4095/2280 2355/2344 302/2405
f 2355/2344 1622/2408 2402/2468 302/2405
f 2095/1519 3175/1574 2409/1520 303/1467
f 2409/1520 2198/1468 2801/1415 303/1467
f 2801/1415 3328/1361 1083/1414 303/1467
f 1083/1414 3658/1466 2095/1519 303/1467
f 1311/3825 327/3843 2929/3854 304/3838
f 2513/1380 3162/1433 1931/1486 305/1434
f 2890/1487 455/1435 525/1381 305/1434
f 525/1381 1522/1329 2513/1380 305/1434
f 1320/2306 1598/2300 3817/2363 306/2370
f 3817/2363 3530/2426 412/2434 306/2370
f 412/2434 1789/4479 580/4473 306/2370
f 580/4473 3546/4467 1320/2306 306/2370
f 614/3426 1617/3438 810/3382 307/3369
f 2841/3848 1706/3849 1686/3866 308/3867
f 2990/4099 2090/4182 4432/4117 4390/4109
f 1746/3885 316/3901 1941/3882 308/3867
f 1941/3882 1210/3863 2841/3848 308/3867
f 570/1113 3963/1158 2861/1207 309/1160
f 2861/1207 2603/1256 1426/1209 309/1160
f 1426/1209 871/1162 2132/1115 309/1160
f 2436/3403 2711/3459 648/3511 310/3456
f 648/3511 2229/3559 4336/3505 310/3456
f 4336/3505 4135/3451 2468/3400 310/3456
f 2468/3400 2834/3347 2436/3403 310/3456
f 2591/1626 818/1684 2480/1627 311/1571
f 372/4544 1710/4548 2591/1626 311/1571
f 2774/2172 1654/2234 3170/2173 312/2113
f 3170/2173 3725/2114 2199/2054 312/2113
f 2199/2054 2655/1993 488/2053 312/2113
f 488/2053 1606/2112 2774/2172 312/2113
f 2259/1760 906/1819 1998/1761 313/1703
f 1998/1761 3022/1704 2335/1646 313/1703
f 2335/1646 1403/1590 2237/1645 313/1703
f 2237/1645 3020/1702 2259/1760 313/1703
f 1579/181 373/33 2928/361 314/28
f 2928/361 2194/265 2826/351 314/28
f 2826/351 1799/212 2025/243 314/28
f 2025/243 2583/320 1579/181 314/28
f 568/4311 2725/4315 2668/2816 315/2763
f 2668/2816 1895/2764 1269/2708 315/2763
f 1884/4100 978/4089 2990/4099 4390/4109
f 468/2762 2658/4307 568/4311 315/2763
f 1746/3885 2098/3904 1413/3918 316/3901
f 1413/3918 2999/3902 2508/3883 316/3901
f 2508/3883 1886/3864 1941/3882 316/3901
f 1493/169 1060/117 4132/466 317/29
f 3793/558 4376/564 4374/501 318/30
f 4374/501 4402/508 2599/322 318/30
f 2599/322 4000/453 3287/393 318/30
f 3287/393 1331/550 3793/558 318/30
f 4243/4290 1361/1402 946/1350 319/4294
f 946/1350 3510/1300 4261/4298 319/4294
f 4261/4601 3514/1203 4061/1252 319/4599
f 2517/2618 1365/2559 1784/2616 320/2675
f 1784/2616 607/2674 1670/2732 320/2675
f 1670/2732 3865/2789 719/2733 320/2675
f 719/2733 1865/2677 2517/2618 320/2675
f 1891/4255 538/4259 2647/3746 321/3736
f 4406/4260 1812/4257 903/2976 322/2924
f 903/2976 1131/2977 1507/2923 322/2924
f 1507/2923 1244/4252 1907/4258 322/2924
f 3737/1495 1247/1442 900/1494 323/1550
f 900/1494 3012/1549 2336/1606 323/1550
f 2336/1606 1101/1664 1788/1607 323/1550
f 1788/1607 2624/1551 3737/1495 323/1550
f 3198/2605 3972/2664 3028/2606 324/2547
f 3028/2606 3655/2548 854/2487 324/2547
f 2501/671 1848/657 746/644 325/656
f 746/644 660/633 2179/643 325/656
f 2179/643 1915/655 2930/670 325/656
f 2968/2062 1263/2001 2232/2060 326/2120
f 2232/2060 1429/2119 827/2179 326/2120
f 827/2179 1500/2241 3566/2180 326/2120
f 3566/2180 1217/2122 2968/2062 326/2120
f 829/3842 2830/3858 2600/3859 327/3843
f 2600/3859 1096/3873 2929/3854 327/3843
f 1311/3825 2976/3824 829/3842 327/3843
f 3356/2898 1482/2951 590/2899 328/2847
f 590/2899 674/2848 984/2796 328/2847
f 984/2796 2728/2739 572/2795 328/2847
f 2623/3921 4415/3943 1417/3959 329/3939
f 1413/3918 2098/3904 2623/3921 329/3939
f 1604/2309 1396/2372 532/2436 330/2373
f 532/2436 1974/2499 2555/2437 330/2373
f 2555/2437 3945/4755 2803/4758 330/2373
f 2803/4758 1000/4760 1604/2309 330/2373
f 1592/4001 3502/4012 1337/4022 331/4013
f 1337/4022 1432/4209 1309/4207 331/4013
f 520/1259 625/4610 2714/4606 332/1212
f 2714/4606 2304/4607 2531/1164 332/1212
f 2531/1164 1620/1117 3628/1163 332/1212
f 3628/1163 354/1211 520/1259 332/1212
f 334/2384 1414/2321 565/2258 333/2320
f 565/2258 4254/2195 1943/2257 333/2320
f 3960/2447 1097/2510 2516/2448 334/2384
f 2516/2448 3902/2385 1414/2321 334/2384
f 3725/2114 3170/2173 4196/2235 335/2174
f 3736/2236 1107/2175 3614/2115 335/2174
f 3614/2115 1953/2055 3725/2114 335/2174
f 1762/3036 3000/3088 1380/3037 336/2983
f 1380/3037 874/4432 1344/4429 336/2983
f 3357/2929 3905/2982 1762/3036 336/2983
f 1900/1112 3420/1159 1755/1205 337/1157
f 1755/1205 3820/1254 3564/1206 337/1157
f 3564/1206 3963/1158 2131/1111 337/1157
f 2131/1111 3724/1067 1900/1112 337/1157
f 1367/157 2844/354 1221/516 339/517
f 1221/4818 2614/1342 1715/1291 339/4823
f 1715/1291 3508/1242 2640/4828 339/4823
f 2640/521 2652/329 1367/157 339/517
f 1528/4169 2258/4171 1633/3189 340/3246
f 1633/3189 914/3243 963/3299 340/3246
f 963/3299 659/3355 2128/3303 340/3246
f 2128/3303 2191/4167 1528/4169 340/3246
f 2114/3145 3800/3200 3868/3144 341/3091
f 3868/3144 3430/3092 733/3040 341/3091
f 4324/3428 3519/3374 2253/3432 342/3485
f 2253/3432 3932/3489 741/3541 342/3485
f 741/3541 2536/3586 1506/3538 342/3485
f 1506/3538 2370/3483 4324/3428 342/3485
f 2772/4557 2972/4554 1370/1451 343/1396
f 1370/1451 3326/1485 2534/1432 343/1396
f 2291/1155 3514/1203 3997/1204 344/1156
f 3997/1204 2063/1210 831/1161 344/1156
f 423/3835 395/3818 737/3803 345/3820
f 4002/1367 1058/1316 420/1266 346/1315
f 420/1266 2846/1218 1564/1265 346/1315
f 1564/1265 451/1314 2526/1366 346/1315
f 2526/1366 3076/1420 4002/1367 346/1315
f 4010/3160 720/3215 3501/3271 347/3216
f 3501/3271 833/3327 2546/3272 347/3216
f 2546/3272 2379/3217 2921/3161 347/3216
f 2921/3161 2215/3109 4010/3160 347/3216
f 1765/777 2807/753 1089/778 348/804
f 1089/778 1967/805 466/833 348/804
f 466/833 1329/862 2108/831 348/804
f 2108/831 691/802 1765/777 348/804
f 2412/3226 3635/3280 4086/3335 349/3281
f 4086/3335 1339/3390 832/3336 349/3281
f 832/3336 1739/3282 496/3227 349/3281
f 496/3227 1473/3172 2412/3226 349/3281
f 1254/2327 904/4779 1176/4781 350/2391
f 1176/4781 527/4783 711/2455 350/2391
f 711/2455 4118/2393 1086/2329 350/2391
f 1086/2329 809/2266 1254/2327 350/2391
f 2567/4491 717/1765 2005/4505 351/4506
f 2005/4777 1164/1883 596/4774 351/4776
f 1626/185 1423/608 2567/610 351/609
f 3827/4476 991/2000 2518/2061 352/4470
f 3375/2178 1429/2119 3827/4769 352/4767
f 4184/2141 2395/2201 2474/2264 353/2204
f 2474/2264 1254/2327 809/2266 353/2204
f 1437/2203 1114/2142 4184/2141 353/2204
f 3700/1258 1820/1307 520/1259 354/1211
f 3628/1163 3415/1116 871/1162 354/1211
f 871/1162 1426/1209 3700/1258 354/1211
f 1146/743 3098/767 1503/744 355/722
f 1503/744 4100/723 1856/703 355/722
f 1856/703 3288/684 2088/702 355/722
f 2088/702 2983/721 1146/743 355/722
f 1719/197 1135/128 1787/210 356/31
f 1787/210 1921/231 1588/182 356/31
f 1588/182 935/530 2111/526 356/31
f 2111/526 2995/522 1719/197 356/31
f 1610/3732 1253/3740 730/3751 357/3742
f 730/3751 3296/3764 3206/3752 357/3742
f 3206/3752 3851/3753 3513/3741 357/3742
f 3513/3741 3248/3733 1610/3732 357/3742
f 3442/3284 3501/3271 720/3215 358/3229
f 720/3215 3455/3159 1535/3174 358/3229
f 3371/1136 962/1182 3833/1231 359/1183
f 3833/1231 4136/1279 407/1232 359/1183
f 407/1232 1567/1184 1312/1137 359/1183
f 1312/1137 3282/1092 3371/1136 359/1183
f 2332/2457 2298/2518 1322/2578 360/2520
f 1322/2578 781/2637 2041/2579 360/2520
f 2041/2579 413/2580 824/2519 360/2520
f 824/2519 578/2458 2332/2457 360/2520
f 2018/891 3801/926 1078/4468 361/4474
f 1817/4480 2130/858 2018/891 361/4474
f 1799/212 2826/351 2984/371 362/32
f 2557/3383 2320/3394 3751/3449 363/3439
f 3751/3449 2289/3503 1662/3494 363/3439
f 1662/3494 2524/3440 974/3384 363/3439
f 1551/1782 4314/1840 3869/1901 364/1841
f 3869/1901 3351/1962 1229/1902 364/1841
f 1229/1902 4124/1842 3183/1783 364/1841
f 3183/1783 1048/1723 1551/1782 364/1841
f 3102/4631 3659/4635 3621/884 365/918
f 3621/884 845/851 2605/883 365/918
f 2605/883 3113/917 3421/954 365/918
f 3421/954 3828/4627 3102/4631 365/918
f 4392/1656 1795/1714 1068/1773 366/1713
f 1068/1773 1398/1830 381/1771 366/1713
f 381/1771 2445/1712 1166/1655 366/1713
f 2041/2579 781/2637 1313/2695 367/2638
f 2941/4558 2224/4560 628/1676 368/1618
f 628/1676 2048/1707 2100/1649 368/1618
f 2149/3068 3671/3117 2936/3168 369/3118
f 2936/3168 2364/3223 1923/3169 369/3118
f 1923/3169 1386/3119 1673/3069 369/3118
f 1673/3069 536/3017 2149/3068 369/3118
f 1676/3615 4099/3643 2064/3616 370/3582
f 2064/3616 1562/3583 1936/3535 370/3582
f 3904/2551 534/2490 3449/2550 371/2609
f 3449/2550 929/2608 3642/2667 371/2609
f 3642/2667 803/2725 3209/2668 371/2609
f 993/4622 1117/1410 2636/1463 372/4626
f 2636/1463 2415/1516 1710/4630 372/4626
f 1925/232 2644/328 1939/233 373/33
f 1939/233 910/103 2928/361 373/33
f 1579/181 1064/118 1925/232 373/33
f 3506/2052 3943/1991 1326/2051 374/2111
f 1326/2051 3465/2110 3640/2170 374/2111
f 3640/2170 3908/2232 1177/2171 374/2111
f 1177/2171 1606/2112 3506/2052 374/2111
f 2240/272 1105/122 2521/310 375/34
f 2521/310 2202/266 1825/217 375/34
f 1825/217 2799/349 1838/219 375/34
f 1838/219 576/57 2240/272 375/34
f 896/3973 894/3986 1199/3987 376/3974
f 1199/3987 1951/3988 641/3975 376/3974
f 641/3975 1927/3958 883/3957 376/3974
f 883/3957 2228/3956 896/3973 376/3974
f 3067/812 3342/840 2094/872 377/841
f 2094/872 4303/906 1137/873 377/841
f 1137/873 3284/842 3750/813 377/841
f 3750/813 3594/786 3067/812 377/841
f 522/3964 2201/3977 597/3962 378/3945
f 597/3962 4178/3944 3941/3922 378/3945
f 434/4693 1504/1498 2055/1545 379/4688
f 444/4806 2109/1491 2338/1438 379/4808
f 2338/1438 778/1390 434/4810 379/4808
f 2610/1743 3699/1802 4203/1744 380/1686
f 4203/1744 3738/1687 1893/1629 380/1686
f 1110/1628 2852/1685 2610/1743 380/1686
f 1398/1830 3926/1890 4174/1829 381/1771
f 4174/1829 2918/1772 2445/1712 381/1771
f 1444/2216 847/4864 523/4866 382/2276
f 523/4866 2689/4868 1623/2328 382/2276
f 1623/2328 1144/2265 2981/2213 382/2276
f 2981/2213 1126/2155 1444/2216 382/2276
f 3427/976 3929/1015 1061/1057 383/1016
f 1061/1057 3560/1101 3906/1058 383/1016
f 3906/1058 4309/1017 2255/977 383/1016
f 2255/977 2173/939 3427/976 383/1016
f 1903/3083 1388/3082 2462/3133 384/3134
f 2816/3185 1400/3934 3646/3933 384/3134
f 3646/3933 4052/3941 1903/3083 384/3134
f 869/4611 3630/4615 2813/1074 385/1118
f 2133/1073 1620/1117 2531/1164 385/1118
f 2531/1164 2304/4607 869/4611 385/1118
f 616/4115 2562/4114 1713/3187 386/4170
f 1713/3187 913/3135 1160/4172 386/4170
f 1156/892 1219/927 2313/964 387/928
f 3461/966 1832/929 3993/893 387/928
f 3993/893 2989/859 1156/892 387/928
f 4336/3505 2229/3559 1517/3603 388/3558
f 3441/3506 4135/3451 4336/3505 388/3558
f 1847/790 4087/818 1566/791 389/765
f 1566/791 1862/766 2422/742 389/765
f 2422/742 2312/720 1642/741 389/765
f 1642/741 2200/764 1847/790 389/765
f 578/2458 824/2519 2414/2521 390/2459
f 2414/2521 2630/2460 3632/2396 390/2459
f 3894/2039 4182/1979 2907/1919 392/1978
f 2907/1919 582/1859 1976/1918 392/1978
f 1976/1918 1561/1977 3009/2038 392/1978
f 925/1391 997/1444 4310/1497 393/1445
f 4310/1497 3532/1553 4276/1499 393/1445
f 4276/1499 1979/1446 2053/1392 393/1445
f 2053/1392 945/1339 925/1391 393/1445
f 2763/2342 958/2406 1049/2343 394/2279
f 2273/2217 4095/2280 2763/2342 394/2279
f 423/3835 3844/3850 4226/3836 395/3818
f 4226/3836 1113/3819 4168/3802 395/3818
f 4168/3802 2671/3787 737/3803 395/3818
f 2686/3677 2062/3694 1203/4708 396/4706
f 1203/4405 4128/3678 1187/3661 396/4400
f 1187/3661 826/3638 1632/4396 396/4400
f 1632/4704 1511/3656 2686/3677 396/4706
f 1307/2713 4011/2655 2127/2712 397/2769
f 2127/2712 999/2768 2317/4419 397/2769
f 2317/4419 426/4420 2768/2821 397/2769
f 2768/2821 4417/2770 1307/2713 397/2769
f 4119/3701 663/3686 3303/3666 398/3685
f 3303/3666 1373/3642 1260/3665 398/3685
f 1260/3665 4172/3684 4047/3700 398/3685
f 4047/3700 2672/3712 4119/3701 398/3685
f 1711/1537 709/1592 779/4475 399/4469
f 779/606 2731/336 3002/374 399/604
f 3002/374 2433/296 672/602 399/604
f 672/4465 424/1484 1711/1537 399/4469
f 2439/2335 609/2399 2997/2336 400/2273
f 2997/2336 1178/2274 2487/2211 400/2273
f 2487/2211 2665/2149 3860/2210 400/2273
f 1112/123 1121/125 4369/499 401/35
f 4369/499 2680/331 4005/454 401/35
f 3377/3053 3723/3001 1272/3054 402/3104
f 1272/3054 966/3105 1855/3157 402/3104
f 1855/3157 1035/3208 1714/3152 402/3104
f 1714/3152 1093/3098 3377/3053 402/3104
f 1099/3894 955/3914 2775/3897 403/3878
f 2775/3897 3526/3879 3271/3860 403/3878
f 467/4130 2124/4132 1099/3894 403/3878
f 1257/3634 1460/3660 3638/3636 404/3606
f 3638/3636 3679/3607 3026/3561 404/3606
f 3026/3561 3066/3507 934/3560 404/3606
f 1182/3230 1266/3285 1611/3237 405/3181
f 2256/3129 2948/3175 1182/3230 405/3181
f 680/587 452/581 681/71 406/36
f 681/71 2190/264 841/93 406/36
f 841/93 1732/580 722/586 406/36
f 722/586 4423/592 680/587 406/36
f 4136/1279 1522/1329 4166/1280 407/1232
f 4166/1280 4098/1233 1567/1184 407/1232
f 1615/2766 840/2819 2864/2871 408/2820
f 1907/4335 1244/4333 757/2767 408/2820
f 757/2767 760/2710 1615/2766 408/2820
f 1960/1576 947/1631 1226/1689 410/1632
f 1226/1689 2845/1747 1338/1690 410/1632
f 1338/1690 4164/1633 411/1577 410/1632
f 4164/1633 3971/1578 1118/1523 411/1577
f 3530/2426 4028/2488 3125/2497 412/2434
f 3125/2497 3652/4487 1789/4479 412/2434
f 973/2581 2414/2521 824/2519 413/2580
f 1470/2895 4142/2842 2783/2894 414/2948
f 2783/2894 1682/2946 2157/3000 414/2948
f 2157/3000 4325/2963 3509/2911 414/2948
f 3509/2911 2004/2860 1470/2895 414/2948
f 1215/4059 4396/4069 4394/4071 415/4060
f 2390/4061 3321/4050 1691/4049 415/4060
f 1691/4049 971/4048 1215/4059 415/4060
f 3977/2337 3542/2400 2006/4811 416/4815
f 2006/4284 4012/2501 2403/2464 416/4282
f 2403/2464 1631/2401 764/4280 416/4282
f 764/4820 2802/2275 3977/2337 416/4815
f 1456/2471 4425/2409 1801/2345 417/2407
f 1801/2345 1717/2281 1049/2343 417/2407
f 1049/2343 958/2406 1744/2470 417/2407
f 3609/420 2211/270 2019/241 418/37
f 2019/241 1140/130 2963/369 418/37
f 2963/369 811/90 2837/353 418/37
f 2837/353 1211/137 3609/420 418/37
f 2607/890 2130/858 3813/828 419/857
f 3813/828 4063/800 1828/827 419/857
f 1058/1316 3082/1267 3861/1219 420/1266
f 979/3935 2228/3956 4435/3936 421/4198
f 799/1398 696/1453 2333/1399 422/1346
f 2333/1399 3555/1347 3771/1296 422/1346
f 3771/1296 1699/1248 1982/1295 422/1346
f 1982/1295 4246/1345 799/1398 422/1346
f 672/4465 2898/4461 484/1431 424/1484
f 2710/1562 2688/1506 443/1543 425/1598
f 443/1543 2141/1597 2031/1653 425/1598
f 2317/4165 1970/4161 1051/4121 426/4166
f 1051/4121 2498/4178 885/4176 426/4166
f 885/4424 1758/2873 2768/2821 426/4420
f 1440/1958 1813/2017 1310/2078 427/2020
f 1310/2078 4147/2139 442/2080 427/2020
f 442/2080 734/2081 4212/2019 427/2020
f 4212/2019 482/1959 1440/1958 427/2020
f 429/3584 1458/3537 4156/3481 428/3536
f 4156/3481 856/3424 2305/3480 428/3536
f 2305/3480 1936/3535 1562/3583 428/3536
f 1562/3583 4097/3617 429/3584 428/3536
f 3986/3592 2383/3545 1458/3537 429/3584
f 4097/3617 3512/3622 3986/3592 429/3584
f 1488/3969 2396/3982 465/3995 430/3983
f 1613/3996 1589/3984 2299/3970 430/3983
f 3815/442 4204/476 3690/429 431/38
f 3690/429 2373/287 3309/395 431/38
f 3309/395 2429/295 3791/440 431/38
f 3791/440 453/41 3815/442 431/38
f 2682/3784 1487/3776 4346/3762 432/3770
f 4346/3762 2853/3749 2765/3757 432/3770
f 2765/3757 736/3769 2286/3783 432/3770
f 2286/3783 2683/3798 2682/3784 432/3770
f 2698/332 4048/559 2337/552 433/39
f 2337/552 1419/553 1151/131 433/39
f 1151/131 4330/489 3845/444 433/39
f 3845/444 3327/397 2698/332 433/39
f 886/4697 4260/1449 1504/1498 434/4693
f 778/1390 2614/1342 886/4814 434/4810
f 1304/2034 1037/2090 926/2029 435/1973
f 926/2029 2601/1968 2619/1912 435/1973
f 2804/1854 1934/1915 1150/1855 436/1796
f 1150/1855 3853/4288 3017/1737 436/1796
f 3017/1737 1379/1678 2964/1736 436/1796
f 2964/1736 702/1795 2804/1854 436/1796
f 3704/912 3505/948 511/987 437/949
f 511/987 600/1028 3104/988 437/949
f 3104/988 4082/950 3933/913 437/949
f 3933/913 4273/878 3704/912 437/949
f 1811/1011 1003/1052 2788/1096 438/1053
f 1777/1013 1757/973 1811/1011 438/1053
f 533/4036 4409/4045 4399/4057 439/4047
f 4399/4057 4396/4069 1215/4059 439/4047
f 1215/4059 971/4048 768/4037 439/4047
f 768/4037 2321/4026 533/4036 439/4047
f 3103/981 3473/1020 3988/1062 440/1021
f 3988/1062 3179/1106 1197/1063 440/1021
f 2622/982 4039/944 3103/981 440/1021
f 1805/4271 2463/1827 1075/1770 441/4273
f 1075/1770 1017/1735 1940/4275 441/4273
f 4147/2139 2395/2201 4184/2141 442/2080
f 4184/2141 1114/2142 734/2081 442/2080
f 1098/1490 911/1542 2141/1597 443/1543
f 1741/4804 2814/1544 2109/1491 444/4806
f 501/2754 1733/2809 2004/2860 445/2810
f 2004/2860 3509/2911 4198/2861 445/2810
f 4198/2861 2087/2811 2677/2756 445/2810
f 2677/2756 500/2700 501/2754 445/2810
f 3919/4217 2891/4212 4284/3465 446/3409
f 4284/3465 738/3466 4339/3410 446/3409
f 2433/296 3002/374 2892/358 448/40
f 2892/358 1319/152 517/48 448/40
f 1767/1805 4241/1746 1446/1804 449/1864
f 1446/1804 1142/1863 1273/1923 449/1864
f 1273/1923 1449/1983 4315/1924 449/1864
f 4315/1924 3816/1865 1767/1805 449/1864
f 2775/3897 955/3914 2146/3932 450/3917
f 1564/1265 2467/1217 2308/1264 451/1314
f 2308/1264 1190/1313 3558/1365 451/1314
f 3558/1365 3379/1419 2526/1366 451/1314
f 489/575 1231/140 681/71 452/581
f 700/74 4185/473 3815/442 453/41
f 3791/440 3305/394 4258/483 453/41
f 4258/483 3569/411 700/74 453/41
f 1439/1098 2969/1139 1969/1093 454/1054
f 1969/1093 2361/1050 686/1012 454/1054
f 2890/1487 2724/1540 1993/1488 455/1435
f 1993/1488 2919/1436 1990/1382 455/1435
f 1990/1382 940/1330 525/1381 455/1435
f 645/3276 3359/3221 3392/3165 457/3220
f 3392/3165 1191/3113 1042/3164 457/3220
f 1360/2082 734/2081 1114/2142 458/2143
f 1114/2142 1437/2203 3980/2205 458/2143
f 3980/2205 3578/2144 2057/2083 458/2143
f 2057/2083 3752/2022 1360/2082 458/2143
f 2475/302 4144/470 1880/224 459/42
f 1880/224 796/88 1301/151 459/42
f 2905/2603 1364/2661 470/2719 460/2662
f 1751/2640 938/2698 2162/2641 461/2582
f 2162/2641 2880/2583 1102/2523 461/2582
f 1127/1010 723/971 2996/933 462/970
f 2996/933 1783/898 1913/934 462/970
f 2160/2702 1512/2757 2246/2812 463/2758
f 3468/2813 729/2759 1933/2704 463/2758
f 1933/2704 620/2646 2160/2702 463/2758
f 2527/3862 3873/3861 2306/3880 464/3881
f 2306/3880 2471/3898 1557/3900 464/3881
f 1557/3900 626/4122 1944/4123 464/3881
f 1944/4123 2851/4124 2527/3862 464/3881
f 1967/805 559/834 4420/864 466/833
f 4420/864 2257/896 1329/862 466/833
f 846/3844 2058/3857 2124/4210 467/4214
f 4390/4109 1552/4112 1602/4110 1884/4100
f 4365/2761 2751/4303 2658/4307 468/2762
f 3311/4230 3858/3829 2881/4229 469/4236
f 2881/4125 2527/3862 2851/4124 469/4129
f 2851/4338 2735/1623 1441/1567 469/4332
f 1364/2661 1997/2718 2694/2775 470/2719
f 2694/2775 1996/2827 2183/2776 470/2719
f 2106/4672 948/2014 983/2075 471/4669
f 983/2075 1988/2136 1793/4665 471/4669
f 1793/4786 1813/2017 2944/1956 471/4788
f 2944/1956 1724/1895 2106/4790 471/4788
f 1244/4252 1507/2923 585/3942 472/4245
f 585/3942 4415/3943 2623/3921 472/4245
f 3428/4286 3011/4291 2382/2589 473/2533
f 2382/2589 1574/2529 3435/2472 473/2533
f 3435/2472 579/2439 4012/2501 473/2533
f 4012/2501 2006/4284 3428/4286 473/2533
f 1041/1417 3728/1364 3229/1312 474/1363
f 3229/1312 2511/1262 2067/1311 474/1363
f 2067/1311 1657/1362 1533/1416 474/1363
f 1533/1416 1492/1469 1041/1417 474/1363
f 1190/1313 2308/1264 4187/1216 475/1263
f 4187/1216 4297/1167 4279/1215 475/1263
f 4279/1215 2511/1262 3229/1312 475/1263
f 3229/1312 3728/1364 1190/1313 475/1263
f 3686/1860 3299/1920 4302/1861 476/1801
f 4302/1861 3699/1802 2610/1743 476/1801
f 2610/1743 2852/1685 2915/1742 476/1801
f 2540/2542 2107/2482 1792/2419 477/2481
f 1792/2419 1896/2355 2860/2418 477/2481
f 3017/1737 3853/4288 3489/4289 478/1679
f 3489/4289 2566/4293 3285/1622 478/1679
f 3285/1622 2620/1565 870/1621 478/1679
f 870/1621 1379/1678 3017/1737 478/1679
f 830/2042 1241/1981 1308/2041 479/2101
f 1308/2041 3292/4529 2831/4525 479/2101
f 2831/4525 3221/4520 2998/2161 479/2101
f 2998/2161 1238/2102 830/2042 479/2101
f 3057/3649 3953/3621 1480/3648 480/3671
f 1480/3648 2745/3669 937/3689 480/3671
f 937/3689 2388/3704 2737/3690 480/3671
f 2737/3690 4220/3672 3057/3649 480/3671
f 4414/1440 3008/1492 816/1546 481/1547
f 816/1546 1416/1602 1018/1603 481/1547
f 1018/1603 2649/1605 2982/1548 481/1547
f 2982/1548 2151/1493 4414/1440 481/1547
f 4212/2019 2343/2021 2787/1960 482/1959
f 3882/1322 3804/1374 843/1323 483/1273
f 843/1323 1483/1274 1484/1226 483/1273
f 1484/1226 1485/1177 1030/1225 483/1273
f 1030/1225 3985/1272 3882/1322 483/1273
f 2898/4461 969/4459 4051/1377 484/1431
f 4051/1377 714/1430 2497/1483 484/1431
f 1452/3308 1678/3366 2214/3309 486/3251
f 2214/3309 2520/3252 873/3194 486/3251
f 873/3194 1237/3139 627/3193 486/3251
f 627/3193 1448/3250 1452/3308 486/3251
f 1258/3405 2711/3459 2436/3403 487/3350
f 2436/3403 2834/3347 1082/3294 487/3350
f 1082/3294 4024/3293 743/3349 487/3350
f 2621/774 4063/800 1317/4496 489/4503
f 1317/569 2790/345 1231/140 489/575
f 2573/2749 4022/2803 844/2746 490/2690
f 844/2746 3707/2687 2163/2630 490/2690
f 3967/450 3803/441 2779/344 491/43
f 2779/344 4130/465 4139/468 491/43
f 4139/468 3785/439 735/78 491/43
f 735/78 2059/248 3967/450 491/43
f 3859/963 2310/1002 1331/4460 492/4464
f 1331/550 3287/393 4338/493 492/541
f 4338/493 3575/412 1078/540 492/541
f 1078/4468 3801/926 3859/963 492/4464
f 2800/3241 1245/3297 1133/3298 493/3242
f 1133/3298 3722/3968 4213/3952 493/3242
f 4213/3952 1400/3934 2816/3185 493/3242
f 4218/3005 1453/3058 1294/3006 494/2953
f 1294/3006 4077/2954 3636/2901 494/2953
f 2202/266 893/99 2410/293 495/44
f 2410/293 2985/372 3581/413 495/44
f 513/46 1825/217 2202/266 495/44
f 1739/3282 4162/3228 3787/3173 496/3227
f 3787/3173 4042/3122 1473/3172 496/3227
f 3755/3429 1867/3371 3837/3427 497/3484
f 3837/3427 2370/3483 2777/3539 497/3484
f 2777/3539 1775/3587 3241/3540 497/3484
f 3241/3540 2938/3486 3755/3429 497/3484
f 2631/1189 985/1142 2788/1096 498/1141
f 548/3998 2455/4009 802/4010 499/3999
f 802/4010 927/4011 1950/4000 499/3999
f 1950/4000 1951/3988 1199/3987 499/3999
f 1199/3987 894/3986 548/3998 499/3999
f 2512/2642 2762/2699 501/2754 500/2700
f 2677/2756 2272/2701 1389/2643 500/2700
f 1389/2643 1868/2584 2512/2642 500/2700
f 2762/2699 2577/2755 1733/2809 501/2754
f 884/1823 725/1882 2465/4490 502/4498
f 2005/4505 717/1765 884/1823 502/4498
f 583/1825 2793/1884 650/1944 503/1885
f 650/1944 4434/4573 1968/4575 503/1885
f 1968/4575 2723/4577 504/1826 503/1885
f 504/1826 2426/1768 583/1825 503/1885
f 2723/4577 1875/4579 2849/1769 504/1826
f 2849/1769 2419/1710 2426/1768 504/1826
f 2683/3798 2286/3783 1790/3797 505/3813
f 1790/3797 2204/3786 749/3801 505/3813
f 749/3801 1627/3817 506/3830 505/3813
f 1627/3817 1709/3834 2818/3845 506/3830
f 2838/3575 2049/3574 995/3526 507/3576
f 2961/4031 3713/4023 2838/3575 507/3576
f 547/1971 4175/2031 1977/2092 508/2032
f 1262/2093 1646/2033 1327/1972 508/2032
f 1327/1972 3741/1911 547/1971 508/2032
f 4074/460 575/56 612/61 509/45
f 612/61 1424/164 1569/178 509/45
f 1569/178 2575/317 782/84 509/45
f 2735/1623 976/1680 2096/1624 510/1568
f 3911/1512 1441/1567 2735/1623 510/1568
f 527/4656 1737/2576 4421/2636 512/4659
f 2298/2518 711/2455 527/4783 512/4785
f 2386/290 2799/349 1825/217 513/46
f 1124/127 2799/349 2386/290 514/47
f 2386/290 850/94 701/75 514/47
f 701/75 2581/319 3631/422 514/47
f 3631/422 2910/359 1124/127 514/47
f 2378/2858 550/2909 1946/2962 515/2910
f 1946/2962 718/4663 1205/4664 515/2910
f 1205/4664 4373/4668 980/2859 515/2910
f 980/2859 2877/2808 2378/2858 515/2910
f 4009/2015 1057/2076 2418/2135 516/2074
f 2418/2135 4117/2196 4031/2134 516/2074
f 4031/2134 3753/2073 3814/2013 516/2074
f 3814/2013 2721/1954 4009/2015 516/2074
f 1319/152 581/58 992/105 517/48
f 992/105 2521/310 1105/122 517/48
f 2207/824 2461/797 1798/4497 518/4489
f 1798/4646 1858/748 2795/771 518/4644
f 2795/771 2538/796 855/4642 518/4644
f 855/4481 4089/853 2207/824 518/4489
f 1625/1717 1298/1775 1031/1834 519/1778
f 1031/1834 1724/1895 2213/1836 519/1778
f 2213/1836 740/1837 2744/1777 519/1778
f 2744/1777 2590/1718 1625/1717 519/1778
f 1820/1307 2678/4614 625/4610 520/1259
f 2267/1450 3475/1502 1206/1558 521/1504
f 1206/1558 2522/1615 1630/1560 521/1504
f 1630/1560 1475/4812 2972/4813 521/1504
f 2972/4813 2772/4817 2267/1450 521/1504
f 847/4865 4419/2341 3004/2402 523/4867
f 3004/2402 2307/2456 2689/4869 523/4867
f 3429/2417 3576/2354 3262/2290 524/2353
f 3262/2290 817/2227 3883/2289 524/2353
f 3883/2289 1385/2352 3653/2416 524/2353
f 3653/2416 3832/2479 3429/2417 524/2353
f 940/1330 4166/1280 1522/1329 525/1381
f 1527/3375 2330/3321 2375/3379 526/3433
f 2375/3379 2385/4741 2223/4737 526/3433
f 2223/4737 4344/4733 3932/3489 526/3433
f 3932/3489 2253/3432 1527/3375 526/3433
f 4178/3944 597/3962 2077/3976 528/3963
f 3790/3946 2752/3923 4178/3944 528/3963
f 669/1762 2481/1820 2704/1880 529/1821
f 2704/1880 591/1940 813/1881 529/1821
f 813/1881 1173/1822 1607/1763 529/1821
f 1607/1763 2648/1705 669/1762 529/1821
f 2203/267 3693/430 3948/447 530/49
f 3948/447 3609/420 1211/137 530/49
f 1211/137 4413/511 1921/231 530/49
f 1921/231 1787/210 2203/267 530/49
f 2448/689 1550/673 2293/658 531/672
f 1848/657 2501/671 1034/688 531/672
f 1034/688 1761/707 2448/689 531/672
f 1396/2372 2044/2435 2270/2498 532/2436
f 2270/2498 1365/2559 1974/2499 532/2436
f 2458/4025 4411/4035 4409/4045 533/4036
f 2321/4026 1039/4016 2458/4025 533/4036
f 2033/2428 1808/2364 2482/2427 534/2490
f 2482/2427 3768/2489 3449/2550 534/2490
f 3904/2551 2882/2491 2033/2428 534/2490
f 3613/3415 3957/3359 3064/3302 535/3358
f 3064/3302 2323/3245 652/3301 535/3358
f 652/3301 1548/3356 3829/3413 535/3358
f 3829/3413 3242/3470 3613/3415 535/3358
f 2951/2965 1816/3016 2149/3068 536/3017
f 1673/3069 917/3018 1192/2966 536/3017
f 1192/2966 3243/2914 2951/2965 536/3017
f 1141/4553 2785/4552 786/1683 537/4551
f 786/1683 2591/1626 1710/4548 537/4551
f 1710/4630 2415/1516 1080/1570 537/4634
f 1080/1570 2129/4633 1141/4637 537/4634
f 1481/4256 902/3758 2647/3746 538/4259
f 1891/4292 1532/1976 1935/2037 538/4296
f 1935/2037 1929/2097 1481/4300 538/4296
f 4311/2347 3688/2411 1259/2348 539/2284
f 1259/2348 3891/2285 1063/2222 539/2284
f 1063/2222 3644/2160 4126/2221 539/2284
f 3535/3624 3256/3650 3426/3673 540/3651
f 3426/3673 3233/3652 4201/3626 540/3651
f 2257/896 688/866 2217/900 541/931
f 2217/900 2340/936 1898/965 541/931
f 1314/780 852/755 1145/779 542/806
f 1145/779 3826/803 2584/832 542/806
f 2584/832 2756/863 2051/835 542/806
f 2051/835 1222/807 1314/780 542/806
f 3135/692 774/675 2847/659 543/674
f 2847/659 2718/4600 2995/4598 543/674
f 2995/4598 2111/4596 3806/691 543/674
f 3806/691 2450/710 3135/692 543/674
f 1572/179 3190/384 3220/389 544/50
f 3220/389 1409/162 4331/490 544/50
f 1293/150 1474/167 2507/308 545/51
f 4379/503 4378/502 1293/150 545/51
f 3674/1108 1961/1154 987/1109 546/1066
f 3710/1065 3715/1023 775/1024 546/1066
f 775/1024 3839/1064 3674/1108 546/1066
f 894/3986 1399/3972 1553/3985 548/3998
f 1781/209 2052/247 632/64 549/52
f 632/64 1195/136 4177/472 549/52
f 4177/472 1577/180 631/63 549/52
f 631/63 3591/414 1781/209 549/52
f 1743/2857 2269/2908 1822/2961 550/2909
f 1822/2961 2358/3014 1946/2962 550/2909
f 2378/2858 2119/2807 1743/2857 550/2909
f 4390/4109 4432/4117 2371/4120 679/4119
f 2702/4113 1552/4112 4390/4109 679/4119
f 3466/1411 3692/1461 3856/1407 552/1358
f 3856/1407 3910/4314 3872/4310 552/1358
f 3872/4310 3712/4306 3663/1308 552/1358
f 3663/1308 661/1359 3466/1411 552/1358
f 3046/715 3622/697 3217/679 553/696
f 3217/679 3344/663 3660/678 553/696
f 3660/678 1022/695 3136/714 553/696
f 3136/714 3117/735 3046/715 553/696
f 1494/568 2583/320 2025/243 554/562
f 2025/243 1799/212 3544/556 554/562
f 3544/4636 3871/625 2564/634 554/4639
f 2158/2978 2815/2925 1350/2926 555/2979
f 1350/2926 1467/4428 1671/4431 555/2979
f 1209/3031 2835/3032 2158/2978 555/2979
f 839/2974 2602/3027 1019/2975 556/2922
f 2864/2871 840/2819 4395/2870 556/2922
f 3361/3822 961/3840 2101/3823 557/3806
f 2101/3823 4317/3809 1207/3793 557/3806
f 1207/3793 3923/3778 4190/3790 557/3806
f 4190/3790 2923/3805 3361/3822 557/3806
f 2789/1250 2896/1298 2850/1251 558/1201
f 2850/1251 1284/1202 1961/1154 558/1201
f 1961/1154 3674/1108 4361/1153 558/1201
f 4361/1153 3782/1200 2789/1250 558/1201
f 688/866 2257/896 4420/864 559/834
f 3716/1006 4298/1046 2248/1089 560/1047
f 2248/1089 2225/1134 3503/1090 560/1047
f 3503/1090 3417/1048 3939/1007 560/1047
f 3939/1007 4328/968 3716/1006 560/1047
f 2213/1836 1724/1895 2944/1956 561/1897
f 2944/1956 1813/2017 1440/1958 561/1897
f 2952/613 1233/617 1948/624 562/618
f 1948/624 660/633 3871/625 562/618
f 2616/325 2220/566 2377/572 563/53
f 2377/572 1647/578 611/60 563/53
f 3376/3146 3430/3092 3868/3144 564/3199
f 3868/3144 3800/3200 4064/3256 564/3199
f 4064/3256 970/3314 3866/3257 564/3199
f 3866/3257 3036/3202 3376/3146 564/3199
f 1414/2321 2154/2261 1809/2198 565/2258
f 1809/2198 1988/2136 4254/2195 565/2258
f 2929/3854 1096/3873 1975/3889 566/3870
f 1975/3889 4023/3907 2535/3887 566/3870
f 1887/225 1281/147 2956/368 567/54
f 2956/368 1621/184 3193/385 567/54
f 3193/385 3598/417 2634/327 567/54
f 3495/1784 3405/1843 4221/1785 569/1725
f 4221/1785 899/1726 4149/1668 569/1725
f 3481/1068 2131/1111 3963/1158 570/1113
f 4414/1440 2151/1493 1956/1441 571/1386
f 1956/1441 2060/1387 2167/1334 571/1386
f 2167/1334 4176/1283 2368/1333 571/1386
f 1938/3647 3512/3622 4097/3617 574/3644
f 4097/3617 1562/3583 2064/3616 574/3644
f 2064/3616 4099/3643 1684/3667 574/3644
f 1684/3667 806/3670 1938/3647 574/3644
f 1055/115 1409/162 3525/408 575/56
f 3525/408 739/79 612/61 575/56
f 4074/460 2172/259 1055/115 575/56
f 2953/366 2205/268 2240/272 576/57
f 1838/219 3390/400 3730/433 576/57
f 3730/433 2708/335 2953/366 576/57
f 3773/1099 3956/4849 3476/4851 577/1055
f 3476/4851 2917/4852 1777/1013 577/1055
f 2227/2394 4118/2393 2332/2457 578/2458
f 3435/2472 1622/2408 3794/2376 579/2439
f 3794/2376 1352/2375 3899/2438 579/2439
f 3899/2438 2403/2464 4012/2501 579/2439
f 1789/4752 3345/2555 1023/2494 580/4756
f 1023/2494 2327/2431 3546/4759 580/4756
f 1319/152 1189/135 1236/141 581/58
f 1236/141 2750/338 858/96 581/58
f 858/96 893/99 992/105 581/58
f 2907/1919 1287/4355 2965/4351 582/1859
f 2965/4351 2785/4347 2626/1799 582/1859
f 2626/1799 1316/1858 1976/1918 582/1859
f 1271/1767 3479/1824 2793/1884 583/1825
f 2426/1768 2359/1709 1271/1767 583/1825
f 4416/2096 1935/2037 1532/1976 584/2036
f 1532/1976 2003/1916 1928/1975 584/2036
f 1507/2923 1131/2977 622/3961 585/3942
f 622/3961 1417/3959 4415/3943 585/3942
f 2707/1079 3998/1036 685/1078 586/1123
f 685/1078 2586/1122 2638/1169 586/1123
f 3661/3869 3480/3886 2024/3905 587/3888
f 2024/3905 2752/3923 1132/3908 587/3888
f 1132/3908 2943/3890 1279/3871 587/3888
f 3344/663 3040/650 2144/638 588/649
f 2144/638 1575/628 1565/637 588/649
f 1242/3794 4317/3809 2271/3826 589/3811
f 1843/3810 3570/3795 1242/3794 589/3811
f 1482/2951 4219/3004 968/2952 590/2899
f 2704/1880 2927/1939 2007/1999 591/1940
f 2007/1999 991/2000 1011/1941 591/1940
f 1011/1941 725/1882 813/1881 591/1940
f 595/616 1233/617 2952/613 592/611
f 4014/2737 1881/2679 3571/2736 593/2793
f 3571/2736 3330/2792 3664/2844 593/2793
f 3664/2844 1733/2809 2577/2755 593/2793
f 2577/2755 2549/2703 4014/2737 593/2793
f 4279/1215 4297/1167 2150/1120 594/1166
f 1072/1119 1157/1165 4236/1214 594/1166
f 4236/1214 2511/1262 4279/1215 594/1166
f 3231/615 1756/621 1179/622 595/616
f 1179/622 1752/623 1233/617 595/616
f 1138/2158 2324/2220 2038/2159 598/2099
f 2038/2159 2832/2100 3528/2040 598/2099
f 3528/2040 4182/1979 3894/2039 598/2099
f 1839/1896 1280/1955 2334/1894 599/1835
f 2334/1894 1290/1833 2509/1776 599/1835
f 2509/1776 2637/1727 3141/1787 599/1835
f 1595/1071 4214/1029 3104/988 600/1028
f 2479/1878 2389/1937 636/1997 601/1938
f 636/1997 3336/2058 2975/1998 601/1938
f 2975/1998 2927/1939 2171/1879 601/1938
f 2171/1879 906/1819 2479/1878 601/1938
f 3842/843 1406/874 3824/908 602/876
f 3824/908 4039/944 3625/909 602/876
f 3625/909 1183/910 3834/875 602/876
f 3834/875 3918/844 3842/843 602/876
f 1088/2831 3650/2786 2924/2838 603/2884
f 2823/2938 727/2989 1852/2935 603/2884
f 1852/2935 1587/2881 1088/2831 603/2884
f 2340/936 1292/4578 2917/4576 605/974
f 3524/1003 1898/965 2340/936 605/974
f 1826/3570 1415/3571 1649/3517 606/3516
f 1784/2616 2434/2557 1155/2615 607/2674
f 1155/2615 2245/2672 1576/2730 607/2674
f 1576/2730 2104/2787 1670/2732 607/2674
f 2532/312 665/68 4251/481 608/59
f 4251/481 1778/208 4305/486 608/59
f 4305/486 2297/282 3780/438 608/59
f 3780/438 739/79 2532/312 608/59
f 2439/2335 2993/2398 1136/2462 609/2399
f 1136/2462 2470/2524 2741/2463 609/2399
f 2741/2463 3542/2400 2997/2336 609/2399
f 3418/960 756/999 3855/961 610/924
f 3855/961 4129/925 2607/890 610/924
f 1647/578 2394/584 2011/239 611/60
f 2011/239 2260/276 1185/134 611/60
f 739/79 3780/438 1424/164 612/61
f 3176/3674 2086/3691 3774/3705 613/3692
f 3774/3705 2431/3715 2510/3706 613/3692
f 2510/3706 2047/3693 3895/3675 613/3692
f 3895/3675 3897/3653 3176/3674 613/3692
f 3992/3368 2732/3425 615/3482 614/3426
f 615/3482 1782/3493 1617/3438 614/3426
f 2732/3425 4156/3481 1458/3537 615/3482
f 1458/3537 2383/3545 1782/3493 615/3482
f 868/4185 1835/4187 2486/4107 616/4115
f 2486/4107 2148/4106 2562/4114 616/4115
f 3632/2396 3893/2333 2423/2270 617/2332
f 2423/2270 2186/2207 763/2269 617/2332
f 2960/1675 2941/4821 1581/4816 618/1617
f 1581/4816 1475/4812 1630/1560 618/1617
f 1381/158 889/98 2821/350 619/62
f 2821/350 1100/120 2318/283 619/62
f 2318/283 2493/306 2177/261 619/62
f 2177/261 1778/208 1381/158 619/62
f 1274/2587 2543/2644 2160/2702 620/2646
f 1933/2704 2187/2647 2950/2588 620/2646
f 2457/3960 3315/3940 1417/3959 622/3961
f 2245/2672 2922/2613 3840/2670 623/2728
f 3840/2670 879/2727 4207/2784 623/2728
f 4207/2784 2407/2836 2687/2785 623/2728
f 2687/2785 1576/2730 2245/2672 623/2728
f 1954/4238 3616/3816 2646/3800 624/4243
f 2646/3800 3579/3785 4234/4247 624/4243
f 3747/2282 1065/2346 1954/4316 624/4312
f 2678/4532 3877/1412 2883/1360 625/4528
f 2883/1360 2346/1309 2714/4524 625/4528
f 1557/3900 653/4193 2661/4191 626/4122
f 2661/4349 2376/1797 2733/1738 626/4345
f 2733/1738 976/1680 1944/4342 626/4345
f 1237/3139 1882/3085 2589/3138 627/3193
f 2589/3138 2065/3192 1448/3250 627/3193
f 2224/4560 1356/4562 2729/1734 628/1676
f 2729/1734 2153/1766 2048/1707 628/1676
f 4302/1861 3299/1920 1390/1980 629/1921
f 1390/1980 1308/2041 1241/1981 629/1921
f 1120/3598 1519/3628 2165/3654 630/3629
f 2165/3654 2560/3676 2174/3655 630/3629
f 2174/3655 1040/3630 1256/3599 630/3629
f 1577/180 1043/112 3641/424 631/63
f 3641/424 3063/376 3591/414 631/63
f 2052/247 1056/116 2408/292 632/64
f 2408/292 1119/124 1195/136 632/64
f 643/3039 2010/2985 2771/3038 633/3090
f 2771/3038 2967/4538 2182/4542 633/3090
f 2182/4542 1501/4546 1773/3106 633/3090
f 1773/3106 1357/3055 643/3039 633/3090
f 2849/1769 1875/4579 1805/4581 634/1711
f 2031/1653 2419/1710 2849/1769 634/1711
f 4159/1813 3216/1873 4160/1814 635/1755
f 4160/1814 4301/1756 4037/1698 635/1755
f 4037/1698 3048/1640 3781/1697 635/1755
f 3781/1697 3171/1754 4159/1813 635/1755
f 2389/1937 2855/1996 2597/2057 636/1997
f 2597/2057 3380/2117 3336/2058 636/1997
f 3113/917 2605/883 3211/850 637/882
f 3211/850 3529/820 3054/849 637/882
f 3054/849 3354/881 3091/916 637/882
f 3091/916 4067/953 3113/917 637/882
f 845/851 3395/822 3069/794 638/821
f 3069/794 3265/768 3290/793 638/821
f 3290/793 3529/820 3211/850 638/821
f 3211/850 2605/883 845/851 638/821
f 3892/445 1158/132 742/80 639/65
f 2408/292 1056/116 3892/445 639/65
f 2122/4029 3406/4039 3734/4040 642/4030
f 3734/4040 1850/4145 4194/4143 642/4030
f 4194/4143 1067/4141 1909/4021 642/4030
f 1909/4021 2113/4020 2122/4029 642/4030
f 1515/2986 990/2932 2010/2985 643/3039
f 1357/3055 2747/3002 1515/2986 643/3039
f 2729/1734 1356/4562 2700/4564 644/1794
f 2700/4564 2912/4566 860/1853 644/1794
f 860/1853 2793/1884 3479/1824 644/1794
f 3479/1824 2153/1766 2729/1734 644/1794
f 2283/3332 2547/3277 3359/3221 645/3276
f 1819/2423 1431/2360 1366/2296 646/2359
f 1085/119 1335/153 3568/410 647/66
f 3568/410 3770/436 3643/425 647/66
f 3643/425 4163/471 3146/381 647/66
f 3146/381 3166/383 1085/119 647/66
f 1829/3565 1609/3605 2229/3559 648/3511
f 2879/3877 4057/3895 3719/3912 649/3892
f 3719/3912 658/3927 2957/3909 649/3892
f 2957/3909 1975/3889 1096/3873 649/3892
f 1096/3873 2600/3859 2879/3877 649/3892
f 2793/1884 860/1853 2054/1914 650/1944
f 2054/1914 1240/4571 4434/4573 650/1944
f 1070/956 3726/920 747/885 651/919
f 747/885 1600/4477 3343/4471 651/919
f 3343/4471 3659/4472 3388/955 651/919
f 3388/955 3936/994 1070/956 651/919
f 2323/3245 1165/3188 3776/3244 652/3301
f 3776/3244 2066/3300 1548/3356 652/3301
f 1914/3938 1735/4128 2661/4192 653/4194
f 3382/4710 1203/4708 2062/3694 654/3707
f 2062/3694 2560/3676 2047/3693 654/3707
f 975/1481 1846/1534 1549/1482 655/1429
f 1549/1482 714/1430 3857/1376 655/1429
f 3857/1376 1408/1324 1341/1375 655/1429
f 1341/1375 1143/1428 975/1481 655/1429
f 1324/3498 3684/3550 959/3595 657/3551
f 959/3595 4201/3626 3557/3596 657/3551
f 3557/3596 3367/3552 1708/3499 657/3551
f 1708/3499 3950/3445 1324/3498 657/3551
f 3719/3912 3129/3929 3016/3950 658/3927
f 3016/3950 3132/3967 1007/3948 658/3927
f 1007/3948 2421/3925 2957/3909 658/3927
f 963/3299 4229/4095 1332/4084 659/3355
f 1332/4084 4403/4073 1066/3411 659/3355
f 1066/3411 1930/3360 2128/3303 659/3355
f 746/644 2564/634 3871/625 660/633
f 1948/624 915/632 2179/643 660/633
f 2753/1413 2792/1465 3466/1411 661/1359
f 3663/1308 1246/1301 3234/1352 661/1359
f 3234/1352 2642/1404 2753/1413 661/1359
f 3962/449 4372/500 4408/510 662/67
f 4408/510 4378/502 2438/297 662/67
f 2438/297 2079/253 2955/367 662/67
f 2955/367 3729/432 3962/449 662/67
f 1071/3688 806/3670 1684/3667 663/3686
f 1684/3667 4099/3643 3303/3666 663/3686
f 4119/3701 954/3702 1071/3688 663/3686
f 3743/1245 2261/1281 1542/1331 664/1293
f 3746/1344 3387/1294 3078/1246 664/1293
f 3078/1246 3745/1196 3743/1245 664/1293
f 3148/382 1668/192 1289/149 665/68
f 1289/149 789/87 4251/481 665/68
f 2532/312 4256/482 3148/382 665/68
f 2697/870 2988/903 2173/939 666/904
f 2173/939 2255/977 1973/940 666/904
f 2288/4098 1525/4088 2528/4087 667/4189
f 2528/4087 2486/4107 1835/4187 667/4189
f 710/2693 4421/2636 1737/2576 551/2633
f 2750/338 4352/495 1834/218 668/69
f 1834/218 2384/289 3372/399 668/69
f 3372/399 2758/341 3748/434 668/69
f 3748/434 858/96 2750/338 668/69
f 2648/1705 1730/1647 3022/1704 669/1762
f 3022/1704 1998/1761 2481/1820 669/1762
f 4335/1276 3247/1244 4358/1292 670/1326
f 3969/3523 3215/3468 4079/3412 671/3469
f 2913/3414 1123/4398 3018/4394 671/3469
f 3018/4394 705/4390 3969/3523 671/3469
f 3442/3284 3322/3338 4206/3393 673/3339
f 4206/3393 1749/3448 2320/3394 673/3339
f 2320/3394 2557/3383 833/3327 673/3339
f 833/3327 3501/3271 3442/3284 673/3339
f 3061/2797 3240/2740 984/2796 674/2848
f 2724/1540 2292/1594 1554/1650 675/1595
f 1554/1650 1547/1708 1635/1651 675/1595
f 1635/1651 812/1596 3021/1541 675/1595
f 3021/1541 1993/1488 2724/1540 675/1595
f 1352/2375 3794/2376 928/2313 676/2312
f 928/2313 2669/2251 4431/2250 676/2312
f 4431/2250 2885/2188 1004/2249 676/2312
f 1004/2249 765/2311 1352/2375 676/2312
f 1306/2421 3835/2357 1433/2420 677/2483
f 1433/2420 2107/2482 4295/2543 677/2483
f 742/80 2493/306 2188/263 678/70
f 1970/4161 3015/4159 2702/4113 679/4119
f 710/2693 551/2633 2974/2692 4151/2751
f 1387/2651 1427/2707 4365/2761 468/2762
f 2371/4120 1051/4121 1970/4161 679/4119
f 4423/4523 2874/4518 2428/728 680/4517
f 1231/140 1255/143 2190/264 681/71
f 4107/1728 4056/1786 3522/1845 682/1788
f 3522/1845 3283/1906 3942/1847 682/1788
f 3942/1847 3225/1789 3605/1729 682/1788
f 3605/1729 1251/1671 4107/1728 682/1788
f 1486/4344 1656/4348 2948/3175 683/3124
f 1252/3074 2809/4341 1486/4344 683/3124
f 1790/3797 2286/3783 736/3769 684/3782
f 736/3769 1897/3756 837/3768 684/3782
f 837/3768 2840/3759 2749/3772 684/3782
f 2749/3772 2204/3786 1790/3797 684/3782
f 3998/1036 1866/995 1498/1035 685/1078
f 1498/1035 4232/1077 2586/1122 685/1078
f 1185/134 2260/276 1608/183 687/72
f 1608/183 1122/126 1876/222 687/72
f 1876/222 2318/283 1100/120 687/72
f 1827/4582 1905/4580 2217/900 688/866
f 2843/4277 1720/1677 1883/1620 689/4279
f 1883/1620 1454/1564 2722/4281 689/4279
f 2894/1508 1718/1563 2843/4587 689/4589
f 2662/942 3603/979 4080/1019 690/980
f 4080/1019 2986/1061 3473/1020 690/980
f 3473/1020 3103/981 4029/943 690/980
f 4029/943 2653/907 2662/942 690/980
f 998/775 754/752 1765/777 691/802
f 2108/831 1994/861 1069/830 691/802
f 1069/830 4283/801 998/775 691/802
f 3760/3767 1228/3766 1227/3780 692/3781
f 1227/3780 3570/3795 2282/3796 692/3781
f 2282/3796 1435/4219 1984/4220 692/3781
f 1984/4220 2398/4226 3760/3767 692/3781
f 3945/4755 2555/2437 3880/2500 693/4751
f 3880/2500 2365/2561 4048/4747 693/4751
f 4048/559 2698/332 853/95 693/565
f 853/95 2126/257 3945/571 693/565
f 2688/1506 2710/1562 2773/1507 696/1453
f 2773/1507 2812/1454 2333/1399 696/1453
f 2523/3235 2833/3291 1520/3344 697/3288
f 1591/3232 2082/3179 2523/3235 697/3288
f 4101/2123 1204/2182 3003/2244 698/2183
f 3003/2244 4252/2307 4272/2245 698/2183
f 4272/2245 2541/2184 2285/2124 698/2183
f 2285/2124 4312/2064 4101/2123 698/2183
f 4130/465 1629/187 3235/390 699/73
f 3235/390 1275/146 2666/330 699/73
f 2666/330 1918/230 2828/352 699/73
f 2828/352 4139/468 4130/465 699/73
f 1760/203 4017/455 4185/473 700/74
f 3569/411 1363/156 1760/203 700/74
f 850/94 1493/169 1033/110 701/75
f 1033/110 2552/315 2581/319 701/75
f 2676/1828 1844/1888 2804/1854 702/1795
f 2964/1736 1720/1677 1017/1735 702/1795
f 1017/1735 1075/1770 2676/1828 702/1795
f 2553/770 1745/747 864/725 703/746
f 864/725 2360/705 3230/724 703/746
f 3230/724 2663/745 4334/769 703/746
f 4334/769 3218/795 2553/770 703/746
f 1671/4168 1467/4164 2595/4118 704/4116
f 2891/4386 4377/3573 3969/3523 705/4390
f 3018/4216 2049/3574 1992/3520 705/4213
f 1992/3520 4284/3465 2891/4212 705/4213
f 2648/1705 1607/1763 2040/1706 706/1648
f 2040/1706 2567/4491 1423/4483 706/1648
f 1423/4483 779/4475 709/1592 706/1648
f 709/1592 1730/1647 2648/1705 706/1648
f 2908/837 2277/809 4359/782 707/808
f 4359/782 3223/757 3819/781 707/808
f 3819/781 1222/807 2037/836 707/808
f 2037/836 3397/868 2908/837 707/808
f 3938/3760 4069/3774 2274/3761 708/3748
f 2274/3761 730/3751 1253/3740 708/3748
f 1253/3740 4216/3731 4053/3738 708/3748
f 4053/3738 1536/3750 3938/3760 708/3748
f 1711/1537 2061/1591 1730/1647 709/1592
f 1269/2708 1387/2651 468/2762 315/2763
f 1686/3866 1530/4240 1746/3885 308/3867
f 2166/2593 1387/2651 982/2652 295/4322
f 2298/2518 2332/2457 4118/2393 711/2455
f 1521/3910 1469/3926 4326/3949 712/3928
f 4326/3949 801/4200 4347/4202 712/3928
f 4347/4202 2505/4204 1514/3911 712/3928
f 1514/3911 2440/3891 1521/3910 712/3928
f 1386/3119 1923/3169 2980/3224 713/3170
f 2980/3224 2451/3279 3695/3225 713/3170
f 3695/3225 1688/3171 3994/3120 713/3170
f 3994/3120 1754/3070 1386/3119 713/3170
f 1549/1482 2502/1535 2497/1483 714/1430
f 4051/1377 3169/1325 3857/1376 714/1430
f 2530/2390 2341/2454 861/2516 715/2453
f 861/2516 857/2575 4083/2514 715/2453
f 4083/2514 2231/2451 2709/2389 715/2453
f 2709/2389 876/2326 2530/2390 715/2453
f 2556/3196 1723/3141 2738/3195 716/3253
f 2738/3195 2520/3252 2331/3310 716/3253
f 4412/1764 1173/1822 884/1823 717/1765
f 2567/4491 2040/1706 4412/1764 717/1765
f 1946/2962 2358/3014 2809/4666 718/4663
f 2809/4341 1252/3074 1428/3022 718/4337
f 3865/2789 3922/2841 2760/2790 719/2733
f 2760/2790 1490/2735 1865/2677 719/2733
f 4010/3160 1216/3108 3455/3159 720/3215
f 1247/1442 3737/1495 3452/1443 721/1388
f 1127/1010 1003/1052 1811/1011 723/971
f 1811/1011 1757/973 2889/935 723/971
f 2889/935 2854/899 2996/933 723/971
f 1011/1941 1648/4482 2465/4490 725/1882
f 884/1823 1173/1822 813/1881 725/1882
f 1019/2975 2602/3027 2805/3080 726/3028
f 2805/3080 3588/3131 2933/3081 726/3028
f 2933/3081 1812/4350 4406/4346 726/3028
f 2756/863 2584/832 772/860 728/894
f 772/860 3993/893 1832/929 728/894
f 1832/929 2506/967 1995/930 728/894
f 1995/930 3504/897 2756/863 728/894
f 3468/2813 3515/2864 1358/2814 729/2759
f 1358/2814 890/2760 3705/2705 729/2759
f 3705/2705 2187/2647 1933/2704 729/2759
f 2274/3761 4255/3775 3296/3764 730/3751
f 2932/363 1980/236 1665/190 732/77
f 1665/190 2680/331 4299/485 732/77
f 1360/2082 2343/2021 4212/2019 734/2081
f 3785/439 748/514 3001/519 735/78
f 3001/519 1499/523 2059/248 735/78
f 2671/3787 907/3777 2822/3791 737/3803
f 4284/3465 1992/3520 1194/3521 738/3466
f 3525/408 4256/482 2532/312 739/79
f 2654/1838 4269/1779 2744/1777 740/1837
f 3932/3489 4344/4733 1372/4729 741/3541
f 1372/4729 2492/4727 2536/3586 741/3541
f 1158/132 2177/261 2493/306 742/80
f 1763/3101 4041/3049 1404/3100 744/3154
f 1404/3100 3101/3153 3478/3209 744/3154
f 3478/3209 1987/3267 2690/3210 744/3154
f 2690/3210 3786/3155 1763/3101 744/3154
f 1878/708 2448/689 1761/707 745/727
f 1761/707 2032/726 1858/748 745/727
f 1858/748 1798/4646 1726/4648 745/727
f 3726/920 766/886 4089/853 747/885
f 4089/853 855/4481 1600/4477 747/885
f 3785/439 2069/250 1538/513 748/514
f 1538/4602 3811/646 2012/635 748/4604
f 2204/3786 3579/3785 2646/3800 749/3801
f 2646/3800 3616/3816 1627/3817 749/3801
f 4059/457 2910/359 3631/422 750/81
f 3631/422 2581/319 3772/437 750/81
f 3772/437 1666/191 4215/477 750/81
f 974/3384 2524/3440 823/3385 751/3329
f 823/3385 2490/3330 1537/3274 751/3329
f 1537/3274 2778/3218 2142/3273 751/3329
f 2329/2413 1837/2349 3889/2412 753/2475
f 3889/2412 4319/2474 2946/2535 753/2475
f 2946/2535 2170/2594 4397/2536 753/2475
f 4397/2536 3685/2476 2329/2413 753/2475
f 998/775 2235/751 4158/729 754/752
f 4158/729 2356/709 1645/730 754/752
f 1645/730 2807/753 1765/777 754/752
f 2743/2260 1162/2322 2028/2259 755/2197
f 2028/2259 4117/2196 2418/2135 755/2197
f 3917/1039 3916/1082 2754/1040 756/999
f 2754/1040 3864/1000 3855/961 756/999
f 3418/960 2489/998 3917/1039 756/999
f 2790/345 4345/494 4249/480 758/82
f 4249/480 1794/211 2644/328 758/82
f 2644/328 1925/232 1255/143 758/82
f 1255/143 1231/140 2790/345 758/82
f 1036/3149 1093/3098 1714/3152 759/3205
f 1714/3152 1035/3208 1167/3263 759/3205
f 982/2652 1873/2709 1615/2766 760/2710
f 1318/3893 1514/3911 2505/4204 761/4206
f 2641/3930 2858/3913 2147/4134 761/4136
f 1738/3073 4042/3122 3787/3173 762/3123
f 3787/3173 4162/3228 1535/3174 762/3123
f 1535/3174 3455/3159 3381/3107 762/3123
f 3381/3107 4354/3056 1738/3073 762/3123
f 1631/2401 1910/2339 825/4278 764/4280
f 825/4824 880/2214 2802/2275 764/4820
f 1004/2249 2684/2187 2209/2248 765/2311
f 2030/854 2207/824 4089/853 766/886
f 1047/3735 1942/3728 2092/3737 767/3744
f 4430/3755 837/3768 1897/3756 767/3744
f 769/4027 1660/4017 2321/4026 768/4037
f 1828/827 2369/799 2609/826 770/856
f 1855/3157 966/3105 842/3158 771/3212
f 2868/3266 1035/3208 1855/3157 771/3212
f 1530/4240 1686/3866 2870/4235 295/4241
f 2166/2593 941/2534 1583/2592 773/2650
f 1583/2592 1955/2531 2196/2591 773/2650
f 2196/2591 3331/2649 1427/2707 773/2650
f 4262/693 3469/676 1810/660 774/675
f 1810/660 3811/646 2847/659 774/675
f 3135/692 3965/711 4262/693 774/675
f 3715/1023 2478/984 2311/983 775/1024
f 3581/413 2985/372 2392/291 776/83
f 1438/165 4132/466 1060/117 776/83
f 1059/2967 917/3018 1754/3070 777/3019
f 1754/3070 3994/3120 2878/3071 777/3019
f 2878/3071 3702/3020 2582/2968 777/3019
f 2582/2968 2303/2916 1059/2967 777/3019
f 2338/1438 862/1384 1188/1337 778/1390
f 1188/1337 1715/1291 2614/1342 778/1390
f 1423/608 1626/185 2731/336 779/606
f 2387/732 3965/711 1578/731 780/754
f 1578/731 2235/751 2613/776 780/754
f 2613/776 3826/803 1145/779 780/754
f 1145/779 852/755 2387/732 780/754
f 2093/4789 1186/4791 1313/2695 781/2637
f 2575/317 3608/419 2932/363 782/84
f 2791/346 2244/274 2940/364 783/85
f 2940/364 1270/145 2208/269 783/85
f 1556/176 1803/213 2791/346 783/85
f 3401/1526 3109/1474 4001/1421 784/1473
f 4001/1421 4002/1367 3076/1420 784/1473
f 3076/1420 3947/1472 4131/1525 784/1473
f 4131/1525 3090/1580 3401/1526 784/1473
f 1807/4157 4360/4155 2218/4094 785/4104
f 2218/4094 3982/4093 1411/4103 785/4104
f 1411/4103 1552/4112 2702/4113 785/4104
f 2702/4113 3015/4159 1807/4157 785/4104
f 2785/4552 2965/4549 1091/1741 786/1683
f 1091/1741 818/1684 2591/1626 786/1683
f 2666/330 1275/146 1383/159 787/86
f 1383/159 3693/430 2203/267 787/86
f 2203/267 1787/210 1135/128 787/86
f 1135/128 1918/230 2666/330 787/86
f 950/922 4320/959 1346/923 788/888
f 1289/149 2026/244 2476/303 789/87
f 2476/303 889/98 1381/158 789/87
f 1381/158 1778/208 4251/481 789/87
f 1955/2531 1744/2470 958/2406 790/2469
f 4268/3079 2121/3130 2082/3179 791/3127
f 2082/3179 1591/3232 3563/3176 791/3127
f 3563/3176 4181/3125 2393/3076 791/3127
f 1590/4297 3250/4301 4161/1511 793/1566
f 4161/1511 3407/1457 3589/1510 793/1566
f 3589/1510 2620/1565 3285/1622 793/1566
f 3285/1622 2566/4293 1590/4297 793/1566
f 4043/1752 3732/1811 3189/1753 794/1695
f 3189/1753 3898/1696 3784/1638 794/1695
f 3784/1638 4387/1582 4389/1637 794/1695
f 4389/1637 4148/1694 4043/1752 794/1695
f 3979/2724 977/2666 2081/2723 795/2780
f 1325/2830 4036/2883 2693/2832 795/2780
f 2693/2832 3823/2781 3979/2724 795/2780
f 1880/224 4231/479 3769/435 796/88
f 3769/435 3915/446 1774/207 796/88
f 1774/207 2544/314 1301/151 796/88
f 3608/419 2575/317 1139/129 797/89
f 1139/129 1781/209 3591/414 797/89
f 3591/414 3063/376 3212/387 797/89
f 3212/387 1045/113 3608/419 797/89
f 3652/4487 3125/2497 3556/2558 798/4495
f 3556/2558 3060/2617 3214/4502 798/4495
f 3214/4740 3714/2731 3300/2673 798/4744
f 3300/2673 859/2614 3652/4748 798/4744
f 3702/3020 2878/3071 2537/3121 800/3072
f 2537/3121 1473/3172 4042/3122 800/3072
f 4042/3122 1738/3073 4006/3021 800/3072
f 4326/3949 2827/3965 892/4199 801/4200
f 2396/3982 1488/3969 4347/4140 801/4142
f 2113/4020 1909/4021 927/4011 802/4010
f 3642/2667 3979/2724 3823/2781 803/2725
f 3823/2781 4230/2833 3081/2782 803/2725
f 3573/2623 3913/2682 3254/2741 804/2683
f 3254/2741 4103/2798 3277/2742 804/2683
f 1616/2006 1650/1946 1296/2005 805/2065
f 2466/4440 2492/4442 1938/3647 806/3670
f 1071/3688 1937/4437 2466/4440 806/3670
f 808/3391 3950/3445 1708/3499 807/3446
f 1708/3499 3367/3552 4004/3500 807/3446
f 4004/3500 4060/3447 2164/3392 807/3446
f 2164/3392 3432/3337 808/3391 807/3446
f 832/3336 1339/3390 3950/3445 808/3391
f 3432/3337 1739/3282 832/3336 808/3391
f 2767/4449 1698/4447 2926/3326 810/3382
f 1617/3438 2085/4451 2767/4449 810/3382
f 2963/369 2979/529 2673/533 811/90
f 1677/193 1722/198 2837/353 811/90
f 1635/1651 2359/1709 2580/1652 812/1596
f 2580/1652 2141/1597 911/1542 812/1596
f 911/1542 1202/1489 3021/1541 812/1596
f 1416/1602 996/1657 1008/1715 814/1660
f 1008/1715 1298/1775 1625/1717 814/1660
f 1625/1717 2590/1718 2103/1659 814/1660
f 2103/1659 1018/1603 1416/1602 814/1660
f 4247/3380 3188/3322 3092/3378 815/3436
f 3092/3378 2300/3435 2675/3491 815/3436
f 2675/3491 4183/3547 1193/3492 815/3436
f 1193/3492 3165/3437 4247/3380 815/3436
f 3008/1492 2814/1544 2381/1600 816/1546
f 2381/1600 996/1657 1416/1602 816/1546
f 3262/2290 3156/2228 3131/2166 817/2227
f 3131/2166 1962/2106 3352/2165 817/2227
f 3352/2165 4248/2226 3883/2289 817/2227
f 2915/1742 2852/1685 2480/1627 818/1684
f 3491/405 1628/186 3286/392 819/91
f 3742/1866 3708/1806 3816/1865 820/1925
f 3816/1865 4315/1924 1006/1984 820/1925
f 1006/1984 918/2045 1947/1985 820/1925
f 1947/1985 3155/1926 3742/1866 820/1925
f 4037/1698 4301/1756 3199/1699 821/1641
f 3199/1699 2027/1642 953/1586 821/1641
f 953/1586 4094/1531 3378/1585 821/1641
f 3378/1585 3048/1640 4037/1698 821/1641
f 2571/3077 2602/3027 839/2974 822/3024
f 2524/3440 919/3495 2962/3441 823/3385
f 2962/3441 2734/3386 2490/3330 823/3385
f 1910/2339 1697/2277 2529/4276 825/4278
f 1187/3661 912/3635 2819/3609 826/3638
f 2819/3609 2627/3568 2281/3610 826/3638
f 1429/2119 3375/2178 3733/2239 827/2179
f 3733/2239 923/2302 1500/2241 827/2179
f 2344/2148 1491/2087 2316/2147 828/2209
f 2446/3847 1174/3865 2830/3858 829/3842
f 2976/3824 1830/3832 2446/3847 829/3842
f 2074/1982 2078/1922 1241/1981 830/2042
f 1238/2102 891/2043 2074/1982 830/2042
f 2063/1210 1902/1257 2696/1208 831/1161
f 4071/2003 4312/2064 3451/4768 834/4770
f 2971/370 1038/111 1513/171 835/92
f 1513/171 1766/204 1879/223 835/92
f 1208/3137 1015/3136 1585/3190 836/3191
f 1585/3190 3320/3247 3974/3248 836/3191
f 2010/2985 990/2932 2820/2878 838/2931
f 2820/2878 1912/2825 2650/2877 838/2931
f 1502/2984 2771/3038 2010/2985 838/2931
f 1014/2765 1184/2818 4395/2870 840/2819
f 1615/2766 1873/2709 1014/2765 840/2819
f 2190/264 1064/118 2770/343 841/93
f 2770/343 2301/574 1732/580 841/93
f 966/3105 2411/4746 1906/4750 842/3158
f 1906/4750 2872/4754 2903/3213 842/3158
f 3804/1374 1143/1428 1341/1375 843/1323
f 1341/1375 1408/1324 1483/1274 843/1323
f 4022/2803 1108/2845 1916/2794 844/2746
f 3621/884 3654/852 3395/822 845/851
f 2271/3826 2643/3841 2058/3857 846/3844
f 2977/4863 1721/2340 4419/2341 847/4865
f 1444/2216 1345/4715 2977/4862 847/4864
f 1793/4665 1988/2136 1809/2198 849/4661
f 1310/2078 1813/2017 1793/4786 849/4784
f 1683/1401 2608/1349 2896/1298 851/1348
f 2896/1298 2789/1250 3538/1297 851/1348
f 3538/1297 3555/1347 2784/1400 851/1348
f 1314/780 2884/756 2254/733 852/755
f 2254/733 1734/712 2387/732 852/755
f 2698/332 3327/397 3498/406 853/95
f 3498/406 2022/242 2126/257 853/95
f 3655/2548 4028/2488 4318/2425 854/2487
f 2538/796 4349/823 1600/4640 855/4642
f 4156/3481 2732/3425 1568/3367 856/3424
f 1568/3367 2214/3309 1678/3366 856/3424
f 1678/3366 1892/3423 2305/3480 856/3424
f 861/2516 2681/2577 4323/2635 857/2575
f 3748/434 2410/293 893/99 858/96
f 3345/2555 1789/4752 3652/4748 859/2614
f 2341/2454 2117/2517 2681/2577 861/2516
f 2338/1438 2109/1491 1659/1439 862/1384
f 1559/1332 2070/1286 1188/1337 862/1384
f 2559/316 1769/205 1640/189 863/97
f 1640/189 2260/276 2011/239 863/97
f 1745/747 2032/726 1526/706 864/725
f 881/1038 2489/998 4320/959 865/997
f 2013/1037 2089/1080 881/1038 865/997
f 4128/3678 1890/3695 1477/3679 866/3657
f 1477/3679 2430/3658 2391/3632 866/3657
f 2391/3632 1609/3605 912/3635 866/3657
f 912/3635 1187/3661 4128/3678 866/3657
f 942/1213 1157/1165 3630/4507 869/4513
f 2620/1565 1958/1509 1454/1564 870/1621
f 1454/1564 1883/1620 1379/1678 870/1621
f 3415/1116 1595/1071 2132/1115 871/1162
f 3005/1179 4137/1146 1095/1194 872/1228
f 1095/1194 3247/1244 4335/1276 872/1228
f 2520/3252 2738/3195 2550/3140 873/3194
f 2550/3140 933/3086 1237/3139 873/3194
f 4082/950 3104/988 4214/1029 875/989
f 4214/1029 3606/1072 3340/1030 875/989
f 3340/1030 1983/990 3355/951 875/989
f 3355/951 3236/914 4082/950 875/989
f 1144/2265 1623/2328 2530/2390 876/2326
f 2709/2389 2685/2325 2920/2263 876/2326
f 2920/2263 1841/2202 1144/2265 876/2326
f 1791/3046 1093/3098 1036/3149 877/3095
f 1036/3149 1348/3201 2114/3145 877/3095
f 1849/2717 3987/2660 1695/2601 878/2659
f 1695/2601 2540/2542 1582/2600 878/2659
f 1582/2600 3007/2658 1806/2716 878/2659
f 1806/2716 2670/2773 1849/2717 878/2659
f 3840/2670 3946/2611 3454/2669 879/2727
f 2500/2783 3142/2835 4207/2784 879/2727
f 1685/2152 2592/2212 2802/2275 880/2214
f 2089/1080 3477/1125 2043/1081 881/1038
f 2043/1081 3917/1039 2489/998 881/1038
f 2449/2308 4272/2245 4252/2307 882/2371
f 4252/2307 1430/2369 2664/2433 882/2371
f 2664/2433 3543/2496 2044/2435 882/2371
f 2044/2435 1396/2372 2449/2308 882/2371
f 1927/3958 1914/3938 1147/3937 883/3957
f 1147/3937 4435/3936 2228/3956 883/3957
f 2498/4177 2595/4118 1467/4164 885/4175
f 1467/4428 1350/2926 1758/2873 885/4424
f 1639/4701 1297/4698 4260/1449 886/4697
f 2614/1342 1221/4818 1639/4819 886/4814
f 3539/2994 3033/2940 3123/2993 887/3047
f 3123/2993 3226/3045 3297/3097 887/3047
f 3297/3097 2417/3151 3425/3099 887/3047
f 3425/3099 3358/3048 3539/2994 887/3047
f 2822/3791 907/3777 1487/3776 888/3792
f 1487/3776 2682/3784 2598/3799 888/3792
f 2598/3799 2574/3815 1434/3807 888/3792
f 2476/303 4330/489 1349/155 889/98
f 1349/155 1391/160 2821/350 889/98
f 1358/2814 3590/2865 1674/2815 890/2760
f 1674/2815 4022/2803 2573/2749 890/2760
f 1449/1983 1273/1923 2074/1982 891/2043
f 1238/2102 4050/2162 2219/2103 891/2043
f 2219/2103 1392/2044 1449/1983 891/2043
f 2202/266 2521/310 992/105 893/99
f 3602/418 3962/449 3729/432 895/100
f 3729/432 3448/404 3657/426 895/100
f 3657/426 2856/355 2075/251 895/100
f 2578/318 1563/177 1288/148 897/101
f 1694/195 2472/301 2578/318 897/101
f 2135/4162 2679/4163 1930/3360 898/3417
f 1930/3360 1066/3411 2797/3467 898/3417
f 2797/3467 967/3522 4418/3473 898/3417
f 4418/3473 2309/4160 2135/4162 898/3417
f 4221/1785 3507/1844 4056/1786 899/1726
f 4056/1786 4107/1728 3095/1670 899/1726
f 3095/1670 3293/1612 4149/1668 899/1726
f 1956/1441 2151/1493 3012/1549 900/1494
f 1247/1442 2060/1387 1956/1441 900/1494
f 3482/2826 2694/2775 1997/2718 901/2774
f 1997/2718 3987/2660 1849/2717 901/2774
f 1849/2717 2670/2773 1912/2825 901/2774
f 1912/2825 2820/2878 3482/2826 901/2774
f 1869/3771 2749/3772 2840/3759 902/3758
f 1481/4256 1302/4250 1869/3771 902/3758
f 1812/4257 2193/4251 2314/3029 903/2976
f 4242/4653 1664/2388 3779/2452 904/4652
f 1254/2327 2474/2264 4242/4778 904/4779
f 2091/255 2278/280 2276/279 905/102
f 2276/279 3595/415 2766/342 905/102
f 2766/342 3693/430 1383/159 905/102
f 1383/159 1275/146 2091/255 905/102
f 2171/1879 2481/1820 1998/1761 906/1819
f 2671/3787 4286/3773 1658/3763 907/3777
f 1658/3763 4346/3762 1487/3776 907/3777
f 2650/2877 1912/2825 2670/2773 908/2824
f 2670/2773 1806/2716 3422/2772 908/2824
f 3422/2772 3474/2823 2441/2876 908/2824
f 1803/213 2194/265 2928/361 910/103
f 1098/1490 1545/1437 1202/1489 911/1542
f 1609/3605 1829/3565 2819/3609 912/3635
f 2563/4173 4427/4174 1160/4172 913/3135
f 1713/3187 914/3243 1633/3189 913/3135
f 1633/3189 2258/4171 2563/4173 913/3135
f 1713/3187 2562/4114 1534/4105 914/3243
f 1534/4105 4229/4095 963/3299 914/3243
f 1948/624 1233/617 1752/623 915/632
f 1752/623 2222/631 4049/642 915/632
f 4049/642 1915/655 2179/643 915/632
f 3854/1700 3907/1758 1920/1701 916/1643
f 1920/1701 2034/1644 2585/1588 916/1643
f 2585/1588 1196/1533 3302/1587 916/1643
f 3302/1587 2027/1642 3854/1700 916/1643
f 1673/3069 1386/3119 1754/3070 917/3018
f 1059/2967 3765/2915 1192/2966 917/3018
f 1006/1984 1392/2044 2325/2104 918/2045
f 2325/2104 4025/2164 3111/2105 918/2045
f 3111/2105 3133/2046 1947/1985 918/2045
f 2524/3440 1662/3494 2345/3548 919/3495
f 2345/3548 2859/3594 2824/3549 919/3495
f 2824/3549 2588/3496 2962/3441 919/3495
f 2342/3035 3905/2982 924/2928 920/2981
f 3574/3034 933/3086 2342/3035 920/2981
f 2606/2478 3393/2415 4263/2477 921/2538
f 4263/2477 4233/4485 2842/4486 921/2538
f 2842/4486 2351/4494 2432/2597 921/2538
f 2432/2597 3289/2539 2606/2478 921/2538
f 3640/2170 3465/2110 3052/2169 922/2231
f 3645/2294 3908/2232 3640/2170 922/2231
f 3733/2239 1198/2301 1808/2364 923/2302
f 1808/2364 2033/2428 2639/2366 923/2302
f 2639/2366 1705/2304 1500/2241 923/2302
f 3905/2982 3357/2929 1336/2875 924/2928
f 1243/1338 2118/1389 997/1444 925/1391
f 945/1339 2020/1288 1243/1338 925/1391
f 1037/2090 2519/2140 4076/2079 926/2029
f 4076/2079 3999/2018 2601/1968 926/2029
f 1909/4021 1067/4141 1728/4139 927/4011
f 1728/4139 1703/4137 1950/4000 927/4011
f 3794/2376 1622/2408 2355/2344 928/2313
f 2355/2344 4095/2280 2669/2251 928/2313
f 3449/2550 3768/2489 4078/2549 929/2608
f 977/2666 3979/2724 3642/2667 929/2608
f 3862/3722 3276/3718 1643/3709 930/3717
f 1643/3709 1299/3696 1230/3708 930/3717
f 2692/3479 1892/3423 932/3365 931/3422
f 932/3365 3151/3307 3070/3364 931/3422
f 3070/3364 3196/3421 2362/3478 931/3422
f 1892/3423 1678/3366 1452/3308 932/3365
f 1452/3308 1448/3250 3151/3307 932/3365
f 2550/3140 2900/3087 2342/3035 933/3086
f 3574/3034 1882/3085 1237/3139 933/3086
f 3066/3507 3680/3452 3441/3506 934/3560
f 2356/709 3806/691 2111/4596 935/4594
f 1588/182 2484/304 2594/534 935/530
f 2594/4592 1645/730 2356/709 935/4594
f 4054/2853 1919/2904 1330/2957 936/2905
f 1330/2957 2238/3010 4192/2958 936/2905
f 4192/2958 1333/2906 3754/2854 936/2905
f 3754/2854 4343/2802 4054/2853 936/2905
f 2745/3669 2265/3687 4021/3703 937/3689
f 4021/3703 4285/3714 2388/3704 937/3689
f 2751/4801 2909/4803 2162/2641 938/2698
f 1126/2155 2981/2213 2443/2151 939/2094
f 2443/2151 1037/2090 1304/2034 939/2094
f 1990/1382 1542/1331 2261/1281 940/1330
f 2261/1281 4098/1233 4166/1280 940/1330
f 2870/4323 2659/4327 1418/2473 941/2534
f 3013/1261 4236/1214 1157/1165 942/1213
f 1800/4364 2073/4368 1250/3450 943/3395
f 1611/3237 4024/3293 1082/3294 944/3238
f 1082/3294 2834/3347 2833/3291 944/3238
f 4165/1289 3545/1240 2020/1288 945/1339
f 4096/1403 4186/1351 3510/1300 946/1350
f 1361/1402 3407/1457 4096/1403 946/1350
f 3245/1688 4241/1746 1226/1689 947/1631
f 1960/1576 2483/1521 1027/1575 947/1631
f 1027/1575 1681/1630 3245/1688 947/1631
f 2937/1953 1780/2011 1277/2072 948/2014
f 3288/684 1856/703 2970/685 949/668
f 2970/685 2739/669 1077/654 949/668
f 1077/654 4007/641 3767/653 949/668
f 3767/653 1870/667 3288/684 949/668
f 2112/772 2184/798 2706/773 951/749
f 2824/3549 2859/3594 1148/4695 952/4691
f 982/2652 760/2710 1530/4324 295/4322
f 2632/4687 2588/3496 2824/3549 952/4691
f 2027/1642 3302/1587 3202/1532 953/1586
f 3202/1532 3237/1479 4094/1531 953/1586
f 4119/3701 2672/3712 3788/3713 954/3702
f 2893/3931 2612/3954 2146/3932 955/3914
f 1099/3894 2858/3913 2893/3931 955/3914
f 1285/1378 2534/1432 3805/1379 956/1327
f 3805/1379 2954/1328 2545/1278 956/1327
f 4327/1190 3545/1240 2008/1191 957/1143
f 2008/1191 3572/1145 3773/1099 957/1143
f 1901/3023 2249/2971 2569/2919 960/2973
f 2569/2919 1459/2920 1012/2972 960/2973
f 3072/3855 2935/3874 2242/3856 961/3840
f 2242/3856 2643/3841 2101/3823 961/3840
f 3361/3822 3195/3839 3072/3855 961/3840
f 2899/1135 2083/1181 1831/1230 962/1182
f 1831/1230 2545/1278 3833/1231 962/1182
f 3371/1136 2514/1091 2899/1135 962/1182
f 3298/3063 1191/3113 3392/3165 964/3114
f 3392/3165 3359/3221 3486/3166 964/3114
f 3486/3166 3268/3115 4040/3064 964/3114
f 2279/1611 2491/1669 2604/1716 965/1658
f 2604/1716 2302/1774 1795/1714 965/1658
f 1795/1714 4392/1656 4383/1601 965/1658
f 4383/1601 4407/1554 2279/1611 965/1658
f 1272/3054 1465/4742 2411/4746 966/3105
f 4219/3004 3304/3057 4218/3005 968/2952
f 2914/360 2857/356 3711/593 969/597
f 3711/4457 3169/1325 4051/1377 969/4459
f 4064/3256 4353/3313 1867/3371 970/3314
f 1867/3371 3755/3429 2456/3372 970/3314
f 2456/3372 3649/3315 3866/3257 970/3314
f 1013/4054 1081/4043 1025/4053 972/4064
f 1196/1533 2585/1588 1846/1534 975/1481
f 1143/1428 3127/1480 1196/1533 975/1481
f 2733/1738 2863/1681 2096/1624 976/1680
f 2735/1623 2851/4338 1944/4342 976/1680
f 1046/4081 1864/4092 2990/4099 978/4089
f 1884/4100 2315/4090 2021/4078 978/4089
f 2021/4078 2115/4070 1046/4081 978/4089
f 4373/4668 2319/4671 2143/4667 980/2859
f 2143/4667 1186/4662 2877/2808 980/2859
f 2558/3725 2230/3730 4216/3731 981/3726
f 4216/3731 1253/3740 1610/3732 981/3726
f 1610/3732 3248/3733 2848/3723 981/3726
f 2848/3723 1544/3724 2558/3725 981/3726
f 1874/3602 1826/3570 606/3516 151/3557
f 3240/2740 1618/2681 2728/2739 984/2796
f 2631/1189 1821/1239 4327/1190 985/1142
f 1555/175 3146/381 4163/471 986/104
f 4163/471 2611/323 4313/487 986/104
f 4313/487 2931/362 2268/278 986/104
f 2268/278 1010/109 1555/175 986/104
f 1961/1154 1284/1202 2291/1155 987/1109
f 2716/2035 2865/2004 1240/4266 988/4268
f 3080/3376 3559/3318 1462/3373 989/3431
f 1462/3373 1212/3430 3516/3487 989/3431
f 3516/3487 3863/3543 3246/3488 989/3431
f 3246/3488 1152/3434 3080/3376 989/3431
f 2769/2879 3482/2826 2820/2878 990/2932
f 1515/2986 2991/2933 2769/2879 990/2932
f 2007/1999 3944/2059 2518/2061 991/2000
f 3827/4476 1648/4482 1011/1941 991/2000
f 4008/4618 1963/1357 1117/1410 993/4622
f 2233/2843 3394/2828 3467/2880 994/2896
f 3467/2880 2991/2933 3879/2949 994/2896
f 3879/2949 1465/4535 4307/4531 994/2896
f 4307/4531 3701/4527 2233/2843 994/2896
f 2049/3574 3018/4216 1123/4221 995/3526
f 1123/4221 2135/4227 2309/4222 995/3526
f 2118/1389 3452/1443 3670/1496 997/1444
f 3670/1496 3431/1552 4310/1497 997/1444
f 4283/801 2613/776 2235/751 998/775
f 2127/2712 4065/2654 3006/2711 999/2768
f 3006/2711 1807/4410 3015/4414 999/2768
f 3015/4414 1970/4418 2317/4419 999/2768
f 2803/577 1281/147 1887/225 1000/583
f 1374/2943 1779/2889 2234/2942 1001/2996
f 2234/2942 1842/2995 4041/3049 1001/2996
f 4041/3049 1763/3101 2966/3050 1001/2996
f 2966/3050 2978/2997 1374/2943 1001/2996
f 1863/221 2488/305 1999/238 1002/106
f 1999/238 1323/561 2015/551 1002/106
f 2380/288 4332/491 1863/221 1002/106
f 1917/229 4329/488 1957/234 1005/107
f 1957/234 1555/175 1010/109 1005/107
f 1010/109 1214/138 4070/459 1005/107
f 4070/459 2699/333 1917/229 1005/107
f 4315/1924 1449/1983 1392/2044 1006/1984
f 3132/3967 4146/3980 1353/3966 1007/3948
f 1353/3966 2050/3947 2421/3925 1007/3948
f 2515/309 4123/463 4333/492 1009/108
f 4333/492 1771/206 3138/379 1009/108
f 3138/379 3038/375 3219/388 1009/108
f 3219/388 3106/378 2515/309 1009/108
f 2268/278 1220/139 1214/138 1010/109
f 1428/3022 1252/3074 2886/3025 1012/2972
f 1378/4065 1634/4066 2906/4055 1013/4054
f 1895/2764 2123/2817 1184/2818 1014/2765
f 1873/2709 1269/2708 1895/2764 1014/2765
f 4427/4425 2563/4421 1165/3188 1015/3136
f 1165/3188 2323/3245 1585/3190 1015/3136
f 2778/3218 1537/3274 1989/3219 1016/3163
f 1989/3219 1042/3164 2401/3112 1016/3163
f 2401/3112 3124/3061 1340/3111 1016/3163
f 1720/1677 2843/4277 1940/4275 1017/1735
f 2103/1659 4433/1663 2649/1605 1018/1603
f 3623/2631 4189/2689 3890/2748 1020/2691
f 2296/2632 1371/2572 3623/2631 1020/2691
f 1026/739 3955/740 2357/718 1021/719
f 2357/718 1833/700 3228/699 1021/719
f 3228/699 3122/717 3150/738 1021/719
f 3150/738 2454/761 1026/739 1021/719
f 3440/677 3887/694 2125/713 1022/695
f 2125/713 3696/734 3136/714 1022/695
f 3345/2555 2633/2612 2499/2553 1023/2494
f 2499/2553 3592/2492 2327/2431 1023/2494
f 3557/3596 4201/3626 3233/3652 1024/3627
f 3233/3652 3176/3674 3897/3653 1024/3627
f 3897/3653 1519/3628 3460/3597 1024/3627
f 3460/3597 3367/3552 3557/3596 1024/3627
f 1081/4043 1052/4034 1753/4042 1025/4053
f 2454/761 3594/786 3456/762 1026/739
f 3456/762 2730/763 3955/740 1026/739
f 2483/1521 2198/1468 2409/1520 1027/1575
f 2409/1520 3175/1574 1681/1630 1027/1575
f 3795/1393 1979/1446 3210/1500 1028/1447
f 3210/1500 4072/1556 4143/1501 1028/1447
f 4143/1501 3459/1448 3161/1394 1028/1447
f 3161/1394 4350/1341 3795/1393 1028/1447
f 2157/3000 1682/2946 1087/2998 1029/3052
f 1087/2998 1094/3051 2897/3103 1029/3052
f 2897/3103 1175/3067 1573/3015 1029/3052
f 1573/3015 4325/2963 2157/3000 1029/3052
f 1485/1177 3783/1130 3270/1176 1030/1225
f 3270/1176 4401/1224 3985/1272 1030/1225
f 2349/4842 1464/1193 1463/1243 1032/4838
f 1463/1243 1377/4833 2071/4837 1032/4838
f 2071/4563 3247/1244 1095/1194 1032/4565
f 1095/1194 4137/1146 2349/4567 1032/4565
f 1526/706 2032/726 1761/707 1034/688
f 2868/3266 2330/3321 1167/3263 1035/3208
f 2443/2151 1841/2202 2519/2140 1037/2090
f 1675/538 2594/534 2484/304 1038/111
f 2484/304 4413/511 1513/171 1038/111
f 2971/370 2046/546 1675/538 1038/111
f 3961/4004 4428/4014 2458/4025 1039/4016
f 2321/4026 1660/4017 4362/4006 1039/4016
f 2174/3655 2686/3677 1511/3656 1040/3630
f 1511/3656 3010/3631 1276/3600 1040/3630
f 1276/3600 1539/3555 1256/3599 1040/3630
f 4211/1470 1516/1418 3728/1364 1041/1417
f 1191/3113 4122/3062 2401/3112 1042/3164
f 1577/180 2533/313 2175/260 1043/112
f 2175/260 4408/510 4372/500 1043/112
f 4372/500 4404/509 3641/424 1043/112
f 3335/2956 3173/3008 3124/3061 1044/3009
f 3124/3061 2401/3112 4122/3062 1044/3009
f 4122/3062 2238/3010 1330/2957 1044/3009
f 1330/2957 1919/2904 3335/2956 1044/3009
f 1980/236 2932/363 3608/419 1045/113
f 3212/387 4386/505 2703/334 1045/113
f 2703/334 2339/284 1980/236 1045/113
f 2782/4077 1525/4088 1864/4092 1046/4081
f 2115/4070 1634/4066 2782/4077 1046/4081
f 2230/3730 2558/3725 1942/3728 1047/3735
f 3143/1666 1584/1608 3633/1665 1048/1723
f 3633/1665 2565/1722 1551/1782 1048/1723
f 3183/1783 3324/1724 3143/1666 1048/1723
f 3003/2244 1204/2182 4032/2242 1050/2305
f 4032/2242 1705/2304 2210/2368 1050/2305
f 2210/2368 4253/2432 1430/2369 1050/2305
f 1430/2369 4252/2307 3003/2244 1050/2305
f 2371/4120 1614/4180 2498/4178 1051/4121
f 2959/4024 2781/4032 1753/4042 1052/4034
f 2137/4033 4428/4014 2959/4024 1052/4034
f 2352/4015 3713/4023 3502/4012 1053/4003
f 3502/4012 1592/4001 2294/3991 1053/4003
f 2888/357 2856/355 3657/426 1054/114
f 3657/426 3448/404 2243/273 1054/114
f 2243/273 4275/484 3595/415 1054/114
f 3595/415 2276/279 2888/357 1054/114
f 4062/458 4331/490 1409/162 1055/115
f 2172/259 3399/401 4062/458 1055/115
f 1393/161 2297/282 3892/445 1056/116
f 2052/247 3821/443 1393/161 1056/116
f 4009/2015 1280/1955 2748/2016 1057/2076
f 1461/1368 3260/1317 3082/1267 1058/1316
f 4002/1367 4001/1421 1461/1368 1058/1316
f 2303/2916 3590/2865 3765/2915 1059/2967
f 3929/1015 3484/1049 3282/1092 1061/1057
f 3282/1092 1312/1137 3560/1101 1061/1057
f 1243/1338 2020/1288 1821/1239 1062/1287
f 2831/4375 3292/4371 3644/2160 1063/2222
f 3891/2285 3221/4379 2831/4375 1063/2222
f 2190/264 1255/143 1925/232 1064/118
f 1579/181 2583/320 2770/343 1064/118
f 1523/2410 1653/4320 1954/4316 1065/2346
f 3747/2282 1801/2345 4425/2409 1065/2346
f 4425/2409 1456/2471 1523/2410 1065/2346
f 2324/2220 1138/2158 1728/4373 1067/4377
f 1795/1714 2302/1774 2367/1832 1068/1773
f 2367/1832 2866/1891 1398/1830 1068/1773
f 1994/861 1156/892 2989/859 1069/830
f 1866/995 2236/957 3726/920 1070/956
f 3936/994 1498/1035 1866/995 1070/956
f 2247/4499 3630/4507 1157/1165 1072/1119
f 3237/1479 3202/1532 3127/1480 1073/1427
f 3127/1480 1143/1428 3804/1374 1073/1427
f 3804/1374 3882/1322 3995/1373 1073/1427
f 3995/1373 3374/1426 3237/1479 1073/1427
f 3430/3092 3376/3146 1397/3093 1074/3041
f 1397/3093 3047/3042 4092/2988 1074/3041
f 2463/1827 1303/1887 2676/1828 1075/1770
f 2290/2295 3908/2232 3645/2294 1076/2358
f 3645/2294 3835/2357 1306/2421 1076/2358
f 2739/669 1915/655 4049/642 1077/654
f 4049/642 2222/631 4007/641 1077/654
f 1783/898 2996/933 2854/899 1079/865
f 2415/1516 1804/1462 2829/1514 1080/1570
f 2829/1514 2363/4629 2129/4633 1080/1570
f 3328/1361 2346/1309 2883/1360 1083/1414
f 2883/1360 3877/1412 3658/1466 1083/1414
f 1368/1255 1457/1304 2876/1355 1084/1305
f 2876/1355 1888/1409 2072/1356 1084/1305
f 2072/1356 1496/1306 2603/1256 1084/1305
f 2603/1256 2861/1207 1368/1255 1084/1305
f 3166/383 4133/467 2068/249 1085/119
f 4118/2393 2227/2394 1248/2330 1086/2329
f 1682/2946 1612/2892 2836/2944 1087/2998
f 2836/2944 2978/2997 1094/3051 1087/2998
f 2548/2779 4046/2729 3650/2786 1088/2831
f 1587/2881 4155/2829 2548/2779 1088/2831
f 2807/753 1675/4590 2046/4588 1089/778
f 2046/4588 2105/4586 1967/805 1089/778
f 1169/1929 3280/1869 3951/1928 1092/1988
f 3951/1928 3251/1987 3252/2048 1092/1988
f 3252/2048 4351/2108 4173/2049 1092/1988
f 1791/3046 3485/2999 3377/3053 1093/3098
f 2978/2997 2966/3050 3610/3102 1094/3051
f 3610/3102 3386/3156 2897/3103 1094/3051
f 3964/2571 1359/2511 2516/2448 1097/2510
f 2124/4132 2147/4134 2858/3913 1099/3894
f 2336/1606 1986/1662 1571/1721 1101/1664
f 1571/1721 2139/1781 2565/1722 1101/1664
f 2565/1722 3633/1665 1788/1607 1101/1664
f 2880/2583 2470/2524 1136/2462 1102/2523
f 1136/2462 2993/2398 1267/2461 1102/2523
f 1666/191 3772/437 2266/277 1103/121
f 2266/277 2755/339 2097/256 1103/121
f 2097/256 2992/373 2503/307 1103/121
f 2503/307 1908/227 1666/191 1103/121
f 1742/1672 3605/1729 3225/1789 1104/1730
f 3225/1789 2226/1848 2397/1790 1104/1730
f 1991/2449 1359/2511 1371/2572 1106/2512
f 3779/2452 1664/2388 1991/2449 1106/2512
f 3736/2236 3799/2299 1422/2237 1107/2175
f 1422/2237 4202/2176 1224/2116 1107/2175
f 1224/2116 3647/2056 3614/2115 1107/2175
f 4022/2803 1674/2815 3874/2866 1108/2845
f 3874/2866 3914/2917 4088/2897 1108/2845
f 3456/762 3594/786 3750/813 1109/788
f 3750/813 3284/842 3258/814 1109/788
f 3258/814 3706/815 4244/787 1109/788
f 4244/787 2730/763 3456/762 1109/788
f 2199/2054 3725/2114 1953/2055 1111/1994
f 1953/2055 3797/1995 1505/1935 1111/1994
f 1505/1935 3912/1875 2353/1934 1111/1994
f 2353/1934 2655/1993 2199/2054 1111/1994
f 3200/386 2992/373 1121/125 1112/123
f 2373/287 3690/429 3200/386 1112/123
f 3718/3837 4355/3821 1840/3804 1113/3819
f 1840/3804 1570/3788 4168/3802 1113/3819
f 2184/798 2112/772 2461/797 1115/825
f 2461/797 2207/824 2030/854 1115/825
f 3203/1815 3912/1875 3709/1816 1116/1757
f 3709/1816 3907/1758 3854/1700 1116/1757
f 3854/1700 2027/1642 3199/1699 1116/1757
f 3199/1699 4301/1756 3203/1815 1116/1757
f 1963/1357 1496/1306 2072/1356 1117/1410
f 2072/1356 1888/1409 2636/1463 1117/1410
f 3971/1578 1283/1524 3764/1471 1118/1523
f 3764/1471 1516/1418 4211/1470 1118/1523
f 2076/252 4363/496 1195/136 1119/124
f 1853/3553 3460/3597 1519/3628 1120/3598
f 2992/373 2097/256 1702/196 1121/125
f 1702/196 1861/220 4369/499 1121/125
f 2913/3414 2679/4402 2135/4403 1123/4398
f 3390/400 1838/219 2799/349 1124/127
f 2910/359 1771/206 3390/400 1124/127
f 1574/2529 2382/2589 4245/2648 1125/2590
f 1334/4713 1345/4715 1444/2216 1126/2155
f 1679/1303 3368/1353 1860/1406 1128/1354
f 2000/1408 2876/1355 1457/1304 1128/1354
f 1457/1304 3820/1254 1679/1303 1128/1354
f 1302/4304 1481/4300 1929/2097 1129/2157
f 1669/1852 3741/1911 1327/1972 1130/1913
f 1327/1972 1646/2033 2036/1974 1130/1913
f 2912/4841 2700/4836 1669/1852 1130/1913
f 2752/3923 3790/3946 1469/3926 1132/3908
f 1469/3926 1521/3910 2943/3890 1132/3908
f 2496/3353 3470/3981 3722/3968 1133/3298
f 2405/1909 1824/1969 1369/2030 1134/1970
f 1369/2030 2420/2091 4175/2031 1134/1970
f 1719/197 2035/245 1918/230 1135/128
f 4303/906 2662/942 2653/907 1137/873
f 2653/907 1406/874 3284/842 1137/873
f 2575/317 1569/178 3821/443 1139/129
f 3821/443 2052/247 1781/209 1139/129
f 2019/241 1972/235 2652/329 1140/130
f 2652/329 2640/521 4150/525 1140/130
f 4150/525 2979/529 2963/369 1140/130
f 1586/1740 2626/1799 2785/4347 1141/4343
f 2129/4340 2551/1682 1586/1740 1141/4343
f 1446/1804 3145/1745 2473/1803 1142/1863
f 2078/1922 2074/1982 1273/1923 1142/1863
f 1841/2202 2443/2151 2981/2213 1144/2265
f 1862/766 3035/792 3098/767 1146/743
f 2983/721 2422/742 1862/766 1146/743
f 2859/3594 2895/3601 1924/4699 1148/4695
f 1924/4388 1415/3571 1826/3570 1148/4384
f 3834/875 1183/910 3118/911 1149/877
f 3118/911 3505/948 3704/912 1149/877
f 3704/912 4273/878 2023/845 1149/877
f 2023/845 3918/844 3834/875 1149/877
f 2003/1916 4426/4287 3853/4288 1150/1855
f 1934/1915 1928/1975 2003/1916 1150/1855
f 1419/553 2939/560 2045/246 1151/131
f 2045/246 1349/155 4330/489 1151/131
f 3398/3377 3056/3319 3080/3376 1152/3434
f 3246/3488 3187/3544 3761/3490 1152/3434
f 3761/3490 2300/3435 3398/3377 1152/3434
f 2427/2303 1560/2365 1198/2301 1153/2240
f 1198/2301 3733/2239 3375/2178 1153/2240
f 1900/1112 3724/1067 2561/1026 1154/1069
f 2561/1026 3715/1023 3710/1065 1154/1069
f 2434/2557 3543/2496 1508/2556 1155/2615
f 1508/2556 2922/2613 2245/2672 1155/2615
f 4305/486 1778/208 2177/261 1158/132
f 3892/445 2297/282 4305/486 1158/132
f 2865/2004 2716/2035 1296/2005 1159/1945
f 1296/2005 1650/1946 2250/1886 1159/1945
f 2250/1886 1875/4269 2723/4267 1159/1945
f 2723/4267 1968/4264 2865/2004 1159/1945
f 4427/4425 2835/3032 1209/3031 1160/4435
f 3983/681 3434/682 3389/665 1161/666
f 3389/665 3884/652 3462/651 1161/666
f 3462/651 3656/664 3830/680 1161/666
f 2743/2260 2029/2323 3759/2386 1162/2322
f 3759/2386 4055/2446 4217/2382 1162/2322
f 4217/2382 3727/2318 2028/2259 1162/2322
f 1926/2126 2987/2067 2442/2007 1163/2066
f 2442/2007 2009/1947 1616/2006 1163/2066
f 2563/4421 2258/4415 3776/3244 1165/3188
f 2330/3321 1527/3375 1899/3317 1167/3263
f 3870/3720 3788/3713 2672/3712 1168/3719
f 2672/3712 4047/3700 4152/3711 1168/3719
f 4152/3711 4120/3710 3276/3718 1168/3719
f 3276/3718 3862/3722 3870/3720 1168/3719
f 4167/1870 3363/1810 3280/1869 1169/1929
f 2880/2583 2162/2641 2909/4803 1170/4805
f 4245/2648 2382/2589 3011/4291 1170/4295
f 3011/4807 2470/2524 2880/2583 1170/4805
f 2216/2465 2635/2526 1868/2584 1171/2525
f 1868/2584 1389/2643 1949/2585 1171/2525
f 1949/2585 2994/2527 3014/2466 1171/2525
f 3014/2466 1747/2403 2216/2465 1171/2525
f 3865/2789 1670/2732 2104/2787 1172/2839
f 2104/2787 2347/2837 1636/2890 1172/2839
f 1636/2890 2836/2944 1612/2892 1172/2839
f 1612/2892 3922/2841 3865/2789 1172/2839
f 4412/1764 2040/1706 1607/1763 1173/1822
f 2508/3883 2999/3902 3424/3884 1174/3865
f 3424/3884 3453/3876 2830/3858 1174/3865
f 2446/3847 1886/3864 2508/3883 1174/3865
f 2897/3103 3386/3156 3671/3117 1175/3067
f 3671/3117 2149/3068 1816/3016 1175/3067
f 1816/3016 2568/2964 1573/3015 1175/3067
f 2997/2336 3542/2400 3977/2337 1178/2274
f 3977/2337 2802/2275 2592/2212 1178/2274
f 2592/2212 3792/2150 2487/2211 1178/2274
f 1201/630 2222/631 1752/623 1179/622
f 1756/621 3798/629 1201/630 1179/622
f 2181/262 2955/367 2079/253 1180/133
f 2079/253 1680/194 2844/354 1180/133
f 2844/354 1367/157 2239/271 1180/133
f 2239/271 2596/321 2181/262 1180/133
f 3074/3518 3039/3569 4127/3525 1181/3572
f 4127/3525 3242/3470 3662/3524 1181/3572
f 3662/3524 4377/3573 4371/3519 1181/3572
f 4371/3519 4384/3464 3074/3518 1181/3572
f 3989/4352 4240/4356 1266/3285 1182/3230
f 2948/3175 1656/4348 3989/4352 1182/3230
f 4038/945 3436/947 3118/911 1183/910
f 2123/2817 2159/2868 1605/2869 1184/2818
f 2093/4660 4400/2752 2877/2808 1186/4662
f 2070/1286 3508/1242 1715/1291 1188/1337
f 3728/1364 1516/1418 3558/1365 1190/1313
f 3298/3063 2238/3010 4122/3062 1191/3113
f 3765/2915 3515/2864 3243/2914 1192/2966
f 4183/3547 3717/3497 3867/3443 1193/3492
f 3867/3443 3291/3388 3165/3437 1193/3492
f 1992/3520 2049/3574 2838/3575 1194/3521
f 2838/3575 3713/4023 2352/4015 1194/3521
f 4363/496 1543/174 4177/472 1195/136
f 3127/1480 3202/1532 3302/1587 1196/1533
f 3179/1106 1836/1152 4145/1107 1197/1063
f 1560/2365 2482/2427 1808/2364 1198/2301
f 4169/640 4007/641 2222/631 1201/630
f 3798/629 1802/639 4169/640 1201/630
f 2919/1436 1993/1488 3021/1541 1202/1489
f 3382/4409 1890/3695 4128/3678 1203/4405
f 1217/2122 3566/2180 4032/2242 1204/2182
f 3475/1502 3369/1557 3691/1614 1206/1558
f 3691/1614 1742/1672 2522/1615 1206/1558
f 4317/3809 1242/3794 4015/3779 1207/3793
f 4015/3779 3567/3765 3923/3778 1207/3793
f 2818/3845 1709/3834 2841/3848 1210/3863
f 2837/353 1722/198 4413/511 1211/137
f 1462/3373 3649/3315 2456/3372 1212/3430
f 2456/3372 3755/3429 2938/3486 1212/3430
f 2938/3486 3316/3542 3516/3487 1212/3430
f 4350/1341 1377/4833 1463/1243 1213/1290
f 1463/1243 1464/1193 2691/1241 1213/1290
f 1220/139 1629/187 4223/478 1214/138
f 4223/478 1637/188 4070/459 1214/138
f 3304/3057 3381/3107 3455/3159 1216/3108
f 4010/3160 2215/3109 1453/3058 1216/3108
f 1453/3058 4218/3005 3304/3057 1216/3108
f 1509/846 4273/878 3933/913 1218/879
f 3933/913 4082/950 3236/914 1218/879
f 1898/965 3524/1003 2313/964 1219/927
f 2268/278 2931/362 2348/285 1220/139
f 2348/285 3235/390 1629/187 1220/139
f 2844/354 1680/194 1639/515 1221/516
f 3819/781 2884/756 1314/780 1222/807
f 2051/835 2780/867 2037/836 1222/807
f 2960/1675 1978/1731 4058/1791 1223/1733
f 4058/1791 3735/1850 3370/1793 1223/1733
f 3370/1793 1356/4830 2224/4825 1223/1733
f 2224/4825 2941/4821 2960/1675 1223/1733
f 4202/2176 3380/2117 2597/2057 1224/2116
f 2597/2057 2855/1996 3647/2056 1224/2116
f 2251/2404 3014/2466 2994/2527 1225/2467
f 2307/2456 3004/2402 2251/2404 1225/2467
f 4241/1746 1767/1805 2845/1747 1226/1689
f 1228/3766 3567/3765 4015/3779 1227/3780
f 4015/3779 1242/3794 3570/3795 1227/3780
f 3851/3753 3206/3752 3567/3765 1228/3766
f 3760/3767 3419/3754 3851/3753 1228/3766
f 3351/1962 3604/2023 3347/1963 1229/1902
f 3347/1963 1489/1903 4124/1842 1229/1902
f 1299/3696 1477/3679 1890/3695 1230/3708
f 1890/3695 3382/4409 4170/4413 1230/3708
f 3966/3184 4291/3239 3059/3295 1232/3240
f 3059/3295 3549/3351 4316/3296 1232/3240
f 4316/3296 1466/4366 2195/4362 1232/3240
f 2195/4362 1772/4358 3966/3184 1232/3240
f 3563/3176 1591/3232 4033/3286 1234/3231
f 4033/3286 3676/3342 3600/3287 1234/3231
f 3600/3287 3373/3233 1235/3177 1234/3231
f 1235/3177 4181/3125 3563/3176 1234/3231
f 3373/3233 3496/3178 2197/3126 1235/3177
f 2998/2161 4356/2223 4050/2162 1238/2102
f 4055/2446 4106/2509 3201/2567 1239/2506
f 3201/2567 4238/2621 4322/2562 1239/2506
f 2572/2443 4217/2382 4055/2446 1239/2506
f 2865/2004 1968/4264 4434/4265 1240/4266
f 2800/3241 2651/4234 1580/4228 1245/3297
f 3663/1308 3712/4306 3438/4302 1246/1301
f 3438/4302 4261/4298 3510/1300 1246/1301
f 3510/1300 4186/1351 3234/1352 1246/1301
f 1421/163 4332/491 2380/288 1249/142
f 2145/536 1663/532 2507/308 1249/142
f 2507/308 1474/167 1421/163 1249/142
f 4073/1613 3095/1670 4107/1728 1251/1671
f 3605/1729 1742/1672 3691/1614 1251/1671
f 3691/1614 3369/1557 4073/1613 1251/1671
f 1599/3659 1859/3681 1460/3660 1257/3634
f 3688/2411 4319/2474 3889/2412 1259/2348
f 3889/2412 1837/2349 3891/2285 1259/2348
f 1373/3642 3396/3614 2786/3641 1260/3665
f 4428/4014 3961/4004 2447/4146 1261/4148
f 2465/4773 1648/4771 2232/2060 1263/2001
f 3305/394 3791/440 2429/295 1264/144
f 2429/295 4133/467 4329/488 1264/144
f 4329/488 1917/229 1343/154 1264/144
f 1343/154 1497/170 3305/394 1264/144
f 2993/2398 1641/2334 2645/2397 1267/2461
f 2940/364 3569/411 4258/483 1270/145
f 4258/483 3305/394 1497/170 1270/145
f 1497/170 1725/199 2208/269 1270/145
f 1547/1708 2153/1766 3479/1824 1271/1767
f 2359/1709 1635/1651 1547/1708 1271/1767
f 3723/3001 4307/4738 1465/4742 1272/3054
f 2994/2527 1949/2585 2543/2644 1274/2587
f 3235/390 2348/285 2091/255 1275/146
f 3010/3631 2895/3601 2817/3556 1276/3600
f 2817/3556 2289/3503 1539/3555 1276/3600
f 1780/2011 2102/2071 3627/2132 1277/2072
f 1854/1857 1735/4353 2016/4357 1278/1917
f 1561/1977 1976/1918 1316/1858 1278/1917
f 2943/3890 4066/3872 3561/3853 1279/3871
f 1839/1896 3607/1957 2748/2016 1280/1955
f 4009/2015 2721/1954 2334/1894 1280/1955
f 2803/577 3945/571 2126/257 1281/147
f 2126/257 2022/242 2956/368 1281/147
f 3547/1950 1780/2011 2937/1953 1282/1892
f 1877/1579 4131/1525 3947/1472 1283/1524
f 3947/1472 3379/1419 3764/1471 1283/1524
f 3971/1578 3940/1634 1877/1579 1283/1524
f 4061/1252 3514/1203 2291/1155 1284/1202
f 1323/561 1999/238 1694/195 1286/567
f 2907/1919 4182/1979 2155/4359 1287/4355
f 1668/192 2469/300 2026/244 1289/149
f 2302/1774 2604/1716 2509/1776 1290/1833
f 1905/4856 2889/935 1757/973 1292/4854
f 1757/973 1777/1013 2917/4852 1292/4854
f 2340/936 2217/900 1905/4580 1292/4578
f 2175/260 2533/313 1474/167 1293/150
f 4378/502 4408/510 2175/260 1293/150
f 1453/3058 2215/3109 3639/3059 1294/3006
f 3639/3059 4209/3007 4077/2954 1294/3006
f 2608/1349 1683/1401 2372/4593 1295/4595
f 2798/348 4379/503 4398/524 1297/520
f 4398/4694 4388/1503 4260/1449 1297/4698
f 1639/515 1680/194 2798/348 1297/520
f 1643/3709 4237/3697 2056/3680 1299/3696
f 2056/3680 2430/3658 1477/3679 1299/3696
f 2887/1197 3078/1246 3387/1294 1300/1247
f 3387/1294 4246/1345 1982/1295 1300/1247
f 1982/1295 1699/1248 3852/1198 1300/1247
f 3852/1198 3494/1150 2887/1197 1300/1247
f 2544/314 2084/254 2949/365 1301/151
f 4234/4247 3579/3785 1869/3771 1302/4250
f 1650/1946 1616/2006 2009/1947 1303/1887
f 2009/1947 1844/1888 2676/1828 1303/1887
f 2463/1827 2250/1886 1650/1946 1303/1887
f 3658/1466 3877/1412 3531/1464 1305/1518
f 2351/4408 2842/4404 4011/2655 1307/2713
f 4417/2770 1445/4412 2351/4408 1307/2713
f 1390/1980 3463/4533 3292/4529 1308/2041
f 1432/4154 1922/4041 2781/4032 1309/4152
f 1567/1184 3731/1147 3560/1101 1312/1137
f 4316/3296 3549/3351 3550/3407 1315/3352
f 3550/3407 3552/3463 4154/3408 1315/3352
f 4154/3408 1580/4374 2651/4370 1315/3352
f 2651/4370 1466/4366 4316/3296 1315/3352
f 4063/800 3813/828 1362/4488 1317/4496
f 1362/563 4345/494 2790/345 1317/569
f 2935/3874 2440/3891 1514/3911 1318/3893
f 3875/2243 1479/2238 1598/2300 1320/2306
f 3546/4467 2001/4462 3875/2243 1320/2306
f 2406/4058 2115/4070 2021/4078 1321/4067
f 3337/4056 3687/4046 2406/4058 1321/4067
f 3402/3444 3717/3497 3684/3550 1324/3498
f 3950/3445 1339/3390 3402/3444 1324/3498
f 1971/2882 3577/2936 4036/2883 1325/2830
f 3943/1991 1342/1931 3116/1990 1326/2051
f 3116/1990 3580/2050 3465/2110 1326/2051
f 3624/4623 3828/4627 3421/954 1328/992
f 3421/954 3113/917 4067/953 1328/992
f 4067/953 1704/991 3796/1032 1328/992
f 3796/1032 2247/4619 3624/4623 1328/992
f 2310/1002 3339/1043 3793/4458 1331/4460
f 3990/2959 3404/2907 3306/2855 1333/2906
f 3306/2855 1402/2804 3754/2854 1333/2906
f 1769/205 2559/316 1345/596 1334/591
f 4005/454 4367/497 3568/410 1335/153
f 3502/4012 3713/4023 2961/4031 1337/4022
f 2845/1747 3708/1806 3295/1748 1338/1690
f 3295/1748 4045/1691 4164/1633 1338/1690
f 4086/3335 4224/3389 3402/3444 1339/3390
f 3124/3061 3173/3008 4342/3060 1340/3111
f 3943/1991 4180/1932 3065/1872 1342/1931
f 3065/1872 2042/1812 3414/1871 1342/1931
f 3414/1871 4205/1930 3116/1990 1342/1931
f 1917/229 2699/333 2138/258 1343/154
f 2138/258 1725/199 1497/170 1343/154
f 2559/316 2810/595 2977/599 1345/596
f 4320/959 2489/998 3418/960 1346/923
f 4232/1077 1498/1035 3936/994 1347/1034
f 3936/994 3388/955 3281/993 1347/1034
f 3281/993 1759/1033 2161/1076 1347/1034
f 2161/1076 3937/1121 4232/1077 1347/1034
f 4208/3258 3800/3200 2114/3145 1348/3201
f 2045/246 2616/325 1391/160 1349/155
f 2815/2925 1966/2872 1758/2873 1350/2926
f 3396/3614 1373/3642 1676/3615 1351/3581
f 1425/3533 2140/3580 3396/3614 1351/3581
f 3439/1967 1672/2027 3666/2088 1354/2028
f 3666/2088 2665/2149 1786/2089 1354/2028
f 1786/2089 1369/2030 1824/1969 1354/2028
f 1824/1969 3255/1908 3439/1967 1354/2028
f 3680/3452 3066/3507 3677/3453 1355/3397
f 3677/3453 3599/3398 3676/3342 1355/3397
f 3370/1793 1669/1852 2700/4836 1356/4830
f 1773/3106 2872/4547 1906/4543 1357/3055
f 1906/4543 2411/4539 2747/3002 1357/3055
f 3515/2864 3765/2915 3590/2865 1358/2814
f 3964/2571 3623/2631 1371/2572 1359/2511
f 1991/2449 3902/2385 2516/2448 1359/2511
f 3752/2022 4193/1961 2343/2021 1360/2082
f 3813/828 2130/858 1817/4480 1362/4488
f 1817/557 2424/294 4345/494 1362/563
f 2544/314 1774/207 1760/203 1363/156
f 3569/411 2940/364 2244/274 1363/156
f 2244/274 2084/254 2544/314 1363/156
f 2911/2602 3987/2660 1997/2718 1364/2661
f 2270/2498 2434/2557 1784/2616 1365/2559
f 2517/2618 2945/2560 1974/2499 1365/2559
f 1431/2360 3182/2297 1654/2234 1366/2296
f 2652/329 1972/235 2239/271 1367/157
f 3564/1206 3820/1254 1457/1304 1368/1255
f 2861/1207 3963/1158 3564/1206 1368/1255
f 1786/2089 3792/2150 2420/2091 1369/2030
f 2972/4554 1475/4555 2444/1505 1370/1451
f 2444/1505 2136/1538 3326/1485 1370/1451
f 4344/4446 3986/3592 3512/3622 1372/4444
f 3512/3622 1938/3647 2492/4442 1372/4444
f 3303/3666 4099/3643 1676/3615 1373/3642
f 1636/2890 2347/2837 1779/2889 1374/2943
f 2978/2997 2836/2944 1636/2890 1374/2943
f 3523/1936 2855/1996 2389/1937 1375/1877
f 3846/1817 3749/1876 3523/1936 1375/1877
f 2280/4096 2148/4106 4424/4097 1376/4086
f 1874/3602 151/3557 2632/4376 952/4380
f 4350/1341 3161/1394 3224/4827 1377/4833
f 3224/4827 3490/4831 2071/4832 1377/4833
f 1382/4076 2782/4077 1634/4066 1378/4065
f 1883/1620 1720/1677 2964/1736 1379/1678
f 710/2693 4400/2752 2093/4660 42/4658
f 3604/2023 2057/2083 3578/2144 1384/2084
f 3499/2145 3881/2085 3551/2024 1384/2084
f 3551/2024 3347/1963 3604/2023 1384/2084
f 3883/2289 4248/2226 3177/2288 1385/2352
f 3177/2288 3934/2351 3393/2415 1385/2352
f 3393/2415 2606/2478 3653/2416 1385/2352
f 2314/3029 2193/4251 1772/4248 1388/3082
f 1772/4248 2195/4244 2462/3133 1388/3082
f 2272/2701 2543/2644 1949/2585 1389/2643
f 3299/1920 4085/4537 3463/4533 1390/1980
f 2219/2103 3192/2163 2325/2104 1392/2044
f 1424/164 3780/438 2297/282 1393/161
f 3821/443 1569/178 1424/164 1393/161
f 2549/2703 2577/2755 2762/2699 1394/2645
f 2762/2699 2512/2642 2916/2586 1394/2645
f 2916/2586 1647/4726 2377/4728 1394/2645
f 2377/4728 2220/4730 2549/2703 1394/2645
f 4090/1275 3169/1325 3711/4457 1395/4455
f 3711/593 2857/356 3144/380 1395/588
f 3144/380 3325/396 3272/582 1395/588
f 3272/4452 3807/1227 4090/1275 1395/4455
f 3376/3146 3036/3202 1495/3147 1397/3093
f 1495/3147 1468/3094 3047/3042 1397/3093
f 2866/1891 2726/1951 3926/1890 1398/1830
f 2612/3954 1524/3971 1553/3985 1399/3972
f 4213/3952 3129/3929 4157/3916 1400/3934
f 4157/3916 3163/3915 3646/3933 1400/3934
f 2979/4839 4150/4834 2720/1192 1401/1144
f 2720/1192 2189/1237 2099/1187 1401/1144
f 2099/1187 2969/1139 1439/1098 1401/1144
f 1439/1098 2673/4843 2979/4839 1401/1144
f 3294/2747 4343/2802 3754/2854 1402/2804
f 3306/2855 1689/2805 3890/2748 1402/2804
f 3890/2748 4189/2689 3294/2747 1402/2804
f 2502/1535 1981/1589 2237/1645 1403/1590
f 4041/3049 1842/2995 3358/3048 1404/3100
f 3358/3048 3425/3099 3101/3153 1404/3100
f 2400/3198 2182/4441 2967/4439 1405/3143
f 2653/907 4029/943 3824/908 1406/874
f 3842/843 3258/814 3284/842 1406/874
f 3433/2886 4230/2833 3408/2885 1407/2939
f 3408/2885 4239/2937 3954/2991 1407/2939
f 3954/2991 3226/3045 3123/2993 1407/2939
f 3123/2993 3033/2940 3433/2886 1407/2939
f 3857/1376 3169/1325 4090/1275 1408/1324
f 4090/1275 3807/1227 1483/1274 1408/1324
f 3220/389 4256/482 3525/408 1409/162
f 710/2693 42/4658 512/4659 4421/2636
f 3982/4093 1871/4091 1638/4101 1411/4103
f 2811/1856 1544/3724 2848/3723 1412/3727
f 2848/3723 3248/3733 3596/3734 1412/3727
f 3596/3734 1590/4242 2566/4246 1412/3727
f 2566/4246 3489/4249 2811/1856 1412/3727
f 2281/3610 2627/3568 1649/3517 1415/3571
f 2659/4327 1653/4320 1523/2410 1418/2473
f 2337/4743 3168/2620 1881/2679 1419/4739
f 1881/2679 4014/2737 2939/4735 1419/4739
f 3925/4080 4396/4069 4399/4057 1420/4068
f 4399/4057 4409/4045 3337/4056 1420/4068
f 1543/174 4363/496 4332/491 1421/163
f 1474/167 2533/313 1543/174 1421/163
f 3799/2299 3817/2363 1598/2300 1422/2237
f 1598/2300 1479/2238 4202/2176 1422/2237
f 2362/3478 3196/3421 3068/3477 1425/3533
f 3068/3477 3740/3532 2140/3580 1425/3533
f 2603/1256 1496/1306 3700/1258 1426/1209
f 2232/2060 1648/4771 3827/4769 1429/2119
f 4253/2432 3364/2495 2664/2433 1430/2369
f 4016/2356 1792/2419 2107/2482 1433/2420
f 2574/3815 1830/3832 2976/3824 1434/3807
f 2282/3796 1770/3812 4153/4225 1435/4219
f 4153/4321 2792/1465 2753/1413 1435/4317
f 2753/1413 2642/1404 1984/4313 1435/4317
f 2839/636 3697/647 1443/661 1442/648
f 3697/647 1810/660 3469/676 1443/661
f 3469/676 3887/694 3440/677 1443/661
f 2904/4509 2695/2714 3885/2656 1445/4501
f 3885/2656 2432/2597 2351/4494 1445/4501
f 4241/1746 3245/1688 3145/1745 1446/1804
f 2853/3749 1536/3750 4053/3738 1447/3739
f 4053/3738 4216/3731 2230/3730 1447/3739
f 4121/1105 3494/1150 3852/1198 1450/1151
f 3852/1198 1699/1248 2264/1199 1450/1151
f 2264/1199 1836/1152 3179/1106 1450/1151
f 3179/1106 3988/1062 4121/1105 1450/1151
f 3925/4080 1871/4091 3982/4093 1451/4082
f 3982/4093 2218/4094 4382/4083 1451/4082
f 4394/4071 4396/4069 3925/4080 1451/4082
f 1958/1509 2372/4283 2722/4281 1454/1564
f 4391/506 1540/173 3362/398 1455/166
f 2569/2919 1605/2869 2159/2868 1459/2920
f 1859/3681 4266/3698 3447/3682 1460/3660
f 3447/3682 3562/3662 3638/3636 1460/3660
f 4001/1421 3109/1474 3164/1422 1461/1368
f 3164/1422 4210/1369 3260/1317 1461/1368
f 3559/3318 1785/3260 3649/3315 1462/3373
f 3572/1145 2008/1191 2691/1241 1464/1193
f 2349/4842 3088/4846 3572/1145 1464/1193
f 3879/2949 2747/3002 2411/4539 1465/4535
f 1495/3147 3921/3203 3323/3148 1468/3094
f 3323/3148 3253/3096 2618/3044 1468/3094
f 3790/3946 2827/3965 4326/3949 1469/3926
f 3664/2844 3330/2792 4142/2842 1470/2895
f 2004/2860 1733/2809 3664/2844 1470/2895
f 3924/1041 2185/1084 4264/1042 1471/1001
f 4264/1042 2310/1002 3859/963 1471/1001
f 3859/963 3801/926 2039/962 1471/1001
f 2039/962 3864/1000 3924/1041 1471/1001
f 2105/555 2046/546 2971/370 1472/547
f 2537/3121 1688/3171 2412/3226 1473/3172
f 2354/286 1748/201 3399/401 1476/168
f 3399/401 2172/259 2615/324 1476/168
f 2615/324 4299/485 1861/220 1476/168
f 1861/220 1702/196 2354/286 1476/168
f 1872/2657 3493/2715 3007/2658 1478/2599
f 1655/2177 3380/2117 4202/2176 1479/2238
f 3875/2243 2746/2181 1655/2177 1479/2238
f 3953/3621 3536/3588 1652/3620 1480/3648
f 1652/3620 2712/3646 2745/3669 1480/3648
f 3807/1227 1712/1178 1484/1226 1483/1274
f 1712/1178 3279/1131 1485/1177 1484/1226
f 3279/1131 4410/1086 3783/1130 1485/1177
f 3350/3066 3205/3116 1656/4673 1486/4670
f 2809/4666 2358/3014 3350/3066 1486/4670
f 3347/1963 3551/2024 3273/1964 1489/1903
f 3273/1964 3261/1904 3405/1843 1489/1903
f 3405/1843 3495/1784 4124/1842 1489/1903
f 1845/2678 2742/2619 1865/2677 1490/2735
f 2760/2790 4142/2842 3330/2792 1490/2735
f 3330/2792 3571/2736 1845/2678 1490/2735
f 2344/2148 3666/2088 1672/2027 1491/2087
f 1672/2027 3520/1966 3841/2026 1491/2087
f 1533/1416 2198/1468 2483/1521 1492/1469
f 2301/574 2770/343 2583/320 1494/568
f 3036/3202 1785/3260 3921/3203 1495/3147
f 1963/1357 1820/1307 3700/1258 1496/1306
f 3847/527 1740/200 2059/248 1499/523
f 1705/2304 4032/2242 3566/2180 1500/2241
f 2182/4441 2400/3198 4429/3214 1501/4443
f 4429/3214 2539/3270 3019/4445 1501/4443
f 3019/4550 2872/4547 1773/3106 1501/4546
f 2593/4534 2967/4538 2771/3038 1502/2984
f 3265/768 2663/745 4100/723 1503/744
f 3098/767 3290/793 3265/768 1503/744
f 4260/1449 4388/1503 4407/1554 1504/1498
f 4407/1554 4383/1601 2055/1545 1504/1498
f 3797/1995 3523/1936 3749/1876 1505/1935
f 3749/1876 3709/1816 3912/1875 1505/1935
f 2536/3586 1690/3619 4306/3585 1506/3538
f 4306/3585 2777/3539 2370/3483 1506/3538
f 3543/2496 2664/2433 3364/2495 1508/2556
f 3364/2495 2587/2554 2922/2613 1508/2556
f 3831/816 2023/845 4273/878 1509/846
f 3762/817 3391/789 3831/816 1509/846
f 1971/2882 4155/2829 1587/2881 1510/2934
f 4092/2988 3577/2936 1971/2882 1510/2934
f 2272/2701 2677/2756 2087/2811 1512/2757
f 2087/2811 2873/2862 2246/2812 1512/2757
f 2160/2702 2543/2644 2272/2701 1512/2757
f 4413/511 1722/198 1766/204 1513/171
f 2747/3002 3879/2949 2991/2933 1515/2986
f 3764/1471 3379/1419 3558/1365 1516/1418
f 2229/3559 1609/3605 2391/3632 1517/3603
f 3474/2823 3422/2772 3493/2715 1518/2771
f 3493/2715 1872/2657 2695/2714 1518/2771
f 2695/2714 2904/4509 1593/4515 1518/2771
f 3897/3653 3895/3675 2165/3654 1519/3628
f 2833/3291 2834/3347 2468/3400 1520/3344
f 2468/3400 4135/3451 3310/3396 1520/3344
f 2440/3891 4066/3872 2943/3890 1521/3910
f 4136/1279 2954/1328 2513/1380 1522/1329
f 1619/3953 2299/3970 1589/3984 1524/3971
f 2612/3954 2893/3931 1619/3953 1524/3971
f 2253/3432 3519/3374 1899/3317 1527/3375
f 2066/3300 3776/3244 2258/4415 1528/4411
f 2252/275 3803/441 3967/450 1529/172
f 3967/450 2059/248 1740/200 1529/172
f 3999/2018 4076/2079 4081/2138 1531/2077
f 2748/2016 3607/1957 3999/2018 1531/2077
f 1891/4292 4426/4287 2003/1916 1532/1976
f 1657/1362 2801/1415 2198/1468 1533/1416
f 2562/4114 2148/4106 2280/4096 1534/4105
f 2280/4096 1651/4085 4229/4095 1534/4105
f 1658/3763 4286/3773 3938/3760 1536/3750
f 2853/3749 4346/3762 1658/3763 1536/3750
f 2069/250 2035/245 2718/518 1538/513
f 2718/4600 2847/659 3811/646 1538/4602
f 2289/3503 3751/3449 1959/3502 1539/3555
f 4391/506 1908/227 3445/403 1540/173
f 3445/403 3075/377 4018/456 1540/173
f 4018/456 4140/469 3362/398 1540/173
f 2533/313 1577/180 4177/472 1543/174
f 1554/1650 2048/1707 2153/1766 1547/1708
f 4079/3412 3215/3468 3829/3413 1548/3356
f 1846/1534 1981/1589 2502/1535 1549/1482
f 1732/4645 2301/4643 2293/658 1550/673
f 2565/1722 2139/1781 4314/1840 1551/1782
f 2292/1594 2100/1649 2048/1707 1554/1650
f 1957/234 3166/383 3146/381 1555/175
f 4125/464 2194/265 1803/213 1556/176
f 3307/4731 3366/4732 3269/2893 1558/2840
f 2350/1282 2189/1237 2070/1286 1559/1332
f 2427/2303 2326/2367 2656/2429 1560/2365
f 2656/2429 3768/2489 2482/2427 1560/2365
f 2846/1218 2638/1169 2467/1217 1564/1265
f 4098/1233 3744/1195 3731/1147 1567/1184
f 2732/3425 3992/3368 2331/3310 1568/3367
f 2331/3310 2520/3252 2214/3309 1568/3367
f 1840/3804 2168/3789 4069/3774 1570/3788
f 4069/3774 3938/3760 4286/3773 1570/3788
f 4286/3773 2671/3787 4168/3802 1570/3788
f 4084/461 2287/281 4200/475 1572/179
f 4200/475 1911/228 3190/384 1572/179
f 2568/2964 2221/2912 4325/2963 1573/3015
f 2402/2468 1622/2408 3435/2472 1574/2529
f 2144/638 3798/629 1756/621 1575/628
f 1756/621 3231/615 3107/620 1575/628
f 2687/2785 2347/2837 2104/2787 1576/2730
f 3965/711 3135/692 2450/710 1578/731
f 2450/710 4158/729 2235/751 1578/731
f 4154/3408 4384/3464 1823/4378 1580/4374
f 3431/1552 3670/1496 2624/1551 1584/1608
f 2624/1551 1788/1607 3633/1665 1584/1608
f 3143/1666 3333/1609 3431/1552 1584/1608
f 2323/3245 3064/3302 3320/3247 1585/3190
f 1921/231 4413/511 2484/304 1588/182
f 3596/3734 2625/3743 3250/4237 1590/4242
f 4253/2432 2210/2368 1952/2430 1594/2493
f 1952/2430 2882/2491 1889/2552 1594/2493
f 1889/2552 3946/2611 2587/2554 1594/2493
f 2587/2554 3364/2495 4253/2432 1594/2493
f 3415/1116 3606/1072 4214/1029 1595/1071
f 2212/4274 2529/4276 1697/2277 1596/2215
f 4081/2138 2425/2200 2366/2262 1597/2199
f 2366/2262 2029/2323 2743/2260 1597/2199
f 2056/3680 4237/3697 1859/3681 1599/3659
f 4349/823 3654/852 3343/4638 1600/4640
f 3822/1270 3400/1320 2322/1271 1601/1223
f 2322/1271 4401/1224 3825/1175 1601/1223
f 3825/1175 2002/1128 3263/1174 1601/1223
f 3263/1174 3612/1222 3822/1270 1601/1223
f 1530/4240 39/4262 2098/3904 1746/3885
f 2398/4309 1984/4313 2642/1404 1603/1405
f 2642/1404 3234/1352 4186/1351 1603/1405
f 4186/1351 4096/1403 2759/1458 1603/1405
f 2759/1458 3878/4305 2398/4309 1603/1405
f 1682/2946 2783/2894 3922/2841 1612/2892
f 2371/4120 4432/4117 2090/4182 1614/4180
f 2178/4111 2595/4118 2498/4177 1614/4179
f 1782/3493 2385/4450 2085/4451 1617/3438
f 4238/2621 3553/2680 2728/2739 1618/2681
f 3240/2740 3913/2682 3093/2622 1618/2681
f 3093/2622 4322/2562 4238/2621 1618/2681
f 2893/3931 2858/3913 2641/3930 1619/3953
f 3606/1072 3415/1116 3628/1163 1620/1117
f 2133/1073 3340/1030 3606/1072 1620/1117
f 2956/368 2022/242 2628/326 1621/184
f 2628/326 4200/475 2287/281 1621/184
f 2689/4868 2341/2454 2530/2390 1623/2328
f 2547/3277 2283/3332 1800/4681 1624/4679
f 4240/4677 3204/3222 2547/3277 1624/4679
f 3616/3816 2464/3833 1709/3834 1627/3817
f 3491/405 2984/371 4125/464 1628/186
f 4130/465 2779/344 4223/478 1629/187
f 2115/4070 2406/4058 2906/4055 1634/4066
f 3665/427 2699/333 4070/459 1637/188
f 4223/478 2779/344 3803/441 1637/188
f 3803/441 2252/275 3665/427 1637/188
f 2958/2271 3893/2333 2645/2397 1641/2334
f 2312/720 2357/718 3955/740 1642/741
f 3955/740 2730/763 2200/764 1642/741
f 3276/3718 4120/3710 4237/3697 1643/3709
f 3031/2253 4280/2316 3802/2254 1644/2191
f 3802/2254 2404/2193 3756/2131 1644/2191
f 2594/4592 1675/4590 2807/753 1645/730
f 2916/2586 2635/2526 2394/4724 1647/4726
f 3536/3588 3241/3540 1775/3587 1652/3620
f 1775/3587 2014/3618 2712/3646 1652/3620
f 2659/4233 1706/3849 2464/3833 1653/4232
f 2464/3833 3616/3816 1954/4238 1653/4232
f 3182/2297 4196/2235 3170/2173 1654/2234
f 3896/2118 3336/2058 3380/2117 1655/2177
f 2746/2181 1729/2121 3896/2118 1655/2177
f 3205/3116 3521/3167 3989/4675 1656/4673
f 2067/1311 3013/1261 4321/1310 1657/1362
f 4321/1310 3328/1361 2801/1415 1657/1362
f 2109/1491 2814/1544 3008/1492 1659/1439
f 4106/2509 4055/2446 3759/2386 1661/2450
f 3759/2386 2029/2323 2869/2387 1661/2450
f 2289/3503 2817/3556 2345/3548 1662/3494
f 2145/4692 2435/1674 4191/1616 1663/4690
f 1980/236 2339/284 4367/497 1665/190
f 4367/497 4005/454 2680/331 1665/190
f 1908/227 4391/506 4215/477 1666/191
f 4375/1927 3043/1868 3053/1808 1667/1867
f 3053/1808 3909/1749 1965/1807 1667/1867
f 1965/1807 3742/1866 3155/1926 1667/1867
f 3155/1926 4300/1986 4375/1927 1667/1867
f 1911/228 1814/214 2469/300 1668/192
f 3148/382 3190/384 1911/228 1668/192
f 3370/1793 3735/1850 3741/1911 1669/1852
f 3439/1967 3283/1906 3520/1966 1672/2027
f 3590/2865 2303/2916 3874/2866 1674/2815
f 2794/347 1766/204 1722/198 1677/193
f 4179/1253 3554/1302 3368/1353 1679/1303
f 3820/1254 1755/1205 4179/1253 1679/1303
f 2079/253 2438/297 2798/348 1680/194
f 3738/1687 3145/1745 3245/1688 1681/1630
f 3175/1574 1893/1629 3738/1687 1681/1630
f 2420/2091 3792/2150 2592/2212 1685/2152
f 1977/2092 4175/2031 2420/2091 1685/2152
f 1706/3849 2659/4233 2870/4235 1686/3866
f 2871/4621 1860/1406 3368/1353 1687/4617
f 3368/1353 3554/1302 3910/4613 1687/4617
f 3695/3225 3635/3280 2412/3226 1688/3171
f 2537/3121 2878/3071 3994/3120 1688/3171
f 3306/2855 3404/2907 2901/2856 1689/2805
f 2536/3586 2492/4727 2466/4725 1690/3619
f 2466/4725 1937/4723 3843/3645 1690/3619
f 3843/3645 2014/3618 4306/3585 1690/3619
f 3321/4050 3734/4040 3406/4039 1691/4049
f 3627/2132 2404/2193 3140/2256 1692/2194
f 3140/2256 1776/2319 1943/2257 1692/2194
f 1999/238 2488/305 2472/301 1694/195
f 3987/2660 2911/2602 4295/2543 1695/2601
f 4295/2543 2107/2482 2540/2542 1695/2601
f 3490/4826 3224/4827 3487/1395 1696/4822
f 3487/1395 2267/1450 2772/4817 1696/4822
f 2903/3213 2872/4754 3019/4757 1698/4753
f 3019/4445 2539/3270 2926/3326 1698/4447
f 3771/1296 4020/1249 2264/1199 1699/1248
f 3012/1549 2151/1493 2982/1548 1700/1604
f 2982/1548 2649/1605 2152/1661 1700/1604
f 1986/1662 2336/1606 3012/1549 1700/1604
f 4188/4224 2881/4229 3858/3829 1701/3827
f 3858/3829 1770/3812 1843/3810 1701/3827
f 2097/256 2755/339 2354/286 1702/196
f 4067/953 3091/916 3900/952 1704/991
f 2639/2366 1952/2430 2210/2368 1705/2304
f 2841/3848 1709/3834 2464/3833 1706/3849
f 3941/3922 2024/3905 3480/3886 1707/3906
f 3480/3886 2416/3868 2535/3887 1707/3906
f 2494/2186 2209/2248 2684/2187 1716/2127
f 2987/2067 1926/2126 2494/2186 1716/2127
f 2399/1619 1940/4585 2843/4587 1718/1563
f 2894/1508 2812/1454 2773/1507 1718/1563
f 2773/1507 2710/1562 2399/1619 1718/1563
f 2995/522 2718/518 2035/245 1719/197
f 2977/4863 2810/4720 1747/2403 1721/2340
f 1747/2403 3014/2466 2251/2404 1721/2340
f 2251/2404 3004/2402 4419/2341 1721/2340
f 2556/3196 2263/3142 3000/3088 1723/3141
f 3000/3088 1762/3036 2900/3087 1723/3141
f 2900/3087 2550/3140 2738/3195 1723/3141
f 2138/258 1818/216 2757/340 1725/199
f 1798/4497 2461/797 2112/772 1726/4504
f 2518/2061 3944/2059 3896/2118 1729/2121
f 2061/1591 2335/1646 3022/1704 1730/1647
f 3446/3278 3886/3325 3810/3381 1731/3333
f 3810/3381 3165/3437 3291/3388 1731/3333
f 3291/3388 3935/3334 2451/3279 1731/3333
f 2451/3279 2980/3224 3446/3278 1731/3333
f 2254/733 2125/713 3887/694 1734/712
f 3887/694 3469/676 4262/693 1734/712
f 4262/693 3965/711 2387/732 1734/712
f 1914/3938 1927/3958 2016/4131 1735/4128
f 1854/1857 2376/1797 2661/4349 1735/4353
f 2467/1217 2638/1169 2586/1122 1736/1168
f 2586/1122 4232/1077 3937/1121 1736/1168
f 3937/1121 4297/1167 4187/1216 1736/1168
f 4187/1216 2308/1264 2467/1217 1736/1168
f 4134/2806 2901/2856 2269/2908 1743/2857
f 2119/2807 4151/2751 4134/2806 1743/2857
f 2795/771 1858/748 2032/726 1745/747
f 2553/770 2538/796 2795/771 1745/747
f 3970/451 4062/458 3399/401 1748/201
f 2354/286 2755/339 3597/416 1748/201
f 4206/3393 4060/3447 2934/3501 1749/3448
f 1959/3502 3751/3449 2320/3394 1749/3448
f 4249/480 4345/494 2424/294 1750/202
f 3420/1159 2696/1208 4179/1253 1755/1205
f 1966/2872 4417/2770 2768/2821 1758/2873
f 3281/993 3102/4478 3828/4484 1759/1033
f 1774/207 3915/446 4017/455 1760/203
f 3905/2982 2342/3035 2900/3087 1762/3036
f 3786/3155 3610/3102 2966/3050 1763/3101
f 2794/347 4422/512 1879/223 1766/204
f 3816/1865 3708/1806 2845/1747 1767/1805
f 4308/937 2617/901 2867/932 1768/969
f 2867/932 4328/968 3939/1007 1768/969
f 3939/1007 3417/1048 2736/1008 1768/969
f 2736/1008 3766/975 4308/937 1768/969
f 2282/3796 3570/3795 1843/3810 1770/3812
f 3858/3829 3311/4230 4153/4225 1770/3812
f 4333/492 3730/433 3390/400 1771/206
f 2910/359 4059/457 3138/379 1771/206
f 2193/4354 3667/3132 3966/3184 1772/4358
f 2777/3539 4306/3585 2014/3618 1775/3587
f 3140/2256 4068/2317 3185/2381 1776/2319
f 2347/2837 2687/2785 2407/2836 1779/2889
f 2407/2836 3500/2888 2234/2942 1779/2889
f 3547/1950 2705/2010 2102/2071 1780/2011
f 2383/3545 2223/4448 2385/4450 1782/3493
f 3036/3202 3866/3257 3649/3315 1785/3260
f 3559/3318 3239/3261 3921/3203 1785/3260
f 2665/2149 2487/2211 3792/2150 1786/2089
f 2715/2992 3720/2945 3485/2999 1791/3046
f 4016/2356 3850/2292 1896/2355 1792/2419
f 1904/226 1939/233 2644/328 1794/211
f 2397/1790 2226/1848 2405/1909 1796/1849
f 4058/1791 1978/1731 2397/1790 1796/1849
f 3457/3903 3349/3920 3163/3915 1797/3896
f 3163/3915 4157/3916 4057/3895 1797/3896
f 4057/3895 2879/3877 3453/3876 1797/3896
f 3453/3876 3424/3884 3457/3903 1797/3896
f 3462/651 3884/652 4169/640 1802/639
f 3798/629 2144/638 3040/650 1802/639
f 3040/650 3656/664 3462/651 1802/639
f 2415/1516 2636/1463 1888/1409 1804/1462
f 1888/1409 2876/1355 2000/1408 1804/1462
f 1875/4269 2250/1886 2463/1827 1805/4271
f 3007/2658 3493/2715 3422/2772 1806/2716
f 3006/2711 3317/2653 4360/4406 1807/4410
f 3697/647 2012/635 3811/646 1810/660
f 2933/3081 3667/3132 2193/4354 1812/4350
f 2628/326 2022/242 3498/406 1814/214
f 3498/406 3327/397 2469/300 1814/214
f 1911/228 4200/475 2628/326 1814/214
f 3643/425 3770/436 1985/237 1815/215
f 1985/237 3518/407 2452/298 1815/215
f 2452/298 3443/402 2611/323 1815/215
f 2611/323 4163/471 3643/425 1815/215
f 2951/2965 2156/2913 2568/2964 1816/3016
f 2138/258 2699/333 3665/427 1818/216
f 3665/427 2252/275 4195/474 1818/216
f 4195/474 3286/392 2757/340 1818/216
f 1963/1357 4008/4618 2678/4614 1820/1307
f 2020/1288 3545/1240 4327/1190 1821/1239
f 2269/2908 1932/2960 3313/3013 1822/2961
f 3313/3013 3350/3066 2358/3014 1822/2961
f 4384/3464 4371/3519 3919/4382 1823/4378
f 2405/1909 2226/1848 3255/1908 1824/1969
f 2854/899 2889/935 1905/4856 1827/4857
f 4063/800 2621/774 2369/799 1828/827
f 3461/966 3812/1005 2506/967 1832/929
f 3434/682 3983/681 3228/699 1833/700
f 4352/495 3451/601 3838/598 1834/218
f 3838/598 1885/594 2384/289 1834/218
f 2264/1199 4020/1249 3782/1200 1836/1152
f 3782/1200 4361/1153 4145/1107 1836/1152
f 2485/4383 3221/4379 3891/2285 1837/2349
f 2329/2413 3244/4387 2485/4383 1837/2349
f 4355/3821 2923/3805 2168/3789 1840/3804
f 2920/2263 2425/2200 2519/2140 1841/2202
f 2234/2942 3500/2888 3888/2941 1842/2995
f 3888/2941 3539/2994 3358/3048 1842/2995
f 2009/1947 2442/2007 2660/1948 1844/1888
f 2660/1948 1934/1915 2804/1854 1844/1888
f 3168/2620 2365/2561 2742/2619 1845/2678
f 3571/2736 1881/2679 3168/2620 1845/2678
f 2585/1588 2034/1644 1981/1589 1846/1534
f 2200/764 3391/789 3762/817 1847/790
f 3734/4040 3321/4050 3278/4147 1850/4145
f 3278/4389 3688/2411 4311/2347 1850/4385
f 2085/4745 2385/4741 2375/3379 1851/3324
f 2375/3379 2330/3321 2868/3266 1851/3324
f 4004/3500 3367/3552 3460/3597 1853/3553
f 2934/3501 4060/3447 4004/3500 1853/3553
f 4100/723 3186/704 2970/685 1856/703
f 2930/670 1915/655 2739/669 1857/686
f 2739/669 2970/685 3186/704 1857/686
f 3186/704 3230/724 2360/705 1857/686
f 4237/3697 4120/3710 4266/3698 1859/3681
f 4299/485 2680/331 4369/499 1861/220
f 2076/252 2525/311 2488/305 1863/221
f 4332/491 4363/496 2076/252 1863/221
f 2742/2619 2945/2560 2517/2618 1865/2677
f 3998/1036 2902/996 2236/957 1866/995
f 4353/3313 3984/3370 3837/3427 1867/3371
f 2635/2526 2916/2586 2512/2642 1868/2584
f 3579/3785 2204/3786 2749/3772 1869/3771
f 4337/683 2088/702 3288/684 1870/667
f 3767/653 3884/652 3389/665 1870/667
f 3389/665 3434/682 4337/683 1870/667
f 3437/2598 3885/2656 2695/2714 1872/2657
f 2188/263 2493/306 2318/283 1876/222
f 3334/1635 3090/1580 4131/1525 1877/1579
f 3940/1634 3383/1692 3334/1635 1877/1579
f 4144/470 2017/240 4231/479 1880/224
f 3574/3034 4265/2980 4227/3033 1882/3085
f 3838/4766 2285/2124 2541/2184 1885/4764
f 2692/3479 1936/3535 2305/3480 1892/3423
f 2669/2251 4095/2280 2273/2217 1894/2189
f 2273/2217 2459/2156 4416/2096 1894/2189
f 2885/2188 4431/2250 2669/2251 1894/2189
f 2668/2816 2570/2867 2123/2817 1895/2764
f 3850/2292 3763/2229 3403/2291 1896/2355
f 3403/2291 3576/2354 2860/2418 1896/2355
f 2063/1210 3712/4605 3872/4609 1902/1257
f 3872/4609 3910/4613 3554/1302 1902/1257
f 3554/1302 4179/1253 2696/1208 1902/1257
f 2503/307 3249/391 3445/403 1908/227
f 2035/245 2069/250 2828/352 1918/230
f 3126/2852 3617/2903 3335/2956 1919/2904
f 4054/2853 3464/2801 3126/2852 1919/2904
f 3907/1758 3846/1817 2554/1759 1920/1701
f 2554/1759 3020/1702 2034/1644 1920/1701
f 2364/3223 3446/3278 2980/3224 1923/3169
f 1935/2037 4416/2096 2459/2156 1929/2097
f 2679/4163 2191/4167 2128/3303 1930/3360
f 3162/1433 3326/1485 2136/1538 1931/1486
f 3404/2907 3990/2959 3444/3012 1932/2960
f 3444/3012 3257/3065 3313/3013 1932/2960
f 2269/2908 2901/2856 3404/2907 1932/2960
f 3133/2046 4300/1986 3155/1926 1947/1985
f 2639/2366 2033/2428 2882/2491 1952/2430
f 3614/2115 3647/2056 3797/1995 1953/2055
f 4329/488 4133/467 3166/383 1957/234
f 3131/2166 3689/2107 3928/2047 1962/2106
f 3928/2047 4300/1986 3133/2046 1962/2106
f 3133/2046 3111/2105 3352/2165 1962/2106
f 3756/2131 2102/2071 2705/2010 1964/2070
f 3909/1749 4045/1691 3295/1748 1965/1807
f 3295/1748 3708/1806 3742/1866 1965/1807
f 2740/337 2596/321 2239/271 1972/235
f 2019/241 2211/270 2740/337 1972/235
f 2255/977 4309/1017 3314/978 1973/940
f 3314/978 3348/941 3227/905 1973/940
f 2945/2560 3880/2500 2555/2437 1974/2499
f 2957/3909 2421/3925 4023/3907 1975/3889
f 4276/1499 3341/1555 3210/1500 1979/1446
f 2034/1644 3020/1702 2237/1645 1981/1589
f 3900/952 3181/915 3355/951 1983/990
f 3770/436 2339/284 2703/334 1985/237
f 2703/334 4386/505 3518/407 1985/237
f 3478/3209 3037/3265 2374/3323 1987/3267
f 2374/3323 3810/3381 3886/3325 1987/3267
f 3886/3325 2576/3268 2690/3210 1987/3267
f 2506/967 3716/1006 4328/968 1995/930
f 4328/968 2867/932 3504/897 1995/930
f 2694/2775 3482/2826 2769/2879 1996/2827
f 2769/2879 2991/2933 3467/2880 1996/2827
f 3467/2880 3394/2828 2183/2776 1996/2827
f 4228/4463 2746/2181 3875/2243 2001/4462
f 3546/4759 2327/2431 2326/2367 2001/4761
f 2326/2367 2427/2303 4228/4763 2001/4761
f 3825/1175 4274/1129 2185/1084 2002/1128
f 3542/2400 2741/2463 3428/4809 2006/4811
f 2927/1939 2975/1998 3944/2059 2007/1999
f 3545/1240 4165/1289 2691/1241 2008/1191
f 2902/996 3998/1036 2707/1079 2013/1037
f 2707/1079 4257/1124 2089/1080 2013/1037
f 3843/3645 3582/3668 2712/3646 2014/3618
f 4338/493 3287/393 4000/453 2017/240
f 4000/453 3634/423 4231/479 2017/240
f 4144/470 3575/412 4338/493 2017/240
f 4129/925 2039/962 3801/926 2018/891
f 2130/858 2607/890 4129/925 2018/891
f 3831/816 3706/815 3918/844 2023/845
f 3941/3922 4178/3944 2752/3923 2024/3905
f 2469/300 3327/397 3845/444 2026/244
f 3845/444 4330/489 2476/303 2026/244
f 3727/2318 2192/2255 4117/2196 2028/2259
f 2366/2262 2685/2325 2869/2387 2029/2323
f 2141/1597 2580/1652 2419/1710 2031/1653
f 2780/867 2617/901 3397/868 2037/836
f 4126/2221 3644/2160 2832/2100 2038/2159
f 4129/925 3855/961 3864/1000 2039/962
f 3065/1872 4159/1813 3171/1754 2042/1812
f 3171/1754 3898/1696 3189/1753 2042/1812
f 3189/1753 3732/1811 3414/1871 2042/1812
f 3477/1125 3471/1172 4199/1126 2043/1081
f 4199/1126 3916/1082 3917/1039 2043/1081
f 3543/2496 2434/2557 2270/2498 2044/2435
f 2939/560 2220/566 2616/325 2045/246
f 2560/3676 2165/3654 3895/3675 2047/3693
f 2756/863 3504/897 2780/867 2051/835
f 3604/2023 3351/1962 3752/2022 2057/2083
f 2686/3677 2174/3655 2560/3676 2062/3694
f 3997/1204 3438/4603 3712/4605 2063/1210
f 2511/1262 4236/1214 3013/1261 2067/1311
f 4133/467 2429/295 3309/395 2068/249
f 3785/439 4139/468 2828/352 2069/250
f 2189/1237 2720/1192 3508/1242 2070/1286
f 3490/4561 4358/1292 3247/1244 2071/4563
f 2856/355 3443/402 2452/298 2075/251
f 4171/1087 3682/1132 3472/1088 2080/1045
f 3472/1088 4298/1046 3812/1005 2080/1045
f 2899/1135 3503/1090 2225/1134 2083/1181
f 3426/3673 3256/3650 4220/3672 2086/3691
f 4220/3672 2737/3690 3774/3705 2086/3691
f 3176/3674 3233/3652 3426/3673 2086/3691
f 4198/2861 2221/2912 2873/2862 2087/2811
f 4257/1124 3385/1171 3477/1125 2089/1080
f 2348/285 2931/362 2278/280 2091/255
f 3227/905 3348/941 4303/906 2094/872
f 2189/1237 2350/1282 2717/1234 2099/1187
f 2643/3841 2271/3826 4317/3809 2101/3823
f 3756/2131 2404/2193 3627/2132 2102/2071
f 2590/1718 4259/1719 4433/1663 2103/1659
f 3213/3206 3259/3150 3079/3204 2110/3262
f 3079/3204 3239/3261 3056/3319 2110/3262
f 3056/3319 3398/3377 3332/3320 2110/3262
f 3332/3320 3968/3264 3213/3206 2110/3262
f 2341/2454 2689/4869 2307/2456 2117/2517
f 2378/2858 2877/2808 4400/2752 2119/2807
f 1530/4324 760/2710 757/2767 39/4329
f 2863/1681 2733/1738 2376/1797 2120/1739
f 2570/2867 4366/2918 2159/2868 2123/2817
f 2254/733 2884/756 3696/734 2125/713
f 4011/2655 3996/2596 4065/2654 2127/2712
f 3481/1068 3312/1025 3724/1067 2131/1111
f 4411/4035 2458/4025 4428/4014 2137/4033
f 3238/3613 2786/3641 3396/3614 2140/3580
f 3740/3532 3703/3579 3238/3613 2140/3580
f 4293/3346 4292/3402 4289/3348 4111/3292
f 4297/1167 3937/1121 2161/1076 2150/1120
f 2649/1605 4433/1663 4259/1719 2152/1661
f 4182/1979 3528/2040 4085/4363 2155/4359
f 4085/4537 3299/1920 3686/1860 2155/4541
f 2873/2862 2221/2912 2568/2964 2156/2913
f 2835/3032 4227/3033 4265/2980 2158/2978
f 3707/2687 3694/2627 2262/2570 2163/2630
f 4060/3447 4206/3393 3322/3338 2164/3392
f 3517/1284 2169/1235 4176/1283 2167/1334
f 2923/3805 4190/3790 4255/3775 2168/3789
f 4255/3775 2274/3761 4069/3774 2168/3789
f 2946/2535 4250/4397 4385/4401 2170/2594
f 4385/4401 4360/4406 3317/2653 2170/2594
f 3317/2653 3338/2595 4397/2536 2170/2594
f 2927/1939 2704/1880 2481/1820 2171/1879
f 2988/903 4197/938 3427/976 2173/939
f 2431/3715 2388/3704 4285/3714 2176/3721
f 2988/903 2697/870 3849/838 2180/869
f 3849/838 2277/809 2908/837 2180/869
f 2908/837 3397/868 4348/902 2180/869
f 4348/902 4197/938 2988/903 2180/869
f 3448/404 3729/432 2955/367 2181/262
f 2596/321 2243/273 3448/404 2181/262
f 2609/826 2369/799 2706/773 2184/798
f 4274/1129 3365/1085 4264/1042 2185/1084
f 3920/2146 3881/2085 3499/2145 2186/2207
f 4323/2635 2681/2577 2950/2588 2187/2647
f 3727/2318 4267/2379 4277/2315 2192/2255
f 4277/2315 3115/2252 3114/2192 2192/2255
f 3114/2192 4031/2134 4117/2196 2192/2255
f 4125/464 2984/371 2826/351 2194/265
f 3496/3178 3423/3128 2571/3077 2197/3126
f 2730/763 4244/787 3391/789 2200/764
f 2953/366 2857/356 2914/360 2205/268
f 3416/1221 3128/1269 3612/1222 2206/1173
f 3612/1222 3263/1174 3301/1127 2206/1173
f 3301/1127 3916/1082 4199/1126 2206/1173
f 4199/1126 3471/1172 3416/1221 2206/1173
f 3698/431 4275/484 2740/337 2211/270
f 3609/420 3948/447 3698/431 2211/270
f 2921/3161 4282/3110 3639/3059 2215/3109
f 4360/4155 4385/4153 4382/4083 2218/4094
f 2939/4735 4014/2737 2549/2703 2220/4730
f 4198/2861 3509/2911 4325/2963 2221/2912
f 2383/3545 3986/3592 4344/4446 2223/4448
f 3225/1789 3942/1847 3255/1908 2226/1848
f 2869/2387 2685/2325 2709/2389 2231/2451
f 3492/2791 3108/2777 3394/2828 2233/2843
f 3701/4527 3366/4522 3492/2791 2233/2843
f 2596/321 2740/337 4275/484 2243/273
f 3796/1032 2813/1074 3630/4615 2247/4619
f 4298/1046 3472/1088 2761/1133 2248/1089
f 3743/1245 3744/1195 4098/1233 2261/1281
f 3694/2627 3201/2567 4106/2509 2262/2570
f 2745/3669 2712/3646 3582/3668 2265/3687
f 4013/4719 2796/4718 4021/3703 2265/3687
f 3772/437 2581/319 2552/315 2266/277
f 2552/315 3597/416 2755/339 2266/277
f 3487/1395 3459/1448 3475/1502 2267/1450
f 3492/2791 3366/4522 3307/4516 2275/2734
f 2278/280 3673/428 2888/357 2276/279
f 3849/838 3174/810 4093/783 2277/809
f 4093/783 2328/758 4359/782 2277/809
f 2931/362 4313/487 3673/428 2278/280
f 2701/1559 4191/1616 2491/1669 2279/1611
f 4407/1554 4388/1503 2701/1559 2279/1611
f 3838/4766 3451/4768 4312/2064 2285/2124
f 3092/3378 3332/3320 3398/3377 2300/3435
f 3761/3490 3130/3546 2675/3491 2300/3435
f 2582/2968 3914/2917 3874/2866 2303/2916
f 3873/3861 3271/3860 3526/3879 2306/3880
f 4264/1042 3365/1085 3339/1043 2310/1002
f 4373/4326 4366/2918 2570/2867 2319/4319
f 2570/2867 2668/2816 2725/4315 2319/4319
f 3400/1320 2504/1372 3034/1321 2322/1271
f 3034/1321 3985/1272 4401/1224 2322/1271
f 3192/2163 2667/2225 4025/2164 2325/2104
f 2327/2431 3592/2492 2656/2429 2326/2367
f 4093/783 3450/759 4235/736 2328/758
f 4235/736 3046/715 3117/735 2328/758
f 3117/735 3223/757 4359/782 2328/758
f 3685/2476 4304/4391 3244/4387 2329/2413
f 2812/1454 2784/1400 3555/1347 2333/1399
f 4048/4747 2365/2561 3168/2620 2337/4743
f 3770/436 3568/410 4367/497 2339/284
f 4193/1961 3836/1900 2787/1960 2343/2021
f 3860/2210 2665/2149 3666/2088 2344/2148
f 2817/3556 2895/3601 2859/3594 2345/3548
f 4137/1146 3191/1100 3088/4569 2349/4567
f 2368/1333 4176/1283 2717/1234 2350/1282
f 4158/729 2450/710 3806/691 2356/709
f 2426/1768 2419/1710 2580/1652 2359/1709
f 2936/3168 3789/3211 2576/3268 2364/3223
f 2576/3268 3886/3325 3446/3278 2364/3223
f 3880/2500 2945/2560 2742/2619 2365/2561
f 2425/2200 2920/2263 2685/2325 2366/2262
f 3837/3427 3984/3370 4324/3428 2370/3483
f 3037/3265 3188/3322 4247/3380 2374/3323
f 4247/3380 3165/3437 3810/3381 2374/3323
f 2431/3715 3774/3705 2737/3690 2388/3704
f 3565/4149 3278/4147 3321/4050 2390/4061
f 2985/372 2758/341 3598/417 2392/291
f 4222/4780 4242/4778 2474/2264 2395/2201
f 3878/4231 3419/3754 3760/3767 2398/4226
f 3802/2254 4068/2317 3140/2256 2404/2193
f 4207/2784 3142/2835 3500/2888 2407/2836
f 3748/434 2758/341 2985/372 2410/293
f 3269/2893 3366/4732 3701/4734 2413/2947
f 3701/4734 4307/4738 3723/3001 2413/2947
f 3723/3001 3377/3053 3485/2999 2413/2947
f 3485/2999 3720/2945 3269/2893 2413/2947
f 3480/3886 3661/3869 3844/3850 2416/3868
f 3297/3097 3259/3150 3213/3206 2417/3151
f 3213/3206 3968/3264 3147/3207 2417/3151
f 3147/3207 3101/3153 3425/3099 2417/3151
f 4081/2138 4076/2079 2519/2140 2425/2200
f 3885/2656 3437/2598 3289/2539 2432/2597
f 3537/1732 3141/1787 2637/1727 2435/1674
f 2637/1727 2491/1669 4191/1616 2435/1674
f 4378/502 4379/503 2798/348 2438/297
f 2935/3874 3072/3855 4066/3872 2440/3891
f 3935/3334 3635/3280 3695/3225 2451/3279
f 2472/301 2488/305 2525/311 2453/299
f 3150/738 3615/760 3105/785 2454/761
f 3105/785 3067/812 3594/786 2454/761
f 4052/3941 3349/3920 3315/3940 2457/3960
f 3011/4807 3428/4809 2741/2463 2470/2524
f 3145/1745 3738/1687 4203/1744 2473/1803
f 3715/1023 2561/1026 2719/985 2478/984
f 2719/985 3436/947 4038/945 2478/984
f 4356/2223 2998/2161 3221/4520 2485/4514
f 3244/4508 2776/2286 4356/2223 2485/4514
f 2637/1727 2509/1776 2604/1716 2491/1669
f 4266/3698 4120/3710 4152/3711 2495/3699
f 4152/3711 4047/3700 4172/3684 2495/3699
f 3266/3683 3447/3682 4266/3698 2495/3699
f 4339/3410 3232/3994 3470/3981 2496/3353
f 3178/2834 3112/2887 3142/2835 2500/2783
f 2992/373 3200/386 3249/391 2503/307
f 4075/1425 3672/1478 3374/1426 2504/1372
f 3374/1426 3995/1373 3034/1321 2504/1372
f 3400/1320 4370/1371 4075/1425 2504/1372
f 3812/1005 4298/1046 3716/1006 2506/967
f 2954/1328 3805/1379 3162/1433 2513/1380
f 3417/1048 3503/1090 2899/1135 2514/1091
f 3371/1136 3282/1092 3484/1049 2514/1091
f 3484/1049 2736/1008 3417/1048 2514/1091
f 3620/421 3325/396 4123/463 2515/309
f 3106/378 3527/409 3620/421 2515/309
f 3379/1419 3947/1472 3076/1420 2526/1366
f 2881/4125 4188/4126 3873/3861 2527/3862
f 3326/1485 3162/1433 3805/1379 2534/1432
f 2553/770 3218/795 4349/823 2538/796
f 2954/1328 4136/1279 3833/1231 2545/1278
f 3204/3222 3486/3166 3359/3221 2547/3277
f 3724/1067 3312/1025 2719/985 2561/1026
f 3423/3128 2805/3080 2602/3027 2571/3077
f 4267/2379 3727/2318 4217/2382 2572/2443
f 3789/3211 3786/3155 2690/3210 2576/3268
f 3946/2611 3840/2670 2922/2613 2587/2554
f 2973/3442 2734/3386 2962/3441 2588/3496
f 2744/1777 4269/1779 4259/1719 2590/1718
f 2830/3858 3453/3876 2879/3877 2600/3859
f 3999/2018 3607/1957 3267/1907 2601/1968
f 3289/2539 3832/2479 3653/2416 2606/2478
f 3443/402 3673/428 4313/487 2611/323
f 2780/867 3504/897 2867/932 2617/901
f 4308/937 4348/902 3397/868 2617/901
f 3253/3096 3226/3045 3954/2991 2618/3044
f 3670/1496 3452/1443 3737/1495 2624/1551
f 3596/3734 3248/3733 3513/3741 2625/3743
f 3513/3741 3851/3753 3419/3754 2625/3743
f 3419/3754 3878/4231 3250/4237 2625/3743
f 2645/2397 3893/2333 3632/2396 2630/2460
f 3598/417 2758/341 3372/399 2634/327
f 3508/1242 2720/1192 4150/4834 2640/4828
f 3592/2492 4078/2549 3768/2489 2656/2429
f 4303/906 3348/941 3603/979 2662/942
f 3230/724 3186/704 4100/723 2663/745
f 3265/768 3069/794 4334/769 2663/745
f 3134/2287 3934/2351 3177/2288 2667/2225
f 3177/2288 4248/2226 4025/2164 2667/2225
f 4277/2315 4267/2379 3055/2440 2674/2377
f 3055/2440 3346/2503 3651/2441 2674/2377
f 3651/2441 3152/2378 3071/2314 2674/2377
f 3071/2314 3115/2252 4277/2315 2674/2377
f 4008/4536 3531/1464 3877/1412 2678/4532
f 4036/2883 4239/2937 3408/2885 2693/2832
f 3408/2885 4230/2833 3823/2781 2693/2832
f 3611/839 3174/810 3849/838 2697/870
f 3144/380 2857/356 2953/366 2708/335
f 3730/433 4333/492 4123/463 2708/335
f 4123/463 3325/396 3144/380 2708/335
f 3484/1049 3929/1015 3766/975 2736/1008
f 4096/1403 3407/1457 4161/1511 2759/1458
f 4161/1511 3250/4301 3878/4305 2759/1458
f 3922/2841 2783/2894 4142/2842 2760/2790
f 3472/1088 3682/1132 3005/1179 2761/1133
f 3595/415 4275/484 3698/431 2766/342
f 3698/431 3948/447 3693/430 2766/342
f 3244/4508 4304/4500 3721/2350 2776/2286
f 3782/1200 4020/1249 3538/1297 2789/1250
f 4013/4430 3788/3713 3870/3720 2796/4427
f 3870/3720 3862/3722 4357/4423 2796/4427
f 4357/4716 4285/3714 4021/3703 2796/4718
f 3423/3128 3030/3180 3588/3131 2805/3080
f 3110/2743 2862/2799 3062/2851 2806/2800
f 3062/2851 3617/2903 3126/2852 2806/2800
f 3126/2852 3464/2801 3757/2744 2806/2800
f 3757/2744 3758/2685 3110/2743 2806/2800
f 3489/4249 3853/4253 4426/4254 2811/1856
f 3644/2160 3292/4371 3463/4367 2832/2100
f 3463/4367 4085/4363 3528/2040 2832/2100
f 4233/4399 3996/2596 4011/2655 2842/4404
f 3523/1936 3797/1995 3647/2056 2855/1996
f 2888/357 3673/428 3443/402 2856/355
f 3277/2742 4103/2798 4104/2850 2862/2799
f 4104/2850 4102/2902 3062/2851 2862/2799
f 3110/2743 3488/2684 3277/2742 2862/2799
f 3819/781 3223/757 3696/734 2884/756
f 3629/1149 3745/1196 3078/1246 2887/1197
f 3494/1150 3274/1104 3629/1149 2887/1197
f 3919/4382 4371/3519 4377/3573 2891/4386
f 4355/3821 3195/3839 3361/3822 2923/3805
f 3650/2786 3714/2731 3308/2788 2924/2838
f 3588/3131 3024/3183 3667/3132 2933/3081
f 3671/3117 3386/3156 3789/3211 2936/3168
f 3241/3540 3536/3588 3316/3542 2938/3486
f 4296/880 3181/915 3354/881 2942/848
f 4319/2474 3565/4393 4250/4397 2946/2535
f 3336/2058 3896/2118 3944/2059 2975/1998
f 4080/1019 3360/1060 3274/1104 2986/1061
f 3274/1104 3494/1150 4121/1105 2986/1061
f 4121/1105 3988/1062 3473/1020 2986/1061
f 3682/1132 3191/1100 4137/1146 3005/1179
f 4065/2654 3338/2595 3317/2653 3006/2711
f 3129/3929 4213/3952 3722/3968 3016/3950
f 3722/3968 3470/3981 3132/3967 3016/3950
f 3511/3476 3740/3532 3068/3477 3023/3420
f 3068/3477 3196/3421 3050/3363 3023/3420
f 3050/3363 3099/3305 3073/3362 3023/3420
f 3073/3362 3096/3419 3511/3476 3023/3420
f 3588/3131 3030/3180 3584/3236 3024/3183
f 3584/3236 4111/3292 4291/3239 3024/3183
f 4291/3239 3966/3184 3667/3132 3024/3183
f 3651/2441 3346/2503 3384/2564 3025/2504
f 4027/2565 3159/2505 4026/2442 3025/2504
f 4026/2442 3152/2378 3651/2441 3025/2504
f 3679/3607 3601/3562 3678/3508 3026/3561
f 3678/3508 3677/3453 3066/3507 3026/3561
f 3599/3398 3677/3453 3678/3508 3027/3454
f 3678/3508 3601/3562 4288/3509 3027/3454
f 4288/3509 3586/3455 3541/3399 3027/3454
f 3541/3399 3978/3343 3599/3398 3027/3454
f 3972/2664 3626/2676 3060/2617 3028/2606
f 3060/2617 3556/2558 3655/2548 3028/2606
f 3548/3563 4287/3608 3958/3611 3029/3577
f 3958/3611 3097/3578 4116/3530 3029/3577
f 4116/3530 3411/3529 3410/3564 3029/3577
f 3410/3564 3583/3510 3548/3563 3029/3577
f 3423/3128 3496/3178 3618/3234 3030/3180
f 3618/3234 3585/3290 3584/3236 3030/3180
f 3180/2190 3115/2252 3071/2314 3031/2253
f 3071/2314 3152/2378 4280/2316 3031/2253
f 4115/3637 3562/3662 4035/3663 3032/3639
f 4035/3663 3172/3640 3197/3612 3032/3639
f 3197/3612 3097/3578 3958/3611 3032/3639
f 3958/3611 4287/3608 4115/3637 3032/3639
f 3112/2887 3178/2834 3433/2886 3033/2940
f 3539/2994 3888/2941 3112/2887 3033/2940
f 3995/1373 3882/1322 3985/1272 3034/1321
f 3529/820 3290/793 3098/767 3035/792
f 3478/3209 3101/3153 3147/3207 3037/3265
f 3147/3207 3968/3264 3188/3322 3037/3265
f 4368/498 4393/507 3219/388 3038/375
f 4114/3515 3042/3567 4109/3527 3039/3569
f 4109/3527 3319/3471 4127/3525 3039/3569
f 3074/3518 3552/3463 4114/3515 3039/3569
f 3344/663 3217/679 3656/664 3040/650
f 3314/978 4309/1017 3876/1059 3041/1018
f 3876/1059 3669/1103 3360/1060 3041/1018
f 3360/1060 4080/1019 3603/979 3041/1018
f 3603/979 3348/941 3314/978 3041/1018
f 3413/3513 4112/3566 4108/3528 3042/3567
f 4108/3528 4110/3472 4109/3527 3042/3567
f 4114/3515 4113/3460 3413/3513 3042/3567
f 3931/1809 3137/1750 3053/1808 3043/1868
f 4375/1927 3251/1987 3951/1928 3043/1868
f 3951/1928 3280/1869 3931/1809 3043/1868
f 4340/2566 3208/2625 3758/2685 3044/2626
f 3758/2685 3757/2744 3207/2686 3044/2626
f 3207/2686 3160/2628 3158/2568 3044/2626
f 3158/2568 4281/2507 4340/2566 3044/2626
f 3981/2414 3721/2350 4304/4500 3045/4493
f 4304/4391 3685/2476 3683/2537 3045/4395
f 3683/2537 3996/2596 4233/4399 3045/4395
f 4233/4485 4263/2477 3981/2414 3045/4493
f 4235/736 3194/716 3622/697 3046/715
f 3378/1585 3930/1530 3777/1584 3048/1640
f 3777/1584 4044/1639 3781/1697 3048/1640
f 3342/840 3067/812 3105/785 3049/811
f 3105/785 3615/760 3458/784 3049/811
f 3458/784 3174/810 3611/839 3049/811
f 3196/3421 3070/3364 3051/3306 3050/3363
f 3051/3306 3974/3248 3099/3305 3050/3363
f 3465/2110 3580/2050 3077/2109 3052/2169
f 3077/2109 3927/2168 3087/2230 3052/2169
f 3137/1750 3383/1692 3909/1749 3053/1808
f 3239/3261 3559/3318 3080/3376 3056/3319
f 3157/3623 3329/3589 3953/3621 3057/3649
f 4220/3672 3256/3650 3157/3623 3057/3649
f 4294/3401 3586/3455 3583/3510 3058/3457
f 3583/3510 3410/3564 3121/3512 3058/3457
f 3121/3512 4290/3458 4292/3402 3058/3457
f 4292/3402 4293/3346 4294/3401 3058/3457
f 4291/3239 4111/3292 4289/3348 3059/3295
f 4289/3348 3587/3404 3549/3351 3059/3295
f 3593/2849 4103/2798 3254/2741 3061/2797
f 3254/2741 3913/2682 3240/2740 3061/2797
f 4102/2902 4003/2955 3617/2903 3062/2851
f 3641/424 4404/509 4380/504 3063/376
f 4380/504 4386/505 3212/387 3063/376
f 3957/3359 3119/3304 3320/3247 3064/3302
f 4180/1932 3216/1873 4159/1813 3065/1872
f 3395/822 3218/795 4334/769 3069/794
f 3195/3839 3561/3853 4066/3872 3072/3855
f 3099/3305 3119/3304 3318/3361 3073/3362
f 3318/3361 3959/3418 3096/3419 3073/3362
f 4384/3464 4154/3408 3552/3463 3074/3518
f 3445/403 3249/391 4204/476 3075/377
f 4204/476 3815/442 4185/473 3075/377
f 4185/473 4017/455 4018/456 3075/377
f 4173/2049 4351/2108 3927/2168 3077/2109
f 3259/3150 3253/3096 3323/3148 3079/3204
f 3323/3148 3921/3203 3239/3261 3079/3204
f 4230/2833 3433/2886 3178/2834 3081/2782
f 3260/1317 3808/1268 3089/1220 3082/1267
f 3089/1220 3385/1171 3861/1219 3082/1267
f 3187/3544 3246/3488 3863/3543 3083/3590
f 3863/3543 3329/3589 3157/3623 3083/3590
f 3157/3623 3256/3650 3535/3624 3083/3590
f 3535/3624 3809/3591 3187/3544 3083/3590
f 3952/1693 3264/1751 4148/1694 3084/1636
f 4148/1694 4389/1637 3775/1581 3084/1636
f 3775/1581 3401/1526 3090/1580 3084/1636
f 3090/1580 3334/1635 3952/1693 3084/1636
f 3668/1102 3731/1147 3744/1195 3085/1148
f 3744/1195 3743/1245 3745/1196 3085/1148
f 3745/1196 3629/1149 3669/1103 3085/1148
f 3669/1103 3876/1059 3668/1102 3085/1148
f 3775/1581 4389/1637 4387/1582 3086/1527
f 4387/1582 4019/1528 3533/1475 3086/1527
f 3533/1475 3164/1422 3109/1474 3086/1527
f 3109/1474 3401/1526 3775/1581 3086/1527
f 3927/2168 3763/2229 3850/2292 3087/2230
f 3956/4849 3773/1099 3572/1145 3088/4846
f 3808/1268 3416/1221 3471/1172 3089/1220
f 3471/1172 3477/1125 3385/1171 3089/1220
f 3354/881 3181/915 3900/952 3091/916
f 3188/3322 3968/3264 3332/3320 3092/3378
f 3913/2682 3573/2623 3681/2563 3093/2622
f 4149/1668 3293/1612 3341/1555 3094/1610
f 3341/1555 4276/1499 3532/1553 3094/1610
f 4073/1613 4072/1556 3293/1612 3095/1670
f 3412/3475 3973/3531 3511/3476 3096/3419
f 3959/3418 3120/3474 3412/3475 3096/3419
f 3197/3612 3703/3579 3973/3531 3097/3578
f 3973/3531 3412/3475 4116/3530 3097/3578
f 3974/3248 3320/3247 3119/3304 3099/3305
f 3533/1475 4019/1528 4405/1476 3100/1423
f 4405/1476 4381/1424 3483/1370 3100/1423
f 3483/1370 3976/1318 4210/1369 3100/1423
f 4210/1369 3164/1422 3533/1475 3100/1423
f 3281/993 3388/955 3659/4472 3102/4478
f 4039/944 3824/908 4029/943 3103/981
f 3219/388 4393/507 4402/508 3106/378
f 4402/508 4374/501 3527/409 3106/378
f 3758/2685 3208/2625 3488/2684 3110/2743
f 4025/2164 4248/2226 3352/2165 3111/2105
f 3888/2941 3500/2888 3142/2835 3112/2887
f 3115/2252 3180/2190 4225/2130 3114/2192
f 4225/2130 3753/2073 4031/2134 3114/2192
f 3136/714 3696/734 3223/757 3117/735
f 3957/3359 3409/3416 3318/3361 3119/3304
f 3411/3529 4116/3530 3412/3475 3120/3474
f 3959/3418 4110/3472 4108/3528 3120/3474
f 4108/3528 4112/3566 3411/3529 3120/3474
f 3410/3564 3411/3529 4112/3566 3121/3512
f 4112/3566 3413/3513 4290/3458 3121/3512
f 4028/2488 3655/2548 3556/2558 3125/2497
f 3976/1318 3483/1370 3818/1319 3128/1269
f 3818/1319 3822/1270 3612/1222 3128/1269
f 3416/1221 3808/1268 3976/1318 3128/1269
f 3719/3912 4057/3895 4157/3916 3129/3929
f 3761/3490 3187/3544 3809/3591 3130/3546
f 3156/2228 4105/2167 3689/2107 3131/2166
f 3470/3981 3232/3994 4146/3980 3132/3967
f 3721/2350 3981/2414 3934/2351 3134/2287
f 3952/1693 3334/1635 3383/1692 3137/1750
f 3931/1809 3264/1751 3952/1693 3137/1750
f 3778/1529 3777/1584 3930/1530 3139/1477
f 3930/1530 3672/1478 4075/1425 3139/1477
f 4075/1425 4370/1371 4381/1424 3139/1477
f 4381/1424 4405/1476 3778/1529 3139/1477
f 4256/482 3220/389 3190/384 3148/382
f 3207/2686 3757/2744 3464/2801 3149/2745
f 3464/2801 4054/2853 4343/2802 3149/2745
f 4343/2802 3294/2747 4271/2688 3149/2745
f 4271/2688 3160/2628 3207/2686 3149/2745
f 4026/2442 3153/2380 4280/2316 3152/2378
f 4026/2442 3159/2505 4341/2444 3153/2380
f 4341/2444 3185/2381 4068/2317 3153/2380
f 4068/2317 3802/2254 4280/2316 3153/2380
f 3540/3289 3978/3343 3541/3399 3154/3345
f 3541/3399 3586/3455 4294/3401 3154/3345
f 4294/3401 4293/3346 3585/3290 3154/3345
f 3585/3290 3618/3234 3540/3289 3154/3345
f 3403/2291 3763/2229 4105/2167 3156/2228
f 3262/2290 3576/2354 3403/2291 3156/2228
f 3619/2508 3848/2445 4281/2507 3158/2568
f 4027/2565 3208/2625 4340/2566 3159/2505
f 4340/2566 4281/2507 4341/2444 3159/2505
f 3459/1448 3487/1395 3224/4827 3161/1394
f 3349/3920 4052/3941 3646/3933 3163/3915
f 3527/409 4374/501 4376/564 3167/570
f 4376/4456 4410/1086 3279/1131 3167/4454
f 3781/1697 4044/1639 3898/1696 3171/1754
f 3238/3613 3703/3579 3197/3612 3172/3640
f 4003/2955 4209/3007 4342/3060 3173/3008
f 3335/2956 3617/2903 4003/2955 3173/3008
f 3458/784 3450/759 4093/783 3174/810
f 4296/880 3236/914 3355/951 3181/915
f 4124/1842 3495/1784 3324/1724 3183/1783
f 4271/2688 3294/2747 4189/2689 3184/2629
f 4189/2689 3623/2631 3964/2571 3184/2629
f 4341/2444 4281/2507 3848/2445 3185/2381
f 4355/3821 3718/3837 3561/3853 3195/3839
f 3690/429 4204/476 3249/391 3200/386
f 3694/2627 3553/2680 4238/2621 3201/2567
f 4240/4677 3989/4675 3521/3167 3204/3222
f 3521/3167 3268/3115 3486/3166 3204/3222
f 3257/3065 3268/3115 3521/3167 3205/3116
f 3350/3066 3313/3013 3257/3065 3205/3116
f 3296/3764 3923/3778 3567/3765 3206/3752
f 3341/1555 3293/1612 4072/1556 3210/1500
f 3662/3524 3242/3470 3829/3413 3215/3468
f 3969/3523 4377/3573 3662/3524 3215/3468
f 3622/697 3830/680 3656/664 3217/679
f 3395/822 3654/852 4349/823 3218/795
f 3253/3096 3259/3150 3297/3097 3226/3045
f 3374/1426 3672/1478 4094/1531 3237/1479
f 4127/3525 3319/3471 3613/3415 3242/3470
f 4375/1927 4300/1986 3928/2047 3251/1987
f 3928/2047 3689/2107 3252/2048 3251/1987
f 3689/2107 4105/2167 4351/2108 3252/2048
f 3942/1847 3283/1906 3439/1967 3255/1908
f 3444/3012 4040/3064 3268/3115 3257/3065
f 3842/843 3918/844 3706/815 3258/814
f 4210/1369 3976/1318 3808/1268 3260/1317
f 3273/1964 3353/2025 4270/1965 3261/1904
f 4270/1965 3275/1905 3507/1844 3261/1904
f 3507/1844 4221/1785 3405/1843 3261/1904
f 3931/1809 3280/1869 3363/1810 3264/1751
f 3363/1810 4043/1752 4148/1694 3264/1751
f 4035/3663 3562/3662 3447/3682 3266/3683
f 3783/1130 3365/1085 4274/1129 3270/1176
f 4274/1129 3825/1175 4401/1224 3270/1176
f 3551/2024 3881/2085 3353/2025 3273/1964
f 3360/1060 3669/1103 3629/1149 3274/1104
f 4270/1965 3841/2026 3520/1966 3275/1905
f 3520/1966 3283/1906 3522/1845 3275/1905
f 3522/1845 4056/1786 3507/1844 3275/1905
f 3565/4393 4319/2474 3688/2411 3278/4389
f 3867/3443 4224/3389 3935/3334 3291/3388
f 4255/3775 4190/3790 3923/3778 3296/3764
f 3714/2731 3650/2786 4046/2729 3300/2673
f 4219/3004 4354/3056 3381/3107 3304/3057
f 4135/3451 3441/3506 3680/3452 3310/3396
f 3536/3588 3953/3621 3329/3589 3316/3542
f 3329/3589 3863/3543 3516/3487 3316/3542
f 3409/3416 4110/3472 3959/3418 3318/3361
f 4109/3527 4110/3472 3409/3416 3319/3471
f 3409/3416 3957/3359 3613/3415 3319/3471
f 3532/1553 4310/1497 3431/1552 3333/1609
f 4409/4045 4411/4035 3687/4046 3337/4056
f 3683/2537 3685/2476 4397/2536 3338/2595
f 4065/2654 3996/2596 3683/2537 3338/2595
f 3365/1085 3783/1130 4410/1086 3339/1043
f 4410/1086 4376/4456 3793/4458 3339/1043
f 3654/852 3621/884 3659/4635 3343/4638
f 3681/2563 3573/2623 3384/2564 3346/2503
f 3869/1901 4193/1961 3752/2022 3351/1962
f 4167/1870 3732/1811 4043/1752 3363/1810
f 4143/1501 4072/1556 4073/1613 3369/1557
f 3475/1502 3459/1448 4143/1501 3369/1557
f 3600/3287 3978/3343 3540/3289 3373/3233
f 3540/3289 3618/3234 3496/3178 3373/3233
f 4094/1531 3672/1478 3930/1530 3378/1585
f 3940/1634 4045/1691 3909/1749 3383/1692
f 3610/3102 3786/3155 3789/3211 3386/3156
f 3746/1344 4278/1397 4246/1345 3387/1294
f 4244/787 3706/815 3831/816 3391/789
f 3934/2351 3981/2414 4263/2477 3393/2415
f 3822/1270 3818/1319 4370/1371 3400/1320
f 4224/3389 3867/3443 3717/3497 3402/3444
f 4113/3460 3587/3404 4290/3458 3413/3513
f 3732/1811 4167/1870 4205/1930 3414/1871
f 4197/938 3766/975 3929/1015 3427/976
f 3997/1204 3514/1203 4261/4601 3438/4603
f 4381/1424 4370/1371 3818/1319 3483/1370
f 4318/2425 4028/2488 3530/2426 3497/2362
f 3530/2426 3817/2363 3799/2299 3497/2362
f 3973/3531 3703/3579 3740/3532 3511/3476
f 4324/3428 3984/3370 3739/3316 3519/3374
f 3784/1638 3898/1696 4044/1639 3534/1583
f 4044/1639 3777/1584 3778/1529 3534/1583
f 3778/1529 4405/1476 4019/1528 3534/1583
f 4019/1528 4387/1582 3784/1638 3534/1583
f 4020/1249 3771/1296 3555/1347 3538/1297
f 4288/3509 3601/3562 4287/3608 3548/3563
f 3583/3510 3586/3455 4288/3509 3548/3563
f 3587/3404 4113/3460 3550/3407 3549/3351
f 4113/3460 4114/3515 3552/3463 3550/3407
f 3731/1147 3668/1102 3906/1058 3560/1101
f 4115/3637 3679/3607 3638/3636 3562/3662
f 3585/3290 4293/3346 4111/3292 3584/3236
f 4289/3348 4292/3402 4290/3458 3587/3404
f 3636/2901 4104/2850 4103/2798 3593/2849
f 3978/3343 3600/3287 3676/3342 3599/3398
f 3679/3607 4115/3637 4287/3608 3601/3562
f 4404/509 4372/500 3962/449 3602/418
f 3991/452 3769/435 4231/479 3634/423
f 3935/3334 4224/3389 4086/3335 3635/3280
f 4077/2954 4102/2902 4104/2850 3636/2901
f 4282/3110 4342/3060 4209/3007 3639/3059
f 3876/1059 4309/1017 3906/1058 3668/1102
f 3839/1064 4145/1107 4361/1153 3674/1108
f 3749/1876 3846/1817 3907/1758 3709/1816
f 3984/3370 4353/3313 4208/3258 3739/3316
f 3927/2168 4351/2108 4105/2167 3763/2229
f 4197/938 4348/902 4308/937 3766/975
f 4007/641 4169/640 3884/652 3767/653
f 3991/452 4140/469 3915/446 3769/435
f 4208/3258 4353/3313 4064/3256 3800/3200
f 4193/1961 3869/1901 4314/1840 3836/1900
f 4140/469 4018/456 4017/455 3915/446
f 3971/1578 4164/1633 4045/1691 3940/1634
f 4331/490 4062/458 3970/451 3949/448
f 4102/2902 4077/2954 4209/3007 4003/2955
# totals: 4435 4869 0 4433
