# This file uses centimeters as units for non-parametric coordinates.

mtllib LunarRoamer.mtl
g default
v 0.972868 0.728095 0.036728
v 0.985662 0.728095 0.043247
v 0.999845 0.728095 0.045493
v 1.014028 0.728094 0.043247
v 1.018642 0.746425 -0.014060
v 1.021942 0.746425 -0.007583
v 1.013502 0.746425 -0.019200
v 1.007025 0.746425 -0.022501
v 0.977748 0.746425 0.006776
v 0.981048 0.746425 0.013253
v 0.986188 0.746425 0.018394
v 0.992665 0.746425 0.021694
v 0.999845 0.746425 0.022831
v 1.113522 -0.039284 -0.018004
v 1.109306 -0.039284 -0.035566
v 1.102394 -0.039284 -0.052251
v 1.092958 -0.039284 -0.067650
v 1.081229 -0.039284 -0.081383
v 1.067495 -0.039284 -0.093113
v 1.052097 -0.039284 -0.102549
v 1.035411 -0.039284 -0.109460
v 1.017850 -0.039284 -0.113676
v 0.999845 -0.039284 -0.115093
v 0.981841 -0.039284 -0.113676
v 0.964279 -0.039284 -0.109460
v 0.947594 -0.039284 -0.102549
v 0.932195 -0.039284 -0.093113
v 0.918462 -0.039284 -0.081383
v 0.906733 -0.039284 -0.067650
v 0.897296 -0.039284 -0.052251
v 0.890385 -0.039284 -0.035566
v 0.886169 -0.039284 -0.018005
v 0.884752 -0.039284 0.000000
v 0.886169 -0.039284 0.018005
v 0.890385 -0.039284 0.035566
v 0.897296 -0.039284 0.052251
v 0.906733 -0.039284 0.067650
v 0.918462 -0.039284 0.081383
v 0.932195 -0.039284 0.093113
v 0.947594 -0.039284 0.102549
v 0.964279 -0.039284 0.109460
v 0.981841 -0.039284 0.113677
v 0.999845 -0.039284 0.115094
v 1.017850 -0.039284 0.113677
v 1.035411 -0.039284 0.109460
v 1.052096 -0.039284 0.102549
v 1.067495 -0.039284 0.093113
v 1.081228 -0.039284 0.081383
v 1.092958 -0.039284 0.067650
v 1.102394 -0.039284 0.052251
v 1.109305 -0.039284 0.035566
v 1.113522 -0.039284 0.018005
v 1.114939 -0.039284 0.000000
v 1.146888 -0.039284 -0.023289
v 1.141434 -0.039284 -0.046005
v 1.132494 -0.039284 -0.067588
v 1.120288 -0.039284 -0.087507
v 1.105116 -0.039284 -0.105271
v 1.087352 -0.039284 -0.120443
v 1.067433 -0.039284 -0.132649
v 1.045850 -0.039284 -0.141589
v 1.023134 -0.039284 -0.147043
v 0.999845 -0.039284 -0.148876
v 0.976556 -0.039284 -0.147043
v 0.953840 -0.039284 -0.141589
v 0.932257 -0.039284 -0.132649
v 0.912338 -0.039284 -0.120443
v 0.894574 -0.039284 -0.105271
v 0.879402 -0.039284 -0.087507
v 0.867196 -0.039284 -0.067588
v 0.858256 -0.039284 -0.046005
v 0.852802 -0.039284 -0.023289
v 0.850970 -0.039284 0.000000
v 0.852802 -0.039284 0.023289
v 0.858256 -0.039284 0.046005
v 0.867196 -0.039284 0.067588
v 0.879402 -0.039284 0.087507
v 0.894574 -0.039284 0.105271
v 0.912338 -0.039284 0.120443
v 0.932257 -0.039284 0.132649
v 0.953840 -0.039284 0.141589
v 0.976556 -0.039284 0.147043
v 0.999845 -0.039284 0.148876
v 1.023134 -0.039284 0.147043
v 1.045850 -0.039284 0.141589
v 1.067433 -0.039284 0.132649
v 1.087352 -0.039284 0.120443
v 1.105116 -0.039284 0.105271
v 1.120288 -0.039284 0.087507
v 1.132494 -0.039284 0.067588
v 1.141434 -0.039284 0.046005
v 1.146888 -0.039284 0.023289
v 1.148721 -0.039284 0.000000
v 1.220409 -0.039284 -0.034934
v 1.212229 -0.039284 -0.069008
v 1.198819 -0.039284 -0.101382
v 1.180510 -0.039284 -0.131260
v 1.157752 -0.039284 -0.157906
v 1.131106 -0.039284 -0.180664
v 1.101227 -0.039284 -0.198974
v 1.068853 -0.039284 -0.212384
v 1.034779 -0.039284 -0.220564
v 0.999845 -0.039284 -0.223313
v 0.964911 -0.039284 -0.220564
v 0.930838 -0.039284 -0.212384
v 0.898463 -0.039284 -0.198974
v 0.868585 -0.039284 -0.180664
v 0.841939 -0.039284 -0.157906
v 0.819181 -0.039284 -0.131260
v 0.800871 -0.039284 -0.101382
v 0.787461 -0.039284 -0.069008
v 0.779281 -0.039284 -0.034934
v 0.776532 -0.039284 0.000000
v 0.779281 -0.039284 0.034934
v 0.787461 -0.039284 0.069008
v 0.800871 -0.039284 0.101382
v 0.819181 -0.039284 0.131260
v 0.841939 -0.039284 0.157906
v 0.868585 -0.039284 0.180664
v 0.898463 -0.039284 0.198974
v 0.930837 -0.039284 0.212384
v 0.964911 -0.039284 0.220564
v 0.999845 -0.039284 0.223313
v 1.034779 -0.039284 0.220564
v 1.068853 -0.039284 0.212384
v 1.101227 -0.039284 0.198974
v 1.131105 -0.039284 0.180664
v 1.157751 -0.039284 0.157906
v 1.180509 -0.039284 0.131260
v 1.198819 -0.039284 0.101382
v 1.212229 -0.039284 0.069008
v 1.220409 -0.039284 0.034934
v 1.223158 -0.039284 0.000000
v 1.293931 -0.039284 -0.046578
v 1.283023 -0.039284 -0.092010
v 1.265143 -0.039284 -0.135176
v 1.240731 -0.039284 -0.175014
v 1.210387 -0.039284 -0.210542
v 1.174859 -0.039284 -0.240886
v 1.135021 -0.039284 -0.265298
v 1.091855 -0.039284 -0.283178
v 1.046424 -0.039284 -0.294085
v 0.999845 -0.039284 -0.297751
v 0.953267 -0.039284 -0.294085
v 0.907835 -0.039284 -0.283178
v 0.864669 -0.039284 -0.265298
v 0.824831 -0.039284 -0.240886
v 0.789303 -0.039284 -0.210542
v 0.758959 -0.039284 -0.175014
v 0.734547 -0.039284 -0.135176
v 0.716667 -0.039284 -0.092010
v 0.705760 -0.039284 -0.046579
v 0.702094 -0.039284 0.000000
v 0.705760 -0.039284 0.046579
v 0.716667 -0.039284 0.092010
v 0.734547 -0.039284 0.135176
v 0.758959 -0.039284 0.175014
v 0.789303 -0.039284 0.210542
v 0.824831 -0.039284 0.240886
v 0.864669 -0.039284 0.265298
v 0.907835 -0.039284 0.283178
v 0.953267 -0.039284 0.294085
v 0.999845 -0.039284 0.297751
v 1.046424 -0.039284 0.294085
v 1.091855 -0.039284 0.283178
v 1.135021 -0.039284 0.265298
v 1.174859 -0.039284 0.240886
v 1.210387 -0.039284 0.210542
v 1.240731 -0.039284 0.175014
v 1.265143 -0.039284 0.135176
v 1.283023 -0.039284 0.092010
v 1.293930 -0.039284 0.046579
v 1.297596 -0.039284 0.000000
v 1.367452 -0.039284 -0.058223
v 1.353818 -0.039284 -0.115013
v 1.331468 -0.039284 -0.168970
v 1.300952 -0.039284 -0.218767
v 1.263023 -0.039284 -0.263177
v 1.218612 -0.039284 -0.301107
v 1.168815 -0.039284 -0.331623
v 1.114858 -0.039284 -0.353973
v 1.058068 -0.039284 -0.367607
v 0.999845 -0.039284 -0.372189
v 0.941622 -0.039284 -0.367607
v 0.884832 -0.039284 -0.353973
v 0.830875 -0.039284 -0.331623
v 0.781078 -0.039284 -0.301107
v 0.736668 -0.039284 -0.263177
v 0.698738 -0.039284 -0.218767
v 0.668222 -0.039284 -0.168970
v 0.645872 -0.039284 -0.115013
v 0.632238 -0.039284 -0.058223
v 0.627656 -0.039284 0.000000
v 0.632238 -0.039284 0.058223
v 0.645872 -0.039284 0.115013
v 0.668222 -0.039284 0.168970
v 0.698738 -0.039284 0.218767
v 0.736668 -0.039284 0.263177
v 0.781078 -0.039284 0.301107
v 0.830875 -0.039284 0.331623
v 0.884832 -0.039284 0.353973
v 0.941622 -0.039284 0.367607
v 0.999845 -0.039284 0.372189
v 1.058068 -0.039284 0.367607
v 1.114858 -0.039284 0.353973
v 1.168815 -0.039284 0.331623
v 1.218612 -0.039284 0.301107
v 1.263022 -0.039284 0.263177
v 1.300952 -0.039284 0.218767
v 1.331468 -0.039284 0.168970
v 1.353818 -0.039284 0.115013
v 1.367452 -0.039284 0.058223
v 1.372034 -0.039284 0.000000
v 1.367452 -0.003224 -0.058223
v 1.353818 -0.003224 -0.115013
v 1.331468 -0.003224 -0.168970
v 1.300952 -0.003224 -0.218767
v 1.263023 -0.003224 -0.263177
v 1.218612 -0.003224 -0.301107
v 1.168815 -0.003224 -0.331623
v 1.114858 -0.003224 -0.353973
v 1.058068 -0.003224 -0.367607
v 0.999845 -0.003224 -0.372189
v 0.941622 -0.003224 -0.367607
v 0.884832 -0.003224 -0.353973
v 0.830875 -0.003224 -0.331623
v 0.781078 -0.003224 -0.301107
v 0.736668 -0.003224 -0.263177
v 0.698738 -0.003224 -0.218767
v 0.668222 -0.003224 -0.168970
v 0.645872 -0.003224 -0.115013
v 0.632238 -0.003224 -0.058223
v 0.627656 -0.003224 0.000000
v 0.632238 -0.003224 0.058223
v 0.645872 -0.003224 0.115013
v 0.668222 -0.003224 0.168970
v 0.698738 -0.003224 0.218767
v 0.736668 -0.003224 0.263177
v 0.781078 -0.003224 0.301107
v 0.830875 -0.003224 0.331623
v 0.884832 -0.003224 0.353973
v 0.941622 -0.003224 0.367607
v 0.999845 -0.003224 0.372189
v 1.058068 -0.003224 0.367607
v 1.114858 -0.003224 0.353973
v 1.168815 -0.003224 0.331623
v 1.218612 -0.003224 0.301107
v 1.263022 -0.003224 0.263177
v 1.300952 -0.003224 0.218767
v 1.331468 -0.003224 0.168970
v 1.353818 -0.003224 0.115013
v 1.367452 -0.003224 0.058223
v 1.372034 -0.003224 0.000000
v 1.293931 -0.003224 -0.046578
v 1.283023 -0.003224 -0.092010
v 1.265143 -0.003224 -0.135176
v 1.240731 -0.003224 -0.175014
v 1.210387 -0.003224 -0.210542
v 1.174859 -0.003224 -0.240886
v 1.135021 -0.003224 -0.265298
v 1.091855 -0.003224 -0.283178
v 1.046424 -0.003224 -0.294085
v 0.999845 -0.003224 -0.297751
v 0.953267 -0.003224 -0.294085
v 0.907835 -0.003224 -0.283178
v 0.864669 -0.003224 -0.265298
v 0.824831 -0.003224 -0.240886
v 0.789303 -0.003224 -0.210542
v 0.758959 -0.003224 -0.175014
v 0.734547 -0.003224 -0.135176
v 0.716667 -0.003224 -0.092010
v 0.705760 -0.003224 -0.046579
v 0.702094 -0.003224 0.000000
v 0.705760 -0.003224 0.046579
v 0.716667 -0.003224 0.092010
v 0.734547 -0.003224 0.135176
v 0.758959 -0.003224 0.175014
v 0.789303 -0.003224 0.210542
v 0.824831 -0.003224 0.240886
v 0.864669 -0.003224 0.265298
v 0.907835 -0.003224 0.283178
v 0.953267 -0.003224 0.294085
v 0.999845 -0.003224 0.297751
v 1.046424 -0.003224 0.294085
v 1.091855 -0.003224 0.283178
v 1.135021 -0.003224 0.265298
v 1.174859 -0.003224 0.240886
v 1.210387 -0.003224 0.210542
v 1.240731 -0.003224 0.175014
v 1.265143 -0.003224 0.135176
v 1.283023 -0.003224 0.092010
v 1.293930 -0.003224 0.046579
v 1.297596 -0.003224 0.000000
v 1.220409 -0.003224 -0.034934
v 1.212229 -0.003224 -0.069008
v 1.198819 -0.003224 -0.101382
v 1.180510 -0.003224 -0.131260
v 1.157752 -0.003224 -0.157906
v 1.131106 -0.003224 -0.180664
v 1.101227 -0.003224 -0.198974
v 1.068853 -0.003224 -0.212384
v 1.034779 -0.003224 -0.220564
v 0.999845 -0.003224 -0.223313
v 0.964911 -0.003224 -0.220564
v 0.930838 -0.003224 -0.212384
v 0.898463 -0.003224 -0.198974
v 0.868585 -0.003224 -0.180664
v 0.841939 -0.003224 -0.157906
v 0.819181 -0.003224 -0.131260
v 0.800871 -0.003224 -0.101382
v 0.787461 -0.003224 -0.069008
v 0.779281 -0.003224 -0.034934
v 0.776532 -0.003224 0.000000
v 0.779281 -0.003224 0.034934
v 0.787461 -0.003224 0.069008
v 0.800871 -0.003224 0.101382
v 0.819181 -0.003224 0.131260
v 0.841939 -0.003224 0.157906
v 0.868585 -0.003224 0.180664
v 0.898463 -0.003224 0.198974
v 0.930837 -0.003224 0.212384
v 0.964911 -0.003224 0.220564
v 0.999845 -0.003224 0.223313
v 1.034779 -0.003224 0.220564
v 1.068853 -0.003224 0.212384
v 1.101227 -0.003224 0.198974
v 1.131105 -0.003224 0.180664
v 1.157751 -0.003224 0.157906
v 1.180509 -0.003224 0.131260
v 1.198819 -0.003224 0.101382
v 1.212229 -0.003224 0.069008
v 1.220409 -0.003224 0.034934
v 1.223158 -0.003224 0.000000
v 1.146888 -0.003224 -0.023289
v 1.141434 -0.003224 -0.046005
v 1.132494 -0.003224 -0.067588
v 1.120288 -0.003224 -0.087507
v 1.105116 -0.003224 -0.105271
v 1.087352 -0.003224 -0.120443
v 1.067433 -0.003224 -0.132649
v 1.045850 -0.003224 -0.141589
v 1.023134 -0.003224 -0.147043
v 0.999845 -0.003224 -0.148876
v 0.976556 -0.003224 -0.147043
v 0.953840 -0.003224 -0.141589
v 0.932257 -0.003224 -0.132649
v 0.912338 -0.003224 -0.120443
v 0.894574 -0.003224 -0.105271
v 0.879402 -0.003224 -0.087507
v 0.867196 -0.003224 -0.067588
v 0.858256 -0.003224 -0.046005
v 0.852802 -0.003224 -0.023289
v 0.850970 -0.003224 0.000000
v 0.852802 -0.003224 0.023289
v 0.858256 -0.003224 0.046005
v 0.867196 -0.003224 0.067588
v 0.879402 -0.003224 0.087507
v 0.894574 -0.003224 0.105271
v 0.912338 -0.003224 0.120443
v 0.932257 -0.003224 0.132649
v 0.953840 -0.003224 0.141589
v 0.976556 -0.003224 0.147043
v 0.999845 -0.003224 0.148876
v 1.023134 -0.003224 0.147043
v 1.045850 -0.003224 0.141589
v 1.067433 -0.003224 0.132649
v 1.087352 -0.003224 0.120443
v 1.105116 -0.003224 0.105271
v 1.120288 -0.003224 0.087507
v 1.132494 -0.003224 0.067588
v 1.141434 -0.003224 0.046005
v 1.146888 -0.003224 0.023289
v 1.148721 -0.003224 0.000000
v 1.073366 -0.003224 -0.011645
v 1.070640 -0.003224 -0.023002
v 1.066170 -0.003224 -0.033794
v 1.060067 -0.003224 -0.043753
v 1.052481 -0.003224 -0.052635
v 1.043599 -0.003224 -0.060221
v 1.033639 -0.003224 -0.066324
v 1.022848 -0.003224 -0.070794
v 1.011490 -0.003224 -0.073521
v 0.999845 -0.003224 -0.074438
v 0.988201 -0.003224 -0.073521
v 0.976843 -0.003224 -0.070794
v 0.966051 -0.003224 -0.066325
v 0.956092 -0.003224 -0.060221
v 0.947210 -0.003224 -0.052635
v 0.939624 -0.003224 -0.043753
v 0.933521 -0.003224 -0.033794
v 0.929051 -0.003224 -0.023002
v 0.926324 -0.003224 -0.011645
v 0.925407 -0.003224 0.000000
v 0.926324 -0.003224 0.011645
v 0.929051 -0.003224 0.023003
v 0.933521 -0.003224 0.033794
v 0.939624 -0.003224 0.043753
v 0.947210 -0.003224 0.052636
v 0.956092 -0.003224 0.060221
v 0.966051 -0.003224 0.066325
v 0.976843 -0.003224 0.070795
v 0.988200 -0.003224 0.073521
v 0.999845 -0.003224 0.074438
v 1.011490 -0.003224 0.073521
v 1.022848 -0.003224 0.070795
v 1.033639 -0.003224 0.066325
v 1.043599 -0.003224 0.060221
v 1.052481 -0.003224 0.052636
v 1.060067 -0.003224 0.043753
v 1.066170 -0.003224 0.033794
v 1.070640 -0.003224 0.023003
v 1.073366 -0.003224 0.011645
v 1.074283 -0.003224 0.000000
v 0.999845 -0.003224 0.000000
v 1.236993 0.063892 -0.037560
v 1.228198 0.063892 -0.074196
v 1.171110 0.063892 -0.055647
v 1.177706 0.063892 -0.028170
v 1.213780 0.063892 -0.109005
v 1.160296 0.063892 -0.081754
v 1.194094 0.063892 -0.141130
v 1.145532 0.063892 -0.105847
v 1.169625 0.063892 -0.169779
v 1.127180 0.063892 -0.127334
v 1.140975 0.063892 -0.194248
v 1.105692 0.063892 -0.145686
v 1.108850 0.063892 -0.213934
v 1.081599 0.063892 -0.160451
v 1.074041 0.063892 -0.228353
v 1.055492 0.063892 -0.171265
v 1.037406 0.063892 -0.237148
v 1.028016 0.063892 -0.177861
v 0.999845 0.063892 -0.240104
v 0.999845 0.063892 -0.180078
v 0.962285 0.063892 -0.237148
v 0.971675 0.063892 -0.177861
v 0.925649 0.063892 -0.228353
v 0.944198 0.063892 -0.171265
v 0.890840 0.063892 -0.213934
v 0.918091 0.063892 -0.160451
v 0.858715 0.063892 -0.194248
v 0.893998 0.063892 -0.145686
v 0.830066 0.063892 -0.169779
v 0.872511 0.063892 -0.127335
v 0.805597 0.063892 -0.141130
v 0.854159 0.063892 -0.105847
v 0.785911 0.063892 -0.109005
v 0.839394 0.063892 -0.081754
v 0.771492 0.063892 -0.074196
v 0.828581 0.063892 -0.055647
v 0.762697 0.063892 -0.037561
v 0.821984 0.063892 -0.028170
v 0.759741 0.063892 0.000000
v 0.819767 0.063892 0.000000
v 0.762697 0.063892 0.037561
v 0.821984 0.063892 0.028170
v 0.771492 0.063892 0.074196
v 0.828581 0.063892 0.055647
v 0.785911 0.063892 0.109005
v 0.839394 0.063892 0.081754
v 0.805597 0.063892 0.141130
v 0.854159 0.063892 0.105847
v 0.830066 0.063892 0.169779
v 0.872511 0.063892 0.127335
v 0.858715 0.063892 0.194248
v 0.893998 0.063892 0.145686
v 0.890840 0.063892 0.213934
v 0.918091 0.063892 0.160451
v 0.925649 0.063892 0.228353
v 0.944198 0.063892 0.171265
v 0.962284 0.063892 0.237148
v 0.971675 0.063892 0.177861
v 0.999845 0.063892 0.240104
v 0.999845 0.063892 0.180078
v 1.037406 0.063892 0.237148
v 1.028016 0.063892 0.177861
v 1.074041 0.063892 0.228353
v 1.055492 0.063892 0.171265
v 1.108850 0.063892 0.213934
v 1.081599 0.063892 0.160451
v 1.140975 0.063892 0.194248
v 1.105692 0.063892 0.145686
v 1.169624 0.063892 0.169779
v 1.127180 0.063892 0.127335
v 1.194093 0.063892 0.141130
v 1.145531 0.063892 0.105847
v 1.213780 0.063892 0.109005
v 1.160296 0.063892 0.081754
v 1.228198 0.063892 0.074196
v 1.171110 0.063892 0.055647
v 1.236993 0.063892 0.037561
v 1.177706 0.063892 0.028170
v 1.239949 0.063892 0.000000
v 1.179923 0.063892 0.000000
v 1.152719 0.316963 -0.024213
v 1.147049 0.316963 -0.047829
v 1.110248 0.316963 -0.035872
v 1.114500 0.316963 -0.018160
v 1.137755 0.316963 -0.070268
v 1.103277 0.316963 -0.052701
v 1.125064 0.316963 -0.090977
v 1.093760 0.316963 -0.068233
v 1.109291 0.316963 -0.109446
v 1.081929 0.316963 -0.082084
v 1.090822 0.316963 -0.125219
v 1.068078 0.316963 -0.093914
v 1.070114 0.316963 -0.137909
v 1.052546 0.316963 -0.103432
v 1.047675 0.316963 -0.147204
v 1.035717 0.316963 -0.110403
v 1.024058 0.316963 -0.152874
v 1.018005 0.316963 -0.114655
v 0.999845 0.316963 -0.154779
v 0.999845 0.316963 -0.116085
v 0.975632 0.316963 -0.152874
v 0.981685 0.316963 -0.114655
v 0.952016 0.316963 -0.147204
v 0.963973 0.316963 -0.110403
v 0.929577 0.316963 -0.137909
v 0.947144 0.316963 -0.103432
v 0.908868 0.316963 -0.125219
v 0.931612 0.316963 -0.093914
v 0.890400 0.316963 -0.109446
v 0.917761 0.316963 -0.082084
v 0.874626 0.316963 -0.090977
v 0.905931 0.316963 -0.068233
v 0.861936 0.316963 -0.070268
v 0.896413 0.316963 -0.052701
v 0.852641 0.316963 -0.047829
v 0.889442 0.316963 -0.035872
v 0.846971 0.316963 -0.024213
v 0.885190 0.316963 -0.018160
v 0.845066 0.316963 0.000000
v 0.883760 0.316963 0.000000
v 0.846971 0.316963 0.024213
v 0.885190 0.316963 0.018160
v 0.852641 0.316963 0.047829
v 0.889442 0.316963 0.035872
v 0.861936 0.316963 0.070268
v 0.896413 0.316963 0.052701
v 0.874626 0.316963 0.090977
v 0.905931 0.316963 0.068233
v 0.890399 0.316963 0.109446
v 0.917761 0.316963 0.082084
v 0.908868 0.316963 0.125219
v 0.931612 0.316963 0.093914
v 0.929577 0.316963 0.137909
v 0.947144 0.316963 0.103432
v 0.952016 0.316963 0.147204
v 0.963973 0.316963 0.110403
v 0.975632 0.316963 0.152874
v 0.981685 0.316963 0.114655
v 0.999845 0.316963 0.154779
v 0.999845 0.316963 0.116085
v 1.024058 0.316963 0.152874
v 1.018005 0.316963 0.114655
v 1.047675 0.316963 0.147204
v 1.035717 0.316963 0.110403
v 1.070114 0.316963 0.137910
v 1.052546 0.316963 0.103432
v 1.090822 0.316963 0.125219
v 1.068078 0.316963 0.093914
v 1.109291 0.316963 0.109446
v 1.081929 0.316963 0.082084
v 1.125064 0.316963 0.090977
v 1.093760 0.316963 0.068233
v 1.137755 0.316963 0.070268
v 1.103277 0.316963 0.052701
v 1.147049 0.316963 0.047830
v 1.110248 0.316963 0.035872
v 1.152719 0.316963 0.024213
v 1.114500 0.316963 0.018160
v 1.154624 0.316963 0.000000
v 1.115930 0.316963 0.000000
v 1.152719 0.331414 -0.024213
v 1.147049 0.331414 -0.047829
v 1.110248 0.331414 -0.035872
v 1.114500 0.331414 -0.018160
v 1.137755 0.331414 -0.070268
v 1.103277 0.331414 -0.052701
v 1.125064 0.331414 -0.090977
v 1.093760 0.331414 -0.068233
v 1.109291 0.331414 -0.109446
v 1.081929 0.331414 -0.082084
v 1.090822 0.331414 -0.125219
v 1.068078 0.331414 -0.093914
v 1.070114 0.331414 -0.137909
v 1.052546 0.331414 -0.103432
v 1.047675 0.331414 -0.147204
v 1.035717 0.331414 -0.110403
v 1.024058 0.331414 -0.152874
v 1.018005 0.331414 -0.114655
v 0.999845 0.331414 -0.154779
v 0.999845 0.331414 -0.116085
v 0.975632 0.331414 -0.152874
v 0.981685 0.331414 -0.114655
v 0.952016 0.331414 -0.147204
v 0.963973 0.331414 -0.110403
v 0.929577 0.331414 -0.137909
v 0.947144 0.331414 -0.103432
v 0.908868 0.331414 -0.125219
v 0.931612 0.331414 -0.093914
v 0.890400 0.331414 -0.109446
v 0.917761 0.331414 -0.082084
v 0.874626 0.331414 -0.090977
v 0.905931 0.331414 -0.068233
v 0.861936 0.331414 -0.070268
v 0.896413 0.331414 -0.052701
v 0.852641 0.331414 -0.047829
v 0.889442 0.331414 -0.035872
v 0.846971 0.331414 -0.024213
v 0.885190 0.331414 -0.018160
v 0.845066 0.331414 0.000000
v 0.883760 0.331414 0.000000
v 0.846971 0.331414 0.024213
v 0.885190 0.331414 0.018160
v 0.852641 0.331414 0.047829
v 0.889442 0.331414 0.035872
v 0.861936 0.331414 0.070268
v 0.896413 0.331414 0.052701
v 0.874626 0.331414 0.090977
v 0.905931 0.331414 0.068233
v 0.890399 0.331414 0.109446
v 0.917761 0.331414 0.082084
v 0.908868 0.331414 0.125219
v 0.931612 0.331414 0.093914
v 0.929577 0.331414 0.137909
v 0.947144 0.331414 0.103432
v 0.952016 0.331414 0.147204
v 0.963973 0.331414 0.110403
v 0.975632 0.331414 0.152874
v 0.981685 0.331414 0.114655
v 0.999845 0.331414 0.154779
v 0.999845 0.331414 0.116085
v 1.024058 0.331414 0.152874
v 1.018005 0.331414 0.114655
v 1.047675 0.331414 0.147204
v 1.035717 0.331414 0.110403
v 1.070114 0.331414 0.137910
v 1.052546 0.331414 0.103432
v 1.090822 0.331414 0.125219
v 1.068078 0.331414 0.093914
v 1.109291 0.331414 0.109446
v 1.081929 0.331414 0.082084
v 1.125064 0.331414 0.090977
v 1.093760 0.331414 0.068233
v 1.137755 0.331414 0.070268
v 1.103277 0.331414 0.052701
v 1.147049 0.331414 0.047830
v 1.110248 0.331414 0.035872
v 1.152719 0.331414 0.024213
v 1.114500 0.331414 0.018160
v 1.154624 0.331414 0.000000
v 1.115930 0.331414 0.000000
v 1.053004 0.316963 -0.008420
v 1.051032 0.316963 -0.016632
v 1.053004 0.331414 -0.008420
v 1.051032 0.331414 -0.016632
v 1.047800 0.316963 -0.024434
v 1.047800 0.331414 -0.024434
v 1.043388 0.316963 -0.031635
v 1.043388 0.331414 -0.031635
v 1.037903 0.316963 -0.038058
v 1.037903 0.331414 -0.038058
v 1.031481 0.316963 -0.043543
v 1.031481 0.331414 -0.043543
v 1.024280 0.316963 -0.047955
v 1.024280 0.331414 -0.047955
v 1.016477 0.316963 -0.051187
v 1.016477 0.331414 -0.051187
v 1.008265 0.316963 -0.053159
v 1.008265 0.331414 -0.053159
v 0.999845 0.316963 -0.053822
v 0.999845 0.331414 -0.053822
v 0.991426 0.316963 -0.053159
v 0.991426 0.331414 -0.053159
v 0.983213 0.316963 -0.051187
v 0.983213 0.331414 -0.051187
v 0.975411 0.316963 -0.047955
v 0.975411 0.331414 -0.047955
v 0.968210 0.316963 -0.043543
v 0.968210 0.331414 -0.043543
v 0.961787 0.316963 -0.038058
v 0.961787 0.331414 -0.038058
v 0.956303 0.316963 -0.031636
v 0.956303 0.331414 -0.031636
v 0.951890 0.316963 -0.024434
v 0.951890 0.331414 -0.024434
v 0.948658 0.316963 -0.016632
v 0.948658 0.331414 -0.016632
v 0.946686 0.316963 -0.008420
v 0.946686 0.331414 -0.008420
v 0.946024 0.316963 0.000000
v 0.946024 0.331414 0.000000
v 0.946686 0.316963 0.008420
v 0.946686 0.331414 0.008420
v 0.948658 0.316963 0.016632
v 0.948658 0.331414 0.016632
v 0.951890 0.316963 0.024434
v 0.951890 0.331414 0.024434
v 0.956303 0.316963 0.031636
v 0.956303 0.331414 0.031636
v 0.961787 0.316963 0.038058
v 0.961787 0.331414 0.038058
v 0.968210 0.316963 0.043543
v 0.968210 0.331414 0.043543
v 0.975411 0.316963 0.047955
v 0.975411 0.331414 0.047955
v 0.983213 0.316963 0.051187
v 0.983213 0.331414 0.051187
v 0.991426 0.316963 0.053159
v 0.991426 0.331414 0.053159
v 0.999845 0.316963 0.053822
v 0.999845 0.331414 0.053822
v 1.008265 0.316963 0.053159
v 1.008265 0.331414 0.053159
v 1.016477 0.316963 0.051187
v 1.016477 0.331414 0.051187
v 1.024280 0.316963 0.047955
v 1.024280 0.331414 0.047955
v 1.031481 0.316963 0.043543
v 1.031481 0.331414 0.043543
v 1.037903 0.316963 0.038058
v 1.037903 0.331414 0.038058
v 1.043388 0.316963 0.031636
v 1.043388 0.331414 0.031636
v 1.047800 0.316963 0.024434
v 1.047800 0.331414 0.024434
v 1.051032 0.316963 0.016632
v 1.051032 0.331414 0.016632
v 1.053004 0.316963 0.008420
v 1.053004 0.331414 0.008420
v 1.053667 0.316963 0.000000
v 1.053667 0.331414 0.000000
v 1.073366 -0.520736 -0.011645
v 1.070640 -0.520736 -0.023002
v 1.066170 -0.520736 -0.033794
v 1.060067 -0.520736 -0.043753
v 1.052481 -0.520736 -0.052635
v 1.043599 -0.520736 -0.060221
v 1.033639 -0.520736 -0.066324
v 1.022848 -0.520736 -0.070794
v 1.011490 -0.520736 -0.073521
v 0.999845 -0.520736 -0.074438
v 0.988201 -0.520736 -0.073521
v 0.976843 -0.520736 -0.070794
v 0.966051 -0.520736 -0.066325
v 0.956092 -0.520736 -0.060221
v 0.947210 -0.520736 -0.052635
v 0.939624 -0.520736 -0.043753
v 0.933521 -0.520736 -0.033794
v 0.929051 -0.520736 -0.023002
v 0.926324 -0.520736 -0.011645
v 0.925407 -0.520736 0.000000
v 0.926324 -0.520736 0.011645
v 0.929051 -0.520736 0.023003
v 0.933521 -0.520736 0.033794
v 0.939624 -0.520736 0.043753
v 0.947210 -0.520736 0.052636
v 0.956092 -0.520736 0.060221
v 0.966051 -0.520736 0.066325
v 0.976843 -0.520736 0.070795
v 0.988200 -0.520736 0.073521
v 0.999845 -0.520736 0.074438
v 1.011490 -0.520736 0.073521
v 1.022848 -0.520736 0.070795
v 1.033639 -0.520736 0.066325
v 1.043599 -0.520736 0.060221
v 1.052481 -0.520736 0.052636
v 1.060067 -0.520736 0.043753
v 1.066170 -0.520736 0.033794
v 1.070640 -0.520736 0.023003
v 1.073366 -0.520736 0.011645
v 1.074283 -0.520736 0.000000
v 1.045235 -0.598960 -0.007189
v 1.043551 -0.598960 -0.014201
v 0.999845 -0.598960 0.000000
v 1.040792 -0.598960 -0.020863
v 1.037024 -0.598960 -0.027012
v 1.032340 -0.598960 -0.032495
v 1.026857 -0.598960 -0.037179
v 1.020708 -0.598960 -0.040946
v 1.014046 -0.598960 -0.043706
v 1.007034 -0.598960 -0.045389
v 0.999845 -0.598960 -0.045955
v 0.992656 -0.598960 -0.045389
v 0.985644 -0.598960 -0.043706
v 0.978982 -0.598960 -0.040946
v 0.972833 -0.598960 -0.037179
v 0.967350 -0.598960 -0.032495
v 0.962667 -0.598960 -0.027012
v 0.958899 -0.598960 -0.020863
v 0.956139 -0.598960 -0.014201
v 0.954456 -0.598960 -0.007189
v 0.953890 -0.598960 0.000000
v 0.954456 -0.598960 0.007189
v 0.956139 -0.598960 0.014201
v 0.958899 -0.598960 0.020863
v 0.962667 -0.598960 0.027012
v 0.967350 -0.598960 0.032495
v 0.972833 -0.598960 0.037179
v 0.978982 -0.598960 0.040946
v 0.985644 -0.598960 0.043706
v 0.992656 -0.598960 0.045390
v 0.999845 -0.598960 0.045955
v 1.007034 -0.598960 0.045390
v 1.014046 -0.598960 0.043706
v 1.020708 -0.598960 0.040946
v 1.026857 -0.598960 0.037179
v 1.032340 -0.598960 0.032495
v 1.037024 -0.598960 0.027012
v 1.040791 -0.598960 0.020863
v 1.043551 -0.598960 0.014201
v 1.045235 -0.598960 0.007189
v 1.045800 -0.598960 0.000000
v 0.989688 0.298219 0.018753
v 0.988816 0.298219 0.017659
v 0.987555 0.298219 0.017051
v 0.986155 0.298219 0.017051
v 0.984895 0.298219 0.017659
v 0.984022 0.298219 0.018753
v 0.983711 0.298219 0.020117
v 0.984022 0.298219 0.021481
v 0.984895 0.298219 0.022576
v 0.986155 0.298219 0.023183
v 0.987555 0.298219 0.023183
v 0.988816 0.298219 0.022576
v 0.989688 0.298219 0.021481
v 0.990000 0.298219 0.020117
v 0.989688 0.392731 0.018753
v 0.988816 0.392731 0.017659
v 0.987555 0.392731 0.017051
v 0.986155 0.392731 0.017051
v 0.984895 0.392731 0.017659
v 0.984022 0.392731 0.018753
v 0.983711 0.392731 0.020117
v 0.984022 0.392731 0.021481
v 0.984895 0.392731 0.022576
v 0.986155 0.392731 0.023183
v 0.987555 0.392731 0.023183
v 0.988816 0.392731 0.022576
v 0.989688 0.392731 0.021481
v 0.990000 0.392731 0.020117
v 0.986855 0.298219 0.020117
v 0.975009 0.412736 0.018753
v 0.974137 0.412736 0.017659
v 0.972876 0.412736 0.017051
v 0.971477 0.412736 0.017051
v 0.970216 0.412736 0.017659
v 0.969343 0.412736 0.018753
v 0.969032 0.412736 0.020117
v 0.969343 0.412736 0.021481
v 0.970216 0.412736 0.022576
v 0.971477 0.412736 0.023183
v 0.972876 0.412736 0.023183
v 0.974137 0.412736 0.022576
v 0.975009 0.412736 0.021481
v 0.975321 0.412736 0.020117
v 0.975009 0.427738 0.005275
v 0.974137 0.427738 0.004181
v 0.972876 0.427738 0.003574
v 0.971477 0.427738 0.003574
v 0.970216 0.427738 0.004181
v 0.969343 0.427738 0.005275
v 0.969032 0.427738 0.006640
v 0.969343 0.427738 0.008004
v 0.970216 0.427738 0.009098
v 0.971477 0.427738 0.009705
v 0.972876 0.427738 0.009705
v 0.974137 0.427738 0.009098
v 0.975009 0.427738 0.008004
v 0.975321 0.427738 0.006640
v 0.987356 0.440080 0.005275
v 0.986483 0.440080 0.004181
v 0.985222 0.440080 0.003574
v 0.983823 0.440080 0.003574
v 0.982562 0.440080 0.004181
v 0.981690 0.440080 0.005275
v 0.981378 0.440080 0.006640
v 0.981690 0.440080 0.008004
v 0.982562 0.440080 0.009098
v 0.983823 0.440080 0.009705
v 0.985222 0.440080 0.009705
v 0.986483 0.440080 0.009098
v 0.987356 0.440080 0.008004
v 0.987667 0.440080 0.006640
v 0.987356 0.459600 0.020708
v 0.986483 0.459600 0.019614
v 0.985222 0.459600 0.019007
v 0.983823 0.459600 0.019007
v 0.982562 0.459600 0.019614
v 0.981690 0.459600 0.020708
v 0.981378 0.459600 0.022073
v 0.981690 0.459600 0.023437
v 0.982562 0.459600 0.024531
v 0.983823 0.459600 0.025138
v 0.985222 0.459600 0.025138
v 0.986483 0.459600 0.024531
v 0.987356 0.459600 0.023437
v 0.987667 0.459600 0.022073
v 0.970453 0.473512 0.020708
v 0.969580 0.473512 0.019614
v 0.968319 0.473512 0.019007
v 0.966920 0.473512 0.019007
v 0.965659 0.473512 0.019614
v 0.964787 0.473512 0.020708
v 0.964475 0.473512 0.022073
v 0.964787 0.473512 0.023437
v 0.965659 0.473512 0.024531
v 0.966920 0.473512 0.025138
v 0.968319 0.473512 0.025138
v 0.969580 0.473512 0.024531
v 0.970453 0.473512 0.023437
v 0.970764 0.473512 0.022073
v 0.970453 0.490819 0.003371
v 0.969580 0.490819 0.002277
v 0.968319 0.490819 0.001670
v 0.966920 0.490819 0.001670
v 0.965659 0.490819 0.002277
v 0.964787 0.490819 0.003371
v 0.964475 0.490819 0.004735
v 0.964787 0.490819 0.006100
v 0.965659 0.490819 0.007194
v 0.966920 0.490819 0.007801
v 0.968319 0.490819 0.007801
v 0.969580 0.490819 0.007194
v 0.970453 0.490819 0.006100
v 0.970764 0.490819 0.004735
v 0.994362 0.510901 0.003371
v 0.993490 0.510901 0.002277
v 0.992229 0.510901 0.001670
v 0.990830 0.510901 0.001670
v 0.989569 0.510901 0.002277
v 0.988696 0.510901 0.003371
v 0.988385 0.510901 0.004735
v 0.988696 0.510901 0.006100
v 0.989569 0.510901 0.007194
v 0.990830 0.510901 0.007801
v 0.992229 0.510901 0.007801
v 0.993490 0.510901 0.007194
v 0.994362 0.510901 0.006100
v 0.994674 0.510901 0.004735
v 0.994362 0.519903 0.003371
v 0.993490 0.519903 0.002277
v 0.992229 0.519903 0.001670
v 0.990830 0.519903 0.001670
v 0.989569 0.519903 0.002277
v 0.988696 0.519903 0.003371
v 0.988385 0.519903 0.004735
v 0.988696 0.519903 0.006100
v 0.989569 0.519903 0.007194
v 0.990830 0.519903 0.007801
v 0.992229 0.519903 0.007801
v 0.993490 0.519903 0.007194
v 0.994362 0.519903 0.006100
v 0.994674 0.519903 0.004735
v 0.982175 0.540489 0.015299
v 0.981303 0.540489 0.014205
v 0.980042 0.540489 0.013598
v 0.978643 0.540489 0.013598
v 0.977382 0.540489 0.014205
v 0.976509 0.540489 0.015299
v 0.976198 0.540489 0.016663
v 0.976509 0.540489 0.018028
v 0.977382 0.540489 0.019122
v 0.978643 0.540489 0.019729
v 0.980042 0.540489 0.019729
v 0.981303 0.540489 0.019122
v 0.982175 0.540489 0.018028
v 0.982487 0.540489 0.016663
v 0.982175 0.546734 0.015299
v 0.981303 0.546734 0.014205
v 0.979342 0.546734 0.016663
v 0.980042 0.546734 0.013598
v 0.978643 0.546734 0.013598
v 0.977382 0.546734 0.014205
v 0.976509 0.546734 0.015299
v 0.976198 0.546734 0.016663
v 0.976509 0.546734 0.018028
v 0.977382 0.546734 0.019122
v 0.978643 0.546734 0.019729
v 0.980042 0.546734 0.019729
v 0.981303 0.546734 0.019122
v 0.982175 0.546734 0.018028
v 0.982487 0.546734 0.016663
v 1.009490 0.271466 -0.014117
v 1.008211 0.271466 -0.014685
v 1.006812 0.271466 -0.014643
v 1.005571 0.271466 -0.013998
v 1.004732 0.271466 -0.012878
v 1.004462 0.271466 -0.011505
v 1.004814 0.271466 -0.010150
v 1.005720 0.271466 -0.009083
v 1.006998 0.271466 -0.008514
v 1.008397 0.271466 -0.008557
v 1.009639 0.271466 -0.009202
v 1.010478 0.271466 -0.010322
v 1.010748 0.271466 -0.011695
v 1.010395 0.271466 -0.013050
v 1.009490 0.396014 -0.014117
v 1.008211 0.396014 -0.014685
v 1.006812 0.396014 -0.014643
v 1.005571 0.396014 -0.013998
v 1.004732 0.396014 -0.012878
v 1.004462 0.396014 -0.011505
v 1.004814 0.396014 -0.010150
v 1.005720 0.396014 -0.009083
v 1.006998 0.396014 -0.008514
v 1.008397 0.396014 -0.008557
v 1.009639 0.396014 -0.009202
v 1.010478 0.396014 -0.010322
v 1.010748 0.396014 -0.011695
v 1.010395 0.396014 -0.013050
v 1.007605 0.271466 -0.011600
v 0.996464 0.422376 -0.007350
v 0.995185 0.422376 -0.007918
v 0.993786 0.422376 -0.007876
v 0.992545 0.422376 -0.007231
v 0.991706 0.422376 -0.006111
v 0.991436 0.422376 -0.004737
v 0.991789 0.422376 -0.003383
v 0.992694 0.422376 -0.002316
v 0.993972 0.422376 -0.001747
v 0.995371 0.422376 -0.001790
v 0.996613 0.422376 -0.002435
v 0.997452 0.422376 -0.003555
v 0.997722 0.422376 -0.004928
v 0.997369 0.422376 -0.006282
v 0.990251 0.442146 -0.019310
v 0.988972 0.442146 -0.019878
v 0.987573 0.442146 -0.019836
v 0.986331 0.442146 -0.019191
v 0.985492 0.442146 -0.018071
v 0.985223 0.442146 -0.016697
v 0.985575 0.442146 -0.015343
v 0.986480 0.442146 -0.014276
v 0.987759 0.442146 -0.013707
v 0.989158 0.442146 -0.013750
v 0.990400 0.442146 -0.014395
v 0.991239 0.442146 -0.015515
v 0.991509 0.442146 -0.016888
v 0.991156 0.442146 -0.018242
v 1.001207 0.458411 -0.025001
v 0.999928 0.458411 -0.025570
v 0.998529 0.458411 -0.025528
v 0.997288 0.458411 -0.024882
v 0.996449 0.458411 -0.023762
v 0.996179 0.458411 -0.022389
v 0.996531 0.458411 -0.021035
v 0.997437 0.458411 -0.019968
v 0.998715 0.458411 -0.019399
v 1.000114 0.458411 -0.019442
v 1.001356 0.458411 -0.020087
v 1.002195 0.458411 -0.021207
v 1.002465 0.458411 -0.022580
v 1.002112 0.458411 -0.023934
v 1.008322 0.484134 -0.011306
v 1.007043 0.484134 -0.011875
v 1.005644 0.484134 -0.011832
v 1.004402 0.484134 -0.011187
v 1.003563 0.484134 -0.010067
v 1.003294 0.484134 -0.008694
v 1.003646 0.484134 -0.007340
v 1.004552 0.484134 -0.006272
v 1.005830 0.484134 -0.005704
v 1.007229 0.484134 -0.005746
v 1.008471 0.484134 -0.006391
v 1.009310 0.484134 -0.007511
v 1.009580 0.484134 -0.008884
v 1.009227 0.484134 -0.010239
v 0.993322 0.502467 -0.003513
v 0.992043 0.502467 -0.004082
v 0.990645 0.502467 -0.004040
v 0.989403 0.502467 -0.003395
v 0.988564 0.502467 -0.002274
v 0.988294 0.502467 -0.000901
v 0.988647 0.502467 0.000453
v 0.989552 0.502467 0.001520
v 0.990830 0.502467 0.002089
v 0.992229 0.502467 0.002046
v 0.993471 0.502467 0.001401
v 0.994310 0.502467 0.000281
v 0.994580 0.502467 -0.001092
v 0.994227 0.502467 -0.002446
v 0.985329 0.525276 -0.018899
v 0.984051 0.525276 -0.019467
v 0.982652 0.525276 -0.019425
v 0.981410 0.525276 -0.018780
v 0.980571 0.525276 -0.017660
v 0.980301 0.525276 -0.016286
v 0.980654 0.525276 -0.014932
v 0.981559 0.525276 -0.013865
v 0.982838 0.525276 -0.013296
v 0.984237 0.525276 -0.013339
v 0.985478 0.525276 -0.013984
v 0.986317 0.525276 -0.015104
v 0.986587 0.525276 -0.016477
v 0.986235 0.525276 -0.017832
v 1.006547 0.551739 -0.029921
v 1.005268 0.551739 -0.030490
v 1.003869 0.551739 -0.030447
v 1.002627 0.551739 -0.029802
v 1.001788 0.551739 -0.028682
v 1.001518 0.551739 -0.027309
v 1.001871 0.551739 -0.025955
v 1.002776 0.551739 -0.024888
v 1.004055 0.551739 -0.024319
v 1.005454 0.551739 -0.024361
v 1.006696 0.551739 -0.025007
v 1.007535 0.551739 -0.026127
v 1.007805 0.551739 -0.027500
v 1.007452 0.551739 -0.028854
v 1.006547 0.563600 -0.029921
v 1.005268 0.563600 -0.030490
v 1.003869 0.563600 -0.030447
v 1.002627 0.563600 -0.029802
v 1.001788 0.563600 -0.028682
v 1.001518 0.563600 -0.027309
v 1.001871 0.563600 -0.025955
v 1.002776 0.563600 -0.024888
v 1.004055 0.563600 -0.024319
v 1.005454 0.563600 -0.024361
v 1.006696 0.563600 -0.025007
v 1.007535 0.563600 -0.026127
v 1.007805 0.563600 -0.027500
v 1.007452 0.563600 -0.028854
v 1.001231 0.590728 -0.013718
v 0.999952 0.590728 -0.014287
v 0.998553 0.590728 -0.014244
v 0.997312 0.590728 -0.013599
v 0.996473 0.590728 -0.012479
v 0.996203 0.590728 -0.011106
v 0.996555 0.590728 -0.009752
v 0.997461 0.590728 -0.008684
v 0.998739 0.590728 -0.008116
v 1.000138 0.590728 -0.008158
v 1.001380 0.590728 -0.008803
v 1.002219 0.590728 -0.009923
v 1.002489 0.590728 -0.011297
v 1.002136 0.590728 -0.012651
v 1.001231 0.598960 -0.013718
v 0.999952 0.598960 -0.014287
v 0.999346 0.598960 -0.011201
v 0.998553 0.598960 -0.014244
v 0.997312 0.598960 -0.013599
v 0.996473 0.598960 -0.012479
v 0.996203 0.598960 -0.011106
v 0.996555 0.598960 -0.009752
v 0.997461 0.598960 -0.008684
v 0.998739 0.598960 -0.008116
v 1.000138 0.598960 -0.008158
v 1.001380 0.598960 -0.008803
v 1.002219 0.598960 -0.009923
v 1.002489 0.598960 -0.011297
v 1.002136 0.598960 -0.012651
v 1.033777 0.211199 0.008597
v 1.032498 0.211199 0.008029
v 1.031099 0.211199 0.008071
v 1.029857 0.211199 0.008716
v 1.029018 0.211199 0.009836
v 1.028748 0.211199 0.011209
v 1.029101 0.211199 0.012564
v 1.030006 0.211199 0.013631
v 1.031285 0.211199 0.014199
v 1.032684 0.211199 0.014157
v 1.033926 0.211199 0.013512
v 1.034765 0.211199 0.012392
v 1.035035 0.211199 0.011019
v 1.034682 0.211199 0.009664
v 1.033777 0.335748 0.008597
v 1.032498 0.335748 0.008029
v 1.031099 0.335748 0.008071
v 1.029857 0.335748 0.008716
v 1.029018 0.335748 0.009836
v 1.028748 0.335748 0.011209
v 1.029101 0.335748 0.012564
v 1.030006 0.335748 0.013631
v 1.031285 0.335748 0.014199
v 1.032684 0.335748 0.014157
v 1.033926 0.335748 0.013512
v 1.034765 0.335748 0.012392
v 1.035035 0.335748 0.011019
v 1.034682 0.335748 0.009664
v 1.031892 0.211199 0.011114
v 1.020751 0.362111 0.015364
v 1.019472 0.362111 0.014796
v 1.018073 0.362111 0.014838
v 1.016831 0.362111 0.015483
v 1.015992 0.362111 0.016603
v 1.015722 0.362111 0.017976
v 1.016075 0.362111 0.019331
v 1.016981 0.362111 0.020398
v 1.018259 0.362111 0.020967
v 1.019658 0.362111 0.020924
v 1.020900 0.362111 0.020279
v 1.021739 0.362111 0.019159
v 1.022009 0.362111 0.017786
v 1.021656 0.362111 0.016431
v 1.014538 0.381880 0.003404
v 1.013259 0.381880 0.002836
v 1.011860 0.381880 0.002878
v 1.010618 0.381880 0.003523
v 1.009779 0.381880 0.004643
v 1.009509 0.381880 0.006017
v 1.009862 0.381880 0.007371
v 1.010767 0.381880 0.008438
v 1.012046 0.381880 0.009007
v 1.013445 0.381880 0.008964
v 1.014687 0.381880 0.008319
v 1.015526 0.381880 0.007199
v 1.015795 0.381880 0.005826
v 1.015443 0.381880 0.004471
v 1.025494 0.398145 -0.002287
v 1.024215 0.398145 -0.002856
v 1.022816 0.398145 -0.002814
v 1.021574 0.398145 -0.002169
v 1.020735 0.398145 -0.001048
v 1.020465 0.398145 0.000325
v 1.020818 0.398145 0.001679
v 1.021723 0.398145 0.002746
v 1.023002 0.398145 0.003315
v 1.024401 0.398145 0.003272
v 1.025643 0.398145 0.002627
v 1.026482 0.398145 0.001507
v 1.026752 0.398145 0.000134
v 1.026399 0.398145 -0.001220
v 1.032609 0.423868 0.011408
v 1.031330 0.423868 0.010839
v 1.029931 0.423868 0.010882
v 1.028689 0.423868 0.011527
v 1.027850 0.423868 0.012647
v 1.027580 0.423868 0.014020
v 1.027933 0.423868 0.015374
v 1.028838 0.423868 0.016442
v 1.030117 0.423868 0.017010
v 1.031516 0.423868 0.016968
v 1.032758 0.423868 0.016323
v 1.033597 0.423868 0.015203
v 1.033866 0.423868 0.013829
v 1.033514 0.423868 0.012475
v 1.017609 0.442202 0.019200
v 1.016330 0.442202 0.018632
v 1.014931 0.442202 0.018674
v 1.013689 0.442202 0.019319
v 1.012850 0.442202 0.020439
v 1.012581 0.442202 0.021813
v 1.012933 0.442202 0.023167
v 1.013839 0.442202 0.024234
v 1.015117 0.442202 0.024803
v 1.016516 0.442202 0.024760
v 1.017758 0.442202 0.024115
v 1.018597 0.442202 0.022995
v 1.018867 0.442202 0.021622
v 1.018514 0.442202 0.020268
v 1.009616 0.465009 0.003815
v 1.008337 0.465009 0.003247
v 1.006939 0.465009 0.003289
v 1.005697 0.465009 0.003934
v 1.004858 0.465009 0.005054
v 1.004588 0.465009 0.006427
v 1.004941 0.465009 0.007782
v 1.005846 0.465009 0.008849
v 1.007125 0.465009 0.009418
v 1.008523 0.465009 0.009375
v 1.009765 0.465009 0.008730
v 1.010604 0.465009 0.007610
v 1.010874 0.465009 0.006237
v 1.010521 0.465009 0.004882
v 1.030833 0.491473 -0.007207
v 1.029555 0.491473 -0.007776
v 1.028156 0.491473 -0.007733
v 1.026914 0.491473 -0.007088
v 1.026075 0.491473 -0.005968
v 1.025805 0.491473 -0.004595
v 1.026158 0.491473 -0.003241
v 1.027063 0.491473 -0.002174
v 1.028342 0.491473 -0.001605
v 1.029741 0.491473 -0.001647
v 1.030982 0.491473 -0.002293
v 1.031822 0.491473 -0.003413
v 1.032091 0.491473 -0.004786
v 1.031739 0.491473 -0.006140
v 1.030833 0.503334 -0.007207
v 1.029555 0.503334 -0.007776
v 1.028156 0.503334 -0.007733
v 1.026914 0.503334 -0.007088
v 1.026075 0.503334 -0.005968
v 1.025805 0.503334 -0.004595
v 1.026158 0.503334 -0.003241
v 1.027063 0.503334 -0.002174
v 1.028342 0.503334 -0.001605
v 1.029741 0.503334 -0.001647
v 1.030982 0.503334 -0.002293
v 1.031822 0.503334 -0.003413
v 1.032091 0.503334 -0.004786
v 1.031739 0.503334 -0.006140
v 1.025518 0.530463 0.008996
v 1.024239 0.530463 0.008427
v 1.022840 0.530463 0.008470
v 1.021598 0.530463 0.009115
v 1.020759 0.530463 0.010235
v 1.020489 0.530463 0.011608
v 1.020842 0.530463 0.012962
v 1.021747 0.530463 0.014029
v 1.023026 0.530463 0.014598
v 1.024425 0.530463 0.014556
v 1.025667 0.530463 0.013911
v 1.026506 0.530463 0.012790
v 1.026776 0.530463 0.011417
v 1.026423 0.530463 0.010063
v 1.025518 0.538693 0.008996
v 1.024239 0.538693 0.008427
v 1.023633 0.538693 0.011513
v 1.022840 0.538693 0.008470
v 1.021598 0.538693 0.009115
v 1.020759 0.538693 0.010235
v 1.020489 0.538693 0.011608
v 1.020842 0.538693 0.012962
v 1.021747 0.538693 0.014029
v 1.023026 0.538693 0.014598
v 1.024425 0.538693 0.014556
v 1.025667 0.538693 0.013911
v 1.026506 0.538693 0.012790
v 1.026776 0.538693 0.011417
v 1.026423 0.538693 0.010063
v 1.118000 0.307087 -0.056900
v 1.081611 0.307087 -0.102531
v 1.029027 0.307087 -0.127854
v 0.970663 0.307087 -0.127854
v 0.918079 0.307087 -0.102531
v 0.881690 0.307087 -0.056901
v 0.868703 0.307087 0.000000
v 0.881690 0.307087 0.056900
v 0.918079 0.307087 0.102531
v 0.970663 0.307087 0.127854
v 1.029027 0.307087 0.127854
v 1.081611 0.307087 0.102531
v 1.118000 0.307087 0.056901
v 1.130987 0.307087 0.000000
v 1.118000 0.325164 -0.056900
v 1.081611 0.325164 -0.102531
v 1.029027 0.325164 -0.127854
v 0.970663 0.325164 -0.127854
v 0.918079 0.325164 -0.102531
v 0.881690 0.325164 -0.056901
v 0.868703 0.325164 0.000000
v 0.881690 0.325164 0.056900
v 0.918079 0.325164 0.102531
v 0.970663 0.325164 0.127854
v 1.029027 0.325164 0.127854
v 1.081611 0.325164 0.102531
v 1.118000 0.325164 0.056901
v 1.130987 0.325164 0.000000
v 0.999845 0.307087 0.000000
v 0.999845 0.325164 0.000000
v 1.026823 0.728095 -0.037535
v 1.014028 0.728095 -0.044054
v 0.956195 0.728094 0.013779
v 0.962714 0.728095 0.026574
v 1.026823 0.728095 0.036728
v 1.036976 0.728095 0.026574
v 1.043496 0.728095 0.013779
v 1.045742 0.728095 -0.000403
v 0.999845 0.746425 -0.023638
v 0.992665 0.746425 -0.022501
v 0.986188 0.746425 -0.019200
v 0.981048 0.746425 -0.014060
v 0.977748 0.746425 -0.007583
v 0.976611 0.746425 -0.000403
v 1.007025 0.746425 0.021694
v 1.013502 0.746425 0.018394
v 1.018642 0.746425 0.013253
v 1.021942 0.746425 0.006776
v 1.023079 0.746425 -0.000403
v 0.999845 0.752587 -0.000403
vt 0.408615 0.431476
vt 0.404507 0.428236
vt 0.412647 0.420515
vt 0.417941 0.425716
vt 0.399576 0.425169
vt 0.406445 0.416058
vt 0.393861 0.422401
vt 0.399474 0.412299
vt 0.387451 0.420030
vt 0.391854 0.409223
vt 0.380460 0.418123
vt 0.383709 0.406828
vt 0.373025 0.416730
vt 0.375167 0.405116
vt 0.365292 0.415880
vt 0.366359 0.404086
vt 0.357410 0.415591
vt 0.357418 0.403739
vt 0.349527 0.415869
vt 0.348477 0.404074
vt 0.341793 0.416708
vt 0.339667 0.405092
vt 0.334356 0.418091
vt 0.331122 0.406793
vt 0.327365 0.419989
vt 0.322975 0.409176
vt 0.320955 0.422351
vt 0.315353 0.412243
vt 0.315239 0.425111
vt 0.308380 0.415995
vt 0.310308 0.428171
vt 0.302174 0.420446
vt 0.306200 0.431404
vt 0.296877 0.425642
vt 0.302858 0.434659
vt 0.292744 0.431697
vt 0.299860 0.437992
vt 0.290673 0.438807
vt 0.572934 0.779579
vt 0.575937 0.782916
vt 0.565827 0.785889
vt 0.563751 0.778781
vt 0.579282 0.786175
vt 0.569960 0.791942
vt 0.583391 0.789412
vt 0.575258 0.797140
vt 0.588325 0.792476
vt 0.581463 0.801592
vt 0.594042 0.795240
vt 0.588436 0.805347
vt 0.600453 0.797608
vt 0.596058 0.808418
vt 0.607445 0.799509
vt 0.604205 0.810808
vt 0.614883 0.800898
vt 0.612750 0.812515
vt 0.622617 0.801743
vt 0.621559 0.813539
vt 0.630500 0.802027
vt 0.630501 0.813880
vt 0.638382 0.801744
vt 0.639442 0.813540
vt 0.646115 0.800900
vt 0.648250 0.812516
vt 0.653550 0.799512
vt 0.656792 0.810809
vt 0.660539 0.797611
vt 0.664937 0.808420
vt 0.666948 0.795245
vt 0.672556 0.805349
vt 0.672662 0.792482
vt 0.679528 0.801594
vt 0.677592 0.789419
vt 0.685730 0.797140
vt 0.681697 0.786184
vt 0.691024 0.791940
vt 0.685037 0.782927
vt 0.695153 0.785883
vt 0.688034 0.779592
vt 0.697220 0.778772
vt 0.414958 0.438079
vt 0.411958 0.434739
vt 0.422069 0.431773
vt 0.424140 0.438882
vt 0.431970 0.405565
vt 0.439216 0.414299
vt 0.423348 0.398116
vt 0.413672 0.391953
vt 0.403214 0.387037
vt 0.392196 0.383308
vt 0.380801 0.380702
vt 0.369172 0.379161
vt 0.357433 0.378647
vt 0.345694 0.379146
vt 0.334063 0.380672
vt 0.322663 0.383264
vt 0.311641 0.386979
vt 0.301177 0.391884
vt 0.291495 0.398038
vt 0.282865 0.405480
vt 0.275612 0.414208
vt 0.270134 0.424160
vt 0.266828 0.435094
vt 0.543216 0.793424
vt 0.539910 0.782490
vt 0.548693 0.803375
vt 0.555945 0.812104
vt 0.564574 0.819547
vt 0.574254 0.825704
vt 0.584715 0.830613
vt 0.595736 0.834334
vt 0.607135 0.836933
vt 0.618765 0.838467
vt 0.630504 0.838972
vt 0.642243 0.838466
vt 0.653873 0.836932
vt 0.665269 0.834332
vt 0.676288 0.830609
vt 0.686748 0.825698
vt 0.696425 0.819538
vt 0.705050 0.812091
vt 0.712297 0.803360
vt 0.717768 0.793406
vt 0.721066 0.782470
vt 0.444686 0.424253
vt 0.447983 0.435190
vt 0.450747 0.389962
vt 0.460054 0.401851
vt 0.439713 0.379819
vt 0.427400 0.371473
vt 0.414195 0.364877
vt 0.400404 0.359922
vt 0.386250 0.356489
vt 0.371894 0.354474
vt 0.357448 0.353804
vt 0.343000 0.354455
vt 0.328640 0.356453
vt 0.314482 0.359869
vt 0.300684 0.364809
vt 0.287471 0.371392
vt 0.275147 0.379726
vt 0.264103 0.389860
vt 0.254786 0.401742
vt 0.247631 0.415159
vt 0.242899 0.429696
vt 0.520712 0.802420
vt 0.515980 0.787882
vt 0.527864 0.815837
vt 0.537179 0.827719
vt 0.548221 0.837855
vt 0.560540 0.846192
vt 0.573750 0.852781
vt 0.587545 0.857727
vt 0.601701 0.861149
vt 0.616059 0.863155
vt 0.630506 0.863816
vt 0.644953 0.863154
vt 0.659310 0.861147
vt 0.673466 0.857722
vt 0.687259 0.852773
vt 0.700467 0.846181
vt 0.712785 0.837840
vt 0.723822 0.827699
vt 0.733131 0.815812
vt 0.740276 0.802391
vt 0.744998 0.787850
vt 0.467196 0.415273
vt 0.471917 0.429815
vt 0.469087 0.373836
vt 0.480681 0.388850
vt 0.455454 0.361093
vt 0.440403 0.350715
vt 0.424453 0.342607
vt 0.407982 0.336588
vt 0.391239 0.332459
vt 0.374373 0.330051
vt 0.357462 0.329255
vt 0.340549 0.330030
vt 0.323679 0.332417
vt 0.306930 0.336527
vt 0.290450 0.342528
vt 0.274489 0.350620
vt 0.259426 0.360985
vt 0.245779 0.373716
vt 0.234170 0.388722
vt 0.225185 0.405631
vt 0.219133 0.423826
vt 0.498264 0.811945
vt 0.492214 0.793749
vt 0.507246 0.828854
vt 0.518852 0.843860
vt 0.532493 0.856592
vt 0.547552 0.866960
vt 0.563507 0.875057
vt 0.579982 0.881065
vt 0.596728 0.885183
vt 0.613595 0.887579
vt 0.630507 0.888364
vt 0.647418 0.887577
vt 0.664287 0.885180
vt 0.681033 0.881060
vt 0.697508 0.875047
vt 0.713463 0.866944
vt 0.728518 0.856570
vt 0.742156 0.843831
vt 0.753756 0.828818
vt 0.762729 0.811903
vt 0.768768 0.793704
vt 0.489651 0.405766
vt 0.495687 0.423966
vt 0.793860 0.697153
vt 0.796131 0.678440
vt 0.807808 0.680349
vt 0.805655 0.698108
vt 0.799909 0.659952
vt 0.811390 0.662806
vt 0.805187 0.641793
vt 0.816392 0.645585
vt 0.811956 0.624071
vt 0.822803 0.628794
vt 0.820228 0.606894
vt 0.830618 0.612547
vt 0.830036 0.590382
vt 0.839851 0.596971
vt 0.841474 0.574713
vt 0.850551 0.582232
vt 0.854642 0.560232
vt 0.862861 0.568558
vt 0.869078 0.547275
vt 0.877056 0.556187
vt 0.795138 0.000556
vt 0.809576 0.013511
vt 0.801358 0.021839
vt 0.787162 0.009470
vt 0.822747 0.027990
vt 0.813672 0.035511
vt 0.834188 0.043658
vt 0.824375 0.050248
vt 0.843999 0.060170
vt 0.833609 0.065824
vt 0.852273 0.077346
vt 0.841427 0.082070
vt 0.859045 0.095068
vt 0.847839 0.098861
vt 0.864323 0.113227
vt 0.852841 0.116082
vt 0.868102 0.131717
vt 0.856425 0.133626
vt 0.870371 0.150428
vt 0.858578 0.151384
vt 0.871129 0.169250
vt 0.859297 0.169251
vt 0.870373 0.188074
vt 0.858580 0.187118
vt 0.868105 0.206785
vt 0.856428 0.204879
vt 0.864331 0.225276
vt 0.852848 0.222423
vt 0.859057 0.243436
vt 0.847850 0.239646
vt 0.852289 0.261160
vt 0.841442 0.256438
vt 0.844021 0.278339
vt 0.833629 0.272687
vt 0.834215 0.294853
vt 0.824400 0.288266
vt 0.822778 0.310526
vt 0.813701 0.303006
vt 0.809610 0.325007
vt 0.801390 0.316682
vt 0.795176 0.337966
vt 0.787198 0.329054
vt 0.869072 0.884687
vt 0.854637 0.871730
vt 0.862855 0.863404
vt 0.877050 0.875775
vt 0.841468 0.857248
vt 0.850545 0.849730
vt 0.830030 0.841578
vt 0.839845 0.834990
vt 0.820222 0.825064
vt 0.830613 0.819412
vt 0.811952 0.807886
vt 0.822800 0.803163
vt 0.805184 0.790162
vt 0.816390 0.786370
vt 0.799908 0.772003
vt 0.811390 0.769148
vt 0.796129 0.753511
vt 0.807807 0.751603
vt 0.793860 0.734799
vt 0.805654 0.733843
vt 0.793104 0.715976
vt 0.804935 0.715976
vt 0.831918 0.684323
vt 0.830007 0.700097
vt 0.835093 0.668757
vt 0.839516 0.653507
vt 0.845165 0.638684
vt 0.852012 0.624409
vt 0.860021 0.610816
vt 0.869143 0.598053
vt 0.879346 0.586308
vt 0.890807 0.576050
vt 0.784877 0.039591
vt 0.773413 0.029334
vt 0.795082 0.051335
vt 0.804207 0.064096
vt 0.812217 0.077689
vt 0.819065 0.091963
vt 0.824715 0.106785
vt 0.829138 0.122034
vt 0.832314 0.137599
vt 0.834225 0.153374
vt 0.834864 0.169253
vt 0.834227 0.185133
vt 0.832318 0.200908
vt 0.829145 0.216474
vt 0.824725 0.231726
vt 0.819078 0.246551
vt 0.812234 0.260827
vt 0.804229 0.274423
vt 0.795107 0.287187
vt 0.784905 0.298932
vt 0.773444 0.309193
vt 0.879339 0.845654
vt 0.890801 0.855914
vt 0.869137 0.833909
vt 0.860016 0.821146
vt 0.852008 0.807551
vt 0.845162 0.793273
vt 0.839513 0.778449
vt 0.835091 0.763197
vt 0.831917 0.747630
vt 0.830006 0.731855
vt 0.829368 0.715976
vt 0.950772 0.709116
vt 0.951680 0.702288
vt 0.964111 0.704525
vt 0.963357 0.710235
vt 0.953195 0.695544
vt 0.965368 0.698891
vt 0.955324 0.688927
vt 0.967127 0.693375
vt 0.958072 0.682482
vt 0.969390 0.688020
vt 0.961451 0.676259
vt 0.972157 0.682871
vt 0.965475 0.670314
vt 0.975437 0.677985
vt 0.970160 0.664696
vt 0.979238 0.673437
vt 0.975512 0.659428
vt 0.983582 0.669354
vt 0.981503 0.654469
vt 0.988518 0.666018
vt 0.682724 0.107761
vt 0.688716 0.112718
vt 0.680648 0.122645
vt 0.675711 0.119311
vt 0.694068 0.117984
vt 0.684991 0.126728
vt 0.698754 0.123602
vt 0.688794 0.131274
vt 0.702780 0.129547
vt 0.692075 0.136159
vt 0.706160 0.135766
vt 0.694844 0.141307
vt 0.708908 0.142212
vt 0.697107 0.146661
vt 0.711037 0.148828
vt 0.698866 0.152176
vt 0.712554 0.155572
vt 0.700122 0.157809
vt 0.713461 0.162399
vt 0.700876 0.163519
vt 0.713763 0.169267
vt 0.701127 0.169268
vt 0.713461 0.176136
vt 0.700875 0.175016
vt 0.712554 0.182963
vt 0.700122 0.180727
vt 0.711038 0.189708
vt 0.698866 0.186361
vt 0.708910 0.196326
vt 0.697107 0.191878
vt 0.706163 0.202772
vt 0.694845 0.197236
vt 0.702785 0.208995
vt 0.692077 0.202386
vt 0.698762 0.214943
vt 0.688798 0.207274
vt 0.694078 0.220563
vt 0.684997 0.211824
vt 0.688726 0.225832
vt 0.680655 0.215909
vt 0.682736 0.230793
vt 0.675719 0.219246
vt 0.981504 0.777512
vt 0.975513 0.772551
vt 0.983584 0.762628
vt 0.988521 0.765964
vt 0.970162 0.767282
vt 0.979242 0.758543
vt 0.965477 0.761662
vt 0.975440 0.753993
vt 0.961454 0.755714
vt 0.972161 0.749105
vt 0.958075 0.749491
vt 0.969393 0.743955
vt 0.955327 0.743045
vt 0.967130 0.738597
vt 0.953198 0.736427
vt 0.965370 0.733079
vt 0.951681 0.729683
vt 0.964113 0.727446
vt 0.950773 0.722855
vt 0.963358 0.721735
vt 0.950470 0.715985
vt 0.963105 0.715985
vt 0.494632 0.412870
vt 0.503814 0.408794
vt 0.519315 0.432092
vt 0.514178 0.436884
vt 0.511608 0.405377
vt 0.524534 0.428538
vt 0.518810 0.402270
vt 0.529661 0.425516
vt 0.525786 0.399408
vt 0.534789 0.422804
vt 0.532730 0.396821
vt 0.540025 0.420363
vt 0.539742 0.394576
vt 0.545436 0.418229
vt 0.546864 0.392741
vt 0.551049 0.416464
vt 0.554103 0.391382
vt 0.556850 0.415138
vt 0.561435 0.390544
vt 0.562796 0.414315
vt 0.568817 0.390261
vt 0.568821 0.414036
vt 0.576198 0.390541
vt 0.574845 0.414314
vt 0.583529 0.391376
vt 0.580790 0.415135
vt 0.590767 0.392734
vt 0.586591 0.416457
vt 0.597890 0.394566
vt 0.592203 0.418219
vt 0.604901 0.396807
vt 0.597615 0.420353
vt 0.611844 0.399390
vt 0.602851 0.422792
vt 0.618821 0.402250
vt 0.607980 0.425500
vt 0.626024 0.405354
vt 0.613107 0.428520
vt 0.633818 0.408767
vt 0.618327 0.432072
vt 0.643002 0.412839
vt 0.623467 0.436861
vt 0.810398 0.528949
vt 0.801214 0.533018
vt 0.785730 0.509706
vt 0.790871 0.504919
vt 0.793418 0.536428
vt 0.780509 0.513258
vt 0.786214 0.539530
vt 0.775381 0.516276
vt 0.779235 0.542388
vt 0.770251 0.518983
vt 0.772292 0.544967
vt 0.765015 0.521418
vt 0.765281 0.547206
vt 0.759602 0.523548
vt 0.758160 0.549034
vt 0.753990 0.525309
vt 0.750922 0.550390
vt 0.748190 0.526629
vt 0.743593 0.551223
vt 0.742245 0.527450
vt 0.736212 0.551503
vt 0.736222 0.527726
vt 0.728832 0.551217
vt 0.730199 0.527444
vt 0.721503 0.550378
vt 0.724253 0.526619
vt 0.714266 0.549016
vt 0.718453 0.525294
vt 0.707144 0.547182
vt 0.712841 0.523528
vt 0.700134 0.544936
vt 0.707431 0.521393
vt 0.693192 0.542351
vt 0.702196 0.518953
vt 0.686218 0.539488
vt 0.697068 0.516242
vt 0.679016 0.536381
vt 0.691943 0.513220
vt 0.671223 0.532965
vt 0.686724 0.509666
vt 0.662041 0.528890
vt 0.681587 0.504874
vt 0.541403 0.449362
vt 0.539510 0.452302
vt 0.543768 0.447236
vt 0.546221 0.445485
vt 0.548722 0.443886
vt 0.551356 0.442355
vt 0.554230 0.440897
vt 0.557424 0.439576
vt 0.560968 0.438498
vt 0.564811 0.437787
vt 0.568828 0.437538
vt 0.572845 0.437787
vt 0.576687 0.438497
vt 0.580229 0.439573
vt 0.583422 0.440894
vt 0.586294 0.442350
vt 0.588927 0.443879
vt 0.591428 0.445477
vt 0.593880 0.447226
vt 0.596246 0.449352
vt 0.598141 0.452291
vt 0.763655 0.492419
vt 0.765551 0.489480
vt 0.761288 0.494543
vt 0.758835 0.496293
vt 0.756335 0.497889
vt 0.753701 0.499416
vt 0.750829 0.500872
vt 0.747634 0.502191
vt 0.744091 0.503265
vt 0.740248 0.503975
vt 0.736231 0.504223
vt 0.732214 0.503972
vt 0.728372 0.503259
vt 0.724828 0.502181
vt 0.721634 0.500859
vt 0.718763 0.499401
vt 0.716130 0.497871
vt 0.713630 0.496273
vt 0.711178 0.494521
vt 0.708813 0.492395
vt 0.706920 0.489455
vt 0.368978 0.608494
vt 0.370254 0.610173
vt 0.357205 0.617507
vt 0.367580 0.606913
vt 0.366044 0.605502
vt 0.364390 0.604315
vt 0.362652 0.603382
vt 0.360861 0.602716
vt 0.359040 0.602317
vt 0.357206 0.602185
vt 0.355371 0.602318
vt 0.353548 0.602717
vt 0.351755 0.603385
vt 0.350017 0.604318
vt 0.348364 0.605505
vt 0.346829 0.606914
vt 0.345432 0.608494
vt 0.344156 0.610171
vt 0.342926 0.611873
vt 0.341734 0.613703
vt 0.616271 0.605750
vt 0.615078 0.603918
vt 0.630546 0.600111
vt 0.617500 0.607453
vt 0.618776 0.609130
vt 0.620175 0.610710
vt 0.621711 0.612119
vt 0.623364 0.613304
vt 0.625102 0.614237
vt 0.626894 0.614902
vt 0.628717 0.615300
vt 0.630552 0.615432
vt 0.632387 0.615299
vt 0.634208 0.614899
vt 0.635999 0.614231
vt 0.637736 0.613298
vt 0.639389 0.612111
vt 0.640924 0.610701
vt 0.642322 0.609121
vt 0.643597 0.607443
vt 0.644826 0.605740
vt 0.646018 0.603909
vt 0.371483 0.611878
vt 0.372674 0.613709
vt 0.568828 0.460114
vt 0.736240 0.481646
vt 0.860560 0.689031
vt 0.858932 0.702454
vt 0.489432 0.380588
vt 0.498045 0.379784
vt 0.863259 0.675807
vt 0.505894 0.377837
vt 0.867009 0.662890
vt 0.513424 0.375490
vt 0.871778 0.650387
vt 0.520898 0.373053
vt 0.877522 0.638412
vt 0.528467 0.370718
vt 0.884176 0.627084
vt 0.536205 0.368629
vt 0.891636 0.616512
vt 0.544136 0.366894
vt 0.899733 0.606759
vt 0.552245 0.365597
vt 0.908182 0.597673
vt 0.560492 0.364794
vt 0.764492 0.060044
vt 0.756043 0.050960
vt 0.568812 0.364522
vt 0.772590 0.069796
vt 0.577131 0.364792
vt 0.780053 0.080366
vt 0.585377 0.365591
vt 0.786707 0.091693
vt 0.593487 0.366885
vt 0.792452 0.103668
vt 0.601416 0.368617
vt 0.797222 0.116169
vt 0.609152 0.370703
vt 0.800972 0.129086
vt 0.616720 0.373034
vt 0.803672 0.142309
vt 0.624195 0.375467
vt 0.805300 0.155732
vt 0.631726 0.377810
vt 0.805845 0.169256
vt 0.639575 0.379754
vt 0.805301 0.182781
vt 0.648187 0.380554
vt 0.803675 0.196205
vt 0.815576 0.561236
vt 0.806963 0.562033
vt 0.800978 0.209428
vt 0.799113 0.563975
vt 0.797230 0.222347
vt 0.791581 0.566316
vt 0.792463 0.234852
vt 0.784106 0.568746
vt 0.786721 0.246828
vt 0.776537 0.571075
vt 0.780070 0.258157
vt 0.768801 0.573158
vt 0.772612 0.268731
vt 0.760872 0.574887
vt 0.764516 0.278484
vt 0.752764 0.576179
vt 0.756069 0.287571
vt 0.744519 0.576976
vt 0.899727 0.825206
vt 0.908174 0.834292
vt 0.736202 0.577243
vt 0.891630 0.815452
vt 0.727885 0.576969
vt 0.884171 0.804878
vt 0.719641 0.576164
vt 0.877519 0.793549
vt 0.711533 0.574866
vt 0.871776 0.781573
vt 0.703604 0.573130
vt 0.867008 0.769068
vt 0.695868 0.571040
vt 0.863258 0.756149
vt 0.688302 0.568706
vt 0.860559 0.742925
vt 0.680829 0.566270
vt 0.858931 0.729501
vt 0.673300 0.563923
vt 0.858388 0.715977
vt 0.665452 0.561975
vt 0.656841 0.561171
vt 0.947145 0.701498
vt 0.946183 0.708720
vt 0.505146 0.291905
vt 0.511103 0.292379
vt 0.948753 0.694363
vt 0.517361 0.291251
vt 0.951010 0.687360
vt 0.523745 0.289370
vt 0.953925 0.680539
vt 0.530167 0.287192
vt 0.957507 0.673954
vt 0.536592 0.284999
vt 0.961757 0.667660
vt 0.543016 0.282989
vt 0.966654 0.661709
vt 0.549446 0.281298
vt 0.972078 0.656083
vt 0.555885 0.280026
vt 0.977558 0.650395
vt 0.562335 0.279236
vt 0.692149 0.109373
vt 0.686669 0.103685
vt 0.568791 0.278968
vt 0.697576 0.114997
vt 0.575246 0.279234
vt 0.702473 0.120947
vt 0.581694 0.280023
vt 0.706724 0.127239
vt 0.588132 0.281293
vt 0.710306 0.133824
vt 0.594558 0.282980
vt 0.713222 0.140644
vt 0.600981 0.284988
vt 0.715480 0.147646
vt 0.607406 0.287178
vt 0.717087 0.154781
vt 0.613827 0.289354
vt 0.718049 0.162003
vt 0.620210 0.291231
vt 0.718369 0.169267
vt 0.626468 0.292356
vt 0.718049 0.176532
vt 0.632425 0.291878
vt 0.717087 0.183754
vt 0.799814 0.649912
vt 0.793858 0.649434
vt 0.715482 0.190889
vt 0.787600 0.650557
vt 0.713224 0.197893
vt 0.781217 0.652432
vt 0.710310 0.204715
vt 0.774797 0.654605
vt 0.706730 0.211301
vt 0.768374 0.656791
vt 0.702481 0.217596
vt 0.761952 0.658796
vt 0.697585 0.223549
vt 0.755525 0.660481
vt 0.692160 0.229177
vt 0.749088 0.661749
vt 0.686681 0.234866
vt 0.742640 0.662534
vt 0.972080 0.775897
vt 0.977560 0.781586
vt 0.736184 0.662798
vt 0.966655 0.770268
vt 0.729728 0.662528
vt 0.961759 0.764315
vt 0.723278 0.661737
vt 0.957509 0.758020
vt 0.716838 0.660462
vt 0.953928 0.751433
vt 0.710409 0.658772
vt 0.951012 0.744612
vt 0.703985 0.656762
vt 0.948755 0.737608
vt 0.697560 0.654570
vt 0.947147 0.730473
vt 0.691140 0.652391
vt 0.946184 0.723251
vt 0.684757 0.650512
vt 0.945863 0.715986
vt 0.678500 0.649383
vt 0.672542 0.649857
vt 0.516185 0.270943
vt 0.512991 0.271002
vt 0.513076 0.265954
vt 0.516020 0.265753
vt 0.520218 0.269863
vt 0.519496 0.264838
vt 0.524837 0.268153
vt 0.523730 0.263279
vt 0.529966 0.266170
vt 0.528728 0.261379
vt 0.535581 0.264161
vt 0.534390 0.259395
vt 0.541643 0.262292
vt 0.540599 0.257522
vt 0.548082 0.260694
vt 0.547249 0.255906
vt 0.554815 0.259471
vt 0.554235 0.254664
vt 0.561749 0.258704
vt 0.561452 0.253883
vt 0.568784 0.258441
vt 0.568783 0.253615
vt 0.575819 0.258701
vt 0.576114 0.253881
vt 0.582752 0.259467
vt 0.583329 0.254659
vt 0.589482 0.260687
vt 0.590314 0.255899
vt 0.595920 0.262283
vt 0.596961 0.257512
vt 0.601979 0.264149
vt 0.603169 0.259383
vt 0.607593 0.266156
vt 0.608829 0.261365
vt 0.612720 0.268136
vt 0.613826 0.263263
vt 0.617338 0.269846
vt 0.618058 0.264820
vt 0.621371 0.270923
vt 0.621534 0.265733
vt 0.624565 0.270980
vt 0.624477 0.265933
vt 0.788759 0.670866
vt 0.791953 0.670810
vt 0.791864 0.675858
vt 0.788921 0.676057
vt 0.784726 0.671942
vt 0.785444 0.676969
vt 0.780107 0.673649
vt 0.781211 0.678523
vt 0.774981 0.675627
vt 0.776215 0.680419
vt 0.769366 0.677631
vt 0.770554 0.682398
vt 0.763307 0.679495
vt 0.764347 0.684267
vt 0.756870 0.681088
vt 0.757699 0.685877
vt 0.750140 0.682305
vt 0.750715 0.687113
vt 0.743208 0.683068
vt 0.743501 0.687890
vt 0.736174 0.683326
vt 0.736171 0.688152
vt 0.729139 0.683061
vt 0.728840 0.687882
vt 0.722205 0.682292
vt 0.721625 0.687099
vt 0.715472 0.681068
vt 0.714639 0.685857
vt 0.709034 0.679469
vt 0.707990 0.684241
vt 0.702973 0.677601
vt 0.701782 0.682367
vt 0.697358 0.675592
vt 0.696121 0.680384
vt 0.692231 0.673610
vt 0.691124 0.678484
vt 0.687613 0.671899
vt 0.686891 0.676926
vt 0.683580 0.670820
vt 0.683414 0.676011
vt 0.680386 0.670761
vt 0.680471 0.675809
vt 0.984163 0.708288
vt 0.983674 0.712116
vt 0.984970 0.704540
vt 0.986077 0.700915
vt 0.987462 0.697457
vt 0.989090 0.694215
vt 0.990918 0.691237
vt 0.992901 0.688584
vt 0.995027 0.686356
vt 0.997383 0.684769
vt 0.669207 0.139651
vt 0.666852 0.138066
vt 0.671333 0.141878
vt 0.673316 0.144530
vt 0.675144 0.147506
vt 0.676773 0.150748
vt 0.678157 0.154203
vt 0.679265 0.157827
vt 0.680071 0.161574
vt 0.680560 0.165401
vt 0.680723 0.169269
vt 0.680559 0.173138
vt 0.680069 0.176968
vt 0.679263 0.180716
vt 0.678156 0.184343
vt 0.676770 0.187802
vt 0.675142 0.191047
vt 0.673314 0.194026
vt 0.671332 0.196680
vt 0.669207 0.198908
vt 0.666852 0.200495
vt 0.995031 0.745626
vt 0.997387 0.747214
vt 0.992906 0.743397
vt 0.990923 0.740743
vt 0.989095 0.737764
vt 0.987466 0.734519
vt 0.986081 0.731060
vt 0.984973 0.727433
vt 0.984165 0.723684
vt 0.983676 0.719854
vt 0.983510 0.715985
vt 0.385976 0.588100
vt 0.382821 0.585174
vt 0.379471 0.582465
vt 0.375957 0.580092
vt 0.372318 0.578118
vt 0.368600 0.576577
vt 0.364833 0.575478
vt 0.361036 0.574821
vt 0.357225 0.574601
vt 0.353413 0.574819
vt 0.349615 0.575474
vt 0.345845 0.576572
vt 0.342124 0.578112
vt 0.338483 0.580083
vt 0.334965 0.582455
vt 0.331612 0.585160
vt 0.328453 0.588083
vt 0.325468 0.591004
vt 0.322367 0.593221
vt 0.595703 0.624388
vt 0.598803 0.626610
vt 0.601787 0.629532
vt 0.604944 0.632456
vt 0.608293 0.635162
vt 0.611809 0.637534
vt 0.615448 0.639506
vt 0.619167 0.641045
vt 0.622935 0.642142
vt 0.626732 0.642798
vt 0.630544 0.643016
vt 0.634355 0.642798
vt 0.638153 0.642140
vt 0.641920 0.641042
vt 0.645640 0.639501
vt 0.649281 0.637529
vt 0.652798 0.635156
vt 0.656150 0.632448
vt 0.659307 0.629525
vt 0.662291 0.626603
vt 0.665391 0.624382
vt 0.392057 0.593249
vt 0.388958 0.591025
vt 0.098822 0.039855
vt 0.098726 0.040316
vt 0.067757 0.039161
vt 0.067861 0.038749
vt 0.098666 0.040774
vt 0.067612 0.039557
vt 0.099017 0.034330
vt 0.098972 0.034786
vt 0.067987 0.033800
vt 0.068108 0.033387
vt 0.098910 0.035240
vt 0.067918 0.034234
vt 0.098876 0.035695
vt 0.067886 0.034698
vt 0.098871 0.036151
vt 0.067884 0.035185
vt 0.098888 0.036609
vt 0.067904 0.035675
vt 0.098917 0.037070
vt 0.067938 0.036150
vt 0.098948 0.037532
vt 0.067974 0.036600
vt 0.098970 0.037996
vt 0.068003 0.037031
vt 0.098973 0.038462
vt 0.068011 0.037457
vt 0.098951 0.038927
vt 0.067990 0.037888
vt 0.098900 0.039392
vt 0.067940 0.038322
vt 0.987770 0.986851
vt 0.988056 0.987209
vt 0.987127 0.987657
vt 0.987355 0.986652
vt 0.986896 0.986652
vt 0.986483 0.986852
vt 0.986196 0.987211
vt 0.986095 0.987658
vt 0.986197 0.988105
vt 0.986484 0.988464
vt 0.986896 0.988663
vt 0.987355 0.988663
vt 0.987769 0.988465
vt 0.988055 0.988105
vt 0.988158 0.987657
vt 0.000658 0.053951
vt 0.000944 0.053592
vt 0.001587 0.054398
vt 0.001357 0.053393
vt 0.001816 0.053392
vt 0.002230 0.053592
vt 0.002517 0.053951
vt 0.002619 0.054398
vt 0.002517 0.054846
vt 0.002230 0.055205
vt 0.001816 0.055403
vt 0.001357 0.055403
vt 0.000944 0.055204
vt 0.000658 0.054846
vt 0.000556 0.054398
vt 0.059736 0.037774
vt 0.059823 0.037381
vt 0.059589 0.038166
vt 0.059827 0.033349
vt 0.059964 0.032942
vt 0.059785 0.033756
vt 0.059781 0.034143
vt 0.059806 0.034503
vt 0.059850 0.034843
vt 0.059899 0.035181
vt 0.059943 0.035521
vt 0.059970 0.035871
vt 0.059973 0.036236
vt 0.059947 0.036612
vt 0.059894 0.036993
vt 0.053165 0.037723
vt 0.053184 0.037291
vt 0.053227 0.038129
vt 0.053268 0.032459
vt 0.053207 0.032077
vt 0.053291 0.032832
vt 0.053312 0.033212
vt 0.053333 0.033606
vt 0.053350 0.034022
vt 0.053359 0.034465
vt 0.053355 0.034926
vt 0.053339 0.035398
vt 0.053310 0.035881
vt 0.053271 0.036365
vt 0.053226 0.036838
vt 0.047532 0.037713
vt 0.047516 0.037318
vt 0.047646 0.038106
vt 0.047613 0.032237
vt 0.047485 0.031824
vt 0.047635 0.032690
vt 0.047633 0.033176
vt 0.047620 0.033682
vt 0.047602 0.034197
vt 0.047584 0.034707
vt 0.047568 0.035196
vt 0.047553 0.035656
vt 0.047541 0.036097
vt 0.047529 0.036519
vt 0.047520 0.036923
vt 0.039410 0.037804
vt 0.039437 0.037473
vt 0.039303 0.038136
vt 0.039544 0.033184
vt 0.039633 0.032839
vt 0.039508 0.033558
vt 0.039472 0.033973
vt 0.039436 0.034412
vt 0.039408 0.034859
vt 0.039394 0.035299
vt 0.039398 0.035712
vt 0.039416 0.036094
vt 0.039436 0.036458
vt 0.039446 0.036807
vt 0.039447 0.037143
vt 0.032399 0.036148
vt 0.032455 0.035777
vt 0.032281 0.036490
vt 0.032419 0.032025
vt 0.032533 0.031702
vt 0.032406 0.032312
vt 0.032418 0.032581
vt 0.032440 0.032841
vt 0.032471 0.033114
vt 0.032506 0.033418
vt 0.032543 0.033754
vt 0.032569 0.034122
vt 0.032572 0.034527
vt 0.032548 0.034953
vt 0.032506 0.035375
vt 0.024704 0.038340
vt 0.024670 0.037871
vt 0.024840 0.038752
vt 0.024487 0.033344
vt 0.024364 0.032968
vt 0.024548 0.033720
vt 0.024600 0.034088
vt 0.024646 0.034446
vt 0.024683 0.034806
vt 0.024710 0.035180
vt 0.024724 0.035568
vt 0.024725 0.035977
vt 0.024714 0.036421
vt 0.024693 0.036896
vt 0.024673 0.037384
vt 0.014555 0.038763
vt 0.014492 0.038351
vt 0.014707 0.039148
vt 0.014320 0.033633
vt 0.014198 0.033255
vt 0.014373 0.034040
vt 0.014405 0.034490
vt 0.014426 0.034970
vt 0.014441 0.035452
vt 0.014448 0.035908
vt 0.014448 0.036323
vt 0.014446 0.036706
vt 0.014445 0.037092
vt 0.014448 0.037499
vt 0.014462 0.037924
vt 0.011710 0.039230
vt 0.011668 0.038774
vt 0.011707 0.039676
vt 0.011464 0.033649
vt 0.011510 0.033207
vt 0.011444 0.034081
vt 0.011424 0.034519
vt 0.011408 0.034982
vt 0.011400 0.035474
vt 0.011405 0.035980
vt 0.011425 0.036483
vt 0.011460 0.036964
vt 0.011508 0.037421
vt 0.011562 0.037867
vt 0.011617 0.038317
vt 0.002967 0.039060
vt 0.002941 0.038587
vt 0.002938 0.039518
vt 0.002772 0.034136
vt 0.002865 0.033706
vt 0.002706 0.034534
vt 0.002654 0.034916
vt 0.002616 0.035302
vt 0.002598 0.035701
vt 0.002601 0.036107
vt 0.002628 0.036511
vt 0.002677 0.036906
vt 0.002742 0.037296
vt 0.002816 0.037696
vt 0.002887 0.038126
vt 0.000918 0.039240
vt 0.000897 0.038804
vt 0.000940 0.039689
vt 0.000758 0.033788
vt 0.000843 0.033335
vt 0.000679 0.034247
vt 0.000618 0.034712
vt 0.000575 0.035182
vt 0.000556 0.035655
vt 0.000559 0.036129
vt 0.000587 0.036599
vt 0.000638 0.037060
vt 0.000706 0.037510
vt 0.000780 0.037947
vt 0.000848 0.038376
vt 0.265069 0.959271
vt 0.265034 0.959732
vt 0.224195 0.959620
vt 0.224242 0.959170
vt 0.264996 0.960192
vt 0.224149 0.960062
vt 0.264966 0.960650
vt 0.224117 0.960505
vt 0.264954 0.961107
vt 0.224103 0.960961
vt 0.264961 0.961564
vt 0.224112 0.961437
vt 0.264987 0.962023
vt 0.224140 0.961927
vt 0.265027 0.962483
vt 0.224183 0.962418
vt 0.265072 0.962946
vt 0.224232 0.962898
vt 0.265114 0.963409
vt 0.224279 0.963361
vt 0.265145 0.963872
vt 0.224314 0.963811
vt 0.265158 0.964335
vt 0.224328 0.964260
vt 0.265157 0.964797
vt 0.224318 0.964714
vt 0.265152 0.965257
vt 0.224302 0.965173
vt 0.265085 0.958810
vt 0.224260 0.958713
vt 0.001785 0.984427
vt 0.002204 0.984614
vt 0.001587 0.985440
vt 0.001325 0.984442
vt 0.000918 0.984654
vt 0.000644 0.985022
vt 0.000556 0.985472
vt 0.000671 0.985916
vt 0.000968 0.986265
vt 0.001386 0.986452
vt 0.001845 0.986438
vt 0.002253 0.986227
vt 0.002528 0.985860
vt 0.002617 0.985409
vt 0.002502 0.984965
vt 0.995963 0.005193
vt 0.996382 0.005006
vt 0.996582 0.006018
vt 0.996842 0.005020
vt 0.997249 0.005232
vt 0.997524 0.005599
vt 0.997612 0.006051
vt 0.997496 0.006494
vt 0.997199 0.006844
vt 0.996779 0.007030
vt 0.996321 0.007016
vt 0.995914 0.006804
vt 0.995640 0.006438
vt 0.995551 0.005987
vt 0.995666 0.005543
vt 0.214276 0.959934
vt 0.214337 0.959496
vt 0.214236 0.960377
vt 0.214216 0.960815
vt 0.214219 0.961240
vt 0.214242 0.961646
vt 0.214282 0.962032
vt 0.214331 0.962406
vt 0.214381 0.962777
vt 0.214422 0.963154
vt 0.214448 0.963539
vt 0.214448 0.963935
vt 0.214413 0.964342
vt 0.214314 0.964756
vt 0.214434 0.959069
vt 0.206401 0.960077
vt 0.206432 0.959650
vt 0.206395 0.960485
vt 0.206410 0.960867
vt 0.206439 0.961228
vt 0.206476 0.961576
vt 0.206515 0.961919
vt 0.206548 0.962271
vt 0.206573 0.962639
vt 0.206585 0.963024
vt 0.206583 0.963424
vt 0.206565 0.963840
vt 0.206531 0.964262
vt 0.206444 0.964682
vt 0.206535 0.959224
vt 0.199820 0.959082
vt 0.199798 0.958677
vt 0.199835 0.959511
vt 0.199849 0.959972
vt 0.199858 0.960466
vt 0.199860 0.960986
vt 0.199856 0.961516
vt 0.199851 0.962044
vt 0.199846 0.962552
vt 0.199844 0.963030
vt 0.199842 0.963476
vt 0.199842 0.963897
vt 0.199856 0.964305
vt 0.199949 0.964705
vt 0.199717 0.958287
vt 0.190311 0.961422
vt 0.190311 0.961057
vt 0.190295 0.961793
vt 0.190275 0.962185
vt 0.190253 0.962617
vt 0.190231 0.963090
vt 0.190213 0.963592
vt 0.190202 0.964105
vt 0.190204 0.964610
vt 0.190220 0.965090
vt 0.190245 0.965537
vt 0.190269 0.965955
vt 0.190296 0.966352
vt 0.190364 0.966742
vt 0.190240 0.960680
vt 0.182175 0.960357
vt 0.182225 0.959945
vt 0.182148 0.960744
vt 0.182137 0.961105
vt 0.182143 0.961449
vt 0.182164 0.961780
vt 0.182200 0.962106
vt 0.182244 0.962437
vt 0.182293 0.962786
vt 0.182338 0.963157
vt 0.182370 0.963553
vt 0.182378 0.963975
vt 0.182350 0.964415
vt 0.182231 0.964843
vt 0.182339 0.959528
vt 0.172756 0.960693
vt 0.172788 0.960288
vt 0.172756 0.961078
vt 0.172777 0.961444
vt 0.172813 0.961804
vt 0.172854 0.962161
vt 0.172897 0.962519
vt 0.172936 0.962885
vt 0.172965 0.963263
vt 0.172982 0.963650
vt 0.172982 0.964046
vt 0.172964 0.964457
vt 0.172920 0.964877
vt 0.172828 0.965297
vt 0.172888 0.959873
vt 0.161102 0.960312
vt 0.161092 0.959863
vt 0.161121 0.960750
vt 0.161147 0.961189
vt 0.161175 0.961649
vt 0.161200 0.962139
vt 0.161222 0.962646
vt 0.161238 0.963146
vt 0.161249 0.963620
vt 0.161254 0.964057
vt 0.161257 0.964468
vt 0.161258 0.964880
vt 0.161262 0.965309
vt 0.161281 0.965760
vt 0.161085 0.959405
vt 0.157295 0.960612
vt 0.157260 0.960160
vt 0.157310 0.961062
vt 0.157313 0.961503
vt 0.157306 0.961938
vt 0.157296 0.962380
vt 0.157288 0.962843
vt 0.157288 0.963327
vt 0.157299 0.963825
vt 0.157324 0.964319
vt 0.157362 0.964799
vt 0.157414 0.965260
vt 0.157480 0.965708
vt 0.157573 0.966150
vt 0.157178 0.959715
vt 0.146826 0.961068
vt 0.146784 0.960599
vt 0.146841 0.961538
vt 0.146834 0.961990
vt 0.146813 0.962421
vt 0.146787 0.962835
vt 0.146767 0.963247
vt 0.146759 0.963663
vt 0.146769 0.964081
vt 0.146800 0.964494
vt 0.146851 0.964900
vt 0.146924 0.965300
vt 0.147016 0.965708
vt 0.147130 0.966136
vt 0.146703 0.960148
vt 0.144120 0.961125
vt 0.144082 0.960684
vt 0.144136 0.961560
vt 0.144130 0.961996
vt 0.144112 0.962438
vt 0.144090 0.962889
vt 0.144074 0.963349
vt 0.144071 0.963820
vt 0.144086 0.964296
vt 0.144123 0.964775
vt 0.144183 0.965250
vt 0.144264 0.965720
vt 0.144362 0.966181
vt 0.144457 0.966635
vt 0.144049 0.960233
vt 0.725044 0.032371
vt 0.725019 0.032829
vt 0.684186 0.032416
vt 0.684241 0.031965
vt 0.724972 0.033285
vt 0.684127 0.032861
vt 0.724932 0.033741
vt 0.684083 0.033306
vt 0.724911 0.034195
vt 0.684062 0.033766
vt 0.724911 0.034650
vt 0.684063 0.034245
vt 0.724930 0.035106
vt 0.684083 0.034738
vt 0.724962 0.035563
vt 0.684119 0.035233
vt 0.725000 0.036021
vt 0.684161 0.035717
vt 0.725036 0.036480
vt 0.684202 0.036183
vt 0.725062 0.036938
vt 0.684232 0.036638
vt 0.725069 0.037396
vt 0.684242 0.037089
vt 0.725053 0.037854
vt 0.684225 0.037544
vt 0.725019 0.038313
vt 0.684181 0.038002
vt 0.724998 0.038772
vt 0.684119 0.038457
vt 0.996781 0.000556
vt 0.997200 0.000743
vt 0.996582 0.001568
vt 0.996321 0.000570
vt 0.995914 0.000782
vt 0.995640 0.001150
vt 0.995551 0.001600
vt 0.995667 0.002044
vt 0.995964 0.002394
vt 0.996382 0.002580
vt 0.996841 0.002567
vt 0.997249 0.002356
vt 0.997524 0.001988
vt 0.997613 0.001538
vt 0.997497 0.001093
vt 0.010980 0.995738
vt 0.011399 0.995551
vt 0.011599 0.996563
vt 0.011859 0.995565
vt 0.012266 0.995776
vt 0.012542 0.996144
vt 0.012631 0.996595
vt 0.012514 0.997040
vt 0.012216 0.997389
vt 0.011797 0.997575
vt 0.011338 0.997561
vt 0.010931 0.997349
vt 0.010656 0.996982
vt 0.010568 0.996531
vt 0.010683 0.996088
vt 0.674266 0.032668
vt 0.674388 0.032240
vt 0.674207 0.033104
vt 0.674178 0.033539
vt 0.674173 0.033962
vt 0.674189 0.034365
vt 0.674222 0.034748
vt 0.674265 0.035117
vt 0.674310 0.035483
vt 0.674347 0.035852
vt 0.674369 0.036229
vt 0.674369 0.036617
vt 0.674344 0.037013
vt 0.674286 0.037419
vt 0.674155 0.037831
vt 0.666368 0.032466
vt 0.666424 0.032043
vt 0.666361 0.032877
vt 0.666372 0.033268
vt 0.666397 0.033641
vt 0.666429 0.034006
vt 0.666460 0.034370
vt 0.666489 0.034745
vt 0.666507 0.035136
vt 0.666513 0.035544
vt 0.666506 0.035965
vt 0.666485 0.036399
vt 0.666455 0.036838
vt 0.666421 0.037271
vt 0.666373 0.037694
vt 0.659747 0.031554
vt 0.659629 0.031146
vt 0.659781 0.031988
vt 0.659798 0.032454
vt 0.659805 0.032954
vt 0.659804 0.033480
vt 0.659798 0.034019
vt 0.659788 0.034553
vt 0.659778 0.035069
vt 0.659768 0.035553
vt 0.659762 0.036005
vt 0.659755 0.036434
vt 0.659752 0.036849
vt 0.659770 0.037255
vt 0.659889 0.037659
vt 0.650287 0.034041
vt 0.650267 0.033685
vt 0.650269 0.034387
vt 0.650242 0.034754
vt 0.650211 0.035161
vt 0.650180 0.035614
vt 0.650151 0.036097
vt 0.650129 0.036592
vt 0.650122 0.037082
vt 0.650128 0.037548
vt 0.650144 0.037984
vt 0.650159 0.038392
vt 0.650168 0.038778
vt 0.650170 0.039143
vt 0.650184 0.039509
vt 0.642222 0.032659
vt 0.642376 0.032264
vt 0.642169 0.033040
vt 0.642145 0.033396
vt 0.642140 0.033735
vt 0.642153 0.034065
vt 0.642178 0.034388
vt 0.642214 0.034717
vt 0.642253 0.035062
vt 0.642291 0.035427
vt 0.642315 0.035815
vt 0.642319 0.036228
vt 0.642295 0.036660
vt 0.642237 0.037094
vt 0.642078 0.037506
vt 0.632785 0.032679
vt 0.632837 0.032269
vt 0.632767 0.033073
vt 0.632777 0.033448
vt 0.632801 0.033819
vt 0.632833 0.034189
vt 0.632866 0.034563
vt 0.632895 0.034944
vt 0.632915 0.035337
vt 0.632922 0.035738
vt 0.632916 0.036148
vt 0.632895 0.036571
vt 0.632862 0.037003
vt 0.632818 0.037433
vt 0.632767 0.037854
vt 0.621116 0.032157
vt 0.621072 0.031710
vt 0.621132 0.032593
vt 0.621147 0.033028
vt 0.621163 0.033485
vt 0.621178 0.033973
vt 0.621187 0.034477
vt 0.621191 0.034977
vt 0.621190 0.035449
vt 0.621184 0.035884
vt 0.621176 0.036291
vt 0.621169 0.036697
vt 0.621166 0.037119
vt 0.621175 0.037558
vt 0.621232 0.038006
vt 0.617299 0.032346
vt 0.617258 0.031891
vt 0.617310 0.032797
vt 0.617303 0.033241
vt 0.617286 0.033680
vt 0.617265 0.034125
vt 0.617247 0.034590
vt 0.617234 0.035077
vt 0.617233 0.035578
vt 0.617243 0.036077
vt 0.617269 0.036564
vt 0.617305 0.037034
vt 0.617349 0.037493
vt 0.617402 0.037951
vt 0.617460 0.038409
vt 0.606833 0.032629
vt 0.606811 0.032169
vt 0.606833 0.033087
vt 0.606814 0.033529
vt 0.606783 0.033949
vt 0.606747 0.034355
vt 0.606716 0.034760
vt 0.606697 0.035169
vt 0.606696 0.035583
vt 0.606714 0.035994
vt 0.606753 0.036397
vt 0.606806 0.036797
vt 0.606871 0.037203
vt 0.606940 0.037630
vt 0.607009 0.038077
vt 0.604136 0.032501
vt 0.604144 0.032046
vt 0.604131 0.032949
vt 0.604113 0.033392
vt 0.604083 0.033838
vt 0.604049 0.034289
vt 0.604020 0.034748
vt 0.604004 0.035214
vt 0.604006 0.035686
vt 0.604027 0.036160
vt 0.604069 0.036632
vt 0.604126 0.037099
vt 0.604196 0.037560
vt 0.604269 0.038017
vt 0.604338 0.038472
vt 0.690241 0.083608
vt 0.677154 0.097488
vt 0.672801 0.093465
vt 0.685972 0.079496
vt 0.664345 0.111634
vt 0.659918 0.107691
vt 0.651765 0.126001
vt 0.647283 0.122121
vt 0.639339 0.140525
vt 0.634827 0.136681
vt 0.626960 0.155124
vt 0.622452 0.151275
vt 0.614470 0.169669
vt 0.610005 0.165769
vt 0.601724 0.184032
vt 0.597339 0.180032
vt 0.588662 0.198047
vt 0.584322 0.194034
vt 0.773590 0.004954
vt 0.759392 0.017782
vt 0.755412 0.013389
vt 0.769616 0.000556
vt 0.745234 0.030641
vt 0.741234 0.026267
vt 0.731172 0.043583
vt 0.727131 0.039246
vt 0.717280 0.056684
vt 0.713176 0.052407
vt 0.703623 0.070013
vt 0.699440 0.065813
vt 0.663003 0.241290
vt 0.649938 0.255273
vt 0.625833 0.219657
vt 0.668708 0.223023
vt 0.665923 0.204091
vt 0.655200 0.188239
vt 0.638658 0.178608
vt 0.619573 0.177108
vt 0.582960 0.216311
vt 0.585752 0.235243
vt 0.596482 0.251088
vt 0.613021 0.260710
vt 0.632100 0.262204
vt 0.522897 0.136955
vt 0.535929 0.122933
vt 0.560123 0.158487
vt 0.553754 0.115957
vt 0.572839 0.117405
vt 0.589405 0.126991
vt 0.600171 0.142817
vt 0.603004 0.161748
vt 0.566504 0.201016
vt 0.547420 0.199573
vt 0.530853 0.189994
vt 0.520080 0.174173
vt 0.517241 0.155243
vn 0.000000 -1.000000 0.000000
vn 0.000000 -1.000000 0.000000
vn 0.000000 -1.000000 0.000000
vn 0.000000 -1.000000 0.000000
vn 0.000000 -1.000000 0.000000
vn 0.000000 -1.000000 0.000000
vn 0.000000 -1.000000 0.000000
vn 0.000000 -1.000000 -0.000000
vn 0.000000 -1.000000 0.000000
vn 0.000000 -1.000000 -0.000000
vn 0.000000 -1.000000 0.000000
vn 0.000000 -1.000000 -0.000000
vn 0.000000 -1.000000 0.000000
vn 0.000000 -1.000000 -0.000000
vn 0.000000 -1.000000 -0.000000
vn 0.000000 -1.000000 -0.000000
vn 0.000000 -1.000000 -0.000000
vn 0.000000 -1.000000 -0.000000
vn 0.000000 -1.000000 0.000000
vn 0.000000 -1.000000 -0.000000
vn 0.000000 -1.000000 -0.000000
vn 0.000000 -1.000000 -0.000000
vn 0.000000 -1.000000 -0.000000
vn 0.000000 -1.000000 -0.000000
vn 0.000000 -1.000000 0.000000
vn 0.000000 -1.000000 -0.000000
vn 0.000000 -1.000000 0.000000
vn 0.000000 -1.000000 0.000000
vn 0.000000 -1.000000 -0.000000
vn 0.000000 -1.000000 0.000000
vn 0.000000 -1.000000 -0.000000
vn 0.000000 -1.000000 -0.000000
vn 0.000000 -1.000000 0.000000
vn 0.000000 -1.000000 -0.000000
vn 0.000000 -1.000000 -0.000000
vn 0.000000 -1.000000 -0.000000
vn 0.000000 -1.000000 -0.000000
vn 0.000000 -1.000000 -0.000000
vn 0.000000 -1.000000 0.000000
vn 0.000000 -1.000000 0.000000
vn 0.000000 -1.000000 0.000000
vn 0.000000 -1.000000 0.000000
vn 0.000000 -1.000000 0.000000
vn 0.000000 -1.000000 0.000000
vn 0.000000 -1.000000 -0.000000
vn 0.000000 -1.000000 0.000000
vn 0.000000 -1.000000 -0.000000
vn 0.000000 -1.000000 0.000000
vn 0.000000 -1.000000 0.000000
vn 0.000000 -1.000000 -0.000000
vn 0.000000 -1.000000 0.000000
vn 0.000000 -1.000000 -0.000000
vn 0.000000 -1.000000 0.000000
vn 0.000000 -1.000000 0.000000
vn 0.000000 -1.000000 0.000000
vn 0.000000 -1.000000 0.000000
vn 0.000000 -1.000000 -0.000000
vn 0.000000 -1.000000 -0.000000
vn 0.000000 -1.000000 -0.000000
vn 0.000000 -1.000000 0.000000
vn 0.000000 -1.000000 0.000000
vn 0.000000 -1.000000 0.000000
vn 0.000000 -1.000000 0.000000
vn 0.000000 -1.000000 0.000000
vn 0.000000 -1.000000 -0.000000
vn 0.000000 -1.000000 -0.000000
vn 0.000000 -1.000000 -0.000000
vn 0.000000 -1.000000 -0.000000
vn 0.000000 -1.000000 -0.000000
vn 0.000000 -1.000000 -0.000000
vn 0.000000 -1.000000 -0.000000
vn 0.000000 -1.000000 0.000000
vn 0.000000 -1.000000 0.000000
vn 0.000000 -1.000000 0.000000
vn 0.000000 -1.000000 -0.000000
vn 0.000000 -1.000000 -0.000000
vn 0.000000 -1.000000 -0.000000
vn 0.000000 -1.000000 -0.000000
vn 0.000000 -1.000000 0.000000
vn 0.000000 -1.000000 0.000000
vn 0.000000 -1.000000 0.000000
vn 0.000000 -1.000000 0.000000
vn 0.000000 -1.000000 0.000000
vn 0.000000 -1.000000 -0.000000
vn 0.000000 -1.000000 0.000000
vn 0.000000 -1.000000 -0.000000
vn 0.000000 -1.000000 -0.000000
vn 0.000000 -1.000000 0.000000
vn 0.000000 -1.000000 0.000000
vn 0.000000 -1.000000 0.000000
vn 0.000000 -1.000000 0.000000
vn 0.000000 -1.000000 -0.000000
vn 0.000000 -1.000000 0.000000
vn 0.000000 -1.000000 0.000000
vn 0.000000 -1.000000 0.000000
vn 0.000000 -1.000000 -0.000000
vn 0.000000 -1.000000 -0.000000
vn 0.000000 -1.000000 0.000000
vn 0.000000 -1.000000 -0.000000
vn 0.000000 -1.000000 0.000000
vn 0.000000 -1.000000 0.000000
vn 0.000000 -1.000000 -0.000000
vn 0.000000 -1.000000 0.000000
vn 0.000000 -1.000000 0.000000
vn 0.000000 -1.000000 -0.000000
vn 0.000000 -1.000000 -0.000000
vn 0.000000 -1.000000 0.000000
vn 0.000000 -1.000000 0.000000
vn 0.000000 -1.000000 -0.000000
vn 0.000000 -1.000000 -0.000000
vn 0.000000 -1.000000 -0.000000
vn 0.000000 -1.000000 -0.000000
vn 0.000000 -1.000000 -0.000000
vn 0.000000 -1.000000 -0.000000
vn 0.000000 -1.000000 -0.000000
vn 0.000000 -1.000000 0.000000
vn 0.000000 -1.000000 0.000000
vn 0.000000 -1.000000 0.000000
vn 0.000000 -1.000000 -0.000000
vn 0.000000 -1.000000 -0.000000
vn 0.000000 -1.000000 -0.000000
vn 0.000000 -1.000000 0.000000
vn 0.000000 -1.000000 0.000000
vn 0.000000 -1.000000 0.000000
vn 0.000000 -1.000000 -0.000000
vn 0.000000 -1.000000 0.000000
vn 0.000000 -1.000000 0.000000
vn 0.000000 -1.000000 -0.000000
vn 0.000000 -1.000000 0.000000
vn 0.000000 -1.000000 0.000000
vn 0.000000 -1.000000 -0.000000
vn 0.000000 -1.000000 -0.000000
vn 0.000000 -1.000000 0.000000
vn 0.000000 -1.000000 0.000000
vn 0.000000 -1.000000 -0.000000
vn 0.000000 -1.000000 -0.000000
vn 0.000000 -1.000000 -0.000000
vn 0.000000 -1.000000 0.000000
vn 0.000000 -1.000000 0.000000
vn 0.000000 -1.000000 0.000000
vn 0.000000 -1.000000 0.000000
vn 0.000000 -1.000000 -0.000000
vn 0.000000 -1.000000 0.000000
vn 0.000000 -1.000000 0.000000
vn 0.000000 -1.000000 0.000000
vn 0.000000 -1.000000 -0.000000
vn 0.000000 -1.000000 -0.000000
vn 0.000000 -1.000000 0.000000
vn 0.000000 -1.000000 0.000000
vn 0.000000 -1.000000 -0.000000
vn 0.000000 -1.000000 -0.000000
vn 0.000000 -1.000000 -0.000000
vn 0.000000 -1.000000 -0.000000
vn 0.000000 -1.000000 -0.000000
vn 0.000000 -1.000000 0.000000
vn 0.000000 -1.000000 0.000000
vn 0.000000 -1.000000 -0.000000
vn 0.000000 -1.000000 0.000000
vn 0.000000 -1.000000 0.000000
vn 0.000000 -1.000000 0.000000
vn 0.000000 -1.000000 0.000000
vn 0.000000 -1.000000 0.000000
vn 0.000000 -1.000000 0.000000
vn 0.000000 -1.000000 0.000000
vn 0.000000 -1.000000 -0.000000
vn 0.000000 -1.000000 0.000000
vn 0.000000 -1.000000 0.000000
vn 0.000000 -1.000000 -0.000000
vn 0.000000 -1.000000 -0.000000
vn 0.000000 -1.000000 0.000000
vn 0.000000 -1.000000 -0.000000
vn 0.000000 -1.000000 -0.000000
vn 0.000000 -1.000000 0.000000
vn 0.000000 -1.000000 0.000000
vn 0.000000 -1.000000 -0.000000
vn 0.000000 -1.000000 -0.000000
vn 0.000000 -1.000000 -0.000000
vn 0.000000 -1.000000 0.000000
vn 0.000000 -1.000000 0.000000
vn 0.000000 -1.000000 0.000000
vn 0.000000 -1.000000 0.000000
vn 0.000000 -1.000000 0.000000
vn 0.000000 -1.000000 0.000000
vn 0.000000 -1.000000 0.000000
vn 0.000000 -1.000000 0.000000
vn 0.000000 -1.000000 -0.000000
vn 0.000000 -1.000000 -0.000000
vn 0.000000 -1.000000 0.000000
vn 0.000000 -1.000000 0.000000
vn 0.000000 -1.000000 -0.000000
vn 0.000000 -1.000000 0.000000
vn 0.000000 -1.000000 0.000000
vn 0.000000 -1.000000 0.000000
vn 0.000000 -1.000000 -0.000000
vn 0.000000 -1.000000 0.000000
vn 0.000000 -1.000000 -0.000000
vn 0.000000 -1.000000 -0.000000
vn 0.000000 -1.000000 0.000000
vn 0.000000 -1.000000 0.000000
vn 0.000000 -1.000000 0.000000
vn 0.987689 0.000000 -0.156431
vn 0.951056 0.000000 -0.309020
vn 0.951056 0.000000 -0.309020
vn 0.987689 0.000000 -0.156431
vn 0.891004 0.000000 -0.453996
vn 0.891004 0.000000 -0.453996
vn 0.809019 0.000000 -0.587783
vn 0.809019 0.000000 -0.587783
vn 0.707107 0.000000 -0.707107
vn 0.707107 0.000000 -0.707107
vn 0.587785 0.000000 -0.809017
vn 0.587785 0.000000 -0.809017
vn 0.453995 0.000000 -0.891004
vn 0.453995 0.000000 -0.891004
vn 0.309019 0.000000 -0.951056
vn 0.309019 0.000000 -0.951056
vn 0.156433 0.000000 -0.987689
vn 0.156433 0.000000 -0.987689
vn -0.000000 0.000000 -1.000000
vn -0.000000 0.000000 -1.000000
vn -0.156433 0.000000 -0.987689
vn -0.156433 0.000000 -0.987689
vn -0.309018 0.000000 -0.951056
vn -0.309018 0.000000 -0.951056
vn -0.453995 0.000000 -0.891005
vn -0.453995 0.000000 -0.891005
vn -0.587789 0.000000 -0.809014
vn -0.587789 0.000000 -0.809014
vn -0.707107 0.000000 -0.707107
vn -0.707107 0.000000 -0.707107
vn -0.809015 0.000000 -0.587789
vn -0.809015 0.000000 -0.587789
vn -0.891005 0.000000 -0.453994
vn -0.891005 0.000000 -0.453994
vn -0.951056 0.000000 -0.309018
vn -0.951056 0.000000 -0.309018
vn -0.987689 0.000000 -0.156433
vn -0.987689 0.000000 -0.156433
vn -1.000000 0.000000 0.000000
vn -1.000000 0.000000 0.000000
vn -0.987689 0.000000 0.156433
vn -0.987689 0.000000 0.156433
vn -0.951056 0.000000 0.309018
vn -0.951056 0.000000 0.309018
vn -0.891005 0.000000 0.453994
vn -0.891005 0.000000 0.453994
vn -0.809015 0.000000 0.587789
vn -0.809015 0.000000 0.587789
vn -0.707107 0.000000 0.707107
vn -0.707107 0.000000 0.707107
vn -0.587789 0.000000 0.809014
vn -0.587789 0.000000 0.809014
vn -0.453995 0.000000 0.891004
vn -0.453995 0.000000 0.891004
vn -0.309018 0.000000 0.951056
vn -0.309018 0.000000 0.951056
vn -0.156432 0.000000 0.987689
vn -0.156432 0.000000 0.987689
vn -0.000000 0.000000 1.000000
vn -0.000000 0.000000 1.000000
vn 0.156432 0.000000 0.987689
vn 0.156432 0.000000 0.987689
vn 0.309019 0.000000 0.951056
vn 0.309019 0.000000 0.951056
vn 0.453996 0.000000 0.891004
vn 0.453996 0.000000 0.891004
vn 0.587788 0.000000 0.809015
vn 0.587788 0.000000 0.809015
vn 0.707107 0.000000 0.707107
vn 0.707107 0.000000 0.707107
vn 0.809015 0.000000 0.587788
vn 0.809015 0.000000 0.587788
vn 0.891004 0.000000 0.453996
vn 0.891004 0.000000 0.453996
vn 0.951056 0.000000 0.309020
vn 0.951056 0.000000 0.309020
vn 0.987689 0.000000 0.156431
vn 0.987689 0.000000 0.156431
vn 1.000000 0.000000 0.000000
vn 1.000000 0.000000 0.000000
vn 0.000000 1.000000 0.000000
vn 0.000000 1.000000 -0.000000
vn 0.000000 1.000000 -0.000000
vn 0.000000 1.000000 0.000000
vn 0.000000 1.000000 -0.000000
vn 0.000000 1.000000 -0.000000
vn 0.000000 1.000000 0.000000
vn 0.000000 1.000000 0.000000
vn 0.000000 1.000000 0.000000
vn 0.000000 1.000000 0.000000
vn 0.000000 1.000000 0.000000
vn 0.000000 1.000000 0.000000
vn 0.000000 1.000000 0.000000
vn 0.000000 1.000000 0.000000
vn 0.000000 1.000000 0.000000
vn 0.000000 1.000000 0.000000
vn 0.000000 1.000000 -0.000000
vn 0.000000 1.000000 -0.000000
vn 0.000000 1.000000 -0.000000
vn 0.000000 1.000000 -0.000000
vn 0.000000 1.000000 0.000000
vn 0.000000 1.000000 0.000000
vn 0.000000 1.000000 0.000000
vn 0.000000 1.000000 0.000000
vn 0.000000 1.000000 0.000000
vn 0.000000 1.000000 0.000000
vn 0.000000 1.000000 -0.000000
vn 0.000000 1.000000 -0.000000
vn 0.000000 1.000000 -0.000000
vn 0.000000 1.000000 -0.000000
vn 0.000000 1.000000 -0.000000
vn 0.000000 1.000000 -0.000000
vn 0.000000 1.000000 0.000000
vn 0.000000 1.000000 0.000000
vn 0.000000 1.000000 0.000000
vn 0.000000 1.000000 0.000000
vn 0.000000 1.000000 -0.000000
vn 0.000000 1.000000 -0.000000
vn 0.000000 1.000000 -0.000000
vn 0.000000 1.000000 -0.000000
vn 0.000000 1.000000 0.000000
vn 0.000000 1.000000 0.000000
vn 0.000000 1.000000 0.000000
vn 0.000000 1.000000 0.000000
vn 0.000000 1.000000 0.000000
vn 0.000000 1.000000 0.000000
vn 0.000000 1.000000 0.000000
vn 0.000000 1.000000 0.000000
vn 0.000000 1.000000 0.000000
vn 0.000000 1.000000 0.000000
vn 0.000000 1.000000 0.000000
vn 0.000000 1.000000 0.000000
vn 0.000000 1.000000 0.000000
vn 0.000000 1.000000 0.000000
vn 0.000000 1.000000 0.000000
vn 0.000000 1.000000 0.000000
vn 0.000000 1.000000 0.000000
vn 0.000000 1.000000 0.000000
vn 0.000000 1.000000 0.000000
vn 0.000000 1.000000 0.000000
vn 0.000000 1.000000 0.000000
vn 0.000000 1.000000 0.000000
vn 0.000000 1.000000 -0.000000
vn 0.000000 1.000000 -0.000000
vn 0.000000 1.000000 -0.000000
vn 0.000000 1.000000 -0.000000
vn 0.000000 1.000000 0.000000
vn 0.000000 1.000000 0.000000
vn 0.000000 1.000000 0.000000
vn 0.000000 1.000000 0.000000
vn 0.000000 1.000000 0.000000
vn 0.000000 1.000000 0.000000
vn 0.000000 1.000000 0.000000
vn 0.000000 1.000000 0.000000
vn 0.000000 1.000000 0.000000
vn 0.000000 1.000000 0.000000
vn 0.000000 1.000000 -0.000000
vn 0.000000 1.000000 -0.000000
vn 0.000000 1.000000 -0.000000
vn 0.000000 1.000000 -0.000000
vn 0.000000 1.000000 -0.000001
vn 0.000000 1.000000 0.000000
vn 0.000000 1.000000 0.000001
vn 0.000000 1.000000 0.000000
vn 0.000000 1.000000 0.000000
vn 0.000000 1.000000 0.000000
vn 0.000000 1.000000 0.000000
vn 0.000000 1.000000 0.000000
vn 0.000000 1.000000 -0.000001
vn 0.000000 1.000000 -0.000000
vn 0.000000 1.000000 -0.000001
vn 0.000000 1.000000 -0.000001
vn 0.000000 1.000000 0.000000
vn 0.000000 1.000000 -0.000000
vn 0.000000 1.000000 0.000000
vn 0.000000 1.000000 0.000000
vn 0.000000 1.000000 0.000000
vn 0.000000 1.000000 0.000000
vn 0.000000 1.000000 -0.000000
vn 0.000000 1.000000 -0.000000
vn 0.000000 1.000000 0.000000
vn 0.000000 1.000000 0.000000
vn 0.000000 1.000000 0.000000
vn 0.000000 1.000000 0.000000
vn 0.000000 1.000000 -0.000000
vn 0.000000 1.000000 -0.000000
vn 0.000000 1.000000 0.000000
vn 0.000000 1.000000 0.000000
vn 0.000000 1.000000 -0.000001
vn 0.000000 1.000000 -0.000000
vn 0.000000 1.000000 -0.000001
vn 0.000000 1.000000 -0.000000
vn 0.000000 1.000000 0.000000
vn 0.000000 1.000000 0.000001
vn 0.000000 1.000000 0.000000
vn 0.000000 1.000000 -0.000000
vn 0.000000 1.000000 0.000000
vn 0.000000 1.000000 -0.000001
vn 0.000000 1.000000 0.000000
vn 0.000000 1.000000 -0.000000
vn 0.000000 1.000000 0.000001
vn 0.000000 1.000000 0.000001
vn 0.000000 1.000000 0.000001
vn 0.000000 1.000000 0.000000
vn 0.000000 1.000000 -0.000001
vn 0.000000 1.000000 -0.000001
vn 0.000000 1.000000 -0.000001
vn 0.000000 1.000000 -0.000000
vn 0.000000 1.000000 -0.000001
vn 0.000000 1.000000 -0.000001
vn 0.000000 1.000000 -0.000000
vn 0.000000 1.000000 -0.000000
vn 0.000000 1.000000 0.000001
vn 0.000000 1.000000 0.000001
vn 0.000000 1.000000 -0.000000
vn 0.000000 1.000000 -0.000000
vn 0.000000 1.000000 -0.000000
vn 0.000000 1.000000 -0.000000
vn 0.000000 1.000000 0.000001
vn 0.000000 1.000000 0.000000
vn 0.000000 1.000000 0.000000
vn 0.000000 1.000000 0.000000
vn 0.000000 1.000000 -0.000000
vn 0.000000 1.000000 -0.000000
vn 0.000000 1.000000 0.000000
vn 0.000000 1.000000 0.000000
vn 0.000000 1.000000 0.000000
vn 0.000000 1.000000 0.000000
vn 0.000000 1.000000 0.000000
vn 0.000000 1.000000 -0.000000
vn 0.000000 1.000000 0.000000
vn 0.000000 1.000000 0.000000
vn 0.000000 1.000000 0.000000
vn 0.000000 1.000000 0.000000
vn 0.000000 1.000000 0.000000
vn 0.000000 1.000000 -0.000001
vn 0.000000 1.000000 0.000001
vn 0.000000 1.000000 -0.000000
vn 0.000000 1.000000 -0.000000
vn 0.000000 1.000000 -0.000000
vn 0.000000 1.000000 0.000000
vn 0.000000 1.000000 -0.000000
vn 0.000000 1.000000 -0.000000
vn 0.000000 1.000000 -0.000000
vn 0.000000 1.000000 -0.000000
vn 0.000000 1.000000 0.000000
vn 0.000000 1.000000 0.000000
vn 0.000000 1.000000 0.000000
vn 0.000000 1.000000 0.000000
vn 0.000000 1.000000 0.000000
vn 0.000000 1.000000 0.000000
vn 0.000000 1.000000 -0.000000
vn 0.000000 1.000000 -0.000000
vn 0.000000 1.000000 -0.000000
vn 0.000000 1.000000 0.000000
vn 0.000000 1.000000 -0.000000
vn 0.000000 1.000000 -0.000000
vn 0.000000 1.000000 -0.000000
vn 0.000000 1.000000 0.000000
vn 0.000000 1.000000 -0.000000
vn 0.000000 1.000000 0.000000
vn 0.000000 1.000000 0.000000
vn 0.000000 1.000000 0.000000
vn 0.000000 1.000000 0.000000
vn 0.000000 1.000000 0.000000
vn 0.000000 1.000000 0.000000
vn 0.000000 1.000000 0.000000
vn 0.000000 1.000000 0.000000
vn 0.000000 1.000000 0.000000
vn 0.000000 1.000000 0.000000
vn 0.000000 1.000000 0.000000
vn 0.000000 1.000000 0.000000
vn 0.000000 1.000000 0.000000
vn 0.000000 1.000000 0.000000
vn 0.000000 1.000000 0.000000
vn 0.000000 1.000000 0.000000
vn 0.000000 1.000000 0.000000
vn 0.000000 1.000000 -0.000000
vn 0.000000 1.000000 -0.000000
vn 0.000000 1.000000 0.000000
vn 0.000000 1.000000 0.000000
vn 0.000000 1.000000 0.000000
vn 0.000000 1.000000 0.000000
vn 0.000000 1.000000 -0.000000
vn 0.000000 1.000000 0.000000
vn 0.000000 1.000000 0.000000
vn 0.000000 1.000000 0.000000
vn 0.000000 1.000000 0.000000
vn 0.000000 1.000000 0.000000
vn 0.000000 1.000000 0.000000
vn 0.000000 1.000000 0.000000
vn 0.000000 1.000000 0.000000
vn 0.000000 1.000000 0.000000
vn 0.000000 1.000000 0.000000
vn 0.000000 1.000000 0.000000
vn 0.000000 1.000000 0.000000
vn 0.000000 1.000000 -0.000000
vn 0.000000 1.000000 0.000000
vn 0.000000 1.000000 0.000000
vn 0.000000 1.000000 0.000000
vn 0.000000 1.000000 0.000000
vn 0.000000 1.000000 0.000000
vn 0.000000 1.000000 0.000000
vn 0.000000 1.000000 0.000000
vn 0.000000 1.000000 0.000000
vn 0.000000 1.000000 0.000000
vn 0.000000 1.000000 0.000000
vn 0.000000 1.000000 0.000000
vn 0.000000 1.000000 0.000000
vn 0.000000 1.000000 0.000000
vn 0.000000 1.000000 -0.000000
vn 0.000000 1.000000 -0.000000
vn 0.000000 1.000000 0.000000
vn 0.000000 1.000000 -0.000000
vn 0.000000 1.000000 -0.000000
vn 0.000000 1.000000 -0.000000
vn 0.000000 1.000000 -0.000000
vn 0.000000 1.000000 0.000000
vn 0.000000 1.000000 0.000000
vn 0.000000 1.000000 -0.000000
vn 0.000000 1.000000 -0.000000
vn 0.000000 1.000000 -0.000000
vn 0.000000 1.000000 0.000000
vn 0.000000 1.000000 -0.000000
vn 0.000000 1.000000 -0.000000
vn 0.000000 1.000000 -0.000000
vn 0.000000 1.000000 -0.000000
vn 0.000000 1.000000 -0.000000
vn 0.000000 1.000000 0.000000
vn 0.000000 1.000000 -0.000000
vn 0.000000 1.000000 -0.000000
vn 0.000000 1.000000 -0.000000
vn 0.000000 1.000000 0.000000
vn 0.000000 1.000000 -0.000000
vn 0.000000 1.000000 -0.000000
vn 0.000000 1.000000 0.000000
vn 0.000000 1.000000 -0.000000
vn 0.000000 1.000000 -0.000000
vn 0.000000 1.000000 0.000000
vn 0.000000 1.000000 0.000000
vn 0.000000 1.000000 -0.000000
vn 0.000000 1.000000 0.000000
vn 0.000000 1.000000 0.000000
vn 0.000000 1.000000 -0.000000
vn 0.000000 1.000000 0.000000
vn 0.000000 1.000000 0.000000
vn 0.000000 1.000000 -0.000000
vn 0.000000 1.000000 0.000000
vn 0.000000 1.000000 0.000000
vn 0.000000 1.000000 0.000000
vn 0.000000 1.000000 0.000000
vn 0.000000 1.000000 0.000000
vn 0.000000 1.000000 0.000000
vn 0.000000 1.000000 0.000000
vn 0.000000 1.000000 0.000000
vn 0.000000 1.000000 0.000000
vn 0.000000 1.000000 -0.000000
vn 0.000000 1.000000 0.000000
vn 0.000000 1.000000 0.000000
vn 0.000000 1.000000 0.000000
vn 0.000000 -1.000000 0.000000
vn 0.000000 -1.000000 0.000006
vn 0.000000 -1.000000 -0.000000
vn 0.000000 -1.000000 -0.000006
vn 0.000000 -1.000000 -0.000006
vn 0.000000 -1.000000 0.000000
vn 0.000000 -1.000000 0.000000
vn 0.000000 -1.000000 0.000003
vn 0.000000 -1.000000 0.000001
vn 0.000000 -1.000000 -0.000001
vn 0.000000 -1.000000 0.000000
vn 0.000000 -1.000000 0.000003
vn 0.000000 -1.000000 0.000003
vn 0.000000 -1.000000 0.000000
vn 0.000000 -1.000000 0.000000
vn 0.000000 -1.000000 0.000000
vn 0.000000 -1.000000 0.000000
vn 0.000000 -1.000000 0.000000
vn 0.000000 -1.000000 0.000000
vn 0.000000 -1.000000 0.000000
vn 0.000000 -1.000000 0.000000
vn 0.000000 -1.000000 0.000000
vn 0.000000 -1.000000 0.000000
vn 0.000000 -1.000000 0.000000
vn 0.000000 -1.000000 0.000000
vn 0.000000 -1.000000 0.000000
vn 0.000000 -1.000000 0.000000
vn 0.000000 -1.000000 0.000000
vn 0.000000 -1.000000 -0.000001
vn 0.000000 -1.000000 -0.000001
vn 0.000000 -1.000000 0.000000
vn 0.000000 -1.000000 0.000003
vn 0.000000 -1.000000 0.000000
vn 0.000000 -1.000000 -0.000003
vn 0.000000 -1.000000 -0.000006
vn 0.000000 -1.000000 -0.000006
vn 0.000000 -1.000000 0.000000
vn 0.000000 -1.000000 0.000006
vn 0.000000 -1.000000 0.000006
vn 0.000000 -1.000000 -0.000006
vn 0.000000 -1.000000 0.000000
vn 0.000000 1.000000 0.000000
vn 0.749252 0.651567 -0.118667
vn 0.721466 0.651564 -0.234417
vn 0.857212 0.433145 -0.278519
vn 0.890229 0.433146 -0.140990
vn -0.799526 -0.541549 0.259777
vn -0.830322 -0.541547 0.131500
vn -0.929389 -0.338481 0.147196
vn -0.894920 -0.338483 0.290771
vn 0.675916 0.651561 -0.344391
vn 0.803088 0.433144 -0.409190
vn -0.749042 -0.541550 0.381655
vn -0.838415 -0.338482 0.427189
vn 0.613717 0.651562 -0.445891
vn 0.729189 0.433144 -0.529782
vn -0.680114 -0.541550 0.494134
vn -0.761261 -0.338482 0.553092
vn 0.536404 0.651565 -0.536408
vn 0.637330 0.433145 -0.637336
vn -0.594440 -0.541549 0.594446
vn -0.665360 -0.338482 0.665376
vn 0.445885 0.651568 -0.613715
vn 0.529779 0.433145 -0.729191
vn -0.494138 -0.541549 0.680112
vn -0.553095 -0.338483 0.761259
vn 0.344393 0.651566 -0.675910
vn 0.409197 0.433145 -0.803084
vn -0.381664 -0.541548 0.749038
vn -0.427203 -0.338482 0.838408
vn 0.234421 0.651564 -0.721465
vn 0.278530 0.433144 -0.857209
vn -0.259779 -0.541548 0.799525
vn -0.290773 -0.338484 0.894919
vn 0.118668 0.651564 -0.749254
vn 0.140992 0.433144 -0.890229
vn -0.131501 -0.541548 0.830321
vn -0.147197 -0.338482 0.929389
vn 0.000000 0.651566 -0.758592
vn -0.000000 0.433144 -0.901325
vn 0.000000 -0.541547 0.840670
vn 0.000000 -0.338481 0.940973
vn -0.118668 0.651565 -0.749254
vn -0.140993 0.433144 -0.890229
vn 0.131503 -0.541547 0.830322
vn 0.147197 -0.338480 0.929389
vn -0.234418 0.651565 -0.721465
vn -0.278529 0.433146 -0.857208
vn 0.259776 -0.541547 0.799527
vn 0.290770 -0.338483 0.894920
vn -0.344393 0.651566 -0.675911
vn -0.409194 0.433145 -0.803085
vn 0.381663 -0.541547 0.749039
vn 0.427202 -0.338483 0.838408
vn -0.445886 0.651570 -0.613713
vn -0.529781 0.433147 -0.729188
vn 0.494140 -0.541545 0.680114
vn 0.553093 -0.338481 0.761261
vn -0.536403 0.651570 -0.536403
vn -0.637332 0.433146 -0.637332
vn 0.594445 -0.541546 0.594444
vn 0.665368 -0.338482 0.665368
vn -0.613712 0.651570 -0.445886
vn -0.729188 0.433146 -0.529783
vn 0.680113 -0.541546 0.494140
vn 0.761260 -0.338480 0.553095
vn -0.675910 0.651567 -0.344393
vn -0.803085 0.433145 -0.409195
vn 0.749039 -0.541550 0.381660
vn 0.838410 -0.338484 0.427196
vn -0.721464 0.651565 -0.234420
vn -0.857208 0.433145 -0.278531
vn 0.799523 -0.541553 0.259776
vn 0.894920 -0.338483 0.290771
vn -0.749254 0.651565 -0.118668
vn -0.890229 0.433144 -0.140993
vn 0.830318 -0.541551 0.131507
vn 0.929387 -0.338482 0.147206
vn -0.758592 0.651565 -0.000000
vn -0.901325 0.433144 0.000000
vn 0.840670 -0.541548 0.000000
vn 0.940973 -0.338481 -0.000000
vn -0.749254 0.651565 0.118668
vn -0.890229 0.433144 0.140993
vn 0.830319 -0.541551 -0.131507
vn 0.929387 -0.338482 -0.147206
vn -0.721464 0.651565 0.234420
vn -0.857208 0.433145 0.278531
vn 0.799523 -0.541553 -0.259775
vn 0.894920 -0.338483 -0.290771
vn -0.675910 0.651567 0.344393
vn -0.803085 0.433145 0.409195
vn 0.749038 -0.541551 -0.381660
vn 0.838411 -0.338484 -0.427196
vn -0.613713 0.651569 0.445886
vn -0.729190 0.433146 0.529780
vn 0.680113 -0.541546 -0.494139
vn 0.761261 -0.338480 -0.553094
vn -0.536403 0.651569 0.536404
vn -0.637332 0.433145 0.637332
vn 0.594445 -0.541545 -0.594444
vn 0.665369 -0.338482 -0.665368
vn -0.445886 0.651569 0.613713
vn -0.529779 0.433146 0.729190
vn 0.494139 -0.541545 -0.680114
vn 0.553092 -0.338481 -0.761262
vn -0.344393 0.651566 0.675910
vn -0.409194 0.433145 0.803085
vn 0.381666 -0.541548 -0.749037
vn 0.427203 -0.338483 -0.838407
vn -0.234420 0.651564 0.721465
vn -0.278531 0.433146 0.857208
vn 0.259777 -0.541549 -0.799525
vn 0.290771 -0.338484 -0.894919
vn -0.118668 0.651564 0.749254
vn -0.140994 0.433145 0.890228
vn 0.131501 -0.541548 -0.830321
vn 0.147196 -0.338482 -0.929389
vn 0.000000 0.651566 0.758592
vn 0.000000 0.433145 0.901324
vn 0.000000 -0.541547 -0.840670
vn -0.000000 -0.338481 -0.940973
vn 0.118668 0.651564 0.749254
vn 0.140993 0.433144 0.890229
vn -0.131500 -0.541548 -0.830321
vn -0.147196 -0.338482 -0.929389
vn 0.234421 0.651564 0.721464
vn 0.278526 0.433144 0.857211
vn -0.259779 -0.541548 -0.799525
vn -0.290774 -0.338484 -0.894918
vn 0.344394 0.651566 0.675910
vn 0.409197 0.433144 0.803084
vn -0.381666 -0.541548 -0.749037
vn -0.427204 -0.338482 -0.838407
vn 0.445887 0.651569 0.613712
vn 0.529787 0.433145 0.729185
vn -0.494137 -0.541544 -0.680116
vn -0.553090 -0.338480 -0.761264
vn 0.536404 0.651569 0.536403
vn 0.637334 0.433145 0.637331
vn -0.594447 -0.541542 -0.594446
vn -0.665364 -0.338481 -0.665372
vn 0.613711 0.651567 0.445892
vn 0.729184 0.433144 0.529789
vn -0.680117 -0.541543 -0.494137
vn -0.761265 -0.338479 -0.553090
vn 0.675913 0.651563 0.344395
vn 0.803082 0.433145 0.409199
vn -0.749037 -0.541548 -0.381665
vn -0.838412 -0.338482 -0.427196
vn 0.721468 0.651562 0.234417
vn 0.857212 0.433143 0.278520
vn -0.799525 -0.541549 -0.259777
vn -0.894920 -0.338484 -0.290771
vn 0.749254 0.651565 0.118668
vn 0.890229 0.433144 0.140990
vn -0.830321 -0.541548 -0.131500
vn -0.929389 -0.338481 -0.147196
vn 0.758591 0.651567 0.000003
vn 0.901324 0.433145 0.000001
vn -0.840670 -0.541547 0.000000
vn -0.940973 -0.338481 0.000000
vn 0.905039 0.307303 -0.294058
vn 0.939898 0.307302 -0.148855
vn -0.957550 -0.245150 0.151659
vn -0.922037 -0.245152 0.299582
vn 0.847893 0.307305 -0.432020
vn -0.863820 -0.245151 0.440132
vn 0.769873 0.307304 -0.559338
vn -0.784328 -0.245151 0.569852
vn 0.672888 0.307303 -0.672895
vn -0.685519 -0.245151 0.685540
vn 0.559336 0.307301 -0.769876
vn -0.569854 -0.245152 0.784326
vn 0.432030 0.307302 -0.847889
vn -0.440148 -0.245152 0.863812
vn 0.294072 0.307303 -0.905034
vn -0.299584 -0.245153 0.922036
vn 0.148857 0.307302 -0.939897
vn -0.151659 -0.245152 0.957549
vn 0.000000 0.307302 -0.951612
vn 0.000000 -0.245150 0.969485
vn -0.148859 0.307302 -0.939897
vn 0.151659 -0.245151 0.957549
vn -0.294072 0.307303 -0.905034
vn 0.299580 -0.245153 0.922037
vn -0.432025 0.307303 -0.847891
vn 0.440147 -0.245153 0.863812
vn -0.559339 0.307302 -0.769874
vn 0.569851 -0.245152 0.784328
vn -0.672891 0.307301 -0.672892
vn 0.685530 -0.245151 0.685529
vn -0.769872 0.307302 -0.559341
vn 0.784327 -0.245151 0.569853
vn -0.847891 0.307302 -0.432025
vn 0.863816 -0.245152 0.440140
vn -0.905033 0.307303 -0.294074
vn 0.922037 -0.245150 0.299582
vn -0.939897 0.307302 -0.148858
vn 0.957548 -0.245150 0.151671
vn -0.951612 0.307302 0.000000
vn 0.969485 -0.245151 -0.000000
vn -0.939897 0.307302 0.148858
vn 0.957548 -0.245150 -0.151671
vn -0.905033 0.307303 0.294074
vn 0.922037 -0.245150 -0.299581
vn -0.847891 0.307303 0.432026
vn 0.863816 -0.245151 -0.440139
vn -0.769876 0.307301 0.559336
vn 0.784328 -0.245151 -0.569852
vn -0.672892 0.307301 0.672891
vn 0.685530 -0.245151 -0.685528
vn -0.559336 0.307302 0.769876
vn 0.569850 -0.245152 -0.784329
vn -0.432024 0.307303 0.847892
vn 0.440147 -0.245153 -0.863812
vn -0.294074 0.307304 0.905033
vn 0.299582 -0.245153 -0.922036
vn -0.148859 0.307303 0.939897
vn 0.151659 -0.245151 -0.957549
vn 0.000000 0.307303 0.951612
vn 0.000000 -0.245150 -0.969485
vn 0.148858 0.307303 0.939897
vn -0.151659 -0.245151 -0.957549
vn 0.294064 0.307302 0.905037
vn -0.299586 -0.245154 -0.922035
vn 0.432029 0.307301 0.847890
vn -0.440148 -0.245152 -0.863811
vn 0.559347 0.307300 0.769869
vn -0.569847 -0.245152 -0.784331
vn 0.672893 0.307301 0.672890
vn -0.685523 -0.245152 -0.685535
vn 0.769868 0.307302 0.559346
vn -0.784332 -0.245150 -0.569847
vn 0.847887 0.307304 0.432032
vn -0.863817 -0.245151 -0.440137
vn 0.905038 0.307303 0.294059
vn -0.922037 -0.245152 -0.299581
vn 0.939898 0.307302 0.148853
vn -0.957549 -0.245150 -0.151659
vn 0.951612 0.307302 0.000000
vn -0.969485 -0.245150 0.000000
vn 0.951057 0.000000 -0.309016
vn 0.987690 0.000000 -0.156423
vn -0.951046 0.000000 0.309051
vn -0.987682 0.000000 0.156476
vn -0.987682 0.000000 0.156476
vn -0.951046 0.000000 0.309051
vn 0.891005 0.000000 -0.453993
vn -0.891014 0.000000 0.453976
vn -0.891014 0.000000 0.453976
vn 0.809027 0.000000 -0.587772
vn -0.809055 0.000000 0.587733
vn -0.809055 0.000000 0.587733
vn 0.707109 0.000000 -0.707104
vn -0.707137 0.000000 0.707077
vn -0.707137 0.000000 0.707077
vn 0.587773 0.000000 -0.809026
vn -0.587762 0.000000 0.809034
vn -0.587762 0.000000 0.809034
vn 0.453999 0.000000 -0.891002
vn -0.453946 0.000000 0.891029
vn -0.453946 0.000000 0.891029
vn 0.309028 0.000000 -0.951053
vn -0.309027 0.000000 0.951053
vn -0.309027 0.000000 0.951053
vn 0.156424 0.000000 -0.987690
vn -0.156484 0.000000 0.987680
vn -0.156484 0.000000 0.987680
vn 0.000000 0.000000 -1.000000
vn -0.000000 0.000000 1.000000
vn -0.000000 0.000000 1.000000
vn -0.156427 0.000000 -0.987690
vn 0.156483 0.000000 0.987681
vn 0.156483 0.000000 0.987681
vn -0.309034 0.000000 -0.951051
vn 0.309029 0.000000 0.951053
vn 0.309029 0.000000 0.951053
vn -0.453990 0.000000 -0.891007
vn 0.453974 0.000000 0.891015
vn 0.453974 0.000000 0.891015
vn -0.587774 0.000000 -0.809025
vn 0.587734 0.000000 0.809054
vn 0.587734 0.000000 0.809054
vn -0.707107 0.000000 -0.707107
vn 0.707110 0.000000 0.707103
vn 0.707110 0.000000 0.707103
vn -0.809022 0.000000 -0.587778
vn 0.809055 0.000000 0.587732
vn 0.809055 0.000000 0.587732
vn -0.891007 0.000000 -0.453990
vn 0.891002 0.000000 0.453999
vn 0.891002 0.000000 0.453999
vn -0.951051 0.000000 -0.309035
vn 0.951043 0.000000 0.309057
vn 0.951043 0.000000 0.309057
vn -0.987690 0.000000 -0.156427
vn 0.987690 0.000000 0.156424
vn 0.987690 0.000000 0.156424
vn -1.000000 0.000000 0.000000
vn 1.000000 0.000000 -0.000000
vn 1.000000 0.000000 -0.000000
vn -0.987690 0.000000 0.156427
vn 0.987690 0.000000 -0.156426
vn 0.987690 0.000000 -0.156426
vn -0.951051 0.000000 0.309034
vn 0.951042 0.000000 -0.309061
vn 0.951042 0.000000 -0.309061
vn -0.891006 0.000000 0.453991
vn 0.891003 0.000000 -0.453997
vn 0.891003 0.000000 -0.453997
vn -0.809032 0.000000 0.587765
vn 0.809057 0.000000 -0.587730
vn 0.809057 0.000000 -0.587730
vn -0.707109 0.000000 0.707105
vn 0.707111 0.000000 -0.707103
vn 0.707111 0.000000 -0.707103
vn -0.587766 0.000000 0.809031
vn 0.587730 0.000000 -0.809057
vn 0.587730 0.000000 -0.809057
vn -0.453988 0.000000 0.891008
vn 0.453974 0.000000 -0.891015
vn 0.453974 0.000000 -0.891015
vn -0.309033 0.000000 0.951051
vn 0.309039 0.000000 -0.951049
vn 0.309039 0.000000 -0.951049
vn -0.156429 0.000000 0.987689
vn 0.156478 0.000000 -0.987682
vn 0.156478 0.000000 -0.987682
vn 0.000000 0.000000 1.000000
vn 0.000000 0.000000 -1.000000
vn 0.000000 0.000000 -1.000000
vn 0.156426 0.000000 0.987690
vn -0.156478 0.000000 -0.987681
vn -0.156478 0.000000 -0.987681
vn 0.309007 0.000000 0.951060
vn -0.309038 0.000000 -0.951050
vn -0.309038 0.000000 -0.951050
vn 0.453998 0.000000 0.891003
vn -0.453946 0.000000 -0.891029
vn -0.453946 0.000000 -0.891029
vn 0.587789 0.000000 0.809014
vn -0.587758 0.000000 -0.809036
vn -0.587758 0.000000 -0.809036
vn 0.707111 0.000000 0.707102
vn -0.707110 0.000000 -0.707103
vn -0.707110 0.000000 -0.707103
vn 0.809025 0.000000 0.587775
vn -0.809057 0.000000 -0.587730
vn -0.809057 0.000000 -0.587730
vn 0.891000 0.000000 0.454003
vn -0.891026 0.000000 -0.453952
vn -0.891026 0.000000 -0.453952
vn 0.951057 0.000000 0.309016
vn -0.951044 0.000000 -0.309054
vn -0.951044 0.000000 -0.309054
vn 0.987691 0.000000 0.156420
vn -0.987682 0.000000 -0.156478
vn -0.987682 0.000000 -0.156478
vn 1.000000 0.000000 0.000000
vn -1.000000 0.000000 0.000000
vn -1.000000 0.000000 0.000000
vn 0.000000 -1.000000 -0.000001
vn 0.000000 -1.000000 -0.000001
vn 0.000000 -1.000000 -0.000001
vn 0.000000 -1.000000 -0.000001
vn 0.000000 1.000000 0.000001
vn 0.000000 1.000000 0.000001
vn 0.000000 -1.000000 0.000000
vn 0.000000 -1.000000 0.000000
vn 0.000000 1.000000 0.000000
vn 0.000000 -1.000000 0.000000
vn 0.000000 -1.000000 0.000000
vn 0.000000 1.000000 0.000000
vn 0.000000 -1.000000 0.000000
vn 0.000000 -1.000000 0.000000
vn 0.000000 1.000000 0.000000
vn 0.000000 -1.000000 0.000000
vn 0.000000 -1.000000 0.000000
vn 0.000000 1.000000 -0.000001
vn 0.000000 -1.000000 0.000000
vn 0.000000 -1.000000 0.000000
vn 0.000000 1.000000 -0.000001
vn 0.000000 -1.000000 0.000000
vn 0.000000 -1.000000 0.000000
vn 0.000000 1.000000 0.000000
vn 0.000000 -1.000000 0.000000
vn 0.000000 -1.000000 0.000000
vn 0.000000 1.000000 0.000000
vn 0.000000 -1.000000 0.000000
vn 0.000000 -1.000000 0.000000
vn 0.000000 1.000000 0.000000
vn 0.000000 -1.000000 0.000000
vn 0.000000 -1.000000 0.000000
vn 0.000000 1.000000 0.000000
vn 0.000000 -1.000000 0.000001
vn 0.000000 -1.000000 0.000001
vn 0.000000 1.000000 0.000000
vn 0.000000 -1.000000 0.000001
vn 0.000000 -1.000000 0.000001
vn 0.000000 1.000000 0.000000
vn 0.000000 -1.000000 0.000000
vn 0.000000 -1.000000 0.000000
vn 0.000000 1.000000 0.000000
vn 0.000000 -1.000000 0.000000
vn 0.000000 -1.000000 0.000000
vn 0.000000 1.000000 0.000000
vn 0.000000 -1.000000 0.000000
vn 0.000000 -1.000000 0.000000
vn 0.000000 1.000000 0.000000
vn 0.000000 -1.000000 -0.000001
vn 0.000000 -1.000000 -0.000001
vn 0.000000 1.000000 0.000001
vn 0.000000 -1.000000 -0.000002
vn 0.000000 -1.000000 -0.000002
vn 0.000000 1.000000 0.000000
vn 0.000000 -1.000000 -0.000001
vn 0.000000 -1.000000 -0.000001
vn 0.000000 1.000000 -0.000002
vn 0.000000 -1.000000 0.000000
vn 0.000000 -1.000000 0.000000
vn 0.000000 1.000000 0.000000
vn 0.000000 -1.000000 0.000001
vn 0.000000 -1.000000 0.000001
vn 0.000000 1.000000 0.000002
vn 0.000000 -1.000000 0.000001
vn 0.000000 -1.000000 0.000001
vn 0.000000 1.000000 -0.000000
vn 0.000000 -1.000000 0.000000
vn 0.000000 -1.000000 0.000000
vn 0.000000 1.000000 -0.000001
vn 0.000000 -1.000000 0.000001
vn 0.000000 -1.000000 0.000001
vn 0.000000 1.000000 0.000000
vn 0.000000 -1.000000 0.000001
vn 0.000000 -1.000000 0.000001
vn 0.000000 1.000000 -0.000001
vn 0.000000 -1.000000 0.000000
vn 0.000000 -1.000000 0.000000
vn 0.000000 1.000000 0.000000
vn 0.000000 -1.000000 0.000000
vn 0.000000 -1.000000 0.000000
vn 0.000000 1.000000 0.000001
vn 0.000000 -1.000000 0.000000
vn 0.000000 -1.000000 0.000000
vn 0.000000 1.000000 -0.000000
vn 0.000000 -1.000000 0.000000
vn 0.000000 -1.000000 0.000000
vn 0.000000 1.000000 -0.000000
vn 0.000000 -1.000000 0.000000
vn 0.000000 -1.000000 0.000000
vn 0.000000 1.000000 0.000000
vn 0.000000 -1.000000 -0.000000
vn 0.000000 -1.000000 -0.000000
vn 0.000000 1.000000 -0.000000
vn 0.000000 -1.000000 -0.000000
vn 0.000000 -1.000000 -0.000000
vn 0.000000 1.000000 -0.000000
vn 0.000000 -1.000000 0.000000
vn 0.000000 -1.000000 0.000000
vn 0.000000 1.000000 0.000000
vn 0.000000 -1.000000 0.000000
vn 0.000000 -1.000000 0.000000
vn 0.000000 1.000000 0.000000
vn 0.000000 -1.000000 0.000000
vn 0.000000 -1.000000 0.000000
vn 0.000000 1.000000 -0.000001
vn 0.000000 -1.000000 0.000000
vn 0.000000 -1.000000 0.000000
vn 0.000000 1.000000 0.000000
vn 0.000000 -1.000000 0.000001
vn 0.000000 -1.000000 0.000001
vn 0.000000 1.000000 0.000000
vn 0.000000 -1.000000 0.000002
vn 0.000000 -1.000000 0.000002
vn 0.000000 1.000000 -0.000001
vn 0.000000 -1.000000 0.000001
vn 0.000000 -1.000000 0.000001
vn 0.000000 1.000000 -0.000001
vn 0.000000 -1.000000 0.000000
vn 0.000000 -1.000000 0.000000
vn 0.000000 1.000000 0.000000
vn 0.947684 -0.084145 -0.307921
vn 0.984187 -0.084145 -0.155872
vn 0.981757 -0.109443 -0.155486
vn 0.945344 -0.109442 -0.307159
vn 0.887844 -0.084143 -0.452385
vn 0.885653 -0.109442 -0.451267
vn 0.806152 -0.084144 -0.585696
vn 0.804160 -0.109442 -0.584251
vn 0.704597 -0.084145 -0.704601
vn 0.702857 -0.109443 -0.702861
vn 0.585697 -0.084145 -0.806151
vn 0.584250 -0.109443 -0.804161
vn 0.452371 -0.084146 -0.887851
vn 0.451254 -0.109443 -0.885659
vn 0.307916 -0.084145 -0.947685
vn 0.307157 -0.109442 -0.945345
vn 0.155889 -0.084144 -0.984184
vn 0.155504 -0.109442 -0.981754
vn 0.000000 -0.084144 -0.996454
vn -0.000000 -0.109442 -0.993993
vn -0.155892 -0.084144 -0.984184
vn -0.155507 -0.109442 -0.981754
vn -0.307896 -0.084144 -0.947692
vn -0.307136 -0.109442 -0.945352
vn -0.452371 -0.084144 -0.887852
vn -0.451253 -0.109442 -0.885660
vn -0.585714 -0.084145 -0.806138
vn -0.584268 -0.109443 -0.804147
vn -0.704606 -0.084145 -0.704592
vn -0.702866 -0.109442 -0.702852
vn -0.806143 -0.084145 -0.585707
vn -0.804153 -0.109442 -0.584261
vn -0.887846 -0.084145 -0.452382
vn -0.885653 -0.109443 -0.451266
vn -0.947683 -0.084145 -0.307922
vn -0.945343 -0.109443 -0.307162
vn -0.984184 -0.084144 -0.155891
vn -0.981754 -0.109442 -0.155507
vn -0.996454 -0.084144 -0.000000
vn -0.993993 -0.109442 0.000000
vn -0.984184 -0.084144 0.155889
vn -0.981754 -0.109442 0.155505
vn -0.947683 -0.084145 0.307923
vn -0.945343 -0.109443 0.307163
vn -0.887843 -0.084145 0.452388
vn -0.885650 -0.109443 0.451272
vn -0.806150 -0.084144 0.585698
vn -0.804160 -0.109442 0.584251
vn -0.704607 -0.084144 0.704591
vn -0.702868 -0.109442 0.702851
vn -0.585705 -0.084145 0.806145
vn -0.584259 -0.109443 0.804154
vn -0.452383 -0.084144 0.887846
vn -0.451266 -0.109442 0.885653
vn -0.307920 -0.084144 0.947684
vn -0.307160 -0.109442 0.945344
vn -0.155892 -0.084145 0.984184
vn -0.155505 -0.109443 0.981754
vn 0.000000 -0.084146 0.996454
vn -0.000000 -0.109443 0.993993
vn 0.155889 -0.084145 0.984184
vn 0.155502 -0.109443 0.981754
vn 0.307923 -0.084144 0.947683
vn 0.307164 -0.109442 0.945343
vn 0.452384 -0.084143 0.887845
vn 0.451267 -0.109442 0.885653
vn 0.585699 -0.084143 0.806149
vn 0.584252 -0.109442 0.804159
vn 0.704599 -0.084143 0.704599
vn 0.702859 -0.109441 0.702860
vn 0.806151 -0.084144 0.585697
vn 0.804161 -0.109442 0.584250
vn 0.887848 -0.084143 0.452379
vn 0.885655 -0.109442 0.451262
vn 0.947682 -0.084144 0.307925
vn 0.945342 -0.109442 0.307166
vn 0.984185 -0.084145 0.155885
vn 0.981755 -0.109443 0.155498
vn 0.996453 -0.084146 0.000000
vn 0.993993 -0.109443 0.000000
vn 0.928083 -0.342142 -0.146975
vn 0.893661 -0.342144 -0.290359
vn 0.837237 -0.342143 -0.426582
vn 0.760180 -0.342144 -0.552325
vn 0.664429 -0.342145 -0.664433
vn 0.552298 -0.342144 -0.760201
vn 0.426582 -0.342137 -0.837240
vn 0.290374 -0.342138 -0.893658
vn 0.147001 -0.342143 -0.928078
vn -0.000000 -0.342148 -0.939646
vn -0.147006 -0.342143 -0.928077
vn -0.290343 -0.342141 -0.893667
vn -0.426580 -0.342142 -0.837239
vn -0.552327 -0.342140 -0.760181
vn -0.664445 -0.342140 -0.664420
vn -0.760190 -0.342142 -0.552313
vn -0.837231 -0.342141 -0.426596
vn -0.893657 -0.342142 -0.290373
vn -0.928076 -0.342145 -0.147009
vn -0.939646 -0.342149 0.000001
vn -0.928076 -0.342145 0.147007
vn -0.893656 -0.342143 0.290373
vn -0.837226 -0.342141 0.426604
vn -0.760198 -0.342144 0.552301
vn -0.664444 -0.342144 0.664418
vn -0.552312 -0.342142 0.760191
vn -0.426596 -0.342147 0.837228
vn -0.290378 -0.342147 0.893653
vn -0.146986 -0.342143 0.928080
vn -0.000000 -0.342143 0.939648
vn 0.146982 -0.342143 0.928081
vn 0.290376 -0.342146 0.893654
vn 0.426598 -0.342148 0.837227
vn 0.552300 -0.342148 0.760197
vn 0.664428 -0.342149 0.664432
vn 0.760198 -0.342149 0.552298
vn 0.837232 -0.342147 0.426588
vn 0.893653 -0.342149 0.290377
vn 0.928083 -0.342143 0.146973
vn 0.939649 -0.342141 0.000001
vn 0.900929 0.000000 -0.433966
vn 0.623732 0.000000 -0.781639
vn 0.630931 0.082648 -0.771424
vn 0.898332 0.109359 -0.425488
vn 0.222776 0.000000 -0.974870
vn 0.237435 0.038892 -0.970625
vn -0.222861 0.000000 -0.974850
vn -0.208053 -0.018270 -0.977947
vn -0.623742 0.000000 -0.781630
vn -0.612663 -0.076781 -0.786606
vn -0.900912 0.000000 -0.434002
vn -0.891636 -0.119937 -0.436578
vn -1.000000 0.000000 0.000000
vn -1.000000 0.000000 0.000000
vn -0.900981 0.000000 0.433858
vn -0.891709 -0.119947 0.436427
vn -0.623720 0.000000 0.781648
vn -0.612617 -0.076760 0.786644
vn -0.222478 0.000000 0.974938
vn -0.207691 -0.018235 0.978025
vn 0.222393 0.000000 0.974957
vn 0.237032 0.038829 0.970726
vn 0.623709 0.000000 0.781657
vn 0.630934 0.082664 0.771420
vn 0.900999 0.000000 0.433822
vn 0.898396 0.109366 0.425352
vn 1.000000 0.000000 0.000000
vn 1.000000 0.000000 0.000000
vn 0.000000 -1.000000 0.000000
vn 0.000000 -1.000000 0.000000
vn 0.000000 -1.000000 -0.000003
vn 0.000000 -1.000000 -0.000003
vn 0.000000 -1.000000 -0.000003
vn 0.000000 -1.000000 0.000000
vn 0.000000 -1.000000 -0.000014
vn 0.000000 -1.000000 -0.000014
vn 0.000000 -1.000000 -0.000014
vn 0.000000 -1.000000 -0.000010
vn 0.000000 -1.000000 0.000007
vn 0.000000 -1.000000 0.000003
vn 0.000000 -1.000000 0.000000
vn 0.000000 -1.000000 0.000000
vn 0.000000 -1.000000 0.000000
vn 0.000000 1.000000 0.000000
vn 0.000000 1.000000 0.000000
vn 0.000000 1.000000 0.000001
vn 0.000000 1.000000 -0.000007
vn 0.000000 1.000000 -0.000020
vn 0.000000 1.000000 0.000014
vn 0.000000 1.000000 0.000027
vn 0.000000 1.000000 0.000000
vn 0.000000 1.000000 -0.000027
vn 0.000000 1.000000 -0.000000
vn 0.000000 1.000000 0.000034
vn 0.000000 1.000000 -0.000000
vn 0.000000 1.000000 -0.000007
vn 0.000000 1.000000 0.000000
vn 0.000000 1.000000 0.000000
vn 0.527571 0.387112 -0.756184
vn 0.742538 0.544848 -0.389587
vn 0.413852 0.303668 -0.858203
vn 0.000000 0.000000 -1.000000
vn 0.000000 0.000000 -1.000000
vn -0.582848 -0.499970 -0.640561
vn -0.282016 -0.527634 -0.801292
vn -0.825120 -0.453922 -0.336350
vn -0.806242 -0.591586 0.000000
vn -0.842982 -0.536788 -0.035211
vn -0.761196 -0.558535 0.329574
vn -0.607423 -0.445699 0.657563
vn -0.413470 -0.303377 0.858490
vn 0.000000 0.000000 1.000000
vn 0.000000 0.000000 1.000000
vn 0.501543 0.478706 0.720622
vn 0.227391 0.574377 0.786374
vn 0.757080 0.499524 0.421077
vn 0.806240 0.591589 0.000000
vn 0.871595 0.485674 0.066653
vn 0.891104 -0.303282 -0.337572
vn 0.554205 -0.556280 -0.619201
vn 0.474014 -0.545763 -0.690980
vn 0.722275 -0.555834 -0.411544
vn 0.182184 -0.657109 -0.731449
vn 0.195418 -0.620829 -0.759199
vn -0.149844 -0.660737 -0.735509
vn -0.458668 -0.593870 -0.661016
vn -0.775068 -0.422308 -0.470027
vn -0.956153 -0.195722 -0.217865
vn -0.956137 0.195733 0.217926
vn -0.775125 0.422239 0.469995
vn -0.808305 0.493877 0.320514
vn -0.956137 0.195733 0.217926
vn -0.458579 0.593906 0.661045
vn -0.560034 0.561568 0.609101
vn -0.149727 0.660779 0.735496
vn -0.253097 0.583736 0.771488
vn 0.182031 0.657155 0.731445
vn 0.554209 0.556286 0.619191
vn 0.891077 0.303316 0.337610
vn 0.955807 0.196492 0.218685
vn 0.955832 -0.196439 -0.218627
vn 0.955832 -0.196439 -0.218627
vn 0.568467 -0.568660 -0.594534
vn 0.677460 -0.677695 -0.285968
vn 0.397882 -0.398003 -0.826610
vn 0.000000 0.000000 -1.000000
vn 0.000000 0.000000 -1.000000
vn 0.000000 0.000000 -1.000000
vn 0.000000 0.000000 -1.000000
vn -0.397931 0.398049 -0.826564
vn -0.568459 0.568651 -0.594550
vn -0.485485 0.521231 -0.701871
vn -0.195372 0.584840 -0.787269
vn -0.677458 0.677692 -0.285980
vn -0.743853 0.517727 -0.422660
vn -0.706984 0.707230 -0.000005
vn -0.706984 0.707230 0.000004
vn -0.661570 0.661798 0.352631
vn -0.489295 0.489452 0.721823
vn -0.398012 0.398132 0.826485
vn 0.000000 0.000000 1.000000
vn 0.000000 0.000000 1.000000
vn 0.000000 0.000000 1.000000
vn 0.000000 0.000000 1.000000
vn 0.397971 -0.398094 0.826523
vn 0.489276 -0.489435 0.721847
vn 0.570547 -0.531126 0.626403
vn 0.248986 -0.556766 0.792476
vn 0.661582 -0.661809 0.352589
vn 0.827483 -0.454213 0.330094
vn 0.706985 -0.707229 -0.000005
vn 0.706985 -0.707229 -0.000015
vn 0.796835 0.374720 -0.473960
vn 0.482284 0.543314 -0.687177
vn 0.557488 0.567433 -0.605993
vn 0.796332 0.515553 -0.316323
vn 0.159141 0.612318 -0.774429
vn 0.251970 0.568168 -0.783387
vn -0.190507 0.608863 -0.770061
vn -0.571365 0.509008 -0.643781
vn -0.897069 0.274058 -0.346641
vn -0.960052 0.173537 -0.219512
vn -0.960052 0.173537 -0.219512
vn -0.959994 -0.173702 0.219636
vn -0.896973 -0.274199 0.346776
vn -0.710555 -0.576137 0.403951
vn -0.959994 -0.173702 0.219636
vn -0.571374 -0.508992 0.643784
vn -0.472214 -0.550523 0.688432
vn -0.190560 -0.608856 0.770052
vn -0.194752 -0.592565 0.781626
vn 0.159180 -0.612314 0.774424
vn 0.482307 -0.543312 0.687162
vn 0.796748 -0.374805 0.474040
vn 0.960259 -0.173112 0.218941
vn 0.960259 -0.173112 0.218941
vn 0.960306 0.173013 -0.218815
vn 0.960306 0.173013 -0.218815
vn 0.459980 0.558841 -0.690011
vn 0.601401 0.730657 -0.323200
vn 0.383659 0.466118 -0.797208
vn 0.000000 0.000000 -1.000000
vn 0.000000 0.000000 -1.000000
vn 0.000000 0.000000 -1.000000
vn 0.000000 0.000000 -1.000000
vn -0.383673 -0.466131 -0.797193
vn -0.460066 -0.558946 -0.689869
vn -0.535497 -0.618374 -0.575202
vn -0.242110 -0.632328 -0.735897
vn -0.601411 -0.730673 -0.323143
vn -0.634679 -0.698660 -0.330236
vn -0.635506 -0.772096 0.000004
vn -0.635506 -0.772096 -0.000006
vn -0.614394 -0.746446 0.255613
vn -0.532777 -0.647286 0.545133
vn -0.383713 -0.466180 0.797145
vn 0.000000 0.000000 1.000000
vn 0.000000 0.000000 1.000000
vn 0.000000 0.000000 1.000000
vn 0.000000 0.000000 1.000000
vn 0.383713 0.466182 0.797144
vn 0.532673 0.647157 0.545388
vn 0.448046 0.600818 0.662022
vn 0.181134 0.668996 0.720857
vn 0.614419 0.746474 0.255473
vn 0.631848 0.659285 0.407568
vn 0.635507 0.772095 -0.000006
vn 0.635507 0.772095 0.000005
vn 0.662959 -0.529780 -0.528979
vn 0.536641 -0.597156 -0.596172
vn 0.452089 -0.589871 -0.669080
vn 0.630429 -0.669728 -0.392459
vn 0.173907 -0.696946 -0.695718
vn 0.195745 -0.655873 -0.729051
vn -0.141197 -0.700625 -0.699420
vn -0.436481 -0.636740 -0.635646
vn -0.663309 -0.529603 -0.528716
vn -0.951392 -0.217993 -0.217562
vn -0.951392 -0.217993 -0.217562
vn -0.951392 -0.217993 -0.217562
vn -0.951392 -0.217993 -0.217562
vn -0.951395 0.217985 0.217555
vn -0.951395 0.217986 0.217555
vn -0.951395 0.217986 0.217555
vn -0.951395 0.217986 0.217555
vn -0.663269 0.529661 0.528709
vn -0.436483 0.636750 0.635635
vn -0.537098 0.618666 0.573392
vn -0.635499 0.705037 0.314744
vn -0.141208 0.700639 0.699403
vn -0.260660 0.611539 0.747046
vn 0.173929 0.696925 0.695733
vn 0.536615 0.597205 0.596147
vn 0.662872 0.529932 0.528935
vn 0.951721 0.217234 0.216881
vn 0.951721 0.217234 0.216881
vn 0.951721 0.217234 0.216881
vn 0.951721 0.217234 0.216881
vn 0.951702 -0.217313 -0.216885
vn 0.951702 -0.217313 -0.216884
vn 0.951702 -0.217313 -0.216884
vn 0.951702 -0.217313 -0.216885
vn 0.588501 -0.488317 -0.644370
vn 0.621235 -0.739668 -0.258763
vn 0.292263 -0.267287 -0.918227
vn 0.000000 0.000000 -1.000000
vn 0.000000 0.000000 -1.000000
vn -0.143461 0.091344 -0.985432
vn -0.385414 0.458897 -0.800543
vn -0.536839 0.639182 -0.550682
vn -0.521272 0.424363 -0.740400
vn -0.621230 0.739659 -0.258800
vn -0.607896 0.723783 -0.326498
vn -0.643141 0.765748 0.000006
vn -0.643141 0.765748 -0.000005
vn -0.607915 0.723807 0.326409
vn -0.521257 0.424352 0.740416
vn -0.143461 0.091344 0.985432
vn 0.000000 0.000000 1.000000
vn 0.000000 0.000000 1.000000
vn 0.292263 -0.267287 0.918227
vn 0.385405 -0.458887 0.800554
vn 0.463272 -0.551595 0.693630
vn 0.588484 -0.488304 0.644396
vn 0.607921 -0.723815 0.326381
vn 0.621254 -0.739690 0.258655
vn 0.643140 -0.765749 -0.000005
vn 0.643140 -0.765749 0.000006
vn 0.900938 0.000000 -0.433948
vn 0.623508 0.000000 -0.781817
vn 0.900938 0.000000 -0.433948
vn 0.222504 0.000000 -0.974932
vn -0.156053 0.319460 -0.934662
vn -0.565205 0.113303 -0.817133
vn -0.900929 0.000000 -0.433967
vn -0.862834 -0.148333 -0.483233
vn -1.000000 0.000000 0.000000
vn -0.929239 -0.367254 -0.040496
vn -0.900991 0.000000 0.433838
vn -0.900991 0.000000 0.433838
vn -0.623326 0.000000 0.781962
vn -0.222504 0.000000 0.974932
vn 0.265972 -0.258313 0.928727
vn 0.674325 -0.003380 0.738427
vn 0.901000 0.000000 0.433819
vn 0.900792 0.237038 0.363849
vn 1.000000 0.000000 0.000000
vn 0.917651 0.394908 -0.044325
vn 0.694644 0.621303 -0.362563
vn 0.488754 0.635606 -0.597598
vn 0.475656 0.634557 -0.609170
vn 0.720284 0.613732 -0.323302
vn 0.223517 0.584342 -0.780119
vn 0.146667 0.559492 -0.815756
vn -0.269104 0.281724 -0.920986
vn -0.679113 0.003930 -0.734023
vn -0.897681 -0.260367 -0.355498
vn -0.901486 -0.430123 0.048137
vn -0.720381 -0.613707 0.323133
vn -0.694656 -0.621306 0.362536
vn -0.475510 -0.634538 0.609305
vn -0.488623 -0.635591 0.597722
vn -0.146667 -0.559485 0.815761
vn -0.223519 -0.584331 0.780126
vn 0.148455 -0.349620 0.925055
vn 0.558779 -0.124766 0.819878
vn 0.858009 0.162906 0.487117
vn 0.916558 0.397482 0.043932
vn 0.900923 0.000000 -0.433978
vn 0.623507 0.000000 -0.781818
vn 0.623507 0.000000 -0.781818
vn 0.900923 0.000000 -0.433978
vn 0.222504 0.000000 -0.974932
vn 0.222504 0.000000 -0.974932
vn -0.222504 0.000000 -0.974932
vn -0.623326 0.000000 -0.781962
vn -0.900915 0.000000 -0.433995
vn -1.000000 0.000000 -0.000000
vn -0.901005 0.000000 0.433809
vn -0.901005 0.000000 0.433809
vn -0.623304 0.000000 0.781980
vn -0.623304 0.000000 0.781980
vn -0.222504 0.000000 0.974932
vn -0.222504 0.000000 0.974932
vn 0.222504 0.000000 0.974932
vn 0.623484 0.000000 0.781836
vn 0.901013 0.000000 0.433792
vn 1.000000 0.000000 0.000000
vn 0.599267 0.000000 -0.800549
vn 0.192765 0.000000 -0.981245
vn 0.201905 0.062414 -0.977414
vn 0.601437 0.083983 -0.794494
vn -0.251839 0.000000 -0.967769
vn -0.239862 0.027993 -0.970403
vn -0.647016 0.000000 -0.762476
vn -0.637620 -0.015360 -0.770198
vn -0.913675 0.000000 -0.406446
vn -0.908171 -0.058669 -0.414467
vn -0.999548 0.000000 0.030051
vn -0.995586 -0.090536 0.024753
vn -0.887430 0.000000 0.460942
vn -0.882777 -0.102201 0.458541
vn -0.599548 0.000000 0.800338
vn -0.592930 -0.090530 0.800149
vn -0.192804 0.000000 0.981237
vn -0.183055 -0.058661 0.981351
vn 0.252097 0.000000 0.967702
vn 0.263807 -0.015338 0.964454
vn 0.646844 0.000000 0.762623
vn 0.655877 0.027959 0.754350
vn 0.913675 0.000000 0.406446
vn 0.915804 0.062419 0.396746
vn 0.999538 0.000000 -0.030400
vn 0.995831 0.083972 -0.035619
vn 0.887430 0.000000 -0.460942
vn 0.883726 0.091281 -0.459017
vn 0.000000 -1.000000 0.000003
vn 0.000000 -1.000000 0.000000
vn 0.000000 -1.000000 0.000001
vn 0.000000 -1.000000 0.000003
vn 0.000000 -1.000000 0.000000
vn 0.000000 -1.000000 0.000000
vn 0.000000 -1.000000 0.000000
vn 0.000000 -1.000000 0.000000
vn 0.000000 -1.000000 0.000003
vn 0.000000 -1.000000 0.000007
vn 0.000000 -1.000000 0.000003
vn 0.000000 -1.000000 0.000000
vn 0.000000 -1.000000 0.000000
vn 0.000000 -1.000000 0.000000
vn 0.000000 -1.000000 0.000000
vn 0.000000 1.000000 0.000027
vn 0.000000 1.000000 0.000000
vn 0.000000 1.000000 0.000011
vn 0.000000 1.000000 0.000020
vn 0.000000 1.000000 0.000020
vn 0.000000 1.000000 0.000000
vn 0.000000 1.000000 0.000027
vn 0.000000 1.000000 0.000027
vn 0.000000 1.000000 0.000000
vn 0.000000 1.000000 0.000007
vn 0.000000 1.000000 -0.000000
vn 0.000000 1.000000 0.000020
vn 0.000000 1.000000 0.000027
vn 0.000000 1.000000 -0.000027
vn 0.000000 1.000000 0.000000
vn 0.133906 0.307958 -0.941929
vn 0.516608 0.443300 -0.732531
vn -0.316475 0.086121 -0.944683
vn -0.635579 -0.361451 -0.682197
vn -0.856362 -0.399448 -0.327238
vn -0.928095 -0.364676 0.075172
vn -0.819879 -0.429159 0.378974
vn -0.557053 -0.453783 0.695538
vn -0.233813 -0.348510 0.907674
vn 0.180532 -0.159896 0.970485
vn 0.579743 0.305818 0.755231
vn 0.822128 0.384524 0.419818
vn 0.917373 0.397677 0.016750
vn 0.845685 0.391439 -0.362757
vn 0.636271 -0.242974 -0.732204
vn 0.213016 -0.455858 -0.864186
vn 0.119718 -0.444644 -0.887671
vn 0.493844 -0.447986 -0.745270
vn -0.196500 -0.551996 -0.810363
vn -0.187079 -0.511055 -0.838943
vn -0.525635 -0.555140 -0.644615
vn -0.778244 -0.485513 -0.398263
vn -0.944857 -0.324343 -0.045235
vn -0.956785 -0.150058 0.249087
vn -0.754008 0.149902 0.639532
vn -0.506227 0.324307 0.799099
vn -0.591517 0.401546 0.699191
vn -0.739232 0.501485 0.449499
vn -0.121358 0.485585 0.865725
vn -0.222673 0.456999 0.861144
vn 0.225264 0.555186 0.800640
vn 0.144886 0.481090 0.864616
vn 0.549854 0.552027 0.626839
vn 0.829621 0.455784 0.322475
vn 0.964906 0.242995 -0.099551
vn 0.956751 0.149792 -0.249379
vn 0.754334 -0.149613 -0.639216
vn 0.750952 -0.443253 -0.489487
vn 0.235584 -0.458545 -0.856876
vn 0.518492 -0.571769 -0.635804
vn -0.028466 -0.313032 -0.949316
vn -0.461389 0.000348 -0.887198
vn -0.461389 0.000348 -0.887198
vn -0.461389 0.000348 -0.887198
vn -0.461389 0.000348 -0.887198
vn -0.760149 0.312825 -0.569486
vn -0.836538 0.458694 -0.299672
vn -0.806641 0.421347 -0.414483
vn -0.585831 0.477070 -0.655139
vn -0.818356 0.571734 0.058429
vn -0.910662 0.412493 -0.023329
vn -0.860151 0.318436 0.398422
vn -0.474021 0.557777 0.681314
vn -0.117178 0.397450 0.910112
vn 0.029150 0.312634 0.949426
vn 0.460941 0.000061 0.887431
vn 0.460941 0.000061 0.887431
vn 0.460941 0.000061 0.887431
vn 0.460941 0.000061 0.887431
vn 0.760177 -0.312809 0.569457
vn 0.812034 -0.397468 0.427341
vn 0.844073 -0.429235 0.321402
vn 0.626093 -0.455044 0.633200
vn 0.830004 -0.557744 0.003880
vn 0.926821 -0.366618 -0.081204
vn 0.838526 -0.241423 -0.488456
vn 0.518993 0.285436 -0.805712
vn 0.129679 0.437816 -0.889663
vn 0.222613 0.463073 -0.857909
vn 0.585268 0.421194 -0.692861
vn -0.232106 0.506364 -0.830495
vn -0.151096 0.465359 -0.872130
vn -0.568995 0.503520 -0.650163
vn -0.847992 0.412017 -0.333395
vn -0.971265 0.218873 0.093478
vn -0.848806 -0.045637 0.526732
vn -0.635071 -0.218771 0.740827
vn -0.489274 -0.467068 0.736518
vn -0.214615 -0.412120 0.885493
vn -0.119015 -0.448478 0.885835
vn 0.204900 -0.503550 0.839317
vn 0.197182 -0.485117 0.851927
vn 0.546113 -0.506382 0.667336
vn 0.802414 -0.437840 0.405497
vn 0.957625 -0.285418 0.038612
vn 0.918937 -0.045644 -0.391754
vn 0.106254 0.461329 -0.880844
vn 0.440212 0.631487 -0.638308
vn -0.028205 0.371362 -0.928060
vn -0.460861 0.000200 -0.887472
vn -0.460861 0.000200 -0.887472
vn -0.460861 0.000200 -0.887472
vn -0.460861 0.000200 -0.887472
vn -0.743185 -0.371476 -0.556490
vn -0.781818 -0.461346 -0.419429
vn -0.806008 -0.511973 -0.297043
vn -0.605183 -0.528572 -0.595286
vn -0.775358 -0.631486 -0.006732
vn -0.886365 -0.455097 0.085114
vn -0.652426 -0.677840 0.338929
vn -0.652421 -0.677840 0.338939
vn -0.485295 -0.647015 0.588099
vn -0.232782 -0.535507 0.811816
vn 0.028193 -0.371397 0.928046
vn 0.460891 -0.000091 0.887457
vn 0.460891 -0.000091 0.887457
vn 0.460891 -0.000091 0.887457
vn 0.460891 -0.000091 0.887457
vn 0.743097 0.371379 0.556672
vn 0.798051 0.535510 0.276304
vn 0.767758 0.496868 0.404560
vn 0.554343 0.560227 0.615508
vn 0.760201 0.647012 -0.058906
vn 0.860313 0.508979 0.028319
vn 0.652417 0.677839 -0.338951
vn 0.652415 0.677839 -0.338953
vn 0.636262 -0.265616 -0.724306
vn 0.211255 -0.494645 -0.843029
vn 0.110475 -0.487044 -0.866362
vn 0.468405 -0.527543 -0.708728
vn -0.188690 -0.593760 -0.782206
vn -0.173141 -0.545581 -0.819978
vn -0.505897 -0.597166 -0.622464
vn -0.754287 -0.527778 -0.390514
vn -0.931234 -0.360824 -0.051078
vn -0.954138 -0.166510 0.248786
vn -0.954138 -0.166510 0.248786
vn -0.751981 0.166621 0.637779
vn -0.493722 0.360742 0.791267
vn -0.566727 0.485096 0.665960
vn -0.751981 0.166621 0.637779
vn -0.113913 0.527834 0.841674
vn -0.222457 0.511440 0.830025
vn 0.218511 0.597168 0.771780
vn 0.126042 0.508146 0.851998
vn 0.531357 0.593790 0.604213
vn 0.811121 0.494706 0.312008
vn 0.958448 0.265575 -0.104150
vn 0.954206 0.166840 -0.248304
vn 0.954206 0.166840 -0.248304
vn 0.751712 -0.166943 -0.638012
vn 0.751712 -0.166943 -0.638012
vn 0.228854 -0.386964 -0.893244
vn 0.488952 -0.639248 -0.593538
vn -0.179530 -0.195616 -0.964107
vn -0.460877 -0.000126 -0.887464
vn -0.460877 -0.000126 -0.887464
vn -0.591638 0.079484 -0.802276
vn -0.745151 0.364947 -0.558179
vn -0.802590 0.527348 -0.278843
vn -0.838821 0.338656 -0.426254
vn -0.766700 0.639290 0.058987
vn -0.781493 0.623881 -0.006480
vn -0.658421 0.670408 0.342105
vn -0.658416 0.670408 0.342114
vn -0.443986 0.623865 0.643171
vn -0.133614 0.338660 0.931373
vn 0.316280 0.079463 0.945332
vn 0.461247 -0.000226 0.887272
vn 0.461247 -0.000226 0.887272
vn 0.685668 -0.195615 0.701138
vn 0.745159 -0.364991 0.558140
vn 0.785237 -0.454391 0.420632
vn 0.862407 -0.386991 0.326333
vn 0.781530 -0.623832 0.006671
vn 0.766745 -0.639253 -0.058808
vn 0.658436 -0.670408 -0.342076
vn 0.658440 -0.670408 -0.342068
vn 0.599549 0.000000 -0.800338
vn 0.192739 0.000000 -0.981250
vn 0.541726 0.377977 -0.750778
vn -0.208818 0.347136 -0.914271
vn -0.591347 0.243364 -0.768819
vn -0.887170 0.078364 -0.454740
vn -0.999538 0.000000 0.030411
vn -0.992661 -0.119250 -0.020077
vn -0.887360 0.000000 0.461076
vn -0.864984 -0.288880 0.410306
vn -0.599502 0.000000 0.800373
vn -0.564657 -0.387038 0.728947
vn -0.193048 0.000000 0.981189
vn 0.261713 -0.343184 0.902070
vn 0.666446 -0.203012 0.717381
vn 0.934417 -0.010315 0.356033
vn 0.999538 0.000000 -0.030411
vn 0.981049 0.175697 -0.081688
vn 0.887360 0.000000 -0.461077
vn 0.826337 0.308112 -0.471417
vn 0.171876 0.529774 -0.830541
vn 0.156353 0.528893 -0.834162
vn 0.557373 0.418342 -0.717165
vn -0.261136 0.372189 -0.890665
vn -0.666790 0.222181 -0.711356
vn -0.936337 0.011431 -0.350917
vn -0.977307 -0.193338 0.086550
vn -0.815661 -0.337550 0.469848
vn -0.531623 -0.412338 0.739834
vn -0.156527 -0.528897 0.834127
vn -0.171991 -0.529771 0.830519
vn 0.202790 -0.379536 0.902678
vn 0.583611 -0.267407 0.766741
vn 0.884017 -0.086361 0.459408
vn 0.991058 0.131084 0.024942
vn 0.859045 0.314574 -0.403839
vn 0.192770 0.000000 -0.981244
vn 0.192770 0.000000 -0.981244
vn 0.599547 0.000000 -0.800340
vn -0.252142 0.000000 -0.967690
vn -0.647016 0.000000 -0.762476
vn -0.913681 0.000000 -0.406432
vn -0.999549 0.000000 0.030042
vn -0.887430 0.000000 0.460942
vn -0.599548 0.000000 0.800339
vn -0.192800 0.000000 0.981238
vn -0.192800 0.000000 0.981238
vn 0.251743 0.000000 0.967794
vn 0.646822 0.000000 0.762641
vn 0.913751 0.000000 0.406274
vn 0.999537 0.000000 -0.030443
vn 0.887370 0.000000 -0.461058
vn 0.599290 0.000000 -0.800532
vn 0.192703 0.000000 -0.981257
vn 0.201852 0.062415 -0.977425
vn 0.601438 0.083968 -0.794495
vn -0.251730 0.000000 -0.967798
vn -0.239772 0.027989 -0.970426
vn -0.646844 0.000000 -0.762623
vn -0.637438 -0.015334 -0.770349
vn -0.913681 0.000000 -0.406432
vn -0.908174 -0.058660 -0.414463
vn -0.999539 0.000000 0.030356
vn -0.995578 -0.090544 0.025023
vn -0.887448 0.000000 0.460908
vn -0.882787 -0.102210 0.458520
vn -0.599267 0.000000 0.800550
vn -0.592646 -0.090550 0.800357
vn -0.192739 0.000000 0.981250
vn -0.183014 -0.058652 0.981359
vn 0.251754 0.000000 0.967791
vn 0.263501 -0.015357 0.964537
vn 0.646822 0.000000 0.762641
vn 0.655853 0.027956 0.754370
vn 0.913669 0.000000 0.406459
vn 0.915799 0.062421 0.396757
vn 0.999538 0.000000 -0.030400
vn 0.995831 0.083982 -0.035615
vn 0.887438 0.000000 -0.460927
vn 0.883733 0.091278 -0.459004
vn 0.000000 -1.000000 -0.000003
vn 0.000000 -1.000000 0.000000
vn 0.000000 -1.000000 0.000000
vn 0.000000 -1.000000 -0.000003
vn 0.000000 -1.000000 0.000000
vn 0.000000 -1.000000 0.000000
vn 0.000000 -1.000000 0.000000
vn 0.000000 -1.000000 0.000000
vn 0.000000 -1.000000 -0.000003
vn 0.000000 -1.000000 -0.000000
vn 0.000000 -1.000000 0.000010
vn 0.000000 -1.000000 0.000007
vn 0.000000 -1.000000 0.000000
vn 0.000000 -1.000000 0.000000
vn 0.000000 -1.000000 0.000000
vn 0.000000 1.000000 0.000000
vn 0.000000 1.000000 0.000000
vn 0.000000 1.000000 -0.000000
vn 0.000000 1.000000 0.000007
vn 0.000000 1.000000 0.000007
vn 0.000000 1.000000 0.000000
vn 0.000000 1.000000 0.000000
vn 0.000000 1.000000 0.000000
vn 0.000000 1.000000 0.000000
vn 0.000000 1.000000 0.000000
vn 0.000000 1.000000 -0.000007
vn 0.000000 1.000000 -0.000007
vn 0.000000 1.000000 0.000000
vn 0.000000 1.000000 0.000000
vn 0.000000 1.000000 0.000000
vn 0.133862 0.307934 -0.941944
vn 0.516524 0.443280 -0.732602
vn -0.316323 0.086201 -0.944727
vn -0.635500 -0.361438 -0.682277
vn -0.856297 -0.399474 -0.327377
vn -0.928088 -0.364676 0.075264
vn -0.819877 -0.429122 0.379020
vn -0.556881 -0.453741 0.695704
vn -0.233678 -0.348483 0.907719
vn 0.180283 -0.160052 0.970506
vn 0.579709 0.305798 0.755265
vn 0.822149 0.384516 0.419784
vn 0.917384 0.397653 0.016708
vn 0.845728 0.391521 -0.362570
vn 0.635957 -0.243217 -0.732397
vn 0.213023 -0.455875 -0.864175
vn 0.119692 -0.444656 -0.887668
vn 0.493719 -0.448000 -0.745344
vn -0.196476 -0.552007 -0.810361
vn -0.187064 -0.511069 -0.838937
vn -0.525553 -0.555166 -0.644659
vn -0.778164 -0.485558 -0.398364
vn -0.944838 -0.324381 -0.045359
vn -0.956755 -0.149931 0.249278
vn -0.753795 0.150140 0.639728
vn -0.506180 0.324330 0.799119
vn -0.591453 0.401576 0.699228
vn -0.739127 0.501528 0.449624
vn -0.121328 0.485576 0.865734
vn -0.222647 0.456982 0.861160
vn 0.225246 0.555159 0.800664
vn 0.144896 0.481052 0.864635
vn 0.549816 0.552026 0.626873
vn 0.829720 0.455738 0.322284
vn 0.964884 0.243146 -0.099391
vn 0.956829 0.150220 -0.248823
vn 0.753972 -0.149962 -0.639560
vn 0.750830 -0.443473 -0.489476
vn 0.235560 -0.458541 -0.856885
vn 0.518408 -0.571723 -0.635914
vn -0.028499 -0.313038 -0.949313
vn -0.460837 -0.000143 -0.887485
vn -0.460837 -0.000143 -0.887485
vn -0.460837 -0.000143 -0.887485
vn -0.460837 -0.000143 -0.887485
vn -0.760285 0.312935 -0.569243
vn -0.836548 0.458593 -0.299800
vn -0.806644 0.421362 -0.414463
vn -0.585779 0.477128 -0.655142
vn -0.818304 0.571780 0.058707
vn -0.910649 0.412526 -0.023249
vn -0.860100 0.318310 0.398631
vn -0.474028 0.557765 0.681318
vn -0.117119 0.397421 0.910132
vn 0.029215 0.312593 0.949438
vn 0.460853 0.000123 0.887476
vn 0.460853 0.000123 0.887477
vn 0.460853 0.000123 0.887476
vn 0.460853 0.000123 0.887476
vn 0.760183 -0.312814 0.569446
vn 0.812080 -0.397555 0.427172
vn 0.844160 -0.429230 0.321179
vn 0.626098 -0.455035 0.633202
vn 0.829983 -0.557776 0.003840
vn 0.926812 -0.366655 -0.081140
vn 0.838576 -0.241437 -0.488363
vn 0.519036 0.285404 -0.805696
vn 0.129645 0.437814 -0.889669
vn 0.222531 0.463021 -0.857958
vn 0.585330 0.421192 -0.692810
vn -0.231895 0.506370 -0.830551
vn -0.150952 0.465333 -0.872169
vn -0.568906 0.503579 -0.650196
vn -0.847911 0.412095 -0.333504
vn -0.971267 0.218724 0.093810
vn -0.848879 -0.045596 0.526618
vn -0.635143 -0.218748 0.740771
vn -0.489176 -0.467088 0.736570
vn -0.214520 -0.412134 0.885509
vn -0.119020 -0.448479 0.885833
vn 0.204863 -0.503535 0.839336
vn 0.197146 -0.485108 0.851941
vn 0.546116 -0.506365 0.667347
vn 0.802495 -0.437808 0.405371
vn 0.957648 -0.285356 0.038512
vn 0.918967 -0.045649 -0.391685
vn 0.106103 0.461209 -0.880925
vn 0.440226 0.631481 -0.638304
vn -0.028229 0.371312 -0.928079
vn -0.460873 0.000145 -0.887466
vn -0.460873 0.000145 -0.887466
vn -0.460873 0.000145 -0.887466
vn -0.460873 0.000145 -0.887466
vn -0.743110 -0.371398 -0.556642
vn -0.781790 -0.461345 -0.419481
vn -0.806051 -0.511943 -0.296977
vn -0.605111 -0.528552 -0.595377
vn -0.775362 -0.631482 -0.006738
vn -0.886335 -0.455176 0.084999
vn -0.652427 -0.677818 0.338972
vn -0.652426 -0.677818 0.338975
vn -0.485250 -0.646980 0.588174
vn -0.232771 -0.535477 0.811839
vn 0.028127 -0.371430 0.928035
vn 0.460902 -0.000109 0.887451
vn 0.460902 -0.000109 0.887451
vn 0.460902 -0.000109 0.887451
vn 0.460902 -0.000109 0.887451
vn 0.743118 0.371385 0.556640
vn 0.798072 0.535579 0.276109
vn 0.767762 0.496908 0.404504
vn 0.554283 0.560242 0.615549
vn 0.760224 0.646989 -0.058861
vn 0.860319 0.508973 0.028246
vn 0.652468 0.677830 -0.338871
vn 0.652481 0.677830 -0.338845
vn 0.636412 -0.265470 -0.724228
vn 0.211006 -0.494730 -0.843042
vn 0.110419 -0.487057 -0.866362
vn 0.468331 -0.527591 -0.708741
vn -0.188714 -0.593759 -0.782200
vn -0.173168 -0.545586 -0.819969
vn -0.505832 -0.597171 -0.622511
vn -0.754316 -0.527741 -0.390508
vn -0.931269 -0.360744 -0.051008
vn -0.954191 -0.166877 0.248337
vn -0.954191 -0.166877 0.248337
vn -0.751738 0.166896 0.637994
vn -0.493683 0.360729 0.791298
vn -0.566647 0.485137 0.665998
vn -0.751738 0.166896 0.637994
vn -0.113994 0.527816 0.841674
vn -0.222544 0.511445 0.829999
vn 0.218551 0.597186 0.771754
vn 0.126077 0.508152 0.851989
vn 0.531280 0.593802 0.604269
vn 0.811097 0.494743 0.312011
vn 0.958459 0.265442 -0.104386
vn 0.954164 0.166613 -0.248618
vn 0.954164 0.166613 -0.248618
vn 0.752107 -0.166510 -0.637660
vn 0.752107 -0.166510 -0.637660
vn 0.228873 -0.386989 -0.893228
vn 0.488947 -0.639252 -0.593538
vn -0.179562 -0.195561 -0.964113
vn -0.460873 -0.000151 -0.887466
vn -0.460873 -0.000151 -0.887466
vn -0.591629 0.079464 -0.802285
vn -0.745162 0.364924 -0.558180
vn -0.802582 0.527307 -0.278944
vn -0.838815 0.338611 -0.426301
vn -0.766714 0.639274 0.058973
vn -0.781503 0.623868 -0.006512
vn -0.658443 0.670394 0.342087
vn -0.658439 0.670394 0.342095
vn -0.443990 0.623892 0.643142
vn -0.133689 0.338665 0.931361
vn 0.316400 0.079389 0.945298
vn 0.461336 -0.000302 0.887226
vn 0.461336 -0.000302 0.887226
vn 0.685578 -0.195490 0.701260
vn 0.745031 -0.364728 0.558482
vn 0.785214 -0.454314 0.420758
vn 0.862425 -0.387017 0.326254
vn 0.781488 -0.623887 0.006443
vn 0.766719 -0.639272 -0.058937
vn 0.658437 -0.670398 -0.342094
vn 0.658442 -0.670398 -0.342083
vn 0.599522 0.000000 -0.800358
vn 0.192804 0.000000 -0.981237
vn 0.541736 0.377973 -0.750772
vn -0.208817 0.347138 -0.914270
vn -0.591240 0.243424 -0.768882
vn -0.887164 0.078343 -0.454755
vn -0.999538 0.000000 0.030411
vn -0.992654 -0.119328 -0.019976
vn -0.887327 0.000000 0.461141
vn -0.864921 -0.288891 0.410431
vn -0.599525 0.000000 0.800356
vn -0.564665 -0.387033 0.728944
vn -0.193127 0.000000 0.981174
vn 0.261802 -0.343185 0.902044
vn 0.666502 -0.202961 0.717344
vn 0.934419 -0.010299 0.356028
vn 0.999536 0.000000 -0.030453
vn 0.981060 0.175648 -0.081666
vn 0.887327 0.000000 -0.461140
vn 0.826293 0.308104 -0.471500
vn 0.171869 0.529761 -0.830551
vn 0.156342 0.528879 -0.834173
vn 0.557371 0.418326 -0.717176
vn -0.261105 0.372178 -0.890678
vn -0.666657 0.222223 -0.711467
vn -0.936338 0.011379 -0.350915
vn -0.977266 -0.193416 0.086837
vn -0.815619 -0.337558 0.469916
vn -0.531628 -0.412361 0.739817
vn -0.156678 -0.528912 0.834089
vn -0.172134 -0.529785 0.830480
vn 0.202821 -0.379524 0.902677
vn 0.583776 -0.267328 0.766643
vn 0.883982 -0.086377 0.459472
vn 0.991055 0.131118 0.024860
vn 0.859061 0.314533 -0.403836
vn 0.192695 0.000000 -0.981259
vn 0.192695 0.000000 -0.981259
vn 0.599570 0.000000 -0.800322
vn -0.252121 0.000000 -0.967696
vn -0.646802 0.000000 -0.762658
vn -0.913675 0.000000 -0.406446
vn -0.999536 0.000000 0.030453
vn -0.887352 0.000000 0.461092
vn -0.599547 0.000000 0.800340
vn -0.193083 0.000000 0.981182
vn -0.193083 0.000000 0.981182
vn 0.251744 0.000000 0.967794
vn 0.647036 0.000000 0.762460
vn 0.913735 0.000000 0.406310
vn 0.999536 0.000000 -0.030454
vn 0.887360 0.000000 -0.461077
vn 0.900971 0.000000 -0.433880
vn 0.623492 0.000000 -0.781830
vn 0.623492 0.000000 -0.781830
vn 0.900971 0.000000 -0.433880
vn 0.222519 0.000000 -0.974928
vn 0.222519 0.000000 -0.974928
vn -0.222520 0.000000 -0.974928
vn -0.222520 0.000000 -0.974928
vn -0.623487 0.000000 -0.781834
vn -0.623487 0.000000 -0.781834
vn -0.900970 0.000000 -0.433882
vn -0.900970 0.000000 -0.433882
vn -1.000000 0.000000 0.000000
vn -1.000000 0.000000 0.000000
vn -0.900970 0.000000 0.433882
vn -0.900970 0.000000 0.433882
vn -0.623492 0.000000 0.781830
vn -0.623492 0.000000 0.781830
vn -0.222520 0.000000 0.974928
vn -0.222520 0.000000 0.974928
vn 0.222519 0.000000 0.974928
vn 0.222519 0.000000 0.974928
vn 0.623486 0.000000 0.781834
vn 0.623486 0.000000 0.781834
vn 0.900971 0.000000 0.433880
vn 0.900971 0.000000 0.433880
vn 1.000000 0.000000 0.000000
vn 1.000000 0.000000 0.000000
vn 0.000000 -1.000000 0.000000
vn 0.000000 -1.000000 0.000000
vn 0.000000 -1.000000 0.000000
vn 0.000000 -1.000000 0.000000
vn 0.000000 -1.000000 0.000000
vn 0.000000 -1.000000 0.000000
vn 0.000000 -1.000000 0.000000
vn 0.000000 -1.000000 0.000000
vn 0.000000 -1.000000 0.000000
vn 0.000000 -1.000000 0.000000
vn 0.000000 -1.000000 -0.000000
vn 0.000000 -1.000000 0.000000
vn 0.000000 -1.000000 0.000000
vn 0.000000 -1.000000 0.000000
vn 0.000000 -1.000000 0.000000
vn 0.000000 1.000000 0.000000
vn 0.000000 1.000000 0.000000
vn 0.000000 1.000000 0.000000
vn 0.000000 1.000000 -0.000000
vn 0.000000 1.000000 -0.000000
vn 0.000000 1.000000 0.000000
vn 0.000000 1.000000 0.000000
vn 0.000000 1.000000 -0.000000
vn 0.000000 1.000000 -0.000000
vn 0.000000 1.000000 -0.000000
vn 0.000000 1.000000 0.000000
vn 0.000000 1.000000 0.000000
vn 0.000000 1.000000 -0.000000
vn 0.000000 1.000000 0.000000
vn 0.000000 1.000000 0.000000
s 1
g RoamerBody1 group1
usemtl aiStandardSurface3SG
f 14/1/1 15/2/2 55/3/3 54/4/4
f 15/2/2 16/5/5 56/6/6 55/3/3
f 16/5/5 17/7/7 57/8/8 56/6/6
f 17/7/7 18/9/9 58/10/10 57/8/8
f 18/9/9 19/11/11 59/12/12 58/10/10
f 19/11/11 20/13/13 60/14/14 59/12/12
f 20/13/13 21/15/15 61/16/16 60/14/14
f 21/15/15 22/17/17 62/18/18 61/16/16
f 22/17/17 23/19/19 63/20/20 62/18/18
f 23/19/19 24/21/21 64/22/22 63/20/20
f 24/21/21 25/23/23 65/24/24 64/22/22
f 25/23/23 26/25/25 66/26/26 65/24/24
f 26/25/25 27/27/27 67/28/28 66/26/26
f 27/27/27 28/29/29 68/30/30 67/28/28
f 28/29/29 29/31/31 69/32/32 68/30/30
f 29/31/31 30/33/33 70/34/34 69/32/32
f 30/33/33 31/35/35 71/36/36 70/34/34
f 31/35/35 32/37/37 72/38/38 71/36/36
f 32/39/37 33/40/39 73/41/40 72/42/38
f 33/40/39 34/43/41 74/44/42 73/41/40
f 34/43/41 35/45/43 75/46/44 74/44/42
f 35/45/43 36/47/45 76/48/46 75/46/44
f 36/47/45 37/49/47 77/50/48 76/48/46
f 37/49/47 38/51/49 78/52/50 77/50/48
f 38/51/49 39/53/51 79/54/52 78/52/50
f 39/53/51 40/55/53 80/56/54 79/54/52
f 40/55/53 41/57/55 81/58/56 80/56/54
f 41/57/55 42/59/57 82/60/58 81/58/56
f 42/59/57 43/61/59 83/62/60 82/60/58
f 43/61/59 44/63/61 84/64/62 83/62/60
f 44/63/61 45/65/63 85/66/64 84/64/62
f 45/65/63 46/67/65 86/68/66 85/66/64
f 46/67/65 47/69/67 87/70/68 86/68/66
f 47/69/67 48/71/69 88/72/70 87/70/68
f 48/71/69 49/73/71 89/74/72 88/72/70
f 49/73/71 50/75/73 90/76/74 89/74/72
f 50/75/73 51/77/75 91/78/76 90/76/74
f 51/77/75 52/79/77 92/80/78 91/78/76
f 52/81/77 53/82/79 93/83/80 92/84/78
f 53/82/79 14/1/1 54/4/4 93/83/80
f 54/4/4 55/3/3 95/85/81 94/86/82
f 55/3/3 56/6/6 96/87/83 95/85/81
f 56/6/6 57/8/8 97/88/84 96/87/83
f 57/8/8 58/10/10 98/89/85 97/88/84
f 58/10/10 59/12/12 99/90/86 98/89/85
f 59/12/12 60/14/14 100/91/87 99/90/86
f 60/14/14 61/16/16 101/92/88 100/91/87
f 61/16/16 62/18/18 102/93/89 101/92/88
f 62/18/18 63/20/20 103/94/90 102/93/89
f 63/20/20 64/22/22 104/95/91 103/94/90
f 64/22/22 65/24/24 105/96/92 104/95/91
f 65/24/24 66/26/26 106/97/93 105/96/92
f 66/26/26 67/28/28 107/98/94 106/97/93
f 67/28/28 68/30/30 108/99/95 107/98/94
f 68/30/30 69/32/32 109/100/96 108/99/95
f 69/32/32 70/34/34 110/101/97 109/100/96
f 70/34/34 71/36/36 111/102/98 110/101/97
f 71/36/36 72/38/38 112/103/99 111/102/98
f 72/42/38 73/41/40 113/104/100 112/105/99
f 73/41/40 74/44/42 114/106/101 113/104/100
f 74/44/42 75/46/44 115/107/102 114/106/101
f 75/46/44 76/48/46 116/108/103 115/107/102
f 76/48/46 77/50/48 117/109/104 116/108/103
f 77/50/48 78/52/50 118/110/105 117/109/104
f 78/52/50 79/54/52 119/111/106 118/110/105
f 79/54/52 80/56/54 120/112/107 119/111/106
f 80/56/54 81/58/56 121/113/108 120/112/107
f 81/58/56 82/60/58 122/114/109 121/113/108
f 82/60/58 83/62/60 123/115/110 122/114/109
f 83/62/60 84/64/62 124/116/111 123/115/110
f 84/64/62 85/66/64 125/117/112 124/116/111
f 85/66/64 86/68/66 126/118/113 125/117/112
f 86/68/66 87/70/68 127/119/114 126/118/113
f 87/70/68 88/72/70 128/120/115 127/119/114
f 88/72/70 89/74/72 129/121/116 128/120/115
f 89/74/72 90/76/74 130/122/117 129/121/116
f 90/76/74 91/78/76 131/123/118 130/122/117
f 91/78/76 92/80/78 132/124/119 131/123/118
f 92/84/78 93/83/80 133/125/120 132/126/119
f 93/83/80 54/4/4 94/86/82 133/125/120
f 94/86/82 95/85/81 135/127/121 134/128/122
f 95/85/81 96/87/83 136/129/123 135/127/121
f 96/87/83 97/88/84 137/130/124 136/129/123
f 97/88/84 98/89/85 138/131/125 137/130/124
f 98/89/85 99/90/86 139/132/126 138/131/125
f 99/90/86 100/91/87 140/133/127 139/132/126
f 100/91/87 101/92/88 141/134/128 140/133/127
f 101/92/88 102/93/89 142/135/129 141/134/128
f 102/93/89 103/94/90 143/136/130 142/135/129
f 103/94/90 104/95/91 144/137/131 143/136/130
f 104/95/91 105/96/92 145/138/132 144/137/131
f 105/96/92 106/97/93 146/139/133 145/138/132
f 106/97/93 107/98/94 147/140/134 146/139/133
f 107/98/94 108/99/95 148/141/135 147/140/134
f 108/99/95 109/100/96 149/142/136 148/141/135
f 109/100/96 110/101/97 150/143/137 149/142/136
f 110/101/97 111/102/98 151/144/138 150/143/137
f 111/102/98 112/103/99 152/145/139 151/144/138
f 112/105/99 113/104/100 153/146/140 152/147/139
f 113/104/100 114/106/101 154/148/141 153/146/140
f 114/106/101 115/107/102 155/149/142 154/148/141
f 115/107/102 116/108/103 156/150/143 155/149/142
f 116/108/103 117/109/104 157/151/144 156/150/143
f 117/109/104 118/110/105 158/152/145 157/151/144
f 118/110/105 119/111/106 159/153/146 158/152/145
f 119/111/106 120/112/107 160/154/147 159/153/146
f 120/112/107 121/113/108 161/155/148 160/154/147
f 121/113/108 122/114/109 162/156/149 161/155/148
f 122/114/109 123/115/110 163/157/150 162/156/149
f 123/115/110 124/116/111 164/158/151 163/157/150
f 124/116/111 125/117/112 165/159/152 164/158/151
f 125/117/112 126/118/113 166/160/153 165/159/152
f 126/118/113 127/119/114 167/161/154 166/160/153
f 127/119/114 128/120/115 168/162/155 167/161/154
f 128/120/115 129/121/116 169/163/156 168/162/155
f 129/121/116 130/122/117 170/164/157 169/163/156
f 130/122/117 131/123/118 171/165/158 170/164/157
f 131/123/118 132/124/119 172/166/159 171/165/158
f 132/126/119 133/125/120 173/167/160 172/168/159
f 133/125/120 94/86/82 134/128/122 173/167/160
f 134/128/122 135/127/121 175/169/161 174/170/162
f 135/127/121 136/129/123 176/171/163 175/169/161
f 136/129/123 137/130/124 177/172/164 176/171/163
f 137/130/124 138/131/125 178/173/165 177/172/164
f 138/131/125 139/132/126 179/174/166 178/173/165
f 139/132/126 140/133/127 180/175/167 179/174/166
f 140/133/127 141/134/128 181/176/168 180/175/167
f 141/134/128 142/135/129 182/177/169 181/176/168
f 142/135/129 143/136/130 183/178/170 182/177/169
f 143/136/130 144/137/131 184/179/171 183/178/170
f 144/137/131 145/138/132 185/180/172 184/179/171
f 145/138/132 146/139/133 186/181/173 185/180/172
f 146/139/133 147/140/134 187/182/174 186/181/173
f 147/140/134 148/141/135 188/183/175 187/182/174
f 148/141/135 149/142/136 189/184/176 188/183/175
f 149/142/136 150/143/137 190/185/177 189/184/176
f 150/143/137 151/144/138 191/186/178 190/185/177
f 151/144/138 152/145/139 192/187/179 191/186/178
f 152/147/139 153/146/140 193/188/180 192/189/179
f 153/146/140 154/148/141 194/190/181 193/188/180
f 154/148/141 155/149/142 195/191/182 194/190/181
f 155/149/142 156/150/143 196/192/183 195/191/182
f 156/150/143 157/151/144 197/193/184 196/192/183
f 157/151/144 158/152/145 198/194/185 197/193/184
f 158/152/145 159/153/146 199/195/186 198/194/185
f 159/153/146 160/154/147 200/196/187 199/195/186
f 160/154/147 161/155/148 201/197/188 200/196/187
f 161/155/148 162/156/149 202/198/189 201/197/188
f 162/156/149 163/157/150 203/199/190 202/198/189
f 163/157/150 164/158/151 204/200/191 203/199/190
f 164/158/151 165/159/152 205/201/192 204/200/191
f 165/159/152 166/160/153 206/202/193 205/201/192
f 166/160/153 167/161/154 207/203/194 206/202/193
f 167/161/154 168/162/155 208/204/195 207/203/194
f 168/162/155 169/163/156 209/205/196 208/204/195
f 169/163/156 170/164/157 210/206/197 209/205/196
f 170/164/157 171/165/158 211/207/198 210/206/197
f 171/165/158 172/166/159 212/208/199 211/207/198
f 172/168/159 173/167/160 213/209/200 212/210/199
f 173/167/160 134/128/122 174/170/162 213/209/200
s 2
f 174/211/201 175/212/202 215/213/203 214/214/204
f 175/212/202 176/215/205 216/216/206 215/213/203
f 176/215/205 177/217/207 217/218/208 216/216/206
f 177/217/207 178/219/209 218/220/210 217/218/208
f 178/219/209 179/221/211 219/222/212 218/220/210
f 179/221/211 180/223/213 220/224/214 219/222/212
f 180/223/213 181/225/215 221/226/216 220/224/214
f 181/225/215 182/227/217 222/228/218 221/226/216
f 182/227/217 183/229/219 223/230/220 222/228/218
f 183/231/219 184/232/221 224/233/222 223/234/220
f 184/232/221 185/235/223 225/236/224 224/233/222
f 185/235/223 186/237/225 226/238/226 225/236/224
f 186/237/225 187/239/227 227/240/228 226/238/226
f 187/239/227 188/241/229 228/242/230 227/240/228
f 188/241/229 189/243/231 229/244/232 228/242/230
f 189/243/231 190/245/233 230/246/234 229/244/232
f 190/245/233 191/247/235 231/248/236 230/246/234
f 191/247/235 192/249/237 232/250/238 231/248/236
f 192/249/237 193/251/239 233/252/240 232/250/238
f 193/251/239 194/253/241 234/254/242 233/252/240
f 194/253/241 195/255/243 235/256/244 234/254/242
f 195/255/243 196/257/245 236/258/246 235/256/244
f 196/257/245 197/259/247 237/260/248 236/258/246
f 197/259/247 198/261/249 238/262/250 237/260/248
f 198/261/249 199/263/251 239/264/252 238/262/250
f 199/263/251 200/265/253 240/266/254 239/264/252
f 200/265/253 201/267/255 241/268/256 240/266/254
f 201/267/255 202/269/257 242/270/258 241/268/256
f 202/269/257 203/271/259 243/272/260 242/270/258
f 203/273/259 204/274/261 244/275/262 243/276/260
f 204/274/261 205/277/263 245/278/264 244/275/262
f 205/277/263 206/279/265 246/280/266 245/278/264
f 206/279/265 207/281/267 247/282/268 246/280/266
f 207/281/267 208/283/269 248/284/270 247/282/268
f 208/283/269 209/285/271 249/286/272 248/284/270
f 209/285/271 210/287/273 250/288/274 249/286/272
f 210/287/273 211/289/275 251/290/276 250/288/274
f 211/289/275 212/291/277 252/292/278 251/290/276
f 212/291/277 213/293/279 253/294/280 252/292/278
f 213/293/279 174/211/201 214/214/204 253/294/280
s 3
f 214/214/281 215/213/282 255/295/283 254/296/284
f 215/213/282 216/216/285 256/297/286 255/295/283
f 216/216/285 217/218/287 257/298/288 256/297/286
f 217/218/287 218/220/289 258/299/290 257/298/288
f 218/220/289 219/222/291 259/300/292 258/299/290
f 219/222/291 220/224/293 260/301/294 259/300/292
f 220/224/293 221/226/295 261/302/296 260/301/294
f 221/226/295 222/228/297 262/303/298 261/302/296
f 222/228/297 223/230/299 263/304/300 262/303/298
f 223/234/299 224/233/301 264/305/302 263/306/300
f 224/233/301 225/236/303 265/307/304 264/305/302
f 225/236/303 226/238/305 266/308/306 265/307/304
f 226/238/305 227/240/307 267/309/308 266/308/306
f 227/240/307 228/242/309 268/310/310 267/309/308
f 228/242/309 229/244/311 269/311/312 268/310/310
f 229/244/311 230/246/313 270/312/314 269/311/312
f 230/246/313 231/248/315 271/313/316 270/312/314
f 231/248/315 232/250/317 272/314/318 271/313/316
f 232/250/317 233/252/319 273/315/320 272/314/318
f 233/252/319 234/254/321 274/316/322 273/315/320
f 234/254/321 235/256/323 275/317/324 274/316/322
f 235/256/323 236/258/325 276/318/326 275/317/324
f 236/258/325 237/260/327 277/319/328 276/318/326
f 237/260/327 238/262/329 278/320/330 277/319/328
f 238/262/329 239/264/331 279/321/332 278/320/330
f 239/264/331 240/266/333 280/322/334 279/321/332
f 240/266/333 241/268/335 281/323/336 280/322/334
f 241/268/335 242/270/337 282/324/338 281/323/336
f 242/270/337 243/272/339 283/325/340 282/324/338
f 243/276/339 244/275/341 284/326/342 283/327/340
f 244/275/341 245/278/343 285/328/344 284/326/342
f 245/278/343 246/280/345 286/329/346 285/328/344
f 246/280/345 247/282/347 287/330/348 286/329/346
f 247/282/347 248/284/349 288/331/350 287/330/348
f 248/284/349 249/286/351 289/332/352 288/331/350
f 249/286/351 250/288/353 290/333/354 289/332/352
f 250/288/353 251/290/355 291/334/356 290/333/354
f 251/290/355 252/292/357 292/335/358 291/334/356
f 252/292/357 253/294/359 293/336/360 292/335/358
f 253/294/359 214/214/281 254/296/284 293/336/360
s 4
f 575/337/361 576/338/362 577/339/363 578/340/364
f 576/338/362 579/341/365 580/342/366 577/339/363
f 579/341/365 581/343/367 582/344/368 580/342/366
f 581/343/367 583/345/369 584/346/370 582/344/368
f 583/345/369 585/347/371 586/348/372 584/346/370
f 585/347/371 587/349/373 588/350/374 586/348/372
f 587/349/373 589/351/375 590/352/376 588/350/374
f 589/351/375 591/353/377 592/354/378 590/352/376
f 591/353/377 593/355/379 594/356/380 592/354/378
f 593/357/379 595/358/381 596/359/382 594/360/380
f 595/358/381 597/361/383 598/362/384 596/359/382
f 597/361/383 599/363/385 600/364/386 598/362/384
f 599/363/385 601/365/387 602/366/388 600/364/386
f 601/365/387 603/367/389 604/368/390 602/366/388
f 603/367/389 605/369/391 606/370/392 604/368/390
f 605/369/391 607/371/393 608/372/394 606/370/392
f 607/371/393 609/373/395 610/374/396 608/372/394
f 609/373/395 611/375/397 612/376/398 610/374/396
f 611/375/397 613/377/399 614/378/400 612/376/398
f 613/377/399 615/379/401 616/380/402 614/378/400
f 615/379/401 617/381/403 618/382/404 616/380/402
f 617/381/403 619/383/405 620/384/406 618/382/404
f 619/383/405 621/385/407 622/386/408 620/384/406
f 621/385/407 623/387/409 624/388/410 622/386/408
f 623/387/409 625/389/411 626/390/412 624/388/410
f 625/389/411 627/391/413 628/392/414 626/390/412
f 627/391/413 629/393/415 630/394/416 628/392/414
f 629/393/415 631/395/417 632/396/418 630/394/416
f 631/395/417 633/397/419 634/398/420 632/396/418
f 633/399/419 635/400/421 636/401/422 634/402/420
f 635/400/421 637/403/423 638/404/424 636/401/422
f 637/403/423 639/405/425 640/406/426 638/404/424
f 639/405/425 641/407/427 642/408/428 640/406/426
f 641/407/427 643/409/429 644/410/430 642/408/428
f 643/409/429 645/411/431 646/412/432 644/410/430
f 645/411/431 647/413/433 648/414/434 646/412/432
f 647/413/433 649/415/435 650/416/436 648/414/434
f 649/415/435 651/417/437 652/418/438 650/416/436
f 651/417/437 653/419/439 654/420/440 652/418/438
f 653/419/439 575/337/361 578/340/364 654/420/440
s 5
f 294/421/441 295/422/442 335/423/443 334/424/444
f 295/422/442 296/425/445 336/426/446 335/423/443
f 296/425/445 297/427/447 337/428/448 336/426/446
f 297/427/447 298/429/449 338/430/450 337/428/448
f 298/429/449 299/431/451 339/432/452 338/430/450
f 299/431/451 300/433/453 340/434/454 339/432/452
f 300/433/453 301/435/455 341/436/456 340/434/454
f 301/435/455 302/437/457 342/438/458 341/436/456
f 302/437/457 303/439/459 343/440/460 342/438/458
f 303/439/459 304/441/461 344/442/462 343/440/460
f 304/441/461 305/443/463 345/444/464 344/442/462
f 305/443/463 306/445/465 346/446/466 345/444/464
f 306/445/465 307/447/467 347/448/468 346/446/466
f 307/447/467 308/449/469 348/450/470 347/448/468
f 308/449/469 309/451/471 349/452/472 348/450/470
f 309/451/471 310/453/473 350/454/474 349/452/472
f 310/453/473 311/455/475 351/456/476 350/454/474
f 311/455/475 312/457/477 352/458/478 351/456/476
f 312/457/477 313/459/479 353/460/480 352/458/478
f 313/459/479 314/461/481 354/462/482 353/460/480
f 314/463/481 315/464/483 355/465/484 354/466/482
f 315/464/483 316/467/485 356/468/486 355/465/484
f 316/467/485 317/469/487 357/470/488 356/468/486
f 317/469/487 318/471/489 358/472/490 357/470/488
f 318/471/489 319/473/491 359/474/492 358/472/490
f 319/473/491 320/475/493 360/476/494 359/474/492
f 320/475/493 321/477/495 361/478/496 360/476/494
f 321/477/495 322/479/497 362/480/498 361/478/496
f 322/479/497 323/481/499 363/482/500 362/480/498
f 323/481/499 324/483/501 364/484/502 363/482/500
f 324/483/501 325/485/503 365/486/504 364/484/502
f 325/485/503 326/487/505 366/488/506 365/486/504
f 326/487/505 327/489/507 367/490/508 366/488/506
f 327/489/507 328/491/509 368/492/510 367/490/508
f 328/491/509 329/493/511 369/494/512 368/492/510
f 329/493/511 330/495/513 370/496/514 369/494/512
f 330/495/513 331/497/515 371/498/516 370/496/514
f 331/497/515 332/499/517 372/500/518 371/498/516
f 332/499/517 333/501/519 373/502/520 372/500/518
f 333/501/519 294/503/441 334/504/444 373/502/520
f 334/424/444 335/423/443 375/505/521 374/506/522
f 335/423/443 336/426/446 376/507/523 375/505/521
f 336/426/446 337/428/448 377/508/524 376/507/523
f 337/428/448 338/430/450 378/509/525 377/508/524
f 338/430/450 339/432/452 379/510/526 378/509/525
f 339/432/452 340/434/454 380/511/527 379/510/526
f 340/434/454 341/436/456 381/512/528 380/511/527
f 341/436/456 342/438/458 382/513/529 381/512/528
f 342/438/458 343/440/460 383/514/530 382/513/529
f 343/440/460 344/442/462 384/515/531 383/514/530
f 344/442/462 345/444/464 385/516/532 384/515/531
f 345/444/464 346/446/466 386/517/533 385/516/532
f 346/446/466 347/448/468 387/518/534 386/517/533
f 347/448/468 348/450/470 388/519/535 387/518/534
f 348/450/470 349/452/472 389/520/536 388/519/535
f 349/452/472 350/454/474 390/521/537 389/520/536
f 350/454/474 351/456/476 391/522/538 390/521/537
f 351/456/476 352/458/478 392/523/539 391/522/538
f 352/458/478 353/460/480 393/524/540 392/523/539
f 353/460/480 354/462/482 394/525/541 393/524/540
f 354/466/482 355/465/484 395/526/542 394/527/541
f 355/465/484 356/468/486 396/528/543 395/526/542
f 356/468/486 357/470/488 397/529/544 396/528/543
f 357/470/488 358/472/490 398/530/545 397/529/544
f 358/472/490 359/474/492 399/531/546 398/530/545
f 359/474/492 360/476/494 400/532/547 399/531/546
f 360/476/494 361/478/496 401/533/548 400/532/547
f 361/478/496 362/480/498 402/534/549 401/533/548
f 362/480/498 363/482/500 403/535/550 402/534/549
f 363/482/500 364/484/502 404/536/551 403/535/550
f 364/484/502 365/486/504 405/537/552 404/536/551
f 365/486/504 366/488/506 406/538/553 405/537/552
f 366/488/506 367/490/508 407/539/554 406/538/553
f 367/490/508 368/492/510 408/540/555 407/539/554
f 368/492/510 369/494/512 409/541/556 408/540/555
f 369/494/512 370/496/514 410/542/557 409/541/556
f 370/496/514 371/498/516 411/543/558 410/542/557
f 371/498/516 372/500/518 412/544/559 411/543/558
f 372/500/518 373/502/520 413/545/560 412/544/559
f 373/502/520 334/504/444 374/546/522 413/545/560
s 6
f 776/547/561 775/548/562 777/549/563
f 778/550/564 776/547/561 777/549/563
f 779/551/565 778/550/564 777/549/563
f 780/552/566 779/551/565 777/549/563
f 781/553/567 780/552/566 777/549/563
f 782/554/568 781/553/567 777/549/563
f 783/555/569 782/554/568 777/549/563
f 784/556/570 783/555/569 777/549/563
f 785/557/571 784/556/570 777/549/563
f 786/558/572 785/557/571 777/549/563
f 787/559/573 786/558/572 777/549/563
f 788/560/574 787/559/573 777/549/563
f 789/561/575 788/560/574 777/549/563
f 790/562/576 789/561/575 777/549/563
f 791/563/577 790/562/576 777/549/563
f 792/564/578 791/563/577 777/549/563
f 793/565/579 792/564/578 777/549/563
f 794/566/580 793/565/579 777/549/563
f 795/567/581 794/568/580 777/569/563
f 796/570/582 795/567/581 777/569/563
f 797/571/583 796/570/582 777/569/563
f 798/572/584 797/571/583 777/569/563
f 799/573/585 798/572/584 777/569/563
f 800/574/586 799/573/585 777/569/563
f 801/575/587 800/574/586 777/569/563
f 802/576/588 801/575/587 777/569/563
f 803/577/589 802/576/588 777/569/563
f 804/578/590 803/577/589 777/569/563
f 805/579/591 804/578/590 777/569/563
f 806/580/592 805/579/591 777/569/563
f 807/581/593 806/580/592 777/569/563
f 808/582/594 807/581/593 777/569/563
f 809/583/595 808/582/594 777/569/563
f 810/584/596 809/583/595 777/569/563
f 811/585/597 810/584/596 777/569/563
f 812/586/598 811/585/597 777/569/563
f 813/587/599 812/586/598 777/569/563
f 814/588/600 813/587/599 777/569/563
f 815/589/601 814/590/600 777/549/563
f 775/548/562 815/589/601 777/549/563
s 5
f 374/506/522 375/505/521 414/591/602
f 375/505/521 376/507/523 414/591/602
f 376/507/523 377/508/524 414/591/602
f 377/508/524 378/509/525 414/591/602
f 378/509/525 379/510/526 414/591/602
f 379/510/526 380/511/527 414/591/602
f 380/511/527 381/512/528 414/591/602
f 381/512/528 382/513/529 414/591/602
f 382/513/529 383/514/530 414/591/602
f 383/514/530 384/515/531 414/591/602
f 384/515/531 385/516/532 414/591/602
f 385/516/532 386/517/533 414/591/602
f 386/517/533 387/518/534 414/591/602
f 387/518/534 388/519/535 414/591/602
f 388/519/535 389/520/536 414/591/602
f 389/520/536 390/521/537 414/591/602
f 390/521/537 391/522/538 414/591/602
f 391/522/538 392/523/539 414/591/602
f 392/523/539 393/524/540 414/591/602
f 393/524/540 394/525/541 414/591/602
f 394/527/541 395/526/542 414/592/602
f 395/526/542 396/528/543 414/592/602
f 396/528/543 397/529/544 414/592/602
f 397/529/544 398/530/545 414/592/602
f 398/530/545 399/531/546 414/592/602
f 399/531/546 400/532/547 414/592/602
f 400/532/547 401/533/548 414/592/602
f 401/533/548 402/534/549 414/592/602
f 402/534/549 403/535/550 414/592/602
f 403/535/550 404/536/551 414/592/602
f 404/536/551 405/537/552 414/592/602
f 405/537/552 406/538/553 414/592/602
f 406/538/553 407/539/554 414/592/602
f 407/539/554 408/540/555 414/592/602
f 408/540/555 409/541/556 414/592/602
f 409/541/556 410/542/557 414/592/602
f 410/542/557 411/543/558 414/592/602
f 411/543/558 412/544/559 414/592/602
f 412/544/559 413/545/560 414/592/602
f 413/545/560 374/546/522 414/592/602
s 7
f 254/296/603 255/295/604 416/593/605 415/594/606
s 8
f 295/422/607 294/421/608 418/595/609 417/596/610
s 7
f 255/295/604 256/297/611 419/597/612 416/593/605
s 8
f 296/425/613 295/422/607 417/596/610 420/598/614
s 7
f 256/297/611 257/298/615 421/599/616 419/597/612
s 8
f 297/427/617 296/425/613 420/598/614 422/600/618
s 7
f 257/298/615 258/299/619 423/601/620 421/599/616
s 8
f 298/429/621 297/427/617 422/600/618 424/602/622
s 7
f 258/299/619 259/300/623 425/603/624 423/601/620
s 8
f 299/431/625 298/429/621 424/602/622 426/604/626
s 7
f 259/300/623 260/301/627 427/605/628 425/603/624
s 8
f 300/433/629 299/431/625 426/604/626 428/606/630
s 7
f 260/301/627 261/302/631 429/607/632 427/605/628
s 8
f 301/435/633 300/433/629 428/606/630 430/608/634
s 7
f 261/302/631 262/303/635 431/609/636 429/607/632
s 8
f 302/437/637 301/435/633 430/608/634 432/610/638
s 7
f 262/303/635 263/304/639 433/611/640 431/609/636
s 8
f 303/439/641 302/437/637 432/610/638 434/612/642
s 7
f 263/306/639 264/305/643 435/613/644 433/614/640
s 8
f 304/441/645 303/439/641 434/612/642 436/615/646
s 7
f 264/305/643 265/307/647 437/616/648 435/613/644
s 8
f 305/443/649 304/441/645 436/615/646 438/617/650
s 7
f 265/307/647 266/308/651 439/618/652 437/616/648
s 8
f 306/445/653 305/443/649 438/617/650 440/619/654
s 7
f 266/308/651 267/309/655 441/620/656 439/618/652
s 8
f 307/447/657 306/445/653 440/619/654 442/621/658
s 7
f 267/309/655 268/310/659 443/622/660 441/620/656
s 8
f 308/449/661 307/447/657 442/621/658 444/623/662
s 7
f 268/310/659 269/311/663 445/624/664 443/622/660
s 8
f 309/451/665 308/449/661 444/623/662 446/625/666
s 7
f 269/311/663 270/312/667 447/626/668 445/624/664
s 8
f 310/453/669 309/451/665 446/625/666 448/627/670
s 7
f 270/312/667 271/313/671 449/628/672 447/626/668
s 8
f 311/455/673 310/453/669 448/627/670 450/629/674
s 7
f 271/313/671 272/314/675 451/630/676 449/628/672
s 8
f 312/457/677 311/455/673 450/629/674 452/631/678
s 7
f 272/314/675 273/315/679 453/632/680 451/630/676
s 8
f 313/459/681 312/457/677 452/631/678 454/633/682
s 7
f 273/315/679 274/316/683 455/634/684 453/632/680
s 8
f 314/461/685 313/459/681 454/633/682 456/635/686
s 7
f 274/316/683 275/317/687 457/636/688 455/634/684
s 8
f 315/464/689 314/463/685 456/637/686 458/638/690
s 7
f 275/317/687 276/318/691 459/639/692 457/636/688
s 8
f 316/467/693 315/464/689 458/638/690 460/640/694
s 7
f 276/318/691 277/319/695 461/641/696 459/639/692
s 8
f 317/469/697 316/467/693 460/640/694 462/642/698
s 7
f 277/319/695 278/320/699 463/643/700 461/641/696
s 8
f 318/471/701 317/469/697 462/642/698 464/644/702
s 7
f 278/320/699 279/321/703 465/645/704 463/643/700
s 8
f 319/473/705 318/471/701 464/644/702 466/646/706
s 7
f 279/321/703 280/322/707 467/647/708 465/645/704
s 8
f 320/475/709 319/473/705 466/646/706 468/648/710
s 7
f 280/322/707 281/323/711 469/649/712 467/647/708
s 8
f 321/477/713 320/475/709 468/648/710 470/650/714
s 7
f 281/323/711 282/324/715 471/651/716 469/649/712
s 8
f 322/479/717 321/477/713 470/650/714 472/652/718
s 7
f 282/324/715 283/325/719 473/653/720 471/651/716
s 8
f 323/481/721 322/479/717 472/652/718 474/654/722
s 7
f 283/327/719 284/326/723 475/655/724 473/656/720
s 8
f 324/483/725 323/481/721 474/654/722 476/657/726
s 7
f 284/326/723 285/328/727 477/658/728 475/655/724
s 8
f 325/485/729 324/483/725 476/657/726 478/659/730
s 7
f 285/328/727 286/329/731 479/660/732 477/658/728
s 8
f 326/487/733 325/485/729 478/659/730 480/661/734
s 7
f 286/329/731 287/330/735 481/662/736 479/660/732
s 8
f 327/489/737 326/487/733 480/661/734 482/663/738
s 7
f 287/330/735 288/331/739 483/664/740 481/662/736
s 8
f 328/491/741 327/489/737 482/663/738 484/665/742
s 7
f 288/331/739 289/332/743 485/666/744 483/664/740
s 8
f 329/493/745 328/491/741 484/665/742 486/667/746
s 7
f 289/332/743 290/333/747 487/668/748 485/666/744
s 8
f 330/495/749 329/493/745 486/667/746 488/669/750
s 7
f 290/333/747 291/334/751 489/670/752 487/668/748
s 8
f 331/497/753 330/495/749 488/669/750 490/671/754
s 7
f 291/334/751 292/335/755 491/672/756 489/670/752
s 8
f 332/499/757 331/497/753 490/671/754 492/673/758
s 7
f 292/335/755 293/336/759 493/674/760 491/672/756
s 8
f 333/501/761 332/499/757 492/673/758 494/675/762
s 7
f 293/336/759 254/296/603 415/594/606 493/674/760
s 8
f 294/503/608 333/501/761 494/675/762 418/676/609
s 7
f 415/594/606 416/593/605 496/677/763 495/678/764
s 8
f 417/596/610 418/595/609 498/679/765 497/680/766
s 7
f 416/593/605 419/597/612 499/681/767 496/677/763
s 8
f 420/598/614 417/596/610 497/680/766 500/682/768
s 7
f 419/597/612 421/599/616 501/683/769 499/681/767
s 8
f 422/600/618 420/598/614 500/682/768 502/684/770
s 7
f 421/599/616 423/601/620 503/685/771 501/683/769
s 8
f 424/602/622 422/600/618 502/684/770 504/686/772
s 7
f 423/601/620 425/603/624 505/687/773 503/685/771
s 8
f 426/604/626 424/602/622 504/686/772 506/688/774
s 7
f 425/603/624 427/605/628 507/689/775 505/687/773
s 8
f 428/606/630 426/604/626 506/688/774 508/690/776
s 7
f 427/605/628 429/607/632 509/691/777 507/689/775
s 8
f 430/608/634 428/606/630 508/690/776 510/692/778
s 7
f 429/607/632 431/609/636 511/693/779 509/691/777
s 8
f 432/610/638 430/608/634 510/692/778 512/694/780
s 7
f 431/609/636 433/611/640 513/695/781 511/693/779
s 8
f 434/612/642 432/610/638 512/694/780 514/696/782
s 7
f 433/614/640 435/613/644 515/697/783 513/698/781
s 8
f 436/615/646 434/612/642 514/696/782 516/699/784
s 7
f 435/613/644 437/616/648 517/700/785 515/697/783
s 8
f 438/617/650 436/615/646 516/699/784 518/701/786
s 7
f 437/616/648 439/618/652 519/702/787 517/700/785
s 8
f 440/619/654 438/617/650 518/701/786 520/703/788
s 7
f 439/618/652 441/620/656 521/704/789 519/702/787
s 8
f 442/621/658 440/619/654 520/703/788 522/705/790
s 7
f 441/620/656 443/622/660 523/706/791 521/704/789
s 8
f 444/623/662 442/621/658 522/705/790 524/707/792
s 7
f 443/622/660 445/624/664 525/708/793 523/706/791
s 8
f 446/625/666 444/623/662 524/707/792 526/709/794
s 7
f 445/624/664 447/626/668 527/710/795 525/708/793
s 8
f 448/627/670 446/625/666 526/709/794 528/711/796
s 7
f 447/626/668 449/628/672 529/712/797 527/710/795
s 8
f 450/629/674 448/627/670 528/711/796 530/713/798
s 7
f 449/628/672 451/630/676 531/714/799 529/712/797
s 8
f 452/631/678 450/629/674 530/713/798 532/715/800
s 7
f 451/630/676 453/632/680 533/716/801 531/714/799
s 8
f 454/633/682 452/631/678 532/715/800 534/717/802
s 7
f 453/632/680 455/634/684 535/718/803 533/716/801
s 8
f 456/635/686 454/633/682 534/717/802 536/719/804
s 7
f 455/634/684 457/636/688 537/720/805 535/718/803
s 8
f 458/638/690 456/637/686 536/721/804 538/722/806
s 7
f 457/636/688 459/639/692 539/723/807 537/720/805
s 8
f 460/640/694 458/638/690 538/722/806 540/724/808
s 7
f 459/639/692 461/641/696 541/725/809 539/723/807
s 8
f 462/642/698 460/640/694 540/724/808 542/726/810
s 7
f 461/641/696 463/643/700 543/727/811 541/725/809
s 8
f 464/644/702 462/642/698 542/726/810 544/728/812
s 7
f 463/643/700 465/645/704 545/729/813 543/727/811
s 8
f 466/646/706 464/644/702 544/728/812 546/730/814
s 7
f 465/645/704 467/647/708 547/731/815 545/729/813
s 8
f 468/648/710 466/646/706 546/730/814 548/732/816
s 7
f 467/647/708 469/649/712 549/733/817 547/731/815
s 8
f 470/650/714 468/648/710 548/732/816 550/734/818
s 7
f 469/649/712 471/651/716 551/735/819 549/733/817
s 8
f 472/652/718 470/650/714 550/734/818 552/736/820
s 7
f 471/651/716 473/653/720 553/737/821 551/735/819
s 8
f 474/654/722 472/652/718 552/736/820 554/738/822
s 7
f 473/656/720 475/655/724 555/739/823 553/740/821
s 8
f 476/657/726 474/654/722 554/738/822 556/741/824
s 7
f 475/655/724 477/658/728 557/742/825 555/739/823
s 8
f 478/659/730 476/657/726 556/741/824 558/743/826
s 7
f 477/658/728 479/660/732 559/744/827 557/742/825
s 8
f 480/661/734 478/659/730 558/743/826 560/745/828
s 7
f 479/660/732 481/662/736 561/746/829 559/744/827
s 8
f 482/663/738 480/661/734 560/745/828 562/747/830
s 7
f 481/662/736 483/664/740 563/748/831 561/746/829
s 8
f 484/665/742 482/663/738 562/747/830 564/749/832
s 7
f 483/664/740 485/666/744 565/750/833 563/748/831
s 8
f 486/667/746 484/665/742 564/749/832 566/751/834
s 7
f 485/666/744 487/668/748 567/752/835 565/750/833
s 8
f 488/669/750 486/667/746 566/751/834 568/753/836
s 7
f 487/668/748 489/670/752 569/754/837 567/752/835
s 8
f 490/671/754 488/669/750 568/753/836 570/755/838
s 7
f 489/670/752 491/672/756 571/756/839 569/754/837
s 8
f 492/673/758 490/671/754 570/755/838 572/757/840
s 7
f 491/672/756 493/674/760 573/758/841 571/756/839
s 8
f 494/675/762 492/673/758 572/757/840 574/759/842
s 7
f 493/674/760 415/594/606 495/678/764 573/758/841
s 8
f 418/676/609 494/675/762 574/759/842 498/760/765
s 7
f 495/678/764 496/677/763 576/338/843 575/337/844
s 9
f 656/761/845 655/762/846 657/763/847 658/764/848
s 7
f 496/677/763 499/681/767 579/341/849 576/338/843
s 9
f 659/765/850 656/761/845 658/764/848 660/766/851
s 7
f 499/681/767 501/683/769 581/343/852 579/341/849
s 9
f 661/767/853 659/765/850 660/766/851 662/768/854
s 7
f 501/683/769 503/685/771 583/345/855 581/343/852
s 9
f 663/769/856 661/767/853 662/768/854 664/770/857
s 7
f 503/685/771 505/687/773 585/347/858 583/345/855
s 9
f 665/771/859 663/769/856 664/770/857 666/772/860
s 7
f 505/687/773 507/689/775 587/349/861 585/347/858
s 9
f 667/773/862 665/771/859 666/772/860 668/774/863
s 7
f 507/689/775 509/691/777 589/351/864 587/349/861
s 9
f 669/775/865 667/773/862 668/774/863 670/776/866
s 7
f 509/691/777 511/693/779 591/353/867 589/351/864
s 9
f 671/777/868 669/775/865 670/776/866 672/778/869
s 7
f 511/693/779 513/695/781 593/355/870 591/353/867
s 9
f 673/779/871 671/777/868 672/778/869 674/780/872
s 7
f 513/698/781 515/697/783 595/358/873 593/357/870
s 9
f 675/781/874 673/779/871 674/780/872 676/782/875
s 7
f 515/697/783 517/700/785 597/361/876 595/358/873
s 9
f 677/783/877 675/781/874 676/782/875 678/784/878
s 7
f 517/700/785 519/702/787 599/363/879 597/361/876
s 9
f 679/785/880 677/783/877 678/784/878 680/786/881
s 7
f 519/702/787 521/704/789 601/365/882 599/363/879
s 9
f 681/787/883 679/785/880 680/786/881 682/788/884
s 7
f 521/704/789 523/706/791 603/367/885 601/365/882
s 9
f 683/789/886 681/787/883 682/788/884 684/790/887
s 7
f 523/706/791 525/708/793 605/369/888 603/367/885
s 9
f 685/791/889 683/789/886 684/790/887 686/792/890
s 7
f 525/708/793 527/710/795 607/371/891 605/369/888
s 9
f 687/793/892 685/791/889 686/792/890 688/794/893
s 7
f 527/710/795 529/712/797 609/373/894 607/371/891
s 9
f 689/795/895 687/793/892 688/794/893 690/796/896
s 7
f 529/712/797 531/714/799 611/375/897 609/373/894
s 9
f 691/797/898 689/795/895 690/796/896 692/798/899
s 7
f 531/714/799 533/716/801 613/377/900 611/375/897
s 9
f 693/799/901 691/797/898 692/798/899 694/800/902
s 7
f 533/716/801 535/718/803 615/379/903 613/377/900
s 9
f 695/801/904 693/799/901 694/800/902 696/802/905
s 7
f 535/718/803 537/720/805 617/381/906 615/379/903
s 9
f 697/803/907 695/804/904 696/805/905 698/806/908
s 7
f 537/720/805 539/723/807 619/383/909 617/381/906
s 9
f 699/807/910 697/803/907 698/806/908 700/808/911
s 7
f 539/723/807 541/725/809 621/385/912 619/383/909
s 9
f 701/809/913 699/807/910 700/808/911 702/810/914
s 7
f 541/725/809 543/727/811 623/387/915 621/385/912
s 9
f 703/811/916 701/809/913 702/810/914 704/812/917
s 7
f 543/727/811 545/729/813 625/389/918 623/387/915
s 9
f 705/813/919 703/811/916 704/812/917 706/814/920
s 7
f 545/729/813 547/731/815 627/391/921 625/389/918
s 9
f 707/815/922 705/813/919 706/814/920 708/816/923
s 7
f 547/731/815 549/733/817 629/393/924 627/391/921
s 9
f 709/817/925 707/815/922 708/816/923 710/818/926
s 7
f 549/733/817 551/735/819 631/395/927 629/393/924
s 9
f 711/819/928 709/817/925 710/818/926 712/820/929
s 7
f 551/735/819 553/737/821 633/397/930 631/395/927
s 9
f 713/821/931 711/819/928 712/820/929 714/822/932
s 7
f 553/740/821 555/739/823 635/400/933 633/399/930
s 9
f 715/823/934 713/821/931 714/822/932 716/824/935
s 7
f 555/739/823 557/742/825 637/403/936 635/400/933
s 9
f 717/825/937 715/823/934 716/824/935 718/826/938
s 7
f 557/742/825 559/744/827 639/405/939 637/403/936
s 9
f 719/827/940 717/825/937 718/826/938 720/828/941
s 7
f 559/744/827 561/746/829 641/407/942 639/405/939
s 9
f 721/829/943 719/827/940 720/828/941 722/830/944
s 7
f 561/746/829 563/748/831 643/409/945 641/407/942
s 9
f 723/831/946 721/829/943 722/830/944 724/832/947
s 7
f 563/748/831 565/750/833 645/411/948 643/409/945
s 9
f 725/833/949 723/831/946 724/832/947 726/834/950
s 7
f 565/750/833 567/752/835 647/413/951 645/411/948
s 9
f 727/835/952 725/833/949 726/834/950 728/836/953
s 7
f 567/752/835 569/754/837 649/415/954 647/413/951
s 9
f 729/837/955 727/835/952 728/836/953 730/838/956
s 7
f 569/754/837 571/756/839 651/417/957 649/415/954
s 9
f 731/839/958 729/837/955 730/838/956 732/840/959
s 7
f 571/756/839 573/758/841 653/419/960 651/417/957
s 9
f 733/841/961 731/839/958 732/840/959 734/842/962
s 7
f 573/758/841 495/678/764 575/337/844 653/419/960
s 9
f 655/843/846 733/841/961 734/842/962 657/844/847
s 10
f 497/680/963 498/679/964 655/762/965 656/761/966
s 4
f 578/340/364 577/339/363 658/845/967 657/846/968
s 10
f 500/682/969 497/680/963 656/761/966 659/765/970
s 4
f 577/339/363 580/342/366 660/847/971 658/845/967
s 10
f 502/684/972 500/682/969 659/765/970 661/767/973
s 4
f 580/342/366 582/344/368 662/848/974 660/847/971
s 10
f 504/686/975 502/684/972 661/767/973 663/769/976
s 4
f 582/344/368 584/346/370 664/849/977 662/848/974
s 10
f 506/688/978 504/686/975 663/769/976 665/771/979
s 4
f 584/346/370 586/348/372 666/850/980 664/849/977
s 10
f 508/690/981 506/688/978 665/771/979 667/773/982
s 4
f 586/348/372 588/350/374 668/851/983 666/850/980
s 10
f 510/692/984 508/690/981 667/773/982 669/775/985
s 4
f 588/350/374 590/352/376 670/852/986 668/851/983
s 10
f 512/694/987 510/692/984 669/775/985 671/777/988
s 4
f 590/352/376 592/354/378 672/853/989 670/852/986
s 10
f 514/696/990 512/694/987 671/777/988 673/779/991
s 4
f 592/354/378 594/356/380 674/854/992 672/853/989
s 10
f 516/699/993 514/696/990 673/779/991 675/781/994
s 4
f 594/360/380 596/359/382 676/855/995 674/856/992
s 10
f 518/701/996 516/699/993 675/781/994 677/783/997
s 4
f 596/359/382 598/362/384 678/857/998 676/855/995
s 10
f 520/703/999 518/701/996 677/783/997 679/785/1000
s 4
f 598/362/384 600/364/386 680/858/1001 678/857/998
s 10
f 522/705/1002 520/703/999 679/785/1000 681/787/1003
s 4
f 600/364/386 602/366/388 682/859/1004 680/858/1001
s 10
f 524/707/1005 522/705/1002 681/787/1003 683/789/1006
s 4
f 602/366/388 604/368/390 684/860/1007 682/859/1004
s 10
f 526/709/1008 524/707/1005 683/789/1006 685/791/1009
s 4
f 604/368/390 606/370/392 686/861/1010 684/860/1007
s 10
f 528/711/1011 526/709/1008 685/791/1009 687/793/1012
s 4
f 606/370/392 608/372/394 688/862/1013 686/861/1010
s 10
f 530/713/1014 528/711/1011 687/793/1012 689/795/1015
s 4
f 608/372/394 610/374/396 690/863/1016 688/862/1013
s 10
f 532/715/1017 530/713/1014 689/795/1015 691/797/1018
s 4
f 610/374/396 612/376/398 692/864/1019 690/863/1016
s 10
f 534/717/1020 532/715/1017 691/797/1018 693/799/1021
s 4
f 612/376/398 614/378/400 694/865/1022 692/864/1019
s 10
f 536/719/1023 534/717/1020 693/799/1021 695/801/1024
s 4
f 614/378/400 616/380/402 696/866/1025 694/865/1022
s 10
f 538/722/1026 536/721/1023 695/804/1024 697/803/1027
s 4
f 616/380/402 618/382/404 698/867/1028 696/866/1025
s 10
f 540/724/1029 538/722/1026 697/803/1027 699/807/1030
s 4
f 618/382/404 620/384/406 700/868/1031 698/867/1028
s 10
f 542/726/1032 540/724/1029 699/807/1030 701/809/1033
s 4
f 620/384/406 622/386/408 702/869/1034 700/868/1031
s 10
f 544/728/1035 542/726/1032 701/809/1033 703/811/1036
s 4
f 622/386/408 624/388/410 704/870/1037 702/869/1034
s 10
f 546/730/1038 544/728/1035 703/811/1036 705/813/1039
s 4
f 624/388/410 626/390/412 706/871/1040 704/870/1037
s 10
f 548/732/1041 546/730/1038 705/813/1039 707/815/1042
s 4
f 626/390/412 628/392/414 708/872/1043 706/871/1040
s 10
f 550/734/1044 548/732/1041 707/815/1042 709/817/1045
s 4
f 628/392/414 630/394/416 710/873/1046 708/872/1043
s 10
f 552/736/1047 550/734/1044 709/817/1045 711/819/1048
s 4
f 630/394/416 632/396/418 712/874/1049 710/873/1046
s 10
f 554/738/1050 552/736/1047 711/819/1048 713/821/1051
s 4
f 632/396/418 634/398/420 714/875/1052 712/874/1049
s 10
f 556/741/1053 554/738/1050 713/821/1051 715/823/1054
s 4
f 634/402/420 636/401/422 716/876/1055 714/877/1052
s 10
f 558/743/1056 556/741/1053 715/823/1054 717/825/1057
s 4
f 636/401/422 638/404/424 718/878/1058 716/876/1055
s 10
f 560/745/1059 558/743/1056 717/825/1057 719/827/1060
s 4
f 638/404/424 640/406/426 720/879/1061 718/878/1058
s 10
f 562/747/1062 560/745/1059 719/827/1060 721/829/1063
s 4
f 640/406/426 642/408/428 722/880/1064 720/879/1061
s 10
f 564/749/1065 562/747/1062 721/829/1063 723/831/1066
s 4
f 642/408/428 644/410/430 724/881/1067 722/880/1064
s 10
f 566/751/1068 564/749/1065 723/831/1066 725/833/1069
s 4
f 644/410/430 646/412/432 726/882/1070 724/881/1067
s 10
f 568/753/1071 566/751/1068 725/833/1069 727/835/1072
s 4
f 646/412/432 648/414/434 728/883/1073 726/882/1070
s 10
f 570/755/1074 568/753/1071 727/835/1072 729/837/1075
s 4
f 648/414/434 650/416/436 730/884/1076 728/883/1073
s 10
f 572/757/1077 570/755/1074 729/837/1075 731/839/1078
s 4
f 650/416/436 652/418/438 732/885/1079 730/884/1076
s 10
f 574/759/1080 572/757/1077 731/839/1078 733/841/1081
s 4
f 652/418/438 654/420/440 734/886/1082 732/885/1079
s 10
f 498/760/964 574/759/1080 733/841/1081 655/843/965
s 4
f 654/420/440 578/340/364 657/846/968 734/886/1082
s 11
f 15/2/1083 14/1/1084 735/887/1085 736/888/1086
f 16/5/1087 15/2/1083 736/888/1086 737/889/1088
f 17/7/1089 16/5/1087 737/889/1088 738/890/1090
f 18/9/1091 17/7/1089 738/890/1090 739/891/1092
f 19/11/1093 18/9/1091 739/891/1092 740/892/1094
f 20/13/1095 19/11/1093 740/892/1094 741/893/1096
f 21/15/1097 20/13/1095 741/893/1096 742/894/1098
f 22/17/1099 21/15/1097 742/894/1098 743/895/1100
f 23/19/1101 22/17/1099 743/895/1100 744/896/1102
f 24/21/1103 23/19/1101 744/896/1102 745/897/1104
f 25/23/1105 24/21/1103 745/897/1104 746/898/1106
f 26/25/1107 25/23/1105 746/898/1106 747/899/1108
f 27/27/1109 26/25/1107 747/899/1108 748/900/1110
f 28/29/1111 27/27/1109 748/900/1110 749/901/1112
f 29/31/1113 28/29/1111 749/901/1112 750/902/1114
f 30/33/1115 29/31/1113 750/902/1114 751/903/1116
f 31/35/1117 30/33/1115 751/903/1116 752/904/1118
f 32/37/1119 31/35/1117 752/904/1118 753/905/1120
f 33/40/1121 32/39/1119 753/906/1120 754/907/1122
f 34/43/1123 33/40/1121 754/907/1122 755/908/1124
f 35/45/1125 34/43/1123 755/908/1124 756/909/1126
f 36/47/1127 35/45/1125 756/909/1126 757/910/1128
f 37/49/1129 36/47/1127 757/910/1128 758/911/1130
f 38/51/1131 37/49/1129 758/911/1130 759/912/1132
f 39/53/1133 38/51/1131 759/912/1132 760/913/1134
f 40/55/1135 39/53/1133 760/913/1134 761/914/1136
f 41/57/1137 40/55/1135 761/914/1136 762/915/1138
f 42/59/1139 41/57/1137 762/915/1138 763/916/1140
f 43/61/1141 42/59/1139 763/916/1140 764/917/1142
f 44/63/1143 43/61/1141 764/917/1142 765/918/1144
f 45/65/1145 44/63/1143 765/918/1144 766/919/1146
f 46/67/1147 45/65/1145 766/919/1146 767/920/1148
f 47/69/1149 46/67/1147 767/920/1148 768/921/1150
f 48/71/1151 47/69/1149 768/921/1150 769/922/1152
f 49/73/1153 48/71/1151 769/922/1152 770/923/1154
f 50/75/1155 49/73/1153 770/923/1154 771/924/1156
f 51/77/1157 50/75/1155 771/924/1156 772/925/1158
f 52/79/1159 51/77/1157 772/925/1158 773/926/1160
f 53/82/1161 52/81/1159 773/927/1160 774/928/1162
f 14/1/1084 53/82/1161 774/928/1162 735/887/1085
f 736/888/1086 735/887/1085 775/548/1163 776/547/1164
f 737/889/1088 736/888/1086 776/547/1164 778/550/1165
f 738/890/1090 737/889/1088 778/550/1165 779/551/1166
f 739/891/1092 738/890/1090 779/551/1166 780/552/1167
f 740/892/1094 739/891/1092 780/552/1167 781/553/1168
f 741/893/1096 740/892/1094 781/553/1168 782/554/1169
f 742/894/1098 741/893/1096 782/554/1169 783/555/1170
f 743/895/1100 742/894/1098 783/555/1170 784/556/1171
f 744/896/1102 743/895/1100 784/556/1171 785/557/1172
f 745/897/1104 744/896/1102 785/557/1172 786/558/1173
f 746/898/1106 745/897/1104 786/558/1173 787/559/1174
f 747/899/1108 746/898/1106 787/559/1174 788/560/1175
f 748/900/1110 747/899/1108 788/560/1175 789/561/1176
f 749/901/1112 748/900/1110 789/561/1176 790/562/1177
f 750/902/1114 749/901/1112 790/562/1177 791/563/1178
f 751/903/1116 750/902/1114 791/563/1178 792/564/1179
f 752/904/1118 751/903/1116 792/564/1179 793/565/1180
f 753/905/1120 752/904/1118 793/565/1180 794/566/1181
f 754/907/1122 753/906/1120 794/568/1181 795/567/1182
f 755/908/1124 754/907/1122 795/567/1182 796/570/1183
f 756/909/1126 755/908/1124 796/570/1183 797/571/1184
f 757/910/1128 756/909/1126 797/571/1184 798/572/1185
f 758/911/1130 757/910/1128 798/572/1185 799/573/1186
f 759/912/1132 758/911/1130 799/573/1186 800/574/1187
f 760/913/1134 759/912/1132 800/574/1187 801/575/1188
f 761/914/1136 760/913/1134 801/575/1188 802/576/1189
f 762/915/1138 761/914/1136 802/576/1189 803/577/1190
f 763/916/1140 762/915/1138 803/577/1190 804/578/1191
f 764/917/1142 763/916/1140 804/578/1191 805/579/1192
f 765/918/1144 764/917/1142 805/579/1192 806/580/1193
f 766/919/1146 765/918/1144 806/580/1193 807/581/1194
f 767/920/1148 766/919/1146 807/581/1194 808/582/1195
f 768/921/1150 767/920/1148 808/582/1195 809/583/1196
f 769/922/1152 768/921/1150 809/583/1196 810/584/1197
f 770/923/1154 769/922/1152 810/584/1197 811/585/1198
f 771/924/1156 770/923/1154 811/585/1198 812/586/1199
f 772/925/1158 771/924/1156 812/586/1199 813/587/1200
f 773/926/1160 772/925/1158 813/587/1200 814/588/1201
f 774/928/1162 773/927/1160 814/590/1201 815/589/1202
f 735/887/1085 774/928/1162 815/589/1202 775/548/1163
s 12
f 816/929/1203 817/930/1204 831/931/1205 830/932/1206
f 817/930/1204 818/933/1207 832/934/1208 831/931/1205
f 818/935/1207 819/936/1209 833/937/1210 832/938/1208
f 819/936/1209 820/939/1211 834/940/1212 833/937/1210
f 820/939/1211 821/941/1213 835/942/1214 834/940/1212
f 821/941/1213 822/943/1215 836/944/1216 835/942/1214
f 822/943/1215 823/945/1217 837/946/1218 836/944/1216
f 823/945/1217 824/947/1219 838/948/1220 837/946/1218
f 824/947/1219 825/949/1221 839/950/1222 838/948/1220
f 825/949/1221 826/951/1223 840/952/1224 839/950/1222
f 826/951/1223 827/953/1225 841/954/1226 840/952/1224
f 827/953/1225 828/955/1227 842/956/1228 841/954/1226
f 828/955/1227 829/957/1229 843/958/1230 842/956/1228
f 829/957/1229 816/929/1203 830/932/1206 843/958/1230
s 13
f 817/959/1231 816/960/1232 844/961/1233
f 818/962/1234 817/959/1231 844/961/1233
f 819/963/1235 818/962/1234 844/961/1233
f 820/964/1236 819/963/1235 844/961/1233
f 821/965/1237 820/964/1236 844/961/1233
f 822/966/1238 821/965/1237 844/961/1233
f 823/967/1239 822/966/1238 844/961/1233
f 824/968/1240 823/967/1239 844/961/1233
f 825/969/1241 824/968/1240 844/961/1233
f 826/970/1242 825/969/1241 844/961/1233
f 827/971/1243 826/970/1242 844/961/1233
f 828/972/1244 827/971/1243 844/961/1233
f 829/973/1245 828/972/1244 844/961/1233
f 816/960/1232 829/973/1245 844/961/1233
s 14
f 971/974/1246 972/975/1247 973/976/1248
f 972/975/1247 974/977/1249 973/976/1248
f 974/977/1249 975/978/1250 973/976/1248
f 975/978/1250 976/979/1251 973/976/1248
f 976/979/1251 977/980/1252 973/976/1248
f 977/980/1252 978/981/1253 973/976/1248
f 978/981/1253 979/982/1254 973/976/1248
f 979/982/1254 980/983/1255 973/976/1248
f 980/983/1255 981/984/1256 973/976/1248
f 981/984/1256 982/985/1257 973/976/1248
f 982/985/1257 983/986/1258 973/976/1248
f 983/986/1258 984/987/1259 973/976/1248
f 984/987/1259 985/988/1260 973/976/1248
f 985/988/1260 971/974/1246 973/976/1248
s 12
f 830/932/1206 831/931/1205 846/989/1261 845/990/1262
f 831/931/1205 832/934/1208 847/991/1263 846/989/1261
f 832/938/1208 833/937/1210 848/992/1264 847/993/1265
f 833/937/1210 834/940/1212 849/994/1266 848/992/1267
f 834/940/1212 835/942/1214 850/995/1268 849/994/1266
f 835/942/1214 836/944/1269 851/996/1270 850/995/1268
f 836/944/1269 837/946/1218 852/997/1271 851/996/1270
f 837/946/1218 838/948/1220 853/998/1272 852/997/1271
f 838/948/1220 839/950/1222 854/999/1273 853/998/1272
f 839/950/1222 840/952/1224 855/1000/1274 854/999/1275
f 840/952/1224 841/954/1226 856/1001/1276 855/1000/1277
f 841/954/1226 842/956/1228 857/1002/1278 856/1001/1276
f 842/956/1228 843/958/1279 858/1003/1280 857/1002/1278
f 843/958/1279 830/932/1206 845/990/1262 858/1003/1280
f 845/990/1281 846/989/1282 860/1004/1283 859/1005/1284
f 846/989/1282 847/991/1285 861/1006/1286 860/1004/1283
f 847/993/1285 848/992/1267 862/1007/1287 861/1008/1286
f 848/992/1267 849/994/1266 863/1009/1288 862/1007/1287
f 849/994/1266 850/995/1268 864/1010/1289 863/1009/1288
f 850/995/1268 851/996/1270 865/1011/1290 864/1010/1289
f 851/996/1291 852/997/1292 866/1012/1293 865/1011/1294
f 852/997/1292 853/998/1295 867/1013/1296 866/1012/1293
f 853/998/1295 854/999/1297 868/1014/1298 867/1013/1296
f 854/999/1297 855/1000/1277 869/1015/1299 868/1014/1298
f 855/1000/1277 856/1001/1276 870/1016/1300 869/1015/1299
f 856/1001/1276 857/1002/1278 871/1017/1301 870/1016/1300
f 857/1002/1278 858/1003/1280 872/1018/1302 871/1017/1301
f 858/1003/1303 845/990/1281 859/1005/1284 872/1018/1304
f 859/1005/1284 860/1004/1283 874/1019/1305 873/1020/1306
f 860/1004/1283 861/1006/1286 875/1021/1307 874/1019/1305
s off
f 861/1008/1308 862/1007/1309 876/1022/1310 875/1023/1311
s 12
f 862/1007/1312 863/1009/1313 877/1024/1314 876/1022/1315
f 863/1009/1313 864/1010/1316 878/1025/1317 877/1024/1314
f 864/1010/1316 865/1011/1318 879/1026/1319 878/1025/1317
f 865/1011/1318 866/1012/1293 880/1027/1320 879/1026/1319
f 866/1012/1293 867/1013/1296 881/1028/1321 880/1027/1320
f 867/1013/1296 868/1014/1298 882/1029/1322 881/1028/1321
s off
f 868/1014/1323 869/1015/1324 883/1030/1325 882/1029/1326
s 12
f 869/1015/1327 870/1016/1328 884/1031/1329 883/1030/1330
f 870/1016/1328 871/1017/1331 885/1032/1332 884/1031/1329
f 871/1017/1331 872/1018/1333 886/1033/1334 885/1032/1332
f 872/1018/1333 859/1005/1284 873/1020/1306 886/1033/1334
f 873/1020/1335 874/1019/1336 888/1034/1337 887/1035/1338
f 874/1019/1336 875/1021/1339 889/1036/1340 888/1034/1337
f 875/1023/1339 876/1022/1315 890/1037/1341 889/1038/1340
f 876/1022/1315 877/1024/1314 891/1039/1342 890/1037/1341
f 877/1024/1314 878/1025/1317 892/1040/1343 891/1039/1342
f 878/1025/1317 879/1026/1344 893/1041/1345 892/1040/1343
f 879/1026/1346 880/1027/1347 894/1042/1348 893/1041/1349
f 880/1027/1347 881/1028/1350 895/1043/1351 894/1042/1348
f 881/1028/1350 882/1029/1352 896/1044/1353 895/1043/1351
f 882/1029/1352 883/1030/1330 897/1045/1354 896/1044/1353
f 883/1030/1330 884/1031/1329 898/1046/1355 897/1045/1354
f 884/1031/1329 885/1032/1332 899/1047/1356 898/1046/1355
f 885/1032/1332 886/1033/1357 900/1048/1358 899/1047/1356
f 886/1033/1359 873/1020/1335 887/1035/1338 900/1048/1360
f 887/1035/1338 888/1034/1337 902/1049/1361 901/1050/1362
f 888/1034/1337 889/1036/1340 903/1051/1363 902/1049/1361
s off
f 889/1038/1364 890/1037/1365 904/1052/1366 903/1053/1367
s 12
f 890/1037/1368 891/1039/1369 905/1054/1370 904/1052/1371
f 891/1039/1369 892/1040/1372 906/1055/1373 905/1054/1370
f 892/1040/1372 893/1041/1374 907/1056/1375 906/1055/1373
f 893/1041/1374 894/1042/1348 908/1057/1376 907/1056/1375
f 894/1042/1348 895/1043/1351 909/1058/1377 908/1057/1376
f 895/1043/1351 896/1044/1353 910/1059/1378 909/1058/1377
s off
f 896/1044/1379 897/1045/1380 911/1060/1381 910/1059/1382
s 12
f 897/1045/1383 898/1046/1384 912/1061/1385 911/1060/1386
f 898/1046/1384 899/1047/1387 913/1062/1388 912/1061/1385
f 899/1047/1387 900/1048/1389 914/1063/1390 913/1062/1388
f 900/1048/1389 887/1035/1338 901/1050/1362 914/1063/1390
f 901/1050/1391 902/1049/1392 916/1064/1393 915/1065/1394
f 902/1049/1392 903/1051/1395 917/1066/1396 916/1064/1393
f 903/1053/1395 904/1052/1371 918/1067/1397 917/1068/1396
f 904/1052/1371 905/1054/1370 919/1069/1398 918/1067/1397
f 905/1054/1370 906/1055/1373 920/1070/1399 919/1069/1398
s off
f 906/1055/1400 907/1056/1401 921/1071/1402 920/1070/1403
f 907/1056/1404 908/1057/1405 922/1072/1406 921/1071/1407
s 12
f 908/1057/1408 909/1058/1409 923/1073/1410 922/1072/1411
f 909/1058/1409 910/1059/1412 924/1074/1413 923/1073/1410
f 910/1059/1412 911/1060/1386 925/1075/1414 924/1074/1413
f 911/1060/1386 912/1061/1385 926/1076/1415 925/1075/1414
f 912/1061/1385 913/1062/1388 927/1077/1416 926/1076/1415
s off
f 913/1062/1417 914/1063/1418 928/1078/1419 927/1077/1420
f 914/1063/1421 901/1050/1422 915/1065/1423 928/1078/1424
s 12
f 915/1065/1394 916/1064/1393 930/1079/1425 929/1080/1426
f 916/1064/1393 917/1066/1396 931/1081/1427 930/1079/1425
f 917/1068/1428 918/1067/1429 932/1082/1430 931/1083/1427
f 918/1067/1431 919/1069/1432 933/1084/1433 932/1082/1430
f 919/1069/1432 920/1070/1434 934/1085/1435 933/1084/1433
f 920/1070/1434 921/1071/1436 935/1086/1437 934/1085/1435
f 921/1071/1436 922/1072/1411 936/1087/1438 935/1086/1437
f 922/1072/1411 923/1073/1410 937/1088/1439 936/1087/1438
f 923/1073/1410 924/1074/1413 938/1089/1440 937/1088/1439
f 924/1074/1441 925/1075/1442 939/1090/1443 938/1089/1440
f 925/1075/1444 926/1076/1445 940/1091/1446 939/1090/1443
f 926/1076/1445 927/1077/1447 941/1092/1448 940/1091/1446
f 927/1077/1447 928/1078/1449 942/1093/1450 941/1092/1448
f 928/1078/1449 915/1065/1394 929/1080/1426 942/1093/1450
f 929/1080/1451 930/1079/1425 944/1094/1452 943/1095/1453
f 930/1079/1425 931/1081/1427 945/1096/1454 944/1094/1452
f 931/1083/1427 932/1082/1430 946/1097/1455 945/1098/1454
f 932/1082/1430 933/1084/1433 947/1099/1456 946/1097/1455
f 933/1084/1433 934/1085/1457 948/1100/1458 947/1099/1456
f 934/1085/1457 935/1086/1459 949/1101/1460 948/1100/1458
f 935/1086/1459 936/1087/1461 950/1102/1462 949/1101/1460
f 936/1087/1461 937/1088/1439 951/1103/1463 950/1102/1462
f 937/1088/1439 938/1089/1440 952/1104/1464 951/1103/1463
f 938/1089/1440 939/1090/1443 953/1105/1465 952/1104/1464
f 939/1090/1443 940/1091/1446 954/1106/1466 953/1105/1465
f 940/1091/1446 941/1092/1467 955/1107/1468 954/1106/1466
f 941/1092/1467 942/1093/1469 956/1108/1470 955/1107/1468
f 942/1093/1469 929/1080/1451 943/1095/1453 956/1108/1470
f 943/1095/1471 944/1094/1472 958/1109/1473 957/1110/1474
f 944/1094/1472 945/1096/1475 959/1111/1476 958/1109/1473
f 945/1098/1475 946/1097/1455 960/1112/1477 959/1113/1476
f 946/1097/1455 947/1099/1456 961/1114/1478 960/1112/1477
f 947/1099/1456 948/1100/1458 962/1115/1479 961/1114/1478
f 948/1100/1458 949/1101/1460 963/1116/1480 962/1115/1479
f 949/1101/1460 950/1102/1481 964/1117/1482 963/1116/1480
f 950/1102/1481 951/1103/1483 965/1118/1484 964/1117/1482
f 951/1103/1483 952/1104/1485 966/1119/1486 965/1118/1484
f 952/1104/1485 953/1105/1465 967/1120/1487 966/1119/1486
f 953/1105/1465 954/1106/1466 968/1121/1488 967/1120/1487
f 954/1106/1466 955/1107/1468 969/1122/1489 968/1121/1488
f 955/1107/1468 956/1108/1470 970/1123/1490 969/1122/1489
f 956/1108/1470 943/1095/1471 957/1110/1474 970/1123/1490
f 957/1110/1491 958/1109/1492 972/1124/1493 971/1125/1494
f 958/1109/1492 959/1111/1495 974/1126/1496 972/1124/1493
f 959/1113/1495 960/1112/1477 975/1127/1497 974/1128/1496
f 960/1112/1477 961/1114/1478 976/1129/1498 975/1127/1497
f 961/1114/1478 962/1115/1479 977/1130/1499 976/1129/1498
f 962/1115/1479 963/1116/1480 978/1131/1500 977/1130/1499
f 963/1116/1480 964/1117/1501 979/1132/1502 978/1131/1500
f 964/1117/1501 965/1118/1503 980/1133/1504 979/1132/1502
f 965/1118/1503 966/1119/1505 981/1134/1506 980/1133/1504
f 966/1119/1505 967/1120/1487 982/1135/1507 981/1134/1506
f 967/1120/1487 968/1121/1488 983/1136/1508 982/1135/1507
f 968/1121/1488 969/1122/1489 984/1137/1509 983/1136/1508
f 969/1122/1489 970/1123/1490 985/1138/1510 984/1137/1509
f 970/1123/1490 957/1110/1491 971/1125/1494 985/1138/1510
s 31
f 986/1139/1511 987/1140/1512 1001/1141/1513 1000/1142/1514
f 987/1140/1512 988/1143/1515 1002/1144/1516 1001/1141/1513
f 988/1143/1515 989/1145/1517 1003/1146/1518 1002/1144/1516
f 989/1145/1517 990/1147/1519 1004/1148/1520 1003/1146/1518
f 990/1147/1519 991/1149/1521 1005/1150/1522 1004/1148/1520
f 991/1149/1521 992/1151/1523 1006/1152/1524 1005/1150/1522
f 992/1151/1523 993/1153/1525 1007/1154/1526 1006/1152/1524
f 993/1153/1525 994/1155/1527 1008/1156/1528 1007/1154/1526
f 994/1155/1527 995/1157/1529 1009/1158/1530 1008/1156/1528
f 995/1157/1529 996/1159/1531 1010/1160/1532 1009/1158/1530
f 996/1159/1531 997/1161/1533 1011/1162/1534 1010/1160/1532
f 997/1161/1533 998/1163/1535 1012/1164/1536 1011/1162/1534
f 998/1163/1535 999/1165/1537 1013/1166/1538 1012/1164/1536
f 999/1167/1537 986/1139/1511 1000/1142/1514 1013/1168/1538
s 32
f 987/1169/1539 986/1170/1540 1014/1171/1541
f 988/1172/1542 987/1169/1539 1014/1171/1541
f 989/1173/1543 988/1172/1542 1014/1171/1541
f 990/1174/1544 989/1173/1543 1014/1171/1541
f 991/1175/1545 990/1174/1544 1014/1171/1541
f 992/1176/1546 991/1175/1545 1014/1171/1541
f 993/1177/1547 992/1176/1546 1014/1171/1541
f 994/1178/1548 993/1177/1547 1014/1171/1541
f 995/1179/1549 994/1178/1548 1014/1171/1541
f 996/1180/1550 995/1179/1549 1014/1171/1541
f 997/1181/1551 996/1180/1550 1014/1171/1541
f 998/1182/1552 997/1181/1551 1014/1171/1541
f 999/1183/1553 998/1182/1552 1014/1171/1541
f 986/1170/1540 999/1183/1553 1014/1171/1541
s 33
f 1141/1184/1554 1142/1185/1555 1143/1186/1556
f 1142/1185/1555 1144/1187/1557 1143/1186/1556
f 1144/1187/1557 1145/1188/1558 1143/1186/1556
f 1145/1188/1558 1146/1189/1559 1143/1186/1556
f 1146/1189/1559 1147/1190/1560 1143/1186/1556
f 1147/1190/1560 1148/1191/1561 1143/1186/1556
f 1148/1191/1561 1149/1192/1562 1143/1186/1556
f 1149/1192/1562 1150/1193/1563 1143/1186/1556
f 1150/1193/1563 1151/1194/1564 1143/1186/1556
f 1151/1194/1564 1152/1195/1565 1143/1186/1556
f 1152/1195/1565 1153/1196/1566 1143/1186/1556
f 1153/1196/1566 1154/1197/1567 1143/1186/1556
f 1154/1197/1567 1155/1198/1568 1143/1186/1556
f 1155/1198/1568 1141/1184/1554 1143/1186/1556
s 31
f 1000/1142/1514 1001/1141/1513 1016/1199/1569 1015/1200/1570
f 1001/1141/1513 1002/1144/1516 1017/1201/1571 1016/1199/1569
f 1002/1144/1516 1003/1146/1518 1018/1202/1572 1017/1201/1571
f 1003/1146/1518 1004/1148/1520 1019/1203/1573 1018/1202/1572
f 1004/1148/1520 1005/1150/1522 1020/1204/1574 1019/1203/1573
f 1005/1150/1522 1006/1152/1524 1021/1205/1575 1020/1204/1574
f 1006/1152/1524 1007/1154/1526 1022/1206/1576 1021/1205/1575
f 1007/1154/1526 1008/1156/1528 1023/1207/1577 1022/1206/1576
f 1008/1156/1528 1009/1158/1530 1024/1208/1578 1023/1207/1577
f 1009/1158/1530 1010/1160/1532 1025/1209/1579 1024/1208/1578
f 1010/1160/1532 1011/1162/1534 1026/1210/1580 1025/1209/1579
f 1011/1162/1534 1012/1164/1536 1027/1211/1581 1026/1210/1580
f 1012/1164/1536 1013/1166/1538 1028/1212/1582 1027/1211/1581
f 1013/1168/1538 1000/1142/1514 1015/1200/1570 1028/1213/1582
f 1015/1200/1583 1016/1199/1584 1030/1214/1585 1029/1215/1586
f 1016/1199/1584 1017/1201/1587 1031/1216/1588 1030/1214/1585
f 1017/1201/1587 1018/1202/1572 1032/1217/1589 1031/1216/1588
f 1018/1202/1572 1019/1203/1573 1033/1218/1590 1032/1217/1589
f 1019/1203/1573 1020/1204/1574 1034/1219/1591 1033/1218/1590
f 1020/1204/1574 1021/1205/1575 1035/1220/1592 1034/1219/1591
f 1021/1205/1593 1022/1206/1594 1036/1221/1595 1035/1220/1596
f 1022/1206/1594 1023/1207/1597 1037/1222/1598 1036/1221/1595
f 1023/1207/1597 1024/1208/1599 1038/1223/1600 1037/1222/1598
f 1024/1208/1599 1025/1209/1579 1039/1224/1601 1038/1223/1600
f 1025/1209/1579 1026/1210/1580 1040/1225/1602 1039/1224/1601
f 1026/1210/1580 1027/1211/1581 1041/1226/1603 1040/1225/1602
f 1027/1211/1581 1028/1212/1582 1042/1227/1604 1041/1226/1603
f 1028/1213/1605 1015/1200/1583 1029/1215/1586 1042/1228/1606
f 1029/1215/1586 1030/1214/1585 1044/1229/1607 1043/1230/1608
f 1030/1214/1585 1031/1216/1588 1045/1231/1609 1044/1229/1607
s off
f 1031/1216/1610 1032/1217/1611 1046/1232/1612 1045/1231/1613
s 31
f 1032/1217/1614 1033/1218/1615 1047/1233/1616 1046/1232/1617
f 1033/1218/1615 1034/1219/1618 1048/1234/1619 1047/1233/1616
f 1034/1219/1618 1035/1220/1596 1049/1235/1620 1048/1234/1619
f 1035/1220/1596 1036/1221/1595 1050/1236/1621 1049/1235/1620
f 1036/1221/1595 1037/1222/1598 1051/1237/1622 1050/1236/1621
f 1037/1222/1598 1038/1223/1600 1052/1238/1623 1051/1237/1622
s off
f 1038/1223/1624 1039/1224/1625 1053/1239/1626 1052/1238/1627
s 31
f 1039/1224/1628 1040/1225/1629 1054/1240/1630 1053/1239/1631
f 1040/1225/1629 1041/1226/1632 1055/1241/1633 1054/1240/1630
f 1041/1226/1632 1042/1227/1606 1056/1242/1634 1055/1241/1633
f 1042/1228/1606 1029/1215/1586 1043/1230/1608 1056/1243/1634
f 1043/1230/1635 1044/1229/1636 1058/1244/1637 1057/1245/1638
f 1044/1229/1636 1045/1231/1639 1059/1246/1640 1058/1244/1637
f 1045/1231/1639 1046/1232/1617 1060/1247/1641 1059/1246/1640
f 1046/1232/1617 1047/1233/1616 1061/1248/1642 1060/1247/1641
f 1047/1233/1616 1048/1234/1619 1062/1249/1643 1061/1248/1642
f 1048/1234/1619 1049/1235/1620 1063/1250/1644 1062/1249/1643
f 1049/1235/1620 1050/1236/1645 1064/1251/1646 1063/1250/1644
f 1050/1236/1645 1051/1237/1647 1065/1252/1648 1064/1251/1646
f 1051/1237/1647 1052/1238/1649 1066/1253/1650 1065/1252/1648
f 1052/1238/1649 1053/1239/1631 1067/1254/1651 1066/1253/1650
f 1053/1239/1631 1054/1240/1630 1068/1255/1652 1067/1254/1651
f 1054/1240/1630 1055/1241/1633 1069/1256/1653 1068/1255/1652
f 1055/1241/1633 1056/1242/1634 1070/1257/1654 1069/1256/1653
f 1056/1243/1634 1043/1230/1635 1057/1245/1638 1070/1258/1654
f 1057/1245/1638 1058/1244/1637 1072/1259/1655 1071/1260/1656
f 1058/1244/1637 1059/1246/1640 1073/1261/1657 1072/1259/1655
s off
f 1059/1246/1658 1060/1247/1659 1074/1262/1660 1073/1261/1661
s 31
f 1060/1247/1662 1061/1248/1663 1075/1263/1664 1074/1262/1665
f 1061/1248/1663 1062/1249/1666 1076/1264/1667 1075/1263/1664
f 1062/1249/1666 1063/1250/1668 1077/1265/1669 1076/1264/1667
f 1063/1250/1668 1064/1251/1646 1078/1266/1670 1077/1265/1669
f 1064/1251/1646 1065/1252/1648 1079/1267/1671 1078/1266/1670
f 1065/1252/1648 1066/1253/1650 1080/1268/1672 1079/1267/1671
s off
f 1066/1253/1673 1067/1254/1674 1081/1269/1675 1080/1268/1676
s 31
f 1067/1254/1677 1068/1255/1678 1082/1270/1679 1081/1269/1680
f 1068/1255/1678 1069/1256/1681 1083/1271/1682 1082/1270/1679
f 1069/1256/1681 1070/1257/1683 1084/1272/1684 1083/1271/1682
f 1070/1258/1683 1057/1245/1638 1071/1260/1656 1084/1273/1684
f 1071/1260/1685 1072/1259/1686 1086/1274/1687 1085/1275/1688
f 1072/1259/1686 1073/1261/1689 1087/1276/1690 1086/1274/1687
f 1073/1261/1689 1074/1262/1665 1088/1277/1691 1087/1276/1690
f 1074/1262/1665 1075/1263/1664 1089/1278/1692 1088/1277/1691
f 1075/1263/1664 1076/1264/1667 1090/1279/1693 1089/1278/1692
f 1076/1264/1667 1077/1265/1694 1091/1280/1695 1090/1279/1693
f 1077/1265/1696 1078/1266/1697 1092/1281/1698 1091/1280/1699
f 1078/1266/1697 1079/1267/1700 1093/1282/1701 1092/1281/1698
f 1079/1267/1700 1080/1268/1702 1094/1283/1703 1093/1282/1701
f 1080/1268/1702 1081/1269/1680 1095/1284/1704 1094/1283/1703
f 1081/1269/1680 1082/1270/1679 1096/1285/1705 1095/1284/1704
f 1082/1270/1679 1083/1271/1682 1097/1286/1706 1096/1285/1705
f 1083/1271/1682 1084/1272/1707 1098/1287/1708 1097/1286/1706
f 1084/1273/1709 1071/1260/1685 1085/1275/1688 1098/1288/1710
f 1085/1275/1688 1086/1274/1687 1100/1289/1711 1099/1290/1712
f 1086/1274/1687 1087/1276/1690 1101/1291/1713 1100/1289/1711
f 1087/1276/1714 1088/1277/1715 1102/1292/1716 1101/1291/1713
f 1088/1277/1717 1089/1278/1718 1103/1293/1719 1102/1292/1716
f 1089/1278/1718 1090/1279/1720 1104/1294/1721 1103/1293/1719
f 1090/1279/1720 1091/1280/1722 1105/1295/1723 1104/1294/1721
f 1091/1280/1722 1092/1281/1698 1106/1296/1724 1105/1295/1723
f 1092/1281/1698 1093/1282/1701 1107/1297/1725 1106/1296/1724
f 1093/1282/1701 1094/1283/1703 1108/1298/1726 1107/1297/1725
f 1094/1283/1727 1095/1284/1728 1109/1299/1729 1108/1298/1726
f 1095/1284/1730 1096/1285/1731 1110/1300/1732 1109/1299/1729
f 1096/1285/1731 1097/1286/1733 1111/1301/1734 1110/1300/1732
f 1097/1286/1733 1098/1287/1735 1112/1302/1736 1111/1301/1734
f 1098/1288/1735 1085/1275/1688 1099/1290/1712 1112/1303/1736
f 1099/1290/1737 1100/1289/1711 1114/1304/1738 1113/1305/1739
f 1100/1289/1711 1101/1291/1713 1115/1306/1740 1114/1304/1738
f 1101/1291/1713 1102/1292/1716 1116/1307/1741 1115/1306/1740
f 1102/1292/1716 1103/1293/1719 1117/1308/1742 1116/1307/1741
f 1103/1293/1719 1104/1294/1743 1118/1309/1744 1117/1308/1742
f 1104/1294/1743 1105/1295/1745 1119/1310/1746 1118/1309/1744
f 1105/1295/1745 1106/1296/1747 1120/1311/1748 1119/1310/1746
f 1106/1296/1747 1107/1297/1725 1121/1312/1749 1120/1311/1748
f 1107/1297/1725 1108/1298/1726 1122/1313/1750 1121/1312/1749
f 1108/1298/1726 1109/1299/1729 1123/1314/1751 1122/1313/1750
f 1109/1299/1729 1110/1300/1732 1124/1315/1752 1123/1314/1751
f 1110/1300/1732 1111/1301/1753 1125/1316/1754 1124/1315/1752
f 1111/1301/1753 1112/1302/1755 1126/1317/1756 1125/1316/1754
f 1112/1303/1755 1099/1290/1737 1113/1305/1739 1126/1318/1756
f 1113/1305/1739 1114/1304/1757 1128/1319/1758 1127/1320/1759
f 1114/1304/1757 1115/1306/1740 1129/1321/1760 1128/1319/1758
f 1115/1306/1740 1116/1307/1741 1130/1322/1761 1129/1321/1760
f 1116/1307/1741 1117/1308/1742 1131/1323/1762 1130/1322/1761
f 1117/1308/1742 1118/1309/1744 1132/1324/1763 1131/1323/1762
f 1118/1309/1744 1119/1310/1746 1133/1325/1764 1132/1324/1763
f 1119/1310/1746 1120/1311/1748 1134/1326/1765 1133/1325/1764
f 1120/1311/1748 1121/1312/1766 1135/1327/1767 1134/1326/1765
f 1121/1312/1766 1122/1313/1750 1136/1328/1768 1135/1327/1767
f 1122/1313/1750 1123/1314/1751 1137/1329/1769 1136/1328/1768
f 1123/1314/1751 1124/1315/1752 1138/1330/1770 1137/1329/1769
f 1124/1315/1752 1125/1316/1754 1139/1331/1771 1138/1330/1770
f 1125/1316/1754 1126/1317/1756 1140/1332/1772 1139/1331/1771
f 1126/1318/1756 1113/1305/1739 1127/1320/1759 1140/1333/1772
f 1127/1320/1759 1128/1319/1773 1142/1334/1774 1141/1335/1775
f 1128/1319/1773 1129/1321/1760 1144/1336/1776 1142/1334/1774
f 1129/1321/1760 1130/1322/1761 1145/1337/1777 1144/1336/1776
f 1130/1322/1761 1131/1323/1762 1146/1338/1778 1145/1337/1777
f 1131/1323/1762 1132/1324/1763 1147/1339/1779 1146/1338/1778
f 1132/1324/1763 1133/1325/1764 1148/1340/1780 1147/1339/1779
f 1133/1325/1764 1134/1326/1765 1149/1341/1781 1148/1340/1780
f 1134/1326/1765 1135/1327/1782 1150/1342/1783 1149/1341/1781
f 1135/1327/1782 1136/1328/1768 1151/1343/1784 1150/1342/1783
f 1136/1328/1768 1137/1329/1769 1152/1344/1785 1151/1343/1784
f 1137/1329/1769 1138/1330/1770 1153/1345/1786 1152/1344/1785
f 1138/1330/1770 1139/1331/1771 1154/1346/1787 1153/1345/1786
f 1139/1331/1771 1140/1332/1772 1155/1347/1788 1154/1346/1787
f 1140/1333/1772 1127/1320/1759 1141/1335/1775 1155/1348/1788
s 49
f 1156/1349/1789 1157/1350/1790 1171/1351/1791 1170/1352/1792
f 1157/1350/1790 1158/1353/1793 1172/1354/1794 1171/1351/1791
f 1158/1353/1793 1159/1355/1795 1173/1356/1796 1172/1354/1794
f 1159/1355/1795 1160/1357/1797 1174/1358/1798 1173/1356/1796
f 1160/1357/1797 1161/1359/1799 1175/1360/1800 1174/1358/1798
f 1161/1359/1799 1162/1361/1801 1176/1362/1802 1175/1360/1800
f 1162/1361/1801 1163/1363/1803 1177/1364/1804 1176/1362/1802
f 1163/1363/1803 1164/1365/1805 1178/1366/1806 1177/1364/1804
f 1164/1365/1805 1165/1367/1807 1179/1368/1808 1178/1366/1806
f 1165/1367/1807 1166/1369/1809 1180/1370/1810 1179/1368/1808
f 1166/1369/1809 1167/1371/1811 1181/1372/1812 1180/1370/1810
f 1167/1371/1811 1168/1373/1813 1182/1374/1814 1181/1372/1812
f 1168/1373/1813 1169/1375/1815 1183/1376/1816 1182/1374/1814
f 1169/1375/1815 1156/1377/1789 1170/1378/1792 1183/1376/1816
s 50
f 1157/1379/1817 1156/1380/1818 1184/1381/1819
f 1158/1382/1820 1157/1379/1817 1184/1381/1819
f 1159/1383/1821 1158/1382/1820 1184/1381/1819
f 1160/1384/1822 1159/1383/1821 1184/1381/1819
f 1161/1385/1823 1160/1384/1822 1184/1381/1819
f 1162/1386/1824 1161/1385/1823 1184/1381/1819
f 1163/1387/1825 1162/1386/1824 1184/1381/1819
f 1164/1388/1826 1163/1387/1825 1184/1381/1819
f 1165/1389/1827 1164/1388/1826 1184/1381/1819
f 1166/1390/1828 1165/1389/1827 1184/1381/1819
f 1167/1391/1829 1166/1390/1828 1184/1381/1819
f 1168/1392/1830 1167/1391/1829 1184/1381/1819
f 1169/1393/1831 1168/1392/1830 1184/1381/1819
f 1156/1380/1818 1169/1393/1831 1184/1381/1819
s 51
f 1311/1394/1832 1312/1395/1833 1313/1396/1834
f 1312/1395/1833 1314/1397/1835 1313/1396/1834
f 1314/1397/1835 1315/1398/1836 1313/1396/1834
f 1315/1398/1836 1316/1399/1837 1313/1396/1834
f 1316/1399/1837 1317/1400/1838 1313/1396/1834
f 1317/1400/1838 1318/1401/1839 1313/1396/1834
f 1318/1401/1839 1319/1402/1840 1313/1396/1834
f 1319/1402/1840 1320/1403/1841 1313/1396/1834
f 1320/1403/1841 1321/1404/1842 1313/1396/1834
f 1321/1404/1842 1322/1405/1843 1313/1396/1834
f 1322/1405/1843 1323/1406/1844 1313/1396/1834
f 1323/1406/1844 1324/1407/1845 1313/1396/1834
f 1324/1407/1845 1325/1408/1846 1313/1396/1834
f 1325/1408/1846 1311/1394/1832 1313/1396/1834
s 49
f 1170/1352/1792 1171/1351/1791 1186/1409/1847 1185/1410/1848
f 1171/1351/1791 1172/1354/1794 1187/1411/1849 1186/1409/1847
f 1172/1354/1794 1173/1356/1796 1188/1412/1850 1187/1411/1849
f 1173/1356/1796 1174/1358/1798 1189/1413/1851 1188/1412/1850
f 1174/1358/1798 1175/1360/1800 1190/1414/1852 1189/1413/1851
f 1175/1360/1800 1176/1362/1802 1191/1415/1853 1190/1414/1852
f 1176/1362/1802 1177/1364/1804 1192/1416/1854 1191/1415/1853
f 1177/1364/1804 1178/1366/1806 1193/1417/1855 1192/1416/1854
f 1178/1366/1806 1179/1368/1808 1194/1418/1856 1193/1417/1855
f 1179/1368/1808 1180/1370/1810 1195/1419/1857 1194/1418/1856
f 1180/1370/1810 1181/1372/1812 1196/1420/1858 1195/1419/1857
f 1181/1372/1812 1182/1374/1814 1197/1421/1859 1196/1420/1858
f 1182/1374/1814 1183/1376/1816 1198/1422/1860 1197/1421/1859
f 1183/1376/1816 1170/1378/1792 1185/1423/1848 1198/1422/1860
f 1185/1410/1861 1186/1409/1862 1200/1424/1863 1199/1425/1864
f 1186/1409/1862 1187/1411/1865 1201/1426/1866 1200/1424/1863
f 1187/1411/1865 1188/1412/1850 1202/1427/1867 1201/1426/1866
f 1188/1412/1850 1189/1413/1851 1203/1428/1868 1202/1427/1867
f 1189/1413/1851 1190/1414/1852 1204/1429/1869 1203/1428/1868
f 1190/1414/1852 1191/1415/1853 1205/1430/1870 1204/1429/1869
f 1191/1415/1871 1192/1416/1872 1206/1431/1873 1205/1430/1874
f 1192/1416/1872 1193/1417/1875 1207/1432/1876 1206/1431/1873
f 1193/1417/1875 1194/1418/1877 1208/1433/1878 1207/1432/1876
f 1194/1418/1877 1195/1419/1857 1209/1434/1879 1208/1433/1878
f 1195/1419/1857 1196/1420/1858 1210/1435/1880 1209/1434/1879
f 1196/1420/1858 1197/1421/1859 1211/1436/1881 1210/1435/1880
f 1197/1421/1859 1198/1422/1860 1212/1437/1882 1211/1436/1881
f 1198/1422/1883 1185/1423/1861 1199/1438/1864 1212/1437/1884
f 1199/1425/1864 1200/1424/1863 1214/1439/1885 1213/1440/1886
f 1200/1424/1863 1201/1426/1866 1215/1441/1887 1214/1439/1885
s off
f 1201/1426/1888 1202/1427/1889 1216/1442/1890 1215/1441/1891
s 49
f 1202/1427/1892 1203/1428/1893 1217/1443/1894 1216/1442/1895
f 1203/1428/1893 1204/1429/1896 1218/1444/1897 1217/1443/1894
f 1204/1429/1896 1205/1430/1874 1219/1445/1898 1218/1444/1897
f 1205/1430/1874 1206/1431/1873 1220/1446/1899 1219/1445/1898
f 1206/1431/1873 1207/1432/1876 1221/1447/1900 1220/1446/1899
f 1207/1432/1876 1208/1433/1878 1222/1448/1901 1221/1447/1900
s off
f 1208/1433/1902 1209/1434/1903 1223/1449/1904 1222/1448/1905
s 49
f 1209/1434/1906 1210/1435/1907 1224/1450/1908 1223/1449/1909
f 1210/1435/1907 1211/1436/1910 1225/1451/1911 1224/1450/1908
f 1211/1436/1910 1212/1437/1884 1226/1452/1912 1225/1451/1911
f 1212/1437/1884 1199/1438/1864 1213/1453/1886 1226/1452/1912
f 1213/1440/1913 1214/1439/1914 1228/1454/1915 1227/1455/1916
f 1214/1439/1914 1215/1441/1917 1229/1456/1918 1228/1454/1915
f 1215/1441/1917 1216/1442/1895 1230/1457/1919 1229/1456/1918
f 1216/1442/1895 1217/1443/1894 1231/1458/1920 1230/1457/1919
f 1217/1443/1894 1218/1444/1897 1232/1459/1921 1231/1458/1920
f 1218/1444/1897 1219/1445/1898 1233/1460/1922 1232/1459/1921
f 1219/1445/1898 1220/1446/1923 1234/1461/1924 1233/1460/1922
f 1220/1446/1923 1221/1447/1925 1235/1462/1926 1234/1461/1924
f 1221/1447/1925 1222/1448/1927 1236/1463/1928 1235/1462/1926
f 1222/1448/1927 1223/1449/1909 1237/1464/1929 1236/1463/1928
f 1223/1449/1909 1224/1450/1908 1238/1465/1930 1237/1464/1929
f 1224/1450/1908 1225/1451/1911 1239/1466/1931 1238/1465/1930
f 1225/1451/1911 1226/1452/1912 1240/1467/1932 1239/1466/1931
f 1226/1452/1912 1213/1453/1913 1227/1468/1916 1240/1467/1932
f 1227/1455/1916 1228/1454/1915 1242/1469/1933 1241/1470/1934
f 1228/1454/1915 1229/1456/1918 1243/1471/1935 1242/1469/1933
s off
f 1229/1456/1936 1230/1457/1937 1244/1472/1938 1243/1471/1939
s 49
f 1230/1457/1940 1231/1458/1941 1245/1473/1942 1244/1472/1943
f 1231/1458/1941 1232/1459/1944 1246/1474/1945 1245/1473/1942
f 1232/1459/1944 1233/1460/1946 1247/1475/1947 1246/1474/1945
f 1233/1460/1946 1234/1461/1924 1248/1476/1948 1247/1475/1947
f 1234/1461/1924 1235/1462/1926 1249/1477/1949 1248/1476/1948
f 1235/1462/1926 1236/1463/1928 1250/1478/1950 1249/1477/1949
s off
f 1236/1463/1951 1237/1464/1952 1251/1479/1953 1250/1478/1954
s 49
f 1237/1464/1955 1238/1465/1956 1252/1480/1957 1251/1479/1958
f 1238/1465/1956 1239/1466/1959 1253/1481/1960 1252/1480/1957
f 1239/1466/1959 1240/1467/1961 1254/1482/1962 1253/1481/1960
f 1240/1467/1961 1227/1468/1916 1241/1483/1934 1254/1482/1962
f 1241/1470/1963 1242/1469/1964 1256/1484/1965 1255/1485/1966
f 1242/1469/1964 1243/1471/1967 1257/1486/1968 1256/1484/1965
f 1243/1471/1967 1244/1472/1943 1258/1487/1969 1257/1486/1968
f 1244/1472/1943 1245/1473/1942 1259/1488/1970 1258/1487/1969
f 1245/1473/1942 1246/1474/1945 1260/1489/1971 1259/1488/1970
f 1246/1474/1945 1247/1475/1972 1261/1490/1973 1260/1489/1971
f 1247/1475/1974 1248/1476/1975 1262/1491/1976 1261/1490/1977
f 1248/1476/1975 1249/1477/1978 1263/1492/1979 1262/1491/1976
f 1249/1477/1978 1250/1478/1980 1264/1493/1981 1263/1492/1979
f 1250/1478/1980 1251/1479/1958 1265/1494/1982 1264/1493/1981
f 1251/1479/1958 1252/1480/1957 1266/1495/1983 1265/1494/1982
f 1252/1480/1957 1253/1481/1960 1267/1496/1984 1266/1495/1983
f 1253/1481/1960 1254/1482/1985 1268/1497/1986 1267/1496/1984
f 1254/1482/1987 1241/1483/1963 1255/1498/1966 1268/1497/1988
f 1255/1485/1966 1256/1484/1965 1270/1499/1989 1269/1500/1990
f 1256/1484/1965 1257/1486/1968 1271/1501/1991 1270/1499/1989
f 1257/1486/1992 1258/1487/1993 1272/1502/1994 1271/1501/1991
f 1258/1487/1995 1259/1488/1996 1273/1503/1997 1272/1502/1994
f 1259/1488/1996 1260/1489/1998 1274/1504/1999 1273/1503/1997
f 1260/1489/1998 1261/1490/2000 1275/1505/2001 1274/1504/1999
f 1261/1490/2000 1262/1491/1976 1276/1506/2002 1275/1505/2001
f 1262/1491/1976 1263/1492/1979 1277/1507/2003 1276/1506/2002
f 1263/1492/1979 1264/1493/1981 1278/1508/2004 1277/1507/2003
f 1264/1493/2005 1265/1494/2006 1279/1509/2007 1278/1508/2004
f 1265/1494/2008 1266/1495/2009 1280/1510/2010 1279/1509/2007
f 1266/1495/2009 1267/1496/2011 1281/1511/2012 1280/1510/2010
f 1267/1496/2011 1268/1497/2013 1282/1512/2014 1281/1511/2012
f 1268/1497/2013 1255/1498/1966 1269/1513/1990 1282/1512/2014
f 1269/1500/2015 1270/1499/1989 1284/1514/2016 1283/1515/2017
f 1270/1499/1989 1271/1501/1991 1285/1516/2018 1284/1514/2016
f 1271/1501/1991 1272/1502/1994 1286/1517/2019 1285/1516/2018
f 1272/1502/1994 1273/1503/1997 1287/1518/2020 1286/1517/2019
f 1273/1503/1997 1274/1504/2021 1288/1519/2022 1287/1518/2020
f 1274/1504/2021 1275/1505/2023 1289/1520/2024 1288/1519/2022
f 1275/1505/2023 1276/1506/2025 1290/1521/2026 1289/1520/2024
f 1276/1506/2025 1277/1507/2003 1291/1522/2027 1290/1521/2026
f 1277/1507/2003 1278/1508/2004 1292/1523/2028 1291/1522/2027
f 1278/1508/2004 1279/1509/2007 1293/1524/2029 1292/1523/2028
f 1279/1509/2007 1280/1510/2010 1294/1525/2030 1293/1524/2029
f 1280/1510/2010 1281/1511/2031 1295/1526/2032 1294/1525/2030
f 1281/1511/2031 1282/1512/2033 1296/1527/2034 1295/1526/2032
f 1282/1512/2033 1269/1513/2015 1283/1528/2017 1296/1527/2034
f 1283/1515/2017 1284/1514/2035 1298/1529/2036 1297/1530/2037
f 1284/1514/2035 1285/1516/2018 1299/1531/2038 1298/1529/2036
f 1285/1516/2018 1286/1517/2019 1300/1532/2039 1299/1531/2038
f 1286/1517/2019 1287/1518/2020 1301/1533/2040 1300/1532/2039
f 1287/1518/2020 1288/1519/2022 1302/1534/2041 1301/1533/2040
f 1288/1519/2022 1289/1520/2024 1303/1535/2042 1302/1534/2041
f 1289/1520/2024 1290/1521/2026 1304/1536/2043 1303/1535/2042
f 1290/1521/2026 1291/1522/2044 1305/1537/2045 1304/1536/2043
f 1291/1522/2044 1292/1523/2028 1306/1538/2046 1305/1537/2045
f 1292/1523/2028 1293/1524/2029 1307/1539/2047 1306/1538/2046
f 1293/1524/2029 1294/1525/2030 1308/1540/2048 1307/1539/2047
f 1294/1525/2030 1295/1526/2032 1309/1541/2049 1308/1540/2048
f 1295/1526/2032 1296/1527/2034 1310/1542/2050 1309/1541/2049
f 1296/1527/2034 1283/1528/2017 1297/1543/2037 1310/1542/2050
f 1297/1530/2037 1298/1529/2051 1312/1544/2052 1311/1545/2053
f 1298/1529/2051 1299/1531/2038 1314/1546/2054 1312/1544/2052
f 1299/1531/2038 1300/1532/2039 1315/1547/2055 1314/1546/2054
f 1300/1532/2039 1301/1533/2040 1316/1548/2056 1315/1547/2055
f 1301/1533/2040 1302/1534/2041 1317/1549/2057 1316/1548/2056
f 1302/1534/2041 1303/1535/2042 1318/1550/2058 1317/1549/2057
f 1303/1535/2042 1304/1536/2043 1319/1551/2059 1318/1550/2058
f 1304/1536/2043 1305/1537/2060 1320/1552/2061 1319/1551/2059
f 1305/1537/2060 1306/1538/2046 1321/1553/2062 1320/1552/2061
f 1306/1538/2046 1307/1539/2047 1322/1554/2063 1321/1553/2062
f 1307/1539/2047 1308/1540/2048 1323/1555/2064 1322/1554/2063
f 1308/1540/2048 1309/1541/2049 1324/1556/2065 1323/1555/2064
f 1309/1541/2049 1310/1542/2050 1325/1557/2066 1324/1556/2065
f 1310/1542/2050 1297/1543/2037 1311/1558/2053 1325/1557/2066
s 67
f 1326/1559/2067 1327/1560/2068 1341/1561/2069 1340/1562/2070
f 1327/1560/2068 1328/1563/2071 1342/1564/2072 1341/1561/2069
f 1328/1563/2071 1329/1565/2073 1343/1566/2074 1342/1564/2072
f 1329/1565/2073 1330/1567/2075 1344/1568/2076 1343/1566/2074
f 1330/1567/2075 1331/1569/2077 1345/1570/2078 1344/1568/2076
f 1331/1569/2077 1332/1571/2079 1346/1572/2080 1345/1570/2078
f 1332/1571/2079 1333/1573/2081 1347/1574/2082 1346/1572/2080
f 1333/1573/2081 1334/1575/2083 1348/1576/2084 1347/1574/2082
f 1334/1577/2083 1335/1578/2085 1349/1579/2086 1348/1580/2084
f 1335/1578/2085 1336/1581/2087 1350/1582/2088 1349/1579/2086
f 1336/1581/2087 1337/1583/2089 1351/1584/2090 1350/1582/2088
f 1337/1583/2089 1338/1585/2091 1352/1586/2092 1351/1584/2090
f 1338/1585/2091 1339/1587/2093 1353/1588/2094 1352/1586/2092
f 1339/1587/2093 1326/1559/2067 1340/1562/2070 1353/1588/2094
s 68
f 1327/1589/2095 1326/1590/2096 1354/1591/2097
f 1328/1592/2098 1327/1589/2095 1354/1591/2097
f 1329/1593/2099 1328/1592/2098 1354/1591/2097
f 1330/1594/2100 1329/1593/2099 1354/1591/2097
f 1331/1595/2101 1330/1594/2100 1354/1591/2097
f 1332/1596/2102 1331/1595/2101 1354/1591/2097
f 1333/1573/2103 1332/1596/2102 1354/1591/2097
f 1334/1575/2104 1333/1573/2103 1354/1591/2097
f 1335/1597/2105 1334/1575/2104 1354/1591/2097
f 1336/1598/2106 1335/1597/2105 1354/1591/2097
f 1337/1599/2107 1336/1598/2106 1354/1591/2097
f 1338/1600/2108 1337/1599/2107 1354/1591/2097
f 1339/1601/2109 1338/1600/2108 1354/1591/2097
f 1326/1590/2096 1339/1601/2109 1354/1591/2097
s 69
f 1340/1602/2110 1341/1603/2111 1355/1604/2112
f 1341/1603/2111 1342/1605/2113 1355/1604/2112
f 1342/1605/2113 1343/1606/2114 1355/1604/2112
f 1343/1606/2114 1344/1607/2115 1355/1604/2112
f 1344/1607/2115 1345/1608/2116 1355/1604/2112
f 1345/1608/2116 1346/1609/2117 1355/1604/2112
f 1346/1609/2117 1347/1574/2118 1355/1604/2112
f 1347/1574/2118 1348/1576/2119 1355/1604/2112
f 1348/1576/2119 1349/1610/2120 1355/1604/2112
f 1349/1610/2120 1350/1611/2121 1355/1604/2112
f 1350/1611/2121 1351/1612/2122 1355/1604/2112
f 1351/1612/2122 1352/1613/2123 1355/1604/2112
f 1352/1613/2123 1353/1614/2124 1355/1604/2112
f 1353/1614/2124 1340/1602/2110 1355/1604/2112
g default
v 1.139351 0.330748 -0.045732
v 1.118516 0.330748 -0.086623
v 1.114135 0.406745 -0.083440
v 1.134201 0.406745 -0.044058
v 1.086064 0.330748 -0.119074
v 1.082882 0.406745 -0.114693
v 1.045173 0.330748 -0.139909
v 1.043500 0.406745 -0.134759
v 0.999845 0.330748 -0.147089
v 0.999845 0.406745 -0.141674
v 0.954517 0.330748 -0.139909
v 0.956190 0.406745 -0.134759
v 0.913626 0.330748 -0.119074
v 0.916809 0.406745 -0.114693
v 0.881174 0.330748 -0.086623
v 0.885555 0.406745 -0.083440
v 0.860339 0.330748 -0.045732
v 0.865489 0.406745 -0.044058
v 0.853160 0.330748 -0.000403
v 0.858575 0.406745 -0.000403
v 0.860339 0.330748 0.044925
v 0.865489 0.406745 0.043251
v 0.881174 0.330748 0.085816
v 0.885555 0.406745 0.082633
v 0.913626 0.330748 0.118267
v 0.916809 0.406745 0.113887
v 0.954517 0.330748 0.139102
v 0.956190 0.406745 0.133953
v 0.999845 0.330748 0.146282
v 0.999845 0.406745 0.140867
v 1.045173 0.330748 0.139102
v 1.043500 0.406745 0.133953
v 1.086064 0.330748 0.118267
v 1.082882 0.406745 0.113887
v 1.118516 0.330748 0.085816
v 1.114135 0.406745 0.082633
v 1.139351 0.330748 0.044925
v 1.134201 0.406745 0.043251
v 1.146530 0.330748 -0.000403
v 1.141115 0.406745 -0.000403
v 1.106917 0.479314 -0.078196
v 1.125716 0.479314 -0.041301
v 1.077638 0.479314 -0.107476
v 1.040743 0.479314 -0.126274
v 0.999845 0.479314 -0.132752
v 0.958947 0.479314 -0.126274
v 0.922053 0.479314 -0.107476
v 0.892773 0.479314 -0.078196
v 0.873974 0.479314 -0.041301
v 0.867497 0.479314 -0.000403
v 0.873974 0.479314 0.040495
v 0.892773 0.479314 0.077389
v 0.922053 0.479314 0.106669
v 0.958947 0.479314 0.125468
v 0.999845 0.479314 0.131945
v 1.040743 0.479314 0.125468
v 1.077638 0.479314 0.106669
v 1.106917 0.479314 0.077389
v 1.125716 0.479314 0.040495
v 1.132194 0.479314 -0.000403
v 1.097063 0.546284 -0.071036
v 1.114132 0.546284 -0.037537
v 1.070478 0.546284 -0.097621
v 1.036979 0.546284 -0.114690
v 0.999845 0.546284 -0.120571
v 0.962711 0.546284 -0.114690
v 0.929212 0.546284 -0.097621
v 0.902627 0.546284 -0.071036
v 0.885559 0.546284 -0.037537
v 0.879677 0.546284 -0.000403
v 0.885559 0.546284 0.036730
v 0.902627 0.546284 0.070229
v 0.929212 0.546284 0.096814
v 0.962711 0.546284 0.113883
v 0.999845 0.546284 0.119764
v 1.036979 0.546284 0.113883
v 1.070478 0.546284 0.096814
v 1.097063 0.546284 0.070229
v 1.114132 0.546284 0.036730
v 1.120013 0.546284 -0.000403
v 1.084815 0.606007 -0.062138
v 1.099733 0.606007 -0.032859
v 1.061579 0.606007 -0.085373
v 1.032301 0.606007 -0.100292
v 0.999845 0.606007 -0.105432
v 0.967389 0.606007 -0.100292
v 0.938111 0.606007 -0.085373
v 0.914875 0.606007 -0.062138
v 0.899957 0.606007 -0.032859
v 0.894816 0.606007 -0.000403
v 0.899957 0.606007 0.032052
v 0.914875 0.606007 0.061331
v 0.938111 0.606007 0.084566
v 0.967389 0.606007 0.099485
v 0.999845 0.606007 0.104625
v 1.032301 0.606007 0.099485
v 1.061579 0.606007 0.084566
v 1.084815 0.606007 0.061331
v 1.099733 0.606007 0.032052
v 1.104874 0.606007 -0.000403
v 1.070475 0.657010 -0.051719
v 1.082876 0.657010 -0.027382
v 1.051161 0.657010 -0.071034
v 1.026823 0.657010 -0.083434
v 0.999845 0.657010 -0.087707
v 0.972867 0.657010 -0.083434
v 0.948529 0.657010 -0.071034
v 0.929215 0.657010 -0.051719
v 0.916814 0.657010 -0.027382
v 0.912541 0.657010 -0.000403
v 0.916814 0.657010 0.026575
v 0.929215 0.657010 0.050912
v 0.948529 0.657010 0.070227
v 0.972867 0.657010 0.082627
v 0.999845 0.657010 0.086900
v 1.026823 0.657010 0.082627
v 1.051161 0.657010 0.070227
v 1.070475 0.657010 0.050912
v 1.082876 0.657010 0.026575
v 1.087149 0.657010 -0.000403
v 1.054397 0.698044 -0.040038
v 1.063975 0.698044 -0.021240
v 1.039480 0.698044 -0.054956
v 1.020682 0.698042 -0.064533
v 0.999845 0.698044 -0.067834
v 0.979008 0.698044 -0.064533
v 0.960211 0.698044 -0.054956
v 0.945293 0.698044 -0.040038
v 0.935715 0.698044 -0.021240
v 0.932415 0.698044 -0.000403
v 0.935715 0.698044 0.020434
v 0.945293 0.698044 0.039231
v 0.960211 0.698044 0.054149
v 0.979008 0.698044 0.063726
v 0.999845 0.698044 0.067027
v 1.020682 0.698044 0.063726
v 1.039479 0.698044 0.054149
v 1.054397 0.698044 0.039231
v 1.063975 0.698044 0.020434
v 1.067275 0.698044 -0.000403
v 1.036977 0.728094 -0.027381
v 1.043496 0.728094 -0.014586
v 1.026823 0.728095 -0.037535
v 1.014028 0.728095 -0.044054
v 0.999845 0.728095 -0.046300
v 0.985662 0.728095 -0.044054
v 0.972868 0.728095 -0.037535
v 0.962714 0.728094 -0.027381
v 0.956195 0.728095 -0.014586
v 0.953948 0.728094 -0.000403
v 0.956195 0.728094 0.013779
v 0.962714 0.728095 0.026574
v 0.972868 0.728095 0.036728
v 0.985662 0.728095 0.043247
v 0.999845 0.728095 0.045493
v 1.014028 0.728094 0.043247
v 1.026823 0.728095 0.036728
v 1.036976 0.728095 0.026574
v 1.043496 0.728095 0.013779
v 1.045742 0.728095 -0.000403
v 1.018642 0.746425 -0.014060
v 1.021942 0.746425 -0.007583
v 1.013502 0.746425 -0.019200
v 1.007025 0.746425 -0.022501
v 0.999845 0.746425 -0.023638
v 0.992665 0.746425 -0.022501
v 0.986188 0.746425 -0.019200
v 0.981048 0.746425 -0.014060
v 0.977748 0.746425 -0.007583
v 0.976611 0.746425 -0.000403
v 0.977748 0.746425 0.006776
v 0.981048 0.746425 0.013253
v 0.986188 0.746425 0.018394
v 0.992665 0.746425 0.021694
v 0.999845 0.746425 0.022831
v 1.007025 0.746425 0.021694
v 1.013502 0.746425 0.018394
v 1.018642 0.746425 0.013253
v 1.021942 0.746425 0.006776
v 1.023079 0.746425 -0.000403
v 0.999845 0.752587 -0.000403
v 1.137975 0.329578 -0.045285
v 1.132852 0.405193 -0.043620
v 1.112987 0.405193 -0.082606
v 1.117345 0.329578 -0.085772
v 1.082048 0.405193 -0.113546
v 1.085214 0.329578 -0.117904
v 1.043062 0.405193 -0.133410
v 1.044726 0.329578 -0.138533
v 0.999845 0.405193 -0.140255
v 0.999845 0.329578 -0.145642
v 0.956629 0.405193 -0.133410
v 0.954964 0.329578 -0.138533
v 0.917642 0.405193 -0.113546
v 0.914476 0.329578 -0.117904
v 0.886703 0.405193 -0.082606
v 0.882345 0.329578 -0.085772
v 0.866838 0.405193 -0.043620
v 0.861715 0.329578 -0.045285
v 0.859993 0.405193 -0.000403
v 0.854607 0.329578 -0.000403
v 0.866838 0.405193 0.042813
v 0.861715 0.329578 0.044478
v 0.886703 0.405193 0.081799
v 0.882345 0.329578 0.084966
v 0.917642 0.405193 0.112739
v 0.914476 0.329578 0.117097
v 0.956629 0.405193 0.132603
v 0.954964 0.329578 0.137726
v 0.999845 0.405193 0.139448
v 0.999845 0.329578 0.144835
v 1.043062 0.405193 0.132603
v 1.044726 0.329578 0.137726
v 1.082048 0.405193 0.112739
v 1.085214 0.329578 0.117097
v 1.112987 0.405193 0.081799
v 1.117345 0.329578 0.084966
v 1.132852 0.405193 0.042813
v 1.137975 0.329578 0.044478
v 1.139697 0.405193 -0.000403
v 1.145083 0.329578 -0.000403
v 1.124454 0.477034 -0.040891
v 1.105844 0.477034 -0.077416
v 1.076858 0.477034 -0.106402
v 1.040333 0.477034 -0.125012
v 0.999845 0.477034 -0.131425
v 0.959357 0.477034 -0.125012
v 0.922833 0.477034 -0.106402
v 0.893847 0.477034 -0.077416
v 0.875236 0.477034 -0.040891
v 0.868824 0.477034 -0.000403
v 0.875236 0.477034 0.040084
v 0.893847 0.477034 0.076609
v 0.922833 0.477034 0.105595
v 0.959357 0.477034 0.124205
v 0.999845 0.477034 0.130618
v 1.040333 0.477034 0.124205
v 1.076858 0.477034 0.105595
v 1.105844 0.477034 0.076609
v 1.124454 0.477034 0.040084
v 1.130866 0.477034 -0.000403
v 1.112987 0.543338 -0.037166
v 1.096090 0.543338 -0.070329
v 1.069771 0.543338 -0.096648
v 1.036607 0.543338 -0.113546
v 0.999845 0.543338 -0.119368
v 0.963083 0.543338 -0.113546
v 0.929919 0.543338 -0.096648
v 0.903600 0.543338 -0.070329
v 0.886703 0.543338 -0.037166
v 0.880880 0.543338 -0.000403
v 0.886703 0.543338 0.036359
v 0.903600 0.543338 0.069522
v 0.929919 0.543338 0.095841
v 0.963083 0.543338 0.112739
v 0.999845 0.543338 0.118561
v 1.036607 0.543338 0.112739
v 1.069771 0.543338 0.095841
v 1.096090 0.543338 0.069522
v 1.112987 0.543338 0.036359
v 1.118810 0.543338 -0.000403
v 1.098735 0.602469 -0.032535
v 1.083966 0.602469 -0.061521
v 1.060963 0.602469 -0.084524
v 1.031976 0.602469 -0.099294
v 0.999845 0.602469 -0.104383
v 0.967714 0.602469 -0.099294
v 0.938728 0.602469 -0.084524
v 0.915724 0.602469 -0.061521
v 0.900955 0.602469 -0.032535
v 0.895866 0.602469 -0.000403
v 0.900955 0.602469 0.031728
v 0.915724 0.602469 0.060714
v 0.938728 0.602469 0.083717
v 0.967714 0.602469 0.098487
v 0.999845 0.602469 0.103576
v 1.031976 0.602469 0.098487
v 1.060963 0.602469 0.083717
v 1.083966 0.602469 0.060714
v 1.098735 0.602469 0.031728
v 1.103824 0.602469 -0.000403
v 1.082048 0.652972 -0.027113
v 1.069771 0.652972 -0.051208
v 1.050649 0.652972 -0.070329
v 1.026554 0.652972 -0.082606
v 0.999845 0.652972 -0.086837
v 0.973136 0.652972 -0.082606
v 0.949041 0.652972 -0.070329
v 0.929919 0.652972 -0.051208
v 0.917642 0.652972 -0.027113
v 0.913412 0.652972 -0.000403
v 0.917642 0.652972 0.026306
v 0.929919 0.652972 0.050401
v 0.949041 0.652972 0.069522
v 0.973136 0.652972 0.081799
v 0.999845 0.652972 0.086030
v 1.026554 0.652972 0.081799
v 1.050649 0.652972 0.069522
v 1.069771 0.652972 0.050401
v 1.082048 0.652972 0.026306
v 1.086278 0.652972 -0.000403
v 1.063336 0.693602 -0.021033
v 1.053854 0.693602 -0.039643
v 1.039085 0.693602 -0.054412
v 1.020475 0.693602 -0.063895
v 0.999845 0.693602 -0.067162
v 0.979216 0.693602 -0.063895
v 0.960605 0.693602 -0.054412
v 0.945836 0.693602 -0.039643
v 0.936354 0.693602 -0.021033
v 0.933086 0.693602 -0.000403
v 0.936354 0.693602 0.020226
v 0.945836 0.693602 0.038836
v 0.960605 0.693602 0.053606
v 0.979216 0.693602 0.063088
v 0.999845 0.693602 0.066355
v 1.020475 0.693602 0.063088
v 1.039085 0.693602 0.053606
v 1.053854 0.693602 0.038836
v 1.063336 0.693602 0.020226
v 1.066604 0.693602 -0.000403
v 1.043062 0.723360 -0.014445
v 1.036607 0.723360 -0.027113
v 1.026554 0.723360 -0.037166
v 1.013887 0.723360 -0.043620
v 0.999845 0.723360 -0.045844
v 0.985803 0.723360 -0.043620
v 0.973136 0.723360 -0.037166
v 0.963083 0.723360 -0.027113
v 0.956629 0.723360 -0.014445
v 0.954405 0.723360 -0.000403
v 0.956629 0.723360 0.013638
v 0.963083 0.723360 0.026306
v 0.973136 0.723360 0.036359
v 0.985803 0.723360 0.042813
v 0.999845 0.723360 0.045037
v 1.013887 0.723360 0.042813
v 1.026554 0.723360 0.036359
v 1.036607 0.723360 0.026306
v 1.043062 0.723360 0.013638
v 1.045286 0.723360 -0.000403
v 1.021723 0.741514 -0.007512
v 1.018455 0.741514 -0.013925
v 1.013366 0.741514 -0.019014
v 1.006954 0.741514 -0.022281
v 0.999845 0.741514 -0.023407
v 0.992737 0.741514 -0.022281
v 0.986324 0.741514 -0.019014
v 0.981235 0.741514 -0.013925
v 0.977967 0.741514 -0.007512
v 0.976842 0.741514 -0.000403
v 0.977967 0.741514 0.006705
v 0.981235 0.741514 0.013118
v 0.986324 0.741514 0.018207
v 0.992737 0.741514 0.021474
v 0.999845 0.741514 0.022600
v 1.006954 0.741514 0.021474
v 1.013366 0.741514 0.018207
v 1.018455 0.741514 0.013118
v 1.021723 0.741514 0.006705
v 1.022849 0.741514 -0.000403
v 0.999845 0.747615 -0.000403
vt 0.435079 0.646468
vt 0.433744 0.631022
vt 0.458697 0.628645
vt 0.459840 0.643195
vt 0.432703 0.615883
vt 0.457838 0.614146
vt 0.108840 0.316462
vt 0.116658 0.329468
vt 0.094842 0.341813
vt 0.087242 0.329436
vt 0.124411 0.342895
vt 0.102238 0.354394
vt 0.131745 0.356998
vt 0.109082 0.367371
vt 0.138309 0.371821
vt 0.115094 0.380823
vt 0.143827 0.387246
vt 0.120086 0.394723
vt 0.148145 0.403048
vt 0.123962 0.408975
vt 0.151262 0.418958
vt 0.126744 0.423444
vt 0.153333 0.434720
vt 0.128573 0.438001
vt 0.154675 0.450165
vt 0.129721 0.452550
vt 0.155720 0.465303
vt 0.130586 0.467048
vt 0.479520 0.764745
vt 0.471707 0.751736
vt 0.493530 0.739400
vt 0.501124 0.751781
vt 0.463961 0.738305
vt 0.486139 0.726815
vt 0.456633 0.724198
vt 0.479302 0.713835
vt 0.450077 0.709371
vt 0.473295 0.700380
vt 0.444566 0.693945
vt 0.468311 0.686477
vt 0.440255 0.678142
vt 0.464441 0.672224
vt 0.437144 0.662231
vt 0.461665 0.657753
vt 0.482851 0.626446
vt 0.483583 0.639919
vt 0.482503 0.612903
vt 0.073784 0.353845
vt 0.066313 0.342544
vt 0.080900 0.365308
vt 0.087357 0.377093
vt 0.092933 0.389270
vt 0.097490 0.401839
vt 0.100960 0.414750
vt 0.103369 0.427926
vt 0.104831 0.441284
vt 0.105568 0.454755
vt 0.105921 0.468298
vt 0.514592 0.727377
vt 0.522059 0.738681
vt 0.507482 0.715911
vt 0.501031 0.704122
vt 0.495460 0.691941
vt 0.490910 0.679369
vt 0.487445 0.666455
vt 0.485041 0.653278
vt 0.505634 0.625339
vt 0.505773 0.637483
vt 0.506082 0.613087
vt 0.054474 0.365985
vt 0.047090 0.356198
vt 0.061315 0.376019
vt 0.067394 0.386414
vt 0.072547 0.397211
vt 0.076666 0.408398
vt 0.079702 0.419925
vt 0.081668 0.431726
vt 0.082643 0.443728
vt 0.082787 0.455871
vt 0.082344 0.468123
vt 0.533908 0.715248
vt 0.541288 0.725038
vt 0.527072 0.705209
vt 0.520998 0.694808
vt 0.515850 0.684008
vt 0.511736 0.672819
vt 0.508705 0.661289
vt 0.506745 0.649486
vt 0.526497 0.625817
vt 0.525967 0.636330
vt 0.527837 0.615226
vt 0.037645 0.378324
vt 0.030481 0.370409
vt 0.044101 0.386639
vt 0.049717 0.395411
vt 0.054380 0.404638
vt 0.058009 0.414274
vt 0.060558 0.424251
vt 0.062025 0.434484
vt 0.062450 0.444890
vt 0.061924 0.455404
vt 0.060589 0.465995
vt 0.550743 0.702916
vt 0.557903 0.710836
vt 0.544291 0.694598
vt 0.538679 0.685822
vt 0.534020 0.676592
vt 0.530396 0.666952
vt 0.527851 0.656973
vt 0.526388 0.646738
vt 0.544853 0.628024
vt 0.543726 0.636610
vt 0.546966 0.619453
vt 0.023861 0.390644
vt 0.017221 0.384828
vt 0.029703 0.397037
vt 0.034687 0.403998
vt 0.038742 0.411473
vt 0.041803 0.419377
vt 0.043825 0.427609
vt 0.044786 0.436058
vt 0.044692 0.444618
vt 0.043568 0.453205
vt 0.041460 0.461777
vt 0.564533 0.690603
vt 0.571170 0.696423
vt 0.558694 0.684207
vt 0.553713 0.677242
vt 0.549662 0.669764
vt 0.546604 0.661857
vt 0.544585 0.653623
vt 0.543628 0.645172
vt 0.560177 0.631817
vt 0.558688 0.638243
vt 0.562725 0.625551
vt 0.013471 0.402527
vt 0.007794 0.398850
vt 0.018372 0.406942
vt 0.022497 0.412005
vt 0.025799 0.417616
vt 0.028217 0.423656
vt 0.029697 0.429991
vt 0.030208 0.436481
vt 0.029730 0.442993
vt 0.028243 0.449420
vt 0.025699 0.455687
vt 0.574929 0.678724
vt 0.580604 0.682404
vt 0.570030 0.674308
vt 0.565907 0.669241
vt 0.562609 0.663627
vt 0.560193 0.657585
vt 0.558715 0.651248
vt 0.558207 0.644757
vt 0.572131 0.636814
vt 0.570668 0.640977
vt 0.574553 0.632967
vt 0.006532 0.413469
vt 0.002343 0.411702
vt 0.010117 0.416043
vt 0.013132 0.419255
vt 0.015534 0.422987
vt 0.017248 0.427109
vt 0.018207 0.431470
vt 0.018377 0.435906
vt 0.017749 0.440266
vt 0.016287 0.444429
vt 0.013867 0.448278
vt 0.581872 0.667785
vt 0.586060 0.669554
vt 0.578289 0.665210
vt 0.575276 0.661996
vt 0.572875 0.658263
vt 0.571163 0.654137
vt 0.570205 0.649773
vt 0.570037 0.645338
vt 0.580742 0.642562
vt 0.579806 0.644555
vt 0.582288 0.640915
vt 0.002766 0.423111
vt 0.000556 0.422647
vt 0.004674 0.424208
vt 0.006318 0.425740
vt 0.007660 0.427640
vt 0.008609 0.429830
vt 0.009087 0.432170
vt 0.009076 0.434497
vt 0.008608 0.436694
vt 0.007673 0.438687
vt 0.006129 0.440334
vt 0.585643 0.658144
vt 0.587853 0.658610
vt 0.583735 0.657046
vt 0.582092 0.655514
vt 0.580750 0.653611
vt 0.579801 0.651420
vt 0.579325 0.649080
vt 0.579337 0.646752
vt 0.586804 0.649217
vt 0.001607 0.432036
vt 0.614121 0.527771
vt 0.589345 0.526484
vt 0.589140 0.512127
vt 0.614029 0.512390
vt 0.588341 0.497796
vt 0.613350 0.497226
vt 0.587346 0.483483
vt 0.612526 0.482262
vt 0.773472 0.332835
vt 0.797167 0.341441
vt 0.791986 0.354821
vt 0.768262 0.346886
vt 0.786987 0.368276
vt 0.763131 0.361173
vt 0.782549 0.381933
vt 0.758499 0.375840
vt 0.778926 0.395832
vt 0.754659 0.390899
vt 0.776269 0.409951
vt 0.751798 0.406258
vt 0.774639 0.424225
vt 0.749997 0.421778
vt 0.773999 0.438574
vt 0.749221 0.437298
vt 0.774210 0.452931
vt 0.749319 0.452679
vt 0.775014 0.467261
vt 0.750005 0.467843
vt 0.776016 0.481575
vt 0.750837 0.482807
vt 0.589833 0.632222
vt 0.566141 0.623606
vt 0.571328 0.610228
vt 0.595048 0.618171
vt 0.576331 0.596775
vt 0.600185 0.603887
vt 0.580775 0.583120
vt 0.604823 0.589221
vt 0.584404 0.569222
vt 0.608668 0.574166
vt 0.587064 0.555104
vt 0.611533 0.558808
vt 0.588699 0.540833
vt 0.613340 0.543290
vt 0.565806 0.525347
vt 0.565365 0.512109
vt 0.564242 0.498835
vt 0.562747 0.485520
vt 0.820067 0.350658
vt 0.814702 0.362937
vt 0.809706 0.375285
vt 0.805372 0.387802
vt 0.801905 0.400526
vt 0.799426 0.413446
vt 0.797981 0.426520
vt 0.797538 0.439700
vt 0.797984 0.452939
vt 0.799112 0.466212
vt 0.800614 0.479526
vt 0.543244 0.614380
vt 0.548614 0.602104
vt 0.553615 0.589757
vt 0.557954 0.577240
vt 0.561426 0.564518
vt 0.563909 0.551600
vt 0.565358 0.538526
vt 0.543989 0.524796
vt 0.543226 0.512908
vt 0.541648 0.500998
vt 0.539465 0.489063
vt 0.841261 0.360926
vt 0.835649 0.371682
vt 0.830621 0.382592
vt 0.826376 0.393726
vt 0.823064 0.405092
vt 0.820774 0.416667
vt 0.819544 0.428402
vt 0.819354 0.440240
vt 0.820123 0.452129
vt 0.821707 0.464038
vt 0.823895 0.475971
vt 0.522054 0.604103
vt 0.527671 0.593349
vt 0.532703 0.582440
vt 0.536951 0.571308
vt 0.540269 0.559942
vt 0.542561 0.548368
vt 0.543795 0.536634
vt 0.524331 0.525043
vt 0.523230 0.514779
vt 0.521190 0.504558
vt 0.518330 0.494386
vt 0.859880 0.372258
vt 0.854141 0.381130
vt 0.849170 0.390291
vt 0.845084 0.399771
vt 0.841977 0.409545
vt 0.839917 0.419556
vt 0.838931 0.429729
vt 0.839013 0.439984
vt 0.840117 0.450248
vt 0.842162 0.460468
vt 0.845026 0.470640
vt 0.503441 0.592763
vt 0.509184 0.583894
vt 0.514158 0.574734
vt 0.518247 0.565254
vt 0.521356 0.555482
vt 0.523420 0.545471
vt 0.524410 0.535298
vt 0.507197 0.526118
vt 0.505840 0.517736
vt 0.503474 0.509492
vt 0.500135 0.501417
vt 0.875184 0.384354
vt 0.869607 0.391080
vt 0.864909 0.398257
vt 0.861134 0.405864
vt 0.858334 0.413833
vt 0.856554 0.422069
vt 0.855824 0.430463
vt 0.856147 0.438903
vt 0.857506 0.447285
vt 0.859876 0.455529
vt 0.863218 0.463604
vt 0.488142 0.580662
vt 0.493722 0.573937
vt 0.498422 0.566761
vt 0.502199 0.559156
vt 0.505001 0.551189
vt 0.506783 0.542954
vt 0.507517 0.534559
vt 0.492842 0.527934
vt 0.491403 0.521615
vt 0.488991 0.515541
vt 0.485561 0.509790
vt 0.886633 0.396661
vt 0.881656 0.401141
vt 0.877556 0.406230
vt 0.874313 0.411842
vt 0.871951 0.417866
vt 0.870511 0.424177
vt 0.870024 0.430632
vt 0.870502 0.437086
vt 0.871944 0.443404
vt 0.874358 0.449477
vt 0.877790 0.455227
vt 0.476698 0.568351
vt 0.481676 0.563873
vt 0.485778 0.558785
vt 0.489023 0.553175
vt 0.491386 0.547152
vt 0.492827 0.540841
vt 0.493317 0.534387
vt 0.481335 0.530311
vt 0.480063 0.526125
vt 0.478007 0.522265
vt 0.475060 0.518865
vt 0.893984 0.408435
vt 0.890162 0.410813
vt 0.887057 0.413893
vt 0.884605 0.417514
vt 0.882827 0.421555
vt 0.881779 0.425879
vt 0.881504 0.430319
vt 0.882009 0.434706
vt 0.883283 0.438891
vt 0.885341 0.442750
vt 0.888290 0.446151
vt 0.469350 0.556575
vt 0.473173 0.554199
vt 0.476279 0.551121
vt 0.478733 0.547500
vt 0.480512 0.543459
vt 0.481562 0.539136
vt 0.481838 0.534697
vt 0.472439 0.533120
vt 0.471646 0.531034
vt 0.470430 0.529223
vt 0.468670 0.527847
vt 0.897433 0.418906
vt 0.895344 0.419700
vt 0.893647 0.421070
vt 0.892273 0.422829
vt 0.891245 0.424911
vt 0.890648 0.427219
vt 0.890538 0.429602
vt 0.890904 0.431892
vt 0.891698 0.433980
vt 0.892916 0.435790
vt 0.894677 0.437164
vt 0.465907 0.546102
vt 0.467996 0.545310
vt 0.469693 0.543941
vt 0.471068 0.542183
vt 0.472094 0.540102
vt 0.472693 0.537793
vt 0.472804 0.535411
vt 0.465518 0.536707
vt 0.897825 0.428302
vt 0.614653 0.512463
vt 0.614733 0.527857
vt 0.613980 0.497264
vt 0.613150 0.482202
vt 0.767648 0.346737
vt 0.772892 0.332592
vt 0.762514 0.361058
vt 0.757889 0.375741
vt 0.754058 0.390806
vt 0.751201 0.406167
vt 0.749395 0.421689
vt 0.748609 0.437212
vt 0.748696 0.452606
vt 0.749375 0.467805
vt 0.750212 0.482868
vt 0.595661 0.618321
vt 0.590412 0.632464
vt 0.600801 0.604002
vt 0.605433 0.589321
vt 0.609270 0.574258
vt 0.612132 0.558898
vt 0.613942 0.543380
vn 0.948653 0.071073 -0.308232
vn 0.806970 0.071071 -0.586301
vn 0.805347 0.095159 -0.585117
vn 0.946741 0.095159 -0.307613
vn 0.586295 0.071070 -0.806975
vn 0.585116 0.095156 -0.805347
vn 0.308242 0.071071 -0.948649
vn 0.307619 0.095158 -0.946739
vn 0.000000 0.071073 -0.997471
vn 0.000000 0.095160 -0.995462
vn -0.308244 0.071073 -0.948649
vn -0.307622 0.095158 -0.946739
vn -0.586295 0.071075 -0.806974
vn -0.585115 0.095158 -0.805348
vn -0.806967 0.071076 -0.586305
vn -0.805342 0.095161 -0.585123
vn -0.948653 0.071075 -0.308231
vn -0.946742 0.095161 -0.307609
vn -0.997471 0.071073 -0.000000
vn -0.995462 0.095160 -0.000000
vn -0.948652 0.071075 0.308235
vn -0.946742 0.095160 0.307612
vn -0.806969 0.071074 0.586302
vn -0.805343 0.095159 0.585121
vn -0.586299 0.071067 0.806971
vn -0.585120 0.095156 0.805345
vn -0.308240 0.071064 0.948651
vn -0.307617 0.095155 0.946741
vn 0.000000 0.071066 0.997472
vn 0.000000 0.095157 0.995462
vn 0.308238 0.071062 0.948651
vn 0.307614 0.095155 0.946741
vn 0.586299 0.071062 0.806972
vn 0.585121 0.095154 0.805344
vn 0.806972 0.071069 0.586298
vn 0.805348 0.095158 0.585115
vn 0.948651 0.071073 0.308236
vn 0.946741 0.095158 0.307615
vn 0.997471 0.071072 -0.000000
vn 0.995462 0.095157 -0.000000
vn 0.800114 0.147965 -0.581312
vn 0.940588 0.147963 -0.305617
vn 0.581315 0.147964 -0.800112
vn 0.305615 0.147964 -0.940588
vn 0.000000 0.147965 -0.988993
vn -0.305618 0.147963 -0.940588
vn -0.581315 0.147962 -0.800113
vn -0.800110 0.147965 -0.581317
vn -0.940589 0.147966 -0.305611
vn -0.988993 0.147965 -0.000000
vn -0.940588 0.147965 0.305616
vn -0.800110 0.147966 0.581318
vn -0.581320 0.147966 0.800108
vn -0.305615 0.147968 0.940588
vn -0.000000 0.147968 0.988992
vn 0.305612 0.147968 0.940589
vn 0.581321 0.147968 0.800107
vn 0.800114 0.147965 0.581313
vn 0.940586 0.147963 0.305621
vn 0.988993 0.147962 -0.000000
vn 0.791290 0.208193 -0.574905
vn 0.930217 0.208192 -0.302245
vn 0.574908 0.208194 -0.791287
vn 0.302244 0.208193 -0.930217
vn 0.000000 0.208191 -0.978088
vn -0.302246 0.208192 -0.930217
vn -0.574909 0.208192 -0.791287
vn -0.791291 0.208193 -0.574904
vn -0.930218 0.208192 -0.302244
vn -0.978088 0.208191 0.000000
vn -0.930216 0.208193 0.302247
vn -0.791290 0.208194 0.574905
vn -0.574910 0.208195 0.791286
vn -0.302246 0.208196 0.930216
vn 0.000000 0.208194 0.978088
vn 0.302245 0.208196 0.930216
vn 0.574910 0.208196 0.791286
vn 0.791289 0.208194 0.574906
vn 0.930216 0.208193 0.302248
vn 0.978088 0.208193 -0.000000
vn 0.776618 0.280153 -0.564251
vn 0.912972 0.280153 -0.296642
vn 0.564249 0.280153 -0.776619
vn 0.296643 0.280154 -0.912971
vn -0.000000 0.280153 -0.959955
vn -0.296643 0.280154 -0.912971
vn -0.564250 0.280152 -0.776619
vn -0.776620 0.280151 -0.564249
vn -0.912972 0.280150 -0.296644
vn -0.959956 0.280150 -0.000000
vn -0.912971 0.280150 0.296649
vn -0.776620 0.280151 0.564248
vn -0.564250 0.280153 0.776619
vn -0.296644 0.280154 0.912971
vn -0.000000 0.280154 0.959955
vn 0.296645 0.280155 0.912971
vn 0.564250 0.280153 0.776619
vn 0.776618 0.280153 0.564251
vn 0.912970 0.280154 0.296647
vn 0.959956 0.280152 -0.000000
vn 0.751466 0.370428 -0.545970
vn 0.883398 0.370430 -0.287036
vn 0.545968 0.370428 -0.751467
vn 0.287029 0.370430 -0.883400
vn 0.000001 0.370431 -0.928860
vn -0.287030 0.370429 -0.883400
vn -0.545969 0.370428 -0.751466
vn -0.751463 0.370429 -0.545972
vn -0.883398 0.370430 -0.287037
vn -0.928860 0.370430 0.000000
vn -0.883397 0.370429 0.287041
vn -0.751463 0.370428 0.545973
vn -0.545971 0.370428 0.751464
vn -0.287032 0.370430 0.883400
vn -0.000000 0.370431 0.928860
vn 0.287031 0.370430 0.883400
vn 0.545970 0.370429 0.751464
vn 0.751464 0.370428 0.545972
vn 0.883397 0.370428 0.287041
vn 0.928861 0.370429 -0.000000
vn 0.705853 0.488661 -0.512817
vn 0.829770 0.488665 -0.269608
vn 0.512819 0.488663 -0.705851
vn 0.269601 0.488657 -0.829777
vn 0.000005 0.488661 -0.872474
vn -0.269606 0.488660 -0.829773
vn -0.512823 0.488665 -0.705846
vn -0.705844 0.488667 -0.512824
vn -0.829768 0.488669 -0.269607
vn -0.872469 0.488670 0.000002
vn -0.829766 0.488669 0.269613
vn -0.705843 0.488666 0.512827
vn -0.512824 0.488664 0.705846
vn -0.269607 0.488661 0.829772
vn 0.000002 0.488662 0.872473
vn 0.269604 0.488662 0.829773
vn 0.512822 0.488664 0.705847
vn 0.705845 0.488661 0.512828
vn 0.829767 0.488663 0.269620
vn 0.872472 0.488664 -0.000002
vn 0.618307 0.644919 -0.449195
vn 0.726848 0.644918 -0.236163
vn 0.449212 0.644923 -0.618291
vn 0.236162 0.644912 -0.726854
vn 0.000007 0.644914 -0.764255
vn -0.236167 0.644916 -0.726849
vn -0.449221 0.644923 -0.618284
vn -0.618296 0.644920 -0.449208
vn -0.726838 0.644929 -0.236163
vn -0.764249 0.644921 0.000008
vn -0.726842 0.644925 0.236163
vn -0.618296 0.644925 0.449202
vn -0.449219 0.644918 0.618291
vn -0.236163 0.644917 0.726849
vn 0.000009 0.644923 0.764248
vn 0.236159 0.644915 0.726852
vn 0.449213 0.644921 0.618292
vn 0.618294 0.644920 0.449211
vn 0.726843 0.644919 0.236175
vn 0.764250 0.644920 -0.000008
vn 0.458134 0.824223 -0.332822
vn 0.538550 0.824223 -0.174984
vn 0.332852 0.824235 -0.458090
vn 0.174985 0.824230 -0.538539
vn 0.000000 0.824229 -0.566257
vn -0.174990 0.824228 -0.538542
vn -0.332862 0.824228 -0.458096
vn -0.458130 0.824219 -0.332837
vn -0.538551 0.824223 -0.174982
vn -0.566272 0.824219 0.000015
vn -0.538564 0.824215 0.174981
vn -0.458137 0.824225 0.332812
vn -0.332853 0.824223 0.458109
vn -0.174974 0.824226 0.538550
vn 0.000015 0.824223 0.566265
vn 0.174973 0.824218 0.538563
vn 0.332840 0.824225 0.458116
vn 0.458126 0.824226 0.332824
vn 0.538537 0.824231 0.174988
vn 0.566254 0.824231 -0.000014
vn -0.000000 1.000000 0.000003
vn -0.948652 -0.071056 0.308239
vn -0.946748 -0.095074 0.307617
vn -0.805354 -0.095072 0.585121
vn -0.806972 -0.071058 0.586299
vn -0.585124 -0.095072 0.805351
vn -0.586301 -0.071057 0.806971
vn -0.307615 -0.095073 0.946749
vn -0.308233 -0.071058 0.948653
vn 0.000000 -0.095074 0.995470
vn -0.000000 -0.071060 0.997472
vn 0.307615 -0.095074 0.946749
vn 0.308234 -0.071060 0.948653
vn 0.585123 -0.095076 0.805352
vn 0.586298 -0.071060 0.806973
vn 0.805351 -0.095075 0.585124
vn 0.806971 -0.071059 0.586300
vn 0.946748 -0.095075 0.307620
vn 0.948652 -0.071057 0.308238
vn 0.995470 -0.095074 0.000000
vn 0.997473 -0.071054 0.000000
vn 0.946747 -0.095075 -0.307622
vn 0.948651 -0.071059 -0.308239
vn 0.805352 -0.095077 -0.585123
vn 0.806971 -0.071063 -0.586300
vn 0.585121 -0.095077 -0.805353
vn 0.586295 -0.071063 -0.806975
vn 0.307616 -0.095074 -0.946749
vn 0.308234 -0.071061 -0.948653
vn -0.000000 -0.095074 -0.995470
vn -0.000000 -0.071061 -0.997472
vn -0.307616 -0.095073 -0.946749
vn -0.308233 -0.071058 -0.948653
vn -0.585123 -0.095073 -0.805353
vn -0.586298 -0.071060 -0.806973
vn -0.805354 -0.095074 -0.585120
vn -0.806972 -0.071062 -0.586299
vn -0.946748 -0.095074 -0.307620
vn -0.948651 -0.071056 -0.308240
vn -0.995470 -0.095074 0.000000
vn -0.997473 -0.071053 0.000000
vn -0.940594 -0.147931 0.305612
vn -0.800119 -0.147929 0.581315
vn -0.581319 -0.147931 0.800116
vn -0.305615 -0.147931 0.940594
vn 0.000000 -0.147930 0.988998
vn 0.305617 -0.147930 0.940593
vn 0.581319 -0.147930 0.800116
vn 0.800114 -0.147929 0.581322
vn 0.940593 -0.147931 0.305617
vn 0.988997 -0.147933 -0.000000
vn 0.940591 -0.147931 -0.305621
vn 0.800114 -0.147929 -0.581321
vn 0.581318 -0.147930 -0.800116
vn 0.305618 -0.147930 -0.940593
vn -0.000000 -0.147931 -0.988998
vn -0.305615 -0.147931 -0.940593
vn -0.581318 -0.147930 -0.800116
vn -0.800120 -0.147930 -0.581314
vn -0.940593 -0.147931 -0.305615
vn -0.988997 -0.147933 0.000000
vn -0.930228 -0.208144 0.302244
vn -0.791300 -0.208146 0.574908
vn -0.574911 -0.208146 0.791298
vn -0.302248 -0.208143 0.930227
vn -0.000000 -0.208141 0.978099
vn 0.302250 -0.208143 0.930227
vn 0.574914 -0.208144 0.791297
vn 0.791296 -0.208143 0.574914
vn 0.930227 -0.208144 0.302247
vn 0.978098 -0.208145 -0.000000
vn 0.930226 -0.208144 -0.302251
vn 0.791297 -0.208143 -0.574913
vn 0.574912 -0.208145 -0.791298
vn 0.302249 -0.208144 -0.930227
vn 0.000000 -0.208143 -0.978098
vn -0.302247 -0.208145 -0.930227
vn -0.574909 -0.208146 -0.791299
vn -0.791301 -0.208146 -0.574907
vn -0.930227 -0.208144 -0.302247
vn -0.978098 -0.208144 0.000000
vn -0.912991 -0.280090 0.296642
vn -0.776635 -0.280090 0.564259
vn -0.564257 -0.280092 0.776635
vn -0.296653 -0.280092 0.912987
vn -0.000000 -0.280089 0.959974
vn 0.296655 -0.280092 0.912987
vn 0.564256 -0.280092 0.776636
vn 0.776630 -0.280091 0.564264
vn 0.912991 -0.280090 0.296642
vn 0.959974 -0.280090 -0.000000
vn 0.912990 -0.280089 -0.296646
vn 0.776631 -0.280091 -0.564263
vn 0.564255 -0.280092 -0.776637
vn 0.296654 -0.280091 -0.912987
vn 0.000000 -0.280088 -0.959975
vn -0.296651 -0.280091 -0.912988
vn -0.564256 -0.280092 -0.776636
vn -0.776636 -0.280090 -0.564258
vn -0.912990 -0.280089 -0.296647
vn -0.959974 -0.280090 0.000000
vn -0.883430 -0.370353 0.287037
vn -0.751485 -0.370355 0.545992
vn -0.545982 -0.370354 0.751493
vn -0.287052 -0.370356 0.883424
vn -0.000000 -0.370357 0.928890
vn 0.287054 -0.370355 0.883423
vn 0.545983 -0.370352 0.751494
vn 0.751484 -0.370353 0.545995
vn 0.883430 -0.370354 0.287037
vn 0.928891 -0.370353 -0.000000
vn 0.883428 -0.370354 -0.287042
vn 0.751486 -0.370352 -0.545992
vn 0.545984 -0.370349 -0.751494
vn 0.287050 -0.370354 -0.883426
vn -0.000000 -0.370357 -0.928889
vn -0.287047 -0.370354 -0.883426
vn -0.545984 -0.370352 -0.751492
vn -0.751488 -0.370354 -0.545989
vn -0.883428 -0.370352 -0.287043
vn -0.928892 -0.370352 0.000000
vn -0.829814 -0.488582 0.269622
vn -0.705881 -0.488584 0.512853
vn -0.512854 -0.488577 0.705885
vn -0.269628 -0.488577 0.829815
vn 0.000000 -0.488581 0.872518
vn 0.269626 -0.488577 0.829816
vn 0.512850 -0.488577 0.705888
vn 0.705882 -0.488586 0.512849
vn 0.829813 -0.488587 0.269617
vn 0.872516 -0.488586 -0.000000
vn 0.829811 -0.488586 -0.269624
vn 0.705886 -0.488585 -0.512844
vn 0.512850 -0.488579 -0.705887
vn 0.269615 -0.488578 -0.829819
vn -0.000000 -0.488583 -0.872517
vn -0.269617 -0.488578 -0.829818
vn -0.512855 -0.488577 -0.705884
vn -0.705884 -0.488583 -0.512849
vn -0.829812 -0.488582 -0.269629
vn -0.872520 -0.488579 0.000000
vn -0.726920 -0.644825 0.236197
vn -0.618354 -0.644828 0.449261
vn -0.449263 -0.644826 0.618355
vn -0.236184 -0.644827 0.726921
vn 0.000000 -0.644828 0.764328
vn 0.236186 -0.644826 0.726922
vn 0.449258 -0.644826 0.618359
vn 0.618360 -0.644828 0.449252
vn 0.726920 -0.644831 0.236179
vn 0.764325 -0.644831 -0.000001
vn 0.726919 -0.644829 -0.236188
vn 0.618362 -0.644829 -0.449249
vn 0.449256 -0.644832 -0.618353
vn 0.236179 -0.644828 -0.726922
vn -0.000000 -0.644827 -0.764329
vn -0.236177 -0.644829 -0.726922
vn -0.449262 -0.644831 -0.618350
vn -0.618354 -0.644829 -0.449258
vn -0.726918 -0.644823 -0.236206
vn -0.764331 -0.644824 0.000001
vn -0.538625 -0.824166 0.175025
vn -0.458183 -0.824165 0.332897
vn -0.332894 -0.824163 0.458188
vn -0.175004 -0.824165 0.538633
vn 0.000000 -0.824165 0.566349
vn 0.175000 -0.824168 0.538630
vn 0.332883 -0.824166 0.458191
vn 0.458192 -0.824162 0.332891
vn 0.538647 -0.824158 0.174998
vn 0.566353 -0.824163 -0.000002
vn 0.538645 -0.824157 -0.175007
vn 0.458193 -0.824162 -0.332891
vn 0.332886 -0.824162 -0.458196
vn 0.175004 -0.824164 -0.538634
vn 0.000000 -0.824162 -0.566353
vn -0.175008 -0.824162 -0.538636
vn -0.332897 -0.824161 -0.458190
vn -0.458185 -0.824162 -0.332900
vn -0.538626 -0.824163 -0.175036
vn -0.566349 -0.824166 0.000001
vn 0.000001 -1.000000 -0.000002
vn 0.597916 -0.777658 -0.194278
vn 0.508641 -0.777642 -0.369537
vn 0.508631 -0.777642 -0.369550
vn 0.597919 -0.777658 -0.194268
vn 0.369588 -0.777585 -0.508690
vn 0.369584 -0.777585 -0.508693
vn 0.194298 -0.777612 -0.597970
vn 0.194290 -0.777612 -0.597973
vn 0.000000 -0.777665 -0.628679
vn 0.000000 -0.777665 -0.628679
vn -0.194295 -0.777611 -0.597972
vn -0.194291 -0.777611 -0.597973
vn -0.369578 -0.777593 -0.508686
vn -0.369574 -0.777593 -0.508688
vn -0.508620 -0.777658 -0.369533
vn -0.508613 -0.777658 -0.369542
vn -0.597905 -0.777668 -0.194273
vn -0.597909 -0.777668 -0.194263
vn -0.628703 -0.777645 0.000001
vn -0.628703 -0.777645 0.000001
vn -0.597931 -0.777647 0.194277
vn -0.597930 -0.777647 0.194280
vn -0.508665 -0.777598 0.369596
vn -0.508691 -0.777598 0.369561
vn -0.369610 -0.777546 0.508735
vn -0.369607 -0.777546 0.508737
vn -0.194301 -0.777591 0.597996
vn -0.194301 -0.777591 0.597996
vn -0.000000 -0.777642 0.628708
vn -0.000000 -0.777641 0.628708
vn 0.194301 -0.777591 0.597997
vn 0.194298 -0.777590 0.597998
vn 0.369619 -0.777540 0.508738
vn 0.369615 -0.777540 0.508740
vn 0.508678 -0.777589 0.369596
vn 0.508701 -0.777589 0.369565
vn 0.597922 -0.777654 0.194274
vn 0.597922 -0.777655 0.194276
vn 0.628694 -0.777653 -0.000001
vn 0.628694 -0.777653 -0.000001
s 1
g group1 GlassDome
usemtl aiStandardSurface1SG
f 1376/1615/2125 1377/1616/2126 1378/1617/2127 1379/1618/2128
f 1377/1616/2126 1380/1619/2129 1381/1620/2130 1378/1617/2127
f 1380/1621/2129 1382/1622/2131 1383/1623/2132 1381/1624/2130
f 1382/1622/2131 1384/1625/2133 1385/1626/2134 1383/1623/2132
f 1384/1625/2133 1386/1627/2135 1387/1628/2136 1385/1626/2134
f 1386/1627/2135 1388/1629/2137 1389/1630/2138 1387/1628/2136
f 1388/1629/2137 1390/1631/2139 1391/1632/2140 1389/1630/2138
f 1390/1631/2139 1392/1633/2141 1393/1634/2142 1391/1632/2140
f 1392/1633/2141 1394/1635/2143 1395/1636/2144 1393/1634/2142
f 1394/1635/2143 1396/1637/2145 1397/1638/2146 1395/1636/2144
f 1396/1637/2145 1398/1639/2147 1399/1640/2148 1397/1638/2146
f 1398/1639/2147 1400/1641/2149 1401/1642/2150 1399/1640/2148
f 1400/1643/2149 1402/1644/2151 1403/1645/2152 1401/1646/2150
f 1402/1644/2151 1404/1647/2153 1405/1648/2154 1403/1645/2152
f 1404/1647/2153 1406/1649/2155 1407/1650/2156 1405/1648/2154
f 1406/1649/2155 1408/1651/2157 1409/1652/2158 1407/1650/2156
f 1408/1651/2157 1410/1653/2159 1411/1654/2160 1409/1652/2158
f 1410/1653/2159 1412/1655/2161 1413/1656/2162 1411/1654/2160
f 1412/1655/2161 1414/1657/2163 1415/1658/2164 1413/1656/2162
f 1414/1657/2163 1376/1615/2125 1379/1618/2128 1415/1658/2164
f 1379/1618/2128 1378/1617/2127 1416/1659/2165 1417/1660/2166
f 1378/1617/2127 1381/1620/2130 1418/1661/2167 1416/1659/2165
f 1381/1624/2130 1383/1623/2132 1419/1662/2168 1418/1663/2167
f 1383/1623/2132 1385/1626/2134 1420/1664/2169 1419/1662/2168
f 1385/1626/2134 1387/1628/2136 1421/1665/2170 1420/1664/2169
f 1387/1628/2136 1389/1630/2138 1422/1666/2171 1421/1665/2170
f 1389/1630/2138 1391/1632/2140 1423/1667/2172 1422/1666/2171
f 1391/1632/2140 1393/1634/2142 1424/1668/2173 1423/1667/2172
f 1393/1634/2142 1395/1636/2144 1425/1669/2174 1424/1668/2173
f 1395/1636/2144 1397/1638/2146 1426/1670/2175 1425/1669/2174
f 1397/1638/2146 1399/1640/2148 1427/1671/2176 1426/1670/2175
f 1399/1640/2148 1401/1642/2150 1428/1672/2177 1427/1671/2176
f 1401/1646/2150 1403/1645/2152 1429/1673/2178 1428/1674/2177
f 1403/1645/2152 1405/1648/2154 1430/1675/2179 1429/1673/2178
f 1405/1648/2154 1407/1650/2156 1431/1676/2180 1430/1675/2179
f 1407/1650/2156 1409/1652/2158 1432/1677/2181 1431/1676/2180
f 1409/1652/2158 1411/1654/2160 1433/1678/2182 1432/1677/2181
f 1411/1654/2160 1413/1656/2162 1434/1679/2183 1433/1678/2182
f 1413/1656/2162 1415/1658/2164 1435/1680/2184 1434/1679/2183
f 1415/1658/2164 1379/1618/2128 1417/1660/2166 1435/1680/2184
f 1417/1660/2166 1416/1659/2165 1436/1681/2185 1437/1682/2186
f 1416/1659/2165 1418/1661/2167 1438/1683/2187 1436/1681/2185
f 1418/1663/2167 1419/1662/2168 1439/1684/2188 1438/1685/2187
f 1419/1662/2168 1420/1664/2169 1440/1686/2189 1439/1684/2188
f 1420/1664/2169 1421/1665/2170 1441/1687/2190 1440/1686/2189
f 1421/1665/2170 1422/1666/2171 1442/1688/2191 1441/1687/2190
f 1422/1666/2171 1423/1667/2172 1443/1689/2192 1442/1688/2191
f 1423/1667/2172 1424/1668/2173 1444/1690/2193 1443/1689/2192
f 1424/1668/2173 1425/1669/2174 1445/1691/2194 1444/1690/2193
f 1425/1669/2174 1426/1670/2175 1446/1692/2195 1445/1691/2194
f 1426/1670/2175 1427/1671/2176 1447/1693/2196 1446/1692/2195
f 1427/1671/2176 1428/1672/2177 1448/1694/2197 1447/1693/2196
f 1428/1674/2177 1429/1673/2178 1449/1695/2198 1448/1696/2197
f 1429/1673/2178 1430/1675/2179 1450/1697/2199 1449/1695/2198
f 1430/1675/2179 1431/1676/2180 1451/1698/2200 1450/1697/2199
f 1431/1676/2180 1432/1677/2181 1452/1699/2201 1451/1698/2200
f 1432/1677/2181 1433/1678/2182 1453/1700/2202 1452/1699/2201
f 1433/1678/2182 1434/1679/2183 1454/1701/2203 1453/1700/2202
f 1434/1679/2183 1435/1680/2184 1455/1702/2204 1454/1701/2203
f 1435/1680/2184 1417/1660/2166 1437/1682/2186 1455/1702/2204
f 1437/1682/2186 1436/1681/2185 1456/1703/2205 1457/1704/2206
f 1436/1681/2185 1438/1683/2187 1458/1705/2207 1456/1703/2205
f 1438/1685/2187 1439/1684/2188 1459/1706/2208 1458/1707/2207
f 1439/1684/2188 1440/1686/2189 1460/1708/2209 1459/1706/2208
f 1440/1686/2189 1441/1687/2190 1461/1709/2210 1460/1708/2209
f 1441/1687/2190 1442/1688/2191 1462/1710/2211 1461/1709/2210
f 1442/1688/2191 1443/1689/2192 1463/1711/2212 1462/1710/2211
f 1443/1689/2192 1444/1690/2193 1464/1712/2213 1463/1711/2212
f 1444/1690/2193 1445/1691/2194 1465/1713/2214 1464/1712/2213
f 1445/1691/2194 1446/1692/2195 1466/1714/2215 1465/1713/2214
f 1446/1692/2195 1447/1693/2196 1467/1715/2216 1466/1714/2215
f 1447/1693/2196 1448/1694/2197 1468/1716/2217 1467/1715/2216
f 1448/1696/2197 1449/1695/2198 1469/1717/2218 1468/1718/2217
f 1449/1695/2198 1450/1697/2199 1470/1719/2219 1469/1717/2218
f 1450/1697/2199 1451/1698/2200 1471/1720/2220 1470/1719/2219
f 1451/1698/2200 1452/1699/2201 1472/1721/2221 1471/1720/2220
f 1452/1699/2201 1453/1700/2202 1473/1722/2222 1472/1721/2221
f 1453/1700/2202 1454/1701/2203 1474/1723/2223 1473/1722/2222
f 1454/1701/2203 1455/1702/2204 1475/1724/2224 1474/1723/2223
f 1455/1702/2204 1437/1682/2186 1457/1704/2206 1475/1724/2224
f 1457/1704/2206 1456/1703/2205 1476/1725/2225 1477/1726/2226
f 1456/1703/2205 1458/1705/2207 1478/1727/2227 1476/1725/2225
f 1458/1707/2207 1459/1706/2208 1479/1728/2228 1478/1729/2227
f 1459/1706/2208 1460/1708/2209 1480/1730/2229 1479/1728/2228
f 1460/1708/2209 1461/1709/2210 1481/1731/2230 1480/1730/2229
f 1461/1709/2210 1462/1710/2211 1482/1732/2231 1481/1731/2230
f 1462/1710/2211 1463/1711/2212 1483/1733/2232 1482/1732/2231
f 1463/1711/2212 1464/1712/2213 1484/1734/2233 1483/1733/2232
f 1464/1712/2213 1465/1713/2214 1485/1735/2234 1484/1734/2233
f 1465/1713/2214 1466/1714/2215 1486/1736/2235 1485/1735/2234
f 1466/1714/2215 1467/1715/2216 1487/1737/2236 1486/1736/2235
f 1467/1715/2216 1468/1716/2217 1488/1738/2237 1487/1737/2236
f 1468/1718/2217 1469/1717/2218 1489/1739/2238 1488/1740/2237
f 1469/1717/2218 1470/1719/2219 1490/1741/2239 1489/1739/2238
f 1470/1719/2219 1471/1720/2220 1491/1742/2240 1490/1741/2239
f 1471/1720/2220 1472/1721/2221 1492/1743/2241 1491/1742/2240
f 1472/1721/2221 1473/1722/2222 1493/1744/2242 1492/1743/2241
f 1473/1722/2222 1474/1723/2223 1494/1745/2243 1493/1744/2242
f 1474/1723/2223 1475/1724/2224 1495/1746/2244 1494/1745/2243
f 1475/1724/2224 1457/1704/2206 1477/1726/2226 1495/1746/2244
f 1477/1726/2226 1476/1725/2225 1496/1747/2245 1497/1748/2246
f 1476/1725/2225 1478/1727/2227 1498/1749/2247 1496/1747/2245
f 1478/1729/2227 1479/1728/2228 1499/1750/2248 1498/1751/2247
f 1479/1728/2228 1480/1730/2229 1500/1752/2249 1499/1750/2248
f 1480/1730/2229 1481/1731/2230 1501/1753/2250 1500/1752/2249
f 1481/1731/2230 1482/1732/2231 1502/1754/2251 1501/1753/2250
f 1482/1732/2231 1483/1733/2232 1503/1755/2252 1502/1754/2251
f 1483/1733/2232 1484/1734/2233 1504/1756/2253 1503/1755/2252
f 1484/1734/2233 1485/1735/2234 1505/1757/2254 1504/1756/2253
f 1485/1735/2234 1486/1736/2235 1506/1758/2255 1505/1757/2254
f 1486/1736/2235 1487/1737/2236 1507/1759/2256 1506/1758/2255
f 1487/1737/2236 1488/1738/2237 1508/1760/2257 1507/1759/2256
f 1488/1740/2237 1489/1739/2238 1509/1761/2258 1508/1762/2257
f 1489/1739/2238 1490/1741/2239 1510/1763/2259 1509/1761/2258
f 1490/1741/2239 1491/1742/2240 1511/1764/2260 1510/1763/2259
f 1491/1742/2240 1492/1743/2241 1512/1765/2261 1511/1764/2260
f 1492/1743/2241 1493/1744/2242 1513/1766/2262 1512/1765/2261
f 1493/1744/2242 1494/1745/2243 1514/1767/2263 1513/1766/2262
f 1494/1745/2243 1495/1746/2244 1515/1768/2264 1514/1767/2263
f 1495/1746/2244 1477/1726/2226 1497/1748/2246 1515/1768/2264
f 1497/1748/2246 1496/1747/2245 1516/1769/2265 1517/1770/2266
f 1496/1747/2245 1498/1749/2247 1518/1771/2267 1516/1769/2265
f 1498/1751/2247 1499/1750/2248 1519/1772/2268 1518/1773/2267
f 1499/1750/2248 1500/1752/2249 1520/1774/2269 1519/1772/2268
f 1500/1752/2249 1501/1753/2250 1521/1775/2270 1520/1774/2269
f 1501/1753/2250 1502/1754/2251 1522/1776/2271 1521/1775/2270
f 1502/1754/2251 1503/1755/2252 1523/1777/2272 1522/1776/2271
f 1503/1755/2252 1504/1756/2253 1524/1778/2273 1523/1777/2272
f 1504/1756/2253 1505/1757/2254 1525/1779/2274 1524/1778/2273
f 1505/1757/2254 1506/1758/2255 1526/1780/2275 1525/1779/2274
f 1506/1758/2255 1507/1759/2256 1527/1781/2276 1526/1780/2275
f 1507/1759/2256 1508/1760/2257 1528/1782/2277 1527/1781/2276
f 1508/1762/2257 1509/1761/2258 1529/1783/2278 1528/1784/2277
f 1509/1761/2258 1510/1763/2259 1530/1785/2279 1529/1783/2278
f 1510/1763/2259 1511/1764/2260 1531/1786/2280 1530/1785/2279
f 1511/1764/2260 1512/1765/2261 1532/1787/2281 1531/1786/2280
f 1512/1765/2261 1513/1766/2262 1533/1788/2282 1532/1787/2281
f 1513/1766/2262 1514/1767/2263 1534/1789/2283 1533/1788/2282
f 1514/1767/2263 1515/1768/2264 1535/1790/2284 1534/1789/2283
f 1515/1768/2264 1497/1748/2246 1517/1770/2266 1535/1790/2284
f 1517/1770/2266 1516/1769/2265 1536/1791/2285 1537/1792/2286
f 1516/1769/2265 1518/1771/2267 1538/1793/2287 1536/1791/2285
f 1518/1773/2267 1519/1772/2268 1539/1794/2288 1538/1795/2287
f 1519/1772/2268 1520/1774/2269 1540/1796/2289 1539/1794/2288
f 1520/1774/2269 1521/1775/2270 1541/1797/2290 1540/1796/2289
f 1521/1775/2270 1522/1776/2271 1542/1798/2291 1541/1797/2290
f 1522/1776/2271 1523/1777/2272 1543/1799/2292 1542/1798/2291
f 1523/1777/2272 1524/1778/2273 1544/1800/2293 1543/1799/2292
f 1524/1778/2273 1525/1779/2274 1545/1801/2294 1544/1800/2293
f 1525/1779/2274 1526/1780/2275 1546/1802/2295 1545/1801/2294
f 1526/1780/2275 1527/1781/2276 1547/1803/2296 1546/1802/2295
f 1527/1781/2276 1528/1782/2277 1548/1804/2297 1547/1803/2296
f 1528/1784/2277 1529/1783/2278 1549/1805/2298 1548/1806/2297
f 1529/1783/2278 1530/1785/2279 1550/1807/2299 1549/1805/2298
f 1530/1785/2279 1531/1786/2280 1551/1808/2300 1550/1807/2299
f 1531/1786/2280 1532/1787/2281 1552/1809/2301 1551/1808/2300
f 1532/1787/2281 1533/1788/2282 1553/1810/2302 1552/1809/2301
f 1533/1788/2282 1534/1789/2283 1554/1811/2303 1553/1810/2302
f 1534/1789/2283 1535/1790/2284 1555/1812/2304 1554/1811/2303
f 1535/1790/2284 1517/1770/2266 1537/1792/2286 1555/1812/2304
f 1537/1792/2286 1536/1791/2285 1556/1813/2305
f 1536/1791/2285 1538/1793/2287 1556/1813/2305
f 1538/1795/2287 1539/1794/2288 1556/1814/2305
f 1539/1794/2288 1540/1796/2289 1556/1814/2305
f 1540/1796/2289 1541/1797/2290 1556/1814/2305
f 1541/1797/2290 1542/1798/2291 1556/1814/2305
f 1542/1798/2291 1543/1799/2292 1556/1814/2305
f 1543/1799/2292 1544/1800/2293 1556/1814/2305
f 1544/1800/2293 1545/1801/2294 1556/1814/2305
f 1545/1801/2294 1546/1802/2295 1556/1814/2305
f 1546/1802/2295 1547/1803/2296 1556/1814/2305
f 1547/1803/2296 1548/1804/2297 1556/1814/2305
f 1548/1806/2297 1549/1805/2298 1556/1813/2305
f 1549/1805/2298 1550/1807/2299 1556/1813/2305
f 1550/1807/2299 1551/1808/2300 1556/1813/2305
f 1551/1808/2300 1552/1809/2301 1556/1813/2305
f 1552/1809/2301 1553/1810/2302 1556/1813/2305
f 1553/1810/2302 1554/1811/2303 1556/1813/2305
f 1554/1811/2303 1555/1812/2304 1556/1813/2305
f 1555/1812/2304 1537/1792/2286 1556/1813/2305
s 2
f 1557/1815/2306 1558/1816/2307 1559/1817/2308 1560/1818/2309
f 1560/1818/2309 1559/1817/2308 1561/1819/2310 1562/1820/2311
f 1562/1820/2311 1561/1819/2310 1563/1821/2312 1564/1822/2313
f 1564/1823/2313 1563/1824/2312 1565/1825/2314 1566/1826/2315
f 1566/1826/2315 1565/1825/2314 1567/1827/2316 1568/1828/2317
f 1568/1828/2317 1567/1827/2316 1569/1829/2318 1570/1830/2319
f 1570/1830/2319 1569/1829/2318 1571/1831/2320 1572/1832/2321
f 1572/1832/2321 1571/1831/2320 1573/1833/2322 1574/1834/2323
f 1574/1834/2323 1573/1833/2322 1575/1835/2324 1576/1836/2325
f 1576/1836/2325 1575/1835/2324 1577/1837/2326 1578/1838/2327
f 1578/1838/2327 1577/1837/2326 1579/1839/2328 1580/1840/2329
f 1580/1840/2329 1579/1839/2328 1581/1841/2330 1582/1842/2331
f 1582/1842/2331 1581/1841/2330 1583/1843/2332 1584/1844/2333
f 1584/1845/2333 1583/1846/2332 1585/1847/2334 1586/1848/2335
f 1586/1848/2335 1585/1847/2334 1587/1849/2336 1588/1850/2337
f 1588/1850/2337 1587/1849/2336 1589/1851/2338 1590/1852/2339
f 1590/1852/2339 1589/1851/2338 1591/1853/2340 1592/1854/2341
f 1592/1854/2341 1591/1853/2340 1593/1855/2342 1594/1856/2343
f 1594/1856/2343 1593/1855/2342 1595/1857/2344 1596/1858/2345
f 1596/1858/2345 1595/1857/2344 1558/1816/2307 1557/1815/2306
f 1558/1816/2307 1597/1859/2346 1598/1860/2347 1559/1817/2308
f 1559/1817/2308 1598/1860/2347 1599/1861/2348 1561/1819/2310
f 1561/1819/2310 1599/1861/2348 1600/1862/2349 1563/1821/2312
f 1563/1824/2312 1600/1863/2349 1601/1864/2350 1565/1825/2314
f 1565/1825/2314 1601/1864/2350 1602/1865/2351 1567/1827/2316
f 1567/1827/2316 1602/1865/2351 1603/1866/2352 1569/1829/2318
f 1569/1829/2318 1603/1866/2352 1604/1867/2353 1571/1831/2320
f 1571/1831/2320 1604/1867/2353 1605/1868/2354 1573/1833/2322
f 1573/1833/2322 1605/1868/2354 1606/1869/2355 1575/1835/2324
f 1575/1835/2324 1606/1869/2355 1607/1870/2356 1577/1837/2326
f 1577/1837/2326 1607/1870/2356 1608/1871/2357 1579/1839/2328
f 1579/1839/2328 1608/1871/2357 1609/1872/2358 1581/1841/2330
f 1581/1841/2330 1609/1872/2358 1610/1873/2359 1583/1843/2332
f 1583/1846/2332 1610/1874/2359 1611/1875/2360 1585/1847/2334
f 1585/1847/2334 1611/1875/2360 1612/1876/2361 1587/1849/2336
f 1587/1849/2336 1612/1876/2361 1613/1877/2362 1589/1851/2338
f 1589/1851/2338 1613/1877/2362 1614/1878/2363 1591/1853/2340
f 1591/1853/2340 1614/1878/2363 1615/1879/2364 1593/1855/2342
f 1593/1855/2342 1615/1879/2364 1616/1880/2365 1595/1857/2344
f 1595/1857/2344 1616/1880/2365 1597/1859/2346 1558/1816/2307
f 1597/1859/2346 1617/1881/2366 1618/1882/2367 1598/1860/2347
f 1598/1860/2347 1618/1882/2367 1619/1883/2368 1599/1861/2348
f 1599/1861/2348 1619/1883/2368 1620/1884/2369 1600/1862/2349
f 1600/1863/2349 1620/1885/2369 1621/1886/2370 1601/1864/2350
f 1601/1864/2350 1621/1886/2370 1622/1887/2371 1602/1865/2351
f 1602/1865/2351 1622/1887/2371 1623/1888/2372 1603/1866/2352
f 1603/1866/2352 1623/1888/2372 1624/1889/2373 1604/1867/2353
f 1604/1867/2353 1624/1889/2373 1625/1890/2374 1605/1868/2354
f 1605/1868/2354 1625/1890/2374 1626/1891/2375 1606/1869/2355
f 1606/1869/2355 1626/1891/2375 1627/1892/2376 1607/1870/2356
f 1607/1870/2356 1627/1892/2376 1628/1893/2377 1608/1871/2357
f 1608/1871/2357 1628/1893/2377 1629/1894/2378 1609/1872/2358
f 1609/1872/2358 1629/1894/2378 1630/1895/2379 1610/1873/2359
f 1610/1874/2359 1630/1896/2379 1631/1897/2380 1611/1875/2360
f 1611/1875/2360 1631/1897/2380 1632/1898/2381 1612/1876/2361
f 1612/1876/2361 1632/1898/2381 1633/1899/2382 1613/1877/2362
f 1613/1877/2362 1633/1899/2382 1634/1900/2383 1614/1878/2363
f 1614/1878/2363 1634/1900/2383 1635/1901/2384 1615/1879/2364
f 1615/1879/2364 1635/1901/2384 1636/1902/2385 1616/1880/2365
f 1616/1880/2365 1636/1902/2385 1617/1881/2366 1597/1859/2346
f 1617/1881/2366 1637/1903/2386 1638/1904/2387 1618/1882/2367
f 1618/1882/2367 1638/1904/2387 1639/1905/2388 1619/1883/2368
f 1619/1883/2368 1639/1905/2388 1640/1906/2389 1620/1884/2369
f 1620/1885/2369 1640/1907/2389 1641/1908/2390 1621/1886/2370
f 1621/1886/2370 1641/1908/2390 1642/1909/2391 1622/1887/2371
f 1622/1887/2371 1642/1909/2391 1643/1910/2392 1623/1888/2372
f 1623/1888/2372 1643/1910/2392 1644/1911/2393 1624/1889/2373
f 1624/1889/2373 1644/1911/2393 1645/1912/2394 1625/1890/2374
f 1625/1890/2374 1645/1912/2394 1646/1913/2395 1626/1891/2375
f 1626/1891/2375 1646/1913/2395 1647/1914/2396 1627/1892/2376
f 1627/1892/2376 1647/1914/2396 1648/1915/2397 1628/1893/2377
f 1628/1893/2377 1648/1915/2397 1649/1916/2398 1629/1894/2378
f 1629/1894/2378 1649/1916/2398 1650/1917/2399 1630/1895/2379
f 1630/1896/2379 1650/1918/2399 1651/1919/2400 1631/1897/2380
f 1631/1897/2380 1651/1919/2400 1652/1920/2401 1632/1898/2381
f 1632/1898/2381 1652/1920/2401 1653/1921/2402 1633/1899/2382
f 1633/1899/2382 1653/1921/2402 1654/1922/2403 1634/1900/2383
f 1634/1900/2383 1654/1922/2403 1655/1923/2404 1635/1901/2384
f 1635/1901/2384 1655/1923/2404 1656/1924/2405 1636/1902/2385
f 1636/1902/2385 1656/1924/2405 1637/1903/2386 1617/1881/2366
f 1637/1903/2386 1657/1925/2406 1658/1926/2407 1638/1904/2387
f 1638/1904/2387 1658/1926/2407 1659/1927/2408 1639/1905/2388
f 1639/1905/2388 1659/1927/2408 1660/1928/2409 1640/1906/2389
f 1640/1907/2389 1660/1929/2409 1661/1930/2410 1641/1908/2390
f 1641/1908/2390 1661/1930/2410 1662/1931/2411 1642/1909/2391
f 1642/1909/2391 1662/1931/2411 1663/1932/2412 1643/1910/2392
f 1643/1910/2392 1663/1932/2412 1664/1933/2413 1644/1911/2393
f 1644/1911/2393 1664/1933/2413 1665/1934/2414 1645/1912/2394
f 1645/1912/2394 1665/1934/2414 1666/1935/2415 1646/1913/2395
f 1646/1913/2395 1666/1935/2415 1667/1936/2416 1647/1914/2396
f 1647/1914/2396 1667/1936/2416 1668/1937/2417 1648/1915/2397
f 1648/1915/2397 1668/1937/2417 1669/1938/2418 1649/1916/2398
f 1649/1916/2398 1669/1938/2418 1670/1939/2419 1650/1917/2399
f 1650/1918/2399 1670/1940/2419 1671/1941/2420 1651/1919/2400
f 1651/1919/2400 1671/1941/2420 1672/1942/2421 1652/1920/2401
f 1652/1920/2401 1672/1942/2421 1673/1943/2422 1653/1921/2402
f 1653/1921/2402 1673/1943/2422 1674/1944/2423 1654/1922/2403
f 1654/1922/2403 1674/1944/2423 1675/1945/2424 1655/1923/2404
f 1655/1923/2404 1675/1945/2424 1676/1946/2425 1656/1924/2405
f 1656/1924/2405 1676/1946/2425 1657/1925/2406 1637/1903/2386
f 1657/1925/2406 1677/1947/2426 1678/1948/2427 1658/1926/2407
f 1658/1926/2407 1678/1948/2427 1679/1949/2428 1659/1927/2408
f 1659/1927/2408 1679/1949/2428 1680/1950/2429 1660/1928/2409
f 1660/1929/2409 1680/1951/2429 1681/1952/2430 1661/1930/2410
f 1661/1930/2410 1681/1952/2430 1682/1953/2431 1662/1931/2411
f 1662/1931/2411 1682/1953/2431 1683/1954/2432 1663/1932/2412
f 1663/1932/2412 1683/1954/2432 1684/1955/2433 1664/1933/2413
f 1664/1933/2413 1684/1955/2433 1685/1956/2434 1665/1934/2414
f 1665/1934/2414 1685/1956/2434 1686/1957/2435 1666/1935/2415
f 1666/1935/2415 1686/1957/2435 1687/1958/2436 1667/1936/2416
f 1667/1936/2416 1687/1958/2436 1688/1959/2437 1668/1937/2417
f 1668/1937/2417 1688/1959/2437 1689/1960/2438 1669/1938/2418
f 1669/1938/2418 1689/1960/2438 1690/1961/2439 1670/1939/2419
f 1670/1940/2419 1690/1962/2439 1691/1963/2440 1671/1941/2420
f 1671/1941/2420 1691/1963/2440 1692/1964/2441 1672/1942/2421
f 1672/1942/2421 1692/1964/2441 1693/1965/2442 1673/1943/2422
f 1673/1943/2422 1693/1965/2442 1694/1966/2443 1674/1944/2423
f 1674/1944/2423 1694/1966/2443 1695/1967/2444 1675/1945/2424
f 1675/1945/2424 1695/1967/2444 1696/1968/2445 1676/1946/2425
f 1676/1946/2425 1696/1968/2445 1677/1947/2426 1657/1925/2406
f 1677/1947/2426 1697/1969/2446 1698/1970/2447 1678/1948/2427
f 1678/1948/2427 1698/1970/2447 1699/1971/2448 1679/1949/2428
f 1679/1949/2428 1699/1971/2448 1700/1972/2449 1680/1950/2429
f 1680/1951/2429 1700/1973/2449 1701/1974/2450 1681/1952/2430
f 1681/1952/2430 1701/1974/2450 1702/1975/2451 1682/1953/2431
f 1682/1953/2431 1702/1975/2451 1703/1976/2452 1683/1954/2432
f 1683/1954/2432 1703/1976/2452 1704/1977/2453 1684/1955/2433
f 1684/1955/2433 1704/1977/2453 1705/1978/2454 1685/1956/2434
f 1685/1956/2434 1705/1978/2454 1706/1979/2455 1686/1957/2435
f 1686/1957/2435 1706/1979/2455 1707/1980/2456 1687/1958/2436
f 1687/1958/2436 1707/1980/2456 1708/1981/2457 1688/1959/2437
f 1688/1959/2437 1708/1981/2457 1709/1982/2458 1689/1960/2438
f 1689/1960/2438 1709/1982/2458 1710/1983/2459 1690/1961/2439
f 1690/1962/2439 1710/1984/2459 1711/1985/2460 1691/1963/2440
f 1691/1963/2440 1711/1985/2460 1712/1986/2461 1692/1964/2441
f 1692/1964/2441 1712/1986/2461 1713/1987/2462 1693/1965/2442
f 1693/1965/2442 1713/1987/2462 1714/1988/2463 1694/1966/2443
f 1694/1966/2443 1714/1988/2463 1715/1989/2464 1695/1967/2444
f 1695/1967/2444 1715/1989/2464 1716/1990/2465 1696/1968/2445
f 1696/1968/2445 1716/1990/2465 1697/1969/2446 1677/1947/2426
f 1697/1969/2446 1717/1991/2466 1718/1992/2467 1698/1970/2447
f 1698/1970/2447 1718/1992/2467 1719/1993/2468 1699/1971/2448
f 1699/1971/2448 1719/1993/2468 1720/1994/2469 1700/1972/2449
f 1700/1973/2449 1720/1995/2469 1721/1996/2470 1701/1974/2450
f 1701/1974/2450 1721/1996/2470 1722/1997/2471 1702/1975/2451
f 1702/1975/2451 1722/1997/2471 1723/1998/2472 1703/1976/2452
f 1703/1976/2452 1723/1998/2472 1724/1999/2473 1704/1977/2453
f 1704/1977/2453 1724/1999/2473 1725/2000/2474 1705/1978/2454
f 1705/1978/2454 1725/2000/2474 1726/2001/2475 1706/1979/2455
f 1706/1979/2455 1726/2001/2475 1727/2002/2476 1707/1980/2456
f 1707/1980/2456 1727/2002/2476 1728/2003/2477 1708/1981/2457
f 1708/1981/2457 1728/2003/2477 1729/2004/2478 1709/1982/2458
f 1709/1982/2458 1729/2004/2478 1730/2005/2479 1710/1983/2459
f 1710/1984/2459 1730/2006/2479 1731/2007/2480 1711/1985/2460
f 1711/1985/2460 1731/2007/2480 1732/2008/2481 1712/1986/2461
f 1712/1986/2461 1732/2008/2481 1733/2009/2482 1713/1987/2462
f 1713/1987/2462 1733/2009/2482 1734/2010/2483 1714/1988/2463
f 1714/1988/2463 1734/2010/2483 1735/2011/2484 1715/1989/2464
f 1715/1989/2464 1735/2011/2484 1736/2012/2485 1716/1990/2465
f 1716/1990/2465 1736/2012/2485 1717/1991/2466 1697/1969/2446
f 1717/1991/2466 1737/2013/2486 1718/1992/2467
f 1718/1992/2467 1737/2013/2486 1719/1993/2468
f 1719/1993/2468 1737/2013/2486 1720/1994/2469
f 1720/1995/2469 1737/2014/2486 1721/1996/2470
f 1721/1996/2470 1737/2014/2486 1722/1997/2471
f 1722/1997/2471 1737/2014/2486 1723/1998/2472
f 1723/1998/2472 1737/2014/2486 1724/1999/2473
f 1724/1999/2473 1737/2014/2486 1725/2000/2474
f 1725/2000/2474 1737/2014/2486 1726/2001/2475
f 1726/2001/2475 1737/2014/2486 1727/2002/2476
f 1727/2002/2476 1737/2014/2486 1728/2003/2477
f 1728/2003/2477 1737/2014/2486 1729/2004/2478
f 1729/2004/2478 1737/2014/2486 1730/2005/2479
f 1730/2006/2479 1737/2013/2486 1731/2007/2480
f 1731/2007/2480 1737/2013/2486 1732/2008/2481
f 1732/2008/2481 1737/2013/2486 1733/2009/2482
f 1733/2009/2482 1737/2013/2486 1734/2010/2483
f 1734/2010/2483 1737/2013/2486 1735/2011/2484
f 1735/2011/2484 1737/2013/2486 1736/2012/2485
f 1736/2012/2485 1737/2013/2486 1717/1991/2466
s 3
f 1557/1815/2487 1560/1818/2488 1377/2015/2489 1376/2016/2490
f 1560/1818/2488 1562/1820/2491 1380/2017/2492 1377/2015/2489
f 1562/1820/2491 1564/1822/2493 1382/2018/2494 1380/2017/2492
f 1564/1823/2493 1566/1826/2495 1384/2019/2496 1382/2020/2494
f 1566/1826/2495 1568/1828/2497 1386/2021/2498 1384/2019/2496
f 1568/1828/2497 1570/1830/2499 1388/2022/2500 1386/2021/2498
f 1570/1830/2499 1572/1832/2501 1390/2023/2502 1388/2022/2500
f 1572/1832/2501 1574/1834/2503 1392/2024/2504 1390/2023/2502
f 1574/1834/2503 1576/1836/2505 1394/2025/2506 1392/2024/2504
f 1576/1836/2505 1578/1838/2507 1396/2026/2508 1394/2025/2506
f 1578/1838/2507 1580/1840/2509 1398/2027/2510 1396/2026/2508
f 1580/1840/2509 1582/1842/2511 1400/2028/2512 1398/2027/2510
f 1582/1842/2511 1584/1844/2513 1402/2029/2514 1400/2028/2512
f 1584/1845/2513 1586/1848/2515 1404/2030/2516 1402/2031/2514
f 1586/1848/2515 1588/1850/2517 1406/2032/2518 1404/2030/2516
f 1588/1850/2517 1590/1852/2519 1408/2033/2520 1406/2032/2518
f 1590/1852/2519 1592/1854/2521 1410/2034/2522 1408/2033/2520
f 1592/1854/2521 1594/1856/2523 1412/2035/2524 1410/2034/2522
f 1594/1856/2523 1596/1858/2525 1414/2036/2526 1412/2035/2524
f 1596/1858/2525 1557/1815/2487 1376/2016/2490 1414/2036/2526
g default
v 1.013337 -0.509843 0.361931
v 1.012836 -0.510579 0.359980
v 1.012016 -0.511277 0.358126
v 1.010895 -0.511923 0.356415
v 1.009502 -0.512498 0.354889
v 1.007871 -0.512990 0.353585
v 1.006043 -0.513384 0.352537
v 1.004061 -0.513674 0.351769
v 1.001976 -0.513852 0.351300
v 0.999838 -0.513911 0.351143
v 0.997699 -0.513852 0.351300
v 0.995614 -0.513674 0.351769
v 0.993633 -0.513384 0.352537
v 0.991804 -0.512990 0.353585
v 0.990173 -0.512498 0.354889
v 0.988780 -0.511923 0.356415
v 0.987660 -0.511277 0.358126
v 0.986839 -0.510579 0.359980
v 0.986338 -0.509843 0.361931
v 0.986170 -0.509090 0.363932
v 0.986338 -0.508335 0.365932
v 0.986839 -0.507600 0.367884
v 0.987660 -0.506900 0.369738
v 0.988780 -0.506255 0.371449
v 0.990173 -0.505679 0.372975
v 0.991804 -0.505189 0.374278
v 0.993633 -0.504794 0.375327
v 0.995614 -0.504503 0.376095
v 0.997699 -0.504328 0.376563
v 0.999838 -0.504267 0.376721
v 1.001976 -0.504328 0.376563
v 1.004061 -0.504503 0.376095
v 1.006043 -0.504794 0.375327
v 1.007871 -0.505189 0.374278
v 1.009502 -0.505679 0.372975
v 1.010895 -0.506255 0.371449
v 1.012016 -0.506900 0.369738
v 1.012836 -0.507600 0.367884
v 1.013337 -0.508335 0.365932
v 1.013505 -0.509090 0.363932
v 1.013337 -0.002480 0.170661
v 1.012836 -0.003215 0.168710
v 1.012016 -0.003914 0.166856
v 1.010895 -0.004559 0.165145
v 1.009502 -0.005135 0.163619
v 1.007871 -0.005626 0.162315
v 1.006043 -0.006021 0.161267
v 1.004061 -0.006311 0.160499
v 1.001976 -0.006489 0.160030
v 0.999838 -0.006548 0.159873
v 0.997699 -0.006489 0.160030
v 0.995614 -0.006311 0.160499
v 0.993633 -0.006021 0.161267
v 0.991804 -0.005626 0.162315
v 0.990173 -0.005135 0.163619
v 0.988780 -0.004559 0.165145
v 0.987660 -0.003914 0.166856
v 0.986839 -0.003215 0.168710
v 0.986338 -0.002480 0.170661
v 0.986170 -0.001727 0.172662
v 0.986338 -0.000971 0.174663
v 0.986839 -0.000237 0.176614
v 0.987660 0.000463 0.178468
v 0.988780 0.001108 0.180179
v 0.990173 0.001684 0.181705
v 0.991804 0.002174 0.183008
v 0.993633 0.002569 0.184057
v 0.995614 0.002860 0.184825
v 0.997699 0.003035 0.185293
v 0.999838 0.003096 0.185451
v 1.001976 0.003035 0.185293
v 1.004061 0.002860 0.184825
v 1.006043 0.002569 0.184057
v 1.007871 0.002174 0.183008
v 1.009502 0.001684 0.181705
v 1.010895 0.001108 0.180179
v 1.012016 0.000463 0.178468
v 1.012836 -0.000237 0.176614
v 1.013337 -0.000971 0.174663
v 1.013505 -0.001727 0.172662
v 0.999838 -0.509090 0.363932
v 0.999838 -0.001727 0.172662
v 1.036924 -0.479506 0.347423
v 1.036924 -0.488079 0.336674
v 1.036924 -0.500464 0.330709
v 1.036924 -0.514214 0.330709
v 1.036924 -0.526600 0.336674
v 1.036924 -0.535172 0.347423
v 1.036924 -0.538231 0.360827
v 1.036924 -0.535172 0.374230
v 1.036924 -0.526600 0.384979
v 1.036924 -0.514214 0.390944
v 1.036924 -0.500464 0.390944
v 1.036924 -0.488079 0.384979
v 1.036924 -0.479506 0.374230
v 1.036924 -0.476447 0.360827
v 1.016303 -0.479506 0.347423
v 1.016303 -0.488079 0.336674
v 1.016303 -0.500464 0.330709
v 1.016303 -0.514214 0.330709
v 1.016303 -0.526600 0.336674
v 1.016303 -0.535172 0.347423
v 1.016303 -0.538231 0.360827
v 1.016303 -0.535172 0.374230
v 1.016303 -0.526600 0.384979
v 1.016303 -0.514214 0.390944
v 1.016303 -0.500464 0.390944
v 1.016303 -0.488079 0.384979
v 1.016303 -0.479506 0.374230
v 1.016303 -0.476447 0.360827
v 1.036924 -0.507339 0.360827
v 1.016303 -0.507339 0.360827
v 1.036924 -0.474011 0.343040
v 1.036924 -0.482582 0.332292
v 1.016303 -0.482582 0.332292
v 1.016303 -0.474011 0.343040
v 1.036924 -0.500464 0.323680
v 1.036924 -0.514214 0.323680
v 1.016303 -0.514214 0.323680
v 1.016303 -0.500464 0.323680
v 1.036924 -0.532095 0.332292
v 1.036924 -0.540668 0.343040
v 1.016303 -0.540668 0.343040
v 1.016303 -0.532095 0.332292
v 1.036924 -0.545084 0.362391
v 1.036924 -0.542024 0.375794
v 1.016303 -0.542024 0.375794
v 1.016303 -0.545084 0.362391
v 1.036924 -0.529649 0.391312
v 1.036924 -0.517264 0.397277
v 1.016303 -0.517264 0.397277
v 1.016303 -0.529649 0.391312
v 1.036924 -0.497415 0.397277
v 1.036924 -0.485028 0.391312
v 1.016303 -0.485028 0.391312
v 1.016303 -0.497415 0.397277
v 1.036924 -0.472653 0.375794
v 1.036924 -0.469594 0.362391
v 1.016303 -0.469594 0.362391
v 1.016303 -0.472653 0.375794
v 0.976943 -0.356643 0.512337
v 0.981781 -0.356643 0.502951
v 0.976943 -0.646555 0.512337
v 0.981781 -0.646555 0.502951
v 1.017846 -0.356643 0.503117
v 1.022713 -0.356643 0.511736
v 1.017846 -0.646555 0.503117
v 1.022713 -0.646555 0.511736
v 0.976943 -0.646555 0.539406
v 0.986699 -0.646555 0.544852
v 0.976943 -0.356643 0.539406
v 0.986699 -0.356643 0.544852
v 1.013109 -0.646555 0.544447
v 1.022794 -0.646555 0.539250
v 1.013109 -0.356643 0.544447
v 1.022794 -0.356643 0.539250
v 0.976943 -0.511251 0.512337
v 0.976943 -0.511251 0.539406
v 0.986699 -0.511251 0.544852
v 1.013109 -0.511251 0.544447
v 1.022794 -0.511251 0.539250
v 1.022713 -0.511251 0.511736
v 1.017846 -0.511251 0.503117
v 0.981781 -0.511251 0.502951
v 0.981781 -0.619475 0.502951
v 0.976943 -0.619475 0.512337
v 0.976943 -0.619475 0.539406
v 0.986699 -0.619475 0.544852
v 1.013109 -0.619475 0.544447
v 1.022794 -0.619475 0.539250
v 1.022713 -0.619475 0.511736
v 1.017846 -0.619475 0.503117
v 0.981781 -0.642322 0.502951
v 0.976943 -0.642322 0.512337
v 0.976943 -0.642322 0.539406
v 0.986699 -0.642322 0.544852
v 1.013109 -0.642322 0.544447
v 1.022794 -0.642322 0.539250
v 1.022713 -0.642322 0.511736
v 1.017846 -0.642322 0.503117
v 0.976943 -0.360565 0.512337
v 0.981781 -0.360566 0.502951
v 1.017846 -0.360565 0.503117
v 1.022713 -0.360566 0.511736
v 1.022794 -0.360565 0.539250
v 1.013109 -0.360566 0.544447
v 0.986699 -0.360565 0.544852
v 0.976943 -0.360566 0.539406
v 0.976943 -0.487437 0.539406
v 0.986699 -0.487437 0.544852
v 1.013109 -0.487437 0.544447
v 1.022794 -0.487437 0.539250
v 1.022713 -0.487437 0.511736
v 1.017846 -0.487437 0.503117
v 0.981781 -0.487437 0.502951
v 0.976943 -0.487437 0.512337
v 0.976943 -0.384278 0.512337
v 0.981781 -0.384278 0.502951
v 1.017846 -0.384278 0.503117
v 1.022713 -0.384278 0.511736
v 1.022794 -0.384278 0.539250
v 1.013109 -0.384278 0.544447
v 0.986699 -0.384278 0.544852
v 0.976943 -0.384278 0.539406
v 0.978241 -0.356643 0.498850
v 0.972455 -0.356643 0.510073
v 0.978241 -0.360566 0.498850
v 0.972455 -0.360565 0.510073
v 1.021365 -0.360565 0.499048
v 1.021365 -0.356643 0.499048
v 1.027185 -0.356643 0.509354
v 1.027185 -0.360566 0.509354
v 1.027281 -0.356643 0.542254
v 1.027281 -0.360565 0.542254
v 1.015701 -0.360566 0.548469
v 1.015701 -0.356643 0.548469
v 0.984121 -0.356643 0.548953
v 0.984121 -0.360565 0.548953
v 0.972455 -0.360566 0.542441
v 0.972455 -0.356643 0.542441
v 0.979400 -0.642322 0.500192
v 0.973924 -0.642322 0.510815
v 0.979400 -0.646555 0.500192
v 0.973924 -0.646555 0.510815
v 0.973924 -0.642322 0.541448
v 0.973924 -0.646555 0.541448
v 0.984965 -0.646555 0.547611
v 0.984965 -0.642322 0.547611
v 1.014852 -0.642322 0.547153
v 1.014852 -0.646555 0.547153
v 1.025813 -0.646555 0.541271
v 1.025813 -0.642322 0.541271
v 1.025721 -0.642322 0.510134
v 1.025721 -0.646555 0.510134
v 1.020213 -0.642322 0.500380
v 1.020213 -0.646555 0.500380
v 1.017846 -0.487437 0.494480
v 0.981781 -0.487437 0.494315
v 0.981781 -0.384278 0.494315
v 1.017846 -0.384278 0.494480
v 1.017846 -0.619475 0.494480
v 0.981781 -0.619475 0.494315
v 0.981781 -0.511251 0.494315
v 1.017846 -0.511251 0.494480
v 1.025602 -0.487437 0.486675
v 0.974026 -0.487437 0.486509
v 0.974026 -0.384278 0.486509
v 1.025602 -0.384278 0.486675
v 1.025602 -0.619475 0.486675
v 0.974026 -0.619475 0.486509
v 0.974026 -0.511251 0.486509
v 1.025602 -0.511251 0.486675
v 0.999814 -0.384278 0.471748
v 1.018059 -0.487437 0.448934
v 1.023394 -0.487437 0.451159
v 1.025602 -0.487437 0.456501
v 1.023394 -0.384278 0.451159
v 1.018059 -0.384278 0.448934
v 1.025602 -0.384278 0.456501
v 1.023394 -0.619475 0.451159
v 1.025602 -0.619475 0.456501
v 1.018059 -0.619475 0.448934
v 1.025602 -0.511251 0.456501
v 1.023394 -0.511251 0.451159
v 1.018059 -0.511251 0.448934
v 0.974026 -0.487437 0.456335
v 0.976236 -0.487437 0.451010
v 0.981568 -0.487437 0.448817
v 0.981568 -0.384278 0.448817
v 0.976236 -0.384278 0.451010
v 0.974026 -0.384278 0.456335
v 0.981568 -0.619475 0.448817
v 0.974026 -0.619475 0.456335
v 0.976236 -0.619475 0.451010
v 0.974026 -0.511251 0.456335
v 0.976236 -0.511251 0.451010
v 0.981568 -0.511251 0.448817
v 0.976943 -0.386015 0.539406
v 0.986699 -0.386015 0.544852
v 1.013109 -0.386015 0.544447
v 1.022794 -0.386015 0.539250
v 1.022713 -0.386015 0.511736
v 1.017846 -0.386015 0.503117
v 1.017846 -0.386015 0.494480
v 1.025602 -0.386015 0.486675
v 1.025602 -0.386015 0.456501
v 1.023394 -0.386015 0.451159
v 1.018059 -0.386015 0.448934
v 0.981568 -0.386015 0.448817
v 0.976236 -0.386015 0.451010
v 0.974026 -0.386015 0.456335
v 0.974026 -0.386015 0.486509
v 0.981781 -0.386015 0.494315
v 0.981781 -0.386015 0.502951
v 0.976943 -0.386015 0.512337
v 0.976943 -0.617932 0.512337
v 0.981781 -0.617932 0.502951
v 0.981781 -0.617932 0.494315
v 0.974026 -0.617932 0.486509
v 0.974026 -0.617932 0.456335
v 0.976236 -0.617932 0.451010
v 0.981568 -0.617932 0.448817
v 1.018059 -0.617932 0.448934
v 1.023394 -0.617932 0.451159
v 1.025602 -0.617932 0.456501
v 1.025602 -0.617932 0.486675
v 1.017846 -0.617932 0.494480
v 1.017846 -0.617932 0.503117
v 1.022713 -0.617932 0.511736
v 1.022794 -0.617932 0.539250
v 1.013109 -0.617932 0.544447
v 0.986699 -0.617932 0.544852
v 0.976943 -0.617932 0.539406
v 0.976943 -0.487002 0.539406
v 0.986699 -0.487002 0.544852
v 1.013109 -0.487002 0.544447
v 1.022794 -0.487002 0.539250
v 1.022713 -0.487002 0.511736
v 1.017846 -0.487002 0.503117
v 1.017846 -0.487002 0.494480
v 1.025602 -0.487002 0.486675
v 1.025602 -0.487002 0.456501
v 1.023394 -0.487002 0.451159
v 1.018059 -0.487002 0.448934
v 0.981568 -0.487002 0.448817
v 0.976236 -0.487002 0.451010
v 0.974026 -0.487002 0.456335
v 0.974026 -0.487002 0.486509
v 0.981781 -0.487002 0.494315
v 0.981781 -0.487002 0.502951
v 0.976943 -0.487002 0.512337
v 0.976943 -0.511760 0.512337
v 0.981781 -0.511760 0.502951
v 0.981781 -0.511760 0.494315
v 0.974026 -0.511760 0.486509
v 0.974026 -0.511760 0.456335
v 0.976236 -0.511760 0.451010
v 0.981568 -0.511760 0.448817
v 1.018059 -0.511760 0.448934
v 1.023394 -0.511760 0.451159
v 1.025602 -0.511760 0.456501
v 1.025602 -0.511760 0.486675
v 1.017846 -0.511760 0.494480
v 1.017846 -0.511760 0.503117
v 1.022713 -0.511760 0.511736
v 1.022794 -0.511760 0.539250
v 1.013109 -0.511760 0.544447
v 0.986699 -0.511760 0.544852
v 0.976943 -0.511760 0.539406
v 1.016988 -0.511251 0.503113
v 1.016988 -0.511251 0.494476
v 1.024375 -0.511251 0.486671
v 1.024375 -0.487437 0.486671
v 1.016988 -0.487437 0.494476
v 1.016988 -0.487437 0.503113
v 0.982847 -0.511251 0.502956
v 0.982847 -0.487437 0.502956
v 0.982847 -0.487437 0.494320
v 0.975549 -0.487437 0.486514
v 0.975549 -0.511251 0.486514
v 0.982847 -0.511251 0.494320
v 1.024920 -0.384278 0.487360
v 1.024920 -0.386015 0.487360
v 1.024920 -0.487002 0.487360
v 1.024920 -0.487437 0.487360
v 1.023726 -0.487437 0.487357
v 0.976190 -0.487437 0.487200
v 0.974707 -0.487437 0.487195
v 0.974707 -0.487002 0.487195
v 0.974707 -0.386015 0.487195
v 0.974707 -0.384278 0.487195
v 1.011891 -0.469930 0.448934
v 0.987737 -0.469930 0.448817
v 0.987737 -0.403086 0.448817
v 1.011891 -0.403085 0.448934
v 0.987404 -0.528739 0.448817
v 1.012223 -0.528739 0.448934
v 1.012223 -0.600953 0.448934
v 0.987404 -0.600953 0.448817
v 1.011891 -0.480179 0.427877
v 0.987737 -0.480179 0.427760
v 0.987737 -0.434682 0.427760
v 1.011891 -0.434682 0.427877
v 0.987404 -0.520206 0.427760
v 1.012223 -0.520206 0.427877
v 1.012223 -0.569358 0.427877
v 0.987404 -0.569358 0.427760
v 1.011891 -0.489799 0.387802
v 0.987737 -0.489799 0.387684
v 0.987737 -0.479205 0.377412
v 1.011891 -0.479205 0.377530
v 0.987404 -0.512195 0.387684
v 1.012223 -0.512195 0.387802
v 1.012223 -0.524836 0.377530
v 0.987404 -0.524836 0.377412
v 1.012961 -0.483322 0.357226
v 1.012961 -0.493303 0.346282
v 1.012961 -0.508099 0.345601
v 1.012961 -0.519044 0.355582
v 1.012961 -0.519724 0.370378
v 1.012961 -0.509743 0.381322
v 1.012961 -0.494947 0.382003
v 1.012961 -0.484003 0.372022
v 0.986729 -0.483322 0.357226
v 0.986729 -0.493303 0.346282
v 0.986729 -0.508099 0.345601
v 0.986729 -0.519044 0.355582
v 0.986729 -0.519724 0.370378
v 0.986729 -0.509743 0.381322
v 0.986729 -0.494947 0.382003
v 0.986729 -0.484003 0.372022
v 1.016551 -0.483322 0.357226
v 1.016551 -0.493303 0.346282
v 1.016551 -0.501523 0.363802
v 1.016551 -0.508099 0.345601
v 1.016551 -0.519044 0.355582
v 1.016551 -0.519724 0.370378
v 1.016551 -0.509743 0.381322
v 1.016551 -0.494947 0.382003
v 1.016551 -0.484003 0.372022
v 0.983139 -0.483322 0.357226
v 0.983139 -0.493303 0.346282
v 0.983139 -0.501523 0.363802
v 0.983139 -0.508099 0.345601
v 0.983139 -0.519044 0.355582
v 0.983139 -0.519724 0.370378
v 0.983139 -0.509743 0.381322
v 0.983139 -0.494947 0.382003
v 0.983139 -0.484003 0.372022
v 0.983243 -0.479506 0.347423
v 0.983243 -0.488079 0.336674
v 0.983243 -0.500464 0.330709
v 0.983243 -0.514214 0.330709
v 0.983243 -0.526600 0.336674
v 0.983243 -0.535172 0.347423
v 0.983243 -0.538231 0.360827
v 0.983243 -0.535172 0.374230
v 0.983243 -0.526600 0.384979
v 0.983243 -0.514214 0.390944
v 0.983243 -0.500464 0.390944
v 0.983243 -0.488079 0.384979
v 0.983243 -0.479506 0.374230
v 0.983243 -0.476447 0.360827
v 0.962621 -0.479506 0.347423
v 0.962621 -0.488079 0.336674
v 0.962621 -0.500464 0.330709
v 0.962621 -0.514214 0.330709
v 0.962621 -0.526600 0.336674
v 0.962621 -0.535172 0.347423
v 0.962621 -0.538231 0.360827
v 0.962621 -0.535172 0.374230
v 0.962621 -0.526600 0.384979
v 0.962621 -0.514214 0.390944
v 0.962621 -0.500464 0.390944
v 0.962621 -0.488079 0.384979
v 0.962621 -0.479506 0.374230
v 0.962621 -0.476447 0.360827
v 0.983243 -0.507339 0.360827
v 0.962621 -0.507339 0.360827
v 0.983243 -0.474011 0.343040
v 0.983243 -0.482582 0.332292
v 0.962621 -0.482582 0.332292
v 0.962621 -0.474011 0.343040
v 0.983243 -0.500464 0.323680
v 0.983243 -0.514214 0.323680
v 0.962621 -0.514214 0.323680
v 0.962621 -0.500464 0.323680
v 0.983243 -0.532095 0.332292
v 0.983243 -0.540668 0.343040
v 0.962621 -0.540668 0.343040
v 0.962621 -0.532095 0.332292
v 0.983243 -0.545084 0.362391
v 0.983243 -0.542024 0.375794
v 0.962621 -0.542024 0.375794
v 0.962621 -0.545084 0.362391
v 0.983243 -0.529649 0.391312
v 0.983243 -0.517264 0.397277
v 0.962621 -0.517264 0.397277
v 0.962621 -0.529649 0.391312
v 0.983243 -0.497415 0.397277
v 0.983243 -0.485028 0.391312
v 0.962621 -0.485028 0.391312
v 0.962621 -0.497415 0.397277
v 0.983243 -0.472653 0.375794
v 0.983243 -0.469594 0.362391
v 0.962621 -0.469594 0.362391
v 0.962621 -0.472653 0.375794
v 0.999845 -1.130942 0.426875
v 1.169310 -0.423835 0.470378
v 0.830380 -0.423835 0.470378
v 0.999845 0.283271 0.328000
v 1.104360 -0.777389 0.515248
v 0.895330 -0.070282 0.515248
v 0.895330 -0.777389 0.515248
v 0.999845 -0.423835 0.587747
v 1.104360 -0.070282 0.515248
v 0.999845 -0.070282 0.551498
v 1.104360 -0.423835 0.551498
v 0.999845 -0.777389 0.551498
v 0.895330 -0.423835 0.551498
v 0.791269 -0.423835 0.501692
v 0.871708 -0.059668 0.560979
v 0.999845 0.311112 0.372043
v 1.127982 -0.059668 0.560979
v 0.999845 -1.148431 0.476490
v 1.127728 -0.785070 0.560862
v 1.208421 -0.423835 0.501692
v 0.871962 -0.785070 0.560862
v 0.813075 -0.423294 0.502193
v 0.885104 -0.097198 0.555281
v 0.999845 0.234819 0.386097
v 1.114586 -0.097198 0.555281
v 0.999845 -1.072137 0.479625
v 1.114358 -0.746764 0.555177
v 1.186615 -0.423294 0.502193
v 0.885332 -0.746764 0.555177
v 0.824939 -0.423000 0.558298
v 0.886934 -0.423000 0.635823
v 0.892393 -0.117619 0.608014
v 0.999845 0.193308 0.449577
v 0.999845 -0.111664 0.642776
v 1.107297 -0.117619 0.608014
v 0.999845 -1.030626 0.537164
v 1.107084 -0.725921 0.607916
v 0.999845 -0.729239 0.643527
v 1.112756 -0.423000 0.635823
v 1.174751 -0.423000 0.558298
v 0.892606 -0.725921 0.607916
v 0.999845 -0.423000 0.675048
v 0.928050 -0.510249 0.565064
v 1.082353 -0.510249 0.565064
v 0.928050 -0.488048 0.565064
v 1.082353 -0.488048 0.565064
v 0.928050 -0.488048 0.554064
v 1.082353 -0.488048 0.554064
v 0.928050 -0.510249 0.554064
v 1.082353 -0.510249 0.554064
v 0.928050 -0.641551 0.565064
v 1.082353 -0.641551 0.565064
v 0.928050 -0.619350 0.565064
v 1.082353 -0.619350 0.565064
v 0.928050 -0.619350 0.554064
v 1.082353 -0.619350 0.554064
v 0.928050 -0.641551 0.554064
v 1.082353 -0.641551 0.554064
v 0.992180 -0.641551 0.554064
v 1.018223 -0.641551 0.554064
v 0.992180 -0.361339 0.554064
v 1.018223 -0.361339 0.554064
v 0.992180 -0.361339 0.543284
v 1.018223 -0.361339 0.543284
v 0.992180 -0.641551 0.543284
v 1.018223 -0.641551 0.543284
v 0.992180 -0.488218 0.554064
v 1.018223 -0.488218 0.554064
v 1.018223 -0.488218 0.543284
v 0.992180 -0.488218 0.543284
v 0.992180 -0.510442 0.554064
v 1.018223 -0.510442 0.554064
v 1.018223 -0.510442 0.543284
v 0.992180 -0.510442 0.543284
v 0.992180 -0.383717 0.543284
v 1.018223 -0.383717 0.543284
v 1.018223 -0.383717 0.554064
v 0.992180 -0.383717 0.554064
v 0.992180 -0.619803 0.554064
v 1.018223 -0.619803 0.554064
v 1.018223 -0.619803 0.543284
v 0.992180 -0.619803 0.543284
v 1.028223 -0.510442 0.548674
v 1.028223 -0.510442 0.537894
v 1.028223 -0.488218 0.537894
v 1.028223 -0.488218 0.548674
v 0.982180 -0.510442 0.537894
v 0.982180 -0.510442 0.548674
v 0.982180 -0.488218 0.548674
v 0.982180 -0.488218 0.537894
v 1.028223 -0.383717 0.537894
v 1.028223 -0.383717 0.548674
v 1.028223 -0.361339 0.537894
v 1.028223 -0.361339 0.548674
v 0.982180 -0.383717 0.548674
v 0.982180 -0.383717 0.537894
v 0.982180 -0.361339 0.548674
v 0.982180 -0.361339 0.537894
v 1.028223 -0.641551 0.537894
v 1.028223 -0.641551 0.548674
v 1.028223 -0.619803 0.537894
v 1.028223 -0.619803 0.548674
v 0.982180 -0.641551 0.537894
v 0.982180 -0.641551 0.548674
v 0.982180 -0.619803 0.548674
v 0.982180 -0.619803 0.537894
v 1.038223 -0.510442 0.543284
v 1.038223 -0.510442 0.532505
v 1.038223 -0.488218 0.532505
v 1.038223 -0.488218 0.543284
v 0.972180 -0.510442 0.532505
v 0.972180 -0.510442 0.543284
v 0.972180 -0.488218 0.543284
v 0.972180 -0.488218 0.532505
v 1.038223 -0.383717 0.532505
v 1.038223 -0.383717 0.543284
v 1.038223 -0.361339 0.532505
v 1.038223 -0.361339 0.543284
v 0.972180 -0.383717 0.543284
v 0.972180 -0.383717 0.532505
v 0.972180 -0.361339 0.543284
v 0.972180 -0.361339 0.532505
v 1.038223 -0.641551 0.532505
v 1.038223 -0.641551 0.543284
v 1.038223 -0.619803 0.532505
v 1.038223 -0.619803 0.543284
v 0.972180 -0.641551 0.532505
v 0.972180 -0.641551 0.543284
v 0.972180 -0.619803 0.543284
v 0.972180 -0.619803 0.532505
v 1.028223 -0.488218 0.510179
v 1.028223 -0.510442 0.510179
v 1.038223 -0.488218 0.504789
v 1.038223 -0.510442 0.504789
v 0.982180 -0.488218 0.510179
v 0.982180 -0.510442 0.510179
v 0.972180 -0.510442 0.504789
v 0.972180 -0.488218 0.504789
v 1.028223 -0.361339 0.510179
v 1.028223 -0.383717 0.510179
v 1.038223 -0.361339 0.504789
v 1.038223 -0.383717 0.504789
v 0.982180 -0.361339 0.510179
v 0.982180 -0.383717 0.510179
v 0.972180 -0.383717 0.504789
v 0.972180 -0.361339 0.504789
v 1.028223 -0.619803 0.510179
v 1.028223 -0.641551 0.510179
v 1.038223 -0.619803 0.504789
v 1.038223 -0.641551 0.504789
v 0.982180 -0.619803 0.510179
v 0.982180 -0.641551 0.510179
v 0.972180 -0.641551 0.504789
v 0.972180 -0.619803 0.504789
v 1.023478 -0.361339 0.501376
v 1.023478 -0.383717 0.501376
v 1.033478 -0.361339 0.495986
v 1.033478 -0.383717 0.495986
v 0.986925 -0.361339 0.501376
v 0.986925 -0.383717 0.501376
v 0.976925 -0.383717 0.495986
v 0.976925 -0.361339 0.495986
v 1.010467 -0.361339 0.501376
v 1.010467 -0.383717 0.501376
v 1.013348 -0.361339 0.495986
v 1.013348 -0.383717 0.495986
v 0.999936 -0.361339 0.501376
v 0.999936 -0.383717 0.501376
v 0.997055 -0.383717 0.495986
v 0.997055 -0.361339 0.495986
v 1.023478 -0.488218 0.501376
v 1.023478 -0.510442 0.501376
v 1.033478 -0.488218 0.495986
v 1.033478 -0.510442 0.495986
v 0.986925 -0.488218 0.501376
v 0.986925 -0.510442 0.501376
v 0.976925 -0.510442 0.495986
v 0.976925 -0.488218 0.495986
v 1.023478 -0.619803 0.501376
v 1.023478 -0.641551 0.501376
v 1.033478 -0.619803 0.495986
v 1.033478 -0.641551 0.495986
v 0.986925 -0.619803 0.501376
v 0.986925 -0.641551 0.501376
v 0.976925 -0.641551 0.495986
v 0.976925 -0.619803 0.495986
v 1.011334 -0.488218 0.501376
v 1.011334 -0.510442 0.501376
v 1.014689 -0.488218 0.495986
v 1.014689 -0.510442 0.495986
v 0.999069 -0.488218 0.501376
v 0.999069 -0.510442 0.501376
v 0.995714 -0.510442 0.495986
v 0.995714 -0.488218 0.495986
v 1.011178 -0.619803 0.501376
v 1.011178 -0.641551 0.501376
v 1.014448 -0.619803 0.495986
v 1.014448 -0.641551 0.495986
v 0.999225 -0.619803 0.501376
v 0.999225 -0.641551 0.501376
v 0.995955 -0.641551 0.495986
v 0.995955 -0.619803 0.495986
v 0.922693 -0.383539 0.566655
v 1.076997 -0.383539 0.566655
v 0.922693 -0.361338 0.566655
v 1.076997 -0.361338 0.566655
v 0.922693 -0.361338 0.555655
v 1.076997 -0.361338 0.555655
v 0.922693 -0.383539 0.555655
v 1.076997 -0.383539 0.555655
vt 0.140157 0.976456
vt 0.140157 0.975756
vt 0.317966 0.975746
vt 0.317966 0.976451
vt 0.140157 0.975057
vt 0.317966 0.975040
vt 0.140157 0.974354
vt 0.317966 0.974337
vt 0.140157 0.973648
vt 0.317966 0.973636
vt 0.140158 0.972939
vt 0.317967 0.972936
vt 0.140158 0.972234
vt 0.317967 0.972232
vt 0.140158 0.971530
vt 0.317967 0.971526
vt 0.140159 0.970822
vt 0.317968 0.970823
vt 0.140159 0.970115
vt 0.317968 0.970120
vt 0.140159 0.969411
vt 0.317968 0.969416
vt 0.140158 0.997518
vt 0.140157 0.996816
vt 0.317966 0.996798
vt 0.317966 0.997503
vt 0.140157 0.996114
vt 0.317966 0.996092
vt 0.140157 0.995406
vt 0.317966 0.995389
vt 0.140156 0.994695
vt 0.317965 0.994689
vt 0.140156 0.993986
vt 0.317965 0.993989
vt 0.140156 0.993277
vt 0.317965 0.993288
vt 0.140156 0.992569
vt 0.317965 0.992588
vt 0.140156 0.991865
vt 0.317965 0.991885
vt 0.140156 0.991166
vt 0.317965 0.991177
vt 0.140156 0.990463
vt 0.317965 0.990474
vt 0.140156 0.989758
vt 0.317965 0.989773
vt 0.140156 0.989059
vt 0.317965 0.989067
vt 0.140156 0.988362
vt 0.317965 0.988362
vt 0.140157 0.987659
vt 0.317966 0.987661
vt 0.140157 0.986953
vt 0.317966 0.986963
vt 0.140158 0.986253
vt 0.317967 0.986262
vt 0.140158 0.985558
vt 0.317967 0.985557
vt 0.140158 0.984861
vt 0.317967 0.984854
vt 0.140158 0.984162
vt 0.317967 0.984154
vt 0.140158 0.983463
vt 0.317967 0.983455
vt 0.140158 0.982765
vt 0.317967 0.982755
vt 0.140159 0.982068
vt 0.317967 0.982053
vt 0.140158 0.981368
vt 0.317967 0.981353
vt 0.140158 0.980667
vt 0.317967 0.980655
vt 0.140157 0.979963
vt 0.317966 0.979957
vt 0.140157 0.979259
vt 0.317966 0.979259
vt 0.140157 0.978558
vt 0.317966 0.978558
vt 0.140157 0.977859
vt 0.317966 0.977855
vt 0.140157 0.977158
vt 0.317966 0.977153
vt 0.997065 0.991416
vt 0.997230 0.992100
vt 0.992803 0.992803
vt 0.996795 0.990766
vt 0.996428 0.990167
vt 0.995970 0.989632
vt 0.995435 0.989175
vt 0.994836 0.988809
vt 0.994186 0.988540
vt 0.993503 0.988376
vt 0.992802 0.988321
vt 0.992101 0.988376
vt 0.991417 0.988541
vt 0.990767 0.988810
vt 0.990167 0.989178
vt 0.989633 0.989634
vt 0.989177 0.990168
vt 0.988809 0.990768
vt 0.988541 0.991417
vt 0.988376 0.992101
vt 0.988321 0.992801
vt 0.988376 0.993502
vt 0.988540 0.994186
vt 0.988809 0.994836
vt 0.989175 0.995436
vt 0.989632 0.995971
vt 0.990167 0.996428
vt 0.990766 0.996796
vt 0.991416 0.997065
vt 0.992100 0.997230
vt 0.992802 0.997286
vt 0.993504 0.997230
vt 0.994188 0.997066
vt 0.994838 0.996797
vt 0.995437 0.996429
vt 0.995973 0.995972
vt 0.996430 0.995437
vt 0.996798 0.994837
vt 0.997066 0.994187
vt 0.997230 0.993503
vt 0.997285 0.992801
vt 0.000611 0.992101
vt 0.000775 0.991417
vt 0.005038 0.992803
vt 0.001044 0.990769
vt 0.001412 0.990169
vt 0.001868 0.989634
vt 0.002403 0.989177
vt 0.003001 0.988810
vt 0.003651 0.988541
vt 0.004335 0.988376
vt 0.005036 0.988321
vt 0.005738 0.988376
vt 0.006421 0.988540
vt 0.007070 0.988809
vt 0.007671 0.989175
vt 0.008206 0.989632
vt 0.008663 0.990167
vt 0.009030 0.990767
vt 0.009300 0.991417
vt 0.009465 0.992101
vt 0.009520 0.992802
vt 0.009465 0.993504
vt 0.009301 0.994187
vt 0.009032 0.994837
vt 0.008665 0.995437
vt 0.008207 0.995972
vt 0.007672 0.996429
vt 0.007072 0.996797
vt 0.006422 0.997066
vt 0.005738 0.997230
vt 0.005037 0.997286
vt 0.004335 0.997230
vt 0.003651 0.997065
vt 0.003001 0.996796
vt 0.002401 0.996428
vt 0.001866 0.995970
vt 0.001410 0.995435
vt 0.001043 0.994836
vt 0.000774 0.994186
vt 0.000610 0.993503
vt 0.000556 0.992801
vt 0.968958 0.531888
vt 0.971936 0.528448
vt 0.977164 0.532568
vt 0.974354 0.536037
vt 0.938975 0.616134
vt 0.940366 0.611851
vt 0.946800 0.613929
vt 0.945409 0.618218
vt 0.941074 0.609666
vt 0.942445 0.605384
vt 0.948891 0.607428
vt 0.947512 0.611732
vt 0.943135 0.603202
vt 0.944463 0.598915
vt 0.950930 0.600894
vt 0.949590 0.605217
vt 0.945127 0.596729
vt 0.946399 0.592427
vt 0.952890 0.594323
vt 0.951605 0.598668
vt 0.947031 0.590231
vt 0.948246 0.585907
vt 0.954760 0.587724
vt 0.953535 0.592085
vt 0.948852 0.583696
vt 0.950026 0.579350
vt 0.956553 0.581117
vt 0.955374 0.585483
vt 0.950620 0.577120
vt 0.951790 0.572753
vt 0.958314 0.574530
vt 0.957148 0.578884
vt 0.952396 0.570504
vt 0.953618 0.566125
vt 0.960116 0.567996
vt 0.958911 0.572316
vt 0.954270 0.563862
vt 0.955610 0.559488
vt 0.962049 0.561552
vt 0.960744 0.565815
vt 0.956346 0.557220
vt 0.957879 0.552878
vt 0.964214 0.555243
vt 0.962740 0.559420
vt 0.958744 0.550622
vt 0.960553 0.546354
vt 0.966719 0.549128
vt 0.965003 0.553179
vt 0.961587 0.544137
vt 0.963738 0.540001
vt 0.969654 0.543273
vt 0.967638 0.547151
vt 0.964974 0.537861
vt 0.967519 0.533925
vt 0.973090 0.537755
vt 0.970730 0.541406
vt 0.970418 0.527002
vt 0.967167 0.530120
vt 0.962173 0.521231
vt 0.972158 0.522879
vt 0.971899 0.518389
vt 0.969717 0.514464
vt 0.966042 0.511864
vt 0.961606 0.511114
vt 0.957277 0.512361
vt 0.953915 0.515365
vt 0.952188 0.519532
vt 0.952445 0.524041
vt 0.954633 0.527991
vt 0.958332 0.530601
vt 0.962791 0.531351
vt 0.976104 0.537506
vt 0.978959 0.534017
vt 0.985162 0.542024
vt 0.983037 0.532118
vt 0.987542 0.532177
vt 0.991575 0.534183
vt 0.994342 0.537741
vt 0.995291 0.542149
vt 0.994234 0.546532
vt 0.991378 0.550022
vt 0.987292 0.551928
vt 0.982781 0.551871
vt 0.978744 0.549863
vt 0.975978 0.546299
vt 0.975034 0.541889
vt 0.944697 0.620411
vt 0.938265 0.618325
vt 0.974201 0.518252
vt 0.974460 0.522753
vt 0.983064 0.529814
vt 0.987572 0.529872
vt 0.967372 0.509981
vt 0.971053 0.512585
vt 0.993394 0.532767
vt 0.996162 0.536326
vt 0.956639 0.510146
vt 0.960972 0.508899
vt 0.997531 0.542689
vt 0.996474 0.547072
vt 0.950060 0.518645
vt 0.951787 0.514482
vt 0.992352 0.552112
vt 0.988266 0.554017
vt 0.952614 0.529103
vt 0.950431 0.525158
vt 0.981755 0.553935
vt 0.977718 0.551929
vt 0.962400 0.533623
vt 0.957955 0.532874
vt 0.973724 0.546781
vt 0.972780 0.542373
vt 0.190099 0.509332
vt 0.181672 0.506781
vt 0.181887 0.506154
vt 0.190268 0.508695
vt 0.202432 0.512574
vt 0.193665 0.510393
vt 0.193804 0.509712
vt 0.202526 0.512091
vt 0.178061 0.505662
vt 0.169694 0.502650
vt 0.169885 0.502189
vt 0.178322 0.505018
vt 0.130022 0.215605
vt 0.131608 0.212527
vt 0.143435 0.212577
vt 0.145031 0.215404
vt 0.145061 0.224427
vt 0.141885 0.226132
vt 0.133225 0.226268
vt 0.130025 0.224483
vt 0.166519 0.501399
vt 0.166630 0.501044
vt 0.205550 0.513248
vt 0.205657 0.512891
vt 0.978131 0.100619
vt 0.974931 0.102406
vt 0.966271 0.102273
vt 0.963095 0.100568
vt 0.963121 0.091545
vt 0.964717 0.088720
vt 0.976544 0.088664
vt 0.978131 0.091742
vt 0.200541 0.432086
vt 0.191988 0.429642
vt 0.192081 0.429193
vt 0.200667 0.431516
vt 0.204258 0.432595
vt 0.204108 0.433142
vt 0.212461 0.435681
vt 0.212639 0.435144
vt 0.216167 0.436226
vt 0.215955 0.436768
vt 0.224560 0.439540
vt 0.224730 0.439119
vt 0.227632 0.440560
vt 0.227745 0.440212
vt 0.188656 0.428722
vt 0.188756 0.428369
vt 0.190096 0.421237
vt 0.193621 0.421860
vt 0.202534 0.424179
vt 0.206361 0.425389
vt 0.214903 0.427992
vt 0.218696 0.429090
vt 0.227537 0.432171
vt 0.230608 0.433553
vt 0.143447 0.209381
vt 0.131620 0.209337
vt 0.131647 0.201845
vt 0.143474 0.201887
vt 0.193415 0.420701
vt 0.189644 0.420169
vt 0.189752 0.418799
vt 0.193597 0.419315
vt 0.202817 0.423123
vt 0.203173 0.421778
vt 0.206804 0.423057
vt 0.206368 0.424377
vt 0.215460 0.427159
vt 0.215833 0.425819
vt 0.219499 0.426746
vt 0.219052 0.428064
vt 0.228366 0.431321
vt 0.228993 0.430073
vt 0.231547 0.432910
vt 0.232236 0.431722
vt 0.130827 0.211623
vt 0.130833 0.210235
vt 0.144216 0.210287
vt 0.144211 0.211679
vt 0.164546 0.512061
vt 0.161064 0.509907
vt 0.161812 0.508877
vt 0.165230 0.510952
vt 0.028133 0.969642
vt 0.042275 0.969579
vt 0.042281 0.970865
vt 0.028139 0.970928
vt 0.205372 0.523327
vt 0.201528 0.523282
vt 0.201563 0.521979
vt 0.205295 0.522055
vt 0.191162 0.521016
vt 0.191476 0.519755
vt 0.187981 0.518294
vt 0.187559 0.519503
vt 0.178138 0.516689
vt 0.178460 0.515446
vt 0.174689 0.514666
vt 0.174241 0.515887
vt 0.190456 0.465657
vt 0.193940 0.466714
vt 0.191654 0.474231
vt 0.188171 0.473148
vt 0.199924 0.476741
vt 0.202204 0.469223
vt 0.205631 0.470263
vt 0.203363 0.477759
vt 0.212002 0.480314
vt 0.214251 0.472878
vt 0.215113 0.481205
vt 0.217345 0.473841
vt 0.968146 0.029890
vt 0.967866 0.037695
vt 0.956677 0.037295
vt 0.956958 0.029490
vt 0.179708 0.470512
vt 0.176419 0.469457
vt 0.178663 0.462094
vt 0.181978 0.463079
vt 0.166510 0.509748
vt 0.163308 0.508078
vt 0.029240 0.960521
vt 0.041067 0.960468
vt 0.041102 0.968244
vt 0.029275 0.968297
vt 0.204528 0.520576
vt 0.201146 0.520250
vt 0.191894 0.518122
vt 0.187983 0.516822
vt 0.179277 0.514198
vt 0.175241 0.513068
vt 0.977704 0.087319
vt 0.979603 0.090999
vt 0.963563 0.087385
vt 0.961654 0.090764
vt 0.961624 0.101554
vt 0.965421 0.103591
vt 0.975777 0.103750
vt 0.979602 0.101615
vt 0.129033 0.215106
vt 0.129035 0.225152
vt 0.132656 0.227173
vt 0.142457 0.227019
vt 0.146050 0.225089
vt 0.146018 0.214878
vt 0.967275 0.053453
vt 0.967181 0.056283
vt 0.955994 0.055858
vt 0.956088 0.053027
vt 0.163915 0.500321
vt 0.163770 0.500867
vt 0.029240 0.957688
vt 0.041067 0.957635
vt 0.208314 0.513800
vt 0.208130 0.514334
vt 0.131644 0.199012
vt 0.143471 0.199054
vt 0.185991 0.427823
vt 0.186149 0.427346
vt 0.956562 0.040125
vt 0.967750 0.040524
vt 0.230348 0.441296
vt 0.230481 0.440811
vt 0.969782 0.050979
vt 0.969561 0.051195
vt 0.953983 0.050621
vt 0.953780 0.050390
vt 0.160483 0.499358
vt 0.160776 0.499415
vt 0.160622 0.499969
vt 0.160327 0.499896
vt 0.035154 0.950234
vt 0.211244 0.515341
vt 0.211424 0.514795
vt 0.211699 0.514911
vt 0.211530 0.515445
vt 0.129098 0.196456
vt 0.146012 0.196491
vt 0.182571 0.426743
vt 0.182719 0.426262
vt 0.954067 0.042586
vt 0.970069 0.043176
vt 0.233791 0.442302
vt 0.233937 0.441820
vt 0.043611 0.955074
vt 0.043387 0.955299
vt 0.026920 0.955353
vt 0.026696 0.955127
vt 0.221151 0.517798
vt 0.222961 0.518355
vt 0.222795 0.518896
vt 0.220986 0.518341
vt 0.997032 0.972930
vt 0.997032 0.971035
vt 0.997601 0.971035
vt 0.997601 0.972930
vt 0.243398 0.444690
vt 0.245210 0.445235
vt 0.245064 0.445718
vt 0.243251 0.445172
vt 0.920467 0.972928
vt 0.920468 0.971032
vt 0.920974 0.971032
vt 0.920974 0.972929
vt 0.230708 0.485996
vt 0.221253 0.483105
vt 0.223507 0.475692
vt 0.232975 0.478557
vt 0.963770 0.971033
vt 0.963770 0.972929
vt 0.955960 0.972928
vt 0.955959 0.971032
vt 0.232519 0.486549
vt 0.234788 0.479108
vt 0.997034 0.959068
vt 0.997034 0.957177
vt 0.997603 0.957178
vt 0.997603 0.959068
vt 0.149218 0.495948
vt 0.151027 0.496492
vt 0.150861 0.497035
vt 0.149054 0.496491
vt 0.173117 0.423859
vt 0.173263 0.423376
vt 0.170257 0.467616
vt 0.160792 0.464751
vt 0.163053 0.457312
vt 0.172513 0.460202
vt 0.920976 0.959065
vt 0.920470 0.959065
vt 0.963772 0.959067
vt 0.955961 0.959066
vt 0.042886 0.943433
vt 0.027422 0.943481
vt 0.131556 0.184093
vt 0.143523 0.184117
vt 0.145273 0.184844
vt 0.145999 0.186595
vt 0.129086 0.186562
vt 0.129809 0.184814
vt 0.158984 0.464204
vt 0.161245 0.456761
vt 0.963772 0.957177
vt 0.955961 0.957175
vt 0.920469 0.957174
vt 0.920976 0.957174
vt 0.171459 0.422823
vt 0.171311 0.423304
vt 0.188131 0.473311
vt 0.191599 0.474417
vt 0.199865 0.476925
vt 0.203306 0.477914
vt 0.211962 0.480410
vt 0.215088 0.481281
vt 0.217802 0.482075
vt 0.220930 0.483069
vt 0.221212 0.483212
vt 0.230677 0.486099
vt 0.232487 0.486656
vt 0.963914 0.972929
vt 0.963914 0.971033
vt 0.963916 0.959067
vt 0.963916 0.957177
vt 0.158951 0.464311
vt 0.160760 0.464856
vt 0.170231 0.467728
vt 0.170546 0.467767
vt 0.173698 0.468684
vt 0.176398 0.469535
vt 0.179688 0.470615
vt 0.182015 0.462955
vt 0.178695 0.461983
vt 0.175985 0.461171
vt 0.172550 0.460070
vt 0.163090 0.457183
vt 0.161285 0.456629
vt 0.955794 0.957175
vt 0.955793 0.959066
vt 0.955791 0.971032
vt 0.955792 0.972928
vt 0.234828 0.478978
vt 0.233016 0.478431
vt 0.223550 0.475561
vt 0.220085 0.474564
vt 0.217380 0.473733
vt 0.214288 0.472757
vt 0.205685 0.470084
vt 0.202265 0.469025
vt 0.194001 0.466514
vt 0.190512 0.465477
vt 0.217843 0.481937
vt 0.220983 0.482940
vt 0.170574 0.467631
vt 0.173741 0.468547
vt 0.175936 0.461331
vt 0.220035 0.474723
vt 0.968147 0.037705
vt 0.968030 0.040534
vt 0.970471 0.043190
vt 0.970183 0.050993
vt 0.969952 0.051209
vt 0.967462 0.056294
vt 0.967555 0.053463
vt 0.968427 0.029900
vt 0.956328 0.037282
vt 0.956608 0.029477
vt 0.955645 0.055845
vt 0.955739 0.053014
vt 0.953497 0.050603
vt 0.953281 0.050372
vt 0.953568 0.042568
vt 0.956212 0.040112
vt 0.029171 0.942751
vt 0.041138 0.942714
vt 0.026698 0.945232
vt 0.043610 0.945179
vt 0.969514 0.961091
vt 0.969513 0.969011
vt 0.991435 0.961091
vt 0.991434 0.969012
vt 0.950223 0.969118
vt 0.950225 0.960980
vt 0.926542 0.969118
vt 0.926543 0.960979
vt 0.982078 0.052086
vt 0.974182 0.052715
vt 0.973539 0.045061
vt 0.981435 0.044435
vt 0.927118 0.526251
vt 0.930261 0.547944
vt 0.921941 0.538681
vt 0.919802 0.523916
vt 0.897728 0.568869
vt 0.889917 0.570184
vt 0.887882 0.557899
vt 0.895694 0.556586
vt 0.851723 0.560157
vt 0.848144 0.538531
vt 0.854408 0.534088
vt 0.856844 0.548808
vt 0.969967 0.001205
vt 0.978079 0.000556
vt 0.978640 0.007985
vt 0.970528 0.008635
vt 0.844716 0.517749
vt 0.840934 0.494371
vt 0.849405 0.503497
vt 0.851980 0.519408
vt 0.874218 0.472864
vt 0.882263 0.471635
vt 0.884177 0.483938
vt 0.876132 0.485169
vt 0.920850 0.482126
vt 0.924162 0.505574
vt 0.917715 0.509311
vt 0.915462 0.493351
vt 0.972409 0.031588
vt 0.980306 0.030971
vt 0.903505 0.526597
vt 0.906347 0.522680
vt 0.884311 0.536144
vt 0.892124 0.534842
vt 0.866857 0.528832
vt 0.870751 0.531705
vt 0.979650 0.021344
vt 0.971538 0.022003
vt 0.868032 0.515270
vt 0.865376 0.519904
vt 0.887593 0.505708
vt 0.879548 0.506945
vt 0.905068 0.513752
vt 0.901157 0.510115
vt 0.882809 0.529026
vt 0.882031 0.524230
vt 0.890549 0.522873
vt 0.891305 0.527668
vt 0.881298 0.519426
vt 0.889771 0.518080
vt 0.880524 0.514629
vt 0.889017 0.513281
vt 0.879760 0.509833
vt 0.888256 0.508486
vt 0.980066 0.023582
vt 0.980450 0.028416
vt 0.971875 0.029102
vt 0.971490 0.024256
vt 0.883580 0.533827
vt 0.892073 0.532461
vt 0.880839 0.524413
vt 0.877855 0.528270
vt 0.874687 0.522771
vt 0.880163 0.519602
vt 0.876337 0.516643
vt 0.871535 0.517264
vt 0.868560 0.521098
vt 0.869180 0.525917
vt 0.873023 0.528895
vt 0.895735 0.525462
vt 0.891731 0.522682
vt 0.897093 0.519264
vt 0.890912 0.517896
vt 0.893672 0.513919
vt 0.898439 0.513062
vt 0.902430 0.515824
vt 0.903292 0.520603
vt 0.900529 0.524601
vt 0.901508 0.525270
vt 0.904253 0.521264
vt 0.868463 0.526839
vt 0.872292 0.529828
vt 0.870619 0.516543
vt 0.867623 0.520366
vt 0.903102 0.514849
vt 0.899101 0.512096
vt 0.881646 0.529214
vt 0.879362 0.514816
vt 0.878597 0.510018
vt 0.868012 0.526067
vt 0.867392 0.521249
vt 0.882416 0.534010
vt 0.892469 0.527484
vt 0.890180 0.513099
vt 0.889419 0.508301
vt 0.970701 0.029193
vt 0.970317 0.024351
vt 0.893235 0.532278
vt 0.697442 0.729122
vt 0.701521 0.731031
vt 0.698661 0.737160
vt 0.694576 0.735247
vt 0.703602 0.732004
vt 0.707682 0.733894
vt 0.704855 0.740038
vt 0.700756 0.738138
vt 0.709762 0.734850
vt 0.713851 0.736702
vt 0.711085 0.742873
vt 0.706963 0.741006
vt 0.715935 0.737631
vt 0.720042 0.739426
vt 0.717362 0.745635
vt 0.713209 0.743820
vt 0.722135 0.740321
vt 0.726269 0.742046
vt 0.723691 0.748298
vt 0.719505 0.746551
vt 0.728378 0.742904
vt 0.732541 0.744560
vt 0.730065 0.750853
vt 0.725852 0.749177
vt 0.734665 0.745384
vt 0.738858 0.746975
vt 0.736476 0.753304
vt 0.732239 0.751696
vt 0.741000 0.747770
vt 0.745220 0.749310
vt 0.742908 0.755665
vt 0.738656 0.754113
vt 0.747379 0.750085
vt 0.751619 0.751597
vt 0.749342 0.757966
vt 0.745089 0.756448
vt 0.753793 0.752367
vt 0.758048 0.753883
vt 0.755757 0.760246
vt 0.751515 0.758735
vt 0.760234 0.754666
vt 0.764492 0.756225
vt 0.762127 0.762560
vt 0.757914 0.761019
vt 0.766684 0.757044
vt 0.770928 0.758692
vt 0.768421 0.764972
vt 0.764256 0.763356
vt 0.773117 0.759574
vt 0.777263 0.761380
vt 0.774631 0.767609
vt 0.770511 0.765814
vt 0.691275 0.726229
vt 0.695357 0.728143
vt 0.692488 0.734267
vt 0.688405 0.732352
vt 0.786722 0.757273
vt 0.782683 0.759270
vt 0.780321 0.749421
vt 0.789493 0.753722
vt 0.790451 0.749318
vt 0.789404 0.744935
vt 0.786558 0.741438
vt 0.782476 0.739523
vt 0.777968 0.739568
vt 0.773924 0.741566
vt 0.771149 0.745121
vt 0.770192 0.749533
vt 0.771242 0.753920
vt 0.774088 0.757429
vt 0.778184 0.759311
vt 0.776527 0.773259
vt 0.777577 0.777647
vt 0.767447 0.777756
vt 0.776618 0.782058
vt 0.773841 0.785612
vt 0.769798 0.787609
vt 0.765290 0.787653
vt 0.761208 0.785738
vt 0.758363 0.782241
vt 0.757317 0.777858
vt 0.758274 0.773455
vt 0.761046 0.769904
vt 0.765084 0.767908
vt 0.769581 0.767870
vt 0.773677 0.769752
vt 0.787744 0.759339
vt 0.783703 0.761337
vt 0.778769 0.772725
vt 0.779818 0.777110
vt 0.792703 0.749807
vt 0.791745 0.754213
vt 0.778433 0.783479
vt 0.775657 0.787031
vt 0.788345 0.739983
vt 0.791191 0.743480
vt 0.769821 0.789914
vt 0.765312 0.789958
vt 0.777945 0.737263
vt 0.782454 0.737218
vt 0.759420 0.787193
vt 0.756575 0.783696
vt 0.769333 0.743701
vt 0.772107 0.740148
vt 0.755064 0.777369
vt 0.756022 0.772964
vt 0.768999 0.754454
vt 0.767950 0.750069
vt 0.760023 0.767839
vt 0.764064 0.765841
vt 0.686318 0.731374
vt 0.689188 0.725250
vt 0.174866 0.753250
vt 0.144236 0.753491
vt 0.144286 0.654163
vt 0.107372 0.541726
vt 0.107423 0.655715
vt 0.070557 0.654197
vt 0.107564 0.952081
vt 0.070224 0.852057
vt 0.107516 0.850893
vt 0.070701 0.753526
vt 0.040069 0.753314
vt 0.144807 0.852022
vt 0.107469 0.753756
vt 0.860401 0.250044
vt 0.892692 0.133049
vt 0.893914 0.250124
vt 0.928965 0.000556
vt 0.965238 0.133048
vt 0.928965 0.136250
vt 0.928967 0.487122
vt 0.928965 0.365077
vt 0.965650 0.367115
vt 0.997528 0.250044
vt 0.964016 0.250123
vt 0.892278 0.367116
vt 0.928965 0.250296
vt 0.175376 0.624643
vt 0.214363 0.740162
vt 0.199300 0.747706
vt 0.160765 0.630925
vt 0.039439 0.624704
vt 0.087197 0.494457
vt 0.104160 0.498208
vt 0.054055 0.630973
vt 0.089745 0.997402
vt 0.038756 0.881274
vt 0.053551 0.875287
vt 0.106603 0.992796
vt 0.000556 0.740259
vt 0.015626 0.747790
vt 0.214267 0.765999
vt 0.176302 0.881209
vt 0.161501 0.875236
vt 0.199233 0.758634
vt 0.000678 0.766101
vt 0.015705 0.758722
vt 0.127504 0.494438
vt 0.110543 0.498204
vt 0.125428 0.997387
vt 0.108566 0.992796
vt 0.192370 0.753112
vt 0.156513 0.642853
vt 0.107362 0.521281
vt 0.058319 0.642898
vt 0.056718 0.862587
vt 0.107573 0.970115
vt 0.022564 0.753192
vt 0.158322 0.862539
vt 0.653630 0.058851
vt 0.603761 0.067202
vt 0.602557 0.060022
vt 0.652501 0.051659
vt 0.655701 0.047538
vt 0.705898 0.041157
vt 0.706361 0.044733
vt 0.656146 0.051121
vt 0.707300 0.051951
vt 0.657124 0.058335
vt 0.707765 0.055531
vt 0.657568 0.061913
vt 0.600204 0.067800
vt 0.598999 0.060620
vt 0.943091 0.980181
vt 0.993543 0.975834
vt 0.994166 0.983088
vt 0.943792 0.987427
vt 0.940749 0.991375
vt 0.890551 0.997749
vt 0.890107 0.994168
vt 0.940284 0.987800
vt 0.889210 0.986943
vt 0.939428 0.980570
vt 0.888765 0.983366
vt 0.938963 0.976991
vt 0.997138 0.975528
vt 0.997760 0.982782
vt 0.036158 0.993926
vt 0.036155 0.985387
vt 0.070424 0.985378
vt 0.070427 0.993917
vt 0.973941 0.910064
vt 0.965400 0.910066
vt 0.965401 0.906530
vt 0.973938 0.906528
vt 0.070420 0.973304
vt 0.070423 0.981844
vt 0.036154 0.981853
vt 0.036151 0.973313
vt 0.032699 0.258023
vt 0.041236 0.258027
vt 0.041238 0.261561
vt 0.032697 0.261558
vt 0.036159 0.997461
vt 0.070428 0.997451
vt 0.021550 0.336286
vt 0.017131 0.343581
vt 0.010894 0.339810
vt 0.015324 0.332497
vt 0.013295 0.349957
vt 0.011479 0.352986
vt 0.005229 0.349238
vt 0.007048 0.346204
vt 0.113196 0.202780
vt 0.108293 0.195779
vt 0.114267 0.191605
vt 0.119162 0.198594
vt 0.027290 0.326971
vt 0.025430 0.329959
vt 0.019235 0.326122
vt 0.021109 0.323108
vt 0.864857 0.093683
vt 0.864855 0.085143
vt 0.900718 0.085131
vt 0.900720 0.093672
vt 0.864854 0.081609
vt 0.900717 0.081596
vt 0.900714 0.073057
vt 0.864851 0.073069
vt 0.864850 0.069533
vt 0.900712 0.069522
vt 0.876561 0.066502
vt 0.868029 0.066970
vt 0.867630 0.059642
vt 0.876152 0.059174
vt 0.028490 0.980064
vt 0.029695 0.983395
vt 0.022795 0.985892
vt 0.021594 0.982575
vt 0.022910 0.965031
vt 0.025912 0.973045
vt 0.019035 0.975605
vt 0.016045 0.967623
vt 0.018931 0.954733
vt 0.020229 0.958039
vt 0.013391 0.960702
vt 0.012106 0.957428
vt 0.848855 0.020389
vt 0.856696 0.023783
vt 0.853856 0.030326
vt 0.846022 0.026934
vt 0.863542 0.026766
vt 0.866787 0.028196
vt 0.863896 0.034716
vt 0.860672 0.033295
vt 0.934957 0.902448
vt 0.933547 0.894024
vt 0.940581 0.892850
vt 0.941990 0.901271
vt 0.906177 0.046344
vt 0.909372 0.047861
vt 0.906315 0.054304
vt 0.903123 0.052790
vt 0.017194 0.889705
vt 0.017028 0.886173
vt 0.020220 0.884254
vt 0.020386 0.887785
vt 0.106158 0.192715
vt 0.112142 0.188556
vt 0.900876 0.034667
vt 0.900679 0.038196
vt 0.897504 0.036248
vt 0.897700 0.032718
vt 0.015212 0.346767
vt 0.008968 0.343007
vt 0.007106 0.886153
vt 0.006921 0.889683
vt 0.003739 0.887747
vt 0.003923 0.884217
vt 0.017272 0.329306
vt 0.023484 0.333118
vt 0.911005 0.038201
vt 0.910841 0.034669
vt 0.914034 0.032751
vt 0.914198 0.036283
vt 0.121302 0.201639
vt 0.115341 0.205831
vt 0.911524 0.978135
vt 0.911360 0.974603
vt 0.914553 0.972685
vt 0.914717 0.976217
vt 0.864306 0.067170
vt 0.863914 0.059842
vt 0.962123 0.908295
vt 0.962126 0.904759
vt 0.027208 0.976553
vt 0.020321 0.979087
vt 0.901433 0.974591
vt 0.901243 0.978120
vt 0.898064 0.976180
vt 0.898253 0.972649
vt 0.014727 0.964159
vt 0.021579 0.961531
vt 0.977213 0.904756
vt 0.977217 0.908292
vt 0.879866 0.058965
vt 0.880286 0.066292
vt 0.044511 0.256254
vt 0.044516 0.259790
vt 0.932933 0.890347
vt 0.939968 0.889177
vt 0.038253 0.067460
vt 0.038074 0.070990
vt 0.034889 0.069060
vt 0.035067 0.065528
vt 0.860119 0.025271
vt 0.857267 0.031807
vt 0.029419 0.259787
vt 0.029422 0.256252
vt 0.842603 0.025455
vt 0.845435 0.018910
vt 0.048308 0.071009
vt 0.048144 0.067477
vt 0.051337 0.065559
vt 0.051501 0.069091
vt 0.926585 0.850356
vt 0.933635 0.849277
vt 0.934198 0.852959
vt 0.927149 0.854039
vt 0.023415 0.882338
vt 0.023579 0.885868
vt 0.894327 0.034303
vt 0.894521 0.030775
vt 0.000556 0.885813
vt 0.000738 0.882284
vt 0.917229 0.030835
vt 0.917392 0.034366
vt 0.917749 0.970771
vt 0.917911 0.974301
vt 0.958845 0.906525
vt 0.958847 0.902991
vt 0.894883 0.974242
vt 0.895070 0.970713
vt 0.980492 0.902987
vt 0.980494 0.906521
vt 0.047789 0.254484
vt 0.047793 0.258019
vt 0.031702 0.067131
vt 0.031879 0.063602
vt 0.026141 0.258017
vt 0.026143 0.254483
vt 0.912737 0.049458
vt 0.909680 0.055902
vt 0.054533 0.063645
vt 0.054695 0.067175
vt 0.100976 0.185239
vt 0.106970 0.181093
vt 0.895003 0.021708
vt 0.898192 0.023634
vt 0.006807 0.360782
vt 0.000556 0.357035
vt 0.019802 0.875168
vt 0.023006 0.873267
vt 0.126533 0.209069
vt 0.120574 0.213264
vt 0.001192 0.873215
vt 0.004386 0.875132
vt 0.025949 0.315400
vt 0.032116 0.319285
vt 0.913617 0.023665
vt 0.916820 0.021763
vt 0.855229 0.067653
vt 0.854839 0.060325
vt 0.958843 0.893904
vt 0.962125 0.895667
vt 0.032780 0.991949
vt 0.025877 0.994438
vt 0.914140 0.963599
vt 0.917344 0.961699
vt 0.888932 0.058437
vt 0.889365 0.065763
vt 0.895531 0.961645
vt 0.898724 0.963563
vt 0.008751 0.948997
vt 0.015566 0.946274
vt 0.977209 0.895664
vt 0.980489 0.893899
vt 0.931444 0.881377
vt 0.938481 0.880216
vt 0.032317 0.054531
vt 0.035514 0.056442
vt 0.875103 0.031900
vt 0.872186 0.038408
vt 0.044508 0.247163
vt 0.047789 0.245397
vt 0.935575 0.861939
vt 0.928526 0.863025
vt 0.026140 0.245395
vt 0.029421 0.247160
vt 0.894914 0.048902
vt 0.897958 0.042452
vt 0.050922 0.056473
vt 0.054127 0.054573
vt 0.907426 0.057285
vt 0.907888 0.064610
vt 0.904614 0.064816
vt 0.904153 0.057492
vt 0.960389 0.891016
vt 0.963675 0.892772
vt 0.033892 0.995035
vt 0.026988 0.997523
vt 0.912466 0.960758
vt 0.915688 0.958887
vt 0.892199 0.058240
vt 0.892644 0.065565
vt 0.897200 0.958843
vt 0.900413 0.960729
vt 0.007532 0.945966
vt 0.014338 0.943222
vt 0.975656 0.892772
vt 0.978939 0.891012
vt 0.900355 0.065085
vt 0.899897 0.057761
vt 0.966992 0.890990
vt 0.967940 0.892756
vt 0.000556 0.928796
vt 0.007353 0.926029
vt 0.009843 0.932144
vt 0.003045 0.934909
vt 0.908179 0.960853
vt 0.909104 0.959075
vt 0.896453 0.057977
vt 0.896907 0.065301
vt 0.903783 0.959061
vt 0.904698 0.960843
vt 0.005056 0.939855
vt 0.011857 0.937097
vt 0.971390 0.892757
vt 0.972338 0.890991
vt 0.099111 0.182534
vt 0.105112 0.178399
vt 0.896677 0.018910
vt 0.899886 0.020802
vt 0.039462 0.294215
vt 0.045602 0.298141
vt 0.043835 0.300904
vt 0.037695 0.296978
vt 0.018128 0.872327
vt 0.021349 0.870455
vt 0.128421 0.211750
vt 0.122462 0.215945
vt 0.002863 0.870412
vt 0.006074 0.872299
vt 0.027709 0.312620
vt 0.033864 0.316524
vt 0.911943 0.020826
vt 0.915163 0.018953
vt 0.930912 0.878133
vt 0.937952 0.876988
vt 0.033982 0.051725
vt 0.037197 0.053607
vt 0.878107 0.033255
vt 0.875160 0.039750
vt 0.042956 0.244270
vt 0.046239 0.242509
vt 0.936074 0.865175
vt 0.929027 0.866271
vt 0.027691 0.242508
vt 0.030974 0.244268
vt 0.891956 0.047508
vt 0.894983 0.041051
vt 0.049249 0.053633
vt 0.052470 0.051761
vt 0.096852 0.179248
vt 0.102860 0.175121
vt 0.902819 0.019128
vt 0.903889 0.020914
vt 0.040516 0.306093
vt 0.034374 0.302169
vt 0.014126 0.872418
vt 0.015204 0.870637
vt 0.092325 0.172643
vt 0.098335 0.168521
vt 0.100587 0.171805
vt 0.094577 0.175928
vt 0.009005 0.870623
vt 0.010075 0.872408
vt 0.031022 0.307416
vt 0.037168 0.311333
vt 0.907941 0.020920
vt 0.909018 0.019138
vt 0.930267 0.874143
vt 0.937309 0.873015
vt 0.040205 0.051928
vt 0.041248 0.053713
vt 0.883799 0.035854
vt 0.880823 0.042335
vt 0.038923 0.244260
vt 0.039998 0.242493
vt 0.936696 0.869152
vt 0.929651 0.870263
vt 0.033932 0.242492
vt 0.035006 0.244258
vt 0.886314 0.044873
vt 0.889317 0.038404
vt 0.045196 0.053724
vt 0.046246 0.051944
vt 0.203139 0.948882
vt 0.153241 0.957097
vt 0.152058 0.949914
vt 0.202020 0.941689
vt 0.205195 0.937573
vt 0.255372 0.931034
vt 0.255846 0.934608
vt 0.205653 0.941154
vt 0.256803 0.941825
vt 0.206644 0.948366
vt 0.257278 0.945403
vt 0.207102 0.951942
vt 0.149683 0.957686
vt 0.148498 0.950503
vn 0.987686 -0.055186 -0.146391
vn 0.951076 -0.108988 -0.289096
vn 0.951073 -0.108991 -0.289104
vn 0.987683 -0.055193 -0.146410
vn 0.891035 -0.160132 -0.424752
vn 0.891040 -0.160129 -0.424743
vn 0.808965 -0.207366 -0.550068
vn 0.808973 -0.207362 -0.550058
vn 0.707160 -0.249413 -0.661603
vn 0.707155 -0.249415 -0.661608
vn 0.587842 -0.285375 -0.756970
vn 0.587831 -0.285377 -0.756977
vn 0.453879 -0.314329 -0.833781
vn 0.453886 -0.314328 -0.833778
vn 0.309160 -0.335470 -0.889876
vn 0.309174 -0.335468 -0.889872
vn 0.156494 -0.348406 -0.924188
vn 0.156495 -0.348406 -0.924188
vn -0.000000 -0.352754 -0.935716
vn -0.000000 -0.352754 -0.935716
vn -0.156453 -0.348411 -0.924193
vn -0.156454 -0.348410 -0.924193
vn -0.309237 -0.335464 -0.889852
vn -0.309252 -0.335463 -0.889847
vn -0.453874 -0.314326 -0.833785
vn -0.453881 -0.314325 -0.833782
vn -0.587730 -0.285398 -0.757048
vn -0.587719 -0.285400 -0.757056
vn -0.707159 -0.249419 -0.661602
vn -0.707154 -0.249421 -0.661607
vn -0.809077 -0.207317 -0.549922
vn -0.809084 -0.207313 -0.549913
vn -0.891042 -0.160121 -0.424742
vn -0.891047 -0.160117 -0.424733
vn -0.950998 -0.109069 -0.289321
vn -0.950996 -0.109072 -0.289328
vn -0.987686 -0.055186 -0.146391
vn -0.987683 -0.055193 -0.146410
vn -1.000000 -0.000002 -0.000006
vn -1.000000 0.000001 0.000003
vn -0.987687 0.055186 0.146390
vn -0.987686 0.055187 0.146393
vn -0.951003 0.109064 0.289308
vn -0.951007 0.109059 0.289295
vn -0.891043 0.160120 0.424740
vn -0.891041 0.160121 0.424743
vn -0.809085 0.207313 0.549911
vn -0.809076 0.207318 0.549923
vn -0.707051 0.249457 0.661702
vn -0.707045 0.249459 0.661708
vn -0.587706 0.285404 0.757065
vn -0.587719 0.285400 0.757056
vn -0.454088 0.314288 0.833683
vn -0.454086 0.314288 0.833684
vn -0.308983 0.335493 0.889929
vn -0.308983 0.335493 0.889929
vn -0.156429 0.348412 0.924196
vn -0.156429 0.348412 0.924196
vn 0.000000 0.352754 0.935716
vn 0.000000 0.352754 0.935716
vn 0.156470 0.348407 0.924191
vn 0.156470 0.348407 0.924191
vn 0.308906 0.335499 0.889954
vn 0.308905 0.335499 0.889954
vn 0.454093 0.314291 0.833679
vn 0.454091 0.314291 0.833680
vn 0.587817 0.285381 0.756987
vn 0.587830 0.285377 0.756978
vn 0.707052 0.249451 0.661703
vn 0.707046 0.249453 0.661709
vn 0.808974 0.207362 0.550057
vn 0.808964 0.207366 0.550069
vn 0.891037 0.160125 0.424750
vn 0.891036 0.160126 0.424753
vn 0.951080 0.108983 0.289084
vn 0.951085 0.108978 0.289071
vn 0.987686 0.055192 0.146390
vn 0.987686 0.055193 0.146393
vn 1.000000 -0.000002 -0.000006
vn 1.000000 0.000001 0.000003
vn 0.000032 -0.935750 0.352665
vn 0.000000 -0.935789 0.352560
vn -0.000000 -0.935715 0.352756
vn 0.000155 -0.935661 0.352899
vn 0.000068 -0.935683 0.352841
vn -0.000123 -0.935766 0.352621
vn -0.000072 -0.935757 0.352646
vn 0.000116 -0.935721 0.352740
vn 0.000155 -0.935715 0.352757
vn 0.000012 -0.935724 0.352733
vn 0.000000 -0.935725 0.352729
vn -0.000012 -0.935720 0.352743
vn -0.000155 -0.935712 0.352765
vn -0.000116 -0.935725 0.352730
vn 0.000072 -0.935752 0.352660
vn 0.000123 -0.935763 0.352630
vn -0.000068 -0.935685 0.352838
vn -0.000155 -0.935661 0.352899
vn -0.000032 -0.935751 0.352662
vn 0.000000 -0.935791 0.352555
vn 0.000000 -0.935669 0.352880
vn -0.000070 -0.935694 0.352814
vn -0.000064 -0.935767 0.352619
vn 0.000002 -0.935698 0.352801
vn 0.000068 -0.935667 0.352885
vn -0.000004 -0.935683 0.352841
vn -0.000155 -0.935737 0.352698
vn 0.000012 -0.935702 0.352792
vn -0.000012 -0.935700 0.352796
vn 0.000016 -0.935711 0.352768
vn 0.000000 -0.935695 0.352809
vn -0.000016 -0.935711 0.352768
vn 0.000012 -0.935703 0.352789
vn -0.000012 -0.935706 0.352782
vn 0.000155 -0.935732 0.352712
vn 0.000004 -0.935683 0.352843
vn -0.000070 -0.935669 0.352878
vn -0.000004 -0.935698 0.352801
vn 0.000063 -0.935770 0.352611
vn 0.000069 -0.935696 0.352807
vn 0.000000 -0.935666 0.352887
vn -0.000001 0.935788 -0.352562
vn -0.000036 0.935749 -0.352667
vn -0.000000 0.935717 -0.352752
vn -0.000045 0.935729 -0.352720
vn -0.000129 0.935690 -0.352823
vn -0.000046 0.935709 -0.352773
vn 0.000076 0.935757 -0.352645
vn -0.000090 0.935722 -0.352738
vn -0.000155 0.935713 -0.352764
vn -0.000018 0.935718 -0.352749
vn -0.000000 0.935727 -0.352724
vn 0.000018 0.935722 -0.352739
vn 0.000155 0.935711 -0.352767
vn 0.000090 0.935724 -0.352732
vn -0.000076 0.935753 -0.352657
vn 0.000046 0.935704 -0.352785
vn 0.000129 0.935694 -0.352812
vn 0.000045 0.935729 -0.352719
vn 0.000036 0.935749 -0.352667
vn 0.000001 0.935787 -0.352565
vn 0.000000 0.935693 -0.352816
vn 0.000047 0.935703 -0.352790
vn 0.000045 0.935754 -0.352654
vn 0.000010 0.935707 -0.352777
vn -0.000086 0.935665 -0.352890
vn -0.000028 0.935673 -0.352869
vn 0.000165 0.935737 -0.352699
vn -0.000014 0.935708 -0.352775
vn 0.000008 0.935700 -0.352797
vn 0.000018 0.935712 -0.352765
vn -0.000000 0.935699 -0.352800
vn -0.000018 0.935712 -0.352764
vn -0.000008 0.935701 -0.352793
vn 0.000014 0.935706 -0.352781
vn -0.000167 0.935733 -0.352708
vn 0.000026 0.935673 -0.352868
vn 0.000086 0.935667 -0.352885
vn -0.000009 0.935711 -0.352768
vn -0.000045 0.935754 -0.352655
vn -0.000048 0.935702 -0.352793
vn 0.000000 0.935695 -0.352811
vn 0.000000 0.781812 -0.623514
vn 0.000000 0.781812 -0.623514
vn 0.000000 0.781812 -0.623514
vn 0.000000 0.781812 -0.623514
vn 0.000000 0.433895 -0.900964
vn 0.000000 0.433895 -0.900964
vn 0.000000 0.433895 -0.900964
vn 0.000000 0.433895 -0.900964
vn 0.000000 0.000000 -1.000000
vn 0.000000 0.000000 -1.000000
vn 0.000000 0.000000 -1.000000
vn 0.000000 0.000000 -1.000000
vn 0.000000 -0.433895 -0.900964
vn 0.000000 -0.433895 -0.900964
vn 0.000000 -0.433895 -0.900964
vn 0.000000 -0.433895 -0.900964
vn 0.000000 -0.781807 -0.623520
vn 0.000000 -0.781807 -0.623520
vn 0.000000 -0.781807 -0.623520
vn 0.000000 -0.781807 -0.623520
vn 0.000000 -0.974918 -0.222563
vn 0.000000 -0.974918 -0.222563
vn 0.000000 -0.974918 -0.222563
vn 0.000000 -0.974918 -0.222563
vn 0.000000 -0.974915 0.222577
vn 0.000000 -0.974915 0.222577
vn 0.000000 -0.974915 0.222577
vn 0.000000 -0.974915 0.222577
vn 0.000000 -0.781837 0.623483
vn 0.000000 -0.781837 0.623483
vn 0.000000 -0.781837 0.623483
vn 0.000000 -0.781837 0.623483
vn 0.000000 -0.433900 0.900961
vn 0.000000 -0.433900 0.900961
vn 0.000000 -0.433900 0.900961
vn 0.000000 -0.433900 0.900961
vn 0.000000 0.000000 1.000000
vn 0.000000 0.000000 1.000000
vn 0.000000 0.000000 1.000000
vn 0.000000 0.000000 1.000000
vn 0.000000 0.433864 0.900978
vn 0.000000 0.433864 0.900978
vn 0.000000 0.433864 0.900978
vn 0.000000 0.433864 0.900978
vn 0.000000 0.781837 0.623483
vn 0.000000 0.781837 0.623483
vn 0.000000 0.781837 0.623483
vn 0.000000 0.781837 0.623483
vn 0.000000 0.974932 0.222502
vn 0.000000 0.974932 0.222502
vn 0.000000 0.974932 0.222502
vn 0.000000 0.974932 0.222502
vn 0.000000 0.974934 -0.222495
vn 0.000000 0.974934 -0.222495
vn 0.000000 0.974934 -0.222495
vn 0.000000 0.974934 -0.222495
vn 1.000000 0.000006 0.000000
vn 1.000000 0.000002 0.000000
vn 1.000000 0.000002 0.000000
vn 1.000000 0.000004 0.000000
vn 1.000000 0.000000 0.000000
vn 1.000000 0.000001 0.000000
vn 1.000000 0.000001 0.000000
vn 1.000000 -0.000001 0.000000
vn 1.000000 -0.000001 0.000000
vn 1.000000 0.000000 0.000000
vn 1.000000 0.000000 0.000000
vn 1.000000 0.000004 0.000000
vn 1.000000 0.000004 0.000000
vn 1.000000 0.000000 0.000000
vn 1.000000 0.000000 0.000000
vn -1.000000 -0.000001 0.000000
vn -1.000000 0.000003 0.000000
vn -1.000000 0.000002 0.000000
vn -1.000000 0.000004 0.000000
vn -1.000000 0.000000 0.000000
vn -1.000000 0.000000 0.000000
vn -1.000000 0.000000 0.000000
vn -1.000000 -0.000001 0.000000
vn -1.000000 0.000001 0.000000
vn -1.000000 0.000002 0.000000
vn -1.000000 0.000000 0.000000
vn -1.000000 0.000004 0.000000
vn -1.000000 0.000004 0.000000
vn -1.000000 -0.000001 0.000000
vn -1.000000 -0.000001 0.000000
vn 1.000000 0.000010 0.000000
vn 1.000000 0.000010 0.000000
vn 0.000000 -0.623417 -0.781889
vn 0.000000 -0.623417 -0.781889
vn 0.000000 -0.623417 -0.781889
vn 0.000000 -0.623417 -0.781889
vn -1.000000 -0.000005 0.000000
vn -1.000000 -0.000005 0.000000
vn 0.000000 0.623506 0.781819
vn 0.000000 0.623506 0.781819
vn 0.000000 0.623506 0.781819
vn 0.000000 0.623506 0.781819
vn 1.000000 0.000000 0.000000
vn 1.000000 0.000000 0.000000
vn 0.000000 -1.000000 0.000000
vn 0.000000 -1.000000 0.000000
vn 0.000000 -1.000000 0.000000
vn 0.000000 -1.000000 0.000000
vn -1.000000 0.000000 0.000000
vn -1.000000 0.000000 0.000000
vn 0.000000 1.000000 0.000000
vn 0.000000 1.000000 0.000000
vn 0.000000 1.000000 0.000000
vn 0.000000 1.000000 0.000000
vn 1.000000 -0.000005 0.000000
vn 1.000000 -0.000005 0.000000
vn 0.000000 -0.623496 0.781826
vn 0.000000 -0.623496 0.781826
vn 0.000000 -0.623496 0.781826
vn 0.000000 -0.623496 0.781826
vn -1.000000 0.000000 0.000000
vn -1.000000 0.000000 0.000000
vn 0.000000 0.623417 -0.781889
vn 0.000000 0.623417 -0.781889
vn 0.000000 0.623417 -0.781889
vn 0.000000 0.623417 -0.781889
vn 1.000000 -0.000004 0.000000
vn 1.000000 -0.000004 0.000000
vn 0.000000 0.222512 0.974930
vn 0.000000 0.222512 0.974930
vn 0.000000 0.222512 0.974930
vn 0.000000 0.222512 0.974930
vn -1.000000 -0.000002 0.000000
vn -1.000000 -0.000002 0.000000
vn 0.000000 -0.222480 -0.974937
vn 0.000000 -0.222480 -0.974937
vn 0.000000 -0.222480 -0.974937
vn 0.000000 -0.222480 -0.974937
vn 1.000000 0.000000 0.000000
vn 1.000000 0.000000 0.000000
vn 0.000000 0.900955 0.433913
vn 0.000000 0.900955 0.433913
vn 0.000000 0.900955 0.433913
vn 0.000000 0.900955 0.433913
vn -1.000000 0.000000 0.000000
vn -1.000000 0.000000 0.000000
vn 0.000000 -0.900965 -0.433892
vn 0.000000 -0.900965 -0.433892
vn 0.000000 -0.900965 -0.433892
vn 0.000000 -0.900965 -0.433892
vn 1.000000 0.000000 0.000000
vn 1.000000 0.000000 0.000000
vn 0.000000 0.900952 -0.433918
vn 0.000000 0.900952 -0.433918
vn 0.000000 0.900952 -0.433918
vn 0.000000 0.900952 -0.433918
vn -1.000000 0.000000 0.000000
vn -1.000000 0.000000 0.000000
vn 0.000000 -0.901012 0.433793
vn 0.000000 -0.901012 0.433793
vn 0.000000 -0.901012 0.433793
vn 0.000000 -0.901012 0.433793
vn 1.000000 0.000000 0.000000
vn 1.000000 0.000000 0.000000
vn 0.000000 0.222478 -0.974938
vn 0.000000 0.222478 -0.974938
vn 0.000000 0.222478 -0.974938
vn 0.000000 0.222478 -0.974938
vn -1.000000 -0.000004 0.000000
vn -1.000000 -0.000004 0.000000
vn 0.000000 -0.222508 0.974931
vn 0.000000 -0.222508 0.974931
vn 0.000000 -0.222508 0.974931
vn 0.000000 -0.222508 0.974931
vn 0.153370 0.000000 0.988169
vn 0.015334 0.000000 0.999882
vn 0.015333 0.000000 0.999883
vn 0.153369 0.000000 0.988169
vn 0.990754 0.000000 -0.135674
vn 0.999996 0.000000 -0.002942
vn 0.999996 0.000000 -0.002942
vn 0.990754 0.000000 -0.135673
vn -1.000000 0.000000 0.000000
vn -0.991309 0.000000 -0.131556
vn -0.991309 0.000000 -0.131557
vn -1.000000 0.000000 0.000000
vn 0.000000 -1.000000 0.000000
vn 0.000000 -1.000000 0.000001
vn 0.000000 -1.000000 0.000001
vn 0.000000 -1.000000 0.000000
vn 0.000000 -1.000000 0.000000
vn 0.000000 -1.000000 0.000000
vn 0.000000 -1.000000 -0.000000
vn 0.000000 -1.000000 0.000000
vn -0.899762 0.000000 -0.436381
vn -0.965806 0.000000 -0.259266
vn 0.884100 0.000000 -0.467299
vn 0.962450 0.000000 -0.271458
vn 0.000000 1.000000 0.000001
vn 0.000000 1.000000 0.000000
vn 0.000000 1.000000 0.000000
vn 0.000000 1.000000 0.000000
vn 0.000000 1.000000 0.000001
vn 0.000000 1.000000 0.000000
vn 0.000000 1.000000 0.000000
vn 0.000000 1.000000 0.000001
vn -0.487424 0.000000 0.873166
vn -0.487424 0.000000 0.873166
vn -0.487424 0.000000 0.873165
vn -0.487424 0.000000 0.873165
vn 0.472836 0.000000 0.881151
vn 0.472839 0.000000 0.881149
vn -1.000000 0.000000 0.000000
vn -0.991309 0.000000 -0.131556
vn -0.991309 0.000000 -0.131557
vn -1.000000 0.000000 0.000000
vn -0.487425 0.000000 0.873165
vn -0.487425 0.000000 0.873165
vn -0.487423 0.000000 0.873166
vn -0.487423 0.000000 0.873166
vn 0.153369 0.000000 0.988169
vn 0.015334 0.000000 0.999882
vn 0.015335 0.000000 0.999883
vn 0.153370 0.000000 0.988169
vn 0.472835 0.000000 0.881151
vn 0.472837 0.000000 0.881150
vn 0.990754 0.000000 -0.135673
vn 0.999996 0.000000 -0.002942
vn 0.999996 0.000000 -0.002942
vn 0.990754 0.000000 -0.135673
vn 0.962450 0.000000 -0.271458
vn 0.883199 0.000000 -0.468999
vn -0.965806 0.000000 -0.259266
vn -0.899024 0.000000 -0.437900
vn -0.888871 0.000000 -0.458158
vn -0.991309 0.000000 -0.131557
vn -1.000000 0.000000 0.000000
vn -0.487425 0.000000 0.873165
vn -0.487425 0.000000 0.873165
vn 0.015335 0.000000 0.999882
vn 0.153370 0.000000 0.988169
vn 0.472836 0.000000 0.881151
vn 0.999996 0.000000 -0.002942
vn 0.990754 0.000000 -0.135673
vn 0.870760 0.000000 -0.491708
vn 0.004603 0.000000 -0.999990
vn 0.004603 0.000000 -0.999990
vn 0.004603 0.000000 -0.999990
vn 0.004603 0.000000 -0.999990
vn -0.991306 0.000000 -0.131578
vn -0.888853 0.000000 -0.458192
vn -0.888853 0.000000 -0.458192
vn -0.991306 0.000000 -0.131578
vn -1.000000 0.000000 0.000000
vn -1.000000 0.000000 0.000000
vn -0.487406 0.000000 0.873175
vn -0.487406 0.000000 0.873175
vn -0.487406 0.000000 0.873175
vn -0.487406 0.000000 0.873175
vn 0.153373 0.000000 0.988168
vn 0.015325 0.000000 0.999883
vn 0.015325 0.000000 0.999883
vn 0.153373 0.000000 0.988168
vn 0.472845 0.000000 0.881146
vn 0.472845 0.000000 0.881146
vn 0.990752 0.000000 -0.135682
vn 0.999996 0.000000 -0.002952
vn 0.999996 0.000000 -0.002952
vn 0.990752 0.000000 -0.135682
vn 0.870757 0.000000 -0.491714
vn 0.870757 0.000000 -0.491714
vn 0.004607 0.000000 -0.999989
vn 0.004607 0.000000 -0.999989
vn 0.004607 0.000000 -0.999989
vn 0.004607 0.000000 -0.999989
vn -0.991306 0.000000 -0.131580
vn -0.888831 0.000000 -0.458236
vn -0.888830 0.000000 -0.458236
vn -0.991305 0.000000 -0.131583
vn 0.004592 0.000000 -0.999990
vn 0.004592 0.000000 -0.999989
vn 0.004592 0.000000 -0.999990
vn 0.004592 0.000000 -0.999990
vn 0.870746 0.000000 -0.491733
vn 0.990756 0.000000 -0.135659
vn 0.990756 0.000000 -0.135656
vn 0.870746 0.000000 -0.491733
vn 0.999996 0.000000 -0.002917
vn 0.999996 0.000000 -0.002917
vn 0.153371 0.000000 0.988169
vn 0.472887 0.000000 0.881123
vn 0.472887 0.000000 0.881123
vn 0.153374 0.000000 0.988168
vn 0.015326 0.000000 0.999883
vn 0.015326 0.000000 0.999883
vn -0.487405 0.000000 0.873176
vn -0.487405 0.000000 0.873176
vn -0.487405 0.000000 0.873176
vn -0.487405 0.000000 0.873176
vn -1.000000 0.000000 0.000000
vn -1.000000 0.000000 0.000000
vn -0.487426 0.000000 0.873164
vn -0.487426 0.000000 0.873164
vn -0.487426 0.000000 0.873164
vn -0.487426 0.000000 0.873164
vn 0.153373 0.000000 0.988168
vn 0.015335 0.000000 0.999882
vn 0.015335 0.000000 0.999882
vn 0.153370 0.000000 0.988169
vn 0.472836 0.000000 0.881151
vn 0.472836 0.000000 0.881151
vn 0.990753 0.000000 -0.135677
vn 0.999996 0.000000 -0.002942
vn 0.999996 0.000000 -0.002942
vn 0.990754 0.000000 -0.135673
vn 0.874460 0.000000 -0.485099
vn 0.875063 0.000000 -0.484008
vn 0.004600 0.000000 -0.999989
vn 0.004600 0.000000 -0.999990
vn 0.004595 0.000000 -0.999990
vn 0.004595 0.000000 -0.999990
vn -0.991309 0.000000 -0.131553
vn -0.891891 0.000000 -0.452250
vn -0.892377 0.000000 -0.451291
vn -0.991309 0.000000 -0.131556
vn -1.000000 0.000000 0.000000
vn -1.000000 0.000000 0.000000
vn -0.991309 0.000000 -0.131553
vn -0.888871 0.000000 -0.458158
vn 0.004603 0.000000 -0.999989
vn 0.004603 0.000000 -0.999989
vn 0.004603 0.000000 -0.999989
vn 0.004603 0.000000 -0.999989
vn 0.870759 0.000000 -0.491710
vn 0.990753 0.000000 -0.135678
vn 0.999996 0.000000 -0.002942
vn 0.472839 0.000000 0.881149
vn 0.153373 0.000000 0.988168
vn 0.015334 0.000000 0.999883
vn -0.487424 0.000000 0.873165
vn -0.487424 0.000000 0.873165
vn -1.000000 0.000000 0.000000
vn 0.000000 1.000000 -0.000001
vn 0.000000 1.000000 0.000000
vn 0.000007 -1.000000 0.000018
vn -0.000016 -1.000000 -0.000009
vn -0.000023 -1.000000 0.000004
vn -0.000001 -1.000000 0.000024
vn 0.000007 -1.000000 -0.000014
vn -0.000002 -1.000000 -0.000022
vn 0.000000 1.000000 -0.000002
vn 0.000000 1.000000 -0.000000
vn -0.000016 -1.000000 0.000008
vn -0.000023 -1.000000 -0.000005
vn 0.000016 -1.000000 0.000007
vn 0.000018 -1.000000 0.000004
vn 0.000000 1.000000 -0.000001
vn -0.000010 -1.000000 -0.000018
vn 0.000008 -1.000000 -0.000029
vn 0.000000 1.000000 -0.000005
vn -0.000010 -1.000000 0.000014
vn 0.000008 -1.000000 0.000027
vn 0.000000 1.000000 -0.000001
vn 0.000016 -1.000000 -0.000005
vn 0.000018 -1.000000 -0.000001
vn 0.000000 1.000000 0.000001
vn 0.000000 1.000000 0.000001
vn 0.000000 1.000000 0.000002
vn 0.000000 1.000000 0.000002
vn 0.000000 1.000000 0.000001
vn 0.000000 -1.000000 0.000001
vn 0.000000 -1.000000 0.000008
vn 0.000000 1.000000 0.000000
vn 0.000000 1.000000 0.000000
vn 0.000000 -1.000000 -0.000002
vn 0.000000 -1.000000 -0.000008
vn 0.000000 1.000000 0.000006
vn 0.000000 1.000000 0.000004
vn 0.000000 1.000000 0.000008
vn 0.000000 1.000000 0.000008
vn 0.000000 -1.000000 -0.000001
vn 0.000000 -1.000000 0.000003
vn 0.000000 1.000000 0.000003
vn 0.000000 1.000000 0.000003
vn 0.000000 1.000000 0.000000
vn 0.000000 1.000000 0.000000
vn 0.000000 -1.000000 0.000001
vn 0.000000 1.000000 0.000002
vn 0.000000 1.000000 0.000001
vn 0.000000 -1.000000 0.000008
vn 0.000026 -1.000000 -0.000000
vn 0.000028 -1.000000 0.000000
vn 0.000028 -1.000000 0.000000
vn 0.000026 -1.000000 -0.000001
vn -1.000000 0.000000 0.000000
vn -1.000000 0.000000 0.000000
vn 0.000000 1.000000 0.000000
vn 0.000000 1.000000 0.000000
vn 0.000000 1.000000 0.000001
vn 0.000000 1.000000 0.000000
vn 1.000000 0.000000 0.000000
vn 1.000000 0.000000 0.000000
vn 0.000000 -1.000000 0.000000
vn 0.000000 -1.000000 0.000000
vn 0.000000 -1.000000 0.000000
vn 0.000000 -1.000000 0.000000
vn -1.000000 0.000000 0.000000
vn -1.000000 0.000000 0.000000
vn 0.000000 1.000000 -0.000004
vn 0.000000 1.000000 0.000000
vn 0.000000 1.000000 0.000000
vn 0.000000 1.000000 -0.000003
vn 1.000000 0.000000 0.000000
vn 1.000000 0.000000 0.000000
vn 0.000019 -1.000000 -0.000055
vn 0.000022 -1.000000 -0.000014
vn 0.000022 -1.000000 -0.000015
vn 0.000019 -1.000000 -0.000052
vn -0.709686 0.000000 0.704518
vn -0.709421 0.000000 0.704785
vn -0.709420 0.000000 0.704786
vn -0.709695 0.000000 0.704509
vn 0.000000 1.000000 0.000000
vn 0.709322 0.000000 0.704884
vn 0.709324 0.000000 0.704883
vn 0.708631 0.000000 0.705579
vn 0.708657 0.000000 0.705553
vn 0.000000 -1.000000 -0.000000
vn 0.000000 -1.000000 -0.000000
vn -0.709427 0.000000 0.704778
vn -0.709422 0.000000 0.704784
vn -0.709422 0.000000 0.704784
vn -0.709427 0.000000 0.704778
vn 0.000000 1.000000 -0.000005
vn 0.000000 1.000000 -0.000004
vn 0.709325 0.000000 0.704881
vn 0.709325 0.000000 0.704881
vn 0.709334 0.000000 0.704873
vn 0.709334 0.000000 0.704873
vn -0.003217 0.000000 0.999995
vn -0.003217 0.000000 0.999995
vn -0.003218 0.000000 0.999995
vn -0.003218 0.000000 0.999995
vn 0.000000 1.000000 0.000000
vn 0.000000 1.000000 0.000003
vn 0.000000 1.000000 0.000006
vn 0.000000 1.000000 0.000002
vn 0.998073 0.000000 -0.062049
vn 0.924166 0.000000 -0.381991
vn 0.924167 0.000000 -0.381989
vn 0.998073 0.000000 -0.062049
vn 0.384919 0.000000 -0.922950
vn 0.199881 0.000000 -0.979820
vn 0.055907 0.000000 -0.998436
vn 0.384920 0.000000 -0.922950
vn 0.998073 0.000000 -0.062049
vn 0.924166 0.000000 -0.381991
vn 0.924166 0.000000 -0.381991
vn 0.998073 0.000000 -0.062049
vn 0.384927 0.000000 -0.922947
vn 0.055907 0.000000 -0.998436
vn 0.205199 -0.000000 -0.978720
vn 0.384925 0.000000 -0.922948
vn 1.000000 0.000000 0.000000
vn 1.000000 0.000000 0.000000
vn 1.000000 0.000000 0.000000
vn 1.000000 0.000000 0.000000
vn 0.998073 0.000000 -0.062049
vn 1.000000 0.000000 0.000000
vn 1.000000 0.000000 0.000000
vn 0.998073 0.000000 -0.062049
vn 0.055907 0.000000 -0.998436
vn 0.384926 0.000000 -0.922947
vn 0.384926 0.000000 -0.922948
vn 0.055907 0.000000 -0.998436
vn 0.924166 0.000000 -0.381991
vn 0.924166 0.000000 -0.381991
vn -0.194245 0.000000 -0.980953
vn -0.380369 0.000000 -0.924835
vn -0.380370 0.000000 -0.924835
vn -0.049575 0.000000 -0.998770
vn -0.923609 0.000000 -0.383336
vn -0.998068 0.000000 -0.062137
vn -0.998068 0.000000 -0.062137
vn -0.923608 0.000000 -0.383338
vn -1.000000 0.000000 0.000000
vn -1.000000 0.000000 0.000000
vn -1.000000 0.000000 0.000000
vn -1.000000 0.000000 0.000000
vn -0.998068 0.000000 -0.062137
vn -0.998068 0.000000 -0.062138
vn -1.000000 0.000000 0.000000
vn -0.998068 0.000000 -0.062137
vn -0.998068 0.000000 -0.062137
vn -1.000000 0.000000 0.000000
vn -0.199581 -0.000000 -0.979881
vn -0.049576 0.000000 -0.998770
vn -0.049575 0.000000 -0.998770
vn -0.049575 0.000000 -0.998770
vn 0.000000 1.000000 0.000000
vn 0.000000 1.000000 0.000001
vn 0.000000 -1.000000 -0.000000
vn 0.000000 -1.000000 -0.000000
vn 0.000000 -1.000000 -0.000000
vn 0.000000 -1.000000 -0.000000
vn 0.000000 -1.000000 -0.000000
vn 0.000000 -1.000000 -0.000000
vn -0.923608 0.000000 -0.383338
vn -0.923609 0.000000 -0.383337
vn -0.380370 0.000000 -0.924834
vn -0.380370 0.000000 -0.924834
vn -0.380374 0.000000 -0.924833
vn -0.380368 0.000000 -0.924835
vn -0.923608 0.000000 -0.383338
vn -0.923608 0.000000 -0.383337
vn -0.487423 0.000000 0.873166
vn -0.487423 0.000000 0.873166
vn 0.015333 0.000000 0.999882
vn 0.153369 0.000000 0.988169
vn 0.472836 0.000000 0.881151
vn 0.999996 0.000000 -0.002942
vn 0.990754 0.000000 -0.135673
vn 0.962450 0.000000 -0.271459
vn 1.000000 0.000000 0.000000
vn 0.709324 0.000000 0.704883
vn 0.708631 0.000000 0.705580
vn 1.000000 0.000000 0.000000
vn 0.998073 0.000000 -0.062049
vn 0.924166 0.000000 -0.381991
vn 0.384919 0.000000 -0.922950
vn 0.206915 -0.000000 -0.978359
vn -0.201324 -0.000000 -0.979525
vn -0.380369 0.000000 -0.924835
vn -0.923609 0.000000 -0.383336
vn -0.998068 0.000000 -0.062137
vn -1.000000 0.000000 0.000000
vn -0.709686 0.000000 0.704518
vn -0.709422 0.000000 0.704785
vn -1.000000 0.000000 0.000000
vn -0.965806 0.000000 -0.259266
vn -0.991309 0.000000 -0.131557
vn -1.000000 0.000000 0.000000
vn -0.991309 0.000000 -0.131556
vn -0.965806 0.000000 -0.259266
vn -1.000000 0.000000 0.000000
vn -0.709422 0.000000 0.704784
vn -0.709422 0.000000 0.704784
vn -1.000000 0.000000 0.000000
vn -0.998068 0.000000 -0.062137
vn -0.923608 0.000000 -0.383337
vn -0.380368 0.000000 -0.924835
vn -0.205230 0.000000 -0.978714
vn 0.210812 0.000000 -0.977527
vn 0.384925 0.000000 -0.922948
vn 0.924166 0.000000 -0.381991
vn 0.998073 0.000000 -0.062049
vn 1.000000 0.000000 0.000000
vn 0.709325 0.000000 0.704881
vn 0.709325 0.000000 0.704881
vn 1.000000 0.000000 0.000000
vn 0.962450 0.000000 -0.271458
vn 0.990754 0.000000 -0.135673
vn 0.999996 0.000000 -0.002942
vn 0.472837 0.000000 0.881150
vn 0.153369 0.000000 0.988169
vn 0.015334 0.000000 0.999882
vn -0.487423 0.000000 0.873166
vn -0.487423 0.000000 0.873166
vn -1.000000 0.000000 0.000000
vn 1.000000 0.000000 0.000000
vn 0.709335 0.000000 0.704871
vn 0.708666 0.000000 0.705544
vn -0.709427 0.000000 0.704779
vn -0.709698 0.000000 0.704506
vn -1.000000 0.000000 0.000000
vn -1.000000 0.000000 0.000000
vn -0.709433 0.000000 0.704773
vn -0.709433 0.000000 0.704773
vn 0.709339 0.000000 0.704867
vn 0.709339 0.000000 0.704867
vn 1.000000 0.000000 0.000000
vn 0.000000 1.000000 0.000000
vn 0.000000 1.000000 0.000009
vn 0.000000 1.000000 0.000014
vn -0.003251 0.000000 0.999995
vn -0.003251 0.000000 0.999995
vn 0.000000 -1.000000 -0.000009
vn 0.000000 -1.000000 -0.000035
vn 0.000000 -1.000000 0.000000
vn 0.000000 -1.000000 0.000000
vn 0.004923 0.000000 -0.999988
vn 0.004923 0.000000 -0.999988
vn 0.004696 0.000000 -0.999989
vn 0.004696 0.000000 -0.999989
vn 0.000000 -1.000000 0.000000
vn 0.000000 -1.000000 -0.000015
vn 0.000000 -1.000000 -0.000019
vn 0.000000 -1.000000 0.000000
vn -0.003261 0.000000 0.999995
vn -0.003261 0.000000 0.999995
vn 0.000000 1.000000 0.000000
vn 0.000000 1.000000 0.000000
vn 0.000000 1.000000 0.000000
vn 0.709386 0.000000 0.704820
vn 0.709391 0.000000 0.704816
vn 0.709391 0.000000 0.704816
vn 0.709400 0.000000 0.704806
vn -0.709401 0.000000 0.704805
vn -0.709396 0.000000 0.704810
vn -0.709396 0.000000 0.704810
vn -0.709393 0.000000 0.704813
vn 0.000000 1.000000 0.000013
vn 0.000000 1.000000 0.000013
vn 0.000000 1.000000 0.000001
vn 0.000000 1.000000 -0.000001
vn 0.001569 -0.000000 -0.999999
vn 0.001569 -0.000000 -0.999999
vn 0.001569 0.000000 -0.999999
vn 0.001569 0.000000 -0.999999
vn 0.001538 0.000000 -0.999999
vn 0.001538 0.000000 -0.999999
vn 0.001538 -0.000000 -0.999999
vn 0.001538 -0.000000 -0.999999
vn -0.002120 -0.899165 0.437605
vn -0.002120 -0.899165 0.437604
vn -0.001499 -0.951119 0.308821
vn -0.001502 -0.950939 0.309374
vn -1.000000 0.000000 0.000000
vn -1.000000 0.000000 0.000000
vn -1.000000 -0.000001 0.000000
vn -1.000000 -0.000002 0.000000
vn 0.004020 0.554574 -0.832125
vn 0.004020 0.554574 -0.832125
vn 0.003538 0.683982 -0.729490
vn 0.003537 0.684334 -0.729160
vn 1.000000 0.000000 0.000000
vn 1.000000 0.000000 0.000000
vn 1.000000 0.000000 0.000000
vn 1.000000 0.000000 0.000000
vn -0.001771 0.926794 0.375567
vn -0.001771 0.926794 0.375567
vn -0.001235 0.965212 0.261467
vn -0.001233 0.965341 0.260989
vn 1.000000 0.000000 0.000000
vn 1.000000 0.000000 0.000000
vn 1.000000 0.000000 0.000000
vn 1.000000 0.000000 0.000000
vn 0.003922 -0.554569 -0.832128
vn 0.003922 -0.554569 -0.832129
vn 0.003446 -0.684333 -0.729162
vn 0.003448 -0.683990 -0.729483
vn -1.000000 0.000000 0.000000
vn -1.000000 0.000000 0.000000
vn -1.000000 0.000000 0.000000
vn -1.000000 0.000000 0.000000
vn -0.001232 -0.949073 0.315053
vn -0.001232 -0.949220 0.314611
vn -0.999947 0.007084 0.007536
vn -0.999973 0.005009 0.005330
vn 0.003039 0.749252 -0.662278
vn 0.003038 0.749253 -0.662277
vn 0.999970 0.005284 0.005619
vn 0.999939 0.007561 0.008042
vn -0.000914 0.975192 0.221360
vn -0.000914 0.975159 0.221506
vn 0.999975 -0.004803 0.005121
vn 0.999991 -0.002974 0.003171
vn 0.002918 -0.757209 -0.653167
vn 0.002919 -0.757171 -0.653211
vn -0.999992 -0.002734 0.002915
vn -0.999980 -0.004376 0.004667
vn 0.000000 0.738865 -0.673853
vn 0.000000 0.738865 -0.673853
vn 0.000000 0.738865 -0.673854
vn 0.000000 0.738865 -0.673854
vn 0.000000 0.045984 -0.998942
vn 0.000000 0.045984 -0.998942
vn 0.000000 0.045984 -0.998942
vn 0.000000 0.045984 -0.998942
vn 0.000000 -0.673855 -0.738863
vn 0.000000 -0.673855 -0.738863
vn 0.000000 -0.673855 -0.738864
vn 0.000000 -0.673855 -0.738864
vn 0.000000 -0.998943 -0.045977
vn 0.000000 -0.998943 -0.045977
vn 0.000000 -0.998942 -0.045977
vn 0.000000 -0.998942 -0.045977
vn 0.000000 -0.045976 0.998943
vn 0.000000 -0.045976 0.998943
vn 0.000000 -0.045976 0.998943
vn 0.000000 -0.045976 0.998943
vn 0.000000 0.998942 0.045984
vn 0.000000 0.998942 0.045984
vn 0.000000 0.998942 0.045984
vn 0.000000 0.998942 0.045984
vn 1.000000 0.000000 0.000000
vn 1.000000 -0.000002 0.000000
vn 1.000000 -0.000000 0.000000
vn 1.000000 -0.000004 0.000000
vn 1.000000 -0.000002 0.000000
vn 1.000000 0.000002 0.000000
vn 1.000000 0.000000 0.000000
vn 1.000000 0.000004 0.000000
vn 1.000000 0.000002 0.000000
vn -1.000000 -0.000002 0.000000
vn -1.000000 0.000005 0.000000
vn -1.000000 -0.000001 0.000000
vn -1.000000 0.000000 0.000000
vn -1.000000 -0.000004 0.000000
vn -1.000000 0.000005 0.000000
vn -1.000000 -0.000005 0.000000
vn -1.000000 -0.000007 0.000000
vn -1.000000 0.000000 0.000000
vn -0.990946 0.091971 0.097810
vn -0.990946 0.091971 0.097810
vn 0.001547 0.750452 -0.660924
vn 0.001547 0.750452 -0.660924
vn 0.990043 0.096428 0.102551
vn 0.990043 0.096428 0.102551
vn -0.001564 -0.744448 0.667679
vn -0.001564 -0.744448 0.667679
vn 0.995267 -0.066481 0.070882
vn 0.995267 -0.066481 0.070882
vn 0.001351 -0.811316 -0.584607
vn 0.001351 -0.811316 -0.584607
vn -0.995944 -0.061545 0.065628
vn -0.995944 -0.061545 0.065628
vn -0.000825 0.934201 0.356746
vn -0.000825 0.934201 0.356746
vn 0.000000 0.738864 -0.673855
vn 0.000000 0.738864 -0.673855
vn 0.000000 0.045985 -0.998942
vn 0.000000 0.045985 -0.998942
vn 0.000000 -0.673851 -0.738867
vn 0.000000 -0.673851 -0.738867
vn 0.000000 -0.998943 -0.045977
vn 0.000000 -0.998943 -0.045977
vn 0.000000 -0.738873 0.673845
vn 0.000000 -0.738873 0.673845
vn 0.000000 -0.738873 0.673845
vn 0.000000 -0.738873 0.673845
vn 0.000000 -0.045976 0.998943
vn 0.000000 -0.045976 0.998943
vn 0.000000 0.673851 0.738867
vn 0.000000 0.673851 0.738867
vn 0.000000 0.673851 0.738867
vn 0.000000 0.673851 0.738867
vn 0.000000 0.998942 0.045982
vn 0.000000 0.998942 0.045982
vn 0.000000 0.738860 -0.673859
vn 0.000000 0.738860 -0.673859
vn 0.000000 0.045985 -0.998942
vn 0.000000 0.045985 -0.998942
vn 0.000000 -0.673848 -0.738870
vn 0.000000 -0.673848 -0.738870
vn 0.000000 -0.998943 -0.045977
vn 0.000000 -0.998943 -0.045977
vn 0.000000 -0.738870 0.673848
vn 0.000000 -0.738870 0.673848
vn 0.000000 -0.738870 0.673848
vn 0.000000 -0.738870 0.673848
vn 0.000000 -0.045976 0.998943
vn 0.000000 -0.045976 0.998943
vn 0.000000 0.673847 0.738871
vn 0.000000 0.673847 0.738871
vn 0.000000 0.673847 0.738871
vn 0.000000 0.673847 0.738871
vn 0.000000 0.998942 0.045983
vn 0.000000 0.998942 0.045983
vn 0.000000 0.781811 -0.623516
vn 0.000000 0.781811 -0.623516
vn 0.000000 0.781811 -0.623516
vn 0.000000 0.781811 -0.623516
vn 0.000000 0.433897 -0.900963
vn 0.000000 0.433897 -0.900963
vn 0.000000 0.433897 -0.900963
vn 0.000000 0.433897 -0.900963
vn 0.000000 0.000000 -1.000000
vn 0.000000 0.000000 -1.000000
vn 0.000000 0.000000 -1.000000
vn 0.000000 0.000000 -1.000000
vn 0.000000 -0.433895 -0.900963
vn 0.000000 -0.433895 -0.900963
vn 0.000000 -0.433895 -0.900963
vn 0.000000 -0.433895 -0.900963
vn 0.000000 -0.781806 -0.623522
vn 0.000000 -0.781806 -0.623522
vn 0.000000 -0.781806 -0.623522
vn 0.000000 -0.781806 -0.623522
vn 0.000000 -0.974918 -0.222564
vn 0.000000 -0.974918 -0.222564
vn 0.000000 -0.974918 -0.222564
vn 0.000000 -0.974918 -0.222564
vn 0.000000 -0.974915 0.222578
vn 0.000000 -0.974915 0.222578
vn 0.000000 -0.974915 0.222578
vn 0.000000 -0.974915 0.222578
vn 0.000000 -0.781837 0.623483
vn 0.000000 -0.781837 0.623483
vn 0.000000 -0.781837 0.623483
vn 0.000000 -0.781837 0.623483
vn 0.000000 -0.433901 0.900961
vn 0.000000 -0.433901 0.900961
vn 0.000000 -0.433901 0.900961
vn 0.000000 -0.433901 0.900961
vn 0.000000 0.000000 1.000000
vn 0.000000 0.000000 1.000000
vn 0.000000 0.000000 1.000000
vn 0.000000 0.000000 1.000000
vn 0.000000 0.433866 0.900978
vn 0.000000 0.433866 0.900978
vn 0.000000 0.433866 0.900978
vn 0.000000 0.433866 0.900978
vn 0.000000 0.781835 0.623485
vn 0.000000 0.781835 0.623485
vn 0.000000 0.781835 0.623485
vn 0.000000 0.781835 0.623485
vn 0.000000 0.974932 0.222503
vn 0.000000 0.974932 0.222503
vn 0.000000 0.974932 0.222503
vn 0.000000 0.974932 0.222503
vn 0.000000 0.974934 -0.222495
vn 0.000000 0.974934 -0.222495
vn 0.000000 0.974934 -0.222495
vn 0.000000 0.974934 -0.222495
vn 1.000000 0.000000 0.000000
vn 1.000000 0.000000 0.000000
vn 1.000000 0.000000 0.000000
vn 1.000000 0.000000 0.000000
vn 1.000000 0.000000 0.000000
vn 1.000000 0.000000 0.000000
vn 1.000000 0.000000 0.000000
vn 1.000000 -0.000001 0.000000
vn 1.000000 -0.000001 0.000000
vn 1.000000 -0.000001 0.000000
vn 1.000000 -0.000001 0.000000
vn 1.000000 0.000000 0.000000
vn 1.000000 0.000000 0.000000
vn 1.000000 0.000002 0.000000
vn 1.000000 0.000002 0.000000
vn -1.000000 0.000002 0.000000
vn -1.000000 -0.000002 0.000000
vn -1.000000 -0.000000 0.000000
vn -1.000000 -0.000004 0.000000
vn -1.000000 0.000004 0.000000
vn -1.000000 -0.000001 0.000000
vn -1.000000 -0.000005 0.000000
vn -1.000000 0.000002 0.000000
vn -1.000000 0.000002 0.000000
vn -1.000000 0.000000 0.000000
vn -1.000000 0.000000 0.000000
vn -1.000000 0.000000 0.000000
vn -1.000000 0.000000 0.000000
vn -1.000000 -0.000001 0.000000
vn -1.000000 -0.000001 0.000000
vn 1.000000 0.000000 0.000000
vn 1.000000 0.000000 0.000000
vn 0.000000 -0.623414 -0.781892
vn 0.000000 -0.623414 -0.781892
vn 0.000000 -0.623414 -0.781892
vn 0.000000 -0.623414 -0.781892
vn -1.000000 0.000000 0.000000
vn -1.000000 0.000000 0.000000
vn 0.000000 0.623505 0.781819
vn 0.000000 0.623505 0.781819
vn 0.000000 0.623505 0.781819
vn 0.000000 0.623505 0.781819
vn 1.000000 0.000000 0.000000
vn 1.000000 0.000000 0.000000
vn 0.000000 -1.000000 0.000000
vn 0.000000 -1.000000 0.000000
vn 0.000000 -1.000000 0.000000
vn 0.000000 -1.000000 0.000000
vn -1.000000 0.000000 0.000000
vn -1.000000 0.000000 0.000000
vn 0.000000 1.000000 0.000000
vn 0.000000 1.000000 0.000000
vn 0.000000 1.000000 0.000000
vn 0.000000 1.000000 0.000000
vn 1.000000 0.000000 0.000000
vn 1.000000 0.000000 0.000000
vn 0.000000 -0.623496 0.781826
vn 0.000000 -0.623496 0.781826
vn 0.000000 -0.623496 0.781826
vn 0.000000 -0.623496 0.781826
vn -1.000000 -0.000005 0.000000
vn -1.000000 -0.000005 0.000000
vn 0.000000 0.623417 -0.781890
vn 0.000000 0.623417 -0.781890
vn 0.000000 0.623417 -0.781890
vn 0.000000 0.623417 -0.781890
vn 1.000000 -0.000006 0.000000
vn 1.000000 -0.000006 0.000000
vn 0.000000 0.222512 0.974930
vn 0.000000 0.222512 0.974930
vn 0.000000 0.222512 0.974930
vn 0.000000 0.222512 0.974930
vn -1.000000 0.000007 0.000000
vn -1.000000 0.000007 0.000000
vn 0.000000 -0.222479 -0.974937
vn 0.000000 -0.222479 -0.974937
vn 0.000000 -0.222479 -0.974937
vn 0.000000 -0.222479 -0.974937
vn 1.000000 -0.000005 0.000000
vn 1.000000 -0.000005 0.000000
vn 0.000000 0.900955 0.433913
vn 0.000000 0.900955 0.433913
vn 0.000000 0.900955 0.433913
vn 0.000000 0.900955 0.433913
vn -1.000000 0.000000 0.000000
vn -1.000000 0.000000 0.000000
vn 0.000000 -0.900965 -0.433892
vn 0.000000 -0.900965 -0.433892
vn 0.000000 -0.900965 -0.433892
vn 0.000000 -0.900965 -0.433892
vn 1.000000 0.000000 0.000000
vn 1.000000 0.000000 0.000000
vn 0.000000 0.900952 -0.433918
vn 0.000000 0.900952 -0.433918
vn 0.000000 0.900952 -0.433918
vn 0.000000 0.900952 -0.433918
vn -1.000000 0.000000 0.000000
vn -1.000000 0.000000 0.000000
vn 0.000000 -0.901013 0.433793
vn 0.000000 -0.901013 0.433793
vn 0.000000 -0.901013 0.433793
vn 0.000000 -0.901013 0.433793
vn 1.000000 0.000011 0.000000
vn 1.000000 0.000011 0.000000
vn 0.000000 0.222479 -0.974937
vn 0.000000 0.222479 -0.974937
vn 0.000000 0.222479 -0.974937
vn 0.000000 0.222479 -0.974937
vn -1.000000 -0.000006 0.000000
vn -1.000000 -0.000006 0.000000
vn 0.000000 -0.222509 0.974931
vn 0.000000 -0.222509 0.974931
vn 0.000000 -0.222509 0.974931
vn 0.000000 -0.222509 0.974931
vn -0.926484 -0.000074 0.376333
vn -0.780992 -0.000367 0.624541
vn -0.931504 0.243057 0.270600
vn 0.289933 0.512165 0.808471
vn 0.307629 0.319953 0.896100
vn 0.310130 0.308780 0.899152
vn 0.307740 -0.316645 0.897236
vn 0.315802 -0.197906 0.927956
vn 0.314076 -0.207215 0.926509
vn 0.931505 0.243057 0.270597
vn 0.780992 -0.000367 0.624542
vn 0.926485 -0.000073 0.376331
vn -0.933845 -0.238460 0.266589
vn 0.933846 -0.238460 0.266588
vn -0.310130 0.308780 0.899152
vn -0.307630 0.319953 0.896099
vn -0.289933 0.512165 0.808471
vn -0.307740 -0.316645 0.897236
vn -0.314077 -0.207214 0.926509
vn -0.315802 -0.197906 0.927956
vn -0.325322 0.000061 0.945603
vn 0.325322 0.000061 0.945603
vn 0.328160 -0.000253 0.944622
vn -0.328160 -0.000254 0.944622
vn 0.780615 -0.000000 -0.625012
vn 0.779017 -0.063951 -0.623733
vn 0.780615 -0.000000 -0.625012
vn -0.281333 -0.512755 -0.811131
vn -0.310026 -0.323871 -0.893863
vn -0.311221 -0.313021 -0.897307
vn -0.310902 0.315964 -0.896385
vn -0.320729 0.205006 -0.924719
vn -0.320769 0.204409 -0.924837
vn -0.779018 -0.063951 -0.623732
vn -0.780616 -0.000000 -0.625011
vn -0.780616 -0.000000 -0.625011
vn 0.779018 0.063951 -0.623732
vn -0.779018 0.063951 -0.623731
vn 0.310026 -0.323871 -0.893863
vn 0.281332 -0.512756 -0.811131
vn 0.311221 -0.313021 -0.897307
vn 0.310902 0.315965 -0.896385
vn 0.320769 0.204409 -0.924837
vn 0.320729 0.205006 -0.924719
vn 0.327682 0.000000 -0.944788
vn -0.327682 0.000000 -0.944788
vn -0.327681 0.000000 -0.944788
vn 0.327681 0.000000 -0.944789
vn -0.865518 0.190244 -0.463342
vn -0.761164 0.000219 -0.648560
vn -0.761163 0.000322 -0.648561
vn -0.858112 0.193940 -0.475427
vn 0.865519 0.190245 -0.463339
vn 0.940624 0.141995 -0.308324
vn 0.940624 0.141995 -0.308324
vn 0.858113 0.193941 -0.475425
vn 0.928894 -0.231451 -0.289113
vn 0.854710 -0.241119 -0.459709
vn 0.853744 -0.241178 -0.461469
vn 0.928894 -0.231451 -0.289113
vn 0.761166 0.000219 -0.648558
vn 0.761164 0.000322 -0.648559
vn -0.854709 -0.241118 -0.459711
vn -0.853743 -0.241177 -0.461472
vn -0.940624 0.141993 -0.308327
vn -0.940624 0.141993 -0.308327
vn -0.928894 -0.231450 -0.289115
vn -0.928894 -0.231450 -0.289115
vn -0.018787 -0.156613 0.987481
vn -0.023027 0.002561 0.999732
vn -0.022908 -0.002229 0.999735
vn -0.018787 -0.156613 0.987481
vn -0.679386 0.132934 0.721639
vn -0.679386 0.132934 0.721639
vn -0.679386 0.132934 0.721639
vn -0.679386 0.132934 0.721639
vn -0.476875 -0.036092 0.878230
vn -0.476875 -0.036092 0.878230
vn -0.476875 -0.036092 0.878230
vn -0.476875 -0.036092 0.878230
vn 0.023027 0.002560 0.999732
vn 0.018786 -0.156613 0.987481
vn 0.018786 -0.156613 0.987481
vn 0.022908 -0.002230 0.999735
vn -0.026556 0.155808 0.987430
vn -0.026556 0.155808 0.987430
vn 0.026556 0.155807 0.987430
vn 0.026556 0.155807 0.987431
vn 0.679384 0.132935 0.721641
vn 0.679384 0.132935 0.721641
vn 0.679384 0.132935 0.721641
vn 0.679384 0.132935 0.721641
vn 0.476872 -0.036093 0.878231
vn 0.476872 -0.036093 0.878231
vn 0.476872 -0.036093 0.878231
vn 0.476872 -0.036093 0.878231
vn -0.906070 0.337075 0.255767
vn -0.978363 -0.000964 0.206893
vn 0.906071 0.337075 0.255764
vn 0.850182 0.440640 0.288145
vn 0.850181 0.440640 0.288145
vn 0.886744 -0.374884 0.270456
vn 0.923488 -0.295805 0.244271
vn 0.886744 -0.374884 0.270456
vn 0.978364 -0.000963 0.206890
vn -0.923488 -0.295805 0.244272
vn -0.850180 0.440642 0.288147
vn -0.850180 0.440642 0.288147
vn -0.886744 -0.374884 0.270456
vn -0.886744 -0.374884 0.270456
vn 0.000000 0.000000 1.000000
vn 0.000000 0.000000 1.000000
vn 0.000000 0.000000 1.000000
vn 0.000000 0.000000 1.000000
vn 0.000000 1.000000 0.000000
vn 0.000000 1.000000 0.000000
vn 0.000000 1.000000 0.000000
vn 0.000000 1.000000 0.000000
vn 0.000000 0.000000 -1.000000
vn 0.000000 0.000000 -1.000000
vn 0.000000 0.000000 -1.000000
vn 0.000000 0.000000 -1.000000
vn 0.000000 -1.000000 0.000000
vn 0.000000 -1.000000 0.000000
vn 0.000000 -1.000000 0.000000
vn 0.000000 -1.000000 0.000000
vn 1.000000 0.000000 0.000000
vn 1.000000 0.000000 0.000000
vn 1.000000 0.000000 0.000000
vn 1.000000 0.000000 0.000000
vn -1.000000 0.000000 0.000000
vn -1.000000 0.000000 0.000000
vn -1.000000 0.000000 0.000000
vn -1.000000 0.000000 0.000000
vn 0.000000 0.000000 1.000000
vn 0.000000 0.000000 1.000000
vn 0.000000 0.000000 1.000000
vn 0.000000 0.000000 1.000000
vn 0.000000 1.000000 0.000000
vn 0.000000 1.000000 0.000000
vn 0.000000 1.000000 0.000000
vn 0.000000 1.000000 0.000000
vn 0.000000 0.000000 -1.000000
vn 0.000000 0.000000 -1.000000
vn 0.000000 0.000000 -1.000000
vn 0.000000 0.000000 -1.000000
vn 0.000000 -1.000000 0.000000
vn 0.000000 -1.000000 0.000000
vn 0.000000 -1.000000 0.000000
vn 0.000000 -1.000000 0.000000
vn 1.000000 0.000000 0.000000
vn 1.000000 0.000000 0.000000
vn 1.000000 0.000000 0.000000
vn 1.000000 0.000000 0.000000
vn -1.000000 0.000000 0.000000
vn -1.000000 0.000000 0.000000
vn -1.000000 0.000000 0.000000
vn -1.000000 0.000000 0.000000
vn -0.033987 0.000000 0.999422
vn 0.033987 0.000000 0.999422
vn 0.034169 0.000000 0.999416
vn -0.034169 0.000000 0.999416
vn 0.000000 1.000000 0.000000
vn 0.000000 1.000000 0.000000
vn 0.000000 1.000000 0.000000
vn 0.000000 1.000000 0.000000
vn 0.034168 0.000000 -0.999416
vn -0.034168 0.000000 -0.999416
vn -0.033987 0.000000 -0.999422
vn 0.033987 0.000000 -0.999422
vn 0.000000 -1.000000 0.000000
vn 0.000000 -1.000000 0.000000
vn 0.000000 -1.000000 0.000000
vn 0.000000 -1.000000 0.000000
vn 1.000000 0.000000 0.000000
vn 1.000000 0.000000 0.000000
vn 1.000000 0.000000 0.000000
vn 1.000000 0.000000 0.000000
vn -1.000000 0.000000 0.000000
vn -1.000000 0.000000 0.000000
vn -1.000000 0.000000 0.000000
vn -1.000000 0.000000 0.000000
vn -0.032809 0.000000 0.999462
vn 0.032809 0.000000 0.999462
vn 1.000000 0.000000 0.000000
vn 1.000000 0.000000 0.000000
vn 1.000000 0.000000 0.000000
vn 1.000000 0.000000 0.000000
vn -0.032809 0.000000 -0.999462
vn 0.032809 0.000000 -0.999462
vn -1.000000 0.000000 0.000000
vn -1.000000 0.000000 0.000000
vn -1.000000 0.000000 0.000000
vn -1.000000 0.000000 0.000000
vn -0.032259 0.000000 0.999480
vn 0.032259 0.000000 0.999480
vn 1.000000 0.000000 0.000000
vn 1.000000 0.000000 0.000000
vn 1.000000 0.000000 0.000000
vn 1.000000 0.000000 0.000000
vn -0.032259 0.000000 -0.999480
vn 0.032259 0.000000 -0.999480
vn -1.000000 0.000000 0.000000
vn -1.000000 0.000000 0.000000
vn -1.000000 0.000000 0.000000
vn -1.000000 0.000000 0.000000
vn 0.147901 0.000000 -0.989002
vn -0.147901 0.000000 -0.989002
vn 1.000000 0.000000 0.000000
vn 1.000000 0.000000 0.000000
vn 1.000000 0.000000 0.000000
vn 1.000000 0.000000 0.000000
vn 0.147902 0.000000 0.989002
vn -0.147902 0.000000 0.989002
vn -1.000000 0.000000 0.000000
vn -1.000000 0.000000 0.000000
vn -1.000000 0.000000 0.000000
vn -1.000000 0.000000 0.000000
vn -0.147903 0.000000 0.989002
vn 0.147903 0.000000 0.989002
vn 1.000000 0.000000 0.000000
vn 1.000000 0.000000 0.000000
vn 1.000000 0.000000 0.000000
vn 1.000000 0.000000 0.000000
vn -0.147901 0.000000 -0.989002
vn 0.147901 0.000000 -0.989002
vn -1.000000 0.000000 0.000000
vn -1.000000 0.000000 0.000000
vn -1.000000 0.000000 0.000000
vn -1.000000 0.000000 0.000000
vn 0.000000 -1.000000 0.000000
vn 0.000000 -1.000000 0.000000
vn 0.000000 -1.000000 0.000000
vn 0.000000 -1.000000 0.000000
vn -0.474471 0.000000 -0.880271
vn -0.474471 0.000000 -0.880271
vn 0.000000 1.000000 0.000000
vn 0.000000 1.000000 0.000000
vn 0.000000 1.000000 0.000000
vn 0.000000 1.000000 0.000000
vn 0.474471 0.000000 0.880271
vn 0.474471 0.000000 0.880271
vn 0.000000 -1.000000 0.000000
vn 0.000000 -1.000000 0.000000
vn 0.000000 -1.000000 0.000000
vn 0.000000 -1.000000 0.000000
vn -0.474471 0.000000 0.880271
vn -0.474471 0.000000 0.880271
vn 0.000000 1.000000 0.000000
vn 0.000000 1.000000 0.000000
vn 0.000000 1.000000 0.000000
vn 0.000000 1.000000 0.000000
vn 0.474471 0.000000 -0.880271
vn 0.474471 0.000000 -0.880271
vn 0.000000 -1.000000 0.000000
vn 0.000000 -1.000000 0.000000
vn 0.000000 -1.000000 0.000000
vn 0.000000 -1.000000 0.000000
vn -0.474472 0.000000 -0.880271
vn -0.474472 0.000000 -0.880271
vn 0.000000 1.000000 0.000000
vn 0.000000 1.000000 0.000000
vn 0.474471 0.000000 0.880271
vn 0.474471 0.000000 0.880271
vn 0.000000 -1.000000 0.000000
vn 0.000000 -1.000000 0.000000
vn 0.000000 -1.000000 0.000000
vn 0.000000 -1.000000 0.000000
vn -0.474471 0.000000 0.880271
vn -0.474471 0.000000 0.880271
vn 0.000000 1.000000 0.000000
vn 0.000000 1.000000 0.000000
vn 0.474472 0.000000 -0.880271
vn 0.474472 0.000000 -0.880271
vn 0.000000 -1.000000 0.000000
vn 0.000000 -1.000000 0.000000
vn -0.474471 0.000000 -0.880271
vn -0.474471 0.000000 -0.880271
vn 0.000000 1.000000 0.000000
vn 0.000000 1.000000 0.000000
vn 0.000000 1.000000 0.000000
vn 0.000000 1.000000 0.000000
vn 0.474473 0.000000 0.880270
vn 0.474473 0.000000 0.880270
vn 0.000000 -1.000000 0.000000
vn 0.000000 -1.000000 0.000000
vn -0.474473 0.000000 0.880270
vn -0.474473 0.000000 0.880270
vn 0.000000 1.000000 0.000000
vn 0.000000 1.000000 0.000000
vn 0.000000 1.000000 0.000000
vn 0.000000 1.000000 0.000000
vn 0.474471 0.000000 -0.880271
vn 0.474471 0.000000 -0.880271
vn 0.000000 -1.000000 0.000000
vn 0.000000 -1.000000 0.000000
vn 0.000000 1.000000 0.000000
vn 0.000000 1.000000 0.000000
vn 0.474468 0.000000 0.880273
vn 0.474468 0.000000 0.880273
vn 0.000000 -1.000000 0.000000
vn 0.000000 -1.000000 0.000000
vn -0.474468 0.000000 0.880273
vn -0.474468 0.000000 0.880273
vn 0.000000 1.000000 0.000000
vn 0.000000 1.000000 0.000000
vn 0.000000 -1.000000 0.000000
vn 0.000000 -1.000000 0.000000
vn 0.000000 1.000000 0.000000
vn 0.000000 1.000000 0.000000
vn 0.474466 0.000000 0.880274
vn 0.474466 0.000000 0.880274
vn 0.000000 -1.000000 0.000000
vn 0.000000 -1.000000 0.000000
vn -0.474466 0.000000 0.880274
vn -0.474466 0.000000 0.880274
vn 0.000000 1.000000 0.000000
vn 0.000000 1.000000 0.000000
vn 0.000000 -1.000000 0.000000
vn 0.000000 -1.000000 0.000000
vn 0.000000 1.000000 0.000000
vn 0.000000 1.000000 0.000000
vn 0.474468 0.000000 0.880273
vn 0.474468 0.000000 0.880273
vn 0.000000 -1.000000 0.000000
vn 0.000000 -1.000000 0.000000
vn -0.474468 0.000000 0.880273
vn -0.474468 0.000000 0.880273
vn 0.000000 1.000000 0.000000
vn 0.000000 1.000000 0.000000
vn -1.000000 0.000000 0.000000
vn -1.000000 0.000000 0.000000
vn -0.991664 0.000000 0.128853
vn -0.991664 0.000000 0.128853
vn 0.000000 1.000000 0.000000
vn 0.000000 1.000000 0.000000
vn 0.991665 0.000000 -0.128846
vn 0.991665 0.000000 -0.128846
vn 0.000000 -1.000000 -0.000000
vn 0.000000 -1.000000 -0.000001
vn 1.000000 0.000000 0.000000
vn 1.000000 0.000000 0.000000
vn 0.991664 0.000000 0.128850
vn 0.991664 0.000000 0.128850
vn 0.000000 -1.000000 0.000000
vn 0.000000 -1.000000 0.000000
vn -0.991665 0.000000 -0.128846
vn -0.991665 0.000000 -0.128846
vn 0.000000 1.000000 0.000000
vn 0.000000 1.000000 0.000001
vn -1.000000 0.000000 0.000000
vn -1.000000 0.000000 0.000000
vn -0.991664 0.000000 0.128853
vn -0.991664 0.000000 0.128853
vn 0.000000 1.000000 0.000000
vn 0.000000 1.000000 0.000000
vn 0.991665 0.000000 -0.128846
vn 0.991665 0.000000 -0.128846
vn 0.000000 -1.000000 -0.000000
vn 0.000000 -1.000000 -0.000000
vn 1.000000 0.000000 0.000000
vn 1.000000 0.000000 0.000000
vn 0.991664 0.000000 0.128850
vn 0.991664 0.000000 0.128850
vn 0.000000 -1.000000 -0.000000
vn 0.000000 -1.000000 -0.000000
vn -0.991665 0.000000 -0.128846
vn -0.991665 0.000000 -0.128846
vn 0.000000 1.000000 -0.000000
vn 0.000000 1.000000 -0.000000
vn -1.000000 0.000000 0.000000
vn -1.000000 0.000000 0.000000
vn -0.991664 0.000000 0.128854
vn -0.991664 0.000000 0.128854
vn 0.000000 1.000000 -0.000001
vn 0.000000 1.000000 -0.000000
vn 0.991665 0.000000 -0.128846
vn 0.991665 0.000000 -0.128846
vn 0.000000 -1.000000 0.000001
vn 0.000000 -1.000000 0.000002
vn 1.000000 0.000000 0.000000
vn 1.000000 0.000000 0.000000
vn 0.991664 0.000000 0.128850
vn 0.991664 0.000000 0.128850
vn 0.000000 -1.000000 0.000000
vn 0.000000 -1.000000 0.000000
vn -0.991665 0.000000 -0.128846
vn -0.991665 0.000000 -0.128846
vn 0.000000 1.000000 0.000000
vn 0.000000 1.000000 0.000000
vn -0.880265 0.000000 0.474482
vn -0.880265 0.000000 0.474482
vn 0.000000 1.000000 0.000000
vn 0.000000 1.000000 0.000000
vn 0.880269 0.000000 -0.474474
vn 0.880269 0.000000 -0.474474
vn 0.000000 -1.000000 -0.000000
vn 0.000000 -1.000000 -0.000001
vn 0.880270 0.000000 0.474473
vn 0.880270 0.000000 0.474473
vn 0.000000 -1.000000 -0.000001
vn 0.000000 -1.000000 -0.000000
vn -0.880269 0.000000 -0.474474
vn -0.880269 0.000000 -0.474474
vn 0.000000 1.000000 -0.000000
vn 0.000000 1.000000 -0.000001
vn 0.000000 0.000000 1.000000
vn 0.000000 0.000000 1.000000
vn 0.000000 0.000000 1.000000
vn 0.000000 0.000000 1.000000
vn 0.000000 1.000000 0.000001
vn 0.000000 1.000000 0.000002
vn 0.000000 0.000000 -1.000000
vn 0.000000 0.000000 -1.000000
vn 0.000000 0.000000 -1.000000
vn 0.000000 0.000000 -1.000000
vn 0.000000 -1.000000 0.000000
vn 0.000000 -1.000000 0.000000
vn 0.000000 0.000000 1.000000
vn 0.000000 0.000000 1.000000
vn 0.000000 0.000000 1.000000
vn 0.000000 0.000000 1.000000
vn 0.000000 -1.000000 0.000000
vn 0.000000 -1.000000 0.000000
vn 0.000000 0.000000 -1.000000
vn 0.000000 0.000000 -1.000000
vn 0.000000 0.000000 -1.000000
vn 0.000000 0.000000 -1.000000
vn 0.000000 1.000000 0.000002
vn 0.000000 1.000000 0.000001
vn -0.880266 0.000000 0.474481
vn -0.880266 0.000000 0.474481
vn 0.000000 1.000000 0.000000
vn 0.000000 1.000000 0.000000
vn 0.880270 0.000000 -0.474474
vn 0.880270 0.000000 -0.474474
vn 0.000000 -1.000000 -0.000007
vn 0.000000 -1.000000 -0.000004
vn 0.880271 0.000000 0.474472
vn 0.880271 0.000000 0.474472
vn 0.000000 -1.000000 -0.000001
vn 0.000000 -1.000000 -0.000003
vn -0.880270 0.000000 -0.474474
vn -0.880270 0.000000 -0.474474
vn 0.000000 1.000000 -0.000005
vn 0.000000 1.000000 -0.000000
vn -0.880265 0.000000 0.474483
vn -0.880265 0.000000 0.474483
vn 0.000000 1.000000 -0.000003
vn 0.000000 1.000000 -0.000004
vn 0.880269 0.000000 -0.474475
vn 0.880269 0.000000 -0.474475
vn 0.000000 -1.000000 0.000003
vn 0.000000 -1.000000 0.000005
vn 0.880270 0.000000 0.474473
vn 0.880270 0.000000 0.474473
vn 0.000000 -1.000000 0.000000
vn 0.000000 -1.000000 0.000000
vn -0.880269 0.000000 -0.474475
vn -0.880269 0.000000 -0.474475
vn 0.000000 1.000000 -0.000006
vn 0.000000 1.000000 -0.000002
vn 0.000000 0.000000 1.000000
vn 0.000000 0.000000 1.000000
vn 0.000000 0.000000 1.000000
vn 0.000000 0.000000 1.000000
vn 0.000000 1.000000 0.000000
vn 0.000000 1.000000 0.000000
vn 0.000000 0.000000 -1.000000
vn 0.000000 0.000000 -1.000000
vn 0.000000 0.000000 -1.000000
vn 0.000000 0.000000 -1.000000
vn 0.000000 -1.000000 0.000004
vn 0.000000 -1.000000 -0.000004
vn 0.000000 0.000000 1.000000
vn 0.000000 0.000000 1.000000
vn 0.000000 0.000000 1.000000
vn 0.000000 0.000000 1.000000
vn 0.000000 -1.000000 -0.000000
vn 0.000000 -1.000000 0.000006
vn 0.000000 0.000000 -1.000000
vn 0.000000 0.000000 -1.000000
vn 0.000000 0.000000 -1.000000
vn 0.000000 0.000000 -1.000000
vn 0.000000 1.000000 -0.000004
vn 0.000000 1.000000 -0.000008
vn 0.000000 0.000000 1.000000
vn 0.000000 0.000000 1.000000
vn 0.000000 0.000000 1.000000
vn 0.000000 0.000000 1.000000
vn 0.000000 1.000000 -0.000006
vn 0.000000 1.000000 -0.000006
vn 0.000000 0.000000 -1.000000
vn 0.000000 0.000000 -1.000000
vn 0.000000 0.000000 -1.000000
vn 0.000000 0.000000 -1.000000
vn 0.000000 -1.000000 0.000000
vn 0.000000 -1.000000 0.000000
vn 0.000000 0.000000 1.000000
vn 0.000000 0.000000 1.000000
vn 0.000000 0.000000 1.000000
vn 0.000000 0.000000 1.000000
vn 0.000000 -1.000000 0.000000
vn 0.000000 -1.000000 0.000000
vn 0.000000 0.000000 -1.000000
vn 0.000000 0.000000 -1.000000
vn 0.000000 0.000000 -1.000000
vn 0.000000 0.000000 -1.000000
vn 0.000000 1.000000 -0.000007
vn 0.000000 1.000000 -0.000009
vn 0.000000 0.000000 1.000000
vn 0.000000 0.000000 1.000000
vn 0.000000 0.000000 1.000000
vn 0.000000 0.000000 1.000000
vn 0.000000 1.000000 0.000000
vn 0.000000 1.000000 0.000000
vn 0.000000 1.000000 0.000000
vn 0.000000 1.000000 0.000000
vn 0.000000 0.000000 -1.000000
vn 0.000000 0.000000 -1.000000
vn 0.000000 0.000000 -1.000000
vn 0.000000 0.000000 -1.000000
vn 0.000000 -1.000000 0.000000
vn 0.000000 -1.000000 0.000000
vn 0.000000 -1.000000 0.000000
vn 0.000000 -1.000000 0.000000
vn 1.000000 0.000000 0.000000
vn 1.000000 0.000000 0.000000
vn 1.000000 0.000000 0.000000
vn 1.000000 0.000000 0.000000
vn -1.000000 0.000000 0.000000
vn -1.000000 0.000000 0.000000
vn -1.000000 0.000000 0.000000
vn -1.000000 0.000000 0.000000
s 1
g group1 Leg1
usemtl aiStandardSurface2SG
f 1738/2037/2527 1739/2038/2528 1779/2039/2529 1778/2040/2530
f 1739/2038/2528 1740/2041/2531 1780/2042/2532 1779/2039/2529
f 1740/2041/2531 1741/2043/2533 1781/2044/2534 1780/2042/2532
f 1741/2043/2533 1742/2045/2535 1782/2046/2536 1781/2044/2534
f 1742/2045/2535 1743/2047/2537 1783/2048/2538 1782/2046/2536
f 1743/2047/2537 1744/2049/2539 1784/2050/2540 1783/2048/2538
f 1744/2049/2539 1745/2051/2541 1785/2052/2542 1784/2050/2540
f 1745/2051/2541 1746/2053/2543 1786/2054/2544 1785/2052/2542
f 1746/2053/2543 1747/2055/2545 1787/2056/2546 1786/2054/2544
f 1747/2055/2545 1748/2057/2547 1788/2058/2548 1787/2056/2546
f 1748/2059/2547 1749/2060/2549 1789/2061/2550 1788/2062/2548
f 1749/2060/2549 1750/2063/2551 1790/2064/2552 1789/2061/2550
f 1750/2063/2551 1751/2065/2553 1791/2066/2554 1790/2064/2552
f 1751/2065/2553 1752/2067/2555 1792/2068/2556 1791/2066/2554
f 1752/2067/2555 1753/2069/2557 1793/2070/2558 1792/2068/2556
f 1753/2069/2557 1754/2071/2559 1794/2072/2560 1793/2070/2558
f 1754/2071/2559 1755/2073/2561 1795/2074/2562 1794/2072/2560
f 1755/2073/2561 1756/2075/2563 1796/2076/2564 1795/2074/2562
f 1756/2075/2563 1757/2077/2565 1797/2078/2566 1796/2076/2564
f 1757/2077/2565 1758/2079/2567 1798/2080/2568 1797/2078/2566
f 1758/2079/2567 1759/2081/2569 1799/2082/2570 1798/2080/2568
f 1759/2081/2569 1760/2083/2571 1800/2084/2572 1799/2082/2570
f 1760/2083/2571 1761/2085/2573 1801/2086/2574 1800/2084/2572
f 1761/2085/2573 1762/2087/2575 1802/2088/2576 1801/2086/2574
f 1762/2087/2575 1763/2089/2577 1803/2090/2578 1802/2088/2576
f 1763/2089/2577 1764/2091/2579 1804/2092/2580 1803/2090/2578
f 1764/2091/2579 1765/2093/2581 1805/2094/2582 1804/2092/2580
f 1765/2093/2581 1766/2095/2583 1806/2096/2584 1805/2094/2582
f 1766/2095/2583 1767/2097/2585 1807/2098/2586 1806/2096/2584
f 1767/2097/2585 1768/2099/2587 1808/2100/2588 1807/2098/2586
f 1768/2099/2587 1769/2101/2589 1809/2102/2590 1808/2100/2588
f 1769/2101/2589 1770/2103/2591 1810/2104/2592 1809/2102/2590
f 1770/2103/2591 1771/2105/2593 1811/2106/2594 1810/2104/2592
f 1771/2105/2593 1772/2107/2595 1812/2108/2596 1811/2106/2594
f 1772/2107/2595 1773/2109/2597 1813/2110/2598 1812/2108/2596
f 1773/2109/2597 1774/2111/2599 1814/2112/2600 1813/2110/2598
f 1774/2111/2599 1775/2113/2601 1815/2114/2602 1814/2112/2600
f 1775/2113/2601 1776/2115/2603 1816/2116/2604 1815/2114/2602
f 1776/2115/2603 1777/2117/2605 1817/2118/2606 1816/2116/2604
f 1777/2117/2605 1738/2037/2527 1778/2040/2530 1817/2118/2606
s 2
f 1739/2119/2607 1738/2120/2608 1818/2121/2609
f 1740/2122/2610 1739/2119/2607 1818/2121/2609
f 1741/2123/2611 1740/2122/2610 1818/2121/2609
f 1742/2124/2612 1741/2123/2611 1818/2121/2609
f 1743/2125/2613 1742/2124/2612 1818/2121/2609
f 1744/2126/2614 1743/2125/2613 1818/2121/2609
f 1745/2127/2615 1744/2126/2614 1818/2121/2609
f 1746/2128/2616 1745/2127/2615 1818/2121/2609
f 1747/2129/2617 1746/2128/2616 1818/2121/2609
f 1748/2130/2618 1747/2129/2617 1818/2121/2609
f 1749/2131/2619 1748/2130/2618 1818/2121/2609
f 1750/2132/2620 1749/2131/2619 1818/2121/2609
f 1751/2133/2621 1750/2132/2620 1818/2121/2609
f 1752/2134/2622 1751/2133/2621 1818/2121/2609
f 1753/2135/2623 1752/2134/2622 1818/2121/2609
f 1754/2136/2624 1753/2135/2623 1818/2121/2609
f 1755/2137/2625 1754/2136/2624 1818/2121/2609
f 1756/2138/2626 1755/2137/2625 1818/2121/2609
f 1757/2139/2627 1756/2138/2626 1818/2121/2609
f 1758/2140/2628 1757/2139/2627 1818/2121/2609
f 1759/2141/2629 1758/2140/2628 1818/2121/2609
f 1760/2142/2630 1759/2141/2629 1818/2121/2609
f 1761/2143/2631 1760/2142/2630 1818/2121/2609
f 1762/2144/2632 1761/2143/2631 1818/2121/2609
f 1763/2145/2633 1762/2144/2632 1818/2121/2609
f 1764/2146/2634 1763/2145/2633 1818/2121/2609
f 1765/2147/2635 1764/2146/2634 1818/2121/2609
f 1766/2148/2636 1765/2147/2635 1818/2121/2609
f 1767/2149/2637 1766/2148/2636 1818/2121/2609
f 1768/2150/2638 1767/2149/2637 1818/2121/2609
f 1769/2151/2639 1768/2150/2638 1818/2121/2609
f 1770/2152/2640 1769/2151/2639 1818/2121/2609
f 1771/2153/2641 1770/2152/2640 1818/2121/2609
f 1772/2154/2642 1771/2153/2641 1818/2121/2609
f 1773/2155/2643 1772/2154/2642 1818/2121/2609
f 1774/2156/2644 1773/2155/2643 1818/2121/2609
f 1775/2157/2645 1774/2156/2644 1818/2121/2609
f 1776/2158/2646 1775/2157/2645 1818/2121/2609
f 1777/2159/2647 1776/2158/2646 1818/2121/2609
f 1738/2120/2608 1777/2159/2647 1818/2121/2609
s 3
f 1778/2160/2648 1779/2161/2649 1819/2162/2650
f 1779/2161/2649 1780/2163/2651 1819/2162/2650
f 1780/2163/2651 1781/2164/2652 1819/2162/2650
f 1781/2164/2652 1782/2165/2653 1819/2162/2650
f 1782/2165/2653 1783/2166/2654 1819/2162/2650
f 1783/2166/2654 1784/2167/2655 1819/2162/2650
f 1784/2167/2655 1785/2168/2656 1819/2162/2650
f 1785/2168/2656 1786/2169/2657 1819/2162/2650
f 1786/2169/2657 1787/2170/2658 1819/2162/2650
f 1787/2170/2658 1788/2171/2659 1819/2162/2650
f 1788/2171/2659 1789/2172/2660 1819/2162/2650
f 1789/2172/2660 1790/2173/2661 1819/2162/2650
f 1790/2173/2661 1791/2174/2662 1819/2162/2650
f 1791/2174/2662 1792/2175/2663 1819/2162/2650
f 1792/2175/2663 1793/2176/2664 1819/2162/2650
f 1793/2176/2664 1794/2177/2665 1819/2162/2650
f 1794/2177/2665 1795/2178/2666 1819/2162/2650
f 1795/2178/2666 1796/2179/2667 1819/2162/2650
f 1796/2179/2667 1797/2180/2668 1819/2162/2650
f 1797/2180/2668 1798/2181/2669 1819/2162/2650
f 1798/2181/2669 1799/2182/2670 1819/2162/2650
f 1799/2182/2670 1800/2183/2671 1819/2162/2650
f 1800/2183/2671 1801/2184/2672 1819/2162/2650
f 1801/2184/2672 1802/2185/2673 1819/2162/2650
f 1802/2185/2673 1803/2186/2674 1819/2162/2650
f 1803/2186/2674 1804/2187/2675 1819/2162/2650
f 1804/2187/2675 1805/2188/2676 1819/2162/2650
f 1805/2188/2676 1806/2189/2677 1819/2162/2650
f 1806/2189/2677 1807/2190/2678 1819/2162/2650
f 1807/2190/2678 1808/2191/2679 1819/2162/2650
f 1808/2191/2679 1809/2192/2680 1819/2162/2650
f 1809/2192/2680 1810/2193/2681 1819/2162/2650
f 1810/2193/2681 1811/2194/2682 1819/2162/2650
f 1811/2194/2682 1812/2195/2683 1819/2162/2650
f 1812/2195/2683 1813/2196/2684 1819/2162/2650
f 1813/2196/2684 1814/2197/2685 1819/2162/2650
f 1814/2197/2685 1815/2198/2686 1819/2162/2650
f 1815/2198/2686 1816/2199/2687 1819/2162/2650
f 1816/2199/2687 1817/2200/2688 1819/2162/2650
f 1817/2200/2688 1778/2160/2648 1819/2162/2650
s off
f 1850/2201/2689 1851/2202/2690 1852/2203/2691 1853/2204/2692
f 1821/2205/2693 1822/2206/2694 1836/2207/2695 1835/2208/2696
f 1854/2209/2697 1855/2210/2698 1856/2211/2699 1857/2212/2700
f 1823/2213/2701 1824/2214/2702 1838/2215/2703 1837/2216/2704
f 1858/2217/2705 1859/2218/2706 1860/2219/2707 1861/2220/2708
f 1825/2221/2709 1826/2222/2710 1840/2223/2711 1839/2224/2712
f 1862/2225/2713 1863/2226/2714 1864/2227/2715 1865/2228/2716
f 1827/2229/2717 1828/2230/2718 1842/2231/2719 1841/2232/2720
f 1866/2233/2721 1867/2234/2722 1868/2235/2723 1869/2236/2724
f 1829/2237/2725 1830/2238/2726 1844/2239/2727 1843/2240/2728
f 1870/2241/2729 1871/2242/2730 1872/2243/2731 1873/2244/2732
f 1831/2245/2733 1832/2246/2734 1846/2247/2735 1845/2248/2736
f 1874/2249/2737 1875/2250/2738 1876/2251/2739 1877/2252/2740
f 1833/2253/2741 1820/2254/2742 1834/2255/2743 1847/2256/2744
s 4
f 1821/2257/2745 1820/2258/2746 1848/2259/2747
f 1822/2260/2748 1821/2257/2745 1848/2259/2747
f 1823/2261/2749 1822/2260/2748 1848/2259/2747
f 1824/2262/2750 1823/2261/2749 1848/2259/2747
f 1825/2263/2751 1824/2262/2750 1848/2259/2747
f 1826/2264/2752 1825/2263/2751 1848/2259/2747
f 1827/2265/2753 1826/2264/2752 1848/2259/2747
f 1828/2266/2754 1827/2265/2753 1848/2259/2747
f 1829/2267/2755 1828/2266/2754 1848/2259/2747
f 1830/2268/2756 1829/2267/2755 1848/2259/2747
f 1831/2269/2757 1830/2268/2756 1848/2259/2747
f 1832/2270/2758 1831/2269/2757 1848/2259/2747
f 1833/2271/2759 1832/2270/2758 1848/2259/2747
f 1820/2258/2746 1833/2271/2759 1848/2259/2747
s 5
f 1834/2272/2760 1835/2273/2761 1849/2274/2762
f 1835/2273/2761 1836/2275/2763 1849/2274/2762
f 1836/2275/2763 1837/2276/2764 1849/2274/2762
f 1837/2276/2764 1838/2277/2765 1849/2274/2762
f 1838/2277/2765 1839/2278/2766 1849/2274/2762
f 1839/2278/2766 1840/2279/2767 1849/2274/2762
f 1840/2279/2767 1841/2280/2768 1849/2274/2762
f 1841/2280/2768 1842/2281/2769 1849/2274/2762
f 1842/2281/2769 1843/2282/2770 1849/2274/2762
f 1843/2282/2770 1844/2283/2771 1849/2274/2762
f 1844/2283/2771 1845/2284/2772 1849/2274/2762
f 1845/2284/2772 1846/2285/2773 1849/2274/2762
f 1846/2285/2773 1847/2286/2774 1849/2274/2762
f 1847/2286/2774 1834/2272/2760 1849/2274/2762
s 4
f 1820/2258/2746 1821/2257/2745 1851/2202/2775 1850/2201/2776
s off
f 1821/2205/2777 1835/2208/2778 1852/2287/2779 1851/2288/2780
s 5
f 1835/2273/2761 1834/2272/2760 1853/2204/2781 1852/2203/2782
s off
f 1834/2255/2783 1820/2254/2784 1850/2201/2785 1853/2204/2786
s 4
f 1822/2260/2748 1823/2261/2749 1855/2289/2787 1854/2290/2788
s off
f 1823/2213/2789 1837/2216/2790 1856/2211/2791 1855/2210/2792
s 5
f 1837/2276/2764 1836/2275/2763 1857/2291/2793 1856/2292/2794
s off
f 1836/2207/2795 1822/2206/2796 1854/2209/2797 1857/2212/2798
s 4
f 1824/2262/2750 1825/2263/2751 1859/2293/2799 1858/2294/2800
s off
f 1825/2221/2801 1839/2224/2802 1860/2219/2803 1859/2218/2804
s 5
f 1839/2278/2766 1838/2277/2765 1861/2295/2805 1860/2296/2806
s off
f 1838/2215/2807 1824/2214/2808 1858/2217/2809 1861/2220/2810
s 4
f 1826/2264/2752 1827/2265/2753 1863/2297/2811 1862/2298/2812
s off
f 1827/2229/2813 1841/2232/2814 1864/2227/2815 1863/2226/2816
s 5
f 1841/2280/2768 1840/2279/2767 1865/2299/2817 1864/2300/2818
s off
f 1840/2223/2819 1826/2222/2820 1862/2225/2821 1865/2228/2822
s 4
f 1828/2266/2754 1829/2267/2755 1867/2301/2823 1866/2302/2824
s off
f 1829/2237/2825 1843/2240/2826 1868/2235/2827 1867/2234/2828
s 5
f 1843/2282/2770 1842/2281/2769 1869/2303/2829 1868/2304/2830
s off
f 1842/2231/2831 1828/2230/2832 1866/2233/2833 1869/2236/2834
s 4
f 1830/2268/2756 1831/2269/2757 1871/2305/2835 1870/2306/2836
s off
f 1831/2245/2837 1845/2248/2838 1872/2243/2839 1871/2242/2840
s 5
f 1845/2284/2772 1844/2283/2771 1873/2307/2841 1872/2308/2842
s off
f 1844/2239/2843 1830/2238/2844 1870/2241/2845 1873/2244/2846
s 4
f 1832/2270/2758 1833/2271/2759 1875/2309/2847 1874/2310/2848
s off
f 1833/2253/2849 1847/2256/2850 1876/2251/2851 1875/2250/2852
s 5
f 1847/2286/2774 1846/2285/2773 1877/2311/2853 1876/2312/2854
s off
f 1846/2247/2855 1832/2246/2856 1874/2249/2857 1877/2252/2858
s 6
f 1939/2313/2859 1940/2314/2860 2016/2315/2861 2017/2316/2862
s 7
f 1937/2317/2863 1938/2318/2864 2018/2319/2865 2019/2320/2866
s 8
f 1941/2321/2867 1934/2322/2868 2032/2323/2869 2015/2324/2870
s 9
f 1880/2325/2871 1881/2326/2872 1884/2327/2873 1885/2328/2874 1891/2329/2875 1890/2330/2876 1887/2331/2877 1886/2332/2878
s 8
f 1934/2322/2868 1935/2333/2879 2031/2334/2880 2032/2323/2869
s 7
f 1936/2335/2881 1937/2317/2863 2019/2320/2866 2020/2336/2882
s 10
f 1888/2337/2883 1889/2338/2884 1892/2339/2885 1893/2340/2886 1883/2341/2887 1882/2342/2888 1879/2343/2889 1878/2344/2890
s 11
f 2015/2324/2891 2016/2315/2892 1940/2314/2893 1941/2321/2894
s 6
f 2017/2316/2862 2018/2319/2895 1938/2318/2896 1939/2313/2859
s 8
f 2050/2345/2897 2033/2346/2898 1903/2347/2899 1904/2348/2900
s 11
f 1904/2348/2901 1905/2349/2902 2049/2350/2903 2050/2345/2904
s 6
f 2048/2351/2905 2049/2350/2906 1905/2349/2907 1906/2352/2908
f 1906/2352/2908 1907/2353/2909 2047/2354/2910 2048/2351/2905
s 7
f 2046/2355/2911 2047/2354/2912 1907/2353/2913 1908/2356/2914
f 2045/2357/2915 2046/2355/2911 1908/2356/2914 1909/2358/2916
s 8
f 2033/2346/2898 2034/2359/2917 1902/2360/2918 1903/2347/2899
f 1903/2347/2899 1902/2360/2918 1910/2361/2919 1911/2362/2920
f 1904/2348/2900 1903/2347/2899 1911/2362/2920 1912/2363/2921
s 11
f 1912/2363/2922 1913/2364/2923 1905/2349/2902 1904/2348/2901
s 6
f 1906/2352/2908 1905/2349/2907 1913/2364/2924 1914/2365/2925
f 1914/2365/2925 1915/2366/2926 1907/2353/2909 1906/2352/2908
s 7
f 1908/2356/2914 1907/2353/2913 1915/2366/2927 1916/2367/2928
f 1909/2358/2916 1908/2356/2914 1916/2367/2928 1917/2368/2929
s off
f 1917/2369/2930 1910/2370/2931 1902/2371/2932 1909/2372/2933
s 16
f 1959/2373/2934 1958/2374/2935 1960/2375/2936 1961/2376/2937
f 1962/2377/2938 1959/2373/2934 1961/2376/2937 1963/2378/2939
s off
f 1963/2378/2940 1964/2379/2941 1965/2380/2942 1962/2377/2943
s 17
f 1966/2381/2944 1965/2380/2945 1964/2379/2946 1967/2382/2947
f 1967/2382/2947 1968/2383/2948 1969/2384/2949 1966/2381/2944
s 18
f 1970/2385/2950 1969/2384/2951 1968/2383/2952 1971/2386/2953
f 1972/2387/2954 1970/2385/2950 1971/2386/2953 1973/2388/2955
s off
f 1960/2389/2956 1958/2390/2957 1972/2391/2958 1973/2392/2959
s 19
f 1943/2393/2960 1942/2394/2961 1944/2395/2962 1945/2396/2963
s off
f 1946/2397/2964 1944/2398/2965 1942/2399/2966 1947/2400/2967
s 20
f 1947/2401/2968 1948/2402/2969 1949/2403/2970 1946/2404/2971
f 1950/2405/2972 1951/2406/2973 1949/2403/2970 1948/2402/2969
s 21
f 1952/2407/2974 1951/2406/2975 1950/2405/2976 1953/2408/2977
f 1954/2409/2978 1955/2410/2979 1952/2407/2974 1953/2408/2977
s off
f 1956/2411/2980 1955/2410/2981 1954/2409/2982 1957/2412/2983
s 19
f 1943/2393/2960 1945/2396/2963 1956/2411/2984 1957/2412/2985
s 11
f 1895/2413/2986 1896/2414/2987 1927/2415/2988 1926/2416/2989
s 6
f 1928/2417/2990 1927/2415/2991 1896/2414/2992 1897/2418/2993
f 1897/2418/2993 1898/2419/2994 1929/2420/2995 1928/2417/2990
s 7
f 1930/2421/2996 1929/2420/2997 1898/2419/2998 1899/2422/2999
f 1931/2423/3000 1930/2421/2996 1899/2422/2999 1900/2424/3001
s 25
f 2092/2425/3002 2087/2426/3003 2093/2427/3004 2094/2428/3005
s 8
f 1933/2429/3006 1932/2430/3007 1901/2431/3008 1894/2432/3009
f 1926/2416/3010 1933/2429/3006 1894/2432/3009 1895/2413/3011
f 1918/2433/3012 1919/2434/3013 1935/2333/2879 1934/2322/2868
s off
f 1936/2435/3014 1935/2436/3015 1919/2437/3016 1920/2438/3017
s 7
f 1920/2439/3018 1921/2440/3019 1937/2317/2863 1936/2335/2881
f 1921/2440/3019 1922/2441/3020 1938/2318/2864 1937/2317/2863
s 6
f 1939/2313/2859 1938/2318/2896 1922/2441/3021 1923/2442/3022
f 1923/2442/3022 1924/2443/3023 1940/2314/2860 1939/2313/2859
s 11
f 1941/2321/2894 1940/2314/2893 1924/2443/3024 1925/2444/3025
s 8
f 1925/2444/3026 1918/2433/3012 1934/2322/2868 1941/2321/2867
s 10
f 1878/2344/2890 1879/2343/2889 1942/2445/3027 1943/2446/3028
s 27
f 1919/2434/3029 1918/2433/3030 1945/2396/3031 1944/2395/3032
f 1920/2438/3033 1919/2437/3029 1944/2398/3032 1946/2397/3034
s 10
f 1879/2343/2889 1882/2342/2888 1947/2447/3035 1942/2445/3027
f 1882/2342/2888 1883/2341/2887 1948/2448/3036 1947/2447/3035
s 27
f 1921/2440/3037 1920/2439/3033 1946/2404/3034 1949/2403/3038
f 1922/2441/3039 1921/2440/3037 1949/2403/3038 1951/2406/3040
s 10
f 1883/2341/2887 1893/2340/2886 1950/2449/3041 1948/2448/3036
s 27
f 1923/2442/3042 1922/2441/3039 1951/2406/3040 1952/2407/3043
s 10
f 1893/2340/2886 1892/2339/2885 1953/2450/3044 1950/2449/3041
s 27
f 1924/2443/3045 1923/2442/3042 1952/2407/3043 1955/2410/3046
s 10
f 1892/2339/2885 1889/2338/2884 1954/2451/3047 1953/2450/3044
s 27
f 1925/2444/3048 1924/2443/3045 1955/2410/3046 1956/2411/3049
s 10
f 1889/2338/2884 1888/2337/2883 1957/2452/3050 1954/2451/3047
s 27
f 1918/2433/3030 1925/2444/3048 1956/2411/3049 1945/2396/3031
s 10
f 1888/2337/2883 1878/2344/2890 1943/2446/3028 1957/2452/3050
s 28
f 1911/2362/3051 1910/2361/3052 1958/2374/3053 1959/2373/3054
s 9
f 1881/2326/2872 1880/2325/2871 1961/2453/3055 1960/2389/3056
s 28
f 1912/2363/3057 1911/2362/3051 1959/2373/3054 1962/2377/3058
s 9
f 1880/2325/2871 1886/2332/2878 1963/2454/3059 1961/2453/3055
f 1886/2332/2878 1887/2331/2877 1964/2455/3060 1963/2454/3059
s 28
f 1913/2364/3061 1912/2363/3057 1962/2377/3058 1965/2380/3062
f 1914/2365/3063 1913/2364/3061 1965/2380/3062 1966/2381/3064
s 9
f 1887/2331/2877 1890/2330/2876 1967/2456/3065 1964/2455/3060
f 1890/2330/2876 1891/2329/2875 1968/2457/3066 1967/2456/3065
s 28
f 1915/2366/3067 1914/2365/3063 1966/2381/3064 1969/2384/3068
f 1916/2367/3069 1915/2366/3067 1969/2384/3068 1970/2385/3070
s 9
f 1891/2329/2875 1885/2328/2874 1971/2458/3071 1968/2457/3066
s 28
f 1917/2368/3072 1916/2367/3069 1970/2385/3070 1972/2387/3073
s 9
f 1885/2328/2874 1884/2327/2873 1973/2392/3074 1971/2458/3071
s 28
f 1910/2370/3052 1917/2369/3072 1972/2391/3073 1958/2390/3053
s 9
f 1884/2327/2873 1881/2326/2872 1960/2389/3056 1973/2392/3074
s 29
f 2091/2459/3075 2092/2460/3076 2094/2461/3077 2095/2462/3078
s 8
f 2030/2463/3079 2031/2334/2880 1935/2333/2879 1976/2464/3080
s 30
f 1935/2436/3081 1936/2435/3082 1977/2465/3083 1976/2466/3084
s 7
f 1936/2335/2881 2020/2336/2882 2021/2467/3085 1977/2468/3086
s 31
f 1909/2372/3087 1902/2371/3088 1979/2469/3089 1978/2470/3090
s 8
f 1902/2360/2918 2034/2359/2917 2035/2471/3091 1979/2472/3092
s 32
f 2098/2473/3093 2093/2427/3094 2087/2426/3095 2088/2474/3096
s 7
f 2044/2475/3097 2045/2357/2915 1909/2358/2916 1978/2476/3098
s 29
f 2090/2477/3099 2103/2478/3100 2104/2479/3101 2096/2480/3102
s 34
f 2029/2481/3103 2107/2482/3104 2108/2483/3105 1984/2484/3106
s 30
f 1976/2466/3084 1977/2465/3083 1990/2485/3107
s 35
f 2099/2486/3108 2100/2487/3109 2022/2488/3110 1985/2489/3111
s 31
f 1978/2470/3090 1979/2469/3089 1987/2490/3112 1986/2491/3113
s 36
f 1979/2472/3114 2035/2471/3115 2036/2492/3116 1987/2493/3117
s 32
f 2097/2494/3118 2098/2473/3093 2088/2474/3096 2089/2495/3119
s 37
f 2043/2496/3120 2044/2475/3121 1978/2476/3122 1986/2497/3123
s 38
f 2089/2495/3124 2090/2477/3125 2096/2480/3126 2097/2494/3127
s 30
f 1976/2466/3084 1990/2485/3107 1984/2498/3128 2108/2499/3129
f 1990/2485/3107 1977/2465/3083 2099/2500/3130 1985/2501/3131
s 39
f 2023/2502/3132 2024/2503/3133 1994/2504/3134 1996/2505/3135
s 40
f 2024/2506/3136 2025/2507/3137 1995/2508/3138 1994/2509/3139
s 39
f 1998/2510/3140 1997/2511/3141 2041/2512/3142 2042/2513/3143
s 40
f 1997/2514/3144 1999/2515/3145 2040/2516/3146 2041/2517/3147
s 39
f 1985/2489/3148 2022/2488/3149 2023/2502/3132 1996/2505/3135
f 2042/2513/3143 2043/2496/3150 1986/2497/3151 1998/2510/3140
f 1993/2518/3152 1982/2519/3153 1989/2520/3154 2000/2521/3155
s 40
f 1991/2522/3156 1992/2523/3157 2001/2524/3158 2002/2525/3159
s 39
f 1992/2526/3160 1993/2518/3152 2000/2521/3155 2001/2527/3161
s 40
f 2026/2528/3162 2027/2529/3163 2007/2530/3164 2006/2531/3165
s 46
f 2027/2532/3166 2028/2533/3167 2008/2534/3168 2007/2535/3169
f 2028/2533/3167 2029/2481/3170 1984/2484/3171 2008/2534/3168
f 1987/2493/3172 2036/2492/3173 2037/2536/3174 2010/2537/3175
f 1983/2538/3176 2003/2539/3177 2012/2540/3178 1988/2541/3179
s 40
f 2025/2507/3137 2026/2528/3162 2006/2531/3165 1995/2508/3138
f 2039/2542/3180 2040/2516/3146 1999/2515/3145 2009/2543/3181
f 2005/2544/3182 1991/2522/3156 2002/2525/3159 2014/2545/3183
s 30
f 2007/2546/3184 1990/2485/3107 1994/2547/3185
s 31
f 2009/2548/3186 1999/2549/3187 1997/2550/3188 1998/2551/3189 1986/2491/3113 1987/2490/3112 2010/2552/3190 2011/2553/3191
s 46
f 2003/2539/3177 2004/2554/3192 2013/2555/3193 2012/2540/3178
s 40
f 2004/2556/3194 2005/2544/3182 2014/2545/3183 2013/2557/3195
f 2009/2543/3181 2011/2558/3196 2038/2559/3197 2039/2542/3180
s 46
f 2011/2560/3198 2010/2537/3175 2037/2536/3174 2038/2561/3199
s 11
f 2051/2562/3200 2052/2563/3201 2016/2315/2892 2015/2324/2891
s 6
f 2017/2316/2862 2016/2315/2861 2052/2563/3202 2053/2564/3203
f 2053/2564/3203 2054/2565/3204 2018/2319/2895 2017/2316/2862
s 7
f 2019/2320/2866 2018/2319/2865 2054/2565/3205 2055/2566/3206
f 2020/2336/2882 2019/2320/2866 2055/2566/3206 2056/2567/3207
f 2021/2467/3085 2020/2336/2882 2056/2567/3207 2057/2568/3208
s 35
f 2022/2488/3110 2100/2487/3109 2101/2569/3209 2058/2570/3210
s 39
f 2023/2502/3132 2022/2488/3149 2058/2570/3211 2059/2571/3212
f 2059/2571/3212 2060/2572/3213 2024/2503/3133 2023/2502/3132
s 40
f 2060/2573/3214 2061/2574/3215 2025/2507/3137 2024/2506/3136
f 2062/2575/3216 2063/2576/3217 2027/2529/3163 2026/2528/3162
s 46
f 2063/2577/3218 2064/2578/3219 2028/2533/3167 2027/2532/3166
f 2064/2578/3219 2065/2579/3220 2029/2481/3170 2028/2533/3167
s 34
f 2065/2579/3221 2106/2580/3222 2107/2482/3104 2029/2481/3103
s 8
f 2066/2581/3223 2067/2582/3224 2031/2334/2880 2030/2463/3079
f 2032/2323/2869 2031/2334/2880 2067/2582/3224 2068/2583/3225
f 2015/2324/2870 2032/2323/2869 2068/2583/3225 2051/2562/3226
f 2069/2584/3227 2070/2585/3228 2034/2359/2917 2033/2346/2898
f 2035/2471/3091 2034/2359/2917 2070/2585/3228 2071/2586/3229
s 36
f 2036/2492/3116 2035/2471/3115 2071/2586/3230 2072/2587/3231
s 46
f 2037/2536/3174 2036/2492/3173 2072/2587/3232 2073/2588/3233
f 2038/2561/3199 2037/2536/3174 2073/2588/3233 2074/2589/3234
s 40
f 2039/2542/3180 2038/2559/3197 2074/2590/3235 2075/2591/3236
f 2041/2517/3147 2040/2516/3146 2076/2592/3237 2077/2593/3238
s 39
f 2042/2513/3143 2041/2512/3142 2077/2594/3239 2078/2595/3240
f 2078/2595/3240 2079/2596/3241 2043/2496/3150 2042/2513/3143
s 37
f 2079/2596/3242 2080/2597/3243 2044/2475/3121 2043/2496/3120
s 7
f 2080/2597/3244 2081/2598/3245 2045/2357/2915 2044/2475/3097
f 2081/2598/3245 2082/2599/3246 2046/2355/2911 2045/2357/2915
f 2082/2599/3246 2083/2600/3247 2047/2354/2912 2046/2355/2911
s 6
f 2048/2351/2905 2047/2354/2910 2083/2600/3248 2084/2601/3249
f 2084/2601/3249 2085/2602/3250 2049/2350/2906 2048/2351/2905
s 11
f 2050/2345/2904 2049/2350/2903 2085/2602/3251 2086/2603/3252
s 8
f 2086/2603/3253 2069/2584/3227 2033/2346/2898 2050/2345/2897
s 11
f 1926/2416/2989 1927/2415/2988 2052/2563/3201 2051/2562/3200
s 6
f 2053/2564/3203 2052/2563/3202 1927/2415/2991 1928/2417/2990
f 1928/2417/2990 1929/2420/2995 2054/2565/3204 2053/2564/3203
s 7
f 2055/2566/3206 2054/2565/3205 1929/2420/2997 1930/2421/2996
f 2056/2567/3207 2055/2566/3206 1930/2421/2996 1931/2423/3000
f 2057/2568/3208 2056/2567/3207 1931/2423/3000 1974/2604/3254
s 35
f 2058/2570/3210 2101/2569/3209 2102/2605/3255 1982/2519/3256
s 39
f 2059/2571/3212 2058/2570/3211 1982/2519/3153 1993/2518/3152
f 1993/2518/3152 1992/2526/3160 2060/2572/3213 2059/2571/3212
s 40
f 1992/2523/3157 1991/2522/3156 2061/2574/3215 2060/2573/3214
f 1991/2522/3156 2005/2544/3182 2062/2575/3216 2061/2574/3215
f 2005/2544/3182 2004/2556/3194 2063/2576/3217 2062/2575/3216
s 46
f 2004/2554/3192 2003/2539/3177 2064/2578/3219 2063/2577/3218
f 1983/2538/3176 2065/2579/3220 2064/2578/3219 2003/2539/3177
s 34
f 2105/2606/3257 2106/2580/3222 2065/2579/3221 1983/2538/3258
s 8
f 1932/2430/3007 2067/2582/3224 2066/2581/3223 1975/2607/3259
f 2068/2583/3225 2067/2582/3224 1932/2430/3007 1933/2429/3006
f 2051/2562/3226 2068/2583/3225 1933/2429/3006 1926/2416/3010
f 1894/2432/3009 1901/2431/3008 2070/2585/3228 2069/2584/3227
f 2071/2586/3229 2070/2585/3228 1901/2431/3008 1980/2608/3260
s 36
f 2072/2587/3231 2071/2586/3230 1980/2608/3261 1988/2541/3262
s 46
f 2073/2588/3233 2072/2587/3232 1988/2541/3179 2012/2540/3178
f 2074/2589/3234 2073/2588/3233 2012/2540/3178 2013/2555/3193
s 40
f 2075/2591/3236 2074/2590/3235 2013/2557/3195 2014/2545/3183
f 2002/2525/3159 2076/2592/3237 2075/2591/3236 2014/2545/3183
f 2077/2593/3238 2076/2592/3237 2002/2525/3159 2001/2524/3158
s 39
f 2078/2595/3240 2077/2594/3239 2001/2527/3161 2000/2521/3155
f 1989/2520/3154 2079/2596/3241 2078/2595/3240 2000/2521/3155
s 37
f 1981/2609/3263 2080/2597/3243 2079/2596/3242 1989/2520/3264
s 7
f 1900/2424/3001 2081/2598/3245 2080/2597/3244 1981/2609/3265
f 1900/2424/3001 1899/2422/2999 2082/2599/3246 2081/2598/3245
f 1899/2422/2999 1898/2419/2998 2083/2600/3247 2082/2599/3246
s 6
f 2084/2601/3249 2083/2600/3248 1898/2419/2994 1897/2418/2993
f 1897/2418/2993 1896/2414/2992 2085/2602/3250 2084/2601/3249
s 11
f 2086/2603/3252 2085/2602/3251 1896/2414/2987 1895/2413/2986
s 8
f 1895/2413/3011 1894/2432/3009 2069/2584/3227 2086/2603/3253
s 32
f 2088/2474/3096 2087/2426/3095 1900/2610/3266 1981/2611/3267
f 2089/2495/3119 2088/2474/3096 1981/2611/3267 1989/2612/3268
s 38
f 1982/2613/3269 2090/2477/3125 2089/2495/3124 1989/2612/3270
s 29
f 2102/2614/3271 2103/2478/3100 2090/2477/3099 1982/2613/3272
f 1931/2615/3273 2092/2460/3076 2091/2459/3075 1974/2616/3274
s 25
f 1900/2610/3275 2087/2426/3003 2092/2425/3002 1931/2617/3276
f 2094/2428/3005 2093/2427/3004 1901/2618/3277 1932/2619/3278
s 29
f 2095/2462/3078 2094/2461/3077 1932/2620/3279 1975/2621/3280
f 2096/2480/3102 2104/2479/3101 2105/2622/3281 1983/2623/3282
s 38
f 2097/2494/3127 2096/2480/3126 1983/2623/3283 1988/2624/3284
s 32
f 1980/2625/3285 2098/2473/3093 2097/2494/3118 1988/2624/3286
f 1901/2618/3287 2093/2427/3094 2098/2473/3093 1980/2625/3285
s 35
f 1977/2468/3288 2021/2467/3289 2100/2487/3109 2099/2486/3108
f 2101/2569/3209 2100/2487/3109 2021/2467/3289 2057/2568/3290
f 2102/2605/3255 2101/2569/3209 2057/2568/3290 1974/2604/3291
s 29
f 1974/2616/3274 2091/2459/3075 2103/2478/3100 2102/2614/3271
f 2104/2479/3101 2103/2478/3100 2091/2459/3075 2095/2462/3078
f 2105/2622/3281 2104/2479/3101 2095/2462/3078 1975/2621/3280
s 34
f 1975/2607/3292 2066/2581/3293 2106/2580/3222 2105/2606/3257
f 2107/2482/3104 2106/2580/3222 2066/2581/3293 2030/2463/3294
f 2108/2483/3105 2107/2482/3104 2030/2463/3294 1976/2464/3295
s 30
f 2007/2546/3184 1994/2547/3185 1995/2626/3296 2006/2627/3297
f 1994/2547/3185 1990/2485/3107 1985/2501/3131 1996/2628/3298
f 1984/2498/3128 1990/2485/3107 2007/2546/3184 2008/2629/3299
s 40
f 2061/2574/3215 2062/2575/3216 2110/2630/3300 2109/2631/3301
f 2062/2575/3216 2026/2528/3162 2111/2632/3302 2110/2630/3300
f 2026/2528/3162 2025/2507/3137 2112/2633/3303 2111/2632/3302
f 2025/2507/3137 2061/2574/3215 2109/2631/3301 2112/2633/3303
f 2075/2591/3236 2076/2592/3237 2114/2634/3304 2113/2635/3305
f 2076/2592/3237 2040/2516/3146 2115/2636/3306 2114/2634/3304
f 2040/2516/3146 2039/2542/3180 2116/2637/3307 2115/2636/3306
f 2039/2542/3180 2075/2591/3236 2113/2635/3305 2116/2637/3307
s 49
f 2109/2638/3308 2110/2639/3309 2118/2640/3310 2117/2641/3311
s 50
f 2110/2642/3312 2111/2643/3313 2119/2644/3314 2118/2645/3315
s 51
f 2111/2646/3316 2112/2647/3317 2120/2648/3318 2119/2649/3319
s 52
f 2112/2650/3320 2109/2651/3321 2117/2652/3322 2120/2653/3323
s 53
f 2113/2654/3324 2114/2655/3325 2122/2656/3326 2121/2657/3327
s 54
f 2114/2658/3328 2115/2659/3329 2123/2660/3330 2122/2661/3331
s 55
f 2115/2662/3332 2116/2663/3333 2124/2664/3334 2123/2665/3335
s 56
f 2116/2666/3336 2113/2667/3337 2121/2668/3338 2124/2669/3339
s 49
f 2117/2641/3311 2118/2640/3310 2126/2670/3340 2125/2671/3341
s 50
f 2118/2645/3315 2119/2644/3314 2127/2672/3342 2126/2673/3343
s 51
f 2119/2649/3319 2120/2648/3318 2128/2674/3344 2127/2675/3345
s 52
f 2120/2653/3323 2117/2652/3322 2125/2676/3346 2128/2677/3347
s 53
f 2121/2657/3327 2122/2656/3326 2130/2678/3348 2129/2679/3349
s 54
f 2122/2661/3331 2123/2660/3330 2131/2680/3350 2130/2681/3351
s 55
f 2123/2665/3335 2124/2664/3334 2132/2682/3352 2131/2683/3353
s 56
f 2124/2669/3339 2121/2668/3338 2129/2684/3354 2132/2685/3355
s 57
f 2133/2686/3356 2134/2687/3357 2142/2688/3358 2141/2689/3359
s 58
f 2134/2687/3360 2135/2690/3361 2143/2691/3362 2142/2688/3363
s 59
f 2135/2690/3364 2136/2692/3365 2144/2693/3366 2143/2691/3367
s 60
f 2136/2692/3368 2137/2694/3369 2145/2695/3370 2144/2693/3371
s 61
f 2138/2696/3372 2139/2697/3373 2147/2698/3374 2146/2699/3375
s 62
f 2140/2700/3376 2133/2686/3377 2141/2689/3378 2148/2701/3379
s 63
f 2150/2702/3380 2149/2703/3381 2151/2704/3382
f 2152/2705/3383 2150/2702/3380 2151/2704/3382
f 2153/2706/3384 2152/2705/3383 2151/2704/3382
f 2154/2707/3385 2153/2706/3384 2151/2704/3382
f 2155/2708/3386 2154/2707/3385 2151/2704/3382
f 2156/2709/3387 2155/2708/3386 2151/2704/3382
f 2157/2710/3388 2156/2709/3387 2151/2704/3382
f 2149/2703/3381 2157/2710/3388 2151/2704/3382
s 64
f 2158/2711/3389 2159/2712/3390 2160/2713/3391
f 2159/2712/3390 2161/2714/3392 2160/2713/3391
f 2161/2714/3392 2162/2715/3393 2160/2713/3391
f 2162/2715/3393 2163/2716/3394 2160/2713/3391
f 2163/2716/3394 2164/2717/3395 2160/2713/3391
f 2164/2717/3395 2165/2718/3396 2160/2713/3391
f 2165/2718/3396 2166/2719/3397 2160/2713/3391
f 2166/2719/3397 2158/2711/3389 2160/2713/3391
s 50
f 2126/2673/3343 2127/2672/3342 2148/2720/3398 2147/2721/3399
s 51
f 2127/2675/3345 2128/2674/3344 2140/2700/3400 2148/2701/3401
s 52
f 2128/2677/3347 2125/2676/3346 2139/2722/3402 2140/2723/3403
s 49
f 2125/2671/3341 2126/2670/3340 2147/2698/3404 2139/2697/3405
s 54
f 2130/2681/3351 2131/2680/3350 2137/2724/3406 2138/2725/3407
s 55
f 2131/2683/3353 2132/2682/3352 2145/2695/3408 2137/2694/3409
s 56
f 2132/2685/3355 2129/2684/3354 2146/2726/3410 2145/2727/3411
s 53
f 2129/2679/3349 2130/2678/3348 2138/2696/3412 2146/2699/3413
s 57
f 2134/2687/3357 2133/2686/3356 2149/2728/3414 2150/2702/3415
s 58
f 2135/2690/3361 2134/2687/3360 2150/2702/3416 2152/2705/3417
s 59
f 2136/2692/3365 2135/2690/3364 2152/2705/3418 2153/2729/3419
s 60
f 2137/2694/3369 2136/2692/3368 2153/2729/3420 2154/2730/3421
s off
f 2138/2725/3422 2137/2724/3423 2154/2707/3424 2155/2708/3425
s 61
f 2139/2731/3373 2138/2732/3372 2155/2708/3426 2156/2709/3427
s off
f 2140/2723/3428 2139/2722/3429 2156/2709/3430 2157/2710/3431
s 62
f 2133/2686/3377 2140/2700/3376 2157/2733/3432 2149/2728/3433
s 57
f 2141/2689/3359 2142/2688/3358 2159/2712/3434 2158/2734/3435
s 58
f 2142/2688/3363 2143/2691/3362 2161/2714/3436 2159/2712/3437
s 59
f 2143/2691/3367 2144/2693/3366 2162/2735/3438 2161/2714/3439
s 60
f 2144/2693/3371 2145/2695/3370 2163/2736/3440 2162/2735/3441
s off
f 2145/2727/3442 2146/2726/3443 2164/2717/3444 2163/2716/3445
s 61
f 2146/2699/3375 2147/2698/3374 2165/2737/3446 2164/2738/3447
s off
f 2147/2721/3448 2148/2720/3449 2166/2719/3450 2165/2718/3451
s 62
f 2148/2701/3379 2141/2689/3378 2158/2734/3452 2166/2739/3453
s off
f 2197/2740/3454 2198/2741/3455 2199/2742/3456 2200/2743/3457
f 2168/2744/3458 2169/2745/3459 2183/2746/3460 2182/2747/3461
f 2201/2748/3462 2202/2749/3463 2203/2750/3464 2204/2751/3465
f 2170/2752/3466 2171/2753/3467 2185/2754/3468 2184/2755/3469
f 2205/2756/3470 2206/2757/3471 2207/2758/3472 2208/2759/3473
f 2172/2760/3474 2173/2761/3475 2187/2762/3476 2186/2763/3477
f 2209/2764/3478 2210/2765/3479 2211/2766/3480 2212/2767/3481
f 2174/2768/3482 2175/2769/3483 2189/2770/3484 2188/2771/3485
f 2213/2772/3486 2214/2773/3487 2215/2774/3488 2216/2775/3489
f 2176/2776/3490 2177/2777/3491 2191/2778/3492 2190/2779/3493
f 2217/2780/3494 2218/2781/3495 2219/2782/3496 2220/2783/3497
f 2178/2784/3498 2179/2785/3499 2193/2786/3500 2192/2787/3501
f 2221/2788/3502 2222/2789/3503 2223/2790/3504 2224/2791/3505
f 2180/2792/3506 2167/2793/3507 2181/2794/3508 2194/2795/3509
s 65
f 2168/2796/3510 2167/2797/3511 2195/2798/3512
f 2169/2799/3513 2168/2796/3510 2195/2798/3512
f 2170/2800/3514 2169/2799/3513 2195/2798/3512
f 2171/2801/3515 2170/2800/3514 2195/2798/3512
f 2172/2802/3516 2171/2801/3515 2195/2798/3512
f 2173/2803/3517 2172/2802/3516 2195/2798/3512
f 2174/2804/3518 2173/2803/3517 2195/2798/3512
f 2175/2805/3519 2174/2804/3518 2195/2798/3512
f 2176/2806/3520 2175/2805/3519 2195/2798/3512
f 2177/2807/3521 2176/2806/3520 2195/2798/3512
f 2178/2808/3522 2177/2807/3521 2195/2798/3512
f 2179/2809/3523 2178/2808/3522 2195/2798/3512
f 2180/2810/3524 2179/2809/3523 2195/2798/3512
f 2167/2797/3511 2180/2810/3524 2195/2798/3512
s 66
f 2181/2811/3525 2182/2812/3526 2196/2813/3527
f 2182/2812/3526 2183/2814/3528 2196/2813/3527
f 2183/2814/3528 2184/2815/3529 2196/2813/3527
f 2184/2815/3529 2185/2816/3530 2196/2813/3527
f 2185/2816/3530 2186/2817/3531 2196/2813/3527
f 2186/2817/3531 2187/2818/3532 2196/2813/3527
f 2187/2818/3532 2188/2819/3533 2196/2813/3527
f 2188/2819/3533 2189/2820/3534 2196/2813/3527
f 2189/2820/3534 2190/2821/3535 2196/2813/3527
f 2190/2821/3535 2191/2822/3536 2196/2813/3527
f 2191/2822/3536 2192/2823/3537 2196/2813/3527
f 2192/2823/3537 2193/2824/3538 2196/2813/3527
f 2193/2824/3538 2194/2825/3539 2196/2813/3527
f 2194/2825/3539 2181/2811/3525 2196/2813/3527
s 65
f 2167/2797/3511 2168/2796/3510 2198/2826/3540 2197/2827/3541
s off
f 2168/2744/3542 2182/2747/3543 2199/2742/3544 2198/2741/3545
s 66
f 2182/2812/3526 2181/2811/3525 2200/2828/3546 2199/2829/3547
s off
f 2181/2794/3548 2167/2793/3549 2197/2740/3550 2200/2743/3551
s 65
f 2169/2799/3513 2170/2800/3514 2202/2830/3552 2201/2831/3553
s off
f 2170/2752/3554 2184/2755/3555 2203/2750/3556 2202/2749/3557
s 66
f 2184/2815/3529 2183/2814/3528 2204/2832/3558 2203/2833/3559
s off
f 2183/2746/3560 2169/2745/3561 2201/2748/3562 2204/2751/3563
s 65
f 2171/2801/3515 2172/2802/3516 2206/2834/3564 2205/2835/3565
s off
f 2172/2760/3566 2186/2763/3567 2207/2758/3568 2206/2757/3569
s 66
f 2186/2817/3531 2185/2816/3530 2208/2836/3570 2207/2837/3571
s off
f 2185/2754/3572 2171/2753/3573 2205/2756/3574 2208/2759/3575
s 65
f 2173/2803/3517 2174/2804/3518 2210/2838/3576 2209/2839/3577
s off
f 2174/2768/3578 2188/2771/3579 2211/2766/3580 2210/2765/3581
s 66
f 2188/2819/3533 2187/2818/3532 2212/2840/3582 2211/2841/3583
s off
f 2187/2762/3584 2173/2761/3585 2209/2764/3586 2212/2767/3587
s 65
f 2175/2805/3519 2176/2806/3520 2214/2842/3588 2213/2843/3589
s off
f 2176/2776/3590 2190/2779/3591 2215/2774/3592 2214/2773/3593
s 66
f 2190/2821/3535 2189/2820/3534 2216/2844/3594 2215/2845/3595
s off
f 2189/2770/3596 2175/2769/3597 2213/2772/3598 2216/2775/3599
s 65
f 2177/2807/3521 2178/2808/3522 2218/2846/3600 2217/2847/3601
s off
f 2178/2784/3602 2192/2787/3603 2219/2782/3604 2218/2781/3605
s 66
f 2192/2823/3537 2191/2822/3536 2220/2848/3606 2219/2849/3607
s off
f 2191/2778/3608 2177/2777/3609 2217/2780/3610 2220/2783/3611
s 65
f 2179/2809/3523 2180/2810/3524 2222/2789/3612 2221/2788/3613
s off
f 2180/2792/3614 2194/2795/3615 2223/2850/3616 2222/2851/3617
s 66
f 2194/2825/3539 2193/2824/3538 2224/2791/3618 2223/2790/3619
s off
f 2193/2786/3620 2179/2785/3621 2221/2788/3622 2224/2791/3623
s 67
f 2254/2852/3624 2255/2853/3625 2256/2854/3626
s 68
f 2257/2855/3627 2258/2856/3628 2259/2857/3629
f 2260/2858/3630 2261/2859/3631 2262/2860/3632
s 70
f 2259/2857/3633 2263/2861/3634 2264/2862/3635
s 67
f 2265/2863/3636 2255/2853/3625 2254/2852/3624
s 70
f 2264/2862/3635 2263/2861/3634 2261/2859/3637
s 71
f 2256/2854/3638 2258/2856/3639 2257/2855/3640
f 2260/2858/3641 2262/2860/3642 2265/2863/3643
f 2256/2854/3638 2266/2864/3644 2258/2856/3639
s 68
f 2259/2857/3629 2258/2856/3628 2266/2864/3645
f 2259/2857/3629 2266/2864/3645 2263/2861/3646
f 2261/2859/3631 2263/2861/3646 2266/2864/3645
f 2262/2860/3632 2261/2859/3631 2266/2864/3645
s 71
f 2265/2863/3643 2262/2860/3642 2266/2864/3644
f 2265/2863/3643 2266/2864/3644 2255/2853/3647
f 2256/2854/3638 2255/2853/3647 2266/2864/3644
s 73
f 2227/2865/3648 2230/2866/3649 2237/2867/3650
s 74
f 2228/2868/3651 2233/2869/3652 2234/2870/3653
f 2225/2871/3654 2236/2872/3655 2229/2873/3656
s 76
f 2233/2869/3657 2226/2874/3658 2235/2875/3659
s 73
f 2231/2876/3660 2227/2865/3648 2237/2867/3650
s 76
f 2226/2874/3658 2229/2873/3661 2235/2875/3659
s 77
f 2230/2866/3662 2228/2868/3663 2234/2870/3664
f 2225/2871/3665 2231/2876/3666 2236/2872/3667
f 2230/2866/3662 2234/2870/3664 2232/2877/3668
s 74
f 2233/2869/3652 2232/2877/3669 2234/2870/3653
f 2233/2869/3652 2235/2875/3670 2232/2877/3669
f 2229/2873/3656 2232/2877/3669 2235/2875/3670
f 2236/2872/3655 2232/2877/3669 2229/2873/3656
s 77
f 2231/2876/3666 2232/2877/3668 2236/2872/3667
f 2231/2876/3666 2237/2867/3671 2232/2877/3668
f 2230/2866/3662 2232/2877/3668 2237/2867/3671
s 79
f 2230/2878/3672 2227/2879/3673 2238/2880/3674 2239/2881/3675
s 80
f 2233/2882/3676 2228/2883/3677 2240/2884/3678 2241/2885/3679
f 2225/2886/3680 2229/2887/3681 2243/2888/3682 2242/2889/3683
f 2226/2890/3684 2233/2882/3676 2241/2885/3679 2244/2891/3685
s 79
f 2227/2892/3673 2231/2893/3686 2245/2894/3687 2238/2895/3674
s 80
f 2229/2887/3681 2226/2896/3684 2244/2897/3685 2243/2888/3682
s 79
f 2228/2898/3688 2230/2878/3672 2239/2881/3675 2240/2899/3689
f 2231/2893/3686 2225/2900/3690 2242/2901/3691 2245/2894/3687
s 82
f 2239/2881/3692 2238/2880/3693 2246/2902/3694 2247/2903/3695
s off
f 2241/2885/3696 2240/2884/3697 2248/2904/3698 2249/2905/3699
f 2242/2889/3700 2243/2888/3701 2251/2906/3702 2250/2907/3703
s 83
f 2244/2891/3704 2241/2885/3705 2249/2905/3706 2252/2908/3707
s 82
f 2238/2895/3693 2245/2894/3708 2253/2909/3709 2246/2902/3694
s 83
f 2243/2888/3710 2244/2897/3704 2252/2908/3707 2251/2906/3711
s off
f 2240/2899/3712 2239/2881/3713 2247/2903/3714 2248/2904/3715
f 2245/2894/3716 2242/2901/3717 2250/2907/3718 2253/2909/3719
s 67
f 2247/2903/3720 2246/2902/3721 2254/2852/3624 2256/2854/3626
s 70
f 2249/2905/3722 2248/2904/3723 2257/2855/3724 2259/2857/3633
f 2250/2907/3725 2251/2906/3726 2261/2859/3637 2260/2858/3727
f 2252/2908/3728 2249/2905/3722 2259/2857/3633 2264/2862/3635
s 67
f 2246/2902/3721 2253/2909/3729 2265/2863/3636 2254/2852/3624
s 70
f 2251/2906/3726 2252/2908/3728 2264/2862/3635 2261/2859/3637
s 67
f 2248/2904/3730 2247/2903/3720 2256/2854/3626 2257/2855/3731
f 2253/2909/3729 2250/2907/3732 2260/2858/3733 2265/2863/3636
s off
f 2267/2910/3734 2268/2911/3735 2270/2912/3736 2269/2913/3737
f 2269/2914/3738 2270/2915/3739 2272/2916/3740 2271/2917/3741
f 2271/2917/3742 2272/2916/3743 2274/2918/3744 2273/2919/3745
f 2273/2919/3746 2274/2918/3747 2268/2920/3748 2267/2921/3749
f 2268/2911/3750 2274/2922/3751 2272/2923/3752 2270/2912/3753
f 2273/2919/3754 2267/2910/3755 2269/2913/3756 2271/2917/3757
f 2275/2924/3758 2276/2925/3759 2278/2926/3760 2277/2927/3761
f 2277/2928/3762 2278/2929/3763 2280/2930/3764 2279/2931/3765
f 2279/2931/3766 2280/2930/3767 2282/2932/3768 2281/2933/3769
f 2281/2933/3770 2282/2932/3771 2276/2934/3772 2275/2935/3773
f 2276/2925/3774 2282/2936/3775 2280/2937/3776 2278/2926/3777
f 2281/2933/3778 2275/2924/3779 2277/2927/3780 2279/2931/3781
s 84
f 2291/2938/3782 2292/2939/3783 2301/2940/3784 2302/2941/3785
s 85
f 2285/2942/3786 2286/2943/3787 2288/2944/3788 2287/2945/3789
s 86
f 2299/2946/3790 2300/2947/3791 2293/2948/3792 2294/2949/3793
s 87
f 2289/2950/3794 2290/2951/3795 2284/2952/3796 2283/2953/3797
s off
f 2292/2939/3798 2293/2948/3799 2300/2947/3800 2301/2940/3801
f 2294/2954/3802 2291/2938/3803 2302/2941/3804 2299/2955/3805
s 84
f 2295/2956/3806 2296/2957/3807 2292/2958/3783 2291/2959/3782
s 88
f 2331/2960/3808 2332/2961/3809 2333/2962/3810 2334/2963/3811
s 86
f 2294/2964/3793 2293/2965/3792 2297/2966/3812 2298/2967/3813
s 89
f 2335/2968/3814 2336/2969/3815 2337/2970/3816 2338/2971/3817
s 84
f 2303/2972/3818 2304/2973/3819 2296/2974/3807 2295/2975/3806
s off
f 2304/2973/3820 2305/2976/3821 2297/2977/3822 2296/2974/3823
s 86
f 2298/2978/3813 2297/2977/3812 2305/2976/3824 2306/2979/3825
s off
f 2306/2979/3826 2303/2980/3827 2295/2981/3828 2298/2978/3829
s 86
f 2287/2982/3830 2288/2983/3831 2300/2984/3791 2299/2985/3790
s 90
f 2340/2986/3832 2339/2987/3833 2341/2988/3834 2342/2989/3835
s 84
f 2302/2990/3785 2301/2991/3784 2286/2992/3836 2285/2993/3837
s 91
f 2344/2994/3838 2343/2995/3839 2345/2996/3840 2346/2997/3841
s 84
f 2283/2998/3842 2284/2999/3843 2304/3000/3819 2303/3001/3818
s 92
f 2348/3002/3844 2347/3003/3845 2349/3004/3846 2350/3005/3847
s 86
f 2306/3006/3825 2305/3007/3824 2290/3008/3848 2289/3009/3849
s 93
f 2351/3010/3850 2352/3011/3851 2353/3012/3852 2354/3013/3853
s 94
f 2296/3014/3854 2297/3015/3855 2308/3016/3856 2307/3017/3857
s 86
f 2297/2966/3812 2293/2965/3792 2309/3018/3858 2308/3019/3859
s 95
f 2293/3020/3860 2292/3021/3861 2310/3022/3862 2309/3023/3863
s 84
f 2292/2958/3783 2296/2957/3807 2307/3024/3864 2310/3025/3865
s 94
f 2298/3026/3866 2295/3027/3867 2312/3028/3868 2311/3029/3869
s 84
f 2295/2956/3806 2291/2959/3782 2313/3030/3870 2312/3031/3871
s 95
f 2291/3032/3872 2294/3033/3873 2314/3034/3874 2313/3035/3875
s 86
f 2294/2964/3793 2298/2967/3813 2311/3036/3876 2314/3037/3877
s 98
f 2301/3038/3878 2300/3039/3879 2315/3040/3880 2316/3041/3881
s 86
f 2300/2984/3791 2288/2983/3831 2317/3042/3882 2315/3043/3883
s 85
f 2288/2944/3788 2286/2943/3787 2318/3044/3884 2317/3045/3885
s 84
f 2286/2992/3836 2301/2991/3784 2316/3046/3886 2318/3047/3887
s 98
f 2299/3048/3888 2302/3049/3889 2319/3050/3890 2320/3051/3891
s 84
f 2302/2990/3785 2285/2993/3837 2321/3052/3892 2319/3053/3893
s 85
f 2285/2942/3786 2287/2945/3789 2322/3054/3894 2321/3055/3895
s 86
f 2287/2982/3830 2299/2985/3790 2320/3056/3896 2322/3057/3897
s 87
f 2284/2952/3796 2290/2951/3795 2323/3058/3898 2324/3059/3899
s 86
f 2290/3008/3848 2305/3007/3824 2325/3060/3900 2323/3061/3901
s 100
f 2305/3062/3902 2304/3063/3903 2326/3064/3904 2325/3065/3905
s 84
f 2304/3000/3819 2284/2999/3843 2324/3066/3906 2326/3067/3907
s 87
f 2289/2950/3794 2283/2953/3797 2328/3068/3908 2327/3069/3909
s 84
f 2283/2998/3842 2303/3001/3818 2329/3070/3910 2328/3071/3911
s 100
f 2303/3072/3912 2306/3073/3913 2330/3074/3914 2329/3075/3915
s 86
f 2306/3076/3825 2289/3077/3849 2327/3078/3916 2330/3079/3917
s 94
f 2307/3017/3857 2308/3016/3856 2332/3080/3918 2331/3081/3919
s 95
f 2309/3023/3863 2310/3022/3862 2334/3082/3920 2333/3083/3921
s 84
f 2310/3025/3865 2307/3024/3864 2331/2960/3922 2334/2963/3923
s 94
f 2311/3029/3869 2312/3028/3868 2336/3084/3924 2335/3085/3925
s 84
f 2312/3031/3871 2313/3030/3870 2337/2970/3926 2336/2969/3927
s 95
f 2313/3035/3875 2314/3034/3874 2338/3086/3928 2337/3087/3929
s 98
f 2316/3041/3881 2315/3040/3880 2339/3088/3930 2340/3089/3931
s 85
f 2317/3045/3885 2318/3044/3884 2342/3090/3932 2341/3091/3933
s 84
f 2318/3047/3887 2316/3046/3886 2340/2986/3934 2342/2989/3935
s 98
f 2320/3051/3891 2319/3050/3890 2343/3092/3936 2344/3093/3937
s 84
f 2319/3053/3893 2321/3052/3892 2345/2996/3938 2343/2995/3939
s 85
f 2321/3055/3895 2322/3054/3894 2346/3094/3940 2345/3095/3941
s 87
f 2324/3059/3899 2323/3058/3898 2347/3096/3942 2348/3097/3943
s 100
f 2325/3065/3905 2326/3064/3904 2350/3098/3944 2349/3099/3945
s 84
f 2326/3067/3907 2324/3066/3906 2348/3002/3946 2350/3005/3947
s 87
f 2327/3069/3909 2328/3068/3908 2352/3100/3948 2351/3101/3949
s 84
f 2328/3102/3911 2329/3103/3910 2353/3012/3950 2352/3011/3951
s 100
f 2329/3075/3915 2330/3074/3914 2354/3104/3952 2353/3105/3953
s 102
f 2308/3019/3954 2309/3018/3955 2355/3106/3956 2356/3107/3957
s 95
f 2309/3023/3863 2333/3083/3921 2357/3108/3958 2355/3109/3959
s 88
f 2333/2962/3810 2332/2961/3809 2358/3110/3960 2357/3111/3961
s 94
f 2332/3080/3918 2308/3016/3856 2356/3112/3962 2358/3113/3963
s 103
f 2314/3037/3964 2311/3036/3965 2360/3114/3966 2359/3115/3967
s 94
f 2311/3029/3869 2335/3085/3925 2361/3116/3968 2360/3117/3969
s 89
f 2335/2968/3814 2338/2971/3817 2362/3118/3970 2361/3119/3971
s 95
f 2338/3086/3928 2314/3034/3874 2359/3120/3972 2362/3121/3973
s 104
f 2315/3043/3974 2317/3042/3975 2363/3122/3976 2364/3123/3977
s 85
f 2317/3045/3885 2341/3091/3933 2365/3124/3978 2363/3125/3979
s 90
f 2341/2988/3834 2339/2987/3833 2366/3126/3980 2365/3127/3981
s 98
f 2339/3088/3930 2315/3040/3880 2364/3128/3982 2366/3129/3983
s 105
f 2322/3057/3984 2320/3056/3985 2368/3130/3986 2367/3131/3987
s 98
f 2320/3051/3891 2344/3093/3937 2369/3132/3988 2368/3133/3989
s 91
f 2344/2994/3838 2346/2997/3841 2370/3134/3990 2369/3135/3991
s 85
f 2346/3094/3940 2322/3054/3894 2367/3136/3992 2370/3137/3993
s 106
f 2323/3061/3994 2325/3060/3995 2371/3138/3996 2372/3139/3997
s 100
f 2325/3065/3905 2349/3099/3945 2373/3140/3998 2371/3141/3999
s 92
f 2349/3004/3846 2347/3003/3845 2374/3142/4000 2373/3143/4001
s 87
f 2347/3096/3942 2323/3058/3898 2372/3144/4002 2374/3145/4003
s 107
f 2330/3079/4004 2327/3078/4005 2376/3146/4006 2375/3147/4007
s 87
f 2327/3069/3909 2351/3101/3949 2377/3148/4008 2376/3149/4009
s 93
f 2351/3010/3850 2354/3013/3853 2378/3150/4010 2377/3151/4011
s 100
f 2354/3104/3952 2330/3074/3914 2375/3152/4012 2378/3153/4013
s 104
f 2364/3154/3977 2363/3155/3976 2379/3156/4014 2380/3157/4015
s 85
f 2363/3125/3979 2365/3124/3978 2381/3158/4016 2379/3159/4017
s 90
f 2365/3127/3981 2366/3126/3980 2382/3160/4018 2381/3161/4019
s 98
f 2366/3129/3983 2364/3128/3982 2380/3162/4020 2382/3163/4021
s 105
f 2367/3131/3987 2368/3130/3986 2384/3164/4022 2383/3165/4023
s 98
f 2368/3133/3989 2369/3132/3988 2385/3166/4024 2384/3167/4025
s 91
f 2369/3135/3991 2370/3134/3990 2386/3168/4026 2385/3169/4027
s 85
f 2370/3137/3993 2367/3136/3992 2383/3170/4028 2386/3171/4029
s 108
f 2380/3157/4030 2379/3156/4031 2387/3172/4032 2388/3173/4033
s 85
f 2379/3159/4017 2381/3158/4016 2389/3174/4034 2387/3175/4035
s 109
f 2381/3176/4036 2382/3177/4037 2390/3178/4038 2389/3179/4039
s 98
f 2382/3163/4021 2380/3162/4020 2388/3180/4040 2390/3181/4041
s 108
f 2383/3165/4042 2384/3164/4043 2392/3182/4044 2391/3183/4045
s 98
f 2384/3167/4025 2385/3166/4024 2393/3184/4046 2392/3185/4047
s 109
f 2385/3169/4048 2386/3168/4049 2394/3186/4050 2393/3187/4051
s 85
f 2386/3171/4029 2383/3170/4028 2391/3188/4052 2394/3189/4053
s 108
f 2388/3173/4033 2387/3172/4032 2391/3183/4045 2392/3182/4044
s 85
f 2387/3175/4035 2389/3174/4034 2394/3189/4053 2391/3188/4052
s 109
f 2389/3179/4039 2390/3178/4038 2393/3187/4051 2394/3186/4050
s 98
f 2390/3181/4041 2388/3180/4040 2392/3185/4047 2393/3184/4046
s 102
f 2356/3107/3957 2355/3106/3956 2395/3190/4054 2396/3191/4055
s 95
f 2355/3109/3959 2357/3108/3958 2397/3192/4056 2395/3193/4057
s 88
f 2357/3194/3961 2358/3195/3960 2398/3196/4058 2397/3197/4059
s 94
f 2358/3113/3963 2356/3112/3962 2396/3198/4060 2398/3199/4061
s 103
f 2359/3115/3967 2360/3114/3966 2400/3200/4062 2399/3201/4063
s 94
f 2360/3117/3969 2361/3116/3968 2401/3202/4064 2400/3203/4065
s 89
f 2361/3119/3971 2362/3118/3970 2402/3204/4066 2401/3205/4067
s 95
f 2362/3121/3973 2359/3120/3972 2399/3206/4068 2402/3207/4069
s 106
f 2372/3139/3997 2371/3138/3996 2403/3208/4070 2404/3209/4071
s 100
f 2371/3141/3999 2373/3140/3998 2405/3210/4072 2403/3211/4073
s 92
f 2373/3143/4001 2374/3142/4000 2406/3212/4074 2405/3213/4075
s 87
f 2374/3145/4003 2372/3144/4002 2404/3214/4076 2406/3215/4077
s 107
f 2375/3147/4007 2376/3146/4006 2408/3216/4078 2407/3217/4079
s 87
f 2376/3149/4009 2377/3148/4008 2409/3218/4080 2408/3219/4081
s 93
f 2377/3151/4011 2378/3150/4010 2410/3220/4082 2409/3221/4083
s 100
f 2378/3153/4013 2375/3152/4012 2407/3222/4084 2410/3223/4085
s 110
f 2396/3191/4086 2395/3190/4087 2411/3224/4088 2412/3225/4089
s 95
f 2395/3193/4057 2397/3192/4056 2413/3226/4090 2411/3227/4091
s 111
f 2397/3197/4092 2398/3196/4093 2414/3228/4094 2413/3229/4095
s 94
f 2398/3199/4061 2396/3198/4060 2412/3230/4096 2414/3231/4097
s 110
f 2399/3232/4098 2400/3233/4099 2416/3234/4100 2415/3235/4101
s 94
f 2400/3203/4065 2401/3202/4064 2417/3236/4102 2416/3237/4103
s 111
f 2401/3205/4104 2402/3204/4105 2418/3238/4106 2417/3239/4107
s 95
f 2402/3207/4069 2399/3206/4068 2415/3240/4108 2418/3241/4109
s 110
f 2412/3225/4089 2411/3224/4088 2415/3235/4101 2416/3234/4100
s 95
f 2411/3227/4091 2413/3226/4090 2418/3241/4109 2415/3240/4108
s 111
f 2413/3229/4095 2414/3228/4094 2417/3239/4107 2418/3238/4106
s 94
f 2414/3231/4097 2412/3230/4096 2416/3237/4103 2417/3236/4102
s 112
f 2404/3209/4110 2403/3208/4111 2419/3242/4112 2420/3243/4113
s 100
f 2403/3211/4073 2405/3210/4072 2421/3244/4114 2419/3245/4115
s 113
f 2405/3213/4116 2406/3212/4117 2422/3246/4118 2421/3247/4119
s 87
f 2406/3215/4077 2404/3214/4076 2420/3248/4120 2422/3249/4121
s 112
f 2407/3217/4122 2408/3216/4123 2424/3250/4124 2423/3251/4125
s 87
f 2408/3219/4081 2409/3218/4080 2425/3252/4126 2424/3253/4127
s 113
f 2409/3221/4128 2410/3220/4129 2426/3254/4130 2425/3255/4131
s 100
f 2410/3223/4085 2407/3222/4084 2423/3256/4132 2426/3257/4133
s 112
f 2420/3243/4113 2419/3242/4112 2423/3251/4125 2424/3250/4124
s 100
f 2419/3245/4115 2421/3244/4114 2426/3257/4133 2423/3256/4132
s 113
f 2421/3247/4119 2422/3246/4118 2425/3255/4131 2426/3254/4130
s 87
f 2422/3249/4121 2420/3248/4120 2424/3253/4127 2425/3252/4126
s off
f 2427/3258/4134 2428/3259/4135 2430/3260/4136 2429/3261/4137
f 2429/3262/4138 2430/3263/4139 2432/3264/4140 2431/3265/4141
f 2431/3265/4142 2432/3264/4143 2434/3266/4144 2433/3267/4145
f 2433/3267/4146 2434/3266/4147 2428/3268/4148 2427/3269/4149
f 2428/3259/4150 2434/3270/4151 2432/3271/4152 2430/3260/4153
f 2433/3267/4154 2427/3258/4155 2429/3261/4156 2431/3265/4157
g default
v 1.339524 -1.130942 -0.243196
v 1.292467 -0.423835 -0.411708
v 1.461932 -0.423835 -0.118186
v 1.253897 0.283271 -0.193758
v 1.363800 -0.777389 -0.377895
v 1.468316 -0.070282 -0.196870
v 1.468316 -0.777389 -0.196870
v 1.478844 -0.423835 -0.323632
v 1.363800 -0.070282 -0.377895
v 1.447451 -0.070282 -0.305507
v 1.395194 -0.423835 -0.396020
v 1.447451 -0.777389 -0.305507
v 1.499709 -0.423835 -0.214994
v 1.508607 -0.423835 -0.099973
v 1.519730 -0.059668 -0.199278
v 1.292039 0.311112 -0.215780
v 1.391593 -0.059668 -0.421218
v 1.382492 -1.148431 -0.268003
v 1.391620 -0.785070 -0.420939
v 1.300031 -0.423835 -0.461236
v 1.519502 -0.785070 -0.199440
v 1.498137 -0.423294 -0.119107
v 1.508098 -0.097198 -0.208030
v 1.304210 0.234819 -0.222807
v 1.393357 -0.097198 -0.406767
v 1.385208 -1.072137 -0.269571
v 1.393381 -0.746764 -0.406518
v 1.311367 -0.423294 -0.442602
v 1.507894 -0.746764 -0.208175
v 1.540793 -0.423000 -0.157434
v 1.576935 -0.423000 -0.249886
v 1.550122 -0.117619 -0.240709
v 1.359186 0.193308 -0.254547
v 1.526501 -0.111664 -0.351147
v 1.442669 -0.117619 -0.426821
v 1.435038 -1.030626 -0.298340
v 1.442691 -0.725921 -0.426588
v 1.527151 -0.729239 -0.351522
v 1.464024 -0.423000 -0.445454
v 1.365887 -0.423000 -0.460380
v 1.549930 -0.725921 -0.240845
v 1.554449 -0.423000 -0.367282
v 1.499154 -0.383539 -0.246271
v 1.422002 -0.383539 -0.379901
v 1.499154 -0.361338 -0.246271
v 1.422002 -0.361338 -0.379901
v 1.489627 -0.361338 -0.240770
v 1.412475 -0.361338 -0.374401
v 1.489627 -0.383539 -0.240770
v 1.412475 -0.383539 -0.374401
v 1.453506 -0.641551 -0.300152
v 1.440485 -0.641551 -0.322706
v 1.453506 -0.361339 -0.300152
v 1.440485 -0.361339 -0.322706
v 1.444171 -0.361339 -0.294763
v 1.431149 -0.361339 -0.317316
v 1.444171 -0.641551 -0.294763
v 1.431149 -0.641551 -0.317316
v 1.453506 -0.488218 -0.300152
v 1.440485 -0.488218 -0.322706
v 1.431149 -0.488218 -0.317316
v 1.444171 -0.488218 -0.294763
v 1.453506 -0.510442 -0.300152
v 1.440485 -0.510442 -0.322706
v 1.431149 -0.510442 -0.317316
v 1.444171 -0.510442 -0.294763
v 1.444171 -0.383717 -0.294763
v 1.431149 -0.383717 -0.317316
v 1.440485 -0.383717 -0.322706
v 1.453506 -0.383717 -0.300152
v 1.453506 -0.619803 -0.300152
v 1.440485 -0.619803 -0.322706
v 1.431149 -0.619803 -0.317316
v 1.444171 -0.619803 -0.294763
v 1.430817 -0.510442 -0.328671
v 1.421482 -0.510442 -0.323281
v 1.421482 -0.488218 -0.323281
v 1.430817 -0.488218 -0.328671
v 1.444503 -0.510442 -0.283408
v 1.453838 -0.510442 -0.288797
v 1.453838 -0.488218 -0.288797
v 1.444503 -0.488218 -0.283408
v 1.421482 -0.383717 -0.323281
v 1.430817 -0.383717 -0.328671
v 1.421482 -0.361339 -0.323281
v 1.430817 -0.361339 -0.328671
v 1.453838 -0.383717 -0.288797
v 1.444503 -0.383717 -0.283408
v 1.453838 -0.361339 -0.288797
v 1.444503 -0.361339 -0.283408
v 1.421482 -0.641551 -0.323281
v 1.430817 -0.641551 -0.328671
v 1.421482 -0.619803 -0.323281
v 1.430817 -0.619803 -0.328671
v 1.444503 -0.641551 -0.283408
v 1.453838 -0.641551 -0.288797
v 1.453838 -0.619803 -0.288797
v 1.444503 -0.619803 -0.283408
v 1.421149 -0.510442 -0.334637
v 1.411814 -0.510442 -0.329247
v 1.411814 -0.488218 -0.329247
v 1.421149 -0.488218 -0.334637
v 1.444835 -0.510442 -0.272052
v 1.454170 -0.510442 -0.277442
v 1.454170 -0.488218 -0.277442
v 1.444835 -0.488218 -0.272052
v 1.411814 -0.383717 -0.329247
v 1.421149 -0.383717 -0.334637
v 1.411814 -0.361339 -0.329247
v 1.421149 -0.361339 -0.334637
v 1.454170 -0.383717 -0.277442
v 1.444835 -0.383717 -0.272052
v 1.454170 -0.361339 -0.277442
v 1.444835 -0.361339 -0.272052
v 1.411814 -0.641551 -0.329247
v 1.421149 -0.641551 -0.334637
v 1.411814 -0.619803 -0.329247
v 1.421149 -0.619803 -0.334637
v 1.444835 -0.641551 -0.272052
v 1.454170 -0.641551 -0.277442
v 1.454170 -0.619803 -0.277442
v 1.444835 -0.619803 -0.272052
v 1.397479 -0.488218 -0.309424
v 1.397479 -0.510442 -0.309424
v 1.387812 -0.488218 -0.315389
v 1.387812 -0.510442 -0.315389
v 1.420501 -0.488218 -0.269550
v 1.420501 -0.510442 -0.269550
v 1.420833 -0.510442 -0.258195
v 1.420833 -0.488218 -0.258195
v 1.397479 -0.361339 -0.309424
v 1.397479 -0.383717 -0.309424
v 1.387812 -0.361339 -0.315389
v 1.387812 -0.383717 -0.315389
v 1.420501 -0.361339 -0.269550
v 1.420501 -0.383717 -0.269550
v 1.420833 -0.383717 -0.258195
v 1.420833 -0.361339 -0.258195
v 1.397479 -0.619803 -0.309424
v 1.397479 -0.641551 -0.309424
v 1.387812 -0.619803 -0.315389
v 1.387812 -0.641551 -0.315389
v 1.420501 -0.619803 -0.269550
v 1.420501 -0.641551 -0.269550
v 1.420833 -0.641551 -0.258195
v 1.420833 -0.619803 -0.258195
v 1.392228 -0.361339 -0.300914
v 1.392228 -0.383717 -0.300914
v 1.382560 -0.361339 -0.306879
v 1.382560 -0.383717 -0.306879
v 1.410505 -0.361339 -0.269257
v 1.410505 -0.383717 -0.269257
v 1.410837 -0.383717 -0.257902
v 1.410837 -0.361339 -0.257902
v 1.398734 -0.361339 -0.289646
v 1.398734 -0.383717 -0.289646
v 1.392625 -0.361339 -0.289446
v 1.392625 -0.383717 -0.289446
v 1.403999 -0.361339 -0.280525
v 1.403999 -0.383717 -0.280525
v 1.400772 -0.383717 -0.275335
v 1.400772 -0.361339 -0.275335
v 1.392228 -0.488218 -0.300914
v 1.392228 -0.510442 -0.300914
v 1.382560 -0.488218 -0.306879
v 1.382560 -0.510442 -0.306879
v 1.410505 -0.488218 -0.269257
v 1.410505 -0.510442 -0.269257
v 1.410837 -0.510442 -0.257902
v 1.410837 -0.488218 -0.257902
v 1.392228 -0.619803 -0.300914
v 1.392228 -0.641551 -0.300914
v 1.382560 -0.619803 -0.306879
v 1.382560 -0.641551 -0.306879
v 1.410505 -0.619803 -0.269257
v 1.410505 -0.641551 -0.269257
v 1.410837 -0.641551 -0.257902
v 1.410837 -0.619803 -0.257902
v 1.398301 -0.488218 -0.290396
v 1.398301 -0.510442 -0.290396
v 1.391955 -0.488218 -0.290607
v 1.391955 -0.510442 -0.290607
v 1.404433 -0.488218 -0.279775
v 1.404433 -0.510442 -0.279775
v 1.401442 -0.510442 -0.274174
v 1.401442 -0.488218 -0.274174
v 1.398378 -0.619803 -0.290261
v 1.398378 -0.641551 -0.290261
v 1.392075 -0.619803 -0.290398
v 1.392075 -0.641551 -0.290398
v 1.404355 -0.619803 -0.279909
v 1.404355 -0.641551 -0.279909
v 1.401322 -0.641551 -0.274382
v 1.401322 -0.619803 -0.274382
v 1.495098 -0.510249 -0.250114
v 1.417946 -0.510249 -0.383745
v 1.495098 -0.488048 -0.250114
v 1.417946 -0.488048 -0.383745
v 1.485571 -0.488048 -0.244614
v 1.408420 -0.488048 -0.378245
v 1.485571 -0.510249 -0.244614
v 1.408420 -0.510249 -0.378245
v 1.424988 -0.356643 -0.266093
v 1.414440 -0.356643 -0.265590
v 1.424988 -0.646555 -0.266093
v 1.414440 -0.646555 -0.265590
v 1.396552 -0.356643 -0.296906
v 1.401582 -0.356643 -0.305431
v 1.396552 -0.646555 -0.296906
v 1.401582 -0.646555 -0.305431
v 1.448431 -0.646555 -0.279628
v 1.448269 -0.646555 -0.290800
v 1.448431 -0.356643 -0.279628
v 1.448269 -0.356643 -0.290800
v 1.434713 -0.646555 -0.313469
v 1.425370 -0.646555 -0.319257
v 1.434713 -0.356643 -0.313469
v 1.425370 -0.356643 -0.319257
v 1.424988 -0.511251 -0.266093
v 1.448431 -0.511251 -0.279628
v 1.448269 -0.511251 -0.290800
v 1.434713 -0.511251 -0.313469
v 1.425370 -0.511251 -0.319257
v 1.401582 -0.511251 -0.305431
v 1.396552 -0.511251 -0.296906
v 1.414440 -0.511251 -0.265590
v 1.414440 -0.619475 -0.265590
v 1.424988 -0.619475 -0.266093
v 1.448431 -0.619475 -0.279628
v 1.448269 -0.619475 -0.290800
v 1.434713 -0.619475 -0.313469
v 1.425370 -0.619475 -0.319257
v 1.401582 -0.619475 -0.305431
v 1.396552 -0.619475 -0.296906
v 1.414440 -0.642322 -0.265590
v 1.424988 -0.642322 -0.266093
v 1.448431 -0.642322 -0.279628
v 1.448269 -0.642322 -0.290800
v 1.434713 -0.642322 -0.313469
v 1.425370 -0.642322 -0.319257
v 1.401582 -0.642322 -0.305431
v 1.396552 -0.642322 -0.296906
v 1.424988 -0.360565 -0.266093
v 1.414440 -0.360566 -0.265590
v 1.396552 -0.360565 -0.296906
v 1.401582 -0.360566 -0.305431
v 1.425370 -0.360565 -0.319257
v 1.434713 -0.360566 -0.313469
v 1.448269 -0.360565 -0.290800
v 1.448431 -0.360566 -0.279628
v 1.448431 -0.487437 -0.279628
v 1.448269 -0.487437 -0.290800
v 1.434713 -0.487437 -0.313469
v 1.425370 -0.487437 -0.319257
v 1.401582 -0.487437 -0.305431
v 1.396552 -0.487437 -0.296906
v 1.414440 -0.487437 -0.265590
v 1.424988 -0.487437 -0.266093
v 1.424988 -0.384278 -0.266093
v 1.414440 -0.384278 -0.265590
v 1.396552 -0.384278 -0.296906
v 1.401582 -0.384278 -0.305431
v 1.425370 -0.384278 -0.319257
v 1.434713 -0.384278 -0.313469
v 1.448269 -0.384278 -0.290800
v 1.448431 -0.384278 -0.279628
v 1.412659 -0.356643 -0.260473
v 1.425272 -0.356643 -0.261075
v 1.412659 -0.360566 -0.260473
v 1.425272 -0.360565 -0.261075
v 1.391269 -0.360565 -0.297919
v 1.391269 -0.356643 -0.297919
v 1.397284 -0.356643 -0.308113
v 1.397284 -0.360566 -0.308113
v 1.425728 -0.356643 -0.324646
v 1.425728 -0.360565 -0.324646
v 1.436900 -0.360566 -0.317724
v 1.436900 -0.356643 -0.317724
v 1.453109 -0.356643 -0.290618
v 1.453109 -0.360565 -0.290618
v 1.453303 -0.360566 -0.277259
v 1.453303 -0.356643 -0.277259
v 1.413242 -0.642322 -0.262148
v 1.425179 -0.642322 -0.262717
v 1.413242 -0.646555 -0.262148
v 1.425179 -0.646555 -0.262717
v 1.451708 -0.642322 -0.278034
v 1.451708 -0.646555 -0.278034
v 1.451525 -0.646555 -0.290678
v 1.451525 -0.642322 -0.290678
v 1.436185 -0.642322 -0.316332
v 1.436185 -0.646555 -0.316332
v 1.425611 -0.646555 -0.322882
v 1.425611 -0.642322 -0.322882
v 1.398691 -0.642322 -0.307235
v 1.398691 -0.646555 -0.307235
v 1.392998 -0.642322 -0.297588
v 1.392998 -0.646555 -0.297588
v 1.389073 -0.487437 -0.292588
v 1.406961 -0.487437 -0.261272
v 1.406961 -0.384278 -0.261272
v 1.389073 -0.384278 -0.292588
v 1.389073 -0.619475 -0.292588
v 1.406961 -0.619475 -0.261272
v 1.406961 -0.511251 -0.261272
v 1.389073 -0.511251 -0.292588
v 1.378435 -0.487437 -0.295402
v 1.404079 -0.487437 -0.250653
v 1.404079 -0.384278 -0.250653
v 1.378435 -0.384278 -0.295402
v 1.378435 -0.619475 -0.295402
v 1.404079 -0.619475 -0.250653
v 1.404079 -0.511251 -0.250653
v 1.378435 -0.511251 -0.295402
v 1.378402 -0.384278 -0.265605
v 1.349522 -0.487437 -0.270000
v 1.348781 -0.487437 -0.275732
v 1.352303 -0.487437 -0.280315
v 1.348781 -0.384278 -0.275732
v 1.349522 -0.384278 -0.270000
v 1.352303 -0.384278 -0.280315
v 1.348781 -0.619475 -0.275732
v 1.352303 -0.619475 -0.280315
v 1.349522 -0.619475 -0.270000
v 1.352303 -0.511251 -0.280315
v 1.348781 -0.511251 -0.275732
v 1.349522 -0.511251 -0.270000
v 1.377948 -0.487437 -0.235566
v 1.372231 -0.487437 -0.234818
v 1.367666 -0.487437 -0.238339
v 1.367666 -0.384278 -0.238339
v 1.372231 -0.384278 -0.234818
v 1.377948 -0.384278 -0.235566
v 1.367666 -0.619475 -0.238339
v 1.377948 -0.619475 -0.235566
v 1.372231 -0.619475 -0.234818
v 1.377948 -0.511251 -0.235566
v 1.372231 -0.511251 -0.234818
v 1.367666 -0.511251 -0.238339
v 1.448431 -0.386015 -0.279628
v 1.448269 -0.386015 -0.290800
v 1.434713 -0.386015 -0.313469
v 1.425370 -0.386015 -0.319257
v 1.401582 -0.386015 -0.305431
v 1.396552 -0.386015 -0.296906
v 1.389073 -0.386015 -0.292588
v 1.378435 -0.386015 -0.295402
v 1.352303 -0.386015 -0.280315
v 1.348781 -0.386015 -0.275732
v 1.349522 -0.386015 -0.270000
v 1.367666 -0.386015 -0.238339
v 1.372231 -0.386015 -0.234818
v 1.377948 -0.386015 -0.235566
v 1.404079 -0.386015 -0.250653
v 1.406961 -0.386015 -0.261272
v 1.414440 -0.386015 -0.265590
v 1.424988 -0.386015 -0.266093
v 1.424988 -0.617932 -0.266093
v 1.414440 -0.617932 -0.265590
v 1.406961 -0.617932 -0.261272
v 1.404079 -0.617932 -0.250653
v 1.377948 -0.617932 -0.235566
v 1.372231 -0.617932 -0.234818
v 1.367666 -0.617932 -0.238339
v 1.349522 -0.617932 -0.270000
v 1.348781 -0.617932 -0.275732
v 1.352303 -0.617932 -0.280315
v 1.378435 -0.617932 -0.295402
v 1.389073 -0.617932 -0.292588
v 1.396552 -0.617932 -0.296906
v 1.401582 -0.617932 -0.305431
v 1.425370 -0.617932 -0.319257
v 1.434713 -0.617932 -0.313469
v 1.448269 -0.617932 -0.290800
v 1.448431 -0.617932 -0.279628
v 1.448431 -0.487002 -0.279628
v 1.448269 -0.487002 -0.290800
v 1.434713 -0.487002 -0.313469
v 1.425370 -0.487002 -0.319257
v 1.401582 -0.487002 -0.305431
v 1.396552 -0.487002 -0.296906
v 1.389073 -0.487002 -0.292588
v 1.378435 -0.487002 -0.295402
v 1.352303 -0.487002 -0.280315
v 1.348781 -0.487002 -0.275732
v 1.349522 -0.487002 -0.270000
v 1.367666 -0.487002 -0.238339
v 1.372231 -0.487002 -0.234818
v 1.377948 -0.487002 -0.235566
v 1.404079 -0.487002 -0.250653
v 1.406961 -0.487002 -0.261272
v 1.414440 -0.487002 -0.265590
v 1.424988 -0.487002 -0.266093
v 1.424988 -0.511760 -0.266093
v 1.414440 -0.511760 -0.265590
v 1.406961 -0.511760 -0.261272
v 1.404079 -0.511760 -0.250653
v 1.377948 -0.511760 -0.235566
v 1.372231 -0.511760 -0.234818
v 1.367666 -0.511760 -0.238339
v 1.349522 -0.511760 -0.270000
v 1.348781 -0.511760 -0.275732
v 1.352303 -0.511760 -0.280315
v 1.378435 -0.511760 -0.295402
v 1.389073 -0.511760 -0.292588
v 1.396552 -0.511760 -0.296906
v 1.401582 -0.511760 -0.305431
v 1.425370 -0.511760 -0.319257
v 1.434713 -0.511760 -0.313469
v 1.448269 -0.511760 -0.290800
v 1.448431 -0.511760 -0.279628
v 1.396977 -0.511251 -0.296161
v 1.389498 -0.511251 -0.291843
v 1.379044 -0.511251 -0.294337
v 1.379044 -0.487437 -0.294337
v 1.389498 -0.487437 -0.291843
v 1.396977 -0.487437 -0.296161
v 1.413912 -0.511251 -0.266515
v 1.413912 -0.487437 -0.266515
v 1.406433 -0.487437 -0.262197
v 1.403321 -0.487437 -0.251975
v 1.403321 -0.511251 -0.251975
v 1.406433 -0.511251 -0.262197
v 1.379369 -0.384278 -0.295155
v 1.379369 -0.386015 -0.295155
v 1.379369 -0.487002 -0.295155
v 1.379369 -0.487437 -0.295155
v 1.379963 -0.487437 -0.294118
v 1.403595 -0.487437 -0.252873
v 1.404332 -0.487437 -0.251585
v 1.404332 -0.487002 -0.251585
v 1.404332 -0.386015 -0.251585
v 1.404332 -0.384278 -0.251585
v 1.352606 -0.469930 -0.264657
v 1.364581 -0.469930 -0.243681
v 1.364581 -0.403086 -0.243681
v 1.352606 -0.403085 -0.264657
v 1.364748 -0.528739 -0.243393
v 1.352439 -0.528739 -0.264946
v 1.352439 -0.600953 -0.264946
v 1.364748 -0.600953 -0.243393
v 1.334370 -0.480179 -0.254129
v 1.346345 -0.480179 -0.233152
v 1.346345 -0.434682 -0.233152
v 1.334370 -0.434682 -0.254129
v 1.346512 -0.520206 -0.232864
v 1.334203 -0.520206 -0.254417
v 1.334203 -0.569358 -0.254417
v 1.346512 -0.569358 -0.232864
v 1.299664 -0.489799 -0.234091
v 1.311639 -0.489799 -0.213115
v 1.302743 -0.479205 -0.207979
v 1.290768 -0.479205 -0.228955
v 1.311805 -0.512195 -0.212826
v 1.299497 -0.512195 -0.234379
v 1.290601 -0.524836 -0.229243
v 1.302910 -0.524836 -0.207690
v 1.272649 -0.483322 -0.219730
v 1.263172 -0.493303 -0.214258
v 1.262582 -0.508099 -0.213918
v 1.271225 -0.519044 -0.218908
v 1.284039 -0.519724 -0.226306
v 1.293516 -0.509743 -0.231778
v 1.294106 -0.494947 -0.232119
v 1.285463 -0.484003 -0.227128
v 1.285765 -0.483322 -0.197013
v 1.276288 -0.493303 -0.191541
v 1.275698 -0.508099 -0.191200
v 1.284341 -0.519044 -0.196191
v 1.297155 -0.519724 -0.203589
v 1.306632 -0.509743 -0.209060
v 1.307222 -0.494947 -0.209401
v 1.298579 -0.484003 -0.204411
v 1.270854 -0.483322 -0.222839
v 1.261377 -0.493303 -0.217367
v 1.276549 -0.501523 -0.226127
v 1.260787 -0.508099 -0.217027
v 1.269430 -0.519044 -0.222017
v 1.282244 -0.519724 -0.229415
v 1.291721 -0.509743 -0.234887
v 1.292311 -0.494947 -0.235228
v 1.283668 -0.484003 -0.230237
v 1.287560 -0.483322 -0.193904
v 1.278083 -0.493303 -0.188432
v 1.293255 -0.501523 -0.197192
v 1.277493 -0.508099 -0.188091
v 1.286136 -0.519044 -0.193082
v 1.298950 -0.519724 -0.200480
v 1.308427 -0.509743 -0.205951
v 1.309017 -0.494947 -0.206292
v 1.300374 -0.484003 -0.201302
v 1.495098 -0.641551 -0.250114
v 1.417946 -0.641551 -0.383745
v 1.495098 -0.619350 -0.250114
v 1.417946 -0.619350 -0.383745
v 1.485571 -0.619350 -0.244614
v 1.408420 -0.619350 -0.378245
v 1.485571 -0.641551 -0.244614
v 1.408420 -0.641551 -0.378245
v 1.279019 -0.479506 -0.189092
v 1.269710 -0.488079 -0.183717
v 1.264544 -0.500464 -0.180735
v 1.264544 -0.514214 -0.180735
v 1.269710 -0.526600 -0.183717
v 1.279019 -0.535172 -0.189092
v 1.290626 -0.538231 -0.195794
v 1.302234 -0.535172 -0.202495
v 1.311543 -0.526600 -0.207870
v 1.316709 -0.514214 -0.210852
v 1.316709 -0.500464 -0.210852
v 1.311543 -0.488079 -0.207870
v 1.302234 -0.479506 -0.202495
v 1.290626 -0.476447 -0.195794
v 1.289329 -0.479506 -0.171233
v 1.280021 -0.488079 -0.165859
v 1.274855 -0.500464 -0.162876
v 1.274855 -0.514214 -0.162876
v 1.280021 -0.526600 -0.165859
v 1.289329 -0.535172 -0.171233
v 1.300937 -0.538231 -0.177935
v 1.312545 -0.535172 -0.184637
v 1.321853 -0.526600 -0.190011
v 1.327019 -0.514214 -0.192994
v 1.327019 -0.500464 -0.192994
v 1.321853 -0.488079 -0.190011
v 1.312545 -0.479506 -0.184637
v 1.300937 -0.476447 -0.177935
v 1.290626 -0.507339 -0.195794
v 1.300937 -0.507339 -0.177935
v 1.275223 -0.474011 -0.186901
v 1.265914 -0.482582 -0.181526
v 1.276225 -0.482582 -0.163668
v 1.285534 -0.474011 -0.169042
v 1.258456 -0.500464 -0.177220
v 1.258456 -0.514214 -0.177220
v 1.268767 -0.514214 -0.159362
v 1.268767 -0.500464 -0.159362
v 1.265914 -0.532095 -0.181526
v 1.275223 -0.540668 -0.186901
v 1.285534 -0.540668 -0.169042
v 1.276225 -0.532095 -0.163668
v 1.291981 -0.545084 -0.196576
v 1.303589 -0.542024 -0.203277
v 1.313899 -0.542024 -0.185419
v 1.302292 -0.545084 -0.178717
v 1.317028 -0.529649 -0.211036
v 1.322193 -0.517264 -0.214019
v 1.332504 -0.517264 -0.196160
v 1.327338 -0.529649 -0.193178
v 1.322193 -0.497415 -0.214019
v 1.317028 -0.485028 -0.211036
v 1.327338 -0.485028 -0.193178
v 1.332504 -0.497415 -0.196160
v 1.303589 -0.472653 -0.203277
v 1.291981 -0.469594 -0.196576
v 1.302292 -0.469594 -0.178717
v 1.313899 -0.472653 -0.185419
v 1.252178 -0.479506 -0.235582
v 1.242869 -0.488079 -0.230207
v 1.237703 -0.500464 -0.227225
v 1.237703 -0.514214 -0.227225
v 1.242869 -0.526600 -0.230207
v 1.252178 -0.535172 -0.235582
v 1.263786 -0.538231 -0.242283
v 1.275393 -0.535172 -0.248985
v 1.284702 -0.526600 -0.254359
v 1.289868 -0.514214 -0.257342
v 1.289868 -0.500464 -0.257342
v 1.284702 -0.488079 -0.254359
v 1.275393 -0.479506 -0.248985
v 1.263786 -0.476447 -0.242283
v 1.262488 -0.479506 -0.217723
v 1.253180 -0.488079 -0.212349
v 1.248014 -0.500464 -0.209366
v 1.248014 -0.514214 -0.209366
v 1.253180 -0.526600 -0.212349
v 1.262488 -0.535172 -0.217723
v 1.274096 -0.538231 -0.224425
v 1.285704 -0.535172 -0.231127
v 1.295013 -0.526600 -0.236501
v 1.300179 -0.514214 -0.239484
v 1.300179 -0.500464 -0.239484
v 1.295013 -0.488079 -0.236501
v 1.285704 -0.479506 -0.231127
v 1.274096 -0.476447 -0.224425
v 1.263786 -0.507339 -0.242283
v 1.274096 -0.507339 -0.224425
v 1.248382 -0.474011 -0.233390
v 1.239074 -0.482582 -0.228016
v 1.249384 -0.482582 -0.210157
v 1.258693 -0.474011 -0.215532
v 1.231616 -0.500464 -0.223710
v 1.231616 -0.514214 -0.223710
v 1.241926 -0.514214 -0.205851
v 1.241926 -0.500464 -0.205851
v 1.239074 -0.532095 -0.228016
v 1.248382 -0.540668 -0.233390
v 1.258693 -0.540668 -0.215532
v 1.249384 -0.532095 -0.210157
v 1.265140 -0.545084 -0.243065
v 1.276748 -0.542024 -0.249767
v 1.287059 -0.542024 -0.231909
v 1.275451 -0.545084 -0.225207
v 1.290187 -0.529649 -0.257526
v 1.295353 -0.517264 -0.260509
v 1.305663 -0.517264 -0.242650
v 1.300497 -0.529649 -0.239668
v 1.295353 -0.497415 -0.260509
v 1.290187 -0.485028 -0.257526
v 1.300497 -0.485028 -0.239668
v 1.305663 -0.497415 -0.242650
v 1.276748 -0.472653 -0.249767
v 1.265140 -0.469594 -0.243065
v 1.275451 -0.469594 -0.225207
v 1.287059 -0.472653 -0.231909
v 1.276536 -0.509843 -0.222408
v 1.275096 -0.510579 -0.220999
v 1.273901 -0.511277 -0.219361
v 1.272979 -0.511923 -0.217535
v 1.272354 -0.512498 -0.215566
v 1.272041 -0.512990 -0.213502
v 1.272047 -0.513384 -0.211394
v 1.272373 -0.513674 -0.209294
v 1.273010 -0.513852 -0.207254
v 1.273943 -0.513911 -0.205323
v 1.275148 -0.513852 -0.203550
v 1.276596 -0.513674 -0.201979
v 1.278252 -0.513384 -0.200647
v 1.280075 -0.512990 -0.199587
v 1.282019 -0.512498 -0.198827
v 1.284037 -0.511923 -0.198383
v 1.286079 -0.511277 -0.198268
v 1.288095 -0.510579 -0.198485
v 1.290035 -0.509843 -0.199027
v 1.291852 -0.509090 -0.199881
v 1.293500 -0.508335 -0.201027
v 1.294940 -0.507600 -0.202437
v 1.296135 -0.506900 -0.204075
v 1.297057 -0.506255 -0.205901
v 1.297682 -0.505679 -0.207870
v 1.297995 -0.505189 -0.209934
v 1.297989 -0.504794 -0.212042
v 1.297664 -0.504503 -0.214142
v 1.297026 -0.504328 -0.216182
v 1.296094 -0.504267 -0.218112
v 1.294888 -0.504328 -0.219885
v 1.293440 -0.504503 -0.221457
v 1.291784 -0.504794 -0.222789
v 1.289962 -0.505189 -0.223848
v 1.288018 -0.505679 -0.224609
v 1.286000 -0.506255 -0.225052
v 1.283957 -0.506900 -0.225167
v 1.281941 -0.507600 -0.224951
v 1.280001 -0.508335 -0.224409
v 1.278184 -0.509090 -0.223554
v 1.110891 -0.002480 -0.126773
v 1.109452 -0.003215 -0.125364
v 1.108256 -0.003914 -0.123726
v 1.107335 -0.004559 -0.121900
v 1.106710 -0.005135 -0.119931
v 1.106396 -0.005626 -0.117867
v 1.106403 -0.006021 -0.115759
v 1.106728 -0.006311 -0.113659
v 1.107365 -0.006489 -0.111619
v 1.108298 -0.006548 -0.109688
v 1.109503 -0.006489 -0.107915
v 1.110952 -0.006311 -0.106344
v 1.112608 -0.006021 -0.105012
v 1.114430 -0.005626 -0.103952
v 1.116374 -0.005135 -0.103192
v 1.118392 -0.004559 -0.102748
v 1.120434 -0.003914 -0.102633
v 1.122450 -0.003215 -0.102850
v 1.124391 -0.002480 -0.103392
v 1.126207 -0.001727 -0.104246
v 1.127856 -0.000971 -0.105392
v 1.129295 -0.000237 -0.106802
v 1.130491 0.000463 -0.108440
v 1.131412 0.001108 -0.110266
v 1.132037 0.001684 -0.112235
v 1.132351 0.002174 -0.114299
v 1.132344 0.002569 -0.116407
v 1.132019 0.002860 -0.118507
v 1.131382 0.003035 -0.120547
v 1.130449 0.003096 -0.122477
v 1.129244 0.003035 -0.124250
v 1.127795 0.002860 -0.125822
v 1.126139 0.002569 -0.127154
v 1.124317 0.002174 -0.128214
v 1.122373 0.001684 -0.128974
v 1.120355 0.001108 -0.129417
v 1.118313 0.000463 -0.129532
v 1.116297 -0.000237 -0.129316
v 1.114356 -0.000971 -0.128774
v 1.112540 -0.001727 -0.127919
v 1.285018 -0.509090 -0.211718
v 1.119374 -0.001727 -0.116083
vt 0.294532 0.783243
vt 0.316308 0.761700
vt 0.385573 0.832893
vt 0.490467 0.887685
vt 0.410900 0.806061
vt 0.438370 0.781427
vt 0.204026 0.593843
vt 0.300562 0.639449
vt 0.274659 0.666301
vt 0.368966 0.710369
vt 0.391057 0.689149
vt 0.247155 0.691511
vt 0.342464 0.735857
vt 0.762528 0.997470
vt 0.644629 0.968646
vt 0.761617 0.963969
vt 0.511124 0.936295
vt 0.642488 0.896130
vt 0.646758 0.932293
vt 0.997477 0.921933
vt 0.875485 0.925535
vt 0.876440 0.888806
vt 0.758480 0.860401
vt 0.759548 0.893897
vt 0.878606 0.962144
vt 0.760755 0.928928
vt 0.383896 0.875734
vt 0.275367 0.820181
vt 0.280895 0.804266
vt 0.389979 0.861039
vt 0.481240 0.780845
vt 0.537898 0.907473
vt 0.523129 0.916621
vt 0.466394 0.786551
vt 0.185171 0.548943
vt 0.302721 0.596564
vt 0.296298 0.611176
vt 0.176308 0.564005
vt 0.428473 0.670934
vt 0.412422 0.676054
vt 0.257407 0.801601
vt 0.204229 0.692575
vt 0.219000 0.686527
vt 0.273315 0.796388
vt 0.410355 0.652505
vt 0.404738 0.668276
vt 0.509036 0.935608
vt 0.518559 0.921077
vt 0.159622 0.573849
vt 0.174904 0.565374
vt 0.282087 0.795557
vt 0.384704 0.849527
vt 0.504738 0.902326
vt 0.455020 0.780983
vt 0.302891 0.622483
vt 0.191439 0.580931
vt 0.403683 0.677023
vt 0.230135 0.693406
vt 0.639661 0.079291
vt 0.589903 0.088586
vt 0.588547 0.081432
vt 0.638270 0.072146
vt 0.587876 0.077886
vt 0.637618 0.068602
vt 0.641732 0.071431
vt 0.691058 0.060307
vt 0.692661 0.067409
vt 0.643265 0.078548
vt 0.640314 0.082842
vt 0.590573 0.092130
vt 0.696180 0.066612
vt 0.694577 0.059511
vt 0.146059 0.000556
vt 0.146062 0.009096
vt 0.111793 0.009107
vt 0.111790 0.000566
vt 0.974072 0.940671
vt 0.978340 0.933272
vt 0.981401 0.935040
vt 0.977134 0.942437
vt 0.111796 0.021181
vt 0.111794 0.012641
vt 0.146063 0.012631
vt 0.146065 0.021171
vt 0.994073 0.124866
vt 0.989805 0.117470
vt 0.992867 0.115703
vt 0.997136 0.123101
vt 0.146066 0.024706
vt 0.111797 0.024717
vt 0.268907 0.934898
vt 0.273323 0.927574
vt 0.279555 0.931352
vt 0.275152 0.938655
vt 0.277229 0.921189
vt 0.279107 0.918173
vt 0.285285 0.922041
vt 0.283426 0.925025
vt 0.039885 0.929142
vt 0.031472 0.927710
vt 0.032687 0.920524
vt 0.041111 0.921958
vt 0.263268 0.944345
vt 0.265077 0.941305
vt 0.271336 0.945039
vt 0.269530 0.948074
vt 0.981920 0.810356
vt 0.981917 0.818895
vt 0.946054 0.818885
vt 0.946057 0.810345
vt 0.981916 0.822429
vt 0.946053 0.822419
vt 0.946052 0.830959
vt 0.981914 0.830968
vt 0.981913 0.834503
vt 0.946051 0.834493
vt 0.022281 0.049847
vt 0.013748 0.050317
vt 0.013347 0.042990
vt 0.021869 0.042520
vt 0.984840 0.367299
vt 0.986672 0.364280
vt 0.992947 0.368085
vt 0.991112 0.371110
vt 0.976510 0.380921
vt 0.980972 0.373653
vt 0.987230 0.377485
vt 0.982756 0.384774
vt 0.970711 0.390195
vt 0.972591 0.387221
vt 0.978803 0.391126
vt 0.976906 0.394129
vt 0.962289 0.865747
vt 0.966027 0.858085
vt 0.972442 0.861201
vt 0.968691 0.868889
vt 0.969250 0.851389
vt 0.970770 0.848205
vt 0.977206 0.851276
vt 0.975682 0.854471
vt 0.216011 0.819115
vt 0.222817 0.813965
vt 0.227124 0.819649
vt 0.220309 0.824806
vt 0.957404 0.875532
vt 0.958991 0.872392
vt 0.965365 0.875591
vt 0.963764 0.878759
vt 0.973680 0.062550
vt 0.970709 0.064466
vt 0.967447 0.062669
vt 0.970417 0.060752
vt 0.027805 0.927094
vt 0.029007 0.919906
vt 0.051981 0.950508
vt 0.048980 0.948639
vt 0.052213 0.946789
vt 0.055214 0.948658
vt 0.275268 0.924377
vt 0.281483 0.928183
vt 0.975733 0.073246
vt 0.978898 0.071673
vt 0.978775 0.075395
vt 0.975610 0.076968
vt 0.273243 0.941844
vt 0.266989 0.938101
vt 0.043937 0.957576
vt 0.047107 0.959140
vt 0.047240 0.962864
vt 0.044071 0.961298
vt 0.044786 0.922588
vt 0.043553 0.929771
vt 0.833239 0.850332
vt 0.830364 0.852390
vt 0.827019 0.850752
vt 0.829895 0.848695
vt 0.010026 0.050519
vt 0.009631 0.043191
vt 0.981513 0.931318
vt 0.984572 0.933090
vt 0.982908 0.370479
vt 0.989175 0.374298
vt 0.836045 0.862254
vt 0.839278 0.860827
vt 0.838986 0.864539
vt 0.835752 0.865967
vt 0.980787 0.387954
vt 0.974557 0.384076
vt 0.977030 0.946160
vt 0.973967 0.944395
vt 0.025583 0.042309
vt 0.026007 0.049635
vt 0.986633 0.115515
vt 0.989695 0.113748
vt 0.225779 0.811715
vt 0.230094 0.817393
vt 0.156906 0.006029
vt 0.153956 0.004080
vt 0.157238 0.002319
vt 0.160188 0.004269
vt 0.967642 0.854741
vt 0.974067 0.857837
vt 0.997240 0.126825
vt 0.994176 0.128588
vt 0.967036 0.872244
vt 0.960648 0.869074
vt 0.148498 0.013738
vt 0.151700 0.015237
vt 0.151911 0.018955
vt 0.148709 0.017456
vt 0.217328 0.827052
vt 0.213042 0.821352
vt 0.964185 0.060870
vt 0.967154 0.058954
vt 0.055446 0.944939
vt 0.058447 0.946807
vt 0.978653 0.079117
vt 0.975489 0.080691
vt 0.047368 0.966587
vt 0.044201 0.965020
vt 0.823678 0.849105
vt 0.826552 0.847053
vt 0.984685 0.929366
vt 0.987745 0.931136
vt 0.838698 0.868251
vt 0.835469 0.869681
vt 0.976922 0.949884
vt 0.973860 0.948118
vt 0.983464 0.113557
vt 0.986525 0.111790
vt 0.160519 0.000556
vt 0.163468 0.002503
vt 0.997343 0.130549
vt 0.994280 0.132312
vt 0.152115 0.022675
vt 0.148916 0.021175
vt 0.018847 0.925606
vt 0.020034 0.918415
vt 0.066161 0.951598
vt 0.062936 0.953462
vt 0.283959 0.910469
vt 0.290119 0.914365
vt 0.959802 0.067597
vt 0.956548 0.065783
vt 0.053744 0.924129
vt 0.052509 0.931311
vt 0.967365 0.084746
vt 0.967465 0.081022
vt 0.264884 0.955884
vt 0.258621 0.952159
vt 0.055392 0.966903
vt 0.055500 0.970627
vt 0.000949 0.051006
vt 0.000556 0.043679
vt 0.995612 0.935683
vt 0.992443 0.937642
vt 0.991381 0.356508
vt 0.997657 0.360311
vt 0.819602 0.856030
vt 0.816278 0.854349
vt 0.034648 0.041775
vt 0.035087 0.049100
vt 0.827191 0.873382
vt 0.827430 0.869665
vt 0.972007 0.401801
vt 0.965828 0.397843
vt 0.984903 0.950707
vt 0.984789 0.954430
vt 0.233010 0.806213
vt 0.237328 0.811889
vt 0.171054 0.007485
vt 0.167787 0.009274
vt 0.974678 0.840001
vt 0.981116 0.843069
vt 0.978755 0.120052
vt 0.975588 0.118091
vt 0.210054 0.832510
vt 0.205777 0.826803
vt 0.986404 0.136846
vt 0.986297 0.133122
vt 0.959628 0.886865
vt 0.953280 0.883616
vt 0.160148 0.022823
vt 0.160324 0.026544
vt 0.053138 0.040601
vt 0.053613 0.047923
vt 0.050340 0.048136
vt 0.049866 0.040813
vt 0.997339 0.938467
vt 0.994174 0.940433
vt 0.958316 0.422879
vt 0.952169 0.418871
vt 0.953959 0.416125
vt 0.960107 0.420132
vt 0.818083 0.858979
vt 0.814794 0.857232
vt 0.037914 0.041576
vt 0.038366 0.048900
vt 0.823957 0.873202
vt 0.824113 0.869480
vt 0.970225 0.404569
vt 0.964059 0.400590
vt 0.988185 0.950811
vt 0.988064 0.954534
vt 0.046080 0.048412
vt 0.045610 0.041088
vt 0.994061 0.944198
vt 0.992058 0.944137
vt 0.957563 0.410597
vt 0.963713 0.414600
vt 0.820406 0.862604
vt 0.818405 0.862721
vt 0.042167 0.041308
vt 0.042630 0.048633
vt 0.821043 0.867314
vt 0.822152 0.865646
vt 0.966630 0.410117
vt 0.960474 0.406122
vt 0.990333 0.947125
vt 0.991388 0.948829
vt 0.015618 0.925076
vt 0.016792 0.917883
vt 0.067802 0.954421
vt 0.064592 0.956311
vt 0.285727 0.907691
vt 0.291872 0.911609
vt 0.958185 0.070472
vt 0.954950 0.068625
vt 0.000556 0.922659
vt 0.001705 0.915462
vt 0.004944 0.915978
vt 0.003794 0.923175
vt 0.964108 0.084672
vt 0.964165 0.080947
vt 0.297539 0.889321
vt 0.303665 0.893270
vt 0.301889 0.896025
vt 0.295763 0.892078
vt 0.058692 0.966822
vt 0.058759 0.970547
vt 0.235620 0.804227
vt 0.239938 0.809903
vt 0.172632 0.010332
vt 0.169389 0.012165
vt 0.976088 0.837041
vt 0.982527 0.840108
vt 0.977025 0.122840
vt 0.973860 0.120876
vt 0.207424 0.834476
vt 0.203154 0.828764
vt 0.983128 0.136944
vt 0.983015 0.133220
vt 0.958126 0.889789
vt 0.951784 0.886526
vt 0.163454 0.022686
vt 0.163572 0.026409
vt 0.011692 0.924439
vt 0.012854 0.917245
vt 0.064631 0.959688
vt 0.062550 0.959753
vt 0.289055 0.902494
vt 0.295189 0.906429
vt 0.960269 0.073893
vt 0.958188 0.073848
vt 0.008879 0.916607
vt 0.007725 0.923803
vt 0.961259 0.079229
vt 0.962278 0.077414
vt 0.298552 0.901202
vt 0.292424 0.897258
vt 0.060565 0.963283
vt 0.061594 0.965093
vt 0.197813 0.841647
vt 0.193548 0.835931
vt 0.196782 0.833519
vt 0.201047 0.839234
vt 0.169337 0.015608
vt 0.167271 0.015630
vt 0.949604 0.906270
vt 0.943270 0.902992
vt 0.946139 0.897450
vt 0.952473 0.900727
vt 0.979031 0.126338
vt 0.976964 0.126291
vt 0.204190 0.836890
vt 0.199923 0.831175
vt 0.979997 0.131545
vt 0.980990 0.129732
vt 0.955261 0.895339
vt 0.948924 0.892066
vt 0.165323 0.019078
vt 0.166373 0.020859
vt 0.058509 0.004165
vt 0.109089 0.004164
vt 0.109068 0.011446
vt 0.058446 0.011445
vt 0.109058 0.015051
vt 0.058457 0.015055
vt 0.054758 0.011368
vt 0.004160 0.009251
vt 0.004466 0.001978
vt 0.054982 0.004092
vt 0.058498 0.000561
vt 0.109099 0.000556
vt 0.000863 0.001824
vt 0.000556 0.009097
vt 0.455836 0.197715
vt 0.457870 0.206284
vt 0.457219 0.206414
vt 0.455199 0.197889
vt 0.452431 0.185415
vt 0.454958 0.194095
vt 0.454298 0.194317
vt 0.451963 0.185576
vt 0.458720 0.209970
vt 0.460328 0.218722
vt 0.459831 0.218789
vt 0.458029 0.210070
vt 0.363403 0.231797
vt 0.360018 0.230967
vt 0.357380 0.219432
vt 0.359802 0.217238
vt 0.368584 0.215137
vt 0.370720 0.217949
vt 0.372788 0.226290
vt 0.372058 0.229807
vt 0.460845 0.222098
vt 0.460479 0.222184
vt 0.451445 0.182376
vt 0.451079 0.182463
vt 0.023289 0.911315
vt 0.023341 0.907651
vt 0.027786 0.900217
vt 0.030851 0.898319
vt 0.038651 0.902854
vt 0.040301 0.905649
vt 0.034435 0.915918
vt 0.030975 0.915755
vt 0.383831 0.227595
vt 0.385994 0.236230
vt 0.385543 0.236376
vt 0.383275 0.227782
vt 0.382484 0.224101
vt 0.382986 0.223959
vt 0.380966 0.215444
vt 0.380447 0.215539
vt 0.379517 0.211958
vt 0.380103 0.211876
vt 0.378142 0.203049
vt 0.377675 0.203117
vt 0.377468 0.199877
vt 0.377097 0.199958
vt 0.386866 0.239581
vt 0.386497 0.239674
vt 0.379625 0.242059
vt 0.378408 0.238695
vt 0.375903 0.229852
vt 0.375327 0.225882
vt 0.373234 0.217158
vt 0.371996 0.213404
vt 0.370252 0.204221
vt 0.369890 0.200874
vt 0.354361 0.220129
vt 0.357008 0.231655
vt 0.349733 0.233328
vt 0.347084 0.221802
vt 0.377501 0.239435
vt 0.378919 0.242978
vt 0.377677 0.243565
vt 0.376209 0.239977
vt 0.374640 0.230163
vt 0.373116 0.230503
vt 0.373573 0.226552
vt 0.374677 0.226356
vt 0.372413 0.217026
vt 0.371309 0.217356
vt 0.369217 0.214048
vt 0.370735 0.213677
vt 0.369100 0.203951
vt 0.367701 0.204033
vt 0.368856 0.200395
vt 0.367482 0.200405
vt 0.359349 0.231928
vt 0.358030 0.232225
vt 0.355039 0.219180
vt 0.356360 0.218870
vt 0.471055 0.218426
vt 0.470950 0.222519
vt 0.469684 0.222393
vt 0.469752 0.218394
vt 0.944465 0.001169
vt 0.937727 0.013602
vt 0.936596 0.012989
vt 0.943335 0.000556
vt 0.460259 0.177474
vt 0.462148 0.180822
vt 0.461004 0.181445
vt 0.459197 0.178179
vt 0.465400 0.190921
vt 0.464151 0.191284
vt 0.464648 0.195040
vt 0.465906 0.194795
vt 0.468214 0.204352
vt 0.466978 0.204700
vt 0.468200 0.208352
vt 0.469481 0.208124
vt 0.417911 0.219396
vt 0.417081 0.215847
vt 0.424722 0.214043
vt 0.425536 0.217606
vt 0.422729 0.205626
vt 0.415089 0.207438
vt 0.414253 0.203952
vt 0.421872 0.202137
vt 0.419724 0.193384
vt 0.412160 0.195187
vt 0.418928 0.190246
vt 0.411427 0.192027
vt 0.000651 0.062001
vt 0.008002 0.059366
vt 0.011782 0.069905
vt 0.004430 0.072540
vt 0.427507 0.226253
vt 0.428250 0.229630
vt 0.420746 0.231395
vt 0.419936 0.228028
vt 0.468065 0.217895
vt 0.468236 0.221504
vt 0.951933 0.006522
vt 0.946298 0.016920
vt 0.939461 0.013214
vt 0.945096 0.002816
vt 0.458301 0.179585
vt 0.459718 0.182674
vt 0.462530 0.191742
vt 0.463374 0.195776
vt 0.465487 0.204622
vt 0.466540 0.208678
vt 0.035019 0.917596
vt 0.030882 0.917401
vt 0.042034 0.905317
vt 0.040061 0.901974
vt 0.030733 0.896552
vt 0.027070 0.898822
vt 0.021753 0.907710
vt 0.021691 0.912092
vt 0.363181 0.232865
vt 0.359107 0.216388
vt 0.022856 0.054071
vt 0.025519 0.053109
vt 0.029275 0.063657
vt 0.026611 0.064619
vt 0.461217 0.224898
vt 0.461763 0.224748
vt 0.954417 0.007883
vt 0.948783 0.018281
vt 0.450525 0.179708
vt 0.451080 0.179598
vt 0.346996 0.233972
vt 0.344346 0.222446
vt 0.387438 0.242342
vt 0.386945 0.242446
vt 0.014452 0.068962
vt 0.010671 0.058423
vt 0.376742 0.197154
vt 0.376255 0.197282
vt 0.019627 0.052660
vt 0.019910 0.052784
vt 0.025156 0.067464
vt 0.025016 0.067738
vt 0.462108 0.228356
vt 0.462012 0.228070
vt 0.462569 0.227926
vt 0.462653 0.228220
vt 0.958115 0.016650
vt 0.450378 0.176397
vt 0.449816 0.176518
vt 0.449774 0.176221
vt 0.450322 0.176098
vt 0.345102 0.237030
vt 0.341287 0.220553
vt 0.388227 0.245846
vt 0.387736 0.245961
vt 0.017662 0.070365
vt 0.012275 0.055286
vt 0.375880 0.193668
vt 0.375388 0.193785
vt 0.949807 0.021742
vt 0.949716 0.021438
vt 0.957580 0.006969
vt 0.957884 0.006881
vt 0.447507 0.166602
vt 0.447077 0.164757
vt 0.447629 0.164628
vt 0.448059 0.166470
vt 0.845397 0.000562
vt 0.845397 0.002457
vt 0.844827 0.002457
vt 0.844827 0.000562
vt 0.373114 0.184160
vt 0.372675 0.182319
vt 0.373165 0.182201
vt 0.373606 0.184045
vt 0.921959 0.000557
vt 0.921960 0.002452
vt 0.921454 0.002452
vt 0.921453 0.000557
vt 0.415208 0.174349
vt 0.417474 0.183975
vt 0.409923 0.185766
vt 0.407638 0.176141
vt 0.878657 0.002456
vt 0.878657 0.000560
vt 0.886468 0.000557
vt 0.886468 0.002452
vt 0.414773 0.172504
vt 0.407201 0.174298
vt 0.845398 0.014424
vt 0.845398 0.016314
vt 0.844829 0.016314
vt 0.844829 0.014424
vt 0.464830 0.239810
vt 0.464390 0.237972
vt 0.464943 0.237842
vt 0.465383 0.239679
vt 0.390501 0.255469
vt 0.390009 0.255586
vt 0.429757 0.235891
vt 0.432044 0.245513
vt 0.424473 0.247302
vt 0.422206 0.237673
vt 0.921455 0.014419
vt 0.921961 0.014419
vt 0.878660 0.014422
vt 0.886470 0.014419
vt 0.960365 0.026698
vt 0.967751 0.013112
vt 0.332510 0.237448
vt 0.329811 0.225790
vt 0.330120 0.223920
vt 0.331660 0.222814
vt 0.335476 0.239292
vt 0.333610 0.238985
vt 0.432480 0.247353
vt 0.424906 0.249142
vt 0.878660 0.016313
vt 0.886471 0.016309
vt 0.921962 0.016309
vt 0.921455 0.016309
vt 0.390439 0.257425
vt 0.390931 0.257310
vt 0.425695 0.217556
vt 0.424907 0.213997
vt 0.422916 0.205585
vt 0.422036 0.202111
vt 0.419834 0.193372
vt 0.419012 0.190228
vt 0.418335 0.187478
vt 0.417616 0.184271
vt 0.417591 0.183955
vt 0.415318 0.174321
vt 0.414886 0.172477
vt 0.878514 0.000561
vt 0.878514 0.002456
vt 0.878516 0.014423
vt 0.878516 0.016314
vt 0.432593 0.247327
vt 0.432154 0.245489
vt 0.429870 0.235857
vt 0.429751 0.235562
vt 0.428958 0.232372
vt 0.428333 0.229607
vt 0.427611 0.226216
vt 0.419806 0.228062
vt 0.420627 0.231426
vt 0.421283 0.234183
vt 0.422067 0.237707
vt 0.424339 0.247335
vt 0.424770 0.249174
vt 0.886638 0.016309
vt 0.886637 0.014418
vt 0.886635 0.002451
vt 0.886635 0.000556
vt 0.407066 0.174330
vt 0.407504 0.176172
vt 0.409783 0.185797
vt 0.410659 0.189297
vt 0.411307 0.192052
vt 0.412030 0.195215
vt 0.414068 0.203992
vt 0.414891 0.207483
vt 0.416884 0.215894
vt 0.417729 0.219443
vt 0.418197 0.187511
vt 0.417479 0.184292
vt 0.429618 0.235605
vt 0.428819 0.232405
vt 0.421445 0.234144
vt 0.410822 0.189259
vt 0.007907 0.059101
vt 0.010577 0.058159
vt 0.012138 0.054907
vt 0.019493 0.052280
vt 0.019779 0.052415
vt 0.025425 0.052845
vt 0.022762 0.053807
vt 0.000556 0.061736
vt 0.011900 0.070234
vt 0.004548 0.072868
vt 0.029392 0.063986
vt 0.026728 0.064948
vt 0.025319 0.067923
vt 0.025183 0.068208
vt 0.017830 0.070835
vt 0.014570 0.069291
vt 0.967550 0.014997
vt 0.961835 0.025510
vt 0.966562 0.011636
vt 0.958486 0.026495
vt 0.872917 0.012400
vt 0.872916 0.004480
vt 0.850997 0.012400
vt 0.850995 0.004480
vt 0.892204 0.004365
vt 0.892206 0.012504
vt 0.915885 0.004366
vt 0.915887 0.012506
vt 0.879310 0.882896
vt 0.881921 0.875417
vt 0.889183 0.877917
vt 0.886571 0.885395
vt 0.680110 0.476229
vt 0.658405 0.473161
vt 0.669631 0.467774
vt 0.684404 0.469862
vt 0.647386 0.436588
vt 0.648223 0.428712
vt 0.660602 0.430061
vt 0.659763 0.437937
vt 0.668649 0.394327
vt 0.690409 0.396975
vt 0.692910 0.404237
vt 0.678100 0.402433
vt 0.930763 0.892301
vt 0.928095 0.899990
vt 0.921067 0.897517
vt 0.923734 0.889827
vt 0.711402 0.399562
vt 0.734887 0.402598
vt 0.723725 0.408117
vt 0.707740 0.406050
vt 0.746160 0.439885
vt 0.745186 0.447965
vt 0.732820 0.446506
vt 0.733795 0.438425
vt 0.724058 0.482734
vt 0.700643 0.479195
vt 0.698908 0.471950
vt 0.714845 0.474359
vt 0.901966 0.882316
vt 0.899347 0.889791
vt 0.686400 0.453466
vt 0.689363 0.457292
vt 0.682518 0.432486
vt 0.681661 0.440360
vt 0.694450 0.417662
vt 0.690598 0.420591
vt 0.908429 0.893071
vt 0.911088 0.885379
vt 0.707132 0.422612
vt 0.703445 0.418749
vt 0.710928 0.443939
vt 0.711909 0.435859
vt 0.698275 0.458564
vt 0.702876 0.455852
vt 0.689788 0.432969
vt 0.694618 0.433528
vt 0.693598 0.442091
vt 0.688781 0.441514
vt 0.699437 0.434148
vt 0.698419 0.442664
vt 0.704260 0.434711
vt 0.703243 0.443250
vt 0.709080 0.435282
vt 0.708067 0.443824
vt 0.906210 0.892551
vt 0.901630 0.890954
vt 0.904456 0.882829
vt 0.909046 0.884429
vt 0.684955 0.432408
vt 0.683962 0.440953
vt 0.694768 0.432328
vt 0.691900 0.428379
vt 0.698065 0.426878
vt 0.699577 0.433015
vt 0.703487 0.430177
vt 0.704235 0.425400
vt 0.701392 0.421467
vt 0.696593 0.420710
vt 0.692656 0.423563
vt 0.689671 0.446331
vt 0.693459 0.443272
vt 0.695240 0.449371
vt 0.698284 0.443816
vt 0.701331 0.447584
vt 0.700816 0.452405
vt 0.697041 0.455457
vt 0.692214 0.454944
vt 0.689154 0.451170
vt 0.688235 0.451922
vt 0.691310 0.455682
vt 0.695910 0.419763
vt 0.691966 0.422597
vt 0.705181 0.424727
vt 0.702362 0.420772
vt 0.697783 0.456372
vt 0.701557 0.453316
vt 0.689925 0.431799
vt 0.704396 0.433542
vt 0.709220 0.434113
vt 0.696778 0.419547
vt 0.701576 0.420304
vt 0.685097 0.431239
vt 0.688642 0.442684
vt 0.703102 0.444418
vt 0.707926 0.444993
vt 0.904845 0.881718
vt 0.909432 0.883317
vt 0.683821 0.442121
vt 0.000579 0.018516
vt 0.051195 0.018069
vt 0.051207 0.025349
vt 0.000626 0.025796
vt 0.051248 0.028954
vt 0.000650 0.029405
vt 0.105294 0.026721
vt 0.054745 0.025381
vt 0.054871 0.018102
vt 0.105488 0.019444
vt 0.000556 0.014910
vt 0.051154 0.014461
vt 0.109095 0.019542
vt 0.108899 0.026820
vt 0.011732 0.212618
vt 0.012769 0.208250
vt 0.019353 0.209792
vt 0.018307 0.214201
vt 0.013282 0.206022
vt 0.014264 0.201639
vt 0.020866 0.203106
vt 0.019875 0.207524
vt 0.014752 0.199401
vt 0.015695 0.195002
vt 0.022308 0.196414
vt 0.021360 0.200837
vt 0.016168 0.192752
vt 0.017087 0.188340
vt 0.023706 0.189726
vt 0.022785 0.194146
vt 0.017554 0.186079
vt 0.018475 0.181656
vt 0.025092 0.183052
vt 0.024174 0.187464
vt 0.018951 0.179385
vt 0.019904 0.174956
vt 0.026508 0.176408
vt 0.025563 0.180803
vt 0.020407 0.172675
vt 0.021429 0.168245
vt 0.028006 0.169814
vt 0.027000 0.174178
vt 0.021980 0.165957
vt 0.023118 0.161536
vt 0.029648 0.163291
vt 0.028537 0.167610
vt 0.023741 0.159247
vt 0.025081 0.154925
vt 0.031544 0.156823
vt 0.030246 0.161124
vt 0.002964 0.245417
vt 0.004174 0.241075
vt 0.010689 0.242888
vt 0.009478 0.247232
vt 0.004792 0.238856
vt 0.005996 0.234516
vt 0.012515 0.236315
vt 0.011309 0.240664
vt 0.006607 0.232301
vt 0.007790 0.227961
vt 0.014319 0.229723
vt 0.013130 0.234084
vt 0.008385 0.225749
vt 0.009529 0.221406
vt 0.016073 0.223107
vt 0.014921 0.227483
vt 0.010099 0.219192
vt 0.011191 0.214839
vt 0.017755 0.216462
vt 0.016653 0.220856
vt 0.004355 0.147646
vt 0.007556 0.144472
vt 0.012909 0.153073
vt 0.002848 0.151893
vt 0.003333 0.156376
vt 0.005716 0.160205
vt 0.009525 0.162620
vt 0.014008 0.163142
vt 0.018273 0.161670
vt 0.021491 0.158496
vt 0.022952 0.154231
vt 0.022478 0.149758
vt 0.020096 0.145933
vt 0.016291 0.143523
vt 0.011814 0.143001
vt 0.051960 0.159007
vt 0.052595 0.163471
vt 0.042501 0.162633
vt 0.051231 0.167770
vt 0.048137 0.171049
vt 0.043928 0.172662
vt 0.039436 0.172288
vt 0.035552 0.170004
vt 0.033044 0.166260
vt 0.032416 0.161802
vt 0.033762 0.157500
vt 0.036857 0.154218
vt 0.041067 0.152604
vt 0.045561 0.152976
vt 0.049448 0.155261
vt 0.002732 0.146009
vt 0.005934 0.142835
vt 0.054242 0.158682
vt 0.054878 0.163147
vt 0.001041 0.156624
vt 0.000556 0.152141
vt 0.052908 0.169352
vt 0.049813 0.172632
vt 0.008289 0.164567
vt 0.004482 0.162153
vt 0.043737 0.174959
vt 0.039245 0.174585
vt 0.019023 0.163849
vt 0.014761 0.165321
vt 0.033638 0.171289
vt 0.031128 0.167543
vt 0.008859 0.249452
vt 0.002344 0.247636
vt 0.022052 0.144713
vt 0.024436 0.148540
vt 0.036031 0.152066
vt 0.040241 0.150452
vt 0.012081 0.140712
vt 0.016558 0.141234
vt 0.046730 0.150989
vt 0.050616 0.153273
vt 0.044512 0.210125
vt 0.047901 0.207014
vt 0.052393 0.212068
vt 0.049141 0.215054
vt 0.049717 0.205438
vt 0.053297 0.202526
vt 0.057469 0.207847
vt 0.054056 0.210623
vt 0.055219 0.201063
vt 0.058995 0.198393
vt 0.062794 0.203985
vt 0.059211 0.206520
vt 0.061023 0.197062
vt 0.064988 0.194669
vt 0.068370 0.200523
vt 0.064619 0.202788
vt 0.067115 0.193491
vt 0.071253 0.191400
vt 0.074183 0.197493
vt 0.070274 0.199468
vt 0.073467 0.190387
vt 0.077755 0.188621
vt 0.080207 0.194921
vt 0.076159 0.196588
vt 0.080039 0.187782
vt 0.084371 0.186425
vt 0.086521 0.192839
vt 0.082249 0.194172
vt 0.013118 0.246637
vt 0.015933 0.243113
vt 0.021214 0.247336
vt 0.018401 0.250858
vt 0.017374 0.241309
vt 0.020196 0.237785
vt 0.025466 0.242022
vt 0.022651 0.245537
vt 0.021647 0.235980
vt 0.024493 0.232464
vt 0.029734 0.236738
vt 0.026905 0.240232
vt 0.025964 0.230662
vt 0.028857 0.227170
vt 0.034040 0.231513
vt 0.031180 0.234967
vt 0.030362 0.225380
vt 0.033328 0.221931
vt 0.038418 0.226382
vt 0.035504 0.229771
vt 0.034883 0.220163
vt 0.037956 0.216785
vt 0.042906 0.221392
vt 0.039910 0.224685
vt 0.039581 0.215058
vt 0.042797 0.211790
vt 0.047549 0.216600
vt 0.044441 0.219760
vt 0.070863 0.169324
vt 0.074284 0.166386
vt 0.079008 0.175348
vt 0.069056 0.173457
vt 0.069223 0.177965
vt 0.071330 0.181955
vt 0.074958 0.184637
vt 0.079393 0.185494
vt 0.083735 0.184283
vt 0.087156 0.181361
vt 0.088962 0.177232
vt 0.088795 0.172730
vt 0.086691 0.168744
vt 0.083067 0.166066
vt 0.078639 0.165224
vt 0.087917 0.215394
vt 0.083489 0.214546
vt 0.087563 0.205270
vt 0.079869 0.211863
vt 0.077772 0.207874
vt 0.077611 0.203372
vt 0.079422 0.199246
vt 0.082849 0.196326
vt 0.087193 0.195122
vt 0.091626 0.195986
vt 0.095250 0.198672
vt 0.097351 0.202666
vt 0.097511 0.207173
vt 0.095700 0.211304
vt 0.092274 0.214237
vt 0.069362 0.167575
vt 0.072782 0.164638
vt 0.087483 0.217658
vt 0.083055 0.216810
vt 0.066920 0.178049
vt 0.066753 0.173543
vt 0.077829 0.212936
vt 0.075731 0.208945
vt 0.073586 0.186490
vt 0.069961 0.183810
vt 0.075500 0.202447
vt 0.077312 0.198318
vt 0.016962 0.252659
vt 0.011679 0.248439
vt 0.091074 0.178156
vt 0.089267 0.182286
vt 0.093000 0.194135
vt 0.096621 0.196820
vt 0.088729 0.167668
vt 0.090834 0.171655
vt 0.099655 0.202585
vt 0.099815 0.207091
vt 0.079070 0.162959
vt 0.083499 0.163801
vt 0.097198 0.213055
vt 0.093774 0.215988
vt 0.735664 0.008987
vt 0.735666 0.009689
vt 0.557857 0.009694
vt 0.557855 0.008991
vt 0.735668 0.010387
vt 0.557859 0.010398
vt 0.735671 0.011089
vt 0.557862 0.011100
vt 0.735673 0.011792
vt 0.557864 0.011800
vt 0.735676 0.012495
vt 0.557867 0.012501
vt 0.735678 0.013197
vt 0.557869 0.013202
vt 0.735681 0.013899
vt 0.557872 0.013904
vt 0.735683 0.014605
vt 0.557874 0.014602
vt 0.735686 0.015309
vt 0.557877 0.015301
vt 0.735688 0.016010
vt 0.557879 0.016003
vt 0.735690 0.016708
vt 0.557881 0.016707
vt 0.735692 0.017406
vt 0.557883 0.017412
vt 0.735695 0.018108
vt 0.557886 0.018114
vt 0.735697 0.018808
vt 0.557887 0.018816
vt 0.735700 0.019510
vt 0.557890 0.019517
vt 0.735702 0.020213
vt 0.557893 0.020218
vt 0.735704 0.020917
vt 0.557895 0.020920
vt 0.735706 0.021626
vt 0.557897 0.021618
vt 0.735708 0.022332
vt 0.557899 0.022319
vt 0.735710 0.023039
vt 0.557901 0.023021
vt 0.735713 0.023742
vt 0.557904 0.023725
vt 0.735715 0.024447
vt 0.557906 0.024429
vt 0.735718 0.025156
vt 0.557908 0.025127
vt 0.735718 0.025861
vt 0.557909 0.025830
vt 0.735720 0.026561
vt 0.557911 0.026538
vt 0.735721 0.027265
vt 0.557913 0.027242
vt 0.735722 0.027974
vt 0.557913 0.027939
vt 0.735722 0.028680
vt 0.557913 0.028640
vt 0.735651 0.000561
vt 0.735651 0.001262
vt 0.557842 0.001262
vt 0.557842 0.000556
vt 0.735651 0.001964
vt 0.557842 0.001966
vt 0.735651 0.002666
vt 0.557842 0.002671
vt 0.735652 0.003368
vt 0.557843 0.003375
vt 0.735653 0.004070
vt 0.557844 0.004078
vt 0.735653 0.004769
vt 0.557844 0.004786
vt 0.735655 0.005472
vt 0.557846 0.005487
vt 0.735656 0.006178
vt 0.557847 0.006186
vt 0.735658 0.006878
vt 0.557849 0.006889
vt 0.735659 0.007578
vt 0.557850 0.007592
vt 0.735661 0.008283
vt 0.557852 0.008291
vt 0.977877 0.989709
vt 0.978400 0.989240
vt 0.981121 0.992801
vt 0.977433 0.990254
vt 0.977081 0.990862
vt 0.976827 0.991518
vt 0.976679 0.992205
vt 0.976640 0.992908
vt 0.976712 0.993608
vt 0.976892 0.994287
vt 0.977177 0.994930
vt 0.977558 0.995520
vt 0.978027 0.996044
vt 0.978573 0.996488
vt 0.979180 0.996842
vt 0.979837 0.997096
vt 0.980525 0.997244
vt 0.981227 0.997282
vt 0.981927 0.997210
vt 0.982607 0.997030
vt 0.983251 0.996746
vt 0.983842 0.996363
vt 0.984366 0.995893
vt 0.984810 0.995347
vt 0.985163 0.994739
vt 0.985416 0.994082
vt 0.985564 0.993395
vt 0.985602 0.992693
vt 0.985530 0.991992
vt 0.985348 0.991312
vt 0.985064 0.990669
vt 0.984681 0.990078
vt 0.984211 0.989555
vt 0.983665 0.989111
vt 0.983057 0.988758
vt 0.982401 0.988506
vt 0.981714 0.988358
vt 0.981011 0.988321
vt 0.980312 0.988393
vt 0.979633 0.988573
vt 0.978990 0.988858
vt 0.945465 0.019827
vt 0.945988 0.020296
vt 0.942746 0.023391
vt 0.946433 0.020842
vt 0.946786 0.021450
vt 0.947040 0.022106
vt 0.947188 0.022795
vt 0.947226 0.023497
vt 0.947154 0.024197
vt 0.946974 0.024878
vt 0.946689 0.025522
vt 0.946307 0.026113
vt 0.945837 0.026636
vt 0.945292 0.027080
vt 0.944683 0.027433
vt 0.944026 0.027686
vt 0.943338 0.027834
vt 0.942636 0.027872
vt 0.941936 0.027799
vt 0.941256 0.027618
vt 0.940613 0.027333
vt 0.940023 0.026951
vt 0.939500 0.026481
vt 0.939056 0.025935
vt 0.938703 0.025326
vt 0.938450 0.024671
vt 0.938302 0.023984
vt 0.938265 0.023281
vt 0.938337 0.022581
vt 0.938517 0.021902
vt 0.938802 0.021260
vt 0.939184 0.020670
vt 0.939654 0.020146
vt 0.940199 0.019703
vt 0.940806 0.019349
vt 0.941462 0.019097
vt 0.942149 0.018948
vt 0.942851 0.018910
vt 0.943551 0.018981
vt 0.944231 0.019161
vt 0.944874 0.019446
vn 0.789156 -0.000073 0.614193
vn 0.931362 -0.000369 0.364096
vn 0.700093 0.243055 0.671411
vn 0.555179 0.512165 -0.655334
vn 0.622219 0.319950 -0.714475
vn 0.623614 0.308779 -0.718165
vn 0.623156 -0.316645 -0.715131
vn 0.645731 -0.197906 -0.737472
vn 0.645340 -0.207214 -0.735255
vn -0.231407 0.243057 -0.942005
vn 0.150363 -0.000366 -0.988631
vn -0.137331 -0.000073 -0.990525
vn 0.697802 -0.238459 0.675433
vn -0.236049 -0.238460 -0.942029
vn 0.933754 0.308779 -0.180992
vn 0.929861 0.319951 -0.181630
vn 0.845125 0.512164 -0.153142
vn 0.930900 -0.316645 -0.182103
vn 0.959419 -0.207214 -0.191253
vn 0.961535 -0.197907 -0.190483
vn 0.981577 0.000060 -0.191068
vn 0.656258 0.000061 -0.754536
vn 0.653993 -0.000253 -0.756501
vn 0.982146 -0.000255 -0.188122
vn -0.931583 0.000000 -0.363528
vn -0.929677 -0.063950 -0.362784
vn -0.931583 0.000000 -0.363528
vn -0.561797 -0.512754 0.649205
vn -0.619097 -0.323871 0.715421
vn -0.621482 -0.313022 0.718177
vn -0.620844 0.315964 0.717440
vn -0.640468 0.205007 0.740117
vn -0.640550 0.204410 0.740211
vn -0.150655 -0.063951 0.986516
vn -0.150964 -0.000000 0.988539
vn -0.150964 -0.000000 0.988539
vn -0.929677 0.063951 -0.362784
vn -0.150655 0.063952 0.986516
vn -0.929120 -0.323870 0.178449
vn -0.843125 -0.512754 0.161934
vn -0.932699 -0.313022 0.179137
vn -0.931741 0.315965 0.178954
vn -0.961315 0.204410 0.184633
vn -0.961192 0.205008 0.184610
vn -0.982052 0.000000 0.188612
vn -0.654369 -0.000000 0.756175
vn -0.654370 0.000000 0.756175
vn -0.982052 -0.000000 0.188610
vn 0.031500 0.190245 0.981231
vn -0.181077 0.000218 0.983469
vn -0.181079 0.000321 0.983469
vn 0.017331 0.193941 0.980860
vn -0.834027 0.190241 -0.517888
vn -0.737337 0.141991 -0.660434
vn -0.737337 0.141991 -0.660434
vn -0.840790 0.193937 -0.505431
vn -0.714818 -0.231452 -0.659898
vn -0.825467 -0.241119 -0.510358
vn -0.826508 -0.241178 -0.508642
vn -0.714818 -0.231452 -0.659897
vn -0.942246 0.000218 -0.334920
vn -0.942247 0.000320 -0.334919
vn 0.029237 -0.241118 0.970055
vn 0.027230 -0.241177 0.970099
vn 0.203300 0.141996 0.968765
vn 0.203300 0.141996 0.968766
vn 0.214064 -0.231450 0.949004
vn 0.214064 -0.231450 0.949004
vn 0.864559 -0.156617 -0.477502
vn 0.877287 0.002560 -0.479959
vn 0.877231 -0.002230 -0.480064
vn 0.864559 -0.156617 -0.477502
vn 0.964653 0.132940 0.227532
vn 0.964653 0.132940 0.227532
vn 0.964653 0.132940 0.227532
vn 0.964653 0.132940 0.227532
vn 0.999007 -0.036095 -0.026134
vn 0.999007 -0.036095 -0.026134
vn 0.999007 -0.036095 -0.026134
vn 0.999007 -0.036095 -0.026134
vn 0.854291 0.002560 -0.519789
vn 0.845797 -0.156614 -0.510000
vn 0.845797 -0.156614 -0.510000
vn 0.854354 -0.002230 -0.519687
vn 0.868396 0.155815 -0.470755
vn 0.868396 0.155815 -0.470755
vn 0.841878 0.155815 -0.516685
vn 0.841878 0.155815 -0.516685
vn 0.285265 0.132932 -0.949185
vn 0.285265 0.132932 -0.949185
vn 0.285265 0.132932 -0.949185
vn 0.285265 0.132932 -0.949185
vn 0.522138 -0.036094 -0.852097
vn 0.522138 -0.036094 -0.852097
vn 0.522138 -0.036094 -0.852097
vn 0.522138 -0.036094 -0.852097
vn 0.674529 0.337073 0.656805
vn 0.668358 -0.000963 0.743839
vn -0.231535 0.337075 -0.912563
vn -0.175548 0.440639 -0.880352
vn -0.175548 0.440639 -0.880352
vn -0.209147 -0.374885 -0.903172
vn -0.250196 -0.295805 -0.921901
vn -0.209147 -0.374885 -0.903172
vn -0.310008 -0.000964 -0.950733
vn 0.673297 -0.295804 0.677622
vn 0.674625 0.440637 0.592216
vn 0.674625 0.440637 0.592216
vn 0.677600 -0.374885 0.632708
vn 0.677600 -0.374885 0.632708
vn 0.866024 0.000000 -0.500003
vn 0.866024 0.000000 -0.500003
vn 0.866024 0.000000 -0.500003
vn 0.866024 0.000000 -0.500003
vn 0.000000 1.000000 -0.000001
vn 0.000000 1.000000 -0.000001
vn 0.000000 1.000000 -0.000001
vn 0.000000 1.000000 -0.000001
vn -0.866025 0.000000 0.500001
vn -0.866025 0.000000 0.500001
vn -0.866025 0.000000 0.500001
vn -0.866025 0.000000 0.500001
vn 0.000000 -1.000000 -0.000001
vn 0.000000 -1.000000 -0.000001
vn 0.000000 -1.000000 -0.000001
vn 0.000000 -1.000000 -0.000001
vn -0.499970 0.000000 -0.866043
vn -0.499970 0.000000 -0.866043
vn -0.499970 0.000000 -0.866043
vn -0.499970 0.000000 -0.866043
vn 0.500036 0.000000 0.866005
vn 0.500036 0.000000 0.866005
vn 0.500036 0.000000 0.866005
vn 0.500036 0.000000 0.866005
vn 0.882526 0.000000 -0.470263
vn 0.848540 0.000000 -0.529131
vn 0.848444 0.000000 -0.529285
vn 0.882612 0.000000 -0.470103
vn 0.000000 1.000000 0.000001
vn 0.000000 1.000000 0.000001
vn 0.000000 1.000000 0.000001
vn 0.000000 1.000000 0.000001
vn -0.882586 0.000000 0.470150
vn -0.848418 0.000000 0.529327
vn -0.848514 0.000000 0.529173
vn -0.882501 0.000000 0.470311
vn 0.000000 -1.000000 -0.000002
vn 0.000000 -1.000000 -0.000001
vn 0.000000 -1.000000 -0.000002
vn 0.000000 -1.000000 -0.000002
vn -0.499990 0.000000 -0.866031
vn -0.499990 0.000000 -0.866031
vn -0.499990 0.000000 -0.866031
vn -0.499990 0.000000 -0.866031
vn 0.499971 0.000000 0.866042
vn 0.499971 0.000000 0.866042
vn 0.499971 0.000000 0.866042
vn 0.499971 0.000000 0.866042
vn 0.881972 0.000000 -0.471302
vn 0.849163 0.000000 -0.528131
vn -0.500028 0.000000 -0.866009
vn -0.500021 0.000000 -0.866013
vn -0.500021 0.000000 -0.866013
vn -0.500028 0.000000 -0.866009
vn -0.849137 0.000000 0.528173
vn -0.881946 0.000000 0.471350
vn 0.499998 0.000000 0.866027
vn 0.500037 0.000000 0.866004
vn 0.500037 0.000000 0.866004
vn 0.499998 0.000000 0.866027
vn 0.881712 0.000000 -0.471788
vn 0.849454 0.000000 -0.527663
vn -0.499991 0.000000 -0.866031
vn -0.499991 0.000000 -0.866031
vn -0.499991 0.000000 -0.866031
vn -0.499991 0.000000 -0.866031
vn -0.849428 0.000000 0.527705
vn -0.881687 0.000000 0.471835
vn 0.499972 0.000000 0.866041
vn 0.499972 0.000000 0.866041
vn 0.499972 0.000000 0.866041
vn 0.499972 0.000000 0.866041
vn -0.930441 0.000000 0.366441
vn -0.782543 0.000000 0.622596
vn -0.500029 0.000000 -0.866009
vn -0.500021 0.000000 -0.866013
vn -0.500021 0.000000 -0.866013
vn -0.500029 0.000000 -0.866009
vn 0.782555 0.000000 -0.622582
vn 0.930456 0.000000 -0.366404
vn 0.499998 0.000000 0.866027
vn 0.500038 0.000000 0.866003
vn 0.500038 0.000000 0.866003
vn 0.499998 0.000000 0.866027
vn 0.930456 0.000000 -0.366403
vn 0.782555 0.000000 -0.622582
vn -0.500027 0.000000 -0.866010
vn -0.500021 0.000000 -0.866014
vn -0.500021 0.000000 -0.866014
vn -0.500027 0.000000 -0.866010
vn -0.782543 0.000000 0.622596
vn -0.930441 0.000000 0.366441
vn 0.499998 0.000000 0.866027
vn 0.500037 0.000000 0.866004
vn 0.500037 0.000000 0.866004
vn 0.499998 0.000000 0.866027
vn 0.000000 -1.000000 -0.000009
vn 0.000000 -1.000000 -0.000009
vn 0.000000 -1.000000 -0.000000
vn 0.000000 -1.000000 -0.000004
vn -0.525125 0.000000 0.851025
vn -0.525125 0.000000 0.851025
vn 0.000000 1.000000 0.000000
vn 0.000000 1.000000 0.000000
vn 0.000000 1.000000 0.000000
vn 0.000000 1.000000 0.000000
vn 0.525116 0.000000 -0.851031
vn 0.525116 0.000000 -0.851031
vn 0.000000 -1.000000 -0.000000
vn 0.000000 -1.000000 -0.000000
vn 0.000000 -1.000000 -0.000000
vn 0.000000 -1.000000 -0.000000
vn 0.999573 0.000000 -0.029226
vn 0.999573 0.000000 -0.029226
vn 0.000000 1.000000 -0.000001
vn 0.000000 1.000000 -0.000001
vn 0.000000 1.000000 -0.000001
vn 0.000000 1.000000 -0.000001
vn -0.999573 0.000000 0.029225
vn -0.999573 0.000000 0.029225
vn 0.000000 -1.000000 -0.000002
vn 0.000000 -1.000000 -0.000002
vn 0.000000 -1.000000 0.000001
vn 0.000000 -1.000000 0.000000
vn -0.525126 0.000000 0.851025
vn -0.525126 0.000000 0.851025
vn 0.000000 1.000000 0.000000
vn 0.000000 1.000000 0.000000
vn 0.525117 0.000000 -0.851030
vn 0.525117 0.000000 -0.851030
vn 0.000000 -1.000000 -0.000001
vn 0.000000 -1.000000 -0.000001
vn 0.000000 -1.000000 -0.000001
vn 0.000000 -1.000000 -0.000001
vn 0.999573 0.000000 -0.029226
vn 0.999573 0.000000 -0.029226
vn 0.000000 1.000000 -0.000000
vn 0.000000 1.000000 -0.000000
vn -0.999573 0.000000 0.029225
vn -0.999573 0.000000 0.029225
vn 0.000000 -1.000000 0.000002
vn 0.000000 -1.000000 0.000004
vn -0.525126 0.000000 0.851024
vn -0.525126 0.000000 0.851024
vn 0.000000 1.000000 0.000000
vn 0.000000 1.000000 0.000000
vn 0.000000 1.000000 0.000000
vn 0.000000 1.000000 -0.000002
vn 0.525116 0.000000 -0.851031
vn 0.525116 0.000000 -0.851031
vn 0.000000 -1.000000 0.000002
vn 0.000000 -1.000000 0.000001
vn 0.999573 0.000000 -0.029226
vn 0.999573 0.000000 -0.029226
vn 0.000000 1.000000 -0.000000
vn 0.000000 1.000000 -0.000000
vn 0.000000 1.000000 -0.000000
vn 0.000000 1.000000 -0.000000
vn -0.999573 0.000000 0.029225
vn -0.999573 0.000000 0.029225
vn 0.000000 -1.000000 0.000001
vn 0.000000 -1.000000 0.000004
vn 0.000000 1.000000 0.000000
vn 0.000000 1.000000 0.000000
vn 0.525153 0.000000 -0.851008
vn 0.525153 0.000000 -0.851008
vn 0.000000 -1.000000 -0.000000
vn 0.000000 -1.000000 -0.000000
vn 0.999573 0.000000 -0.029225
vn 0.999573 0.000000 -0.029225
vn 0.000000 1.000000 -0.000000
vn 0.000000 1.000000 -0.000001
vn 0.000000 -1.000000 0.000001
vn 0.000000 -1.000000 0.000004
vn 0.000000 1.000000 0.000000
vn 0.000000 1.000000 0.000000
vn 0.525153 0.000000 -0.851008
vn 0.525153 0.000000 -0.851008
vn 0.000000 -1.000000 -0.000001
vn 0.000000 -1.000000 -0.000000
vn 0.999573 0.000000 -0.029225
vn 0.999573 0.000000 -0.029225
vn 0.000000 1.000000 -0.000000
vn 0.000000 1.000000 -0.000000
vn 0.000000 -1.000000 0.000001
vn 0.000000 -1.000000 0.000004
vn 0.000000 1.000000 0.000000
vn 0.000000 1.000000 -0.000003
vn 0.525152 0.000000 -0.851008
vn 0.525152 0.000000 -0.851008
vn 0.000000 -1.000000 0.000002
vn 0.000000 -1.000000 0.000000
vn 0.999573 0.000000 -0.029225
vn 0.999573 0.000000 -0.029225
vn 0.000000 1.000000 -0.000000
vn 0.000000 1.000000 -0.000000
vn 0.499972 0.000000 0.866041
vn 0.499972 0.000000 0.866041
vn 0.607385 0.000000 0.794407
vn 0.607385 0.000000 0.794407
vn 0.000000 1.000000 0.000000
vn 0.000000 1.000000 0.000000
vn -0.607405 0.000000 -0.794393
vn -0.607405 0.000000 -0.794393
vn 0.000000 -1.000000 -0.000000
vn 0.000000 -1.000000 -0.000001
vn -0.500006 0.000000 -0.866022
vn -0.500006 0.000000 -0.866022
vn -0.384272 0.000000 -0.923220
vn -0.384272 0.000000 -0.923220
vn 0.000000 -1.000000 0.000000
vn 0.000000 -1.000000 0.000000
vn 0.384249 0.000000 0.923229
vn 0.384249 0.000000 0.923229
vn 0.000000 1.000000 0.000000
vn 0.000000 1.000000 0.000000
vn 0.499972 0.000000 0.866041
vn 0.499972 0.000000 0.866041
vn 0.607385 0.000000 0.794407
vn 0.607385 0.000000 0.794407
vn 0.000000 1.000000 0.000000
vn 0.000000 1.000000 0.000000
vn -0.607404 0.000000 -0.794393
vn -0.607404 0.000000 -0.794393
vn 0.000000 -1.000000 0.000000
vn 0.000000 -1.000000 0.000000
vn -0.500007 0.000000 -0.866021
vn -0.500007 0.000000 -0.866021
vn -0.384272 0.000000 -0.923220
vn -0.384272 0.000000 -0.923220
vn 0.000000 -1.000000 0.000000
vn 0.000000 -1.000000 0.000000
vn 0.384250 0.000000 0.923229
vn 0.384250 0.000000 0.923229
vn 0.000000 1.000000 0.000000
vn 0.000000 1.000000 0.000000
vn 0.499973 0.000000 0.866041
vn 0.499973 0.000000 0.866041
vn 0.607386 0.000000 0.794407
vn 0.607386 0.000000 0.794407
vn 0.000000 1.000000 0.000000
vn 0.000000 1.000000 -0.000001
vn -0.607404 0.000000 -0.794393
vn -0.607404 0.000000 -0.794393
vn 0.000000 -1.000000 0.000000
vn 0.000000 -1.000000 0.000000
vn -0.500007 0.000000 -0.866022
vn -0.500007 0.000000 -0.866022
vn -0.384272 0.000000 -0.923220
vn -0.384272 0.000000 -0.923220
vn 0.000000 -1.000000 0.000000
vn 0.000000 -1.000000 0.000000
vn 0.384249 0.000000 0.923229
vn 0.384249 0.000000 0.923229
vn 0.000000 1.000000 0.000000
vn 0.000000 1.000000 0.000000
vn 0.851016 0.000000 0.525140
vn 0.851016 0.000000 0.525140
vn 0.000000 1.000000 0.000000
vn 0.000000 1.000000 0.000000
vn -0.850972 0.000000 -0.525211
vn -0.850972 0.000000 -0.525211
vn 0.000000 -1.000000 0.000000
vn 0.000000 -1.000000 0.000000
vn -0.029301 0.000000 -0.999571
vn -0.029301 0.000000 -0.999571
vn 0.000000 -1.000000 0.000000
vn 0.000000 -1.000000 0.000000
vn 0.029297 0.000000 0.999571
vn 0.029297 0.000000 0.999571
vn 0.000000 1.000000 0.000000
vn 0.000000 1.000000 0.000000
vn 0.866010 0.000000 -0.500026
vn 0.866010 0.000000 -0.500026
vn 0.866035 0.000000 -0.499983
vn 0.866035 0.000000 -0.499983
vn 0.000000 1.000000 -0.000000
vn 0.000000 1.000000 -0.000001
vn -0.866025 0.000000 0.500001
vn -0.866025 0.000000 0.500001
vn -0.866023 0.000000 0.500004
vn -0.866023 0.000000 0.500004
vn 0.000000 -1.000000 -0.000004
vn 0.000000 -1.000000 -0.000002
vn 0.866004 0.000000 -0.500038
vn 0.866004 0.000000 -0.500038
vn 0.866032 0.000000 -0.499989
vn 0.866032 0.000000 -0.499989
vn 0.000000 -1.000000 -0.000002
vn 0.000000 -1.000000 -0.000004
vn -0.866020 0.000000 0.500010
vn -0.866020 0.000000 0.500010
vn -0.866021 0.000000 0.500008
vn -0.866021 0.000000 0.500008
vn 0.000000 1.000000 -0.000001
vn 0.000000 1.000000 -0.000000
vn 0.851016 0.000000 0.525140
vn 0.851016 0.000000 0.525140
vn 0.000000 1.000000 0.000000
vn 0.000000 1.000000 0.000000
vn -0.850972 0.000000 -0.525211
vn -0.850972 0.000000 -0.525211
vn 0.000000 -1.000000 0.000005
vn 0.000000 -1.000000 0.000000
vn -0.029303 0.000000 -0.999571
vn -0.029303 0.000000 -0.999571
vn 0.000000 -1.000000 0.000000
vn 0.000000 -1.000000 0.000000
vn 0.029295 0.000000 0.999571
vn 0.029295 0.000000 0.999571
vn 0.000000 1.000000 0.000000
vn 0.000000 1.000000 0.000000
vn 0.851016 0.000000 0.525140
vn 0.851016 0.000000 0.525140
vn 0.000000 1.000000 0.000004
vn 0.000000 1.000000 -0.000000
vn -0.850972 0.000000 -0.525211
vn -0.850972 0.000000 -0.525211
vn 0.000000 -1.000000 -0.000003
vn 0.000000 -1.000000 -0.000001
vn -0.029302 0.000000 -0.999571
vn -0.029302 0.000000 -0.999571
vn 0.000000 -1.000000 0.000000
vn 0.000000 -1.000000 0.000000
vn 0.029295 0.000000 0.999571
vn 0.029295 0.000000 0.999571
vn 0.000000 1.000000 0.000000
vn 0.000000 1.000000 0.000000
vn 0.866015 0.000000 -0.500018
vn 0.866015 0.000000 -0.500018
vn 0.866014 0.000000 -0.500020
vn 0.866014 0.000000 -0.500020
vn 0.000000 1.000000 -0.000001
vn 0.000000 1.000000 -0.000002
vn -0.866017 0.000000 0.500014
vn -0.866017 0.000000 0.500014
vn -0.866026 0.000000 0.499998
vn -0.866026 0.000000 0.499998
vn 0.000000 -1.000000 0.000007
vn 0.000000 -1.000000 0.000009
vn 0.866045 0.000000 -0.499967
vn 0.866045 0.000000 -0.499967
vn 0.866029 0.000000 -0.499995
vn 0.866029 0.000000 -0.499995
vn 0.000000 -1.000000 0.000002
vn 0.000000 -1.000000 0.000004
vn -0.866014 0.000000 0.500020
vn -0.866014 0.000000 0.500020
vn -0.866025 0.000000 0.500001
vn -0.866025 0.000000 0.500001
vn 0.000000 1.000000 -0.000002
vn 0.000000 1.000000 -0.000001
vn 0.866035 0.000000 -0.499983
vn 0.866035 0.000000 -0.499983
vn 0.866024 0.000000 -0.500002
vn 0.866024 0.000000 -0.500002
vn 0.000000 1.000000 -0.000003
vn 0.000000 1.000000 0.000000
vn -0.866028 0.000000 0.499995
vn -0.866028 0.000000 0.499995
vn -0.866027 0.000000 0.499997
vn -0.866027 0.000000 0.499997
vn 0.000000 -1.000000 -0.000006
vn 0.000000 -1.000000 -0.000006
vn 0.866023 0.000000 -0.500004
vn 0.866023 0.000000 -0.500004
vn 0.866019 0.000000 -0.500012
vn 0.866019 0.000000 -0.500012
vn 0.000000 -1.000000 -0.000002
vn 0.000000 -1.000000 -0.000004
vn -0.866012 0.000000 0.500022
vn -0.866012 0.000000 0.500022
vn -0.866019 0.000000 0.500011
vn -0.866019 0.000000 0.500011
vn 0.000000 1.000000 0.000002
vn 0.000000 1.000000 0.000001
vn 0.866025 0.000000 -0.500000
vn 0.866025 0.000000 -0.500000
vn 0.866025 0.000000 -0.500000
vn 0.866025 0.000000 -0.500000
vn 0.000000 1.000000 0.000001
vn 0.000000 1.000000 0.000001
vn 0.000000 1.000000 0.000001
vn 0.000000 1.000000 0.000001
vn -0.866028 0.000000 0.499996
vn -0.866028 0.000000 0.499996
vn -0.866028 0.000000 0.499996
vn -0.866028 0.000000 0.499996
vn 0.000000 -1.000000 -0.000000
vn 0.000000 -1.000000 -0.000000
vn 0.000000 -1.000000 -0.000000
vn 0.000000 -1.000000 -0.000000
vn -0.500016 0.000000 -0.866016
vn -0.500016 0.000000 -0.866016
vn -0.500016 0.000000 -0.866016
vn -0.500016 0.000000 -0.866016
vn 0.499983 0.000000 0.866035
vn 0.499983 0.000000 0.866035
vn 0.499983 0.000000 0.866035
vn 0.499983 0.000000 0.866035
vn 0.779086 0.000000 -0.626917
vn 0.858250 0.000000 -0.513232
vn 0.858250 0.000000 -0.513231
vn 0.779086 0.000000 -0.626918
vn -0.612864 0.000000 -0.790188
vn -0.502505 0.000000 -0.864575
vn -0.502504 0.000000 -0.864575
vn -0.612864 0.000000 -0.790189
vn 0.500004 0.000000 0.866023
vn 0.381719 0.000000 0.924278
vn 0.381719 0.000000 0.924279
vn 0.500004 0.000000 0.866023
vn 0.000000 -1.000000 0.000000
vn 0.000000 -1.000000 0.000000
vn 0.000000 -1.000000 0.000001
vn 0.000000 -1.000000 0.000001
vn 0.000000 -1.000000 0.000000
vn 0.000000 -1.000000 0.000000
vn 0.000000 -1.000000 0.000000
vn 0.000000 -1.000000 0.000000
vn 0.071939 0.000000 0.997409
vn 0.258351 0.000000 0.966051
vn -0.846793 0.000000 -0.531923
vn -0.716361 0.000000 -0.697730
vn 0.000000 1.000000 -0.000000
vn 0.000000 1.000000 -0.000000
vn 0.000000 1.000000 -0.000000
vn 0.000000 1.000000 -0.000000
vn 0.000000 1.000000 -0.000000
vn 0.000000 1.000000 -0.000000
vn 0.000000 1.000000 -0.000000
vn 0.000000 1.000000 -0.000000
vn 0.999895 0.000000 -0.014521
vn 0.999895 0.000000 -0.014521
vn 0.999895 0.000000 -0.014521
vn 0.999895 0.000000 -0.014521
vn 0.526639 0.000000 -0.850089
vn 0.526640 0.000000 -0.850088
vn 0.500004 0.000000 0.866023
vn 0.381719 0.000000 0.924279
vn 0.381719 0.000000 0.924278
vn 0.500004 0.000000 0.866023
vn 0.999895 0.000000 -0.014521
vn 0.999895 0.000000 -0.014521
vn 0.999895 0.000000 -0.014521
vn 0.999895 0.000000 -0.014521
vn 0.779086 0.000000 -0.626917
vn 0.858251 0.000000 -0.513231
vn 0.858250 0.000000 -0.513231
vn 0.779086 0.000000 -0.626918
vn 0.526638 0.000000 -0.850090
vn 0.526638 0.000000 -0.850089
vn -0.612864 0.000000 -0.790189
vn -0.502504 0.000000 -0.864575
vn -0.502504 0.000000 -0.864575
vn -0.612864 0.000000 -0.790189
vn -0.716362 0.000000 -0.697729
vn -0.847816 0.000000 -0.530291
vn 0.258351 0.000000 0.966051
vn 0.070254 0.000000 0.997529
vn 0.047635 0.000000 0.998865
vn 0.381719 0.000000 0.924278
vn 0.500004 0.000000 0.866023
vn 0.999895 0.000000 -0.014521
vn 0.999895 0.000000 -0.014521
vn 0.858250 0.000000 -0.513231
vn 0.779086 0.000000 -0.626917
vn 0.526639 0.000000 -0.850089
vn -0.502504 0.000000 -0.864575
vn -0.612863 0.000000 -0.790189
vn -0.861262 0.000000 -0.508161
vn -0.868323 0.000000 0.496000
vn -0.868323 0.000000 0.496000
vn -0.868323 0.000000 0.496000
vn -0.868323 0.000000 0.496000
vn 0.381715 0.000000 0.924280
vn 0.047613 0.000000 0.998866
vn 0.047613 0.000000 0.998866
vn 0.381715 0.000000 0.924280
vn 0.500010 0.000000 0.866020
vn 0.500010 0.000000 0.866020
vn 0.999895 0.000000 -0.014471
vn 0.999895 0.000000 -0.014471
vn 0.999895 0.000000 -0.014471
vn 0.999895 0.000000 -0.014471
vn 0.779087 0.000000 -0.626916
vn 0.858263 0.000000 -0.513210
vn 0.858263 0.000000 -0.513210
vn 0.779087 0.000000 -0.626916
vn 0.526608 0.000000 -0.850108
vn 0.526608 0.000000 -0.850108
vn -0.612854 0.000000 -0.790196
vn -0.502521 0.000000 -0.864565
vn -0.502521 0.000000 -0.864565
vn -0.612854 0.000000 -0.790196
vn -0.861209 0.000000 -0.508251
vn -0.861209 0.000000 -0.508251
vn -0.868320 0.000000 0.496004
vn -0.868320 0.000000 0.496004
vn -0.868320 0.000000 0.496004
vn -0.868320 0.000000 0.496004
vn 0.381729 0.000000 0.924274
vn 0.047676 0.000000 0.998863
vn 0.047676 0.000000 0.998863
vn 0.381726 0.000000 0.924275
vn -0.868318 0.000000 0.496008
vn -0.868318 0.000000 0.496008
vn -0.868318 0.000000 0.496008
vn -0.868318 0.000000 0.496008
vn -0.861244 0.000000 -0.508191
vn -0.612878 0.000000 -0.790178
vn -0.612875 0.000000 -0.790180
vn -0.861245 0.000000 -0.508191
vn -0.502528 0.000000 -0.864561
vn -0.502528 0.000000 -0.864561
vn 0.779094 0.000000 -0.626907
vn 0.526682 0.000000 -0.850062
vn 0.526682 0.000000 -0.850062
vn 0.779092 0.000000 -0.626909
vn 0.858254 0.000000 -0.513226
vn 0.858253 0.000000 -0.513226
vn 0.999895 0.000000 -0.014499
vn 0.999895 0.000000 -0.014499
vn 0.999895 0.000000 -0.014499
vn 0.999895 0.000000 -0.014499
vn 0.500007 0.000000 0.866021
vn 0.500007 0.000000 0.866021
vn 0.999895 0.000000 -0.014521
vn 0.999895 0.000000 -0.014521
vn 0.999895 0.000000 -0.014521
vn 0.999895 0.000000 -0.014521
vn 0.779084 0.000000 -0.626920
vn 0.858250 0.000000 -0.513231
vn 0.858250 0.000000 -0.513231
vn 0.779086 0.000000 -0.626917
vn 0.526640 0.000000 -0.850089
vn 0.526640 0.000000 -0.850089
vn -0.612867 0.000000 -0.790186
vn -0.502504 0.000000 -0.864575
vn -0.502505 0.000000 -0.864575
vn -0.612864 0.000000 -0.790188
vn -0.857387 0.000000 -0.514672
vn -0.856745 0.000000 -0.515740
vn -0.868318 0.000000 0.496007
vn -0.868318 0.000000 0.496007
vn -0.868317 0.000000 0.496010
vn -0.868317 0.000000 0.496010
vn 0.381722 0.000000 0.924277
vn 0.054259 0.000000 0.998527
vn 0.055332 0.000000 0.998468
vn 0.381719 0.000000 0.924278
vn 0.500004 0.000000 0.866023
vn 0.500005 0.000000 0.866023
vn 0.381722 0.000000 0.924277
vn 0.047635 0.000000 0.998865
vn -0.868323 0.000000 0.496000
vn -0.868323 0.000000 0.496000
vn -0.868323 0.000000 0.496000
vn -0.868323 0.000000 0.496000
vn -0.861262 0.000000 -0.508161
vn -0.612868 0.000000 -0.790186
vn -0.502505 0.000000 -0.864574
vn 0.526640 0.000000 -0.850088
vn 0.779084 0.000000 -0.626920
vn 0.858250 0.000000 -0.513231
vn 0.999895 0.000000 -0.014521
vn 0.999895 0.000000 -0.014521
vn 0.500004 0.000000 0.866023
vn 0.000000 1.000000 0.000003
vn 0.000000 1.000000 0.000002
vn 0.000011 -1.000000 -0.000014
vn 0.000001 -1.000000 0.000020
vn 0.000016 -1.000000 0.000019
vn 0.000021 -1.000000 -0.000011
vn -0.000018 -1.000000 0.000002
vn -0.000020 -1.000000 0.000013
vn 0.000000 1.000000 0.000002
vn 0.000000 1.000000 0.000000
vn 0.000015 -1.000000 0.000007
vn 0.000007 -1.000000 0.000020
vn -0.000003 -1.000000 -0.000020
vn -0.000007 -1.000000 -0.000020
vn 0.000000 1.000000 -0.000000
vn -0.000009 -1.000000 0.000019
vn -0.000028 -1.000000 0.000008
vn 0.000000 1.000000 -0.000000
vn 0.000019 -1.000000 0.000003
vn 0.000019 -1.000000 -0.000019
vn 0.000000 1.000000 0.000000
vn -0.000013 -1.000000 -0.000009
vn -0.000011 -1.000000 -0.000013
vn 0.000000 1.000000 0.000002
vn 0.000000 1.000000 -0.000004
vn 0.000000 1.000000 -0.000007
vn 0.000000 1.000000 -0.000006
vn 0.000000 1.000000 -0.000003
vn 0.000000 -1.000000 -0.000004
vn 0.000000 -1.000000 -0.000001
vn 0.000000 1.000000 -0.000002
vn 0.000000 1.000000 -0.000002
vn 0.000000 -1.000000 -0.000006
vn 0.000000 -1.000000 -0.000003
vn 0.000000 1.000000 -0.000003
vn 0.000000 1.000000 -0.000001
vn 0.000000 1.000000 -0.000003
vn 0.000000 1.000000 -0.000001
vn 0.000000 -1.000000 -0.000004
vn 0.000000 -1.000000 -0.000001
vn 0.000000 1.000000 0.000003
vn 0.000000 1.000000 0.000003
vn 0.000000 1.000000 0.000002
vn 0.000000 1.000000 0.000002
vn 0.000000 -1.000000 0.000007
vn 0.000000 1.000000 -0.000007
vn 0.000000 1.000000 -0.000006
vn 0.000000 -1.000000 0.000003
vn -0.000013 -1.000000 -0.000022
vn -0.000014 -1.000000 -0.000024
vn -0.000014 -1.000000 -0.000025
vn -0.000013 -1.000000 -0.000022
vn 0.499991 0.000000 0.866030
vn 0.499989 0.000000 0.866032
vn 0.000000 1.000000 0.000001
vn 0.000000 1.000000 0.000001
vn 0.000000 1.000000 -0.000000
vn 0.000000 1.000000 0.000000
vn -0.499996 0.000000 -0.866028
vn -0.499994 0.000000 -0.866029
vn 0.000000 -1.000000 0.000000
vn 0.000000 -1.000000 0.000000
vn 0.000000 -1.000000 0.000001
vn 0.000000 -1.000000 0.000001
vn 0.499990 0.000000 0.866031
vn 0.499998 0.000000 0.866027
vn 0.000000 1.000000 -0.000000
vn 0.000000 1.000000 -0.000001
vn 0.000000 1.000000 0.000000
vn 0.000000 1.000000 -0.000000
vn -0.499997 0.000000 -0.866027
vn -0.499998 0.000000 -0.866027
vn -0.000009 -1.000000 -0.000002
vn -0.000011 -1.000000 -0.000015
vn -0.000011 -1.000000 -0.000015
vn -0.000009 -1.000000 0.000000
vn 0.965024 0.000000 0.262161
vn 0.965088 0.000000 0.261925
vn 0.965088 0.000000 0.261925
vn 0.965024 0.000000 0.262163
vn 0.000000 1.000000 -0.000001
vn 0.255725 0.000000 -0.966750
vn 0.255728 0.000000 -0.966749
vn 0.255607 0.000000 -0.966781
vn 0.255576 0.000000 -0.966789
vn 0.000000 -1.000000 -0.000000
vn 0.000000 -1.000000 -0.000000
vn 0.965088 0.000000 0.261928
vn 0.965088 0.000000 0.261925
vn 0.965088 0.000000 0.261925
vn 0.965088 0.000000 0.261928
vn 0.000000 1.000000 0.000000
vn 0.000000 1.000000 -0.000002
vn 0.255729 0.000000 -0.966749
vn 0.255729 0.000000 -0.966749
vn 0.255723 0.000000 -0.966750
vn 0.255723 0.000000 -0.966750
vn 0.867633 0.000000 -0.497205
vn 0.867633 0.000000 -0.497205
vn 0.867622 0.000000 -0.497224
vn 0.867622 0.000000 -0.497224
vn 0.000000 1.000000 -0.000001
vn 0.000000 1.000000 0.000003
vn 0.000000 1.000000 -0.000000
vn 0.000000 1.000000 0.000001
vn -0.552766 0.000000 -0.833337
vn -0.792884 0.000000 -0.609373
vn -0.792884 0.000000 -0.609373
vn -0.552760 0.000000 -0.833340
vn -0.991747 0.000000 0.128208
vn -0.948476 0.000008 0.316850
vn -0.892620 0.000000 0.450809
vn -0.991747 0.000000 0.128208
vn -0.552767 0.000000 -0.833336
vn -0.792876 0.000000 -0.609383
vn -0.792884 0.000000 -0.609372
vn -0.552767 0.000000 -0.833336
vn -0.991747 0.000000 0.128210
vn -0.892622 0.000000 0.450805
vn -0.950181 -0.000003 0.311698
vn -0.991747 0.000000 0.128209
vn -0.499990 0.000000 -0.866031
vn -0.499996 0.000000 -0.866028
vn -0.499996 0.000000 -0.866028
vn -0.499998 0.000000 -0.866027
vn -0.552766 0.000000 -0.833337
vn -0.499996 0.000000 -0.866028
vn -0.499996 0.000000 -0.866028
vn -0.552766 0.000000 -0.833336
vn -0.892620 0.000000 0.450810
vn -0.991747 0.000000 0.128208
vn -0.991747 0.000000 0.128208
vn -0.892620 0.000000 0.450809
vn -0.792884 0.000000 -0.609372
vn -0.792884 0.000000 -0.609373
vn -0.752402 0.000008 0.658704
vn -0.610740 0.000000 0.791832
vn -0.610738 0.000000 0.791833
vn -0.840178 0.000000 0.542311
vn 0.129727 0.000000 0.991550
vn 0.445209 0.000000 0.895427
vn 0.445213 0.000000 0.895425
vn 0.129730 0.000000 0.991549
vn 0.500008 0.000000 0.866021
vn 0.500012 0.000000 0.866019
vn 0.500014 0.000000 0.866017
vn 0.500009 0.000000 0.866020
vn 0.445209 0.000000 0.895427
vn 0.445213 0.000000 0.895425
vn 0.500008 0.000000 0.866021
vn 0.445209 0.000000 0.895427
vn 0.445209 0.000000 0.895427
vn 0.500009 0.000000 0.866021
vn -0.748810 -0.000003 0.662784
vn -0.840181 0.000000 0.542306
vn -0.840178 0.000000 0.542311
vn -0.840178 0.000000 0.542311
vn 0.000000 1.000000 -0.000001
vn 0.000000 1.000000 0.000001
vn 0.000000 -1.000000 -0.000000
vn 0.000000 -1.000000 -0.000000
vn 0.000000 -1.000000 -0.000000
vn 0.000000 -1.000000 -0.000000
vn 0.000000 -1.000000 -0.000000
vn 0.000000 -1.000000 -0.000000
vn 0.129727 0.000000 0.991550
vn 0.129727 0.000000 0.991550
vn -0.610741 0.000000 0.791831
vn -0.610741 0.000000 0.791830
vn -0.610748 0.000000 0.791825
vn -0.610741 0.000000 0.791831
vn 0.129727 0.000000 0.991550
vn 0.129726 0.000000 0.991550
vn 0.999895 0.000000 -0.014521
vn 0.999895 0.000000 -0.014521
vn 0.858250 0.000000 -0.513231
vn 0.779086 0.000000 -0.626918
vn 0.526638 0.000000 -0.850089
vn -0.502504 0.000000 -0.864575
vn -0.612864 0.000000 -0.790189
vn -0.716361 0.000000 -0.697729
vn -0.499996 0.000000 -0.866028
vn 0.255728 0.000000 -0.966749
vn 0.255608 0.000000 -0.966781
vn -0.499996 0.000000 -0.866028
vn -0.552766 0.000000 -0.833336
vn -0.792884 0.000000 -0.609373
vn -0.991747 0.000000 0.128208
vn -0.950727 -0.000008 0.310029
vn -0.747624 -0.000008 0.664122
vn -0.610740 0.000000 0.791832
vn 0.129727 0.000000 0.991550
vn 0.445209 0.000000 0.895427
vn 0.500008 0.000000 0.866021
vn 0.965024 0.000000 0.262161
vn 0.965088 0.000000 0.261925
vn 0.499992 0.000000 0.866030
vn 0.258351 0.000000 0.966051
vn 0.381718 0.000000 0.924279
vn 0.500004 0.000000 0.866023
vn 0.381719 0.000000 0.924279
vn 0.258351 0.000000 0.966051
vn 0.499990 0.000000 0.866031
vn 0.965088 0.000000 0.261925
vn 0.965088 0.000000 0.261925
vn 0.500009 0.000000 0.866020
vn 0.445209 0.000000 0.895427
vn 0.129726 0.000000 0.991550
vn -0.610741 0.000000 0.791831
vn -0.744975 0.000003 0.667093
vn -0.951954 0.000003 0.306242
vn -0.991747 0.000000 0.128209
vn -0.792885 0.000000 -0.609372
vn -0.552767 0.000000 -0.833336
vn -0.499996 0.000000 -0.866028
vn 0.255729 0.000000 -0.966749
vn 0.255729 0.000000 -0.966749
vn -0.499997 0.000000 -0.866027
vn -0.716362 0.000000 -0.697729
vn -0.612864 0.000000 -0.790189
vn -0.502504 0.000000 -0.864575
vn 0.526638 0.000000 -0.850089
vn 0.779086 0.000000 -0.626917
vn 0.858250 0.000000 -0.513231
vn 0.999895 0.000000 -0.014521
vn 0.999895 0.000000 -0.014521
vn 0.500004 0.000000 0.866023
vn -0.499981 0.000000 -0.866037
vn 0.255707 0.000000 -0.966754
vn 0.255576 0.000000 -0.966789
vn 0.965087 0.000000 0.261931
vn 0.965022 0.000000 0.262168
vn 0.499997 0.000000 0.866027
vn 0.499983 0.000000 0.866035
vn 0.965088 0.000000 0.261927
vn 0.965088 0.000000 0.261927
vn 0.255745 0.000000 -0.966744
vn 0.255745 0.000000 -0.966744
vn -0.499983 0.000000 -0.866035
vn 0.000000 1.000000 0.000002
vn 0.000000 1.000000 -0.000015
vn 0.000000 1.000000 -0.000025
vn 0.867997 0.000000 -0.496569
vn 0.867997 0.000000 -0.496569
vn 0.000000 -1.000000 -0.000009
vn 0.000000 -1.000000 -0.000035
vn 0.000000 -1.000000 0.000031
vn 0.000000 -1.000000 0.000013
vn -0.868552 0.000000 0.495599
vn -0.868552 0.000000 0.495599
vn -0.868453 0.000000 0.495771
vn -0.868453 0.000000 0.495771
vn 0.000000 -1.000000 -0.000006
vn 0.000000 -1.000000 -0.000010
vn 0.000000 -1.000000 -0.000010
vn 0.000000 -1.000000 0.000000
vn 0.867574 0.000000 -0.497308
vn 0.867574 0.000000 -0.497308
vn 0.000000 1.000000 -0.000010
vn 0.000000 1.000000 0.000000
vn 0.000000 1.000000 -0.000025
vn 0.255739 0.000000 -0.966746
vn 0.255739 0.000000 -0.966746
vn 0.255739 0.000000 -0.966746
vn 0.255719 0.000000 -0.966751
vn 0.965093 0.000000 0.261909
vn 0.965095 0.000000 0.261902
vn 0.965095 0.000000 0.261902
vn 0.965095 0.000000 0.261902
vn 0.000000 1.000000 -0.000004
vn 0.000000 1.000000 -0.000004
vn 0.000000 1.000000 0.000001
vn 0.000000 1.000000 -0.000002
vn -0.866779 -0.000009 0.498693
vn -0.866831 -0.000009 0.498601
vn -0.866779 0.000010 0.498693
vn -0.866832 0.000010 0.498601
vn -0.866825 0.000003 0.498613
vn -0.866792 0.000003 0.498671
vn -0.866825 -0.000003 0.498613
vn -0.866791 -0.000003 0.498671
vn 0.380039 -0.899167 -0.216955
vn 0.380039 -0.899167 -0.216955
vn 0.268198 -0.951119 -0.153109
vn 0.268681 -0.950938 -0.153385
vn 0.500020 0.000000 0.866014
vn 0.500020 0.000000 0.866014
vn 0.500012 0.000000 0.866019
vn 0.500001 0.000000 0.866025
vn -0.722661 0.554577 0.412559
vn -0.722661 0.554577 0.412559
vn -0.633533 0.683980 0.361673
vn -0.633245 0.684334 0.361508
vn -0.499976 0.000000 -0.866040
vn -0.499976 0.000000 -0.866040
vn -0.499997 -0.000002 -0.866027
vn -0.499985 -0.000001 -0.866034
vn 0.326127 0.926797 -0.186250
vn 0.326127 0.926797 -0.186250
vn 0.227049 0.965213 -0.129666
vn 0.226635 0.965342 -0.129430
vn -0.500008 0.000000 -0.866021
vn -0.500008 0.000000 -0.866021
vn -0.500007 0.000000 -0.866021
vn -0.500007 0.000001 -0.866021
vn -0.722594 -0.554581 0.412672
vn -0.722594 -0.554581 0.412672
vn -0.633183 -0.684335 0.361613
vn -0.633462 -0.683993 0.361772
vn 0.500021 0.000000 0.866014
vn 0.500021 0.000000 0.866014
vn 0.500010 0.000005 0.866020
vn 0.500016 0.000002 0.866016
vn 0.273453 -0.949076 -0.156457
vn 0.273080 -0.949218 -0.156242
vn 0.506491 0.007086 0.862216
vn 0.504593 0.005011 0.863343
vn -0.575071 0.749251 0.328507
vn -0.575070 0.749251 0.328507
vn -0.495124 0.005286 -0.868807
vn -0.493009 0.007566 -0.869991
vn 0.192155 0.975192 -0.109891
vn 0.192281 0.975160 -0.109964
vn -0.495562 -0.004799 -0.868560
vn -0.497257 -0.002972 -0.867598
vn -0.567109 -0.757205 0.324081
vn -0.567147 -0.757168 0.324102
vn 0.502523 -0.002725 0.864560
vn 0.504032 -0.004366 0.863674
vn -0.583590 0.738843 0.336948
vn -0.583590 0.738843 0.336948
vn -0.583595 0.738842 0.336941
vn -0.583595 0.738842 0.336941
vn -0.865106 0.046001 0.499475
vn -0.865106 0.046001 0.499475
vn -0.865110 0.046005 0.499468
vn -0.865110 0.046005 0.499468
vn -0.639901 -0.673821 0.369448
vn -0.639901 -0.673821 0.369448
vn -0.639897 -0.673824 0.369450
vn -0.639897 -0.673824 0.369450
vn -0.039815 -0.998943 0.022989
vn -0.039815 -0.998943 0.022989
vn -0.039815 -0.998943 0.022989
vn -0.039815 -0.998943 0.022989
vn 0.865112 -0.045990 -0.499466
vn 0.865112 -0.045990 -0.499466
vn 0.865112 -0.045989 -0.499466
vn 0.865112 -0.045989 -0.499466
vn 0.039823 0.998942 -0.022992
vn 0.039823 0.998942 -0.022992
vn 0.039823 0.998942 -0.022992
vn 0.039823 0.998942 -0.022992
vn -0.500013 0.000018 -0.866018
vn -0.500004 -0.000004 -0.866023
vn -0.500011 0.000006 -0.866019
vn -0.499999 0.000019 -0.866026
vn -0.499995 -0.000007 -0.866028
vn -0.500010 -0.000005 -0.866020
vn -0.500026 -0.000014 -0.866011
vn -0.500032 0.000014 -0.866007
vn -0.500011 0.000028 -0.866019
vn 0.500005 0.000005 0.866023
vn 0.500027 0.000014 0.866010
vn 0.500002 0.000001 0.866024
vn 0.500035 -0.000004 0.866005
vn 0.500018 -0.000007 0.866015
vn 0.499981 -0.000005 0.866036
vn 0.499977 0.000009 0.866039
vn 0.499986 0.000007 0.866033
vn 0.499986 -0.000012 0.866034
vn 0.580162 0.091958 0.809294
vn 0.580162 0.091958 0.809294
vn -0.573136 0.750460 0.329127
vn -0.573136 0.750460 0.329127
vn -0.406157 0.096515 -0.908692
vn -0.406157 0.096515 -0.908692
vn 0.578949 -0.744507 -0.332457
vn 0.578949 -0.744507 -0.332457
vn -0.436281 -0.066456 -0.897353
vn -0.436281 -0.066456 -0.897353
vn -0.506965 -0.811302 0.291162
vn -0.506965 -0.811302 0.291162
vn 0.554773 -0.061500 0.829725
vn 0.554773 -0.061500 0.829725
vn 0.309351 0.934206 -0.177656
vn 0.309351 0.934206 -0.177656
vn -0.583576 0.738842 0.336973
vn -0.583576 0.738842 0.336973
vn -0.865086 0.045984 0.499510
vn -0.865087 0.045984 0.499510
vn -0.639909 -0.673819 0.369438
vn -0.639909 -0.673819 0.369438
vn -0.039816 -0.998943 0.022987
vn -0.039816 -0.998943 0.022987
vn 0.583583 -0.738842 -0.336962
vn 0.583583 -0.738842 -0.336962
vn 0.583583 -0.738842 -0.336962
vn 0.583583 -0.738842 -0.336962
vn 0.865101 -0.046002 -0.499485
vn 0.865101 -0.046002 -0.499485
vn 0.639910 0.673829 -0.369419
vn 0.639910 0.673829 -0.369419
vn 0.639910 0.673829 -0.369419
vn 0.639910 0.673829 -0.369419
vn 0.039822 0.998942 -0.022990
vn 0.039822 0.998942 -0.022990
vn -0.583621 0.738835 0.336912
vn -0.583621 0.738835 0.336912
vn -0.865121 0.046021 0.499447
vn -0.865121 0.046021 0.499447
vn -0.639877 -0.673842 0.369452
vn -0.639877 -0.673842 0.369452
vn -0.039815 -0.998943 0.022990
vn -0.039815 -0.998943 0.022990
vn 0.583609 -0.738834 -0.336933
vn 0.583609 -0.738834 -0.336933
vn 0.583609 -0.738834 -0.336933
vn 0.583609 -0.738834 -0.336933
vn 0.865100 -0.045994 -0.499486
vn 0.865100 -0.045994 -0.499486
vn 0.639889 0.673811 -0.369486
vn 0.639889 0.673811 -0.369486
vn 0.639889 0.673811 -0.369486
vn 0.639889 0.673811 -0.369486
vn 0.039823 0.998942 -0.022994
vn 0.039823 0.998942 -0.022994
vn 0.866025 0.000000 -0.500000
vn 0.866025 0.000000 -0.500000
vn 0.866025 0.000000 -0.500000
vn 0.866025 0.000000 -0.500000
vn 0.000000 1.000000 -0.000001
vn 0.000000 1.000000 -0.000001
vn 0.000000 1.000000 -0.000001
vn 0.000000 1.000000 -0.000001
vn -0.866028 0.000000 0.499996
vn -0.866028 0.000000 0.499996
vn -0.866028 0.000000 0.499996
vn -0.866028 0.000000 0.499996
vn 0.000000 -1.000000 0.000001
vn 0.000000 -1.000000 0.000001
vn 0.000000 -1.000000 0.000001
vn 0.000000 -1.000000 0.000001
vn -0.500016 0.000000 -0.866016
vn -0.500016 0.000000 -0.866016
vn -0.500016 0.000000 -0.866016
vn -0.500016 0.000000 -0.866016
vn 0.499983 0.000000 0.866035
vn 0.499983 0.000000 0.866035
vn 0.499983 0.000000 0.866035
vn 0.499983 0.000000 0.866035
vn -0.539942 0.781840 0.311751
vn -0.539942 0.781840 0.311751
vn -0.539942 0.781840 0.311751
vn -0.539942 0.781840 0.311751
vn -0.780244 0.433908 0.450492
vn -0.780244 0.433908 0.450492
vn -0.780244 0.433908 0.450492
vn -0.780244 0.433908 0.450492
vn -0.866010 0.000000 0.500026
vn -0.866010 0.000000 0.500026
vn -0.866010 0.000000 0.500026
vn -0.866010 0.000000 0.500026
vn -0.780241 -0.433913 0.450493
vn -0.780241 -0.433913 0.450493
vn -0.780241 -0.433913 0.450493
vn -0.780241 -0.433913 0.450493
vn -0.539948 -0.781836 0.311752
vn -0.539948 -0.781836 0.311752
vn -0.539948 -0.781835 0.311752
vn -0.539948 -0.781836 0.311752
vn -0.192752 -0.974917 0.111283
vn -0.192752 -0.974917 0.111283
vn -0.192752 -0.974917 0.111283
vn -0.192752 -0.974917 0.111283
vn 0.192756 -0.974915 -0.111288
vn 0.192756 -0.974916 -0.111288
vn 0.192756 -0.974916 -0.111288
vn 0.192756 -0.974916 -0.111288
vn 0.539972 -0.781820 -0.311751
vn 0.539972 -0.781820 -0.311751
vn 0.539972 -0.781820 -0.311751
vn 0.539972 -0.781820 -0.311751
vn 0.780264 -0.433886 -0.450479
vn 0.780264 -0.433886 -0.450479
vn 0.780264 -0.433886 -0.450479
vn 0.780264 -0.433886 -0.450479
vn 0.866036 0.000000 -0.499981
vn 0.866036 0.000000 -0.499981
vn 0.866036 0.000000 -0.499981
vn 0.866036 0.000000 -0.499981
vn 0.780279 0.433850 -0.450487
vn 0.780279 0.433850 -0.450487
vn 0.780279 0.433850 -0.450487
vn 0.780279 0.433851 -0.450487
vn 0.539973 0.781818 -0.311754
vn 0.539973 0.781818 -0.311754
vn 0.539973 0.781818 -0.311754
vn 0.539973 0.781818 -0.311754
vn 0.192689 0.974933 -0.111249
vn 0.192689 0.974933 -0.111249
vn 0.192689 0.974933 -0.111249
vn 0.192689 0.974933 -0.111249
vn -0.192693 0.974932 0.111249
vn -0.192694 0.974932 0.111249
vn -0.192694 0.974932 0.111249
vn -0.192694 0.974932 0.111249
vn -0.500008 0.000006 -0.866021
vn -0.500021 -0.000018 -0.866013
vn -0.499999 0.000001 -0.866026
vn -0.500006 0.000025 -0.866022
vn -0.500006 -0.000023 -0.866022
vn -0.500008 -0.000003 -0.866021
vn -0.500022 0.000020 -0.866013
vn -0.499983 -0.000002 -0.866035
vn -0.499977 -0.000013 -0.866039
vn -0.499994 -0.000002 -0.866029
vn -0.499980 0.000009 -0.866037
vn -0.499978 -0.000008 -0.866038
vn -0.499992 0.000005 -0.866030
vn -0.499978 0.000015 -0.866038
vn -0.499984 0.000003 -0.866035
vn 0.499996 -0.000001 0.866028
vn 0.499997 0.000006 0.866027
vn 0.500009 -0.000001 0.866020
vn 0.499988 0.000007 0.866032
vn 0.499988 -0.000007 0.866032
vn 0.499998 -0.000006 0.866026
vn 0.499997 0.000001 0.866027
vn 0.500010 0.000002 0.866020
vn 0.500007 0.000000 0.866022
vn 0.500003 0.000011 0.866024
vn 0.500012 0.000013 0.866019
vn 0.500012 -0.000014 0.866018
vn 0.500002 -0.000014 0.866024
vn 0.500006 -0.000002 0.866022
vn 0.500010 -0.000002 0.866019
vn -0.499979 -0.000077 -0.866038
vn -0.499979 -0.000077 -0.866038
vn -0.677072 -0.623494 0.390934
vn -0.677072 -0.623494 0.390933
vn -0.677072 -0.623494 0.390933
vn -0.677072 -0.623494 0.390933
vn 0.499967 0.000010 0.866045
vn 0.499967 0.000010 0.866044
vn 0.677108 0.623463 -0.390921
vn 0.677108 0.623463 -0.390921
vn 0.677108 0.623463 -0.390921
vn 0.677108 0.623463 -0.390921
vn -0.500015 0.000000 -0.866016
vn -0.500015 0.000000 -0.866016
vn 0.000000 -1.000000 -0.000002
vn 0.000000 -1.000000 -0.000002
vn 0.000000 -1.000000 -0.000002
vn 0.000000 -1.000000 -0.000002
vn 0.499901 0.000000 0.866083
vn 0.499901 0.000000 0.866083
vn 0.000000 1.000000 0.000000
vn 0.000000 1.000000 0.000000
vn 0.000000 1.000000 0.000000
vn 0.000000 1.000000 0.000000
vn -0.499982 0.000077 -0.866036
vn -0.499982 0.000077 -0.866036
vn 0.677111 -0.623456 -0.390926
vn 0.677111 -0.623456 -0.390926
vn 0.677111 -0.623456 -0.390925
vn 0.677111 -0.623456 -0.390926
vn 0.499968 -0.000005 0.866044
vn 0.499968 -0.000005 0.866044
vn -0.677072 0.623496 0.390930
vn -0.677072 0.623496 0.390930
vn -0.677072 0.623496 0.390930
vn -0.677072 0.623496 0.390930
vn -0.499952 -0.000010 -0.866053
vn -0.499952 -0.000010 -0.866053
vn 0.844308 0.222507 -0.487478
vn 0.844308 0.222507 -0.487478
vn 0.844308 0.222507 -0.487478
vn 0.844308 0.222507 -0.487478
vn 0.500018 0.000008 0.866015
vn 0.500018 0.000008 0.866015
vn -0.844309 -0.222524 0.487469
vn -0.844309 -0.222524 0.487469
vn -0.844309 -0.222524 0.487469
vn -0.844309 -0.222524 0.487469
vn -0.500007 -0.000010 -0.866021
vn -0.500007 -0.000010 -0.866021
vn 0.375778 0.900956 -0.216953
vn 0.375778 0.900956 -0.216953
vn 0.375778 0.900956 -0.216953
vn 0.375778 0.900956 -0.216953
vn 0.499980 0.000010 0.866037
vn 0.499980 0.000010 0.866037
vn -0.375738 -0.900981 0.216918
vn -0.375738 -0.900981 0.216918
vn -0.375738 -0.900982 0.216918
vn -0.375738 -0.900982 0.216918
vn -0.500004 0.000014 -0.866023
vn -0.500004 0.000014 -0.866023
vn -0.375767 0.900965 0.216935
vn -0.375767 0.900965 0.216935
vn -0.375767 0.900965 0.216935
vn -0.375767 0.900965 0.216935
vn 0.499981 -0.000014 0.866036
vn 0.499981 -0.000014 0.866036
vn 0.375673 -0.901014 -0.216895
vn 0.375673 -0.901014 -0.216895
vn 0.375673 -0.901014 -0.216896
vn 0.375673 -0.901014 -0.216896
vn -0.499950 0.000012 -0.866054
vn -0.499950 0.000012 -0.866054
vn -0.844310 0.222525 0.487467
vn -0.844310 0.222525 0.487467
vn -0.844310 0.222525 0.487467
vn -0.844310 0.222525 0.487467
vn 0.500018 -0.000007 0.866015
vn 0.500018 -0.000007 0.866015
vn 0.844311 -0.222497 -0.487477
vn 0.844311 -0.222497 -0.487477
vn 0.844311 -0.222497 -0.487477
vn 0.844311 -0.222497 -0.487477
vn -0.539965 0.781826 0.311748
vn -0.539965 0.781826 0.311748
vn -0.539965 0.781826 0.311748
vn -0.539965 0.781826 0.311748
vn -0.780243 0.433908 0.450494
vn -0.780243 0.433908 0.450494
vn -0.780243 0.433908 0.450494
vn -0.780243 0.433908 0.450494
vn -0.866040 0.000000 0.499974
vn -0.866040 0.000000 0.499974
vn -0.866040 0.000000 0.499974
vn -0.866040 0.000000 0.499974
vn -0.780243 -0.433907 0.450495
vn -0.780243 -0.433907 0.450495
vn -0.780243 -0.433907 0.450495
vn -0.780243 -0.433907 0.450495
vn -0.539971 -0.781820 0.311751
vn -0.539971 -0.781820 0.311751
vn -0.539971 -0.781820 0.311751
vn -0.539971 -0.781821 0.311751
vn -0.192755 -0.974917 0.111278
vn -0.192755 -0.974917 0.111278
vn -0.192755 -0.974917 0.111278
vn -0.192755 -0.974917 0.111278
vn 0.192745 -0.974918 -0.111287
vn 0.192745 -0.974918 -0.111287
vn 0.192745 -0.974918 -0.111287
vn 0.192745 -0.974918 -0.111287
vn 0.539948 -0.781833 -0.311759
vn 0.539948 -0.781833 -0.311759
vn 0.539948 -0.781833 -0.311759
vn 0.539948 -0.781833 -0.311759
vn 0.780268 -0.433901 -0.450459
vn 0.780267 -0.433901 -0.450459
vn 0.780267 -0.433901 -0.450459
vn 0.780267 -0.433901 -0.450458
vn 0.866010 0.000000 -0.500026
vn 0.866010 0.000000 -0.500026
vn 0.866010 0.000000 -0.500026
vn 0.866010 0.000000 -0.500026
vn 0.780281 0.433865 -0.450469
vn 0.780281 0.433865 -0.450469
vn 0.780281 0.433865 -0.450469
vn 0.780281 0.433865 -0.450469
vn 0.539952 0.781829 -0.311763
vn 0.539952 0.781829 -0.311763
vn 0.539952 0.781829 -0.311763
vn 0.539952 0.781829 -0.311763
vn 0.192681 0.974934 -0.111253
vn 0.192681 0.974934 -0.111253
vn 0.192681 0.974934 -0.111253
vn 0.192681 0.974934 -0.111253
vn -0.192696 0.974932 0.111243
vn -0.192696 0.974932 0.111243
vn -0.192696 0.974932 0.111243
vn -0.192696 0.974932 0.111243
vn -0.499991 0.000001 -0.866030
vn -0.499985 -0.000010 -0.866034
vn -0.499995 -0.000000 -0.866029
vn -0.499992 0.000011 -0.866030
vn -0.499992 -0.000011 -0.866030
vn -0.499993 -0.000002 -0.866030
vn -0.499986 0.000009 -0.866034
vn -0.500003 -0.000002 -0.866024
vn -0.500014 0.000009 -0.866017
vn -0.500003 0.000001 -0.866024
vn -0.500019 -0.000009 -0.866014
vn -0.500019 0.000008 -0.866014
vn -0.500004 -0.000002 -0.866023
vn -0.500015 -0.000008 -0.866017
vn -0.500003 0.000002 -0.866024
vn 0.500011 0.000002 0.866019
vn 0.500018 0.000006 0.866015
vn 0.500002 -0.000001 0.866024
vn 0.500017 0.000004 0.866016
vn 0.500016 -0.000004 0.866016
vn 0.500018 -0.000008 0.866015
vn 0.500014 -0.000005 0.866018
vn 0.500001 0.000009 0.866025
vn 0.499988 0.000004 0.866032
vn 0.499995 0.000004 0.866028
vn 0.500007 0.000009 0.866021
vn 0.500008 -0.000010 0.866021
vn 0.499995 -0.000005 0.866028
vn 0.499988 -0.000003 0.866032
vn 0.499999 -0.000009 0.866026
vn -0.500014 0.000002 -0.866017
vn -0.500014 0.000002 -0.866017
vn -0.677083 -0.623488 0.390923
vn -0.677083 -0.623488 0.390923
vn -0.677083 -0.623488 0.390923
vn -0.677083 -0.623488 0.390923
vn 0.500031 0.000002 0.866008
vn 0.500031 0.000002 0.866008
vn 0.677095 0.623484 -0.390910
vn 0.677095 0.623484 -0.390910
vn 0.677095 0.623484 -0.390910
vn 0.677095 0.623484 -0.390910
vn -0.500068 0.000000 -0.865986
vn -0.500068 0.000000 -0.865986
vn 0.000000 -1.000000 0.000002
vn 0.000000 -1.000000 0.000002
vn 0.000000 -1.000000 0.000002
vn 0.000000 -1.000000 0.000002
vn 0.500014 0.000000 0.866018
vn 0.500014 0.000000 0.866018
vn 0.000000 1.000000 0.000002
vn 0.000000 1.000000 0.000002
vn 0.000000 1.000000 0.000002
vn 0.000000 1.000000 0.000002
vn -0.500018 -0.000010 -0.866015
vn -0.500018 -0.000010 -0.866015
vn 0.677103 -0.623473 -0.390912
vn 0.677103 -0.623473 -0.390912
vn 0.677103 -0.623473 -0.390912
vn 0.677103 -0.623473 -0.390912
vn 0.500034 -0.000005 0.866006
vn 0.500034 -0.000005 0.866006
vn -0.677084 0.623488 0.390923
vn -0.677084 0.623488 0.390923
vn -0.677084 0.623488 0.390923
vn -0.677084 0.623488 0.390923
vn -0.500021 -0.000010 -0.866014
vn -0.500021 -0.000010 -0.866014
vn 0.844287 0.222578 -0.487483
vn 0.844287 0.222578 -0.487483
vn 0.844287 0.222578 -0.487483
vn 0.844287 0.222578 -0.487483
vn 0.499996 0.000042 0.866027
vn 0.499996 0.000042 0.866028
vn -0.844313 -0.222515 0.487465
vn -0.844313 -0.222515 0.487465
vn -0.844313 -0.222515 0.487465
vn -0.844313 -0.222515 0.487465
vn -0.500017 -0.000010 -0.866016
vn -0.500017 -0.000010 -0.866016
vn 0.375773 0.900959 -0.216949
vn 0.375773 0.900959 -0.216949
vn 0.375773 0.900959 -0.216949
vn 0.375773 0.900959 -0.216949
vn 0.500022 -0.000014 0.866013
vn 0.500022 -0.000014 0.866013
vn -0.375744 -0.900974 0.216940
vn -0.375744 -0.900974 0.216940
vn -0.375744 -0.900974 0.216940
vn -0.375743 -0.900974 0.216940
vn -0.500019 0.000014 -0.866015
vn -0.500019 0.000014 -0.866015
vn -0.375769 0.900959 0.216956
vn -0.375769 0.900959 0.216956
vn -0.375769 0.900959 0.216956
vn -0.375769 0.900959 0.216956
vn 0.500026 0.000019 0.866011
vn 0.500026 0.000019 0.866011
vn 0.375669 -0.901018 -0.216887
vn 0.375669 -0.901018 -0.216887
vn 0.375669 -0.901018 -0.216887
vn 0.375669 -0.901018 -0.216887
vn -0.500023 0.000011 -0.866012
vn -0.500024 0.000011 -0.866012
vn -0.844312 0.222519 0.487465
vn -0.844312 0.222519 0.487465
vn -0.844312 0.222519 0.487465
vn -0.844312 0.222519 0.487465
vn 0.499993 -0.000041 0.866029
vn 0.499993 -0.000041 0.866029
vn 0.844289 -0.222571 -0.487481
vn 0.844289 -0.222571 -0.487481
vn 0.844289 -0.222571 -0.487481
vn 0.844289 -0.222571 -0.487481
vn -0.620580 -0.055165 -0.782201
vn -0.725940 -0.108999 -0.679066
vn -0.725947 -0.109003 -0.679058
vn -0.620593 -0.055171 -0.782190
vn -0.813387 -0.160135 -0.559248
vn -0.813384 -0.160132 -0.559254
vn -0.880813 -0.207338 -0.425651
vn -0.880808 -0.207334 -0.425664
vn -0.926551 -0.249425 -0.281586
vn -0.926551 -0.249426 -0.281585
vn -0.949489 -0.285395 -0.130466
vn -0.949489 -0.285397 -0.130455
vn -0.949025 -0.314308 0.023716
vn -0.949025 -0.314307 0.023713
vn -0.925222 -0.335485 0.177239
vn -0.925227 -0.335483 0.177221
vn -0.878579 -0.348415 0.326658
vn -0.878580 -0.348415 0.326655
vn -0.810384 -0.352748 0.467810
vn -0.810383 -0.352748 0.467812
vn -0.722132 -0.348409 0.597609
vn -0.722131 -0.348409 0.597610
vn -0.616035 -0.335466 0.712716
vn -0.616023 -0.335464 0.712727
vn -0.495105 -0.314323 0.809983
vn -0.495102 -0.314323 0.809985
vn -0.361695 -0.285384 0.887543
vn -0.361707 -0.285386 0.887537
vn -0.219471 -0.249435 0.943194
vn -0.219470 -0.249435 0.943194
vn -0.071986 -0.207399 0.975604
vn -0.071969 -0.207394 0.975607
vn 0.077751 -0.160094 0.984035
vn 0.077759 -0.160092 0.984035
vn 0.225262 -0.108953 0.968187
vn 0.225248 -0.108958 0.968190
vn 0.366956 -0.055235 0.928597
vn 0.366941 -0.055241 0.928603
vn 0.499891 -0.000051 0.866088
vn 0.499905 -0.000045 0.866081
vn 0.620706 0.055226 0.782096
vn 0.620706 0.055227 0.782096
vn 0.726039 0.109059 0.678950
vn 0.726028 0.109053 0.678963
vn 0.813378 0.160133 0.559262
vn 0.813378 0.160132 0.559262
vn 0.880799 0.207327 0.425687
vn 0.880804 0.207332 0.425673
vn 0.926547 0.249415 0.281607
vn 0.926549 0.249416 0.281601
vn 0.949493 0.285405 0.130407
vn 0.949492 0.285403 0.130420
vn 0.949035 0.314288 -0.023575
vn 0.949035 0.314288 -0.023578
vn 0.925207 0.335489 -0.177311
vn 0.925208 0.335489 -0.177307
vn 0.878534 0.348419 -0.326777
vn 0.878531 0.348419 -0.326784
vn 0.810352 0.352751 -0.467863
vn 0.810352 0.352751 -0.467864
vn 0.722174 0.348410 -0.597557
vn 0.722175 0.348410 -0.597557
vn 0.616192 0.335493 -0.712567
vn 0.616189 0.335493 -0.712570
vn 0.495084 0.314321 -0.809996
vn 0.495092 0.314323 -0.809991
vn 0.361770 0.285401 -0.887507
vn 0.361759 0.285398 -0.887513
vn 0.219340 0.249401 -0.943234
vn 0.219342 0.249401 -0.943233
vn 0.071716 0.207310 -0.975643
vn 0.071727 0.207314 -0.975642
vn -0.077546 0.160167 -0.984039
vn -0.077543 0.160168 -0.984039
vn -0.225012 0.109045 -0.968235
vn -0.225024 0.109040 -0.968233
vn -0.367137 0.055156 -0.928530
vn -0.367136 0.055156 -0.928531
vn -0.500067 -0.000031 -0.865987
vn -0.500058 -0.000027 -0.865992
vn 0.305370 -0.935765 -0.176332
vn 0.305351 -0.935782 -0.176274
vn 0.305496 -0.935715 -0.176379
vn 0.305527 -0.935672 -0.176555
vn 0.305534 -0.935686 -0.176467
vn 0.305449 -0.935747 -0.176293
vn 0.305449 -0.935746 -0.176296
vn 0.305428 -0.935728 -0.176430
vn 0.305419 -0.935701 -0.176584
vn 0.305490 -0.935713 -0.176400
vn 0.305498 -0.935720 -0.176348
vn 0.305521 -0.935716 -0.176333
vn 0.305624 -0.935704 -0.176214
vn 0.305484 -0.935729 -0.176327
vn 0.305328 -0.935763 -0.176417
vn 0.305386 -0.935748 -0.176397
vn 0.305652 -0.935668 -0.176362
vn 0.305690 -0.935662 -0.176325
vn 0.305412 -0.935756 -0.176307
vn 0.305355 -0.935775 -0.176305
vn 0.305634 -0.935654 -0.176463
vn 0.305550 -0.935706 -0.176335
vn 0.305381 -0.935778 -0.176245
vn 0.305502 -0.935718 -0.176353
vn 0.305548 -0.935680 -0.176476
vn 0.305567 -0.935677 -0.176458
vn 0.305519 -0.935733 -0.176246
vn 0.305509 -0.935716 -0.176350
vn 0.305524 -0.935709 -0.176365
vn 0.305481 -0.935705 -0.176460
vn 0.305549 -0.935691 -0.176416
vn 0.305509 -0.935710 -0.176384
vn 0.305497 -0.935710 -0.176406
vn 0.305566 -0.935700 -0.176336
vn 0.305424 -0.935721 -0.176474
vn 0.305530 -0.935695 -0.176427
vn 0.305560 -0.935694 -0.176381
vn 0.305537 -0.935695 -0.176413
vn 0.305422 -0.935742 -0.176364
vn 0.305480 -0.935712 -0.176422
vn 0.305571 -0.935684 -0.176415
vn -0.305331 0.935784 0.176303
vn -0.305371 0.935763 0.176341
vn -0.305494 0.935716 0.176376
vn -0.305409 0.935743 0.176382
vn -0.305497 0.935678 0.176574
vn -0.305500 0.935698 0.176464
vn -0.305437 0.935756 0.176263
vn -0.305434 0.935731 0.176402
vn -0.305421 0.935713 0.176519
vn -0.305475 0.935717 0.176406
vn -0.305477 0.935728 0.176342
vn -0.305464 0.935727 0.176370
vn -0.305535 0.935723 0.176271
vn -0.305523 0.935721 0.176301
vn -0.305400 0.935746 0.176379
vn -0.305621 0.935685 0.176322
vn -0.305675 0.935678 0.176263
vn -0.305468 0.935740 0.176298
vn -0.305337 0.935789 0.176262
vn -0.305349 0.935779 0.176293
vn -0.305647 0.935656 0.176431
vn -0.305549 0.935709 0.176318
vn -0.305398 0.935778 0.176217
vn -0.305488 0.935724 0.176344
vn -0.305581 0.935657 0.176538
vn -0.305573 0.935690 0.176382
vn -0.305517 0.935735 0.176237
vn -0.305528 0.935692 0.176446
vn -0.305562 0.935704 0.176325
vn -0.305476 0.935709 0.176445
vn -0.305558 0.935689 0.176412
vn -0.305518 0.935705 0.176394
vn -0.305486 0.935701 0.176472
vn -0.305596 0.935692 0.176326
vn -0.305395 0.935729 0.176479
vn -0.305566 0.935677 0.176462
vn -0.305662 0.935660 0.176387
vn -0.305516 0.935705 0.176396
vn -0.305316 0.935779 0.176354
vn -0.305486 0.935702 0.176464
vn -0.305599 0.935668 0.176449
s 1
g group1 Leg2
usemtl aiStandardSurface2SG
f 2464/3272/4158 2465/3273/4159 2466/3274/4160
s 2
f 2467/3275/4161 2468/3276/4162 2469/3277/4163
f 2470/3278/4164 2471/3279/4165 2472/3280/4166
s 4
f 2469/3277/4167 2473/3281/4168 2474/3282/4169
s 1
f 2475/3283/4170 2465/3273/4159 2464/3272/4158
s 4
f 2474/3282/4169 2473/3281/4168 2471/3279/4171
s 5
f 2466/3274/4172 2468/3276/4173 2467/3275/4174
f 2470/3278/4175 2472/3280/4176 2475/3283/4177
f 2466/3274/4172 2476/3284/4178 2468/3276/4173
s 2
f 2469/3277/4163 2468/3276/4162 2476/3284/4179
f 2469/3277/4163 2476/3284/4179 2473/3281/4180
f 2471/3279/4165 2473/3281/4180 2476/3284/4179
f 2472/3280/4166 2471/3279/4165 2476/3284/4179
s 5
f 2475/3283/4177 2472/3280/4176 2476/3284/4178
f 2475/3283/4177 2476/3284/4178 2465/3273/4181
f 2466/3274/4172 2465/3273/4181 2476/3284/4178
s 7
f 2437/3285/4182 2440/3286/4183 2447/3287/4184
s 8
f 2438/3288/4185 2443/3289/4186 2444/3290/4187
f 2435/3291/4188 2446/3292/4189 2439/3293/4190
s 10
f 2443/3289/4191 2436/3294/4192 2445/3295/4193
s 7
f 2441/3296/4194 2437/3285/4182 2447/3287/4184
s 10
f 2436/3294/4192 2439/3293/4195 2445/3295/4193
s 11
f 2440/3286/4196 2438/3288/4197 2444/3290/4198
f 2435/3291/4199 2441/3296/4200 2446/3292/4201
f 2440/3286/4196 2444/3290/4198 2442/3297/4202
s 8
f 2443/3289/4186 2442/3297/4203 2444/3290/4187
f 2443/3289/4186 2445/3295/4204 2442/3297/4203
f 2439/3293/4190 2442/3297/4203 2445/3295/4204
f 2446/3292/4189 2442/3297/4203 2439/3293/4190
s 11
f 2441/3296/4200 2442/3297/4202 2446/3292/4201
f 2441/3296/4200 2447/3287/4205 2442/3297/4202
f 2440/3286/4196 2442/3297/4202 2447/3287/4205
s 13
f 2440/3298/4206 2437/3299/4207 2448/3300/4208 2449/3301/4209
s 14
f 2443/3302/4210 2438/3303/4211 2450/3304/4212 2451/3305/4213
f 2435/3306/4214 2439/3307/4215 2453/3308/4216 2452/3309/4217
f 2436/3310/4218 2443/3302/4210 2451/3305/4213 2454/3311/4219
s 13
f 2437/3312/4207 2441/3313/4220 2455/3314/4221 2448/3315/4208
s 14
f 2439/3307/4215 2436/3316/4218 2454/3317/4219 2453/3308/4216
s 13
f 2438/3318/4222 2440/3298/4206 2449/3301/4209 2450/3319/4223
f 2441/3313/4220 2435/3320/4224 2452/3321/4225 2455/3314/4221
s 16
f 2449/3301/4226 2448/3300/4227 2456/3322/4228 2457/3323/4229
s off
f 2451/3305/4230 2450/3304/4231 2458/3324/4232 2459/3325/4233
f 2452/3309/4234 2453/3308/4235 2461/3326/4236 2460/3327/4237
s 17
f 2454/3311/4238 2451/3305/4239 2459/3325/4240 2462/3328/4241
s 16
f 2448/3315/4227 2455/3314/4242 2463/3329/4243 2456/3322/4228
s 17
f 2453/3308/4244 2454/3317/4238 2462/3328/4241 2461/3326/4245
s off
f 2450/3319/4246 2449/3301/4247 2457/3323/4248 2458/3324/4249
f 2455/3314/4250 2452/3321/4251 2460/3327/4252 2463/3329/4253
s 1
f 2457/3323/4254 2456/3322/4255 2464/3272/4158 2466/3274/4160
s 4
f 2459/3325/4256 2458/3324/4257 2467/3275/4258 2469/3277/4167
f 2460/3327/4259 2461/3326/4260 2471/3279/4171 2470/3278/4261
f 2462/3328/4262 2459/3325/4256 2469/3277/4167 2474/3282/4169
s 1
f 2456/3322/4255 2463/3329/4263 2475/3283/4170 2464/3272/4158
s 4
f 2461/3326/4260 2462/3328/4262 2474/3282/4169 2471/3279/4171
s 1
f 2458/3324/4264 2457/3323/4254 2466/3274/4160 2467/3275/4265
f 2463/3329/4263 2460/3327/4266 2470/3278/4267 2475/3283/4170
s off
f 2477/3330/4268 2478/3331/4269 2480/3332/4270 2479/3333/4271
f 2479/3333/4272 2480/3332/4273 2482/3334/4274 2481/3335/4275
f 2481/3336/4276 2482/3337/4277 2484/3338/4278 2483/3339/4279
f 2483/3340/4280 2484/3341/4281 2478/3331/4282 2477/3330/4283
f 2478/3342/4284 2484/3338/4285 2482/3337/4286 2480/3343/4287
f 2483/3339/4288 2477/3330/4289 2479/3333/4290 2481/3336/4291
s 18
f 2493/3344/4292 2494/3345/4293 2503/3346/4294 2504/3347/4295
s 19
f 2487/3348/4296 2488/3349/4297 2490/3350/4298 2489/3351/4299
s 20
f 2501/3352/4300 2502/3353/4301 2495/3354/4302 2496/3355/4303
s 21
f 2491/3356/4304 2492/3357/4305 2486/3358/4306 2485/3359/4307
s off
f 2494/3345/4308 2495/3354/4309 2502/3353/4310 2503/3346/4311
f 2496/3355/4312 2493/3360/4313 2504/3361/4314 2501/3352/4315
s 18
f 2497/3362/4316 2498/3363/4317 2494/3364/4293 2493/3365/4292
s 22
f 2533/3366/4318 2534/3367/4319 2535/3368/4320 2536/3369/4321
s 20
f 2496/3370/4303 2495/3371/4302 2499/3372/4322 2500/3373/4323
s 23
f 2537/3374/4324 2538/3375/4325 2539/3376/4326 2540/3377/4327
s 18
f 2505/3378/4328 2506/3379/4329 2498/3380/4317 2497/3381/4316
s off
f 2506/3379/4330 2507/3382/4331 2499/3383/4332 2498/3380/4333
s 20
f 2500/3384/4323 2499/3383/4322 2507/3382/4334 2508/3385/4335
s off
f 2508/3385/4336 2505/3386/4337 2497/3387/4338 2500/3384/4339
s 20
f 2489/3388/4340 2490/3389/4341 2502/3390/4301 2501/3391/4300
s 24
f 2542/3392/4342 2541/3393/4343 2543/3394/4344 2544/3395/4345
s 18
f 2504/3396/4295 2503/3397/4294 2488/3398/4346 2487/3399/4347
s 25
f 2546/3400/4348 2545/3401/4349 2547/3402/4350 2548/3403/4351
s 18
f 2485/3404/4352 2486/3405/4353 2506/3406/4329 2505/3407/4328
s 26
f 2550/3408/4354 2549/3409/4355 2551/3410/4356 2552/3411/4357
s 20
f 2508/3412/4335 2507/3413/4334 2492/3414/4358 2491/3415/4359
s 27
f 2553/3416/4360 2554/3417/4361 2555/3418/4362 2556/3419/4363
s 28
f 2498/3420/4364 2499/3421/4365 2510/3422/4366 2509/3423/4367
s 20
f 2499/3372/4322 2495/3371/4302 2511/3424/4368 2510/3425/4369
s 29
f 2495/3426/4370 2494/3427/4371 2512/3428/4372 2511/3429/4373
s 18
f 2494/3364/4293 2498/3363/4317 2509/3430/4374 2512/3431/4375
s 28
f 2500/3432/4376 2497/3433/4377 2514/3434/4378 2513/3435/4379
s 18
f 2497/3362/4316 2493/3365/4292 2515/3436/4380 2514/3437/4381
s 29
f 2493/3438/4382 2496/3439/4383 2516/3440/4384 2515/3441/4385
s 20
f 2496/3370/4303 2500/3373/4323 2513/3442/4386 2516/3443/4387
s 32
f 2503/3444/4388 2502/3445/4389 2517/3446/4390 2518/3447/4391
s 20
f 2502/3390/4301 2490/3389/4341 2519/3448/4392 2517/3449/4393
s 19
f 2490/3350/4298 2488/3349/4297 2520/3450/4394 2519/3451/4395
s 18
f 2488/3398/4346 2503/3397/4294 2518/3452/4396 2520/3453/4397
s 32
f 2501/3454/4398 2504/3455/4399 2521/3456/4400 2522/3457/4401
s 18
f 2504/3396/4295 2487/3399/4347 2523/3458/4402 2521/3459/4403
s 19
f 2487/3348/4296 2489/3351/4299 2524/3460/4404 2523/3461/4405
s 20
f 2489/3388/4340 2501/3391/4300 2522/3462/4406 2524/3463/4407
s 21
f 2486/3358/4306 2492/3357/4305 2525/3464/4408 2526/3465/4409
s 20
f 2492/3414/4358 2507/3413/4334 2527/3466/4410 2525/3467/4411
s 34
f 2507/3468/4412 2506/3469/4413 2528/3470/4414 2527/3471/4415
s 18
f 2506/3406/4329 2486/3405/4353 2526/3472/4416 2528/3473/4417
s 21
f 2491/3356/4304 2485/3359/4307 2530/3474/4418 2529/3475/4419
s 18
f 2485/3404/4352 2505/3407/4328 2531/3476/4420 2530/3477/4421
s 34
f 2505/3478/4422 2508/3479/4423 2532/3480/4424 2531/3481/4425
s 20
f 2508/3412/4335 2491/3415/4359 2529/3482/4426 2532/3483/4427
s 28
f 2509/3423/4367 2510/3422/4366 2534/3484/4428 2533/3485/4429
s 29
f 2511/3429/4373 2512/3428/4372 2536/3486/4430 2535/3487/4431
s 18
f 2512/3431/4375 2509/3430/4374 2533/3366/4432 2536/3369/4433
s 28
f 2513/3435/4379 2514/3434/4378 2538/3488/4434 2537/3489/4435
s 18
f 2514/3437/4381 2515/3436/4380 2539/3376/4436 2538/3375/4437
s 29
f 2515/3441/4385 2516/3440/4384 2540/3490/4438 2539/3491/4439
s 32
f 2518/3447/4391 2517/3446/4390 2541/3492/4440 2542/3493/4441
s 19
f 2519/3451/4395 2520/3450/4394 2544/3494/4442 2543/3495/4443
s 18
f 2520/3453/4397 2518/3452/4396 2542/3392/4444 2544/3395/4445
s 32
f 2522/3457/4401 2521/3456/4400 2545/3496/4446 2546/3497/4447
s 18
f 2521/3459/4403 2523/3458/4402 2547/3402/4448 2545/3401/4449
s 19
f 2523/3461/4405 2524/3460/4404 2548/3498/4450 2547/3499/4451
s 21
f 2526/3465/4409 2525/3464/4408 2549/3500/4452 2550/3501/4453
s 34
f 2527/3471/4415 2528/3470/4414 2552/3502/4454 2551/3503/4455
s 18
f 2528/3473/4417 2526/3472/4416 2550/3408/4456 2552/3411/4457
s 21
f 2529/3475/4419 2530/3474/4418 2554/3504/4458 2553/3505/4459
s 18
f 2530/3477/4421 2531/3476/4420 2555/3418/4460 2554/3417/4461
s 34
f 2531/3481/4425 2532/3480/4424 2556/3506/4462 2555/3507/4463
s 36
f 2510/3425/4464 2511/3424/4465 2557/3508/4466 2558/3509/4467
s 29
f 2511/3429/4373 2535/3487/4431 2559/3510/4468 2557/3511/4469
s 22
f 2535/3368/4320 2534/3367/4319 2560/3512/4470 2559/3513/4471
s 28
f 2534/3484/4428 2510/3422/4366 2558/3514/4472 2560/3515/4473
s 37
f 2516/3443/4474 2513/3442/4475 2562/3516/4476 2561/3517/4477
s 28
f 2513/3435/4379 2537/3489/4435 2563/3518/4478 2562/3519/4479
s 23
f 2537/3374/4324 2540/3377/4327 2564/3520/4480 2563/3521/4481
s 29
f 2540/3490/4438 2516/3440/4384 2561/3522/4482 2564/3523/4483
s 38
f 2517/3449/4484 2519/3448/4485 2565/3524/4486 2566/3525/4487
s 19
f 2519/3451/4395 2543/3495/4443 2567/3526/4488 2565/3527/4489
s 24
f 2543/3394/4344 2541/3393/4343 2568/3528/4490 2567/3529/4491
s 32
f 2541/3492/4440 2517/3446/4390 2566/3530/4492 2568/3531/4493
s 39
f 2524/3463/4494 2522/3462/4495 2570/3532/4496 2569/3533/4497
s 32
f 2522/3457/4401 2546/3497/4447 2571/3534/4498 2570/3535/4499
s 25
f 2546/3400/4348 2548/3403/4351 2572/3536/4500 2571/3537/4501
s 19
f 2548/3498/4450 2524/3460/4404 2569/3538/4502 2572/3539/4503
s 40
f 2525/3467/4504 2527/3466/4505 2573/3540/4506 2574/3541/4507
s 34
f 2527/3471/4415 2551/3503/4455 2575/3542/4508 2573/3543/4509
s 26
f 2551/3410/4356 2549/3409/4355 2576/3544/4510 2575/3545/4511
s 21
f 2549/3500/4452 2525/3464/4408 2574/3546/4512 2576/3547/4513
s 41
f 2532/3483/4514 2529/3482/4515 2578/3548/4516 2577/3549/4517
s 21
f 2529/3475/4419 2553/3505/4459 2579/3550/4518 2578/3551/4519
s 27
f 2553/3416/4360 2556/3419/4363 2580/3552/4520 2579/3553/4521
s 34
f 2556/3506/4462 2532/3480/4424 2577/3554/4522 2580/3555/4523
s 38
f 2566/3556/4487 2565/3557/4486 2581/3558/4524 2582/3559/4525
s 19
f 2565/3527/4489 2567/3526/4488 2583/3560/4526 2581/3561/4527
s 24
f 2567/3562/4491 2568/3563/4490 2584/3564/4528 2583/3565/4529
s 32
f 2568/3531/4493 2566/3530/4492 2582/3566/4530 2584/3567/4531
s 39
f 2569/3533/4497 2570/3532/4496 2586/3568/4532 2585/3569/4533
s 32
f 2570/3535/4499 2571/3534/4498 2587/3570/4534 2586/3571/4535
s 25
f 2571/3537/4501 2572/3536/4500 2588/3572/4536 2587/3573/4537
s 19
f 2572/3539/4503 2569/3538/4502 2585/3574/4538 2588/3575/4539
s 42
f 2582/3559/4540 2581/3558/4541 2589/3576/4542 2590/3577/4543
s 19
f 2581/3561/4527 2583/3560/4526 2591/3578/4544 2589/3579/4545
s 43
f 2583/3565/4546 2584/3564/4547 2592/3580/4548 2591/3581/4549
s 32
f 2584/3567/4531 2582/3566/4530 2590/3582/4550 2592/3583/4551
s 42
f 2585/3569/4552 2586/3568/4553 2594/3584/4554 2593/3585/4555
s 32
f 2586/3571/4535 2587/3570/4534 2595/3586/4556 2594/3587/4557
s 43
f 2587/3573/4558 2588/3572/4559 2596/3588/4560 2595/3589/4561
s 19
f 2588/3575/4539 2585/3574/4538 2593/3590/4562 2596/3591/4563
s 42
f 2590/3577/4543 2589/3576/4542 2593/3585/4555 2594/3584/4554
s 19
f 2589/3579/4545 2591/3578/4544 2596/3591/4563 2593/3590/4562
s 43
f 2591/3581/4549 2592/3580/4548 2595/3589/4561 2596/3588/4560
s 32
f 2592/3583/4551 2590/3582/4550 2594/3587/4557 2595/3586/4556
s 36
f 2558/3509/4467 2557/3508/4466 2597/3592/4564 2598/3593/4565
s 29
f 2557/3511/4469 2559/3510/4468 2599/3594/4566 2597/3595/4567
s 22
f 2559/3513/4471 2560/3512/4470 2600/3596/4568 2599/3597/4569
s 28
f 2560/3515/4473 2558/3514/4472 2598/3598/4570 2600/3599/4571
s 37
f 2561/3600/4477 2562/3601/4476 2602/3602/4572 2601/3603/4573
s 28
f 2562/3519/4479 2563/3518/4478 2603/3604/4574 2602/3605/4575
s 23
f 2563/3606/4481 2564/3607/4480 2604/3608/4576 2603/3609/4577
s 29
f 2564/3523/4483 2561/3522/4482 2601/3610/4578 2604/3611/4579
s 40
f 2574/3541/4507 2573/3540/4506 2605/3612/4580 2606/3613/4581
s 34
f 2573/3543/4509 2575/3542/4508 2607/3614/4582 2605/3615/4583
s 26
f 2575/3545/4511 2576/3544/4510 2608/3616/4584 2607/3617/4585
s 21
f 2576/3547/4513 2574/3546/4512 2606/3618/4586 2608/3619/4587
s 41
f 2577/3549/4517 2578/3548/4516 2610/3620/4588 2609/3621/4589
s 21
f 2578/3551/4519 2579/3550/4518 2611/3622/4590 2610/3623/4591
s 27
f 2579/3553/4521 2580/3552/4520 2612/3624/4592 2611/3625/4593
s 34
f 2580/3555/4523 2577/3554/4522 2609/3626/4594 2612/3627/4595
s 44
f 2598/3593/4596 2597/3592/4597 2613/3628/4598 2614/3629/4599
s 29
f 2597/3595/4567 2599/3594/4566 2615/3630/4600 2613/3631/4601
s 45
f 2599/3597/4602 2600/3596/4603 2616/3632/4604 2615/3633/4605
s 28
f 2600/3599/4571 2598/3598/4570 2614/3634/4606 2616/3635/4607
s 44
f 2601/3603/4608 2602/3602/4609 2618/3636/4610 2617/3637/4611
s 28
f 2602/3605/4575 2603/3604/4574 2619/3638/4612 2618/3639/4613
s 45
f 2603/3609/4614 2604/3608/4615 2620/3640/4616 2619/3641/4617
s 29
f 2604/3611/4579 2601/3610/4578 2617/3642/4618 2620/3643/4619
s 44
f 2614/3629/4599 2613/3628/4598 2617/3637/4611 2618/3636/4610
s 29
f 2613/3631/4601 2615/3630/4600 2620/3643/4619 2617/3642/4618
s 45
f 2615/3633/4605 2616/3632/4604 2619/3641/4617 2620/3640/4616
s 28
f 2616/3635/4607 2614/3634/4606 2618/3639/4613 2619/3638/4612
s 46
f 2606/3644/4620 2605/3645/4621 2621/3646/4622 2622/3647/4623
s 34
f 2605/3615/4583 2607/3614/4582 2623/3648/4624 2621/3649/4625
s 47
f 2607/3650/4626 2608/3651/4627 2624/3652/4628 2623/3653/4629
s 21
f 2608/3619/4587 2606/3618/4586 2622/3654/4630 2624/3655/4631
s 46
f 2609/3621/4632 2610/3620/4633 2626/3656/4634 2625/3657/4635
s 21
f 2610/3623/4591 2611/3622/4590 2627/3658/4636 2626/3659/4637
s 47
f 2611/3625/4638 2612/3624/4639 2628/3660/4640 2627/3661/4641
s 34
f 2612/3627/4595 2609/3626/4594 2625/3662/4642 2628/3663/4643
s 46
f 2622/3647/4623 2621/3646/4622 2625/3657/4635 2626/3656/4634
s 34
f 2621/3649/4625 2623/3648/4624 2628/3663/4643 2625/3662/4642
s 47
f 2623/3653/4629 2624/3652/4628 2627/3661/4641 2628/3660/4640
s 21
f 2624/3655/4631 2622/3654/4630 2626/3659/4637 2627/3658/4636
s off
f 2629/3664/4644 2630/3665/4645 2632/3666/4646 2631/3667/4647
f 2631/3667/4648 2632/3666/4649 2634/3668/4650 2633/3669/4651
f 2633/3670/4652 2634/3671/4653 2636/3672/4654 2635/3673/4655
f 2635/3674/4656 2636/3675/4657 2630/3665/4658 2629/3664/4659
f 2630/3676/4660 2636/3672/4661 2634/3671/4662 2632/3677/4663
f 2635/3673/4664 2629/3664/4665 2631/3667/4666 2633/3670/4667
s 48
f 2698/3678/4668 2699/3679/4669 2775/3680/4670 2776/3681/4671
s 49
f 2696/3682/4672 2697/3683/4673 2777/3684/4674 2778/3685/4675
s 50
f 2700/3686/4676 2693/3687/4677 2791/3688/4678 2774/3689/4679
s 51
f 2639/3690/4680 2640/3691/4681 2643/3692/4682 2644/3693/4683 2650/3694/4684 2649/3695/4685 2646/3696/4686 2645/3697/4687
s 50
f 2693/3687/4677 2694/3698/4688 2790/3699/4689 2791/3688/4678
s 49
f 2695/3700/4690 2696/3682/4672 2778/3685/4675 2779/3701/4691
s 52
f 2647/3702/4692 2648/3703/4693 2651/3704/4694 2652/3705/4695 2642/3706/4696 2641/3707/4697 2638/3708/4698 2637/3709/4699
s 53
f 2774/3689/4700 2775/3680/4701 2699/3679/4702 2700/3686/4703
s 48
f 2776/3681/4671 2777/3684/4704 2697/3683/4705 2698/3678/4668
s 50
f 2809/3710/4706 2792/3711/4707 2662/3712/4708 2663/3713/4709
s 53
f 2663/3713/4710 2664/3714/4711 2808/3715/4712 2809/3710/4713
s 48
f 2807/3716/4714 2808/3715/4715 2664/3714/4716 2665/3717/4717
f 2665/3717/4717 2666/3718/4718 2806/3719/4719 2807/3716/4714
s 49
f 2805/3720/4720 2806/3719/4721 2666/3718/4722 2667/3721/4723
f 2804/3722/4724 2805/3720/4720 2667/3721/4723 2668/3723/4725
s 50
f 2792/3711/4707 2793/3724/4726 2661/3725/4727 2662/3712/4708
f 2662/3712/4708 2661/3725/4727 2669/3726/4728 2670/3727/4729
f 2663/3713/4709 2662/3712/4708 2670/3727/4729 2671/3728/4730
s 53
f 2671/3728/4731 2672/3729/4732 2664/3714/4711 2663/3713/4710
s 48
f 2665/3717/4717 2664/3714/4716 2672/3729/4733 2673/3730/4734
f 2673/3730/4734 2674/3731/4735 2666/3718/4718 2665/3717/4717
s 49
f 2667/3721/4723 2666/3718/4722 2674/3731/4736 2675/3732/4737
f 2668/3723/4725 2667/3721/4723 2675/3732/4737 2676/3733/4738
s off
f 2676/3734/4739 2669/3735/4740 2661/3736/4741 2668/3737/4742
s 58
f 2718/3738/4743 2717/3739/4744 2719/3740/4745 2720/3741/4746
f 2721/3742/4747 2718/3738/4743 2720/3741/4746 2722/3743/4748
s off
f 2722/3743/4749 2723/3744/4750 2724/3745/4751 2721/3742/4752
s 59
f 2725/3746/4753 2724/3745/4754 2723/3744/4755 2726/3747/4756
f 2726/3747/4756 2727/3748/4757 2728/3749/4758 2725/3746/4753
s 60
f 2729/3750/4759 2728/3749/4760 2727/3748/4761 2730/3751/4762
f 2731/3752/4763 2729/3750/4759 2730/3751/4762 2732/3753/4764
s off
f 2719/3754/4765 2717/3755/4766 2731/3756/4767 2732/3757/4768
s 61
f 2702/3758/4769 2701/3759/4770 2703/3760/4771 2704/3761/4772
s off
f 2705/3762/4773 2703/3763/4774 2701/3764/4775 2706/3765/4776
s 62
f 2706/3766/4777 2707/3767/4778 2708/3768/4779 2705/3769/4780
f 2709/3770/4781 2710/3771/4782 2708/3768/4779 2707/3767/4778
s 63
f 2711/3772/4783 2710/3771/4784 2709/3770/4785 2712/3773/4786
f 2713/3774/4787 2714/3775/4788 2711/3772/4783 2712/3773/4786
s off
f 2715/3776/4789 2714/3775/4790 2713/3774/4791 2716/3777/4792
s 61
f 2702/3758/4769 2704/3761/4772 2715/3776/4793 2716/3777/4794
s 53
f 2654/3778/4795 2655/3779/4796 2686/3780/4797 2685/3781/4798
s 48
f 2687/3782/4799 2686/3780/4800 2655/3779/4801 2656/3783/4802
f 2656/3783/4802 2657/3784/4803 2688/3785/4804 2687/3782/4799
s 49
f 2689/3786/4805 2688/3785/4806 2657/3784/4807 2658/3787/4808
f 2690/3788/4809 2689/3786/4805 2658/3787/4808 2659/3789/4810
s 67
f 2851/3790/4811 2846/3791/4812 2852/3792/4813 2853/3793/4814
s 50
f 2692/3794/4815 2691/3795/4816 2660/3796/4817 2653/3797/4818
f 2685/3781/4819 2692/3794/4815 2653/3797/4818 2654/3778/4820
f 2677/3798/4821 2678/3799/4822 2694/3698/4688 2693/3687/4677
s off
f 2695/3800/4823 2694/3801/4824 2678/3802/4825 2679/3803/4826
s 49
f 2679/3804/4827 2680/3805/4828 2696/3682/4672 2695/3700/4690
f 2680/3805/4828 2681/3806/4829 2697/3683/4673 2696/3682/4672
s 48
f 2698/3678/4668 2697/3683/4705 2681/3806/4830 2682/3807/4831
f 2682/3807/4831 2683/3808/4832 2699/3679/4669 2698/3678/4668
s 53
f 2700/3686/4703 2699/3679/4702 2683/3808/4833 2684/3809/4834
s 50
f 2684/3809/4835 2677/3798/4821 2693/3687/4677 2700/3686/4676
s 52
f 2637/3709/4699 2638/3708/4698 2701/3810/4836 2702/3811/4837
s 69
f 2678/3799/4838 2677/3798/4839 2704/3761/4840 2703/3760/4841
f 2679/3803/4842 2678/3802/4838 2703/3763/4841 2705/3762/4843
s 52
f 2638/3708/4698 2641/3707/4697 2706/3812/4844 2701/3810/4836
f 2641/3707/4697 2642/3706/4696 2707/3813/4845 2706/3812/4844
s 69
f 2680/3805/4846 2679/3804/4842 2705/3769/4843 2708/3768/4847
f 2681/3806/4848 2680/3805/4846 2708/3768/4847 2710/3771/4849
s 52
f 2642/3706/4696 2652/3705/4695 2709/3814/4850 2707/3813/4845
s 69
f 2682/3807/4851 2681/3806/4848 2710/3771/4849 2711/3772/4852
s 52
f 2652/3705/4695 2651/3704/4694 2712/3815/4853 2709/3814/4850
s 69
f 2683/3808/4854 2682/3807/4851 2711/3772/4852 2714/3775/4855
s 52
f 2651/3704/4694 2648/3703/4693 2713/3816/4856 2712/3815/4853
s 69
f 2684/3809/4857 2683/3808/4854 2714/3775/4855 2715/3776/4858
s 52
f 2648/3703/4693 2647/3702/4692 2716/3817/4859 2713/3816/4856
s 69
f 2677/3798/4839 2684/3809/4857 2715/3776/4858 2704/3761/4840
s 52
f 2647/3702/4692 2637/3709/4699 2702/3811/4837 2716/3817/4859
s 70
f 2670/3727/4860 2669/3726/4861 2717/3739/4862 2718/3738/4863
s 51
f 2640/3691/4681 2639/3690/4680 2720/3818/4864 2719/3754/4865
s 70
f 2671/3728/4866 2670/3727/4860 2718/3738/4863 2721/3742/4867
s 51
f 2639/3690/4680 2645/3697/4687 2722/3743/4868 2720/3818/4864
f 2645/3697/4687 2646/3696/4686 2723/3744/4869 2722/3743/4868
s 70
f 2672/3729/4870 2671/3728/4866 2721/3742/4867 2724/3745/4871
f 2673/3730/4872 2672/3729/4870 2724/3745/4871 2725/3746/4873
s 51
f 2646/3696/4686 2649/3695/4685 2726/3747/4874 2723/3744/4869
f 2649/3695/4685 2650/3694/4684 2727/3748/4875 2726/3747/4874
s 70
f 2674/3731/4876 2673/3730/4872 2725/3746/4873 2728/3749/4877
f 2675/3732/4878 2674/3731/4876 2728/3749/4877 2729/3750/4879
s 51
f 2650/3694/4684 2644/3693/4683 2730/3819/4880 2727/3748/4875
s 70
f 2676/3733/4881 2675/3732/4878 2729/3750/4879 2731/3752/4882
s 51
f 2644/3693/4683 2643/3692/4682 2732/3757/4883 2730/3819/4880
s 70
f 2669/3735/4861 2676/3734/4881 2731/3756/4882 2717/3755/4862
s 51
f 2643/3692/4682 2640/3691/4681 2719/3754/4865 2732/3757/4883
s 71
f 2850/3820/4884 2851/3821/4885 2853/3822/4886 2854/3823/4887
s 50
f 2789/3824/4888 2790/3699/4689 2694/3698/4688 2735/3825/4889
s 72
f 2694/3801/4890 2695/3800/4891 2736/3826/4892 2735/3827/4893
s 49
f 2695/3700/4690 2779/3701/4691 2780/3828/4894 2736/3829/4895
s 73
f 2668/3737/4896 2661/3736/4897 2738/3830/4898 2737/3831/4899
s 50
f 2661/3725/4727 2793/3724/4726 2794/3832/4900 2738/3833/4901
s 74
f 2857/3834/4902 2852/3792/4903 2846/3791/4904 2847/3835/4905
s 49
f 2803/3836/4906 2804/3722/4724 2668/3723/4725 2737/3837/4907
s 71
f 2849/3838/4908 2862/3839/4909 2863/3840/4910 2855/3841/4911
s 76
f 2788/3842/4912 2866/3843/4913 2867/3844/4914 2743/3845/4915
s 72
f 2735/3827/4893 2736/3826/4892 2749/3846/4916
s 77
f 2858/3847/4917 2859/3848/4918 2781/3849/4919 2744/3850/4920
s 73
f 2737/3831/4899 2738/3830/4898 2746/3851/4921 2745/3852/4922
s 78
f 2738/3833/4923 2794/3832/4924 2795/3853/4925 2746/3854/4926
s 74
f 2856/3855/4927 2857/3834/4902 2847/3835/4905 2848/3856/4928
s 79
f 2802/3857/4929 2803/3836/4930 2737/3837/4931 2745/3858/4932
s 80
f 2848/3856/4933 2849/3838/4934 2855/3841/4935 2856/3855/4936
s 72
f 2735/3827/4893 2749/3846/4916 2743/3859/4937 2867/3860/4938
f 2749/3846/4916 2736/3826/4892 2858/3861/4939 2744/3862/4940
s 81
f 2782/3863/4941 2783/3864/4942 2753/3865/4943 2755/3866/4944
s 82
f 2783/3867/4945 2784/3868/4946 2754/3869/4947 2753/3870/4948
s 81
f 2757/3871/4949 2756/3872/4950 2800/3873/4951 2801/3874/4952
s 82
f 2756/3875/4953 2758/3876/4954 2799/3877/4955 2800/3878/4956
s 81
f 2744/3850/4957 2781/3849/4958 2782/3863/4941 2755/3866/4944
f 2801/3874/4952 2802/3857/4959 2745/3858/4960 2757/3871/4949
f 2752/3879/4961 2741/3880/4962 2748/3881/4963 2759/3882/4964
s 82
f 2750/3883/4965 2751/3884/4966 2760/3885/4967 2761/3886/4968
s 81
f 2751/3887/4969 2752/3879/4961 2759/3882/4964 2760/3888/4970
s 82
f 2785/3889/4971 2786/3890/4972 2766/3891/4973 2765/3892/4974
s 88
f 2786/3893/4975 2787/3894/4976 2767/3895/4977 2766/3896/4978
f 2787/3894/4976 2788/3842/4979 2743/3845/4980 2767/3895/4977
f 2746/3854/4981 2795/3853/4982 2796/3897/4983 2769/3898/4984
f 2742/3899/4985 2762/3900/4986 2771/3901/4987 2747/3902/4988
s 82
f 2784/3868/4946 2785/3889/4971 2765/3892/4974 2754/3869/4947
f 2798/3903/4989 2799/3877/4955 2758/3876/4954 2768/3904/4990
f 2764/3905/4991 2750/3883/4965 2761/3886/4968 2773/3906/4992
s 72
f 2766/3907/4993 2749/3846/4916 2753/3908/4994
s 73
f 2768/3909/4995 2758/3910/4996 2756/3911/4997 2757/3912/4998 2745/3852/4922 2746/3851/4921 2769/3913/4999 2770/3914/5000
s 88
f 2762/3900/4986 2763/3915/5001 2772/3916/5002 2771/3901/4987
s 82
f 2763/3917/5003 2764/3905/4991 2773/3906/4992 2772/3918/5004
f 2768/3904/4990 2770/3919/5005 2797/3920/5006 2798/3903/4989
s 88
f 2770/3921/5007 2769/3898/4984 2796/3897/4983 2797/3922/5008
s 53
f 2810/3923/5009 2811/3924/5010 2775/3680/4701 2774/3689/4700
s 48
f 2776/3681/4671 2775/3680/4670 2811/3924/5011 2812/3925/5012
f 2812/3925/5012 2813/3926/5013 2777/3684/4704 2776/3681/4671
s 49
f 2778/3685/4675 2777/3684/4674 2813/3926/5014 2814/3927/5015
f 2779/3701/4691 2778/3685/4675 2814/3927/5015 2815/3928/5016
f 2780/3828/4894 2779/3701/4691 2815/3928/5016 2816/3929/5017
s 77
f 2781/3849/4919 2859/3848/4918 2860/3930/5018 2817/3931/5019
s 81
f 2782/3863/4941 2781/3849/4958 2817/3931/5020 2818/3932/5021
f 2818/3932/5021 2819/3933/5022 2783/3864/4942 2782/3863/4941
s 82
f 2819/3934/5023 2820/3935/5024 2784/3868/4946 2783/3867/4945
f 2821/3936/5025 2822/3937/5026 2786/3890/4972 2785/3889/4971
s 88
f 2822/3938/5027 2823/3939/5028 2787/3894/4976 2786/3893/4975
f 2823/3939/5028 2824/3940/5029 2788/3842/4979 2787/3894/4976
s 76
f 2824/3940/5030 2865/3941/5031 2866/3843/4913 2788/3842/4912
s 50
f 2825/3942/5032 2826/3943/5033 2790/3699/4689 2789/3824/4888
f 2791/3688/4678 2790/3699/4689 2826/3943/5033 2827/3944/5034
f 2774/3689/4679 2791/3688/4678 2827/3944/5034 2810/3923/5035
f 2828/3945/5036 2829/3946/5037 2793/3724/4726 2792/3711/4707
f 2794/3832/4900 2793/3724/4726 2829/3946/5037 2830/3947/5038
s 78
f 2795/3853/4925 2794/3832/4924 2830/3947/5039 2831/3948/5040
s 88
f 2796/3897/4983 2795/3853/4982 2831/3948/5041 2832/3949/5042
f 2797/3922/5008 2796/3897/4983 2832/3949/5042 2833/3950/5043
s 82
f 2798/3903/4989 2797/3920/5006 2833/3951/5044 2834/3952/5045
f 2800/3878/4956 2799/3877/4955 2835/3953/5046 2836/3954/5047
s 81
f 2801/3874/4952 2800/3873/4951 2836/3955/5048 2837/3956/5049
f 2837/3956/5049 2838/3957/5050 2802/3857/4959 2801/3874/4952
s 79
f 2838/3957/5051 2839/3958/5052 2803/3836/4930 2802/3857/4929
s 49
f 2839/3958/5053 2840/3959/5054 2804/3722/4724 2803/3836/4906
f 2840/3959/5054 2841/3960/5055 2805/3720/4720 2804/3722/4724
f 2841/3960/5055 2842/3961/5056 2806/3719/4721 2805/3720/4720
s 48
f 2807/3716/4714 2806/3719/4719 2842/3961/5057 2843/3962/5058
f 2843/3962/5058 2844/3963/5059 2808/3715/4715 2807/3716/4714
s 53
f 2809/3710/4713 2808/3715/4712 2844/3963/5060 2845/3964/5061
s 50
f 2845/3964/5062 2828/3945/5036 2792/3711/4707 2809/3710/4706
s 53
f 2685/3781/4798 2686/3780/4797 2811/3924/5010 2810/3923/5009
s 48
f 2812/3925/5012 2811/3924/5011 2686/3780/4800 2687/3782/4799
f 2687/3782/4799 2688/3785/4804 2813/3926/5013 2812/3925/5012
s 49
f 2814/3927/5015 2813/3926/5014 2688/3785/4806 2689/3786/4805
f 2815/3928/5016 2814/3927/5015 2689/3786/4805 2690/3788/4809
f 2816/3929/5017 2815/3928/5016 2690/3788/4809 2733/3965/5063
s 77
f 2817/3931/5019 2860/3930/5018 2861/3966/5064 2741/3880/5065
s 81
f 2818/3932/5021 2817/3931/5020 2741/3880/4962 2752/3879/4961
f 2752/3879/4961 2751/3887/4969 2819/3933/5022 2818/3932/5021
s 82
f 2751/3884/4966 2750/3883/4965 2820/3935/5024 2819/3934/5023
f 2750/3883/4965 2764/3905/4991 2821/3936/5025 2820/3935/5024
f 2764/3905/4991 2763/3917/5003 2822/3937/5026 2821/3936/5025
s 88
f 2763/3915/5001 2762/3900/4986 2823/3939/5028 2822/3938/5027
f 2742/3899/4985 2824/3940/5029 2823/3939/5028 2762/3900/4986
s 76
f 2864/3967/5066 2865/3941/5031 2824/3940/5030 2742/3899/5067
s 50
f 2691/3795/4816 2826/3943/5033 2825/3942/5032 2734/3968/5068
f 2827/3944/5034 2826/3943/5033 2691/3795/4816 2692/3794/4815
f 2810/3923/5035 2827/3944/5034 2692/3794/4815 2685/3781/4819
f 2653/3797/4818 2660/3796/4817 2829/3946/5037 2828/3945/5036
f 2830/3947/5038 2829/3946/5037 2660/3796/4817 2739/3969/5069
s 78
f 2831/3948/5040 2830/3947/5039 2739/3969/5070 2747/3902/5071
s 88
f 2832/3949/5042 2831/3948/5041 2747/3902/4988 2771/3901/4987
f 2833/3950/5043 2832/3949/5042 2771/3901/4987 2772/3916/5002
s 82
f 2834/3952/5045 2833/3951/5044 2772/3918/5004 2773/3906/4992
f 2761/3886/4968 2835/3953/5046 2834/3952/5045 2773/3906/4992
f 2836/3954/5047 2835/3953/5046 2761/3886/4968 2760/3885/4967
s 81
f 2837/3956/5049 2836/3955/5048 2760/3888/4970 2759/3882/4964
f 2748/3881/4963 2838/3957/5050 2837/3956/5049 2759/3882/4964
s 79
f 2740/3970/5072 2839/3958/5052 2838/3957/5051 2748/3881/5073
s 49
f 2659/3789/4810 2840/3959/5054 2839/3958/5053 2740/3970/5074
f 2659/3789/4810 2658/3787/4808 2841/3960/5055 2840/3959/5054
f 2658/3787/4808 2657/3784/4807 2842/3961/5056 2841/3960/5055
s 48
f 2843/3962/5058 2842/3961/5057 2657/3784/4803 2656/3783/4802
f 2656/3783/4802 2655/3779/4801 2844/3963/5059 2843/3962/5058
s 53
f 2845/3964/5061 2844/3963/5060 2655/3779/4796 2654/3778/4795
s 50
f 2654/3778/4820 2653/3797/4818 2828/3945/5036 2845/3964/5062
s 74
f 2847/3835/4905 2846/3791/4904 2659/3971/5075 2740/3972/5076
f 2848/3856/4928 2847/3835/4905 2740/3972/5076 2748/3973/5077
s 80
f 2741/3974/5078 2849/3838/4934 2848/3856/4933 2748/3973/5079
s 71
f 2861/3975/5080 2862/3839/4909 2849/3838/4908 2741/3974/5081
f 2690/3976/5082 2851/3821/4885 2850/3820/4884 2733/3977/5083
s 67
f 2659/3971/5084 2846/3791/4812 2851/3790/4811 2690/3978/5085
f 2853/3793/4814 2852/3792/4813 2660/3979/5086 2691/3980/5087
s 71
f 2854/3823/4887 2853/3822/4886 2691/3981/5088 2734/3982/5089
f 2855/3841/4911 2863/3840/4910 2864/3983/5090 2742/3984/5091
s 80
f 2856/3855/4936 2855/3841/4935 2742/3984/5092 2747/3985/5093
s 74
f 2739/3986/5094 2857/3834/4902 2856/3855/4927 2747/3985/5095
f 2660/3979/5096 2852/3792/4903 2857/3834/4902 2739/3986/5094
s 77
f 2736/3829/5097 2780/3828/5098 2859/3848/4918 2858/3847/4917
f 2860/3930/5018 2859/3848/4918 2780/3828/5098 2816/3929/5099
f 2861/3966/5064 2860/3930/5018 2816/3929/5099 2733/3965/5100
s 71
f 2733/3977/5083 2850/3820/4884 2862/3839/4909 2861/3975/5080
f 2863/3840/4910 2862/3839/4909 2850/3820/4884 2854/3823/4887
f 2864/3983/5090 2863/3840/4910 2854/3823/4887 2734/3982/5089
s 76
f 2734/3968/5101 2825/3942/5102 2865/3941/5031 2864/3967/5066
f 2866/3843/4913 2865/3941/5031 2825/3942/5102 2789/3824/5103
f 2867/3844/4914 2866/3843/4913 2789/3824/5103 2735/3825/5104
s 72
f 2766/3907/4993 2753/3908/4994 2754/3987/5105 2765/3988/5106
f 2753/3908/4994 2749/3846/4916 2744/3862/4940 2755/3989/5107
f 2743/3859/4937 2749/3846/4916 2766/3907/4993 2767/3990/5108
s 82
f 2820/3935/5024 2821/3936/5025 2869/3991/5109 2868/3992/5110
f 2821/3936/5025 2785/3889/4971 2870/3993/5111 2869/3991/5109
f 2785/3889/4971 2784/3868/4946 2871/3994/5112 2870/3993/5111
f 2784/3868/4946 2820/3935/5024 2868/3992/5110 2871/3994/5112
f 2834/3952/5045 2835/3953/5046 2873/3995/5113 2872/3996/5114
f 2835/3953/5046 2799/3877/4955 2874/3997/5115 2873/3995/5113
f 2799/3877/4955 2798/3903/4989 2875/3998/5116 2874/3997/5115
f 2798/3903/4989 2834/3952/5045 2872/3996/5114 2875/3998/5116
s 91
f 2868/3999/5117 2869/4000/5118 2877/4001/5119 2876/4002/5120
s 92
f 2869/4003/5121 2870/4004/5122 2878/4005/5123 2877/4006/5124
s 93
f 2870/4007/5125 2871/4008/5126 2879/4009/5127 2878/4010/5128
s 94
f 2871/4011/5129 2868/4012/5130 2876/4013/5131 2879/4014/5132
s 95
f 2872/4015/5133 2873/4016/5134 2881/4017/5135 2880/4018/5136
s 96
f 2873/4019/5137 2874/4020/5138 2882/4021/5139 2881/4022/5140
s 97
f 2874/4023/5141 2875/4024/5142 2883/4025/5143 2882/4026/5144
s 98
f 2875/4027/5145 2872/4028/5146 2880/4029/5147 2883/4030/5148
s 91
f 2876/4002/5120 2877/4001/5119 2885/4031/5149 2884/4032/5150
s 92
f 2877/4006/5124 2878/4005/5123 2886/4033/5151 2885/4034/5152
s 93
f 2878/4010/5128 2879/4009/5127 2887/4035/5153 2886/4036/5154
s 94
f 2879/4014/5132 2876/4013/5131 2884/4037/5155 2887/4038/5156
s 95
f 2880/4018/5136 2881/4017/5135 2889/4039/5157 2888/4040/5158
s 96
f 2881/4022/5140 2882/4021/5139 2890/4041/5159 2889/4042/5160
s 97
f 2882/4026/5144 2883/4025/5143 2891/4043/5161 2890/4044/5162
s 98
f 2883/4030/5148 2880/4029/5147 2888/4045/5163 2891/4046/5164
s 99
f 2892/4047/5165 2893/4048/5166 2901/4049/5167 2900/4050/5168
s 100
f 2893/4048/5169 2894/4051/5170 2902/4052/5171 2901/4049/5172
s 101
f 2894/4051/5173 2895/4053/5174 2903/4054/5175 2902/4052/5176
s 102
f 2895/4053/5177 2896/4055/5178 2904/4056/5179 2903/4054/5180
s 103
f 2897/4057/5181 2898/4058/5182 2906/4059/5183 2905/4060/5184
s 104
f 2899/4061/5185 2892/4047/5186 2900/4050/5187 2907/4062/5188
s 105
f 2909/4063/5189 2908/4064/5190 2910/4065/5191
f 2911/4066/5192 2909/4063/5189 2910/4065/5191
f 2912/4067/5193 2911/4066/5192 2910/4065/5191
f 2913/4068/5194 2912/4067/5193 2910/4065/5191
f 2914/4069/5195 2913/4068/5194 2910/4065/5191
f 2915/4070/5196 2914/4069/5195 2910/4065/5191
f 2916/4071/5197 2915/4070/5196 2910/4065/5191
f 2908/4064/5190 2916/4071/5197 2910/4065/5191
s 106
f 2917/4072/5198 2918/4073/5199 2919/4074/5200
f 2918/4073/5199 2920/4075/5201 2919/4074/5200
f 2920/4075/5201 2921/4076/5202 2919/4074/5200
f 2921/4076/5202 2922/4077/5203 2919/4074/5200
f 2922/4077/5203 2923/4078/5204 2919/4074/5200
f 2923/4078/5204 2924/4079/5205 2919/4074/5200
f 2924/4079/5205 2925/4080/5206 2919/4074/5200
f 2925/4080/5206 2917/4072/5198 2919/4074/5200
s 92
f 2885/4034/5152 2886/4033/5151 2907/4081/5207 2906/4082/5208
s 93
f 2886/4036/5154 2887/4035/5153 2899/4061/5209 2907/4062/5210
s 94
f 2887/4038/5156 2884/4037/5155 2898/4083/5211 2899/4084/5212
s 91
f 2884/4032/5150 2885/4031/5149 2906/4059/5213 2898/4058/5214
s 96
f 2889/4042/5160 2890/4041/5159 2896/4085/5215 2897/4086/5216
s 97
f 2890/4044/5162 2891/4043/5161 2904/4056/5217 2896/4055/5218
s 98
f 2891/4046/5164 2888/4045/5163 2905/4087/5219 2904/4088/5220
s 95
f 2888/4040/5158 2889/4039/5157 2897/4057/5221 2905/4060/5222
s 99
f 2893/4048/5166 2892/4047/5165 2908/4089/5223 2909/4063/5224
s 100
f 2894/4051/5170 2893/4048/5169 2909/4063/5225 2911/4066/5226
s 101
f 2895/4053/5174 2894/4051/5173 2911/4066/5227 2912/4090/5228
s 102
f 2896/4055/5178 2895/4053/5177 2912/4090/5229 2913/4091/5230
s off
f 2897/4086/5231 2896/4085/5232 2913/4068/5233 2914/4069/5234
s 103
f 2898/4092/5182 2897/4093/5181 2914/4069/5235 2915/4070/5236
s off
f 2899/4084/5237 2898/4083/5238 2915/4070/5239 2916/4071/5240
s 104
f 2892/4047/5186 2899/4061/5185 2916/4094/5241 2908/4089/5242
s 99
f 2900/4050/5168 2901/4049/5167 2918/4073/5243 2917/4095/5244
s 100
f 2901/4049/5172 2902/4052/5171 2920/4075/5245 2918/4073/5246
s 101
f 2902/4052/5176 2903/4054/5175 2921/4096/5247 2920/4075/5248
s 102
f 2903/4054/5180 2904/4056/5179 2922/4097/5249 2921/4096/5250
s off
f 2904/4088/5251 2905/4087/5252 2923/4078/5253 2922/4077/5254
s 103
f 2905/4060/5184 2906/4059/5183 2924/4098/5255 2923/4099/5256
s off
f 2906/4082/5257 2907/4081/5258 2925/4080/5259 2924/4079/5260
s 104
f 2907/4062/5188 2900/4050/5187 2917/4095/5261 2925/4100/5262
s off
f 2926/4101/5263 2927/4102/5264 2929/4103/5265 2928/4104/5266
f 2928/4104/5267 2929/4103/5268 2931/4105/5269 2930/4106/5270
f 2930/4107/5271 2931/4108/5272 2933/4109/5273 2932/4110/5274
f 2932/4111/5275 2933/4112/5276 2927/4102/5277 2926/4101/5278
f 2927/4102/5279 2933/4109/5280 2931/4108/5281 2929/4103/5282
f 2932/4110/5283 2926/4113/5284 2928/4114/5285 2930/4107/5286
f 2964/4115/5287 2965/4116/5288 2966/4117/5289 2967/4118/5290
f 2935/4119/5291 2936/4120/5292 2950/4121/5293 2949/4122/5294
f 2968/4123/5295 2969/4124/5296 2970/4125/5297 2971/4126/5298
f 2937/4127/5299 2938/4128/5300 2952/4129/5301 2951/4130/5302
f 2972/4131/5303 2973/4132/5304 2974/4133/5305 2975/4134/5306
f 2939/4135/5307 2940/4136/5308 2954/4137/5309 2953/4138/5310
f 2976/4139/5311 2977/4140/5312 2978/4141/5313 2979/4142/5314
f 2941/4143/5315 2942/4144/5316 2956/4145/5317 2955/4146/5318
f 2980/4147/5319 2981/4148/5320 2982/4149/5321 2983/4150/5322
f 2943/4151/5323 2944/4152/5324 2958/4153/5325 2957/4154/5326
f 2984/4155/5327 2985/4156/5328 2986/4157/5329 2987/4158/5330
f 2945/4159/5331 2946/4160/5332 2960/4161/5333 2959/4162/5334
f 2988/4163/5335 2989/4164/5336 2990/4165/5337 2991/4166/5338
f 2947/4167/5339 2934/4168/5340 2948/4169/5341 2961/4170/5342
s 107
f 2935/4171/5343 2934/4172/5344 2962/4173/5345
f 2936/4174/5346 2935/4171/5343 2962/4173/5345
f 2937/4175/5347 2936/4174/5346 2962/4173/5345
f 2938/4176/5348 2937/4175/5347 2962/4173/5345
f 2939/4177/5349 2938/4176/5348 2962/4173/5345
f 2940/4178/5350 2939/4177/5349 2962/4173/5345
f 2941/4179/5351 2940/4178/5350 2962/4173/5345
f 2942/4180/5352 2941/4179/5351 2962/4173/5345
f 2943/4181/5353 2942/4180/5352 2962/4173/5345
f 2944/4182/5354 2943/4181/5353 2962/4173/5345
f 2945/4183/5355 2944/4182/5354 2962/4173/5345
f 2946/4184/5356 2945/4183/5355 2962/4173/5345
f 2947/4185/5357 2946/4184/5356 2962/4173/5345
f 2934/4172/5344 2947/4185/5357 2962/4173/5345
s 108
f 2948/4186/5358 2949/4187/5359 2963/4188/5360
f 2949/4187/5359 2950/4189/5361 2963/4188/5360
f 2950/4189/5361 2951/4190/5362 2963/4188/5360
f 2951/4190/5362 2952/4191/5363 2963/4188/5360
f 2952/4191/5363 2953/4192/5364 2963/4188/5360
f 2953/4192/5364 2954/4193/5365 2963/4188/5360
f 2954/4193/5365 2955/4194/5366 2963/4188/5360
f 2955/4194/5366 2956/4195/5367 2963/4188/5360
f 2956/4195/5367 2957/4196/5368 2963/4188/5360
f 2957/4196/5368 2958/4197/5369 2963/4188/5360
f 2958/4197/5369 2959/4198/5370 2963/4188/5360
f 2959/4198/5370 2960/4199/5371 2963/4188/5360
f 2960/4199/5371 2961/4200/5372 2963/4188/5360
f 2961/4200/5372 2948/4186/5358 2963/4188/5360
s 107
f 2934/4172/5344 2935/4171/5343 2965/4201/5373 2964/4202/5374
s off
f 2935/4119/5375 2949/4122/5376 2966/4117/5377 2965/4116/5378
s 108
f 2949/4187/5359 2948/4186/5358 2967/4203/5379 2966/4204/5380
s off
f 2948/4169/5381 2934/4168/5382 2964/4115/5383 2967/4118/5384
s 107
f 2936/4174/5346 2937/4175/5347 2969/4205/5385 2968/4206/5386
s off
f 2937/4127/5387 2951/4130/5388 2970/4125/5389 2969/4124/5390
s 108
f 2951/4190/5362 2950/4189/5361 2971/4207/5391 2970/4208/5392
s off
f 2950/4121/5393 2936/4120/5394 2968/4123/5395 2971/4126/5396
s 107
f 2938/4176/5348 2939/4177/5349 2973/4209/5397 2972/4210/5398
s off
f 2939/4135/5399 2953/4138/5400 2974/4133/5401 2973/4132/5402
s 108
f 2953/4192/5364 2952/4191/5363 2975/4211/5403 2974/4212/5404
s off
f 2952/4129/5405 2938/4128/5406 2972/4131/5407 2975/4134/5408
s 107
f 2940/4178/5350 2941/4179/5351 2977/4213/5409 2976/4214/5410
s off
f 2941/4143/5411 2955/4146/5412 2978/4141/5413 2977/4140/5414
s 108
f 2955/4194/5366 2954/4193/5365 2979/4215/5415 2978/4216/5416
s off
f 2954/4137/5417 2940/4136/5418 2976/4139/5419 2979/4142/5420
s 107
f 2942/4180/5352 2943/4181/5353 2981/4148/5421 2980/4147/5422
s off
f 2943/4151/5423 2957/4154/5424 2982/4217/5425 2981/4218/5426
s 108
f 2957/4196/5368 2956/4195/5367 2983/4150/5427 2982/4149/5428
s off
f 2956/4145/5429 2942/4144/5430 2980/4147/5431 2983/4150/5432
s 107
f 2944/4182/5354 2945/4183/5355 2985/4219/5433 2984/4220/5434
s off
f 2945/4159/5435 2959/4162/5436 2986/4157/5437 2985/4156/5438
s 108
f 2959/4198/5370 2958/4197/5369 2987/4221/5439 2986/4222/5440
s off
f 2958/4153/5441 2944/4152/5442 2984/4155/5443 2987/4158/5444
s 107
f 2946/4184/5356 2947/4185/5357 2989/4223/5445 2988/4224/5446
s off
f 2947/4167/5447 2961/4170/5448 2990/4165/5449 2989/4164/5450
s 108
f 2961/4200/5372 2960/4199/5371 2991/4225/5451 2990/4226/5452
s off
f 2960/4161/5453 2946/4160/5454 2988/4163/5455 2991/4166/5456
f 3022/4227/5457 3023/4228/5458 3024/4229/5459 3025/4230/5460
f 2993/4231/5461 2994/4232/5462 3008/4233/5463 3007/4234/5464
f 3026/4235/5465 3027/4236/5466 3028/4237/5467 3029/4238/5468
f 2995/4239/5469 2996/4240/5470 3010/4241/5471 3009/4242/5472
f 3030/4243/5473 3031/4244/5474 3032/4245/5475 3033/4246/5476
f 2997/4247/5477 2998/4248/5478 3012/4249/5479 3011/4250/5480
f 3034/4251/5481 3035/4252/5482 3036/4253/5483 3037/4254/5484
f 2999/4255/5485 3000/4256/5486 3014/4257/5487 3013/4258/5488
f 3038/4259/5489 3039/4260/5490 3040/4261/5491 3041/4262/5492
f 3001/4263/5493 3002/4264/5494 3016/4265/5495 3015/4266/5496
f 3042/4267/5497 3043/4268/5498 3044/4269/5499 3045/4270/5500
f 3003/4271/5501 3004/4272/5502 3018/4273/5503 3017/4274/5504
f 3046/4275/5505 3047/4276/5506 3048/4277/5507 3049/4278/5508
f 3005/4279/5509 2992/4280/5510 3006/4281/5511 3019/4282/5512
s 109
f 2993/4283/5513 2992/4284/5514 3020/4285/5515
f 2994/4286/5516 2993/4283/5513 3020/4285/5515
f 2995/4287/5517 2994/4286/5516 3020/4285/5515
f 2996/4288/5518 2995/4287/5517 3020/4285/5515
f 2997/4289/5519 2996/4288/5518 3020/4285/5515
f 2998/4290/5520 2997/4289/5519 3020/4285/5515
f 2999/4291/5521 2998/4290/5520 3020/4285/5515
f 3000/4292/5522 2999/4291/5521 3020/4285/5515
f 3001/4293/5523 3000/4292/5522 3020/4285/5515
f 3002/4294/5524 3001/4293/5523 3020/4285/5515
f 3003/4295/5525 3002/4294/5524 3020/4285/5515
f 3004/4296/5526 3003/4295/5525 3020/4285/5515
f 3005/4297/5527 3004/4296/5526 3020/4285/5515
f 2992/4284/5514 3005/4297/5527 3020/4285/5515
s 110
f 3006/4298/5528 3007/4299/5529 3021/4300/5530
f 3007/4299/5529 3008/4301/5531 3021/4300/5530
f 3008/4301/5531 3009/4302/5532 3021/4300/5530
f 3009/4302/5532 3010/4303/5533 3021/4300/5530
f 3010/4303/5533 3011/4304/5534 3021/4300/5530
f 3011/4304/5534 3012/4305/5535 3021/4300/5530
f 3012/4305/5535 3013/4306/5536 3021/4300/5530
f 3013/4306/5536 3014/4307/5537 3021/4300/5530
f 3014/4307/5537 3015/4308/5538 3021/4300/5530
f 3015/4308/5538 3016/4309/5539 3021/4300/5530
f 3016/4309/5539 3017/4310/5540 3021/4300/5530
f 3017/4310/5540 3018/4311/5541 3021/4300/5530
f 3018/4311/5541 3019/4312/5542 3021/4300/5530
f 3019/4312/5542 3006/4298/5528 3021/4300/5530
s 109
f 2992/4284/5514 2993/4283/5513 3023/4313/5543 3022/4314/5544
s off
f 2993/4231/5545 3007/4234/5546 3024/4229/5547 3023/4228/5548
s 110
f 3007/4299/5529 3006/4298/5528 3025/4315/5549 3024/4316/5550
s off
f 3006/4281/5551 2992/4280/5552 3022/4227/5553 3025/4230/5554
s 109
f 2994/4286/5516 2995/4287/5517 3027/4317/5555 3026/4318/5556
s off
f 2995/4239/5557 3009/4242/5558 3028/4237/5559 3027/4236/5560
s 110
f 3009/4302/5532 3008/4301/5531 3029/4319/5561 3028/4320/5562
s off
f 3008/4233/5563 2994/4232/5564 3026/4235/5565 3029/4238/5566
s 109
f 2996/4288/5518 2997/4289/5519 3031/4321/5567 3030/4322/5568
s off
f 2997/4247/5569 3011/4250/5570 3032/4245/5571 3031/4244/5572
s 110
f 3011/4304/5534 3010/4303/5533 3033/4323/5573 3032/4324/5574
s off
f 3010/4241/5575 2996/4240/5576 3030/4243/5577 3033/4246/5578
s 109
f 2998/4290/5520 2999/4291/5521 3035/4252/5579 3034/4251/5580
s off
f 2999/4255/5581 3013/4258/5582 3036/4325/5583 3035/4326/5584
s 110
f 3013/4306/5536 3012/4305/5535 3037/4254/5585 3036/4253/5586
s off
f 3012/4249/5587 2998/4248/5588 3034/4251/5589 3037/4254/5590
s 109
f 3000/4292/5522 3001/4293/5523 3039/4327/5591 3038/4328/5592
s off
f 3001/4263/5593 3015/4266/5594 3040/4261/5595 3039/4260/5596
s 110
f 3015/4308/5538 3014/4307/5537 3041/4329/5597 3040/4330/5598
s off
f 3014/4257/5599 3000/4256/5600 3038/4259/5601 3041/4262/5602
s 109
f 3002/4294/5524 3003/4295/5525 3043/4331/5603 3042/4332/5604
s off
f 3003/4271/5605 3017/4274/5606 3044/4269/5607 3043/4268/5608
s 110
f 3017/4310/5540 3016/4309/5539 3045/4333/5609 3044/4334/5610
s off
f 3016/4265/5611 3002/4264/5612 3042/4267/5613 3045/4270/5614
s 109
f 3004/4296/5526 3005/4297/5527 3047/4335/5615 3046/4336/5616
s off
f 3005/4279/5617 3019/4282/5618 3048/4277/5619 3047/4276/5620
s 110
f 3019/4312/5542 3018/4311/5541 3049/4337/5621 3048/4338/5622
s off
f 3018/4273/5623 3004/4272/5624 3046/4275/5625 3049/4278/5626
s 111
f 3050/4339/5627 3051/4340/5628 3091/4341/5629 3090/4342/5630
f 3051/4340/5628 3052/4343/5631 3092/4344/5632 3091/4341/5629
f 3052/4343/5631 3053/4345/5633 3093/4346/5634 3092/4344/5632
f 3053/4345/5633 3054/4347/5635 3094/4348/5636 3093/4346/5634
f 3054/4347/5635 3055/4349/5637 3095/4350/5638 3094/4348/5636
f 3055/4349/5637 3056/4351/5639 3096/4352/5640 3095/4350/5638
f 3056/4351/5639 3057/4353/5641 3097/4354/5642 3096/4352/5640
f 3057/4353/5641 3058/4355/5643 3098/4356/5644 3097/4354/5642
f 3058/4355/5643 3059/4357/5645 3099/4358/5646 3098/4356/5644
f 3059/4357/5645 3060/4359/5647 3100/4360/5648 3099/4358/5646
f 3060/4359/5647 3061/4361/5649 3101/4362/5650 3100/4360/5648
f 3061/4361/5649 3062/4363/5651 3102/4364/5652 3101/4362/5650
f 3062/4363/5651 3063/4365/5653 3103/4366/5654 3102/4364/5652
f 3063/4365/5653 3064/4367/5655 3104/4368/5656 3103/4366/5654
f 3064/4367/5655 3065/4369/5657 3105/4370/5658 3104/4368/5656
f 3065/4369/5657 3066/4371/5659 3106/4372/5660 3105/4370/5658
f 3066/4371/5659 3067/4373/5661 3107/4374/5662 3106/4372/5660
f 3067/4373/5661 3068/4375/5663 3108/4376/5664 3107/4374/5662
f 3068/4375/5663 3069/4377/5665 3109/4378/5666 3108/4376/5664
f 3069/4377/5665 3070/4379/5667 3110/4380/5668 3109/4378/5666
f 3070/4379/5667 3071/4381/5669 3111/4382/5670 3110/4380/5668
f 3071/4381/5669 3072/4383/5671 3112/4384/5672 3111/4382/5670
f 3072/4383/5671 3073/4385/5673 3113/4386/5674 3112/4384/5672
f 3073/4385/5673 3074/4387/5675 3114/4388/5676 3113/4386/5674
f 3074/4387/5675 3075/4389/5677 3115/4390/5678 3114/4388/5676
f 3075/4389/5677 3076/4391/5679 3116/4392/5680 3115/4390/5678
f 3076/4391/5679 3077/4393/5681 3117/4394/5682 3116/4392/5680
f 3077/4393/5681 3078/4395/5683 3118/4396/5684 3117/4394/5682
f 3078/4397/5683 3079/4398/5685 3119/4399/5686 3118/4400/5684
f 3079/4398/5685 3080/4401/5687 3120/4402/5688 3119/4399/5686
f 3080/4401/5687 3081/4403/5689 3121/4404/5690 3120/4402/5688
f 3081/4403/5689 3082/4405/5691 3122/4406/5692 3121/4404/5690
f 3082/4405/5691 3083/4407/5693 3123/4408/5694 3122/4406/5692
f 3083/4407/5693 3084/4409/5695 3124/4410/5696 3123/4408/5694
f 3084/4409/5695 3085/4411/5697 3125/4412/5698 3124/4410/5696
f 3085/4411/5697 3086/4413/5699 3126/4414/5700 3125/4412/5698
f 3086/4413/5699 3087/4415/5701 3127/4416/5702 3126/4414/5700
f 3087/4415/5701 3088/4417/5703 3128/4418/5704 3127/4416/5702
f 3088/4417/5703 3089/4419/5705 3129/4420/5706 3128/4418/5704
f 3089/4419/5705 3050/4339/5627 3090/4342/5630 3129/4420/5706
s 112
f 3051/4421/5707 3050/4422/5708 3130/4423/5709
f 3052/4424/5710 3051/4421/5707 3130/4423/5709
f 3053/4425/5711 3052/4424/5710 3130/4423/5709
f 3054/4426/5712 3053/4425/5711 3130/4423/5709
f 3055/4427/5713 3054/4426/5712 3130/4423/5709
f 3056/4428/5714 3055/4427/5713 3130/4423/5709
f 3057/4429/5715 3056/4428/5714 3130/4423/5709
f 3058/4430/5716 3057/4429/5715 3130/4423/5709
f 3059/4431/5717 3058/4430/5716 3130/4423/5709
f 3060/4432/5718 3059/4431/5717 3130/4423/5709
f 3061/4433/5719 3060/4432/5718 3130/4423/5709
f 3062/4434/5720 3061/4433/5719 3130/4423/5709
f 3063/4435/5721 3062/4434/5720 3130/4423/5709
f 3064/4436/5722 3063/4435/5721 3130/4423/5709
f 3065/4437/5723 3064/4436/5722 3130/4423/5709
f 3066/4438/5724 3065/4437/5723 3130/4423/5709
f 3067/4439/5725 3066/4438/5724 3130/4423/5709
f 3068/4440/5726 3067/4439/5725 3130/4423/5709
f 3069/4441/5727 3068/4440/5726 3130/4423/5709
f 3070/4442/5728 3069/4441/5727 3130/4423/5709
f 3071/4443/5729 3070/4442/5728 3130/4423/5709
f 3072/4444/5730 3071/4443/5729 3130/4423/5709
f 3073/4445/5731 3072/4444/5730 3130/4423/5709
f 3074/4446/5732 3073/4445/5731 3130/4423/5709
f 3075/4447/5733 3074/4446/5732 3130/4423/5709
f 3076/4448/5734 3075/4447/5733 3130/4423/5709
f 3077/4449/5735 3076/4448/5734 3130/4423/5709
f 3078/4450/5736 3077/4449/5735 3130/4423/5709
f 3079/4451/5737 3078/4450/5736 3130/4423/5709
f 3080/4452/5738 3079/4451/5737 3130/4423/5709
f 3081/4453/5739 3080/4452/5738 3130/4423/5709
f 3082/4454/5740 3081/4453/5739 3130/4423/5709
f 3083/4455/5741 3082/4454/5740 3130/4423/5709
f 3084/4456/5742 3083/4455/5741 3130/4423/5709
f 3085/4457/5743 3084/4456/5742 3130/4423/5709
f 3086/4458/5744 3085/4457/5743 3130/4423/5709
f 3087/4459/5745 3086/4458/5744 3130/4423/5709
f 3088/4460/5746 3087/4459/5745 3130/4423/5709
f 3089/4461/5747 3088/4460/5746 3130/4423/5709
f 3050/4422/5708 3089/4461/5747 3130/4423/5709
s 113
f 3090/4462/5748 3091/4463/5749 3131/4464/5750
f 3091/4463/5749 3092/4465/5751 3131/4464/5750
f 3092/4465/5751 3093/4466/5752 3131/4464/5750
f 3093/4466/5752 3094/4467/5753 3131/4464/5750
f 3094/4467/5753 3095/4468/5754 3131/4464/5750
f 3095/4468/5754 3096/4469/5755 3131/4464/5750
f 3096/4469/5755 3097/4470/5756 3131/4464/5750
f 3097/4470/5756 3098/4471/5757 3131/4464/5750
f 3098/4471/5757 3099/4472/5758 3131/4464/5750
f 3099/4472/5758 3100/4473/5759 3131/4464/5750
f 3100/4473/5759 3101/4474/5760 3131/4464/5750
f 3101/4474/5760 3102/4475/5761 3131/4464/5750
f 3102/4475/5761 3103/4476/5762 3131/4464/5750
f 3103/4476/5762 3104/4477/5763 3131/4464/5750
f 3104/4477/5763 3105/4478/5764 3131/4464/5750
f 3105/4478/5764 3106/4479/5765 3131/4464/5750
f 3106/4479/5765 3107/4480/5766 3131/4464/5750
f 3107/4480/5766 3108/4481/5767 3131/4464/5750
f 3108/4481/5767 3109/4482/5768 3131/4464/5750
f 3109/4482/5768 3110/4483/5769 3131/4464/5750
f 3110/4483/5769 3111/4484/5770 3131/4464/5750
f 3111/4484/5770 3112/4485/5771 3131/4464/5750
f 3112/4485/5771 3113/4486/5772 3131/4464/5750
f 3113/4486/5772 3114/4487/5773 3131/4464/5750
f 3114/4487/5773 3115/4488/5774 3131/4464/5750
f 3115/4488/5774 3116/4489/5775 3131/4464/5750
f 3116/4489/5775 3117/4490/5776 3131/4464/5750
f 3117/4490/5776 3118/4491/5777 3131/4464/5750
f 3118/4491/5777 3119/4492/5778 3131/4464/5750
f 3119/4492/5778 3120/4493/5779 3131/4464/5750
f 3120/4493/5779 3121/4494/5780 3131/4464/5750
f 3121/4494/5780 3122/4495/5781 3131/4464/5750
f 3122/4495/5781 3123/4496/5782 3131/4464/5750
f 3123/4496/5782 3124/4497/5783 3131/4464/5750
f 3124/4497/5783 3125/4498/5784 3131/4464/5750
f 3125/4498/5784 3126/4499/5785 3131/4464/5750
f 3126/4499/5785 3127/4500/5786 3131/4464/5750
f 3127/4500/5786 3128/4501/5787 3131/4464/5750
f 3128/4501/5787 3129/4502/5788 3131/4464/5750
f 3129/4502/5788 3090/4462/5748 3131/4464/5750
g default
v 0.655429 -1.130942 -0.243196
v 0.533022 -0.423835 -0.118186
v 0.702487 -0.423835 -0.411708
v 0.741057 0.283271 -0.193758
v 0.526638 -0.777389 -0.196870
v 0.631153 -0.070282 -0.377895
v 0.631153 -0.777389 -0.377895
v 0.516110 -0.423835 -0.323632
v 0.526638 -0.070282 -0.196870
v 0.547503 -0.070282 -0.305507
v 0.495245 -0.423835 -0.214994
v 0.547503 -0.777389 -0.305507
v 0.599760 -0.423835 -0.396020
v 0.694923 -0.423835 -0.461236
v 0.603360 -0.059668 -0.421218
v 0.702915 0.311112 -0.215780
v 0.475224 -0.059668 -0.199278
v 0.612461 -1.148431 -0.268003
v 0.475451 -0.785070 -0.199440
v 0.486347 -0.423835 -0.099973
v 0.603334 -0.785070 -0.420939
v 0.683587 -0.423294 -0.442602
v 0.601597 -0.097198 -0.406767
v 0.690743 0.234819 -0.222807
v 0.486856 -0.097198 -0.208030
v 0.609746 -1.072137 -0.269571
v 0.487060 -0.746764 -0.208175
v 0.496817 -0.423294 -0.119107
v 0.601573 -0.746764 -0.406518
v 0.629066 -0.423000 -0.460380
v 0.530930 -0.423000 -0.445454
v 0.552285 -0.117619 -0.426821
v 0.635768 0.193308 -0.254547
v 0.468453 -0.111664 -0.351147
v 0.444832 -0.117619 -0.240709
v 0.559916 -1.030626 -0.298340
v 0.445024 -0.725921 -0.240845
v 0.467803 -0.729239 -0.351522
v 0.418019 -0.423000 -0.249886
v 0.454161 -0.423000 -0.157434
v 0.552263 -0.725921 -0.426588
v 0.440505 -0.423000 -0.367282
v 1.084815 0.606007 -0.062138
v 1.099733 0.606007 -0.032859
v 1.061579 0.606007 -0.085373
v 1.032301 0.606007 -0.100292
v 0.999845 0.606007 -0.105432
v 0.967389 0.606007 -0.100292
v 0.938111 0.606007 -0.085373
v 0.914875 0.606007 -0.062138
v 0.899957 0.606007 -0.032859
v 0.894816 0.606007 -0.000403
v 0.899957 0.606007 0.032052
v 0.914875 0.606007 0.061331
v 0.938111 0.606007 0.084566
v 0.967389 0.606007 0.099485
v 0.999845 0.606007 0.104625
v 1.032301 0.606007 0.099485
v 1.061579 0.606007 0.084566
v 1.084815 0.606007 0.061331
v 1.099733 0.606007 0.032052
v 1.104874 0.606007 -0.000403
v 1.070475 0.657010 -0.051719
v 1.082876 0.657010 -0.027382
v 1.051161 0.657010 -0.071034
v 1.026823 0.657010 -0.083434
v 0.999845 0.657010 -0.087707
v 0.972867 0.657010 -0.083434
v 0.948529 0.657010 -0.071034
v 0.929215 0.657010 -0.051719
v 0.916814 0.657010 -0.027382
v 0.912541 0.657010 -0.000403
v 0.916814 0.657010 0.026575
v 0.929215 0.657010 0.050912
v 0.948529 0.657010 0.070227
v 0.972867 0.657010 0.082627
v 0.999845 0.657010 0.086900
v 1.026823 0.657010 0.082627
v 1.051161 0.657010 0.070227
v 1.070475 0.657010 0.050912
v 1.082876 0.657010 0.026575
v 1.087149 0.657010 -0.000403
v 1.054397 0.698044 -0.040038
v 1.063975 0.698044 -0.021240
v 1.039480 0.698044 -0.054956
v 1.020682 0.698042 -0.064533
v 0.999845 0.698044 -0.067834
v 0.979008 0.698044 -0.064533
v 0.960211 0.698044 -0.054956
v 0.945293 0.698044 -0.040038
v 0.935715 0.698044 -0.021240
v 0.932415 0.698044 -0.000403
v 0.935715 0.698044 0.020434
v 0.945293 0.698044 0.039231
v 0.960211 0.698044 0.054149
v 0.979008 0.698044 0.063726
v 0.999845 0.698044 0.067027
v 1.020682 0.698044 0.063726
v 0.571651 -0.510249 -0.374467
v 0.494499 -0.510249 -0.240836
v 0.571651 -0.488048 -0.374467
v 0.494499 -0.488048 -0.240836
v 0.581178 -0.488048 -0.368967
v 0.504026 -0.488048 -0.235336
v 0.581178 -0.510249 -0.368967
v 0.504026 -0.510249 -0.235336
v 0.572952 -0.383539 -0.379901
v 0.495800 -0.383539 -0.246271
v 0.572952 -0.361338 -0.379901
v 0.495800 -0.361338 -0.246271
v 0.582478 -0.361338 -0.374401
v 0.505327 -0.361338 -0.240770
v 0.582478 -0.383539 -0.374401
v 0.505327 -0.383539 -0.240770
v 1.039479 0.698044 0.054149
v 1.054397 0.698044 0.039231
v 1.063975 0.698044 0.020434
v 1.067275 0.698044 -0.000403
v 1.036977 0.728094 -0.027381
v 1.043496 0.728094 -0.014586
v 0.999845 0.728095 -0.046300
v 0.985662 0.728095 -0.044054
v 0.972868 0.728095 -0.037535
v 0.962714 0.728094 -0.027381
v 0.956195 0.728095 -0.014586
v 0.953948 0.728094 -0.000403
v 0.592868 -0.356643 -0.305761
v 0.598577 -0.356643 -0.296877
v 0.592868 -0.646555 -0.305761
v 0.598577 -0.646555 -0.296877
v 0.580401 -0.356643 -0.265727
v 0.570503 -0.356643 -0.265822
v 0.580401 -0.646555 -0.265727
v 0.570503 -0.646555 -0.265822
v 0.569425 -0.646555 -0.319295
v 0.559831 -0.646555 -0.313569
v 0.569425 -0.356643 -0.319295
v 0.559831 -0.356643 -0.313569
v 0.546977 -0.646555 -0.290495
v 0.546635 -0.646555 -0.279509
v 0.546977 -0.356643 -0.290495
v 0.546635 -0.356643 -0.279509
v 0.592868 -0.511251 -0.305761
v 0.569425 -0.511251 -0.319295
v 0.559831 -0.511251 -0.313569
v 0.546977 -0.511251 -0.290495
v 0.546635 -0.511251 -0.279509
v 0.570503 -0.511251 -0.265822
v 0.580401 -0.511251 -0.265727
v 0.598577 -0.511251 -0.296877
v 0.598577 -0.619475 -0.296877
v 0.592868 -0.619475 -0.305761
v 0.569425 -0.619475 -0.319295
v 0.559831 -0.619475 -0.313569
v 0.546977 -0.619475 -0.290495
v 0.546635 -0.619475 -0.279509
v 0.570503 -0.619475 -0.265822
v 0.580401 -0.619475 -0.265727
v 0.598577 -0.642322 -0.296877
v 0.592868 -0.642322 -0.305761
v 0.569425 -0.642322 -0.319295
v 0.559831 -0.642322 -0.313569
v 0.546977 -0.642322 -0.290495
v 0.546635 -0.642322 -0.279509
v 0.570503 -0.642322 -0.265822
v 0.580401 -0.642322 -0.265727
v 0.592868 -0.360565 -0.305761
v 0.598577 -0.360566 -0.296877
v 0.580401 -0.360565 -0.265727
v 0.570503 -0.360566 -0.265822
v 0.546635 -0.360565 -0.279509
v 0.546977 -0.360566 -0.290495
v 0.559831 -0.360565 -0.313569
v 0.569425 -0.360566 -0.319295
v 0.569425 -0.487437 -0.319295
v 0.559831 -0.487437 -0.313569
v 0.546977 -0.487437 -0.290495
v 0.546635 -0.487437 -0.279509
v 0.570503 -0.487437 -0.265822
v 0.580401 -0.487437 -0.265727
v 0.598577 -0.487437 -0.296877
v 0.592868 -0.487437 -0.305761
v 0.592868 -0.384278 -0.305761
v 0.598577 -0.384278 -0.296877
v 0.580401 -0.384278 -0.265727
v 0.570503 -0.384278 -0.265822
v 0.546635 -0.384278 -0.279509
v 0.546977 -0.384278 -0.290495
v 0.559831 -0.384278 -0.313569
v 0.569425 -0.384278 -0.319295
v 0.603899 -0.356643 -0.297893
v 0.597072 -0.356643 -0.308515
v 0.603899 -0.360566 -0.297893
v 0.597072 -0.360565 -0.308515
v 0.582165 -0.360565 -0.260646
v 0.582165 -0.356643 -0.260646
v 0.570330 -0.356643 -0.260758
v 0.570330 -0.360566 -0.260758
v 0.541790 -0.356643 -0.277125
v 0.541790 -0.360565 -0.277125
v 0.542198 -0.360566 -0.290261
v 0.542198 -0.356643 -0.290261
v 0.557568 -0.356643 -0.317852
v 0.557568 -0.360565 -0.317852
v 0.569041 -0.360566 -0.324699
v 0.569041 -0.356643 -0.324699
v 0.602157 -0.642322 -0.297561
v 0.595696 -0.642322 -0.307614
v 0.602157 -0.646555 -0.297561
v 0.595696 -0.646555 -0.307614
v 0.569167 -0.642322 -0.322930
v 0.569167 -0.646555 -0.322930
v 0.558309 -0.646555 -0.316450
v 0.558309 -0.642322 -0.316450
v 0.543762 -0.642322 -0.290338
v 0.543762 -0.646555 -0.290338
v 0.543376 -0.646555 -0.277905
v 0.543376 -0.642322 -0.277905
v 0.570387 -0.642322 -0.262416
v 0.570387 -0.646555 -0.262416
v 0.581588 -0.642322 -0.262309
v 0.581588 -0.646555 -0.262309
v 0.587881 -0.487437 -0.261409
v 0.606056 -0.487437 -0.292559
v 0.606056 -0.384278 -0.292559
v 0.587881 -0.384278 -0.261409
v 0.587881 -0.619475 -0.261409
v 0.606056 -0.619475 -0.292559
v 0.606056 -0.511251 -0.292559
v 0.587881 -0.511251 -0.261409
v 0.590763 -0.487437 -0.250790
v 0.616694 -0.487437 -0.295373
v 0.616694 -0.384278 -0.295373
v 0.590763 -0.384278 -0.250790
v 0.590763 -0.619475 -0.250790
v 0.616694 -0.619475 -0.295373
v 0.616694 -0.511251 -0.295373
v 0.590763 -0.511251 -0.250790
v 0.616583 -0.384278 -0.265660
v 0.627218 -0.487437 -0.238451
v 0.622624 -0.487437 -0.234944
v 0.616894 -0.487437 -0.235703
v 0.622624 -0.384278 -0.234944
v 0.627218 -0.384278 -0.238451
v 0.616894 -0.384278 -0.235703
v 0.622624 -0.619475 -0.234944
v 0.616894 -0.619475 -0.235703
v 0.627218 -0.619475 -0.238451
v 0.616894 -0.511251 -0.235703
v 0.622624 -0.511251 -0.234944
v 0.627218 -0.511251 -0.238451
v 0.642826 -0.487437 -0.280286
v 0.646332 -0.487437 -0.275710
v 0.645565 -0.487437 -0.269995
v 0.645565 -0.384278 -0.269995
v 0.646332 -0.384278 -0.275710
v 0.642826 -0.384278 -0.280286
v 0.645565 -0.619475 -0.269995
v 0.642826 -0.619475 -0.280286
v 0.646332 -0.619475 -0.275710
v 0.642826 -0.511251 -0.280286
v 0.646332 -0.511251 -0.275710
v 0.645565 -0.511251 -0.269995
v 0.569425 -0.386015 -0.319295
v 0.559831 -0.386015 -0.313569
v 0.546977 -0.386015 -0.290495
v 0.546635 -0.386015 -0.279509
v 0.570503 -0.386015 -0.265822
v 0.580401 -0.386015 -0.265727
v 0.587881 -0.386015 -0.261409
v 0.590763 -0.386015 -0.250790
v 0.616894 -0.386015 -0.235703
v 0.622624 -0.386015 -0.234944
v 0.627218 -0.386015 -0.238451
v 0.645565 -0.386015 -0.269995
v 0.646332 -0.386015 -0.275710
v 0.642826 -0.386015 -0.280286
v 0.616694 -0.386015 -0.295373
v 0.606056 -0.386015 -0.292559
v 0.598577 -0.386015 -0.296877
v 0.592868 -0.386015 -0.305761
v 0.592868 -0.617932 -0.305761
v 0.598577 -0.617932 -0.296877
v 0.606056 -0.617932 -0.292559
v 0.616694 -0.617932 -0.295373
v 0.642826 -0.617932 -0.280286
v 0.646332 -0.617932 -0.275710
v 0.645565 -0.617932 -0.269995
v 0.627218 -0.617932 -0.238451
v 0.622624 -0.617932 -0.234944
v 0.616894 -0.617932 -0.235703
v 0.590763 -0.617932 -0.250790
v 0.587881 -0.617932 -0.261409
v 0.580401 -0.617932 -0.265727
v 0.570503 -0.617932 -0.265822
v 0.546635 -0.617932 -0.279509
v 0.546977 -0.617932 -0.290495
v 0.559831 -0.617932 -0.313569
v 0.569425 -0.617932 -0.319295
v 0.569425 -0.487002 -0.319295
v 0.559831 -0.487002 -0.313569
v 0.546977 -0.487002 -0.290495
v 0.546635 -0.487002 -0.279509
v 0.570503 -0.487002 -0.265822
v 0.580401 -0.487002 -0.265727
v 0.587881 -0.487002 -0.261409
v 0.590763 -0.487002 -0.250790
v 0.616894 -0.487002 -0.235703
v 0.622624 -0.487002 -0.234944
v 0.627218 -0.487002 -0.238451
v 0.645565 -0.487002 -0.269995
v 0.646332 -0.487002 -0.275710
v 0.642826 -0.487002 -0.280286
v 0.616694 -0.487002 -0.295373
v 0.606056 -0.487002 -0.292559
v 0.598577 -0.487002 -0.296877
v 0.592868 -0.487002 -0.305761
v 0.592868 -0.511760 -0.305761
v 0.598577 -0.511760 -0.296877
v 0.606056 -0.511760 -0.292559
v 0.616694 -0.511760 -0.295373
v 0.642826 -0.511760 -0.280286
v 0.646332 -0.511760 -0.275710
v 0.645565 -0.511760 -0.269995
v 0.627218 -0.511760 -0.238451
v 0.622624 -0.511760 -0.234944
v 0.616894 -0.511760 -0.235703
v 0.590763 -0.511760 -0.250790
v 0.587881 -0.511760 -0.261409
v 0.580401 -0.511760 -0.265727
v 0.570503 -0.511760 -0.265822
v 0.546635 -0.511760 -0.279509
v 0.546977 -0.511760 -0.290495
v 0.559831 -0.511760 -0.313569
v 0.569425 -0.511760 -0.319295
v 0.580834 -0.511251 -0.266468
v 0.588313 -0.511251 -0.262150
v 0.591380 -0.511251 -0.251850
v 0.591380 -0.487437 -0.251850
v 0.588313 -0.487437 -0.262150
v 0.580834 -0.487437 -0.266468
v 0.598040 -0.511251 -0.295957
v 0.598040 -0.487437 -0.295957
v 0.605519 -0.487437 -0.291639
v 0.615928 -0.487437 -0.294056
v 0.615928 -0.511251 -0.294056
v 0.605519 -0.511251 -0.291639
v 0.590510 -0.384278 -0.251723
v 0.590510 -0.386015 -0.251723
v 0.590510 -0.487002 -0.251723
v 0.590510 -0.487437 -0.251723
v 0.591110 -0.487437 -0.252755
v 0.615014 -0.487437 -0.293844
v 0.615760 -0.487437 -0.295126
v 0.615760 -0.487002 -0.295126
v 0.615760 -0.386015 -0.295126
v 0.615760 -0.384278 -0.295126
v 0.630302 -0.469930 -0.243794
v 0.642481 -0.469930 -0.264653
v 0.642481 -0.403086 -0.264653
v 0.630302 -0.403085 -0.243794
v 0.642647 -0.528739 -0.264941
v 0.630136 -0.528739 -0.243505
v 0.630136 -0.600953 -0.243505
v 0.642647 -0.600953 -0.264941
v 0.648538 -0.480179 -0.233265
v 0.660717 -0.480179 -0.254124
v 0.660717 -0.434682 -0.254124
v 0.648538 -0.434682 -0.233265
v 0.660883 -0.520206 -0.254413
v 0.648372 -0.520206 -0.232977
v 0.648372 -0.569358 -0.232977
v 0.660883 -0.569358 -0.254413
v 0.683245 -0.489799 -0.213227
v 0.695423 -0.489799 -0.234087
v 0.704319 -0.479205 -0.228951
v 0.692140 -0.479205 -0.208091
v 0.695590 -0.512195 -0.234375
v 0.683078 -0.512195 -0.212939
v 0.691974 -0.524836 -0.207803
v 0.704485 -0.524836 -0.229239
v 0.709189 -0.483322 -0.197013
v 0.718666 -0.493303 -0.191541
v 0.719256 -0.508099 -0.191200
v 0.710613 -0.519044 -0.196191
v 0.697799 -0.519724 -0.203589
v 0.688322 -0.509743 -0.209060
v 0.687732 -0.494947 -0.209401
v 0.696375 -0.484003 -0.204411
v 0.722305 -0.483322 -0.219730
v 0.731782 -0.493303 -0.214258
v 0.732372 -0.508099 -0.213918
v 0.723729 -0.519044 -0.218908
v 0.710915 -0.519724 -0.226306
v 0.701438 -0.509743 -0.231778
v 0.700848 -0.494947 -0.232119
v 0.709491 -0.484003 -0.227128
v 0.707394 -0.483322 -0.193904
v 0.716871 -0.493303 -0.188432
v 0.701699 -0.501523 -0.197192
v 0.717461 -0.508099 -0.188091
v 0.708818 -0.519044 -0.193082
v 0.696004 -0.519724 -0.200480
v 0.686527 -0.509743 -0.205951
v 0.685937 -0.494947 -0.206292
v 0.694580 -0.484003 -0.201302
v 0.724100 -0.483322 -0.222839
v 0.733577 -0.493303 -0.217367
v 0.718405 -0.501523 -0.226127
v 0.734167 -0.508099 -0.217027
v 0.725524 -0.519044 -0.222017
v 0.712710 -0.519724 -0.229415
v 0.703232 -0.509743 -0.234887
v 0.702643 -0.494947 -0.235228
v 0.711286 -0.484003 -0.230237
v 1.137975 0.329578 -0.045285
v 1.117345 0.329578 -0.085772
v 1.085214 0.329578 -0.117904
v 1.044726 0.329578 -0.138533
v 0.999845 0.329578 -0.145642
v 0.954964 0.329578 -0.138533
v 0.914476 0.329578 -0.117904
v 0.882345 0.329578 -0.085772
v 0.861715 0.329578 -0.045285
v 0.854607 0.329578 -0.000403
v 0.861715 0.329578 0.044478
v 0.882345 0.329578 0.084966
v 0.914476 0.329578 0.117097
v 0.954964 0.329578 0.137726
v 0.999845 0.329578 0.144835
v 1.044726 0.329578 0.137726
v 1.085214 0.329578 0.117097
v 1.117345 0.329578 0.084966
v 1.137975 0.329578 0.044478
v 1.145083 0.329578 -0.000403
v 1.132852 0.405193 -0.043620
v 1.112987 0.405193 -0.082606
v 1.082048 0.405193 -0.113546
v 1.043062 0.405193 -0.133410
v 0.999845 0.405193 -0.140255
v 0.956629 0.405193 -0.133410
v 0.917642 0.405193 -0.113546
v 0.886703 0.405193 -0.082606
v 0.866838 0.405193 -0.043620
v 0.859993 0.405193 -0.000403
v 0.866838 0.405193 0.042813
v 0.886703 0.405193 0.081799
v 0.917642 0.405193 0.112739
v 0.956629 0.405193 0.132603
v 0.999845 0.405193 0.139448
v 1.043062 0.405193 0.132603
v 1.082048 0.405193 0.112739
v 1.112987 0.405193 0.081799
v 1.132852 0.405193 0.042813
v 1.139697 0.405193 -0.000403
v 1.124454 0.477034 -0.040891
v 1.105844 0.477034 -0.077416
v 1.076858 0.477034 -0.106402
v 1.040333 0.477034 -0.125012
v 0.999845 0.477034 -0.131425
v 0.959357 0.477034 -0.125012
v 0.922833 0.477034 -0.106402
v 0.893847 0.477034 -0.077416
v 0.875236 0.477034 -0.040891
v 0.868824 0.477034 -0.000403
v 0.875236 0.477034 0.040084
v 0.893847 0.477034 0.076609
v 0.922833 0.477034 0.105595
v 0.959357 0.477034 0.124205
v 0.999845 0.477034 0.130618
v 1.040333 0.477034 0.124205
v 1.076858 0.477034 0.105595
v 1.105844 0.477034 0.076609
v 1.124454 0.477034 0.040084
v 1.130866 0.477034 -0.000403
v 1.112987 0.543338 -0.037166
v 1.096090 0.543338 -0.070329
v 1.069771 0.543338 -0.096648
v 1.036607 0.543338 -0.113546
v 0.999845 0.543338 -0.119368
v 0.963083 0.543338 -0.113546
v 0.929919 0.543338 -0.096648
v 0.903600 0.543338 -0.070329
v 0.886703 0.543338 -0.037166
v 0.880880 0.543338 -0.000403
v 0.886703 0.543338 0.036359
v 0.903600 0.543338 0.069522
v 0.929919 0.543338 0.095841
v 0.963083 0.543338 0.112739
v 0.999845 0.543338 0.118561
v 1.036607 0.543338 0.112739
v 1.069771 0.543338 0.095841
v 1.096090 0.543338 0.069522
v 1.112987 0.543338 0.036359
v 1.118810 0.543338 -0.000403
v 1.098735 0.602469 -0.032535
v 1.083966 0.602469 -0.061521
v 1.060963 0.602469 -0.084524
v 1.031976 0.602469 -0.099294
v 0.999845 0.602469 -0.104383
v 0.967714 0.602469 -0.099294
v 0.938728 0.602469 -0.084524
v 0.915724 0.602469 -0.061521
v 0.900955 0.602469 -0.032535
v 0.895866 0.602469 -0.000403
v 0.900955 0.602469 0.031728
v 0.915724 0.602469 0.060714
v 0.938728 0.602469 0.083717
v 0.967714 0.602469 0.098487
v 0.999845 0.602469 0.103576
v 1.031976 0.602469 0.098487
v 1.060963 0.602469 0.083717
v 1.083966 0.602469 0.060714
v 1.098735 0.602469 0.031728
v 1.103824 0.602469 -0.000403
v 1.082048 0.652972 -0.027113
v 1.069771 0.652972 -0.051208
v 1.050649 0.652972 -0.070329
v 1.026554 0.652972 -0.082606
v 0.999845 0.652972 -0.086837
v 0.973136 0.652972 -0.082606
v 0.949041 0.652972 -0.070329
v 0.929919 0.652972 -0.051208
v 0.917642 0.652972 -0.027113
v 0.913412 0.652972 -0.000403
v 0.917642 0.652972 0.026306
v 0.929919 0.652972 0.050401
v 0.949041 0.652972 0.069522
v 0.973136 0.652972 0.081799
v 0.999845 0.652972 0.086030
v 1.026554 0.652972 0.081799
v 1.050649 0.652972 0.069522
v 1.069771 0.652972 0.050401
v 1.082048 0.652972 0.026306
v 1.086278 0.652972 -0.000403
v 1.063336 0.693602 -0.021033
v 1.053854 0.693602 -0.039643
v 1.039085 0.693602 -0.054412
v 1.020475 0.693602 -0.063895
v 0.999845 0.693602 -0.067162
v 0.979216 0.693602 -0.063895
v 0.960605 0.693602 -0.054412
v 0.945836 0.693602 -0.039643
v 0.936354 0.693602 -0.021033
v 0.933086 0.693602 -0.000403
v 0.936354 0.693602 0.020226
v 0.945836 0.693602 0.038836
v 0.960605 0.693602 0.053606
v 0.979216 0.693602 0.063088
v 0.999845 0.693602 0.066355
v 1.020475 0.693602 0.063088
v 1.039085 0.693602 0.053606
v 1.053854 0.693602 0.038836
v 1.063336 0.693602 0.020226
v 1.066604 0.693602 -0.000403
v 1.043062 0.723360 -0.014445
v 1.036607 0.723360 -0.027113
v 1.026554 0.723360 -0.037166
v 1.013887 0.723360 -0.043620
v 0.999845 0.723360 -0.045844
v 0.985803 0.723360 -0.043620
v 0.973136 0.723360 -0.037166
v 0.963083 0.723360 -0.027113
v 0.956629 0.723360 -0.014445
v 0.954405 0.723360 -0.000403
v 0.956629 0.723360 0.013638
v 0.963083 0.723360 0.026306
v 0.973136 0.723360 0.036359
v 0.985803 0.723360 0.042813
v 0.999845 0.723360 0.045037
v 1.013887 0.723360 0.042813
v 1.026554 0.723360 0.036359
v 1.036607 0.723360 0.026306
v 1.043062 0.723360 0.013638
v 1.045286 0.723360 -0.000403
v 1.021723 0.741514 -0.007512
v 1.018455 0.741514 -0.013925
v 1.013366 0.741514 -0.019014
v 1.006954 0.741514 -0.022281
v 0.999845 0.741514 -0.023407
v 0.992737 0.741514 -0.022281
v 0.986324 0.741514 -0.019014
v 0.981235 0.741514 -0.013925
v 0.977967 0.741514 -0.007512
v 0.976842 0.741514 -0.000403
v 0.977967 0.741514 0.006705
v 0.981235 0.741514 0.013118
v 0.986324 0.741514 0.018207
v 0.992737 0.741514 0.021474
v 0.999845 0.741514 0.022600
v 1.006954 0.741514 0.021474
v 1.013366 0.741514 0.018207
v 1.018455 0.741514 0.013118
v 1.021723 0.741514 0.006705
v 1.022849 0.741514 -0.000403
v 0.999845 0.747615 -0.000403
v 1.139351 0.330748 -0.045732
v 1.118516 0.330748 -0.086623
v 1.114135 0.406745 -0.083440
v 1.134201 0.406745 -0.044058
v 1.086064 0.330748 -0.119074
v 1.082882 0.406745 -0.114693
v 1.045173 0.330748 -0.139909
v 1.043500 0.406745 -0.134759
v 0.999845 0.330748 -0.147089
v 0.999845 0.406745 -0.141674
v 0.954517 0.330748 -0.139909
v 0.956190 0.406745 -0.134759
v 0.913626 0.330748 -0.119074
v 0.916809 0.406745 -0.114693
v 0.881174 0.330748 -0.086623
v 0.885555 0.406745 -0.083440
v 0.860339 0.330748 -0.045732
v 0.865489 0.406745 -0.044058
v 0.853160 0.330748 -0.000403
v 0.858575 0.406745 -0.000403
v 0.860339 0.330748 0.044925
v 0.865489 0.406745 0.043251
v 0.881174 0.330748 0.085816
v 0.885555 0.406745 0.082633
v 0.913626 0.330748 0.118267
v 0.916809 0.406745 0.113887
v 0.954517 0.330748 0.139102
v 0.956190 0.406745 0.133953
v 0.999845 0.330748 0.146282
v 0.999845 0.406745 0.140867
v 1.045173 0.330748 0.139102
v 1.043500 0.406745 0.133953
v 1.086064 0.330748 0.118267
v 1.082882 0.406745 0.113887
v 1.118516 0.330748 0.085816
v 1.114135 0.406745 0.082633
v 1.139351 0.330748 0.044925
v 1.134201 0.406745 0.043251
v 1.146530 0.330748 -0.000403
v 1.141115 0.406745 -0.000403
v 1.106917 0.479314 -0.078196
v 1.125716 0.479314 -0.041301
v 1.077638 0.479314 -0.107476
v 1.040743 0.479314 -0.126274
v 0.999845 0.479314 -0.132752
v 0.958947 0.479314 -0.126274
v 0.922053 0.479314 -0.107476
v 0.892773 0.479314 -0.078196
v 0.873974 0.479314 -0.041301
v 0.867497 0.479314 -0.000403
v 0.873974 0.479314 0.040495
v 0.892773 0.479314 0.077389
v 0.922053 0.479314 0.106669
v 0.958947 0.479314 0.125468
v 0.999845 0.479314 0.131945
v 1.040743 0.479314 0.125468
v 1.077638 0.479314 0.106669
v 1.106917 0.479314 0.077389
v 1.125716 0.479314 0.040495
v 1.132194 0.479314 -0.000403
v 1.097063 0.546284 -0.071036
v 1.114132 0.546284 -0.037537
v 1.070478 0.546284 -0.097621
v 1.036979 0.546284 -0.114690
v 0.999845 0.546284 -0.120571
v 0.962711 0.546284 -0.114690
v 0.929212 0.546284 -0.097621
v 0.902627 0.546284 -0.071036
v 0.885559 0.546284 -0.037537
v 0.879677 0.546284 -0.000403
v 0.885559 0.546284 0.036730
v 0.902627 0.546284 0.070229
v 0.929212 0.546284 0.096814
v 0.962711 0.546284 0.113883
v 0.999845 0.546284 0.119764
v 1.036979 0.546284 0.113883
v 1.070478 0.546284 0.096814
v 1.097063 0.546284 0.070229
v 1.114132 0.546284 0.036730
v 1.120013 0.546284 -0.000403
v 0.571651 -0.641551 -0.374467
v 0.494499 -0.641551 -0.240836
v 0.571651 -0.619350 -0.374467
v 0.494499 -0.619350 -0.240836
v 0.581178 -0.619350 -0.368967
v 0.504026 -0.619350 -0.235336
v 0.581178 -0.641551 -0.368967
v 0.504026 -0.641551 -0.235336
v 0.549113 -0.641551 -0.313428
v 0.536092 -0.641551 -0.290875
v 0.549113 -0.361339 -0.313428
v 0.536092 -0.361339 -0.290875
v 0.558448 -0.361339 -0.308038
v 0.545427 -0.361339 -0.285485
v 0.558448 -0.641551 -0.308038
v 0.545427 -0.641551 -0.285485
v 0.549113 -0.488218 -0.313428
v 0.536092 -0.488218 -0.290875
v 0.545427 -0.488218 -0.285485
v 0.558448 -0.488218 -0.308038
v 0.549113 -0.510442 -0.313428
v 0.536092 -0.510442 -0.290875
v 0.545427 -0.510442 -0.285485
v 0.558448 -0.510442 -0.308038
v 0.558448 -0.383717 -0.308038
v 0.545427 -0.383717 -0.285485
v 0.536092 -0.383717 -0.290875
v 0.549113 -0.383717 -0.313428
v 0.549113 -0.619803 -0.313428
v 0.536092 -0.619803 -0.290875
v 0.545427 -0.619803 -0.285485
v 0.558448 -0.619803 -0.308038
v 0.535759 -0.510442 -0.279519
v 0.545095 -0.510442 -0.274130
v 0.545095 -0.488218 -0.274130
v 0.535759 -0.488218 -0.279519
v 0.568116 -0.510442 -0.314004
v 0.558781 -0.510442 -0.319393
v 0.558781 -0.488218 -0.319393
v 0.568116 -0.488218 -0.314004
v 0.545095 -0.383717 -0.274130
v 0.535759 -0.383717 -0.279519
v 0.545095 -0.361339 -0.274130
v 0.535759 -0.361339 -0.279519
v 0.558781 -0.383717 -0.319393
v 0.568116 -0.383717 -0.314004
v 0.558781 -0.361339 -0.319393
v 0.568116 -0.361339 -0.314004
v 0.545095 -0.641551 -0.274130
v 0.535759 -0.641551 -0.279519
v 0.545095 -0.619803 -0.274130
v 0.535759 -0.619803 -0.279519
v 0.568116 -0.641551 -0.314004
v 0.558781 -0.641551 -0.319393
v 0.558781 -0.619803 -0.319393
v 0.568116 -0.619803 -0.314004
v 0.535427 -0.510442 -0.268164
v 0.544762 -0.510442 -0.262775
v 0.544762 -0.488218 -0.262775
v 0.535427 -0.488218 -0.268164
v 0.577783 -0.510442 -0.319969
v 0.568448 -0.510442 -0.325359
v 0.568448 -0.488218 -0.325359
v 0.577783 -0.488218 -0.319969
v 0.544762 -0.383717 -0.262775
v 0.535427 -0.383717 -0.268164
v 0.544762 -0.361339 -0.262775
v 0.535427 -0.361339 -0.268164
v 0.568448 -0.383717 -0.325359
v 0.577783 -0.383717 -0.319969
v 0.568448 -0.361339 -0.325359
v 0.577783 -0.361339 -0.319969
v 0.544762 -0.641551 -0.262775
v 0.535427 -0.641551 -0.268164
v 0.544762 -0.619803 -0.262775
v 0.535427 -0.619803 -0.268164
v 0.577783 -0.641551 -0.319969
v 0.568448 -0.641551 -0.325359
v 0.568448 -0.619803 -0.325359
v 0.577783 -0.619803 -0.319969
v 0.569097 -0.488218 -0.260272
v 0.569097 -0.510442 -0.260272
v 0.568764 -0.488218 -0.248917
v 0.568764 -0.510442 -0.248917
v 0.592118 -0.488218 -0.300146
v 0.592118 -0.510442 -0.300146
v 0.601786 -0.510442 -0.306111
v 0.601786 -0.488218 -0.306111
v 0.569097 -0.361339 -0.260272
v 0.569097 -0.383717 -0.260272
v 0.568764 -0.361339 -0.248917
v 0.568764 -0.383717 -0.248917
v 0.592118 -0.361339 -0.300146
v 0.592118 -0.383717 -0.300146
v 0.601786 -0.383717 -0.306111
v 0.601786 -0.361339 -0.306111
v 0.569097 -0.619803 -0.260272
v 0.569097 -0.641551 -0.260272
v 0.568764 -0.619803 -0.248917
v 0.568764 -0.641551 -0.248917
v 0.592118 -0.619803 -0.300146
v 0.592118 -0.641551 -0.300146
v 0.601786 -0.641551 -0.306111
v 0.601786 -0.619803 -0.306111
v 0.579092 -0.361339 -0.259979
v 0.579092 -0.383717 -0.259979
v 0.578760 -0.361339 -0.248624
v 0.578760 -0.383717 -0.248624
v 0.597369 -0.361339 -0.291636
v 0.597369 -0.383717 -0.291636
v 0.607037 -0.383717 -0.297601
v 0.607037 -0.361339 -0.297601
v 0.585598 -0.361339 -0.271247
v 0.585598 -0.383717 -0.271247
v 0.588825 -0.361339 -0.266057
v 0.588825 -0.383717 -0.266057
v 0.590864 -0.361339 -0.280368
v 0.590864 -0.383717 -0.280368
v 0.596972 -0.383717 -0.280168
v 0.596972 -0.361339 -0.280168
v 0.579092 -0.488218 -0.259979
v 0.579092 -0.510442 -0.259979
v 0.578760 -0.488218 -0.248624
v 0.578760 -0.510442 -0.248624
v 0.597369 -0.488218 -0.291636
v 0.597369 -0.510442 -0.291636
v 0.607037 -0.510442 -0.297601
v 0.607037 -0.488218 -0.297601
v 0.579093 -0.619803 -0.259979
v 0.579093 -0.641551 -0.259979
v 0.578760 -0.619803 -0.248624
v 0.578760 -0.641551 -0.248624
v 0.597369 -0.619803 -0.291636
v 0.597369 -0.641551 -0.291636
v 0.607037 -0.641551 -0.297601
v 0.607037 -0.619803 -0.297601
v 0.585165 -0.488218 -0.270497
v 0.585165 -0.510442 -0.270497
v 0.588155 -0.488218 -0.264896
v 0.588155 -0.510442 -0.264896
v 0.591297 -0.488218 -0.281118
v 0.591297 -0.510442 -0.281118
v 0.597642 -0.510442 -0.281329
v 0.597642 -0.488218 -0.281329
v 0.585243 -0.619803 -0.270631
v 0.585243 -0.641551 -0.270631
v 0.588275 -0.619803 -0.265105
v 0.588275 -0.641551 -0.265105
v 0.591219 -0.619803 -0.280984
v 0.591219 -0.641551 -0.280984
v 0.597522 -0.641551 -0.281121
v 0.597522 -0.619803 -0.281121
v 0.705697 -0.479506 -0.171358
v 0.715005 -0.488079 -0.165984
v 0.720171 -0.500464 -0.163001
v 0.720171 -0.514214 -0.163001
v 0.715005 -0.526600 -0.165984
v 0.705697 -0.535172 -0.171358
v 0.694089 -0.538231 -0.178060
v 0.682481 -0.535172 -0.184762
v 0.673173 -0.526600 -0.190136
v 0.668007 -0.514214 -0.193119
v 0.668007 -0.500464 -0.193119
v 0.673173 -0.488079 -0.190136
v 0.682481 -0.479506 -0.184762
v 0.694089 -0.476447 -0.178060
v 0.716007 -0.479506 -0.189217
v 0.725316 -0.488079 -0.183842
v 0.730482 -0.500464 -0.180860
v 0.730482 -0.514214 -0.180860
v 0.725316 -0.526600 -0.183842
v 0.716007 -0.535172 -0.189217
v 0.704400 -0.538231 -0.195919
v 0.692792 -0.535172 -0.202620
v 0.683483 -0.526600 -0.207995
v 0.678317 -0.514214 -0.210977
v 0.678317 -0.500464 -0.210977
v 0.683483 -0.488079 -0.207995
v 0.692792 -0.479506 -0.202620
v 0.704400 -0.476447 -0.195919
v 0.694089 -0.507339 -0.178060
v 0.704400 -0.507339 -0.195919
v 0.709492 -0.474011 -0.169167
v 0.718801 -0.482582 -0.163793
v 0.729112 -0.482582 -0.181651
v 0.719803 -0.474011 -0.187026
v 0.726259 -0.500464 -0.159487
v 0.726259 -0.514214 -0.159487
v 0.736570 -0.514214 -0.177345
v 0.736570 -0.500464 -0.177345
v 0.718801 -0.532095 -0.163793
v 0.709492 -0.540668 -0.169167
v 0.719803 -0.540668 -0.187025
v 0.729112 -0.532095 -0.181651
v 0.692734 -0.545084 -0.178842
v 0.681127 -0.542024 -0.185544
v 0.691437 -0.542024 -0.203402
v 0.703045 -0.545084 -0.196701
v 0.667688 -0.529649 -0.193303
v 0.662522 -0.517264 -0.196285
v 0.672833 -0.517264 -0.214144
v 0.677999 -0.529649 -0.211161
v 0.662522 -0.497415 -0.196285
v 0.667688 -0.485028 -0.193303
v 0.677999 -0.485028 -0.211161
v 0.672833 -0.497415 -0.214144
v 0.681127 -0.472653 -0.185544
v 0.692734 -0.469594 -0.178842
v 0.703045 -0.469594 -0.196701
v 0.691437 -0.472653 -0.203402
v 0.732538 -0.479506 -0.217848
v 0.741846 -0.488079 -0.212474
v 0.747012 -0.500464 -0.209491
v 0.747012 -0.514214 -0.209491
v 0.741846 -0.526600 -0.212474
v 0.732538 -0.535172 -0.217848
v 0.720930 -0.538231 -0.224550
v 0.709322 -0.535172 -0.231251
v 0.700013 -0.526600 -0.236626
v 0.694847 -0.514214 -0.239608
v 0.694847 -0.500464 -0.239608
v 0.700013 -0.488079 -0.236626
v 0.709322 -0.479506 -0.231252
v 0.720930 -0.476447 -0.224550
v 0.742848 -0.479506 -0.235707
v 0.752157 -0.488079 -0.230332
v 0.757323 -0.500464 -0.227350
v 0.757323 -0.514214 -0.227350
v 0.752157 -0.526600 -0.230332
v 0.742848 -0.535172 -0.235707
v 0.731240 -0.538231 -0.242408
v 0.719633 -0.535172 -0.249110
v 0.710324 -0.526600 -0.254484
v 0.705158 -0.514214 -0.257467
v 0.705158 -0.500464 -0.257467
v 0.710324 -0.488079 -0.254484
v 0.719633 -0.479506 -0.249110
v 0.731240 -0.476447 -0.242408
v 0.720930 -0.507339 -0.224550
v 0.731240 -0.507339 -0.242408
v 0.736333 -0.474011 -0.215657
v 0.745642 -0.482582 -0.210282
v 0.755952 -0.482582 -0.228141
v 0.746644 -0.474011 -0.233515
v 0.753100 -0.500464 -0.205976
v 0.753100 -0.514214 -0.205976
v 0.763410 -0.514214 -0.223835
v 0.763410 -0.500464 -0.223835
v 0.745642 -0.532095 -0.210282
v 0.736333 -0.540668 -0.215657
v 0.746644 -0.540668 -0.233515
v 0.755952 -0.532095 -0.228141
v 0.719575 -0.545084 -0.225332
v 0.707967 -0.542024 -0.232034
v 0.718278 -0.542024 -0.249892
v 0.729886 -0.545084 -0.243190
v 0.694529 -0.529649 -0.239792
v 0.689363 -0.517264 -0.242775
v 0.699673 -0.517264 -0.260634
v 0.704839 -0.529649 -0.257651
v 0.689363 -0.497415 -0.242775
v 0.694529 -0.485028 -0.239792
v 0.704839 -0.485028 -0.257651
v 0.699673 -0.497415 -0.260634
v 0.707967 -0.472653 -0.232034
v 0.719575 -0.469594 -0.225332
v 0.729886 -0.469594 -0.243190
v 0.718278 -0.472653 -0.249892
v 0.704926 -0.509843 -0.199040
v 0.706866 -0.510579 -0.198497
v 0.708882 -0.511277 -0.198281
v 0.710925 -0.511923 -0.198396
v 0.712943 -0.512498 -0.198839
v 0.714887 -0.512990 -0.199600
v 0.716709 -0.513384 -0.200659
v 0.718365 -0.513674 -0.201991
v 0.719813 -0.513852 -0.203563
v 0.721019 -0.513911 -0.205336
v 0.721951 -0.513852 -0.207267
v 0.722588 -0.513674 -0.209307
v 0.722914 -0.513384 -0.211407
v 0.722920 -0.512990 -0.213515
v 0.722607 -0.512498 -0.215579
v 0.721982 -0.511923 -0.217548
v 0.721060 -0.511277 -0.219374
v 0.719865 -0.510579 -0.221012
v 0.718425 -0.509843 -0.222421
v 0.716777 -0.509090 -0.223567
v 0.714960 -0.508335 -0.224422
v 0.713020 -0.507600 -0.224964
v 0.711004 -0.506900 -0.225180
v 0.708962 -0.506255 -0.225065
v 0.706944 -0.505679 -0.224622
v 0.705000 -0.505189 -0.223861
v 0.703177 -0.504794 -0.222802
v 0.701521 -0.504503 -0.221470
v 0.700073 -0.504328 -0.219898
v 0.698868 -0.504267 -0.218125
v 0.697935 -0.504328 -0.216195
v 0.697298 -0.504503 -0.214155
v 0.696972 -0.504794 -0.212055
v 0.696966 -0.505189 -0.209947
v 0.697279 -0.505679 -0.207883
v 0.697904 -0.506255 -0.205913
v 0.698826 -0.506900 -0.204087
v 0.700021 -0.507600 -0.202450
v 0.701461 -0.508335 -0.201040
v 0.703109 -0.509090 -0.199894
v 0.870571 -0.002480 -0.103405
v 0.872511 -0.003215 -0.102863
v 0.874527 -0.003914 -0.102646
v 0.876569 -0.004559 -0.102761
v 0.878587 -0.005135 -0.103204
v 0.880531 -0.005626 -0.103965
v 0.882354 -0.006021 -0.105025
v 0.884010 -0.006311 -0.106357
v 0.885458 -0.006489 -0.107928
v 0.886663 -0.006548 -0.109701
v 0.887596 -0.006489 -0.111632
v 0.888233 -0.006311 -0.113672
v 0.888559 -0.006021 -0.115772
v 0.888565 -0.005626 -0.117880
v 0.888252 -0.005135 -0.119944
v 0.887627 -0.004559 -0.121913
v 0.886705 -0.003914 -0.123739
v 0.885510 -0.003215 -0.125377
v 0.884070 -0.002480 -0.126786
v 0.882422 -0.001727 -0.127932
v 0.880605 -0.000971 -0.128787
v 0.878665 -0.000237 -0.129329
v 0.876649 0.000463 -0.129545
v 0.874606 0.001108 -0.129430
v 0.872588 0.001684 -0.128987
v 0.870644 0.002174 -0.128226
v 0.868822 0.002569 -0.127167
v 0.867166 0.002860 -0.125835
v 0.865718 0.003035 -0.124263
v 0.864512 0.003096 -0.122490
v 0.863579 0.003035 -0.120560
v 0.862942 0.002860 -0.118520
v 0.862617 0.002569 -0.116420
v 0.862611 0.002174 -0.114312
v 0.862924 0.001684 -0.112248
v 0.863549 0.001108 -0.110278
v 0.864471 0.000463 -0.108452
v 0.865666 -0.000237 -0.106815
v 0.867105 -0.000971 -0.105405
v 0.868754 -0.001727 -0.104259
v 0.709943 -0.509090 -0.211731
v 0.875588 -0.001727 -0.116096
vt 0.258446 0.040188
vt 0.259251 0.070809
vt 0.159939 0.072593
vt 0.048206 0.111590
vt 0.162174 0.109424
vt 0.161338 0.146313
vt 0.458486 0.103816
vt 0.359167 0.142991
vt 0.357316 0.105727
vt 0.260645 0.144333
vt 0.261000 0.174965
vt 0.357756 0.068421
vt 0.260197 0.107566
vt 0.238886 0.214683
vt 0.355251 0.249180
vt 0.238174 0.248187
vt 0.487036 0.287942
vt 0.353884 0.321714
vt 0.351367 0.285388
vt 0.000556 0.278762
vt 0.122580 0.281062
vt 0.119851 0.317702
vt 0.236299 0.351787
vt 0.236853 0.318278
vt 0.121234 0.244346
vt 0.237341 0.283229
vt 0.129848 0.042053
vt 0.244627 0.000937
vt 0.252449 0.015858
vt 0.136399 0.056545
vt 0.132429 0.177973
vt 0.001321 0.132635
vt 0.004756 0.115605
vt 0.138426 0.163243
vt 0.504129 0.120796
vt 0.388961 0.173916
vt 0.382702 0.159233
vt 0.499213 0.104027
vt 0.248682 0.214714
vt 0.255933 0.199507
vt 0.270467 0.000556
vt 0.386357 0.036393
vt 0.380657 0.051302
vt 0.263381 0.015723
vt 0.274513 0.214115
vt 0.266858 0.199227
vt 0.000556 0.092338
vt 0.004636 0.109226
vt 0.503451 0.085123
vt 0.499172 0.102066
vt 0.257984 0.022687
vt 0.148405 0.060576
vt 0.027765 0.111977
vt 0.150269 0.158760
vt 0.369946 0.156301
vt 0.476515 0.103475
vt 0.261203 0.192471
vt 0.368021 0.054714
vt 0.986731 0.109155
vt 0.984697 0.058588
vt 0.991973 0.058314
vt 0.994005 0.108869
vt 0.995578 0.058167
vt 0.997609 0.108727
vt 0.990435 0.004162
vt 0.991853 0.054732
vt 0.984576 0.054959
vt 0.983156 0.004365
vt 0.983128 0.109297
vt 0.981090 0.058737
vt 0.983057 0.000759
vt 0.990335 0.000556
vt 0.161471 0.924505
vt 0.212020 0.921847
vt 0.212349 0.929119
vt 0.161836 0.931775
vt 0.212548 0.932719
vt 0.162017 0.935380
vt 0.266446 0.928117
vt 0.215887 0.928997
vt 0.215693 0.921720
vt 0.266319 0.920838
vt 0.161290 0.920904
vt 0.211821 0.918242
vt 0.269926 0.920777
vt 0.270052 0.928056
vt 0.331284 0.964391
vt 0.331403 0.955585
vt 0.332062 0.955617
vt 0.331940 0.964376
vt 0.331579 0.977148
vt 0.331250 0.968114
vt 0.331939 0.968060
vt 0.332068 0.977106
vt 0.331479 0.951804
vt 0.332057 0.942927
vt 0.332548 0.942983
vt 0.332167 0.951876
vt 0.940470 0.832558
vt 0.942380 0.835448
vt 0.936553 0.845740
vt 0.933307 0.845750
vt 0.925422 0.841364
vt 0.925487 0.837761
vt 0.929603 0.830140
vt 0.932725 0.828221
vt 0.332378 0.939527
vt 0.332749 0.939534
vt 0.331791 0.980338
vt 0.332166 0.980343
vt 0.662335 0.078523
vt 0.665467 0.080424
vt 0.669625 0.088022
vt 0.669710 0.091626
vt 0.661849 0.096055
vt 0.658603 0.096062
vt 0.652720 0.085803
vt 0.654614 0.082903
vt 0.408381 0.952987
vt 0.408361 0.944088
vt 0.408816 0.944054
vt 0.408959 0.952951
vt 0.408915 0.956703
vt 0.408353 0.956710
vt 0.408228 0.965442
vt 0.408788 0.965465
vt 0.408728 0.969158
vt 0.408151 0.969103
vt 0.407874 0.978142
vt 0.408325 0.978190
vt 0.407744 0.981382
vt 0.408111 0.981393
vt 0.408324 0.940627
vt 0.408689 0.940626
vt 0.415913 0.939951
vt 0.416285 0.943512
vt 0.416522 0.952717
vt 0.416419 0.956729
vt 0.416284 0.965659
vt 0.416282 0.969607
vt 0.415780 0.978956
vt 0.415304 0.982291
vt 0.939332 0.847315
vt 0.945159 0.837024
vt 0.951680 0.840716
vt 0.945853 0.851008
vt 0.417339 0.942994
vt 0.416813 0.939222
vt 0.418158 0.938949
vt 0.418719 0.942787
vt 0.417612 0.952698
vt 0.419002 0.952668
vt 0.418778 0.956511
vt 0.417390 0.956457
vt 0.417235 0.965963
vt 0.418624 0.965950
vt 0.418754 0.969729
vt 0.417365 0.969665
vt 0.416827 0.979517
vt 0.418200 0.979773
vt 0.416182 0.983015
vt 0.417515 0.983347
vt 0.943551 0.835209
vt 0.944761 0.835895
vt 0.938167 0.847542
vt 0.936957 0.846857
vt 0.321589 0.940592
vt 0.322693 0.936650
vt 0.323890 0.937082
vt 0.322844 0.940942
vt 0.656893 0.098366
vt 0.649856 0.086100
vt 0.650976 0.085457
vt 0.658011 0.097725
vt 0.322053 0.982935
vt 0.321037 0.979228
vt 0.322299 0.978902
vt 0.323254 0.982510
vt 0.320356 0.968640
vt 0.321654 0.968594
vt 0.322090 0.964832
vt 0.320810 0.964761
vt 0.320909 0.954931
vt 0.322192 0.954896
vt 0.321898 0.951058
vt 0.320600 0.950966
vt 0.373338 0.952625
vt 0.373286 0.956265
vt 0.365434 0.956150
vt 0.365510 0.952504
vt 0.365312 0.964792
vt 0.373163 0.964900
vt 0.373112 0.968481
vt 0.365285 0.968379
vt 0.365222 0.977390
vt 0.372989 0.977490
vt 0.365230 0.980627
vt 0.372919 0.980731
vt 0.917586 0.880056
vt 0.910040 0.878032
vt 0.912945 0.867219
vt 0.920485 0.869242
vt 0.365701 0.943643
vt 0.365806 0.940190
vt 0.373494 0.940306
vt 0.373468 0.943764
vt 0.324355 0.941838
vt 0.325072 0.938298
vt 0.648410 0.101913
vt 0.642523 0.091655
vt 0.649271 0.087782
vt 0.655158 0.098040
vt 0.324464 0.981366
vt 0.323845 0.978025
vt 0.323336 0.968546
vt 0.323503 0.964428
vt 0.323616 0.955336
vt 0.323584 0.951147
vt 0.653242 0.081990
vt 0.661893 0.097717
vt 0.671292 0.092419
vt 0.671192 0.088111
vt 0.666220 0.079025
vt 0.662474 0.076752
vt 0.941389 0.831939
vt 0.932624 0.827030
vt 0.929092 0.829202
vt 0.924433 0.837826
vt 0.924361 0.841904
vt 0.933284 0.846867
vt 0.920326 0.880775
vt 0.923223 0.869960
vt 0.332697 0.936722
vt 0.332132 0.936732
vt 0.645942 0.103314
vt 0.640056 0.093056
vt 0.332034 0.983153
vt 0.331470 0.983125
vt 0.954151 0.842100
vt 0.948326 0.852392
vt 0.408446 0.937813
vt 0.408947 0.937832
vt 0.910215 0.866471
vt 0.907307 0.877284
vt 0.407783 0.984200
vt 0.408286 0.984195
vt 0.922190 0.883767
vt 0.922026 0.883504
vt 0.926033 0.868440
vt 0.926304 0.868293
vt 0.332684 0.933145
vt 0.332705 0.933450
vt 0.332131 0.933451
vt 0.332123 0.933142
vt 0.636539 0.101852
vt 0.331375 0.986405
vt 0.331948 0.986424
vt 0.331918 0.986727
vt 0.331357 0.986714
vt 0.957627 0.841132
vt 0.949319 0.855864
vt 0.408529 0.934221
vt 0.409033 0.934229
vt 0.908384 0.863485
vt 0.904194 0.878938
vt 0.407764 0.987793
vt 0.408268 0.987800
vt 0.896656 0.876892
vt 0.900848 0.861439
vt 0.636573 0.092109
vt 0.636878 0.092192
vt 0.645056 0.106486
vt 0.644970 0.106792
vt 0.122731 0.239787
vt 0.122730 0.237891
vt 0.123299 0.237891
vt 0.123300 0.239787
vt 0.122729 0.235995
vt 0.123298 0.235995
vt 0.046164 0.239802
vt 0.046164 0.237906
vt 0.046670 0.237906
vt 0.046671 0.239802
vt 0.046164 0.236010
vt 0.046669 0.236010
vt 0.331796 0.996614
vt 0.331229 0.996608
vt 0.407610 0.997681
vt 0.408113 0.997691
vt 0.364965 0.996949
vt 0.365115 0.987060
vt 0.372847 0.987168
vt 0.372717 0.997061
vt 0.089467 0.236007
vt 0.089468 0.237902
vt 0.081657 0.237903
vt 0.081656 0.236008
vt 0.089469 0.239797
vt 0.081657 0.239798
vt 0.122727 0.224026
vt 0.122727 0.222135
vt 0.123297 0.222135
vt 0.123297 0.224026
vt 0.122726 0.220245
vt 0.123296 0.220245
vt 0.332841 0.923259
vt 0.332274 0.923248
vt 0.408653 0.924333
vt 0.409156 0.924336
vt 0.365877 0.933756
vt 0.366008 0.923867
vt 0.373759 0.923974
vt 0.373608 0.933867
vt 0.046668 0.224041
vt 0.046163 0.224041
vt 0.089466 0.224041
vt 0.081654 0.224042
vt 0.626807 0.098486
vt 0.634483 0.111911
vt 0.967205 0.849326
vt 0.961328 0.859750
vt 0.959837 0.860920
vt 0.957955 0.860696
vt 0.966262 0.845963
vt 0.967431 0.847449
vt 0.089466 0.220260
vt 0.089466 0.222151
vt 0.081655 0.222152
vt 0.081655 0.220261
vt 0.046164 0.222149
vt 0.046669 0.222149
vt 0.046164 0.220259
vt 0.046670 0.220259
vt 0.365347 0.952513
vt 0.365244 0.956150
vt 0.365122 0.964787
vt 0.365123 0.968367
vt 0.365122 0.977377
vt 0.365152 0.980624
vt 0.365147 0.983455
vt 0.365066 0.986736
vt 0.365010 0.987048
vt 0.364880 0.996947
vt 0.089613 0.239797
vt 0.089612 0.237901
vt 0.089611 0.236007
vt 0.089610 0.224041
vt 0.089610 0.222151
vt 0.089609 0.220261
vt 0.365922 0.923865
vt 0.365771 0.933764
vt 0.365818 0.934078
vt 0.365805 0.937363
vt 0.365728 0.940192
vt 0.365600 0.943653
vt 0.373593 0.943765
vt 0.373606 0.940305
vt 0.373633 0.937474
vt 0.373735 0.933867
vt 0.373868 0.923972
vt 0.081488 0.220261
vt 0.081488 0.222152
vt 0.081487 0.224042
vt 0.081488 0.236008
vt 0.081488 0.237903
vt 0.081489 0.239798
vt 0.372828 0.997066
vt 0.372974 0.987172
vt 0.372975 0.983565
vt 0.373030 0.980735
vt 0.373112 0.977493
vt 0.373296 0.968485
vt 0.373368 0.964903
vt 0.373491 0.956267
vt 0.373523 0.952627
vt 0.365289 0.983455
vt 0.365204 0.986752
vt 0.365957 0.934067
vt 0.365947 0.937365
vt 0.373467 0.937473
vt 0.372809 0.983562
vt 0.909968 0.878304
vt 0.907234 0.877556
vt 0.904089 0.879326
vt 0.896552 0.877279
vt 0.921925 0.883883
vt 0.922087 0.884156
vt 0.917513 0.880327
vt 0.920253 0.881047
vt 0.913035 0.866882
vt 0.920575 0.868904
vt 0.923313 0.869623
vt 0.926158 0.867969
vt 0.926432 0.867810
vt 0.900979 0.860957
vt 0.908515 0.863003
vt 0.910306 0.866134
vt 0.632985 0.110750
vt 0.627045 0.100362
vt 0.636363 0.111676
vt 0.627968 0.096993
vt 0.095209 0.226063
vt 0.095210 0.233983
vt 0.117130 0.226052
vt 0.117130 0.233973
vt 0.075918 0.234095
vt 0.075917 0.225956
vt 0.052237 0.234096
vt 0.052236 0.225955
vt 0.037236 0.602892
vt 0.042821 0.608509
vt 0.037399 0.613948
vt 0.031815 0.608331
vt 0.731047 0.287297
vt 0.752961 0.287826
vt 0.742437 0.294480
vt 0.727522 0.294119
vt 0.768156 0.323125
vt 0.768192 0.331046
vt 0.755738 0.331069
vt 0.755706 0.323148
vt 0.752017 0.367203
vt 0.730096 0.367179
vt 0.726744 0.360270
vt 0.741664 0.360287
vt 0.006311 0.645075
vt 0.000556 0.639320
vt 0.005847 0.634075
vt 0.011603 0.639830
vt 0.708975 0.367126
vt 0.685294 0.366951
vt 0.695706 0.360124
vt 0.711824 0.360242
vt 0.669633 0.330979
vt 0.669680 0.322841
vt 0.682130 0.322879
vt 0.682085 0.331018
vt 0.686691 0.285873
vt 0.710357 0.286719
vt 0.712906 0.293719
vt 0.696799 0.293144
vt 0.027858 0.623523
vt 0.022277 0.617902
vt 0.727440 0.310635
vt 0.724054 0.307177
vt 0.733693 0.331071
vt 0.733671 0.323150
vt 0.723607 0.347125
vt 0.727081 0.343757
vt 0.015362 0.624642
vt 0.021123 0.630391
vt 0.710424 0.343725
vt 0.714551 0.347115
vt 0.704172 0.322918
vt 0.704123 0.331057
vt 0.715062 0.306945
vt 0.710801 0.310165
vt 0.726425 0.331404
vt 0.721566 0.331395
vt 0.721605 0.322772
vt 0.726459 0.322800
vt 0.716708 0.331335
vt 0.716748 0.322755
vt 0.711851 0.331325
vt 0.711888 0.322725
vt 0.706998 0.331307
vt 0.707030 0.322705
vt 0.016798 0.622872
vt 0.020234 0.619447
vt 0.026310 0.625537
vt 0.022868 0.628968
vt 0.731288 0.331419
vt 0.731313 0.322817
vt 0.721554 0.332603
vt 0.724867 0.336183
vt 0.718922 0.338401
vt 0.716698 0.332481
vt 0.713149 0.335765
vt 0.712970 0.340602
vt 0.716260 0.344169
vt 0.721115 0.344352
vt 0.724686 0.341053
vt 0.725018 0.318101
vt 0.721608 0.321579
vt 0.719134 0.315725
vt 0.716752 0.321595
vt 0.713291 0.318204
vt 0.713244 0.313356
vt 0.716641 0.309888
vt 0.721495 0.309839
vt 0.724972 0.313233
vt 0.725796 0.312381
vt 0.722307 0.309003
vt 0.721906 0.345212
vt 0.725486 0.341929
vt 0.712108 0.341386
vt 0.715381 0.344975
vt 0.715800 0.309065
vt 0.712401 0.312536
vt 0.726423 0.332582
vt 0.711849 0.332501
vt 0.706992 0.332484
vt 0.721070 0.345528
vt 0.716217 0.345345
vt 0.731281 0.332597
vt 0.726464 0.321622
vt 0.711895 0.321549
vt 0.707036 0.321528
vt 0.027141 0.626372
vt 0.023701 0.629801
vt 0.731320 0.321641
vt 0.986851 0.914981
vt 0.985810 0.864388
vt 0.993089 0.864247
vt 0.994128 0.914834
vt 0.996697 0.864172
vt 0.997734 0.914762
vt 0.992262 0.810059
vt 0.993024 0.860649
vt 0.985745 0.860770
vt 0.984982 0.810169
vt 0.983245 0.915055
vt 0.982202 0.864465
vt 0.984928 0.806562
vt 0.992208 0.806452
vt 0.230316 0.858761
vt 0.227092 0.866669
vt 0.195341 0.853789
vt 0.198556 0.845877
vt 0.046250 0.180776
vt 0.050518 0.188173
vt 0.047456 0.189939
vt 0.043188 0.182543
vt 0.582506 0.054178
vt 0.580361 0.062444
vt 0.547201 0.053940
vt 0.549275 0.045656
vt 0.008098 0.894997
vt 0.003831 0.902392
vt 0.000769 0.900627
vt 0.005037 0.893229
vt 0.225766 0.869945
vt 0.194010 0.857064
vt 0.231643 0.855484
vt 0.199886 0.842603
vt 0.237076 0.861533
vt 0.233820 0.869427
vt 0.455588 0.055709
vt 0.455013 0.052787
vt 0.462385 0.052524
vt 0.462020 0.055480
vt 0.540151 0.052194
vt 0.542176 0.043897
vt 0.453501 0.010343
vt 0.453867 0.007389
vt 0.460298 0.007161
vt 0.460872 0.010081
vt 0.270211 0.875265
vt 0.266946 0.883156
vt 0.265594 0.886423
vt 0.232464 0.872690
vt 0.505296 0.043921
vt 0.507242 0.035604
vt 0.271562 0.872000
vt 0.238433 0.858267
vt 0.589609 0.056051
vt 0.587451 0.064311
vt 0.829496 0.989011
vt 0.832465 0.989140
vt 0.831371 0.996491
vt 0.827449 0.995694
vt 0.188543 0.851027
vt 0.191757 0.843115
vt 0.874740 0.988844
vt 0.877706 0.988673
vt 0.879849 0.995326
vt 0.875937 0.996179
vt 0.276801 0.877991
vt 0.273536 0.885882
vt 0.282546 0.958958
vt 0.283500 0.955098
vt 0.290424 0.957103
vt 0.289265 0.959865
vt 0.498351 0.042323
vt 0.500284 0.034009
vt 0.304877 0.916251
vt 0.307624 0.913377
vt 0.311991 0.918563
vt 0.310279 0.921022
vt 0.455047 0.062314
vt 0.451958 0.059952
vt 0.452583 0.055833
vt 0.455142 0.058828
vt 0.546318 0.057558
vt 0.539244 0.055805
vt 0.465942 0.059453
vt 0.463030 0.062029
vt 0.462688 0.058559
vt 0.465025 0.055388
vt 0.449944 0.003416
vt 0.452857 0.000840
vt 0.453199 0.004310
vt 0.450862 0.007479
vt 0.460838 0.000556
vt 0.460744 0.004042
vt 0.463927 0.002917
vt 0.463301 0.007036
vt 0.543088 0.040280
vt 0.550161 0.042039
vt 0.823762 0.985406
vt 0.827066 0.983688
vt 0.830360 0.985903
vt 0.826819 0.987202
vt 0.586498 0.067920
vt 0.579404 0.066037
vt 0.050625 0.191897
vt 0.047563 0.193661
vt 0.820356 0.992130
vt 0.823716 0.993969
vt 0.880058 0.983315
vt 0.883387 0.984985
vt 0.880357 0.986825
vt 0.876798 0.985577
vt 0.886891 0.991658
vt 0.883558 0.993546
vt 0.040018 0.180586
vt 0.043080 0.178820
vt 0.583470 0.050571
vt 0.590561 0.052461
vt 0.003727 0.906116
vt 0.000663 0.904351
vt 0.504469 0.047549
vt 0.497516 0.045962
vt 0.293056 0.964316
vt 0.290120 0.966597
vt 0.289765 0.963064
vt 0.292409 0.960410
vt 0.282801 0.966885
vt 0.282536 0.963064
vt 0.008209 0.891275
vt 0.011269 0.893045
vt 0.314450 0.909344
vt 0.318131 0.915677
vt 0.314959 0.917270
vt 0.311083 0.911167
vt 0.317779 0.919377
vt 0.314136 0.920926
vt 0.501105 0.030391
vt 0.508063 0.031956
vt 0.050732 0.195620
vt 0.047670 0.197385
vt 0.036849 0.178630
vt 0.039910 0.176863
vt 0.003618 0.909840
vt 0.000556 0.908074
vt 0.011381 0.889321
vt 0.014441 0.891091
vt 0.544132 0.066379
vt 0.537058 0.064626
vt 0.462329 0.043553
vt 0.465692 0.045742
vt 0.454427 0.043834
vt 0.451230 0.046258
vt 0.545288 0.031458
vt 0.552359 0.033221
vt 0.453556 0.019313
vt 0.450194 0.017125
vt 0.461457 0.019032
vt 0.464654 0.016610
vt 0.584154 0.076707
vt 0.577064 0.074815
vt 0.039798 0.201927
vt 0.039688 0.198203
vt 0.841146 0.989998
vt 0.840762 0.997232
vt 0.839970 0.986567
vt 0.585825 0.041788
vt 0.592913 0.043690
vt 0.866070 0.989825
vt 0.867199 0.986377
vt 0.866556 0.997052
vt 0.032146 0.185131
vt 0.028977 0.183173
vt 0.502455 0.056409
vt 0.495500 0.054829
vt 0.293492 0.948751
vt 0.295955 0.951710
vt 0.286522 0.946314
vt 0.011599 0.910663
vt 0.011486 0.914387
vt 0.503079 0.021530
vt 0.510042 0.023076
vt 0.022310 0.895636
vt 0.019141 0.897594
vt 0.304870 0.928089
vt 0.299080 0.923507
vt 0.308689 0.928582
vt 0.583306 0.079877
vt 0.576216 0.077981
vt 0.036522 0.202025
vt 0.036408 0.198302
vt 0.844270 0.989713
vt 0.844237 0.997163
vt 0.843376 0.985854
vt 0.586678 0.038621
vt 0.593765 0.040526
vt 0.862943 0.989583
vt 0.863783 0.985712
vt 0.863081 0.997033
vt 0.030419 0.187921
vt 0.027252 0.185959
vt 0.582202 0.083999
vt 0.575114 0.082103
vt 0.033211 0.196315
vt 0.034267 0.194612
vt 0.850914 0.989771
vt 0.850937 0.997111
vt 0.847587 0.987973
vt 0.851861 0.988004
vt 0.587787 0.034500
vt 0.594873 0.036406
vt 0.859601 0.987889
vt 0.856300 0.989735
vt 0.855329 0.987981
vt 0.856379 0.997074
vt 0.032542 0.191622
vt 0.030538 0.191685
vt 0.588684 0.031164
vt 0.595771 0.033072
vt 0.543344 0.069561
vt 0.536270 0.067809
vt 0.465858 0.041130
vt 0.461603 0.040552
vt 0.463796 0.037967
vt 0.454938 0.040788
vt 0.450734 0.041669
vt 0.452566 0.038366
vt 0.546082 0.028274
vt 0.553154 0.030038
vt 0.450026 0.021736
vt 0.454283 0.022315
vt 0.452089 0.024899
vt 0.460946 0.022078
vt 0.465150 0.021196
vt 0.463318 0.024499
vt 0.501730 0.059607
vt 0.494775 0.058029
vt 0.297602 0.948144
vt 0.293874 0.945833
vt 0.297052 0.944541
vt 0.287641 0.942991
vt 0.014880 0.910765
vt 0.014762 0.914488
vt 0.503785 0.018332
vt 0.510749 0.019870
vt 0.024035 0.898422
vt 0.020869 0.900385
vt 0.302609 0.929973
vt 0.296873 0.926227
vt 0.306555 0.931887
vt 0.303216 0.933350
vt 0.542387 0.073427
vt 0.535312 0.071675
vt 0.461791 0.034453
vt 0.463658 0.033397
vt 0.454317 0.034719
vt 0.452379 0.033797
vt 0.547048 0.024410
vt 0.554119 0.026174
vt 0.454093 0.028412
vt 0.452226 0.029468
vt 0.461567 0.028146
vt 0.463505 0.029068
vt 0.548021 0.020508
vt 0.555093 0.022271
vt 0.500837 0.063540
vt 0.493882 0.061963
vt 0.296962 0.940653
vt 0.299088 0.940662
vt 0.290618 0.937230
vt 0.016907 0.907278
vt 0.017899 0.909092
vt 0.504652 0.014395
vt 0.511617 0.015929
vt 0.020930 0.903836
vt 0.018863 0.903884
vt 0.299882 0.935353
vt 0.293597 0.931822
vt 0.301025 0.937145
vt 0.505494 0.010568
vt 0.512459 0.012101
vt 0.316027 0.899776
vt 0.312675 0.902566
vt 0.308244 0.897460
vt 0.311817 0.894485
vt 0.311075 0.904020
vt 0.307964 0.907087
vt 0.303128 0.902361
vt 0.306435 0.899103
vt 0.306482 0.908672
vt 0.303614 0.911982
vt 0.298431 0.907641
vt 0.301465 0.904140
vt 0.302249 0.913686
vt 0.299615 0.917205
vt 0.294147 0.913228
vt 0.296915 0.909531
vt 0.298355 0.919011
vt 0.295930 0.922700
vt 0.290241 0.919046
vt 0.292769 0.915201
vt 0.294761 0.924591
vt 0.292509 0.928412
vt 0.286657 0.925024
vt 0.288984 0.921077
vt 0.291412 0.930369
vt 0.289293 0.934289
vt 0.283328 0.931105
vt 0.285498 0.927090
vt 0.288249 0.936295
vt 0.286228 0.940283
vt 0.280186 0.937247
vt 0.282242 0.933190
vt 0.285222 0.942324
vt 0.283265 0.946361
vt 0.277175 0.943421
vt 0.279153 0.939342
vt 0.282282 0.948426
vt 0.280364 0.952493
vt 0.274246 0.949611
vt 0.276176 0.945520
vt 0.279391 0.954573
vt 0.277490 0.958655
vt 0.271360 0.955799
vt 0.273267 0.951707
vt 0.276521 0.960744
vt 0.274622 0.964832
vt 0.268490 0.961982
vt 0.270389 0.957892
vt 0.327051 0.892666
vt 0.323139 0.894828
vt 0.319656 0.889039
vt 0.323624 0.886826
vt 0.321319 0.895981
vt 0.317741 0.898468
vt 0.313764 0.893001
vt 0.317584 0.890345
vt 0.320318 0.904699
vt 0.321319 0.900308
vt 0.330448 0.904688
vt 0.321323 0.909089
vt 0.324133 0.912611
vt 0.328193 0.914565
vt 0.332702 0.914565
vt 0.336764 0.912607
vt 0.339575 0.909082
vt 0.340577 0.904683
vt 0.339570 0.900287
vt 0.336753 0.896759
vt 0.332687 0.894804
vt 0.328168 0.894788
vt 0.324136 0.896802
vt 0.314042 0.886979
vt 0.309949 0.885082
vt 0.316138 0.877064
vt 0.307081 0.881598
vt 0.306010 0.877217
vt 0.306948 0.872804
vt 0.309707 0.869237
vt 0.313740 0.867221
vt 0.318248 0.867155
vt 0.322336 0.869050
vt 0.325199 0.872531
vt 0.326268 0.876907
vt 0.325330 0.881313
vt 0.322567 0.884863
vt 0.318559 0.886926
vt 0.318069 0.904188
vt 0.319072 0.899793
vt 0.313072 0.889070
vt 0.308981 0.887175
vt 0.322331 0.914049
vt 0.319519 0.910525
vt 0.304842 0.882145
vt 0.303772 0.877765
vt 0.332702 0.916870
vt 0.328193 0.916870
vt 0.305125 0.871394
vt 0.307883 0.867827
vt 0.341376 0.910519
vt 0.338566 0.914044
vt 0.313706 0.864916
vt 0.318215 0.864850
vt 0.341817 0.899774
vt 0.342822 0.904169
vt 0.324116 0.867586
vt 0.326980 0.871069
vt 0.333689 0.892727
vt 0.337751 0.894682
vt 0.328523 0.877386
vt 0.327584 0.881795
vt 0.273652 0.966922
vt 0.267519 0.964073
vt 0.190601 0.885548
vt 0.195054 0.886151
vt 0.194203 0.892876
vt 0.189727 0.892210
vt 0.197284 0.886410
vt 0.201722 0.886840
vt 0.201104 0.893574
vt 0.196561 0.893133
vt 0.203978 0.887022
vt 0.208443 0.887337
vt 0.207986 0.894084
vt 0.203450 0.893764
vt 0.210720 0.887474
vt 0.215206 0.887720
vt 0.214840 0.894472
vt 0.210317 0.894224
vt 0.217500 0.887833
vt 0.222000 0.888049
vt 0.221669 0.894803
vt 0.217157 0.894587
vt 0.224306 0.888156
vt 0.228817 0.888374
vt 0.228473 0.895128
vt 0.223974 0.894910
vt 0.231131 0.888491
vt 0.235648 0.888739
vt 0.235256 0.895489
vt 0.230767 0.895243
vt 0.237967 0.888876
vt 0.242486 0.889171
vt 0.242021 0.895918
vt 0.237541 0.895625
vt 0.244806 0.889337
vt 0.249322 0.889691
vt 0.248772 0.896430
vt 0.244299 0.896080
vt 0.251640 0.889886
vt 0.256151 0.890300
vt 0.255512 0.897032
vt 0.251046 0.896623
vt 0.258465 0.890529
vt 0.262967 0.890999
vt 0.262250 0.897723
vt 0.257785 0.897257
vt 0.265275 0.891254
vt 0.269767 0.891771
vt 0.268989 0.898488
vt 0.264524 0.897974
vt 0.272065 0.892044
vt 0.276548 0.892584
vt 0.275737 0.899298
vt 0.271268 0.898759
vt 0.278839 0.892865
vt 0.283316 0.893415
vt 0.282494 0.900127
vt 0.278021 0.899578
vt 0.195376 0.883883
vt 0.190910 0.883268
vt 0.194497 0.873796
vt 0.199669 0.882506
vt 0.202937 0.879400
vt 0.204532 0.875182
vt 0.204139 0.870690
vt 0.201835 0.866814
vt 0.198078 0.864321
vt 0.193610 0.863706
vt 0.189319 0.865090
vt 0.186053 0.868198
vt 0.184461 0.872415
vt 0.184855 0.876904
vt 0.187157 0.880779
vt 0.189359 0.894403
vt 0.193792 0.895226
vt 0.189661 0.904504
vt 0.197396 0.897957
vt 0.199468 0.901966
vt 0.199596 0.906478
vt 0.197753 0.910596
vt 0.194306 0.913506
vt 0.189939 0.914630
vt 0.185518 0.913749
vt 0.181918 0.911037
vt 0.179850 0.907034
vt 0.179723 0.902530
vt 0.181561 0.898419
vt 0.185003 0.895513
vt 0.285604 0.893696
vt 0.284782 0.900408
vt 0.204525 0.881071
vt 0.201257 0.884177
vt 0.199445 0.896901
vt 0.201515 0.900906
vt 0.206436 0.870489
vt 0.206829 0.874981
vt 0.201699 0.907422
vt 0.199858 0.911537
vt 0.199352 0.862401
vt 0.203110 0.864893
vt 0.194880 0.915739
vt 0.190513 0.916862
vt 0.188611 0.862897
vt 0.192902 0.861513
vt 0.184130 0.915591
vt 0.180530 0.912878
vt 0.182305 0.871602
vt 0.183897 0.867383
vt 0.177546 0.907100
vt 0.177419 0.902593
vt 0.185175 0.881957
vt 0.182872 0.878081
vt 0.180072 0.896659
vt 0.183517 0.893750
vt 0.461187 0.996106
vt 0.461185 0.995402
vt 0.638994 0.995401
vt 0.638997 0.996105
vt 0.461181 0.994702
vt 0.638990 0.994694
vt 0.461176 0.993997
vt 0.638986 0.993991
vt 0.461171 0.993287
vt 0.638980 0.993294
vt 0.461165 0.992584
vt 0.638974 0.992590
vt 0.461159 0.991883
vt 0.638968 0.991883
vt 0.461152 0.991179
vt 0.638961 0.991181
vt 0.461146 0.990476
vt 0.638955 0.990480
vt 0.461141 0.989772
vt 0.638950 0.989777
vt 0.461135 0.989072
vt 0.638945 0.989073
vt 0.461130 0.988372
vt 0.638940 0.988370
vt 0.461125 0.987669
vt 0.638935 0.987670
vt 0.461120 0.986967
vt 0.638930 0.986970
vt 0.461116 0.986264
vt 0.638925 0.986271
vt 0.461111 0.985564
vt 0.638921 0.985571
vt 0.461108 0.984867
vt 0.638917 0.984866
vt 0.461104 0.984168
vt 0.638913 0.984163
vt 0.461099 0.983465
vt 0.638909 0.983465
vt 0.461096 0.982761
vt 0.638905 0.982766
vt 0.461094 0.982057
vt 0.638903 0.982069
vt 0.461090 0.981357
vt 0.638899 0.981367
vt 0.461088 0.980656
vt 0.638897 0.980665
vt 0.461086 0.979956
vt 0.638894 0.979962
vt 0.461084 0.979256
vt 0.638893 0.979259
vt 0.461081 0.978557
vt 0.638890 0.978554
vt 0.461078 0.977857
vt 0.638889 0.977851
vt 0.461078 0.977152
vt 0.638887 0.977151
vt 0.461076 0.976446
vt 0.638885 0.976451
vt 0.461076 0.975743
vt 0.638884 0.975749
vt 0.461074 0.975044
vt 0.638883 0.975044
vt 0.461073 0.974345
vt 0.638882 0.974337
vt 0.461071 0.973643
vt 0.638880 0.973632
vt 0.461070 0.972937
vt 0.638879 0.972930
vt 0.461070 0.972231
vt 0.638879 0.972228
vt 0.461069 0.971530
vt 0.638878 0.971521
vt 0.461068 0.970831
vt 0.638878 0.970812
vt 0.461068 0.970125
vt 0.638877 0.970111
vt 0.461068 0.969417
vt 0.638878 0.969411
vt 0.461190 0.997517
vt 0.461189 0.996813
vt 0.638998 0.996806
vt 0.638999 0.997509
vt 0.015908 0.082305
vt 0.015228 0.082123
vt 0.016717 0.077896
vt 0.016607 0.082377
vt 0.017310 0.082339
vt 0.017998 0.082192
vt 0.018654 0.081938
vt 0.019263 0.081585
vt 0.019809 0.081141
vt 0.020279 0.080617
vt 0.020661 0.080026
vt 0.020945 0.079382
vt 0.021126 0.078702
vt 0.021198 0.078002
vt 0.021160 0.077300
vt 0.021011 0.076611
vt 0.020758 0.075955
vt 0.020403 0.075346
vt 0.019960 0.074801
vt 0.019436 0.074332
vt 0.018845 0.073952
vt 0.018202 0.073667
vt 0.017523 0.073487
vt 0.016823 0.073415
vt 0.016122 0.073453
vt 0.015434 0.073601
vt 0.014779 0.073854
vt 0.014170 0.074207
vt 0.013625 0.074651
vt 0.013156 0.075174
vt 0.012775 0.075764
vt 0.012489 0.076407
vt 0.012308 0.077086
vt 0.012236 0.077785
vt 0.012274 0.078488
vt 0.012421 0.079175
vt 0.012674 0.079831
vt 0.013027 0.080440
vt 0.013470 0.080986
vt 0.013994 0.081456
vt 0.014584 0.081838
vt 0.006524 0.084348
vt 0.005844 0.084529
vt 0.005037 0.080120
vt 0.005144 0.084601
vt 0.004441 0.084563
vt 0.003752 0.084414
vt 0.003097 0.084161
vt 0.002488 0.083807
vt 0.001942 0.083363
vt 0.001474 0.082840
vt 0.001093 0.082249
vt 0.000808 0.081606
vt 0.000628 0.080927
vt 0.000556 0.080227
vt 0.000594 0.079524
vt 0.000742 0.078837
vt 0.000995 0.078181
vt 0.001349 0.077573
vt 0.001793 0.077028
vt 0.002316 0.076559
vt 0.002906 0.076177
vt 0.003549 0.075892
vt 0.004228 0.075711
vt 0.004927 0.075639
vt 0.005630 0.075678
vt 0.006317 0.075824
vt 0.006973 0.076077
vt 0.007581 0.076430
vt 0.008127 0.076873
vt 0.008597 0.077398
vt 0.008979 0.077988
vt 0.009265 0.078631
vt 0.009446 0.079311
vt 0.009518 0.080011
vt 0.009479 0.080714
vt 0.009332 0.081402
vt 0.009078 0.082058
vt 0.008725 0.082667
vt 0.008281 0.083212
vt 0.007758 0.083682
vt 0.007167 0.084064
vn 0.137331 -0.000073 -0.990525
vn -0.150364 -0.000366 -0.988631
vn 0.231408 0.243055 -0.942006
vn -0.845124 0.512165 -0.153142
vn -0.929861 0.319951 -0.181630
vn -0.933755 0.308779 -0.180992
vn -0.930900 -0.316645 -0.182103
vn -0.961535 -0.197906 -0.190482
vn -0.959419 -0.207214 -0.191252
vn -0.700097 0.243056 0.671407
vn -0.931362 -0.000368 0.364095
vn -0.789156 -0.000074 0.614192
vn 0.236048 -0.238459 -0.942029
vn -0.697802 -0.238459 0.675433
vn -0.623614 0.308779 -0.718165
vn -0.622220 0.319950 -0.714475
vn -0.555179 0.512165 -0.655334
vn -0.623156 -0.316645 -0.715132
vn -0.645339 -0.207214 -0.735255
vn -0.645731 -0.197906 -0.737472
vn -0.656258 0.000061 -0.754537
vn -0.981577 0.000060 -0.191066
vn -0.982146 -0.000255 -0.188119
vn -0.653992 -0.000253 -0.756501
vn 0.150964 -0.000000 0.988539
vn 0.150655 -0.063951 0.986516
vn 0.150964 -0.000000 0.988539
vn 0.843126 -0.512755 0.161932
vn 0.929120 -0.323870 0.178448
vn 0.932699 -0.313022 0.179136
vn 0.931742 0.315963 0.178952
vn 0.961193 0.205006 0.184608
vn 0.961316 0.204409 0.184632
vn 0.929676 -0.063951 -0.362784
vn 0.931583 0.000000 -0.363528
vn 0.931583 0.000000 -0.363528
vn 0.150656 0.063951 0.986516
vn 0.929676 0.063951 -0.362784
vn 0.619100 -0.323871 0.715418
vn 0.561799 -0.512756 0.649202
vn 0.621485 -0.313022 0.718174
vn 0.620847 0.315963 0.717437
vn 0.640553 0.204409 0.740209
vn 0.640471 0.205006 0.740114
vn 0.654369 0.000000 0.756175
vn 0.982051 -0.000000 0.188613
vn 0.982052 -0.000000 0.188613
vn 0.654369 0.000000 0.756175
vn 0.834026 0.190241 -0.517889
vn 0.942249 0.000219 -0.334915
vn 0.942249 0.000322 -0.334913
vn 0.840789 0.193938 -0.505432
vn -0.031500 0.190245 0.981231
vn -0.203299 0.141996 0.968765
vn -0.203299 0.141996 0.968765
vn -0.017331 0.193941 0.980860
vn -0.214062 -0.231448 0.949004
vn -0.029237 -0.241117 0.970056
vn -0.027229 -0.241176 0.970099
vn -0.214062 -0.231448 0.949004
vn 0.181076 0.000217 0.983469
vn 0.181078 0.000319 0.983469
vn 0.825472 -0.241119 -0.510350
vn 0.826513 -0.241178 -0.508634
vn 0.737336 0.141990 -0.660436
vn 0.737336 0.141990 -0.660436
vn 0.714823 -0.231452 -0.659893
vn 0.714823 -0.231452 -0.659893
vn -0.845809 -0.156620 -0.509978
vn -0.854297 0.002558 -0.519780
vn -0.854359 -0.002232 -0.519678
vn -0.845809 -0.156620 -0.509978
vn -0.285270 0.132935 -0.949184
vn -0.285270 0.132935 -0.949184
vn -0.285270 0.132935 -0.949184
vn -0.285270 0.132935 -0.949184
vn -0.522123 -0.036086 -0.852106
vn -0.522123 -0.036086 -0.852106
vn -0.522123 -0.036086 -0.852106
vn -0.522123 -0.036086 -0.852107
vn -0.877284 0.002564 -0.479965
vn -0.864562 -0.156617 -0.477498
vn -0.864562 -0.156617 -0.477498
vn -0.877228 -0.002226 -0.480070
vn -0.841876 0.155815 -0.516689
vn -0.841876 0.155815 -0.516689
vn -0.868387 0.155820 -0.470770
vn -0.868387 0.155820 -0.470770
vn -0.964653 0.132939 0.227536
vn -0.964653 0.132939 0.227536
vn -0.964653 0.132939 0.227536
vn -0.964653 0.132939 0.227536
vn -0.999007 -0.036089 -0.026123
vn -0.999007 -0.036089 -0.026123
vn -0.999007 -0.036089 -0.026123
vn -0.999007 -0.036089 -0.026123
vn 0.231536 0.337074 -0.912564
vn 0.310006 -0.000964 -0.950734
vn -0.674534 0.337074 0.656799
vn -0.674631 0.440640 0.592207
vn -0.674631 0.440640 0.592207
vn -0.677599 -0.374884 0.632710
vn -0.673296 -0.295804 0.677622
vn -0.677599 -0.374884 0.632710
vn -0.668360 -0.000963 0.743838
vn 0.250195 -0.295805 -0.921901
vn 0.175550 0.440639 -0.880352
vn 0.175550 0.440639 -0.880352
vn 0.209147 -0.374885 -0.903172
vn 0.209147 -0.374885 -0.903172
vn -0.866025 0.000000 -0.500001
vn -0.866025 0.000000 -0.500001
vn -0.866025 0.000000 -0.500001
vn -0.866025 0.000000 -0.500001
vn 0.000000 1.000000 0.000001
vn 0.000000 1.000000 0.000001
vn 0.000000 1.000000 0.000001
vn 0.000000 1.000000 0.000001
vn 0.866026 0.000000 0.500000
vn 0.866026 0.000000 0.500000
vn 0.866026 0.000000 0.500000
vn 0.866026 0.000000 0.500000
vn 0.000000 -1.000000 0.000000
vn 0.000000 -1.000000 0.000000
vn 0.000000 -1.000000 0.000000
vn 0.000000 -1.000000 0.000000
vn -0.499966 0.000000 0.866045
vn -0.499966 0.000000 0.866045
vn -0.499966 0.000000 0.866045
vn -0.499966 0.000000 0.866045
vn 0.499966 0.000000 -0.866045
vn 0.499966 0.000000 -0.866045
vn 0.499966 0.000000 -0.866045
vn 0.499966 0.000000 -0.866045
vn -0.866023 0.000000 -0.500004
vn -0.866023 0.000000 -0.500004
vn -0.866023 0.000000 -0.500004
vn -0.866023 0.000000 -0.500004
vn 0.000000 1.000000 0.000000
vn 0.000000 1.000000 0.000000
vn 0.000000 1.000000 0.000000
vn 0.000000 1.000000 0.000000
vn 0.866028 0.000000 0.499995
vn 0.866028 0.000000 0.499995
vn 0.866028 0.000000 0.499995
vn 0.866028 0.000000 0.499995
vn 0.000000 -1.000000 -0.000002
vn 0.000000 -1.000000 -0.000002
vn 0.000000 -1.000000 -0.000002
vn 0.000000 -1.000000 -0.000002
vn -0.500035 0.000000 0.866005
vn -0.500035 0.000000 0.866005
vn -0.500035 0.000000 0.866005
vn -0.500035 0.000000 0.866005
vn 0.500021 0.000000 -0.866013
vn 0.500021 0.000000 -0.866013
vn 0.500021 0.000000 -0.866013
vn 0.500021 0.000000 -0.866013
vn -0.932462 0.000000 -0.361269
vn -0.873592 0.000000 -0.486659
vn -0.873592 0.000000 -0.486659
vn -0.932462 0.000000 -0.361269
vn -0.377897 0.000000 0.925848
vn -0.497458 0.000000 0.867488
vn -0.497458 0.000000 0.867488
vn -0.377896 0.000000 0.925848
vn 0.499978 0.000000 -0.866038
vn 0.609595 0.000000 -0.792713
vn 0.609596 0.000000 -0.792712
vn 0.499979 0.000000 -0.866037
vn 0.000000 -1.000000 -0.000000
vn 0.000000 -1.000000 -0.000000
vn 0.000000 -1.000000 -0.000000
vn 0.000000 -1.000000 -0.000000
vn 0.000000 -1.000000 -0.000000
vn 0.000000 -1.000000 -0.000001
vn 0.000000 -1.000000 -0.000001
vn 0.000000 -1.000000 -0.000000
vn 0.827849 0.000000 -0.560951
vn 0.707479 0.000000 -0.706734
vn -0.037403 0.000000 0.999300
vn -0.246129 0.000000 0.969237
vn 0.000000 1.000000 0.000001
vn 0.000000 1.000000 0.000000
vn 0.000000 1.000000 0.000000
vn 0.000000 1.000000 0.000000
vn 0.000000 1.000000 0.000000
vn 0.000000 1.000000 0.000000
vn 0.000000 1.000000 0.000000
vn 0.000000 1.000000 0.000001
vn -0.512493 0.000000 -0.858691
vn -0.512493 0.000000 -0.858691
vn -0.512495 0.000000 -0.858691
vn -0.512495 0.000000 -0.858691
vn -0.999516 0.000000 -0.031117
vn -0.999516 0.000000 -0.031117
vn 0.499978 0.000000 -0.866038
vn 0.609596 0.000000 -0.792713
vn 0.609596 0.000000 -0.792713
vn 0.499978 0.000000 -0.866038
vn -0.512494 0.000000 -0.858691
vn -0.512494 0.000000 -0.858691
vn -0.512494 0.000000 -0.858691
vn -0.512494 0.000000 -0.858691
vn -0.932462 0.000000 -0.361269
vn -0.873592 0.000000 -0.486659
vn -0.873592 0.000000 -0.486659
vn -0.932462 0.000000 -0.361269
vn -0.999516 0.000000 -0.031117
vn -0.999516 0.000000 -0.031117
vn -0.377896 0.000000 0.925848
vn -0.497457 0.000000 0.867488
vn -0.497457 0.000000 0.867489
vn -0.377897 0.000000 0.925848
vn -0.246129 0.000000 0.969237
vn -0.035480 0.000000 0.999370
vn 0.707479 0.000000 -0.706735
vn 0.828796 0.000000 -0.559551
vn 0.841263 0.000000 -0.540626
vn 0.609596 0.000000 -0.792712
vn 0.499978 0.000000 -0.866038
vn -0.512494 0.000000 -0.858691
vn -0.512494 0.000000 -0.858691
vn -0.873592 0.000000 -0.486659
vn -0.932462 0.000000 -0.361269
vn -0.999516 0.000000 -0.031117
vn -0.497457 0.000000 0.867489
vn -0.377897 0.000000 0.925848
vn -0.009600 0.000000 0.999954
vn 0.863716 0.000000 0.503979
vn 0.863716 0.000000 0.503979
vn 0.863716 0.000000 0.503979
vn 0.863716 0.000000 0.503979
vn 0.609587 0.000000 -0.792719
vn 0.841230 0.000000 -0.540678
vn 0.841230 0.000000 -0.540678
vn 0.609587 0.000000 -0.792719
vn 0.499987 0.000000 -0.866033
vn 0.499987 0.000000 -0.866033
vn -0.512475 0.000000 -0.858702
vn -0.512475 0.000000 -0.858702
vn -0.512475 0.000000 -0.858702
vn -0.512475 0.000000 -0.858702
vn -0.932468 0.000000 -0.361252
vn -0.873584 0.000000 -0.486674
vn -0.873584 0.000000 -0.486674
vn -0.932468 0.000000 -0.361252
vn -0.999519 0.000000 -0.031027
vn -0.999519 0.000000 -0.031027
vn -0.377884 0.000000 0.925853
vn -0.497452 0.000000 0.867491
vn -0.497452 0.000000 0.867491
vn -0.377884 0.000000 0.925853
vn -0.009551 0.000000 0.999954
vn -0.009551 0.000000 0.999954
vn 0.863722 0.000000 0.503969
vn 0.863722 0.000000 0.503969
vn 0.863722 0.000000 0.503969
vn 0.863722 0.000000 0.503969
vn 0.609600 0.000000 -0.792709
vn 0.841231 0.000000 -0.540676
vn 0.841231 0.000000 -0.540676
vn 0.609602 0.000000 -0.792707
vn 0.863712 0.000000 0.503985
vn 0.863712 0.000000 0.503985
vn 0.863712 0.000000 0.503985
vn 0.863712 0.000000 0.503985
vn -0.009464 0.000000 0.999955
vn -0.377885 0.000000 0.925853
vn -0.377888 0.000000 0.925851
vn -0.009464 0.000000 0.999955
vn -0.497478 0.000000 0.867477
vn -0.497478 0.000000 0.867477
vn -0.932469 0.000000 -0.361249
vn -0.999518 0.000000 -0.031044
vn -0.999518 0.000000 -0.031044
vn -0.932470 0.000000 -0.361247
vn -0.873597 0.000000 -0.486650
vn -0.873597 0.000000 -0.486650
vn -0.512467 0.000000 -0.858707
vn -0.512467 0.000000 -0.858707
vn -0.512467 0.000000 -0.858707
vn -0.512467 0.000000 -0.858707
vn 0.500007 0.000000 -0.866021
vn 0.500007 0.000000 -0.866021
vn -0.512493 0.000000 -0.858691
vn -0.512493 0.000000 -0.858691
vn -0.512494 0.000000 -0.858691
vn -0.512494 0.000000 -0.858691
vn -0.932463 0.000000 -0.361266
vn -0.873592 0.000000 -0.486659
vn -0.873592 0.000000 -0.486659
vn -0.932462 0.000000 -0.361269
vn -0.999516 0.000000 -0.031117
vn -0.999516 0.000000 -0.031117
vn -0.377892 0.000000 0.925850
vn -0.497458 0.000000 0.867488
vn -0.497458 0.000000 0.867488
vn -0.377896 0.000000 0.925848
vn -0.017171 0.000000 0.999853
vn -0.018416 0.000000 0.999830
vn 0.863719 0.000000 0.503973
vn 0.863719 0.000000 0.503973
vn 0.863725 0.000000 0.503964
vn 0.863725 0.000000 0.503964
vn 0.609593 0.000000 -0.792715
vn 0.837657 0.000000 -0.546197
vn 0.837069 0.000000 -0.547097
vn 0.609596 0.000000 -0.792712
vn 0.499978 0.000000 -0.866038
vn 0.499979 0.000000 -0.866038
vn 0.609593 0.000000 -0.792715
vn 0.841262 0.000000 -0.540628
vn 0.863716 0.000000 0.503979
vn 0.863716 0.000000 0.503979
vn 0.863716 0.000000 0.503979
vn 0.863716 0.000000 0.503979
vn -0.009598 0.000000 0.999954
vn -0.377893 0.000000 0.925849
vn -0.497458 0.000000 0.867488
vn -0.999516 0.000000 -0.031117
vn -0.932463 0.000000 -0.361266
vn -0.873592 0.000000 -0.486659
vn -0.512495 0.000000 -0.858690
vn -0.512495 0.000000 -0.858691
vn 0.499978 0.000000 -0.866038
vn 0.000000 1.000000 0.000000
vn 0.000000 1.000000 0.000005
vn -0.000017 -1.000000 -0.000002
vn 0.000015 -1.000000 -0.000010
vn 0.000007 -1.000000 -0.000023
vn -0.000019 -1.000000 -0.000012
vn 0.000011 -1.000000 0.000015
vn 0.000022 -1.000000 0.000012
vn 0.000000 1.000000 -0.000001
vn 0.000000 1.000000 -0.000001
vn 0.000001 -1.000000 -0.000013
vn 0.000017 -1.000000 -0.000013
vn -0.000013 -1.000000 0.000015
vn -0.000012 -1.000000 0.000018
vn 0.000000 1.000000 -0.000001
vn 0.000019 -1.000000 -0.000000
vn 0.000020 -1.000000 0.000021
vn 0.000000 1.000000 -0.000001
vn -0.000009 -1.000000 -0.000017
vn -0.000028 -1.000000 -0.000008
vn 0.000000 1.000000 -0.000001
vn -0.000003 -1.000000 0.000016
vn -0.000007 -1.000000 0.000016
vn 0.000000 1.000000 0.000004
vn 0.000000 1.000000 0.000000
vn 0.000000 1.000000 0.000002
vn 0.000000 1.000000 0.000002
vn 0.000000 1.000000 0.000001
vn 0.000000 -1.000000 0.000003
vn 0.000000 -1.000000 0.000004
vn 0.000000 1.000000 0.000000
vn 0.000000 1.000000 0.000001
vn 0.000000 -1.000000 0.000001
vn 0.000000 -1.000000 -0.000004
vn 0.000000 1.000000 0.000003
vn 0.000000 1.000000 0.000003
vn 0.000000 1.000000 0.000002
vn 0.000000 1.000000 0.000002
vn 0.000000 -1.000000 -0.000001
vn 0.000000 -1.000000 0.000000
vn 0.000000 1.000000 0.000010
vn 0.000000 1.000000 0.000009
vn 0.000000 1.000000 0.000012
vn 0.000000 1.000000 0.000010
vn 0.000000 -1.000000 0.000001
vn 0.000000 1.000000 0.000003
vn 0.000000 1.000000 0.000003
vn 0.000000 -1.000000 0.000005
vn -0.000013 -1.000000 0.000023
vn -0.000014 -1.000000 0.000022
vn -0.000014 -1.000000 0.000021
vn -0.000013 -1.000000 0.000023
vn 0.500005 0.000000 -0.866023
vn 0.500007 0.000000 -0.866021
vn 0.000000 1.000000 0.000001
vn 0.000000 1.000000 0.000001
vn 0.000000 1.000000 0.000001
vn 0.000000 1.000000 0.000001
vn -0.499948 0.000000 0.866055
vn -0.499948 0.000000 0.866055
vn 0.000000 -1.000000 -0.000003
vn 0.000000 -1.000000 -0.000003
vn 0.000000 -1.000000 -0.000002
vn 0.000000 -1.000000 -0.000002
vn 0.500005 0.000000 -0.866023
vn 0.499998 0.000000 -0.866027
vn 0.000000 1.000000 0.000001
vn 0.000000 1.000000 0.000002
vn 0.000000 1.000000 0.000004
vn 0.000000 1.000000 0.000001
vn -0.499948 0.000000 0.866055
vn -0.499954 0.000000 0.866052
vn -0.000010 -1.000000 0.000025
vn -0.000011 -1.000000 0.000024
vn -0.000011 -1.000000 0.000023
vn -0.000009 -1.000000 0.000026
vn -0.255683 0.000000 -0.966761
vn -0.255728 0.000000 -0.966749
vn -0.255726 0.000000 -0.966749
vn -0.255653 0.000000 -0.966769
vn 0.000000 1.000000 -0.000000
vn -0.965090 0.000000 0.261920
vn -0.965090 0.000000 0.261918
vn -0.965163 0.000000 0.261651
vn -0.965163 0.000000 0.261648
vn 0.000000 -1.000000 0.000000
vn 0.000000 -1.000000 0.000000
vn -0.255723 0.000000 -0.966750
vn -0.255727 0.000000 -0.966749
vn -0.255727 0.000000 -0.966749
vn -0.255723 0.000000 -0.966750
vn 0.000000 1.000000 -0.000004
vn 0.000000 1.000000 0.000000
vn -0.965090 0.000000 0.261918
vn -0.965090 0.000000 0.261918
vn -0.965090 0.000000 0.261920
vn -0.965090 0.000000 0.261920
vn -0.864416 0.000000 -0.502777
vn -0.864416 0.000000 -0.502777
vn -0.864422 0.000000 -0.502767
vn -0.864422 0.000000 -0.502767
vn 0.000000 1.000000 0.000000
vn 0.000000 1.000000 0.000000
vn 0.000000 1.000000 0.000000
vn 0.000000 1.000000 -0.000001
vn -0.445310 0.000000 0.895377
vn -0.131314 0.000000 0.991341
vn -0.131314 0.000000 0.991341
vn -0.445310 0.000000 0.895377
vn 0.606786 0.000000 0.794865
vn 0.748601 -0.000005 0.663020
vn 0.836717 0.000000 0.547635
vn 0.606789 0.000000 0.794863
vn -0.445304 0.000000 0.895379
vn -0.131316 0.000000 0.991341
vn -0.131315 0.000000 0.991341
vn -0.445310 0.000000 0.895376
vn 0.606787 0.000000 0.794864
vn 0.836715 0.000000 0.547638
vn 0.744986 0.000001 0.667080
vn 0.606788 0.000000 0.794864
vn -0.500002 0.000000 0.866024
vn -0.500003 0.000000 0.866024
vn -0.500003 0.000000 0.866024
vn -0.499995 0.000000 0.866028
vn -0.445310 0.000000 0.895377
vn -0.500003 0.000000 0.866024
vn -0.500004 0.000000 0.866023
vn -0.445310 0.000000 0.895376
vn 0.836717 0.000000 0.547635
vn 0.606787 0.000000 0.794865
vn 0.606787 0.000000 0.794865
vn 0.836717 0.000000 0.547635
vn -0.131311 0.000000 0.991341
vn -0.131311 0.000000 0.991341
vn 0.946656 -0.000005 0.322246
vn 0.991113 0.000000 0.133024
vn 0.991113 0.000000 0.133025
vn 0.889751 0.000000 0.456447
vn 0.793798 0.000000 -0.608182
vn 0.552837 0.000000 -0.833290
vn 0.552835 0.000000 -0.833291
vn 0.793799 0.000000 -0.608180
vn 0.499992 0.000000 -0.866030
vn 0.499990 0.000000 -0.866031
vn 0.499980 0.000000 -0.866037
vn 0.499991 0.000000 -0.866030
vn 0.552837 0.000000 -0.833290
vn 0.552826 0.000000 -0.833297
vn 0.499992 0.000000 -0.866030
vn 0.552837 0.000000 -0.833290
vn 0.552837 0.000000 -0.833289
vn 0.499992 0.000000 -0.866030
vn 0.948396 0.000001 0.317088
vn 0.889749 0.000000 0.456450
vn 0.889751 0.000000 0.456447
vn 0.889751 0.000000 0.456447
vn 0.000000 1.000000 -0.000000
vn 0.000000 1.000000 -0.000001
vn 0.000000 -1.000000 0.000000
vn 0.000000 -1.000000 0.000000
vn 0.000000 -1.000000 0.000000
vn 0.000000 -1.000000 0.000000
vn 0.000000 -1.000000 0.000000
vn 0.000000 -1.000000 0.000000
vn 0.793798 0.000000 -0.608182
vn 0.793798 0.000000 -0.608181
vn 0.991113 0.000000 0.133024
vn 0.991113 0.000000 0.133024
vn 0.991113 0.000000 0.133023
vn 0.991113 0.000000 0.133024
vn 0.793793 0.000000 -0.608189
vn 0.793798 0.000000 -0.608182
vn -0.512493 0.000000 -0.858691
vn -0.512493 0.000000 -0.858691
vn -0.873592 0.000000 -0.486659
vn -0.932462 0.000000 -0.361269
vn -0.999516 0.000000 -0.031117
vn -0.497458 0.000000 0.867488
vn -0.377896 0.000000 0.925848
vn -0.246129 0.000000 0.969237
vn -0.499948 0.000000 0.866055
vn -0.965090 0.000000 0.261918
vn -0.965163 0.000000 0.261651
vn -0.500003 0.000000 0.866024
vn -0.445310 0.000000 0.895377
vn -0.131314 0.000000 0.991341
vn 0.606786 0.000000 0.794865
vn 0.743818 0.000006 0.668382
vn 0.948959 0.000006 0.315400
vn 0.991113 0.000000 0.133025
vn 0.793798 0.000000 -0.608182
vn 0.552837 0.000000 -0.833290
vn 0.499992 0.000000 -0.866030
vn -0.255684 0.000000 -0.966760
vn -0.255728 0.000000 -0.966749
vn 0.500005 0.000000 -0.866023
vn 0.707478 0.000000 -0.706735
vn 0.609596 0.000000 -0.792712
vn 0.499979 0.000000 -0.866038
vn 0.609596 0.000000 -0.792712
vn 0.707479 0.000000 -0.706734
vn 0.500005 0.000000 -0.866023
vn -0.255727 0.000000 -0.966749
vn -0.255727 0.000000 -0.966749
vn 0.499992 0.000000 -0.866030
vn 0.552837 0.000000 -0.833290
vn 0.793798 0.000000 -0.608182
vn 0.991113 0.000000 0.133024
vn 0.950209 -0.000000 0.311613
vn 0.741145 -0.000000 0.671345
vn 0.606788 0.000000 0.794864
vn -0.131315 0.000000 0.991341
vn -0.445310 0.000000 0.895376
vn -0.500003 0.000000 0.866024
vn -0.965090 0.000000 0.261918
vn -0.965090 0.000000 0.261918
vn -0.499948 0.000000 0.866055
vn -0.246129 0.000000 0.969237
vn -0.377896 0.000000 0.925848
vn -0.497457 0.000000 0.867488
vn -0.999516 0.000000 -0.031117
vn -0.932462 0.000000 -0.361269
vn -0.873592 0.000000 -0.486659
vn -0.512494 0.000000 -0.858691
vn -0.512494 0.000000 -0.858691
vn 0.499979 0.000000 -0.866038
vn -0.499955 0.000000 0.866051
vn -0.965092 0.000000 0.261912
vn -0.965169 0.000000 0.261628
vn -0.255728 0.000000 -0.966749
vn -0.255696 0.000000 -0.966757
vn 0.500000 0.000000 -0.866026
vn 0.500006 0.000000 -0.866022
vn -0.255745 0.000000 -0.966744
vn -0.255745 0.000000 -0.966744
vn -0.965093 0.000000 0.261906
vn -0.965093 0.000000 0.261906
vn -0.499937 0.000000 0.866062
vn 0.000000 1.000000 0.000026
vn 0.000000 1.000000 0.000012
vn 0.000000 1.000000 0.000004
vn -0.864271 0.000000 -0.503026
vn -0.864271 0.000000 -0.503026
vn 0.000000 -1.000000 0.000007
vn 0.000000 -1.000000 -0.000017
vn 0.000000 -1.000000 0.000031
vn 0.000000 -1.000000 0.000022
vn 0.863360 0.000000 0.504588
vn 0.863360 0.000000 0.504588
vn 0.863618 0.000000 0.504147
vn 0.863618 0.000000 0.504147
vn 0.000000 -1.000000 0.000000
vn 0.000000 -1.000000 0.000000
vn 0.000000 -1.000000 0.000000
vn 0.000000 -1.000000 0.000000
vn -0.864485 0.000000 -0.502658
vn -0.864485 0.000000 -0.502658
vn 0.000000 1.000000 -0.000038
vn 0.000000 1.000000 -0.000046
vn 0.000000 1.000000 -0.000025
vn -0.965083 0.000000 0.261946
vn -0.965083 0.000000 0.261944
vn -0.965083 0.000000 0.261943
vn -0.965084 0.000000 0.261940
vn -0.255731 0.000000 -0.966748
vn -0.255732 0.000000 -0.966748
vn -0.255732 0.000000 -0.966748
vn -0.255733 0.000000 -0.966748
vn 0.000000 1.000000 -0.000001
vn 0.000000 1.000000 -0.000001
vn 0.000000 1.000000 -0.000002
vn 0.000000 1.000000 0.000000
vn 0.865247 0.000007 0.501346
vn 0.865269 0.000007 0.501307
vn 0.865247 -0.000006 0.501346
vn 0.865269 -0.000006 0.501308
vn 0.865251 -0.000000 0.501339
vn 0.865253 -0.000000 0.501335
vn 0.865251 0.000001 0.501339
vn 0.865254 0.000001 0.501334
vn -0.377902 -0.899169 -0.220647
vn -0.377902 -0.899169 -0.220647
vn -0.266692 -0.951120 -0.155710
vn -0.267173 -0.950939 -0.155991
vn 0.500024 0.000000 -0.866012
vn 0.500024 0.000000 -0.866012
vn 0.500014 0.000000 -0.866018
vn 0.500000 0.000001 -0.866025
vn 0.718612 0.554582 0.419566
vn 0.718612 0.554582 0.419566
vn 0.629982 0.683982 0.367819
vn 0.629695 0.684336 0.367652
vn -0.500013 0.000000 0.866018
vn -0.500013 0.000000 0.866018
vn -0.500008 -0.000003 0.866021
vn -0.500011 -0.000001 0.866019
vn -0.324369 0.926793 -0.189315
vn -0.324369 0.926793 -0.189315
vn -0.225820 0.965212 -0.131799
vn -0.225408 0.965341 -0.131559
vn -0.499977 0.000000 0.866039
vn -0.499977 0.000000 0.866039
vn -0.499986 -0.000000 0.866034
vn -0.499997 -0.000001 0.866027
vn 0.718688 -0.554566 0.419457
vn 0.718688 -0.554566 0.419457
vn 0.629757 -0.684331 0.367554
vn 0.630035 -0.683989 0.367716
vn 0.499980 0.000000 -0.866037
vn 0.499980 0.000000 -0.866037
vn 0.499996 -0.000002 -0.866028
vn 0.499987 -0.000001 -0.866033
vn -0.272227 -0.949075 -0.158585
vn -0.271851 -0.949219 -0.158367
vn 0.493438 0.007087 -0.869752
vn 0.495362 0.005012 -0.868672
vn 0.572031 0.749251 0.333773
vn 0.572030 0.749252 0.333772
vn -0.504856 0.005277 0.863188
vn -0.506936 0.007553 0.861950
vn -0.191242 0.975194 -0.111464
vn -0.191368 0.975160 -0.111537
vn -0.504423 -0.004799 0.863443
vn -0.502745 -0.002972 0.864430
vn 0.564208 -0.757209 0.329095
vn 0.564245 -0.757172 0.329118
vn 0.497477 -0.002737 -0.867473
vn 0.495954 -0.004380 -0.868338
vn 0.583593 0.738841 0.336945
vn 0.583593 0.738841 0.336946
vn 0.583594 0.738841 0.336945
vn 0.583594 0.738841 0.336945
vn 0.865108 0.045990 0.499473
vn 0.865108 0.045990 0.499473
vn 0.865108 0.045988 0.499473
vn 0.865108 0.045988 0.499473
vn 0.639895 -0.673828 0.369445
vn 0.639895 -0.673828 0.369445
vn 0.639897 -0.673826 0.369446
vn 0.639897 -0.673826 0.369446
vn 0.039815 -0.998943 0.022988
vn 0.039816 -0.998943 0.022988
vn 0.039815 -0.998943 0.022988
vn 0.039815 -0.998943 0.022988
vn -0.865111 -0.046016 -0.499465
vn -0.865111 -0.046016 -0.499465
vn -0.865119 -0.046012 -0.499452
vn -0.865119 -0.046012 -0.499452
vn -0.039822 0.998942 -0.022991
vn -0.039822 0.998942 -0.022991
vn -0.039823 0.998942 -0.022990
vn -0.039823 0.998942 -0.022990
vn -0.500025 0.000014 0.866011
vn -0.500008 0.000004 0.866021
vn -0.500002 0.000000 0.866024
vn -0.500033 -0.000006 0.866006
vn -0.500014 -0.000017 0.866017
vn -0.499980 -0.000005 0.866037
vn -0.499979 0.000007 0.866038
vn -0.499988 0.000009 0.866032
vn -0.499991 -0.000004 0.866031
vn 0.500008 -0.000001 -0.866021
vn 0.500013 0.000014 -0.866018
vn 0.500007 0.000003 -0.866021
vn 0.500001 0.000021 -0.866025
vn 0.499995 0.000006 -0.866028
vn 0.499991 0.000004 -0.866030
vn 0.500005 -0.000024 -0.866023
vn 0.500029 -0.000011 -0.866009
vn 0.500017 0.000017 -0.866015
vn 0.410815 0.091954 -0.907070
vn 0.410815 0.091954 -0.907070
vn 0.571598 0.750459 0.331792
vn 0.571598 0.750459 0.331792
vn -0.583823 0.096395 0.806138
vn -0.583823 0.096395 0.806139
vn -0.577430 -0.744477 -0.335155
vn -0.577430 -0.744477 -0.335155
vn -0.558945 -0.066412 0.826541
vn -0.558945 -0.066412 0.826541
vn 0.505603 -0.811325 0.293459
vn 0.505603 -0.811325 0.293459
vn 0.441162 -0.061549 -0.895315
vn 0.441162 -0.061549 -0.895315
vn -0.308499 0.934220 -0.179058
vn -0.308499 0.934220 -0.179058
vn 0.583589 0.738843 0.336949
vn 0.583589 0.738843 0.336949
vn 0.865114 0.046003 0.499462
vn 0.865114 0.046003 0.499462
vn 0.639891 -0.673835 0.369440
vn 0.639891 -0.673835 0.369440
vn 0.039816 -0.998943 0.022987
vn 0.039816 -0.998943 0.022987
vn -0.583601 -0.738832 -0.336953
vn -0.583601 -0.738832 -0.336953
vn -0.583601 -0.738832 -0.336953
vn -0.583601 -0.738832 -0.336953
vn -0.865107 -0.046012 -0.499473
vn -0.865107 -0.046012 -0.499473
vn -0.639901 0.673819 -0.369452
vn -0.639901 0.673819 -0.369452
vn -0.639901 0.673819 -0.369452
vn -0.639901 0.673819 -0.369452
vn -0.039822 0.998942 -0.022995
vn -0.039822 0.998942 -0.022995
vn 0.583594 0.738843 0.336942
vn 0.583594 0.738843 0.336942
vn 0.865115 0.045981 0.499462
vn 0.865115 0.045981 0.499462
vn 0.639905 -0.673819 0.369444
vn 0.639905 -0.673819 0.369444
vn 0.039815 -0.998943 0.022984
vn 0.039815 -0.998943 0.022984
vn -0.583622 -0.738857 -0.336861
vn -0.583622 -0.738857 -0.336861
vn -0.583622 -0.738857 -0.336861
vn -0.583622 -0.738857 -0.336861
vn -0.865170 -0.045975 -0.499367
vn -0.865170 -0.045975 -0.499367
vn -0.639890 0.673834 -0.369442
vn -0.639890 0.673834 -0.369442
vn -0.639890 0.673834 -0.369442
vn -0.639890 0.673834 -0.369442
vn -0.039823 0.998942 -0.022987
vn -0.039823 0.998942 -0.022987
vn -0.866025 0.000000 -0.500001
vn -0.866025 0.000000 -0.500001
vn -0.866025 0.000000 -0.500001
vn -0.866025 0.000000 -0.500001
vn 0.000000 1.000000 0.000000
vn 0.000000 1.000000 0.000000
vn 0.000000 1.000000 0.000000
vn 0.000000 1.000000 0.000000
vn 0.866026 0.000000 0.500000
vn 0.866026 0.000000 0.500000
vn 0.866026 0.000000 0.500000
vn 0.866026 0.000000 0.500000
vn 0.000000 -1.000000 0.000001
vn 0.000000 -1.000000 0.000001
vn 0.000000 -1.000000 0.000001
vn 0.000000 -1.000000 0.000001
vn -0.499967 0.000000 0.866045
vn -0.499967 0.000000 0.866045
vn -0.499967 0.000000 0.866045
vn -0.499967 0.000000 0.866045
vn 0.499966 0.000000 -0.866045
vn 0.499966 0.000000 -0.866045
vn 0.499966 0.000000 -0.866045
vn 0.499966 0.000000 -0.866045
vn -0.848530 0.000000 -0.529147
vn -0.882517 0.000000 -0.470280
vn -0.882603 0.000000 -0.470120
vn -0.848434 0.000000 -0.529301
vn 0.000000 1.000000 0.000000
vn 0.000000 1.000000 -0.000000
vn 0.000000 1.000000 -0.000001
vn 0.000000 1.000000 0.000000
vn 0.848436 0.000000 0.529298
vn 0.882604 0.000000 0.470117
vn 0.882519 0.000000 0.470277
vn 0.848532 0.000000 0.529144
vn 0.000000 -1.000000 -0.000001
vn 0.000000 -1.000000 -0.000002
vn 0.000000 -1.000000 -0.000002
vn 0.000000 -1.000000 -0.000001
vn -0.500037 0.000000 0.866004
vn -0.500037 0.000000 0.866004
vn -0.500037 0.000000 0.866004
vn -0.500037 0.000000 0.866004
vn 0.500033 0.000000 -0.866006
vn 0.500033 0.000000 -0.866006
vn 0.500033 0.000000 -0.866006
vn 0.500033 0.000000 -0.866006
vn -0.849153 0.000000 -0.528147
vn -0.881962 0.000000 -0.471320
vn -0.499958 0.000000 0.866050
vn -0.499997 0.000000 0.866027
vn -0.499997 0.000000 0.866027
vn -0.499958 0.000000 0.866050
vn 0.881964 0.000000 0.471317
vn 0.849155 0.000000 0.528144
vn 0.500005 0.000000 -0.866023
vn 0.500034 0.000000 -0.866006
vn 0.500034 0.000000 -0.866006
vn 0.500005 0.000000 -0.866023
vn -0.849444 0.000000 -0.527679
vn -0.881703 0.000000 -0.471805
vn -0.500036 0.000000 0.866005
vn -0.500036 0.000000 0.866005
vn -0.500036 0.000000 0.866005
vn -0.500036 0.000000 0.866005
vn 0.881705 0.000000 0.471802
vn 0.849446 0.000000 0.527676
vn 0.500031 0.000000 -0.866007
vn 0.500031 0.000000 -0.866007
vn 0.500031 0.000000 -0.866007
vn 0.500031 0.000000 -0.866007
vn 0.782553 0.000000 0.622584
vn 0.930453 0.000000 0.366413
vn -0.499958 0.000000 0.866050
vn -0.499997 0.000000 0.866027
vn -0.499997 0.000000 0.866027
vn -0.499958 0.000000 0.866050
vn -0.930447 0.000000 -0.366428
vn -0.782545 0.000000 -0.622594
vn 0.500005 0.000000 -0.866023
vn 0.500034 0.000000 -0.866006
vn 0.500034 0.000000 -0.866006
vn 0.500005 0.000000 -0.866023
vn -0.782545 0.000000 -0.622594
vn -0.930447 0.000000 -0.366427
vn -0.499957 0.000000 0.866050
vn -0.499997 0.000000 0.866027
vn -0.499997 0.000000 0.866027
vn -0.499957 0.000000 0.866050
vn 0.930453 0.000000 0.366412
vn 0.782553 0.000000 0.622584
vn 0.500005 0.000000 -0.866023
vn 0.500035 0.000000 -0.866005
vn 0.500035 0.000000 -0.866005
vn 0.500005 0.000000 -0.866023
vn 0.000000 -1.000000 -0.000001
vn 0.000000 -1.000000 -0.000001
vn 0.000000 -1.000000 -0.000001
vn 0.000000 -1.000000 -0.000001
vn 0.999573 0.000000 0.029226
vn 0.999573 0.000000 0.029226
vn 0.000000 1.000000 -0.000003
vn 0.000000 1.000000 -0.000003
vn 0.000000 1.000000 -0.000001
vn 0.000000 1.000000 0.000000
vn -0.999572 0.000000 -0.029274
vn -0.999572 0.000000 -0.029274
vn 0.000000 -1.000000 0.000000
vn 0.000000 -1.000000 0.000000
vn 0.000000 -1.000000 0.000001
vn 0.000000 -1.000000 -0.000000
vn -0.525135 0.000000 -0.851019
vn -0.525135 0.000000 -0.851019
vn 0.000000 1.000000 0.000004
vn 0.000000 1.000000 0.000004
vn 0.000000 1.000000 0.000002
vn 0.000000 1.000000 0.000004
vn 0.525137 0.000000 0.851018
vn 0.525137 0.000000 0.851018
vn 0.000000 -1.000000 0.000001
vn 0.000000 -1.000000 0.000001
vn 0.000000 -1.000000 0.000000
vn 0.000000 -1.000000 0.000000
vn 0.999573 0.000000 0.029226
vn 0.999573 0.000000 0.029226
vn 0.000000 1.000000 -0.000001
vn 0.000000 1.000000 0.000000
vn -0.999571 0.000000 -0.029274
vn -0.999571 0.000000 -0.029274
vn 0.000000 -1.000000 0.000002
vn 0.000000 -1.000000 0.000002
vn 0.000000 -1.000000 0.000001
vn 0.000000 -1.000000 0.000002
vn -0.525135 0.000000 -0.851019
vn -0.525135 0.000000 -0.851019
vn 0.000000 1.000000 0.000001
vn 0.000000 1.000000 0.000001
vn 0.525138 0.000000 0.851017
vn 0.525138 0.000000 0.851017
vn 0.000000 -1.000000 -0.000001
vn 0.000000 -1.000000 -0.000002
vn 0.999573 0.000000 0.029226
vn 0.999573 0.000000 0.029226
vn 0.000000 1.000000 -0.000004
vn 0.000000 1.000000 -0.000004
vn 0.000000 1.000000 -0.000003
vn 0.000000 1.000000 -0.000001
vn -0.999571 0.000000 -0.029274
vn -0.999571 0.000000 -0.029274
vn 0.000000 -1.000000 0.000001
vn 0.000000 -1.000000 0.000002
vn -0.525136 0.000000 -0.851019
vn -0.525136 0.000000 -0.851019
vn 0.000000 1.000000 -0.000004
vn 0.000000 1.000000 -0.000004
vn 0.000000 1.000000 -0.000002
vn 0.000000 1.000000 -0.000004
vn 0.525136 0.000000 0.851018
vn 0.525136 0.000000 0.851018
vn 0.000000 -1.000000 -0.000000
vn 0.000000 -1.000000 -0.000001
vn 0.000000 1.000000 0.000003
vn 0.000000 1.000000 0.000000
vn -0.999573 0.000000 -0.029236
vn -0.999573 0.000000 -0.029236
vn 0.000000 -1.000000 0.000004
vn 0.000000 -1.000000 -0.000002
vn -0.525185 0.000000 -0.850988
vn -0.525185 0.000000 -0.850988
vn 0.000000 1.000000 0.000001
vn 0.000000 1.000000 0.000004
vn 0.000000 -1.000000 -0.000000
vn 0.000000 -1.000000 -0.000000
vn 0.000000 1.000000 0.000001
vn 0.000000 1.000000 0.000000
vn -0.999573 0.000000 -0.029236
vn -0.999573 0.000000 -0.029236
vn 0.000000 -1.000000 0.000000
vn 0.000000 -1.000000 0.000003
vn -0.525185 0.000000 -0.850988
vn -0.525185 0.000000 -0.850988
vn 0.000000 1.000000 0.000000
vn 0.000000 1.000000 0.000002
vn 0.000000 -1.000000 -0.000000
vn 0.000000 -1.000000 -0.000001
vn 0.000000 1.000000 -0.000001
vn 0.000000 1.000000 -0.000000
vn -0.999573 0.000000 -0.029236
vn -0.999573 0.000000 -0.029236
vn 0.000000 -1.000000 0.000004
vn 0.000000 -1.000000 0.000001
vn -0.525185 0.000000 -0.850988
vn -0.525185 0.000000 -0.850988
vn 0.000000 1.000000 -0.000001
vn 0.000000 1.000000 -0.000004
vn 0.500011 0.000000 -0.866019
vn 0.500011 0.000000 -0.866019
vn 0.384281 0.000000 -0.923216
vn 0.384281 0.000000 -0.923216
vn 0.000000 1.000000 0.000000
vn 0.000000 1.000000 0.000000
vn -0.384273 0.000000 0.923220
vn -0.384273 0.000000 0.923220
vn 0.000000 -1.000000 0.000001
vn 0.000000 -1.000000 0.000002
vn -0.500011 0.000000 0.866019
vn -0.500011 0.000000 0.866019
vn -0.607417 0.000000 0.794383
vn -0.607417 0.000000 0.794383
vn 0.000000 -1.000000 -0.000002
vn 0.000000 -1.000000 -0.000003
vn 0.607401 0.000000 -0.794395
vn 0.607401 0.000000 -0.794395
vn 0.000000 1.000000 0.000000
vn 0.000000 1.000000 0.000000
vn 0.500012 0.000000 -0.866019
vn 0.500012 0.000000 -0.866019
vn 0.384282 0.000000 -0.923216
vn 0.384282 0.000000 -0.923216
vn 0.000000 1.000000 0.000000
vn 0.000000 1.000000 0.000000
vn -0.384272 0.000000 0.923220
vn -0.384272 0.000000 0.923220
vn 0.000000 -1.000000 0.000000
vn 0.000000 -1.000000 0.000001
vn -0.500012 0.000000 0.866019
vn -0.500012 0.000000 0.866019
vn -0.607417 0.000000 0.794383
vn -0.607417 0.000000 0.794383
vn 0.000000 -1.000000 0.000002
vn 0.000000 -1.000000 0.000003
vn 0.607402 0.000000 -0.794395
vn 0.607402 0.000000 -0.794395
vn 0.000000 1.000000 0.000000
vn 0.000000 1.000000 0.000000
vn 0.500012 0.000000 -0.866019
vn 0.500012 0.000000 -0.866019
vn 0.384272 0.000000 -0.923220
vn 0.384272 0.000000 -0.923220
vn 0.000000 1.000000 0.000000
vn 0.000000 1.000000 0.000000
vn -0.384272 0.000000 0.923220
vn -0.384272 0.000000 0.923220
vn 0.000000 -1.000000 0.000001
vn 0.000000 -1.000000 0.000002
vn -0.500011 0.000000 0.866019
vn -0.500011 0.000000 0.866019
vn -0.607417 0.000000 0.794383
vn -0.607417 0.000000 0.794383
vn 0.000000 -1.000000 0.000001
vn 0.000000 -1.000000 0.000000
vn 0.607402 0.000000 -0.794395
vn 0.607402 0.000000 -0.794395
vn 0.000000 1.000000 0.000000
vn 0.000000 1.000000 0.000000
vn 0.029303 0.000000 -0.999571
vn 0.029303 0.000000 -0.999571
vn 0.000000 1.000000 0.000000
vn 0.000000 1.000000 0.000000
vn -0.029300 0.000000 0.999571
vn -0.029300 0.000000 0.999571
vn 0.000000 -1.000000 0.000002
vn 0.000000 -1.000000 0.000002
vn -0.851030 0.000000 0.525118
vn -0.851030 0.000000 0.525118
vn 0.000000 -1.000000 0.000000
vn 0.000000 -1.000000 0.000000
vn 0.851030 0.000000 -0.525118
vn 0.851030 0.000000 -0.525118
vn 0.000000 1.000000 -0.000001
vn 0.000000 1.000000 -0.000001
vn -0.866012 0.000000 -0.500023
vn -0.866012 0.000000 -0.500023
vn -0.866017 0.000000 -0.500014
vn -0.866017 0.000000 -0.500014
vn 0.000000 1.000000 -0.000000
vn 0.000000 1.000000 -0.000001
vn 0.866023 0.000000 0.500004
vn 0.866023 0.000000 0.500004
vn 0.866025 0.000000 0.500000
vn 0.866025 0.000000 0.500000
vn 0.000000 -1.000000 0.000001
vn 0.000000 -1.000000 0.000002
vn -0.866046 0.000000 -0.499965
vn -0.866046 0.000000 -0.499965
vn -0.866036 0.000000 -0.499981
vn -0.866036 0.000000 -0.499981
vn 0.000000 -1.000000 0.000000
vn 0.000000 -1.000000 0.000000
vn 0.866023 0.000000 0.500003
vn 0.866023 0.000000 0.500003
vn 0.866026 0.000000 0.500000
vn 0.866026 0.000000 0.500000
vn 0.000000 1.000000 -0.000002
vn 0.000000 1.000000 -0.000002
vn 0.029305 0.000000 -0.999571
vn 0.029305 0.000000 -0.999571
vn 0.000000 1.000000 0.000000
vn 0.000000 1.000000 0.000000
vn -0.029300 0.000000 0.999571
vn -0.029300 0.000000 0.999571
vn 0.000000 -1.000000 0.000002
vn 0.000000 -1.000000 0.000003
vn -0.851030 0.000000 0.525118
vn -0.851030 0.000000 0.525118
vn 0.000000 -1.000000 0.000001
vn 0.000000 -1.000000 0.000002
vn 0.851030 0.000000 -0.525118
vn 0.851030 0.000000 -0.525118
vn 0.000000 1.000000 0.000000
vn 0.000000 1.000000 0.000000
vn 0.029299 0.000000 -0.999571
vn 0.029299 0.000000 -0.999571
vn 0.000000 1.000000 0.000001
vn 0.000000 1.000000 0.000002
vn -0.029299 0.000000 0.999571
vn -0.029299 0.000000 0.999571
vn 0.000000 -1.000000 -0.000001
vn 0.000000 -1.000000 0.000002
vn -0.851030 0.000000 0.525118
vn -0.851030 0.000000 0.525118
vn 0.000000 -1.000000 0.000002
vn 0.000000 -1.000000 0.000001
vn 0.851030 0.000000 -0.525118
vn 0.851030 0.000000 -0.525118
vn 0.000000 1.000000 0.000000
vn 0.000000 1.000000 0.000000
vn -0.866011 0.000000 -0.500026
vn -0.866011 0.000000 -0.500026
vn -0.866019 0.000000 -0.500011
vn -0.866019 0.000000 -0.500011
vn 0.000000 1.000000 0.000000
vn 0.000000 1.000000 0.000000
vn 0.866018 0.000000 0.500012
vn 0.866018 0.000000 0.500012
vn 0.866027 0.000000 0.499997
vn 0.866027 0.000000 0.499997
vn 0.000000 -1.000000 0.000000
vn 0.000000 -1.000000 0.000000
vn -0.866045 0.000000 -0.499967
vn -0.866045 0.000000 -0.499967
vn -0.866036 0.000000 -0.499982
vn -0.866036 0.000000 -0.499982
vn 0.000000 -1.000000 0.000002
vn 0.000000 -1.000000 0.000001
vn 0.866020 0.000000 0.500009
vn 0.866020 0.000000 0.500009
vn 0.866028 0.000000 0.499996
vn 0.866028 0.000000 0.499996
vn 0.000000 1.000000 0.000000
vn 0.000000 1.000000 0.000000
vn -0.866023 0.000000 -0.500004
vn -0.866023 0.000000 -0.500004
vn -0.866047 0.000000 -0.499963
vn -0.866047 0.000000 -0.499963
vn 0.000000 1.000000 0.000002
vn 0.000000 1.000000 0.000001
vn 0.866033 0.000000 0.499987
vn 0.866033 0.000000 0.499987
vn 0.866027 0.000000 0.499996
vn 0.866027 0.000000 0.499996
vn 0.000000 -1.000000 -0.000002
vn 0.000000 -1.000000 -0.000004
vn -0.866023 0.000000 -0.500004
vn -0.866023 0.000000 -0.500004
vn -0.866047 0.000000 -0.499963
vn -0.866047 0.000000 -0.499963
vn 0.000000 -1.000000 0.000000
vn 0.000000 -1.000000 0.000000
vn 0.866019 0.000000 0.500011
vn 0.866019 0.000000 0.500011
vn 0.866020 0.000000 0.500009
vn 0.866020 0.000000 0.500009
vn 0.000000 1.000000 0.000000
vn 0.000000 1.000000 0.000000
vn 0.539946 0.781838 0.311749
vn 0.539946 0.781838 0.311749
vn 0.539946 0.781838 0.311749
vn 0.539946 0.781838 0.311749
vn 0.780242 0.433912 0.450492
vn 0.780242 0.433912 0.450492
vn 0.780242 0.433912 0.450492
vn 0.780242 0.433912 0.450492
vn 0.866013 0.000000 0.500021
vn 0.866013 0.000000 0.500021
vn 0.866013 0.000000 0.500021
vn 0.866013 0.000000 0.500021
vn 0.780242 -0.433908 0.450495
vn 0.780242 -0.433908 0.450495
vn 0.780242 -0.433908 0.450495
vn 0.780242 -0.433908 0.450495
vn 0.539956 -0.781825 0.311766
vn 0.539956 -0.781825 0.311766
vn 0.539956 -0.781825 0.311766
vn 0.539956 -0.781825 0.311766
vn 0.192757 -0.974916 0.111284
vn 0.192757 -0.974916 0.111284
vn 0.192757 -0.974916 0.111284
vn 0.192757 -0.974916 0.111284
vn -0.192757 -0.974915 -0.111287
vn -0.192757 -0.974915 -0.111287
vn -0.192757 -0.974915 -0.111287
vn -0.192757 -0.974915 -0.111287
vn -0.539971 -0.781822 -0.311747
vn -0.539971 -0.781822 -0.311747
vn -0.539971 -0.781821 -0.311747
vn -0.539971 -0.781821 -0.311747
vn -0.780245 -0.433907 -0.450491
vn -0.780245 -0.433907 -0.450491
vn -0.780245 -0.433907 -0.450491
vn -0.780245 -0.433907 -0.450491
vn -0.866032 0.000000 -0.499989
vn -0.866032 0.000000 -0.499989
vn -0.866032 0.000000 -0.499989
vn -0.866032 0.000000 -0.499989
vn -0.780259 0.433872 -0.450500
vn -0.780259 0.433872 -0.450500
vn -0.780259 0.433872 -0.450500
vn -0.780259 0.433872 -0.450500
vn -0.539971 0.781821 -0.311749
vn -0.539971 0.781821 -0.311749
vn -0.539971 0.781821 -0.311749
vn -0.539971 0.781821 -0.311749
vn -0.192693 0.974932 -0.111250
vn -0.192693 0.974932 -0.111250
vn -0.192693 0.974932 -0.111250
vn -0.192693 0.974932 -0.111250
vn 0.192698 0.974931 0.111249
vn 0.192698 0.974931 0.111249
vn 0.192698 0.974931 0.111249
vn 0.192698 0.974931 0.111249
vn -0.500001 0.000010 0.866025
vn -0.499999 0.000005 0.866026
vn -0.500009 0.000000 0.866020
vn -0.499991 0.000005 0.866030
vn -0.499992 -0.000005 0.866030
vn -0.500001 -0.000010 0.866025
vn -0.499999 -0.000005 0.866026
vn -0.500009 0.000003 0.866020
vn -0.500003 0.000003 0.866024
vn -0.499999 0.000010 0.866026
vn -0.500007 0.000010 0.866021
vn -0.500008 -0.000010 0.866021
vn -0.500000 -0.000010 0.866025
vn -0.500004 -0.000002 0.866023
vn -0.500010 -0.000003 0.866020
vn 0.500024 -0.000015 -0.866011
vn 0.500013 0.000002 -0.866018
vn 0.500000 0.000000 -0.866025
vn 0.500010 0.000018 -0.866020
vn 0.500010 -0.000018 -0.866019
vn 0.500016 -0.000015 -0.866016
vn 0.500027 0.000003 -0.866010
vn 0.499982 -0.000003 -0.866036
vn 0.499972 -0.000014 -0.866042
vn 0.499997 0.000002 -0.866027
vn 0.499986 0.000012 -0.866034
vn 0.499985 -0.000012 -0.866034
vn 0.499996 -0.000002 -0.866028
vn 0.499972 0.000014 -0.866042
vn 0.499983 0.000003 -0.866035
vn -0.499968 0.000023 0.866044
vn -0.499968 0.000023 0.866044
vn 0.677074 -0.623490 0.390935
vn 0.677075 -0.623490 0.390935
vn 0.677074 -0.623490 0.390935
vn 0.677075 -0.623490 0.390935
vn 0.499982 -0.000076 -0.866036
vn 0.499982 -0.000076 -0.866036
vn -0.677111 0.623463 -0.390914
vn -0.677111 0.623463 -0.390914
vn -0.677111 0.623463 -0.390914
vn -0.677111 0.623463 -0.390914
vn -0.499896 0.000000 0.866085
vn -0.499896 0.000000 0.866085
vn 0.000000 -1.000000 0.000000
vn 0.000000 -1.000000 0.000000
vn 0.000000 -1.000000 0.000000
vn 0.000000 -1.000000 0.000000
vn 0.500006 0.000000 -0.866022
vn 0.500006 0.000000 -0.866022
vn 0.000000 1.000000 0.000002
vn 0.000000 1.000000 0.000002
vn 0.000000 1.000000 0.000002
vn 0.000000 1.000000 0.000002
vn -0.499967 -0.000022 0.866045
vn -0.499967 -0.000022 0.866045
vn -0.677095 -0.623478 -0.390920
vn -0.677095 -0.623478 -0.390920
vn -0.677095 -0.623478 -0.390920
vn -0.677095 -0.623478 -0.390920
vn 0.499995 0.000012 -0.866028
vn 0.499995 0.000012 -0.866028
vn 0.677072 0.623494 0.390932
vn 0.677072 0.623494 0.390932
vn 0.677072 0.623494 0.390932
vn 0.677072 0.623494 0.390932
vn -0.500018 0.000012 0.866015
vn -0.500018 0.000012 0.866015
vn -0.844314 0.222499 -0.487471
vn -0.844314 0.222499 -0.487471
vn -0.844314 0.222499 -0.487471
vn -0.844314 0.222499 -0.487471
vn 0.499947 -0.000016 -0.866056
vn 0.499947 -0.000016 -0.866056
vn 0.844302 -0.222561 0.487463
vn 0.844302 -0.222561 0.487463
vn 0.844302 -0.222561 0.487463
vn 0.844302 -0.222561 0.487463
vn -0.499976 0.000005 0.866039
vn -0.499976 0.000005 0.866039
vn -0.375780 0.900955 -0.216954
vn -0.375780 0.900955 -0.216954
vn -0.375780 0.900955 -0.216954
vn -0.375780 0.900955 -0.216954
vn 0.500028 0.000024 -0.866009
vn 0.500028 0.000024 -0.866009
vn 0.375760 -0.900966 0.216943
vn 0.375760 -0.900966 0.216943
vn 0.375760 -0.900966 0.216943
vn 0.375760 -0.900966 0.216943
vn -0.499980 -0.000007 0.866037
vn -0.499980 -0.000007 0.866037
vn 0.375787 0.900952 0.216957
vn 0.375787 0.900952 0.216957
vn 0.375787 0.900952 0.216957
vn 0.375787 0.900952 0.216957
vn 0.500027 -0.000024 -0.866010
vn 0.500027 -0.000024 -0.866010
vn -0.375679 -0.901012 -0.216894
vn -0.375679 -0.901012 -0.216894
vn -0.375679 -0.901012 -0.216894
vn -0.375679 -0.901012 -0.216894
vn -0.500021 -0.000012 0.866013
vn -0.500021 -0.000012 0.866013
vn 0.844303 0.222563 0.487462
vn 0.844303 0.222563 0.487462
vn 0.844303 0.222563 0.487462
vn 0.844303 0.222563 0.487462
vn 0.499945 0.000016 -0.866057
vn 0.499945 0.000016 -0.866057
vn -0.844313 -0.222494 -0.487474
vn -0.844314 -0.222494 -0.487474
vn -0.844314 -0.222494 -0.487474
vn -0.844313 -0.222494 -0.487474
vn 0.539963 0.781827 0.311747
vn 0.539963 0.781827 0.311747
vn 0.539963 0.781827 0.311747
vn 0.539963 0.781827 0.311747
vn 0.780247 0.433902 0.450493
vn 0.780247 0.433902 0.450493
vn 0.780247 0.433902 0.450493
vn 0.780247 0.433902 0.450493
vn 0.866044 0.000000 0.499968
vn 0.866044 0.000000 0.499968
vn 0.866044 0.000000 0.499968
vn 0.866044 0.000000 0.499968
vn 0.780247 -0.433904 0.450491
vn 0.780247 -0.433904 0.450491
vn 0.780247 -0.433904 0.450491
vn 0.780247 -0.433904 0.450491
vn 0.539971 -0.781821 0.311749
vn 0.539971 -0.781821 0.311749
vn 0.539971 -0.781821 0.311749
vn 0.539971 -0.781821 0.311749
vn 0.192755 -0.974917 0.111280
vn 0.192755 -0.974917 0.111280
vn 0.192755 -0.974917 0.111280
vn 0.192755 -0.974917 0.111280
vn -0.192744 -0.974918 -0.111290
vn -0.192744 -0.974918 -0.111290
vn -0.192743 -0.974918 -0.111290
vn -0.192744 -0.974918 -0.111290
vn -0.539946 -0.781837 -0.311750
vn -0.539946 -0.781837 -0.311750
vn -0.539946 -0.781837 -0.311750
vn -0.539946 -0.781837 -0.311750
vn -0.780262 -0.433922 -0.450448
vn -0.780262 -0.433922 -0.450448
vn -0.780262 -0.433922 -0.450448
vn -0.780262 -0.433922 -0.450448
vn -0.866023 0.000000 -0.500004
vn -0.866023 0.000000 -0.500004
vn -0.866023 0.000000 -0.500004
vn -0.866023 0.000000 -0.500004
vn -0.780276 0.433886 -0.450457
vn -0.780276 0.433886 -0.450457
vn -0.780276 0.433886 -0.450457
vn -0.780276 0.433886 -0.450457
vn -0.539954 0.781828 -0.311761
vn -0.539954 0.781828 -0.311761
vn -0.539954 0.781828 -0.311761
vn -0.539954 0.781828 -0.311761
vn -0.192679 0.974935 -0.111253
vn -0.192679 0.974935 -0.111253
vn -0.192679 0.974935 -0.111253
vn -0.192679 0.974935 -0.111253
vn 0.192696 0.974932 0.111248
vn 0.192696 0.974932 0.111248
vn 0.192696 0.974932 0.111248
vn 0.192696 0.974932 0.111248
vn -0.500012 0.000006 0.866018
vn -0.500009 -0.000003 0.866020
vn -0.499994 0.000003 0.866029
vn -0.500016 0.000009 0.866016
vn -0.500016 -0.000009 0.866016
vn -0.500013 -0.000006 0.866018
vn -0.500010 0.000003 0.866020
vn -0.499978 -0.000005 0.866038
vn -0.499978 0.000007 0.866038
vn -0.499995 -0.000002 0.866028
vn -0.499983 -0.000015 0.866035
vn -0.499984 0.000015 0.866035
vn -0.499983 0.000020 0.866035
vn -0.499989 -0.000002 0.866032
vn -0.500001 -0.000007 0.866025
vn 0.499990 -0.000013 -0.866031
vn 0.499996 -0.000003 -0.866028
vn 0.499995 -0.000000 -0.866029
vn 0.499993 0.000011 -0.866029
vn 0.499994 -0.000012 -0.866029
vn 0.499997 0.000001 -0.866027
vn 0.499991 0.000013 -0.866031
vn 0.500000 -0.000001 -0.866026
vn 0.500013 0.000010 -0.866018
vn 0.500006 0.000003 -0.866022
vn 0.500020 -0.000009 -0.866014
vn 0.500021 0.000007 -0.866013
vn 0.500006 -0.000004 -0.866022
vn 0.500012 -0.000009 -0.866018
vn 0.500000 0.000001 -0.866026
vn -0.500021 -0.000006 0.866013
vn -0.500021 -0.000006 0.866013
vn 0.677100 -0.623473 0.390918
vn 0.677100 -0.623473 0.390918
vn 0.677100 -0.623473 0.390918
vn 0.677100 -0.623473 0.390918
vn 0.500020 -0.000005 -0.866014
vn 0.500020 -0.000005 -0.866014
vn -0.677091 0.623486 -0.390913
vn -0.677091 0.623486 -0.390913
vn -0.677091 0.623486 -0.390913
vn -0.677091 0.623486 -0.390913
vn -0.500012 0.000000 0.866018
vn -0.500012 0.000000 0.866018
vn 0.000000 -1.000000 0.000002
vn 0.000000 -1.000000 0.000002
vn 0.000000 -1.000000 0.000002
vn 0.000000 -1.000000 0.000002
vn 0.500077 0.000000 -0.865981
vn 0.500077 0.000000 -0.865981
vn 0.000000 1.000000 0.000000
vn 0.000000 1.000000 0.000000
vn 0.000000 1.000000 0.000000
vn 0.000000 1.000000 0.000000
vn -0.500020 0.000006 0.866014
vn -0.500020 0.000006 0.866014
vn -0.677097 -0.623476 -0.390918
vn -0.677097 -0.623476 -0.390918
vn -0.677097 -0.623476 -0.390918
vn -0.677097 -0.623476 -0.390918
vn 0.500023 0.000004 -0.866013
vn 0.500023 0.000004 -0.866012
vn 0.677097 0.623475 0.390920
vn 0.677097 0.623475 0.390920
vn 0.677097 0.623475 0.390920
vn 0.677097 0.623475 0.390920
vn -0.499981 -0.000025 0.866036
vn -0.499981 -0.000025 0.866036
vn -0.844290 0.222592 -0.487471
vn -0.844290 0.222592 -0.487471
vn -0.844290 0.222592 -0.487471
vn -0.844290 0.222592 -0.487471
vn 0.500020 -0.000005 -0.866014
vn 0.500020 -0.000005 -0.866014
vn 0.844312 -0.222503 0.487473
vn 0.844312 -0.222503 0.487473
vn 0.844312 -0.222503 0.487473
vn 0.844312 -0.222503 0.487473
vn -0.500026 -0.000027 0.866010
vn -0.500026 -0.000027 0.866010
vn -0.375767 0.900964 -0.216941
vn -0.375767 0.900964 -0.216941
vn -0.375767 0.900964 -0.216941
vn -0.375767 0.900964 -0.216941
vn 0.500034 -0.000007 -0.866006
vn 0.500034 -0.000007 -0.866006
vn 0.375762 -0.900965 0.216947
vn 0.375762 -0.900965 0.216947
vn 0.375762 -0.900965 0.216947
vn 0.375762 -0.900965 0.216947
vn -0.500031 0.000027 0.866008
vn -0.500031 0.000027 0.866008
vn 0.375790 0.900949 0.216964
vn 0.375790 0.900949 0.216964
vn 0.375790 0.900949 0.216964
vn 0.375790 0.900949 0.216964
vn 0.500035 0.000007 -0.866005
vn 0.500035 0.000007 -0.866005
vn -0.375665 -0.901022 -0.216878
vn -0.375665 -0.901022 -0.216878
vn -0.375665 -0.901022 -0.216878
vn -0.375665 -0.901022 -0.216878
vn -0.499997 -0.000035 0.866028
vn -0.499997 -0.000035 0.866028
vn 0.844311 0.222499 0.487476
vn 0.844311 0.222499 0.487476
vn 0.844311 0.222499 0.487476
vn 0.844311 0.222499 0.487476
vn 0.500020 0.000006 -0.866014
vn 0.500020 0.000006 -0.866014
vn -0.844291 -0.222552 -0.487486
vn -0.844291 -0.222552 -0.487486
vn -0.844291 -0.222552 -0.487486
vn -0.844291 -0.222552 -0.487486
vn -0.367055 -0.055194 0.928560
vn -0.225258 -0.108956 0.968188
vn -0.225246 -0.108960 0.968190
vn -0.367039 -0.055201 0.928566
vn -0.077636 -0.160133 0.984038
vn -0.077643 -0.160131 0.984038
vn 0.071736 -0.207321 0.975639
vn 0.071727 -0.207319 0.975640
vn 0.219466 -0.249438 0.943194
vn 0.219466 -0.249438 0.943194
vn 0.361812 -0.285408 0.887488
vn 0.361821 -0.285410 0.887484
vn 0.495024 -0.314304 0.810039
vn 0.495023 -0.314304 0.810040
vn 0.616124 -0.335480 0.712632
vn 0.616109 -0.335478 0.712646
vn 0.722169 -0.348410 0.597564
vn 0.722167 -0.348410 0.597566
vn 0.810413 -0.352753 0.467756
vn 0.810411 -0.352753 0.467760
vn 0.878624 -0.348409 0.326544
vn 0.878624 -0.348409 0.326545
vn 0.925190 -0.335498 0.177381
vn 0.925196 -0.335495 0.177358
vn 0.949023 -0.314314 0.023716
vn 0.949023 -0.314313 0.023713
vn 0.949484 -0.285396 -0.130495
vn 0.949485 -0.285399 -0.130483
vn 0.926575 -0.249455 -0.281480
vn 0.926574 -0.249454 -0.281483
vn 0.880782 -0.207312 -0.425729
vn 0.880778 -0.207308 -0.425739
vn 0.813393 -0.160142 -0.559238
vn 0.813389 -0.160140 -0.559244
vn 0.725932 -0.108999 -0.679074
vn 0.725940 -0.109004 -0.679065
vn 0.620567 -0.055168 -0.782210
vn 0.620580 -0.055175 -0.782199
vn 0.500083 -0.000037 -0.865977
vn 0.500073 -0.000033 -0.865983
vn 0.367150 0.055155 -0.928525
vn 0.367149 0.055156 -0.928525
vn 0.225041 0.109035 -0.968229
vn 0.225051 0.109032 -0.968227
vn 0.077543 0.160174 -0.984038
vn 0.077542 0.160174 -0.984038
vn -0.071720 0.207317 -0.975641
vn -0.071732 0.207320 -0.975640
vn -0.219451 0.249434 -0.943199
vn -0.219458 0.249435 -0.943197
vn -0.361734 0.285395 -0.887524
vn -0.361720 0.285391 -0.887530
vn -0.494945 0.314290 -0.810094
vn -0.494947 0.314290 -0.810092
vn -0.616250 0.335501 -0.712513
vn -0.616250 0.335501 -0.712513
vn -0.722214 0.348417 -0.597506
vn -0.722216 0.348417 -0.597503
vn -0.810296 0.352753 -0.467960
vn -0.810293 0.352753 -0.467964
vn -0.878560 0.348413 -0.326712
vn -0.878558 0.348414 -0.326716
vn -0.925206 0.335482 -0.177328
vn -0.925207 0.335481 -0.177325
vn -0.949036 0.314286 -0.023578
vn -0.949035 0.314286 -0.023581
vn -0.949488 0.285401 0.130456
vn -0.949487 0.285398 0.130471
vn -0.926589 0.249470 0.281419
vn -0.926591 0.249472 0.281413
vn -0.880806 0.207333 0.425669
vn -0.880809 0.207336 0.425661
vn -0.813330 0.160105 0.559339
vn -0.813332 0.160107 0.559335
vn -0.725988 0.109033 0.679009
vn -0.725982 0.109029 0.679016
vn -0.620697 0.055226 0.782103
vn -0.620697 0.055226 0.782103
vn -0.499860 -0.000061 0.866106
vn -0.499870 -0.000056 0.866100
vn -0.305405 -0.935761 -0.176294
vn -0.305317 -0.935790 -0.176289
vn -0.305495 -0.935715 -0.176379
vn -0.305663 -0.935671 -0.176324
vn -0.305532 -0.935709 -0.176351
vn -0.305375 -0.935756 -0.176369
vn -0.305406 -0.935746 -0.176371
vn -0.305488 -0.935732 -0.176300
vn -0.305628 -0.935707 -0.176195
vn -0.305499 -0.935716 -0.176369
vn -0.305483 -0.935727 -0.176341
vn -0.305522 -0.935715 -0.176336
vn -0.305419 -0.935698 -0.176605
vn -0.305425 -0.935731 -0.176415
vn -0.305452 -0.935755 -0.176243
vn -0.305449 -0.935747 -0.176293
vn -0.305524 -0.935690 -0.176462
vn -0.305537 -0.935667 -0.176560
vn -0.305364 -0.935765 -0.176345
vn -0.305348 -0.935780 -0.176290
vn -0.305586 -0.935673 -0.176449
vn -0.305496 -0.935703 -0.176440
vn -0.305420 -0.935740 -0.176378
vn -0.305546 -0.935695 -0.176397
vn -0.305625 -0.935671 -0.176387
vn -0.305565 -0.935680 -0.176444
vn -0.305349 -0.935739 -0.176507
vn -0.305486 -0.935718 -0.176381
vn -0.305522 -0.935703 -0.176400
vn -0.305562 -0.935703 -0.176326
vn -0.305552 -0.935687 -0.176431
vn -0.305481 -0.935706 -0.176450
vn -0.305543 -0.935697 -0.176392
vn -0.305500 -0.935702 -0.176445
vn -0.305517 -0.935736 -0.176231
vn -0.305561 -0.935689 -0.176406
vn -0.305547 -0.935685 -0.176451
vn -0.305543 -0.935693 -0.176417
vn -0.305417 -0.935756 -0.176299
vn -0.305540 -0.935709 -0.176333
vn -0.305616 -0.935662 -0.176453
vn 0.305360 0.935774 0.176302
vn 0.305389 0.935765 0.176300
vn 0.305490 0.935717 0.176378
vn 0.305469 0.935736 0.176315
vn 0.305636 0.935684 0.176303
vn 0.305597 0.935692 0.176328
vn 0.305374 0.935752 0.176396
vn 0.305460 0.935735 0.176337
vn 0.305597 0.935708 0.176239
vn 0.305524 0.935715 0.176329
vn 0.305503 0.935721 0.176333
vn 0.305497 0.935708 0.176416
vn 0.305422 0.935697 0.176601
vn 0.305433 0.935731 0.176402
vn 0.305451 0.935752 0.176262
vn 0.305505 0.935685 0.176523
vn 0.305468 0.935697 0.176521
vn 0.305419 0.935741 0.176376
vn 0.305375 0.935762 0.176337
vn 0.305348 0.935780 0.176289
vn 0.305596 0.935669 0.176448
vn 0.305485 0.935707 0.176442
vn 0.305385 0.935752 0.176375
vn 0.305459 0.935722 0.176406
vn 0.305572 0.935694 0.176362
vn 0.305592 0.935678 0.176408
vn 0.305394 0.935733 0.176464
vn 0.305557 0.935700 0.176355
vn 0.305532 0.935697 0.176413
vn 0.305497 0.935712 0.176391
vn 0.305485 0.935702 0.176469
vn 0.305471 0.935719 0.176403
vn 0.305544 0.935711 0.176317
vn 0.305503 0.935714 0.176371
vn 0.305516 0.935739 0.176215
vn 0.305565 0.935683 0.176433
vn 0.305546 0.935683 0.176464
vn 0.305536 0.935700 0.176390
vn 0.305448 0.935742 0.176317
vn 0.305531 0.935712 0.176337
vn 0.305574 0.935682 0.176419
s 1
g group1 Leg3
usemtl aiStandardSurface2SG
f 3161/4503/5789 3162/4504/5790 3163/4505/5791
s 2
f 3164/4506/5792 3165/4507/5793 3166/4508/5794
f 3167/4509/5795 3168/4510/5796 3169/4511/5797
s 4
f 3166/4508/5798 3170/4512/5799 3171/4513/5800
s 1
f 3172/4514/5801 3162/4504/5790 3161/4503/5789
s 4
f 3171/4513/5800 3170/4512/5799 3168/4510/5802
s 5
f 3163/4505/5803 3165/4507/5804 3164/4506/5805
f 3167/4509/5806 3169/4511/5807 3172/4514/5808
f 3163/4505/5803 3173/4515/5809 3165/4507/5804
s 2
f 3166/4508/5794 3165/4507/5793 3173/4515/5810
f 3166/4508/5794 3173/4515/5810 3170/4512/5811
f 3168/4510/5796 3170/4512/5811 3173/4515/5810
f 3169/4511/5797 3168/4510/5796 3173/4515/5810
s 5
f 3172/4514/5808 3169/4511/5807 3173/4515/5809
f 3172/4514/5808 3173/4515/5809 3162/4504/5812
f 3163/4505/5803 3162/4504/5812 3173/4515/5809
s 7
f 3134/4516/5813 3137/4517/5814 3144/4518/5815
s 8
f 3135/4519/5816 3140/4520/5817 3141/4521/5818
f 3132/4522/5819 3143/4523/5820 3136/4524/5821
s 10
f 3140/4520/5822 3133/4525/5823 3142/4526/5824
s 7
f 3138/4527/5825 3134/4516/5813 3144/4518/5815
s 10
f 3133/4525/5823 3136/4524/5826 3142/4526/5824
s 11
f 3137/4517/5827 3135/4519/5828 3141/4521/5829
f 3132/4522/5830 3138/4527/5831 3143/4523/5832
f 3137/4517/5827 3141/4521/5829 3139/4528/5833
s 8
f 3140/4520/5817 3139/4528/5834 3141/4521/5818
f 3140/4520/5817 3142/4526/5835 3139/4528/5834
f 3136/4524/5821 3139/4528/5834 3142/4526/5835
f 3143/4523/5820 3139/4528/5834 3136/4524/5821
s 11
f 3138/4527/5831 3139/4528/5833 3143/4523/5832
f 3138/4527/5831 3144/4518/5836 3139/4528/5833
f 3137/4517/5827 3139/4528/5833 3144/4518/5836
s 13
f 3137/4529/5837 3134/4530/5838 3145/4531/5839 3146/4532/5840
s 14
f 3140/4533/5841 3135/4534/5842 3147/4535/5843 3148/4536/5844
f 3132/4537/5845 3136/4538/5846 3150/4539/5847 3149/4540/5848
f 3133/4541/5849 3140/4533/5841 3148/4536/5844 3151/4542/5850
s 13
f 3134/4543/5838 3138/4544/5851 3152/4545/5852 3145/4546/5839
s 14
f 3136/4538/5846 3133/4547/5849 3151/4548/5850 3150/4539/5847
s 13
f 3135/4549/5853 3137/4529/5837 3146/4532/5840 3147/4550/5854
f 3138/4544/5851 3132/4551/5855 3149/4552/5856 3152/4545/5852
s 16
f 3146/4532/5857 3145/4531/5858 3153/4553/5859 3154/4554/5860
s off
f 3148/4536/5861 3147/4535/5862 3155/4555/5863 3156/4556/5864
f 3149/4540/5865 3150/4539/5866 3158/4557/5867 3157/4558/5868
s 17
f 3151/4542/5869 3148/4536/5870 3156/4556/5871 3159/4559/5872
s 16
f 3145/4546/5858 3152/4545/5873 3160/4560/5874 3153/4553/5859
s 17
f 3150/4539/5875 3151/4548/5869 3159/4559/5872 3158/4557/5876
s off
f 3147/4550/5877 3146/4532/5878 3154/4554/5879 3155/4555/5880
f 3152/4545/5881 3149/4552/5882 3157/4558/5883 3160/4560/5884
s 1
f 3154/4554/5885 3153/4553/5886 3161/4503/5789 3163/4505/5791
s 4
f 3156/4556/5887 3155/4555/5888 3164/4506/5889 3166/4508/5798
f 3157/4558/5890 3158/4557/5891 3168/4510/5802 3167/4509/5892
f 3159/4559/5893 3156/4556/5887 3166/4508/5798 3171/4513/5800
s 1
f 3153/4553/5886 3160/4560/5894 3172/4514/5801 3161/4503/5789
s 4
f 3158/4557/5891 3159/4559/5893 3171/4513/5800 3168/4510/5802
s 1
f 3155/4555/5895 3154/4554/5885 3163/4505/5791 3164/4506/5896
f 3160/4560/5894 3157/4558/5897 3167/4509/5898 3172/4514/5801
s off
f 3230/4561/5899 3231/4562/5900 3233/4563/5901 3232/4564/5902
f 3232/4564/5903 3233/4563/5904 3235/4565/5905 3234/4566/5906
f 3234/4567/5907 3235/4568/5908 3237/4569/5909 3236/4570/5910
f 3236/4571/5911 3237/4572/5912 3231/4562/5913 3230/4561/5914
f 3231/4562/5915 3237/4569/5916 3235/4568/5917 3233/4563/5918
f 3236/4570/5919 3230/4573/5920 3232/4574/5921 3234/4567/5922
f 3238/4575/5923 3239/4576/5924 3241/4577/5925 3240/4578/5926
f 3240/4578/5927 3241/4577/5928 3243/4579/5929 3242/4580/5930
f 3242/4581/5931 3243/4582/5932 3245/4583/5933 3244/4584/5934
f 3244/4585/5935 3245/4586/5936 3239/4576/5937 3238/4575/5938
f 3239/4576/5939 3245/4583/5940 3243/4582/5941 3241/4577/5942
f 3244/4584/5943 3238/4587/5944 3240/4588/5945 3242/4581/5946
s 18
f 3319/4589/5947 3320/4590/5948 3396/4591/5949 3397/4592/5950
s 19
f 3317/4593/5951 3318/4594/5952 3398/4595/5953 3399/4596/5954
s 20
f 3321/4597/5955 3314/4598/5956 3412/4599/5957 3395/4600/5958
s 21
f 3260/4601/5959 3261/4602/5960 3264/4603/5961 3265/4604/5962 3271/4605/5963 3270/4606/5964 3267/4607/5965 3266/4608/5966
s 20
f 3314/4598/5956 3315/4609/5967 3411/4610/5968 3412/4599/5957
s 19
f 3316/4611/5969 3317/4593/5951 3399/4596/5954 3400/4612/5970
s 22
f 3268/4613/5971 3269/4614/5972 3272/4615/5973 3273/4616/5974 3263/4617/5975 3262/4618/5976 3259/4619/5977 3258/4620/5978
s 23
f 3395/4600/5979 3396/4591/5980 3320/4590/5981 3321/4597/5982
s 18
f 3397/4592/5950 3398/4595/5983 3318/4594/5984 3319/4589/5947
s 20
f 3430/4621/5985 3413/4622/5986 3283/4623/5987 3284/4624/5988
s 23
f 3284/4624/5989 3285/4625/5990 3429/4626/5991 3430/4621/5992
s 18
f 3428/4627/5993 3429/4626/5994 3285/4625/5995 3286/4628/5996
f 3286/4628/5996 3287/4629/5997 3427/4630/5998 3428/4627/5993
s 19
f 3426/4631/5999 3427/4630/6000 3287/4629/6001 3288/4632/6002
f 3425/4633/6003 3426/4631/5999 3288/4632/6002 3289/4634/6004
s 20
f 3413/4622/5986 3414/4635/6005 3282/4636/6006 3283/4623/5987
f 3283/4623/5987 3282/4636/6006 3290/4637/6007 3291/4638/6008
f 3284/4624/5988 3283/4623/5987 3291/4638/6008 3292/4639/6009
s 23
f 3292/4639/6010 3293/4640/6011 3285/4625/5990 3284/4624/5989
s 18
f 3286/4628/5996 3285/4625/5995 3293/4640/6012 3294/4641/6013
f 3294/4641/6013 3295/4642/6014 3287/4629/5997 3286/4628/5996
s 19
f 3288/4632/6002 3287/4629/6001 3295/4642/6015 3296/4643/6016
f 3289/4634/6004 3288/4632/6002 3296/4643/6016 3297/4644/6017
s off
f 3297/4645/6018 3290/4646/6019 3282/4647/6020 3289/4648/6021
s 28
f 3339/4649/6022 3338/4650/6023 3340/4651/6024 3341/4652/6025
f 3342/4653/6026 3339/4649/6022 3341/4652/6025 3343/4654/6027
s off
f 3343/4654/6028 3344/4655/6029 3345/4656/6030 3342/4653/6031
s 29
f 3346/4657/6032 3345/4656/6033 3344/4655/6034 3347/4658/6035
f 3347/4658/6035 3348/4659/6036 3349/4660/6037 3346/4657/6032
s 30
f 3350/4661/6038 3349/4660/6039 3348/4659/6040 3351/4662/6041
f 3352/4663/6042 3350/4661/6038 3351/4662/6041 3353/4664/6043
s off
f 3340/4665/6044 3338/4666/6045 3352/4667/6046 3353/4668/6047
s 31
f 3323/4669/6048 3322/4670/6049 3324/4671/6050 3325/4672/6051
s off
f 3326/4673/6052 3324/4674/6053 3322/4675/6054 3327/4676/6055
s 32
f 3327/4677/6056 3328/4678/6057 3329/4679/6058 3326/4680/6059
f 3330/4681/6060 3331/4682/6061 3329/4679/6058 3328/4678/6057
s 33
f 3332/4683/6062 3331/4682/6063 3330/4681/6064 3333/4684/6065
f 3334/4685/6066 3335/4686/6067 3332/4683/6062 3333/4684/6065
s off
f 3336/4687/6068 3335/4686/6069 3334/4685/6070 3337/4688/6071
s 31
f 3323/4669/6048 3325/4672/6051 3336/4687/6072 3337/4688/6073
s 23
f 3275/4689/6074 3276/4690/6075 3307/4691/6076 3306/4692/6077
s 18
f 3308/4693/6078 3307/4691/6079 3276/4690/6080 3277/4694/6081
f 3277/4694/6081 3278/4695/6082 3309/4696/6083 3308/4693/6078
s 19
f 3310/4697/6084 3309/4696/6085 3278/4695/6086 3279/4698/6087
f 3311/4699/6088 3310/4697/6084 3279/4698/6087 3280/4700/6089
s 37
f 3472/4701/6090 3467/4702/6091 3473/4703/6092 3474/4704/6093
s 20
f 3313/4705/6094 3312/4706/6095 3281/4707/6096 3274/4708/6097
f 3306/4692/6098 3313/4705/6094 3274/4708/6097 3275/4689/6099
f 3298/4709/6100 3299/4710/6101 3315/4609/5967 3314/4598/5956
s off
f 3316/4711/6102 3315/4712/6103 3299/4713/6104 3300/4714/6105
s 19
f 3300/4715/6106 3301/4716/6107 3317/4593/5951 3316/4611/5969
f 3301/4716/6107 3302/4717/6108 3318/4594/5952 3317/4593/5951
s 18
f 3319/4589/5947 3318/4594/5984 3302/4717/6109 3303/4718/6110
f 3303/4718/6110 3304/4719/6111 3320/4590/5948 3319/4589/5947
s 23
f 3321/4597/5982 3320/4590/5981 3304/4719/6112 3305/4720/6113
s 20
f 3305/4720/6114 3298/4709/6100 3314/4598/5956 3321/4597/5955
s 22
f 3258/4620/5978 3259/4619/5977 3322/4675/6115 3323/4721/6116
s 39
f 3299/4710/6117 3298/4709/6118 3325/4672/6119 3324/4671/6120
f 3300/4714/6121 3299/4713/6117 3324/4674/6120 3326/4673/6122
s 22
f 3259/4619/5977 3262/4618/5976 3327/4676/6123 3322/4675/6115
f 3262/4618/5976 3263/4617/5975 3328/4722/6124 3327/4676/6123
s 39
f 3301/4716/6125 3300/4715/6121 3326/4680/6122 3329/4679/6126
f 3302/4717/6127 3301/4716/6125 3329/4679/6126 3331/4682/6128
s 22
f 3263/4617/5975 3273/4616/5974 3330/4723/6129 3328/4722/6124
s 39
f 3303/4718/6130 3302/4717/6127 3331/4682/6128 3332/4683/6131
s 22
f 3273/4616/5974 3272/4615/5973 3333/4724/6132 3330/4723/6129
s 39
f 3304/4719/6133 3303/4718/6130 3332/4683/6131 3335/4686/6134
s 22
f 3272/4615/5973 3269/4614/5972 3334/4725/6135 3333/4724/6132
s 39
f 3305/4720/6136 3304/4719/6133 3335/4686/6134 3336/4687/6137
s 22
f 3269/4614/5972 3268/4613/5971 3337/4726/6138 3334/4725/6135
s 39
f 3298/4709/6118 3305/4720/6136 3336/4687/6137 3325/4672/6119
s 22
f 3268/4613/5971 3258/4620/5978 3323/4721/6116 3337/4726/6138
s 40
f 3291/4638/6139 3290/4637/6140 3338/4650/6141 3339/4649/6142
s 21
f 3261/4602/5960 3260/4601/5959 3341/4727/6143 3340/4665/6144
s 40
f 3292/4639/6145 3291/4638/6139 3339/4649/6142 3342/4653/6146
s 21
f 3260/4601/5959 3266/4608/5966 3343/4728/6147 3341/4727/6143
f 3266/4608/5966 3267/4607/5965 3344/4729/6148 3343/4728/6147
s 40
f 3293/4640/6149 3292/4639/6145 3342/4653/6146 3345/4656/6150
f 3294/4641/6151 3293/4640/6149 3345/4656/6150 3346/4657/6152
s 21
f 3267/4607/5965 3270/4606/5964 3347/4730/6153 3344/4729/6148
f 3270/4606/5964 3271/4605/5963 3348/4731/6154 3347/4730/6153
s 40
f 3295/4642/6155 3294/4641/6151 3346/4657/6152 3349/4660/6156
f 3296/4643/6157 3295/4642/6155 3349/4660/6156 3350/4661/6158
s 21
f 3271/4605/5963 3265/4604/5962 3351/4732/6159 3348/4731/6154
s 40
f 3297/4644/6160 3296/4643/6157 3350/4661/6158 3352/4663/6161
s 21
f 3265/4604/5962 3264/4603/5961 3353/4668/6162 3351/4732/6159
s 40
f 3290/4646/6140 3297/4645/6160 3352/4667/6161 3338/4666/6141
s 21
f 3264/4603/5961 3261/4602/5960 3340/4665/6144 3353/4668/6162
s 41
f 3471/4733/6163 3472/4701/6164 3474/4704/6165 3475/4734/6166
s 20
f 3410/4735/6167 3411/4610/5968 3315/4609/5967 3356/4736/6168
s 42
f 3315/4712/6169 3316/4711/6170 3357/4737/6171 3356/4738/6172
s 19
f 3316/4611/5969 3400/4612/5970 3401/4739/6173 3357/4740/6174
s 43
f 3289/4648/6175 3282/4647/6176 3359/4741/6177 3358/4742/6178
s 20
f 3282/4636/6006 3414/4635/6005 3415/4743/6179 3359/4744/6180
s 44
f 3478/4745/6181 3473/4703/6182 3467/4702/6183 3468/4746/6184
s 19
f 3424/4747/6185 3425/4633/6003 3289/4634/6004 3358/4748/6186
s 41
f 3470/4749/6187 3483/4750/6188 3484/4751/6189 3476/4752/6190
s 46
f 3409/4753/6191 3487/4754/6192 3488/4755/6193 3364/4756/6194
s 42
f 3356/4738/6172 3357/4737/6171 3370/4757/6195
s 47
f 3479/4758/6196 3480/4759/6197 3402/4760/6198 3365/4761/6199
s 43
f 3358/4742/6178 3359/4741/6177 3367/4762/6200 3366/4763/6201
s 48
f 3359/4744/6202 3415/4743/6203 3416/4764/6204 3367/4765/6205
s 44
f 3477/4766/6206 3478/4745/6181 3468/4746/6184 3469/4767/6207
s 49
f 3423/4768/6208 3424/4747/6209 3358/4748/6210 3366/4769/6211
s 50
f 3469/4767/6212 3470/4770/6213 3476/4771/6214 3477/4766/6215
s 42
f 3356/4738/6172 3370/4757/6195 3364/4772/6216 3488/4773/6217
f 3370/4757/6195 3357/4737/6171 3479/4774/6218 3365/4775/6219
s 51
f 3403/4776/6220 3404/4777/6221 3374/4778/6222 3376/4779/6223
s 52
f 3404/4777/6224 3405/4780/6225 3375/4781/6226 3374/4778/6227
s 51
f 3378/4782/6228 3377/4783/6229 3421/4784/6230 3422/4785/6231
s 52
f 3377/4783/6232 3379/4786/6233 3420/4787/6234 3421/4784/6235
s 51
f 3365/4761/6236 3402/4760/6237 3403/4788/6220 3376/4789/6223
f 3422/4790/6231 3423/4768/6238 3366/4769/6239 3378/4791/6228
f 3373/4792/6240 3362/4793/6241 3369/4794/6242 3380/4795/6243
s 52
f 3371/4796/6244 3372/4797/6245 3381/4798/6246 3382/4799/6247
s 51
f 3372/4797/6248 3373/4800/6240 3380/4801/6243 3381/4798/6249
s 52
f 3406/4802/6250 3407/4803/6251 3387/4804/6252 3386/4805/6253
s 58
f 3407/4803/6254 3408/4806/6255 3388/4807/6256 3387/4804/6257
f 3408/4808/6255 3409/4753/6258 3364/4756/6259 3388/4809/6256
f 3367/4765/6260 3416/4764/6261 3417/4810/6262 3390/4811/6263
f 3363/4812/6264 3383/4813/6265 3392/4814/6266 3368/4815/6267
s 52
f 3405/4780/6225 3406/4802/6250 3386/4805/6253 3375/4781/6226
f 3419/4816/6268 3420/4787/6234 3379/4786/6233 3389/4817/6269
f 3385/4818/6270 3371/4796/6244 3382/4799/6247 3394/4819/6271
s 42
f 3387/4820/6272 3370/4757/6195 3374/4821/6273
s 43
f 3389/4822/6274 3379/4823/6275 3377/4824/6276 3378/4825/6277 3366/4763/6201 3367/4762/6200 3390/4826/6278 3391/4827/6279
s 58
f 3383/4828/6265 3384/4829/6280 3393/4830/6281 3392/4831/6266
s 52
f 3384/4829/6282 3385/4818/6270 3394/4819/6271 3393/4830/6283
f 3389/4817/6269 3391/4832/6284 3418/4833/6285 3419/4816/6268
s 58
f 3391/4832/6286 3390/4834/6263 3417/4835/6262 3418/4833/6287
s 23
f 3431/4836/6288 3432/4837/6289 3396/4591/5980 3395/4600/5979
s 18
f 3397/4592/5950 3396/4591/5949 3432/4837/6290 3433/4838/6291
f 3433/4838/6291 3434/4839/6292 3398/4595/5983 3397/4592/5950
s 19
f 3399/4596/5954 3398/4595/5953 3434/4839/6293 3435/4840/6294
f 3400/4612/5970 3399/4596/5954 3435/4840/6294 3436/4841/6295
f 3401/4739/6173 3400/4612/5970 3436/4841/6295 3437/4842/6296
s 47
f 3402/4760/6198 3480/4759/6197 3481/4843/6297 3438/4844/6298
s 51
f 3403/4788/6220 3402/4760/6237 3438/4844/6299 3439/4845/6300
f 3439/4846/6300 3440/4847/6301 3404/4777/6221 3403/4776/6220
s 52
f 3440/4847/6302 3441/4848/6303 3405/4780/6225 3404/4777/6224
f 3442/4849/6304 3443/4850/6305 3407/4803/6251 3406/4802/6250
s 58
f 3443/4850/6306 3444/4851/6307 3408/4806/6255 3407/4803/6254
f 3444/4852/6307 3445/4853/6308 3409/4753/6258 3408/4808/6255
s 46
f 3445/4853/6309 3486/4854/6310 3487/4754/6192 3409/4753/6191
s 20
f 3446/4855/6311 3447/4856/6312 3411/4610/5968 3410/4735/6167
f 3412/4599/5957 3411/4610/5968 3447/4856/6312 3448/4857/6313
f 3395/4600/5958 3412/4599/5957 3448/4857/6313 3431/4836/6314
f 3449/4858/6315 3450/4859/6316 3414/4635/6005 3413/4622/5986
f 3415/4743/6179 3414/4635/6005 3450/4859/6316 3451/4860/6317
s 48
f 3416/4764/6204 3415/4743/6203 3451/4860/6318 3452/4861/6319
s 58
f 3417/4810/6262 3416/4764/6261 3452/4861/6320 3453/4862/6321
f 3418/4833/6287 3417/4835/6262 3453/4863/6321 3454/4864/6322
s 52
f 3419/4816/6268 3418/4833/6285 3454/4864/6323 3455/4865/6324
f 3421/4784/6235 3420/4787/6234 3456/4866/6325 3457/4867/6326
s 51
f 3422/4785/6231 3421/4784/6230 3457/4867/6327 3458/4868/6328
f 3458/4869/6328 3459/4870/6329 3423/4768/6238 3422/4790/6231
s 49
f 3459/4870/6330 3460/4871/6331 3424/4747/6209 3423/4768/6208
s 19
f 3460/4871/6332 3461/4872/6333 3425/4633/6003 3424/4747/6185
f 3461/4872/6333 3462/4873/6334 3426/4631/5999 3425/4633/6003
f 3462/4873/6334 3463/4874/6335 3427/4630/6000 3426/4631/5999
s 18
f 3428/4627/5993 3427/4630/5998 3463/4874/6336 3464/4875/6337
f 3464/4875/6337 3465/4876/6338 3429/4626/5994 3428/4627/5993
s 23
f 3430/4621/5992 3429/4626/5991 3465/4876/6339 3466/4877/6340
s 20
f 3466/4877/6341 3449/4858/6315 3413/4622/5986 3430/4621/5985
s 23
f 3306/4692/6077 3307/4691/6076 3432/4837/6289 3431/4836/6288
s 18
f 3433/4838/6291 3432/4837/6290 3307/4691/6079 3308/4693/6078
f 3308/4693/6078 3309/4696/6083 3434/4839/6292 3433/4838/6291
s 19
f 3435/4840/6294 3434/4839/6293 3309/4696/6085 3310/4697/6084
f 3436/4841/6295 3435/4840/6294 3310/4697/6084 3311/4699/6088
f 3437/4842/6296 3436/4841/6295 3311/4699/6088 3354/4878/6342
s 47
f 3438/4844/6298 3481/4843/6297 3482/4879/6343 3362/4793/6344
s 51
f 3439/4845/6300 3438/4844/6299 3362/4793/6241 3373/4792/6240
f 3373/4800/6240 3372/4797/6248 3440/4847/6301 3439/4846/6300
s 52
f 3372/4797/6245 3371/4796/6244 3441/4848/6303 3440/4847/6302
f 3371/4796/6244 3385/4818/6270 3442/4849/6304 3441/4848/6303
f 3385/4818/6270 3384/4829/6282 3443/4850/6305 3442/4849/6304
s 58
f 3384/4829/6280 3383/4828/6265 3444/4851/6307 3443/4850/6306
f 3363/4812/6264 3445/4853/6308 3444/4852/6307 3383/4813/6265
s 46
f 3485/4880/6345 3486/4854/6310 3445/4853/6309 3363/4812/6346
s 20
f 3312/4706/6095 3447/4856/6312 3446/4855/6311 3355/4881/6347
f 3448/4857/6313 3447/4856/6312 3312/4706/6095 3313/4705/6094
f 3431/4836/6314 3448/4857/6313 3313/4705/6094 3306/4692/6098
f 3274/4708/6097 3281/4707/6096 3450/4859/6316 3449/4858/6315
f 3451/4860/6317 3450/4859/6316 3281/4707/6096 3360/4882/6348
s 48
f 3452/4861/6319 3451/4860/6318 3360/4882/6349 3368/4815/6350
s 58
f 3453/4862/6321 3452/4861/6320 3368/4815/6267 3392/4814/6266
f 3454/4864/6322 3453/4863/6321 3392/4831/6266 3393/4830/6281
s 52
f 3455/4865/6324 3454/4864/6323 3393/4830/6283 3394/4819/6271
f 3382/4799/6247 3456/4866/6325 3455/4865/6324 3394/4819/6271
f 3457/4867/6326 3456/4866/6325 3382/4799/6247 3381/4798/6246
s 51
f 3458/4868/6328 3457/4867/6327 3381/4798/6249 3380/4801/6243
f 3369/4794/6242 3459/4870/6329 3458/4869/6328 3380/4795/6243
s 49
f 3361/4883/6351 3460/4871/6331 3459/4870/6330 3369/4794/6352
s 19
f 3280/4700/6089 3461/4872/6333 3460/4871/6332 3361/4883/6353
f 3280/4700/6089 3279/4698/6087 3462/4873/6334 3461/4872/6333
f 3279/4698/6087 3278/4695/6086 3463/4874/6335 3462/4873/6334
s 18
f 3464/4875/6337 3463/4874/6336 3278/4695/6082 3277/4694/6081
f 3277/4694/6081 3276/4690/6080 3465/4876/6338 3464/4875/6337
s 23
f 3466/4877/6340 3465/4876/6339 3276/4690/6075 3275/4689/6074
s 20
f 3275/4689/6099 3274/4708/6097 3449/4858/6315 3466/4877/6341
s 44
f 3468/4746/6184 3467/4702/6183 3280/4884/6354 3361/4885/6355
f 3469/4767/6207 3468/4746/6184 3361/4885/6355 3369/4886/6356
s 50
f 3362/4887/6357 3470/4770/6213 3469/4767/6212 3369/4886/6358
s 41
f 3482/4888/6359 3483/4750/6188 3470/4749/6187 3362/4889/6360
f 3311/4890/6361 3472/4701/6164 3471/4733/6163 3354/4891/6362
s 37
f 3280/4884/6363 3467/4702/6091 3472/4701/6090 3311/4890/6364
f 3474/4704/6093 3473/4703/6092 3281/4892/6365 3312/4893/6366
s 41
f 3475/4734/6166 3474/4704/6165 3312/4893/6367 3355/4894/6368
f 3476/4752/6190 3484/4751/6189 3485/4895/6369 3363/4896/6370
s 50
f 3477/4766/6215 3476/4771/6214 3363/4897/6371 3368/4898/6372
s 44
f 3360/4899/6373 3478/4745/6181 3477/4766/6206 3368/4898/6374
f 3281/4892/6375 3473/4703/6182 3478/4745/6181 3360/4899/6373
s 47
f 3357/4740/6376 3401/4739/6377 3480/4759/6197 3479/4758/6196
f 3481/4843/6297 3480/4759/6197 3401/4739/6377 3437/4842/6378
f 3482/4879/6343 3481/4843/6297 3437/4842/6378 3354/4878/6379
s 41
f 3354/4891/6362 3471/4733/6163 3483/4750/6188 3482/4888/6359
f 3484/4751/6189 3483/4750/6188 3471/4733/6163 3475/4734/6166
f 3485/4895/6369 3484/4751/6189 3475/4734/6166 3355/4894/6368
s 46
f 3355/4881/6380 3446/4855/6381 3486/4854/6310 3485/4880/6345
f 3487/4754/6192 3486/4854/6310 3446/4855/6381 3410/4735/6382
f 3488/4755/6193 3487/4754/6192 3410/4735/6382 3356/4736/6383
s 42
f 3387/4820/6272 3374/4821/6273 3375/4900/6384 3386/4901/6385
f 3374/4821/6273 3370/4757/6195 3365/4775/6219 3376/4902/6386
f 3364/4772/6216 3370/4757/6195 3387/4820/6272 3388/4903/6387
s 52
f 3441/4848/6303 3442/4849/6304 3490/4904/6388 3489/4905/6389
f 3442/4849/6304 3406/4802/6250 3491/4906/6390 3490/4904/6388
f 3406/4802/6250 3405/4780/6225 3492/4907/6391 3491/4906/6390
f 3405/4780/6225 3441/4848/6303 3489/4905/6389 3492/4907/6391
f 3455/4865/6324 3456/4866/6325 3494/4908/6392 3493/4909/6393
f 3456/4866/6325 3420/4787/6234 3495/4910/6394 3494/4908/6392
f 3420/4787/6234 3419/4816/6268 3496/4911/6395 3495/4910/6394
f 3419/4816/6268 3455/4865/6324 3493/4909/6393 3496/4911/6395
s 61
f 3489/4912/6396 3490/4913/6397 3498/4914/6398 3497/4915/6399
s 62
f 3490/4916/6400 3491/4917/6401 3499/4918/6402 3498/4919/6403
s 63
f 3491/4920/6404 3492/4921/6405 3500/4922/6406 3499/4923/6407
s 64
f 3492/4924/6408 3489/4925/6409 3497/4926/6410 3500/4927/6411
s 65
f 3493/4928/6412 3494/4929/6413 3502/4930/6414 3501/4931/6415
s 66
f 3494/4932/6416 3495/4933/6417 3503/4934/6418 3502/4935/6419
s 67
f 3495/4936/6420 3496/4937/6421 3504/4938/6422 3503/4939/6423
s 68
f 3496/4940/6424 3493/4941/6425 3501/4942/6426 3504/4943/6427
s 61
f 3497/4915/6399 3498/4914/6398 3506/4944/6428 3505/4945/6429
s 62
f 3498/4919/6403 3499/4918/6402 3507/4946/6430 3506/4947/6431
s 63
f 3499/4923/6407 3500/4922/6406 3508/4948/6432 3507/4949/6433
s 64
f 3500/4927/6411 3497/4926/6410 3505/4950/6434 3508/4951/6435
s 65
f 3501/4931/6415 3502/4930/6414 3510/4952/6436 3509/4953/6437
s 66
f 3502/4935/6419 3503/4934/6418 3511/4954/6438 3510/4955/6439
s 67
f 3503/4939/6423 3504/4938/6422 3512/4956/6440 3511/4957/6441
s 68
f 3504/4943/6427 3501/4942/6426 3509/4958/6442 3512/4959/6443
s 69
f 3513/4960/6444 3514/4961/6445 3522/4962/6446 3521/4963/6447
s 70
f 3514/4961/6448 3515/4964/6449 3523/4965/6450 3522/4962/6451
s 71
f 3515/4964/6452 3516/4966/6453 3524/4967/6454 3523/4965/6455
s 72
f 3516/4966/6456 3517/4968/6457 3525/4969/6458 3524/4967/6459
s 73
f 3518/4970/6460 3519/4971/6461 3527/4972/6462 3526/4973/6463
s 74
f 3520/4974/6464 3513/4960/6465 3521/4963/6466 3528/4975/6467
s 75
f 3530/4976/6468 3529/4977/6469 3531/4978/6470
f 3532/4979/6471 3530/4976/6468 3531/4978/6470
f 3533/4980/6472 3532/4979/6471 3531/4978/6470
f 3534/4981/6473 3533/4980/6472 3531/4978/6470
f 3535/4982/6474 3534/4981/6473 3531/4978/6470
f 3536/4983/6475 3535/4982/6474 3531/4978/6470
f 3537/4984/6476 3536/4983/6475 3531/4978/6470
f 3529/4977/6469 3537/4984/6476 3531/4978/6470
s 76
f 3538/4985/6477 3539/4986/6478 3540/4987/6479
f 3539/4986/6478 3541/4988/6480 3540/4987/6479
f 3541/4988/6480 3542/4989/6481 3540/4987/6479
f 3542/4989/6481 3543/4990/6482 3540/4987/6479
f 3543/4990/6482 3544/4991/6483 3540/4987/6479
f 3544/4991/6483 3545/4992/6484 3540/4987/6479
f 3545/4992/6484 3546/4993/6485 3540/4987/6479
f 3546/4993/6485 3538/4985/6477 3540/4987/6479
s 62
f 3506/4947/6431 3507/4946/6430 3528/4994/6486 3527/4995/6487
s 63
f 3507/4949/6433 3508/4948/6432 3520/4974/6488 3528/4975/6489
s 64
f 3508/4951/6435 3505/4950/6434 3519/4996/6490 3520/4997/6491
s 61
f 3505/4945/6429 3506/4944/6428 3527/4972/6492 3519/4971/6493
s 66
f 3510/4955/6439 3511/4954/6438 3517/4998/6494 3518/4999/6495
s 67
f 3511/4957/6441 3512/4956/6440 3525/4969/6496 3517/4968/6497
s 68
f 3512/4959/6443 3509/4958/6442 3526/5000/6498 3525/5001/6499
s 65
f 3509/4953/6437 3510/4952/6436 3518/4970/6500 3526/4973/6501
s 69
f 3514/4961/6445 3513/4960/6444 3529/5002/6502 3530/4976/6503
s 70
f 3515/4964/6449 3514/4961/6448 3530/4976/6504 3532/4979/6505
s 71
f 3516/4966/6453 3515/4964/6452 3532/4979/6506 3533/5003/6507
s 72
f 3517/4968/6457 3516/4966/6456 3533/5003/6508 3534/5004/6509
s off
f 3518/4999/6510 3517/4998/6511 3534/4981/6512 3535/4982/6513
s 73
f 3519/5005/6461 3518/5006/6460 3535/4982/6514 3536/4983/6515
s off
f 3520/4997/6516 3519/4996/6517 3536/4983/6518 3537/4984/6519
s 74
f 3513/4960/6465 3520/4974/6464 3537/5007/6520 3529/5002/6521
s 69
f 3521/4963/6447 3522/4962/6446 3539/4986/6522 3538/5008/6523
s 70
f 3522/4962/6451 3523/4965/6450 3541/4988/6524 3539/4986/6525
s 71
f 3523/4965/6455 3524/4967/6454 3542/5009/6526 3541/4988/6527
s 72
f 3524/4967/6459 3525/4969/6458 3543/5010/6528 3542/5009/6529
s off
f 3525/5001/6530 3526/5000/6531 3544/4991/6532 3543/4990/6533
s 73
f 3526/4973/6463 3527/4972/6462 3545/5011/6534 3544/5012/6535
s off
f 3527/4995/6536 3528/4994/6537 3546/4993/6538 3545/4992/6539
s 74
f 3528/4975/6467 3521/4963/6466 3538/5008/6540 3546/5013/6541
s off
f 3808/5014/6542 3809/5015/6543 3811/5016/6544 3810/5017/6545
f 3810/5017/6546 3811/5016/6547 3813/5018/6548 3812/5019/6549
f 3812/5020/6550 3813/5021/6551 3815/5022/6552 3814/5023/6553
f 3814/5024/6554 3815/5025/6555 3809/5015/6556 3808/5014/6557
f 3809/5015/6558 3815/5022/6559 3813/5021/6560 3811/5016/6561
f 3814/5023/6562 3808/5026/6563 3810/5027/6564 3812/5020/6565
s 77
f 3824/5028/6566 3825/5029/6567 3834/5030/6568 3835/5031/6569
s 78
f 3818/5032/6570 3819/5033/6571 3821/5034/6572 3820/5035/6573
s 79
f 3832/5036/6574 3833/5037/6575 3826/5038/6576 3827/5039/6577
s 80
f 3822/5040/6578 3823/5041/6579 3817/5042/6580 3816/5043/6581
s off
f 3825/5029/6582 3826/5044/6583 3833/5045/6584 3834/5030/6585
f 3827/5046/6586 3824/5028/6587 3835/5031/6588 3832/5047/6589
s 77
f 3828/5048/6590 3829/5049/6591 3825/5029/6567 3824/5028/6566
s 81
f 3864/5050/6592 3865/5051/6593 3866/5052/6594 3867/5053/6595
s 79
f 3827/5039/6577 3826/5038/6576 3830/5054/6596 3831/5055/6597
s 82
f 3868/5056/6598 3869/5057/6599 3870/5058/6600 3871/5059/6601
s 77
f 3836/5060/6602 3837/5061/6603 3829/5049/6591 3828/5048/6590
s off
f 3837/5061/6604 3838/5062/6605 3830/5063/6606 3829/5049/6607
s 79
f 3831/5055/6597 3830/5054/6596 3838/5064/6608 3839/5065/6609
s off
f 3839/5066/6610 3836/5060/6611 3828/5048/6612 3831/5067/6613
s 79
f 3820/5068/6614 3821/5069/6615 3833/5037/6575 3832/5036/6574
s 83
f 3873/5070/6616 3872/5071/6617 3874/5072/6618 3875/5073/6619
s 77
f 3835/5031/6569 3834/5030/6568 3819/5074/6620 3818/5075/6621
s 84
f 3877/5076/6622 3876/5077/6623 3878/5078/6624 3879/5079/6625
s 77
f 3816/5080/6626 3817/5081/6627 3837/5061/6603 3836/5060/6602
s 85
f 3881/5082/6628 3880/5083/6629 3882/5084/6630 3883/5085/6631
s 79
f 3839/5065/6609 3838/5064/6608 3823/5086/6632 3822/5087/6633
s 86
f 3884/5088/6634 3885/5089/6635 3886/5090/6636 3887/5091/6637
s 87
f 3829/5092/6638 3830/5093/6639 3841/5094/6640 3840/5095/6641
s 79
f 3830/5054/6596 3826/5038/6576 3842/5096/6642 3841/5097/6643
s 88
f 3826/5098/6644 3825/5099/6645 3843/5100/6646 3842/5101/6647
s 77
f 3825/5099/6567 3829/5092/6591 3840/5095/6648 3843/5100/6649
s 87
f 3831/5102/6650 3828/5103/6651 3845/5104/6652 3844/5105/6653
s 77
f 3828/5103/6590 3824/5106/6566 3846/5107/6654 3845/5104/6655
s 88
f 3824/5106/6656 3827/5108/6657 3847/5109/6658 3846/5107/6659
s 79
f 3827/5039/6577 3831/5055/6597 3844/5110/6660 3847/5111/6661
s 91
f 3834/5112/6662 3833/5113/6663 3848/5114/6664 3849/5115/6665
s 79
f 3833/5037/6575 3821/5069/6615 3850/5116/6666 3848/5117/6667
s 78
f 3821/5034/6572 3819/5033/6571 3851/5118/6668 3850/5119/6669
s 77
f 3819/5120/6620 3834/5112/6568 3849/5115/6670 3851/5121/6671
s 91
f 3832/5122/6672 3835/5123/6673 3852/5124/6674 3853/5125/6675
s 77
f 3835/5123/6569 3818/5126/6621 3854/5127/6676 3852/5124/6677
s 78
f 3818/5032/6570 3820/5035/6573 3855/5128/6678 3854/5129/6679
s 79
f 3820/5068/6614 3832/5036/6574 3853/5130/6680 3855/5131/6681
s 80
f 3817/5042/6580 3823/5041/6579 3856/5132/6682 3857/5133/6683
s 79
f 3823/5086/6632 3838/5064/6608 3858/5134/6684 3856/5135/6685
s 93
f 3838/5136/6686 3837/5137/6687 3859/5138/6688 3858/5139/6689
s 77
f 3837/5137/6603 3817/5140/6627 3857/5141/6690 3859/5138/6691
s 80
f 3822/5040/6578 3816/5043/6581 3861/5142/6692 3860/5143/6693
s 77
f 3816/5144/6626 3836/5145/6602 3862/5146/6694 3861/5147/6695
s 93
f 3836/5145/6696 3839/5148/6697 3863/5149/6698 3862/5146/6699
s 79
f 3839/5065/6609 3822/5087/6633 3860/5150/6700 3863/5151/6701
s 87
f 3840/5095/6641 3841/5094/6640 3865/5051/6702 3864/5050/6703
s 88
f 3842/5101/6647 3843/5100/6646 3867/5053/6704 3866/5052/6705
s 77
f 3843/5100/6649 3840/5095/6648 3864/5050/6706 3867/5053/6707
s 87
f 3844/5105/6653 3845/5104/6652 3869/5057/6708 3868/5056/6709
s 77
f 3845/5104/6655 3846/5107/6654 3870/5058/6710 3869/5057/6711
s 88
f 3846/5107/6659 3847/5109/6658 3871/5059/6712 3870/5058/6713
s 91
f 3849/5115/6665 3848/5114/6664 3872/5071/6714 3873/5070/6715
s 78
f 3850/5119/6669 3851/5118/6668 3875/5152/6716 3874/5153/6717
s 77
f 3851/5121/6671 3849/5115/6670 3873/5070/6718 3875/5073/6719
s 91
f 3853/5125/6675 3852/5124/6674 3876/5077/6720 3877/5076/6721
s 77
f 3852/5124/6677 3854/5127/6676 3878/5078/6722 3876/5077/6723
s 78
f 3854/5129/6679 3855/5128/6678 3879/5154/6724 3878/5155/6725
s 80
f 3857/5133/6683 3856/5132/6682 3880/5156/6726 3881/5157/6727
s 93
f 3858/5139/6689 3859/5138/6688 3883/5085/6728 3882/5084/6729
s 77
f 3859/5138/6691 3857/5141/6690 3881/5082/6730 3883/5085/6731
s 80
f 3860/5143/6693 3861/5142/6692 3885/5158/6732 3884/5159/6733
s 77
f 3861/5147/6695 3862/5146/6694 3886/5090/6734 3885/5089/6735
s 93
f 3862/5146/6699 3863/5149/6698 3887/5091/6736 3886/5090/6737
s 95
f 3841/5097/6738 3842/5096/6739 3888/5160/6740 3889/5161/6741
s 88
f 3842/5101/6647 3866/5052/6705 3890/5162/6742 3888/5163/6743
s 81
f 3866/5052/6594 3865/5051/6593 3891/5164/6744 3890/5162/6745
s 87
f 3865/5051/6702 3841/5094/6640 3889/5165/6746 3891/5164/6747
s 96
f 3847/5111/6748 3844/5110/6749 3893/5166/6750 3892/5167/6751
s 87
f 3844/5105/6653 3868/5056/6709 3894/5168/6752 3893/5169/6753
s 82
f 3868/5056/6598 3871/5059/6601 3895/5170/6754 3894/5168/6755
s 88
f 3871/5059/6712 3847/5109/6658 3892/5171/6756 3895/5170/6757
s 97
f 3848/5117/6758 3850/5116/6759 3896/5172/6760 3897/5173/6761
s 78
f 3850/5119/6669 3874/5153/6717 3898/5174/6762 3896/5175/6763
s 83
f 3874/5072/6618 3872/5071/6617 3899/5176/6764 3898/5177/6765
s 91
f 3872/5071/6714 3848/5114/6664 3897/5178/6766 3899/5176/6767
s 98
f 3855/5131/6768 3853/5130/6769 3901/5179/6770 3900/5180/6771
s 91
f 3853/5125/6675 3877/5076/6721 3902/5181/6772 3901/5182/6773
s 84
f 3877/5076/6622 3879/5079/6625 3903/5183/6774 3902/5181/6775
s 78
f 3879/5154/6724 3855/5128/6678 3900/5184/6776 3903/5185/6777
s 99
f 3856/5135/6778 3858/5134/6779 3904/5186/6780 3905/5187/6781
s 93
f 3858/5139/6689 3882/5084/6729 3906/5188/6782 3904/5189/6783
s 85
f 3882/5084/6630 3880/5083/6629 3907/5190/6784 3906/5188/6785
s 80
f 3880/5156/6726 3856/5132/6682 3905/5191/6786 3907/5192/6787
s 100
f 3863/5151/6788 3860/5150/6789 3909/5193/6790 3908/5194/6791
s 80
f 3860/5143/6693 3884/5159/6733 3910/5195/6792 3909/5196/6793
s 86
f 3884/5088/6634 3887/5091/6637 3911/5197/6794 3910/5198/6795
s 93
f 3887/5091/6736 3863/5149/6698 3908/5199/6796 3911/5197/6797
s 97
f 3897/5173/6761 3896/5172/6760 3912/5200/6798 3913/5201/6799
s 78
f 3896/5175/6763 3898/5174/6762 3914/5202/6800 3912/5203/6801
s 83
f 3898/5177/6765 3899/5176/6764 3915/5204/6802 3914/5205/6803
s 91
f 3899/5176/6767 3897/5178/6766 3913/5206/6804 3915/5204/6805
s 98
f 3900/5180/6771 3901/5179/6770 3917/5207/6806 3916/5208/6807
s 91
f 3901/5182/6773 3902/5181/6772 3918/5209/6808 3917/5210/6809
s 84
f 3902/5181/6775 3903/5183/6774 3919/5211/6810 3918/5209/6811
s 78
f 3903/5185/6777 3900/5184/6776 3916/5212/6812 3919/5213/6813
s 101
f 3913/5201/6814 3912/5200/6815 3920/5214/6816 3921/5215/6817
s 78
f 3912/5203/6801 3914/5202/6800 3922/5216/6818 3920/5217/6819
s 102
f 3914/5205/6820 3915/5204/6821 3923/5218/6822 3922/5219/6823
s 91
f 3915/5204/6805 3913/5220/6804 3921/5221/6824 3923/5218/6825
s 101
f 3916/5208/6826 3917/5207/6827 3925/5222/6828 3924/5223/6829
s 91
f 3917/5224/6809 3918/5209/6808 3926/5225/6830 3925/5226/6831
s 102
f 3918/5209/6832 3919/5211/6833 3927/5227/6834 3926/5225/6835
s 78
f 3919/5213/6813 3916/5212/6812 3924/5228/6836 3927/5229/6837
s 101
f 3921/5230/6817 3920/5231/6816 3924/5223/6829 3925/5222/6828
s 78
f 3920/5217/6819 3922/5216/6818 3927/5229/6837 3924/5228/6836
s 102
f 3922/5219/6823 3923/5218/6822 3926/5225/6835 3927/5227/6834
s 91
f 3923/5218/6825 3921/5221/6824 3925/5226/6831 3926/5225/6830
s 95
f 3889/5161/6741 3888/5160/6740 3928/5232/6838 3929/5233/6839
s 88
f 3888/5234/6743 3890/5162/6742 3930/5235/6840 3928/5236/6841
s 81
f 3890/5162/6745 3891/5164/6744 3931/5237/6842 3930/5235/6843
s 87
f 3891/5164/6747 3889/5238/6746 3929/5239/6844 3931/5237/6845
s 96
f 3892/5167/6751 3893/5166/6750 3933/5240/6846 3932/5241/6847
s 87
f 3893/5242/6753 3894/5168/6752 3934/5243/6848 3933/5244/6849
s 82
f 3894/5168/6755 3895/5170/6754 3935/5245/6850 3934/5243/6851
s 88
f 3895/5170/6757 3892/5246/6756 3932/5247/6852 3935/5245/6853
s 99
f 3905/5187/6781 3904/5186/6780 3936/5248/6854 3937/5249/6855
s 93
f 3904/5250/6783 3906/5188/6782 3938/5251/6856 3936/5252/6857
s 85
f 3906/5188/6785 3907/5190/6784 3939/5253/6858 3938/5251/6859
s 80
f 3907/5192/6787 3905/5191/6786 3937/5254/6860 3939/5255/6861
s 100
f 3908/5194/6791 3909/5193/6790 3941/5256/6862 3940/5257/6863
s 80
f 3909/5196/6793 3910/5195/6792 3942/5258/6864 3941/5259/6865
s 86
f 3910/5198/6795 3911/5197/6794 3943/5260/6866 3942/5261/6867
s 93
f 3911/5197/6797 3908/5262/6796 3940/5263/6868 3943/5260/6869
s 103
f 3929/5233/6870 3928/5232/6871 3944/5264/6872 3945/5265/6873
s 88
f 3928/5236/6841 3930/5235/6840 3946/5266/6874 3944/5267/6875
s 104
f 3930/5235/6876 3931/5237/6877 3947/5268/6878 3946/5266/6879
s 87
f 3931/5237/6845 3929/5239/6844 3945/5269/6880 3947/5268/6881
s 103
f 3932/5241/6882 3933/5240/6883 3949/5270/6884 3948/5271/6885
s 87
f 3933/5244/6849 3934/5243/6848 3950/5272/6886 3949/5273/6887
s 104
f 3934/5243/6888 3935/5245/6889 3951/5274/6890 3950/5272/6891
s 88
f 3935/5245/6853 3932/5247/6852 3948/5275/6892 3951/5274/6893
s 103
f 3945/5276/6873 3944/5277/6872 3948/5271/6885 3949/5270/6884
s 88
f 3944/5267/6875 3946/5266/6874 3951/5274/6893 3948/5275/6892
s 104
f 3946/5266/6879 3947/5268/6878 3950/5272/6891 3951/5274/6890
s 87
f 3947/5268/6881 3945/5269/6880 3949/5273/6887 3950/5272/6886
s 105
f 3937/5249/6894 3936/5248/6895 3952/5278/6896 3953/5279/6897
s 93
f 3936/5252/6857 3938/5251/6856 3954/5280/6898 3952/5281/6899
s 106
f 3938/5251/6900 3939/5253/6901 3955/5282/6902 3954/5280/6903
s 80
f 3939/5255/6861 3937/5254/6860 3953/5283/6904 3955/5284/6905
s 105
f 3940/5257/6906 3941/5256/6907 3957/5285/6908 3956/5286/6909
s 80
f 3941/5259/6865 3942/5258/6864 3958/5287/6910 3957/5288/6911
s 106
f 3942/5261/6912 3943/5260/6913 3959/5289/6914 3958/5290/6915
s 93
f 3943/5260/6869 3940/5263/6868 3956/5291/6916 3959/5289/6917
s 105
f 3953/5292/6897 3952/5293/6896 3956/5286/6909 3957/5285/6908
s 93
f 3952/5281/6899 3954/5280/6898 3959/5289/6917 3956/5291/6916
s 106
f 3954/5280/6903 3955/5282/6902 3958/5290/6915 3959/5289/6914
s 80
f 3955/5284/6905 3953/5283/6904 3957/5288/6911 3958/5287/6910
s off
f 3990/5294/6918 3991/5295/6919 3992/5296/6920 3993/5297/6921
f 3961/5298/6922 3962/5299/6923 3976/5300/6924 3975/5301/6925
f 3994/5302/6926 3995/5303/6927 3996/5304/6928 3997/5305/6929
f 3963/5306/6930 3964/5307/6931 3978/5308/6932 3977/5309/6933
f 3998/5310/6934 3999/5311/6935 4000/5312/6936 4001/5313/6937
f 3965/5314/6938 3966/5315/6939 3980/5316/6940 3979/5317/6941
f 4002/5318/6942 4003/5319/6943 4004/5320/6944 4005/5321/6945
f 3967/5322/6946 3968/5323/6947 3982/5324/6948 3981/5325/6949
f 4006/5326/6950 4007/5327/6951 4008/5328/6952 4009/5329/6953
f 3969/5330/6954 3970/5331/6955 3984/5332/6956 3983/5333/6957
f 4010/5334/6958 4011/5335/6959 4012/5336/6960 4013/5337/6961
f 3971/5338/6962 3972/5339/6963 3986/5340/6964 3985/5341/6965
f 4014/5342/6966 4015/5343/6967 4016/5344/6968 4017/5345/6969
f 3973/5346/6970 3960/5347/6971 3974/5348/6972 3987/5349/6973
s 107
f 3961/5350/6974 3960/5351/6975 3988/5352/6976
f 3962/5353/6977 3961/5350/6974 3988/5352/6976
f 3963/5354/6978 3962/5353/6977 3988/5352/6976
f 3964/5355/6979 3963/5354/6978 3988/5352/6976
f 3965/5356/6980 3964/5355/6979 3988/5352/6976
f 3966/5357/6981 3965/5356/6980 3988/5352/6976
f 3967/5358/6982 3966/5357/6981 3988/5352/6976
f 3968/5359/6983 3967/5358/6982 3988/5352/6976
f 3969/5360/6984 3968/5359/6983 3988/5352/6976
f 3970/5361/6985 3969/5360/6984 3988/5352/6976
f 3971/5362/6986 3970/5361/6985 3988/5352/6976
f 3972/5363/6987 3971/5362/6986 3988/5352/6976
f 3973/5364/6988 3972/5363/6987 3988/5352/6976
f 3960/5351/6975 3973/5364/6988 3988/5352/6976
s 108
f 3974/5365/6989 3975/5366/6990 3989/5367/6991
f 3975/5366/6990 3976/5368/6992 3989/5367/6991
f 3976/5368/6992 3977/5369/6993 3989/5367/6991
f 3977/5369/6993 3978/5370/6994 3989/5367/6991
f 3978/5370/6994 3979/5371/6995 3989/5367/6991
f 3979/5371/6995 3980/5372/6996 3989/5367/6991
f 3980/5372/6996 3981/5373/6997 3989/5367/6991
f 3981/5373/6997 3982/5374/6998 3989/5367/6991
f 3982/5374/6998 3983/5375/6999 3989/5367/6991
f 3983/5375/6999 3984/5376/7000 3989/5367/6991
f 3984/5376/7000 3985/5377/7001 3989/5367/6991
f 3985/5377/7001 3986/5378/7002 3989/5367/6991
f 3986/5378/7002 3987/5379/7003 3989/5367/6991
f 3987/5379/7003 3974/5365/6989 3989/5367/6991
s 107
f 3960/5351/6975 3961/5350/6974 3991/5380/7004 3990/5381/7005
s off
f 3961/5298/7006 3975/5301/7007 3992/5296/7008 3991/5295/7009
s 108
f 3975/5366/6990 3974/5365/6989 3993/5382/7010 3992/5383/7011
s off
f 3974/5348/7012 3960/5347/7013 3990/5294/7014 3993/5297/7015
s 107
f 3962/5353/6977 3963/5354/6978 3995/5384/7016 3994/5385/7017
s off
f 3963/5306/7018 3977/5309/7019 3996/5304/7020 3995/5303/7021
s 108
f 3977/5369/6993 3976/5368/6992 3997/5386/7022 3996/5387/7023
s off
f 3976/5300/7024 3962/5299/7025 3994/5302/7026 3997/5305/7027
s 107
f 3964/5355/6979 3965/5356/6980 3999/5388/7028 3998/5389/7029
s off
f 3965/5314/7030 3979/5317/7031 4000/5312/7032 3999/5311/7033
s 108
f 3979/5371/6995 3978/5370/6994 4001/5390/7034 4000/5391/7035
s off
f 3978/5308/7036 3964/5307/7037 3998/5310/7038 4001/5313/7039
s 107
f 3966/5357/6981 3967/5358/6982 4003/5392/7040 4002/5393/7041
s off
f 3967/5322/7042 3981/5325/7043 4004/5320/7044 4003/5319/7045
s 108
f 3981/5373/6997 3980/5372/6996 4005/5394/7046 4004/5395/7047
s off
f 3980/5316/7048 3966/5315/7049 4002/5318/7050 4005/5321/7051
s 107
f 3968/5359/6983 3969/5360/6984 4007/5396/7052 4006/5397/7053
s off
f 3969/5330/7054 3983/5333/7055 4008/5328/7056 4007/5327/7057
s 108
f 3983/5375/6999 3982/5374/6998 4009/5398/7058 4008/5399/7059
s off
f 3982/5324/7060 3968/5323/7061 4006/5326/7062 4009/5329/7063
s 107
f 3970/5361/6985 3971/5362/6986 4011/5400/7064 4010/5401/7065
s off
f 3971/5338/7066 3985/5341/7067 4012/5336/7068 4011/5335/7069
s 108
f 3985/5377/7001 3984/5376/7000 4013/5402/7070 4012/5403/7071
s off
f 3984/5332/7072 3970/5331/7073 4010/5334/7074 4013/5337/7075
s 107
f 3972/5363/6987 3973/5364/6988 4015/5343/7076 4014/5342/7077
s off
f 3973/5346/7078 3987/5349/7079 4016/5344/7080 4015/5343/7081
s 108
f 3987/5379/7003 3986/5378/7002 4017/5345/7082 4016/5344/7083
s off
f 3986/5340/7084 3972/5339/7085 4014/5404/7086 4017/5405/7087
f 4048/5406/7088 4049/5407/7089 4050/5408/7090 4051/5409/7091
f 4019/5410/7092 4020/5411/7093 4034/5412/7094 4033/5413/7095
f 4052/5414/7096 4053/5415/7097 4054/5416/7098 4055/5417/7099
f 4021/5418/7100 4022/5419/7101 4036/5420/7102 4035/5421/7103
f 4056/5422/7104 4057/5423/7105 4058/5424/7106 4059/5425/7107
f 4023/5426/7108 4024/5427/7109 4038/5428/7110 4037/5429/7111
f 4060/5430/7112 4061/5431/7113 4062/5432/7114 4063/5433/7115
f 4025/5434/7116 4026/5435/7117 4040/5436/7118 4039/5437/7119
f 4064/5438/7120 4065/5439/7121 4066/5440/7122 4067/5441/7123
f 4027/5442/7124 4028/5443/7125 4042/5444/7126 4041/5445/7127
f 4068/5446/7128 4069/5447/7129 4070/5448/7130 4071/5449/7131
f 4029/5450/7132 4030/5451/7133 4044/5452/7134 4043/5453/7135
f 4072/5454/7136 4073/5455/7137 4074/5456/7138 4075/5457/7139
f 4031/5458/7140 4018/5459/7141 4032/5460/7142 4045/5461/7143
s 109
f 4019/5462/7144 4018/5463/7145 4046/5464/7146
f 4020/5465/7147 4019/5462/7144 4046/5464/7146
f 4021/5466/7148 4020/5465/7147 4046/5464/7146
f 4022/5467/7149 4021/5466/7148 4046/5464/7146
f 4023/5468/7150 4022/5467/7149 4046/5464/7146
f 4024/5469/7151 4023/5468/7150 4046/5464/7146
f 4025/5470/7152 4024/5469/7151 4046/5464/7146
f 4026/5471/7153 4025/5470/7152 4046/5464/7146
f 4027/5472/7154 4026/5471/7153 4046/5464/7146
f 4028/5473/7155 4027/5472/7154 4046/5464/7146
f 4029/5474/7156 4028/5473/7155 4046/5464/7146
f 4030/5475/7157 4029/5474/7156 4046/5464/7146
f 4031/5476/7158 4030/5475/7157 4046/5464/7146
f 4018/5463/7145 4031/5476/7158 4046/5464/7146
s 110
f 4032/5477/7159 4033/5478/7160 4047/5479/7161
f 4033/5478/7160 4034/5480/7162 4047/5479/7161
f 4034/5480/7162 4035/5481/7163 4047/5479/7161
f 4035/5481/7163 4036/5482/7164 4047/5479/7161
f 4036/5482/7164 4037/5483/7165 4047/5479/7161
f 4037/5483/7165 4038/5484/7166 4047/5479/7161
f 4038/5484/7166 4039/5485/7167 4047/5479/7161
f 4039/5485/7167 4040/5486/7168 4047/5479/7161
f 4040/5486/7168 4041/5487/7169 4047/5479/7161
f 4041/5487/7169 4042/5488/7170 4047/5479/7161
f 4042/5488/7170 4043/5489/7171 4047/5479/7161
f 4043/5489/7171 4044/5490/7172 4047/5479/7161
f 4044/5490/7172 4045/5491/7173 4047/5479/7161
f 4045/5491/7173 4032/5477/7159 4047/5479/7161
s 109
f 4018/5463/7145 4019/5462/7144 4049/5407/7174 4048/5406/7175
s off
f 4019/5410/7176 4033/5413/7177 4050/5408/7178 4049/5407/7179
s 110
f 4033/5478/7160 4032/5477/7159 4051/5409/7180 4050/5408/7181
s off
f 4032/5460/7182 4018/5459/7183 4048/5492/7184 4051/5493/7185
s 109
f 4020/5465/7147 4021/5466/7148 4053/5494/7186 4052/5495/7187
s off
f 4021/5418/7188 4035/5421/7189 4054/5416/7190 4053/5415/7191
s 110
f 4035/5481/7163 4034/5480/7162 4055/5496/7192 4054/5497/7193
s off
f 4034/5412/7194 4020/5411/7195 4052/5414/7196 4055/5417/7197
s 109
f 4022/5467/7149 4023/5468/7150 4057/5498/7198 4056/5499/7199
s off
f 4023/5426/7200 4037/5429/7201 4058/5424/7202 4057/5423/7203
s 110
f 4037/5483/7165 4036/5482/7164 4059/5500/7204 4058/5501/7205
s off
f 4036/5420/7206 4022/5419/7207 4056/5422/7208 4059/5425/7209
s 109
f 4024/5469/7151 4025/5470/7152 4061/5502/7210 4060/5503/7211
s off
f 4025/5434/7212 4039/5437/7213 4062/5432/7214 4061/5431/7215
s 110
f 4039/5485/7167 4038/5484/7166 4063/5504/7216 4062/5505/7217
s off
f 4038/5428/7218 4024/5427/7219 4060/5430/7220 4063/5433/7221
s 109
f 4026/5471/7153 4027/5472/7154 4065/5506/7222 4064/5507/7223
s off
f 4027/5442/7224 4041/5445/7225 4066/5440/7226 4065/5439/7227
s 110
f 4041/5487/7169 4040/5486/7168 4067/5508/7228 4066/5509/7229
s off
f 4040/5436/7230 4026/5435/7231 4064/5438/7232 4067/5441/7233
s 109
f 4028/5473/7155 4029/5474/7156 4069/5510/7234 4068/5511/7235
s off
f 4029/5450/7236 4043/5453/7237 4070/5448/7238 4069/5447/7239
s 110
f 4043/5489/7171 4042/5488/7170 4071/5512/7240 4070/5513/7241
s off
f 4042/5444/7242 4028/5443/7243 4068/5446/7244 4071/5449/7245
s 109
f 4030/5475/7157 4031/5476/7158 4073/5514/7246 4072/5515/7247
s off
f 4031/5458/7248 4045/5461/7249 4074/5456/7250 4073/5455/7251
s 110
f 4045/5491/7173 4044/5490/7172 4075/5516/7252 4074/5517/7253
s off
f 4044/5452/7254 4030/5451/7255 4072/5454/7256 4075/5457/7257
s 111
f 4076/5518/7258 4077/5519/7259 4117/5520/7260 4116/5521/7261
f 4077/5519/7259 4078/5522/7262 4118/5523/7263 4117/5520/7260
f 4078/5522/7262 4079/5524/7264 4119/5525/7265 4118/5523/7263
f 4079/5524/7264 4080/5526/7266 4120/5527/7267 4119/5525/7265
f 4080/5526/7266 4081/5528/7268 4121/5529/7269 4120/5527/7267
f 4081/5528/7268 4082/5530/7270 4122/5531/7271 4121/5529/7269
f 4082/5530/7270 4083/5532/7272 4123/5533/7273 4122/5531/7271
f 4083/5532/7272 4084/5534/7274 4124/5535/7275 4123/5533/7273
f 4084/5534/7274 4085/5536/7276 4125/5537/7277 4124/5535/7275
f 4085/5536/7276 4086/5538/7278 4126/5539/7279 4125/5537/7277
f 4086/5538/7278 4087/5540/7280 4127/5541/7281 4126/5539/7279
f 4087/5540/7280 4088/5542/7282 4128/5543/7283 4127/5541/7281
f 4088/5542/7282 4089/5544/7284 4129/5545/7285 4128/5543/7283
f 4089/5544/7284 4090/5546/7286 4130/5547/7287 4129/5545/7285
f 4090/5546/7286 4091/5548/7288 4131/5549/7289 4130/5547/7287
f 4091/5548/7288 4092/5550/7290 4132/5551/7291 4131/5549/7289
f 4092/5550/7290 4093/5552/7292 4133/5553/7293 4132/5551/7291
f 4093/5552/7292 4094/5554/7294 4134/5555/7295 4133/5553/7293
f 4094/5554/7294 4095/5556/7296 4135/5557/7297 4134/5555/7295
f 4095/5556/7296 4096/5558/7298 4136/5559/7299 4135/5557/7297
f 4096/5558/7298 4097/5560/7300 4137/5561/7301 4136/5559/7299
f 4097/5560/7300 4098/5562/7302 4138/5563/7303 4137/5561/7301
f 4098/5562/7302 4099/5564/7304 4139/5565/7305 4138/5563/7303
f 4099/5564/7304 4100/5566/7306 4140/5567/7307 4139/5565/7305
f 4100/5566/7306 4101/5568/7308 4141/5569/7309 4140/5567/7307
f 4101/5568/7308 4102/5570/7310 4142/5571/7311 4141/5569/7309
f 4102/5570/7310 4103/5572/7312 4143/5573/7313 4142/5571/7311
f 4103/5572/7312 4104/5574/7314 4144/5575/7315 4143/5573/7313
f 4104/5574/7314 4105/5576/7316 4145/5577/7317 4144/5575/7315
f 4105/5576/7316 4106/5578/7318 4146/5579/7319 4145/5577/7317
f 4106/5578/7318 4107/5580/7320 4147/5581/7321 4146/5579/7319
f 4107/5580/7320 4108/5582/7322 4148/5583/7323 4147/5581/7321
f 4108/5582/7322 4109/5584/7324 4149/5585/7325 4148/5583/7323
f 4109/5584/7324 4110/5586/7326 4150/5587/7327 4149/5585/7325
f 4110/5586/7326 4111/5588/7328 4151/5589/7329 4150/5587/7327
f 4111/5588/7328 4112/5590/7330 4152/5591/7331 4151/5589/7329
f 4112/5590/7330 4113/5592/7332 4153/5593/7333 4152/5591/7331
f 4113/5592/7332 4114/5594/7334 4154/5595/7335 4153/5593/7333
f 4114/5596/7334 4115/5597/7336 4155/5598/7337 4154/5599/7335
f 4115/5597/7336 4076/5518/7258 4116/5521/7261 4155/5598/7337
s 112
f 4077/5600/7338 4076/5601/7339 4156/5602/7340
f 4078/5603/7341 4077/5600/7338 4156/5602/7340
f 4079/5604/7342 4078/5603/7341 4156/5602/7340
f 4080/5605/7343 4079/5604/7342 4156/5602/7340
f 4081/5606/7344 4080/5605/7343 4156/5602/7340
f 4082/5607/7345 4081/5606/7344 4156/5602/7340
f 4083/5608/7346 4082/5607/7345 4156/5602/7340
f 4084/5609/7347 4083/5608/7346 4156/5602/7340
f 4085/5610/7348 4084/5609/7347 4156/5602/7340
f 4086/5611/7349 4085/5610/7348 4156/5602/7340
f 4087/5612/7350 4086/5611/7349 4156/5602/7340
f 4088/5613/7351 4087/5612/7350 4156/5602/7340
f 4089/5614/7352 4088/5613/7351 4156/5602/7340
f 4090/5615/7353 4089/5614/7352 4156/5602/7340
f 4091/5616/7354 4090/5615/7353 4156/5602/7340
f 4092/5617/7355 4091/5616/7354 4156/5602/7340
f 4093/5618/7356 4092/5617/7355 4156/5602/7340
f 4094/5619/7357 4093/5618/7356 4156/5602/7340
f 4095/5620/7358 4094/5619/7357 4156/5602/7340
f 4096/5621/7359 4095/5620/7358 4156/5602/7340
f 4097/5622/7360 4096/5621/7359 4156/5602/7340
f 4098/5623/7361 4097/5622/7360 4156/5602/7340
f 4099/5624/7362 4098/5623/7361 4156/5602/7340
f 4100/5625/7363 4099/5624/7362 4156/5602/7340
f 4101/5626/7364 4100/5625/7363 4156/5602/7340
f 4102/5627/7365 4101/5626/7364 4156/5602/7340
f 4103/5628/7366 4102/5627/7365 4156/5602/7340
f 4104/5629/7367 4103/5628/7366 4156/5602/7340
f 4105/5630/7368 4104/5629/7367 4156/5602/7340
f 4106/5631/7369 4105/5630/7368 4156/5602/7340
f 4107/5632/7370 4106/5631/7369 4156/5602/7340
f 4108/5633/7371 4107/5632/7370 4156/5602/7340
f 4109/5634/7372 4108/5633/7371 4156/5602/7340
f 4110/5635/7373 4109/5634/7372 4156/5602/7340
f 4111/5636/7374 4110/5635/7373 4156/5602/7340
f 4112/5637/7375 4111/5636/7374 4156/5602/7340
f 4113/5638/7376 4112/5637/7375 4156/5602/7340
f 4114/5639/7377 4113/5638/7376 4156/5602/7340
f 4115/5640/7378 4114/5639/7377 4156/5602/7340
f 4076/5601/7339 4115/5640/7378 4156/5602/7340
s 113
f 4116/5641/7379 4117/5642/7380 4157/5643/7381
f 4117/5642/7380 4118/5644/7382 4157/5643/7381
f 4118/5644/7382 4119/5645/7383 4157/5643/7381
f 4119/5645/7383 4120/5646/7384 4157/5643/7381
f 4120/5646/7384 4121/5647/7385 4157/5643/7381
f 4121/5647/7385 4122/5648/7386 4157/5643/7381
f 4122/5648/7386 4123/5649/7387 4157/5643/7381
f 4123/5649/7387 4124/5650/7388 4157/5643/7381
f 4124/5650/7388 4125/5651/7389 4157/5643/7381
f 4125/5651/7389 4126/5652/7390 4157/5643/7381
f 4126/5652/7390 4127/5653/7391 4157/5643/7381
f 4127/5653/7391 4128/5654/7392 4157/5643/7381
f 4128/5654/7392 4129/5655/7393 4157/5643/7381
f 4129/5655/7393 4130/5656/7394 4157/5643/7381
f 4130/5656/7394 4131/5657/7395 4157/5643/7381
f 4131/5657/7395 4132/5658/7396 4157/5643/7381
f 4132/5658/7396 4133/5659/7397 4157/5643/7381
f 4133/5659/7397 4134/5660/7398 4157/5643/7381
f 4134/5660/7398 4135/5661/7399 4157/5643/7381
f 4135/5661/7399 4136/5662/7400 4157/5643/7381
f 4136/5662/7400 4137/5663/7401 4157/5643/7381
f 4137/5663/7401 4138/5664/7402 4157/5643/7381
f 4138/5664/7402 4139/5665/7403 4157/5643/7381
f 4139/5665/7403 4140/5666/7404 4157/5643/7381
f 4140/5666/7404 4141/5667/7405 4157/5643/7381
f 4141/5667/7405 4142/5668/7406 4157/5643/7381
f 4142/5668/7406 4143/5669/7407 4157/5643/7381
f 4143/5669/7407 4144/5670/7408 4157/5643/7381
f 4144/5670/7408 4145/5671/7409 4157/5643/7381
f 4145/5671/7409 4146/5672/7410 4157/5643/7381
f 4146/5672/7410 4147/5673/7411 4157/5643/7381
f 4147/5673/7411 4148/5674/7412 4157/5643/7381
f 4148/5674/7412 4149/5675/7413 4157/5643/7381
f 4149/5675/7413 4150/5676/7414 4157/5643/7381
f 4150/5676/7414 4151/5677/7415 4157/5643/7381
f 4151/5677/7415 4152/5678/7416 4157/5643/7381
f 4152/5678/7416 4153/5679/7417 4157/5643/7381
f 4153/5679/7417 4154/5680/7418 4157/5643/7381
f 4154/5680/7418 4155/5681/7419 4157/5643/7381
f 4155/5681/7419 4116/5641/7379 4157/5643/7381
