# This file uses centimeters as units for non-parametric coordinates.

mtllib SpaceRoamer.mtl
g default
v 1.118155 1.230273 -0.056900
v 1.081766 1.230273 -0.102531
v 1.029182 1.230273 -0.127854
v 0.970818 1.230273 -0.127854
v 0.918234 1.230273 -0.102531
v 0.881845 1.230273 -0.056901
v 0.868858 1.230273 -0.000000
v 0.881845 1.230273 0.056900
v 0.918234 1.230273 0.102531
v 0.970818 1.230273 0.127854
v 1.029182 1.230273 0.127854
v 1.081766 1.230273 0.102531
v 1.118155 1.230273 0.056901
v 1.131142 1.230273 0.000000
v 1.118155 1.248350 -0.056900
v 1.081766 1.248350 -0.102531
v 1.029182 1.248350 -0.127854
v 0.970818 1.248350 -0.127854
v 0.918234 1.248350 -0.102531
v 0.881845 1.248350 -0.056901
v 0.868858 1.248350 -0.000000
v 0.881845 1.248350 0.056900
v 0.918234 1.248350 0.102531
v 0.970818 1.248350 0.127854
v 1.029182 1.248350 0.127854
v 1.081766 1.248350 0.102531
v 1.118155 1.248350 0.056901
v 1.131142 1.248350 0.000000
v 1.000000 1.230273 0.000000
v 1.000000 1.248350 0.000000
v 1.033932 1.134386 0.008597
v 1.032653 1.134386 0.008029
v 1.031254 1.134386 0.008071
v 1.030012 1.134386 0.008716
v 1.029173 1.134386 0.009836
v 1.028903 1.134386 0.011209
v 1.029256 1.134386 0.012564
v 1.030161 1.134386 0.013631
v 1.031440 1.134386 0.014199
v 1.032839 1.134386 0.014157
v 1.034081 1.134386 0.013512
v 1.034920 1.134386 0.012392
v 1.035190 1.134386 0.011019
v 1.034837 1.134386 0.009664
v 1.033932 1.258935 0.008597
v 1.032653 1.258935 0.008029
v 1.031254 1.258935 0.008071
v 1.030012 1.258935 0.008716
v 1.029173 1.258935 0.009836
v 1.028903 1.258935 0.011209
v 1.029256 1.258935 0.012564
v 1.030161 1.258935 0.013631
v 1.031440 1.258935 0.014199
v 1.032839 1.258935 0.014157
v 1.034081 1.258935 0.013512
v 1.034920 1.258935 0.012392
v 1.035190 1.258935 0.011019
v 1.034837 1.258935 0.009664
v 1.032047 1.134386 0.011114
v 1.020906 1.285297 0.015364
v 1.019627 1.285297 0.014796
v 1.018228 1.285297 0.014838
v 1.016986 1.285297 0.015483
v 1.016147 1.285297 0.016603
v 1.015877 1.285297 0.017976
v 1.016230 1.285297 0.019331
v 1.017136 1.285297 0.020398
v 1.018414 1.285297 0.020967
v 1.019813 1.285297 0.020924
v 1.021055 1.285297 0.020279
v 1.021894 1.285297 0.019159
v 1.022164 1.285297 0.017786
v 1.021811 1.285297 0.016431
v 1.014693 1.305067 0.003404
v 1.013414 1.305067 0.002836
v 1.012015 1.305067 0.002878
v 1.010773 1.305067 0.003523
v 1.009934 1.305067 0.004643
v 1.009664 1.305067 0.006017
v 1.010017 1.305067 0.007371
v 1.010922 1.305067 0.008438
v 1.012201 1.305067 0.009007
v 1.013600 1.305067 0.008964
v 1.014842 1.305067 0.008319
v 1.015681 1.305067 0.007199
v 1.015950 1.305067 0.005826
v 1.015598 1.305067 0.004471
v 1.025649 1.321331 -0.002287
v 1.024370 1.321331 -0.002856
v 1.022971 1.321331 -0.002814
v 1.021729 1.321331 -0.002169
v 1.020890 1.321331 -0.001048
v 1.020620 1.321331 0.000325
v 1.020973 1.321331 0.001679
v 1.021878 1.321331 0.002746
v 1.023157 1.321331 0.003315
v 1.024556 1.321331 0.003272
v 1.025798 1.321331 0.002627
v 1.026637 1.321331 0.001507
v 1.026907 1.321331 0.000134
v 1.026554 1.321331 -0.001220
v 1.032764 1.347054 0.011408
v 1.031485 1.347054 0.010839
v 1.030086 1.347054 0.010882
v 1.028844 1.347054 0.011527
v 1.028005 1.347054 0.012647
v 1.027735 1.347054 0.014020
v 1.028088 1.347054 0.015374
v 1.028993 1.347054 0.016442
v 1.030272 1.347054 0.017010
v 1.031671 1.347054 0.016968
v 1.032913 1.347054 0.016323
v 1.033752 1.347054 0.015203
v 1.034021 1.347054 0.013829
v 1.033669 1.347054 0.012475
v 1.017764 1.365388 0.019200
v 1.016485 1.365388 0.018632
v 1.015086 1.365388 0.018674
v 1.013844 1.365388 0.019319
v 1.013005 1.365388 0.020439
v 1.012736 1.365388 0.021813
v 1.013088 1.365388 0.023167
v 1.013994 1.365388 0.024234
v 1.015272 1.365388 0.024803
v 1.016671 1.365388 0.024760
v 1.017913 1.365388 0.024115
v 1.018752 1.365388 0.022995
v 1.019022 1.365388 0.021622
v 1.018669 1.365388 0.020268
v 1.009771 1.388196 0.003815
v 1.008492 1.388196 0.003247
v 1.007094 1.388196 0.003289
v 1.005852 1.388196 0.003934
v 1.005013 1.388196 0.005054
v 1.004743 1.388196 0.006427
v 1.005096 1.388196 0.007782
v 1.006001 1.388196 0.008849
v 1.007280 1.388196 0.009418
v 1.008678 1.388196 0.009375
v 1.009920 1.388196 0.008730
v 1.010759 1.388196 0.007610
v 1.011029 1.388196 0.006237
v 1.010676 1.388196 0.004882
v 1.030988 1.414659 -0.007207
v 1.029710 1.414659 -0.007776
v 1.028311 1.414659 -0.007733
v 1.027069 1.414659 -0.007088
v 1.026230 1.414659 -0.005968
v 1.025960 1.414659 -0.004595
v 1.026313 1.414659 -0.003241
v 1.027218 1.414659 -0.002174
v 1.028497 1.414659 -0.001605
v 1.029896 1.414659 -0.001647
v 1.031137 1.414659 -0.002293
v 1.031977 1.414659 -0.003413
v 1.032246 1.414659 -0.004786
v 1.031894 1.414659 -0.006140
v 1.030988 1.426521 -0.007207
v 1.029710 1.426521 -0.007776
v 1.028311 1.426521 -0.007733
v 1.027069 1.426521 -0.007088
v 1.026230 1.426521 -0.005968
v 1.025960 1.426521 -0.004595
v 1.026313 1.426521 -0.003241
v 1.027218 1.426521 -0.002174
v 1.028497 1.426521 -0.001605
v 1.029896 1.426521 -0.001647
v 1.031137 1.426521 -0.002293
v 1.031977 1.426521 -0.003413
v 1.032246 1.426521 -0.004786
v 1.031894 1.426521 -0.006140
v 1.025673 1.453649 0.008996
v 1.024394 1.453649 0.008427
v 1.022995 1.453649 0.008470
v 1.021753 1.453649 0.009115
v 1.020914 1.453649 0.010235
v 1.020644 1.453649 0.011608
v 1.020997 1.453649 0.012962
v 1.021902 1.453649 0.014029
v 1.023181 1.453649 0.014598
v 1.024580 1.453649 0.014556
v 1.025822 1.453649 0.013911
v 1.026661 1.453649 0.012790
v 1.026931 1.453649 0.011417
v 1.026578 1.453649 0.010063
v 1.025673 1.461880 0.008996
v 1.024394 1.461880 0.008427
v 1.023788 1.461880 0.011513
v 1.022995 1.461880 0.008470
v 1.021753 1.461880 0.009115
v 1.020914 1.461880 0.010235
v 1.020644 1.461880 0.011608
v 1.020997 1.461880 0.012962
v 1.021902 1.461880 0.014029
v 1.023181 1.461880 0.014598
v 1.024580 1.461880 0.014556
v 1.025822 1.461880 0.013911
v 1.026661 1.461880 0.012790
v 1.026931 1.461880 0.011417
v 1.026578 1.461880 0.010063
v 1.009645 1.194652 -0.014117
v 1.008366 1.194652 -0.014685
v 1.006967 1.194652 -0.014643
v 1.005726 1.194652 -0.013998
v 1.004887 1.194652 -0.012878
v 1.004617 1.194652 -0.011505
v 1.004969 1.194652 -0.010150
v 1.005875 1.194652 -0.009083
v 1.007153 1.194652 -0.008514
v 1.008552 1.194652 -0.008557
v 1.009794 1.194652 -0.009202
v 1.010633 1.194652 -0.010322
v 1.010903 1.194652 -0.011695
v 1.010550 1.194652 -0.013050
v 1.009645 1.319201 -0.014117
v 1.008366 1.319201 -0.014685
v 1.006967 1.319201 -0.014643
v 1.005726 1.319201 -0.013998
v 1.004887 1.319201 -0.012878
v 1.004617 1.319201 -0.011505
v 1.004969 1.319201 -0.010150
v 1.005875 1.319201 -0.009083
v 1.007153 1.319201 -0.008514
v 1.008552 1.319201 -0.008557
v 1.009794 1.319201 -0.009202
v 1.010633 1.319201 -0.010322
v 1.010903 1.319201 -0.011695
v 1.010550 1.319201 -0.013050
v 1.007760 1.194652 -0.011600
v 0.996619 1.345563 -0.007350
v 0.995340 1.345563 -0.007918
v 0.993941 1.345563 -0.007876
v 0.992700 1.345563 -0.007231
v 0.991861 1.345563 -0.006111
v 0.991591 1.345563 -0.004737
v 0.991944 1.345563 -0.003383
v 0.992849 1.345563 -0.002316
v 0.994127 1.345563 -0.001747
v 0.995526 1.345563 -0.001790
v 0.996768 1.345563 -0.002435
v 0.997607 1.345563 -0.003555
v 0.997877 1.345563 -0.004928
v 0.997524 1.345563 -0.006282
v 0.990406 1.365333 -0.019310
v 0.989127 1.365333 -0.019878
v 0.987728 1.365333 -0.019836
v 0.986486 1.365333 -0.019191
v 0.985647 1.365333 -0.018071
v 0.985378 1.365333 -0.016697
v 0.985730 1.365333 -0.015343
v 0.986635 1.365333 -0.014276
v 0.987914 1.365333 -0.013707
v 0.989313 1.365333 -0.013750
v 0.990555 1.365333 -0.014395
v 0.991394 1.365333 -0.015515
v 0.991664 1.365333 -0.016888
v 0.991311 1.365333 -0.018242
v 1.001362 1.381597 -0.025001
v 1.000083 1.381597 -0.025570
v 0.998684 1.381597 -0.025528
v 0.997443 1.381597 -0.024882
v 0.996604 1.381597 -0.023762
v 0.996334 1.381597 -0.022389
v 0.996686 1.381597 -0.021035
v 0.997592 1.381597 -0.019968
v 0.998870 1.381597 -0.019399
v 1.000269 1.381597 -0.019442
v 1.001511 1.381597 -0.020087
v 1.002350 1.381597 -0.021207
v 1.002620 1.381597 -0.022580
v 1.002267 1.381597 -0.023934
v 1.008477 1.407320 -0.011306
v 1.007198 1.407320 -0.011875
v 1.005799 1.407320 -0.011832
v 1.004557 1.407320 -0.011187
v 1.003718 1.407320 -0.010067
v 1.003449 1.407320 -0.008694
v 1.003801 1.407320 -0.007340
v 1.004707 1.407320 -0.006272
v 1.005985 1.407320 -0.005704
v 1.007384 1.407320 -0.005746
v 1.008626 1.407320 -0.006391
v 1.009465 1.407320 -0.007511
v 1.009735 1.407320 -0.008884
v 1.009382 1.407320 -0.010239
v 0.993477 1.425654 -0.003513
v 0.992198 1.425654 -0.004082
v 0.990800 1.425654 -0.004040
v 0.989558 1.425654 -0.003395
v 0.988719 1.425654 -0.002274
v 0.988449 1.425654 -0.000901
v 0.988802 1.425654 0.000453
v 0.989707 1.425654 0.001520
v 0.990985 1.425654 0.002089
v 0.992384 1.425654 0.002046
v 0.993626 1.425654 0.001401
v 0.994465 1.425654 0.000281
v 0.994735 1.425654 -0.001092
v 0.994382 1.425654 -0.002446
v 0.985484 1.448462 -0.018899
v 0.984206 1.448462 -0.019467
v 0.982807 1.448462 -0.019425
v 0.981565 1.448462 -0.018780
v 0.980726 1.448462 -0.017660
v 0.980456 1.448462 -0.016286
v 0.980809 1.448462 -0.014932
v 0.981714 1.448462 -0.013865
v 0.982993 1.448462 -0.013296
v 0.984392 1.448462 -0.013339
v 0.985633 1.448462 -0.013984
v 0.986472 1.448462 -0.015104
v 0.986742 1.448462 -0.016477
v 0.986390 1.448462 -0.017832
v 1.006702 1.474925 -0.029921
v 1.005423 1.474925 -0.030490
v 1.004024 1.474925 -0.030447
v 1.002782 1.474925 -0.029802
v 1.001943 1.474925 -0.028682
v 1.001673 1.474925 -0.027309
v 1.002026 1.474925 -0.025955
v 1.002931 1.474925 -0.024888
v 1.004210 1.474925 -0.024319
v 1.005609 1.474925 -0.024361
v 1.006851 1.474925 -0.025007
v 1.007690 1.474925 -0.026127
v 1.007960 1.474925 -0.027500
v 1.007607 1.474925 -0.028854
v 1.006702 1.486787 -0.029921
v 1.005423 1.486787 -0.030490
v 1.004024 1.486787 -0.030447
v 1.002782 1.486787 -0.029802
v 1.001943 1.486787 -0.028682
v 1.001673 1.486787 -0.027309
v 1.002026 1.486787 -0.025955
v 1.002931 1.486787 -0.024888
v 1.004210 1.486787 -0.024319
v 1.005609 1.486787 -0.024361
v 1.006851 1.486787 -0.025007
v 1.007690 1.486787 -0.026127
v 1.007960 1.486787 -0.027500
v 1.007607 1.486787 -0.028854
v 1.001386 1.513915 -0.013718
v 1.000107 1.513915 -0.014287
v 0.998708 1.513915 -0.014244
v 0.997467 1.513915 -0.013599
v 0.996628 1.513915 -0.012479
v 0.996358 1.513915 -0.011106
v 0.996710 1.513915 -0.009752
v 0.997616 1.513915 -0.008684
v 0.998894 1.513915 -0.008116
v 1.000293 1.513915 -0.008158
v 1.001535 1.513915 -0.008803
v 1.002374 1.513915 -0.009923
v 1.002644 1.513915 -0.011297
v 1.002291 1.513915 -0.012651
v 1.001386 1.522146 -0.013718
v 1.000107 1.522146 -0.014287
v 0.999501 1.522146 -0.011201
v 0.998708 1.522146 -0.014244
v 0.997467 1.522146 -0.013599
v 0.996628 1.522146 -0.012479
v 0.996358 1.522146 -0.011106
v 0.996710 1.522146 -0.009752
v 0.997616 1.522146 -0.008684
v 0.998894 1.522146 -0.008116
v 1.000293 1.522146 -0.008158
v 1.001535 1.522146 -0.008803
v 1.002374 1.522146 -0.009923
v 1.002644 1.522146 -0.011297
v 1.002291 1.522146 -0.012651
v 0.989843 1.221405 0.018753
v 0.988971 1.221405 0.017659
v 0.987710 1.221405 0.017051
v 0.986310 1.221405 0.017051
v 0.985050 1.221405 0.017659
v 0.984177 1.221405 0.018753
v 0.983866 1.221405 0.020117
v 0.984177 1.221405 0.021481
v 0.985050 1.221405 0.022576
v 0.986310 1.221405 0.023183
v 0.987710 1.221405 0.023183
v 0.988971 1.221405 0.022576
v 0.989843 1.221405 0.021481
v 0.990155 1.221405 0.020117
v 0.989843 1.315918 0.018753
v 0.988971 1.315918 0.017659
v 0.987710 1.315918 0.017051
v 0.986310 1.315918 0.017051
v 0.985050 1.315918 0.017659
v 0.984177 1.315918 0.018753
v 0.983866 1.315918 0.020117
v 0.984177 1.315918 0.021481
v 0.985050 1.315918 0.022576
v 0.986310 1.315918 0.023183
v 0.987710 1.315918 0.023183
v 0.988971 1.315918 0.022576
v 0.989843 1.315918 0.021481
v 0.990155 1.315918 0.020117
v 0.987010 1.221405 0.020117
v 0.975164 1.335923 0.018753
v 0.974292 1.335923 0.017659
v 0.973031 1.335923 0.017051
v 0.971632 1.335923 0.017051
v 0.970371 1.335923 0.017659
v 0.969498 1.335923 0.018753
v 0.969187 1.335923 0.020117
v 0.969498 1.335923 0.021481
v 0.970371 1.335923 0.022576
v 0.971632 1.335923 0.023183
v 0.973031 1.335923 0.023183
v 0.974292 1.335923 0.022576
v 0.975164 1.335923 0.021481
v 0.975476 1.335923 0.020117
v 0.975164 1.350925 0.005275
v 0.974292 1.350925 0.004181
v 0.973031 1.350925 0.003574
v 0.971632 1.350925 0.003574
v 0.970371 1.350925 0.004181
v 0.969498 1.350925 0.005275
v 0.969187 1.350925 0.006640
v 0.969498 1.350925 0.008004
v 0.970371 1.350925 0.009098
v 0.971632 1.350925 0.009705
v 0.973031 1.350925 0.009705
v 0.974292 1.350925 0.009098
v 0.975164 1.350925 0.008004
v 0.975476 1.350925 0.006640
v 0.987511 1.363267 0.005275
v 0.986638 1.363267 0.004181
v 0.985377 1.363267 0.003574
v 0.983978 1.363267 0.003574
v 0.982717 1.363267 0.004181
v 0.981845 1.363267 0.005275
v 0.981533 1.363267 0.006640
v 0.981845 1.363267 0.008004
v 0.982717 1.363267 0.009098
v 0.983978 1.363267 0.009705
v 0.985377 1.363267 0.009705
v 0.986638 1.363267 0.009098
v 0.987511 1.363267 0.008004
v 0.987822 1.363267 0.006640
v 0.987511 1.382786 0.020708
v 0.986638 1.382786 0.019614
v 0.985377 1.382786 0.019007
v 0.983978 1.382786 0.019007
v 0.982717 1.382786 0.019614
v 0.981845 1.382786 0.020708
v 0.981533 1.382786 0.022073
v 0.981845 1.382786 0.023437
v 0.982717 1.382786 0.024531
v 0.983978 1.382786 0.025138
v 0.985377 1.382786 0.025138
v 0.986638 1.382786 0.024531
v 0.987511 1.382786 0.023437
v 0.987822 1.382786 0.022073
v 0.970608 1.396699 0.020708
v 0.969735 1.396699 0.019614
v 0.968474 1.396699 0.019007
v 0.967075 1.396699 0.019007
v 0.965814 1.396699 0.019614
v 0.964942 1.396699 0.020708
v 0.964630 1.396699 0.022073
v 0.964942 1.396699 0.023437
v 0.965814 1.396699 0.024531
v 0.967075 1.396699 0.025138
v 0.968474 1.396699 0.025138
v 0.969735 1.396699 0.024531
v 0.970608 1.396699 0.023437
v 0.970919 1.396699 0.022073
v 0.970608 1.414006 0.003371
v 0.969735 1.414006 0.002277
v 0.968474 1.414006 0.001670
v 0.967075 1.414006 0.001670
v 0.965814 1.414006 0.002277
v 0.964942 1.414006 0.003371
v 0.964630 1.414006 0.004735
v 0.964942 1.414006 0.006100
v 0.965814 1.414006 0.007194
v 0.967075 1.414006 0.007801
v 0.968474 1.414006 0.007801
v 0.969735 1.414006 0.007194
v 0.970608 1.414006 0.006100
v 0.970919 1.414006 0.004735
v 0.994517 1.434087 0.003371
v 0.993645 1.434087 0.002277
v 0.992384 1.434087 0.001670
v 0.990985 1.434087 0.001670
v 0.989724 1.434087 0.002277
v 0.988851 1.434087 0.003371
v 0.988540 1.434087 0.004735
v 0.988851 1.434087 0.006100
v 0.989724 1.434087 0.007194
v 0.990985 1.434087 0.007801
v 0.992384 1.434087 0.007801
v 0.993645 1.434087 0.007194
v 0.994517 1.434087 0.006100
v 0.994829 1.434087 0.004735
v 0.994517 1.443089 0.003371
v 0.993645 1.443089 0.002277
v 0.992384 1.443089 0.001670
v 0.990985 1.443089 0.001670
v 0.989724 1.443089 0.002277
v 0.988851 1.443089 0.003371
v 0.988540 1.443089 0.004735
v 0.988851 1.443089 0.006100
v 0.989724 1.443089 0.007194
v 0.990985 1.443089 0.007801
v 0.992384 1.443089 0.007801
v 0.993645 1.443089 0.007194
v 0.994517 1.443089 0.006100
v 0.994829 1.443089 0.004735
v 0.982330 1.463675 0.015299
v 0.981458 1.463675 0.014205
v 0.980197 1.463675 0.013598
v 0.978798 1.463675 0.013598
v 0.977537 1.463675 0.014205
v 0.976664 1.463675 0.015299
v 0.976353 1.463675 0.016663
v 0.976664 1.463675 0.018028
v 0.977537 1.463675 0.019122
v 0.978798 1.463675 0.019729
v 0.980197 1.463675 0.019729
v 0.981458 1.463675 0.019122
v 0.982330 1.463675 0.018028
v 0.982642 1.463675 0.016663
v 0.982330 1.469921 0.015299
v 0.981458 1.469921 0.014205
v 0.979497 1.469921 0.016663
v 0.980197 1.469921 0.013598
v 0.978798 1.469921 0.013598
v 0.977537 1.469921 0.014205
v 0.976664 1.469921 0.015299
v 0.976353 1.469921 0.016663
v 0.976664 1.469921 0.018028
v 0.977537 1.469921 0.019122
v 0.978798 1.469921 0.019729
v 0.980197 1.469921 0.019729
v 0.981458 1.469921 0.019122
v 0.982330 1.469921 0.018028
v 0.982642 1.469921 0.016663
v 0.992335 0.281635 0.554064
v 1.018378 0.281635 0.554064
v 0.992335 0.561847 0.554064
v 1.018378 0.561847 0.554064
v 0.992335 0.561847 0.543284
v 1.018378 0.561847 0.543284
v 0.992335 0.281635 0.543284
v 1.018378 0.281635 0.543284
v 0.992335 0.434968 0.554064
v 1.018378 0.434968 0.554064
v 1.018378 0.434968 0.543284
v 0.992335 0.434968 0.543284
v 0.992335 0.412744 0.554064
v 1.018378 0.412744 0.554064
v 1.018378 0.412744 0.543284
v 0.992335 0.412744 0.543284
v 0.992335 0.539469 0.543284
v 1.018378 0.539469 0.543284
v 1.018378 0.539469 0.554064
v 0.992335 0.539469 0.554064
v 0.992335 0.303383 0.554064
v 1.018378 0.303383 0.554064
v 1.018378 0.303383 0.543284
v 0.992335 0.303383 0.543284
v 1.028378 0.412744 0.548674
v 1.028378 0.412744 0.537894
v 1.028378 0.434968 0.537894
v 1.028378 0.434968 0.548674
v 0.982335 0.412744 0.537894
v 0.982335 0.412744 0.548674
v 0.982335 0.434968 0.548674
v 0.982335 0.434968 0.537894
v 1.028378 0.539469 0.537894
v 1.028378 0.539469 0.548674
v 1.028378 0.561847 0.537894
v 1.028378 0.561847 0.548674
v 0.982335 0.539469 0.548674
v 0.982335 0.539469 0.537894
v 0.982335 0.561847 0.548674
v 0.982335 0.561847 0.537894
v 1.028378 0.281635 0.537894
v 1.028378 0.281635 0.548674
v 1.028378 0.303383 0.537894
v 1.028378 0.303383 0.548674
v 0.982335 0.281635 0.537894
v 0.982335 0.281635 0.548674
v 0.982335 0.303383 0.548674
v 0.982335 0.303383 0.537894
v 1.038378 0.412744 0.543284
v 1.038378 0.412744 0.532505
v 1.038378 0.434968 0.532505
v 1.038378 0.434968 0.543284
v 0.972335 0.412744 0.532505
v 0.972335 0.412744 0.543284
v 0.972335 0.434968 0.543284
v 0.972335 0.434968 0.532505
v 1.038378 0.539469 0.532505
v 1.038378 0.539469 0.543284
v 1.038378 0.561847 0.532505
v 1.038378 0.561847 0.543284
v 0.972335 0.539469 0.543284
v 0.972335 0.539469 0.532505
v 0.972335 0.561847 0.543284
v 0.972335 0.561847 0.532505
v 1.038378 0.281635 0.532505
v 1.038378 0.281635 0.543284
v 1.038378 0.303383 0.532505
v 1.038378 0.303383 0.543284
v 0.972335 0.281635 0.532505
v 0.972335 0.281635 0.543284
v 0.972335 0.303383 0.543284
v 0.972335 0.303383 0.532505
v 1.028378 0.434968 0.510179
v 1.028378 0.412744 0.510179
v 1.038378 0.434968 0.504789
v 1.038378 0.412744 0.504789
v 0.982335 0.434968 0.510179
v 0.982335 0.412744 0.510179
v 0.972335 0.412744 0.504789
v 0.972335 0.434968 0.504789
v 1.028378 0.561847 0.510179
v 1.028378 0.539469 0.510179
v 1.038378 0.561847 0.504789
v 1.038378 0.539469 0.504789
v 0.982335 0.561847 0.510179
v 0.982335 0.539469 0.510179
v 0.972335 0.539469 0.504789
v 0.972335 0.561847 0.504789
v 1.028378 0.303383 0.510179
v 1.028378 0.281635 0.510179
v 1.038378 0.303383 0.504789
v 1.038378 0.281635 0.504789
v 0.982335 0.303383 0.510179
v 0.982335 0.281635 0.510179
v 0.972335 0.281635 0.504789
v 0.972335 0.303383 0.504789
v 1.028378 0.561847 0.510179
v 1.028378 0.539469 0.510179
v 1.038378 0.561847 0.504789
v 1.038378 0.539469 0.504789
v 0.982335 0.561847 0.510179
v 0.982335 0.539469 0.510179
v 0.972335 0.539469 0.504789
v 0.972335 0.561847 0.504789
v 1.023633 0.561847 0.501376
v 1.023633 0.539469 0.501376
v 1.033633 0.561847 0.495986
v 1.033633 0.539469 0.495986
v 0.987080 0.561847 0.501376
v 0.987080 0.539469 0.501376
v 0.977080 0.539469 0.495986
v 0.977080 0.561847 0.495986
v 1.010622 0.561847 0.501376
v 1.010622 0.539469 0.501376
v 1.013503 0.561847 0.495986
v 1.013503 0.539469 0.495986
v 1.000091 0.561847 0.501376
v 1.000091 0.539469 0.501376
v 0.997210 0.539469 0.495986
v 0.997210 0.561847 0.495986
v 1.023633 0.434968 0.501376
v 1.023633 0.412744 0.501376
v 1.033633 0.434968 0.495986
v 1.033633 0.412744 0.495986
v 0.987080 0.434968 0.501376
v 0.987080 0.412744 0.501376
v 0.977080 0.412744 0.495986
v 0.977080 0.434968 0.495986
v 1.023633 0.303383 0.501376
v 1.023633 0.281635 0.501376
v 1.033633 0.303383 0.495986
v 1.033633 0.281635 0.495986
v 0.987080 0.303383 0.501376
v 0.987080 0.281635 0.501376
v 0.977080 0.281635 0.495986
v 0.977080 0.303383 0.495986
v 1.011489 0.434968 0.501376
v 1.011489 0.412744 0.501376
v 1.014844 0.434968 0.495986
v 1.014844 0.412744 0.495986
v 0.999224 0.434968 0.501376
v 0.999224 0.412744 0.501376
v 0.995869 0.412744 0.495986
v 0.995869 0.434968 0.495986
v 1.011333 0.303383 0.501376
v 1.011333 0.281635 0.501376
v 1.014603 0.303383 0.495986
v 1.014603 0.281635 0.495986
v 0.999380 0.303383 0.501376
v 0.999380 0.281635 0.501376
v 0.996110 0.281635 0.495986
v 0.996110 0.303383 0.495986
v 0.928205 0.412937 0.565064
v 1.082508 0.412937 0.565064
v 0.928205 0.435138 0.565064
v 1.082508 0.435138 0.565064
v 0.928205 0.435138 0.554064
v 1.082508 0.435138 0.554064
v 0.928205 0.412937 0.554064
v 1.082508 0.412937 0.554064
v 0.928205 0.281635 0.565064
v 1.082508 0.281635 0.565064
v 0.928205 0.303836 0.565064
v 1.082508 0.303836 0.565064
v 0.928205 0.303836 0.554064
v 1.082508 0.303836 0.554064
v 0.928205 0.281635 0.554064
v 1.082508 0.281635 0.554064
v 0.983398 0.443680 0.347423
v 0.983398 0.435108 0.336674
v 0.983398 0.422722 0.330709
v 0.983398 0.408973 0.330709
v 0.983398 0.396587 0.336674
v 0.983398 0.388015 0.347423
v 0.983398 0.384955 0.360827
v 0.983398 0.388015 0.374230
v 0.983398 0.396587 0.384979
v 0.983398 0.408973 0.390944
v 0.983398 0.422722 0.390944
v 0.983398 0.435108 0.384979
v 0.983398 0.443680 0.374230
v 0.983398 0.446739 0.360827
v 0.962776 0.443680 0.347423
v 0.962776 0.435108 0.336674
v 0.962776 0.422722 0.330709
v 0.962776 0.408973 0.330709
v 0.962776 0.396587 0.336674
v 0.962776 0.388015 0.347423
v 0.962776 0.384955 0.360827
v 0.962776 0.388015 0.374230
v 0.962776 0.396587 0.384979
v 0.962776 0.408973 0.390944
v 0.962776 0.422722 0.390944
v 0.962776 0.435108 0.384979
v 0.962776 0.443680 0.374230
v 0.962776 0.446739 0.360827
v 0.983398 0.415847 0.360827
v 0.962776 0.415847 0.360827
v 0.983398 0.449176 0.343040
v 0.983398 0.440604 0.332292
v 0.962776 0.440604 0.332292
v 0.962776 0.449176 0.343040
v 0.983398 0.422722 0.323680
v 0.983398 0.408973 0.323680
v 0.962776 0.408973 0.323680
v 0.962776 0.422722 0.323680
v 0.983398 0.391091 0.332292
v 0.983398 0.382519 0.343040
v 0.962776 0.382519 0.343040
v 0.962776 0.391091 0.332292
v 0.983398 0.378102 0.362391
v 0.983398 0.381162 0.375794
v 0.962776 0.381162 0.375794
v 0.962776 0.378102 0.362391
v 0.983398 0.393537 0.391312
v 0.983398 0.405923 0.397277
v 0.962776 0.405923 0.397277
v 0.962776 0.393537 0.391312
v 0.983398 0.425771 0.397277
v 0.983398 0.438158 0.391312
v 0.962776 0.438158 0.391312
v 0.962776 0.425771 0.397277
v 0.983398 0.450533 0.375794
v 0.983398 0.453592 0.362391
v 0.962776 0.453592 0.362391
v 0.962776 0.450533 0.375794
v 1.037079 0.443680 0.347423
v 1.037079 0.435108 0.336674
v 1.037079 0.422722 0.330709
v 1.037079 0.408973 0.330709
v 1.037079 0.396587 0.336674
v 1.037079 0.388015 0.347423
v 1.037079 0.384955 0.360827
v 1.037079 0.388015 0.374230
v 1.037079 0.396587 0.384979
v 1.037079 0.408973 0.390944
v 1.037079 0.422722 0.390944
v 1.037079 0.435108 0.384979
v 1.037079 0.443680 0.374230
v 1.037079 0.446739 0.360827
v 1.016458 0.443680 0.347423
v 1.016458 0.435108 0.336674
v 1.016458 0.422722 0.330709
v 1.016458 0.408973 0.330709
v 1.016458 0.396587 0.336674
v 1.016458 0.388015 0.347423
v 1.016458 0.384955 0.360827
v 1.016458 0.388015 0.374230
v 1.016458 0.396587 0.384979
v 1.016458 0.408973 0.390944
v 1.016458 0.422722 0.390944
v 1.016458 0.435108 0.384979
v 1.016458 0.443680 0.374230
v 1.016458 0.446739 0.360827
v 1.037079 0.415847 0.360827
v 1.016458 0.415847 0.360827
v 1.037079 0.449176 0.343040
v 1.037079 0.440604 0.332292
v 1.016458 0.440604 0.332292
v 1.016458 0.449176 0.343040
v 1.037079 0.422722 0.323680
v 1.037079 0.408973 0.323680
v 1.016458 0.408973 0.323680
v 1.016458 0.422722 0.323680
v 1.037079 0.391091 0.332292
v 1.037079 0.382519 0.343040
v 1.016458 0.382519 0.343040
v 1.016458 0.391091 0.332292
v 1.037079 0.378102 0.362391
v 1.037079 0.381162 0.375794
v 1.016458 0.381162 0.375794
v 1.016458 0.378102 0.362391
v 1.037079 0.393537 0.391312
v 1.037079 0.405923 0.397277
v 1.016458 0.405923 0.397277
v 1.016458 0.393537 0.391312
v 1.037079 0.425771 0.397277
v 1.037079 0.438158 0.391312
v 1.016458 0.438158 0.391312
v 1.016458 0.425771 0.397277
v 1.037079 0.450533 0.375794
v 1.037079 0.453592 0.362391
v 1.016458 0.453592 0.362391
v 1.016458 0.450533 0.375794
v 1.013492 0.413343 0.361931
v 1.012991 0.412608 0.359980
v 1.012171 0.411909 0.358126
v 1.011050 0.411263 0.356415
v 1.009657 0.410688 0.354889
v 1.008026 0.410197 0.353585
v 1.006198 0.409802 0.352537
v 1.004216 0.409512 0.351769
v 1.002131 0.409335 0.351300
v 0.999993 0.409276 0.351143
v 0.997854 0.409335 0.351300
v 0.995769 0.409512 0.351769
v 0.993788 0.409802 0.352537
v 0.991959 0.410197 0.353585
v 0.990328 0.410688 0.354889
v 0.988935 0.411263 0.356415
v 0.987815 0.411909 0.358126
v 0.986994 0.412608 0.359980
v 0.986493 0.413343 0.361931
v 0.986325 0.414097 0.363932
v 0.986493 0.414852 0.365932
v 0.986994 0.415587 0.367884
v 0.987815 0.416286 0.369738
v 0.988935 0.416931 0.371449
v 0.990328 0.417507 0.372975
v 0.991959 0.417998 0.374278
v 0.993788 0.418393 0.375327
v 0.995769 0.418683 0.376095
v 0.997854 0.418859 0.376563
v 0.999993 0.418919 0.376721
v 1.002131 0.418859 0.376563
v 1.004216 0.418683 0.376095
v 1.006198 0.418393 0.375327
v 1.008026 0.417998 0.374278
v 1.009657 0.417507 0.372975
v 1.011050 0.416931 0.371449
v 1.012171 0.416286 0.369738
v 1.012991 0.415587 0.367884
v 1.013492 0.414852 0.365932
v 1.013660 0.414097 0.363932
v 1.013492 0.920706 0.170661
v 1.012991 0.919971 0.168710
v 1.012171 0.919272 0.166856
v 1.011050 0.918627 0.165145
v 1.009657 0.918051 0.163619
v 1.008026 0.917560 0.162315
v 1.006198 0.917165 0.161267
v 1.004216 0.916875 0.160499
v 1.002131 0.916698 0.160030
v 0.999993 0.916639 0.159873
v 0.997854 0.916698 0.160030
v 0.995769 0.916875 0.160499
v 0.993788 0.917165 0.161267
v 0.991959 0.917560 0.162315
v 0.990328 0.918051 0.163619
v 0.988935 0.918627 0.165145
v 0.987815 0.919272 0.166856
v 0.986994 0.919971 0.168710
v 0.986493 0.920706 0.170661
v 0.986325 0.921460 0.172662
v 0.986493 0.922215 0.174663
v 0.986994 0.922950 0.176614
v 0.987815 0.923649 0.178468
v 0.988935 0.924294 0.180179
v 0.990328 0.924870 0.181705
v 0.991959 0.925361 0.183008
v 0.993788 0.925756 0.184057
v 0.995769 0.926046 0.184825
v 0.997854 0.926222 0.185293
v 0.999993 0.926282 0.185451
v 1.002131 0.926222 0.185293
v 1.004216 0.926046 0.184825
v 1.006198 0.925756 0.184057
v 1.008026 0.925361 0.183008
v 1.009657 0.924870 0.181705
v 1.011050 0.924294 0.180179
v 1.012171 0.923649 0.178468
v 1.012991 0.922950 0.176614
v 1.013492 0.922215 0.174663
v 1.013660 0.921460 0.172662
v 0.999993 0.414097 0.363932
v 0.999993 0.921460 0.172662
v 0.977098 0.566543 0.512337
v 0.981936 0.566543 0.502951
v 0.977098 0.276631 0.512337
v 0.981936 0.276631 0.502951
v 1.018001 0.566543 0.503117
v 1.022868 0.566543 0.511736
v 1.018001 0.276631 0.503117
v 1.022868 0.276631 0.511736
v 0.977098 0.276631 0.539406
v 0.986854 0.276631 0.544852
v 0.977098 0.566543 0.539406
v 0.986854 0.566543 0.544852
v 1.013264 0.276631 0.544447
v 1.022949 0.276631 0.539250
v 1.013264 0.566543 0.544447
v 1.022949 0.566543 0.539250
v 0.977098 0.411935 0.512337
v 0.977098 0.411935 0.539406
v 0.986854 0.411935 0.544852
v 1.013264 0.411935 0.544447
v 1.022949 0.411935 0.539250
v 1.022868 0.411935 0.511736
v 1.018001 0.411935 0.503117
v 0.981936 0.411935 0.502951
v 0.981936 0.303711 0.502951
v 0.977098 0.303711 0.512337
v 0.977098 0.303711 0.539406
v 0.986854 0.303711 0.544852
v 1.013264 0.303711 0.544447
v 1.022949 0.303711 0.539250
v 1.022868 0.303711 0.511736
v 1.018001 0.303711 0.503117
v 0.981936 0.280865 0.502951
v 0.977098 0.280865 0.512337
v 0.977098 0.280865 0.539406
v 0.986854 0.280865 0.544852
v 1.013264 0.280865 0.544447
v 1.022949 0.280865 0.539250
v 1.022868 0.280865 0.511736
v 1.018001 0.280865 0.503117
v 0.977098 0.562621 0.512337
v 0.981936 0.562620 0.502951
v 1.018001 0.562621 0.503117
v 1.022868 0.562620 0.511736
v 1.022949 0.562621 0.539250
v 1.013264 0.562620 0.544447
v 0.986854 0.562621 0.544852
v 0.977098 0.562620 0.539406
v 0.977098 0.435749 0.539406
v 0.986854 0.435750 0.544852
v 1.013264 0.435749 0.544447
v 1.022949 0.435750 0.539250
v 1.022868 0.435749 0.511736
v 1.018001 0.435750 0.503117
v 0.981936 0.435749 0.502951
v 0.977098 0.435750 0.512337
v 0.977098 0.538908 0.512337
v 0.981936 0.538908 0.502951
v 1.018001 0.538908 0.503117
v 1.022868 0.538908 0.511736
v 1.022949 0.538908 0.539250
v 1.013264 0.538908 0.544447
v 0.986854 0.538908 0.544852
v 0.977098 0.538908 0.539406
v 0.978396 0.566543 0.498850
v 0.972610 0.566543 0.510073
v 0.978396 0.562620 0.498850
v 0.972610 0.562621 0.510073
v 1.021520 0.562621 0.499048
v 1.021520 0.566543 0.499048
v 1.027340 0.566543 0.509354
v 1.027340 0.562620 0.509354
v 1.027436 0.566543 0.542254
v 1.027436 0.562621 0.542254
v 1.015856 0.562620 0.548469
v 1.015856 0.566543 0.548469
v 0.984276 0.566543 0.548953
v 0.984276 0.562621 0.548953
v 0.972610 0.562620 0.542441
v 0.972610 0.566543 0.542441
v 0.979555 0.280865 0.500192
v 0.974079 0.280865 0.510815
v 0.979555 0.276631 0.500192
v 0.974079 0.276631 0.510815
v 0.974079 0.280865 0.541448
v 0.974079 0.276631 0.541448
v 0.985120 0.276631 0.547611
v 0.985120 0.280865 0.547611
v 1.015007 0.280865 0.547153
v 1.015007 0.276631 0.547153
v 1.025968 0.276631 0.541271
v 1.025968 0.280865 0.541271
v 1.025876 0.280865 0.510134
v 1.025876 0.276631 0.510134
v 1.020368 0.280865 0.500380
v 1.020368 0.276631 0.500380
v 1.018001 0.435750 0.494480
v 0.981936 0.435749 0.494315
v 0.981936 0.538908 0.494315
v 1.018001 0.538908 0.494480
v 1.018001 0.303711 0.494480
v 0.981936 0.303711 0.494315
v 0.981936 0.411935 0.494315
v 1.018001 0.411935 0.494480
v 1.025757 0.435750 0.486675
v 0.974181 0.435749 0.486509
v 0.974181 0.538908 0.486509
v 1.025757 0.538908 0.486675
v 1.025757 0.303711 0.486675
v 0.974181 0.303711 0.486509
v 0.974181 0.411935 0.486509
v 1.025757 0.411935 0.486675
v 0.999969 0.538908 0.471748
v 1.018214 0.435750 0.448934
v 1.023549 0.435750 0.451159
v 1.025757 0.435750 0.456501
v 1.023549 0.538908 0.451159
v 1.018214 0.538908 0.448934
v 1.025757 0.538908 0.456501
v 1.023549 0.303711 0.451159
v 1.025757 0.303711 0.456501
v 1.018214 0.303711 0.448934
v 1.025757 0.411935 0.456501
v 1.023549 0.411935 0.451159
v 1.018214 0.411935 0.448934
v 0.974181 0.435749 0.456335
v 0.976391 0.435749 0.451010
v 0.981723 0.435749 0.448817
v 0.981723 0.538908 0.448817
v 0.976391 0.538908 0.451010
v 0.974181 0.538908 0.456335
v 0.981723 0.303711 0.448817
v 0.974181 0.303711 0.456335
v 0.976391 0.303711 0.451010
v 0.974181 0.411935 0.456335
v 0.976391 0.411935 0.451010
v 0.981723 0.411935 0.448817
v 0.977098 0.537172 0.539406
v 0.986854 0.537172 0.544852
v 1.013264 0.537172 0.544447
v 1.022949 0.537172 0.539250
v 1.022868 0.537172 0.511736
v 1.018001 0.537172 0.503117
v 1.018001 0.537172 0.494480
v 1.025757 0.537172 0.486675
v 1.025757 0.537172 0.456501
v 1.023549 0.537172 0.451159
v 1.018214 0.537172 0.448934
v 0.981723 0.537172 0.448817
v 0.976391 0.537172 0.451010
v 0.974181 0.537172 0.456335
v 0.974181 0.537172 0.486509
v 0.981936 0.537172 0.494315
v 0.981936 0.537172 0.502951
v 0.977098 0.537172 0.512337
v 0.977098 0.305254 0.512337
v 0.981936 0.305254 0.502951
v 0.981936 0.305254 0.494315
v 0.974181 0.305254 0.486509
v 0.974181 0.305254 0.456335
v 0.976391 0.305254 0.451010
v 0.981723 0.305254 0.448817
v 1.018214 0.305254 0.448934
v 1.023549 0.305254 0.451159
v 1.025757 0.305254 0.456501
v 1.025757 0.305254 0.486675
v 1.018001 0.305254 0.494480
v 1.018001 0.305254 0.503117
v 1.022868 0.305254 0.511736
v 1.022949 0.305254 0.539250
v 1.013264 0.305254 0.544447
v 0.986854 0.305254 0.544852
v 0.977098 0.305254 0.539406
v 0.977098 0.436184 0.539406
v 0.986854 0.436184 0.544852
v 1.013264 0.436184 0.544447
v 1.022949 0.436184 0.539250
v 1.022868 0.436184 0.511736
v 1.018001 0.436184 0.503117
v 1.018001 0.436184 0.494480
v 1.025757 0.436184 0.486675
v 1.025757 0.436184 0.456501
v 1.023549 0.436184 0.451159
v 1.018214 0.436184 0.448934
v 0.981723 0.436184 0.448817
v 0.976391 0.436184 0.451010
v 0.974181 0.436184 0.456335
v 0.974181 0.436184 0.486509
v 0.981936 0.436184 0.494315
v 0.981936 0.436184 0.502951
v 0.977098 0.436184 0.512337
v 0.977098 0.411427 0.512337
v 0.981936 0.411427 0.502951
v 0.981936 0.411427 0.494315
v 0.974181 0.411427 0.486509
v 0.974181 0.411427 0.456335
v 0.976391 0.411427 0.451010
v 0.981723 0.411427 0.448817
v 1.018214 0.411427 0.448934
v 1.023549 0.411427 0.451159
v 1.025757 0.411427 0.456501
v 1.025757 0.411427 0.486675
v 1.018001 0.411427 0.494480
v 1.018001 0.411427 0.503117
v 1.022868 0.411427 0.511736
v 1.022949 0.411427 0.539250
v 1.013264 0.411427 0.544447
v 0.986854 0.411427 0.544852
v 0.977098 0.411427 0.539406
v 1.017143 0.411935 0.503113
v 1.017143 0.411935 0.494476
v 1.024530 0.411935 0.486671
v 1.024530 0.435750 0.486671
v 1.017143 0.435750 0.494476
v 1.017143 0.435750 0.503113
v 0.983002 0.411935 0.502956
v 0.983002 0.435749 0.502956
v 0.983002 0.435749 0.494320
v 0.975704 0.435749 0.486514
v 0.975704 0.411935 0.486514
v 0.983002 0.411935 0.494320
v 1.025075 0.538908 0.487360
v 1.025075 0.537172 0.487360
v 1.025075 0.436184 0.487360
v 1.025075 0.435750 0.487360
v 1.023881 0.435750 0.487357
v 0.976345 0.435749 0.487200
v 0.974862 0.435749 0.487195
v 0.974862 0.436184 0.487195
v 0.974862 0.537172 0.487195
v 0.974862 0.538908 0.487195
v 1.012046 0.453256 0.448934
v 0.987892 0.453256 0.448817
v 0.987892 0.520100 0.448817
v 1.012046 0.520101 0.448934
v 0.987559 0.394447 0.448817
v 1.012378 0.394447 0.448934
v 1.012378 0.322233 0.448934
v 0.987559 0.322233 0.448817
v 1.012046 0.443008 0.427877
v 0.987892 0.443008 0.427760
v 0.987892 0.488505 0.427760
v 1.012046 0.488505 0.427877
v 0.987559 0.402980 0.427760
v 1.012378 0.402980 0.427877
v 1.012378 0.353829 0.427877
v 0.987559 0.353829 0.427760
v 1.012046 0.433387 0.387802
v 0.987892 0.433387 0.387684
v 0.987892 0.443982 0.377412
v 1.012046 0.443982 0.377530
v 0.987559 0.410991 0.387684
v 1.012378 0.410991 0.387802
v 1.012378 0.398351 0.377530
v 0.987559 0.398351 0.377412
v 1.013116 0.439864 0.357226
v 1.013116 0.429883 0.346282
v 1.013116 0.415087 0.345601
v 1.013116 0.404143 0.355582
v 1.013116 0.403462 0.370378
v 1.013116 0.413443 0.381322
v 1.013116 0.428239 0.382003
v 1.013116 0.439183 0.372022
v 0.986884 0.439864 0.357226
v 0.986884 0.429883 0.346282
v 0.986884 0.415087 0.345601
v 0.986884 0.404143 0.355582
v 0.986884 0.403462 0.370378
v 0.986884 0.413443 0.381322
v 0.986884 0.428239 0.382003
v 0.986884 0.439183 0.372022
v 1.016706 0.439864 0.357226
v 1.016706 0.429883 0.346282
v 1.016706 0.421663 0.363802
v 1.016706 0.415087 0.345601
v 1.016706 0.404143 0.355582
v 1.016706 0.403462 0.370378
v 1.016706 0.413443 0.381322
v 1.016706 0.428239 0.382003
v 1.016706 0.439183 0.372022
v 0.983294 0.439864 0.357226
v 0.983294 0.429883 0.346282
v 0.983294 0.421663 0.363802
v 0.983294 0.415087 0.345601
v 0.983294 0.404143 0.355582
v 0.983294 0.403462 0.370378
v 0.983294 0.413443 0.381322
v 0.983294 0.428239 0.382003
v 0.983294 0.439183 0.372022
v 1.000000 -0.207755 0.426875
v 1.169465 0.499351 0.470378
v 0.830535 0.499351 0.470378
v 1.000000 1.206458 0.328000
v 1.104515 0.145798 0.515248
v 0.895485 0.852905 0.515248
v 0.895485 0.145798 0.515248
v 1.000000 0.499351 0.587747
v 1.104515 0.852905 0.515248
v 1.000000 0.852905 0.551498
v 1.104515 0.499351 0.551498
v 1.000000 0.145798 0.551498
v 0.895485 0.499351 0.551498
v 0.791424 0.499351 0.501692
v 0.871863 0.863518 0.560979
v 1.000000 1.234299 0.372043
v 1.128137 0.863518 0.560979
v 1.000000 -0.225244 0.476490
v 1.127883 0.138116 0.560862
v 1.208576 0.499351 0.501692
v 0.872117 0.138116 0.560862
v 0.791424 0.499351 0.501692
v 0.871863 0.863518 0.560979
v 1.000000 1.234299 0.372043
v 1.128137 0.863518 0.560979
v 1.000000 -0.225244 0.476490
v 1.127883 0.138116 0.560862
v 1.208576 0.499351 0.501692
v 0.872117 0.138116 0.560862
v 0.813230 0.499892 0.502193
v 0.885259 0.825988 0.555281
v 1.000000 1.158005 0.386097
v 1.114741 0.825988 0.555281
v 1.000000 -0.148950 0.479625
v 1.114513 0.176423 0.555177
v 1.186770 0.499892 0.502193
v 0.885487 0.176423 0.555177
v 0.825094 0.500187 0.558298
v 0.887089 0.500187 0.635823
v 0.892548 0.805568 0.608014
v 1.000000 1.116494 0.449577
v 1.000000 0.811523 0.642776
v 1.107452 0.805568 0.608014
v 1.000000 -0.107439 0.537164
v 1.107239 0.197265 0.607916
v 1.000000 0.193948 0.643527
v 1.112911 0.500187 0.635823
v 1.174906 0.500187 0.558298
v 0.892761 0.197265 0.607916
v 1.000000 0.500187 0.675048
v 0.922848 0.539647 0.566655
v 1.077152 0.539647 0.566655
v 0.922848 0.561848 0.566655
v 1.077152 0.561848 0.566655
v 0.922848 0.561848 0.555655
v 1.077152 0.561848 0.555655
v 0.922848 0.539647 0.555655
v 1.077152 0.539647 0.555655
v 1.113677 0.883902 -0.018004
v 1.109461 0.883902 -0.035566
v 1.102549 0.883902 -0.052251
v 1.093113 0.883902 -0.067650
v 1.081384 0.883902 -0.081383
v 1.067650 0.883902 -0.093113
v 1.052252 0.883902 -0.102549
v 1.035566 0.883902 -0.109460
v 1.018005 0.883902 -0.113676
v 1.000000 0.883902 -0.115093
v 0.981996 0.883902 -0.113676
v 0.964434 0.883902 -0.109460
v 0.947749 0.883902 -0.102549
v 0.932350 0.883902 -0.093113
v 0.918617 0.883902 -0.081383
v 0.906888 0.883902 -0.067650
v 0.897451 0.883902 -0.052251
v 0.890540 0.883902 -0.035566
v 0.886324 0.883902 -0.018005
v 0.884907 0.883902 0.000000
v 0.886324 0.883902 0.018005
v 0.890540 0.883902 0.035566
v 0.897451 0.883902 0.052251
v 0.906888 0.883902 0.067650
v 0.918617 0.883902 0.081383
v 0.932350 0.883902 0.093113
v 0.947749 0.883902 0.102549
v 0.964434 0.883902 0.109460
v 0.981996 0.883902 0.113677
v 1.000000 0.883902 0.115094
v 1.018005 0.883902 0.113677
v 1.035566 0.883902 0.109460
v 1.052251 0.883902 0.102549
v 1.067650 0.883902 0.093113
v 1.081383 0.883902 0.081383
v 1.093113 0.883902 0.067650
v 1.102549 0.883902 0.052251
v 1.109460 0.883902 0.035566
v 1.113677 0.883902 0.018005
v 1.115094 0.883902 0.000000
v 1.147043 0.883902 -0.023289
v 1.141589 0.883902 -0.046005
v 1.132649 0.883902 -0.067588
v 1.120443 0.883902 -0.087507
v 1.105271 0.883902 -0.105271
v 1.087507 0.883902 -0.120443
v 1.067588 0.883902 -0.132649
v 1.046005 0.883902 -0.141589
v 1.023289 0.883902 -0.147043
v 1.000000 0.883902 -0.148876
v 0.976711 0.883902 -0.147043
v 0.953995 0.883902 -0.141589
v 0.932412 0.883902 -0.132649
v 0.912493 0.883902 -0.120443
v 0.894729 0.883902 -0.105271
v 0.879557 0.883902 -0.087507
v 0.867351 0.883902 -0.067588
v 0.858411 0.883902 -0.046005
v 0.852957 0.883902 -0.023289
v 0.851125 0.883902 0.000000
v 0.852957 0.883902 0.023289
v 0.858411 0.883902 0.046005
v 0.867351 0.883902 0.067588
v 0.879557 0.883902 0.087507
v 0.894729 0.883902 0.105271
v 0.912493 0.883902 0.120443
v 0.932412 0.883902 0.132649
v 0.953995 0.883902 0.141589
v 0.976711 0.883902 0.147043
v 1.000000 0.883902 0.148876
v 1.023289 0.883902 0.147043
v 1.046005 0.883902 0.141589
v 1.067588 0.883902 0.132649
v 1.087507 0.883902 0.120443
v 1.105271 0.883902 0.105271
v 1.120443 0.883902 0.087507
v 1.132649 0.883902 0.067588
v 1.141589 0.883902 0.046005
v 1.147043 0.883902 0.023289
v 1.148876 0.883902 0.000000
v 1.220564 0.883902 -0.034934
v 1.212384 0.883902 -0.069008
v 1.198974 0.883902 -0.101382
v 1.180665 0.883902 -0.131260
v 1.157907 0.883902 -0.157906
v 1.131261 0.883902 -0.180664
v 1.101382 0.883902 -0.198974
v 1.069008 0.883902 -0.212384
v 1.034934 0.883902 -0.220564
v 1.000000 0.883902 -0.223313
v 0.965066 0.883902 -0.220564
v 0.930993 0.883902 -0.212384
v 0.898618 0.883902 -0.198974
v 0.868740 0.883902 -0.180664
v 0.842094 0.883902 -0.157906
v 0.819336 0.883902 -0.131260
v 0.801026 0.883902 -0.101382
v 0.787616 0.883902 -0.069008
v 0.779436 0.883902 -0.034934
v 0.776687 0.883902 0.000000
v 0.779436 0.883902 0.034934
v 0.787616 0.883902 0.069008
v 0.801026 0.883902 0.101382
v 0.819336 0.883902 0.131260
v 0.842094 0.883902 0.157906
v 0.868740 0.883902 0.180664
v 0.898618 0.883902 0.198974
v 0.930992 0.883902 0.212384
v 0.965066 0.883902 0.220564
v 1.000000 0.883902 0.223313
v 1.034934 0.883902 0.220564
v 1.069008 0.883902 0.212384
v 1.101382 0.883902 0.198974
v 1.131260 0.883902 0.180664
v 1.157906 0.883902 0.157906
v 1.180664 0.883902 0.131260
v 1.198974 0.883902 0.101382
v 1.212384 0.883902 0.069008
v 1.220564 0.883902 0.034934
v 1.223313 0.883902 0.000000
v 1.294086 0.883902 -0.046578
v 1.283178 0.883902 -0.092010
v 1.265298 0.883902 -0.135176
v 1.240886 0.883902 -0.175014
v 1.210542 0.883902 -0.210542
v 1.175014 0.883902 -0.240886
v 1.135176 0.883902 -0.265298
v 1.092010 0.883902 -0.283178
v 1.046579 0.883902 -0.294085
v 1.000000 0.883902 -0.297751
v 0.953422 0.883902 -0.294085
v 0.907990 0.883902 -0.283178
v 0.864824 0.883902 -0.265298
v 0.824986 0.883902 -0.240886
v 0.789458 0.883902 -0.210542
v 0.759114 0.883902 -0.175014
v 0.734702 0.883902 -0.135176
v 0.716822 0.883902 -0.092010
v 0.705915 0.883902 -0.046579
v 0.702249 0.883902 0.000000
v 0.705915 0.883902 0.046579
v 0.716822 0.883902 0.092010
v 0.734702 0.883902 0.135176
v 0.759114 0.883902 0.175014
v 0.789458 0.883902 0.210542
v 0.824986 0.883902 0.240886
v 0.864824 0.883902 0.265298
v 0.907990 0.883902 0.283178
v 0.953422 0.883902 0.294085
v 1.000000 0.883902 0.297751
v 1.046579 0.883902 0.294085
v 1.092010 0.883902 0.283178
v 1.135176 0.883902 0.265298
v 1.175014 0.883902 0.240886
v 1.210542 0.883902 0.210542
v 1.240886 0.883902 0.175014
v 1.265298 0.883902 0.135176
v 1.283178 0.883902 0.092010
v 1.294085 0.883902 0.046579
v 1.297751 0.883902 0.000000
v 1.367607 0.883902 -0.058223
v 1.353973 0.883902 -0.115013
v 1.331623 0.883902 -0.168970
v 1.301107 0.883902 -0.218767
v 1.263178 0.883902 -0.263177
v 1.218767 0.883902 -0.301107
v 1.168970 0.883902 -0.331623
v 1.115013 0.883902 -0.353973
v 1.058223 0.883902 -0.367607
v 1.000000 0.883902 -0.372189
v 0.941777 0.883902 -0.367607
v 0.884987 0.883902 -0.353973
v 0.831030 0.883902 -0.331623
v 0.781233 0.883902 -0.301107
v 0.736823 0.883902 -0.263177
v 0.698893 0.883902 -0.218767
v 0.668377 0.883902 -0.168970
v 0.646027 0.883902 -0.115013
v 0.632393 0.883902 -0.058223
v 0.627811 0.883902 0.000000
v 0.632393 0.883902 0.058223
v 0.646027 0.883902 0.115013
v 0.668377 0.883902 0.168970
v 0.698893 0.883902 0.218767
v 0.736823 0.883902 0.263177
v 0.781233 0.883902 0.301107
v 0.831030 0.883902 0.331623
v 0.884987 0.883902 0.353973
v 0.941777 0.883902 0.367607
v 1.000000 0.883902 0.372189
v 1.058223 0.883902 0.367607
v 1.115013 0.883902 0.353973
v 1.168970 0.883902 0.331623
v 1.218767 0.883902 0.301107
v 1.263177 0.883902 0.263177
v 1.301107 0.883902 0.218767
v 1.331623 0.883902 0.168970
v 1.353973 0.883902 0.115013
v 1.367607 0.883902 0.058223
v 1.372189 0.883902 0.000000
v 1.367607 0.919962 -0.058223
v 1.353973 0.919962 -0.115013
v 1.331623 0.919962 -0.168970
v 1.301107 0.919962 -0.218767
v 1.263178 0.919962 -0.263177
v 1.218767 0.919962 -0.301107
v 1.168970 0.919962 -0.331623
v 1.115013 0.919962 -0.353973
v 1.058223 0.919962 -0.367607
v 1.000000 0.919962 -0.372189
v 0.941777 0.919962 -0.367607
v 0.884987 0.919962 -0.353973
v 0.831030 0.919962 -0.331623
v 0.781233 0.919962 -0.301107
v 0.736823 0.919962 -0.263177
v 0.698893 0.919962 -0.218767
v 0.668377 0.919962 -0.168970
v 0.646027 0.919962 -0.115013
v 0.632393 0.919962 -0.058223
v 0.627811 0.919962 0.000000
v 0.632393 0.919962 0.058223
v 0.646027 0.919962 0.115013
v 0.668377 0.919962 0.168970
v 0.698893 0.919962 0.218767
v 0.736823 0.919962 0.263177
v 0.781233 0.919962 0.301107
v 0.831030 0.919962 0.331623
v 0.884987 0.919962 0.353973
v 0.941777 0.919962 0.367607
v 1.000000 0.919962 0.372189
v 1.058223 0.919962 0.367607
v 1.115013 0.919962 0.353973
v 1.168970 0.919962 0.331623
v 1.218767 0.919962 0.301107
v 1.263177 0.919962 0.263177
v 1.301107 0.919962 0.218767
v 1.331623 0.919962 0.168970
v 1.353973 0.919962 0.115013
v 1.367607 0.919962 0.058223
v 1.372189 0.919962 0.000000
v 1.294086 0.919962 -0.046578
v 1.283178 0.919962 -0.092010
v 1.265298 0.919962 -0.135176
v 1.240886 0.919962 -0.175014
v 1.210542 0.919962 -0.210542
v 1.175014 0.919962 -0.240886
v 1.135176 0.919962 -0.265298
v 1.092010 0.919962 -0.283178
v 1.046579 0.919962 -0.294085
v 1.000000 0.919962 -0.297751
v 0.953422 0.919962 -0.294085
v 0.907990 0.919962 -0.283178
v 0.864824 0.919962 -0.265298
v 0.824986 0.919962 -0.240886
v 0.789458 0.919962 -0.210542
v 0.759114 0.919962 -0.175014
v 0.734702 0.919962 -0.135176
v 0.716822 0.919962 -0.092010
v 0.705915 0.919962 -0.046579
v 0.702249 0.919962 0.000000
v 0.705915 0.919962 0.046579
v 0.716822 0.919962 0.092010
v 0.734702 0.919962 0.135176
v 0.759114 0.919962 0.175014
v 0.789458 0.919962 0.210542
v 0.824986 0.919962 0.240886
v 0.864824 0.919962 0.265298
v 0.907990 0.919962 0.283178
v 0.953422 0.919962 0.294085
v 1.000000 0.919962 0.297751
v 1.046579 0.919962 0.294085
v 1.092010 0.919962 0.283178
v 1.135176 0.919962 0.265298
v 1.175014 0.919962 0.240886
v 1.210542 0.919962 0.210542
v 1.240886 0.919962 0.175014
v 1.265298 0.919962 0.135176
v 1.283178 0.919962 0.092010
v 1.294085 0.919962 0.046579
v 1.297751 0.919962 0.000000
v 1.220564 0.919962 -0.034934
v 1.212384 0.919962 -0.069008
v 1.198974 0.919962 -0.101382
v 1.180665 0.919962 -0.131260
v 1.157907 0.919962 -0.157906
v 1.131261 0.919962 -0.180664
v 1.101382 0.919962 -0.198974
v 1.069008 0.919962 -0.212384
v 1.034934 0.919962 -0.220564
v 1.000000 0.919962 -0.223313
v 0.965066 0.919962 -0.220564
v 0.930993 0.919962 -0.212384
v 0.898618 0.919962 -0.198974
v 0.868740 0.919962 -0.180664
v 0.842094 0.919962 -0.157906
v 0.819336 0.919962 -0.131260
v 0.801026 0.919962 -0.101382
v 0.787616 0.919962 -0.069008
v 0.779436 0.919962 -0.034934
v 0.776687 0.919962 0.000000
v 0.779436 0.919962 0.034934
v 0.787616 0.919962 0.069008
v 0.801026 0.919962 0.101382
v 0.819336 0.919962 0.131260
v 0.842094 0.919962 0.157906
v 0.868740 0.919962 0.180664
v 0.898618 0.919962 0.198974
v 0.930992 0.919962 0.212384
v 0.965066 0.919962 0.220564
v 1.000000 0.919962 0.223313
v 1.034934 0.919962 0.220564
v 1.069008 0.919962 0.212384
v 1.101382 0.919962 0.198974
v 1.131260 0.919962 0.180664
v 1.157906 0.919962 0.157906
v 1.180664 0.919962 0.131260
v 1.198974 0.919962 0.101382
v 1.212384 0.919962 0.069008
v 1.220564 0.919962 0.034934
v 1.223313 0.919962 0.000000
v 1.147043 0.919962 -0.023289
v 1.141589 0.919962 -0.046005
v 1.132649 0.919962 -0.067588
v 1.120443 0.919962 -0.087507
v 1.105271 0.919962 -0.105271
v 1.087507 0.919962 -0.120443
v 1.067588 0.919962 -0.132649
v 1.046005 0.919962 -0.141589
v 1.023289 0.919962 -0.147043
v 1.000000 0.919962 -0.148876
v 0.976711 0.919962 -0.147043
v 0.953995 0.919962 -0.141589
v 0.932412 0.919962 -0.132649
v 0.912493 0.919962 -0.120443
v 0.894729 0.919962 -0.105271
v 0.879557 0.919962 -0.087507
v 0.867351 0.919962 -0.067588
v 0.858411 0.919962 -0.046005
v 0.852957 0.919962 -0.023289
v 0.851125 0.919962 0.000000
v 0.852957 0.919962 0.023289
v 0.858411 0.919962 0.046005
v 0.867351 0.919962 0.067588
v 0.879557 0.919962 0.087507
v 0.894729 0.919962 0.105271
v 0.912493 0.919962 0.120443
v 0.932412 0.919962 0.132649
v 0.953995 0.919962 0.141589
v 0.976711 0.919962 0.147043
v 1.000000 0.919962 0.148876
v 1.023289 0.919962 0.147043
v 1.046005 0.919962 0.141589
v 1.067588 0.919962 0.132649
v 1.087507 0.919962 0.120443
v 1.105271 0.919962 0.105271
v 1.120443 0.919962 0.087507
v 1.132649 0.919962 0.067588
v 1.141589 0.919962 0.046005
v 1.147043 0.919962 0.023289
v 1.148876 0.919962 0.000000
v 1.073521 0.919962 -0.011645
v 1.070795 0.919962 -0.023002
v 1.066325 0.919962 -0.033794
v 1.060222 0.919962 -0.043753
v 1.052636 0.919962 -0.052635
v 1.043754 0.919962 -0.060221
v 1.033794 0.919962 -0.066324
v 1.023003 0.919962 -0.070794
v 1.011645 0.919962 -0.073521
v 1.000000 0.919962 -0.074438
v 0.988356 0.919962 -0.073521
v 0.976998 0.919962 -0.070794
v 0.966206 0.919962 -0.066325
v 0.956247 0.919962 -0.060221
v 0.947365 0.919962 -0.052635
v 0.939779 0.919962 -0.043753
v 0.933676 0.919962 -0.033794
v 0.929206 0.919962 -0.023002
v 0.926479 0.919962 -0.011645
v 0.925562 0.919962 0.000000
v 0.926479 0.919962 0.011645
v 0.929206 0.919962 0.023003
v 0.933676 0.919962 0.033794
v 0.939779 0.919962 0.043753
v 0.947365 0.919962 0.052636
v 0.956247 0.919962 0.060221
v 0.966206 0.919962 0.066325
v 0.976998 0.919962 0.070795
v 0.988355 0.919962 0.073521
v 1.000000 0.919962 0.074438
v 1.011645 0.919962 0.073521
v 1.023003 0.919962 0.070795
v 1.033794 0.919962 0.066325
v 1.043754 0.919962 0.060221
v 1.052636 0.919962 0.052636
v 1.060222 0.919962 0.043753
v 1.066325 0.919962 0.033794
v 1.070795 0.919962 0.023003
v 1.073521 0.919962 0.011645
v 1.074438 0.919962 0.000000
v 1.000000 0.919962 0.000000
v 1.237148 0.987078 -0.037560
v 1.228353 0.987078 -0.074196
v 1.171265 0.987078 -0.055647
v 1.177861 0.987078 -0.028170
v 1.213935 0.987078 -0.109005
v 1.160451 0.987078 -0.081754
v 1.194249 0.987078 -0.141130
v 1.145687 0.987078 -0.105847
v 1.169780 0.987078 -0.169779
v 1.127335 0.987078 -0.127334
v 1.141130 0.987078 -0.194248
v 1.105847 0.987078 -0.145686
v 1.109005 0.987078 -0.213934
v 1.081754 0.987078 -0.160451
v 1.074196 0.987078 -0.228353
v 1.055647 0.987078 -0.171265
v 1.037561 0.987078 -0.237148
v 1.028171 0.987078 -0.177861
v 1.000000 0.987078 -0.240104
v 1.000000 0.987078 -0.180078
v 0.962440 0.987078 -0.237148
v 0.971830 0.987078 -0.177861
v 0.925804 0.987078 -0.228353
v 0.944353 0.987078 -0.171265
v 0.890995 0.987078 -0.213934
v 0.918246 0.987078 -0.160451
v 0.858870 0.987078 -0.194248
v 0.894153 0.987078 -0.145686
v 0.830221 0.987078 -0.169779
v 0.872666 0.987078 -0.127335
v 0.805752 0.987078 -0.141130
v 0.854314 0.987078 -0.105847
v 0.786066 0.987078 -0.109005
v 0.839549 0.987078 -0.081754
v 0.771647 0.987078 -0.074196
v 0.828736 0.987078 -0.055647
v 0.762852 0.987078 -0.037561
v 0.822139 0.987078 -0.028170
v 0.759896 0.987078 0.000000
v 0.819922 0.987078 0.000000
v 0.762852 0.987078 0.037561
v 0.822139 0.987078 0.028170
v 0.771647 0.987078 0.074196
v 0.828736 0.987078 0.055647
v 0.786066 0.987078 0.109005
v 0.839549 0.987078 0.081754
v 0.805752 0.987078 0.141130
v 0.854314 0.987078 0.105847
v 0.830221 0.987078 0.169779
v 0.872666 0.987078 0.127335
v 0.858870 0.987078 0.194248
v 0.894153 0.987078 0.145686
v 0.890995 0.987078 0.213934
v 0.918246 0.987078 0.160451
v 0.925804 0.987078 0.228353
v 0.944353 0.987078 0.171265
v 0.962439 0.987078 0.237148
v 0.971830 0.987078 0.177861
v 1.000000 0.987078 0.240104
v 1.000000 0.987078 0.180078
v 1.037561 0.987078 0.237148
v 1.028171 0.987078 0.177861
v 1.074196 0.987078 0.228353
v 1.055647 0.987078 0.171265
v 1.109005 0.987078 0.213934
v 1.081754 0.987078 0.160451
v 1.141130 0.987078 0.194248
v 1.105847 0.987078 0.145686
v 1.169779 0.987078 0.169779
v 1.127335 0.987078 0.127335
v 1.194248 0.987078 0.141130
v 1.145686 0.987078 0.105847
v 1.213935 0.987078 0.109005
v 1.160451 0.987078 0.081754
v 1.228353 0.987078 0.074196
v 1.171265 0.987078 0.055647
v 1.237148 0.987078 0.037561
v 1.177861 0.987078 0.028170
v 1.240104 0.987078 0.000000
v 1.180078 0.987078 0.000000
v 1.152874 1.240150 -0.024213
v 1.147204 1.240150 -0.047829
v 1.110403 1.240150 -0.035872
v 1.114655 1.240150 -0.018160
v 1.137910 1.240150 -0.070268
v 1.103432 1.240150 -0.052701
v 1.125219 1.240150 -0.090977
v 1.093915 1.240150 -0.068233
v 1.109446 1.240150 -0.109446
v 1.082084 1.240150 -0.082084
v 1.090977 1.240150 -0.125219
v 1.068233 1.240150 -0.093914
v 1.070269 1.240150 -0.137909
v 1.052701 1.240150 -0.103432
v 1.047830 1.240150 -0.147204
v 1.035872 1.240150 -0.110403
v 1.024213 1.240150 -0.152874
v 1.018160 1.240150 -0.114655
v 1.000000 1.240150 -0.154779
v 1.000000 1.240150 -0.116085
v 0.975787 1.240150 -0.152874
v 0.981840 1.240150 -0.114655
v 0.952171 1.240150 -0.147204
v 0.964128 1.240150 -0.110403
v 0.929732 1.240150 -0.137909
v 0.947299 1.240150 -0.103432
v 0.909023 1.240150 -0.125219
v 0.931767 1.240150 -0.093914
v 0.890555 1.240150 -0.109446
v 0.917916 1.240150 -0.082084
v 0.874781 1.240150 -0.090977
v 0.906086 1.240150 -0.068233
v 0.862091 1.240150 -0.070268
v 0.896568 1.240150 -0.052701
v 0.852796 1.240150 -0.047829
v 0.889597 1.240150 -0.035872
v 0.847126 1.240150 -0.024213
v 0.885345 1.240150 -0.018160
v 0.845221 1.240150 0.000000
v 0.883915 1.240150 0.000000
v 0.847126 1.240150 0.024213
v 0.885345 1.240150 0.018160
v 0.852796 1.240150 0.047829
v 0.889597 1.240150 0.035872
v 0.862091 1.240150 0.070268
v 0.896568 1.240150 0.052701
v 0.874781 1.240150 0.090977
v 0.906086 1.240150 0.068233
v 0.890554 1.240150 0.109446
v 0.917916 1.240150 0.082084
v 0.909023 1.240150 0.125219
v 0.931767 1.240150 0.093914
v 0.929732 1.240150 0.137909
v 0.947299 1.240150 0.103432
v 0.952171 1.240150 0.147204
v 0.964128 1.240150 0.110403
v 0.975787 1.240150 0.152874
v 0.981840 1.240150 0.114655
v 1.000000 1.240150 0.154779
v 1.000000 1.240150 0.116085
v 1.024213 1.240150 0.152874
v 1.018160 1.240150 0.114655
v 1.047830 1.240150 0.147204
v 1.035872 1.240150 0.110403
v 1.070269 1.240150 0.137910
v 1.052701 1.240150 0.103432
v 1.090977 1.240150 0.125219
v 1.068233 1.240150 0.093914
v 1.109446 1.240150 0.109446
v 1.082084 1.240150 0.082084
v 1.125219 1.240150 0.090977
v 1.093915 1.240150 0.068233
v 1.137910 1.240150 0.070268
v 1.103432 1.240150 0.052701
v 1.147204 1.240150 0.047830
v 1.110403 1.240150 0.035872
v 1.152874 1.240150 0.024213
v 1.114655 1.240150 0.018160
v 1.154779 1.240150 0.000000
v 1.116085 1.240150 0.000000
v 1.152874 1.254601 -0.024213
v 1.147204 1.254601 -0.047829
v 1.110403 1.254601 -0.035872
v 1.114655 1.254601 -0.018160
v 1.137910 1.254601 -0.070268
v 1.103432 1.254601 -0.052701
v 1.125219 1.254601 -0.090977
v 1.093915 1.254601 -0.068233
v 1.109446 1.254601 -0.109446
v 1.082084 1.254601 -0.082084
v 1.090977 1.254601 -0.125219
v 1.068233 1.254601 -0.093914
v 1.070269 1.254601 -0.137909
v 1.052701 1.254601 -0.103432
v 1.047830 1.254601 -0.147204
v 1.035872 1.254601 -0.110403
v 1.024213 1.254601 -0.152874
v 1.018160 1.254601 -0.114655
v 1.000000 1.254601 -0.154779
v 1.000000 1.254601 -0.116085
v 0.975787 1.254601 -0.152874
v 0.981840 1.254601 -0.114655
v 0.952171 1.254601 -0.147204
v 0.964128 1.254601 -0.110403
v 0.929732 1.254601 -0.137909
v 0.947299 1.254601 -0.103432
v 0.909023 1.254601 -0.125219
v 0.931767 1.254601 -0.093914
v 0.890555 1.254601 -0.109446
v 0.917916 1.254601 -0.082084
v 0.874781 1.254601 -0.090977
v 0.906086 1.254601 -0.068233
v 0.862091 1.254601 -0.070268
v 0.896568 1.254601 -0.052701
v 0.852796 1.254601 -0.047829
v 0.889597 1.254601 -0.035872
v 0.847126 1.254601 -0.024213
v 0.885345 1.254601 -0.018160
v 0.845221 1.254601 0.000000
v 0.883915 1.254601 0.000000
v 0.847126 1.254601 0.024213
v 0.885345 1.254601 0.018160
v 0.852796 1.254601 0.047829
v 0.889597 1.254601 0.035872
v 0.862091 1.254601 0.070268
v 0.896568 1.254601 0.052701
v 0.874781 1.254601 0.090977
v 0.906086 1.254601 0.068233
v 0.890554 1.254601 0.109446
v 0.917916 1.254601 0.082084
v 0.909023 1.254601 0.125219
v 0.931767 1.254601 0.093914
v 0.929732 1.254601 0.137909
v 0.947299 1.254601 0.103432
v 0.952171 1.254601 0.147204
v 0.964128 1.254601 0.110403
v 0.975787 1.254601 0.152874
v 0.981840 1.254601 0.114655
v 1.000000 1.254601 0.154779
v 1.000000 1.254601 0.116085
v 1.024213 1.254601 0.152874
v 1.018160 1.254601 0.114655
v 1.047830 1.254601 0.147204
v 1.035872 1.254601 0.110403
v 1.070269 1.254601 0.137910
v 1.052701 1.254601 0.103432
v 1.090977 1.254601 0.125219
v 1.068233 1.254601 0.093914
v 1.109446 1.254601 0.109446
v 1.082084 1.254601 0.082084
v 1.125219 1.254601 0.090977
v 1.093915 1.254601 0.068233
v 1.137910 1.254601 0.070268
v 1.103432 1.254601 0.052701
v 1.147204 1.254601 0.047830
v 1.110403 1.254601 0.035872
v 1.152874 1.254601 0.024213
v 1.114655 1.254601 0.018160
v 1.154779 1.254601 0.000000
v 1.116085 1.254601 0.000000
v 1.053159 1.240150 -0.008420
v 1.051187 1.240150 -0.016632
v 1.053159 1.254601 -0.008420
v 1.051187 1.254601 -0.016632
v 1.047955 1.240150 -0.024434
v 1.047955 1.254601 -0.024434
v 1.043543 1.240150 -0.031635
v 1.043543 1.254601 -0.031635
v 1.038058 1.240150 -0.038058
v 1.038058 1.254601 -0.038058
v 1.031636 1.240150 -0.043543
v 1.031636 1.254601 -0.043543
v 1.024435 1.240150 -0.047955
v 1.024435 1.254601 -0.047955
v 1.016632 1.240150 -0.051187
v 1.016632 1.254601 -0.051187
v 1.008420 1.240150 -0.053159
v 1.008420 1.254601 -0.053159
v 1.000000 1.240150 -0.053822
v 1.000000 1.254601 -0.053822
v 0.991581 1.240150 -0.053159
v 0.991581 1.254601 -0.053159
v 0.983368 1.240150 -0.051187
v 0.983368 1.254601 -0.051187
v 0.975566 1.240150 -0.047955
v 0.975566 1.254601 -0.047955
v 0.968365 1.240150 -0.043543
v 0.968365 1.254601 -0.043543
v 0.961942 1.240150 -0.038058
v 0.961942 1.254601 -0.038058
v 0.956458 1.240150 -0.031636
v 0.956458 1.254601 -0.031636
v 0.952045 1.240150 -0.024434
v 0.952045 1.254601 -0.024434
v 0.948813 1.240150 -0.016632
v 0.948813 1.254601 -0.016632
v 0.946841 1.240150 -0.008420
v 0.946841 1.254601 -0.008420
v 0.946179 1.240150 0.000000
v 0.946179 1.254601 0.000000
v 0.946841 1.240150 0.008420
v 0.946841 1.254601 0.008420
v 0.948813 1.240150 0.016632
v 0.948813 1.254601 0.016632
v 0.952045 1.240150 0.024434
v 0.952045 1.254601 0.024434
v 0.956458 1.240150 0.031636
v 0.956458 1.254601 0.031636
v 0.961942 1.240150 0.038058
v 0.961942 1.254601 0.038058
v 0.968365 1.240150 0.043543
v 0.968365 1.254601 0.043543
v 0.975566 1.240150 0.047955
v 0.975566 1.254601 0.047955
v 0.983368 1.240150 0.051187
v 0.983368 1.254601 0.051187
v 0.991581 1.240150 0.053159
v 0.991581 1.254601 0.053159
v 1.000000 1.240150 0.053822
v 1.000000 1.254601 0.053822
v 1.008420 1.240150 0.053159
v 1.008420 1.254601 0.053159
v 1.016632 1.240150 0.051187
v 1.016632 1.254601 0.051187
v 1.024435 1.240150 0.047955
v 1.024435 1.254601 0.047955
v 1.031636 1.240150 0.043543
v 1.031636 1.254601 0.043543
v 1.038058 1.240150 0.038058
v 1.038058 1.254601 0.038058
v 1.043543 1.240150 0.031636
v 1.043543 1.254601 0.031636
v 1.047955 1.240150 0.024434
v 1.047955 1.254601 0.024434
v 1.051187 1.240150 0.016632
v 1.051187 1.254601 0.016632
v 1.053159 1.240150 0.008420
v 1.053159 1.254601 0.008420
v 1.053822 1.240150 0.000000
v 1.053822 1.254601 0.000000
v 1.073521 0.402450 -0.011645
v 1.070795 0.402450 -0.023002
v 1.066325 0.402450 -0.033794
v 1.060222 0.402450 -0.043753
v 1.052636 0.402450 -0.052635
v 1.043754 0.402450 -0.060221
v 1.033794 0.402450 -0.066324
v 1.023003 0.402450 -0.070794
v 1.011645 0.402450 -0.073521
v 1.000000 0.402450 -0.074438
v 0.988356 0.402450 -0.073521
v 0.976998 0.402450 -0.070794
v 0.966206 0.402450 -0.066325
v 0.956247 0.402450 -0.060221
v 0.947365 0.402450 -0.052635
v 0.939779 0.402450 -0.043753
v 0.933676 0.402450 -0.033794
v 0.929206 0.402450 -0.023002
v 0.926479 0.402450 -0.011645
v 0.925562 0.402450 0.000000
v 0.926479 0.402450 0.011645
v 0.929206 0.402450 0.023003
v 0.933676 0.402450 0.033794
v 0.939779 0.402450 0.043753
v 0.947365 0.402450 0.052636
v 0.956247 0.402450 0.060221
v 0.966206 0.402450 0.066325
v 0.976998 0.402450 0.070795
v 0.988355 0.402450 0.073521
v 1.000000 0.402450 0.074438
v 1.011645 0.402450 0.073521
v 1.023003 0.402450 0.070795
v 1.033794 0.402450 0.066325
v 1.043754 0.402450 0.060221
v 1.052636 0.402450 0.052636
v 1.060222 0.402450 0.043753
v 1.066325 0.402450 0.033794
v 1.070795 0.402450 0.023003
v 1.073521 0.402450 0.011645
v 1.074438 0.402450 0.000000
v 1.045390 0.324227 -0.007189
v 1.043706 0.324227 -0.014201
v 1.000000 0.324227 0.000000
v 1.040947 0.324227 -0.020863
v 1.037179 0.324227 -0.027012
v 1.032495 0.324227 -0.032495
v 1.027012 0.324227 -0.037179
v 1.020863 0.324227 -0.040946
v 1.014201 0.324227 -0.043706
v 1.007189 0.324227 -0.045389
v 1.000000 0.324227 -0.045955
v 0.992811 0.324227 -0.045389
v 0.985799 0.324227 -0.043706
v 0.979137 0.324227 -0.040946
v 0.972988 0.324227 -0.037179
v 0.967505 0.324227 -0.032495
v 0.962822 0.324227 -0.027012
v 0.959054 0.324227 -0.020863
v 0.956294 0.324227 -0.014201
v 0.954611 0.324227 -0.007189
v 0.954045 0.324227 0.000000
v 0.954611 0.324227 0.007189
v 0.956294 0.324227 0.014201
v 0.959054 0.324227 0.020863
v 0.962822 0.324227 0.027012
v 0.967505 0.324227 0.032495
v 0.972988 0.324227 0.037179
v 0.979137 0.324227 0.040946
v 0.985799 0.324227 0.043706
v 0.992811 0.324227 0.045390
v 1.000000 0.324227 0.045955
v 1.007189 0.324227 0.045390
v 1.014201 0.324227 0.043706
v 1.020863 0.324227 0.040946
v 1.027012 0.324227 0.037179
v 1.032495 0.324227 0.032495
v 1.037179 0.324227 0.027012
v 1.040946 0.324227 0.020863
v 1.043706 0.324227 0.014201
v 1.045390 0.324227 0.007189
v 1.045955 0.324227 0.000000
v 1.138130 1.252765 -0.045285
v 1.117500 1.252765 -0.085772
v 1.085369 1.252765 -0.117904
v 1.044881 1.252765 -0.138533
v 1.000000 1.252765 -0.145642
v 0.955119 1.252765 -0.138533
v 0.914631 1.252765 -0.117904
v 0.882500 1.252765 -0.085772
v 0.861870 1.252765 -0.045285
v 0.854762 1.252765 -0.000403
v 0.861870 1.252765 0.044478
v 0.882500 1.252765 0.084966
v 0.914631 1.252765 0.117097
v 0.955119 1.252765 0.137726
v 1.000000 1.252765 0.144835
v 1.044881 1.252765 0.137726
v 1.085369 1.252765 0.117097
v 1.117500 1.252765 0.084966
v 1.138130 1.252765 0.044478
v 1.145238 1.252765 -0.000403
v 1.133007 1.328379 -0.043620
v 1.113142 1.328379 -0.082606
v 1.082203 1.328379 -0.113546
v 1.043217 1.328379 -0.133410
v 1.000000 1.328379 -0.140255
v 0.956784 1.328379 -0.133410
v 0.917797 1.328379 -0.113546
v 0.886858 1.328379 -0.082606
v 0.866993 1.328379 -0.043620
v 0.860148 1.328379 -0.000403
v 0.866993 1.328379 0.042813
v 0.886858 1.328379 0.081799
v 0.917797 1.328379 0.112739
v 0.956784 1.328379 0.132603
v 1.000000 1.328379 0.139448
v 1.043217 1.328379 0.132603
v 1.082203 1.328379 0.112739
v 1.113142 1.328379 0.081799
v 1.133007 1.328379 0.042813
v 1.139852 1.328379 -0.000403
v 1.124609 1.400221 -0.040891
v 1.105999 1.400221 -0.077416
v 1.077013 1.400221 -0.106402
v 1.040488 1.400221 -0.125012
v 1.000000 1.400221 -0.131425
v 0.959512 1.400221 -0.125012
v 0.922988 1.400221 -0.106402
v 0.894002 1.400221 -0.077416
v 0.875391 1.400221 -0.040891
v 0.868979 1.400221 -0.000403
v 0.875391 1.400221 0.040084
v 0.894002 1.400221 0.076609
v 0.922988 1.400221 0.105595
v 0.959512 1.400221 0.124205
v 1.000000 1.400221 0.130618
v 1.040488 1.400221 0.124205
v 1.077013 1.400221 0.105595
v 1.105999 1.400221 0.076609
v 1.124609 1.400221 0.040084
v 1.131021 1.400221 -0.000403
v 1.113142 1.466525 -0.037166
v 1.096245 1.466525 -0.070329
v 1.069926 1.466525 -0.096648
v 1.036762 1.466525 -0.113546
v 1.000000 1.466525 -0.119368
v 0.963238 1.466525 -0.113546
v 0.930074 1.466525 -0.096648
v 0.903755 1.466525 -0.070329
v 0.886858 1.466525 -0.037166
v 0.881035 1.466525 -0.000403
v 0.886858 1.466525 0.036359
v 0.903755 1.466525 0.069522
v 0.930074 1.466525 0.095841
v 0.963238 1.466525 0.112739
v 1.000000 1.466525 0.118561
v 1.036762 1.466525 0.112739
v 1.069926 1.466525 0.095841
v 1.096245 1.466525 0.069522
v 1.113142 1.466525 0.036359
v 1.118965 1.466525 -0.000403
v 1.098890 1.525656 -0.032535
v 1.084121 1.525656 -0.061521
v 1.061118 1.525656 -0.084524
v 1.032131 1.525656 -0.099294
v 1.000000 1.525656 -0.104383
v 0.967869 1.525656 -0.099294
v 0.938883 1.525656 -0.084524
v 0.915879 1.525656 -0.061521
v 0.901110 1.525656 -0.032535
v 0.896021 1.525656 -0.000403
v 0.901110 1.525656 0.031728
v 0.915879 1.525656 0.060714
v 0.938883 1.525656 0.083717
v 0.967869 1.525656 0.098487
v 1.000000 1.525656 0.103576
v 1.032131 1.525656 0.098487
v 1.061118 1.525656 0.083717
v 1.084121 1.525656 0.060714
v 1.098890 1.525656 0.031728
v 1.103979 1.525656 -0.000403
v 1.082203 1.576158 -0.027113
v 1.069926 1.576158 -0.051208
v 1.050804 1.576158 -0.070329
v 1.026709 1.576158 -0.082606
v 1.000000 1.576158 -0.086837
v 0.973291 1.576158 -0.082606
v 0.949196 1.576158 -0.070329
v 0.930074 1.576158 -0.051208
v 0.917797 1.576158 -0.027113
v 0.913567 1.576158 -0.000403
v 0.917797 1.576158 0.026306
v 0.930074 1.576158 0.050401
v 0.949196 1.576158 0.069522
v 0.973291 1.576158 0.081799
v 1.000000 1.576158 0.086030
v 1.026709 1.576158 0.081799
v 1.050804 1.576158 0.069522
v 1.069926 1.576158 0.050401
v 1.082203 1.576158 0.026306
v 1.086433 1.576158 -0.000403
v 1.063491 1.616789 -0.021033
v 1.054009 1.616789 -0.039643
v 1.039240 1.616789 -0.054412
v 1.020630 1.616789 -0.063895
v 1.000000 1.616789 -0.067162
v 0.979371 1.616789 -0.063895
v 0.960760 1.616789 -0.054412
v 0.945991 1.616789 -0.039643
v 0.936509 1.616789 -0.021033
v 0.933241 1.616789 -0.000403
v 0.936509 1.616789 0.020226
v 0.945991 1.616789 0.038836
v 0.960760 1.616789 0.053606
v 0.979371 1.616789 0.063088
v 1.000000 1.616789 0.066355
v 1.020630 1.616789 0.063088
v 1.039240 1.616789 0.053606
v 1.054009 1.616789 0.038836
v 1.063491 1.616789 0.020226
v 1.066759 1.616789 -0.000403
v 1.043217 1.646547 -0.014445
v 1.036762 1.646547 -0.027113
v 1.026709 1.646547 -0.037166
v 1.014042 1.646547 -0.043620
v 1.000000 1.646547 -0.045844
v 0.985958 1.646547 -0.043620
v 0.973291 1.646547 -0.037166
v 0.963238 1.646547 -0.027113
v 0.956784 1.646547 -0.014445
v 0.954560 1.646547 -0.000403
v 0.956784 1.646547 0.013638
v 0.963238 1.646547 0.026306
v 0.973291 1.646547 0.036359
v 0.985958 1.646547 0.042813
v 1.000000 1.646547 0.045037
v 1.014042 1.646547 0.042813
v 1.026709 1.646547 0.036359
v 1.036762 1.646547 0.026306
v 1.043217 1.646547 0.013638
v 1.045441 1.646547 -0.000403
v 1.021878 1.664700 -0.007512
v 1.018610 1.664700 -0.013925
v 1.013521 1.664700 -0.019014
v 1.007109 1.664700 -0.022281
v 1.000000 1.664700 -0.023407
v 0.992892 1.664700 -0.022281
v 0.986479 1.664700 -0.019014
v 0.981390 1.664700 -0.013925
v 0.978122 1.664700 -0.007512
v 0.976997 1.664700 -0.000403
v 0.978122 1.664700 0.006705
v 0.981390 1.664700 0.013118
v 0.986479 1.664700 0.018207
v 0.992892 1.664700 0.021474
v 1.000000 1.664700 0.022600
v 1.007109 1.664700 0.021474
v 1.013521 1.664700 0.018207
v 1.018610 1.664700 0.013118
v 1.021878 1.664700 0.006705
v 1.023004 1.664700 -0.000403
v 1.000000 1.670801 -0.000403
v 1.139506 1.253935 -0.045732
v 1.118671 1.253935 -0.086623
v 1.114290 1.329932 -0.083440
v 1.134356 1.329932 -0.044058
v 1.086219 1.253935 -0.119074
v 1.083037 1.329932 -0.114693
v 1.045328 1.253935 -0.139909
v 1.043655 1.329932 -0.134759
v 1.000000 1.253935 -0.147089
v 1.000000 1.329932 -0.141674
v 0.954672 1.253935 -0.139909
v 0.956345 1.329932 -0.134759
v 0.913781 1.253935 -0.119074
v 0.916964 1.329932 -0.114693
v 0.881329 1.253935 -0.086623
v 0.885710 1.329932 -0.083440
v 0.860494 1.253935 -0.045732
v 0.865644 1.329932 -0.044058
v 0.853315 1.253935 -0.000403
v 0.858730 1.329932 -0.000403
v 0.860494 1.253935 0.044925
v 0.865644 1.329932 0.043251
v 0.881329 1.253935 0.085816
v 0.885710 1.329932 0.082633
v 0.913781 1.253935 0.118267
v 0.916964 1.329932 0.113887
v 0.954672 1.253935 0.139102
v 0.956345 1.329932 0.133953
v 1.000000 1.253935 0.146282
v 1.000000 1.329932 0.140867
v 1.045328 1.253935 0.139102
v 1.043655 1.329932 0.133953
v 1.086219 1.253935 0.118267
v 1.083037 1.329932 0.113887
v 1.118671 1.253935 0.085816
v 1.114290 1.329932 0.082633
v 1.139506 1.253935 0.044925
v 1.134356 1.329932 0.043251
v 1.146685 1.253935 -0.000403
v 1.141270 1.329932 -0.000403
v 1.107072 1.402501 -0.078196
v 1.125871 1.402501 -0.041301
v 1.077793 1.402501 -0.107476
v 1.040898 1.402501 -0.126274
v 1.000000 1.402501 -0.132752
v 0.959102 1.402501 -0.126274
v 0.922208 1.402501 -0.107476
v 0.892928 1.402501 -0.078196
v 0.874129 1.402501 -0.041301
v 0.867652 1.402501 -0.000403
v 0.874129 1.402501 0.040495
v 0.892928 1.402501 0.077389
v 0.922208 1.402501 0.106669
v 0.959102 1.402501 0.125468
v 1.000000 1.402501 0.131945
v 1.040898 1.402501 0.125468
v 1.077793 1.402501 0.106669
v 1.107072 1.402501 0.077389
v 1.125871 1.402501 0.040495
v 1.132349 1.402501 -0.000403
v 1.097218 1.469471 -0.071036
v 1.114287 1.469471 -0.037537
v 1.070633 1.469471 -0.097621
v 1.037134 1.469471 -0.114690
v 1.000000 1.469471 -0.120571
v 0.962866 1.469471 -0.114690
v 0.929367 1.469471 -0.097621
v 0.902782 1.469471 -0.071036
v 0.885714 1.469471 -0.037537
v 0.879832 1.469471 -0.000403
v 0.885714 1.469471 0.036730
v 0.902782 1.469471 0.070229
v 0.929367 1.469471 0.096814
v 0.962866 1.469471 0.113883
v 1.000000 1.469471 0.119764
v 1.037134 1.469471 0.113883
v 1.070633 1.469471 0.096814
v 1.097218 1.469471 0.070229
v 1.114287 1.469471 0.036730
v 1.120168 1.469471 -0.000403
v 1.084970 1.529193 -0.062138
v 1.099888 1.529193 -0.032859
v 1.061734 1.529193 -0.085373
v 1.032456 1.529193 -0.100292
v 1.000000 1.529193 -0.105432
v 0.967544 1.529193 -0.100292
v 0.938266 1.529193 -0.085373
v 0.915030 1.529193 -0.062138
v 0.900112 1.529193 -0.032859
v 0.894971 1.529193 -0.000403
v 0.900112 1.529193 0.032052
v 0.915030 1.529193 0.061331
v 0.938266 1.529193 0.084566
v 0.967544 1.529193 0.099485
v 1.000000 1.529193 0.104625
v 1.032456 1.529193 0.099485
v 1.061734 1.529193 0.084566
v 1.084970 1.529193 0.061331
v 1.099888 1.529193 0.032052
v 1.105029 1.529193 -0.000403
v 1.070630 1.580197 -0.051719
v 1.083031 1.580197 -0.027382
v 1.051316 1.580197 -0.071034
v 1.026978 1.580197 -0.083434
v 1.000000 1.580197 -0.087707
v 0.973022 1.580197 -0.083434
v 0.948684 1.580197 -0.071034
v 0.929370 1.580197 -0.051719
v 0.916969 1.580197 -0.027382
v 0.912696 1.580197 -0.000403
v 0.916969 1.580197 0.026575
v 0.929370 1.580197 0.050912
v 0.948684 1.580197 0.070227
v 0.973022 1.580197 0.082627
v 1.000000 1.580197 0.086900
v 1.026978 1.580197 0.082627
v 1.051316 1.580197 0.070227
v 1.070630 1.580197 0.050912
v 1.083031 1.580197 0.026575
v 1.087304 1.580197 -0.000403
v 1.054552 1.621230 -0.040038
v 1.064130 1.621230 -0.021240
v 1.039635 1.621230 -0.054956
v 1.020837 1.621229 -0.064533
v 1.000000 1.621230 -0.067834
v 0.979163 1.621230 -0.064533
v 0.960366 1.621230 -0.054956
v 0.945448 1.621230 -0.040038
v 0.935870 1.621230 -0.021240
v 0.932570 1.621230 -0.000403
v 0.935870 1.621230 0.020434
v 0.945448 1.621230 0.039231
v 0.960366 1.621230 0.054149
v 0.979163 1.621230 0.063726
v 1.000000 1.621230 0.067027
v 1.020837 1.621230 0.063726
v 1.039634 1.621230 0.054149
v 1.054552 1.621230 0.039231
v 1.064130 1.621230 0.020434
v 1.067430 1.621230 -0.000403
v 1.037132 1.651280 -0.027381
v 1.043651 1.651280 -0.014586
v 1.026978 1.651281 -0.037535
v 1.014183 1.651281 -0.044054
v 1.000000 1.651281 -0.046300
v 0.985817 1.651281 -0.044054
v 0.973023 1.651281 -0.037535
v 0.962869 1.651280 -0.027381
v 0.956350 1.651281 -0.014586
v 0.954103 1.651280 -0.000403
v 0.956350 1.651280 0.013779
v 0.962869 1.651281 0.026574
v 0.973023 1.651281 0.036728
v 0.985817 1.651281 0.043247
v 1.000000 1.651281 0.045493
v 1.014183 1.651280 0.043247
v 1.026978 1.651281 0.036728
v 1.037131 1.651281 0.026574
v 1.043651 1.651281 0.013779
v 1.045897 1.651281 -0.000403
v 1.018797 1.669612 -0.014060
v 1.022097 1.669612 -0.007583
v 1.013657 1.669612 -0.019200
v 1.007180 1.669612 -0.022501
v 1.000000 1.669612 -0.023638
v 0.992820 1.669612 -0.022501
v 0.986343 1.669612 -0.019200
v 0.981203 1.669612 -0.014060
v 0.977903 1.669612 -0.007583
v 0.976766 1.669612 -0.000403
v 0.977903 1.669612 0.006776
v 0.981203 1.669612 0.013253
v 0.986343 1.669612 0.018394
v 0.992820 1.669612 0.021694
v 1.000000 1.669612 0.022831
v 1.007180 1.669612 0.021694
v 1.013657 1.669612 0.018394
v 1.018797 1.669612 0.013253
v 1.022097 1.669612 0.006776
v 1.023234 1.669612 -0.000403
v 1.000000 1.675773 -0.000403
v 1.453661 0.281635 -0.300152
v 1.440640 0.281635 -0.322706
v 1.453661 0.561847 -0.300152
v 1.440640 0.561847 -0.322706
v 1.444326 0.561847 -0.294763
v 1.431304 0.561847 -0.317316
v 1.444326 0.281635 -0.294763
v 1.431304 0.281635 -0.317316
v 1.453661 0.434968 -0.300152
v 1.440640 0.434968 -0.322706
v 1.431304 0.434968 -0.317316
v 1.444326 0.434968 -0.294763
v 1.453661 0.412744 -0.300152
v 1.440640 0.412744 -0.322706
v 1.431304 0.412744 -0.317316
v 1.444326 0.412744 -0.294763
v 1.444326 0.539469 -0.294763
v 1.431304 0.539469 -0.317316
v 1.440640 0.539469 -0.322706
v 1.453661 0.539469 -0.300152
v 1.453661 0.303383 -0.300152
v 1.440640 0.303383 -0.322706
v 1.431304 0.303383 -0.317316
v 1.444326 0.303383 -0.294763
v 1.430972 0.412744 -0.328671
v 1.421637 0.412744 -0.323281
v 1.421637 0.434968 -0.323281
v 1.430972 0.434968 -0.328671
v 1.444658 0.412744 -0.283408
v 1.453993 0.412744 -0.288797
v 1.453993 0.434968 -0.288797
v 1.444658 0.434968 -0.283408
v 1.421637 0.539469 -0.323281
v 1.430972 0.539469 -0.328671
v 1.421637 0.561847 -0.323281
v 1.430972 0.561847 -0.328671
v 1.453993 0.539469 -0.288797
v 1.444658 0.539469 -0.283408
v 1.453993 0.561847 -0.288797
v 1.444658 0.561847 -0.283408
v 1.421637 0.281635 -0.323281
v 1.430972 0.281635 -0.328671
v 1.421637 0.303383 -0.323281
v 1.430972 0.303383 -0.328671
v 1.444658 0.281635 -0.283408
v 1.453993 0.281635 -0.288797
v 1.453993 0.303383 -0.288797
v 1.444658 0.303383 -0.283408
v 1.421304 0.412744 -0.334637
v 1.411969 0.412744 -0.329247
v 1.411969 0.434968 -0.329247
v 1.421304 0.434968 -0.334637
v 1.444990 0.412744 -0.272052
v 1.454325 0.412744 -0.277442
v 1.454325 0.434968 -0.277442
v 1.444990 0.434968 -0.272052
v 1.411969 0.539469 -0.329247
v 1.421304 0.539469 -0.334637
v 1.411969 0.561847 -0.329247
v 1.421304 0.561847 -0.334637
v 1.454325 0.539469 -0.277442
v 1.444990 0.539469 -0.272052
v 1.454325 0.561847 -0.277442
v 1.444990 0.561847 -0.272052
v 1.411969 0.281635 -0.329247
v 1.421304 0.281635 -0.334637
v 1.411969 0.303383 -0.329247
v 1.421304 0.303383 -0.334637
v 1.444990 0.281635 -0.272052
v 1.454325 0.281635 -0.277442
v 1.454325 0.303383 -0.277442
v 1.444990 0.303383 -0.272052
v 1.397634 0.434968 -0.309424
v 1.397634 0.412744 -0.309424
v 1.387967 0.434968 -0.315389
v 1.387967 0.412744 -0.315389
v 1.420656 0.434968 -0.269550
v 1.420656 0.412744 -0.269550
v 1.420988 0.412744 -0.258195
v 1.420988 0.434968 -0.258195
v 1.397634 0.561847 -0.309424
v 1.397634 0.539469 -0.309424
v 1.387967 0.561847 -0.315389
v 1.387967 0.539469 -0.315389
v 1.420656 0.561847 -0.269550
v 1.420656 0.539469 -0.269550
v 1.420988 0.539469 -0.258195
v 1.420988 0.561847 -0.258195
v 1.397634 0.303383 -0.309424
v 1.397634 0.281635 -0.309424
v 1.387967 0.303383 -0.315389
v 1.387967 0.281635 -0.315389
v 1.420656 0.303383 -0.269550
v 1.420656 0.281635 -0.269550
v 1.420988 0.281635 -0.258195
v 1.420988 0.303383 -0.258195
v 1.397634 0.561847 -0.309424
v 1.397634 0.539469 -0.309424
v 1.387967 0.561847 -0.315389
v 1.387967 0.539469 -0.315389
v 1.420656 0.561847 -0.269550
v 1.420656 0.539469 -0.269550
v 1.420988 0.539469 -0.258195
v 1.420988 0.561847 -0.258195
v 1.392383 0.561847 -0.300914
v 1.392383 0.539469 -0.300914
v 1.382715 0.561847 -0.306879
v 1.382715 0.539469 -0.306879
v 1.410660 0.561847 -0.269257
v 1.410660 0.539469 -0.269257
v 1.410992 0.539469 -0.257902
v 1.410992 0.561847 -0.257902
v 1.398889 0.561847 -0.289646
v 1.398889 0.539469 -0.289646
v 1.392780 0.561847 -0.289446
v 1.392780 0.539469 -0.289446
v 1.404154 0.561847 -0.280525
v 1.404154 0.539469 -0.280525
v 1.400927 0.539469 -0.275335
v 1.400927 0.561847 -0.275335
v 1.392383 0.434968 -0.300914
v 1.392383 0.412744 -0.300914
v 1.382715 0.434968 -0.306879
v 1.382715 0.412744 -0.306879
v 1.410660 0.434968 -0.269257
v 1.410660 0.412744 -0.269257
v 1.410992 0.412744 -0.257902
v 1.410992 0.434968 -0.257902
v 1.392383 0.303383 -0.300914
v 1.392383 0.281635 -0.300914
v 1.382715 0.303383 -0.306879
v 1.382715 0.281635 -0.306879
v 1.410660 0.303383 -0.269257
v 1.410660 0.281635 -0.269257
v 1.410992 0.281635 -0.257902
v 1.410992 0.303383 -0.257902
v 1.398456 0.434968 -0.290396
v 1.398456 0.412744 -0.290396
v 1.392110 0.434968 -0.290607
v 1.392110 0.412744 -0.290607
v 1.404588 0.434968 -0.279775
v 1.404588 0.412744 -0.279775
v 1.401597 0.412744 -0.274174
v 1.401597 0.434968 -0.274174
v 1.398533 0.303383 -0.290261
v 1.398533 0.281635 -0.290261
v 1.392230 0.303383 -0.290398
v 1.392230 0.281635 -0.290398
v 1.404510 0.303383 -0.279909
v 1.404510 0.281635 -0.279909
v 1.401477 0.281635 -0.274382
v 1.401477 0.303383 -0.274382
v 1.495253 0.412937 -0.250114
v 1.418101 0.412937 -0.383745
v 1.495253 0.435138 -0.250114
v 1.418101 0.435138 -0.383745
v 1.485726 0.435138 -0.244614
v 1.408575 0.435138 -0.378245
v 1.485726 0.412937 -0.244614
v 1.408575 0.412937 -0.378245
v 1.495253 0.281635 -0.250114
v 1.418101 0.281635 -0.383745
v 1.495253 0.303836 -0.250114
v 1.418101 0.303836 -0.383745
v 1.485726 0.303836 -0.244614
v 1.408575 0.303836 -0.378245
v 1.485726 0.281635 -0.244614
v 1.408575 0.281635 -0.378245
v 1.279174 0.443680 -0.189092
v 1.269865 0.435108 -0.183717
v 1.264699 0.422722 -0.180735
v 1.264699 0.408973 -0.180735
v 1.269865 0.396587 -0.183717
v 1.279174 0.388015 -0.189092
v 1.290781 0.384955 -0.195794
v 1.302389 0.388015 -0.202495
v 1.311698 0.396587 -0.207870
v 1.316864 0.408973 -0.210852
v 1.316864 0.422722 -0.210852
v 1.311698 0.435108 -0.207870
v 1.302389 0.443680 -0.202495
v 1.290781 0.446739 -0.195794
v 1.289484 0.443680 -0.171233
v 1.280176 0.435108 -0.165859
v 1.275010 0.422722 -0.162876
v 1.275010 0.408973 -0.162876
v 1.280176 0.396587 -0.165859
v 1.289484 0.388015 -0.171233
v 1.301092 0.384955 -0.177935
v 1.312700 0.388015 -0.184637
v 1.322008 0.396587 -0.190011
v 1.327174 0.408973 -0.192994
v 1.327174 0.422722 -0.192994
v 1.322008 0.435108 -0.190011
v 1.312700 0.443680 -0.184637
v 1.301092 0.446739 -0.177935
v 1.290781 0.415847 -0.195794
v 1.301092 0.415847 -0.177935
v 1.275378 0.449176 -0.186901
v 1.266069 0.440604 -0.181526
v 1.276380 0.440604 -0.163668
v 1.285689 0.449176 -0.169042
v 1.258611 0.422722 -0.177220
v 1.258611 0.408973 -0.177220
v 1.268922 0.408973 -0.159362
v 1.268922 0.422722 -0.159362
v 1.266069 0.391091 -0.181526
v 1.275378 0.382519 -0.186901
v 1.285689 0.382519 -0.169042
v 1.276380 0.391091 -0.163668
v 1.292136 0.378102 -0.196576
v 1.303744 0.381162 -0.203277
v 1.314054 0.381162 -0.185419
v 1.302447 0.378102 -0.178717
v 1.317183 0.393537 -0.211036
v 1.322348 0.405923 -0.214019
v 1.332659 0.405923 -0.196160
v 1.327493 0.393537 -0.193178
v 1.322348 0.425771 -0.214019
v 1.317183 0.438158 -0.211036
v 1.327493 0.438158 -0.193178
v 1.332659 0.425771 -0.196160
v 1.303744 0.450533 -0.203277
v 1.292136 0.453592 -0.196576
v 1.302447 0.453592 -0.178717
v 1.314054 0.450533 -0.185419
v 1.252333 0.443680 -0.235582
v 1.243024 0.435108 -0.230207
v 1.237858 0.422722 -0.227225
v 1.237858 0.408973 -0.227225
v 1.243024 0.396587 -0.230207
v 1.252333 0.388015 -0.235582
v 1.263941 0.384955 -0.242283
v 1.275548 0.388015 -0.248985
v 1.284857 0.396587 -0.254359
v 1.290023 0.408973 -0.257342
v 1.290023 0.422722 -0.257342
v 1.284857 0.435108 -0.254359
v 1.275548 0.443680 -0.248985
v 1.263941 0.446739 -0.242283
v 1.262643 0.443680 -0.217723
v 1.253335 0.435108 -0.212349
v 1.248169 0.422722 -0.209366
v 1.248169 0.408973 -0.209366
v 1.253335 0.396587 -0.212349
v 1.262643 0.388015 -0.217723
v 1.274251 0.384955 -0.224425
v 1.285859 0.388015 -0.231127
v 1.295168 0.396587 -0.236501
v 1.300334 0.408973 -0.239484
v 1.300334 0.422722 -0.239484
v 1.295168 0.435108 -0.236501
v 1.285859 0.443680 -0.231127
v 1.274251 0.446739 -0.224425
v 1.263941 0.415847 -0.242283
v 1.274251 0.415847 -0.224425
v 1.248537 0.449176 -0.233390
v 1.239229 0.440604 -0.228016
v 1.249539 0.440604 -0.210157
v 1.258848 0.449176 -0.215532
v 1.231771 0.422722 -0.223710
v 1.231771 0.408973 -0.223710
v 1.242081 0.408973 -0.205851
v 1.242081 0.422722 -0.205851
v 1.239229 0.391091 -0.228016
v 1.248537 0.382519 -0.233390
v 1.258848 0.382519 -0.215532
v 1.249539 0.391091 -0.210157
v 1.265295 0.378102 -0.243065
v 1.276903 0.381162 -0.249767
v 1.287214 0.381162 -0.231909
v 1.275606 0.378102 -0.225207
v 1.290342 0.393537 -0.257526
v 1.295508 0.405923 -0.260509
v 1.305818 0.405923 -0.242650
v 1.300652 0.393537 -0.239668
v 1.295508 0.425771 -0.260509
v 1.290342 0.438158 -0.257526
v 1.300652 0.438158 -0.239668
v 1.305818 0.425771 -0.242650
v 1.276903 0.450533 -0.249767
v 1.265295 0.453592 -0.243065
v 1.275606 0.453592 -0.225207
v 1.287214 0.450533 -0.231909
v 1.276691 0.413343 -0.222408
v 1.275251 0.412608 -0.220999
v 1.274056 0.411909 -0.219361
v 1.273134 0.411263 -0.217535
v 1.272509 0.410688 -0.215566
v 1.272196 0.410197 -0.213502
v 1.272202 0.409802 -0.211394
v 1.272528 0.409512 -0.209294
v 1.273165 0.409335 -0.207254
v 1.274098 0.409276 -0.205323
v 1.275303 0.409335 -0.203550
v 1.276751 0.409512 -0.201979
v 1.278407 0.409802 -0.200647
v 1.280230 0.410197 -0.199587
v 1.282174 0.410688 -0.198827
v 1.284192 0.411263 -0.198383
v 1.286234 0.411909 -0.198268
v 1.288250 0.412608 -0.198485
v 1.290190 0.413343 -0.199027
v 1.292007 0.414097 -0.199881
v 1.293655 0.414852 -0.201027
v 1.295095 0.415587 -0.202437
v 1.296290 0.416286 -0.204075
v 1.297212 0.416931 -0.205901
v 1.297837 0.417507 -0.207870
v 1.298150 0.417998 -0.209934
v 1.298144 0.418393 -0.212042
v 1.297819 0.418683 -0.214142
v 1.297181 0.418859 -0.216182
v 1.296249 0.418919 -0.218112
v 1.295043 0.418859 -0.219885
v 1.293595 0.418683 -0.221457
v 1.291939 0.418393 -0.222789
v 1.290117 0.417998 -0.223848
v 1.288173 0.417507 -0.224609
v 1.286155 0.416931 -0.225052
v 1.284112 0.416286 -0.225167
v 1.282096 0.415587 -0.224951
v 1.280156 0.414852 -0.224409
v 1.278339 0.414097 -0.223554
v 1.111046 0.920706 -0.126773
v 1.109607 0.919971 -0.125364
v 1.108411 0.919272 -0.123726
v 1.107490 0.918627 -0.121900
v 1.106865 0.918051 -0.119931
v 1.106551 0.917560 -0.117867
v 1.106558 0.917165 -0.115759
v 1.106883 0.916875 -0.113659
v 1.107520 0.916698 -0.111619
v 1.108453 0.916639 -0.109688
v 1.109658 0.916698 -0.107915
v 1.111107 0.916875 -0.106344
v 1.112763 0.917165 -0.105012
v 1.114585 0.917560 -0.103952
v 1.116529 0.918051 -0.103192
v 1.118547 0.918627 -0.102748
v 1.120589 0.919272 -0.102633
v 1.122605 0.919971 -0.102850
v 1.124546 0.920706 -0.103392
v 1.126362 0.921460 -0.104246
v 1.128011 0.922215 -0.105392
v 1.129450 0.922950 -0.106802
v 1.130646 0.923649 -0.108440
v 1.131567 0.924294 -0.110266
v 1.132192 0.924870 -0.112235
v 1.132506 0.925361 -0.114299
v 1.132499 0.925756 -0.116407
v 1.132174 0.926046 -0.118507
v 1.131537 0.926222 -0.120547
v 1.130604 0.926282 -0.122477
v 1.129399 0.926222 -0.124250
v 1.127950 0.926046 -0.125822
v 1.126294 0.925756 -0.127154
v 1.124472 0.925361 -0.128214
v 1.122528 0.924870 -0.128974
v 1.120510 0.924294 -0.129417
v 1.118468 0.923649 -0.129532
v 1.116452 0.922950 -0.129316
v 1.114511 0.922215 -0.128774
v 1.112695 0.921460 -0.127919
v 1.285173 0.414097 -0.211718
v 1.119529 0.921460 -0.116083
v 1.425143 0.566543 -0.266093
v 1.414595 0.566543 -0.265590
v 1.425143 0.276631 -0.266093
v 1.414595 0.276631 -0.265590
v 1.396707 0.566543 -0.296906
v 1.401737 0.566543 -0.305431
v 1.396707 0.276631 -0.296906
v 1.401737 0.276631 -0.305431
v 1.448586 0.276631 -0.279628
v 1.448424 0.276631 -0.290800
v 1.448586 0.566543 -0.279628
v 1.448424 0.566543 -0.290800
v 1.434868 0.276631 -0.313469
v 1.425525 0.276631 -0.319257
v 1.434868 0.566543 -0.313469
v 1.425525 0.566543 -0.319257
v 1.425143 0.411935 -0.266093
v 1.448586 0.411935 -0.279628
v 1.448424 0.411935 -0.290800
v 1.434868 0.411935 -0.313469
v 1.425525 0.411935 -0.319257
v 1.401737 0.411935 -0.305431
v 1.396707 0.411935 -0.296906
v 1.414595 0.411935 -0.265590
v 1.414595 0.303711 -0.265590
v 1.425143 0.303711 -0.266093
v 1.448586 0.303711 -0.279628
v 1.448424 0.303711 -0.290800
v 1.434868 0.303711 -0.313469
v 1.425525 0.303711 -0.319257
v 1.401737 0.303711 -0.305431
v 1.396707 0.303711 -0.296906
v 1.414595 0.280865 -0.265590
v 1.425143 0.280865 -0.266093
v 1.448586 0.280865 -0.279628
v 1.448424 0.280865 -0.290800
v 1.434868 0.280865 -0.313469
v 1.425525 0.280865 -0.319257
v 1.401737 0.280865 -0.305431
v 1.396707 0.280865 -0.296906
v 1.425143 0.562621 -0.266093
v 1.414595 0.562620 -0.265590
v 1.396707 0.562621 -0.296906
v 1.401737 0.562620 -0.305431
v 1.425525 0.562621 -0.319257
v 1.434868 0.562620 -0.313469
v 1.448424 0.562621 -0.290800
v 1.448586 0.562620 -0.279628
v 1.448586 0.435749 -0.279628
v 1.448424 0.435750 -0.290800
v 1.434868 0.435749 -0.313469
v 1.425525 0.435750 -0.319257
v 1.401737 0.435749 -0.305431
v 1.396707 0.435750 -0.296906
v 1.414595 0.435749 -0.265590
v 1.425143 0.435750 -0.266093
v 1.425143 0.538908 -0.266093
v 1.414595 0.538908 -0.265590
v 1.396707 0.538908 -0.296906
v 1.401737 0.538908 -0.305431
v 1.425525 0.538908 -0.319257
v 1.434868 0.538908 -0.313469
v 1.448424 0.538908 -0.290800
v 1.448586 0.538908 -0.279628
v 1.412814 0.566543 -0.260473
v 1.425427 0.566543 -0.261075
v 1.412814 0.562620 -0.260473
v 1.425427 0.562621 -0.261075
v 1.391424 0.562621 -0.297919
v 1.391424 0.566543 -0.297919
v 1.397439 0.566543 -0.308113
v 1.397439 0.562620 -0.308113
v 1.425883 0.566543 -0.324646
v 1.425883 0.562621 -0.324646
v 1.437055 0.562620 -0.317724
v 1.437055 0.566543 -0.317724
v 1.453264 0.566543 -0.290618
v 1.453264 0.562621 -0.290618
v 1.453458 0.562620 -0.277259
v 1.453458 0.566543 -0.277259
v 1.413397 0.280865 -0.262148
v 1.425334 0.280865 -0.262717
v 1.413397 0.276631 -0.262148
v 1.425334 0.276631 -0.262717
v 1.451863 0.280865 -0.278034
v 1.451863 0.276631 -0.278034
v 1.451680 0.276631 -0.290678
v 1.451680 0.280865 -0.290678
v 1.436340 0.280865 -0.316332
v 1.436340 0.276631 -0.316332
v 1.425766 0.276631 -0.322882
v 1.425766 0.280865 -0.322882
v 1.398846 0.280865 -0.307235
v 1.398846 0.276631 -0.307235
v 1.393153 0.280865 -0.297588
v 1.393153 0.276631 -0.297588
v 1.389228 0.435750 -0.292588
v 1.407116 0.435749 -0.261272
v 1.407116 0.538908 -0.261272
v 1.389228 0.538908 -0.292588
v 1.389228 0.303711 -0.292588
v 1.407116 0.303711 -0.261272
v 1.407116 0.411935 -0.261272
v 1.389228 0.411935 -0.292588
v 1.378590 0.435750 -0.295402
v 1.404234 0.435749 -0.250653
v 1.404234 0.538908 -0.250653
v 1.378590 0.538908 -0.295402
v 1.378590 0.303711 -0.295402
v 1.404234 0.303711 -0.250653
v 1.404234 0.411935 -0.250653
v 1.378590 0.411935 -0.295402
v 1.378557 0.538908 -0.265605
v 1.349677 0.435750 -0.270000
v 1.348936 0.435750 -0.275732
v 1.352458 0.435750 -0.280315
v 1.348936 0.538908 -0.275732
v 1.349677 0.538908 -0.270000
v 1.352458 0.538908 -0.280315
v 1.348936 0.303711 -0.275732
v 1.352458 0.303711 -0.280315
v 1.349677 0.303711 -0.270000
v 1.352458 0.411935 -0.280315
v 1.348936 0.411935 -0.275732
v 1.349677 0.411935 -0.270000
v 1.378103 0.435749 -0.235566
v 1.372386 0.435749 -0.234818
v 1.367821 0.435749 -0.238339
v 1.367821 0.538908 -0.238339
v 1.372386 0.538908 -0.234818
v 1.378103 0.538908 -0.235566
v 1.367821 0.303711 -0.238339
v 1.378103 0.303711 -0.235566
v 1.372386 0.303711 -0.234818
v 1.378103 0.411935 -0.235566
v 1.372386 0.411935 -0.234818
v 1.367821 0.411935 -0.238339
v 1.448586 0.537172 -0.279628
v 1.448424 0.537172 -0.290800
v 1.434868 0.537172 -0.313469
v 1.425525 0.537172 -0.319257
v 1.401737 0.537172 -0.305431
v 1.396707 0.537172 -0.296906
v 1.389228 0.537172 -0.292588
v 1.378590 0.537172 -0.295402
v 1.352458 0.537172 -0.280315
v 1.348936 0.537172 -0.275732
v 1.349677 0.537172 -0.270000
v 1.367821 0.537172 -0.238339
v 1.372386 0.537172 -0.234818
v 1.378103 0.537172 -0.235566
v 1.404234 0.537172 -0.250653
v 1.407116 0.537172 -0.261272
v 1.414595 0.537172 -0.265590
v 1.425143 0.537172 -0.266093
v 1.425143 0.305254 -0.266093
v 1.414595 0.305254 -0.265590
v 1.407116 0.305254 -0.261272
v 1.404234 0.305254 -0.250653
v 1.378103 0.305254 -0.235566
v 1.372386 0.305254 -0.234818
v 1.367821 0.305254 -0.238339
v 1.349677 0.305254 -0.270000
v 1.348936 0.305254 -0.275732
v 1.352458 0.305254 -0.280315
v 1.378590 0.305254 -0.295402
v 1.389228 0.305254 -0.292588
v 1.396707 0.305254 -0.296906
v 1.401737 0.305254 -0.305431
v 1.425525 0.305254 -0.319257
v 1.434868 0.305254 -0.313469
v 1.448424 0.305254 -0.290800
v 1.448586 0.305254 -0.279628
v 1.448586 0.436184 -0.279628
v 1.448424 0.436184 -0.290800
v 1.434868 0.436184 -0.313469
v 1.425525 0.436184 -0.319257
v 1.401737 0.436184 -0.305431
v 1.396707 0.436184 -0.296906
v 1.389228 0.436184 -0.292588
v 1.378590 0.436184 -0.295402
v 1.352458 0.436184 -0.280315
v 1.348936 0.436184 -0.275732
v 1.349677 0.436184 -0.270000
v 1.367821 0.436184 -0.238339
v 1.372386 0.436184 -0.234818
v 1.378103 0.436184 -0.235566
v 1.404234 0.436184 -0.250653
v 1.407116 0.436184 -0.261272
v 1.414595 0.436184 -0.265590
v 1.425143 0.436184 -0.266093
v 1.425143 0.411427 -0.266093
v 1.414595 0.411427 -0.265590
v 1.407116 0.411427 -0.261272
v 1.404234 0.411427 -0.250653
v 1.378103 0.411427 -0.235566
v 1.372386 0.411427 -0.234818
v 1.367821 0.411427 -0.238339
v 1.349677 0.411427 -0.270000
v 1.348936 0.411427 -0.275732
v 1.352458 0.411427 -0.280315
v 1.378590 0.411427 -0.295402
v 1.389228 0.411427 -0.292588
v 1.396707 0.411427 -0.296906
v 1.401737 0.411427 -0.305431
v 1.425525 0.411427 -0.319257
v 1.434868 0.411427 -0.313469
v 1.448424 0.411427 -0.290800
v 1.448586 0.411427 -0.279628
v 1.397132 0.411935 -0.296161
v 1.389653 0.411935 -0.291843
v 1.379199 0.411935 -0.294337
v 1.379199 0.435750 -0.294337
v 1.389653 0.435750 -0.291843
v 1.397132 0.435750 -0.296161
v 1.414067 0.411935 -0.266515
v 1.414067 0.435749 -0.266515
v 1.406588 0.435749 -0.262197
v 1.403476 0.435749 -0.251975
v 1.403476 0.411935 -0.251975
v 1.406588 0.411935 -0.262197
v 1.379524 0.538908 -0.295155
v 1.379524 0.537172 -0.295155
v 1.379524 0.436184 -0.295155
v 1.379524 0.435750 -0.295155
v 1.380118 0.435750 -0.294118
v 1.403750 0.435749 -0.252873
v 1.404487 0.435749 -0.251585
v 1.404487 0.436184 -0.251585
v 1.404487 0.537172 -0.251585
v 1.404487 0.538908 -0.251585
v 1.352761 0.453256 -0.264657
v 1.364736 0.453256 -0.243681
v 1.364736 0.520100 -0.243681
v 1.352761 0.520101 -0.264657
v 1.364903 0.394447 -0.243393
v 1.352594 0.394447 -0.264946
v 1.352594 0.322233 -0.264946
v 1.364903 0.322233 -0.243393
v 1.334525 0.443008 -0.254129
v 1.346500 0.443008 -0.233152
v 1.346500 0.488505 -0.233152
v 1.334525 0.488505 -0.254129
v 1.346667 0.402980 -0.232864
v 1.334358 0.402980 -0.254417
v 1.334358 0.353829 -0.254417
v 1.346667 0.353829 -0.232864
v 1.299819 0.433387 -0.234091
v 1.311794 0.433387 -0.213115
v 1.302898 0.443982 -0.207979
v 1.290923 0.443982 -0.228955
v 1.311960 0.410991 -0.212826
v 1.299652 0.410991 -0.234379
v 1.290756 0.398351 -0.229243
v 1.303065 0.398351 -0.207690
v 1.272804 0.439864 -0.219730
v 1.263327 0.429883 -0.214258
v 1.262737 0.415087 -0.213918
v 1.271380 0.404143 -0.218908
v 1.284194 0.403462 -0.226306
v 1.293671 0.413443 -0.231778
v 1.294261 0.428239 -0.232119
v 1.285618 0.439183 -0.227128
v 1.285920 0.439864 -0.197013
v 1.276443 0.429883 -0.191541
v 1.275853 0.415087 -0.191200
v 1.284496 0.404143 -0.196191
v 1.297310 0.403462 -0.203589
v 1.306787 0.413443 -0.209060
v 1.307377 0.428239 -0.209401
v 1.298734 0.439183 -0.204411
v 1.271009 0.439864 -0.222839
v 1.261532 0.429883 -0.217367
v 1.276704 0.421663 -0.226127
v 1.260942 0.415087 -0.217027
v 1.269585 0.404143 -0.222017
v 1.282399 0.403462 -0.229415
v 1.291876 0.413443 -0.234887
v 1.292466 0.428239 -0.235228
v 1.283823 0.439183 -0.230237
v 1.287715 0.439864 -0.193904
v 1.278238 0.429883 -0.188432
v 1.293410 0.421663 -0.197192
v 1.277648 0.415087 -0.188091
v 1.286291 0.404143 -0.193082
v 1.299105 0.403462 -0.200480
v 1.308582 0.413443 -0.205951
v 1.309172 0.428239 -0.206292
v 1.300529 0.439183 -0.201302
v 1.339679 -0.207755 -0.243196
v 1.292622 0.499351 -0.411708
v 1.462087 0.499351 -0.118186
v 1.254052 1.206458 -0.193758
v 1.363955 0.145798 -0.377895
v 1.468471 0.852905 -0.196870
v 1.468471 0.145798 -0.196870
v 1.478999 0.499351 -0.323632
v 1.363955 0.852905 -0.377895
v 1.447606 0.852905 -0.305507
v 1.395349 0.499351 -0.396020
v 1.447606 0.145798 -0.305507
v 1.499864 0.499351 -0.214994
v 1.508762 0.499351 -0.099973
v 1.519885 0.863518 -0.199278
v 1.292194 1.234299 -0.215780
v 1.391748 0.863518 -0.421218
v 1.382647 -0.225244 -0.268003
v 1.391775 0.138116 -0.420939
v 1.300186 0.499351 -0.461236
v 1.519657 0.138116 -0.199440
v 1.508762 0.499351 -0.099973
v 1.519885 0.863518 -0.199278
v 1.292194 1.234299 -0.215780
v 1.391748 0.863518 -0.421218
v 1.382647 -0.225244 -0.268003
v 1.391775 0.138116 -0.420939
v 1.300186 0.499351 -0.461236
v 1.519657 0.138116 -0.199440
v 1.498292 0.499892 -0.119107
v 1.508253 0.825988 -0.208030
v 1.304365 1.158005 -0.222807
v 1.393512 0.825988 -0.406767
v 1.385363 -0.148950 -0.269571
v 1.393536 0.176423 -0.406518
v 1.311522 0.499892 -0.442602
v 1.508049 0.176423 -0.208175
v 1.540948 0.500187 -0.157434
v 1.577090 0.500187 -0.249886
v 1.550277 0.805568 -0.240709
v 1.359341 1.116494 -0.254547
v 1.526656 0.811523 -0.351147
v 1.442824 0.805568 -0.426821
v 1.435193 -0.107439 -0.298340
v 1.442846 0.197265 -0.426588
v 1.527306 0.193948 -0.351522
v 1.464179 0.500187 -0.445454
v 1.366042 0.500187 -0.460380
v 1.550085 0.197265 -0.240845
v 1.554604 0.500187 -0.367282
v 1.499309 0.539647 -0.246271
v 1.422157 0.539647 -0.379901
v 1.499309 0.561848 -0.246271
v 1.422157 0.561848 -0.379901
v 1.489782 0.561848 -0.240770
v 1.412630 0.561848 -0.374401
v 1.489782 0.539647 -0.240770
v 1.412630 0.539647 -0.374401
v 0.549268 0.281635 -0.313428
v 0.536247 0.281635 -0.290875
v 0.549268 0.561847 -0.313428
v 0.536247 0.561847 -0.290875
v 0.558603 0.561847 -0.308038
v 0.545582 0.561847 -0.285485
v 0.558603 0.281635 -0.308038
v 0.545582 0.281635 -0.285485
v 0.549268 0.434968 -0.313428
v 0.536247 0.434968 -0.290875
v 0.545582 0.434968 -0.285485
v 0.558603 0.434968 -0.308038
v 0.549268 0.412744 -0.313428
v 0.536247 0.412744 -0.290875
v 0.545582 0.412744 -0.285485
v 0.558603 0.412744 -0.308038
v 0.558603 0.539469 -0.308038
v 0.545582 0.539469 -0.285485
v 0.536247 0.539469 -0.290875
v 0.549268 0.539469 -0.313428
v 0.549268 0.303383 -0.313428
v 0.536247 0.303383 -0.290875
v 0.545582 0.303383 -0.285485
v 0.558603 0.303383 -0.308038
v 0.535914 0.412744 -0.279519
v 0.545250 0.412744 -0.274130
v 0.545250 0.434968 -0.274130
v 0.535914 0.434968 -0.279519
v 0.568271 0.412744 -0.314004
v 0.558936 0.412744 -0.319393
v 0.558936 0.434968 -0.319393
v 0.568271 0.434968 -0.314004
v 0.545250 0.539469 -0.274130
v 0.535914 0.539469 -0.279519
v 0.545250 0.561847 -0.274130
v 0.535914 0.561847 -0.279519
v 0.558936 0.539469 -0.319393
v 0.568271 0.539469 -0.314004
v 0.558936 0.561847 -0.319393
v 0.568271 0.561847 -0.314004
v 0.545250 0.281635 -0.274130
v 0.535914 0.281635 -0.279519
v 0.545250 0.303383 -0.274130
v 0.535914 0.303383 -0.279519
v 0.568271 0.281635 -0.314004
v 0.558936 0.281635 -0.319393
v 0.558936 0.303383 -0.319393
v 0.568271 0.303383 -0.314004
v 0.535582 0.412744 -0.268164
v 0.544917 0.412744 -0.262775
v 0.544917 0.434968 -0.262775
v 0.535582 0.434968 -0.268164
v 0.577938 0.412744 -0.319969
v 0.568603 0.412744 -0.325359
v 0.568603 0.434968 -0.325359
v 0.577938 0.434968 -0.319969
v 0.544917 0.539469 -0.262775
v 0.535582 0.539469 -0.268164
v 0.544917 0.561847 -0.262775
v 0.535582 0.561847 -0.268164
v 0.568603 0.539469 -0.325359
v 0.577938 0.539469 -0.319969
v 0.568603 0.561847 -0.325359
v 0.577938 0.561847 -0.319969
v 0.544917 0.281635 -0.262775
v 0.535582 0.281635 -0.268164
v 0.544917 0.303383 -0.262775
v 0.535582 0.303383 -0.268164
v 0.577938 0.281635 -0.319969
v 0.568603 0.281635 -0.325359
v 0.568603 0.303383 -0.325359
v 0.577938 0.303383 -0.319969
v 0.569252 0.434968 -0.260272
v 0.569252 0.412744 -0.260272
v 0.568919 0.434968 -0.248917
v 0.568919 0.412744 -0.248917
v 0.592273 0.434968 -0.300146
v 0.592273 0.412744 -0.300146
v 0.601941 0.412744 -0.306111
v 0.601941 0.434968 -0.306111
v 0.569252 0.561847 -0.260272
v 0.569252 0.539469 -0.260272
v 0.568919 0.561847 -0.248917
v 0.568919 0.539469 -0.248917
v 0.592273 0.561847 -0.300146
v 0.592273 0.539469 -0.300146
v 0.601941 0.539469 -0.306111
v 0.601941 0.561847 -0.306111
v 0.569252 0.303383 -0.260272
v 0.569252 0.281635 -0.260272
v 0.568919 0.303383 -0.248917
v 0.568919 0.281635 -0.248917
v 0.592273 0.303383 -0.300146
v 0.592273 0.281635 -0.300146
v 0.601941 0.281635 -0.306111
v 0.601941 0.303383 -0.306111
v 0.569252 0.561847 -0.260272
v 0.569252 0.539469 -0.260272
v 0.568919 0.561847 -0.248917
v 0.568919 0.539469 -0.248917
v 0.592273 0.561847 -0.300146
v 0.592273 0.539469 -0.300146
v 0.601941 0.539469 -0.306111
v 0.601941 0.561847 -0.306111
v 0.579247 0.561847 -0.259979
v 0.579247 0.539469 -0.259979
v 0.578915 0.561847 -0.248624
v 0.578915 0.539469 -0.248624
v 0.597524 0.561847 -0.291636
v 0.597524 0.539469 -0.291636
v 0.607192 0.539469 -0.297601
v 0.607192 0.561847 -0.297601
v 0.585753 0.561847 -0.271247
v 0.585753 0.539469 -0.271247
v 0.588980 0.561847 -0.266057
v 0.588980 0.539469 -0.266057
v 0.591019 0.561847 -0.280368
v 0.591019 0.539469 -0.280368
v 0.597127 0.539469 -0.280168
v 0.597127 0.561847 -0.280168
v 0.579247 0.434968 -0.259979
v 0.579247 0.412744 -0.259979
v 0.578915 0.434968 -0.248624
v 0.578915 0.412744 -0.248624
v 0.597524 0.434968 -0.291636
v 0.597524 0.412744 -0.291636
v 0.607192 0.412744 -0.297601
v 0.607192 0.434968 -0.297601
v 0.579248 0.303383 -0.259979
v 0.579248 0.281635 -0.259979
v 0.578915 0.303383 -0.248624
v 0.578915 0.281635 -0.248624
v 0.597524 0.303383 -0.291636
v 0.597524 0.281635 -0.291636
v 0.607192 0.281635 -0.297601
v 0.607192 0.303383 -0.297601
v 0.585320 0.434968 -0.270497
v 0.585320 0.412744 -0.270497
v 0.588310 0.434968 -0.264896
v 0.588310 0.412744 -0.264896
v 0.591452 0.434968 -0.281118
v 0.591452 0.412744 -0.281118
v 0.597797 0.412744 -0.281329
v 0.597797 0.434968 -0.281329
v 0.585398 0.303383 -0.270631
v 0.585398 0.281635 -0.270631
v 0.588430 0.303383 -0.265105
v 0.588430 0.281635 -0.265105
v 0.591374 0.303383 -0.280984
v 0.591374 0.281635 -0.280984
v 0.597677 0.281635 -0.281121
v 0.597677 0.303383 -0.281121
v 0.571806 0.412937 -0.374467
v 0.494654 0.412937 -0.240836
v 0.571806 0.435138 -0.374467
v 0.494654 0.435138 -0.240836
v 0.581333 0.435138 -0.368967
v 0.504181 0.435138 -0.235336
v 0.581333 0.412937 -0.368967
v 0.504181 0.412937 -0.235336
v 0.571806 0.281635 -0.374467
v 0.494654 0.281635 -0.240836
v 0.571806 0.303836 -0.374467
v 0.494654 0.303836 -0.240836
v 0.581333 0.303836 -0.368967
v 0.504181 0.303836 -0.235336
v 0.581333 0.281635 -0.368967
v 0.504181 0.281635 -0.235336
v 0.732693 0.443680 -0.217848
v 0.742001 0.435108 -0.212474
v 0.747167 0.422722 -0.209491
v 0.747167 0.408973 -0.209491
v 0.742001 0.396587 -0.212474
v 0.732693 0.388015 -0.217848
v 0.721085 0.384955 -0.224550
v 0.709477 0.388015 -0.231251
v 0.700168 0.396587 -0.236626
v 0.695002 0.408973 -0.239608
v 0.695002 0.422722 -0.239608
v 0.700168 0.435108 -0.236626
v 0.709477 0.443680 -0.231252
v 0.721085 0.446739 -0.224550
v 0.743003 0.443680 -0.235707
v 0.752312 0.435108 -0.230332
v 0.757478 0.422722 -0.227350
v 0.757478 0.408973 -0.227350
v 0.752312 0.396587 -0.230332
v 0.743003 0.388015 -0.235707
v 0.731395 0.384955 -0.242408
v 0.719788 0.388015 -0.249110
v 0.710479 0.396587 -0.254484
v 0.705313 0.408973 -0.257467
v 0.705313 0.422722 -0.257467
v 0.710479 0.435108 -0.254484
v 0.719788 0.443680 -0.249110
v 0.731395 0.446739 -0.242408
v 0.721085 0.415847 -0.224550
v 0.731395 0.415847 -0.242408
v 0.736488 0.449176 -0.215657
v 0.745797 0.440604 -0.210282
v 0.756107 0.440604 -0.228141
v 0.746799 0.449176 -0.233515
v 0.753255 0.422722 -0.205976
v 0.753255 0.408973 -0.205976
v 0.763565 0.408973 -0.223835
v 0.763565 0.422722 -0.223835
v 0.745797 0.391091 -0.210282
v 0.736488 0.382519 -0.215657
v 0.746799 0.382519 -0.233515
v 0.756107 0.391091 -0.228141
v 0.719730 0.378102 -0.225332
v 0.708122 0.381162 -0.232034
v 0.718433 0.381162 -0.249892
v 0.730041 0.378102 -0.243190
v 0.694684 0.393537 -0.239792
v 0.689518 0.405923 -0.242775
v 0.699828 0.405923 -0.260634
v 0.704994 0.393537 -0.257651
v 0.689518 0.425771 -0.242775
v 0.694684 0.438158 -0.239792
v 0.704994 0.438158 -0.257651
v 0.699828 0.425771 -0.260634
v 0.708122 0.450533 -0.232034
v 0.719730 0.453592 -0.225332
v 0.730041 0.453592 -0.243190
v 0.718433 0.450533 -0.249892
v 0.705852 0.443680 -0.171358
v 0.715160 0.435108 -0.165984
v 0.720326 0.422722 -0.163001
v 0.720326 0.408973 -0.163001
v 0.715160 0.396587 -0.165984
v 0.705852 0.388015 -0.171358
v 0.694244 0.384955 -0.178060
v 0.682636 0.388015 -0.184762
v 0.673328 0.396587 -0.190136
v 0.668162 0.408973 -0.193119
v 0.668162 0.422722 -0.193119
v 0.673328 0.435108 -0.190136
v 0.682636 0.443680 -0.184762
v 0.694244 0.446739 -0.178060
v 0.716162 0.443680 -0.189217
v 0.725471 0.435108 -0.183842
v 0.730637 0.422722 -0.180860
v 0.730637 0.408973 -0.180860
v 0.725471 0.396587 -0.183842
v 0.716162 0.388015 -0.189217
v 0.704555 0.384955 -0.195919
v 0.692947 0.388015 -0.202620
v 0.683638 0.396587 -0.207995
v 0.678472 0.408973 -0.210977
v 0.678472 0.422722 -0.210977
v 0.683638 0.435108 -0.207995
v 0.692947 0.443680 -0.202620
v 0.704555 0.446739 -0.195919
v 0.694244 0.415847 -0.178060
v 0.704555 0.415847 -0.195919
v 0.709647 0.449176 -0.169167
v 0.718956 0.440604 -0.163793
v 0.729267 0.440604 -0.181651
v 0.719958 0.449176 -0.187026
v 0.726414 0.422722 -0.159487
v 0.726414 0.408973 -0.159487
v 0.736725 0.408973 -0.177345
v 0.736725 0.422722 -0.177345
v 0.718956 0.391091 -0.163793
v 0.709647 0.382519 -0.169167
v 0.719958 0.382519 -0.187025
v 0.729267 0.391091 -0.181651
v 0.692889 0.378102 -0.178842
v 0.681282 0.381162 -0.185544
v 0.691592 0.381162 -0.203402
v 0.703200 0.378102 -0.196701
v 0.667843 0.393537 -0.193303
v 0.662677 0.405923 -0.196285
v 0.672988 0.405923 -0.214144
v 0.678154 0.393537 -0.211161
v 0.662677 0.425771 -0.196285
v 0.667843 0.438158 -0.193303
v 0.678154 0.438158 -0.211161
v 0.672988 0.425771 -0.214144
v 0.681282 0.450533 -0.185544
v 0.692889 0.453592 -0.178842
v 0.703200 0.453592 -0.196701
v 0.691592 0.450533 -0.203402
v 0.705081 0.413343 -0.199040
v 0.707021 0.412608 -0.198497
v 0.709037 0.411909 -0.198281
v 0.711080 0.411263 -0.198396
v 0.713098 0.410688 -0.198839
v 0.715042 0.410197 -0.199600
v 0.716864 0.409802 -0.200659
v 0.718520 0.409512 -0.201991
v 0.719968 0.409335 -0.203563
v 0.721174 0.409276 -0.205336
v 0.722106 0.409335 -0.207267
v 0.722743 0.409512 -0.209307
v 0.723069 0.409802 -0.211407
v 0.723075 0.410197 -0.213515
v 0.722762 0.410688 -0.215579
v 0.722137 0.411263 -0.217548
v 0.721215 0.411909 -0.219374
v 0.720020 0.412608 -0.221012
v 0.718580 0.413343 -0.222421
v 0.716932 0.414097 -0.223567
v 0.715115 0.414852 -0.224422
v 0.713175 0.415587 -0.224964
v 0.711159 0.416286 -0.225180
v 0.709117 0.416931 -0.225065
v 0.707099 0.417507 -0.224622
v 0.705155 0.417998 -0.223861
v 0.703332 0.418393 -0.222802
v 0.701676 0.418683 -0.221470
v 0.700228 0.418859 -0.219898
v 0.699023 0.418919 -0.218125
v 0.698090 0.418859 -0.216195
v 0.697453 0.418683 -0.214155
v 0.697127 0.418393 -0.212055
v 0.697121 0.417998 -0.209947
v 0.697434 0.417507 -0.207883
v 0.698059 0.416931 -0.205913
v 0.698981 0.416286 -0.204087
v 0.700176 0.415587 -0.202450
v 0.701616 0.414852 -0.201040
v 0.703264 0.414097 -0.199894
v 0.870726 0.920706 -0.103405
v 0.872666 0.919971 -0.102863
v 0.874682 0.919272 -0.102646
v 0.876724 0.918627 -0.102761
v 0.878742 0.918051 -0.103204
v 0.880686 0.917560 -0.103965
v 0.882509 0.917165 -0.105025
v 0.884165 0.916875 -0.106357
v 0.885613 0.916698 -0.107928
v 0.886818 0.916639 -0.109701
v 0.887751 0.916698 -0.111632
v 0.888388 0.916875 -0.113672
v 0.888714 0.917165 -0.115772
v 0.888720 0.917560 -0.117880
v 0.888407 0.918051 -0.119944
v 0.887782 0.918627 -0.121913
v 0.886860 0.919272 -0.123739
v 0.885665 0.919971 -0.125377
v 0.884225 0.920706 -0.126786
v 0.882577 0.921460 -0.127932
v 0.880760 0.922215 -0.128787
v 0.878820 0.922950 -0.129329
v 0.876804 0.923649 -0.129545
v 0.874761 0.924294 -0.129430
v 0.872743 0.924870 -0.128987
v 0.870799 0.925361 -0.128226
v 0.868977 0.925756 -0.127167
v 0.867321 0.926046 -0.125835
v 0.865873 0.926222 -0.124263
v 0.864667 0.926282 -0.122490
v 0.863734 0.926222 -0.120560
v 0.863097 0.926046 -0.118520
v 0.862772 0.925756 -0.116420
v 0.862766 0.925361 -0.114312
v 0.863079 0.924870 -0.112248
v 0.863704 0.924294 -0.110278
v 0.864626 0.923649 -0.108452
v 0.865821 0.922950 -0.106815
v 0.867260 0.922215 -0.105405
v 0.868909 0.921460 -0.104259
v 0.710098 0.414097 -0.211731
v 0.875743 0.921460 -0.116096
v 0.593023 0.566543 -0.305761
v 0.598732 0.566543 -0.296877
v 0.593023 0.276631 -0.305761
v 0.598732 0.276631 -0.296877
v 0.580556 0.566543 -0.265727
v 0.570658 0.566543 -0.265822
v 0.580556 0.276631 -0.265727
v 0.570658 0.276631 -0.265822
v 0.569580 0.276631 -0.319295
v 0.559986 0.276631 -0.313569
v 0.569580 0.566543 -0.319295
v 0.559986 0.566543 -0.313569
v 0.547132 0.276631 -0.290495
v 0.546790 0.276631 -0.279509
v 0.547132 0.566543 -0.290495
v 0.546790 0.566543 -0.279509
v 0.593023 0.411935 -0.305761
v 0.569580 0.411935 -0.319295
v 0.559986 0.411935 -0.313569
v 0.547132 0.411935 -0.290495
v 0.546790 0.411935 -0.279509
v 0.570658 0.411935 -0.265822
v 0.580556 0.411935 -0.265727
v 0.598732 0.411935 -0.296877
v 0.598732 0.303711 -0.296877
v 0.593023 0.303711 -0.305761
v 0.569580 0.303711 -0.319295
v 0.559986 0.303711 -0.313569
v 0.547132 0.303711 -0.290495
v 0.546790 0.303711 -0.279509
v 0.570658 0.303711 -0.265822
v 0.580556 0.303711 -0.265727
v 0.598732 0.280865 -0.296877
v 0.593023 0.280865 -0.305761
v 0.569580 0.280865 -0.319295
v 0.559986 0.280865 -0.313569
v 0.547132 0.280865 -0.290495
v 0.546790 0.280865 -0.279509
v 0.570658 0.280865 -0.265822
v 0.580556 0.280865 -0.265727
v 0.593023 0.562621 -0.305761
v 0.598732 0.562620 -0.296877
v 0.580556 0.562621 -0.265727
v 0.570658 0.562620 -0.265822
v 0.546790 0.562621 -0.279509
v 0.547132 0.562620 -0.290495
v 0.559986 0.562621 -0.313569
v 0.569580 0.562620 -0.319295
v 0.569580 0.435749 -0.319295
v 0.559986 0.435750 -0.313569
v 0.547132 0.435749 -0.290495
v 0.546790 0.435750 -0.279509
v 0.570658 0.435749 -0.265822
v 0.580556 0.435750 -0.265727
v 0.598732 0.435749 -0.296877
v 0.593023 0.435750 -0.305761
v 0.593023 0.538908 -0.305761
v 0.598732 0.538908 -0.296877
v 0.580556 0.538908 -0.265727
v 0.570658 0.538908 -0.265822
v 0.546790 0.538908 -0.279509
v 0.547132 0.538908 -0.290495
v 0.559986 0.538908 -0.313569
v 0.569580 0.538908 -0.319295
v 0.604054 0.566543 -0.297893
v 0.597227 0.566543 -0.308515
v 0.604054 0.562620 -0.297893
v 0.597227 0.562621 -0.308515
v 0.582320 0.562621 -0.260646
v 0.582320 0.566543 -0.260646
v 0.570485 0.566543 -0.260758
v 0.570485 0.562620 -0.260758
v 0.541945 0.566543 -0.277125
v 0.541945 0.562621 -0.277125
v 0.542353 0.562620 -0.290261
v 0.542353 0.566543 -0.290261
v 0.557723 0.566543 -0.317852
v 0.557723 0.562621 -0.317852
v 0.569196 0.562620 -0.324699
v 0.569196 0.566543 -0.324699
v 0.602312 0.280865 -0.297561
v 0.595851 0.280865 -0.307614
v 0.602312 0.276631 -0.297561
v 0.595851 0.276631 -0.307614
v 0.569322 0.280865 -0.322930
v 0.569322 0.276631 -0.322930
v 0.558464 0.276631 -0.316450
v 0.558464 0.280865 -0.316450
v 0.543917 0.280865 -0.290338
v 0.543917 0.276631 -0.290338
v 0.543531 0.276631 -0.277905
v 0.543531 0.280865 -0.277905
v 0.570542 0.280865 -0.262416
v 0.570542 0.276631 -0.262416
v 0.581743 0.280865 -0.262309
v 0.581743 0.276631 -0.262309
v 0.588036 0.435750 -0.261409
v 0.606211 0.435749 -0.292559
v 0.606211 0.538908 -0.292559
v 0.588036 0.538908 -0.261409
v 0.588036 0.303711 -0.261409
v 0.606211 0.303711 -0.292559
v 0.606211 0.411935 -0.292559
v 0.588036 0.411935 -0.261409
v 0.590918 0.435750 -0.250790
v 0.616849 0.435749 -0.295373
v 0.616849 0.538908 -0.295373
v 0.590918 0.538908 -0.250790
v 0.590918 0.303711 -0.250790
v 0.616849 0.303711 -0.295373
v 0.616849 0.411935 -0.295373
v 0.590918 0.411935 -0.250790
v 0.616738 0.538908 -0.265660
v 0.627373 0.435750 -0.238451
v 0.622779 0.435750 -0.234944
v 0.617049 0.435750 -0.235703
v 0.622779 0.538908 -0.234944
v 0.627373 0.538908 -0.238451
v 0.617049 0.538908 -0.235703
v 0.622779 0.303711 -0.234944
v 0.617049 0.303711 -0.235703
v 0.627373 0.303711 -0.238451
v 0.617049 0.411935 -0.235703
v 0.622779 0.411935 -0.234944
v 0.627373 0.411935 -0.238451
v 0.642981 0.435749 -0.280286
v 0.646487 0.435749 -0.275710
v 0.645720 0.435749 -0.269995
v 0.645720 0.538908 -0.269995
v 0.646487 0.538908 -0.275710
v 0.642981 0.538908 -0.280286
v 0.645720 0.303711 -0.269995
v 0.642981 0.303711 -0.280286
v 0.646487 0.303711 -0.275710
v 0.642981 0.411935 -0.280286
v 0.646487 0.411935 -0.275710
v 0.645720 0.411935 -0.269995
v 0.569580 0.537172 -0.319295
v 0.559986 0.537172 -0.313569
v 0.547132 0.537172 -0.290495
v 0.546790 0.537172 -0.279509
v 0.570658 0.537172 -0.265822
v 0.580556 0.537172 -0.265727
v 0.588036 0.537172 -0.261409
v 0.590918 0.537172 -0.250790
v 0.617049 0.537172 -0.235703
v 0.622779 0.537172 -0.234944
v 0.627373 0.537172 -0.238451
v 0.645720 0.537172 -0.269995
v 0.646487 0.537172 -0.275710
v 0.642981 0.537172 -0.280286
v 0.616849 0.537172 -0.295373
v 0.606211 0.537172 -0.292559
v 0.598732 0.537172 -0.296877
v 0.593023 0.537172 -0.305761
v 0.593023 0.305254 -0.305761
v 0.598732 0.305254 -0.296877
v 0.606211 0.305254 -0.292559
v 0.616849 0.305254 -0.295373
v 0.642981 0.305254 -0.280286
v 0.646487 0.305254 -0.275710
v 0.645720 0.305254 -0.269995
v 0.627373 0.305254 -0.238451
v 0.622779 0.305254 -0.234944
v 0.617049 0.305254 -0.235703
v 0.590918 0.305254 -0.250790
v 0.588036 0.305254 -0.261409
v 0.580556 0.305254 -0.265727
v 0.570658 0.305254 -0.265822
v 0.546790 0.305254 -0.279509
v 0.547132 0.305254 -0.290495
v 0.559986 0.305254 -0.313569
v 0.569580 0.305254 -0.319295
v 0.569580 0.436184 -0.319295
v 0.559986 0.436184 -0.313569
v 0.547132 0.436184 -0.290495
v 0.546790 0.436184 -0.279509
v 0.570658 0.436184 -0.265822
v 0.580556 0.436184 -0.265727
v 0.588036 0.436184 -0.261409
v 0.590918 0.436184 -0.250790
v 0.617049 0.436184 -0.235703
v 0.622779 0.436184 -0.234944
v 0.627373 0.436184 -0.238451
v 0.645720 0.436184 -0.269995
v 0.646487 0.436184 -0.275710
v 0.642981 0.436184 -0.280286
v 0.616849 0.436184 -0.295373
v 0.606211 0.436184 -0.292559
v 0.598732 0.436184 -0.296877
v 0.593023 0.436184 -0.305761
v 0.593023 0.411427 -0.305761
v 0.598732 0.411427 -0.296877
v 0.606211 0.411427 -0.292559
v 0.616849 0.411427 -0.295373
v 0.642981 0.411427 -0.280286
v 0.646487 0.411427 -0.275710
v 0.645720 0.411427 -0.269995
v 0.627373 0.411427 -0.238451
v 0.622779 0.411427 -0.234944
v 0.617049 0.411427 -0.235703
v 0.590918 0.411427 -0.250790
v 0.588036 0.411427 -0.261409
v 0.580556 0.411427 -0.265727
v 0.570658 0.411427 -0.265822
v 0.546790 0.411427 -0.279509
v 0.547132 0.411427 -0.290495
v 0.559986 0.411427 -0.313569
v 0.569580 0.411427 -0.319295
v 0.580989 0.411935 -0.266468
v 0.588468 0.411935 -0.262150
v 0.591535 0.411935 -0.251850
v 0.591535 0.435750 -0.251850
v 0.588468 0.435750 -0.262150
v 0.580989 0.435750 -0.266468
v 0.598195 0.411935 -0.295957
v 0.598195 0.435749 -0.295957
v 0.605674 0.435749 -0.291639
v 0.616083 0.435749 -0.294056
v 0.616083 0.411935 -0.294056
v 0.605674 0.411935 -0.291639
v 0.590665 0.538908 -0.251723
v 0.590665 0.537172 -0.251723
v 0.590665 0.436184 -0.251723
v 0.590665 0.435750 -0.251723
v 0.591265 0.435750 -0.252755
v 0.615169 0.435749 -0.293844
v 0.615915 0.435749 -0.295126
v 0.615915 0.436184 -0.295126
v 0.615915 0.537172 -0.295126
v 0.615915 0.538908 -0.295126
v 0.630457 0.453256 -0.243794
v 0.642636 0.453256 -0.264653
v 0.642636 0.520100 -0.264653
v 0.630457 0.520101 -0.243794
v 0.642802 0.394447 -0.264941
v 0.630291 0.394447 -0.243505
v 0.630291 0.322233 -0.243505
v 0.642802 0.322233 -0.264941
v 0.648693 0.443008 -0.233265
v 0.660872 0.443008 -0.254124
v 0.660872 0.488505 -0.254124
v 0.648693 0.488505 -0.233265
v 0.661038 0.402980 -0.254413
v 0.648527 0.402980 -0.232977
v 0.648527 0.353829 -0.232977
v 0.661038 0.353829 -0.254413
v 0.683400 0.433387 -0.213227
v 0.695578 0.433387 -0.234087
v 0.704474 0.443982 -0.228951
v 0.692295 0.443982 -0.208091
v 0.695745 0.410991 -0.234375
v 0.683233 0.410991 -0.212939
v 0.692129 0.398351 -0.207803
v 0.704640 0.398351 -0.229239
v 0.709344 0.439864 -0.197013
v 0.718821 0.429883 -0.191541
v 0.719411 0.415087 -0.191200
v 0.710768 0.404143 -0.196191
v 0.697954 0.403462 -0.203589
v 0.688477 0.413443 -0.209060
v 0.687887 0.428239 -0.209401
v 0.696530 0.439183 -0.204411
v 0.722460 0.439864 -0.219730
v 0.731937 0.429883 -0.214258
v 0.732527 0.415087 -0.213918
v 0.723884 0.404143 -0.218908
v 0.711070 0.403462 -0.226306
v 0.701593 0.413443 -0.231778
v 0.701003 0.428239 -0.232119
v 0.709646 0.439183 -0.227128
v 0.707549 0.439864 -0.193904
v 0.717026 0.429883 -0.188432
v 0.701854 0.421663 -0.197192
v 0.717616 0.415087 -0.188091
v 0.708973 0.404143 -0.193082
v 0.696159 0.403462 -0.200480
v 0.686682 0.413443 -0.205951
v 0.686092 0.428239 -0.206292
v 0.694735 0.439183 -0.201302
v 0.724255 0.439864 -0.222839
v 0.733732 0.429883 -0.217367
v 0.718560 0.421663 -0.226127
v 0.734322 0.415087 -0.217027
v 0.725679 0.404143 -0.222017
v 0.712865 0.403462 -0.229415
v 0.703387 0.413443 -0.234887
v 0.702798 0.428239 -0.235228
v 0.711441 0.439183 -0.230237
v 0.655584 -0.207755 -0.243196
v 0.533177 0.499351 -0.118186
v 0.702642 0.499351 -0.411708
v 0.741212 1.206458 -0.193758
v 0.526793 0.145798 -0.196870
v 0.631308 0.852905 -0.377895
v 0.631308 0.145798 -0.377895
v 0.516265 0.499351 -0.323632
v 0.526793 0.852905 -0.196870
v 0.547658 0.852905 -0.305507
v 0.495400 0.499351 -0.214994
v 0.547658 0.145798 -0.305507
v 0.599915 0.499351 -0.396020
v 0.695078 0.499351 -0.461236
v 0.603515 0.863518 -0.421218
v 0.703070 1.234299 -0.215780
v 0.475379 0.863518 -0.199278
v 0.612616 -0.225244 -0.268003
v 0.475606 0.138116 -0.199440
v 0.486502 0.499351 -0.099973
v 0.603489 0.138116 -0.420939
v 0.695078 0.499351 -0.461236
v 0.603515 0.863518 -0.421218
v 0.703070 1.234299 -0.215780
v 0.475379 0.863518 -0.199278
v 0.612616 -0.225244 -0.268003
v 0.475606 0.138116 -0.199440
v 0.486502 0.499351 -0.099973
v 0.603489 0.138116 -0.420939
v 0.683742 0.499892 -0.442602
v 0.601752 0.825988 -0.406767
v 0.690898 1.158005 -0.222807
v 0.487011 0.825988 -0.208030
v 0.609901 -0.148950 -0.269571
v 0.487215 0.176423 -0.208175
v 0.496972 0.499892 -0.119107
v 0.601728 0.176423 -0.406518
v 0.629221 0.500187 -0.460380
v 0.531085 0.500187 -0.445454
v 0.552440 0.805568 -0.426821
v 0.635923 1.116494 -0.254547
v 0.468608 0.811523 -0.351147
v 0.444987 0.805568 -0.240709
v 0.560071 -0.107439 -0.298340
v 0.445179 0.197265 -0.240845
v 0.467958 0.193948 -0.351522
v 0.418174 0.500187 -0.249886
v 0.454316 0.500187 -0.157434
v 0.552418 0.197265 -0.426588
v 0.440660 0.500187 -0.367282
v 0.573107 0.539647 -0.379901
v 0.495955 0.539647 -0.246271
v 0.573107 0.561848 -0.379901
v 0.495955 0.561848 -0.246271
v 0.582633 0.561848 -0.374401
v 0.505482 0.561848 -0.240770
v 0.582633 0.539647 -0.374401
v 0.505482 0.539647 -0.240770
vt 0.640776 0.088456
vt 0.597420 0.034089
vt 0.534769 0.003918
vt 0.465231 0.003918
vt 0.402580 0.034089
vt 0.359224 0.088456
vt 0.343750 0.156250
vt 0.359224 0.224044
vt 0.402580 0.278411
vt 0.465231 0.308582
vt 0.534769 0.308582
vt 0.597420 0.278411
vt 0.640776 0.224044
vt 0.656250 0.156250
vt 0.375000 0.312500
vt 0.392857 0.312500
vt 0.410714 0.312500
vt 0.428571 0.312500
vt 0.446429 0.312500
vt 0.464286 0.312500
vt 0.482143 0.312500
vt 0.500000 0.312500
vt 0.517857 0.312500
vt 0.535714 0.312500
vt 0.553571 0.312500
vt 0.571428 0.312500
vt 0.589286 0.312500
vt 0.607143 0.312500
vt 0.625000 0.312500
vt 0.375000 0.688440
vt 0.392857 0.688440
vt 0.410714 0.688440
vt 0.428571 0.688440
vt 0.446429 0.688440
vt 0.464286 0.688440
vt 0.482143 0.688440
vt 0.500000 0.688440
vt 0.517857 0.688440
vt 0.535714 0.688440
vt 0.553571 0.688440
vt 0.571428 0.688440
vt 0.589286 0.688440
vt 0.607143 0.688440
vt 0.625000 0.688440
vt 0.640776 0.775956
vt 0.597420 0.721589
vt 0.534769 0.691418
vt 0.465231 0.691418
vt 0.402580 0.721589
vt 0.359224 0.775956
vt 0.343750 0.843750
vt 0.359224 0.911544
vt 0.402580 0.965911
vt 0.465231 0.996082
vt 0.534769 0.996082
vt 0.597420 0.965911
vt 0.640776 0.911544
vt 0.656250 0.843750
vt 0.500000 0.150000
vt 0.500000 0.837500
vt 0.375000 0.312500
vt 0.392857 0.312500
vt 0.392857 0.688440
vt 0.375000 0.688440
vt 0.410714 0.312500
vt 0.410714 0.688440
vt 0.428571 0.312500
vt 0.428571 0.688440
vt 0.446429 0.312500
vt 0.446429 0.688440
vt 0.464286 0.312500
vt 0.464286 0.688440
vt 0.482143 0.312500
vt 0.482143 0.688440
vt 0.500000 0.312500
vt 0.500000 0.688440
vt 0.517857 0.312500
vt 0.517857 0.688440
vt 0.535714 0.312500
vt 0.535714 0.688440
vt 0.553571 0.312500
vt 0.553571 0.688440
vt 0.571428 0.312500
vt 0.571428 0.688440
vt 0.589286 0.312500
vt 0.589286 0.688440
vt 0.607143 0.312500
vt 0.607143 0.688440
vt 0.625000 0.312500
vt 0.625000 0.688440
vt 0.597420 0.034089
vt 0.640776 0.088456
vt 0.500000 0.150000
vt 0.534769 0.003918
vt 0.465231 0.003918
vt 0.402580 0.034089
vt 0.359224 0.088456
vt 0.343750 0.156250
vt 0.359224 0.224044
vt 0.402580 0.278411
vt 0.465231 0.308582
vt 0.534769 0.308582
vt 0.597420 0.278411
vt 0.640776 0.224044
vt 0.656250 0.156250
vt 0.640776 0.911544
vt 0.597420 0.965911
vt 0.500000 0.837500
vt 0.534769 0.996082
vt 0.465231 0.996082
vt 0.402580 0.965911
vt 0.359224 0.911544
vt 0.343750 0.843750
vt 0.359224 0.775956
vt 0.402580 0.721589
vt 0.465231 0.691418
vt 0.534769 0.691418
vt 0.597420 0.721589
vt 0.640776 0.775956
vt 0.656250 0.843750
vt 0.640776 0.911544
vt 0.597420 0.965911
vt 0.597420 0.965911
vt 0.640776 0.911544
vt 0.534769 0.996082
vt 0.534769 0.996082
vt 0.465231 0.996082
vt 0.465231 0.996082
vt 0.402580 0.965911
vt 0.402580 0.965911
vt 0.359224 0.911544
vt 0.359224 0.911544
vt 0.343750 0.843750
vt 0.343750 0.843750
vt 0.359224 0.775956
vt 0.359224 0.775956
vt 0.402580 0.721589
vt 0.402580 0.721589
vt 0.465231 0.691418
vt 0.465231 0.691418
vt 0.534769 0.691418
vt 0.534769 0.691418
vt 0.597420 0.721589
vt 0.597420 0.721589
vt 0.640776 0.775956
vt 0.640776 0.775956
vt 0.656250 0.843750
vt 0.656250 0.843750
vt 0.597420 0.965911
vt 0.640776 0.911544
vt 0.534769 0.996082
vt 0.465231 0.996082
vt 0.402580 0.965911
vt 0.359224 0.911544
vt 0.343750 0.843750
vt 0.359224 0.775956
vt 0.402580 0.721589
vt 0.465231 0.691418
vt 0.534769 0.691418
vt 0.597420 0.721589
vt 0.640776 0.775956
vt 0.656250 0.843750
vt 0.597420 0.965911
vt 0.640776 0.911544
vt 0.534769 0.996082
vt 0.465231 0.996082
vt 0.402580 0.965911
vt 0.359224 0.911544
vt 0.343750 0.843750
vt 0.359224 0.775956
vt 0.402580 0.721589
vt 0.465231 0.691418
vt 0.534769 0.691418
vt 0.597420 0.721589
vt 0.640776 0.775956
vt 0.656250 0.843750
vt 0.597420 0.965911
vt 0.640776 0.911544
vt 0.534769 0.996082
vt 0.465231 0.996082
vt 0.402580 0.965911
vt 0.359224 0.911544
vt 0.343750 0.843750
vt 0.359224 0.775956
vt 0.402580 0.721589
vt 0.465231 0.691418
vt 0.534769 0.691418
vt 0.597420 0.721589
vt 0.640776 0.775956
vt 0.656250 0.843750
vt 0.597420 0.965911
vt 0.640776 0.911544
vt 0.534769 0.996082
vt 0.465231 0.996082
vt 0.402580 0.965911
vt 0.359224 0.911544
vt 0.343750 0.843750
vt 0.359224 0.775956
vt 0.402580 0.721589
vt 0.465231 0.691418
vt 0.534769 0.691418
vt 0.597420 0.721589
vt 0.640776 0.775956
vt 0.656250 0.843750
vt 0.597420 0.965911
vt 0.640776 0.911544
vt 0.534769 0.996082
vt 0.465231 0.996082
vt 0.402580 0.965911
vt 0.359224 0.911544
vt 0.343750 0.843750
vt 0.359224 0.775956
vt 0.402580 0.721589
vt 0.465231 0.691418
vt 0.534769 0.691418
vt 0.597420 0.721589
vt 0.640776 0.775956
vt 0.656250 0.843750
vt 0.597420 0.965911
vt 0.640776 0.911544
vt 0.534769 0.996082
vt 0.465231 0.996082
vt 0.402580 0.965911
vt 0.359224 0.911544
vt 0.343750 0.843750
vt 0.359224 0.775956
vt 0.402580 0.721589
vt 0.465231 0.691418
vt 0.534769 0.691418
vt 0.597420 0.721589
vt 0.640776 0.775956
vt 0.656250 0.843750
vt 0.597420 0.965911
vt 0.640776 0.911544
vt 0.534769 0.996082
vt 0.465231 0.996082
vt 0.402580 0.965911
vt 0.359224 0.911544
vt 0.343750 0.843750
vt 0.359224 0.775956
vt 0.402580 0.721589
vt 0.465231 0.691418
vt 0.534769 0.691418
vt 0.597420 0.721589
vt 0.640776 0.775956
vt 0.656250 0.843750
vt 0.597420 0.965911
vt 0.640776 0.911544
vt 0.534769 0.996082
vt 0.465231 0.996082
vt 0.402580 0.965911
vt 0.359224 0.911544
vt 0.343750 0.843750
vt 0.359224 0.775956
vt 0.402580 0.721589
vt 0.465231 0.691418
vt 0.534769 0.691418
vt 0.597420 0.721589
vt 0.640776 0.775956
vt 0.656250 0.843750
vt 0.375000 0.312500
vt 0.392857 0.312500
vt 0.392857 0.688440
vt 0.375000 0.688440
vt 0.410714 0.312500
vt 0.410714 0.688440
vt 0.428571 0.312500
vt 0.428571 0.688440
vt 0.446429 0.312500
vt 0.446429 0.688440
vt 0.464286 0.312500
vt 0.464286 0.688440
vt 0.482143 0.312500
vt 0.482143 0.688440
vt 0.500000 0.312500
vt 0.500000 0.688440
vt 0.517857 0.312500
vt 0.517857 0.688440
vt 0.535714 0.312500
vt 0.535714 0.688440
vt 0.553571 0.312500
vt 0.553571 0.688440
vt 0.571428 0.312500
vt 0.571428 0.688440
vt 0.589286 0.312500
vt 0.589286 0.688440
vt 0.607143 0.312500
vt 0.607143 0.688440
vt 0.625000 0.312500
vt 0.625000 0.688440
vt 0.597420 0.034089
vt 0.640776 0.088456
vt 0.500000 0.150000
vt 0.534769 0.003918
vt 0.465231 0.003918
vt 0.402580 0.034089
vt 0.359224 0.088456
vt 0.343750 0.156250
vt 0.359224 0.224044
vt 0.402580 0.278411
vt 0.465231 0.308582
vt 0.534769 0.308582
vt 0.597420 0.278411
vt 0.640776 0.224044
vt 0.656250 0.156250
vt 0.640776 0.911544
vt 0.597420 0.965911
vt 0.500000 0.837500
vt 0.534769 0.996082
vt 0.465231 0.996082
vt 0.402580 0.965911
vt 0.359224 0.911544
vt 0.343750 0.843750
vt 0.359224 0.775956
vt 0.402580 0.721589
vt 0.465231 0.691418
vt 0.534769 0.691418
vt 0.597420 0.721589
vt 0.640776 0.775956
vt 0.656250 0.843750
vt 0.640776 0.911544
vt 0.597420 0.965911
vt 0.597420 0.965911
vt 0.640776 0.911544
vt 0.534769 0.996082
vt 0.534769 0.996082
vt 0.465231 0.996082
vt 0.465231 0.996082
vt 0.402580 0.965911
vt 0.402580 0.965911
vt 0.359224 0.911544
vt 0.359224 0.911544
vt 0.343750 0.843750
vt 0.343750 0.843750
vt 0.359224 0.775956
vt 0.359224 0.775956
vt 0.402580 0.721589
vt 0.402580 0.721589
vt 0.465231 0.691418
vt 0.465231 0.691418
vt 0.534769 0.691418
vt 0.534769 0.691418
vt 0.597420 0.721589
vt 0.597420 0.721589
vt 0.640776 0.775956
vt 0.640776 0.775956
vt 0.656250 0.843750
vt 0.656250 0.843750
vt 0.597420 0.965911
vt 0.640776 0.911544
vt 0.534769 0.996082
vt 0.465231 0.996082
vt 0.402580 0.965911
vt 0.359224 0.911544
vt 0.343750 0.843750
vt 0.359224 0.775956
vt 0.402580 0.721589
vt 0.465231 0.691418
vt 0.534769 0.691418
vt 0.597420 0.721589
vt 0.640776 0.775956
vt 0.656250 0.843750
vt 0.597420 0.965911
vt 0.640776 0.911544
vt 0.534769 0.996082
vt 0.465231 0.996082
vt 0.402580 0.965911
vt 0.359224 0.911544
vt 0.343750 0.843750
vt 0.359224 0.775956
vt 0.402580 0.721589
vt 0.465231 0.691418
vt 0.534769 0.691418
vt 0.597420 0.721589
vt 0.640776 0.775956
vt 0.656250 0.843750
vt 0.597420 0.965911
vt 0.640776 0.911544
vt 0.534769 0.996082
vt 0.465231 0.996082
vt 0.402580 0.965911
vt 0.359224 0.911544
vt 0.343750 0.843750
vt 0.359224 0.775956
vt 0.402580 0.721589
vt 0.465231 0.691418
vt 0.534769 0.691418
vt 0.597420 0.721589
vt 0.640776 0.775956
vt 0.656250 0.843750
vt 0.597420 0.965911
vt 0.640776 0.911544
vt 0.534769 0.996082
vt 0.465231 0.996082
vt 0.402580 0.965911
vt 0.359224 0.911544
vt 0.343750 0.843750
vt 0.359224 0.775956
vt 0.402580 0.721589
vt 0.465231 0.691418
vt 0.534769 0.691418
vt 0.597420 0.721589
vt 0.640776 0.775956
vt 0.656250 0.843750
vt 0.597420 0.965911
vt 0.640776 0.911544
vt 0.534769 0.996082
vt 0.465231 0.996082
vt 0.402580 0.965911
vt 0.359224 0.911544
vt 0.343750 0.843750
vt 0.359224 0.775956
vt 0.402580 0.721589
vt 0.465231 0.691418
vt 0.534769 0.691418
vt 0.597420 0.721589
vt 0.640776 0.775956
vt 0.656250 0.843750
vt 0.597420 0.965911
vt 0.640776 0.911544
vt 0.534769 0.996082
vt 0.465231 0.996082
vt 0.402580 0.965911
vt 0.359224 0.911544
vt 0.343750 0.843750
vt 0.359224 0.775956
vt 0.402580 0.721589
vt 0.465231 0.691418
vt 0.534769 0.691418
vt 0.597420 0.721589
vt 0.640776 0.775956
vt 0.656250 0.843750
vt 0.597420 0.965911
vt 0.640776 0.911544
vt 0.534769 0.996082
vt 0.465231 0.996082
vt 0.402580 0.965911
vt 0.359224 0.911544
vt 0.343750 0.843750
vt 0.359224 0.775956
vt 0.402580 0.721589
vt 0.465231 0.691418
vt 0.534769 0.691418
vt 0.597420 0.721589
vt 0.640776 0.775956
vt 0.656250 0.843750
vt 0.597420 0.965911
vt 0.640776 0.911544
vt 0.534769 0.996082
vt 0.465231 0.996082
vt 0.402580 0.965911
vt 0.359224 0.911544
vt 0.343750 0.843750
vt 0.359224 0.775956
vt 0.402580 0.721589
vt 0.465231 0.691418
vt 0.534769 0.691418
vt 0.597420 0.721589
vt 0.640776 0.775956
vt 0.656250 0.843750
vt 0.375000 0.312500
vt 0.392857 0.312500
vt 0.392857 0.688440
vt 0.375000 0.688440
vt 0.410714 0.312500
vt 0.410714 0.688440
vt 0.428571 0.312500
vt 0.428571 0.688440
vt 0.446429 0.312500
vt 0.446429 0.688440
vt 0.464286 0.312500
vt 0.464286 0.688440
vt 0.482143 0.312500
vt 0.482143 0.688440
vt 0.500000 0.312500
vt 0.500000 0.688440
vt 0.517857 0.312500
vt 0.517857 0.688440
vt 0.535714 0.312500
vt 0.535714 0.688440
vt 0.553571 0.312500
vt 0.553571 0.688440
vt 0.571428 0.312500
vt 0.571428 0.688440
vt 0.589286 0.312500
vt 0.589286 0.688440
vt 0.607143 0.312500
vt 0.607143 0.688440
vt 0.625000 0.312500
vt 0.625000 0.688440
vt 0.597420 0.034089
vt 0.640776 0.088456
vt 0.500000 0.150000
vt 0.534769 0.003918
vt 0.465231 0.003918
vt 0.402580 0.034089
vt 0.359224 0.088456
vt 0.343750 0.156250
vt 0.359224 0.224044
vt 0.402580 0.278411
vt 0.465231 0.308582
vt 0.534769 0.308582
vt 0.597420 0.278411
vt 0.640776 0.224044
vt 0.656250 0.156250
vt 0.640776 0.911544
vt 0.597420 0.965911
vt 0.500000 0.837500
vt 0.534769 0.996082
vt 0.465231 0.996082
vt 0.402580 0.965911
vt 0.359224 0.911544
vt 0.343750 0.843750
vt 0.359224 0.775956
vt 0.402580 0.721589
vt 0.465231 0.691418
vt 0.534769 0.691418
vt 0.597420 0.721589
vt 0.640776 0.775956
vt 0.656250 0.843750
vt 0.640776 0.911544
vt 0.597420 0.965911
vt 0.597420 0.965911
vt 0.640776 0.911544
vt 0.534769 0.996082
vt 0.534769 0.996082
vt 0.465231 0.996082
vt 0.465231 0.996082
vt 0.402580 0.965911
vt 0.402580 0.965911
vt 0.359224 0.911544
vt 0.359224 0.911544
vt 0.343750 0.843750
vt 0.343750 0.843750
vt 0.359224 0.775956
vt 0.359224 0.775956
vt 0.402580 0.721589
vt 0.402580 0.721589
vt 0.465231 0.691418
vt 0.465231 0.691418
vt 0.534769 0.691418
vt 0.534769 0.691418
vt 0.597420 0.721589
vt 0.597420 0.721589
vt 0.640776 0.775956
vt 0.640776 0.775956
vt 0.656250 0.843750
vt 0.656250 0.843750
vt 0.597420 0.965911
vt 0.640776 0.911544
vt 0.534769 0.996082
vt 0.465231 0.996082
vt 0.402580 0.965911
vt 0.359224 0.911544
vt 0.343750 0.843750
vt 0.359224 0.775956
vt 0.402580 0.721589
vt 0.465231 0.691418
vt 0.534769 0.691418
vt 0.597420 0.721589
vt 0.640776 0.775956
vt 0.656250 0.843750
vt 0.597420 0.965911
vt 0.640776 0.911544
vt 0.534769 0.996082
vt 0.465231 0.996082
vt 0.402580 0.965911
vt 0.359224 0.911544
vt 0.343750 0.843750
vt 0.359224 0.775956
vt 0.402580 0.721589
vt 0.465231 0.691418
vt 0.534769 0.691418
vt 0.597420 0.721589
vt 0.640776 0.775956
vt 0.656250 0.843750
vt 0.597420 0.965911
vt 0.640776 0.911544
vt 0.534769 0.996082
vt 0.465231 0.996082
vt 0.402580 0.965911
vt 0.359224 0.911544
vt 0.343750 0.843750
vt 0.359224 0.775956
vt 0.402580 0.721589
vt 0.465231 0.691418
vt 0.534769 0.691418
vt 0.597420 0.721589
vt 0.640776 0.775956
vt 0.656250 0.843750
vt 0.597420 0.965911
vt 0.640776 0.911544
vt 0.534769 0.996082
vt 0.465231 0.996082
vt 0.402580 0.965911
vt 0.359224 0.911544
vt 0.343750 0.843750
vt 0.359224 0.775956
vt 0.402580 0.721589
vt 0.465231 0.691418
vt 0.534769 0.691418
vt 0.597420 0.721589
vt 0.640776 0.775956
vt 0.656250 0.843750
vt 0.597420 0.965911
vt 0.640776 0.911544
vt 0.534769 0.996082
vt 0.465231 0.996082
vt 0.402580 0.965911
vt 0.359224 0.911544
vt 0.343750 0.843750
vt 0.359224 0.775956
vt 0.402580 0.721589
vt 0.465231 0.691418
vt 0.534769 0.691418
vt 0.597420 0.721589
vt 0.640776 0.775956
vt 0.656250 0.843750
vt 0.597420 0.965911
vt 0.640776 0.911544
vt 0.534769 0.996082
vt 0.465231 0.996082
vt 0.402580 0.965911
vt 0.359224 0.911544
vt 0.343750 0.843750
vt 0.359224 0.775956
vt 0.402580 0.721589
vt 0.465231 0.691418
vt 0.534769 0.691418
vt 0.597420 0.721589
vt 0.640776 0.775956
vt 0.656250 0.843750
vt 0.597420 0.965911
vt 0.640776 0.911544
vt 0.534769 0.996082
vt 0.465231 0.996082
vt 0.402580 0.965911
vt 0.359224 0.911544
vt 0.343750 0.843750
vt 0.359224 0.775956
vt 0.402580 0.721589
vt 0.465231 0.691418
vt 0.534769 0.691418
vt 0.597420 0.721589
vt 0.640776 0.775956
vt 0.656250 0.843750
vt 0.597420 0.965911
vt 0.640776 0.911544
vt 0.534769 0.996082
vt 0.465231 0.996082
vt 0.402580 0.965911
vt 0.359224 0.911544
vt 0.343750 0.843750
vt 0.359224 0.775956
vt 0.402580 0.721589
vt 0.465231 0.691418
vt 0.534769 0.691418
vt 0.597420 0.721589
vt 0.640776 0.775956
vt 0.656250 0.843750
vt 0.375000 0.136801
vt 0.625000 0.136801
vt 0.625000 0.230035
vt 0.375000 0.230035
vt 0.375000 0.250000
vt 0.625000 0.250000
vt 0.625000 0.500000
vt 0.375000 0.500000
vt 0.375000 0.519965
vt 0.625000 0.519965
vt 0.625000 0.613199
vt 0.375000 0.613199
vt 0.375000 0.750000
vt 0.625000 0.750000
vt 0.625000 1.000000
vt 0.375000 1.000000
vt 0.875000 0.136801
vt 0.875000 0.230035
vt 0.125000 0.136801
vt 0.125000 0.230035
vt 0.375000 0.116973
vt 0.625000 0.116973
vt 0.625000 0.116973
vt 0.875000 0.116973
vt 0.875000 0.136801
vt 0.625000 0.136801
vt 0.625000 0.633027
vt 0.375000 0.633027
vt 0.125000 0.116973
vt 0.375000 0.116973
vt 0.375000 0.136801
vt 0.125000 0.136801
vt 0.375000 0.019404
vt 0.625000 0.019404
vt 0.875000 0.019404
vt 0.875000 0.116973
vt 0.625000 0.730596
vt 0.375000 0.730596
vt 0.125000 0.019404
vt 0.125000 0.116973
vt 0.625000 0.230035
vt 0.875000 0.230035
vt 0.875000 0.250000
vt 0.625000 0.250000
vt 0.125000 0.230035
vt 0.375000 0.230035
vt 0.375000 0.250000
vt 0.125000 0.250000
vt 0.375000 0.000000
vt 0.625000 0.000000
vt 0.625000 0.000000
vt 0.875000 0.000000
vt 0.875000 0.019404
vt 0.625000 0.019404
vt 0.125000 0.000000
vt 0.375000 0.000000
vt 0.375000 0.019404
vt 0.125000 0.019404
vt 0.875000 0.116973
vt 0.625000 0.116973
vt 0.875000 0.136801
vt 0.625000 0.136801
vt 0.375000 0.116973
vt 0.125000 0.116973
vt 0.375000 0.136801
vt 0.125000 0.136801
vt 0.875000 0.230035
vt 0.625000 0.230035
vt 0.875000 0.250000
vt 0.875000 0.250000
vt 0.625000 0.250000
vt 0.375000 0.230035
vt 0.125000 0.230035
vt 0.375000 0.250000
vt 0.125000 0.250000
vt 0.125000 0.250000
vt 0.875000 0.000000
vt 0.875000 0.000000
vt 0.625000 0.000000
vt 0.875000 0.019404
vt 0.625000 0.019404
vt 0.125000 0.000000
vt 0.375000 0.000000
vt 0.125000 0.000000
vt 0.375000 0.019404
vt 0.125000 0.019404
vt 0.875000 0.136801
vt 0.875000 0.116973
vt 0.875000 0.136801
vt 0.875000 0.116973
vt 0.125000 0.116973
vt 0.125000 0.136801
vt 0.125000 0.116973
vt 0.125000 0.136801
vt 0.875000 0.250000
vt 0.875000 0.230035
vt 0.875000 0.250000
vt 0.875000 0.230035
vt 0.125000 0.230035
vt 0.125000 0.250000
vt 0.125000 0.230035
vt 0.125000 0.250000
vt 0.875000 0.019404
vt 0.875000 0.000000
vt 0.875000 0.019404
vt 0.875000 0.000000
vt 0.125000 0.000000
vt 0.125000 0.019404
vt 0.125000 0.000000
vt 0.125000 0.019404
vt 0.875000 0.250000
vt 0.875000 0.230035
vt 0.875000 0.250000
vt 0.875000 0.230035
vt 0.125000 0.230035
vt 0.125000 0.250000
vt 0.125000 0.230035
vt 0.125000 0.250000
vt 0.875000 0.250000
vt 0.875000 0.230035
vt 0.875000 0.250000
vt 0.875000 0.230035
vt 0.125000 0.230035
vt 0.125000 0.250000
vt 0.125000 0.230035
vt 0.125000 0.250000
vt 0.875000 0.250000
vt 0.875000 0.230035
vt 0.875000 0.250000
vt 0.875000 0.230035
vt 0.125000 0.230035
vt 0.125000 0.250000
vt 0.125000 0.230035
vt 0.125000 0.250000
vt 0.875000 0.136801
vt 0.875000 0.116973
vt 0.875000 0.136801
vt 0.875000 0.116973
vt 0.125000 0.116973
vt 0.125000 0.136801
vt 0.125000 0.116973
vt 0.125000 0.136801
vt 0.875000 0.019404
vt 0.875000 0.000000
vt 0.875000 0.019404
vt 0.875000 0.000000
vt 0.125000 0.000000
vt 0.125000 0.019404
vt 0.125000 0.000000
vt 0.125000 0.019404
vt 0.875000 0.136801
vt 0.875000 0.116973
vt 0.875000 0.136801
vt 0.875000 0.116973
vt 0.125000 0.116973
vt 0.125000 0.136801
vt 0.125000 0.116973
vt 0.125000 0.136801
vt 0.875000 0.019404
vt 0.875000 0.000000
vt 0.875000 0.019404
vt 0.875000 0.000000
vt 0.125000 0.000000
vt 0.125000 0.019404
vt 0.125000 0.000000
vt 0.125000 0.019404
vt 0.375000 0.000000
vt 0.625000 0.000000
vt 0.625000 0.250000
vt 0.375000 0.250000
vt 0.625000 0.500000
vt 0.375000 0.500000
vt 0.625000 0.750000
vt 0.375000 0.750000
vt 0.625000 1.000000
vt 0.375000 1.000000
vt 0.875000 0.000000
vt 0.875000 0.250000
vt 0.125000 0.000000
vt 0.125000 0.250000
vt 0.375000 0.000000
vt 0.625000 0.000000
vt 0.625000 0.250000
vt 0.375000 0.250000
vt 0.625000 0.500000
vt 0.375000 0.500000
vt 0.625000 0.750000
vt 0.375000 0.750000
vt 0.625000 1.000000
vt 0.375000 1.000000
vt 0.875000 0.000000
vt 0.875000 0.250000
vt 0.125000 0.000000
vt 0.125000 0.250000
vt 0.375000 0.312500
vt 0.392857 0.312500
vt 0.392857 0.688440
vt 0.375000 0.688440
vt 0.392857 0.312500
vt 0.410714 0.312500
vt 0.410714 0.688440
vt 0.392857 0.688440
vt 0.410714 0.312500
vt 0.428571 0.312500
vt 0.428571 0.688440
vt 0.410714 0.688440
vt 0.428571 0.312500
vt 0.446429 0.312500
vt 0.446429 0.688440
vt 0.428571 0.688440
vt 0.446429 0.312500
vt 0.464286 0.312500
vt 0.464286 0.688440
vt 0.446429 0.688440
vt 0.464286 0.312500
vt 0.482143 0.312500
vt 0.482143 0.688440
vt 0.464286 0.688440
vt 0.482143 0.312500
vt 0.500000 0.312500
vt 0.500000 0.688440
vt 0.482143 0.688440
vt 0.500000 0.312500
vt 0.517857 0.312500
vt 0.517857 0.688440
vt 0.500000 0.688440
vt 0.517857 0.312500
vt 0.535714 0.312500
vt 0.535714 0.688440
vt 0.517857 0.688440
vt 0.535714 0.312500
vt 0.553571 0.312500
vt 0.553571 0.688440
vt 0.535714 0.688440
vt 0.553571 0.312500
vt 0.571428 0.312500
vt 0.571428 0.688440
vt 0.553571 0.688440
vt 0.571428 0.312500
vt 0.589286 0.312500
vt 0.589286 0.688440
vt 0.571428 0.688440
vt 0.589286 0.312500
vt 0.607143 0.312500
vt 0.607143 0.688440
vt 0.589286 0.688440
vt 0.607143 0.312500
vt 0.625000 0.312500
vt 0.625000 0.688440
vt 0.607143 0.688440
vt 0.597420 0.034089
vt 0.640776 0.088456
vt 0.500000 0.150000
vt 0.534769 0.003918
vt 0.465231 0.003918
vt 0.402580 0.034089
vt 0.359224 0.088456
vt 0.343750 0.156250
vt 0.359224 0.224044
vt 0.402580 0.278411
vt 0.465231 0.308582
vt 0.534769 0.308582
vt 0.597420 0.278411
vt 0.640776 0.224044
vt 0.656250 0.156250
vt 0.640776 0.911544
vt 0.597420 0.965911
vt 0.500000 0.837500
vt 0.534769 0.996082
vt 0.465231 0.996082
vt 0.402580 0.965911
vt 0.359224 0.911544
vt 0.343750 0.843750
vt 0.359224 0.775956
vt 0.402580 0.721589
vt 0.465231 0.691418
vt 0.534769 0.691418
vt 0.597420 0.721589
vt 0.640776 0.775956
vt 0.656250 0.843750
vt 0.375000 0.312500
vt 0.375000 0.688440
vt 0.375000 0.312500
vt 0.392857 0.312500
vt 0.392857 0.688440
vt 0.375000 0.688440
vt 0.392857 0.312500
vt 0.410714 0.312500
vt 0.410714 0.688440
vt 0.392857 0.688440
vt 0.410714 0.312500
vt 0.428571 0.312500
vt 0.428571 0.688440
vt 0.410714 0.688440
vt 0.428571 0.312500
vt 0.446429 0.312500
vt 0.446429 0.688440
vt 0.428571 0.688440
vt 0.446429 0.312500
vt 0.464286 0.312500
vt 0.464286 0.688440
vt 0.446429 0.688440
vt 0.464286 0.312500
vt 0.482143 0.312500
vt 0.482143 0.688440
vt 0.464286 0.688440
vt 0.482143 0.312500
vt 0.500000 0.312500
vt 0.500000 0.688440
vt 0.482143 0.688440
vt 0.500000 0.312500
vt 0.517857 0.312500
vt 0.517857 0.688440
vt 0.500000 0.688440
vt 0.517857 0.312500
vt 0.535714 0.312500
vt 0.535714 0.688440
vt 0.517857 0.688440
vt 0.535714 0.312500
vt 0.553571 0.312500
vt 0.553571 0.688440
vt 0.535714 0.688440
vt 0.553571 0.312500
vt 0.571428 0.312500
vt 0.571428 0.688440
vt 0.553571 0.688440
vt 0.571428 0.312500
vt 0.589286 0.312500
vt 0.589286 0.688440
vt 0.571428 0.688440
vt 0.589286 0.312500
vt 0.607143 0.312500
vt 0.607143 0.688440
vt 0.589286 0.688440
vt 0.607143 0.312500
vt 0.625000 0.312500
vt 0.625000 0.688440
vt 0.607143 0.688440
vt 0.597420 0.034089
vt 0.640776 0.088456
vt 0.500000 0.150000
vt 0.534769 0.003918
vt 0.465231 0.003918
vt 0.402580 0.034089
vt 0.359224 0.088456
vt 0.343750 0.156250
vt 0.359224 0.224044
vt 0.402580 0.278411
vt 0.465231 0.308582
vt 0.534769 0.308582
vt 0.597420 0.278411
vt 0.640776 0.224044
vt 0.656250 0.156250
vt 0.640776 0.911544
vt 0.597420 0.965911
vt 0.500000 0.837500
vt 0.534769 0.996082
vt 0.465231 0.996082
vt 0.402580 0.965911
vt 0.359224 0.911544
vt 0.343750 0.843750
vt 0.359224 0.775956
vt 0.402580 0.721589
vt 0.465231 0.691418
vt 0.534769 0.691418
vt 0.597420 0.721589
vt 0.640776 0.775956
vt 0.656250 0.843750
vt 0.375000 0.312500
vt 0.375000 0.688440
vt 0.375000 0.312500
vt 0.381250 0.312500
vt 0.381250 0.688440
vt 0.375000 0.688440
vt 0.387500 0.312500
vt 0.387500 0.688440
vt 0.393750 0.312500
vt 0.393750 0.688440
vt 0.400000 0.312500
vt 0.400000 0.688440
vt 0.406250 0.312500
vt 0.406250 0.688440
vt 0.412500 0.312500
vt 0.412500 0.688440
vt 0.418750 0.312500
vt 0.418750 0.688440
vt 0.425000 0.312500
vt 0.425000 0.688440
vt 0.431250 0.312500
vt 0.431250 0.688440
vt 0.437500 0.312500
vt 0.437500 0.688440
vt 0.443750 0.312500
vt 0.443750 0.688440
vt 0.450000 0.312500
vt 0.450000 0.688440
vt 0.456250 0.312500
vt 0.456250 0.688440
vt 0.462500 0.312500
vt 0.462500 0.688440
vt 0.468750 0.312500
vt 0.468750 0.688440
vt 0.475000 0.312500
vt 0.475000 0.688440
vt 0.481250 0.312500
vt 0.481250 0.688440
vt 0.487500 0.312500
vt 0.487500 0.688440
vt 0.493750 0.312500
vt 0.493750 0.688440
vt 0.500000 0.312500
vt 0.500000 0.688440
vt 0.506250 0.312500
vt 0.506250 0.688440
vt 0.512500 0.312500
vt 0.512500 0.688440
vt 0.518750 0.312500
vt 0.518750 0.688440
vt 0.525000 0.312500
vt 0.525000 0.688440
vt 0.531250 0.312500
vt 0.531250 0.688440
vt 0.537500 0.312500
vt 0.537500 0.688440
vt 0.543750 0.312500
vt 0.543750 0.688440
vt 0.550000 0.312500
vt 0.550000 0.688440
vt 0.556250 0.312500
vt 0.556250 0.688440
vt 0.562500 0.312500
vt 0.562500 0.688440
vt 0.568750 0.312500
vt 0.568750 0.688440
vt 0.575000 0.312500
vt 0.575000 0.688440
vt 0.581250 0.312500
vt 0.581250 0.688440
vt 0.587500 0.312500
vt 0.587500 0.688440
vt 0.593750 0.312500
vt 0.593750 0.688440
vt 0.600000 0.312500
vt 0.600000 0.688440
vt 0.606250 0.312500
vt 0.606250 0.688440
vt 0.612500 0.312500
vt 0.612500 0.688440
vt 0.618750 0.312500
vt 0.618750 0.688440
vt 0.625000 0.312500
vt 0.625000 0.688440
vt 0.648603 0.107966
vt 0.654326 0.131807
vt 0.500000 0.150000
vt 0.639220 0.085314
vt 0.626409 0.064409
vt 0.610486 0.045765
vt 0.591842 0.029841
vt 0.570936 0.017030
vt 0.548284 0.007647
vt 0.524443 0.001924
vt 0.500000 -0.000000
vt 0.475557 0.001924
vt 0.451716 0.007647
vt 0.429064 0.017030
vt 0.408159 0.029841
vt 0.389515 0.045764
vt 0.373591 0.064408
vt 0.360780 0.085314
vt 0.351397 0.107966
vt 0.345674 0.131807
vt 0.343750 0.156250
vt 0.345674 0.180693
vt 0.351397 0.204534
vt 0.360780 0.227186
vt 0.373591 0.248091
vt 0.389515 0.266735
vt 0.408159 0.282659
vt 0.429064 0.295470
vt 0.451716 0.304853
vt 0.475557 0.310576
vt 0.500000 0.312500
vt 0.524443 0.310576
vt 0.548284 0.304853
vt 0.570936 0.295470
vt 0.591841 0.282659
vt 0.610485 0.266735
vt 0.626409 0.248091
vt 0.639220 0.227186
vt 0.648603 0.204534
vt 0.654326 0.180693
vt 0.656250 0.156250
vt 0.654326 0.868193
vt 0.648603 0.892034
vt 0.500000 0.837500
vt 0.639220 0.914686
vt 0.626409 0.935591
vt 0.610485 0.954235
vt 0.591841 0.970159
vt 0.570936 0.982970
vt 0.548284 0.992353
vt 0.524443 0.998076
vt 0.500000 1.000000
vt 0.475557 0.998076
vt 0.451716 0.992353
vt 0.429064 0.982970
vt 0.408159 0.970159
vt 0.389515 0.954235
vt 0.373591 0.935591
vt 0.360780 0.914686
vt 0.351397 0.892034
vt 0.345674 0.868193
vt 0.343750 0.843750
vt 0.345674 0.819307
vt 0.351397 0.795466
vt 0.360780 0.772814
vt 0.373591 0.751908
vt 0.389515 0.733264
vt 0.408159 0.717341
vt 0.429064 0.704530
vt 0.451716 0.695147
vt 0.475557 0.689424
vt 0.500000 0.687500
vt 0.524443 0.689424
vt 0.548284 0.695147
vt 0.570936 0.704530
vt 0.591842 0.717341
vt 0.610486 0.733265
vt 0.626409 0.751909
vt 0.639220 0.772814
vt 0.648603 0.795466
vt 0.654326 0.819307
vt 0.656250 0.843750
vt 0.587003 0.226552
vt 0.414997 0.226552
vt 0.414997 0.225079
vt 0.587003 0.225079
vt 0.815004 0.226552
vt 0.662997 0.226552
vt 0.662997 0.225079
vt 0.815004 0.225079
vt 0.335003 0.226552
vt 0.174995 0.226552
vt 0.174995 0.225079
vt 0.335003 0.225079
vt 0.375000 0.799995
vt 0.424995 0.750000
vt 0.565005 0.750000
vt 0.625000 0.809996
vt 0.625000 0.962003
vt 0.587003 1.000000
vt 0.414997 1.000000
vt 0.375000 0.960003
vt 0.375000 0.482831
vt 0.424995 0.523448
vt 0.424995 0.524921
vt 0.375000 0.484893
vt 0.565005 0.523448
vt 0.625000 0.474706
vt 0.625000 0.476886
vt 0.565004 0.524921
vt 0.375000 0.289997
vt 0.414997 0.250000
vt 0.587003 0.250000
vt 0.625000 0.287997
vt 0.625000 0.440004
vt 0.565004 0.500000
vt 0.424995 0.500000
vt 0.375000 0.450005
vt 0.335003 0.025135
vt 0.174995 0.025135
vt 0.174995 0.023780
vt 0.335003 0.023780
vt 0.414997 0.023780
vt 0.414997 0.025135
vt 0.587003 0.025135
vt 0.587003 0.023780
vt 0.662997 0.023780
vt 0.662997 0.025135
vt 0.815004 0.025135
vt 0.815004 0.023780
vt 0.565005 0.724865
vt 0.625000 0.772797
vt 0.625000 0.774802
vt 0.565005 0.726220
vt 0.375000 0.764807
vt 0.424995 0.724865
vt 0.424995 0.726220
vt 0.375000 0.766703
vt 0.424995 0.746282
vt 0.375000 0.794790
vt 0.174995 0.003718
vt 0.335003 0.003718
vt 0.414997 0.003718
vt 0.587003 0.003718
vt 0.662997 0.003718
vt 0.815004 0.003718
vt 0.625000 0.804493
vt 0.565005 0.746282
vt 0.375000 0.794790
vt 0.424995 0.746282
vt 0.424995 0.750000
vt 0.375000 0.799995
vt 0.335003 0.003718
vt 0.174995 0.003718
vt 0.174995 0.000000
vt 0.335003 0.000000
vt 0.414997 0.000000
vt 0.414997 0.003718
vt 0.587003 0.003718
vt 0.587003 0.000000
vt 0.662997 0.000000
vt 0.662997 0.003718
vt 0.815004 0.003718
vt 0.815004 0.000000
vt 0.565005 0.746282
vt 0.625000 0.804493
vt 0.625000 0.809996
vt 0.565005 0.750000
vt 0.375000 0.450005
vt 0.424995 0.500000
vt 0.424995 0.503328
vt 0.375000 0.454664
vt 0.565005 0.503328
vt 0.565004 0.500000
vt 0.625000 0.440004
vt 0.625000 0.444930
vt 0.662997 0.250000
vt 0.662997 0.246672
vt 0.815004 0.246672
vt 0.815004 0.250000
vt 0.587003 0.246672
vt 0.587003 0.250000
vt 0.414997 0.250000
vt 0.414997 0.246672
vt 0.335003 0.246672
vt 0.335003 0.250000
vt 0.174995 0.250000
vt 0.174995 0.246672
vt 0.335003 0.118817
vt 0.414997 0.118817
vt 0.414997 0.139023
vt 0.335003 0.139023
vt 0.587003 0.139023
vt 0.587003 0.118817
vt 0.662997 0.118817
vt 0.662997 0.139023
vt 0.815004 0.139023
vt 0.815004 0.118817
vt 0.565004 0.610977
vt 0.625000 0.604246
vt 0.625000 0.634151
vt 0.565004 0.631183
vt 0.561674 0.610977
vt 0.561674 0.631183
vt 0.429132 0.631183
vt 0.429132 0.610977
vt 0.375000 0.605368
vt 0.424995 0.610977
vt 0.424995 0.631183
vt 0.375000 0.633656
vt 0.174995 0.139023
vt 0.174995 0.118817
vt 0.375000 0.454664
vt 0.424995 0.503328
vt 0.565005 0.503328
vt 0.625000 0.444930
vt 0.815004 0.246672
vt 0.662997 0.246672
vt 0.587003 0.246672
vt 0.414997 0.246672
vt 0.335003 0.246672
vt 0.174995 0.246672
vt 0.815004 0.250000
vt 0.662997 0.250000
vt 0.335003 0.250000
vt 0.174995 0.250000
vt 0.174995 0.000000
vt 0.335003 0.000000
vt 0.414997 0.000000
vt 0.587003 0.000000
vt 0.662997 0.000000
vt 0.815004 0.000000
vt 0.561674 0.610977
vt 0.429132 0.610977
vt 0.424995 0.524921
vt 0.424995 0.523448
vt 0.565005 0.523448
vt 0.565004 0.524921
vt 0.424995 0.726220
vt 0.565005 0.726220
vt 0.424995 0.724865
vt 0.429132 0.631183
vt 0.561674 0.631183
vt 0.565005 0.724865
vt 0.561674 0.610977
vt 0.561674 0.610977
vt 0.429132 0.610977
vt 0.429132 0.610977
vt 0.424995 0.524921
vt 0.424995 0.524921
vt 0.424995 0.523448
vt 0.424995 0.523448
vt 0.495000 0.523448
vt 0.565005 0.523448
vt 0.565004 0.524921
vt 0.565004 0.524921
vt 0.565005 0.523448
vt 0.424995 0.726220
vt 0.565005 0.726220
vt 0.424995 0.724865
vt 0.429132 0.631183
vt 0.561674 0.631183
vt 0.565005 0.724865
vt 0.565004 0.524921
vt 0.565005 0.524921
vt 0.565005 0.523448
vt 0.565005 0.523448
vt 0.544530 0.524921
vt 0.544530 0.523448
vt 0.565005 0.726220
vt 0.565005 0.726220
vt 0.565005 0.724865
vt 0.565005 0.724865
vt 0.544530 0.726220
vt 0.544530 0.724865
vt 0.565004 0.610977
vt 0.565004 0.610977
vt 0.565004 0.631183
vt 0.565004 0.631183
vt 0.544530 0.610977
vt 0.565004 0.610977
vt 0.565004 0.631183
vt 0.544530 0.631183
vt 0.445470 0.524921
vt 0.424995 0.524921
vt 0.424995 0.523448
vt 0.445470 0.523448
vt 0.424995 0.524921
vt 0.424995 0.523448
vt 0.424995 0.724865
vt 0.424995 0.726220
vt 0.424995 0.610977
vt 0.424995 0.610977
vt 0.424995 0.631183
vt 0.424995 0.631183
vt 0.445470 0.724865
vt 0.445470 0.726220
vt 0.445470 0.610977
vt 0.445470 0.631183
vt 0.424995 0.726220
vt 0.424995 0.610977
vt 0.424995 0.631183
vt 0.424995 0.724865
vt 0.335003 0.139392
vt 0.414997 0.139392
vt 0.587003 0.139392
vt 0.662997 0.139392
vt 0.815004 0.139392
vt 0.625000 0.603700
vt 0.565004 0.610608
vt 0.565004 0.610608
vt 0.565004 0.610608
vt 0.565004 0.610608
vt 0.565004 0.610608
vt 0.565004 0.610608
vt 0.544530 0.610608
vt 0.445470 0.610608
vt 0.424995 0.610608
vt 0.424995 0.610608
vt 0.424995 0.610608
vt 0.424995 0.610608
vt 0.424995 0.610608
vt 0.424995 0.610608
vt 0.375000 0.604851
vt 0.174995 0.139392
vt 0.375000 0.634281
vt 0.424995 0.631629
vt 0.424995 0.631629
vt 0.424995 0.631629
vt 0.424995 0.631629
vt 0.424995 0.631629
vt 0.445470 0.631629
vt 0.544530 0.631629
vt 0.565004 0.631629
vt 0.565004 0.631629
vt 0.565004 0.631629
vt 0.565004 0.631629
vt 0.565004 0.631629
vt 0.625000 0.634811
vt 0.815004 0.118371
vt 0.662997 0.118371
vt 0.587003 0.118371
vt 0.414997 0.118371
vt 0.335003 0.118371
vt 0.174995 0.118371
vt 0.565004 0.610977
vt 0.565004 0.610977
vt 0.424995 0.610977
vt 0.424995 0.610977
vt 0.424995 0.631183
vt 0.565004 0.631183
vt 0.445470 0.610608
vt 0.544530 0.610608
vt 0.445470 0.524921
vt 0.544530 0.524921
vt 0.544530 0.631629
vt 0.445470 0.631629
vt 0.544530 0.724865
vt 0.445470 0.724865
vt 0.445470 0.610608
vt 0.544530 0.610608
vt 0.445470 0.524921
vt 0.544530 0.524921
vt 0.544530 0.631629
vt 0.445470 0.631629
vt 0.544530 0.724865
vt 0.445470 0.724865
vt 0.445470 0.610608
vt 0.544530 0.610608
vt 0.445470 0.524921
vt 0.544530 0.524921
vt 0.544530 0.631629
vt 0.445470 0.631629
vt 0.544530 0.724865
vt 0.445470 0.724865
vt 0.375000 0.312500
vt 0.406250 0.312500
vt 0.406250 0.688440
vt 0.375000 0.688440
vt 0.437500 0.312500
vt 0.437500 0.688440
vt 0.468750 0.312500
vt 0.468750 0.688440
vt 0.500000 0.312500
vt 0.500000 0.688440
vt 0.531250 0.312500
vt 0.562500 0.312500
vt 0.562500 0.688440
vt 0.531250 0.688440
vt 0.593750 0.312500
vt 0.625000 0.312500
vt 0.625000 0.688440
vt 0.593750 0.688440
vt 0.500000 0.000000
vt 0.610485 0.045765
vt 0.500000 0.150000
vt 0.389515 0.045765
vt 0.343750 0.156250
vt 0.389515 0.266735
vt 0.500000 0.312500
vt 0.610485 0.266735
vt 0.656250 0.156250
vt 0.610485 0.954235
vt 0.500000 1.000000
vt 0.500000 0.837500
vt 0.389515 0.954235
vt 0.343750 0.843750
vt 0.389515 0.733265
vt 0.500000 0.687500
vt 0.610485 0.733265
vt 0.656250 0.843750
vt 0.656250 0.843750
vt 0.610485 0.733265
vt 0.610485 0.266735
vt 0.656250 0.156250
vt 0.389515 0.266735
vt 0.500000 0.312500
vt 0.500000 0.687500
vt 0.389515 0.733265
vt 0.500000 0.000000
vt 0.610485 0.045765
vt 0.389515 0.045765
vt 0.343750 0.156250
vt 0.610485 0.954235
vt 0.500000 1.000000
vt 0.389515 0.954235
vt 0.343750 0.843750
vt 0.375000 0.250000
vt 0.437500 0.187500
vt 0.500000 0.250000
vt 0.625000 0.250000
vt 0.562500 0.187500
vt 0.625000 0.125000
vt 0.375000 0.000000
vt 0.500000 0.000000
vt 0.437500 0.062500
vt 0.562500 0.062500
vt 0.625000 0.000000
vt 0.375000 0.125000
vt 0.500000 0.125000
vt 0.375000 0.250000
vt 0.500000 0.250000
vt 0.437500 0.187500
vt 0.625000 0.250000
vt 0.625000 0.125000
vt 0.562500 0.187500
vt 0.375000 0.000000
vt 0.437500 0.062500
vt 0.500000 0.000000
vt 0.625000 0.000000
vt 0.562500 0.062500
vt 0.375000 0.125000
vt 0.500000 0.125000
vt 0.500000 0.250000
vt 0.375000 0.250000
vt 0.375000 0.250000
vt 0.500000 0.250000
vt 0.625000 0.125000
vt 0.625000 0.250000
vt 0.625000 0.250000
vt 0.625000 0.125000
vt 0.375000 0.000000
vt 0.500000 0.000000
vt 0.500000 0.000000
vt 0.375000 0.000000
vt 0.625000 0.000000
vt 0.625000 0.000000
vt 0.375000 0.125000
vt 0.375000 0.125000
vt 0.375000 0.250000
vt 0.500000 0.250000
vt 0.625000 0.250000
vt 0.625000 0.125000
vt 0.500000 0.000000
vt 0.375000 0.000000
vt 0.625000 0.000000
vt 0.375000 0.125000
vt 0.375000 0.250000
vt 0.500000 0.250000
vt 0.625000 0.250000
vt 0.625000 0.125000
vt 0.500000 0.000000
vt 0.375000 0.000000
vt 0.625000 0.000000
vt 0.375000 0.125000
vt 0.375000 0.000000
vt 0.625000 0.000000
vt 0.625000 0.250000
vt 0.375000 0.250000
vt 0.625000 0.500000
vt 0.375000 0.500000
vt 0.625000 0.750000
vt 0.375000 0.750000
vt 0.625000 1.000000
vt 0.375000 1.000000
vt 0.875000 0.000000
vt 0.875000 0.250000
vt 0.125000 0.000000
vt 0.125000 0.250000
vt 0.530865 0.151361
vt 0.529721 0.146593
vt 0.559441 0.136936
vt 0.561731 0.146473
vt 0.527844 0.142063
vt 0.555688 0.127876
vt 0.525282 0.137882
vt 0.550564 0.119513
vt 0.522097 0.134153
vt 0.544194 0.112056
vt 0.518368 0.130968
vt 0.536737 0.105686
vt 0.514187 0.128406
vt 0.528374 0.100562
vt 0.509657 0.126529
vt 0.519314 0.096809
vt 0.504889 0.125385
vt 0.509777 0.094519
vt 0.500000 0.125000
vt 0.500000 0.093750
vt 0.495111 0.125385
vt 0.490223 0.094519
vt 0.490343 0.126529
vt 0.480686 0.096809
vt 0.485813 0.128406
vt 0.471626 0.100562
vt 0.481632 0.130968
vt 0.463263 0.105686
vt 0.477903 0.134153
vt 0.455806 0.112056
vt 0.474718 0.137882
vt 0.449436 0.119513
vt 0.472156 0.142063
vt 0.444312 0.127876
vt 0.470279 0.146593
vt 0.440559 0.136936
vt 0.469135 0.151361
vt 0.438269 0.146473
vt 0.468750 0.156250
vt 0.437500 0.156250
vt 0.469135 0.161139
vt 0.438269 0.166027
vt 0.470279 0.165907
vt 0.440559 0.175564
vt 0.472156 0.170437
vt 0.444312 0.184624
vt 0.474718 0.174618
vt 0.449436 0.192987
vt 0.477903 0.178347
vt 0.455806 0.200444
vt 0.481632 0.181532
vt 0.463263 0.206814
vt 0.485813 0.184094
vt 0.471626 0.211938
vt 0.490343 0.185971
vt 0.480686 0.215691
vt 0.495111 0.187115
vt 0.490223 0.217981
vt 0.500000 0.187500
vt 0.500000 0.218750
vt 0.504889 0.187115
vt 0.509777 0.217981
vt 0.509657 0.185971
vt 0.519314 0.215691
vt 0.514187 0.184094
vt 0.528374 0.211938
vt 0.518368 0.181532
vt 0.536737 0.206814
vt 0.522097 0.178347
vt 0.544194 0.200444
vt 0.525282 0.174618
vt 0.550564 0.192987
vt 0.527844 0.170437
vt 0.555688 0.184624
vt 0.529721 0.165907
vt 0.559441 0.175564
vt 0.530865 0.161139
vt 0.561731 0.166027
vt 0.531250 0.156250
vt 0.562500 0.156250
vt 0.589162 0.127280
vt 0.592596 0.141584
vt 0.583532 0.113688
vt 0.575845 0.101145
vt 0.566291 0.089959
vt 0.555105 0.080405
vt 0.542562 0.072718
vt 0.528970 0.067088
vt 0.514666 0.063654
vt 0.500000 0.062500
vt 0.485334 0.063654
vt 0.471030 0.067088
vt 0.457438 0.072718
vt 0.444895 0.080405
vt 0.433709 0.089959
vt 0.424155 0.101145
vt 0.416468 0.113688
vt 0.410838 0.127280
vt 0.407404 0.141584
vt 0.406250 0.156250
vt 0.407404 0.170916
vt 0.410838 0.185220
vt 0.416468 0.198812
vt 0.424155 0.211355
vt 0.433709 0.222541
vt 0.444895 0.232095
vt 0.457438 0.239782
vt 0.471030 0.245412
vt 0.485334 0.248846
vt 0.500000 0.250000
vt 0.514666 0.248846
vt 0.528970 0.245412
vt 0.542562 0.239782
vt 0.555105 0.232095
vt 0.566291 0.222541
vt 0.575845 0.211355
vt 0.583532 0.198812
vt 0.589162 0.185220
vt 0.592596 0.170916
vt 0.593750 0.156250
vt 0.618882 0.117623
vt 0.623461 0.136696
vt 0.611376 0.099501
vt 0.601127 0.082777
vt 0.588388 0.067862
vt 0.573473 0.055123
vt 0.556749 0.044874
vt 0.538627 0.037368
vt 0.519554 0.032789
vt 0.500000 0.031250
vt 0.480446 0.032789
vt 0.461373 0.037368
vt 0.443251 0.044874
vt 0.426527 0.055123
vt 0.411612 0.067862
vt 0.398873 0.082777
vt 0.388624 0.099501
vt 0.381118 0.117623
vt 0.376539 0.136696
vt 0.375000 0.156250
vt 0.376539 0.175804
vt 0.381118 0.194877
vt 0.388624 0.212999
vt 0.398873 0.229723
vt 0.411612 0.244638
vt 0.426527 0.257377
vt 0.443251 0.267626
vt 0.461373 0.275132
vt 0.480446 0.279711
vt 0.500000 0.281250
vt 0.519554 0.279711
vt 0.538627 0.275132
vt 0.556749 0.267626
vt 0.573473 0.257377
vt 0.588388 0.244638
vt 0.601127 0.229723
vt 0.611376 0.212999
vt 0.618882 0.194877
vt 0.623461 0.175804
vt 0.625000 0.156250
vt 0.648603 0.107966
vt 0.654326 0.131807
vt 0.639220 0.085314
vt 0.626409 0.064409
vt 0.610486 0.045765
vt 0.591842 0.029841
vt 0.570936 0.017030
vt 0.548284 0.007647
vt 0.524443 0.001924
vt 0.500000 -0.000000
vt 0.475557 0.001924
vt 0.451716 0.007647
vt 0.429064 0.017030
vt 0.408159 0.029841
vt 0.389515 0.045764
vt 0.373591 0.064408
vt 0.360780 0.085314
vt 0.351397 0.107966
vt 0.345674 0.131807
vt 0.343750 0.156250
vt 0.345674 0.180693
vt 0.351397 0.204534
vt 0.360780 0.227186
vt 0.373591 0.248091
vt 0.389515 0.266735
vt 0.408159 0.282659
vt 0.429064 0.295470
vt 0.451716 0.304853
vt 0.475557 0.310576
vt 0.500000 0.312500
vt 0.524443 0.310576
vt 0.548284 0.304853
vt 0.570936 0.295470
vt 0.591841 0.282659
vt 0.610485 0.266735
vt 0.626409 0.248091
vt 0.639220 0.227186
vt 0.648603 0.204534
vt 0.654326 0.180693
vt 0.656250 0.156250
vt 0.375000 0.312500
vt 0.381250 0.312500
vt 0.381250 0.688440
vt 0.375000 0.688440
vt 0.387500 0.312500
vt 0.387500 0.688440
vt 0.393750 0.312500
vt 0.393750 0.688440
vt 0.400000 0.312500
vt 0.400000 0.688440
vt 0.406250 0.312500
vt 0.406250 0.688440
vt 0.412500 0.312500
vt 0.412500 0.688440
vt 0.418750 0.312500
vt 0.418750 0.688440
vt 0.425000 0.312500
vt 0.425000 0.688440
vt 0.431250 0.312500
vt 0.431250 0.688440
vt 0.437500 0.312500
vt 0.437500 0.688440
vt 0.443750 0.312500
vt 0.443750 0.688440
vt 0.450000 0.312500
vt 0.450000 0.688440
vt 0.456250 0.312500
vt 0.456250 0.688440
vt 0.462500 0.312500
vt 0.462500 0.688440
vt 0.468750 0.312500
vt 0.468750 0.688440
vt 0.475000 0.312500
vt 0.475000 0.688440
vt 0.481250 0.312500
vt 0.481250 0.688440
vt 0.487500 0.312500
vt 0.487500 0.688440
vt 0.493750 0.312500
vt 0.493750 0.688440
vt 0.500000 0.312500
vt 0.500000 0.688440
vt 0.506250 0.312500
vt 0.506250 0.688440
vt 0.512500 0.312500
vt 0.512500 0.688440
vt 0.518750 0.312500
vt 0.518750 0.688440
vt 0.525000 0.312500
vt 0.525000 0.688440
vt 0.531250 0.312500
vt 0.531250 0.688440
vt 0.537500 0.312500
vt 0.537500 0.688440
vt 0.543750 0.312500
vt 0.543750 0.688440
vt 0.550000 0.312500
vt 0.550000 0.688440
vt 0.556250 0.312500
vt 0.556250 0.688440
vt 0.562500 0.312500
vt 0.562500 0.688440
vt 0.568750 0.312500
vt 0.568750 0.688440
vt 0.575000 0.312500
vt 0.575000 0.688440
vt 0.581250 0.312500
vt 0.581250 0.688440
vt 0.587500 0.312500
vt 0.587500 0.688440
vt 0.593750 0.312500
vt 0.593750 0.688440
vt 0.600000 0.312500
vt 0.600000 0.688440
vt 0.606250 0.312500
vt 0.606250 0.688440
vt 0.612500 0.312500
vt 0.612500 0.688440
vt 0.618750 0.312500
vt 0.618750 0.688440
vt 0.625000 0.312500
vt 0.625000 0.688440
vt 0.654326 0.868193
vt 0.648603 0.892034
vt 0.618882 0.882377
vt 0.623461 0.863304
vt 0.639220 0.914686
vt 0.611376 0.900499
vt 0.626409 0.935591
vt 0.601127 0.917223
vt 0.610485 0.954235
vt 0.588388 0.932138
vt 0.591841 0.970159
vt 0.573473 0.944877
vt 0.570936 0.982970
vt 0.556749 0.955126
vt 0.548284 0.992353
vt 0.538627 0.962632
vt 0.524443 0.998076
vt 0.519554 0.967211
vt 0.500000 1.000000
vt 0.500000 0.968750
vt 0.475557 0.998076
vt 0.480446 0.967211
vt 0.451716 0.992353
vt 0.461373 0.962632
vt 0.429064 0.982970
vt 0.443251 0.955126
vt 0.408159 0.970159
vt 0.426527 0.944877
vt 0.389515 0.954235
vt 0.411612 0.932138
vt 0.373591 0.935591
vt 0.398873 0.917223
vt 0.360780 0.914686
vt 0.388624 0.900499
vt 0.351397 0.892034
vt 0.381118 0.882377
vt 0.345674 0.868193
vt 0.376539 0.863304
vt 0.343750 0.843750
vt 0.375000 0.843750
vt 0.345674 0.819307
vt 0.376539 0.824196
vt 0.351397 0.795466
vt 0.381118 0.805123
vt 0.360780 0.772814
vt 0.388624 0.787001
vt 0.373591 0.751908
vt 0.398873 0.770277
vt 0.389515 0.733264
vt 0.411612 0.755362
vt 0.408159 0.717341
vt 0.426527 0.742623
vt 0.429064 0.704530
vt 0.443251 0.732374
vt 0.451716 0.695147
vt 0.461373 0.724868
vt 0.475557 0.689424
vt 0.480446 0.720289
vt 0.500000 0.687500
vt 0.500000 0.718750
vt 0.524443 0.689424
vt 0.519554 0.720289
vt 0.548284 0.695147
vt 0.538627 0.724868
vt 0.570936 0.704530
vt 0.556749 0.732374
vt 0.591842 0.717341
vt 0.573473 0.742623
vt 0.610486 0.733265
vt 0.588388 0.755362
vt 0.626409 0.751909
vt 0.601127 0.770277
vt 0.639220 0.772814
vt 0.611376 0.787001
vt 0.648603 0.795466
vt 0.618882 0.805123
vt 0.654326 0.819307
vt 0.623461 0.824196
vt 0.656250 0.843750
vt 0.625000 0.843750
vt 0.623461 0.863304
vt 0.618882 0.882377
vt 0.589162 0.872720
vt 0.592596 0.858416
vt 0.611376 0.900499
vt 0.583532 0.886312
vt 0.601127 0.917223
vt 0.575845 0.898855
vt 0.588388 0.932138
vt 0.566291 0.910041
vt 0.573473 0.944877
vt 0.555105 0.919595
vt 0.556749 0.955126
vt 0.542562 0.927282
vt 0.538627 0.962632
vt 0.528970 0.932912
vt 0.519554 0.967211
vt 0.514666 0.936346
vt 0.500000 0.968750
vt 0.500000 0.937500
vt 0.480446 0.967211
vt 0.485334 0.936346
vt 0.461373 0.962632
vt 0.471030 0.932912
vt 0.443251 0.955126
vt 0.457438 0.927282
vt 0.426527 0.944877
vt 0.444895 0.919595
vt 0.411612 0.932138
vt 0.433709 0.910041
vt 0.398873 0.917223
vt 0.424155 0.898855
vt 0.388624 0.900499
vt 0.416468 0.886312
vt 0.381118 0.882377
vt 0.410838 0.872720
vt 0.376539 0.863304
vt 0.407404 0.858416
vt 0.375000 0.843750
vt 0.406250 0.843750
vt 0.376539 0.824196
vt 0.407404 0.829084
vt 0.381118 0.805123
vt 0.410838 0.814780
vt 0.388624 0.787001
vt 0.416468 0.801188
vt 0.398873 0.770277
vt 0.424155 0.788645
vt 0.411612 0.755362
vt 0.433709 0.777459
vt 0.426527 0.742623
vt 0.444895 0.767905
vt 0.443251 0.732374
vt 0.457438 0.760218
vt 0.461373 0.724868
vt 0.471030 0.754588
vt 0.480446 0.720289
vt 0.485334 0.751154
vt 0.500000 0.718750
vt 0.500000 0.750000
vt 0.519554 0.720289
vt 0.514666 0.751154
vt 0.538627 0.724868
vt 0.528970 0.754588
vt 0.556749 0.732374
vt 0.542562 0.760218
vt 0.573473 0.742623
vt 0.555105 0.767905
vt 0.588388 0.755362
vt 0.566291 0.777459
vt 0.601127 0.770277
vt 0.575845 0.788645
vt 0.611376 0.787001
vt 0.583532 0.801188
vt 0.618882 0.805123
vt 0.589162 0.814780
vt 0.623461 0.824196
vt 0.592596 0.829084
vt 0.625000 0.843750
vt 0.593750 0.843750
vt 0.592596 0.858416
vt 0.589162 0.872720
vt 0.559441 0.863064
vt 0.561731 0.853527
vt 0.583532 0.886312
vt 0.555688 0.872124
vt 0.575845 0.898855
vt 0.550564 0.880487
vt 0.566291 0.910041
vt 0.544194 0.887944
vt 0.555105 0.919595
vt 0.536737 0.894314
vt 0.542562 0.927282
vt 0.528374 0.899438
vt 0.528970 0.932912
vt 0.519314 0.903191
vt 0.514666 0.936346
vt 0.509777 0.905481
vt 0.500000 0.937500
vt 0.500000 0.906250
vt 0.485334 0.936346
vt 0.490223 0.905481
vt 0.471030 0.932912
vt 0.480686 0.903191
vt 0.457438 0.927282
vt 0.471626 0.899438
vt 0.444895 0.919595
vt 0.463263 0.894314
vt 0.433709 0.910041
vt 0.455806 0.887944
vt 0.424155 0.898855
vt 0.449436 0.880487
vt 0.416468 0.886312
vt 0.444312 0.872124
vt 0.410838 0.872720
vt 0.440559 0.863064
vt 0.407404 0.858416
vt 0.438269 0.853527
vt 0.406250 0.843750
vt 0.437500 0.843750
vt 0.407404 0.829084
vt 0.438269 0.833973
vt 0.410838 0.814780
vt 0.440559 0.824436
vt 0.416468 0.801188
vt 0.444312 0.815376
vt 0.424155 0.788645
vt 0.449436 0.807013
vt 0.433709 0.777459
vt 0.455806 0.799556
vt 0.444895 0.767905
vt 0.463263 0.793186
vt 0.457438 0.760218
vt 0.471626 0.788062
vt 0.471030 0.754588
vt 0.480686 0.784309
vt 0.485334 0.751154
vt 0.490223 0.782019
vt 0.500000 0.750000
vt 0.500000 0.781250
vt 0.514666 0.751154
vt 0.509777 0.782019
vt 0.528970 0.754588
vt 0.519314 0.784309
vt 0.542562 0.760218
vt 0.528374 0.788062
vt 0.555105 0.767905
vt 0.536737 0.793186
vt 0.566291 0.777459
vt 0.544194 0.799556
vt 0.575845 0.788645
vt 0.550564 0.807013
vt 0.583532 0.801188
vt 0.555688 0.815376
vt 0.589162 0.814780
vt 0.559441 0.824436
vt 0.592596 0.829084
vt 0.561731 0.833973
vt 0.593750 0.843750
vt 0.562500 0.843750
vt 0.529721 0.853407
vt 0.530865 0.848639
vt 0.527844 0.857937
vt 0.525282 0.862118
vt 0.522097 0.865847
vt 0.518368 0.869032
vt 0.514187 0.871594
vt 0.509657 0.873471
vt 0.504889 0.874615
vt 0.500000 0.875000
vt 0.495111 0.874615
vt 0.490343 0.873471
vt 0.485813 0.871594
vt 0.481632 0.869032
vt 0.477903 0.865847
vt 0.474718 0.862118
vt 0.472156 0.857937
vt 0.470279 0.853407
vt 0.469135 0.848639
vt 0.468750 0.843750
vt 0.469135 0.838861
vt 0.470279 0.834093
vt 0.472156 0.829563
vt 0.474718 0.825382
vt 0.477903 0.821653
vt 0.481632 0.818468
vt 0.485813 0.815906
vt 0.490343 0.814029
vt 0.495111 0.812885
vt 0.500000 0.812500
vt 0.504889 0.812885
vt 0.509657 0.814029
vt 0.514187 0.815906
vt 0.518368 0.818468
vt 0.522097 0.821653
vt 0.525282 0.825382
vt 0.527844 0.829563
vt 0.529721 0.834093
vt 0.530865 0.838861
vt 0.531250 0.843750
vt 0.529721 0.146593
vt 0.530865 0.151361
vt 0.500000 0.150000
vt 0.527844 0.142063
vt 0.525282 0.137882
vt 0.522097 0.134153
vt 0.518368 0.130968
vt 0.514187 0.128406
vt 0.509657 0.126529
vt 0.504889 0.125385
vt 0.500000 0.125000
vt 0.495111 0.125385
vt 0.490343 0.126529
vt 0.485813 0.128406
vt 0.481632 0.130968
vt 0.477903 0.134153
vt 0.474718 0.137882
vt 0.472156 0.142063
vt 0.470279 0.146593
vt 0.469135 0.151361
vt 0.468750 0.156250
vt 0.469135 0.161139
vt 0.470279 0.165907
vt 0.472156 0.170437
vt 0.474718 0.174618
vt 0.477903 0.178347
vt 0.481632 0.181532
vt 0.485813 0.184094
vt 0.490343 0.185971
vt 0.495111 0.187115
vt 0.500000 0.187500
vt 0.504889 0.187115
vt 0.509657 0.185971
vt 0.514187 0.184094
vt 0.518368 0.181532
vt 0.522097 0.178347
vt 0.525282 0.174618
vt 0.527844 0.170437
vt 0.529721 0.165907
vt 0.530865 0.161139
vt 0.531250 0.156250
vt 0.500000 0.837500
vt 0.618882 0.882377
vt 0.623461 0.863304
vt 0.592596 0.858416
vt 0.589162 0.872720
vt 0.611376 0.900499
vt 0.583532 0.886312
vt 0.601127 0.917223
vt 0.575845 0.898855
vt 0.588388 0.932138
vt 0.566291 0.910041
vt 0.573473 0.944877
vt 0.555105 0.919595
vt 0.556749 0.955126
vt 0.542562 0.927282
vt 0.538627 0.962632
vt 0.528970 0.932912
vt 0.519554 0.967211
vt 0.514666 0.936346
vt 0.500000 0.968750
vt 0.500000 0.937500
vt 0.480446 0.967211
vt 0.485334 0.936346
vt 0.461373 0.962632
vt 0.471030 0.932912
vt 0.443251 0.955126
vt 0.457438 0.927282
vt 0.426527 0.944877
vt 0.444895 0.919595
vt 0.411612 0.932138
vt 0.433709 0.910041
vt 0.398873 0.917223
vt 0.424155 0.898855
vt 0.388624 0.900499
vt 0.416468 0.886312
vt 0.381118 0.882377
vt 0.410838 0.872720
vt 0.376539 0.863304
vt 0.407404 0.858416
vt 0.375000 0.843750
vt 0.406250 0.843750
vt 0.376539 0.824196
vt 0.407404 0.829084
vt 0.381118 0.805123
vt 0.410838 0.814780
vt 0.388624 0.787001
vt 0.416468 0.801188
vt 0.398873 0.770277
vt 0.424155 0.788645
vt 0.411612 0.755362
vt 0.433709 0.777459
vt 0.426527 0.742623
vt 0.444895 0.767905
vt 0.443251 0.732374
vt 0.457438 0.760218
vt 0.461373 0.724868
vt 0.471030 0.754588
vt 0.480446 0.720289
vt 0.485334 0.751154
vt 0.500000 0.718750
vt 0.500000 0.750000
vt 0.519554 0.720289
vt 0.514666 0.751154
vt 0.538627 0.724868
vt 0.528970 0.754588
vt 0.556749 0.732374
vt 0.542562 0.760218
vt 0.573473 0.742623
vt 0.555105 0.767905
vt 0.588388 0.755362
vt 0.566291 0.777459
vt 0.601127 0.770277
vt 0.575845 0.788645
vt 0.611376 0.787001
vt 0.583532 0.801188
vt 0.618882 0.805123
vt 0.589162 0.814780
vt 0.623461 0.824196
vt 0.592596 0.829084
vt 0.625000 0.843750
vt 0.593750 0.843750
vt 0.618882 0.882377
vt 0.623461 0.863304
vt 0.592596 0.858416
vt 0.589162 0.872720
vt 0.611376 0.900499
vt 0.583532 0.886312
vt 0.601127 0.917223
vt 0.575845 0.898855
vt 0.588388 0.932138
vt 0.566291 0.910041
vt 0.573473 0.944877
vt 0.555105 0.919595
vt 0.556749 0.955126
vt 0.542562 0.927282
vt 0.538627 0.962632
vt 0.528970 0.932912
vt 0.519554 0.967211
vt 0.514666 0.936346
vt 0.500000 0.968750
vt 0.500000 0.937500
vt 0.480446 0.967211
vt 0.485334 0.936346
vt 0.461373 0.962632
vt 0.471030 0.932912
vt 0.443251 0.955126
vt 0.457438 0.927282
vt 0.426527 0.944877
vt 0.444895 0.919595
vt 0.411612 0.932138
vt 0.433709 0.910041
vt 0.398873 0.917223
vt 0.424155 0.898855
vt 0.388624 0.900499
vt 0.416468 0.886312
vt 0.381118 0.882377
vt 0.410838 0.872720
vt 0.376539 0.863304
vt 0.407404 0.858416
vt 0.375000 0.843750
vt 0.406250 0.843750
vt 0.376539 0.824196
vt 0.407404 0.829084
vt 0.381118 0.805123
vt 0.410838 0.814780
vt 0.388624 0.787001
vt 0.416468 0.801188
vt 0.398873 0.770277
vt 0.424155 0.788645
vt 0.411612 0.755362
vt 0.433709 0.777459
vt 0.426527 0.742623
vt 0.444895 0.767905
vt 0.443251 0.732374
vt 0.457438 0.760218
vt 0.461373 0.724868
vt 0.471030 0.754588
vt 0.480446 0.720289
vt 0.485334 0.751154
vt 0.500000 0.718750
vt 0.500000 0.750000
vt 0.519554 0.720289
vt 0.514666 0.751154
vt 0.538627 0.724868
vt 0.528970 0.754588
vt 0.556749 0.732374
vt 0.542562 0.760218
vt 0.573473 0.742623
vt 0.555105 0.767905
vt 0.588388 0.755362
vt 0.566291 0.777459
vt 0.601127 0.770277
vt 0.575845 0.788645
vt 0.611376 0.787001
vt 0.583532 0.801188
vt 0.618882 0.805123
vt 0.589162 0.814780
vt 0.623461 0.824196
vt 0.592596 0.829084
vt 0.625000 0.843750
vt 0.593750 0.843750
vt 0.589162 0.872720
vt 0.592596 0.858416
vt 0.592596 0.858416
vt 0.589162 0.872720
vt 0.583532 0.886312
vt 0.583532 0.886312
vt 0.575845 0.898855
vt 0.575845 0.898855
vt 0.566291 0.910041
vt 0.566291 0.910041
vt 0.555105 0.919595
vt 0.555105 0.919595
vt 0.542562 0.927282
vt 0.542562 0.927282
vt 0.528970 0.932912
vt 0.528970 0.932912
vt 0.514666 0.936346
vt 0.514666 0.936346
vt 0.500000 0.937500
vt 0.500000 0.937500
vt 0.485334 0.936346
vt 0.485334 0.936346
vt 0.471030 0.932912
vt 0.471030 0.932912
vt 0.457438 0.927282
vt 0.457438 0.927282
vt 0.444895 0.919595
vt 0.444895 0.919595
vt 0.433709 0.910041
vt 0.433709 0.910041
vt 0.424155 0.898855
vt 0.424155 0.898855
vt 0.416468 0.886312
vt 0.416468 0.886312
vt 0.410838 0.872720
vt 0.410838 0.872720
vt 0.407404 0.858416
vt 0.407404 0.858416
vt 0.406250 0.843750
vt 0.406250 0.843750
vt 0.407404 0.829084
vt 0.407404 0.829084
vt 0.410838 0.814780
vt 0.410838 0.814780
vt 0.416468 0.801188
vt 0.416468 0.801188
vt 0.424155 0.788645
vt 0.424155 0.788645
vt 0.433709 0.777459
vt 0.433709 0.777459
vt 0.444895 0.767905
vt 0.444895 0.767905
vt 0.457438 0.760218
vt 0.457438 0.760218
vt 0.471030 0.754588
vt 0.471030 0.754588
vt 0.485334 0.751154
vt 0.485334 0.751154
vt 0.500000 0.750000
vt 0.500000 0.750000
vt 0.514666 0.751154
vt 0.514666 0.751154
vt 0.528970 0.754588
vt 0.528970 0.754588
vt 0.542562 0.760218
vt 0.542562 0.760218
vt 0.555105 0.767905
vt 0.555105 0.767905
vt 0.566291 0.777459
vt 0.566291 0.777459
vt 0.575845 0.788645
vt 0.575845 0.788645
vt 0.583532 0.801188
vt 0.583532 0.801188
vt 0.589162 0.814780
vt 0.589162 0.814780
vt 0.592596 0.829084
vt 0.592596 0.829084
vt 0.593750 0.843750
vt 0.593750 0.843750
vt 0.530865 0.151361
vt 0.529721 0.146593
vt 0.527844 0.142063
vt 0.525282 0.137882
vt 0.522097 0.134153
vt 0.518368 0.130968
vt 0.514187 0.128406
vt 0.509657 0.126529
vt 0.504889 0.125385
vt 0.500000 0.125000
vt 0.495111 0.125385
vt 0.490343 0.126529
vt 0.485813 0.128406
vt 0.481632 0.130968
vt 0.477903 0.134153
vt 0.474718 0.137882
vt 0.472156 0.142063
vt 0.470279 0.146593
vt 0.469135 0.151361
vt 0.468750 0.156250
vt 0.469135 0.161139
vt 0.470279 0.165907
vt 0.472156 0.170437
vt 0.474718 0.174618
vt 0.477903 0.178347
vt 0.481632 0.181532
vt 0.485813 0.184094
vt 0.490343 0.185971
vt 0.495111 0.187115
vt 0.500000 0.187500
vt 0.504889 0.187115
vt 0.509657 0.185971
vt 0.514187 0.184094
vt 0.518368 0.181532
vt 0.522097 0.178347
vt 0.525282 0.174618
vt 0.527844 0.170437
vt 0.529721 0.165907
vt 0.530865 0.161139
vt 0.531250 0.156250
vt 0.000000 0.550000
vt 0.050000 0.550000
vt 0.050000 0.600000
vt 0.000000 0.600000
vt 0.100000 0.550000
vt 0.100000 0.600000
vt 0.150000 0.550000
vt 0.150000 0.600000
vt 0.200000 0.550000
vt 0.200000 0.600000
vt 0.250000 0.550000
vt 0.250000 0.600000
vt 0.300000 0.550000
vt 0.300000 0.600000
vt 0.350000 0.550000
vt 0.350000 0.600000
vt 0.400000 0.550000
vt 0.400000 0.600000
vt 0.450000 0.550000
vt 0.450000 0.600000
vt 0.500000 0.550000
vt 0.500000 0.600000
vt 0.550000 0.550000
vt 0.550000 0.600000
vt 0.600000 0.550000
vt 0.600000 0.600000
vt 0.650000 0.550000
vt 0.650000 0.600000
vt 0.700000 0.550000
vt 0.700000 0.600000
vt 0.750000 0.550000
vt 0.750000 0.600000
vt 0.800000 0.550000
vt 0.800000 0.600000
vt 0.850000 0.550000
vt 0.850000 0.600000
vt 0.900000 0.550000
vt 0.900000 0.600000
vt 0.950000 0.550000
vt 0.950000 0.600000
vt 1.000000 0.550000
vt 1.000000 0.600000
vt 0.050000 0.650000
vt 0.000000 0.650000
vt 0.100000 0.650000
vt 0.150000 0.650000
vt 0.200000 0.650000
vt 0.250000 0.650000
vt 0.300000 0.650000
vt 0.350000 0.650000
vt 0.400000 0.650000
vt 0.450000 0.650000
vt 0.500000 0.650000
vt 0.550000 0.650000
vt 0.600000 0.650000
vt 0.650000 0.650000
vt 0.700000 0.650000
vt 0.750000 0.650000
vt 0.800000 0.650000
vt 0.850000 0.650000
vt 0.900000 0.650000
vt 0.950000 0.650000
vt 1.000000 0.650000
vt 0.050000 0.700000
vt 0.000000 0.700000
vt 0.100000 0.700000
vt 0.150000 0.700000
vt 0.200000 0.700000
vt 0.250000 0.700000
vt 0.300000 0.700000
vt 0.350000 0.700000
vt 0.400000 0.700000
vt 0.450000 0.700000
vt 0.500000 0.700000
vt 0.550000 0.700000
vt 0.600000 0.700000
vt 0.650000 0.700000
vt 0.700000 0.700000
vt 0.750000 0.700000
vt 0.800000 0.700000
vt 0.850000 0.700000
vt 0.900000 0.700000
vt 0.950000 0.700000
vt 1.000000 0.700000
vt 0.050000 0.750000
vt 0.000000 0.750000
vt 0.100000 0.750000
vt 0.150000 0.750000
vt 0.200000 0.750000
vt 0.250000 0.750000
vt 0.300000 0.750000
vt 0.350000 0.750000
vt 0.400000 0.750000
vt 0.450000 0.750000
vt 0.500000 0.750000
vt 0.550000 0.750000
vt 0.600000 0.750000
vt 0.650000 0.750000
vt 0.700000 0.750000
vt 0.750000 0.750000
vt 0.800000 0.750000
vt 0.850000 0.750000
vt 0.900000 0.750000
vt 0.950000 0.750000
vt 1.000000 0.750000
vt 0.050000 0.800000
vt 0.000000 0.800000
vt 0.100000 0.800000
vt 0.150000 0.800000
vt 0.200000 0.800000
vt 0.250000 0.800000
vt 0.300000 0.800000
vt 0.350000 0.800000
vt 0.400000 0.800000
vt 0.450000 0.800000
vt 0.500000 0.800000
vt 0.550000 0.800000
vt 0.600000 0.800000
vt 0.650000 0.800000
vt 0.700000 0.800000
vt 0.750000 0.800000
vt 0.800000 0.800000
vt 0.850000 0.800000
vt 0.900000 0.800000
vt 0.950000 0.800000
vt 1.000000 0.800000
vt 0.050000 0.850000
vt 0.000000 0.850000
vt 0.100000 0.850000
vt 0.150000 0.850000
vt 0.200000 0.850000
vt 0.250000 0.850000
vt 0.300000 0.850000
vt 0.350000 0.850000
vt 0.400000 0.850000
vt 0.450000 0.850000
vt 0.500000 0.850000
vt 0.550000 0.850000
vt 0.600000 0.850000
vt 0.650000 0.850000
vt 0.700000 0.850000
vt 0.750000 0.850000
vt 0.800000 0.850000
vt 0.850000 0.850000
vt 0.900000 0.850000
vt 0.950000 0.850000
vt 1.000000 0.850000
vt 0.050000 0.900000
vt 0.000000 0.900000
vt 0.100000 0.900000
vt 0.150000 0.900000
vt 0.200000 0.900000
vt 0.250000 0.900000
vt 0.300000 0.900000
vt 0.350000 0.900000
vt 0.400000 0.900000
vt 0.450000 0.900000
vt 0.500000 0.900000
vt 0.550000 0.900000
vt 0.600000 0.900000
vt 0.650000 0.900000
vt 0.700000 0.900000
vt 0.750000 0.900000
vt 0.800000 0.900000
vt 0.850000 0.900000
vt 0.900000 0.900000
vt 0.950000 0.900000
vt 1.000000 0.900000
vt 0.050000 0.950000
vt 0.000000 0.950000
vt 0.100000 0.950000
vt 0.150000 0.950000
vt 0.200000 0.950000
vt 0.250000 0.950000
vt 0.300000 0.950000
vt 0.350000 0.950000
vt 0.400000 0.950000
vt 0.450000 0.950000
vt 0.500000 0.950000
vt 0.550000 0.950000
vt 0.600000 0.950000
vt 0.650000 0.950000
vt 0.700000 0.950000
vt 0.750000 0.950000
vt 0.800000 0.950000
vt 0.850000 0.950000
vt 0.900000 0.950000
vt 0.950000 0.950000
vt 1.000000 0.950000
vt 0.025000 1.000000
vt 0.075000 1.000000
vt 0.125000 1.000000
vt 0.175000 1.000000
vt 0.225000 1.000000
vt 0.275000 1.000000
vt 0.325000 1.000000
vt 0.375000 1.000000
vt 0.425000 1.000000
vt 0.475000 1.000000
vt 0.525000 1.000000
vt 0.575000 1.000000
vt 0.625000 1.000000
vt 0.675000 1.000000
vt 0.725000 1.000000
vt 0.775000 1.000000
vt 0.825000 1.000000
vt 0.875000 1.000000
vt 0.925000 1.000000
vt 0.975000 1.000000
vt 0.000000 0.550000
vt 0.000000 0.600000
vt 0.050000 0.600000
vt 0.050000 0.550000
vt 0.100000 0.600000
vt 0.100000 0.550000
vt 0.150000 0.600000
vt 0.150000 0.550000
vt 0.200000 0.600000
vt 0.200000 0.550000
vt 0.250000 0.600000
vt 0.250000 0.550000
vt 0.300000 0.600000
vt 0.300000 0.550000
vt 0.350000 0.600000
vt 0.350000 0.550000
vt 0.400000 0.600000
vt 0.400000 0.550000
vt 0.450000 0.600000
vt 0.450000 0.550000
vt 0.500000 0.600000
vt 0.500000 0.550000
vt 0.550000 0.600000
vt 0.550000 0.550000
vt 0.600000 0.600000
vt 0.600000 0.550000
vt 0.650000 0.600000
vt 0.650000 0.550000
vt 0.700000 0.600000
vt 0.700000 0.550000
vt 0.750000 0.600000
vt 0.750000 0.550000
vt 0.800000 0.600000
vt 0.800000 0.550000
vt 0.850000 0.600000
vt 0.850000 0.550000
vt 0.900000 0.600000
vt 0.900000 0.550000
vt 0.950000 0.600000
vt 0.950000 0.550000
vt 1.000000 0.600000
vt 1.000000 0.550000
vt 0.000000 0.650000
vt 0.050000 0.650000
vt 0.100000 0.650000
vt 0.150000 0.650000
vt 0.200000 0.650000
vt 0.250000 0.650000
vt 0.300000 0.650000
vt 0.350000 0.650000
vt 0.400000 0.650000
vt 0.450000 0.650000
vt 0.500000 0.650000
vt 0.550000 0.650000
vt 0.600000 0.650000
vt 0.650000 0.650000
vt 0.700000 0.650000
vt 0.750000 0.650000
vt 0.800000 0.650000
vt 0.850000 0.650000
vt 0.900000 0.650000
vt 0.950000 0.650000
vt 1.000000 0.650000
vt 0.000000 0.700000
vt 0.050000 0.700000
vt 0.100000 0.700000
vt 0.150000 0.700000
vt 0.200000 0.700000
vt 0.250000 0.700000
vt 0.300000 0.700000
vt 0.350000 0.700000
vt 0.400000 0.700000
vt 0.450000 0.700000
vt 0.500000 0.700000
vt 0.550000 0.700000
vt 0.600000 0.700000
vt 0.650000 0.700000
vt 0.700000 0.700000
vt 0.750000 0.700000
vt 0.800000 0.700000
vt 0.850000 0.700000
vt 0.900000 0.700000
vt 0.950000 0.700000
vt 1.000000 0.700000
vt 0.000000 0.750000
vt 0.050000 0.750000
vt 0.100000 0.750000
vt 0.150000 0.750000
vt 0.200000 0.750000
vt 0.250000 0.750000
vt 0.300000 0.750000
vt 0.350000 0.750000
vt 0.400000 0.750000
vt 0.450000 0.750000
vt 0.500000 0.750000
vt 0.550000 0.750000
vt 0.600000 0.750000
vt 0.650000 0.750000
vt 0.700000 0.750000
vt 0.750000 0.750000
vt 0.800000 0.750000
vt 0.850000 0.750000
vt 0.900000 0.750000
vt 0.950000 0.750000
vt 1.000000 0.750000
vt 0.000000 0.800000
vt 0.050000 0.800000
vt 0.100000 0.800000
vt 0.150000 0.800000
vt 0.200000 0.800000
vt 0.250000 0.800000
vt 0.300000 0.800000
vt 0.350000 0.800000
vt 0.400000 0.800000
vt 0.450000 0.800000
vt 0.500000 0.800000
vt 0.550000 0.800000
vt 0.600000 0.800000
vt 0.650000 0.800000
vt 0.700000 0.800000
vt 0.750000 0.800000
vt 0.800000 0.800000
vt 0.850000 0.800000
vt 0.900000 0.800000
vt 0.950000 0.800000
vt 1.000000 0.800000
vt 0.000000 0.850000
vt 0.050000 0.850000
vt 0.100000 0.850000
vt 0.150000 0.850000
vt 0.200000 0.850000
vt 0.250000 0.850000
vt 0.300000 0.850000
vt 0.350000 0.850000
vt 0.400000 0.850000
vt 0.450000 0.850000
vt 0.500000 0.850000
vt 0.550000 0.850000
vt 0.600000 0.850000
vt 0.650000 0.850000
vt 0.700000 0.850000
vt 0.750000 0.850000
vt 0.800000 0.850000
vt 0.850000 0.850000
vt 0.900000 0.850000
vt 0.950000 0.850000
vt 1.000000 0.850000
vt 0.000000 0.900000
vt 0.050000 0.900000
vt 0.100000 0.900000
vt 0.150000 0.900000
vt 0.200000 0.900000
vt 0.250000 0.900000
vt 0.300000 0.900000
vt 0.350000 0.900000
vt 0.400000 0.900000
vt 0.450000 0.900000
vt 0.500000 0.900000
vt 0.550000 0.900000
vt 0.600000 0.900000
vt 0.650000 0.900000
vt 0.700000 0.900000
vt 0.750000 0.900000
vt 0.800000 0.900000
vt 0.850000 0.900000
vt 0.900000 0.900000
vt 0.950000 0.900000
vt 1.000000 0.900000
vt 0.000000 0.950000
vt 0.050000 0.950000
vt 0.100000 0.950000
vt 0.150000 0.950000
vt 0.200000 0.950000
vt 0.250000 0.950000
vt 0.300000 0.950000
vt 0.350000 0.950000
vt 0.400000 0.950000
vt 0.450000 0.950000
vt 0.500000 0.950000
vt 0.550000 0.950000
vt 0.600000 0.950000
vt 0.650000 0.950000
vt 0.700000 0.950000
vt 0.750000 0.950000
vt 0.800000 0.950000
vt 0.850000 0.950000
vt 0.900000 0.950000
vt 0.950000 0.950000
vt 1.000000 0.950000
vt 0.025000 1.000000
vt 0.075000 1.000000
vt 0.125000 1.000000
vt 0.175000 1.000000
vt 0.225000 1.000000
vt 0.275000 1.000000
vt 0.325000 1.000000
vt 0.375000 1.000000
vt 0.425000 1.000000
vt 0.475000 1.000000
vt 0.525000 1.000000
vt 0.575000 1.000000
vt 0.625000 1.000000
vt 0.675000 1.000000
vt 0.725000 1.000000
vt 0.775000 1.000000
vt 0.825000 1.000000
vt 0.875000 1.000000
vt 0.925000 1.000000
vt 0.975000 1.000000
vt 0.000000 0.550000
vt 0.050000 0.550000
vt 0.100000 0.550000
vt 0.150000 0.550000
vt 0.200000 0.550000
vt 0.250000 0.550000
vt 0.300000 0.550000
vt 0.350000 0.550000
vt 0.400000 0.550000
vt 0.450000 0.550000
vt 0.500000 0.550000
vt 0.550000 0.550000
vt 0.600000 0.550000
vt 0.650000 0.550000
vt 0.700000 0.550000
vt 0.750000 0.550000
vt 0.800000 0.550000
vt 0.850000 0.550000
vt 0.900000 0.550000
vt 0.950000 0.550000
vt 1.000000 0.550000
vt 0.375000 0.136801
vt 0.625000 0.136801
vt 0.625000 0.230035
vt 0.375000 0.230035
vt 0.375000 0.250000
vt 0.625000 0.250000
vt 0.625000 0.500000
vt 0.375000 0.500000
vt 0.375000 0.519965
vt 0.625000 0.519965
vt 0.625000 0.613199
vt 0.375000 0.613199
vt 0.375000 0.750000
vt 0.625000 0.750000
vt 0.625000 1.000000
vt 0.375000 1.000000
vt 0.875000 0.136801
vt 0.875000 0.230035
vt 0.125000 0.136801
vt 0.125000 0.230035
vt 0.375000 0.116973
vt 0.625000 0.116973
vt 0.625000 0.116973
vt 0.875000 0.116973
vt 0.875000 0.136801
vt 0.625000 0.136801
vt 0.625000 0.633027
vt 0.375000 0.633027
vt 0.125000 0.116973
vt 0.375000 0.116973
vt 0.375000 0.136801
vt 0.125000 0.136801
vt 0.375000 0.019404
vt 0.625000 0.019404
vt 0.875000 0.019404
vt 0.875000 0.116973
vt 0.625000 0.730596
vt 0.375000 0.730596
vt 0.125000 0.019404
vt 0.125000 0.116973
vt 0.625000 0.230035
vt 0.875000 0.230035
vt 0.875000 0.250000
vt 0.625000 0.250000
vt 0.125000 0.230035
vt 0.375000 0.230035
vt 0.375000 0.250000
vt 0.125000 0.250000
vt 0.375000 0.000000
vt 0.625000 0.000000
vt 0.625000 0.000000
vt 0.875000 0.000000
vt 0.875000 0.019404
vt 0.625000 0.019404
vt 0.125000 0.000000
vt 0.375000 0.000000
vt 0.375000 0.019404
vt 0.125000 0.019404
vt 0.875000 0.116973
vt 0.625000 0.116973
vt 0.875000 0.136801
vt 0.625000 0.136801
vt 0.375000 0.116973
vt 0.125000 0.116973
vt 0.375000 0.136801
vt 0.125000 0.136801
vt 0.875000 0.230035
vt 0.625000 0.230035
vt 0.875000 0.250000
vt 0.875000 0.250000
vt 0.625000 0.250000
vt 0.375000 0.230035
vt 0.125000 0.230035
vt 0.375000 0.250000
vt 0.125000 0.250000
vt 0.125000 0.250000
vt 0.875000 0.000000
vt 0.875000 0.000000
vt 0.625000 0.000000
vt 0.875000 0.019404
vt 0.625000 0.019404
vt 0.125000 0.000000
vt 0.375000 0.000000
vt 0.125000 0.000000
vt 0.375000 0.019404
vt 0.125000 0.019404
vt 0.875000 0.136801
vt 0.875000 0.116973
vt 0.875000 0.136801
vt 0.875000 0.116973
vt 0.125000 0.116973
vt 0.125000 0.136801
vt 0.125000 0.116973
vt 0.125000 0.136801
vt 0.875000 0.250000
vt 0.875000 0.230035
vt 0.875000 0.250000
vt 0.875000 0.230035
vt 0.125000 0.230035
vt 0.125000 0.250000
vt 0.125000 0.230035
vt 0.125000 0.250000
vt 0.875000 0.019404
vt 0.875000 0.000000
vt 0.875000 0.019404
vt 0.875000 0.000000
vt 0.125000 0.000000
vt 0.125000 0.019404
vt 0.125000 0.000000
vt 0.125000 0.019404
vt 0.875000 0.250000
vt 0.875000 0.230035
vt 0.875000 0.250000
vt 0.875000 0.230035
vt 0.125000 0.230035
vt 0.125000 0.250000
vt 0.125000 0.230035
vt 0.125000 0.250000
vt 0.875000 0.250000
vt 0.875000 0.230035
vt 0.875000 0.250000
vt 0.875000 0.230035
vt 0.125000 0.230035
vt 0.125000 0.250000
vt 0.125000 0.230035
vt 0.125000 0.250000
vt 0.875000 0.250000
vt 0.875000 0.230035
vt 0.875000 0.250000
vt 0.875000 0.230035
vt 0.125000 0.230035
vt 0.125000 0.250000
vt 0.125000 0.230035
vt 0.125000 0.250000
vt 0.875000 0.136801
vt 0.875000 0.116973
vt 0.875000 0.136801
vt 0.875000 0.116973
vt 0.125000 0.116973
vt 0.125000 0.136801
vt 0.125000 0.116973
vt 0.125000 0.136801
vt 0.875000 0.019404
vt 0.875000 0.000000
vt 0.875000 0.019404
vt 0.875000 0.000000
vt 0.125000 0.000000
vt 0.125000 0.019404
vt 0.125000 0.000000
vt 0.125000 0.019404
vt 0.875000 0.136801
vt 0.875000 0.116973
vt 0.875000 0.136801
vt 0.875000 0.116973
vt 0.125000 0.116973
vt 0.125000 0.136801
vt 0.125000 0.116973
vt 0.125000 0.136801
vt 0.875000 0.019404
vt 0.875000 0.000000
vt 0.875000 0.019404
vt 0.875000 0.000000
vt 0.125000 0.000000
vt 0.125000 0.019404
vt 0.125000 0.000000
vt 0.125000 0.019404
vt 0.375000 0.000000
vt 0.625000 0.000000
vt 0.625000 0.250000
vt 0.375000 0.250000
vt 0.625000 0.500000
vt 0.375000 0.500000
vt 0.625000 0.750000
vt 0.375000 0.750000
vt 0.625000 1.000000
vt 0.375000 1.000000
vt 0.875000 0.000000
vt 0.875000 0.250000
vt 0.125000 0.000000
vt 0.125000 0.250000
vt 0.375000 0.000000
vt 0.625000 0.000000
vt 0.625000 0.250000
vt 0.375000 0.250000
vt 0.625000 0.500000
vt 0.375000 0.500000
vt 0.625000 0.750000
vt 0.375000 0.750000
vt 0.625000 1.000000
vt 0.375000 1.000000
vt 0.875000 0.000000
vt 0.875000 0.250000
vt 0.125000 0.000000
vt 0.125000 0.250000
vt 0.375000 0.312500
vt 0.392857 0.312500
vt 0.392857 0.688440
vt 0.375000 0.688440
vt 0.392857 0.312500
vt 0.410714 0.312500
vt 0.410714 0.688440
vt 0.392857 0.688440
vt 0.410714 0.312500
vt 0.428571 0.312500
vt 0.428571 0.688440
vt 0.410714 0.688440
vt 0.428571 0.312500
vt 0.446429 0.312500
vt 0.446429 0.688440
vt 0.428571 0.688440
vt 0.446429 0.312500
vt 0.464286 0.312500
vt 0.464286 0.688440
vt 0.446429 0.688440
vt 0.464286 0.312500
vt 0.482143 0.312500
vt 0.482143 0.688440
vt 0.464286 0.688440
vt 0.482143 0.312500
vt 0.500000 0.312500
vt 0.500000 0.688440
vt 0.482143 0.688440
vt 0.500000 0.312500
vt 0.517857 0.312500
vt 0.517857 0.688440
vt 0.500000 0.688440
vt 0.517857 0.312500
vt 0.535714 0.312500
vt 0.535714 0.688440
vt 0.517857 0.688440
vt 0.535714 0.312500
vt 0.553571 0.312500
vt 0.553571 0.688440
vt 0.535714 0.688440
vt 0.553571 0.312500
vt 0.571428 0.312500
vt 0.571428 0.688440
vt 0.553571 0.688440
vt 0.571428 0.312500
vt 0.589286 0.312500
vt 0.589286 0.688440
vt 0.571428 0.688440
vt 0.589286 0.312500
vt 0.607143 0.312500
vt 0.607143 0.688440
vt 0.589286 0.688440
vt 0.607143 0.312500
vt 0.625000 0.312500
vt 0.625000 0.688440
vt 0.607143 0.688440
vt 0.597420 0.034089
vt 0.640776 0.088456
vt 0.500000 0.150000
vt 0.534769 0.003918
vt 0.465231 0.003918
vt 0.402580 0.034089
vt 0.359224 0.088456
vt 0.343750 0.156250
vt 0.359224 0.224044
vt 0.402580 0.278411
vt 0.465231 0.308582
vt 0.534769 0.308582
vt 0.597420 0.278411
vt 0.640776 0.224044
vt 0.656250 0.156250
vt 0.640776 0.911544
vt 0.597420 0.965911
vt 0.500000 0.837500
vt 0.534769 0.996082
vt 0.465231 0.996082
vt 0.402580 0.965911
vt 0.359224 0.911544
vt 0.343750 0.843750
vt 0.359224 0.775956
vt 0.402580 0.721589
vt 0.465231 0.691418
vt 0.534769 0.691418
vt 0.597420 0.721589
vt 0.640776 0.775956
vt 0.656250 0.843750
vt 0.375000 0.312500
vt 0.375000 0.688440
vt 0.375000 0.312500
vt 0.392857 0.312500
vt 0.392857 0.688440
vt 0.375000 0.688440
vt 0.392857 0.312500
vt 0.410714 0.312500
vt 0.410714 0.688440
vt 0.392857 0.688440
vt 0.410714 0.312500
vt 0.428571 0.312500
vt 0.428571 0.688440
vt 0.410714 0.688440
vt 0.428571 0.312500
vt 0.446429 0.312500
vt 0.446429 0.688440
vt 0.428571 0.688440
vt 0.446429 0.312500
vt 0.464286 0.312500
vt 0.464286 0.688440
vt 0.446429 0.688440
vt 0.464286 0.312500
vt 0.482143 0.312500
vt 0.482143 0.688440
vt 0.464286 0.688440
vt 0.482143 0.312500
vt 0.500000 0.312500
vt 0.500000 0.688440
vt 0.482143 0.688440
vt 0.500000 0.312500
vt 0.517857 0.312500
vt 0.517857 0.688440
vt 0.500000 0.688440
vt 0.517857 0.312500
vt 0.535714 0.312500
vt 0.535714 0.688440
vt 0.517857 0.688440
vt 0.535714 0.312500
vt 0.553571 0.312500
vt 0.553571 0.688440
vt 0.535714 0.688440
vt 0.553571 0.312500
vt 0.571428 0.312500
vt 0.571428 0.688440
vt 0.553571 0.688440
vt 0.571428 0.312500
vt 0.589286 0.312500
vt 0.589286 0.688440
vt 0.571428 0.688440
vt 0.589286 0.312500
vt 0.607143 0.312500
vt 0.607143 0.688440
vt 0.589286 0.688440
vt 0.607143 0.312500
vt 0.625000 0.312500
vt 0.625000 0.688440
vt 0.607143 0.688440
vt 0.597420 0.034089
vt 0.640776 0.088456
vt 0.500000 0.150000
vt 0.534769 0.003918
vt 0.465231 0.003918
vt 0.402580 0.034089
vt 0.359224 0.088456
vt 0.343750 0.156250
vt 0.359224 0.224044
vt 0.402580 0.278411
vt 0.465231 0.308582
vt 0.534769 0.308582
vt 0.597420 0.278411
vt 0.640776 0.224044
vt 0.656250 0.156250
vt 0.640776 0.911544
vt 0.597420 0.965911
vt 0.500000 0.837500
vt 0.534769 0.996082
vt 0.465231 0.996082
vt 0.402580 0.965911
vt 0.359224 0.911544
vt 0.343750 0.843750
vt 0.359224 0.775956
vt 0.402580 0.721589
vt 0.465231 0.691418
vt 0.534769 0.691418
vt 0.597420 0.721589
vt 0.640776 0.775956
vt 0.656250 0.843750
vt 0.375000 0.312500
vt 0.375000 0.688440
vt 0.375000 0.312500
vt 0.381250 0.312500
vt 0.381250 0.688440
vt 0.375000 0.688440
vt 0.387500 0.312500
vt 0.387500 0.688440
vt 0.393750 0.312500
vt 0.393750 0.688440
vt 0.400000 0.312500
vt 0.400000 0.688440
vt 0.406250 0.312500
vt 0.406250 0.688440
vt 0.412500 0.312500
vt 0.412500 0.688440
vt 0.418750 0.312500
vt 0.418750 0.688440
vt 0.425000 0.312500
vt 0.425000 0.688440
vt 0.431250 0.312500
vt 0.431250 0.688440
vt 0.437500 0.312500
vt 0.437500 0.688440
vt 0.443750 0.312500
vt 0.443750 0.688440
vt 0.450000 0.312500
vt 0.450000 0.688440
vt 0.456250 0.312500
vt 0.456250 0.688440
vt 0.462500 0.312500
vt 0.462500 0.688440
vt 0.468750 0.312500
vt 0.468750 0.688440
vt 0.475000 0.312500
vt 0.475000 0.688440
vt 0.481250 0.312500
vt 0.481250 0.688440
vt 0.487500 0.312500
vt 0.487500 0.688440
vt 0.493750 0.312500
vt 0.493750 0.688440
vt 0.500000 0.312500
vt 0.500000 0.688440
vt 0.506250 0.312500
vt 0.506250 0.688440
vt 0.512500 0.312500
vt 0.512500 0.688440
vt 0.518750 0.312500
vt 0.518750 0.688440
vt 0.525000 0.312500
vt 0.525000 0.688440
vt 0.531250 0.312500
vt 0.531250 0.688440
vt 0.537500 0.312500
vt 0.537500 0.688440
vt 0.543750 0.312500
vt 0.543750 0.688440
vt 0.550000 0.312500
vt 0.550000 0.688440
vt 0.556250 0.312500
vt 0.556250 0.688440
vt 0.562500 0.312500
vt 0.562500 0.688440
vt 0.568750 0.312500
vt 0.568750 0.688440
vt 0.575000 0.312500
vt 0.575000 0.688440
vt 0.581250 0.312500
vt 0.581250 0.688440
vt 0.587500 0.312500
vt 0.587500 0.688440
vt 0.593750 0.312500
vt 0.593750 0.688440
vt 0.600000 0.312500
vt 0.600000 0.688440
vt 0.606250 0.312500
vt 0.606250 0.688440
vt 0.612500 0.312500
vt 0.612500 0.688440
vt 0.618750 0.312500
vt 0.618750 0.688440
vt 0.625000 0.312500
vt 0.625000 0.688440
vt 0.648603 0.107966
vt 0.654326 0.131807
vt 0.500000 0.150000
vt 0.639220 0.085314
vt 0.626409 0.064409
vt 0.610486 0.045765
vt 0.591842 0.029841
vt 0.570936 0.017030
vt 0.548284 0.007647
vt 0.524443 0.001924
vt 0.500000 -0.000000
vt 0.475557 0.001924
vt 0.451716 0.007647
vt 0.429064 0.017030
vt 0.408159 0.029841
vt 0.389515 0.045764
vt 0.373591 0.064408
vt 0.360780 0.085314
vt 0.351397 0.107966
vt 0.345674 0.131807
vt 0.343750 0.156250
vt 0.345674 0.180693
vt 0.351397 0.204534
vt 0.360780 0.227186
vt 0.373591 0.248091
vt 0.389515 0.266735
vt 0.408159 0.282659
vt 0.429064 0.295470
vt 0.451716 0.304853
vt 0.475557 0.310576
vt 0.500000 0.312500
vt 0.524443 0.310576
vt 0.548284 0.304853
vt 0.570936 0.295470
vt 0.591841 0.282659
vt 0.610485 0.266735
vt 0.626409 0.248091
vt 0.639220 0.227186
vt 0.648603 0.204534
vt 0.654326 0.180693
vt 0.656250 0.156250
vt 0.654326 0.868193
vt 0.648603 0.892034
vt 0.500000 0.837500
vt 0.639220 0.914686
vt 0.626409 0.935591
vt 0.610485 0.954235
vt 0.591841 0.970159
vt 0.570936 0.982970
vt 0.548284 0.992353
vt 0.524443 0.998076
vt 0.500000 1.000000
vt 0.475557 0.998076
vt 0.451716 0.992353
vt 0.429064 0.982970
vt 0.408159 0.970159
vt 0.389515 0.954235
vt 0.373591 0.935591
vt 0.360780 0.914686
vt 0.351397 0.892034
vt 0.345674 0.868193
vt 0.343750 0.843750
vt 0.345674 0.819307
vt 0.351397 0.795466
vt 0.360780 0.772814
vt 0.373591 0.751908
vt 0.389515 0.733264
vt 0.408159 0.717341
vt 0.429064 0.704530
vt 0.451716 0.695147
vt 0.475557 0.689424
vt 0.500000 0.687500
vt 0.524443 0.689424
vt 0.548284 0.695147
vt 0.570936 0.704530
vt 0.591842 0.717341
vt 0.610486 0.733265
vt 0.626409 0.751909
vt 0.639220 0.772814
vt 0.648603 0.795466
vt 0.654326 0.819307
vt 0.656250 0.843750
vt 0.587003 0.226552
vt 0.414997 0.226552
vt 0.414997 0.225079
vt 0.587003 0.225079
vt 0.815004 0.226552
vt 0.662997 0.226552
vt 0.662997 0.225079
vt 0.815004 0.225079
vt 0.335003 0.226552
vt 0.174995 0.226552
vt 0.174995 0.225079
vt 0.335003 0.225079
vt 0.375000 0.799995
vt 0.424995 0.750000
vt 0.565005 0.750000
vt 0.625000 0.809996
vt 0.625000 0.962003
vt 0.587003 1.000000
vt 0.414997 1.000000
vt 0.375000 0.960003
vt 0.375000 0.482831
vt 0.424995 0.523448
vt 0.424995 0.524921
vt 0.375000 0.484893
vt 0.565005 0.523448
vt 0.625000 0.474706
vt 0.625000 0.476886
vt 0.565004 0.524921
vt 0.375000 0.289997
vt 0.414997 0.250000
vt 0.587003 0.250000
vt 0.625000 0.287997
vt 0.625000 0.440004
vt 0.565004 0.500000
vt 0.424995 0.500000
vt 0.375000 0.450005
vt 0.335003 0.025135
vt 0.174995 0.025135
vt 0.174995 0.023780
vt 0.335003 0.023780
vt 0.414997 0.023780
vt 0.414997 0.025135
vt 0.587003 0.025135
vt 0.587003 0.023780
vt 0.662997 0.023780
vt 0.662997 0.025135
vt 0.815004 0.025135
vt 0.815004 0.023780
vt 0.565005 0.724865
vt 0.625000 0.772797
vt 0.625000 0.774802
vt 0.565005 0.726220
vt 0.375000 0.764807
vt 0.424995 0.724865
vt 0.424995 0.726220
vt 0.375000 0.766703
vt 0.424995 0.746282
vt 0.375000 0.794790
vt 0.174995 0.003718
vt 0.335003 0.003718
vt 0.414997 0.003718
vt 0.587003 0.003718
vt 0.662997 0.003718
vt 0.815004 0.003718
vt 0.625000 0.804493
vt 0.565005 0.746282
vt 0.375000 0.794790
vt 0.424995 0.746282
vt 0.424995 0.750000
vt 0.375000 0.799995
vt 0.335003 0.003718
vt 0.174995 0.003718
vt 0.174995 0.000000
vt 0.335003 0.000000
vt 0.414997 0.000000
vt 0.414997 0.003718
vt 0.587003 0.003718
vt 0.587003 0.000000
vt 0.662997 0.000000
vt 0.662997 0.003718
vt 0.815004 0.003718
vt 0.815004 0.000000
vt 0.565005 0.746282
vt 0.625000 0.804493
vt 0.625000 0.809996
vt 0.565005 0.750000
vt 0.375000 0.450005
vt 0.424995 0.500000
vt 0.424995 0.503328
vt 0.375000 0.454664
vt 0.565005 0.503328
vt 0.565004 0.500000
vt 0.625000 0.440004
vt 0.625000 0.444930
vt 0.662997 0.250000
vt 0.662997 0.246672
vt 0.815004 0.246672
vt 0.815004 0.250000
vt 0.587003 0.246672
vt 0.587003 0.250000
vt 0.414997 0.250000
vt 0.414997 0.246672
vt 0.335003 0.246672
vt 0.335003 0.250000
vt 0.174995 0.250000
vt 0.174995 0.246672
vt 0.335003 0.118817
vt 0.414997 0.118817
vt 0.414997 0.139023
vt 0.335003 0.139023
vt 0.587003 0.139023
vt 0.587003 0.118817
vt 0.662997 0.118817
vt 0.662997 0.139023
vt 0.815004 0.139023
vt 0.815004 0.118817
vt 0.565004 0.610977
vt 0.625000 0.604246
vt 0.625000 0.634151
vt 0.565004 0.631183
vt 0.561674 0.610977
vt 0.561674 0.631183
vt 0.429132 0.631183
vt 0.429132 0.610977
vt 0.375000 0.605368
vt 0.424995 0.610977
vt 0.424995 0.631183
vt 0.375000 0.633656
vt 0.174995 0.139023
vt 0.174995 0.118817
vt 0.375000 0.454664
vt 0.424995 0.503328
vt 0.565005 0.503328
vt 0.625000 0.444930
vt 0.815004 0.246672
vt 0.662997 0.246672
vt 0.587003 0.246672
vt 0.414997 0.246672
vt 0.335003 0.246672
vt 0.174995 0.246672
vt 0.815004 0.250000
vt 0.662997 0.250000
vt 0.335003 0.250000
vt 0.174995 0.250000
vt 0.174995 0.000000
vt 0.335003 0.000000
vt 0.414997 0.000000
vt 0.587003 0.000000
vt 0.662997 0.000000
vt 0.815004 0.000000
vt 0.561674 0.610977
vt 0.429132 0.610977
vt 0.424995 0.524921
vt 0.424995 0.523448
vt 0.565005 0.523448
vt 0.565004 0.524921
vt 0.424995 0.726220
vt 0.565005 0.726220
vt 0.424995 0.724865
vt 0.429132 0.631183
vt 0.561674 0.631183
vt 0.565005 0.724865
vt 0.561674 0.610977
vt 0.561674 0.610977
vt 0.429132 0.610977
vt 0.429132 0.610977
vt 0.424995 0.524921
vt 0.424995 0.524921
vt 0.424995 0.523448
vt 0.424995 0.523448
vt 0.495000 0.523448
vt 0.565005 0.523448
vt 0.565004 0.524921
vt 0.565004 0.524921
vt 0.565005 0.523448
vt 0.424995 0.726220
vt 0.565005 0.726220
vt 0.424995 0.724865
vt 0.429132 0.631183
vt 0.561674 0.631183
vt 0.565005 0.724865
vt 0.565004 0.524921
vt 0.565005 0.524921
vt 0.565005 0.523448
vt 0.565005 0.523448
vt 0.544530 0.524921
vt 0.544530 0.523448
vt 0.565005 0.726220
vt 0.565005 0.726220
vt 0.565005 0.724865
vt 0.565005 0.724865
vt 0.544530 0.726220
vt 0.544530 0.724865
vt 0.565004 0.610977
vt 0.565004 0.610977
vt 0.565004 0.631183
vt 0.565004 0.631183
vt 0.544530 0.610977
vt 0.565004 0.610977
vt 0.565004 0.631183
vt 0.544530 0.631183
vt 0.445470 0.524921
vt 0.424995 0.524921
vt 0.424995 0.523448
vt 0.445470 0.523448
vt 0.424995 0.524921
vt 0.424995 0.523448
vt 0.424995 0.724865
vt 0.424995 0.726220
vt 0.424995 0.610977
vt 0.424995 0.610977
vt 0.424995 0.631183
vt 0.424995 0.631183
vt 0.445470 0.724865
vt 0.445470 0.726220
vt 0.445470 0.610977
vt 0.445470 0.631183
vt 0.424995 0.726220
vt 0.424995 0.610977
vt 0.424995 0.631183
vt 0.424995 0.724865
vt 0.335003 0.139392
vt 0.414997 0.139392
vt 0.587003 0.139392
vt 0.662997 0.139392
vt 0.815004 0.139392
vt 0.625000 0.603700
vt 0.565004 0.610608
vt 0.565004 0.610608
vt 0.565004 0.610608
vt 0.565004 0.610608
vt 0.565004 0.610608
vt 0.565004 0.610608
vt 0.544530 0.610608
vt 0.445470 0.610608
vt 0.424995 0.610608
vt 0.424995 0.610608
vt 0.424995 0.610608
vt 0.424995 0.610608
vt 0.424995 0.610608
vt 0.424995 0.610608
vt 0.375000 0.604851
vt 0.174995 0.139392
vt 0.375000 0.634281
vt 0.424995 0.631629
vt 0.424995 0.631629
vt 0.424995 0.631629
vt 0.424995 0.631629
vt 0.424995 0.631629
vt 0.445470 0.631629
vt 0.544530 0.631629
vt 0.565004 0.631629
vt 0.565004 0.631629
vt 0.565004 0.631629
vt 0.565004 0.631629
vt 0.565004 0.631629
vt 0.625000 0.634811
vt 0.815004 0.118371
vt 0.662997 0.118371
vt 0.587003 0.118371
vt 0.414997 0.118371
vt 0.335003 0.118371
vt 0.174995 0.118371
vt 0.565004 0.610977
vt 0.565004 0.610977
vt 0.424995 0.610977
vt 0.424995 0.610977
vt 0.424995 0.631183
vt 0.565004 0.631183
vt 0.445470 0.610608
vt 0.544530 0.610608
vt 0.445470 0.524921
vt 0.544530 0.524921
vt 0.544530 0.631629
vt 0.445470 0.631629
vt 0.544530 0.724865
vt 0.445470 0.724865
vt 0.445470 0.610608
vt 0.544530 0.610608
vt 0.445470 0.524921
vt 0.544530 0.524921
vt 0.544530 0.631629
vt 0.445470 0.631629
vt 0.544530 0.724865
vt 0.445470 0.724865
vt 0.445470 0.610608
vt 0.544530 0.610608
vt 0.445470 0.524921
vt 0.544530 0.524921
vt 0.544530 0.631629
vt 0.445470 0.631629
vt 0.544530 0.724865
vt 0.445470 0.724865
vt 0.375000 0.312500
vt 0.406250 0.312500
vt 0.406250 0.688440
vt 0.375000 0.688440
vt 0.437500 0.312500
vt 0.437500 0.688440
vt 0.468750 0.312500
vt 0.468750 0.688440
vt 0.500000 0.312500
vt 0.500000 0.688440
vt 0.531250 0.312500
vt 0.562500 0.312500
vt 0.562500 0.688440
vt 0.531250 0.688440
vt 0.593750 0.312500
vt 0.625000 0.312500
vt 0.625000 0.688440
vt 0.593750 0.688440
vt 0.500000 0.000000
vt 0.610485 0.045765
vt 0.500000 0.150000
vt 0.389515 0.045765
vt 0.343750 0.156250
vt 0.389515 0.266735
vt 0.500000 0.312500
vt 0.610485 0.266735
vt 0.656250 0.156250
vt 0.610485 0.954235
vt 0.500000 1.000000
vt 0.500000 0.837500
vt 0.389515 0.954235
vt 0.343750 0.843750
vt 0.389515 0.733265
vt 0.500000 0.687500
vt 0.610485 0.733265
vt 0.656250 0.843750
vt 0.656250 0.843750
vt 0.610485 0.733265
vt 0.610485 0.266735
vt 0.656250 0.156250
vt 0.389515 0.266735
vt 0.500000 0.312500
vt 0.500000 0.687500
vt 0.389515 0.733265
vt 0.500000 0.000000
vt 0.610485 0.045765
vt 0.389515 0.045765
vt 0.343750 0.156250
vt 0.610485 0.954235
vt 0.500000 1.000000
vt 0.389515 0.954235
vt 0.343750 0.843750
vt 0.375000 0.250000
vt 0.437500 0.187500
vt 0.500000 0.250000
vt 0.625000 0.250000
vt 0.562500 0.187500
vt 0.625000 0.125000
vt 0.375000 0.000000
vt 0.500000 0.000000
vt 0.437500 0.062500
vt 0.562500 0.062500
vt 0.625000 0.000000
vt 0.375000 0.125000
vt 0.500000 0.125000
vt 0.375000 0.250000
vt 0.500000 0.250000
vt 0.437500 0.187500
vt 0.625000 0.250000
vt 0.625000 0.125000
vt 0.562500 0.187500
vt 0.375000 0.000000
vt 0.437500 0.062500
vt 0.500000 0.000000
vt 0.625000 0.000000
vt 0.562500 0.062500
vt 0.375000 0.125000
vt 0.500000 0.125000
vt 0.500000 0.250000
vt 0.375000 0.250000
vt 0.375000 0.250000
vt 0.500000 0.250000
vt 0.625000 0.125000
vt 0.625000 0.250000
vt 0.625000 0.250000
vt 0.625000 0.125000
vt 0.375000 0.000000
vt 0.500000 0.000000
vt 0.500000 0.000000
vt 0.375000 0.000000
vt 0.625000 0.000000
vt 0.625000 0.000000
vt 0.375000 0.125000
vt 0.375000 0.125000
vt 0.375000 0.250000
vt 0.500000 0.250000
vt 0.625000 0.250000
vt 0.625000 0.125000
vt 0.500000 0.000000
vt 0.375000 0.000000
vt 0.625000 0.000000
vt 0.375000 0.125000
vt 0.375000 0.250000
vt 0.500000 0.250000
vt 0.625000 0.250000
vt 0.625000 0.125000
vt 0.500000 0.000000
vt 0.375000 0.000000
vt 0.625000 0.000000
vt 0.375000 0.125000
vt 0.375000 0.000000
vt 0.625000 0.000000
vt 0.625000 0.250000
vt 0.375000 0.250000
vt 0.625000 0.500000
vt 0.375000 0.500000
vt 0.625000 0.750000
vt 0.375000 0.750000
vt 0.625000 1.000000
vt 0.375000 1.000000
vt 0.875000 0.000000
vt 0.875000 0.250000
vt 0.125000 0.000000
vt 0.125000 0.250000
vt 0.375000 0.136801
vt 0.625000 0.136801
vt 0.625000 0.230035
vt 0.375000 0.230035
vt 0.375000 0.250000
vt 0.625000 0.250000
vt 0.625000 0.500000
vt 0.375000 0.500000
vt 0.375000 0.519965
vt 0.625000 0.519965
vt 0.625000 0.613199
vt 0.375000 0.613199
vt 0.375000 0.750000
vt 0.625000 0.750000
vt 0.625000 1.000000
vt 0.375000 1.000000
vt 0.875000 0.136801
vt 0.875000 0.230035
vt 0.125000 0.136801
vt 0.125000 0.230035
vt 0.375000 0.116973
vt 0.625000 0.116973
vt 0.625000 0.116973
vt 0.875000 0.116973
vt 0.875000 0.136801
vt 0.625000 0.136801
vt 0.625000 0.633027
vt 0.375000 0.633027
vt 0.125000 0.116973
vt 0.375000 0.116973
vt 0.375000 0.136801
vt 0.125000 0.136801
vt 0.375000 0.019404
vt 0.625000 0.019404
vt 0.875000 0.019404
vt 0.875000 0.116973
vt 0.625000 0.730596
vt 0.375000 0.730596
vt 0.125000 0.019404
vt 0.125000 0.116973
vt 0.625000 0.230035
vt 0.875000 0.230035
vt 0.875000 0.250000
vt 0.625000 0.250000
vt 0.125000 0.230035
vt 0.375000 0.230035
vt 0.375000 0.250000
vt 0.125000 0.250000
vt 0.375000 0.000000
vt 0.625000 0.000000
vt 0.625000 0.000000
vt 0.875000 0.000000
vt 0.875000 0.019404
vt 0.625000 0.019404
vt 0.125000 0.000000
vt 0.375000 0.000000
vt 0.375000 0.019404
vt 0.125000 0.019404
vt 0.875000 0.116973
vt 0.625000 0.116973
vt 0.875000 0.136801
vt 0.625000 0.136801
vt 0.375000 0.116973
vt 0.125000 0.116973
vt 0.375000 0.136801
vt 0.125000 0.136801
vt 0.875000 0.230035
vt 0.625000 0.230035
vt 0.875000 0.250000
vt 0.875000 0.250000
vt 0.625000 0.250000
vt 0.375000 0.230035
vt 0.125000 0.230035
vt 0.375000 0.250000
vt 0.125000 0.250000
vt 0.125000 0.250000
vt 0.875000 0.000000
vt 0.875000 0.000000
vt 0.625000 0.000000
vt 0.875000 0.019404
vt 0.625000 0.019404
vt 0.125000 0.000000
vt 0.375000 0.000000
vt 0.125000 0.000000
vt 0.375000 0.019404
vt 0.125000 0.019404
vt 0.875000 0.136801
vt 0.875000 0.116973
vt 0.875000 0.136801
vt 0.875000 0.116973
vt 0.125000 0.116973
vt 0.125000 0.136801
vt 0.125000 0.116973
vt 0.125000 0.136801
vt 0.875000 0.250000
vt 0.875000 0.230035
vt 0.875000 0.250000
vt 0.875000 0.230035
vt 0.125000 0.230035
vt 0.125000 0.250000
vt 0.125000 0.230035
vt 0.125000 0.250000
vt 0.875000 0.019404
vt 0.875000 0.000000
vt 0.875000 0.019404
vt 0.875000 0.000000
vt 0.125000 0.000000
vt 0.125000 0.019404
vt 0.125000 0.000000
vt 0.125000 0.019404
vt 0.875000 0.250000
vt 0.875000 0.230035
vt 0.875000 0.250000
vt 0.875000 0.230035
vt 0.125000 0.230035
vt 0.125000 0.250000
vt 0.125000 0.230035
vt 0.125000 0.250000
vt 0.875000 0.250000
vt 0.875000 0.230035
vt 0.875000 0.250000
vt 0.875000 0.230035
vt 0.125000 0.230035
vt 0.125000 0.250000
vt 0.125000 0.230035
vt 0.125000 0.250000
vt 0.875000 0.250000
vt 0.875000 0.230035
vt 0.875000 0.250000
vt 0.875000 0.230035
vt 0.125000 0.230035
vt 0.125000 0.250000
vt 0.125000 0.230035
vt 0.125000 0.250000
vt 0.875000 0.136801
vt 0.875000 0.116973
vt 0.875000 0.136801
vt 0.875000 0.116973
vt 0.125000 0.116973
vt 0.125000 0.136801
vt 0.125000 0.116973
vt 0.125000 0.136801
vt 0.875000 0.019404
vt 0.875000 0.000000
vt 0.875000 0.019404
vt 0.875000 0.000000
vt 0.125000 0.000000
vt 0.125000 0.019404
vt 0.125000 0.000000
vt 0.125000 0.019404
vt 0.875000 0.136801
vt 0.875000 0.116973
vt 0.875000 0.136801
vt 0.875000 0.116973
vt 0.125000 0.116973
vt 0.125000 0.136801
vt 0.125000 0.116973
vt 0.125000 0.136801
vt 0.875000 0.019404
vt 0.875000 0.000000
vt 0.875000 0.019404
vt 0.875000 0.000000
vt 0.125000 0.000000
vt 0.125000 0.019404
vt 0.125000 0.000000
vt 0.125000 0.019404
vt 0.375000 0.000000
vt 0.625000 0.000000
vt 0.625000 0.250000
vt 0.375000 0.250000
vt 0.625000 0.500000
vt 0.375000 0.500000
vt 0.625000 0.750000
vt 0.375000 0.750000
vt 0.625000 1.000000
vt 0.375000 1.000000
vt 0.875000 0.000000
vt 0.875000 0.250000
vt 0.125000 0.000000
vt 0.125000 0.250000
vt 0.375000 0.000000
vt 0.625000 0.000000
vt 0.625000 0.250000
vt 0.375000 0.250000
vt 0.625000 0.500000
vt 0.375000 0.500000
vt 0.625000 0.750000
vt 0.375000 0.750000
vt 0.625000 1.000000
vt 0.375000 1.000000
vt 0.875000 0.000000
vt 0.875000 0.250000
vt 0.125000 0.000000
vt 0.125000 0.250000
vt 0.375000 0.312500
vt 0.392857 0.312500
vt 0.392857 0.688440
vt 0.375000 0.688440
vt 0.392857 0.312500
vt 0.410714 0.312500
vt 0.410714 0.688440
vt 0.392857 0.688440
vt 0.410714 0.312500
vt 0.428571 0.312500
vt 0.428571 0.688440
vt 0.410714 0.688440
vt 0.428571 0.312500
vt 0.446429 0.312500
vt 0.446429 0.688440
vt 0.428571 0.688440
vt 0.446429 0.312500
vt 0.464286 0.312500
vt 0.464286 0.688440
vt 0.446429 0.688440
vt 0.464286 0.312500
vt 0.482143 0.312500
vt 0.482143 0.688440
vt 0.464286 0.688440
vt 0.482143 0.312500
vt 0.500000 0.312500
vt 0.500000 0.688440
vt 0.482143 0.688440
vt 0.500000 0.312500
vt 0.517857 0.312500
vt 0.517857 0.688440
vt 0.500000 0.688440
vt 0.517857 0.312500
vt 0.535714 0.312500
vt 0.535714 0.688440
vt 0.517857 0.688440
vt 0.535714 0.312500
vt 0.553571 0.312500
vt 0.553571 0.688440
vt 0.535714 0.688440
vt 0.553571 0.312500
vt 0.571428 0.312500
vt 0.571428 0.688440
vt 0.553571 0.688440
vt 0.571428 0.312500
vt 0.589286 0.312500
vt 0.589286 0.688440
vt 0.571428 0.688440
vt 0.589286 0.312500
vt 0.607143 0.312500
vt 0.607143 0.688440
vt 0.589286 0.688440
vt 0.607143 0.312500
vt 0.625000 0.312500
vt 0.625000 0.688440
vt 0.607143 0.688440
vt 0.597420 0.034089
vt 0.640776 0.088456
vt 0.500000 0.150000
vt 0.534769 0.003918
vt 0.465231 0.003918
vt 0.402580 0.034089
vt 0.359224 0.088456
vt 0.343750 0.156250
vt 0.359224 0.224044
vt 0.402580 0.278411
vt 0.465231 0.308582
vt 0.534769 0.308582
vt 0.597420 0.278411
vt 0.640776 0.224044
vt 0.656250 0.156250
vt 0.640776 0.911544
vt 0.597420 0.965911
vt 0.500000 0.837500
vt 0.534769 0.996082
vt 0.465231 0.996082
vt 0.402580 0.965911
vt 0.359224 0.911544
vt 0.343750 0.843750
vt 0.359224 0.775956
vt 0.402580 0.721589
vt 0.465231 0.691418
vt 0.534769 0.691418
vt 0.597420 0.721589
vt 0.640776 0.775956
vt 0.656250 0.843750
vt 0.375000 0.312500
vt 0.375000 0.688440
vt 0.375000 0.312500
vt 0.392857 0.312500
vt 0.392857 0.688440
vt 0.375000 0.688440
vt 0.392857 0.312500
vt 0.410714 0.312500
vt 0.410714 0.688440
vt 0.392857 0.688440
vt 0.410714 0.312500
vt 0.428571 0.312500
vt 0.428571 0.688440
vt 0.410714 0.688440
vt 0.428571 0.312500
vt 0.446429 0.312500
vt 0.446429 0.688440
vt 0.428571 0.688440
vt 0.446429 0.312500
vt 0.464286 0.312500
vt 0.464286 0.688440
vt 0.446429 0.688440
vt 0.464286 0.312500
vt 0.482143 0.312500
vt 0.482143 0.688440
vt 0.464286 0.688440
vt 0.482143 0.312500
vt 0.500000 0.312500
vt 0.500000 0.688440
vt 0.482143 0.688440
vt 0.500000 0.312500
vt 0.517857 0.312500
vt 0.517857 0.688440
vt 0.500000 0.688440
vt 0.517857 0.312500
vt 0.535714 0.312500
vt 0.535714 0.688440
vt 0.517857 0.688440
vt 0.535714 0.312500
vt 0.553571 0.312500
vt 0.553571 0.688440
vt 0.535714 0.688440
vt 0.553571 0.312500
vt 0.571428 0.312500
vt 0.571428 0.688440
vt 0.553571 0.688440
vt 0.571428 0.312500
vt 0.589286 0.312500
vt 0.589286 0.688440
vt 0.571428 0.688440
vt 0.589286 0.312500
vt 0.607143 0.312500
vt 0.607143 0.688440
vt 0.589286 0.688440
vt 0.607143 0.312500
vt 0.625000 0.312500
vt 0.625000 0.688440
vt 0.607143 0.688440
vt 0.597420 0.034089
vt 0.640776 0.088456
vt 0.500000 0.150000
vt 0.534769 0.003918
vt 0.465231 0.003918
vt 0.402580 0.034089
vt 0.359224 0.088456
vt 0.343750 0.156250
vt 0.359224 0.224044
vt 0.402580 0.278411
vt 0.465231 0.308582
vt 0.534769 0.308582
vt 0.597420 0.278411
vt 0.640776 0.224044
vt 0.656250 0.156250
vt 0.640776 0.911544
vt 0.597420 0.965911
vt 0.500000 0.837500
vt 0.534769 0.996082
vt 0.465231 0.996082
vt 0.402580 0.965911
vt 0.359224 0.911544
vt 0.343750 0.843750
vt 0.359224 0.775956
vt 0.402580 0.721589
vt 0.465231 0.691418
vt 0.534769 0.691418
vt 0.597420 0.721589
vt 0.640776 0.775956
vt 0.656250 0.843750
vt 0.375000 0.312500
vt 0.375000 0.688440
vt 0.375000 0.312500
vt 0.381250 0.312500
vt 0.381250 0.688440
vt 0.375000 0.688440
vt 0.387500 0.312500
vt 0.387500 0.688440
vt 0.393750 0.312500
vt 0.393750 0.688440
vt 0.400000 0.312500
vt 0.400000 0.688440
vt 0.406250 0.312500
vt 0.406250 0.688440
vt 0.412500 0.312500
vt 0.412500 0.688440
vt 0.418750 0.312500
vt 0.418750 0.688440
vt 0.425000 0.312500
vt 0.425000 0.688440
vt 0.431250 0.312500
vt 0.431250 0.688440
vt 0.437500 0.312500
vt 0.437500 0.688440
vt 0.443750 0.312500
vt 0.443750 0.688440
vt 0.450000 0.312500
vt 0.450000 0.688440
vt 0.456250 0.312500
vt 0.456250 0.688440
vt 0.462500 0.312500
vt 0.462500 0.688440
vt 0.468750 0.312500
vt 0.468750 0.688440
vt 0.475000 0.312500
vt 0.475000 0.688440
vt 0.481250 0.312500
vt 0.481250 0.688440
vt 0.487500 0.312500
vt 0.487500 0.688440
vt 0.493750 0.312500
vt 0.493750 0.688440
vt 0.500000 0.312500
vt 0.500000 0.688440
vt 0.506250 0.312500
vt 0.506250 0.688440
vt 0.512500 0.312500
vt 0.512500 0.688440
vt 0.518750 0.312500
vt 0.518750 0.688440
vt 0.525000 0.312500
vt 0.525000 0.688440
vt 0.531250 0.312500
vt 0.531250 0.688440
vt 0.537500 0.312500
vt 0.537500 0.688440
vt 0.543750 0.312500
vt 0.543750 0.688440
vt 0.550000 0.312500
vt 0.550000 0.688440
vt 0.556250 0.312500
vt 0.556250 0.688440
vt 0.562500 0.312500
vt 0.562500 0.688440
vt 0.568750 0.312500
vt 0.568750 0.688440
vt 0.575000 0.312500
vt 0.575000 0.688440
vt 0.581250 0.312500
vt 0.581250 0.688440
vt 0.587500 0.312500
vt 0.587500 0.688440
vt 0.593750 0.312500
vt 0.593750 0.688440
vt 0.600000 0.312500
vt 0.600000 0.688440
vt 0.606250 0.312500
vt 0.606250 0.688440
vt 0.612500 0.312500
vt 0.612500 0.688440
vt 0.618750 0.312500
vt 0.618750 0.688440
vt 0.625000 0.312500
vt 0.625000 0.688440
vt 0.648603 0.107966
vt 0.654326 0.131807
vt 0.500000 0.150000
vt 0.639220 0.085314
vt 0.626409 0.064409
vt 0.610486 0.045765
vt 0.591842 0.029841
vt 0.570936 0.017030
vt 0.548284 0.007647
vt 0.524443 0.001924
vt 0.500000 -0.000000
vt 0.475557 0.001924
vt 0.451716 0.007647
vt 0.429064 0.017030
vt 0.408159 0.029841
vt 0.389515 0.045764
vt 0.373591 0.064408
vt 0.360780 0.085314
vt 0.351397 0.107966
vt 0.345674 0.131807
vt 0.343750 0.156250
vt 0.345674 0.180693
vt 0.351397 0.204534
vt 0.360780 0.227186
vt 0.373591 0.248091
vt 0.389515 0.266735
vt 0.408159 0.282659
vt 0.429064 0.295470
vt 0.451716 0.304853
vt 0.475557 0.310576
vt 0.500000 0.312500
vt 0.524443 0.310576
vt 0.548284 0.304853
vt 0.570936 0.295470
vt 0.591841 0.282659
vt 0.610485 0.266735
vt 0.626409 0.248091
vt 0.639220 0.227186
vt 0.648603 0.204534
vt 0.654326 0.180693
vt 0.656250 0.156250
vt 0.654326 0.868193
vt 0.648603 0.892034
vt 0.500000 0.837500
vt 0.639220 0.914686
vt 0.626409 0.935591
vt 0.610485 0.954235
vt 0.591841 0.970159
vt 0.570936 0.982970
vt 0.548284 0.992353
vt 0.524443 0.998076
vt 0.500000 1.000000
vt 0.475557 0.998076
vt 0.451716 0.992353
vt 0.429064 0.982970
vt 0.408159 0.970159
vt 0.389515 0.954235
vt 0.373591 0.935591
vt 0.360780 0.914686
vt 0.351397 0.892034
vt 0.345674 0.868193
vt 0.343750 0.843750
vt 0.345674 0.819307
vt 0.351397 0.795466
vt 0.360780 0.772814
vt 0.373591 0.751908
vt 0.389515 0.733264
vt 0.408159 0.717341
vt 0.429064 0.704530
vt 0.451716 0.695147
vt 0.475557 0.689424
vt 0.500000 0.687500
vt 0.524443 0.689424
vt 0.548284 0.695147
vt 0.570936 0.704530
vt 0.591842 0.717341
vt 0.610486 0.733265
vt 0.626409 0.751909
vt 0.639220 0.772814
vt 0.648603 0.795466
vt 0.654326 0.819307
vt 0.656250 0.843750
vt 0.587003 0.226552
vt 0.414997 0.226552
vt 0.414997 0.225079
vt 0.587003 0.225079
vt 0.815004 0.226552
vt 0.662997 0.226552
vt 0.662997 0.225079
vt 0.815004 0.225079
vt 0.335003 0.226552
vt 0.174995 0.226552
vt 0.174995 0.225079
vt 0.335003 0.225079
vt 0.375000 0.799995
vt 0.424995 0.750000
vt 0.565005 0.750000
vt 0.625000 0.809996
vt 0.625000 0.962003
vt 0.587003 1.000000
vt 0.414997 1.000000
vt 0.375000 0.960003
vt 0.375000 0.482831
vt 0.424995 0.523448
vt 0.424995 0.524921
vt 0.375000 0.484893
vt 0.565005 0.523448
vt 0.625000 0.474706
vt 0.625000 0.476886
vt 0.565004 0.524921
vt 0.375000 0.289997
vt 0.414997 0.250000
vt 0.587003 0.250000
vt 0.625000 0.287997
vt 0.625000 0.440004
vt 0.565004 0.500000
vt 0.424995 0.500000
vt 0.375000 0.450005
vt 0.335003 0.025135
vt 0.174995 0.025135
vt 0.174995 0.023780
vt 0.335003 0.023780
vt 0.414997 0.023780
vt 0.414997 0.025135
vt 0.587003 0.025135
vt 0.587003 0.023780
vt 0.662997 0.023780
vt 0.662997 0.025135
vt 0.815004 0.025135
vt 0.815004 0.023780
vt 0.565005 0.724865
vt 0.625000 0.772797
vt 0.625000 0.774802
vt 0.565005 0.726220
vt 0.375000 0.764807
vt 0.424995 0.724865
vt 0.424995 0.726220
vt 0.375000 0.766703
vt 0.424995 0.746282
vt 0.375000 0.794790
vt 0.174995 0.003718
vt 0.335003 0.003718
vt 0.414997 0.003718
vt 0.587003 0.003718
vt 0.662997 0.003718
vt 0.815004 0.003718
vt 0.625000 0.804493
vt 0.565005 0.746282
vt 0.375000 0.794790
vt 0.424995 0.746282
vt 0.424995 0.750000
vt 0.375000 0.799995
vt 0.335003 0.003718
vt 0.174995 0.003718
vt 0.174995 0.000000
vt 0.335003 0.000000
vt 0.414997 0.000000
vt 0.414997 0.003718
vt 0.587003 0.003718
vt 0.587003 0.000000
vt 0.662997 0.000000
vt 0.662997 0.003718
vt 0.815004 0.003718
vt 0.815004 0.000000
vt 0.565005 0.746282
vt 0.625000 0.804493
vt 0.625000 0.809996
vt 0.565005 0.750000
vt 0.375000 0.450005
vt 0.424995 0.500000
vt 0.424995 0.503328
vt 0.375000 0.454664
vt 0.565005 0.503328
vt 0.565004 0.500000
vt 0.625000 0.440004
vt 0.625000 0.444930
vt 0.662997 0.250000
vt 0.662997 0.246672
vt 0.815004 0.246672
vt 0.815004 0.250000
vt 0.587003 0.246672
vt 0.587003 0.250000
vt 0.414997 0.250000
vt 0.414997 0.246672
vt 0.335003 0.246672
vt 0.335003 0.250000
vt 0.174995 0.250000
vt 0.174995 0.246672
vt 0.335003 0.118817
vt 0.414997 0.118817
vt 0.414997 0.139023
vt 0.335003 0.139023
vt 0.587003 0.139023
vt 0.587003 0.118817
vt 0.662997 0.118817
vt 0.662997 0.139023
vt 0.815004 0.139023
vt 0.815004 0.118817
vt 0.565004 0.610977
vt 0.625000 0.604246
vt 0.625000 0.634151
vt 0.565004 0.631183
vt 0.561674 0.610977
vt 0.561674 0.631183
vt 0.429132 0.631183
vt 0.429132 0.610977
vt 0.375000 0.605368
vt 0.424995 0.610977
vt 0.424995 0.631183
vt 0.375000 0.633656
vt 0.174995 0.139023
vt 0.174995 0.118817
vt 0.375000 0.454664
vt 0.424995 0.503328
vt 0.565005 0.503328
vt 0.625000 0.444930
vt 0.815004 0.246672
vt 0.662997 0.246672
vt 0.587003 0.246672
vt 0.414997 0.246672
vt 0.335003 0.246672
vt 0.174995 0.246672
vt 0.815004 0.250000
vt 0.662997 0.250000
vt 0.335003 0.250000
vt 0.174995 0.250000
vt 0.174995 0.000000
vt 0.335003 0.000000
vt 0.414997 0.000000
vt 0.587003 0.000000
vt 0.662997 0.000000
vt 0.815004 0.000000
vt 0.561674 0.610977
vt 0.429132 0.610977
vt 0.424995 0.524921
vt 0.424995 0.523448
vt 0.565005 0.523448
vt 0.565004 0.524921
vt 0.424995 0.726220
vt 0.565005 0.726220
vt 0.424995 0.724865
vt 0.429132 0.631183
vt 0.561674 0.631183
vt 0.565005 0.724865
vt 0.561674 0.610977
vt 0.561674 0.610977
vt 0.429132 0.610977
vt 0.429132 0.610977
vt 0.424995 0.524921
vt 0.424995 0.524921
vt 0.424995 0.523448
vt 0.424995 0.523448
vt 0.495000 0.523448
vt 0.565005 0.523448
vt 0.565004 0.524921
vt 0.565004 0.524921
vt 0.565005 0.523448
vt 0.424995 0.726220
vt 0.565005 0.726220
vt 0.424995 0.724865
vt 0.429132 0.631183
vt 0.561674 0.631183
vt 0.565005 0.724865
vt 0.565004 0.524921
vt 0.565005 0.524921
vt 0.565005 0.523448
vt 0.565005 0.523448
vt 0.544530 0.524921
vt 0.544530 0.523448
vt 0.565005 0.726220
vt 0.565005 0.726220
vt 0.565005 0.724865
vt 0.565005 0.724865
vt 0.544530 0.726220
vt 0.544530 0.724865
vt 0.565004 0.610977
vt 0.565004 0.610977
vt 0.565004 0.631183
vt 0.565004 0.631183
vt 0.544530 0.610977
vt 0.565004 0.610977
vt 0.565004 0.631183
vt 0.544530 0.631183
vt 0.445470 0.524921
vt 0.424995 0.524921
vt 0.424995 0.523448
vt 0.445470 0.523448
vt 0.424995 0.524921
vt 0.424995 0.523448
vt 0.424995 0.724865
vt 0.424995 0.726220
vt 0.424995 0.610977
vt 0.424995 0.610977
vt 0.424995 0.631183
vt 0.424995 0.631183
vt 0.445470 0.724865
vt 0.445470 0.726220
vt 0.445470 0.610977
vt 0.445470 0.631183
vt 0.424995 0.726220
vt 0.424995 0.610977
vt 0.424995 0.631183
vt 0.424995 0.724865
vt 0.335003 0.139392
vt 0.414997 0.139392
vt 0.587003 0.139392
vt 0.662997 0.139392
vt 0.815004 0.139392
vt 0.625000 0.603700
vt 0.565004 0.610608
vt 0.565004 0.610608
vt 0.565004 0.610608
vt 0.565004 0.610608
vt 0.565004 0.610608
vt 0.565004 0.610608
vt 0.544530 0.610608
vt 0.445470 0.610608
vt 0.424995 0.610608
vt 0.424995 0.610608
vt 0.424995 0.610608
vt 0.424995 0.610608
vt 0.424995 0.610608
vt 0.424995 0.610608
vt 0.375000 0.604851
vt 0.174995 0.139392
vt 0.375000 0.634281
vt 0.424995 0.631629
vt 0.424995 0.631629
vt 0.424995 0.631629
vt 0.424995 0.631629
vt 0.424995 0.631629
vt 0.445470 0.631629
vt 0.544530 0.631629
vt 0.565004 0.631629
vt 0.565004 0.631629
vt 0.565004 0.631629
vt 0.565004 0.631629
vt 0.565004 0.631629
vt 0.625000 0.634811
vt 0.815004 0.118371
vt 0.662997 0.118371
vt 0.587003 0.118371
vt 0.414997 0.118371
vt 0.335003 0.118371
vt 0.174995 0.118371
vt 0.565004 0.610977
vt 0.565004 0.610977
vt 0.424995 0.610977
vt 0.424995 0.610977
vt 0.424995 0.631183
vt 0.565004 0.631183
vt 0.445470 0.610608
vt 0.544530 0.610608
vt 0.445470 0.524921
vt 0.544530 0.524921
vt 0.544530 0.631629
vt 0.445470 0.631629
vt 0.544530 0.724865
vt 0.445470 0.724865
vt 0.445470 0.610608
vt 0.544530 0.610608
vt 0.445470 0.524921
vt 0.544530 0.524921
vt 0.544530 0.631629
vt 0.445470 0.631629
vt 0.544530 0.724865
vt 0.445470 0.724865
vt 0.445470 0.610608
vt 0.544530 0.610608
vt 0.445470 0.524921
vt 0.544530 0.524921
vt 0.544530 0.631629
vt 0.445470 0.631629
vt 0.544530 0.724865
vt 0.445470 0.724865
vt 0.375000 0.312500
vt 0.406250 0.312500
vt 0.406250 0.688440
vt 0.375000 0.688440
vt 0.437500 0.312500
vt 0.437500 0.688440
vt 0.468750 0.312500
vt 0.468750 0.688440
vt 0.500000 0.312500
vt 0.500000 0.688440
vt 0.531250 0.312500
vt 0.562500 0.312500
vt 0.562500 0.688440
vt 0.531250 0.688440
vt 0.593750 0.312500
vt 0.625000 0.312500
vt 0.625000 0.688440
vt 0.593750 0.688440
vt 0.500000 0.000000
vt 0.610485 0.045765
vt 0.500000 0.150000
vt 0.389515 0.045765
vt 0.343750 0.156250
vt 0.389515 0.266735
vt 0.500000 0.312500
vt 0.610485 0.266735
vt 0.656250 0.156250
vt 0.610485 0.954235
vt 0.500000 1.000000
vt 0.500000 0.837500
vt 0.389515 0.954235
vt 0.343750 0.843750
vt 0.389515 0.733265
vt 0.500000 0.687500
vt 0.610485 0.733265
vt 0.656250 0.843750
vt 0.656250 0.843750
vt 0.610485 0.733265
vt 0.610485 0.266735
vt 0.656250 0.156250
vt 0.389515 0.266735
vt 0.500000 0.312500
vt 0.500000 0.687500
vt 0.389515 0.733265
vt 0.500000 0.000000
vt 0.610485 0.045765
vt 0.389515 0.045765
vt 0.343750 0.156250
vt 0.610485 0.954235
vt 0.500000 1.000000
vt 0.389515 0.954235
vt 0.343750 0.843750
vt 0.375000 0.250000
vt 0.437500 0.187500
vt 0.500000 0.250000
vt 0.625000 0.250000
vt 0.562500 0.187500
vt 0.625000 0.125000
vt 0.375000 0.000000
vt 0.500000 0.000000
vt 0.437500 0.062500
vt 0.562500 0.062500
vt 0.625000 0.000000
vt 0.375000 0.125000
vt 0.500000 0.125000
vt 0.375000 0.250000
vt 0.500000 0.250000
vt 0.437500 0.187500
vt 0.625000 0.250000
vt 0.625000 0.125000
vt 0.562500 0.187500
vt 0.375000 0.000000
vt 0.437500 0.062500
vt 0.500000 0.000000
vt 0.625000 0.000000
vt 0.562500 0.062500
vt 0.375000 0.125000
vt 0.500000 0.125000
vt 0.500000 0.250000
vt 0.375000 0.250000
vt 0.375000 0.250000
vt 0.500000 0.250000
vt 0.625000 0.125000
vt 0.625000 0.250000
vt 0.625000 0.250000
vt 0.625000 0.125000
vt 0.375000 0.000000
vt 0.500000 0.000000
vt 0.500000 0.000000
vt 0.375000 0.000000
vt 0.625000 0.000000
vt 0.625000 0.000000
vt 0.375000 0.125000
vt 0.375000 0.125000
vt 0.375000 0.250000
vt 0.500000 0.250000
vt 0.625000 0.250000
vt 0.625000 0.125000
vt 0.500000 0.000000
vt 0.375000 0.000000
vt 0.625000 0.000000
vt 0.375000 0.125000
vt 0.375000 0.250000
vt 0.500000 0.250000
vt 0.625000 0.250000
vt 0.625000 0.125000
vt 0.500000 0.000000
vt 0.375000 0.000000
vt 0.625000 0.000000
vt 0.375000 0.125000
vt 0.375000 0.000000
vt 0.625000 0.000000
vt 0.625000 0.250000
vt 0.375000 0.250000
vt 0.625000 0.500000
vt 0.375000 0.500000
vt 0.625000 0.750000
vt 0.375000 0.750000
vt 0.625000 1.000000
vt 0.375000 1.000000
vt 0.875000 0.000000
vt 0.875000 0.250000
vt 0.125000 0.000000
vt 0.125000 0.250000
vn 0.900969 0.000000 -0.433883
vn 0.623492 0.000000 -0.781830
vn 0.623492 0.000000 -0.781830
vn 0.900969 0.000000 -0.433883
vn 0.222522 0.000000 -0.974928
vn 0.222522 0.000000 -0.974928
vn -0.222522 0.000000 -0.974928
vn -0.222522 0.000000 -0.974928
vn -0.623492 0.000000 -0.781830
vn -0.623492 0.000000 -0.781830
vn -0.900969 0.000000 -0.433884
vn -0.900969 0.000000 -0.433884
vn -1.000000 0.000000 -0.000001
vn -1.000000 0.000000 -0.000001
vn -0.900969 0.000000 0.433883
vn -0.900969 0.000000 0.433883
vn -0.623490 0.000000 0.781831
vn -0.623490 0.000000 0.781831
vn -0.222521 0.000000 0.974928
vn -0.222521 0.000000 0.974928
vn 0.222521 0.000000 0.974928
vn 0.222521 0.000000 0.974928
vn 0.623490 0.000000 0.781831
vn 0.623490 0.000000 0.781831
vn 0.900969 0.000000 0.433883
vn 0.900969 0.000000 0.433883
vn 1.000000 0.000000 -0.000000
vn 1.000000 0.000000 -0.000000
vn 0.000000 -1.000000 -0.000000
vn 0.000000 -1.000000 0.000000
vn 0.000000 -1.000000 -0.000000
vn 0.000000 -1.000000 -0.000001
vn 0.000000 -1.000000 -0.000001
vn 0.000000 -1.000000 -0.000001
vn 0.000000 -1.000000 0.000000
vn 0.000000 -1.000000 0.000000
vn 0.000000 -1.000000 0.000000
vn 0.000000 -1.000000 0.000000
vn 0.000000 -1.000000 0.000000
vn 0.000000 -1.000000 0.000000
vn 0.000000 -1.000000 0.000000
vn 0.000000 -1.000000 0.000000
vn 0.000000 -1.000000 0.000000
vn 0.000000 1.000000 0.000000
vn 0.000000 1.000000 0.000000
vn 0.000000 1.000000 0.000000
vn 0.000000 1.000000 0.000000
vn 0.000000 1.000000 0.000000
vn 0.000000 1.000000 -0.000001
vn 0.000000 1.000000 -0.000001
vn 0.000000 1.000000 0.000000
vn 0.000000 1.000000 0.000000
vn 0.000000 1.000000 0.000000
vn 0.000000 1.000000 0.000000
vn 0.000000 1.000000 0.000000
vn 0.000000 1.000000 0.000001
vn 0.000000 1.000000 0.000001
vn 0.000000 1.000000 0.000000
vn 0.599488 -0.000000 -0.800384
vn 0.192843 -0.000000 -0.981230
vn 0.192843 -0.000000 -0.981230
vn 0.599488 -0.000000 -0.800384
vn -0.252000 0.000000 -0.967727
vn -0.252000 0.000000 -0.967727
vn -0.646910 0.000000 -0.762566
vn -0.646910 0.000000 -0.762566
vn -0.913704 -0.000000 -0.406381
vn -0.913704 -0.000000 -0.406381
vn -0.999540 -0.000000 0.030319
vn -0.999540 -0.000000 0.030319
vn -0.887385 -0.000000 0.461030
vn -0.887385 -0.000000 0.461030
vn -0.599488 -0.000000 0.800384
vn -0.599488 -0.000000 0.800384
vn -0.192859 -0.000000 0.981226
vn -0.192859 -0.000000 0.981226
vn 0.251985 -0.000000 0.967731
vn 0.251985 -0.000000 0.967731
vn 0.646920 0.000000 0.762558
vn 0.646920 0.000000 0.762558
vn 0.913706 -0.000000 0.406375
vn 0.913706 -0.000000 0.406375
vn 0.999540 -0.000000 -0.030319
vn 0.999540 -0.000000 -0.030319
vn 0.887385 -0.000000 -0.461030
vn 0.887385 -0.000000 -0.461030
vn 0.000000 -1.000000 -0.000014
vn 0.000000 -1.000000 0.000054
vn 0.000000 -1.000000 0.000000
vn 0.000000 -1.000000 -0.000014
vn 0.000000 -1.000000 0.000000
vn 0.000000 -1.000000 0.000000
vn 0.000000 -1.000000 0.000000
vn 0.000000 -1.000000 -0.000054
vn 0.000000 -1.000000 -0.000054
vn 0.000000 -1.000000 0.000014
vn 0.000000 -1.000000 0.000014
vn 0.000000 -1.000000 0.000000
vn 0.000000 -1.000000 0.000000
vn 0.000000 -1.000000 0.000000
vn 0.000000 -1.000000 0.000054
vn 0.000000 1.000000 0.000054
vn 0.000000 1.000000 0.000068
vn 0.000000 1.000000 0.000004
vn 0.000000 1.000000 -0.000014
vn 0.000000 1.000000 0.000027
vn 0.000000 1.000000 -0.000054
vn 0.000000 1.000000 -0.000109
vn 0.000000 1.000000 0.000000
vn 0.000000 1.000000 0.000000
vn 0.000000 1.000000 0.000014
vn 0.000000 1.000000 0.000041
vn 0.000000 1.000000 0.000027
vn 0.000000 1.000000 0.000000
vn 0.000000 1.000000 0.000000
vn 0.000000 1.000000 0.000000
vn 0.372599 0.399159 -0.837760
vn 0.372599 0.399159 -0.837760
vn 0.372599 0.399159 -0.837760
vn 0.372599 0.399159 -0.837760
vn -0.029509 0.234824 -0.971590
vn -0.029509 0.234824 -0.971590
vn -0.029509 0.234824 -0.971590
vn -0.029509 0.234824 -0.971590
vn -0.461004 0.000000 -0.887398
vn -0.461004 0.000000 -0.887398
vn -0.461004 0.000000 -0.887398
vn -0.461004 0.000000 -0.887398
vn -0.778015 -0.234839 -0.582704
vn -0.778015 -0.234839 -0.582704
vn -0.778015 -0.234839 -0.582704
vn -0.778015 -0.234839 -0.582704
vn -0.899673 -0.399124 -0.176884
vn -0.899673 -0.399124 -0.176884
vn -0.899673 -0.399124 -0.176884
vn -0.899673 -0.399124 -0.176884
vn -0.850479 -0.477095 0.221508
vn -0.850479 -0.477095 0.221508
vn -0.850479 -0.477095 0.221508
vn -0.850479 -0.477095 0.221508
vn -0.670192 -0.477079 0.568541
vn -0.670192 -0.477079 0.568541
vn -0.670192 -0.477079 0.568541
vn -0.670192 -0.477079 0.568541
vn -0.372589 -0.399152 0.837768
vn -0.372589 -0.399152 0.837768
vn -0.372589 -0.399152 0.837768
vn -0.372589 -0.399152 0.837768
vn 0.029482 -0.234836 0.971588
vn 0.029482 -0.234836 0.971588
vn 0.029482 -0.234836 0.971588
vn 0.029482 -0.234836 0.971588
vn 0.461004 -0.000025 0.887398
vn 0.461004 -0.000025 0.887398
vn 0.461004 -0.000025 0.887398
vn 0.461004 -0.000025 0.887398
vn 0.778001 0.234839 0.582723
vn 0.778001 0.234839 0.582723
vn 0.778001 0.234839 0.582723
vn 0.778001 0.234839 0.582722
vn 0.899676 0.399177 0.176749
vn 0.899676 0.399177 0.176749
vn 0.899676 0.399177 0.176749
vn 0.899676 0.399177 0.176749
vn 0.850497 0.477084 -0.221464
vn 0.850496 0.477084 -0.221464
vn 0.850496 0.477084 -0.221464
vn 0.850496 0.477084 -0.221464
vn 0.670180 0.477092 -0.568544
vn 0.670180 0.477092 -0.568544
vn 0.670180 0.477092 -0.568544
vn 0.670180 0.477092 -0.568544
vn 0.374005 -0.391196 -0.840884
vn 0.374005 -0.391196 -0.840884
vn 0.374005 -0.391196 -0.840884
vn 0.374005 -0.391196 -0.840884
vn -0.025867 -0.523355 -0.851722
vn -0.025867 -0.523355 -0.851722
vn -0.025867 -0.523355 -0.851722
vn -0.025867 -0.523355 -0.851722
vn -0.380902 -0.563303 -0.733214
vn -0.380902 -0.563303 -0.733214
vn -0.380902 -0.563303 -0.733214
vn -0.380902 -0.563303 -0.733214
vn -0.682001 -0.523387 -0.510824
vn -0.682001 -0.523387 -0.510824
vn -0.682001 -0.523387 -0.510824
vn -0.682001 -0.523387 -0.510824
vn -0.903030 -0.391172 -0.177541
vn -0.903030 -0.391172 -0.177541
vn -0.903030 -0.391173 -0.177541
vn -0.903030 -0.391172 -0.177541
vn -0.956770 -0.149936 0.249217
vn -0.956770 -0.149936 0.249217
vn -0.956770 -0.149936 0.249217
vn -0.956770 -0.149936 0.249217
vn -0.753990 0.149904 0.639553
vn -0.753990 0.149904 0.639553
vn -0.753990 0.149904 0.639553
vn -0.753990 0.149904 0.639553
vn -0.373956 0.391206 0.840901
vn -0.373956 0.391206 0.840901
vn -0.373956 0.391206 0.840901
vn -0.373956 0.391206 0.840901
vn 0.025844 0.523356 0.851722
vn 0.025844 0.523356 0.851722
vn 0.025844 0.523356 0.851722
vn 0.025844 0.523356 0.851722
vn 0.380914 0.563265 0.733237
vn 0.380914 0.563265 0.733237
vn 0.380914 0.563265 0.733237
vn 0.380914 0.563265 0.733237
vn 0.681994 0.523391 0.510829
vn 0.681994 0.523391 0.510829
vn 0.681994 0.523391 0.510829
vn 0.681994 0.523391 0.510829
vn 0.903051 0.391163 0.177458
vn 0.903050 0.391163 0.177458
vn 0.903051 0.391163 0.177458
vn 0.903050 0.391163 0.177458
vn 0.956785 0.149967 -0.249146
vn 0.956785 0.149967 -0.249146
vn 0.956784 0.149967 -0.249146
vn 0.956785 0.149967 -0.249146
vn 0.753952 -0.149969 -0.639583
vn 0.753952 -0.149969 -0.639583
vn 0.753952 -0.149969 -0.639583
vn 0.753952 -0.149969 -0.639583
vn 0.349456 -0.510393 -0.785735
vn 0.349456 -0.510393 -0.785735
vn 0.349456 -0.510393 -0.785735
vn 0.349456 -0.510393 -0.785735
vn -0.028831 -0.312830 -0.949371
vn -0.028831 -0.312830 -0.949371
vn -0.028831 -0.312830 -0.949372
vn -0.028831 -0.312830 -0.949371
vn -0.461018 0.000041 -0.887391
vn -0.461018 0.000041 -0.887391
vn -0.461018 0.000041 -0.887391
vn -0.461018 0.000041 -0.887391
vn -0.760191 0.312816 -0.569435
vn -0.760191 0.312816 -0.569435
vn -0.760191 0.312816 -0.569435
vn -0.760191 0.312816 -0.569435
vn -0.843809 0.510376 -0.165838
vn -0.843809 0.510376 -0.165838
vn -0.843809 0.510376 -0.165838
vn -0.843809 0.510376 -0.165838
vn -0.777870 0.594867 0.202614
vn -0.777869 0.594867 0.202614
vn -0.777870 0.594867 0.202614
vn -0.777869 0.594867 0.202614
vn -0.612999 0.594910 0.519918
vn -0.612999 0.594910 0.519917
vn -0.612999 0.594910 0.519918
vn -0.612999 0.594910 0.519918
vn -0.349419 0.510344 0.785783
vn -0.349419 0.510344 0.785783
vn -0.349419 0.510344 0.785783
vn -0.349419 0.510344 0.785783
vn 0.028807 0.312836 0.949370
vn 0.028807 0.312836 0.949370
vn 0.028807 0.312836 0.949370
vn 0.028807 0.312836 0.949370
vn 0.461035 0.000020 0.887382
vn 0.461035 0.000020 0.887382
vn 0.461035 0.000020 0.887382
vn 0.461035 0.000020 0.887382
vn 0.760198 -0.312827 0.569419
vn 0.760198 -0.312827 0.569419
vn 0.760198 -0.312827 0.569419
vn 0.760198 -0.312827 0.569419
vn 0.843801 -0.510388 0.165842
vn 0.843801 -0.510388 0.165842
vn 0.843801 -0.510388 0.165842
vn 0.843801 -0.510388 0.165842
vn 0.777861 -0.594904 -0.202539
vn 0.777861 -0.594904 -0.202539
vn 0.777861 -0.594904 -0.202539
vn 0.777861 -0.594904 -0.202539
vn 0.612966 -0.594890 -0.519980
vn 0.612966 -0.594890 -0.519980
vn 0.612966 -0.594890 -0.519980
vn 0.612966 -0.594890 -0.519980
vn 0.380624 0.350361 -0.855788
vn 0.380624 0.350361 -0.855788
vn 0.380624 0.350361 -0.855788
vn 0.380624 0.350361 -0.855788
vn -0.026703 0.475544 -0.879287
vn -0.026703 0.475544 -0.879287
vn -0.026703 0.475544 -0.879287
vn -0.026703 0.475544 -0.879287
vn -0.395316 0.514493 -0.760935
vn -0.395316 0.514493 -0.760935
vn -0.395316 0.514493 -0.760935
vn -0.395316 0.514493 -0.760935
vn -0.704073 0.475556 -0.527379
vn -0.704073 0.475556 -0.527379
vn -0.704073 0.475556 -0.527379
vn -0.704073 0.475556 -0.527379
vn -0.919038 0.350348 -0.180626
vn -0.919038 0.350348 -0.180626
vn -0.919038 0.350348 -0.180626
vn -0.919038 0.350348 -0.180626
vn -0.959206 0.132305 0.249839
vn -0.959206 0.132305 0.249839
vn -0.959206 0.132305 0.249839
vn -0.959206 0.132305 0.249839
vn -0.755929 -0.132257 0.641154
vn -0.755929 -0.132257 0.641154
vn -0.755929 -0.132257 0.641154
vn -0.755929 -0.132257 0.641154
vn -0.380564 -0.350407 0.855796
vn -0.380564 -0.350407 0.855796
vn -0.380564 -0.350407 0.855796
vn -0.380564 -0.350407 0.855796
vn 0.026680 -0.475537 0.879291
vn 0.026680 -0.475537 0.879291
vn 0.026680 -0.475537 0.879291
vn 0.026680 -0.475537 0.879291
vn 0.395316 -0.514493 0.760935
vn 0.395316 -0.514493 0.760935
vn 0.395316 -0.514493 0.760935
vn 0.395316 -0.514493 0.760935
vn 0.704087 -0.475546 0.527368
vn 0.704087 -0.475546 0.527368
vn 0.704087 -0.475546 0.527368
vn 0.704087 -0.475546 0.527368
vn 0.919024 -0.350381 0.180631
vn 0.919024 -0.350381 0.180631
vn 0.919024 -0.350381 0.180631
vn 0.919024 -0.350381 0.180631
vn 0.959224 -0.132328 -0.249757
vn 0.959224 -0.132328 -0.249757
vn 0.959224 -0.132328 -0.249757
vn 0.959224 -0.132328 -0.249757
vn 0.755869 0.132330 -0.641211
vn 0.755869 0.132330 -0.641211
vn 0.755869 0.132330 -0.641211
vn 0.755869 0.132330 -0.641211
vn 0.329661 0.584722 -0.741231
vn 0.329661 0.584722 -0.741231
vn 0.329661 0.584722 -0.741231
vn 0.329661 0.584722 -0.741231
vn -0.028183 0.371417 -0.928038
vn -0.028183 0.371417 -0.928038
vn -0.028183 0.371417 -0.928038
vn -0.028183 0.371417 -0.928038
vn -0.461016 -0.000036 -0.887392
vn -0.461016 -0.000036 -0.887392
vn -0.461016 -0.000036 -0.887392
vn -0.461016 -0.000036 -0.887392
vn -0.743118 -0.371425 -0.556615
vn -0.743118 -0.371425 -0.556615
vn -0.743118 -0.371425 -0.556615
vn -0.743118 -0.371425 -0.556615
vn -0.796007 -0.584727 -0.156422
vn -0.796007 -0.584727 -0.156422
vn -0.796007 -0.584727 -0.156422
vn -0.796007 -0.584727 -0.156422
vn -0.719704 -0.668493 0.187465
vn -0.719704 -0.668493 0.187465
vn -0.719704 -0.668493 0.187465
vn -0.719704 -0.668493 0.187465
vn -0.567182 -0.668510 0.481040
vn -0.567182 -0.668510 0.481040
vn -0.567182 -0.668510 0.481040
vn -0.567182 -0.668510 0.481040
vn -0.329641 -0.584745 0.741222
vn -0.329641 -0.584745 0.741222
vn -0.329641 -0.584745 0.741222
vn -0.329641 -0.584745 0.741222
vn 0.028171 -0.371412 0.928041
vn 0.028171 -0.371412 0.928041
vn 0.028171 -0.371412 0.928041
vn 0.028171 -0.371412 0.928041
vn 0.461016 0.000000 0.887392
vn 0.461016 0.000000 0.887392
vn 0.461016 0.000000 0.887392
vn 0.461016 0.000000 0.887392
vn 0.743136 0.371390 0.556613
vn 0.743136 0.371390 0.556613
vn 0.743136 0.371390 0.556613
vn 0.743136 0.371390 0.556613
vn 0.795985 0.584756 0.156422
vn 0.795985 0.584756 0.156422
vn 0.795985 0.584756 0.156422
vn 0.795985 0.584756 0.156422
vn 0.719725 0.668486 -0.187409
vn 0.719725 0.668486 -0.187409
vn 0.719725 0.668486 -0.187409
vn 0.719725 0.668486 -0.187409
vn 0.567148 0.668503 -0.481089
vn 0.567148 0.668503 -0.481089
vn 0.567148 0.668503 -0.481089
vn 0.567148 0.668503 -0.481089
vn 0.367223 -0.428283 -0.825664
vn 0.367223 -0.428283 -0.825664
vn 0.367223 -0.428283 -0.825664
vn 0.367223 -0.428283 -0.825664
vn -0.025045 -0.565047 -0.824679
vn -0.025045 -0.565047 -0.824679
vn -0.025045 -0.565047 -0.824679
vn -0.025045 -0.565047 -0.824679
vn -0.367015 -0.605156 -0.706460
vn -0.367015 -0.605156 -0.706460
vn -0.367015 -0.605156 -0.706460
vn -0.367015 -0.605156 -0.706460
vn -0.660360 -0.565040 -0.494626
vn -0.660360 -0.565040 -0.494626
vn -0.660360 -0.565040 -0.494626
vn -0.660360 -0.565040 -0.494626
vn -0.886688 -0.428261 -0.174289
vn -0.886688 -0.428261 -0.174289
vn -0.886688 -0.428261 -0.174289
vn -0.886688 -0.428261 -0.174289
vn -0.954163 -0.166724 0.248547
vn -0.954163 -0.166724 0.248547
vn -0.954163 -0.166724 0.248547
vn -0.954163 -0.166724 0.248547
vn -0.751936 0.166696 0.637813
vn -0.751936 0.166696 0.637813
vn -0.751936 0.166696 0.637813
vn -0.751936 0.166696 0.637813
vn -0.367221 0.428284 0.825665
vn -0.367221 0.428284 0.825665
vn -0.367221 0.428283 0.825665
vn -0.367221 0.428284 0.825665
vn 0.025045 0.565086 0.824652
vn 0.025045 0.565086 0.824652
vn 0.025045 0.565086 0.824652
vn 0.025045 0.565086 0.824652
vn 0.367016 0.605156 0.706460
vn 0.367016 0.605156 0.706460
vn 0.367016 0.605156 0.706460
vn 0.367016 0.605156 0.706460
vn 0.660353 0.565032 0.494644
vn 0.660353 0.565032 0.494644
vn 0.660353 0.565032 0.494644
vn 0.660353 0.565032 0.494644
vn 0.886696 0.428266 0.174239
vn 0.886696 0.428266 0.174239
vn 0.886696 0.428266 0.174239
vn 0.886696 0.428266 0.174239
vn 0.954184 0.166780 -0.248429
vn 0.954184 0.166780 -0.248429
vn 0.954184 0.166780 -0.248429
vn 0.954184 0.166780 -0.248429
vn 0.751903 -0.166726 -0.637844
vn 0.751903 -0.166726 -0.637844
vn 0.751903 -0.166726 -0.637844
vn 0.751903 -0.166726 -0.637844
vn 0.331916 -0.576967 -0.746284
vn 0.331916 -0.576967 -0.746284
vn 0.331916 -0.576967 -0.746284
vn 0.331916 -0.576967 -0.746284
vn -0.028261 -0.364973 -0.930589
vn -0.028261 -0.364973 -0.930589
vn -0.028261 -0.364973 -0.930589
vn -0.028261 -0.364973 -0.930589
vn -0.461005 0.000000 -0.887397
vn -0.461005 0.000000 -0.887397
vn -0.461005 0.000000 -0.887397
vn -0.461005 0.000000 -0.887397
vn -0.745163 0.364956 -0.558157
vn -0.745163 0.364956 -0.558157
vn -0.745163 0.364956 -0.558157
vn -0.745163 0.364956 -0.558157
vn -0.801435 0.576970 -0.157507
vn -0.801435 0.576970 -0.157507
vn -0.801435 0.576970 -0.157507
vn -0.801435 0.576970 -0.157507
vn -0.726163 0.660997 0.189131
vn -0.726163 0.660997 0.189131
vn -0.726163 0.660997 0.189131
vn -0.726163 0.660997 0.189131
vn -0.572261 0.661001 0.485381
vn -0.572261 0.661001 0.485381
vn -0.572261 0.661001 0.485381
vn -0.572261 0.661001 0.485381
vn -0.331929 0.576972 0.746275
vn -0.331929 0.576972 0.746275
vn -0.331929 0.576972 0.746275
vn -0.331929 0.576972 0.746275
vn 0.028263 0.364973 0.930589
vn 0.028263 0.364973 0.930589
vn 0.028263 0.364973 0.930589
vn 0.028263 0.364973 0.930589
vn 0.461026 0.000000 0.887387
vn 0.461026 0.000000 0.887387
vn 0.461026 0.000000 0.887387
vn 0.461026 0.000000 0.887387
vn 0.745150 -0.364926 0.558194
vn 0.745150 -0.364926 0.558194
vn 0.745150 -0.364926 0.558194
vn 0.745150 -0.364926 0.558194
vn 0.801430 -0.576989 0.157465
vn 0.801430 -0.576989 0.157465
vn 0.801430 -0.576989 0.157465
vn 0.801430 -0.576989 0.157465
vn 0.726180 -0.660989 -0.189091
vn 0.726181 -0.660989 -0.189091
vn 0.726180 -0.660989 -0.189091
vn 0.726181 -0.660989 -0.189091
vn 0.572222 -0.660987 -0.485446
vn 0.572222 -0.660987 -0.485446
vn 0.572222 -0.660987 -0.485446
vn 0.572222 -0.660987 -0.485446
vn 0.406380 0.000000 -0.913704
vn 0.406380 0.000000 -0.913704
vn 0.406380 0.000000 -0.913704
vn 0.406380 0.000000 -0.913704
vn -0.030353 0.000000 -0.999539
vn -0.030353 0.000000 -0.999539
vn -0.030353 0.000000 -0.999539
vn -0.030353 0.000000 -0.999539
vn -0.461016 0.000000 -0.887392
vn -0.461016 0.000000 -0.887392
vn -0.461016 0.000000 -0.887392
vn -0.461016 0.000000 -0.887392
vn -0.800377 0.000000 -0.599497
vn -0.800377 0.000000 -0.599497
vn -0.800377 0.000000 -0.599497
vn -0.800377 0.000000 -0.599497
vn -0.981226 0.000000 -0.192861
vn -0.981226 0.000000 -0.192861
vn -0.981226 0.000000 -0.192861
vn -0.981226 0.000000 -0.192861
vn -0.967711 0.000000 0.252063
vn -0.967711 0.000000 0.252063
vn -0.967711 0.000000 0.252063
vn -0.967711 0.000000 0.252063
vn -0.762630 0.000000 0.646835
vn -0.762630 0.000000 0.646835
vn -0.762630 0.000000 0.646835
vn -0.762630 0.000000 0.646835
vn -0.406379 0.000000 0.913705
vn -0.406379 0.000000 0.913705
vn -0.406379 0.000000 0.913705
vn -0.406379 0.000000 0.913705
vn 0.030356 0.000000 0.999539
vn 0.030356 0.000000 0.999539
vn 0.030356 0.000000 0.999539
vn 0.030356 0.000000 0.999539
vn 0.461016 0.000000 0.887392
vn 0.461016 0.000000 0.887392
vn 0.461016 0.000000 0.887392
vn 0.461016 0.000000 0.887392
vn 0.800334 0.000000 0.599555
vn 0.800334 0.000000 0.599555
vn 0.800334 0.000000 0.599555
vn 0.800334 0.000000 0.599555
vn 0.981242 0.000000 0.192779
vn 0.981242 0.000000 0.192779
vn 0.981242 0.000000 0.192779
vn 0.981242 0.000000 0.192779
vn 0.967734 0.000000 -0.251976
vn 0.967734 0.000000 -0.251976
vn 0.967734 0.000000 -0.251976
vn 0.967734 0.000000 -0.251976
vn 0.762573 0.000000 -0.646902
vn 0.762573 0.000000 -0.646902
vn 0.762573 0.000000 -0.646902
vn 0.762573 0.000000 -0.646902
vn 0.344550 0.530229 -0.774689
vn 0.344550 0.530229 -0.774689
vn 0.344550 0.530229 -0.774689
vn 0.344550 0.530229 -0.774689
vn -0.026132 0.508760 -0.860512
vn -0.026132 0.508760 -0.860512
vn -0.026132 0.508760 -0.860512
vn -0.026132 0.508760 -0.860512
vn -0.422024 0.402488 -0.812342
vn -0.422024 0.402488 -0.812342
vn -0.422024 0.402488 -0.812342
vn -0.422024 0.402488 -0.812342
vn -0.784636 0.197342 -0.587710
vn -0.784636 0.197342 -0.587710
vn -0.784636 0.197342 -0.587709
vn -0.784636 0.197342 -0.587710
vn -0.978323 -0.076901 -0.192277
vn -0.978323 -0.076901 -0.192277
vn -0.978323 -0.076901 -0.192277
vn -0.978323 -0.076901 -0.192277
vn -0.916170 -0.322003 0.238634
vn -0.916170 -0.322003 0.238634
vn -0.916170 -0.322003 0.238634
vn -0.916170 -0.322003 0.238634
vn -0.672209 -0.472275 0.570168
vn -0.672209 -0.472275 0.570168
vn -0.672209 -0.472275 0.570168
vn -0.672209 -0.472275 0.570168
vn -0.344552 -0.530233 0.774685
vn -0.344552 -0.530233 0.774685
vn -0.344552 -0.530233 0.774685
vn -0.344552 -0.530233 0.774685
vn 0.026134 -0.508805 0.860485
vn 0.026134 -0.508805 0.860485
vn 0.026134 -0.508805 0.860485
vn 0.026134 -0.508805 0.860485
vn 0.422016 -0.402526 0.812327
vn 0.422016 -0.402526 0.812327
vn 0.422016 -0.402526 0.812327
vn 0.422016 -0.402526 0.812327
vn 0.784605 -0.197286 0.587770
vn 0.784605 -0.197286 0.587770
vn 0.784605 -0.197286 0.587770
vn 0.784605 -0.197286 0.587769
vn 0.978340 0.076854 0.192208
vn 0.978340 0.076854 0.192208
vn 0.978340 0.076854 0.192208
vn 0.978340 0.076854 0.192208
vn 0.916177 0.322040 -0.238557
vn 0.916177 0.322040 -0.238557
vn 0.916177 0.322040 -0.238557
vn 0.916177 0.322040 -0.238557
vn 0.672176 0.472273 -0.570209
vn 0.672176 0.472273 -0.570209
vn 0.672176 0.472273 -0.570209
vn 0.672176 0.472273 -0.570209
vn 0.406380 0.000000 -0.913704
vn 0.406380 0.000000 -0.913704
vn 0.406380 0.000000 -0.913704
vn 0.406380 0.000000 -0.913704
vn -0.030354 0.000000 -0.999539
vn -0.030354 0.000000 -0.999539
vn -0.030354 0.000000 -0.999539
vn -0.030354 0.000000 -0.999539
vn -0.461018 0.000000 -0.887391
vn -0.461018 0.000000 -0.887391
vn -0.461018 0.000000 -0.887391
vn -0.461018 0.000000 -0.887391
vn -0.800374 0.000000 -0.599502
vn -0.800374 0.000000 -0.599502
vn -0.800374 0.000000 -0.599502
vn -0.800374 0.000000 -0.599502
vn -0.981226 0.000000 -0.192860
vn -0.981226 0.000000 -0.192860
vn -0.981226 0.000000 -0.192860
vn -0.981226 0.000000 -0.192860
vn -0.967711 0.000000 0.252063
vn -0.967711 0.000000 0.252063
vn -0.967711 0.000000 0.252063
vn -0.967711 0.000000 0.252063
vn -0.762589 0.000000 0.646884
vn -0.762589 0.000000 0.646884
vn -0.762589 0.000000 0.646884
vn -0.762589 0.000000 0.646884
vn -0.406379 0.000000 0.913705
vn -0.406379 0.000000 0.913705
vn -0.406379 0.000000 0.913705
vn -0.406379 0.000000 0.913705
vn 0.030359 0.000000 0.999539
vn 0.030359 0.000000 0.999539
vn 0.030359 0.000000 0.999539
vn 0.030359 0.000000 0.999539
vn 0.461018 0.000000 0.887391
vn 0.461018 0.000000 0.887391
vn 0.461018 0.000000 0.887391
vn 0.461018 0.000000 0.887391
vn 0.800336 0.000000 0.599552
vn 0.800336 0.000000 0.599552
vn 0.800336 0.000000 0.599552
vn 0.800336 0.000000 0.599552
vn 0.981242 0.000000 0.192778
vn 0.981242 0.000000 0.192778
vn 0.981242 0.000000 0.192778
vn 0.981242 0.000000 0.192778
vn 0.967734 0.000000 -0.251974
vn 0.967734 0.000000 -0.251974
vn 0.967734 0.000000 -0.251974
vn 0.967734 0.000000 -0.251974
vn 0.762574 0.000000 -0.646901
vn 0.762574 0.000000 -0.646901
vn 0.762574 0.000000 -0.646901
vn 0.762574 0.000000 -0.646901
vn 0.599487 0.000001 -0.800384
vn 0.192843 0.000000 -0.981230
vn 0.192843 0.000000 -0.981230
vn 0.599487 0.000001 -0.800384
vn -0.252001 0.000000 -0.967727
vn -0.252001 0.000000 -0.967727
vn -0.646910 0.000000 -0.762566
vn -0.646910 0.000000 -0.762566
vn -0.913704 0.000000 -0.406381
vn -0.913704 0.000000 -0.406381
vn -0.999540 -0.000000 0.030320
vn -0.999540 -0.000000 0.030320
vn -0.887385 -0.000000 0.461030
vn -0.887385 -0.000000 0.461030
vn -0.599488 -0.000000 0.800384
vn -0.599488 -0.000000 0.800384
vn -0.192859 -0.000000 0.981226
vn -0.192859 -0.000000 0.981226
vn 0.251985 -0.000000 0.967731
vn 0.251985 -0.000000 0.967731
vn 0.646920 0.000000 0.762558
vn 0.646920 0.000000 0.762558
vn 0.913706 -0.000000 0.406375
vn 0.913706 -0.000000 0.406375
vn 0.999540 -0.000000 -0.030320
vn 0.999540 -0.000000 -0.030319
vn 0.887385 0.000000 -0.461030
vn 0.887385 0.000000 -0.461030
vn 0.000000 -1.000000 0.000000
vn 0.000000 -1.000000 0.000000
vn 0.000000 -1.000000 -0.000000
vn 0.000000 -1.000000 0.000000
vn 0.000000 -1.000000 0.000000
vn 0.000000 -1.000000 0.000000
vn 0.000000 -1.000000 0.000054
vn 0.000000 -1.000000 0.000054
vn 0.000000 -1.000000 0.000000
vn 0.000000 -1.000000 0.000000
vn 0.000000 -1.000000 0.000000
vn 0.000000 -1.000000 0.000000
vn 0.000000 -1.000000 0.000000
vn 0.000000 -1.000000 -0.000054
vn 0.000000 -1.000000 -0.000054
vn 0.000000 1.000000 0.000000
vn 0.000000 1.000000 0.000041
vn 0.000000 1.000000 -0.000002
vn 0.000000 1.000000 0.000041
vn 0.000000 1.000000 0.000000
vn 0.000000 1.000000 0.000000
vn 0.000000 1.000000 0.000000
vn 0.000000 1.000000 0.000000
vn 0.000000 1.000000 0.000000
vn 0.000000 1.000000 -0.000027
vn 0.000000 1.000000 -0.000000
vn 0.000000 1.000000 -0.000027
vn 0.000000 1.000000 -0.000054
vn 0.000000 1.000000 0.000000
vn 0.000000 1.000000 0.000000
vn 0.372600 0.399159 -0.837760
vn 0.372599 0.399159 -0.837760
vn 0.372600 0.399159 -0.837760
vn 0.372599 0.399159 -0.837760
vn -0.029509 0.234813 -0.971593
vn -0.029509 0.234813 -0.971593
vn -0.029509 0.234813 -0.971593
vn -0.029509 0.234813 -0.971593
vn -0.461004 0.000000 -0.887398
vn -0.461004 0.000000 -0.887398
vn -0.461004 0.000000 -0.887398
vn -0.461004 0.000000 -0.887398
vn -0.777968 -0.234837 -0.582767
vn -0.777968 -0.234837 -0.582767
vn -0.777968 -0.234837 -0.582767
vn -0.777968 -0.234837 -0.582767
vn -0.899677 -0.399137 -0.176839
vn -0.899677 -0.399137 -0.176839
vn -0.899677 -0.399137 -0.176839
vn -0.899677 -0.399137 -0.176839
vn -0.850500 -0.477096 0.221425
vn -0.850500 -0.477096 0.221425
vn -0.850500 -0.477096 0.221425
vn -0.850500 -0.477096 0.221425
vn -0.670193 -0.477078 0.568540
vn -0.670193 -0.477078 0.568540
vn -0.670193 -0.477078 0.568540
vn -0.670193 -0.477078 0.568540
vn -0.372576 -0.399126 0.837786
vn -0.372576 -0.399126 0.837786
vn -0.372576 -0.399126 0.837786
vn -0.372576 -0.399126 0.837786
vn 0.029481 -0.234825 0.971591
vn 0.029481 -0.234825 0.971591
vn 0.029481 -0.234825 0.971591
vn 0.029481 -0.234825 0.971591
vn 0.461004 0.000013 0.887398
vn 0.461004 0.000013 0.887398
vn 0.461004 0.000013 0.887398
vn 0.461004 0.000013 0.887398
vn 0.777983 0.234809 0.582758
vn 0.777983 0.234809 0.582758
vn 0.777983 0.234809 0.582758
vn 0.777983 0.234809 0.582758
vn 0.899666 0.399161 0.176839
vn 0.899666 0.399161 0.176839
vn 0.899666 0.399161 0.176839
vn 0.899666 0.399161 0.176839
vn 0.850505 0.477089 -0.221422
vn 0.850505 0.477089 -0.221422
vn 0.850505 0.477089 -0.221422
vn 0.850505 0.477089 -0.221422
vn 0.670162 0.477081 -0.568574
vn 0.670162 0.477080 -0.568574
vn 0.670162 0.477081 -0.568574
vn 0.670162 0.477081 -0.568574
vn 0.374000 -0.391160 -0.840903
vn 0.374000 -0.391160 -0.840903
vn 0.374000 -0.391160 -0.840903
vn 0.374000 -0.391160 -0.840903
vn -0.025866 -0.523405 -0.851691
vn -0.025866 -0.523405 -0.851691
vn -0.025866 -0.523405 -0.851691
vn -0.025866 -0.523405 -0.851691
vn -0.380930 -0.563288 -0.733212
vn -0.380930 -0.563288 -0.733212
vn -0.380930 -0.563288 -0.733212
vn -0.380930 -0.563288 -0.733212
vn -0.681991 -0.523380 -0.510845
vn -0.681991 -0.523380 -0.510845
vn -0.681991 -0.523380 -0.510845
vn -0.681991 -0.523380 -0.510845
vn -0.903035 -0.391174 -0.177511
vn -0.903035 -0.391174 -0.177511
vn -0.903035 -0.391174 -0.177511
vn -0.903035 -0.391174 -0.177511
vn -0.956778 -0.149938 0.249187
vn -0.956778 -0.149938 0.249187
vn -0.956778 -0.149938 0.249186
vn -0.956778 -0.149938 0.249187
vn -0.753990 0.149903 0.639552
vn -0.753991 0.149903 0.639553
vn -0.753990 0.149903 0.639552
vn -0.753991 0.149903 0.639553
vn -0.373950 0.391170 0.840921
vn -0.373950 0.391170 0.840921
vn -0.373950 0.391170 0.840921
vn -0.373950 0.391170 0.840921
vn 0.025844 0.523356 0.851722
vn 0.025844 0.523356 0.851722
vn 0.025844 0.523356 0.851722
vn 0.025844 0.523356 0.851722
vn 0.380921 0.563277 0.733225
vn 0.380921 0.563277 0.733225
vn 0.380921 0.563277 0.733225
vn 0.380921 0.563277 0.733225
vn 0.681984 0.523384 0.510850
vn 0.681984 0.523384 0.510850
vn 0.681984 0.523384 0.510850
vn 0.681984 0.523384 0.510850
vn 0.903051 0.391163 0.177458
vn 0.903051 0.391163 0.177458
vn 0.903051 0.391163 0.177458
vn 0.903051 0.391163 0.177458
vn 0.956789 0.149934 -0.249147
vn 0.956789 0.149934 -0.249147
vn 0.956789 0.149934 -0.249147
vn 0.956789 0.149934 -0.249147
vn 0.753935 -0.149966 -0.639603
vn 0.753935 -0.149966 -0.639603
vn 0.753935 -0.149966 -0.639603
vn 0.753935 -0.149966 -0.639603
vn 0.349457 -0.510393 -0.785735
vn 0.349457 -0.510393 -0.785735
vn 0.349457 -0.510393 -0.785735
vn 0.349457 -0.510393 -0.785735
vn -0.028833 -0.312795 -0.949383
vn -0.028833 -0.312795 -0.949383
vn -0.028833 -0.312795 -0.949383
vn -0.028833 -0.312795 -0.949383
vn -0.461001 0.000000 -0.887400
vn -0.461001 0.000000 -0.887400
vn -0.461001 0.000000 -0.887400
vn -0.461001 0.000000 -0.887400
vn -0.760199 0.312858 -0.569401
vn -0.760199 0.312858 -0.569401
vn -0.760199 0.312858 -0.569401
vn -0.760199 0.312858 -0.569401
vn -0.843817 0.510363 -0.165840
vn -0.843817 0.510363 -0.165840
vn -0.843817 0.510363 -0.165840
vn -0.843817 0.510363 -0.165840
vn -0.777847 0.594899 0.202608
vn -0.777847 0.594899 0.202608
vn -0.777847 0.594899 0.202608
vn -0.777847 0.594899 0.202608
vn -0.612982 0.594911 0.519937
vn -0.612982 0.594911 0.519937
vn -0.612982 0.594911 0.519937
vn -0.612982 0.594911 0.519936
vn -0.349413 0.510370 0.785769
vn -0.349413 0.510370 0.785769
vn -0.349413 0.510370 0.785769
vn -0.349413 0.510370 0.785769
vn 0.028808 0.312830 0.949372
vn 0.028808 0.312830 0.949372
vn 0.028808 0.312830 0.949372
vn 0.028808 0.312830 0.949372
vn 0.461002 0.000000 0.887399
vn 0.461002 0.000000 0.887399
vn 0.461002 0.000000 0.887399
vn 0.461002 0.000000 0.887399
vn 0.760186 -0.312802 0.569449
vn 0.760186 -0.312802 0.569449
vn 0.760186 -0.312802 0.569449
vn 0.760186 -0.312802 0.569449
vn 0.843793 -0.510402 0.165841
vn 0.843793 -0.510402 0.165841
vn 0.843793 -0.510402 0.165841
vn 0.843793 -0.510402 0.165841
vn 0.777868 -0.594893 -0.202541
vn 0.777868 -0.594893 -0.202541
vn 0.777868 -0.594893 -0.202541
vn 0.777868 -0.594893 -0.202541
vn 0.612949 -0.594890 -0.519999
vn 0.612949 -0.594890 -0.519999
vn 0.612949 -0.594890 -0.519999
vn 0.612949 -0.594890 -0.519999
vn 0.380624 0.350360 -0.855788
vn 0.380624 0.350360 -0.855788
vn 0.380624 0.350360 -0.855788
vn 0.380624 0.350360 -0.855788
vn -0.026704 0.475544 -0.879287
vn -0.026704 0.475544 -0.879287
vn -0.026704 0.475544 -0.879287
vn -0.026704 0.475544 -0.879287
vn -0.395327 0.514485 -0.760934
vn -0.395327 0.514485 -0.760934
vn -0.395327 0.514485 -0.760934
vn -0.395327 0.514485 -0.760934
vn -0.704073 0.475555 -0.527378
vn -0.704073 0.475555 -0.527378
vn -0.704073 0.475555 -0.527378
vn -0.704073 0.475555 -0.527378
vn -0.919018 0.350390 -0.180647
vn -0.919018 0.350390 -0.180647
vn -0.919018 0.350390 -0.180647
vn -0.919018 0.350390 -0.180647
vn -0.959209 0.132280 0.249839
vn -0.959209 0.132280 0.249839
vn -0.959209 0.132280 0.249839
vn -0.959209 0.132280 0.249839
vn -0.755917 -0.132255 0.641169
vn -0.755917 -0.132255 0.641169
vn -0.755917 -0.132255 0.641169
vn -0.755917 -0.132255 0.641169
vn -0.380564 -0.350407 0.855796
vn -0.380564 -0.350407 0.855796
vn -0.380564 -0.350407 0.855796
vn -0.380564 -0.350407 0.855796
vn 0.026680 -0.475555 0.879282
vn 0.026680 -0.475555 0.879281
vn 0.026680 -0.475555 0.879281
vn 0.026680 -0.475555 0.879282
vn 0.395327 -0.514485 0.760934
vn 0.395327 -0.514485 0.760934
vn 0.395327 -0.514485 0.760934
vn 0.395327 -0.514485 0.760934
vn 0.704087 -0.475523 0.527390
vn 0.704087 -0.475523 0.527390
vn 0.704087 -0.475523 0.527390
vn 0.704087 -0.475523 0.527390
vn 0.919024 -0.350381 0.180631
vn 0.919024 -0.350381 0.180631
vn 0.919024 -0.350381 0.180631
vn 0.919024 -0.350381 0.180631
vn 0.959224 -0.132328 -0.249757
vn 0.959224 -0.132328 -0.249757
vn 0.959224 -0.132328 -0.249757
vn 0.959224 -0.132328 -0.249757
vn 0.755872 0.132305 -0.641213
vn 0.755872 0.132305 -0.641213
vn 0.755872 0.132305 -0.641213
vn 0.755872 0.132305 -0.641213
vn 0.329656 0.584742 -0.741218
vn 0.329656 0.584742 -0.741218
vn 0.329656 0.584742 -0.741218
vn 0.329656 0.584742 -0.741218
vn -0.028188 0.371420 -0.928037
vn -0.028188 0.371420 -0.928037
vn -0.028188 0.371420 -0.928037
vn -0.028188 0.371420 -0.928037
vn -0.461015 -0.000018 -0.887392
vn -0.461015 -0.000018 -0.887392
vn -0.461015 -0.000018 -0.887392
vn -0.461015 -0.000018 -0.887392
vn -0.743104 -0.371367 -0.556671
vn -0.743104 -0.371367 -0.556671
vn -0.743104 -0.371367 -0.556671
vn -0.743104 -0.371367 -0.556671
vn -0.795993 -0.584747 -0.156419
vn -0.795993 -0.584747 -0.156419
vn -0.795993 -0.584747 -0.156419
vn -0.795993 -0.584747 -0.156419
vn -0.719697 -0.668501 0.187464
vn -0.719697 -0.668501 0.187464
vn -0.719697 -0.668501 0.187464
vn -0.719697 -0.668501 0.187464
vn -0.567177 -0.668517 0.481035
vn -0.567177 -0.668517 0.481035
vn -0.567177 -0.668517 0.481035
vn -0.567177 -0.668517 0.481035
vn -0.329640 -0.584745 0.741223
vn -0.329640 -0.584745 0.741223
vn -0.329640 -0.584745 0.741223
vn -0.329640 -0.584745 0.741223
vn 0.028168 -0.371374 0.928056
vn 0.028168 -0.371374 0.928056
vn 0.028168 -0.371374 0.928056
vn 0.028168 -0.371374 0.928056
vn 0.461016 -0.000018 0.887392
vn 0.461016 -0.000018 0.887392
vn 0.461016 -0.000018 0.887392
vn 0.461016 -0.000018 0.887392
vn 0.743127 0.371419 0.556606
vn 0.743127 0.371419 0.556606
vn 0.743127 0.371419 0.556606
vn 0.743127 0.371419 0.556606
vn 0.795999 0.584722 0.156483
vn 0.795999 0.584722 0.156483
vn 0.795999 0.584722 0.156483
vn 0.795999 0.584722 0.156483
vn 0.719725 0.668501 -0.187356
vn 0.719725 0.668501 -0.187356
vn 0.719725 0.668501 -0.187356
vn 0.719725 0.668501 -0.187356
vn 0.567124 0.668500 -0.481122
vn 0.567124 0.668500 -0.481122
vn 0.567124 0.668500 -0.481122
vn 0.567124 0.668500 -0.481122
vn 0.367227 -0.428262 -0.825673
vn 0.367227 -0.428262 -0.825673
vn 0.367227 -0.428262 -0.825673
vn 0.367227 -0.428262 -0.825673
vn -0.025045 -0.565069 -0.824663
vn -0.025045 -0.565069 -0.824663
vn -0.025045 -0.565069 -0.824663
vn -0.025045 -0.565069 -0.824663
vn -0.367009 -0.605146 -0.706472
vn -0.367009 -0.605146 -0.706472
vn -0.367009 -0.605146 -0.706472
vn -0.367009 -0.605146 -0.706472
vn -0.660342 -0.565050 -0.494638
vn -0.660342 -0.565050 -0.494638
vn -0.660342 -0.565050 -0.494638
vn -0.660342 -0.565050 -0.494638
vn -0.886687 -0.428286 -0.174236
vn -0.886687 -0.428286 -0.174236
vn -0.886687 -0.428286 -0.174236
vn -0.886687 -0.428286 -0.174236
vn -0.954170 -0.166726 0.248521
vn -0.954170 -0.166726 0.248520
vn -0.954170 -0.166726 0.248520
vn -0.954170 -0.166726 0.248520
vn -0.751942 0.166755 0.637790
vn -0.751942 0.166755 0.637790
vn -0.751942 0.166755 0.637790
vn -0.751942 0.166755 0.637790
vn -0.367232 0.428271 0.825666
vn -0.367232 0.428271 0.825666
vn -0.367232 0.428271 0.825666
vn -0.367232 0.428271 0.825666
vn 0.025045 0.565075 0.824660
vn 0.025045 0.565074 0.824660
vn 0.025045 0.565074 0.824660
vn 0.025045 0.565075 0.824660
vn 0.367009 0.605146 0.706472
vn 0.367009 0.605146 0.706472
vn 0.367009 0.605146 0.706472
vn 0.367009 0.605146 0.706472
vn 0.660335 0.565065 0.494631
vn 0.660335 0.565065 0.494631
vn 0.660335 0.565065 0.494631
vn 0.660335 0.565065 0.494631
vn 0.886691 0.428264 0.174264
vn 0.886691 0.428264 0.174264
vn 0.886691 0.428264 0.174264
vn 0.886691 0.428264 0.174264
vn 0.954177 0.166778 -0.248456
vn 0.954178 0.166778 -0.248456
vn 0.954178 0.166778 -0.248456
vn 0.954177 0.166778 -0.248456
vn 0.751886 -0.166750 -0.637858
vn 0.751886 -0.166750 -0.637858
vn 0.751886 -0.166750 -0.637858
vn 0.751886 -0.166750 -0.637858
vn 0.331916 -0.576967 -0.746284
vn 0.331916 -0.576967 -0.746284
vn 0.331916 -0.576967 -0.746284
vn 0.331916 -0.576967 -0.746284
vn -0.028263 -0.364993 -0.930581
vn -0.028263 -0.364993 -0.930581
vn -0.028263 -0.364993 -0.930581
vn -0.028263 -0.364993 -0.930581
vn -0.460984 0.000000 -0.887409
vn -0.460984 0.000000 -0.887409
vn -0.460984 0.000000 -0.887409
vn -0.460984 0.000000 -0.887409
vn -0.745176 0.364986 -0.558120
vn -0.745176 0.364986 -0.558120
vn -0.745176 0.364986 -0.558120
vn -0.745176 0.364986 -0.558120
vn -0.801444 0.576956 -0.157509
vn -0.801444 0.576956 -0.157509
vn -0.801444 0.576956 -0.157509
vn -0.801444 0.576956 -0.157509
vn -0.726154 0.661007 0.189129
vn -0.726154 0.661007 0.189129
vn -0.726154 0.661007 0.189129
vn -0.726154 0.661007 0.189129
vn -0.572276 0.660980 0.485393
vn -0.572276 0.660980 0.485393
vn -0.572276 0.660980 0.485393
vn -0.572276 0.660980 0.485393
vn -0.331908 0.576936 0.746312
vn -0.331908 0.576936 0.746312
vn -0.331908 0.576936 0.746312
vn -0.331908 0.576936 0.746312
vn 0.028264 0.364989 0.930583
vn 0.028264 0.364989 0.930583
vn 0.028264 0.364989 0.930583
vn 0.028264 0.364989 0.930583
vn 0.460985 0.000000 0.887408
vn 0.460985 0.000000 0.887408
vn 0.460985 0.000000 0.887408
vn 0.460985 0.000000 0.887408
vn 0.745175 -0.364916 0.558167
vn 0.745175 -0.364916 0.558167
vn 0.745175 -0.364916 0.558167
vn 0.745176 -0.364916 0.558167
vn 0.801415 -0.576999 0.157503
vn 0.801415 -0.576999 0.157503
vn 0.801415 -0.576999 0.157503
vn 0.801415 -0.576999 0.157503
vn 0.726181 -0.660989 -0.189091
vn 0.726181 -0.660989 -0.189091
vn 0.726181 -0.660989 -0.189091
vn 0.726181 -0.660989 -0.189091
vn 0.572234 -0.660999 -0.485417
vn 0.572234 -0.660999 -0.485417
vn 0.572234 -0.660999 -0.485417
vn 0.572234 -0.660999 -0.485417
vn 0.406379 0.000000 -0.913705
vn 0.406379 0.000000 -0.913705
vn 0.406379 0.000000 -0.913705
vn 0.406379 0.000000 -0.913705
vn -0.030352 0.000000 -0.999539
vn -0.030352 0.000000 -0.999539
vn -0.030352 0.000000 -0.999539
vn -0.030352 0.000000 -0.999539
vn -0.461016 0.000000 -0.887392
vn -0.461016 0.000000 -0.887392
vn -0.461016 0.000000 -0.887392
vn -0.461016 0.000000 -0.887392
vn -0.800374 0.000000 -0.599501
vn -0.800374 0.000000 -0.599501
vn -0.800374 0.000000 -0.599501
vn -0.800374 0.000000 -0.599501
vn -0.981227 0.000000 -0.192859
vn -0.981227 0.000000 -0.192859
vn -0.981227 0.000000 -0.192859
vn -0.981227 0.000000 -0.192859
vn -0.967711 0.000000 0.252062
vn -0.967711 0.000000 0.252062
vn -0.967711 0.000000 0.252062
vn -0.967711 0.000000 0.252062
vn -0.762633 0.000000 0.646831
vn -0.762633 0.000000 0.646831
vn -0.762633 0.000000 0.646831
vn -0.762633 0.000000 0.646831
vn -0.406379 0.000000 0.913705
vn -0.406379 0.000000 0.913705
vn -0.406379 0.000000 0.913705
vn -0.406379 0.000000 0.913705
vn 0.030356 0.000000 0.999539
vn 0.030356 0.000000 0.999539
vn 0.030356 0.000000 0.999539
vn 0.030356 0.000000 0.999539
vn 0.461016 0.000000 0.887392
vn 0.461016 0.000000 0.887392
vn 0.461016 0.000000 0.887392
vn 0.461016 0.000000 0.887392
vn 0.800334 0.000000 0.599555
vn 0.800334 0.000000 0.599555
vn 0.800334 0.000000 0.599555
vn 0.800334 0.000000 0.599555
vn 0.981243 0.000000 0.192777
vn 0.981243 0.000000 0.192777
vn 0.981243 0.000000 0.192777
vn 0.981243 0.000000 0.192777
vn 0.967733 0.000000 -0.251979
vn 0.967733 0.000000 -0.251979
vn 0.967733 0.000000 -0.251979
vn 0.967733 0.000000 -0.251979
vn 0.762574 0.000000 -0.646901
vn 0.762574 0.000000 -0.646901
vn 0.762574 0.000000 -0.646901
vn 0.762574 0.000000 -0.646901
vn 0.344543 0.530259 -0.774672
vn 0.344543 0.530259 -0.774672
vn 0.344543 0.530259 -0.774672
vn 0.344543 0.530259 -0.774672
vn -0.026132 0.508810 -0.860483
vn -0.026132 0.508810 -0.860483
vn -0.026132 0.508810 -0.860482
vn -0.026132 0.508810 -0.860482
vn -0.422023 0.402488 -0.812342
vn -0.422023 0.402488 -0.812342
vn -0.422023 0.402488 -0.812342
vn -0.422023 0.402488 -0.812342
vn -0.784638 0.197295 -0.587723
vn -0.784638 0.197295 -0.587723
vn -0.784638 0.197295 -0.587723
vn -0.784638 0.197295 -0.587723
vn -0.978327 -0.076852 -0.192278
vn -0.978327 -0.076852 -0.192278
vn -0.978327 -0.076852 -0.192278
vn -0.978327 -0.076852 -0.192278
vn -0.916159 -0.322045 0.238619
vn -0.916159 -0.322045 0.238619
vn -0.916159 -0.322045 0.238619
vn -0.916159 -0.322045 0.238619
vn -0.672209 -0.472275 0.570168
vn -0.672209 -0.472275 0.570168
vn -0.672209 -0.472275 0.570168
vn -0.672209 -0.472275 0.570168
vn -0.344549 -0.530229 0.774689
vn -0.344549 -0.530229 0.774689
vn -0.344549 -0.530229 0.774689
vn -0.344549 -0.530229 0.774689
vn 0.026135 -0.508810 0.860482
vn 0.026135 -0.508810 0.860482
vn 0.026135 -0.508810 0.860482
vn 0.026135 -0.508810 0.860482
vn 0.422023 -0.402488 0.812342
vn 0.422023 -0.402488 0.812342
vn 0.422023 -0.402488 0.812342
vn 0.422023 -0.402488 0.812342
vn 0.784590 -0.197379 0.587759
vn 0.784590 -0.197379 0.587759
vn 0.784590 -0.197379 0.587759
vn 0.784590 -0.197379 0.587759
vn 0.978337 0.076903 0.192207
vn 0.978337 0.076903 0.192207
vn 0.978337 0.076903 0.192207
vn 0.978337 0.076903 0.192207
vn 0.916175 0.322039 -0.238568
vn 0.916175 0.322039 -0.238568
vn 0.916175 0.322039 -0.238568
vn 0.916175 0.322039 -0.238568
vn 0.672175 0.472273 -0.570209
vn 0.672175 0.472273 -0.570209
vn 0.672175 0.472273 -0.570209
vn 0.672175 0.472273 -0.570209
vn 0.406380 0.000000 -0.913704
vn 0.406380 0.000000 -0.913704
vn 0.406380 0.000000 -0.913704
vn 0.406380 0.000000 -0.913704
vn -0.030356 0.000000 -0.999539
vn -0.030356 0.000000 -0.999539
vn -0.030356 0.000000 -0.999539
vn -0.030356 0.000000 -0.999539
vn -0.460998 0.000000 -0.887401
vn -0.460998 0.000000 -0.887401
vn -0.460998 0.000000 -0.887401
vn -0.460998 0.000000 -0.887401
vn -0.800374 0.000000 -0.599502
vn -0.800374 0.000000 -0.599502
vn -0.800374 0.000000 -0.599502
vn -0.800374 0.000000 -0.599502
vn -0.981235 0.000000 -0.192818
vn -0.981235 0.000000 -0.192818
vn -0.981235 0.000000 -0.192818
vn -0.981235 0.000000 -0.192818
vn -0.967721 0.000000 0.252025
vn -0.967721 0.000000 0.252025
vn -0.967721 0.000000 0.252025
vn -0.967721 0.000000 0.252025
vn -0.762609 0.000000 0.646860
vn -0.762609 0.000000 0.646860
vn -0.762609 0.000000 0.646860
vn -0.762609 0.000000 0.646860
vn -0.406379 0.000000 0.913705
vn -0.406379 0.000000 0.913705
vn -0.406379 0.000000 0.913705
vn -0.406379 0.000000 0.913705
vn 0.030358 0.000000 0.999539
vn 0.030358 0.000000 0.999539
vn 0.030358 0.000000 0.999539
vn 0.030358 0.000000 0.999539
vn 0.461018 0.000000 0.887391
vn 0.461018 0.000000 0.887391
vn 0.461018 0.000000 0.887391
vn 0.461018 0.000000 0.887391
vn 0.800331 0.000000 0.599559
vn 0.800331 0.000000 0.599559
vn 0.800331 0.000000 0.599559
vn 0.800331 0.000000 0.599559
vn 0.981242 0.000000 0.192781
vn 0.981242 0.000000 0.192781
vn 0.981242 0.000000 0.192781
vn 0.981242 0.000000 0.192781
vn 0.967733 0.000000 -0.251978
vn 0.967733 0.000000 -0.251978
vn 0.967733 0.000000 -0.251978
vn 0.967733 0.000000 -0.251978
vn 0.762574 0.000000 -0.646901
vn 0.762574 0.000000 -0.646901
vn 0.762574 0.000000 -0.646901
vn 0.762574 0.000000 -0.646901
vn 0.900969 0.000001 -0.433884
vn 0.623478 0.000000 -0.781841
vn 0.623478 0.000000 -0.781841
vn 0.900969 0.000001 -0.433884
vn 0.222515 -0.000000 -0.974929
vn 0.222515 -0.000000 -0.974929
vn -0.222524 0.000000 -0.974927
vn -0.222524 0.000000 -0.974927
vn -0.623499 0.000000 -0.781824
vn -0.623499 0.000000 -0.781824
vn -0.900969 0.000000 -0.433884
vn -0.900969 0.000000 -0.433884
vn -1.000000 -0.000000 -0.000000
vn -1.000000 -0.000000 -0.000000
vn -0.900969 -0.000000 0.433884
vn -0.900969 -0.000000 0.433884
vn -0.623500 0.000000 0.781824
vn -0.623500 0.000000 0.781824
vn -0.222525 0.000000 0.974927
vn -0.222525 0.000000 0.974927
vn 0.222516 0.000000 0.974929
vn 0.222516 0.000000 0.974929
vn 0.623478 -0.000000 0.781841
vn 0.623478 -0.000000 0.781841
vn 0.900969 -0.000001 0.433884
vn 0.900969 -0.000001 0.433884
vn 1.000000 0.000000 -0.000000
vn 1.000000 0.000000 -0.000000
vn 0.000000 -1.000000 0.000014
vn 0.000000 -1.000000 0.000000
vn 0.000000 -1.000000 0.000004
vn 0.000000 -1.000000 0.000014
vn 0.000000 -1.000000 0.000000
vn 0.000000 -1.000000 0.000000
vn 0.000000 -1.000000 0.000000
vn 0.000000 -1.000000 0.000000
vn 0.000000 -1.000000 0.000000
vn 0.000000 -1.000000 0.000014
vn 0.000000 -1.000000 0.000014
vn 0.000000 -1.000000 0.000000
vn 0.000000 -1.000000 0.000000
vn 0.000000 -1.000000 0.000000
vn 0.000000 -1.000000 0.000000
vn 0.000000 1.000000 0.000000
vn 0.000000 1.000000 0.000000
vn 0.000000 1.000000 0.000008
vn 0.000000 1.000000 0.000000
vn 0.000000 1.000000 0.000000
vn 0.000000 1.000000 -0.000054
vn 0.000000 1.000000 0.000054
vn 0.000000 1.000000 -0.000000
vn 0.000000 1.000000 -0.000000
vn 0.000000 1.000000 0.000109
vn 0.000000 1.000000 0.000000
vn 0.000000 1.000000 0.000000
vn 0.000000 1.000000 0.000000
vn 0.000000 1.000000 0.000000
vn 0.000000 1.000000 0.000000
vn 0.678180 0.497626 -0.540778
vn 0.678180 0.497626 -0.540778
vn 0.678180 0.497626 -0.540778
vn 0.678180 0.497626 -0.540778
vn 0.413423 0.303356 -0.858520
vn 0.413423 0.303356 -0.858520
vn 0.413423 0.303356 -0.858520
vn 0.413423 0.303356 -0.858520
vn 0.000000 0.000000 -1.000000
vn 0.000000 0.000000 -1.000000
vn 0.000000 0.000000 -1.000000
vn 0.000000 0.000000 -1.000000
vn -0.413445 -0.303372 -0.858503
vn -0.413445 -0.303372 -0.858503
vn -0.413445 -0.303372 -0.858504
vn -0.413445 -0.303372 -0.858504
vn -0.678159 -0.497610 -0.540819
vn -0.678159 -0.497610 -0.540819
vn -0.678159 -0.497610 -0.540819
vn -0.678159 -0.497610 -0.540819
vn -0.792928 -0.581825 -0.180958
vn -0.792928 -0.581825 -0.180958
vn -0.792928 -0.581825 -0.180958
vn -0.792928 -0.581825 -0.180958
vn -0.792929 -0.581823 0.180957
vn -0.792929 -0.581823 0.180957
vn -0.792929 -0.581823 0.180957
vn -0.792929 -0.581823 0.180957
vn -0.678159 -0.497610 0.540819
vn -0.678159 -0.497610 0.540819
vn -0.678159 -0.497610 0.540819
vn -0.678159 -0.497610 0.540819
vn -0.413442 -0.303371 0.858505
vn -0.413442 -0.303371 0.858505
vn -0.413442 -0.303371 0.858505
vn -0.413442 -0.303371 0.858505
vn 0.000000 0.000000 1.000000
vn 0.000000 0.000000 1.000000
vn 0.000000 0.000000 1.000000
vn 0.000000 0.000000 1.000000
vn 0.413420 0.303353 0.858523
vn 0.413420 0.303353 0.858523
vn 0.413420 0.303353 0.858523
vn 0.413420 0.303353 0.858523
vn 0.678180 0.497626 0.540778
vn 0.678180 0.497626 0.540778
vn 0.678180 0.497626 0.540778
vn 0.678180 0.497626 0.540778
vn 0.792920 0.581820 0.181009
vn 0.792920 0.581820 0.181009
vn 0.792920 0.581820 0.181009
vn 0.792920 0.581820 0.181009
vn 0.792920 0.581819 -0.181010
vn 0.792920 0.581819 -0.181010
vn 0.792920 0.581819 -0.181010
vn 0.792920 0.581819 -0.181010
vn 0.682133 -0.488670 -0.543963
vn 0.682133 -0.488670 -0.543963
vn 0.682133 -0.488670 -0.543963
vn 0.682133 -0.488670 -0.543963
vn 0.337228 -0.629158 -0.700312
vn 0.337228 -0.629158 -0.700312
vn 0.337228 -0.629158 -0.700312
vn 0.337228 -0.629158 -0.700312
vn 0.000000 -0.668289 -0.743901
vn 0.000000 -0.668289 -0.743901
vn 0.000000 -0.668289 -0.743901
vn 0.000000 -0.668289 -0.743901
vn -0.337242 -0.629151 -0.700312
vn -0.337242 -0.629151 -0.700312
vn -0.337242 -0.629151 -0.700312
vn -0.337242 -0.629151 -0.700312
vn -0.682106 -0.488689 -0.543980
vn -0.682106 -0.488689 -0.543980
vn -0.682106 -0.488689 -0.543980
vn -0.682106 -0.488689 -0.543980
vn -0.956037 -0.195971 -0.218149
vn -0.956037 -0.195971 -0.218149
vn -0.956037 -0.195971 -0.218149
vn -0.956037 -0.195971 -0.218149
vn -0.956037 0.195971 0.218148
vn -0.956037 0.195971 0.218148
vn -0.956037 0.195971 0.218148
vn -0.956037 0.195971 0.218148
vn -0.682106 0.488690 0.543980
vn -0.682106 0.488690 0.543980
vn -0.682106 0.488690 0.543980
vn -0.682106 0.488690 0.543980
vn -0.337241 0.629151 0.700313
vn -0.337241 0.629151 0.700313
vn -0.337241 0.629151 0.700313
vn -0.337240 0.629151 0.700313
vn 0.000000 0.668289 0.743901
vn 0.000000 0.668289 0.743901
vn 0.000000 0.668289 0.743901
vn 0.000000 0.668289 0.743901
vn 0.337226 0.629158 0.700313
vn 0.337226 0.629158 0.700313
vn 0.337226 0.629158 0.700313
vn 0.337226 0.629158 0.700313
vn 0.682133 0.488670 0.543963
vn 0.682133 0.488670 0.543963
vn 0.682133 0.488670 0.543963
vn 0.682133 0.488670 0.543963
vn 0.956020 0.196011 0.218186
vn 0.956020 0.196011 0.218186
vn 0.956020 0.196011 0.218186
vn 0.956020 0.196011 0.218186
vn 0.956020 -0.196011 -0.218187
vn 0.956020 -0.196011 -0.218187
vn 0.956020 -0.196011 -0.218187
vn 0.956020 -0.196011 -0.218187
vn 0.615851 -0.616078 -0.491096
vn 0.615851 -0.616078 -0.491096
vn 0.615851 -0.616078 -0.491096
vn 0.615851 -0.616078 -0.491096
vn 0.397986 -0.398137 -0.826495
vn 0.397986 -0.398137 -0.826495
vn 0.397986 -0.398137 -0.826495
vn 0.397986 -0.398137 -0.826495
vn 0.000000 0.000000 -1.000000
vn 0.000000 0.000000 -1.000000
vn 0.000000 0.000000 -1.000000
vn 0.000000 0.000000 -1.000000
vn -0.398019 0.398165 -0.826466
vn -0.398019 0.398165 -0.826466
vn -0.398019 0.398165 -0.826466
vn -0.398019 0.398165 -0.826466
vn -0.615826 0.616052 -0.491160
vn -0.615826 0.616052 -0.491160
vn -0.615826 0.616052 -0.491160
vn -0.615826 0.616052 -0.491160
vn -0.697949 0.698210 -0.159277
vn -0.697949 0.698210 -0.159277
vn -0.697949 0.698210 -0.159277
vn -0.697949 0.698210 -0.159277
vn -0.697951 0.698209 0.159276
vn -0.697951 0.698209 0.159276
vn -0.697951 0.698209 0.159276
vn -0.697951 0.698209 0.159276
vn -0.615826 0.616052 0.491160
vn -0.615826 0.616052 0.491160
vn -0.615826 0.616052 0.491160
vn -0.615826 0.616052 0.491160
vn -0.398016 0.398165 0.826467
vn -0.398016 0.398165 0.826467
vn -0.398016 0.398165 0.826467
vn -0.398016 0.398165 0.826467
vn 0.000000 0.000000 1.000000
vn 0.000000 0.000000 1.000000
vn 0.000000 0.000000 1.000000
vn 0.000000 0.000000 1.000000
vn 0.397983 -0.398133 0.826499
vn 0.397983 -0.398133 0.826499
vn 0.397983 -0.398133 0.826499
vn 0.397983 -0.398133 0.826499
vn 0.615852 -0.616078 0.491096
vn 0.615851 -0.616078 0.491096
vn 0.615852 -0.616078 0.491096
vn 0.615851 -0.616078 0.491096
vn 0.697942 -0.698201 0.159352
vn 0.697942 -0.698201 0.159352
vn 0.697942 -0.698201 0.159352
vn 0.697942 -0.698201 0.159352
vn 0.697941 -0.698202 -0.159352
vn 0.697941 -0.698202 -0.159352
vn 0.697941 -0.698202 -0.159352
vn 0.697941 -0.698202 -0.159352
vn 0.701259 0.442170 -0.559215
vn 0.701259 0.442170 -0.559215
vn 0.701259 0.442170 -0.559215
vn 0.701259 0.442170 -0.559215
vn 0.353365 0.580200 -0.733827
vn 0.353365 0.580200 -0.733827
vn 0.353365 0.580200 -0.733827
vn 0.353365 0.580200 -0.733827
vn 0.000000 0.620221 -0.784427
vn 0.000000 0.620221 -0.784427
vn 0.000000 0.620221 -0.784427
vn 0.000000 0.620221 -0.784427
vn -0.353372 0.580215 -0.733811
vn -0.353372 0.580215 -0.733811
vn -0.353372 0.580215 -0.733811
vn -0.353372 0.580215 -0.733811
vn -0.701245 0.442160 -0.559240
vn -0.701245 0.442160 -0.559240
vn -0.701245 0.442160 -0.559240
vn -0.701245 0.442160 -0.559240
vn -0.960194 0.173270 -0.219099
vn -0.960194 0.173270 -0.219099
vn -0.960194 0.173270 -0.219099
vn -0.960194 0.173270 -0.219099
vn -0.960195 -0.173269 0.219098
vn -0.960195 -0.173269 0.219098
vn -0.960195 -0.173269 0.219098
vn -0.960195 -0.173269 0.219098
vn -0.701252 -0.442137 0.559250
vn -0.701252 -0.442137 0.559250
vn -0.701252 -0.442137 0.559250
vn -0.701252 -0.442137 0.559250
vn -0.353366 -0.580234 0.733799
vn -0.353366 -0.580234 0.733799
vn -0.353366 -0.580234 0.733799
vn -0.353366 -0.580234 0.733799
vn 0.000000 -0.620221 0.784427
vn 0.000000 -0.620221 0.784427
vn 0.000000 -0.620221 0.784427
vn 0.000000 -0.620221 0.784427
vn 0.353363 -0.580200 0.733827
vn 0.353363 -0.580200 0.733827
vn 0.353363 -0.580200 0.733827
vn 0.353363 -0.580200 0.733827
vn 0.701258 -0.442171 0.559216
vn 0.701258 -0.442171 0.559216
vn 0.701258 -0.442171 0.559216
vn 0.701258 -0.442171 0.559216
vn 0.960186 -0.173268 0.219138
vn 0.960186 -0.173268 0.219138
vn 0.960186 -0.173268 0.219138
vn 0.960186 -0.173268 0.219138
vn 0.960186 0.173269 -0.219139
vn 0.960185 0.173269 -0.219139
vn 0.960186 0.173269 -0.219139
vn 0.960186 0.173269 -0.219139
vn 0.566862 0.688708 -0.452049
vn 0.566862 0.688708 -0.452049
vn 0.566862 0.688708 -0.452049
vn 0.566862 0.688708 -0.452049
vn 0.383808 0.466309 -0.797024
vn 0.383808 0.466309 -0.797024
vn 0.383808 0.466309 -0.797024
vn 0.383808 0.466309 -0.797024
vn 0.000000 0.000000 -1.000000
vn 0.000000 0.000000 -1.000000
vn 0.000000 0.000000 -1.000000
vn 0.000000 0.000000 -1.000000
vn -0.383805 -0.466306 -0.797027
vn -0.383805 -0.466306 -0.797027
vn -0.383805 -0.466306 -0.797027
vn -0.383805 -0.466306 -0.797027
vn -0.566862 -0.688709 -0.452047
vn -0.566862 -0.688709 -0.452047
vn -0.566862 -0.688709 -0.452047
vn -0.566862 -0.688709 -0.452047
vn -0.628916 -0.764106 -0.143551
vn -0.628916 -0.764106 -0.143551
vn -0.628916 -0.764106 -0.143551
vn -0.628916 -0.764106 -0.143551
vn -0.628916 -0.764106 0.143549
vn -0.628916 -0.764107 0.143549
vn -0.628916 -0.764106 0.143549
vn -0.628916 -0.764107 0.143549
vn -0.566861 -0.688707 0.452051
vn -0.566861 -0.688707 0.452051
vn -0.566861 -0.688707 0.452051
vn -0.566861 -0.688707 0.452051
vn -0.383807 -0.466310 0.797024
vn -0.383807 -0.466310 0.797024
vn -0.383807 -0.466310 0.797024
vn -0.383807 -0.466310 0.797024
vn 0.000000 0.000000 1.000000
vn 0.000000 0.000000 1.000000
vn 0.000000 0.000000 1.000000
vn 0.000000 0.000000 1.000000
vn 0.383807 0.466310 0.797024
vn 0.383807 0.466310 0.797024
vn 0.383807 0.466310 0.797024
vn 0.383807 0.466310 0.797024
vn 0.566861 0.688707 0.452051
vn 0.566861 0.688707 0.452051
vn 0.566861 0.688707 0.452051
vn 0.566861 0.688707 0.452051
vn 0.628923 0.764112 0.143489
vn 0.628923 0.764112 0.143489
vn 0.628923 0.764112 0.143489
vn 0.628923 0.764112 0.143489
vn 0.628923 0.764111 -0.143491
vn 0.628923 0.764111 -0.143491
vn 0.628923 0.764111 -0.143491
vn 0.628923 0.764111 -0.143491
vn 0.663116 -0.529764 -0.528798
vn 0.663116 -0.529764 -0.528798
vn 0.663116 -0.529764 -0.528798
vn 0.663116 -0.529764 -0.528798
vn 0.322086 -0.669978 -0.668872
vn 0.322086 -0.669978 -0.668872
vn 0.322086 -0.669978 -0.668872
vn 0.322086 -0.669978 -0.668872
vn 0.000000 -0.707728 -0.706485
vn 0.000000 -0.707728 -0.706485
vn 0.000000 -0.707728 -0.706485
vn 0.000000 -0.707728 -0.706485
vn -0.322072 -0.670010 -0.668847
vn -0.322072 -0.670010 -0.668847
vn -0.322072 -0.670010 -0.668847
vn -0.322072 -0.670010 -0.668847
vn -0.663141 -0.529716 -0.528815
vn -0.663141 -0.529716 -0.528815
vn -0.663141 -0.529716 -0.528815
vn -0.663141 -0.529716 -0.528815
vn -0.951610 -0.217460 -0.217140
vn -0.951610 -0.217460 -0.217140
vn -0.951610 -0.217460 -0.217140
vn -0.951610 -0.217460 -0.217140
vn -0.951595 0.217530 0.217135
vn -0.951595 0.217530 0.217135
vn -0.951595 0.217530 0.217135
vn -0.951595 0.217530 0.217135
vn -0.663137 0.529718 0.528817
vn -0.663137 0.529718 0.528817
vn -0.663137 0.529718 0.528817
vn -0.663137 0.529718 0.528817
vn -0.322086 0.669978 0.668872
vn -0.322086 0.669978 0.668872
vn -0.322086 0.669978 0.668872
vn -0.322086 0.669978 0.668872
vn 0.000000 0.707728 0.706485
vn 0.000000 0.707728 0.706485
vn 0.000000 0.707728 0.706485
vn 0.000000 0.707728 0.706485
vn 0.322074 0.670010 0.668846
vn 0.322074 0.670010 0.668846
vn 0.322074 0.670009 0.668846
vn 0.322074 0.670010 0.668846
vn 0.663137 0.529718 0.528817
vn 0.663137 0.529718 0.528817
vn 0.663137 0.529718 0.528817
vn 0.663137 0.529718 0.528817
vn 0.951571 0.217600 0.217171
vn 0.951571 0.217600 0.217171
vn 0.951571 0.217600 0.217171
vn 0.951571 0.217600 0.217171
vn 0.951570 -0.217601 -0.217172
vn 0.951570 -0.217601 -0.217172
vn 0.951570 -0.217601 -0.217172
vn 0.951570 -0.217601 -0.217172
vn 0.572269 -0.681371 -0.456335
vn 0.572269 -0.681371 -0.456335
vn 0.572269 -0.681371 -0.456335
vn 0.572269 -0.681371 -0.456335
vn 0.385467 -0.458957 -0.800483
vn 0.385467 -0.458957 -0.800483
vn 0.385467 -0.458957 -0.800483
vn 0.385467 -0.458957 -0.800483
vn 0.000000 0.000000 -1.000000
vn 0.000000 0.000000 -1.000000
vn 0.000000 0.000000 -1.000000
vn 0.000000 0.000000 -1.000000
vn -0.385466 0.458955 -0.800485
vn -0.385466 0.458955 -0.800485
vn -0.385466 0.458955 -0.800485
vn -0.385466 0.458955 -0.800485
vn -0.572269 0.681372 -0.456334
vn -0.572269 0.681372 -0.456334
vn -0.572269 0.681372 -0.456334
vn -0.572269 0.681372 -0.456334
vn -0.636323 0.757638 -0.145184
vn -0.636323 0.757638 -0.145184
vn -0.636323 0.757638 -0.145184
vn -0.636323 0.757638 -0.145184
vn -0.636321 0.757639 0.145184
vn -0.636321 0.757639 0.145184
vn -0.636321 0.757639 0.145184
vn -0.636321 0.757639 0.145184
vn -0.572268 0.681372 0.456336
vn -0.572268 0.681372 0.456336
vn -0.572268 0.681372 0.456336
vn -0.572268 0.681372 0.456336
vn -0.385467 0.458955 0.800485
vn -0.385467 0.458955 0.800485
vn -0.385467 0.458955 0.800485
vn -0.385467 0.458955 0.800485
vn 0.000000 0.000000 1.000000
vn 0.000000 0.000000 1.000000
vn 0.000000 0.000000 1.000000
vn 0.000000 0.000000 1.000000
vn 0.385467 -0.458956 0.800484
vn 0.385467 -0.458956 0.800484
vn 0.385467 -0.458956 0.800484
vn 0.385467 -0.458956 0.800484
vn 0.572268 -0.681372 0.456336
vn 0.572268 -0.681372 0.456336
vn 0.572268 -0.681372 0.456336
vn 0.572268 -0.681372 0.456336
vn 0.636315 -0.757628 0.145269
vn 0.636315 -0.757628 0.145269
vn 0.636315 -0.757628 0.145269
vn 0.636315 -0.757628 0.145269
vn 0.636313 -0.757629 -0.145269
vn 0.636313 -0.757629 -0.145269
vn 0.636313 -0.757629 -0.145269
vn 0.636313 -0.757629 -0.145269
vn 0.781846 0.000000 -0.623471
vn 0.781846 0.000000 -0.623471
vn 0.781846 0.000000 -0.623471
vn 0.781846 0.000000 -0.623471
vn 0.433859 0.000000 -0.900981
vn 0.433859 0.000000 -0.900981
vn 0.433859 0.000000 -0.900981
vn 0.433859 0.000000 -0.900981
vn 0.000000 0.000000 -1.000000
vn 0.000000 0.000000 -1.000000
vn 0.000000 0.000000 -1.000000
vn 0.000000 0.000000 -1.000000
vn -0.433857 0.000000 -0.900982
vn -0.433857 0.000000 -0.900982
vn -0.433857 0.000000 -0.900982
vn -0.433857 0.000000 -0.900982
vn -0.781847 0.000000 -0.623470
vn -0.781847 0.000000 -0.623470
vn -0.781847 0.000000 -0.623470
vn -0.781847 0.000000 -0.623470
vn -0.974950 0.000000 -0.222422
vn -0.974950 0.000000 -0.222422
vn -0.974950 0.000000 -0.222422
vn -0.974950 0.000000 -0.222422
vn -0.974951 0.000000 0.222422
vn -0.974951 0.000000 0.222422
vn -0.974951 0.000000 0.222422
vn -0.974951 0.000000 0.222422
vn -0.781845 0.000000 0.623472
vn -0.781845 0.000000 0.623472
vn -0.781845 0.000000 0.623472
vn -0.781845 0.000000 0.623472
vn -0.433858 0.000000 0.900981
vn -0.433858 0.000000 0.900981
vn -0.433858 0.000000 0.900981
vn -0.433858 0.000000 0.900981
vn 0.000000 0.000000 1.000000
vn 0.000000 0.000000 1.000000
vn 0.000000 0.000000 1.000000
vn 0.000000 0.000000 1.000000
vn 0.433858 0.000000 0.900981
vn 0.433858 0.000000 0.900981
vn 0.433858 0.000000 0.900981
vn 0.433858 0.000000 0.900981
vn 0.781845 0.000000 0.623472
vn 0.781845 0.000000 0.623472
vn 0.781845 0.000000 0.623472
vn 0.781845 0.000000 0.623472
vn 0.974922 0.000000 0.222545
vn 0.974922 0.000000 0.222545
vn 0.974922 0.000000 0.222545
vn 0.974922 0.000000 0.222545
vn 0.974922 0.000000 -0.222545
vn 0.974922 0.000000 -0.222545
vn 0.974922 0.000000 -0.222545
vn 0.974922 0.000000 -0.222545
vn 0.603347 0.635977 -0.481149
vn 0.603347 0.635978 -0.481149
vn 0.603347 0.635977 -0.481149
vn 0.603347 0.635978 -0.481149
vn 0.342283 0.614525 -0.710775
vn 0.342283 0.614525 -0.710775
vn 0.342283 0.614525 -0.710775
vn 0.342283 0.614525 -0.710775
vn 0.000000 0.501350 -0.865244
vn 0.000000 0.501351 -0.865244
vn 0.000000 0.501350 -0.865244
vn 0.000000 0.501351 -0.865244
vn -0.419374 0.256354 -0.870866
vn -0.419374 0.256354 -0.870866
vn -0.419374 0.256354 -0.870866
vn -0.419374 0.256354 -0.870866
vn -0.777830 -0.101088 -0.620291
vn -0.777830 -0.101088 -0.620291
vn -0.777830 -0.101088 -0.620291
vn -0.777831 -0.101088 -0.620291
vn -0.889629 -0.409076 -0.203019
vn -0.889630 -0.409076 -0.203019
vn -0.889630 -0.409076 -0.203019
vn -0.889630 -0.409076 -0.203019
vn -0.796414 -0.576796 0.181746
vn -0.796414 -0.576796 0.181746
vn -0.796414 -0.576796 0.181746
vn -0.796414 -0.576796 0.181746
vn -0.603346 -0.635979 0.481150
vn -0.603346 -0.635979 0.481150
vn -0.603346 -0.635979 0.481150
vn -0.603346 -0.635978 0.481150
vn -0.342294 -0.614494 0.710797
vn -0.342294 -0.614494 0.710797
vn -0.342294 -0.614494 0.710797
vn -0.342294 -0.614494 0.710797
vn 0.000000 -0.501351 0.865244
vn 0.000000 -0.501350 0.865244
vn 0.000000 -0.501351 0.865244
vn 0.000000 -0.501350 0.865244
vn 0.419377 -0.256354 0.870865
vn 0.419377 -0.256354 0.870865
vn 0.419377 -0.256354 0.870865
vn 0.419377 -0.256354 0.870865
vn 0.777828 0.101088 0.620295
vn 0.777828 0.101088 0.620295
vn 0.777828 0.101088 0.620295
vn 0.777828 0.101088 0.620295
vn 0.889651 0.409026 0.203023
vn 0.889651 0.409026 0.203023
vn 0.889652 0.409026 0.203023
vn 0.889652 0.409026 0.203023
vn 0.796413 0.576797 -0.181746
vn 0.796413 0.576797 -0.181746
vn 0.796413 0.576797 -0.181746
vn 0.796413 0.576797 -0.181746
vn 0.781847 0.000000 -0.623471
vn 0.781847 0.000000 -0.623471
vn 0.781847 0.000000 -0.623471
vn 0.781847 0.000000 -0.623471
vn 0.433857 0.000000 -0.900982
vn 0.433857 0.000000 -0.900982
vn 0.433857 0.000000 -0.900982
vn 0.433857 0.000000 -0.900982
vn 0.000000 0.000000 -1.000000
vn 0.000000 0.000000 -1.000000
vn 0.000000 0.000000 -1.000000
vn 0.000000 0.000000 -1.000000
vn -0.433853 0.000000 -0.900984
vn -0.433853 0.000000 -0.900984
vn -0.433853 0.000000 -0.900984
vn -0.433853 0.000000 -0.900984
vn -0.781849 0.000000 -0.623468
vn -0.781849 0.000000 -0.623468
vn -0.781849 0.000000 -0.623468
vn -0.781849 0.000000 -0.623468
vn -0.974941 0.000000 -0.222463
vn -0.974941 0.000000 -0.222463
vn -0.974941 0.000000 -0.222463
vn -0.974941 0.000000 -0.222463
vn -0.974941 0.000000 0.222462
vn -0.974941 0.000000 0.222462
vn -0.974941 0.000000 0.222462
vn -0.974941 0.000000 0.222462
vn -0.781845 0.000000 0.623473
vn -0.781845 0.000000 0.623473
vn -0.781845 0.000000 0.623473
vn -0.781845 0.000000 0.623473
vn -0.433857 0.000000 0.900982
vn -0.433857 0.000000 0.900982
vn -0.433857 0.000000 0.900982
vn -0.433857 0.000000 0.900982
vn 0.000000 0.000000 1.000000
vn 0.000000 0.000000 1.000000
vn 0.000000 0.000000 1.000000
vn 0.000000 0.000000 1.000000
vn 0.433857 0.000000 0.900982
vn 0.433857 0.000000 0.900982
vn 0.433857 0.000000 0.900982
vn 0.433857 0.000000 0.900982
vn 0.781845 0.000000 0.623473
vn 0.781845 0.000000 0.623473
vn 0.781845 0.000000 0.623473
vn 0.781845 0.000000 0.623473
vn 0.974932 0.000000 0.222503
vn 0.974932 0.000000 0.222503
vn 0.974932 0.000000 0.222503
vn 0.974932 0.000000 0.222503
vn 0.974932 0.000000 -0.222504
vn 0.974932 0.000000 -0.222504
vn 0.974932 0.000000 -0.222504
vn 0.974932 0.000000 -0.222504
vn -0.033985 0.000000 0.999422
vn 0.033985 0.000000 0.999422
vn 0.034167 0.000000 0.999416
vn -0.034167 0.000000 0.999416
vn 0.000000 1.000000 0.000000
vn 0.000000 1.000000 0.000000
vn 0.000000 1.000000 0.000000
vn 0.000000 1.000000 0.000000
vn 0.034168 0.000000 -0.999416
vn -0.034168 0.000000 -0.999416
vn -0.033986 0.000000 -0.999422
vn 0.033986 0.000000 -0.999422
vn 0.000000 -1.000000 0.000000
vn 0.000000 -1.000000 0.000000
vn 0.000000 -1.000000 0.000000
vn 0.000000 -1.000000 0.000000
vn 1.000000 0.000000 0.000000
vn 1.000000 0.000000 0.000000
vn 1.000000 0.000000 0.000000
vn 1.000000 0.000000 0.000000
vn -1.000000 0.000000 0.000000
vn -1.000000 0.000000 0.000000
vn -1.000000 0.000000 0.000000
vn -1.000000 0.000000 0.000000
vn -0.032808 0.000000 0.999462
vn 0.032808 0.000000 0.999462
vn 1.000000 0.000000 0.000000
vn 1.000000 0.000000 0.000000
vn 1.000000 0.000000 0.000000
vn 1.000000 0.000000 0.000000
vn -0.032809 0.000000 -0.999462
vn 0.032809 0.000000 -0.999462
vn -1.000000 0.000000 0.000000
vn -1.000000 0.000000 0.000000
vn -1.000000 0.000000 0.000000
vn -1.000000 0.000000 0.000000
vn -0.032259 0.000000 0.999480
vn 0.032259 0.000000 0.999480
vn 1.000000 0.000000 0.000000
vn 1.000000 0.000000 0.000000
vn 1.000000 0.000000 0.000000
vn 1.000000 0.000000 0.000000
vn -0.032260 0.000000 -0.999480
vn 0.032259 0.000000 -0.999480
vn -1.000000 0.000000 0.000000
vn -1.000000 0.000000 0.000000
vn -1.000000 0.000000 0.000000
vn -1.000000 0.000000 0.000000
vn 0.147899 0.000000 -0.989002
vn -0.147900 0.000000 -0.989002
vn 1.000000 0.000000 0.000000
vn 1.000000 0.000000 0.000000
vn 1.000000 0.000000 0.000000
vn 1.000000 0.000000 0.000000
vn 0.147896 0.000000 0.989003
vn -0.147896 0.000000 0.989003
vn -1.000000 0.000000 0.000000
vn -1.000000 0.000000 0.000000
vn -1.000000 0.000000 0.000000
vn -1.000000 0.000000 0.000000
vn -0.147897 0.000000 0.989003
vn 0.147897 0.000000 0.989003
vn 1.000000 0.000000 0.000000
vn 1.000000 0.000000 0.000000
vn 1.000000 0.000000 0.000000
vn 1.000000 0.000000 0.000000
vn -0.147899 0.000000 -0.989002
vn 0.147899 0.000000 -0.989003
vn -1.000000 0.000000 0.000000
vn -1.000000 0.000000 0.000000
vn -1.000000 0.000000 0.000000
vn -1.000000 0.000000 0.000000
vn 0.000000 -1.000000 0.000000
vn 0.000000 -1.000000 0.000000
vn 0.000000 -1.000000 0.000000
vn 0.000000 -1.000000 0.000000
vn -0.474463 0.000000 -0.880275
vn -0.474463 0.000000 -0.880275
vn 0.000000 1.000000 0.000000
vn 0.000000 1.000000 0.000000
vn 0.000000 1.000000 0.000000
vn 0.000000 1.000000 0.000000
vn 0.474455 0.000000 0.880280
vn 0.474455 0.000000 0.880280
vn 0.000000 -1.000000 0.000000
vn 0.000000 -1.000000 0.000000
vn 0.000000 -1.000000 0.000000
vn 0.000000 -1.000000 0.000000
vn -0.474454 0.000000 0.880280
vn -0.474454 0.000000 0.880280
vn 0.000000 1.000000 0.000000
vn 0.000000 1.000000 0.000000
vn 0.000000 1.000000 0.000000
vn 0.000000 1.000000 0.000000
vn 0.474461 0.000000 -0.880276
vn 0.474461 0.000000 -0.880276
vn 0.000000 -1.000000 0.000000
vn 0.000000 -1.000000 0.000000
vn 0.000000 -1.000000 0.000000
vn 0.000000 -1.000000 0.000000
vn -0.474464 0.000000 -0.880275
vn -0.474464 0.000000 -0.880275
vn 0.000000 1.000000 0.000000
vn 0.000000 1.000000 0.000000
vn 0.474455 0.000000 0.880280
vn 0.474455 0.000000 0.880280
vn 0.000000 -1.000000 0.000000
vn 0.000000 -1.000000 0.000000
vn 0.000000 -1.000000 0.000000
vn 0.000000 -1.000000 0.000000
vn -0.474454 0.000000 0.880280
vn -0.474454 0.000000 0.880280
vn 0.000000 1.000000 0.000000
vn 0.000000 1.000000 0.000000
vn 0.474461 0.000000 -0.880276
vn 0.474461 0.000000 -0.880276
vn 0.000000 -1.000000 0.000000
vn 0.000000 -1.000000 0.000000
vn -0.474463 0.000000 -0.880276
vn -0.474463 0.000000 -0.880276
vn 0.000000 1.000000 0.000000
vn 0.000000 1.000000 0.000000
vn 0.000000 1.000000 0.000000
vn 0.000000 1.000000 0.000000
vn 0.474455 0.000000 0.880279
vn 0.474455 0.000000 0.880279
vn 0.000000 -1.000000 0.000000
vn 0.000000 -1.000000 0.000000
vn -0.474454 0.000000 0.880280
vn -0.474454 0.000000 0.880280
vn 0.000000 1.000000 0.000000
vn 0.000000 1.000000 0.000000
vn 0.000000 1.000000 0.000000
vn 0.000000 1.000000 0.000000
vn 0.474460 0.000000 -0.880277
vn 0.474460 0.000000 -0.880277
vn 0.000000 -1.000000 0.000000
vn 0.000000 -1.000000 0.000000
vn 0.000000 1.000000 0.000000
vn 0.000000 1.000000 0.000000
vn 0.474455 0.000000 0.880280
vn 0.474455 0.000000 0.880280
vn 0.000000 -1.000000 0.000000
vn 0.000000 -1.000000 0.000000
vn -0.474455 0.000000 0.880280
vn -0.474455 0.000000 0.880280
vn 0.000000 1.000000 0.000000
vn 0.000000 1.000000 0.000000
vn 0.000000 -1.000000 0.000000
vn 0.000000 -1.000000 0.000000
vn 0.000000 1.000000 0.000000
vn 0.000000 1.000000 0.000000
vn 0.474455 0.000000 0.880280
vn 0.474455 0.000000 0.880280
vn 0.000000 -1.000000 0.000000
vn 0.000000 -1.000000 0.000000
vn -0.474455 0.000000 0.880280
vn -0.474455 0.000000 0.880280
vn 0.000000 1.000000 0.000000
vn 0.000000 1.000000 0.000000
vn 0.000000 -1.000000 0.000000
vn 0.000000 -1.000000 0.000000
vn 0.000000 1.000000 0.000000
vn 0.000000 1.000000 0.000000
vn 0.474454 0.000000 0.880280
vn 0.474454 0.000000 0.880280
vn 0.000000 -1.000000 0.000000
vn 0.000000 -1.000000 0.000000
vn -0.474454 0.000000 0.880280
vn -0.474454 0.000000 0.880280
vn 0.000000 1.000000 0.000000
vn 0.000000 1.000000 0.000000
vn -1.000000 0.000000 0.000000
vn -1.000000 0.000000 0.000000
vn -0.991666 0.000000 0.128837
vn -0.991666 0.000000 0.128837
vn 0.000000 1.000000 0.000000
vn 0.000000 1.000000 0.000000
vn 0.000000 1.000000 0.000000
vn 0.000000 1.000000 0.000000
vn 1.000000 0.000000 0.000000
vn 1.000000 0.000000 0.000000
vn 0.991666 0.000000 -0.128836
vn 0.991666 0.000000 -0.128836
vn 0.000000 -1.000000 0.000000
vn 0.000000 -1.000000 0.000000
vn 0.000000 -1.000000 0.000000
vn 0.000000 -1.000000 0.000001
vn 1.000000 0.000000 0.000000
vn 1.000000 0.000000 0.000000
vn 0.991666 0.000000 0.128838
vn 0.991666 0.000000 0.128838
vn 0.000000 -1.000000 0.000000
vn 0.000000 -1.000000 0.000000
vn 0.000000 -1.000000 0.000000
vn 0.000000 -1.000000 0.000000
vn -1.000000 0.000000 0.000000
vn -1.000000 0.000000 0.000000
vn -0.991666 0.000000 -0.128837
vn -0.991666 0.000000 -0.128837
vn 0.000000 1.000000 0.000000
vn 0.000000 1.000000 0.000000
vn 0.000000 1.000000 -0.000000
vn 0.000000 1.000000 -0.000001
vn -1.000000 0.000000 0.000000
vn -1.000000 0.000000 0.000000
vn -1.000000 0.000000 0.000000
vn -1.000000 0.000000 0.000000
vn 0.000000 1.000000 0.000000
vn 0.000000 1.000000 0.000000
vn 0.000000 1.000000 0.000000
vn 0.000000 1.000000 0.000000
vn 1.000000 0.000000 0.000000
vn 1.000000 0.000000 0.000000
vn 1.000000 0.000000 0.000000
vn 1.000000 0.000000 0.000000
vn 0.000000 -1.000000 0.000000
vn 0.000000 -1.000000 0.000000
vn 0.000000 -1.000000 0.000000
vn 0.000000 -1.000000 0.000000
vn 1.000000 0.000000 0.000000
vn 1.000000 0.000000 0.000000
vn 1.000000 0.000000 0.000000
vn 1.000000 0.000000 0.000000
vn 0.000000 -1.000000 0.000000
vn 0.000000 -1.000000 0.000000
vn 0.000000 -1.000000 0.000000
vn 0.000000 -1.000000 0.000000
vn -1.000000 0.000000 0.000000
vn -1.000000 0.000000 0.000000
vn -1.000000 0.000000 0.000000
vn -1.000000 0.000000 0.000000
vn 0.000000 1.000000 0.000000
vn 0.000000 1.000000 0.000000
vn 0.000000 1.000000 0.000000
vn 0.000000 1.000000 0.000000
vn -1.000000 0.000000 0.000000
vn -1.000000 0.000000 0.000000
vn -0.991666 0.000000 0.128836
vn -0.991666 0.000000 0.128836
vn 0.000000 1.000000 0.000000
vn 0.000000 1.000000 0.000000
vn 0.000000 1.000000 0.000000
vn 0.000000 1.000000 0.000000
vn 1.000000 0.000000 0.000000
vn 1.000000 0.000000 0.000000
vn 0.991666 0.000000 -0.128836
vn 0.991666 0.000000 -0.128836
vn 0.000000 -1.000000 0.000000
vn 0.000000 -1.000000 0.000000
vn 0.000000 -1.000000 0.000000
vn 0.000000 -1.000000 0.000000
vn 1.000000 0.000000 0.000000
vn 1.000000 0.000000 0.000000
vn 0.991666 0.000000 0.128837
vn 0.991666 0.000000 0.128837
vn 0.000000 -1.000000 0.000000
vn 0.000000 -1.000000 0.000000
vn 0.000000 -1.000000 0.000000
vn 0.000000 -1.000000 0.000000
vn -1.000000 0.000000 0.000000
vn -1.000000 0.000000 0.000000
vn -0.991666 0.000000 -0.128837
vn -0.991666 0.000000 -0.128837
vn 0.000000 1.000000 0.000000
vn 0.000000 1.000000 0.000000
vn 0.000000 1.000000 0.000000
vn 0.000000 1.000000 0.000000
vn 0.000000 0.000000 0.000000
vn 0.000000 0.000000 0.000000
vn 0.000000 0.000000 0.000000
vn 0.000000 0.000000 0.000000
vn 0.000000 0.000000 0.000000
vn 0.000000 0.000000 0.000000
vn 0.000000 0.000000 0.000000
vn 0.000000 0.000000 0.000000
vn 0.000000 0.000000 0.000000
vn 0.000000 0.000000 0.000000
vn 0.000000 0.000000 0.000000
vn 0.000000 0.000000 0.000000
vn 0.000000 0.000000 0.000000
vn 0.000000 0.000000 0.000000
vn 0.000000 0.000000 0.000000
vn 0.000000 0.000000 0.000000
vn 0.000000 0.000000 0.000000
vn 0.000000 0.000000 0.000000
vn 0.000000 0.000000 0.000000
vn 0.000000 0.000000 0.000000
vn 0.000000 0.000000 0.000000
vn 0.000000 0.000000 0.000000
vn 0.000000 0.000000 0.000000
vn 0.000000 0.000000 0.000000
vn 0.000000 0.000000 0.000000
vn 0.000000 0.000000 0.000000
vn 0.000000 0.000000 0.000000
vn 0.000000 0.000000 0.000000
vn 0.000000 0.000000 0.000000
vn 0.000000 0.000000 0.000000
vn 0.000000 0.000000 0.000000
vn 0.000000 0.000000 0.000000
vn -0.880278 0.000000 0.474458
vn -0.880278 0.000000 0.474458
vn -0.880278 0.000000 0.474458
vn -0.880278 0.000000 0.474458
vn 0.000000 1.000000 0.000000
vn 0.000000 1.000000 0.000000
vn 0.000000 1.000000 0.000000
vn 0.000000 1.000000 0.000000
vn 0.880285 0.000000 -0.474444
vn 0.880285 0.000000 -0.474444
vn 0.880285 0.000000 -0.474444
vn 0.880285 0.000000 -0.474444
vn 0.000000 -1.000000 -0.000004
vn 0.000000 -1.000000 -0.000004
vn 0.000000 -1.000000 -0.000004
vn 0.000000 -1.000000 -0.000004
vn 0.880278 0.000000 0.474458
vn 0.880278 0.000000 0.474458
vn 0.880278 0.000000 0.474458
vn 0.880278 0.000000 0.474458
vn 0.000000 -1.000000 0.000000
vn 0.000000 -1.000000 0.000000
vn 0.000000 -1.000000 0.000000
vn 0.000000 -1.000000 0.000000
vn -0.880285 0.000000 -0.474444
vn -0.880285 0.000000 -0.474444
vn -0.880285 0.000000 -0.474444
vn -0.880285 0.000000 -0.474444
vn 0.000000 1.000000 -0.000002
vn 0.000000 1.000000 -0.000002
vn 0.000000 1.000000 -0.000002
vn 0.000000 1.000000 -0.000002
vn 0.000000 0.000000 1.000000
vn 0.000000 0.000000 1.000000
vn 0.000000 0.000000 1.000000
vn 0.000000 0.000000 1.000000
vn 0.000000 1.000000 0.000000
vn 0.000000 1.000000 0.000000
vn 0.000000 1.000000 0.000000
vn 0.000000 1.000000 0.000000
vn 0.000000 0.000000 -1.000000
vn 0.000000 0.000000 -1.000000
vn 0.000000 0.000000 -1.000000
vn 0.000000 0.000000 -1.000000
vn 0.000000 -1.000000 -0.000010
vn 0.000000 -1.000000 -0.000010
vn 0.000000 -1.000000 -0.000010
vn 0.000000 -1.000000 -0.000010
vn 0.000000 0.000000 1.000000
vn 0.000000 0.000000 1.000000
vn 0.000000 0.000000 1.000000
vn 0.000000 0.000000 1.000000
vn 0.000000 -1.000000 0.000000
vn 0.000000 -1.000000 0.000000
vn 0.000000 -1.000000 0.000000
vn 0.000000 -1.000000 0.000000
vn 0.000000 0.000000 -1.000000
vn 0.000000 0.000000 -1.000000
vn 0.000000 0.000000 -1.000000
vn 0.000000 0.000000 -1.000000
vn 0.000000 1.000000 0.000000
vn 0.000000 1.000000 0.000000
vn 0.000000 1.000000 0.000000
vn 0.000000 1.000000 0.000000
vn 0.000000 0.000000 1.000000
vn 0.000000 0.000000 1.000000
vn 0.000000 0.000000 1.000000
vn 0.000000 0.000000 1.000000
vn 0.000000 1.000000 0.000006
vn 0.000000 1.000000 0.000006
vn 0.000000 1.000000 0.000006
vn 0.000000 1.000000 0.000006
vn 0.000000 0.000000 -1.000000
vn 0.000000 0.000000 -1.000000
vn 0.000000 0.000000 -1.000000
vn 0.000000 0.000000 -1.000000
vn 0.000000 -1.000000 0.000000
vn 0.000000 -1.000000 0.000000
vn 0.000000 -1.000000 0.000000
vn 0.000000 -1.000000 0.000000
vn -0.880283 0.000000 0.474450
vn -0.880283 0.000000 0.474450
vn 0.000000 1.000000 0.000000
vn 0.000000 1.000000 0.000000
vn 0.880291 0.000000 -0.474434
vn 0.880291 0.000000 -0.474434
vn 0.000000 -1.000000 0.000002
vn 0.000000 -1.000000 0.000002
vn 0.880280 0.000000 0.474454
vn 0.880280 0.000000 0.474454
vn 0.000000 -1.000000 0.000000
vn 0.000000 -1.000000 0.000000
vn -0.880289 0.000000 -0.474438
vn -0.880289 0.000000 -0.474438
vn 0.000000 1.000000 -0.000002
vn 0.000000 1.000000 -0.000002
vn -0.880288 0.000000 0.474440
vn -0.880288 0.000000 0.474440
vn 0.000000 1.000000 0.000000
vn 0.000000 1.000000 0.000000
vn 0.880291 0.000000 -0.474434
vn 0.880291 0.000000 -0.474434
vn 0.000000 -1.000000 0.000000
vn 0.000000 -1.000000 0.000000
vn 0.880286 0.000000 0.474444
vn 0.880286 0.000000 0.474444
vn 0.000000 -1.000000 0.000000
vn 0.000000 -1.000000 0.000000
vn -0.880288 0.000000 -0.474439
vn -0.880288 0.000000 -0.474439
vn 0.000000 1.000000 0.000000
vn 0.000000 1.000000 0.000000
vn 0.000000 0.000000 1.000000
vn 0.000000 0.000000 1.000000
vn 0.000000 0.000000 1.000000
vn 0.000000 0.000000 1.000000
vn 0.000000 1.000000 0.000000
vn 0.000000 1.000000 0.000000
vn 0.000000 1.000000 0.000000
vn 0.000000 1.000000 0.000000
vn 0.000000 0.000000 -1.000000
vn 0.000000 0.000000 -1.000000
vn 0.000000 0.000000 -1.000000
vn 0.000000 0.000000 -1.000000
vn 0.000000 -1.000000 0.000006
vn 0.000000 -1.000000 0.000006
vn 0.000000 -1.000000 0.000006
vn 0.000000 -1.000000 0.000006
vn 0.000000 0.000000 1.000000
vn 0.000000 0.000000 1.000000
vn 0.000000 0.000000 1.000000
vn 0.000000 0.000000 1.000000
vn 0.000000 -1.000000 0.000000
vn 0.000000 -1.000000 0.000000
vn 0.000000 -1.000000 0.000000
vn 0.000000 -1.000000 0.000000
vn 0.000000 0.000000 -1.000000
vn 0.000000 0.000000 -1.000000
vn 0.000000 0.000000 -1.000000
vn 0.000000 0.000000 -1.000000
vn 0.000000 1.000000 0.000000
vn 0.000000 1.000000 0.000000
vn 0.000000 1.000000 0.000000
vn 0.000000 1.000000 0.000000
vn 0.000000 0.000000 1.000000
vn 0.000000 0.000000 1.000000
vn 0.000000 0.000000 1.000000
vn 0.000000 0.000000 1.000000
vn 0.000000 1.000000 0.000000
vn 0.000000 1.000000 0.000000
vn 0.000000 1.000000 0.000000
vn 0.000000 1.000000 0.000000
vn 0.000000 0.000000 -1.000000
vn 0.000000 0.000000 -1.000000
vn 0.000000 0.000000 -1.000000
vn 0.000000 0.000000 -1.000000
vn 0.000000 -1.000000 0.000000
vn 0.000000 -1.000000 0.000000
vn 0.000000 -1.000000 0.000000
vn 0.000000 -1.000000 0.000000
vn 0.000000 0.000000 1.000000
vn 0.000000 0.000000 1.000000
vn 0.000000 0.000000 1.000000
vn 0.000000 0.000000 1.000000
vn 0.000000 1.000000 0.000000
vn 0.000000 1.000000 0.000000
vn 0.000000 1.000000 0.000000
vn 0.000000 1.000000 0.000000
vn 0.000000 0.000000 -1.000000
vn 0.000000 0.000000 -1.000000
vn 0.000000 0.000000 -1.000000
vn 0.000000 0.000000 -1.000000
vn 0.000000 -1.000000 0.000000
vn 0.000000 -1.000000 0.000000
vn 0.000000 -1.000000 0.000000
vn 0.000000 -1.000000 0.000000
vn 0.000000 0.000000 1.000000
vn 0.000000 0.000000 1.000000
vn 0.000000 0.000000 1.000000
vn 0.000000 0.000000 1.000000
vn 0.000000 -1.000000 -0.000003
vn 0.000000 -1.000000 -0.000003
vn 0.000000 -1.000000 -0.000003
vn 0.000000 -1.000000 -0.000003
vn 0.000000 0.000000 -1.000000
vn 0.000000 0.000000 -1.000000
vn 0.000000 0.000000 -1.000000
vn 0.000000 0.000000 -1.000000
vn 0.000000 1.000000 0.000006
vn 0.000000 1.000000 0.000006
vn 0.000000 1.000000 0.000006
vn 0.000000 1.000000 0.000006
vn 0.000000 0.000000 1.000000
vn 0.000000 0.000000 1.000000
vn 0.000000 0.000000 1.000000
vn 0.000000 0.000000 1.000000
vn 0.000000 1.000000 -0.000006
vn 0.000000 1.000000 -0.000006
vn 0.000000 1.000000 -0.000006
vn 0.000000 1.000000 -0.000006
vn 0.000000 0.000000 -1.000000
vn 0.000000 0.000000 -1.000000
vn 0.000000 0.000000 -1.000000
vn 0.000000 0.000000 -1.000000
vn 0.000000 -1.000000 0.000000
vn 0.000000 -1.000000 0.000000
vn 0.000000 -1.000000 0.000000
vn 0.000000 -1.000000 0.000000
vn 0.000000 0.000000 1.000000
vn 0.000000 0.000000 1.000000
vn 0.000000 0.000000 1.000000
vn 0.000000 0.000000 1.000000
vn 0.000000 1.000000 0.000000
vn 0.000000 1.000000 0.000000
vn 0.000000 1.000000 0.000000
vn 0.000000 1.000000 0.000000
vn 0.000000 0.000000 -1.000000
vn 0.000000 0.000000 -1.000000
vn 0.000000 0.000000 -1.000000
vn 0.000000 0.000000 -1.000000
vn 0.000000 -1.000000 0.000000
vn 0.000000 -1.000000 0.000000
vn 0.000000 -1.000000 0.000000
vn 0.000000 -1.000000 0.000000
vn 1.000000 0.000000 0.000000
vn 1.000000 0.000000 0.000000
vn 1.000000 0.000000 0.000000
vn 1.000000 0.000000 0.000000
vn -1.000000 0.000000 0.000000
vn -1.000000 0.000000 0.000000
vn -1.000000 0.000000 0.000000
vn -1.000000 0.000000 0.000000
vn 0.000000 0.000000 1.000000
vn 0.000000 0.000000 1.000000
vn 0.000000 0.000000 1.000000
vn 0.000000 0.000000 1.000000
vn 0.000000 1.000000 0.000000
vn 0.000000 1.000000 0.000000
vn 0.000000 1.000000 0.000000
vn 0.000000 1.000000 0.000000
vn 0.000000 0.000000 -1.000000
vn 0.000000 0.000000 -1.000000
vn 0.000000 0.000000 -1.000000
vn 0.000000 0.000000 -1.000000
vn 0.000000 -1.000000 0.000000
vn 0.000000 -1.000000 0.000000
vn 0.000000 -1.000000 0.000000
vn 0.000000 -1.000000 0.000000
vn 1.000000 0.000000 0.000000
vn 1.000000 0.000000 0.000000
vn 1.000000 0.000000 0.000000
vn 1.000000 0.000000 0.000000
vn -1.000000 0.000000 0.000000
vn -1.000000 0.000000 0.000000
vn -1.000000 0.000000 0.000000
vn -1.000000 0.000000 0.000000
vn 0.000000 0.781833 -0.623488
vn 0.000000 0.781833 -0.623488
vn 0.000000 0.781833 -0.623488
vn 0.000000 0.781833 -0.623488
vn 0.000000 0.433886 -0.900968
vn 0.000000 0.433886 -0.900968
vn 0.000000 0.433886 -0.900968
vn 0.000000 0.433886 -0.900968
vn 0.000000 0.000000 -1.000000
vn 0.000000 0.000000 -1.000000
vn 0.000000 0.000000 -1.000000
vn 0.000000 0.000000 -1.000000
vn 0.000000 -0.433886 -0.900968
vn 0.000000 -0.433886 -0.900968
vn 0.000000 -0.433886 -0.900968
vn 0.000000 -0.433886 -0.900968
vn 0.000000 -0.781831 -0.623490
vn 0.000000 -0.781831 -0.623490
vn 0.000000 -0.781831 -0.623490
vn 0.000000 -0.781831 -0.623490
vn 0.000000 -0.974928 -0.222521
vn 0.000000 -0.974928 -0.222521
vn 0.000000 -0.974928 -0.222521
vn 0.000000 -0.974928 -0.222521
vn 0.000000 -0.974928 0.222521
vn 0.000000 -0.974928 0.222521
vn 0.000000 -0.974928 0.222521
vn 0.000000 -0.974928 0.222521
vn 0.000000 -0.781834 0.623486
vn 0.000000 -0.781834 0.623486
vn 0.000000 -0.781834 0.623486
vn 0.000000 -0.781834 0.623486
vn 0.000000 -0.433881 0.900970
vn 0.000000 -0.433881 0.900970
vn 0.000000 -0.433881 0.900970
vn 0.000000 -0.433881 0.900970
vn 0.000000 0.000000 1.000000
vn 0.000000 0.000000 1.000000
vn 0.000000 0.000000 1.000000
vn 0.000000 0.000000 1.000000
vn 0.000000 0.433882 0.900970
vn 0.000000 0.433882 0.900970
vn 0.000000 0.433882 0.900970
vn 0.000000 0.433882 0.900970
vn 0.000000 0.781830 0.623491
vn 0.000000 0.781830 0.623491
vn 0.000000 0.781830 0.623491
vn 0.000000 0.781830 0.623491
vn 0.000000 0.974928 0.222521
vn 0.000000 0.974928 0.222521
vn 0.000000 0.974928 0.222521
vn 0.000000 0.974928 0.222521
vn 0.000000 0.974928 -0.222521
vn 0.000000 0.974928 -0.222521
vn 0.000000 0.974928 -0.222521
vn 0.000000 0.974928 -0.222521
vn 1.000000 -0.000000 0.000000
vn 1.000000 0.000004 0.000000
vn 1.000000 0.000000 0.000000
vn 1.000000 -0.000004 0.000000
vn 1.000000 0.000004 0.000000
vn 1.000000 0.000002 0.000000
vn 1.000000 -0.000002 0.000000
vn 1.000000 0.000001 0.000000
vn 1.000000 0.000001 0.000000
vn 1.000000 0.000000 0.000000
vn 1.000000 0.000000 0.000000
vn 1.000000 0.000000 0.000000
vn 1.000000 0.000000 0.000000
vn 1.000000 -0.000001 0.000000
vn 1.000000 -0.000001 0.000000
vn -1.000000 0.000003 0.000000
vn -1.000000 -0.000001 0.000000
vn -1.000000 -0.000001 0.000000
vn -1.000000 -0.000004 0.000000
vn -1.000000 0.000000 0.000000
vn -1.000000 -0.000004 0.000000
vn -1.000000 -0.000004 0.000000
vn -1.000000 -0.000001 0.000000
vn -1.000000 0.000001 0.000000
vn -1.000000 -0.000002 0.000000
vn -1.000000 -0.000004 0.000000
vn -1.000000 0.000005 0.000000
vn -1.000000 0.000005 0.000000
vn -1.000000 0.000001 0.000000
vn -1.000000 0.000001 0.000000
vn 1.000000 0.000000 0.000000
vn 1.000000 0.000000 0.000000
vn 0.000000 -0.623495 -0.781828
vn 0.000000 -0.623495 -0.781828
vn 0.000000 -0.623495 -0.781828
vn 0.000000 -0.623495 -0.781828
vn -1.000000 0.000005 0.000000
vn -1.000000 0.000005 0.000000
vn 0.000000 0.623486 0.781835
vn 0.000000 0.623486 0.781835
vn 0.000000 0.623486 0.781835
vn 0.000000 0.623486 0.781835
vn 1.000000 0.000000 0.000000
vn 1.000000 0.000000 0.000000
vn 0.000000 -1.000000 0.000000
vn 0.000000 -1.000000 0.000000
vn 0.000000 -1.000000 0.000000
vn 0.000000 -1.000000 0.000000
vn -1.000000 0.000000 0.000000
vn -1.000000 0.000000 0.000000
vn 0.000000 1.000000 0.000000
vn 0.000000 1.000000 0.000000
vn 0.000000 1.000000 0.000000
vn 0.000000 1.000000 0.000000
vn 1.000000 0.000000 0.000000
vn 1.000000 0.000000 0.000000
vn 0.000000 -0.623492 0.781830
vn 0.000000 -0.623492 0.781830
vn 0.000000 -0.623492 0.781830
vn 0.000000 -0.623492 0.781830
vn -1.000000 0.000000 0.000000
vn -1.000000 0.000000 0.000000
vn 0.000000 0.623495 -0.781828
vn 0.000000 0.623495 -0.781828
vn 0.000000 0.623495 -0.781828
vn 0.000000 0.623495 -0.781828
vn 1.000000 0.000006 0.000000
vn 1.000000 0.000006 0.000000
vn 0.000000 0.222537 0.974924
vn 0.000000 0.222537 0.974924
vn 0.000000 0.222537 0.974924
vn 0.000000 0.222537 0.974924
vn -1.000000 -0.000004 0.000000
vn -1.000000 -0.000004 0.000000
vn 0.000000 -0.222520 -0.974928
vn 0.000000 -0.222520 -0.974928
vn 0.000000 -0.222520 -0.974928
vn 0.000000 -0.222520 -0.974928
vn 1.000000 0.000000 0.000000
vn 1.000000 0.000000 0.000000
vn 0.000000 0.900971 0.433880
vn 0.000000 0.900971 0.433880
vn 0.000000 0.900971 0.433880
vn 0.000000 0.900971 0.433880
vn -1.000000 0.000000 0.000000
vn -1.000000 0.000000 0.000000
vn 0.000000 -0.900968 -0.433885
vn 0.000000 -0.900968 -0.433885
vn 0.000000 -0.900968 -0.433885
vn 0.000000 -0.900968 -0.433885
vn 1.000000 0.000000 0.000000
vn 1.000000 0.000000 0.000000
vn 0.000000 0.900971 -0.433880
vn 0.000000 0.900971 -0.433880
vn 0.000000 0.900971 -0.433880
vn 0.000000 0.900971 -0.433880
vn -1.000000 0.000005 0.000000
vn -1.000000 0.000005 0.000000
vn 0.000000 -0.900971 0.433880
vn 0.000000 -0.900971 0.433880
vn 0.000000 -0.900971 0.433880
vn 0.000000 -0.900971 0.433880
vn 1.000000 -0.000004 0.000000
vn 1.000000 -0.000004 0.000000
vn 0.000000 0.222520 -0.974928
vn 0.000000 0.222520 -0.974928
vn 0.000000 0.222520 -0.974928
vn 0.000000 0.222520 -0.974928
vn -1.000000 0.000005 0.000000
vn -1.000000 0.000005 0.000000
vn 0.000000 -0.222520 0.974928
vn 0.000000 -0.222520 0.974928
vn 0.000000 -0.222520 0.974928
vn 0.000000 -0.222520 0.974928
vn 0.000000 0.781835 -0.623485
vn 0.000000 0.781835 -0.623485
vn 0.000000 0.781835 -0.623485
vn 0.000000 0.781835 -0.623485
vn 0.000000 0.433886 -0.900968
vn 0.000000 0.433886 -0.900968
vn 0.000000 0.433886 -0.900968
vn 0.000000 0.433886 -0.900968
vn 0.000000 0.000000 -1.000000
vn 0.000000 0.000000 -1.000000
vn 0.000000 0.000000 -1.000000
vn 0.000000 0.000000 -1.000000
vn 0.000000 -0.433886 -0.900968
vn 0.000000 -0.433886 -0.900968
vn 0.000000 -0.433886 -0.900968
vn 0.000000 -0.433886 -0.900968
vn 0.000000 -0.781833 -0.623488
vn 0.000000 -0.781833 -0.623488
vn 0.000000 -0.781833 -0.623488
vn 0.000000 -0.781833 -0.623488
vn 0.000000 -0.974927 -0.222524
vn 0.000000 -0.974927 -0.222524
vn 0.000000 -0.974927 -0.222524
vn 0.000000 -0.974927 -0.222524
vn 0.000000 -0.974928 0.222521
vn 0.000000 -0.974928 0.222521
vn 0.000000 -0.974928 0.222521
vn 0.000000 -0.974928 0.222521
vn 0.000000 -0.781835 0.623485
vn 0.000000 -0.781835 0.623485
vn 0.000000 -0.781835 0.623485
vn 0.000000 -0.781835 0.623485
vn 0.000000 -0.433882 0.900970
vn 0.000000 -0.433882 0.900970
vn 0.000000 -0.433882 0.900970
vn 0.000000 -0.433882 0.900970
vn 0.000000 0.000000 1.000000
vn 0.000000 0.000000 1.000000
vn 0.000000 0.000000 1.000000
vn 0.000000 0.000000 1.000000
vn 0.000000 0.433884 0.900969
vn 0.000000 0.433884 0.900969
vn 0.000000 0.433884 0.900969
vn 0.000000 0.433884 0.900969
vn 0.000000 0.781831 0.623490
vn 0.000000 0.781831 0.623490
vn 0.000000 0.781831 0.623490
vn 0.000000 0.781831 0.623490
vn 0.000000 0.974928 0.222521
vn 0.000000 0.974928 0.222521
vn 0.000000 0.974928 0.222521
vn 0.000000 0.974928 0.222521
vn 0.000000 0.974928 -0.222521
vn 0.000000 0.974928 -0.222521
vn 0.000000 0.974928 -0.222521
vn 0.000000 0.974928 -0.222521
vn 1.000000 0.000003 0.000000
vn 1.000000 0.000003 0.000000
vn 1.000000 0.000000 0.000000
vn 1.000000 0.000000 0.000000
vn 1.000000 0.000000 0.000000
vn 1.000000 0.000000 0.000000
vn 1.000000 0.000000 0.000000
vn 1.000000 -0.000002 0.000000
vn 1.000000 -0.000002 0.000000
vn 1.000000 0.000004 0.000000
vn 1.000000 0.000004 0.000000
vn 1.000000 -0.000004 0.000000
vn 1.000000 -0.000004 0.000000
vn 1.000000 0.000001 0.000000
vn 1.000000 0.000001 0.000000
vn -1.000000 0.000000 0.000000
vn -1.000000 -0.000004 0.000000
vn -1.000000 0.000000 0.000000
vn -1.000000 -0.000004 0.000000
vn -1.000000 0.000004 0.000000
vn -1.000000 0.000004 0.000000
vn -1.000000 0.000000 0.000000
vn -1.000000 0.000000 0.000000
vn -1.000000 0.000002 0.000000
vn -1.000000 -0.000002 0.000000
vn -1.000000 -0.000004 0.000000
vn -1.000000 0.000004 0.000000
vn -1.000000 0.000004 0.000000
vn -1.000000 0.000000 0.000000
vn -1.000000 0.000000 0.000000
vn 1.000000 0.000014 0.000000
vn 1.000000 0.000014 0.000000
vn 0.000000 -0.623492 -0.781830
vn 0.000000 -0.623492 -0.781830
vn 0.000000 -0.623492 -0.781830
vn 0.000000 -0.623492 -0.781830
vn -1.000000 0.000000 0.000000
vn -1.000000 0.000000 0.000000
vn 0.000000 0.623489 0.781832
vn 0.000000 0.623489 0.781832
vn 0.000000 0.623489 0.781832
vn 0.000000 0.623489 0.781832
vn 1.000000 0.000000 0.000000
vn 1.000000 0.000000 0.000000
vn 0.000000 -1.000000 0.000000
vn 0.000000 -1.000000 0.000000
vn 0.000000 -1.000000 0.000000
vn 0.000000 -1.000000 0.000000
vn -1.000000 0.000000 0.000000
vn -1.000000 0.000000 0.000000
vn 0.000000 1.000000 0.000000
vn 0.000000 1.000000 0.000000
vn 0.000000 1.000000 0.000000
vn 0.000000 1.000000 0.000000
vn 1.000000 0.000000 0.000000
vn 1.000000 0.000000 0.000000
vn 0.000000 -0.623492 0.781830
vn 0.000000 -0.623492 0.781830
vn 0.000000 -0.623492 0.781830
vn 0.000000 -0.623492 0.781830
vn -1.000000 0.000000 0.000000
vn -1.000000 0.000000 0.000000
vn 0.000000 0.623495 -0.781828
vn 0.000000 0.623495 -0.781828
vn 0.000000 0.623495 -0.781828
vn 0.000000 0.623495 -0.781828
vn 1.000000 -0.000007 0.000000
vn 1.000000 -0.000007 0.000000
vn 0.000000 0.222536 0.974925
vn 0.000000 0.222536 0.974925
vn 0.000000 0.222536 0.974925
vn 0.000000 0.222536 0.974925
vn -1.000000 0.000001 0.000000
vn -1.000000 0.000001 0.000000
vn 0.000000 -0.222520 -0.974928
vn 0.000000 -0.222520 -0.974928
vn 0.000000 -0.222520 -0.974928
vn 0.000000 -0.222520 -0.974928
vn 1.000000 0.000000 0.000000
vn 1.000000 0.000000 0.000000
vn 0.000000 0.900971 0.433878
vn 0.000000 0.900971 0.433878
vn 0.000000 0.900971 0.433878
vn 0.000000 0.900971 0.433878
vn -1.000000 0.000000 0.000000
vn -1.000000 0.000000 0.000000
vn 0.000000 -0.900969 -0.433884
vn 0.000000 -0.900969 -0.433884
vn 0.000000 -0.900969 -0.433884
vn 0.000000 -0.900969 -0.433884
vn 1.000000 0.000000 0.000000
vn 1.000000 0.000000 0.000000
vn 0.000000 0.900969 -0.433884
vn 0.000000 0.900969 -0.433884
vn 0.000000 0.900969 -0.433884
vn 0.000000 0.900969 -0.433884
vn -1.000000 0.000000 0.000000
vn -1.000000 0.000000 0.000000
vn 0.000000 -0.900969 0.433884
vn 0.000000 -0.900969 0.433884
vn 0.000000 -0.900969 0.433884
vn 0.000000 -0.900969 0.433884
vn 1.000000 0.000002 0.000000
vn 1.000000 0.000002 0.000000
vn 0.000000 0.222520 -0.974928
vn 0.000000 0.222520 -0.974928
vn 0.000000 0.222520 -0.974928
vn 0.000000 0.222520 -0.974928
vn -1.000000 0.000001 0.000000
vn -1.000000 0.000001 0.000000
vn 0.000000 -0.222520 0.974928
vn 0.000000 -0.222520 0.974928
vn 0.000000 -0.222520 0.974928
vn 0.000000 -0.222520 0.974928
vn 0.987690 -0.055180 -0.146367
vn 0.951054 -0.109010 -0.289158
vn 0.951055 -0.109010 -0.289158
vn 0.987690 -0.055180 -0.146366
vn 0.891007 -0.160143 -0.424807
vn 0.891006 -0.160143 -0.424808
vn 0.809013 -0.207343 -0.550006
vn 0.809013 -0.207343 -0.550006
vn 0.707109 -0.249437 -0.661648
vn 0.707110 -0.249437 -0.661647
vn 0.587791 -0.285387 -0.757004
vn 0.587792 -0.285387 -0.757004
vn 0.453974 -0.314309 -0.833737
vn 0.453974 -0.314309 -0.833737
vn 0.309007 -0.335485 -0.889924
vn 0.309007 -0.335485 -0.889924
vn 0.156448 -0.348410 -0.924194
vn 0.156448 -0.348410 -0.924194
vn -0.000000 -0.352758 -0.935715
vn -0.000000 -0.352758 -0.935715
vn -0.156446 -0.348412 -0.924194
vn -0.156445 -0.348412 -0.924194
vn -0.309011 -0.335489 -0.889921
vn -0.309010 -0.335489 -0.889921
vn -0.453979 -0.314307 -0.833735
vn -0.453979 -0.314307 -0.833735
vn -0.587792 -0.285381 -0.757006
vn -0.587793 -0.285381 -0.757006
vn -0.707110 -0.249431 -0.661649
vn -0.707111 -0.249431 -0.661649
vn -0.809012 -0.207349 -0.550005
vn -0.809012 -0.207349 -0.550005
vn -0.891006 -0.160149 -0.424807
vn -0.891005 -0.160150 -0.424808
vn -0.951059 -0.109004 -0.289146
vn -0.951059 -0.109004 -0.289146
vn -0.987688 -0.055180 -0.146379
vn -0.987688 -0.055180 -0.146379
vn -1.000000 0.000000 0.000000
vn -1.000000 -0.000000 -0.000000
vn -0.987689 0.055180 0.146378
vn -0.987689 0.055180 0.146378
vn -0.951059 0.109004 0.289146
vn -0.951059 0.109004 0.289146
vn -0.891008 0.160148 0.424802
vn -0.891008 0.160148 0.424803
vn -0.809010 0.207350 0.550008
vn -0.809010 0.207350 0.550008
vn -0.707101 0.249434 0.661658
vn -0.707101 0.249434 0.661658
vn -0.587789 0.285382 0.757008
vn -0.587789 0.285382 0.757008
vn -0.454005 0.314307 0.833721
vn -0.454005 0.314307 0.833721
vn -0.309028 0.335487 0.889916
vn -0.309028 0.335487 0.889916
vn -0.156425 0.348408 0.924198
vn -0.156426 0.348408 0.924198
vn 0.000000 0.352758 0.935715
vn 0.000000 0.352758 0.935715
vn 0.156429 0.348411 0.924197
vn 0.156430 0.348411 0.924197
vn 0.309024 0.335483 0.889919
vn 0.309024 0.335483 0.889919
vn 0.453994 0.314306 0.833727
vn 0.453994 0.314306 0.833727
vn 0.587783 0.285389 0.757010
vn 0.587783 0.285389 0.757010
vn 0.707099 0.249440 0.661657
vn 0.707100 0.249440 0.661656
vn 0.809013 0.207343 0.550006
vn 0.809013 0.207343 0.550006
vn 0.891009 0.160141 0.424803
vn 0.891009 0.160142 0.424803
vn 0.951055 0.109010 0.289157
vn 0.951054 0.109010 0.289158
vn 0.987691 0.055180 0.146365
vn 0.987690 0.055180 0.146366
vn 1.000000 0.000000 0.000000
vn 1.000000 -0.000000 -0.000000
vn 0.000000 -0.935714 0.352761
vn 0.000000 -0.935717 0.352752
vn 0.000000 -0.935716 0.352755
vn 0.000000 -0.935717 0.352752
vn 0.000000 -0.935722 0.352738
vn 0.000000 -0.935718 0.352750
vn 0.000000 -0.935715 0.352757
vn 0.000004 -0.935719 0.352747
vn 0.000004 -0.935710 0.352771
vn -0.000004 -0.935711 0.352768
vn 0.000000 -0.935723 0.352736
vn 0.000008 -0.935718 0.352750
vn -0.000000 -0.935719 0.352747
vn -0.000004 -0.935719 0.352747
vn 0.000000 -0.935717 0.352751
vn 0.000000 -0.935719 0.352747
vn 0.000000 -0.935714 0.352761
vn 0.000000 -0.935712 0.352766
vn 0.000000 -0.935714 0.352758
vn 0.000000 -0.935718 0.352750
vn 0.000000 -0.935722 0.352738
vn 0.000002 -0.935712 0.352766
vn 0.000002 -0.935712 0.352766
vn 0.000000 -0.935717 0.352752
vn 0.000000 -0.935714 0.352761
vn 0.000000 -0.935716 0.352754
vn 0.000004 -0.935715 0.352757
vn -0.000004 -0.935716 0.352754
vn -0.000008 -0.935719 0.352747
vn 0.000008 -0.935720 0.352743
vn 0.000000 -0.935719 0.352745
vn -0.000008 -0.935706 0.352780
vn 0.000008 -0.935712 0.352764
vn 0.000004 -0.935720 0.352743
vn -0.000008 -0.935715 0.352757
vn -0.000004 -0.935715 0.352758
vn 0.000002 -0.935715 0.352757
vn 0.000002 -0.935715 0.352757
vn -0.000001 -0.935704 0.352785
vn -0.000001 -0.935712 0.352766
vn 0.000000 -0.935720 0.352744
vn -0.000004 0.935722 -0.352738
vn -0.000001 0.935710 -0.352771
vn 0.000000 0.935716 -0.352755
vn 0.000006 0.935720 -0.352744
vn -0.000001 0.935710 -0.352771
vn -0.000012 0.935710 -0.352771
vn -0.000010 0.935715 -0.352757
vn 0.000006 0.935723 -0.352736
vn 0.000010 0.935715 -0.352757
vn 0.000002 0.935711 -0.352768
vn 0.000000 0.935723 -0.352736
vn -0.000002 0.935723 -0.352736
vn -0.000010 0.935721 -0.352740
vn -0.000008 0.935717 -0.352750
vn 0.000008 0.935715 -0.352758
vn 0.000012 0.935708 -0.352775
vn 0.000001 0.935714 -0.352761
vn -0.000005 0.935722 -0.352738
vn 0.000002 0.935712 -0.352766
vn 0.000004 0.935722 -0.352738
vn 0.000000 0.935723 -0.352736
vn 0.000001 0.935722 -0.352738
vn 0.000000 0.935713 -0.352764
vn -0.000005 0.935699 -0.352799
vn 0.000004 0.935720 -0.352743
vn 0.000014 0.935715 -0.352756
vn 0.000006 0.935708 -0.352775
vn -0.000012 0.935714 -0.352761
vn -0.000010 0.935716 -0.352754
vn 0.000016 0.935719 -0.352747
vn 0.000000 0.935725 -0.352729
vn -0.000016 0.935714 -0.352761
vn 0.000010 0.935706 -0.352782
vn 0.000012 0.935716 -0.352754
vn -0.000002 0.935715 -0.352757
vn -0.000012 0.935715 -0.352757
vn -0.000006 0.935720 -0.352744
vn 0.000006 0.935699 -0.352799
vn 0.000001 0.935714 -0.352761
vn -0.000001 0.935724 -0.352733
vn 0.000000 0.935722 -0.352738
vn 0.015331 0.000000 0.999883
vn 0.015331 0.000000 0.999883
vn 0.015332 0.000000 0.999883
vn 0.015332 0.000000 0.999883
vn 0.999996 0.000000 -0.002933
vn 0.999996 0.000000 -0.002933
vn 0.999996 0.000000 -0.002933
vn 0.999996 0.000000 -0.002933
vn -1.000000 0.000000 0.000000
vn -1.000000 0.000000 0.000000
vn -1.000000 0.000000 0.000000
vn -1.000000 0.000000 0.000000
vn 0.000000 -1.000000 -0.000000
vn 0.000000 -1.000000 -0.000000
vn 0.000000 -1.000000 -0.000000
vn 0.000000 -1.000000 -0.000000
vn 0.000000 -1.000000 -0.000000
vn 0.000000 -1.000000 -0.000000
vn 0.000000 -1.000000 -0.000000
vn 0.000000 -1.000000 -0.000000
vn -0.888855 0.000000 -0.458189
vn -0.888855 0.000000 -0.458189
vn -0.888855 0.000000 -0.458189
vn -0.888855 0.000000 -0.458188
vn 0.870752 0.000000 -0.491722
vn 0.870752 0.000000 -0.491722
vn 0.870754 0.000000 -0.491719
vn 0.870754 0.000000 -0.491719
vn 0.000000 1.000000 0.000000
vn 0.000000 1.000000 0.000000
vn 0.000000 1.000000 0.000000
vn 0.000000 1.000000 0.000000
vn 0.000000 1.000000 0.000000
vn 0.000000 1.000000 0.000000
vn 0.000000 1.000000 0.000000
vn 0.000000 1.000000 0.000000
vn -0.487407 0.000000 0.873175
vn -0.487407 0.000000 0.873175
vn -0.487406 0.000000 0.873176
vn -0.487406 0.000000 0.873176
vn 0.472884 0.000000 0.881125
vn 0.472884 0.000000 0.881124
vn 0.472882 0.000000 0.881126
vn 0.472882 0.000000 0.881126
vn -1.000000 0.000000 0.000000
vn -1.000000 0.000000 0.000000
vn -1.000000 0.000000 0.000000
vn -1.000000 0.000000 0.000000
vn -0.487404 0.000000 0.873177
vn -0.487404 0.000000 0.873177
vn -0.487407 0.000000 0.873175
vn -0.487407 0.000000 0.873175
vn 0.015332 0.000000 0.999882
vn 0.015332 0.000000 0.999882
vn 0.015330 0.000000 0.999883
vn 0.015330 0.000000 0.999883
vn 0.472884 0.000000 0.881124
vn 0.472884 0.000000 0.881124
vn 0.472883 0.000000 0.881126
vn 0.472882 0.000000 0.881126
vn 0.999996 0.000000 -0.002933
vn 0.999996 0.000000 -0.002933
vn 0.999996 0.000000 -0.002933
vn 0.999996 0.000000 -0.002933
vn 0.870754 0.000000 -0.491719
vn 0.870754 0.000000 -0.491719
vn 0.870753 0.000000 -0.491720
vn 0.870753 0.000000 -0.491720
vn -0.888856 0.000000 -0.458188
vn -0.888856 0.000000 -0.458188
vn -0.888855 0.000000 -0.458189
vn -0.888855 0.000000 -0.458189
vn -0.888855 0.000000 -0.458189
vn -0.888855 0.000000 -0.458189
vn -1.000000 0.000000 0.000000
vn -1.000000 0.000000 0.000000
vn -0.487404 0.000000 0.873177
vn -0.487404 0.000000 0.873177
vn 0.015330 0.000000 0.999883
vn 0.015330 0.000000 0.999883
vn 0.472884 0.000000 0.881124
vn 0.472884 0.000000 0.881124
vn 0.999996 0.000000 -0.002933
vn 0.999996 0.000000 -0.002933
vn 0.870753 0.000000 -0.491721
vn 0.870753 0.000000 -0.491721
vn 0.004598 0.000000 -0.999990
vn 0.004598 0.000000 -0.999990
vn 0.004598 0.000000 -0.999990
vn 0.004598 0.000000 -0.999990
vn -0.888857 0.000000 -0.458185
vn -0.888857 0.000000 -0.458185
vn -0.888857 0.000000 -0.458185
vn -0.888857 0.000000 -0.458185
vn -1.000000 0.000000 0.000000
vn -1.000000 0.000000 0.000000
vn -1.000000 0.000000 0.000000
vn -1.000000 0.000000 0.000000
vn -0.487410 0.000000 0.873173
vn -0.487410 0.000000 0.873173
vn -0.487410 0.000000 0.873173
vn -0.487410 0.000000 0.873173
vn 0.015332 0.000000 0.999882
vn 0.015332 0.000000 0.999882
vn 0.015332 0.000000 0.999882
vn 0.015332 0.000000 0.999882
vn 0.472881 0.000000 0.881126
vn 0.472881 0.000000 0.881126
vn 0.472881 0.000000 0.881127
vn 0.472881 0.000000 0.881127
vn 0.999996 0.000000 -0.002933
vn 0.999996 0.000000 -0.002933
vn 0.999996 0.000000 -0.002933
vn 0.999996 0.000000 -0.002933
vn 0.870757 0.000000 -0.491714
vn 0.870757 0.000000 -0.491714
vn 0.870757 0.000000 -0.491714
vn 0.870757 0.000000 -0.491714
vn 0.004598 0.000000 -0.999990
vn 0.004598 0.000000 -0.999990
vn 0.004598 0.000000 -0.999990
vn 0.004598 0.000000 -0.999990
vn -0.888853 0.000000 -0.458193
vn -0.888853 0.000000 -0.458193
vn -0.888853 0.000000 -0.458193
vn -0.888853 0.000000 -0.458193
vn 0.004603 0.000000 -0.999990
vn 0.004603 0.000000 -0.999990
vn 0.004603 0.000000 -0.999989
vn 0.004603 0.000000 -0.999989
vn 0.870759 0.000000 -0.491710
vn 0.870759 0.000000 -0.491710
vn 0.870759 0.000000 -0.491710
vn 0.870759 0.000000 -0.491710
vn 0.999996 0.000000 -0.002935
vn 0.999996 0.000000 -0.002935
vn 0.999996 0.000000 -0.002935
vn 0.999996 0.000000 -0.002935
vn 0.472879 0.000000 0.881127
vn 0.472879 0.000000 0.881127
vn 0.472879 0.000000 0.881127
vn 0.472879 0.000000 0.881127
vn 0.015331 0.000000 0.999883
vn 0.015331 0.000000 0.999883
vn 0.015331 0.000000 0.999883
vn 0.015331 0.000000 0.999883
vn -0.487412 0.000000 0.873172
vn -0.487412 0.000000 0.873172
vn -0.487412 0.000000 0.873172
vn -0.487412 0.000000 0.873172
vn -1.000000 0.000000 0.000000
vn -1.000000 0.000000 0.000000
vn -1.000000 0.000000 0.000000
vn -1.000000 0.000000 0.000000
vn -0.487407 0.000000 0.873175
vn -0.487407 0.000000 0.873175
vn -0.487408 0.000000 0.873174
vn -0.487408 0.000000 0.873174
vn 0.015332 0.000000 0.999883
vn 0.015332 0.000000 0.999882
vn 0.015332 0.000000 0.999882
vn 0.015332 0.000000 0.999882
vn 0.472883 0.000000 0.881125
vn 0.472883 0.000000 0.881125
vn 0.472883 0.000000 0.881126
vn 0.472883 0.000000 0.881125
vn 0.999996 0.000000 -0.002933
vn 0.999996 0.000000 -0.002933
vn 0.999996 0.000000 -0.002933
vn 0.999996 0.000000 -0.002933
vn 0.870753 0.000000 -0.491722
vn 0.870753 0.000000 -0.491722
vn 0.870753 0.000000 -0.491722
vn 0.870753 0.000000 -0.491722
vn 0.004596 0.000000 -0.999990
vn 0.004596 0.000000 -0.999989
vn 0.004595 0.000000 -0.999990
vn 0.004595 0.000000 -0.999990
vn -0.888856 0.000000 -0.458187
vn -0.888856 0.000000 -0.458187
vn -0.888856 0.000000 -0.458187
vn -0.888856 0.000000 -0.458187
vn -1.000000 0.000000 0.000000
vn -1.000000 0.000000 0.000000
vn -1.000000 0.000000 0.000000
vn -1.000000 0.000000 0.000000
vn -0.888855 0.000000 -0.458189
vn -0.888855 0.000000 -0.458189
vn 0.004598 0.000000 -0.999989
vn 0.004598 0.000000 -0.999990
vn 0.004598 0.000000 -0.999989
vn 0.004598 0.000000 -0.999990
vn 0.870752 0.000000 -0.491722
vn 0.870753 0.000000 -0.491722
vn 0.999996 0.000000 -0.002933
vn 0.999996 0.000000 -0.002933
vn 0.472882 0.000000 0.881126
vn 0.472882 0.000000 0.881126
vn 0.015331 0.000000 0.999883
vn 0.015331 0.000000 0.999883
vn -0.487406 0.000000 0.873176
vn -0.487406 0.000000 0.873176
vn -1.000000 0.000000 0.000000
vn -1.000000 0.000000 0.000000
vn 0.000000 1.000000 0.000000
vn 0.000000 1.000000 0.000000
vn 0.000000 1.000000 0.000000
vn 0.000000 1.000000 0.000000
vn -0.000003 -1.000000 0.000004
vn -0.000003 -1.000000 0.000004
vn -0.000003 -1.000000 0.000004
vn -0.000003 -1.000000 0.000004
vn 0.000002 -1.000000 0.000009
vn 0.000002 -1.000000 0.000009
vn 0.000002 -1.000000 0.000009
vn 0.000002 -1.000000 0.000009
vn 0.000000 1.000000 0.000004
vn 0.000000 1.000000 0.000004
vn 0.000000 1.000000 0.000004
vn 0.000000 1.000000 0.000004
vn 0.000000 1.000000 0.000000
vn 0.000000 1.000000 0.000000
vn 0.000000 1.000000 0.000000
vn 0.000000 1.000000 0.000000
vn -0.000003 -1.000000 -0.000008
vn -0.000003 -1.000000 -0.000008
vn -0.000003 -1.000000 -0.000008
vn -0.000003 -1.000000 -0.000008
vn -0.000000 -1.000000 0.000002
vn -0.000000 -1.000000 0.000002
vn -0.000000 -1.000000 0.000002
vn -0.000000 -1.000000 0.000002
vn 0.000000 1.000000 0.000002
vn 0.000000 1.000000 0.000002
vn 0.000000 1.000000 0.000002
vn 0.000000 1.000000 0.000002
vn 0.000004 -1.000000 -0.000004
vn 0.000004 -1.000000 -0.000004
vn 0.000004 -1.000000 -0.000004
vn 0.000004 -1.000000 -0.000004
vn 0.000000 1.000000 -0.000004
vn 0.000000 1.000000 -0.000004
vn 0.000000 1.000000 -0.000004
vn 0.000000 1.000000 -0.000004
vn -0.000002 -1.000000 -0.000013
vn -0.000002 -1.000000 -0.000013
vn -0.000002 -1.000000 -0.000013
vn -0.000002 -1.000000 -0.000013
vn 0.000000 1.000000 -0.000006
vn 0.000000 1.000000 -0.000006
vn 0.000000 1.000000 -0.000006
vn 0.000000 1.000000 -0.000006
vn 0.000004 -1.000000 0.000000
vn 0.000004 -1.000000 0.000000
vn 0.000004 -1.000000 0.000000
vn 0.000004 -1.000000 0.000000
vn 0.000000 1.000000 -0.000002
vn 0.000000 1.000000 -0.000002
vn 0.000000 1.000000 -0.000002
vn 0.000000 1.000000 -0.000002
vn -0.000000 -1.000000 -0.000002
vn -0.000000 -1.000000 -0.000002
vn -0.000000 -1.000000 -0.000002
vn -0.000000 -1.000000 -0.000002
vn 0.000000 1.000000 0.000000
vn 0.000000 1.000000 0.000000
vn 0.000000 1.000000 0.000000
vn 0.000000 1.000000 0.000000
vn 0.000002 1.000000 -0.000002
vn 0.000002 1.000000 -0.000002
vn 0.000002 1.000000 -0.000002
vn 0.000002 1.000000 -0.000002
vn 0.000000 -1.000000 0.000000
vn 0.000000 -1.000000 0.000000
vn 0.000000 -1.000000 0.000000
vn 0.000000 -1.000000 0.000000
vn 0.000000 1.000000 0.000001
vn 0.000000 1.000000 0.000001
vn 0.000000 1.000000 0.000001
vn 0.000000 1.000000 0.000001
vn 0.000000 -1.000000 0.000000
vn 0.000000 -1.000000 0.000000
vn 0.000000 -1.000000 0.000000
vn 0.000000 -1.000000 0.000000
vn 0.000000 -1.000000 -0.000003
vn 0.000000 -1.000000 -0.000003
vn 0.000000 -1.000000 -0.000003
vn 0.000000 -1.000000 -0.000003
vn -0.000002 1.000000 -0.000004
vn -0.000002 1.000000 -0.000004
vn -0.000002 1.000000 -0.000004
vn -0.000002 1.000000 -0.000004
vn 0.000001 1.000000 0.000000
vn 0.000001 1.000000 0.000000
vn 0.000001 1.000000 0.000000
vn 0.000001 1.000000 0.000000
vn 0.000000 -1.000000 -0.000000
vn 0.000000 -1.000000 -0.000000
vn 0.000000 -1.000000 -0.000000
vn 0.000000 -1.000000 -0.000000
vn 0.000000 -1.000000 0.000003
vn 0.000000 -1.000000 0.000003
vn 0.000000 -1.000000 0.000003
vn 0.000000 -1.000000 0.000003
vn -0.000002 1.000000 0.000003
vn -0.000002 1.000000 0.000003
vn -0.000002 1.000000 0.000003
vn -0.000002 1.000000 0.000003
vn 0.000000 1.000000 -0.000001
vn 0.000000 1.000000 -0.000001
vn 0.000000 1.000000 -0.000001
vn 0.000000 1.000000 -0.000001
vn 0.000000 -1.000000 0.000000
vn 0.000000 -1.000000 0.000000
vn 0.000000 -1.000000 0.000000
vn 0.000000 -1.000000 0.000000
vn 0.000002 1.000000 0.000002
vn 0.000002 1.000000 0.000002
vn 0.000002 1.000000 0.000002
vn 0.000002 1.000000 0.000002
vn 0.000000 -1.000000 0.000002
vn 0.000000 -1.000000 0.000002
vn 0.000000 -1.000000 0.000002
vn 0.000000 -1.000000 0.000002
vn -0.000001 1.000000 -0.000001
vn -0.000001 1.000000 -0.000001
vn -0.000001 1.000000 -0.000001
vn -0.000001 1.000000 -0.000001
vn 0.000000 -1.000000 -0.000002
vn 0.000000 -1.000000 -0.000002
vn 0.000000 -1.000000 -0.000002
vn 0.000000 -1.000000 -0.000002
vn 0.000001 -1.000000 0.000000
vn 0.000001 -1.000000 0.000000
vn 0.000001 -1.000000 0.000000
vn 0.000001 -1.000000 0.000000
vn -1.000000 0.000000 0.000000
vn -1.000000 0.000000 0.000000
vn -1.000000 0.000000 0.000000
vn -1.000000 0.000000 0.000000
vn -0.000002 1.000000 0.000000
vn -0.000002 1.000000 0.000000
vn -0.000002 1.000000 0.000000
vn -0.000002 1.000000 0.000000
vn 1.000000 0.000000 0.000000
vn 1.000000 0.000000 0.000000
vn 1.000000 0.000000 0.000000
vn 1.000000 0.000000 0.000000
vn 0.000000 -1.000000 0.000000
vn 0.000000 -1.000000 0.000000
vn 0.000000 -1.000000 0.000000
vn 0.000000 -1.000000 0.000000
vn -1.000000 0.000000 0.000000
vn -1.000000 0.000000 0.000000
vn -1.000000 0.000000 0.000000
vn -1.000000 0.000000 0.000000
vn 0.000000 1.000000 0.000000
vn 0.000000 1.000000 0.000000
vn 0.000000 1.000000 0.000000
vn 0.000000 1.000000 0.000000
vn 1.000000 0.000000 0.000000
vn 1.000000 0.000000 0.000000
vn 1.000000 0.000000 0.000000
vn 1.000000 0.000000 0.000000
vn 0.000001 -1.000000 0.000055
vn 0.000001 -1.000000 0.000015
vn 0.000001 -1.000000 0.000013
vn 0.000001 -1.000000 0.000052
vn -0.709349 0.000000 0.704857
vn -0.709368 0.000000 0.704839
vn -0.709370 0.000000 0.704836
vn -0.709341 0.000000 0.704866
vn -0.000002 1.000000 0.000003
vn -0.000001 1.000000 0.000001
vn -0.000001 1.000000 -0.000001
vn 0.709367 0.000000 0.704839
vn 0.709368 0.000000 0.704839
vn 0.709337 0.000000 0.704869
vn 0.709306 0.000000 0.704901
vn 0.000000 -1.000000 0.000001
vn 0.000000 -1.000000 0.000001
vn 0.000000 -1.000000 -0.000000
vn 0.000000 -1.000000 -0.000000
vn -0.709367 0.000000 0.704840
vn -0.709366 0.000000 0.704840
vn -0.709366 0.000000 0.704840
vn -0.709367 0.000000 0.704840
vn 0.000000 1.000000 -0.000005
vn 0.000000 1.000000 -0.000006
vn 0.000000 1.000000 -0.000006
vn 0.000000 1.000000 -0.000005
vn 0.709367 0.000000 0.704839
vn 0.709367 0.000000 0.704839
vn 0.709365 0.000000 0.704841
vn 0.709365 0.000000 0.704841
vn -0.003213 0.000000 0.999995
vn -0.003213 0.000000 0.999995
vn -0.003210 0.000000 0.999995
vn -0.003210 0.000000 0.999995
vn -0.000002 1.000000 0.000001
vn -0.000001 1.000000 0.000004
vn 0.000000 1.000000 0.000000
vn 0.000000 1.000000 0.000000
vn 0.998074 0.000000 -0.062043
vn 0.924180 0.000000 -0.381958
vn 0.924181 0.000000 -0.381956
vn 0.998074 0.000000 -0.062043
vn 0.384912 0.000000 -0.922953
vn 0.350434 0.000000 -0.936588
vn 0.055908 0.000000 -0.998436
vn 0.384912 0.000000 -0.922953
vn 0.998073 0.000000 -0.062044
vn 0.924182 0.000000 -0.381952
vn 0.924180 0.000000 -0.381956
vn 0.998074 0.000000 -0.062043
vn 0.384907 0.000000 -0.922955
vn 0.055909 0.000000 -0.998436
vn 0.355321 0.000000 -0.934744
vn 0.384913 0.000000 -0.922953
vn 1.000000 0.000000 0.000000
vn 1.000000 0.000000 0.000000
vn 1.000000 0.000000 0.000000
vn 1.000000 0.000000 0.000000
vn 0.998074 0.000000 -0.062043
vn 1.000000 0.000000 0.000000
vn 1.000000 0.000000 0.000000
vn 0.998074 0.000000 -0.062043
vn 0.055909 0.000000 -0.998436
vn 0.384907 0.000000 -0.922956
vn 0.384906 0.000000 -0.922956
vn 0.055909 0.000000 -0.998436
vn 0.924181 0.000000 -0.381954
vn 0.924181 0.000000 -0.381954
vn -0.345694 0.000000 -0.938348
vn -0.380455 0.000000 -0.924800
vn -0.380449 0.000000 -0.924802
vn -0.049579 0.000000 -0.998770
vn -0.923569 0.000000 -0.383431
vn -0.998067 0.000000 -0.062153
vn -0.998067 0.000000 -0.062153
vn -0.923569 0.000000 -0.383432
vn -1.000000 0.000000 0.000000
vn -1.000000 0.000000 0.000000
vn -1.000000 0.000000 0.000000
vn -1.000000 0.000000 0.000000
vn -0.998067 0.000000 -0.062153
vn -0.998067 0.000000 -0.062153
vn -1.000000 0.000000 0.000000
vn -0.998067 0.000000 -0.062153
vn -0.998067 0.000000 -0.062153
vn -1.000000 0.000000 0.000000
vn -0.350618 0.000000 -0.936519
vn -0.049580 0.000000 -0.998770
vn -0.049580 0.000000 -0.998770
vn -0.049580 0.000000 -0.998770
vn -0.000002 1.000000 -0.000002
vn -0.000001 1.000000 -0.000001
vn 0.000000 -1.000000 -0.000000
vn 0.000000 -1.000000 -0.000000
vn 0.000000 -1.000000 -0.000000
vn 0.000000 -1.000000 -0.000000
vn 0.000000 -1.000000 -0.000000
vn 0.000000 -1.000000 -0.000000
vn -0.923570 0.000000 -0.383431
vn -0.923570 0.000000 -0.383431
vn -0.380454 0.000000 -0.924800
vn -0.380454 0.000000 -0.924800
vn -0.380450 0.000000 -0.924802
vn -0.380454 0.000000 -0.924800
vn -0.923570 0.000000 -0.383429
vn -0.923570 0.000000 -0.383430
vn -0.487407 0.000000 0.873175
vn -0.487407 0.000000 0.873175
vn 0.015332 0.000000 0.999883
vn 0.015332 0.000000 0.999882
vn 0.472884 0.000000 0.881125
vn 0.472884 0.000000 0.881125
vn 0.999996 0.000000 -0.002933
vn 0.999996 0.000000 -0.002933
vn 0.870754 0.000000 -0.491719
vn 0.870754 0.000000 -0.491719
vn 1.000000 0.000000 0.000000
vn 1.000000 0.000000 0.000000
vn 0.709368 0.000000 0.704839
vn 0.709338 0.000000 0.704869
vn 1.000000 0.000000 0.000000
vn 0.998073 0.000000 -0.062044
vn 0.924180 0.000000 -0.381958
vn 0.384912 0.000000 -0.922953
vn 0.375586 0.000000 -0.926788
vn -0.371051 0.000000 -0.928613
vn -0.380455 0.000000 -0.924800
vn -0.923569 0.000000 -0.383431
vn -0.998067 0.000000 -0.062153
vn -1.000000 0.000000 0.000000
vn -0.709349 0.000000 0.704857
vn -0.709368 0.000000 0.704839
vn -1.000000 0.000000 0.000000
vn -1.000000 0.000000 0.000000
vn -0.888855 0.000000 -0.458188
vn -0.888855 0.000000 -0.458188
vn -1.000000 0.000000 0.000000
vn -1.000000 0.000000 0.000000
vn -0.888856 0.000000 -0.458187
vn -0.888856 0.000000 -0.458187
vn -1.000000 0.000000 0.000000
vn -1.000000 0.000000 0.000000
vn -0.709366 0.000000 0.704840
vn -0.709366 0.000000 0.704840
vn -1.000000 0.000000 0.000000
vn -0.998067 0.000000 -0.062153
vn -0.923570 0.000000 -0.383430
vn -0.380454 0.000000 -0.924800
vn -0.370030 0.000000 -0.929020
vn 0.374576 0.000000 -0.927196
vn 0.384913 0.000000 -0.922953
vn 0.924180 0.000000 -0.381956
vn 0.998073 0.000000 -0.062044
vn 1.000000 0.000000 0.000000
vn 0.709367 0.000000 0.704839
vn 0.709367 0.000000 0.704839
vn 1.000000 0.000000 0.000000
vn 1.000000 0.000000 0.000000
vn 0.870754 0.000000 -0.491720
vn 0.870754 0.000000 -0.491720
vn 0.999996 0.000000 -0.002933
vn 0.999996 0.000000 -0.002933
vn 0.472882 0.000000 0.881126
vn 0.472882 0.000000 0.881126
vn 0.015332 0.000000 0.999883
vn 0.015332 0.000000 0.999883
vn -0.487407 0.000000 0.873175
vn -0.487407 0.000000 0.873175
vn -1.000000 0.000000 0.000000
vn -1.000000 0.000000 0.000000
vn 1.000000 0.000000 0.000000
vn 1.000000 0.000000 0.000000
vn 0.709366 0.000000 0.704840
vn 0.709319 0.000000 0.704888
vn -0.709350 0.000000 0.704857
vn -0.709372 0.000000 0.704835
vn -1.000000 0.000000 0.000000
vn -1.000000 0.000000 0.000000
vn -1.000000 0.000000 0.000000
vn -1.000000 0.000000 0.000000
vn -0.709378 0.000000 0.704828
vn -0.709378 0.000000 0.704828
vn 0.709380 0.000000 0.704826
vn 0.709380 0.000000 0.704826
vn 1.000000 0.000000 0.000000
vn 1.000000 0.000000 0.000000
vn 0.000000 1.000000 0.000000
vn 0.000000 1.000000 0.000000
vn 0.000000 1.000000 0.000007
vn 0.000000 1.000000 0.000007
vn -0.003315 0.000000 0.999995
vn -0.003315 0.000000 0.999995
vn 0.000000 -1.000000 0.000033
vn 0.000000 -1.000000 0.000035
vn 0.000000 -1.000000 0.000000
vn 0.000000 -1.000000 0.000000
vn 0.004741 0.000000 -0.999989
vn 0.004741 0.000000 -0.999989
vn 0.004698 0.000000 -0.999989
vn 0.004698 0.000000 -0.999989
vn 0.000000 -1.000000 0.000000
vn 0.000000 -1.000000 0.000000
vn 0.000000 -1.000000 0.000000
vn 0.000000 -1.000000 0.000000
vn -0.003208 0.000000 0.999995
vn -0.003208 0.000000 0.999995
vn 0.000000 1.000000 0.000000
vn 0.000000 1.000000 0.000000
vn 0.000000 1.000000 0.000000
vn 0.000000 1.000000 0.000000
vn 0.709373 0.000000 0.704833
vn 0.709371 0.000000 0.704836
vn 0.709371 0.000000 0.704836
vn 0.709370 0.000000 0.704836
vn 0.000000 -1.000000 0.000032
vn 0.000001 -1.000000 0.000001
vn 0.000001 -1.000000 0.000001
vn 0.000000 -1.000000 0.000000
vn -0.709348 0.000000 0.704859
vn -0.709369 0.000000 0.704837
vn -0.709370 0.000000 0.704837
vn -0.709373 0.000000 0.704833
vn -0.000001 1.000000 0.000008
vn -0.000001 1.000000 0.000008
vn 0.000000 1.000000 0.000000
vn -0.000002 1.000000 -0.000001
vn 0.003868 0.000000 -0.999993
vn 0.003868 0.000000 -0.999993
vn 0.003868 0.000000 -0.999993
vn 0.003868 0.000000 -0.999993
vn 0.000001 0.000000 -1.000000
vn 0.000001 0.000000 -1.000000
vn 0.000001 0.000000 -1.000000
vn 0.000001 0.000000 -1.000000
vn 0.003868 0.000000 -0.999992
vn 0.003868 0.000000 -0.999993
vn 0.003868 0.000000 -0.999993
vn 0.003868 0.000000 -0.999993
vn 0.000003 0.000000 -1.000000
vn 0.000003 0.000000 -1.000000
vn 0.000003 0.000000 -1.000000
vn 0.000003 0.000000 -1.000000
vn 0.003826 0.000000 -0.999993
vn 0.003826 0.000000 -0.999993
vn 0.003826 0.000000 -0.999993
vn 0.003826 0.000000 -0.999993
vn -0.000002 0.000000 -1.000000
vn -0.000002 0.000000 -1.000000
vn -0.000002 0.000000 -1.000000
vn -0.000002 0.000000 -1.000000
vn 0.003825 0.000000 -0.999993
vn 0.003825 0.000000 -0.999993
vn 0.003825 0.000000 -0.999993
vn 0.003825 0.000000 -0.999993
vn 0.000004 0.000000 -1.000000
vn 0.000004 0.000000 -1.000000
vn 0.000004 0.000000 -1.000000
vn 0.000004 0.000000 -1.000000
vn -0.002126 -0.899170 0.437595
vn -0.002126 -0.899170 0.437595
vn -0.002126 -0.899170 0.437595
vn -0.002126 -0.899170 0.437595
vn -1.000000 0.000000 0.000000
vn -1.000000 0.000000 0.000000
vn -1.000000 0.000000 0.000000
vn -1.000000 0.000000 0.000000
vn 0.004040 0.554583 -0.832119
vn 0.004040 0.554583 -0.832119
vn 0.004040 0.554583 -0.832119
vn 0.004040 0.554583 -0.832119
vn 1.000000 0.000000 0.000000
vn 1.000000 0.000000 0.000000
vn 1.000000 0.000000 0.000000
vn 1.000000 0.000000 0.000000
vn -0.001777 0.926792 0.375570
vn -0.001777 0.926793 0.375570
vn -0.001777 0.926792 0.375570
vn -0.001777 0.926793 0.375570
vn 1.000000 0.000000 0.000000
vn 1.000000 0.000000 0.000000
vn 1.000000 0.000000 0.000000
vn 1.000000 0.000000 0.000000
vn 0.003934 -0.554584 -0.832119
vn 0.003934 -0.554584 -0.832119
vn 0.003934 -0.554584 -0.832119
vn 0.003934 -0.554584 -0.832119
vn -1.000000 0.000000 0.000000
vn -1.000000 0.000000 0.000000
vn -1.000000 0.000000 0.000000
vn -1.000000 0.000000 0.000000
vn -0.001133 -0.972371 0.233436
vn -0.001133 -0.972371 0.233436
vn -0.001133 -0.972371 0.233436
vn -0.001133 -0.972371 0.233436
vn -1.000000 0.000000 0.000000
vn -1.000000 0.000000 0.000000
vn -1.000000 0.000000 0.000000
vn -1.000000 0.000000 0.000000
vn 0.003216 0.749105 -0.662444
vn 0.003216 0.749105 -0.662444
vn 0.003216 0.749105 -0.662444
vn 0.003216 0.749105 -0.662444
vn 1.000000 -0.000003 0.000000
vn 1.000000 -0.000003 0.000000
vn 1.000000 -0.000003 0.000000
vn 1.000000 -0.000003 0.000000
vn -0.000928 0.980599 0.196023
vn -0.000928 0.980599 0.196023
vn -0.000928 0.980599 0.196023
vn -0.000928 0.980599 0.196023
vn 1.000000 0.000000 0.000000
vn 1.000000 0.000000 0.000000
vn 1.000000 0.000000 0.000000
vn 1.000000 0.000000 0.000000
vn 0.003132 -0.749105 -0.662444
vn 0.003132 -0.749105 -0.662444
vn 0.003132 -0.749105 -0.662444
vn 0.003132 -0.749105 -0.662444
vn -1.000000 0.000000 0.000000
vn -1.000000 0.000000 0.000000
vn -1.000000 0.000000 0.000000
vn -1.000000 0.000000 0.000000
vn 0.000000 0.738871 -0.673847
vn 0.000000 0.738871 -0.673847
vn 0.000000 0.738871 -0.673847
vn 0.000000 0.738871 -0.673847
vn 0.000000 0.045981 -0.998942
vn 0.000000 0.045981 -0.998942
vn 0.000000 0.045981 -0.998942
vn 0.000000 0.045981 -0.998942
vn 0.000000 -0.673847 -0.738871
vn 0.000000 -0.673847 -0.738871
vn 0.000000 -0.673847 -0.738871
vn 0.000000 -0.673847 -0.738871
vn 0.000001 -0.998942 -0.045979
vn 0.000001 -0.998942 -0.045979
vn 0.000001 -0.998942 -0.045979
vn 0.000001 -0.998942 -0.045979
vn 0.000000 -0.045989 0.998942
vn 0.000000 -0.045989 0.998942
vn 0.000000 -0.045989 0.998942
vn 0.000000 -0.045989 0.998942
vn 0.000000 0.998942 0.045979
vn 0.000000 0.998942 0.045979
vn 0.000000 0.998942 0.045979
vn 0.000000 0.998942 0.045979
vn 1.000000 0.000000 0.000000
vn 1.000000 -0.000002 0.000000
vn 1.000000 -0.000001 0.000000
vn 1.000000 0.000004 0.000000
vn 1.000000 0.000005 0.000000
vn 1.000000 0.000002 0.000000
vn 1.000000 -0.000007 0.000000
vn 1.000000 -0.000007 0.000000
vn 1.000000 -0.000002 0.000000
vn -1.000000 -0.000002 0.000000
vn -1.000000 0.000002 0.000000
vn -1.000000 -0.000000 0.000000
vn -1.000000 0.000007 0.000000
vn -1.000000 0.000007 0.000000
vn -1.000000 0.000002 0.000000
vn -1.000000 -0.000005 0.000000
vn -1.000000 -0.000007 0.000000
vn -1.000000 -0.000004 0.000000
vn -0.990954 0.091933 0.097772
vn -0.990954 0.091933 0.097772
vn -0.990954 0.091933 0.097772
vn -0.990954 0.091933 0.097772
vn 0.001539 0.750402 -0.660980
vn 0.001539 0.750402 -0.660980
vn 0.001539 0.750402 -0.660980
vn 0.001539 0.750401 -0.660980
vn 0.990037 0.096457 0.102582
vn 0.990037 0.096457 0.102582
vn 0.990037 0.096457 0.102582
vn 0.990037 0.096457 0.102582
vn -0.001555 -0.744457 0.667669
vn -0.001555 -0.744457 0.667669
vn -0.001555 -0.744457 0.667669
vn -0.001555 -0.744457 0.667669
vn 0.995273 -0.066437 0.070838
vn 0.995273 -0.066437 0.070838
vn 0.995273 -0.066437 0.070838
vn 0.995273 -0.066437 0.070838
vn 0.001344 -0.811329 -0.584589
vn 0.001344 -0.811329 -0.584589
vn 0.001344 -0.811329 -0.584589
vn 0.001344 -0.811329 -0.584589
vn -0.995947 -0.061532 0.065603
vn -0.995947 -0.061532 0.065603
vn -0.995947 -0.061532 0.065603
vn -0.995947 -0.061532 0.065603
vn -0.000820 0.934231 0.356669
vn -0.000820 0.934231 0.356669
vn -0.000820 0.934231 0.356669
vn -0.000820 0.934231 0.356669
vn 0.000000 0.738869 -0.673849
vn 0.000000 0.738869 -0.673849
vn 0.000000 0.738869 -0.673849
vn 0.000000 0.738869 -0.673849
vn 0.000000 0.045981 -0.998942
vn 0.000000 0.045981 -0.998942
vn 0.000000 0.045981 -0.998942
vn 0.000000 0.045981 -0.998942
vn 0.000000 -0.673850 -0.738868
vn 0.000000 -0.673850 -0.738868
vn 0.000000 -0.673850 -0.738868
vn 0.000000 -0.673850 -0.738868
vn 0.000000 -0.998943 -0.045977
vn 0.000000 -0.998943 -0.045977
vn 0.000000 -0.998943 -0.045977
vn 0.000000 -0.998943 -0.045977
vn 0.000000 -0.738863 0.673855
vn 0.000000 -0.738863 0.673855
vn 0.000000 -0.738863 0.673855
vn 0.000000 -0.738863 0.673855
vn 0.000000 -0.045989 0.998942
vn 0.000000 -0.045989 0.998942
vn 0.000000 -0.045989 0.998942
vn 0.000000 -0.045989 0.998942
vn 0.000000 0.673849 0.738869
vn 0.000000 0.673849 0.738869
vn 0.000000 0.673849 0.738869
vn 0.000000 0.673849 0.738869
vn 0.000000 0.998942 0.045981
vn 0.000000 0.998942 0.045981
vn 0.000000 0.998942 0.045981
vn 0.000000 0.998942 0.045981
vn 0.000000 0.738869 -0.673849
vn 0.000000 0.738869 -0.673849
vn 0.000000 0.738869 -0.673849
vn 0.000000 0.738869 -0.673849
vn 0.000000 0.045981 -0.998942
vn 0.000000 0.045981 -0.998942
vn 0.000000 0.045981 -0.998942
vn 0.000000 0.045981 -0.998942
vn 0.000000 -0.673850 -0.738868
vn 0.000000 -0.673850 -0.738868
vn 0.000000 -0.673850 -0.738868
vn 0.000000 -0.673850 -0.738868
vn 0.000000 -0.998942 -0.045981
vn 0.000000 -0.998942 -0.045981
vn 0.000000 -0.998942 -0.045981
vn 0.000000 -0.998942 -0.045981
vn 0.000000 -0.738861 0.673858
vn 0.000000 -0.738861 0.673858
vn 0.000000 -0.738861 0.673858
vn 0.000000 -0.738861 0.673858
vn 0.000000 -0.045989 0.998942
vn 0.000000 -0.045989 0.998942
vn 0.000000 -0.045989 0.998942
vn 0.000000 -0.045989 0.998942
vn 0.000000 0.673849 0.738869
vn 0.000000 0.673849 0.738869
vn 0.000000 0.673849 0.738869
vn 0.000000 0.673849 0.738869
vn 0.000000 0.998942 0.045981
vn 0.000000 0.998942 0.045981
vn 0.000000 0.998942 0.045981
vn 0.000000 0.998942 0.045981
vn -0.780992 -0.000315 0.624541
vn -0.549603 -0.000316 0.835426
vn -0.352453 0.293492 0.888616
vn 0.000000 0.535151 0.844756
vn -0.000000 0.336259 0.941770
vn 0.352453 0.293492 0.888617
vn 0.000000 -0.332797 0.942998
vn 0.360520 -0.189447 0.913310
vn 0.000000 -0.218259 0.975891
vn 0.549604 -0.000316 0.835426
vn 0.780993 -0.000315 0.624540
vn -0.360520 -0.189447 0.913310
vn -0.000000 0.000065 1.000000
vn 0.780617 0.000000 -0.625010
vn 0.351633 -0.307430 -0.884218
vn 0.560687 0.000000 -0.828028
vn 0.000000 -0.534335 -0.845273
vn -0.351633 -0.307430 -0.884218
vn 0.000000 -0.329379 -0.944198
vn 0.000000 0.332439 -0.943125
vn 0.000000 0.216441 -0.976296
vn -0.363650 0.195058 -0.910885
vn -0.780617 0.000000 -0.625010
vn -0.560687 0.000000 -0.828028
vn 0.363650 0.195058 -0.910885
vn 0.000000 0.000000 -1.000000
vn -0.865518 0.190243 -0.463342
vn -0.761169 0.000219 -0.648554
vn -0.761168 0.000321 -0.648555
vn -0.858114 0.193939 -0.475425
vn 0.865518 0.190243 -0.463342
vn 0.940623 0.141992 -0.308328
vn 0.940623 0.141992 -0.308328
vn 0.858114 0.193938 -0.475425
vn 0.928894 -0.231451 -0.289112
vn 0.854712 -0.241118 -0.459706
vn 0.853746 -0.241177 -0.461466
vn 0.928894 -0.231451 -0.289112
vn 0.761169 0.000218 -0.648554
vn 0.761168 0.000321 -0.648555
vn -0.854712 -0.241119 -0.459706
vn -0.853746 -0.241178 -0.461466
vn -0.940623 0.141993 -0.308328
vn -0.940623 0.141993 -0.308328
vn -0.928894 -0.231452 -0.289112
vn -0.928894 -0.231452 -0.289112
vn 0.000000 0.000000 0.000000
vn 0.000000 0.000000 0.000000
vn 0.000000 0.000000 0.000000
vn 0.000000 0.000000 0.000000
vn 0.000000 0.000000 0.000000
vn 0.000000 0.000000 0.000000
vn 0.000000 0.000000 0.000000
vn 0.000000 0.000000 0.000000
vn 0.000000 0.000000 0.000000
vn 0.000000 0.000000 0.000000
vn 0.000000 0.000000 0.000000
vn 0.000000 0.000000 0.000000
vn 0.000000 0.000000 0.000000
vn 0.000000 0.000000 0.000000
vn 0.000000 0.000000 0.000000
vn 0.000000 0.000000 0.000000
vn 0.000000 0.000000 0.000000
vn 0.000000 0.000000 0.000000
vn 0.000000 0.000000 0.000000
vn 0.000000 0.000000 0.000000
vn 0.000000 0.000000 0.000000
vn 0.000000 0.000000 0.000000
vn 0.000000 0.000000 0.000000
vn 0.000000 0.000000 0.000000
vn 0.000000 0.000000 0.000000
vn 0.000000 0.000000 0.000000
vn 0.000000 0.000000 0.000000
vn 0.000000 0.000000 0.000000
vn 0.000000 0.000000 0.000000
vn 0.000000 0.000000 0.000000
vn 0.000000 0.000000 0.000000
vn 0.000000 0.000000 0.000000
vn -0.018775 -0.156614 0.987481
vn -0.018775 -0.156614 0.987481
vn -0.018775 -0.156614 0.987481
vn -0.018775 -0.156614 0.987481
vn -0.679377 0.132941 0.721646
vn -0.679377 0.132941 0.721646
vn -0.679377 0.132941 0.721646
vn -0.679377 0.132941 0.721646
vn -0.476876 -0.036091 0.878229
vn -0.476876 -0.036091 0.878229
vn -0.476876 -0.036091 0.878229
vn -0.476876 -0.036091 0.878229
vn 0.018774 -0.156614 0.987481
vn 0.018774 -0.156614 0.987481
vn 0.018774 -0.156614 0.987481
vn 0.018774 -0.156614 0.987481
vn -0.026531 0.155814 0.987430
vn -0.026531 0.155814 0.987430
vn -0.026531 0.155814 0.987430
vn -0.026531 0.155814 0.987430
vn 0.026531 0.155814 0.987430
vn 0.026531 0.155814 0.987430
vn 0.026531 0.155814 0.987430
vn 0.026531 0.155814 0.987430
vn 0.679378 0.132939 0.721646
vn 0.679378 0.132939 0.721646
vn 0.679378 0.132939 0.721646
vn 0.679378 0.132939 0.721646
vn 0.476877 -0.036090 0.878229
vn 0.476877 -0.036090 0.878229
vn 0.476877 -0.036090 0.878229
vn 0.476877 -0.036090 0.878229
vn -0.962639 0.179645 0.202619
vn -0.962639 0.179645 0.202619
vn -0.962639 0.179645 0.202619
vn -0.962639 0.179645 0.202619
vn 0.850183 0.440639 0.288143
vn 0.850183 0.440639 0.288143
vn 0.850183 0.440639 0.288143
vn 0.850183 0.440639 0.288143
vn 0.886743 -0.374885 0.270458
vn 0.886743 -0.374885 0.270458
vn 0.886743 -0.374885 0.270458
vn 0.886743 -0.374885 0.270458
vn 0.962638 0.179645 0.202621
vn 0.962638 0.179645 0.202621
vn 0.962638 0.179645 0.202621
vn 0.962638 0.179645 0.202621
vn -0.961939 -0.181403 0.204367
vn -0.961939 -0.181403 0.204367
vn -0.961939 -0.181403 0.204367
vn -0.961939 -0.181403 0.204367
vn 0.961939 -0.181403 0.204368
vn 0.961939 -0.181403 0.204368
vn 0.961939 -0.181403 0.204368
vn 0.961939 -0.181403 0.204368
vn -0.850183 0.440639 0.288142
vn -0.850183 0.440639 0.288142
vn -0.850183 0.440639 0.288142
vn -0.850183 0.440639 0.288142
vn -0.886743 -0.374885 0.270458
vn -0.886743 -0.374885 0.270458
vn -0.886743 -0.374885 0.270458
vn -0.886743 -0.374885 0.270458
vn 0.000000 0.000000 1.000000
vn 0.000000 0.000000 1.000000
vn 0.000000 0.000000 1.000000
vn 0.000000 0.000000 1.000000
vn 0.000000 1.000000 0.000000
vn 0.000000 1.000000 0.000000
vn 0.000000 1.000000 0.000000
vn 0.000000 1.000000 0.000000
vn 0.000000 0.000000 -1.000000
vn 0.000000 0.000000 -1.000000
vn 0.000000 0.000000 -1.000000
vn 0.000000 0.000000 -1.000000
vn 0.000000 -1.000000 0.000000
vn 0.000000 -1.000000 0.000000
vn 0.000000 -1.000000 0.000000
vn 0.000000 -1.000000 0.000000
vn 1.000000 0.000000 0.000000
vn 1.000000 0.000000 0.000000
vn 1.000000 0.000000 0.000000
vn 1.000000 0.000000 0.000000
vn -1.000000 0.000000 0.000000
vn -1.000000 0.000000 0.000000
vn -1.000000 0.000000 0.000000
vn -1.000000 0.000000 0.000000
vn 0.000000 -1.000000 0.000001
vn 0.000000 -1.000000 0.000001
vn 0.000000 -1.000000 0.000000
vn 0.000000 -1.000000 0.000000
vn 0.000000 -1.000000 -0.000001
vn 0.000000 -1.000000 -0.000000
vn 0.000000 -1.000000 -0.000001
vn 0.000000 -1.000000 -0.000000
vn 0.000000 -1.000000 0.000000
vn 0.000000 -1.000000 0.000000
vn 0.000000 -1.000000 -0.000001
vn 0.000000 -1.000000 -0.000000
vn 0.000000 -1.000000 -0.000001
vn 0.000000 -1.000000 0.000000
vn 0.000000 -1.000000 -0.000001
vn 0.000000 -1.000000 0.000000
vn 0.000000 -1.000000 -0.000001
vn 0.000000 -1.000000 -0.000000
vn 0.000000 -1.000000 -0.000000
vn 0.000000 -1.000000 0.000000
vn 0.000000 -1.000000 0.000000
vn 0.000000 -1.000000 0.000000
vn 0.000000 -1.000000 0.000001
vn 0.000000 -1.000000 -0.000000
vn 0.000000 -1.000000 0.000001
vn 0.000000 -1.000000 -0.000000
vn 0.000000 -1.000000 0.000000
vn 0.000000 -1.000000 -0.000000
vn 0.000000 -1.000000 0.000003
vn 0.000000 -1.000000 0.000001
vn 0.000000 -1.000000 0.000003
vn 0.000000 -1.000000 0.000001
vn 0.000000 -1.000000 -0.000001
vn 0.000000 -1.000000 0.000000
vn 0.000000 -1.000000 -0.000001
vn 0.000000 -1.000000 0.000000
vn 0.000000 -1.000000 -0.000001
vn 0.000000 -1.000000 -0.000000
vn 0.000000 -1.000000 -0.000000
vn 0.000000 -1.000000 -0.000000
vn 0.000000 -1.000000 -0.000000
vn 0.000000 -1.000000 0.000000
vn 0.000000 -1.000000 -0.000001
vn 0.000000 -1.000000 -0.000000
vn 0.000000 -1.000000 0.000001
vn 0.000000 -1.000000 0.000000
vn 0.000000 -1.000000 0.000001
vn 0.000000 -1.000000 0.000000
vn 0.000000 -1.000000 -0.000001
vn 0.000000 -1.000000 -0.000000
vn 0.000000 -1.000000 0.000000
vn 0.000000 -1.000000 -0.000000
vn 0.000000 -1.000000 0.000001
vn 0.000000 -1.000000 0.000000
vn 0.000000 -1.000000 -0.000001
vn 0.000000 -1.000000 -0.000001
vn 0.000000 -1.000000 -0.000000
vn 0.000000 -1.000000 -0.000001
vn 0.000000 -1.000000 0.000000
vn 0.000000 -1.000000 -0.000000
vn 0.000000 -1.000000 0.000001
vn 0.000000 -1.000000 -0.000000
vn 0.000000 -1.000000 0.000001
vn 0.000000 -1.000000 -0.000000
vn 0.000000 -1.000000 0.000001
vn 0.000000 -1.000000 0.000001
vn 0.000000 -1.000000 0.000001
vn 0.000000 -1.000000 0.000001
vn 0.000000 -1.000000 -0.000003
vn 0.000000 -1.000000 -0.000001
vn 0.000000 -1.000000 -0.000003
vn 0.000000 -1.000000 -0.000002
vn 0.000000 -1.000000 0.000001
vn 0.000000 -1.000000 -0.000000
vn 0.000000 -1.000000 0.000001
vn 0.000000 -1.000000 -0.000000
vn 0.000000 -1.000000 0.000001
vn 0.000000 -1.000000 0.000000
vn 0.000000 -1.000000 0.000001
vn 0.000000 -1.000000 0.000000
vn 0.000000 -1.000000 0.000000
vn 0.000000 -1.000000 0.000000
vn 0.000000 -1.000000 0.000000
vn 0.000000 -1.000000 0.000000
vn 0.000000 -1.000000 0.000000
vn 0.000000 -1.000000 0.000000
vn 0.000000 -1.000000 0.000000
vn 0.000000 -1.000000 0.000000
vn 0.000000 -1.000000 -0.000000
vn 0.000000 -1.000000 0.000000
vn 0.000000 -1.000000 0.000000
vn 0.000000 -1.000000 0.000000
vn 0.000000 -1.000000 0.000001
vn 0.000000 -1.000000 0.000000
vn 0.000000 -1.000000 0.000000
vn 0.000000 -1.000000 0.000001
vn 0.000000 -1.000000 0.000000
vn 0.000000 -1.000000 0.000000
vn 0.000000 -1.000000 0.000000
vn 0.000000 -1.000000 0.000000
vn 0.000000 -1.000000 0.000000
vn 0.000000 -1.000000 0.000000
vn 0.000000 -1.000000 0.000000
vn 0.000000 -1.000000 0.000000
vn 0.000000 -1.000000 0.000000
vn 0.000000 -1.000000 0.000000
vn 0.000000 -1.000000 0.000000
vn 0.000000 -1.000000 -0.000000
vn 0.000000 -1.000000 -0.000000
vn 0.000000 -1.000000 -0.000000
vn 0.000000 -1.000000 -0.000000
vn 0.000000 -1.000000 -0.000000
vn 0.000000 -1.000000 -0.000001
vn 0.000000 -1.000000 0.000000
vn 0.000000 -1.000000 -0.000000
vn 0.000000 -1.000000 -0.000001
vn 0.000000 -1.000000 -0.000000
vn 0.000000 -1.000000 -0.000000
vn 0.000000 -1.000000 0.000000
vn 0.000000 -1.000000 0.000000
vn 0.000000 -1.000000 0.000000
vn 0.000000 -1.000000 0.000000
vn 0.000000 -1.000000 0.000000
vn 0.000000 -1.000000 -0.000000
vn 0.000000 -1.000000 -0.000000
vn 0.000000 -1.000000 0.000000
vn 0.000000 -1.000000 0.000000
vn 0.000000 -1.000000 0.000000
vn 0.000000 -1.000000 -0.000000
vn 0.000000 -1.000000 0.000000
vn 0.000000 -1.000000 -0.000000
vn 0.000000 -1.000000 0.000000
vn 0.000000 -1.000000 0.000001
vn 0.000000 -1.000000 -0.000000
vn 0.000000 -1.000000 -0.000000
vn 0.000000 -1.000000 0.000000
vn 0.000000 -1.000000 0.000000
vn 0.000000 -1.000000 0.000000
vn 0.000000 -1.000000 0.000000
vn 0.000000 -1.000000 0.000000
vn 0.000000 -1.000000 0.000000
vn 0.000000 -1.000000 0.000000
vn 0.000000 -1.000000 0.000000
vn 0.000000 -1.000000 0.000000
vn 0.000000 -1.000000 0.000000
vn 0.000000 -1.000000 -0.000000
vn 0.000000 -1.000000 -0.000000
vn 0.000000 -1.000000 -0.000000
vn 0.000000 -1.000000 -0.000000
vn 0.000000 -1.000000 -0.000000
vn 0.000000 -1.000000 0.000000
vn 0.000000 -1.000000 0.000000
vn 0.000000 -1.000000 -0.000000
vn 0.000000 -1.000000 0.000000
vn 0.000000 -1.000000 0.000001
vn 0.000000 -1.000000 0.000000
vn 0.000000 -1.000000 0.000000
vn 0.000000 -1.000000 0.000000
vn 0.000000 -1.000000 0.000000
vn 0.000000 -1.000000 0.000000
vn 0.000000 -1.000000 0.000000
vn 0.000000 -1.000000 0.000000
vn 0.000000 -1.000000 0.000000
vn 0.000000 -1.000000 -0.000000
vn 0.000000 -1.000000 -0.000000
vn 0.000000 -1.000000 0.000000
vn 0.000000 -1.000000 0.000000
vn 0.000000 -1.000000 0.000000
vn 0.000000 -1.000000 0.000000
vn 0.000000 -1.000000 0.000000
vn 0.000000 -1.000000 -0.000000
vn 0.000000 -1.000000 0.000000
vn 0.000000 -1.000000 -0.000000
vn 0.000000 -1.000000 -0.000001
vn 0.000000 -1.000000 -0.000000
vn 0.000000 -1.000000 0.000000
vn 0.000000 -1.000000 0.000000
vn 0.000000 -1.000000 0.000000
vn 0.000000 -1.000000 0.000000
vn 0.000000 -1.000000 0.000000
vn 0.000000 -1.000000 0.000000
vn 0.000000 -1.000000 0.000000
vn 0.000000 -1.000000 0.000000
vn 0.000000 -1.000000 0.000000
vn 0.000000 -1.000000 0.000000
vn 0.000000 -1.000000 -0.000000
vn 0.000000 -1.000000 -0.000000
vn 0.000000 -1.000000 -0.000000
vn 0.000000 -1.000000 -0.000000
vn 0.000000 -1.000000 -0.000000
vn 0.000000 -1.000000 0.000000
vn 0.000000 -1.000000 0.000001
vn 0.000000 -1.000000 0.000000
vn 0.000000 -1.000000 0.000000
vn 0.000000 -1.000000 0.000001
vn 0.000000 -1.000000 0.000000
vn 0.000000 -1.000000 0.000000
vn 0.000000 -1.000000 0.000000
vn 0.000000 -1.000000 0.000000
vn 0.000000 -1.000000 0.000000
vn 0.987689 0.000000 -0.156433
vn 0.951057 0.000000 -0.309017
vn 0.951057 0.000000 -0.309017
vn 0.987689 0.000000 -0.156433
vn 0.891007 0.000000 -0.453990
vn 0.891007 0.000000 -0.453990
vn 0.809018 0.000000 -0.587784
vn 0.809018 0.000000 -0.587784
vn 0.707107 0.000000 -0.707107
vn 0.707107 0.000000 -0.707107
vn 0.587785 0.000000 -0.809017
vn 0.587785 0.000000 -0.809017
vn 0.453991 0.000000 -0.891007
vn 0.453991 0.000000 -0.891007
vn 0.309017 0.000000 -0.951056
vn 0.309017 0.000000 -0.951056
vn 0.156435 0.000000 -0.987688
vn 0.156435 0.000000 -0.987688
vn 0.000000 0.000000 -1.000000
vn 0.000000 0.000000 -1.000000
vn -0.156434 0.000000 -0.987688
vn -0.156434 0.000000 -0.987688
vn -0.309017 0.000000 -0.951057
vn -0.309017 0.000000 -0.951057
vn -0.453990 0.000000 -0.891007
vn -0.453990 0.000000 -0.891007
vn -0.587785 0.000000 -0.809017
vn -0.587785 0.000000 -0.809017
vn -0.707106 0.000000 -0.707107
vn -0.707106 0.000000 -0.707107
vn -0.809017 0.000000 -0.587785
vn -0.809017 0.000000 -0.587785
vn -0.891007 0.000000 -0.453990
vn -0.891007 0.000000 -0.453990
vn -0.951056 0.000000 -0.309017
vn -0.951056 0.000000 -0.309017
vn -0.987688 0.000000 -0.156435
vn -0.987688 0.000000 -0.156435
vn -1.000000 0.000000 0.000000
vn -1.000000 0.000000 0.000000
vn -0.987688 0.000000 0.156435
vn -0.987688 0.000000 0.156435
vn -0.951056 0.000000 0.309017
vn -0.951056 0.000000 0.309017
vn -0.891007 0.000000 0.453990
vn -0.891007 0.000000 0.453990
vn -0.809018 0.000000 0.587784
vn -0.809018 0.000000 0.587784
vn -0.707107 0.000000 0.707107
vn -0.707107 0.000000 0.707107
vn -0.587785 0.000000 0.809017
vn -0.587785 0.000000 0.809017
vn -0.453991 0.000000 0.891006
vn -0.453991 0.000000 0.891006
vn -0.309017 0.000000 0.951057
vn -0.309017 0.000000 0.951057
vn -0.156434 0.000000 0.987688
vn -0.156434 0.000000 0.987688
vn 0.000000 0.000000 1.000000
vn 0.000000 0.000000 1.000000
vn 0.156434 0.000000 0.987688
vn 0.156434 0.000000 0.987688
vn 0.309017 0.000000 0.951057
vn 0.309017 0.000000 0.951057
vn 0.453990 0.000000 0.891007
vn 0.453990 0.000000 0.891007
vn 0.587785 0.000000 0.809017
vn 0.587785 0.000000 0.809017
vn 0.707107 0.000000 0.707107
vn 0.707107 0.000000 0.707107
vn 0.809017 0.000000 0.587785
vn 0.809017 0.000000 0.587785
vn 0.891007 0.000000 0.453991
vn 0.891007 0.000000 0.453991
vn 0.951057 0.000000 0.309016
vn 0.951057 0.000000 0.309016
vn 0.987688 0.000000 0.156435
vn 0.987688 0.000000 0.156435
vn 1.000000 0.000000 0.000002
vn 1.000000 0.000000 0.000002
vn 0.000000 1.000000 -0.000000
vn 0.000000 1.000000 -0.000001
vn 0.000000 1.000000 -0.000001
vn 0.000000 1.000000 0.000000
vn 0.000000 1.000000 0.000000
vn 0.000000 1.000000 0.000000
vn 0.000000 1.000000 0.000000
vn 0.000000 1.000000 0.000000
vn 0.000000 1.000000 0.000001
vn 0.000000 1.000000 0.000001
vn 0.000000 1.000000 0.000001
vn 0.000000 1.000000 0.000001
vn 0.000000 1.000000 -0.000000
vn 0.000000 1.000000 -0.000000
vn 0.000000 1.000000 0.000000
vn 0.000000 1.000000 0.000000
vn 0.000000 1.000000 0.000001
vn 0.000000 1.000000 0.000001
vn 0.000000 1.000000 0.000000
vn 0.000000 1.000000 0.000000
vn 0.000000 1.000000 0.000000
vn 0.000000 1.000000 0.000000
vn 0.000000 1.000000 0.000000
vn 0.000000 1.000000 0.000000
vn 0.000000 1.000000 0.000000
vn 0.000000 1.000000 0.000000
vn 0.000000 1.000000 0.000000
vn 0.000000 1.000000 0.000000
vn 0.000000 1.000000 0.000000
vn 0.000000 1.000000 0.000000
vn 0.000000 1.000000 0.000000
vn 0.000000 1.000000 0.000000
vn 0.000000 1.000000 0.000000
vn 0.000000 1.000000 0.000000
vn 0.000000 1.000000 -0.000000
vn 0.000000 1.000000 -0.000000
vn 0.000000 1.000000 -0.000001
vn 0.000000 1.000000 -0.000001
vn 0.000000 1.000000 0.000000
vn 0.000000 1.000000 0.000000
vn 0.000000 1.000000 0.000000
vn 0.000000 1.000000 0.000000
vn 0.000000 1.000000 0.000000
vn 0.000000 1.000000 0.000000
vn 0.000000 1.000000 0.000000
vn 0.000000 1.000000 0.000000
vn 0.000000 1.000000 0.000000
vn 0.000000 1.000000 0.000000
vn 0.000000 1.000000 0.000000
vn 0.000000 1.000000 0.000000
vn 0.000000 1.000000 0.000000
vn 0.000000 1.000000 0.000000
vn 0.000000 1.000000 0.000000
vn 0.000000 1.000000 0.000000
vn 0.000000 1.000000 0.000001
vn 0.000000 1.000000 0.000001
vn 0.000000 1.000000 0.000001
vn 0.000000 1.000000 0.000001
vn 0.000000 1.000000 0.000000
vn 0.000000 1.000000 0.000000
vn 0.000000 1.000000 -0.000000
vn 0.000000 1.000000 -0.000000
vn 0.000000 1.000000 -0.000000
vn 0.000000 1.000000 -0.000000
vn 0.000000 1.000000 0.000000
vn 0.000000 1.000000 0.000000
vn 0.000000 1.000000 -0.000000
vn 0.000000 1.000000 -0.000000
vn 0.000000 1.000000 -0.000000
vn 0.000000 1.000000 -0.000000
vn 0.000000 1.000000 0.000000
vn 0.000000 1.000000 0.000000
vn 0.000000 1.000000 0.000000
vn 0.000000 1.000000 0.000000
vn 0.000000 1.000000 0.000001
vn 0.000000 1.000000 0.000001
vn 0.000000 1.000000 -0.000000
vn 0.000000 1.000000 -0.000000
vn 0.000000 1.000000 0.000000
vn 0.000000 1.000000 -0.000000
vn 0.000000 1.000000 0.000000
vn 0.000000 1.000000 0.000000
vn 0.000000 1.000000 0.000000
vn 0.000000 1.000000 0.000000
vn 0.000000 1.000000 0.000002
vn 0.000000 1.000000 0.000002
vn 0.000000 1.000000 0.000000
vn 0.000000 1.000000 0.000000
vn 0.000000 1.000000 -0.000002
vn 0.000000 1.000000 -0.000002
vn 0.000000 1.000000 -0.000001
vn 0.000000 1.000000 -0.000001
vn 0.000000 1.000000 -0.000001
vn 0.000000 1.000000 -0.000001
vn 0.000000 1.000000 -0.000001
vn 0.000000 1.000000 -0.000001
vn 0.000000 1.000000 -0.000000
vn 0.000000 1.000000 -0.000000
vn 0.000000 1.000000 0.000000
vn 0.000000 1.000000 0.000000
vn 0.000000 1.000000 0.000001
vn 0.000000 1.000000 0.000001
vn 0.000000 1.000000 0.000001
vn 0.000000 1.000000 0.000001
vn 0.000000 1.000000 0.000000
vn 0.000000 1.000000 0.000000
vn 0.000000 1.000000 0.000000
vn 0.000000 1.000000 0.000000
vn 0.000000 1.000000 0.000000
vn 0.000000 1.000000 0.000000
vn 0.000000 1.000000 0.000002
vn 0.000000 1.000000 0.000002
vn 0.000000 1.000000 0.000002
vn 0.000000 1.000000 0.000002
vn 0.000000 1.000000 0.000000
vn 0.000000 1.000000 0.000000
vn 0.000000 1.000000 0.000002
vn 0.000000 1.000000 0.000002
vn 0.000000 1.000000 0.000000
vn 0.000000 1.000000 0.000000
vn 0.000000 1.000000 -0.000002
vn 0.000000 1.000000 -0.000002
vn 0.000000 1.000000 0.000000
vn 0.000000 1.000000 0.000000
vn 0.000000 1.000000 -0.000002
vn 0.000000 1.000000 -0.000002
vn 0.000000 1.000000 0.000000
vn 0.000000 1.000000 -0.000000
vn 0.000000 1.000000 0.000002
vn 0.000000 1.000000 0.000002
vn 0.000000 1.000000 0.000001
vn 0.000000 1.000000 0.000001
vn 0.000000 1.000000 0.000001
vn 0.000000 1.000000 0.000001
vn 0.000000 1.000000 0.000000
vn 0.000000 1.000000 0.000000
vn 0.000000 1.000000 -0.000000
vn 0.000000 1.000000 -0.000000
vn 0.000000 1.000000 -0.000000
vn 0.000000 1.000000 -0.000000
vn 0.000000 1.000000 -0.000001
vn 0.000000 1.000000 -0.000001
vn 0.000000 1.000000 -0.000001
vn 0.000000 1.000000 -0.000001
vn 0.000000 1.000000 -0.000001
vn 0.000000 1.000000 -0.000001
vn 0.000000 1.000000 -0.000001
vn 0.000000 1.000000 -0.000001
vn 0.000000 1.000000 0.000000
vn 0.000000 1.000000 0.000000
vn 0.000000 1.000000 -0.000002
vn 0.000000 1.000000 -0.000002
vn 0.000000 1.000000 -0.000002
vn 0.000000 1.000000 -0.000002
vn 0.000000 1.000000 0.000000
vn 0.000000 1.000000 0.000000
vn 0.000000 1.000000 -0.000002
vn 0.000000 1.000000 -0.000002
vn 0.000000 1.000000 -0.000002
vn 0.000000 1.000000 -0.000002
vn 0.000000 1.000000 -0.000000
vn 0.000000 1.000000 -0.000002
vn 0.000000 1.000000 -0.000001
vn 0.000000 1.000000 0.000001
vn 0.000000 1.000000 -0.000002
vn 0.000000 1.000000 -0.000001
vn 0.000000 1.000000 -0.000001
vn 0.000000 1.000000 -0.000001
vn 0.000000 1.000000 0.000001
vn 0.000000 1.000000 0.000001
vn 0.000000 1.000000 -0.000001
vn 0.000000 1.000000 -0.000001
vn 0.000000 1.000000 -0.000000
vn 0.000000 1.000000 -0.000001
vn 0.000000 1.000000 0.000000
vn 0.000000 1.000000 0.000000
vn 0.000000 1.000000 -0.000000
vn 0.000000 1.000000 -0.000000
vn 0.000000 1.000000 -0.000000
vn 0.000000 1.000000 -0.000000
vn 0.000000 1.000000 0.000000
vn 0.000000 1.000000 0.000000
vn 0.000000 1.000000 0.000000
vn 0.000000 1.000000 0.000000
vn 0.000000 1.000000 0.000000
vn 0.000000 1.000000 0.000000
vn 0.000000 1.000000 0.000000
vn 0.000000 1.000000 -0.000000
vn 0.000000 1.000000 0.000000
vn 0.000000 1.000000 0.000000
vn 0.000000 1.000000 0.000000
vn 0.000000 1.000000 0.000000
vn 0.000000 1.000000 0.000000
vn 0.000000 1.000000 0.000001
vn 0.000000 1.000000 0.000000
vn 0.000000 1.000000 0.000002
vn 0.000000 1.000000 0.000002
vn 0.000000 1.000000 0.000001
vn 0.000000 1.000000 0.000000
vn 0.000000 1.000000 0.000000
vn 0.000000 1.000000 0.000000
vn 0.000000 1.000000 0.000000
vn 0.000000 1.000000 0.000002
vn 0.000000 1.000000 0.000000
vn 0.000000 1.000000 0.000000
vn 0.000000 1.000000 0.000001
vn 0.000000 1.000000 -0.000001
vn 0.000000 1.000000 -0.000000
vn 0.000000 1.000000 -0.000001
vn 0.000000 1.000000 -0.000000
vn 0.000000 1.000000 0.000001
vn 0.000000 1.000000 0.000001
vn 0.000000 1.000000 0.000001
vn 0.000000 1.000000 0.000000
vn 0.000000 1.000000 0.000000
vn 0.000000 1.000000 -0.000001
vn 0.000000 1.000000 0.000000
vn 0.000000 1.000000 0.000000
vn 0.000000 1.000000 0.000001
vn 0.000000 1.000000 0.000001
vn 0.000000 1.000000 0.000000
vn 0.000000 1.000000 0.000000
vn 0.000000 1.000000 0.000000
vn 0.000000 1.000000 -0.000000
vn 0.000000 1.000000 0.000000
vn 0.000000 1.000000 0.000001
vn 0.000000 1.000000 0.000000
vn 0.000000 1.000000 0.000001
vn 0.000000 1.000000 0.000001
vn 0.000000 1.000000 0.000001
vn 0.000000 1.000000 -0.000000
vn 0.000000 1.000000 -0.000000
vn 0.000000 1.000000 -0.000001
vn 0.000000 1.000000 -0.000001
vn 0.000000 1.000000 0.000000
vn 0.000000 1.000000 0.000000
vn 0.000000 1.000000 0.000000
vn 0.000000 1.000000 -0.000001
vn 0.000000 1.000000 0.000002
vn 0.000000 1.000000 0.000001
vn 0.000000 1.000000 -0.000002
vn 0.000000 1.000000 0.000002
vn 0.000000 1.000000 0.000000
vn 0.000000 1.000000 -0.000001
vn 0.000000 1.000000 -0.000000
vn 0.000000 1.000000 0.000000
vn 0.000000 1.000000 -0.000001
vn 0.000000 1.000000 0.000000
vn 0.000000 1.000000 0.000000
vn 0.000000 1.000000 -0.000000
vn 0.000000 1.000000 -0.000000
vn 0.000000 1.000000 0.000001
vn 0.000000 1.000000 0.000000
vn 0.000000 1.000000 -0.000001
vn 0.000000 1.000000 0.000000
vn 0.000000 1.000000 0.000000
vn 0.000000 1.000000 0.000000
vn 0.000000 1.000000 0.000002
vn 0.000000 1.000000 0.000000
vn 0.000000 1.000000 0.000000
vn 0.000000 1.000000 -0.000000
vn 0.000000 1.000000 -0.000002
vn 0.000000 1.000000 0.000001
vn 0.000000 1.000000 0.000001
vn 0.000000 1.000000 0.000001
vn 0.000000 1.000000 0.000001
vn 0.000000 1.000000 -0.000001
vn 0.000000 1.000000 -0.000002
vn 0.000000 1.000000 -0.000000
vn 0.000000 1.000000 0.000000
vn 0.000000 1.000000 -0.000001
vn 0.000000 1.000000 -0.000001
vn 0.000000 1.000000 0.000001
vn 0.000000 1.000000 0.000002
vn 0.000000 1.000000 0.000001
vn 0.000000 1.000000 0.000000
vn 0.000000 1.000000 -0.000001
vn 0.000000 1.000000 0.000001
vn 0.000000 1.000000 -0.000002
vn 0.000000 1.000000 0.000000
vn 0.000000 -1.000000 0.000000
vn 0.000000 -1.000000 0.000000
vn 0.000000 -1.000000 0.000000
vn 0.000000 -1.000000 0.000000
vn 0.000000 -1.000000 0.000000
vn 0.000000 -1.000000 0.000003
vn 0.000000 -1.000000 0.000001
vn 0.000000 -1.000000 -0.000001
vn 0.000000 -1.000000 -0.000001
vn 0.000000 -1.000000 -0.000001
vn 0.000000 -1.000000 0.000000
vn 0.000000 -1.000000 0.000000
vn 0.000000 -1.000000 0.000000
vn 0.000000 -1.000000 0.000000
vn 0.000000 -1.000000 0.000000
vn 0.000000 -1.000000 -0.000003
vn 0.000000 -1.000000 -0.000003
vn 0.000000 -1.000000 0.000000
vn 0.000000 -1.000000 0.000000
vn 0.000000 -1.000000 0.000003
vn 0.000000 -1.000000 0.000000
vn 0.000000 -1.000000 -0.000003
vn 0.000000 -1.000000 0.000000
vn 0.000000 -1.000000 0.000000
vn 0.000000 -1.000000 0.000003
vn 0.000000 -1.000000 0.000003
vn 0.000000 -1.000000 0.000000
vn 0.000000 -1.000000 0.000000
vn 0.000000 -1.000000 0.000000
vn 0.000000 -1.000000 0.000000
vn 0.000000 -1.000000 0.000000
vn 0.000000 -1.000000 0.000000
vn 0.000000 -1.000000 0.000000
vn 0.000000 -1.000000 0.000000
vn 0.000000 -1.000000 0.000000
vn 0.000000 -1.000000 0.000000
vn 0.000000 -1.000000 0.000003
vn 0.000000 -1.000000 0.000003
vn 0.000000 -1.000000 -0.000003
vn 0.000000 -1.000000 -0.000000
vn 0.000000 -1.000000 0.000003
vn 0.000000 1.000000 -0.000000
vn 0.738596 0.650411 -0.177321
vn 0.738596 0.650411 -0.177321
vn 0.738596 0.650411 -0.177321
vn 0.738596 0.650411 -0.177321
vn -0.818179 -0.540370 0.196427
vn -0.818179 -0.540370 0.196427
vn -0.818179 -0.540370 0.196427
vn -0.818179 -0.540370 0.196427
vn 0.701763 0.650411 -0.290680
vn 0.701763 0.650411 -0.290680
vn 0.701763 0.650411 -0.290680
vn 0.701763 0.650411 -0.290680
vn -0.777378 -0.540369 0.322001
vn -0.777378 -0.540369 0.322001
vn -0.777378 -0.540369 0.322001
vn -0.777378 -0.540369 0.322001
vn 0.647652 0.650410 -0.396880
vn 0.647652 0.650410 -0.396881
vn 0.647652 0.650410 -0.396881
vn 0.647652 0.650410 -0.396881
vn -0.717436 -0.540368 0.439646
vn -0.717436 -0.540368 0.439646
vn -0.717436 -0.540368 0.439646
vn -0.717436 -0.540368 0.439646
vn 0.577591 0.650411 -0.493310
vn 0.577591 0.650411 -0.493310
vn 0.577591 0.650411 -0.493310
vn 0.577591 0.650411 -0.493310
vn -0.639826 -0.540370 0.546464
vn -0.639826 -0.540370 0.546464
vn -0.639826 -0.540370 0.546464
vn -0.639826 -0.540370 0.546464
vn 0.493310 0.650410 -0.577591
vn 0.493310 0.650410 -0.577591
vn 0.493310 0.650410 -0.577591
vn 0.493310 0.650410 -0.577591
vn -0.546464 -0.540368 0.639828
vn -0.546464 -0.540368 0.639828
vn -0.546464 -0.540368 0.639828
vn -0.546464 -0.540368 0.639828
vn 0.396881 0.650410 -0.647652
vn 0.396881 0.650410 -0.647652
vn 0.396881 0.650410 -0.647652
vn 0.396881 0.650410 -0.647651
vn -0.439646 -0.540368 0.717435
vn -0.439646 -0.540368 0.717435
vn -0.439646 -0.540368 0.717435
vn -0.439646 -0.540368 0.717435
vn 0.290680 0.650410 -0.701764
vn 0.290680 0.650410 -0.701764
vn 0.290680 0.650410 -0.701764
vn 0.290680 0.650410 -0.701764
vn -0.322000 -0.540369 0.777379
vn -0.322000 -0.540369 0.777379
vn -0.322000 -0.540369 0.777379
vn -0.322000 -0.540369 0.777379
vn 0.177322 0.650411 -0.738595
vn 0.177322 0.650411 -0.738595
vn 0.177322 0.650411 -0.738595
vn 0.177322 0.650411 -0.738595
vn -0.196427 -0.540370 0.818179
vn -0.196427 -0.540370 0.818179
vn -0.196427 -0.540370 0.818179
vn -0.196427 -0.540370 0.818179
vn 0.059596 0.650409 -0.757242
vn 0.059596 0.650409 -0.757243
vn 0.059596 0.650409 -0.757243
vn 0.059596 0.650409 -0.757242
vn -0.066018 -0.540369 0.838835
vn -0.066018 -0.540369 0.838835
vn -0.066018 -0.540369 0.838835
vn -0.066018 -0.540369 0.838835
vn -0.059596 0.650410 -0.757241
vn -0.059596 0.650410 -0.757242
vn -0.059596 0.650410 -0.757241
vn -0.059596 0.650410 -0.757241
vn 0.066019 -0.540369 0.838834
vn 0.066019 -0.540369 0.838834
vn 0.066019 -0.540369 0.838834
vn 0.066019 -0.540369 0.838834
vn -0.177322 0.650410 -0.738596
vn -0.177322 0.650410 -0.738596
vn -0.177322 0.650410 -0.738596
vn -0.177322 0.650410 -0.738596
vn 0.196427 -0.540368 0.818180
vn 0.196427 -0.540368 0.818180
vn 0.196427 -0.540368 0.818180
vn 0.196427 -0.540368 0.818180
vn -0.290679 0.650411 -0.701763
vn -0.290679 0.650411 -0.701763
vn -0.290679 0.650411 -0.701763
vn -0.290680 0.650411 -0.701763
vn 0.322001 -0.540370 0.777378
vn 0.322001 -0.540370 0.777378
vn 0.322001 -0.540369 0.777378
vn 0.322001 -0.540370 0.777378
vn -0.396881 0.650410 -0.647652
vn -0.396881 0.650409 -0.647652
vn -0.396881 0.650410 -0.647652
vn -0.396881 0.650410 -0.647652
vn 0.439645 -0.540368 0.717436
vn 0.439645 -0.540368 0.717436
vn 0.439645 -0.540368 0.717436
vn 0.439645 -0.540368 0.717436
vn -0.493310 0.650411 -0.577591
vn -0.493310 0.650411 -0.577591
vn -0.493310 0.650411 -0.577591
vn -0.493310 0.650411 -0.577591
vn 0.546464 -0.540370 0.639827
vn 0.546464 -0.540370 0.639827
vn 0.546464 -0.540370 0.639827
vn 0.546463 -0.540370 0.639827
vn -0.577592 0.650410 -0.493309
vn -0.577592 0.650410 -0.493309
vn -0.577592 0.650410 -0.493309
vn -0.577592 0.650410 -0.493309
vn 0.639827 -0.540369 0.546464
vn 0.639827 -0.540369 0.546464
vn 0.639827 -0.540369 0.546464
vn 0.639827 -0.540369 0.546464
vn -0.647651 0.650410 -0.396881
vn -0.647651 0.650410 -0.396881
vn -0.647651 0.650410 -0.396881
vn -0.647651 0.650410 -0.396881
vn 0.717435 -0.540369 0.439645
vn 0.717435 -0.540369 0.439645
vn 0.717435 -0.540369 0.439645
vn 0.717435 -0.540369 0.439645
vn -0.701763 0.650410 -0.290680
vn -0.701763 0.650410 -0.290681
vn -0.701763 0.650410 -0.290681
vn -0.701763 0.650410 -0.290680
vn 0.777378 -0.540369 0.322001
vn 0.777378 -0.540370 0.322001
vn 0.777378 -0.540370 0.322001
vn 0.777378 -0.540370 0.322001
vn -0.738596 0.650411 -0.177320
vn -0.738596 0.650411 -0.177320
vn -0.738596 0.650411 -0.177320
vn -0.738596 0.650411 -0.177320
vn 0.818179 -0.540369 0.196429
vn 0.818179 -0.540369 0.196428
vn 0.818179 -0.540369 0.196428
vn 0.818179 -0.540369 0.196428
vn -0.757242 0.650410 -0.059597
vn -0.757242 0.650410 -0.059597
vn -0.757242 0.650410 -0.059597
vn -0.757242 0.650410 -0.059597
vn 0.838835 -0.540368 0.066018
vn 0.838835 -0.540368 0.066018
vn 0.838835 -0.540368 0.066018
vn 0.838835 -0.540368 0.066018
vn -0.757242 0.650410 0.059597
vn -0.757242 0.650410 0.059597
vn -0.757242 0.650410 0.059597
vn -0.757242 0.650410 0.059597
vn 0.838834 -0.540369 -0.066016
vn 0.838834 -0.540369 -0.066016
vn 0.838834 -0.540369 -0.066016
vn 0.838834 -0.540369 -0.066016
vn -0.738595 0.650411 0.177321
vn -0.738595 0.650411 0.177321
vn -0.738595 0.650411 0.177321
vn -0.738595 0.650411 0.177321
vn 0.818179 -0.540369 -0.196429
vn 0.818179 -0.540369 -0.196429
vn 0.818179 -0.540369 -0.196429
vn 0.818179 -0.540369 -0.196429
vn -0.701763 0.650411 0.290679
vn -0.701763 0.650411 0.290679
vn -0.701763 0.650411 0.290679
vn -0.701763 0.650411 0.290679
vn 0.777378 -0.540369 -0.322001
vn 0.777378 -0.540369 -0.322001
vn 0.777378 -0.540369 -0.322001
vn 0.777378 -0.540369 -0.322001
vn -0.647650 0.650410 0.396882
vn -0.647650 0.650410 0.396882
vn -0.647650 0.650410 0.396882
vn -0.647650 0.650411 0.396882
vn 0.717435 -0.540369 -0.439646
vn 0.717435 -0.540369 -0.439646
vn 0.717435 -0.540369 -0.439646
vn 0.717435 -0.540369 -0.439646
vn -0.577591 0.650410 0.493311
vn -0.577591 0.650410 0.493311
vn -0.577591 0.650410 0.493311
vn -0.577591 0.650410 0.493311
vn 0.639827 -0.540370 -0.546463
vn 0.639827 -0.540370 -0.546463
vn 0.639827 -0.540370 -0.546463
vn 0.639827 -0.540370 -0.546463
vn -0.493310 0.650410 0.577591
vn -0.493310 0.650410 0.577591
vn -0.493310 0.650410 0.577591
vn -0.493310 0.650410 0.577591
vn 0.546464 -0.540368 -0.639828
vn 0.546464 -0.540368 -0.639828
vn 0.546464 -0.540368 -0.639828
vn 0.546464 -0.540368 -0.639828
vn -0.396881 0.650411 0.647651
vn -0.396881 0.650411 0.647651
vn -0.396881 0.650411 0.647651
vn -0.396881 0.650411 0.647651
vn 0.439645 -0.540368 -0.717436
vn 0.439645 -0.540368 -0.717436
vn 0.439645 -0.540368 -0.717436
vn 0.439645 -0.540368 -0.717436
vn -0.290680 0.650411 0.701763
vn -0.290680 0.650411 0.701763
vn -0.290680 0.650411 0.701763
vn -0.290680 0.650411 0.701763
vn 0.322001 -0.540370 -0.777378
vn 0.322001 -0.540370 -0.777378
vn 0.322001 -0.540370 -0.777378
vn 0.322001 -0.540370 -0.777378
vn -0.177321 0.650411 0.738596
vn -0.177321 0.650410 0.738596
vn -0.177321 0.650411 0.738596
vn -0.177321 0.650410 0.738596
vn 0.196427 -0.540369 -0.818179
vn 0.196427 -0.540369 -0.818179
vn 0.196427 -0.540369 -0.818179
vn 0.196427 -0.540369 -0.818179
vn -0.059596 0.650410 0.757242
vn -0.059596 0.650410 0.757242
vn -0.059596 0.650410 0.757242
vn -0.059596 0.650410 0.757242
vn 0.066017 -0.540368 -0.838835
vn 0.066017 -0.540368 -0.838835
vn 0.066017 -0.540368 -0.838835
vn 0.066017 -0.540368 -0.838835
vn 0.059596 0.650410 0.757242
vn 0.059596 0.650410 0.757242
vn 0.059596 0.650410 0.757242
vn 0.059596 0.650410 0.757242
vn -0.066017 -0.540369 -0.838835
vn -0.066017 -0.540369 -0.838835
vn -0.066017 -0.540369 -0.838835
vn -0.066017 -0.540369 -0.838835
vn 0.177321 0.650410 0.738596
vn 0.177321 0.650410 0.738596
vn 0.177321 0.650410 0.738596
vn 0.177321 0.650410 0.738596
vn -0.196427 -0.540370 -0.818179
vn -0.196427 -0.540370 -0.818179
vn -0.196427 -0.540370 -0.818179
vn -0.196427 -0.540370 -0.818179
vn 0.290679 0.650411 0.701763
vn 0.290679 0.650411 0.701763
vn 0.290679 0.650411 0.701763
vn 0.290679 0.650411 0.701763
vn -0.322001 -0.540368 -0.777379
vn -0.322001 -0.540368 -0.777379
vn -0.322001 -0.540368 -0.777379
vn -0.322001 -0.540368 -0.777379
vn 0.396881 0.650410 0.647651
vn 0.396881 0.650410 0.647651
vn 0.396881 0.650410 0.647651
vn 0.396881 0.650410 0.647651
vn -0.439644 -0.540371 -0.717434
vn -0.439644 -0.540371 -0.717434
vn -0.439645 -0.540371 -0.717434
vn -0.439645 -0.540371 -0.717434
vn 0.493309 0.650412 0.577590
vn 0.493309 0.650412 0.577590
vn 0.493309 0.650412 0.577590
vn 0.493309 0.650412 0.577590
vn -0.546464 -0.540371 -0.639826
vn -0.546464 -0.540371 -0.639826
vn -0.546464 -0.540371 -0.639826
vn -0.546464 -0.540371 -0.639826
vn 0.577592 0.650409 0.493310
vn 0.577592 0.650409 0.493310
vn 0.577592 0.650409 0.493310
vn 0.577592 0.650409 0.493310
vn -0.639828 -0.540368 -0.546464
vn -0.639828 -0.540368 -0.546464
vn -0.639828 -0.540368 -0.546464
vn -0.639828 -0.540368 -0.546464
vn 0.647650 0.650410 0.396883
vn 0.647650 0.650410 0.396883
vn 0.647650 0.650410 0.396883
vn 0.647650 0.650410 0.396883
vn -0.717435 -0.540369 -0.439646
vn -0.717435 -0.540369 -0.439646
vn -0.717435 -0.540369 -0.439646
vn -0.717435 -0.540369 -0.439646
vn 0.701764 0.650409 0.290681
vn 0.701764 0.650409 0.290681
vn 0.701764 0.650409 0.290681
vn 0.701764 0.650409 0.290681
vn -0.777378 -0.540369 -0.322001
vn -0.777378 -0.540369 -0.322001
vn -0.777378 -0.540369 -0.322001
vn -0.777378 -0.540369 -0.322001
vn 0.738595 0.650411 0.177321
vn 0.738595 0.650411 0.177321
vn 0.738595 0.650411 0.177321
vn 0.738595 0.650411 0.177321
vn -0.818180 -0.540368 -0.196427
vn -0.818180 -0.540368 -0.196427
vn -0.818180 -0.540368 -0.196427
vn -0.818180 -0.540368 -0.196427
vn 0.757242 0.650410 0.059596
vn 0.757242 0.650410 0.059596
vn 0.757242 0.650410 0.059596
vn 0.757242 0.650410 0.059596
vn -0.838836 -0.540367 -0.066016
vn -0.838836 -0.540367 -0.066016
vn -0.838836 -0.540367 -0.066016
vn -0.838836 -0.540367 -0.066016
vn 0.757242 0.650411 -0.059594
vn 0.757242 0.650411 -0.059594
vn 0.757242 0.650411 -0.059594
vn 0.757242 0.650411 -0.059594
vn -0.838835 -0.540369 0.066013
vn -0.838835 -0.540369 0.066013
vn -0.838835 -0.540369 0.066013
vn -0.838835 -0.540369 0.066013
vn 0.921699 0.318601 -0.221281
vn 0.921699 0.318601 -0.221281
vn 0.921699 0.318601 -0.221281
vn 0.921699 0.318601 -0.221281
vn -0.942873 -0.244440 0.226360
vn -0.942873 -0.244440 0.226360
vn -0.942873 -0.244440 0.226360
vn -0.942873 -0.244440 0.226360
vn 0.875735 0.318600 -0.362742
vn 0.875735 0.318600 -0.362742
vn 0.875735 0.318600 -0.362742
vn 0.875735 0.318600 -0.362742
vn -0.895853 -0.244440 0.371075
vn -0.895853 -0.244440 0.371075
vn -0.895853 -0.244440 0.371075
vn -0.895853 -0.244440 0.371075
vn 0.808209 0.318601 -0.495269
vn 0.808209 0.318601 -0.495269
vn 0.808209 0.318601 -0.495269
vn 0.808209 0.318601 -0.495269
vn -0.826774 -0.244439 0.506649
vn -0.826774 -0.244439 0.506649
vn -0.826774 -0.244439 0.506649
vn -0.826774 -0.244439 0.506649
vn 0.720780 0.318601 -0.615604
vn 0.720780 0.318601 -0.615604
vn 0.720780 0.318601 -0.615604
vn 0.720781 0.318601 -0.615604
vn -0.737339 -0.244441 0.629746
vn -0.737339 -0.244441 0.629746
vn -0.737339 -0.244440 0.629746
vn -0.737339 -0.244440 0.629746
vn 0.615605 0.318600 -0.720781
vn 0.615605 0.318600 -0.720781
vn 0.615605 0.318600 -0.720781
vn 0.615605 0.318600 -0.720781
vn -0.629746 -0.244440 0.737339
vn -0.629746 -0.244440 0.737339
vn -0.629746 -0.244440 0.737339
vn -0.629746 -0.244440 0.737339
vn 0.495271 0.318601 -0.808208
vn 0.495271 0.318601 -0.808208
vn 0.495271 0.318601 -0.808208
vn 0.495271 0.318601 -0.808208
vn -0.506649 -0.244440 0.826774
vn -0.506649 -0.244440 0.826774
vn -0.506649 -0.244440 0.826774
vn -0.506649 -0.244440 0.826774
vn 0.362742 0.318601 -0.875735
vn 0.362742 0.318601 -0.875735
vn 0.362742 0.318601 -0.875735
vn 0.362742 0.318601 -0.875735
vn -0.371075 -0.244440 0.895853
vn -0.371075 -0.244440 0.895853
vn -0.371075 -0.244440 0.895853
vn -0.371075 -0.244440 0.895853
vn 0.221280 0.318600 -0.921699
vn 0.221280 0.318600 -0.921699
vn 0.221280 0.318600 -0.921699
vn 0.221280 0.318600 -0.921699
vn -0.226363 -0.244440 0.942873
vn -0.226363 -0.244440 0.942873
vn -0.226363 -0.244440 0.942873
vn -0.226363 -0.244440 0.942873
vn 0.074371 0.318602 -0.944967
vn 0.074371 0.318602 -0.944967
vn 0.074371 0.318602 -0.944967
vn 0.074371 0.318602 -0.944967
vn -0.076080 -0.244439 0.966675
vn -0.076080 -0.244439 0.966675
vn -0.076080 -0.244439 0.966675
vn -0.076080 -0.244439 0.966675
vn -0.074371 0.318600 -0.944967
vn -0.074371 0.318600 -0.944967
vn -0.074371 0.318600 -0.944967
vn -0.074371 0.318600 -0.944967
vn 0.076080 -0.244440 0.966675
vn 0.076080 -0.244440 0.966675
vn 0.076080 -0.244440 0.966675
vn 0.076080 -0.244440 0.966675
vn -0.221280 0.318601 -0.921699
vn -0.221280 0.318601 -0.921699
vn -0.221280 0.318601 -0.921699
vn -0.221280 0.318601 -0.921699
vn 0.226363 -0.244441 0.942873
vn 0.226363 -0.244441 0.942873
vn 0.226363 -0.244441 0.942873
vn 0.226363 -0.244441 0.942873
vn -0.362742 0.318601 -0.875735
vn -0.362742 0.318601 -0.875735
vn -0.362742 0.318601 -0.875735
vn -0.362741 0.318601 -0.875735
vn 0.371075 -0.244439 0.895853
vn 0.371075 -0.244439 0.895853
vn 0.371075 -0.244439 0.895853
vn 0.371075 -0.244439 0.895853
vn -0.495270 0.318602 -0.808208
vn -0.495270 0.318602 -0.808208
vn -0.495270 0.318602 -0.808208
vn -0.495270 0.318602 -0.808208
vn 0.506647 -0.244440 0.826776
vn 0.506647 -0.244440 0.826776
vn 0.506647 -0.244440 0.826776
vn 0.506647 -0.244440 0.826776
vn -0.615605 0.318601 -0.720780
vn -0.615605 0.318601 -0.720780
vn -0.615605 0.318601 -0.720780
vn -0.615605 0.318601 -0.720780
vn 0.629748 -0.244440 0.737338
vn 0.629748 -0.244440 0.737338
vn 0.629748 -0.244440 0.737338
vn 0.629748 -0.244440 0.737338
vn -0.720780 0.318600 -0.615605
vn -0.720780 0.318600 -0.615605
vn -0.720780 0.318600 -0.615605
vn -0.720780 0.318600 -0.615605
vn 0.737339 -0.244439 0.629747
vn 0.737339 -0.244439 0.629747
vn 0.737339 -0.244439 0.629747
vn 0.737339 -0.244439 0.629747
vn -0.808208 0.318600 -0.495272
vn -0.808208 0.318600 -0.495272
vn -0.808208 0.318600 -0.495272
vn -0.808208 0.318600 -0.495272
vn 0.826775 -0.244440 0.506647
vn 0.826775 -0.244440 0.506647
vn 0.826775 -0.244440 0.506647
vn 0.826775 -0.244440 0.506647
vn -0.875735 0.318601 -0.362742
vn -0.875735 0.318601 -0.362742
vn -0.875735 0.318601 -0.362742
vn -0.875735 0.318601 -0.362742
vn 0.895853 -0.244439 0.371076
vn 0.895853 -0.244439 0.371076
vn 0.895853 -0.244439 0.371076
vn 0.895853 -0.244439 0.371076
vn -0.921699 0.318601 -0.221280
vn -0.921699 0.318601 -0.221280
vn -0.921699 0.318601 -0.221280
vn -0.921699 0.318601 -0.221280
vn 0.942873 -0.244439 0.226364
vn 0.942873 -0.244439 0.226364
vn 0.942873 -0.244439 0.226364
vn 0.942873 -0.244439 0.226364
vn -0.944967 0.318601 -0.074370
vn -0.944967 0.318601 -0.074370
vn -0.944967 0.318601 -0.074370
vn -0.944967 0.318601 -0.074370
vn 0.966675 -0.244440 0.076079
vn 0.966675 -0.244440 0.076079
vn 0.966675 -0.244440 0.076079
vn 0.966675 -0.244440 0.076079
vn -0.944967 0.318601 0.074370
vn -0.944967 0.318601 0.074370
vn -0.944967 0.318601 0.074370
vn -0.944967 0.318601 0.074370
vn 0.966675 -0.244440 -0.076079
vn 0.966675 -0.244440 -0.076079
vn 0.966675 -0.244440 -0.076079
vn 0.966675 -0.244440 -0.076079
vn -0.921699 0.318601 0.221281
vn -0.921699 0.318601 0.221281
vn -0.921699 0.318601 0.221281
vn -0.921699 0.318601 0.221281
vn 0.942873 -0.244440 -0.226364
vn 0.942873 -0.244440 -0.226364
vn 0.942873 -0.244440 -0.226364
vn 0.942873 -0.244440 -0.226364
vn -0.875735 0.318601 0.362742
vn -0.875735 0.318601 0.362742
vn -0.875735 0.318601 0.362742
vn -0.875735 0.318601 0.362742
vn 0.895853 -0.244440 -0.371076
vn 0.895853 -0.244440 -0.371076
vn 0.895853 -0.244440 -0.371076
vn 0.895853 -0.244440 -0.371076
vn -0.808208 0.318601 0.495271
vn -0.808208 0.318601 0.495271
vn -0.808208 0.318601 0.495271
vn -0.808208 0.318601 0.495271
vn 0.826776 -0.244440 -0.506647
vn 0.826776 -0.244440 -0.506647
vn 0.826776 -0.244440 -0.506647
vn 0.826776 -0.244440 -0.506647
vn -0.720780 0.318600 0.615605
vn -0.720780 0.318600 0.615605
vn -0.720780 0.318600 0.615605
vn -0.720780 0.318600 0.615605
vn 0.737339 -0.244440 -0.629747
vn 0.737339 -0.244440 -0.629747
vn 0.737339 -0.244440 -0.629747
vn 0.737339 -0.244440 -0.629747
vn -0.615604 0.318601 0.720781
vn -0.615604 0.318601 0.720781
vn -0.615604 0.318601 0.720781
vn -0.615604 0.318601 0.720781
vn 0.629747 -0.244440 -0.737338
vn 0.629747 -0.244440 -0.737338
vn 0.629747 -0.244440 -0.737338
vn 0.629747 -0.244440 -0.737338
vn -0.495271 0.318600 0.808208
vn -0.495271 0.318600 0.808208
vn -0.495271 0.318600 0.808208
vn -0.495271 0.318600 0.808208
vn 0.506648 -0.244439 -0.826776
vn 0.506648 -0.244439 -0.826776
vn 0.506648 -0.244439 -0.826776
vn 0.506648 -0.244439 -0.826776
vn -0.362743 0.318601 0.875734
vn -0.362743 0.318601 0.875734
vn -0.362743 0.318601 0.875734
vn -0.362743 0.318601 0.875734
vn 0.371075 -0.244440 -0.895853
vn 0.371075 -0.244440 -0.895853
vn 0.371075 -0.244440 -0.895853
vn 0.371075 -0.244440 -0.895853
vn -0.221279 0.318601 0.921699
vn -0.221279 0.318601 0.921699
vn -0.221279 0.318601 0.921699
vn -0.221279 0.318601 0.921699
vn 0.226363 -0.244440 -0.942873
vn 0.226363 -0.244440 -0.942873
vn 0.226363 -0.244440 -0.942873
vn 0.226363 -0.244440 -0.942873
vn -0.074370 0.318600 0.944967
vn -0.074370 0.318600 0.944967
vn -0.074370 0.318600 0.944967
vn -0.074370 0.318600 0.944967
vn 0.076079 -0.244439 -0.966676
vn 0.076079 -0.244439 -0.966676
vn 0.076079 -0.244439 -0.966675
vn 0.076079 -0.244439 -0.966676
vn 0.074370 0.318602 0.944967
vn 0.074370 0.318602 0.944967
vn 0.074370 0.318602 0.944967
vn 0.074370 0.318602 0.944967
vn -0.076079 -0.244441 -0.966675
vn -0.076079 -0.244441 -0.966675
vn -0.076079 -0.244441 -0.966675
vn -0.076079 -0.244441 -0.966675
vn 0.221280 0.318601 0.921699
vn 0.221280 0.318601 0.921699
vn 0.221280 0.318601 0.921699
vn 0.221280 0.318601 0.921699
vn -0.226363 -0.244439 -0.942873
vn -0.226363 -0.244439 -0.942873
vn -0.226363 -0.244439 -0.942873
vn -0.226363 -0.244439 -0.942873
vn 0.362742 0.318601 0.875735
vn 0.362742 0.318601 0.875735
vn 0.362742 0.318601 0.875735
vn 0.362742 0.318601 0.875735
vn -0.371076 -0.244440 -0.895853
vn -0.371076 -0.244440 -0.895853
vn -0.371076 -0.244440 -0.895853
vn -0.371076 -0.244440 -0.895853
vn 0.495270 0.318601 0.808209
vn 0.495270 0.318601 0.808209
vn 0.495270 0.318601 0.808209
vn 0.495270 0.318601 0.808209
vn -0.506647 -0.244440 -0.826775
vn -0.506647 -0.244440 -0.826776
vn -0.506647 -0.244440 -0.826775
vn -0.506647 -0.244440 -0.826776
vn 0.615606 0.318600 0.720780
vn 0.615606 0.318600 0.720780
vn 0.615606 0.318600 0.720780
vn 0.615606 0.318600 0.720780
vn -0.629746 -0.244439 -0.737340
vn -0.629746 -0.244439 -0.737340
vn -0.629746 -0.244439 -0.737340
vn -0.629746 -0.244439 -0.737340
vn 0.720781 0.318601 0.615604
vn 0.720781 0.318601 0.615604
vn 0.720781 0.318601 0.615604
vn 0.720781 0.318601 0.615604
vn -0.737339 -0.244440 -0.629746
vn -0.737339 -0.244440 -0.629746
vn -0.737339 -0.244440 -0.629746
vn -0.737339 -0.244440 -0.629746
vn 0.808208 0.318601 0.495272
vn 0.808207 0.318601 0.495272
vn 0.808208 0.318601 0.495272
vn 0.808208 0.318601 0.495272
vn -0.826775 -0.244440 -0.506647
vn -0.826775 -0.244440 -0.506647
vn -0.826775 -0.244440 -0.506647
vn -0.826775 -0.244440 -0.506647
vn 0.875735 0.318602 0.362741
vn 0.875735 0.318602 0.362741
vn 0.875735 0.318602 0.362741
vn 0.875735 0.318602 0.362741
vn -0.895853 -0.244440 -0.371076
vn -0.895853 -0.244440 -0.371076
vn -0.895853 -0.244440 -0.371076
vn -0.895853 -0.244440 -0.371076
vn 0.921699 0.318601 0.221281
vn 0.921699 0.318601 0.221281
vn 0.921699 0.318601 0.221281
vn 0.921699 0.318601 0.221281
vn -0.942872 -0.244440 -0.226364
vn -0.942872 -0.244440 -0.226364
vn -0.942873 -0.244440 -0.226364
vn -0.942872 -0.244440 -0.226364
vn 0.944967 0.318600 0.074369
vn 0.944967 0.318600 0.074369
vn 0.944967 0.318600 0.074369
vn 0.944967 0.318600 0.074369
vn -0.966675 -0.244440 -0.076079
vn -0.966675 -0.244440 -0.076079
vn -0.966675 -0.244440 -0.076079
vn -0.966675 -0.244440 -0.076079
vn 0.944967 0.318601 -0.074365
vn 0.944967 0.318601 -0.074365
vn 0.944967 0.318601 -0.074365
vn 0.944967 0.318601 -0.074365
vn -0.966675 -0.244441 0.076078
vn -0.966675 -0.244441 0.076078
vn -0.966675 -0.244441 0.076078
vn -0.966675 -0.244441 0.076078
vn 0.972370 0.000000 -0.233445
vn 0.972370 0.000000 -0.233445
vn 0.972370 0.000000 -0.233445
vn 0.972370 0.000000 -0.233445
vn -0.972369 0.000000 0.233448
vn -0.972369 0.000000 0.233448
vn -0.972369 0.000000 0.233448
vn -0.972369 0.000000 0.233448
vn 0.923879 0.000000 -0.382685
vn 0.923879 0.000000 -0.382685
vn 0.923879 0.000000 -0.382685
vn 0.923879 0.000000 -0.382685
vn -0.923879 0.000000 0.382685
vn -0.923879 0.000000 0.382685
vn -0.923879 0.000000 0.382685
vn -0.923879 0.000000 0.382685
vn 0.852640 0.000000 -0.522499
vn 0.852640 0.000000 -0.522499
vn 0.852640 0.000000 -0.522499
vn 0.852640 0.000000 -0.522499
vn -0.852641 0.000000 0.522497
vn -0.852641 0.000000 0.522497
vn -0.852641 0.000000 0.522497
vn -0.852641 0.000000 0.522497
vn 0.760409 0.000000 -0.649445
vn 0.760409 0.000000 -0.649445
vn 0.760409 0.000000 -0.649445
vn 0.760409 0.000000 -0.649445
vn -0.760408 0.000000 0.649445
vn -0.760408 0.000000 0.649445
vn -0.760408 0.000000 0.649445
vn -0.760408 0.000000 0.649445
vn 0.649447 0.000000 -0.760407
vn 0.649447 0.000000 -0.760407
vn 0.649447 0.000000 -0.760407
vn 0.649447 0.000000 -0.760407
vn -0.649446 0.000000 0.760408
vn -0.649446 0.000000 0.760408
vn -0.649446 0.000000 0.760408
vn -0.649446 0.000000 0.760408
vn 0.522497 0.000000 -0.852641
vn 0.522497 0.000000 -0.852641
vn 0.522497 0.000000 -0.852641
vn 0.522497 0.000000 -0.852641
vn -0.522495 0.000000 0.852642
vn -0.522495 0.000000 0.852642
vn -0.522495 0.000000 0.852642
vn -0.522495 0.000000 0.852642
vn 0.382683 0.000000 -0.923880
vn 0.382683 0.000000 -0.923880
vn 0.382683 0.000000 -0.923880
vn 0.382683 0.000000 -0.923880
vn -0.382684 0.000000 0.923879
vn -0.382684 0.000000 0.923879
vn -0.382684 0.000000 0.923879
vn -0.382684 0.000000 0.923879
vn 0.233446 0.000000 -0.972370
vn 0.233446 0.000000 -0.972370
vn 0.233446 0.000000 -0.972370
vn 0.233446 0.000000 -0.972370
vn -0.233445 0.000000 0.972370
vn -0.233445 0.000000 0.972370
vn -0.233445 0.000000 0.972370
vn -0.233445 0.000000 0.972370
vn 0.078458 0.000000 -0.996917
vn 0.078458 0.000000 -0.996917
vn 0.078458 0.000000 -0.996917
vn 0.078458 0.000000 -0.996917
vn -0.078458 0.000000 0.996917
vn -0.078458 0.000000 0.996917
vn -0.078458 0.000000 0.996917
vn -0.078458 0.000000 0.996917
vn -0.078458 0.000000 -0.996917
vn -0.078458 0.000000 -0.996917
vn -0.078458 0.000000 -0.996917
vn -0.078458 0.000000 -0.996917
vn 0.078458 0.000000 0.996917
vn 0.078458 0.000000 0.996917
vn 0.078458 0.000000 0.996917
vn 0.078458 0.000000 0.996917
vn -0.233446 0.000000 -0.972370
vn -0.233446 0.000000 -0.972370
vn -0.233446 0.000000 -0.972370
vn -0.233446 0.000000 -0.972370
vn 0.233445 0.000000 0.972370
vn 0.233445 0.000000 0.972370
vn 0.233445 0.000000 0.972370
vn 0.233445 0.000000 0.972370
vn -0.382683 0.000000 -0.923880
vn -0.382683 0.000000 -0.923880
vn -0.382683 0.000000 -0.923880
vn -0.382683 0.000000 -0.923880
vn 0.382684 0.000000 0.923879
vn 0.382684 0.000000 0.923879
vn 0.382684 0.000000 0.923879
vn 0.382684 0.000000 0.923879
vn -0.522497 0.000000 -0.852641
vn -0.522497 0.000000 -0.852641
vn -0.522497 0.000000 -0.852641
vn -0.522497 0.000000 -0.852641
vn 0.522498 0.000000 0.852641
vn 0.522498 0.000000 0.852641
vn 0.522498 0.000000 0.852641
vn 0.522498 0.000000 0.852641
vn -0.649449 0.000000 -0.760405
vn -0.649449 0.000000 -0.760405
vn -0.649449 0.000000 -0.760405
vn -0.649449 0.000000 -0.760405
vn 0.649446 0.000000 0.760408
vn 0.649446 0.000000 0.760408
vn 0.649446 0.000000 0.760408
vn 0.649446 0.000000 0.760408
vn -0.760406 0.000000 -0.649448
vn -0.760406 0.000000 -0.649448
vn -0.760406 0.000000 -0.649448
vn -0.760406 0.000000 -0.649448
vn 0.760408 0.000000 0.649446
vn 0.760408 0.000000 0.649446
vn 0.760408 0.000000 0.649446
vn 0.760408 0.000000 0.649446
vn -0.852640 0.000000 -0.522499
vn -0.852640 0.000000 -0.522499
vn -0.852640 0.000000 -0.522499
vn -0.852640 0.000000 -0.522499
vn 0.852642 0.000000 0.522496
vn 0.852642 0.000000 0.522496
vn 0.852642 0.000000 0.522496
vn 0.852642 0.000000 0.522496
vn -0.923879 0.000000 -0.382685
vn -0.923879 0.000000 -0.382685
vn -0.923879 0.000000 -0.382685
vn -0.923879 0.000000 -0.382685
vn 0.923876 0.000000 0.382691
vn 0.923876 0.000000 0.382691
vn 0.923876 0.000000 0.382691
vn 0.923876 0.000000 0.382691
vn -0.972370 0.000000 -0.233445
vn -0.972370 0.000000 -0.233445
vn -0.972370 0.000000 -0.233445
vn -0.972370 0.000000 -0.233445
vn 0.972371 0.000000 0.233441
vn 0.972371 0.000000 0.233441
vn 0.972371 0.000000 0.233441
vn 0.972371 0.000000 0.233441
vn -0.996917 0.000000 -0.078458
vn -0.996917 0.000000 -0.078458
vn -0.996917 0.000000 -0.078458
vn -0.996917 0.000000 -0.078458
vn 0.996917 0.000000 0.078458
vn 0.996917 0.000000 0.078458
vn 0.996917 0.000000 0.078458
vn 0.996917 0.000000 0.078458
vn -0.996917 0.000000 0.078458
vn -0.996917 0.000000 0.078458
vn -0.996917 0.000000 0.078458
vn -0.996917 0.000000 0.078458
vn 0.996917 0.000000 -0.078458
vn 0.996917 0.000000 -0.078458
vn 0.996917 0.000000 -0.078458
vn 0.996917 0.000000 -0.078458
vn -0.972370 0.000000 0.233445
vn -0.972370 0.000000 0.233445
vn -0.972370 0.000000 0.233445
vn -0.972370 0.000000 0.233445
vn 0.972371 0.000000 -0.233441
vn 0.972371 0.000000 -0.233441
vn 0.972371 0.000000 -0.233441
vn 0.972371 0.000000 -0.233441
vn -0.923879 0.000000 0.382685
vn -0.923879 0.000000 0.382685
vn -0.923879 0.000000 0.382685
vn -0.923879 0.000000 0.382685
vn 0.923876 0.000000 -0.382691
vn 0.923876 0.000000 -0.382691
vn 0.923876 0.000000 -0.382691
vn 0.923876 0.000000 -0.382691
vn -0.852641 0.000000 0.522498
vn -0.852641 0.000000 0.522498
vn -0.852641 0.000000 0.522498
vn -0.852641 0.000000 0.522498
vn 0.852641 0.000000 -0.522497
vn 0.852641 0.000000 -0.522497
vn 0.852641 0.000000 -0.522497
vn 0.852641 0.000000 -0.522497
vn -0.760405 0.000000 0.649449
vn -0.760405 0.000000 0.649449
vn -0.760405 0.000000 0.649449
vn -0.760405 0.000000 0.649449
vn 0.760408 0.000000 -0.649446
vn 0.760408 0.000000 -0.649446
vn 0.760408 0.000000 -0.649446
vn 0.760408 0.000000 -0.649446
vn -0.649447 0.000000 0.760407
vn -0.649447 0.000000 0.760407
vn -0.649447 0.000000 0.760407
vn -0.649447 0.000000 0.760407
vn 0.649446 0.000000 -0.760408
vn 0.649446 0.000000 -0.760408
vn 0.649446 0.000000 -0.760408
vn 0.649446 0.000000 -0.760408
vn -0.522499 0.000000 0.852640
vn -0.522499 0.000000 0.852640
vn -0.522499 0.000000 0.852640
vn -0.522499 0.000000 0.852640
vn 0.522500 0.000000 -0.852639
vn 0.522500 0.000000 -0.852639
vn 0.522500 0.000000 -0.852639
vn 0.522500 0.000000 -0.852639
vn -0.382686 0.000000 0.923879
vn -0.382686 0.000000 0.923879
vn -0.382686 0.000000 0.923879
vn -0.382686 0.000000 0.923879
vn 0.382682 0.000000 -0.923880
vn 0.382682 0.000000 -0.923880
vn 0.382682 0.000000 -0.923880
vn 0.382682 0.000000 -0.923880
vn -0.233444 0.000000 0.972370
vn -0.233444 0.000000 0.972370
vn -0.233444 0.000000 0.972370
vn -0.233444 0.000000 0.972370
vn 0.233443 0.000000 -0.972371
vn 0.233443 0.000000 -0.972371
vn 0.233443 0.000000 -0.972371
vn 0.233443 0.000000 -0.972371
vn -0.078457 0.000000 0.996918
vn -0.078457 0.000000 0.996918
vn -0.078457 0.000000 0.996918
vn -0.078457 0.000000 0.996918
vn 0.078460 0.000000 -0.996917
vn 0.078460 0.000000 -0.996917
vn 0.078460 0.000000 -0.996917
vn 0.078460 0.000000 -0.996917
vn 0.078457 0.000000 0.996918
vn 0.078457 0.000000 0.996918
vn 0.078457 0.000000 0.996918
vn 0.078457 0.000000 0.996918
vn -0.078460 0.000000 -0.996917
vn -0.078460 0.000000 -0.996917
vn -0.078460 0.000000 -0.996917
vn -0.078460 0.000000 -0.996917
vn 0.233445 0.000000 0.972370
vn 0.233445 0.000000 0.972370
vn 0.233445 0.000000 0.972370
vn 0.233445 0.000000 0.972370
vn -0.233443 0.000000 -0.972371
vn -0.233443 0.000000 -0.972371
vn -0.233443 0.000000 -0.972371
vn -0.233443 0.000000 -0.972371
vn 0.382684 0.000000 0.923879
vn 0.382684 0.000000 0.923879
vn 0.382684 0.000000 0.923879
vn 0.382684 0.000000 0.923879
vn -0.382682 0.000000 -0.923880
vn -0.382682 0.000000 -0.923880
vn -0.382682 0.000000 -0.923880
vn -0.382682 0.000000 -0.923880
vn 0.522496 0.000000 0.852642
vn 0.522496 0.000000 0.852642
vn 0.522496 0.000000 0.852642
vn 0.522496 0.000000 0.852642
vn -0.522502 0.000000 -0.852638
vn -0.522502 0.000000 -0.852638
vn -0.522502 0.000000 -0.852638
vn -0.522502 0.000000 -0.852638
vn 0.649451 0.000000 0.760404
vn 0.649451 0.000000 0.760404
vn 0.649451 0.000000 0.760404
vn 0.649451 0.000000 0.760404
vn -0.649442 0.000000 -0.760411
vn -0.649442 0.000000 -0.760411
vn -0.649442 0.000000 -0.760411
vn -0.649442 0.000000 -0.760411
vn 0.760408 0.000000 0.649446
vn 0.760408 0.000000 0.649446
vn 0.760408 0.000000 0.649446
vn 0.760408 0.000000 0.649446
vn -0.760408 0.000000 -0.649446
vn -0.760408 0.000000 -0.649446
vn -0.760408 0.000000 -0.649446
vn -0.760408 0.000000 -0.649446
vn 0.852640 0.000000 0.522499
vn 0.852640 0.000000 0.522499
vn 0.852640 0.000000 0.522499
vn 0.852640 0.000000 0.522499
vn -0.852641 0.000000 -0.522497
vn -0.852641 0.000000 -0.522497
vn -0.852641 0.000000 -0.522497
vn -0.852641 0.000000 -0.522497
vn 0.923879 0.000000 0.382685
vn 0.923879 0.000000 0.382685
vn 0.923879 0.000000 0.382685
vn 0.923879 0.000000 0.382685
vn -0.923879 0.000000 -0.382685
vn -0.923879 0.000000 -0.382685
vn -0.923879 0.000000 -0.382685
vn -0.923879 0.000000 -0.382685
vn 0.972370 0.000000 0.233445
vn 0.972370 0.000000 0.233445
vn 0.972370 0.000000 0.233445
vn 0.972370 0.000000 0.233445
vn -0.972369 0.000000 -0.233448
vn -0.972369 0.000000 -0.233448
vn -0.972369 0.000000 -0.233448
vn -0.972369 0.000000 -0.233448
vn 0.996917 0.000000 0.078458
vn 0.996917 0.000000 0.078458
vn 0.996917 0.000000 0.078458
vn 0.996917 0.000000 0.078458
vn -0.996918 0.000000 -0.078452
vn -0.996918 0.000000 -0.078452
vn -0.996918 0.000000 -0.078452
vn -0.996918 0.000000 -0.078452
vn 0.996918 0.000000 -0.078453
vn 0.996918 0.000000 -0.078453
vn 0.996918 0.000000 -0.078453
vn 0.996918 0.000000 -0.078453
vn -0.996918 0.000000 0.078452
vn -0.996918 0.000000 0.078452
vn -0.996918 0.000000 0.078452
vn -0.996918 0.000000 0.078452
vn 0.000000 -1.000000 0.000009
vn 0.000000 -1.000000 0.000009
vn 0.000000 -1.000000 0.000009
vn 0.000000 -1.000000 0.000009
vn 0.000000 1.000000 0.000000
vn 0.000000 1.000000 0.000000
vn 0.000000 1.000000 0.000000
vn 0.000000 1.000000 0.000000
vn 0.000000 -1.000000 -0.000009
vn 0.000000 -1.000000 -0.000009
vn 0.000000 -1.000000 -0.000009
vn 0.000000 -1.000000 -0.000009
vn 0.000000 1.000000 0.000000
vn 0.000000 1.000000 0.000000
vn 0.000000 1.000000 0.000000
vn 0.000000 1.000000 0.000000
vn 0.000000 -1.000000 0.000005
vn 0.000000 -1.000000 0.000005
vn 0.000000 -1.000000 0.000005
vn 0.000000 -1.000000 0.000005
vn 0.000000 1.000000 0.000000
vn 0.000000 1.000000 0.000000
vn 0.000000 1.000000 0.000000
vn 0.000000 1.000000 0.000000
vn 0.000000 -1.000000 0.000000
vn 0.000000 -1.000000 0.000000
vn 0.000000 -1.000000 0.000000
vn 0.000000 -1.000000 0.000000
vn 0.000000 1.000000 0.000000
vn 0.000000 1.000000 0.000000
vn 0.000000 1.000000 0.000000
vn 0.000000 1.000000 0.000000
vn 0.000000 -1.000000 0.000000
vn 0.000000 -1.000000 0.000000
vn 0.000000 -1.000000 0.000000
vn 0.000000 -1.000000 0.000000
vn 0.000000 1.000000 -0.000005
vn 0.000000 1.000000 -0.000005
vn 0.000000 1.000000 -0.000005
vn 0.000000 1.000000 -0.000005
vn 0.000000 -1.000000 0.000000
vn 0.000000 -1.000000 0.000000
vn 0.000000 -1.000000 0.000000
vn 0.000000 -1.000000 0.000000
vn 0.000000 1.000000 0.000005
vn 0.000000 1.000000 0.000005
vn 0.000000 1.000000 0.000005
vn 0.000000 1.000000 0.000005
vn 0.000000 -1.000000 -0.000002
vn 0.000000 -1.000000 -0.000002
vn 0.000000 -1.000000 -0.000002
vn 0.000000 -1.000000 -0.000002
vn 0.000000 1.000000 0.000000
vn 0.000000 1.000000 0.000000
vn 0.000000 1.000000 0.000000
vn 0.000000 1.000000 0.000000
vn 0.000000 -1.000000 0.000001
vn 0.000000 -1.000000 0.000001
vn 0.000000 -1.000000 0.000001
vn 0.000000 -1.000000 0.000001
vn 0.000000 1.000000 -0.000005
vn 0.000000 1.000000 -0.000005
vn 0.000000 1.000000 -0.000005
vn 0.000000 1.000000 -0.000005
vn 0.000000 -1.000000 0.000000
vn 0.000000 -1.000000 0.000000
vn 0.000000 -1.000000 0.000000
vn 0.000000 -1.000000 0.000000
vn 0.000000 1.000000 0.000000
vn 0.000000 1.000000 0.000000
vn 0.000000 1.000000 0.000000
vn 0.000000 1.000000 0.000000
vn 0.000000 -1.000000 0.000000
vn 0.000000 -1.000000 0.000000
vn 0.000000 -1.000000 0.000000
vn 0.000000 -1.000000 0.000000
vn 0.000000 1.000000 0.000000
vn 0.000000 1.000000 0.000000
vn 0.000000 1.000000 0.000000
vn 0.000000 1.000000 0.000000
vn 0.000000 -1.000000 0.000002
vn 0.000000 -1.000000 0.000002
vn 0.000000 -1.000000 0.000002
vn 0.000000 -1.000000 0.000002
vn 0.000000 1.000000 -0.000002
vn 0.000000 1.000000 -0.000002
vn 0.000000 1.000000 -0.000002
vn 0.000000 1.000000 -0.000002
vn 0.000000 -1.000000 0.000005
vn 0.000000 -1.000000 0.000005
vn 0.000000 -1.000000 0.000005
vn 0.000000 -1.000000 0.000005
vn 0.000000 1.000000 0.000005
vn 0.000000 1.000000 0.000005
vn 0.000000 1.000000 0.000005
vn 0.000000 1.000000 0.000005
vn 0.000000 -1.000000 -0.000005
vn 0.000000 -1.000000 -0.000005
vn 0.000000 -1.000000 -0.000005
vn 0.000000 -1.000000 -0.000005
vn 0.000000 1.000000 0.000000
vn 0.000000 1.000000 0.000000
vn 0.000000 1.000000 0.000000
vn 0.000000 1.000000 0.000000
vn 0.000000 -1.000000 0.000000
vn 0.000000 -1.000000 0.000000
vn 0.000000 -1.000000 0.000000
vn 0.000000 -1.000000 0.000000
vn 0.000000 1.000000 0.000000
vn 0.000000 1.000000 0.000000
vn 0.000000 1.000000 0.000000
vn 0.000000 1.000000 0.000000
vn 0.000000 -1.000000 -0.000005
vn 0.000000 -1.000000 -0.000005
vn 0.000000 -1.000000 -0.000005
vn 0.000000 -1.000000 -0.000005
vn 0.000000 1.000000 0.000005
vn 0.000000 1.000000 0.000005
vn 0.000000 1.000000 0.000005
vn 0.000000 1.000000 0.000005
vn 0.000000 -1.000000 0.000000
vn 0.000000 -1.000000 0.000000
vn 0.000000 -1.000000 0.000000
vn 0.000000 -1.000000 0.000000
vn 0.000000 1.000000 0.000000
vn 0.000000 1.000000 0.000000
vn 0.000000 1.000000 0.000000
vn 0.000000 1.000000 0.000000
vn 0.000000 -1.000000 0.000000
vn 0.000000 -1.000000 0.000000
vn 0.000000 -1.000000 0.000000
vn 0.000000 -1.000000 0.000000
vn 0.000000 1.000000 0.000000
vn 0.000000 1.000000 0.000000
vn 0.000000 1.000000 0.000000
vn 0.000000 1.000000 0.000000
vn 0.000000 -1.000000 0.000009
vn 0.000000 -1.000000 0.000009
vn 0.000000 -1.000000 0.000009
vn 0.000000 -1.000000 0.000009
vn 0.000000 1.000000 0.000000
vn 0.000000 1.000000 0.000000
vn 0.000000 1.000000 0.000000
vn 0.000000 1.000000 0.000000
vn 0.000000 -1.000000 -0.000009
vn 0.000000 -1.000000 -0.000009
vn 0.000000 -1.000000 -0.000009
vn 0.000000 -1.000000 -0.000009
vn 0.000000 1.000000 0.000000
vn 0.000000 1.000000 0.000000
vn 0.000000 1.000000 0.000000
vn 0.000000 1.000000 0.000000
vn 0.000000 -1.000000 0.000009
vn 0.000000 -1.000000 0.000009
vn 0.000000 -1.000000 0.000009
vn 0.000000 -1.000000 0.000009
vn 0.000000 1.000000 0.000000
vn 0.000000 1.000000 0.000000
vn 0.000000 1.000000 0.000000
vn 0.000000 1.000000 0.000000
vn 0.000000 -1.000000 -0.000009
vn 0.000000 -1.000000 -0.000009
vn 0.000000 -1.000000 -0.000009
vn 0.000000 -1.000000 -0.000009
vn 0.000000 1.000000 0.000000
vn 0.000000 1.000000 0.000000
vn 0.000000 1.000000 0.000000
vn 0.000000 1.000000 0.000000
vn 0.000000 -1.000000 0.000000
vn 0.000000 -1.000000 0.000000
vn 0.000000 -1.000000 0.000000
vn 0.000000 -1.000000 0.000000
vn 0.000000 1.000000 0.000000
vn 0.000000 1.000000 0.000000
vn 0.000000 1.000000 0.000000
vn 0.000000 1.000000 0.000000
vn 0.000000 -1.000000 -0.000005
vn 0.000000 -1.000000 -0.000005
vn 0.000000 -1.000000 -0.000005
vn 0.000000 -1.000000 -0.000005
vn 0.000000 1.000000 0.000000
vn 0.000000 1.000000 0.000000
vn 0.000000 1.000000 0.000000
vn 0.000000 1.000000 0.000000
vn 0.000000 -1.000000 0.000000
vn 0.000000 -1.000000 0.000000
vn 0.000000 -1.000000 0.000000
vn 0.000000 -1.000000 0.000000
vn 0.000000 1.000000 0.000000
vn 0.000000 1.000000 0.000000
vn 0.000000 1.000000 0.000000
vn 0.000000 1.000000 0.000000
vn 0.000000 -1.000000 0.000000
vn 0.000000 -1.000000 0.000000
vn 0.000000 -1.000000 0.000000
vn 0.000000 -1.000000 0.000000
vn 0.000000 1.000000 0.000005
vn 0.000000 1.000000 0.000005
vn 0.000000 1.000000 0.000005
vn 0.000000 1.000000 0.000005
vn 0.000000 -1.000000 0.000000
vn 0.000000 -1.000000 0.000000
vn 0.000000 -1.000000 0.000000
vn 0.000000 -1.000000 0.000000
vn 0.000000 1.000000 0.000000
vn 0.000000 1.000000 0.000000
vn 0.000000 1.000000 0.000000
vn 0.000000 1.000000 0.000000
vn 0.000000 -1.000000 0.000002
vn 0.000000 -1.000000 0.000002
vn 0.000000 -1.000000 0.000002
vn 0.000000 -1.000000 0.000002
vn 0.000000 1.000000 -0.000005
vn 0.000000 1.000000 -0.000005
vn 0.000000 1.000000 -0.000005
vn 0.000000 1.000000 -0.000005
vn 0.000000 -1.000000 -0.000001
vn 0.000000 -1.000000 -0.000001
vn 0.000000 -1.000000 -0.000001
vn 0.000000 -1.000000 -0.000001
vn 0.000000 1.000000 0.000005
vn 0.000000 1.000000 0.000005
vn 0.000000 1.000000 0.000005
vn 0.000000 1.000000 0.000005
vn 0.000000 -1.000000 0.000000
vn 0.000000 -1.000000 0.000000
vn 0.000000 -1.000000 0.000000
vn 0.000000 -1.000000 0.000000
vn 0.000000 1.000000 0.000000
vn 0.000000 1.000000 0.000000
vn 0.000000 1.000000 0.000000
vn 0.000000 1.000000 0.000000
vn 0.000000 -1.000000 0.000000
vn 0.000000 -1.000000 0.000000
vn 0.000000 -1.000000 0.000000
vn 0.000000 -1.000000 0.000000
vn 0.000000 1.000000 0.000000
vn 0.000000 1.000000 0.000000
vn 0.000000 1.000000 0.000000
vn 0.000000 1.000000 0.000000
vn 0.000000 -1.000000 -0.000002
vn 0.000000 -1.000000 -0.000002
vn 0.000000 -1.000000 -0.000002
vn 0.000000 -1.000000 -0.000002
vn 0.000000 1.000000 0.000002
vn 0.000000 1.000000 0.000002
vn 0.000000 1.000000 0.000002
vn 0.000000 1.000000 0.000002
vn 0.000000 -1.000000 -0.000005
vn 0.000000 -1.000000 -0.000005
vn 0.000000 -1.000000 -0.000005
vn 0.000000 -1.000000 -0.000005
vn 0.000000 1.000000 0.000000
vn 0.000000 1.000000 0.000000
vn 0.000000 1.000000 0.000000
vn 0.000000 1.000000 0.000000
vn 0.000000 -1.000000 0.000000
vn 0.000000 -1.000000 0.000000
vn 0.000000 -1.000000 0.000000
vn 0.000000 -1.000000 0.000000
vn 0.000000 1.000000 0.000005
vn 0.000000 1.000000 0.000005
vn 0.000000 1.000000 0.000005
vn 0.000000 1.000000 0.000005
vn 0.000000 -1.000000 0.000000
vn 0.000000 -1.000000 0.000000
vn 0.000000 -1.000000 0.000000
vn 0.000000 -1.000000 0.000000
vn 0.000000 1.000000 -0.000005
vn 0.000000 1.000000 -0.000005
vn 0.000000 1.000000 -0.000005
vn 0.000000 1.000000 -0.000005
vn 0.000000 -1.000000 0.000005
vn 0.000000 -1.000000 0.000005
vn 0.000000 -1.000000 0.000005
vn 0.000000 -1.000000 0.000005
vn 0.000000 1.000000 -0.000005
vn 0.000000 1.000000 -0.000005
vn 0.000000 1.000000 -0.000005
vn 0.000000 1.000000 -0.000005
vn 0.000000 -1.000000 0.000000
vn 0.000000 -1.000000 0.000000
vn 0.000000 -1.000000 0.000000
vn 0.000000 -1.000000 0.000000
vn 0.000000 1.000000 0.000009
vn 0.000000 1.000000 0.000009
vn 0.000000 1.000000 0.000009
vn 0.000000 1.000000 0.000009
vn 0.000000 -1.000000 0.000000
vn 0.000000 -1.000000 0.000000
vn 0.000000 -1.000000 0.000000
vn 0.000000 -1.000000 0.000000
vn 0.000000 1.000000 0.000000
vn 0.000000 1.000000 0.000000
vn 0.000000 1.000000 0.000000
vn 0.000000 1.000000 0.000000
vn 0.000000 -1.000000 -0.000009
vn 0.000000 -1.000000 -0.000009
vn 0.000000 -1.000000 -0.000009
vn 0.000000 -1.000000 -0.000009
vn 0.000000 1.000000 0.000000
vn 0.000000 1.000000 0.000000
vn 0.000000 1.000000 0.000000
vn 0.000000 1.000000 0.000000
vn 0.000000 -1.000000 0.000009
vn 0.000000 -1.000000 0.000009
vn 0.000000 -1.000000 0.000009
vn 0.000000 -1.000000 0.000009
vn 0.000000 1.000000 0.000000
vn 0.000000 1.000000 0.000000
vn 0.000000 1.000000 0.000000
vn 0.000000 1.000000 0.000000
vn 0.000000 -1.000000 -0.000009
vn 0.000000 -1.000000 -0.000009
vn 0.000000 -1.000000 -0.000009
vn 0.000000 -1.000000 -0.000009
vn 0.000000 1.000000 0.000000
vn 0.000000 1.000000 0.000000
vn 0.000000 1.000000 0.000000
vn 0.000000 1.000000 0.000000
vn 0.968943 -0.083887 -0.232622
vn 0.968943 -0.083887 -0.232622
vn 0.968943 -0.083887 -0.232622
vn 0.968943 -0.083887 -0.232622
vn 0.920623 -0.083887 -0.381335
vn 0.920623 -0.083887 -0.381335
vn 0.920623 -0.083887 -0.381335
vn 0.920623 -0.083887 -0.381335
vn 0.849634 -0.083886 -0.520659
vn 0.849634 -0.083886 -0.520659
vn 0.849634 -0.083886 -0.520659
vn 0.849634 -0.083886 -0.520659
vn 0.757727 -0.083887 -0.647157
vn 0.757727 -0.083887 -0.647157
vn 0.757727 -0.083887 -0.647157
vn 0.757727 -0.083887 -0.647157
vn 0.647160 -0.083887 -0.757725
vn 0.647160 -0.083887 -0.757725
vn 0.647160 -0.083887 -0.757725
vn 0.647160 -0.083887 -0.757725
vn 0.520657 -0.083887 -0.849635
vn 0.520657 -0.083887 -0.849635
vn 0.520657 -0.083887 -0.849635
vn 0.520657 -0.083887 -0.849635
vn 0.381333 -0.083887 -0.920624
vn 0.381333 -0.083887 -0.920624
vn 0.381333 -0.083887 -0.920624
vn 0.381333 -0.083887 -0.920624
vn 0.232624 -0.083887 -0.968942
vn 0.232624 -0.083887 -0.968942
vn 0.232624 -0.083887 -0.968942
vn 0.232624 -0.083887 -0.968942
vn 0.078184 -0.083887 -0.993403
vn 0.078184 -0.083887 -0.993403
vn 0.078184 -0.083887 -0.993403
vn 0.078184 -0.083887 -0.993403
vn -0.078184 -0.083887 -0.993403
vn -0.078184 -0.083887 -0.993403
vn -0.078184 -0.083887 -0.993403
vn -0.078184 -0.083887 -0.993403
vn -0.232622 -0.083887 -0.968943
vn -0.232622 -0.083887 -0.968943
vn -0.232622 -0.083887 -0.968943
vn -0.232622 -0.083887 -0.968943
vn -0.381334 -0.083888 -0.920623
vn -0.381334 -0.083888 -0.920623
vn -0.381334 -0.083888 -0.920623
vn -0.381334 -0.083888 -0.920623
vn -0.520657 -0.083887 -0.849635
vn -0.520657 -0.083887 -0.849635
vn -0.520657 -0.083887 -0.849635
vn -0.520657 -0.083887 -0.849635
vn -0.647160 -0.083887 -0.757725
vn -0.647160 -0.083887 -0.757725
vn -0.647160 -0.083887 -0.757725
vn -0.647160 -0.083887 -0.757725
vn -0.757725 -0.083887 -0.647160
vn -0.757725 -0.083887 -0.647160
vn -0.757725 -0.083887 -0.647160
vn -0.757725 -0.083887 -0.647160
vn -0.849635 -0.083887 -0.520657
vn -0.849635 -0.083887 -0.520657
vn -0.849635 -0.083887 -0.520657
vn -0.849635 -0.083887 -0.520657
vn -0.920623 -0.083887 -0.381334
vn -0.920623 -0.083887 -0.381334
vn -0.920623 -0.083887 -0.381334
vn -0.920623 -0.083887 -0.381334
vn -0.968943 -0.083887 -0.232622
vn -0.968943 -0.083887 -0.232622
vn -0.968943 -0.083887 -0.232622
vn -0.968943 -0.083887 -0.232622
vn -0.993403 -0.083887 -0.078185
vn -0.993403 -0.083887 -0.078185
vn -0.993403 -0.083887 -0.078185
vn -0.993403 -0.083887 -0.078185
vn -0.993403 -0.083887 0.078185
vn -0.993403 -0.083887 0.078185
vn -0.993403 -0.083887 0.078185
vn -0.993403 -0.083887 0.078185
vn -0.968943 -0.083887 0.232622
vn -0.968943 -0.083887 0.232622
vn -0.968943 -0.083887 0.232622
vn -0.968943 -0.083887 0.232622
vn -0.920623 -0.083887 0.381334
vn -0.920623 -0.083887 0.381334
vn -0.920623 -0.083887 0.381334
vn -0.920623 -0.083887 0.381334
vn -0.849635 -0.083887 0.520657
vn -0.849635 -0.083887 0.520657
vn -0.849635 -0.083887 0.520657
vn -0.849635 -0.083887 0.520657
vn -0.757726 -0.083887 0.647158
vn -0.757726 -0.083887 0.647158
vn -0.757726 -0.083887 0.647158
vn -0.757726 -0.083887 0.647158
vn -0.647159 -0.083887 0.757726
vn -0.647159 -0.083887 0.757726
vn -0.647159 -0.083887 0.757726
vn -0.647159 -0.083887 0.757726
vn -0.520657 -0.083887 0.849635
vn -0.520657 -0.083887 0.849635
vn -0.520657 -0.083887 0.849635
vn -0.520657 -0.083887 0.849635
vn -0.381336 -0.083887 0.920623
vn -0.381336 -0.083887 0.920623
vn -0.381336 -0.083887 0.920623
vn -0.381336 -0.083887 0.920623
vn -0.232623 -0.083887 0.968943
vn -0.232623 -0.083887 0.968943
vn -0.232623 -0.083887 0.968943
vn -0.232623 -0.083887 0.968943
vn -0.078183 -0.083887 0.993403
vn -0.078183 -0.083887 0.993403
vn -0.078183 -0.083887 0.993403
vn -0.078183 -0.083887 0.993403
vn 0.078183 -0.083887 0.993403
vn 0.078183 -0.083887 0.993403
vn 0.078183 -0.083887 0.993403
vn 0.078183 -0.083887 0.993403
vn 0.232622 -0.083887 0.968943
vn 0.232622 -0.083887 0.968943
vn 0.232622 -0.083887 0.968943
vn 0.232622 -0.083887 0.968943
vn 0.381334 -0.083888 0.920623
vn 0.381334 -0.083888 0.920623
vn 0.381334 -0.083888 0.920623
vn 0.381334 -0.083888 0.920623
vn 0.520658 -0.083886 0.849634
vn 0.520658 -0.083886 0.849634
vn 0.520658 -0.083886 0.849634
vn 0.520658 -0.083886 0.849634
vn 0.647159 -0.083886 0.757726
vn 0.647159 -0.083886 0.757726
vn 0.647159 -0.083886 0.757726
vn 0.647159 -0.083886 0.757726
vn 0.757725 -0.083887 0.647160
vn 0.757725 -0.083887 0.647160
vn 0.757725 -0.083887 0.647160
vn 0.757725 -0.083887 0.647160
vn 0.849634 -0.083887 0.520659
vn 0.849634 -0.083887 0.520659
vn 0.849634 -0.083887 0.520659
vn 0.849634 -0.083887 0.520659
vn 0.920626 -0.083887 0.381329
vn 0.920626 -0.083887 0.381329
vn 0.920626 -0.083887 0.381329
vn 0.920626 -0.083887 0.381329
vn 0.968943 -0.083887 0.232622
vn 0.968943 -0.083887 0.232622
vn 0.968943 -0.083887 0.232622
vn 0.968943 -0.083887 0.232622
vn 0.993403 -0.083887 0.078185
vn 0.993403 -0.083887 0.078185
vn 0.993403 -0.083887 0.078185
vn 0.993403 -0.083887 0.078185
vn 0.993404 -0.083887 -0.078177
vn 0.993404 -0.083887 -0.078177
vn 0.993404 -0.083887 -0.078177
vn 0.993404 -0.083887 -0.078177
vn 0.914014 -0.341213 -0.219437
vn 0.914014 -0.341213 -0.219437
vn 0.914014 -0.341213 -0.219437
vn 0.914014 -0.341213 -0.219437
vn 0.868434 -0.341214 -0.359715
vn 0.868434 -0.341214 -0.359715
vn 0.868434 -0.341214 -0.359715
vn 0.868434 -0.341214 -0.359715
vn 0.801469 -0.341212 -0.491143
vn 0.801469 -0.341212 -0.491143
vn 0.801469 -0.341212 -0.491143
vn 0.801469 -0.341212 -0.491143
vn 0.714770 -0.341211 -0.610475
vn 0.714770 -0.341211 -0.610475
vn 0.714770 -0.341211 -0.610475
vn 0.714770 -0.341211 -0.610475
vn 0.610475 -0.341216 -0.714767
vn 0.610475 -0.341216 -0.714767
vn 0.610475 -0.341216 -0.714767
vn 0.610475 -0.341216 -0.714767
vn 0.491140 -0.341211 -0.801471
vn 0.491140 -0.341211 -0.801471
vn 0.491140 -0.341211 -0.801471
vn 0.491140 -0.341211 -0.801471
vn 0.359716 -0.341209 -0.868436
vn 0.359716 -0.341209 -0.868436
vn 0.359716 -0.341209 -0.868436
vn 0.359716 -0.341209 -0.868436
vn 0.219437 -0.341216 -0.914013
vn 0.219437 -0.341216 -0.914013
vn 0.219437 -0.341216 -0.914013
vn 0.219437 -0.341216 -0.914013
vn 0.073751 -0.341214 -0.937088
vn 0.073751 -0.341214 -0.937088
vn 0.073751 -0.341214 -0.937088
vn 0.073751 -0.341214 -0.937088
vn -0.073751 -0.341215 -0.937088
vn -0.073751 -0.341215 -0.937088
vn -0.073751 -0.341215 -0.937088
vn -0.073751 -0.341215 -0.937088
vn -0.219436 -0.341211 -0.914015
vn -0.219436 -0.341211 -0.914015
vn -0.219436 -0.341211 -0.914015
vn -0.219436 -0.341211 -0.914015
vn -0.359716 -0.341212 -0.868435
vn -0.359716 -0.341212 -0.868435
vn -0.359716 -0.341212 -0.868435
vn -0.359716 -0.341212 -0.868435
vn -0.491140 -0.341214 -0.801470
vn -0.491141 -0.341214 -0.801470
vn -0.491141 -0.341214 -0.801470
vn -0.491141 -0.341214 -0.801470
vn -0.610473 -0.341213 -0.714770
vn -0.610473 -0.341213 -0.714770
vn -0.610473 -0.341213 -0.714770
vn -0.610473 -0.341213 -0.714770
vn -0.714770 -0.341212 -0.610473
vn -0.714770 -0.341212 -0.610473
vn -0.714770 -0.341212 -0.610473
vn -0.714770 -0.341212 -0.610473
vn -0.801470 -0.341215 -0.491140
vn -0.801470 -0.341215 -0.491140
vn -0.801470 -0.341215 -0.491140
vn -0.801470 -0.341214 -0.491140
vn -0.868434 -0.341213 -0.359717
vn -0.868434 -0.341213 -0.359717
vn -0.868434 -0.341213 -0.359717
vn -0.868434 -0.341213 -0.359717
vn -0.914014 -0.341213 -0.219435
vn -0.914014 -0.341213 -0.219435
vn -0.914014 -0.341213 -0.219435
vn -0.914014 -0.341213 -0.219435
vn -0.937088 -0.341213 -0.073752
vn -0.937088 -0.341213 -0.073752
vn -0.937088 -0.341213 -0.073752
vn -0.937088 -0.341213 -0.073752
vn -0.937088 -0.341214 0.073752
vn -0.937088 -0.341214 0.073752
vn -0.937088 -0.341214 0.073752
vn -0.937088 -0.341214 0.073752
vn -0.914014 -0.341213 0.219435
vn -0.914014 -0.341213 0.219435
vn -0.914014 -0.341213 0.219435
vn -0.914014 -0.341213 0.219435
vn -0.868433 -0.341215 0.359717
vn -0.868433 -0.341215 0.359717
vn -0.868433 -0.341215 0.359717
vn -0.868433 -0.341215 0.359717
vn -0.801469 -0.341217 0.491140
vn -0.801469 -0.341217 0.491140
vn -0.801469 -0.341217 0.491140
vn -0.801469 -0.341217 0.491140
vn -0.714771 -0.341212 0.610472
vn -0.714771 -0.341212 0.610472
vn -0.714771 -0.341212 0.610472
vn -0.714771 -0.341212 0.610472
vn -0.610472 -0.341212 0.714772
vn -0.610472 -0.341212 0.714772
vn -0.610472 -0.341212 0.714772
vn -0.610472 -0.341212 0.714772
vn -0.491142 -0.341214 0.801469
vn -0.491142 -0.341214 0.801469
vn -0.491142 -0.341214 0.801469
vn -0.491142 -0.341214 0.801469
vn -0.359718 -0.341211 0.868434
vn -0.359718 -0.341211 0.868434
vn -0.359718 -0.341211 0.868434
vn -0.359718 -0.341211 0.868434
vn -0.219435 -0.341212 0.914015
vn -0.219435 -0.341212 0.914015
vn -0.219435 -0.341212 0.914015
vn -0.219435 -0.341212 0.914015
vn -0.073750 -0.341214 0.937088
vn -0.073750 -0.341214 0.937088
vn -0.073750 -0.341214 0.937088
vn -0.073750 -0.341214 0.937088
vn 0.073750 -0.341214 0.937088
vn 0.073750 -0.341214 0.937088
vn 0.073750 -0.341214 0.937088
vn 0.073750 -0.341214 0.937088
vn 0.219436 -0.341216 0.914013
vn 0.219436 -0.341216 0.914013
vn 0.219436 -0.341216 0.914013
vn 0.219436 -0.341216 0.914013
vn 0.359715 -0.341211 0.868435
vn 0.359715 -0.341211 0.868436
vn 0.359715 -0.341211 0.868435
vn 0.359715 -0.341211 0.868436
vn 0.491144 -0.341217 0.801467
vn 0.491144 -0.341217 0.801467
vn 0.491144 -0.341217 0.801467
vn 0.491144 -0.341217 0.801467
vn 0.610471 -0.341211 0.714773
vn 0.610471 -0.341211 0.714773
vn 0.610471 -0.341211 0.714773
vn 0.610471 -0.341211 0.714773
vn 0.714771 -0.341215 0.610471
vn 0.714771 -0.341215 0.610471
vn 0.714771 -0.341215 0.610471
vn 0.714771 -0.341215 0.610471
vn 0.801468 -0.341215 0.491143
vn 0.801468 -0.341215 0.491143
vn 0.801468 -0.341215 0.491143
vn 0.801468 -0.341215 0.491143
vn 0.868434 -0.341214 0.359715
vn 0.868434 -0.341214 0.359715
vn 0.868434 -0.341214 0.359715
vn 0.868434 -0.341214 0.359715
vn 0.914015 -0.341213 0.219433
vn 0.914015 -0.341214 0.219433
vn 0.914015 -0.341214 0.219433
vn 0.914015 -0.341214 0.219433
vn 0.937088 -0.341214 0.073757
vn 0.937088 -0.341214 0.073757
vn 0.937088 -0.341214 0.073757
vn 0.937088 -0.341214 0.073757
vn 0.937089 -0.341213 -0.073745
vn 0.937089 -0.341213 -0.073745
vn 0.937089 -0.341213 -0.073745
vn 0.937089 -0.341213 -0.073745
vn 0.948652 0.071071 -0.308234
vn 0.806971 0.071071 -0.586299
vn 0.805345 0.095158 -0.585119
vn 0.946741 0.095158 -0.307614
vn 0.586299 0.071070 -0.806971
vn 0.585118 0.095158 -0.805346
vn 0.308235 0.071070 -0.948652
vn 0.307615 0.095158 -0.946741
vn -0.000000 0.071071 -0.997471
vn 0.000000 0.095158 -0.995462
vn -0.308236 0.071071 -0.948652
vn -0.307615 0.095158 -0.946741
vn -0.586299 0.071071 -0.806971
vn -0.585118 0.095158 -0.805346
vn -0.806971 0.071070 -0.586299
vn -0.805346 0.095158 -0.585118
vn -0.948652 0.071069 -0.308236
vn -0.946741 0.095158 -0.307615
vn -0.997471 0.071070 -0.000000
vn -0.995462 0.095158 -0.000001
vn -0.948652 0.071071 0.308235
vn -0.946741 0.095158 0.307615
vn -0.806971 0.071070 0.586299
vn -0.805346 0.095158 0.585118
vn -0.586299 0.071071 0.806971
vn -0.585118 0.095158 0.805346
vn -0.308236 0.071070 0.948652
vn -0.307615 0.095158 0.946741
vn -0.000000 0.071071 0.997471
vn 0.000000 0.095158 0.995462
vn 0.308235 0.071071 0.948652
vn 0.307615 0.095158 0.946741
vn 0.586299 0.071070 0.806971
vn 0.585118 0.095158 0.805346
vn 0.806972 0.071071 0.586298
vn 0.805346 0.095158 0.585118
vn 0.948652 0.071071 0.308235
vn 0.946741 0.095158 0.307614
vn 0.997471 0.071071 0.000001
vn 0.995462 0.095158 0.000001
vn 0.800112 0.147964 -0.581316
vn 0.940588 0.147964 -0.305615
vn 0.581315 0.147965 -0.800112
vn 0.305616 0.147964 -0.940588
vn 0.000000 0.147964 -0.988993
vn -0.305616 0.147965 -0.940588
vn -0.581316 0.147965 -0.800112
vn -0.800112 0.147965 -0.581315
vn -0.940588 0.147965 -0.305616
vn -0.988993 0.147965 -0.000001
vn -0.940588 0.147965 0.305616
vn -0.800111 0.147964 0.581316
vn -0.581316 0.147965 0.800112
vn -0.305615 0.147965 0.940588
vn 0.000000 0.147964 0.988993
vn 0.305615 0.147964 0.940588
vn 0.581315 0.147965 0.800112
vn 0.800112 0.147965 0.581316
vn 0.940588 0.147965 0.305615
vn 0.988993 0.147964 0.000002
vn 0.791290 0.208195 -0.574905
vn 0.930217 0.208195 -0.302244
vn 0.574905 0.208194 -0.791290
vn 0.302246 0.208194 -0.930216
vn 0.000000 0.208194 -0.978088
vn -0.302246 0.208194 -0.930217
vn -0.574906 0.208194 -0.791289
vn -0.791290 0.208194 -0.574905
vn -0.930217 0.208194 -0.302246
vn -0.978087 0.208195 -0.000000
vn -0.930216 0.208195 0.302246
vn -0.791289 0.208194 0.574905
vn -0.574906 0.208194 0.791289
vn -0.302245 0.208194 0.930217
vn 0.000000 0.208194 0.978088
vn 0.302246 0.208194 0.930216
vn 0.574905 0.208195 0.791290
vn 0.791289 0.208195 0.574905
vn 0.930217 0.208194 0.302245
vn 0.978088 0.208194 0.000001
vn 0.776620 0.280153 -0.564248
vn 0.912972 0.280153 -0.296642
vn 0.564247 0.280153 -0.776621
vn 0.296643 0.280153 -0.912972
vn -0.000000 0.280153 -0.959955
vn -0.296642 0.280153 -0.912972
vn -0.564248 0.280153 -0.776620
vn -0.776621 0.280152 -0.564247
vn -0.912972 0.280153 -0.296643
vn -0.959955 0.280153 -0.000000
vn -0.912972 0.280153 0.296642
vn -0.776620 0.280153 0.564247
vn -0.564248 0.280153 0.776620
vn -0.296642 0.280153 0.912972
vn 0.000000 0.280153 0.959955
vn 0.296643 0.280153 0.912972
vn 0.564247 0.280153 0.776620
vn 0.776620 0.280153 0.564247
vn 0.912972 0.280153 0.296642
vn 0.959955 0.280153 0.000001
vn 0.751464 0.370428 -0.545971
vn 0.883400 0.370428 -0.287033
vn 0.545970 0.370428 -0.751465
vn 0.287034 0.370428 -0.883400
vn 0.000000 0.370428 -0.928861
vn -0.287034 0.370428 -0.883399
vn -0.545972 0.370429 -0.751464
vn -0.751465 0.370428 -0.545970
vn -0.883399 0.370428 -0.287035
vn -0.928861 0.370428 -0.000001
vn -0.883399 0.370428 0.287034
vn -0.751464 0.370428 0.545971
vn -0.545971 0.370428 0.751464
vn -0.287034 0.370428 0.883399
vn 0.000000 0.370429 0.928861
vn 0.287034 0.370429 0.883399
vn 0.545971 0.370428 0.751464
vn 0.751465 0.370428 0.545971
vn 0.883400 0.370428 0.287034
vn 0.928861 0.370428 0.000001
vn 0.705843 0.488669 -0.512824
vn 0.829768 0.488669 -0.269606
vn 0.512824 0.488669 -0.705843
vn 0.269608 0.488669 -0.829768
vn 0.000001 0.488670 -0.872469
vn -0.269608 0.488669 -0.829767
vn -0.512825 0.488669 -0.705842
vn -0.705843 0.488668 -0.512824
vn -0.829768 0.488668 -0.269608
vn -0.872469 0.488670 -0.000001
vn -0.829767 0.488669 0.269608
vn -0.705843 0.488668 0.512825
vn -0.512825 0.488668 0.705843
vn -0.269608 0.488669 0.829768
vn 0.000001 0.488670 0.872469
vn 0.269608 0.488670 0.829767
vn 0.512824 0.488669 0.705843
vn 0.705842 0.488669 0.512825
vn 0.829768 0.488669 0.269607
vn 0.872469 0.488669 0.000000
vn 0.618294 0.644917 -0.449216
vn 0.726847 0.644917 -0.236166
vn 0.449215 0.644917 -0.618294
vn 0.236167 0.644917 -0.726847
vn 0.000002 0.644917 -0.764252
vn -0.236167 0.644917 -0.726848
vn -0.449216 0.644918 -0.618293
vn -0.618293 0.644917 -0.449216
vn -0.726847 0.644919 -0.236164
vn -0.764252 0.644918 -0.000000
vn -0.726847 0.644918 0.236164
vn -0.618293 0.644916 0.449219
vn -0.449216 0.644915 0.618295
vn -0.236166 0.644916 0.726849
vn 0.000002 0.644917 0.764252
vn 0.236166 0.644917 0.726848
vn 0.449214 0.644917 0.618295
vn 0.618294 0.644916 0.449217
vn 0.726847 0.644918 0.236165
vn 0.764251 0.644919 -0.000002
vn 0.458117 0.824224 -0.332841
vn 0.538548 0.824226 -0.174979
vn 0.332838 0.824225 -0.458118
vn 0.174982 0.824225 -0.538548
vn -0.000000 0.824224 -0.566264
vn -0.174984 0.824225 -0.538547
vn -0.332840 0.824226 -0.458115
vn -0.458115 0.824224 -0.332844
vn -0.538546 0.824227 -0.174979
vn -0.566265 0.824223 0.000000
vn -0.538547 0.824227 0.174978
vn -0.458113 0.824224 0.332848
vn -0.332838 0.824224 0.458119
vn -0.174981 0.824226 0.538548
vn 0.000004 0.824225 0.566263
vn 0.174981 0.824227 0.538546
vn 0.332835 0.824226 0.458118
vn 0.458115 0.824225 0.332843
vn 0.538546 0.824228 0.174977
vn 0.566260 0.824227 -0.000005
vn 0.000001 1.000000 -0.000001
vn -0.948653 -0.071059 0.308235
vn -0.946749 -0.095074 0.307617
vn -0.805352 -0.095074 0.585123
vn -0.806972 -0.071059 0.586299
vn -0.585123 -0.095074 0.805352
vn -0.586299 -0.071060 0.806972
vn -0.307617 -0.095074 0.946749
vn -0.308235 -0.071060 0.948653
vn 0.000000 -0.095074 0.995470
vn 0.000000 -0.071059 0.997472
vn 0.307617 -0.095074 0.946748
vn 0.308236 -0.071059 0.948653
vn 0.585123 -0.095074 0.805352
vn 0.586299 -0.071059 0.806972
vn 0.805353 -0.095074 0.585122
vn 0.806972 -0.071059 0.586299
vn 0.946748 -0.095074 0.307617
vn 0.948652 -0.071058 0.308236
vn 0.995470 -0.095074 -0.000000
vn 0.997472 -0.071058 0.000000
vn 0.946748 -0.095074 -0.307617
vn 0.948653 -0.071058 -0.308236
vn 0.805352 -0.095074 -0.585123
vn 0.806972 -0.071059 -0.586299
vn 0.585122 -0.095074 -0.805353
vn 0.586299 -0.071059 -0.806972
vn 0.307617 -0.095074 -0.946748
vn 0.308236 -0.071059 -0.948653
vn 0.000000 -0.095074 -0.995470
vn -0.000000 -0.071059 -0.997472
vn -0.307617 -0.095074 -0.946748
vn -0.308235 -0.071060 -0.948653
vn -0.585123 -0.095074 -0.805352
vn -0.586299 -0.071059 -0.806972
vn -0.805353 -0.095074 -0.585122
vn -0.806972 -0.071059 -0.586299
vn -0.946749 -0.095074 -0.307617
vn -0.948652 -0.071059 -0.308236
vn -0.995470 -0.095074 -0.000001
vn -0.997472 -0.071060 -0.000001
vn -0.940593 -0.147930 0.305616
vn -0.800116 -0.147930 0.581318
vn -0.581319 -0.147930 0.800116
vn -0.305617 -0.147931 0.940593
vn 0.000000 -0.147930 0.988998
vn 0.305617 -0.147931 0.940593
vn 0.581319 -0.147931 0.800116
vn 0.800116 -0.147931 0.581318
vn 0.940593 -0.147931 0.305617
vn 0.988998 -0.147931 0.000000
vn 0.940593 -0.147931 -0.305617
vn 0.800116 -0.147930 -0.581319
vn 0.581318 -0.147930 -0.800116
vn 0.305617 -0.147930 -0.940593
vn 0.000000 -0.147930 -0.988998
vn -0.305617 -0.147930 -0.940593
vn -0.581318 -0.147930 -0.800116
vn -0.800116 -0.147931 -0.581318
vn -0.940593 -0.147930 -0.305617
vn -0.988998 -0.147930 -0.000000
vn -0.930227 -0.208147 0.302247
vn -0.791298 -0.208146 0.574911
vn -0.574911 -0.208147 0.791298
vn -0.302249 -0.208147 0.930226
vn -0.000000 -0.208147 0.978098
vn 0.302249 -0.208147 0.930226
vn 0.574912 -0.208147 0.791297
vn 0.791298 -0.208147 0.574911
vn 0.930226 -0.208147 0.302248
vn 0.978098 -0.208146 0.000000
vn 0.930226 -0.208146 -0.302249
vn 0.791298 -0.208147 -0.574912
vn 0.574911 -0.208147 -0.791298
vn 0.302249 -0.208147 -0.930226
vn -0.000000 -0.208147 -0.978098
vn -0.302249 -0.208147 -0.930226
vn -0.574911 -0.208147 -0.791298
vn -0.791298 -0.208147 -0.574911
vn -0.930226 -0.208148 -0.302248
vn -0.978097 -0.208147 -0.000000
vn -0.912989 -0.280091 0.296647
vn -0.776635 -0.280091 0.564258
vn -0.564258 -0.280091 0.776635
vn -0.296648 -0.280091 0.912989
vn -0.000000 -0.280091 0.959973
vn 0.296648 -0.280091 0.912989
vn 0.564259 -0.280091 0.776635
vn 0.776635 -0.280091 0.564258
vn 0.912989 -0.280091 0.296648
vn 0.959973 -0.280091 0.000000
vn 0.912989 -0.280091 -0.296648
vn 0.776635 -0.280091 -0.564258
vn 0.564258 -0.280091 -0.776635
vn 0.296648 -0.280091 -0.912989
vn 0.000000 -0.280091 -0.959974
vn -0.296648 -0.280091 -0.912989
vn -0.564258 -0.280092 -0.776635
vn -0.776634 -0.280092 -0.564259
vn -0.912989 -0.280093 -0.296648
vn -0.959973 -0.280091 0.000000
vn -0.883429 -0.370352 0.287042
vn -0.751488 -0.370353 0.545989
vn -0.545988 -0.370353 0.751489
vn -0.287043 -0.370352 0.883428
vn 0.000000 -0.370353 0.928891
vn 0.287043 -0.370353 0.883428
vn 0.545989 -0.370353 0.751489
vn 0.751489 -0.370353 0.545988
vn 0.883428 -0.370353 0.287043
vn 0.928891 -0.370353 -0.000000
vn 0.883428 -0.370353 -0.287043
vn 0.751489 -0.370353 -0.545988
vn 0.545989 -0.370353 -0.751489
vn 0.287043 -0.370353 -0.883428
vn -0.000000 -0.370353 -0.928891
vn -0.287044 -0.370353 -0.883428
vn -0.545988 -0.370353 -0.751489
vn -0.751488 -0.370352 -0.545990
vn -0.883428 -0.370352 -0.287043
vn -0.928891 -0.370352 0.000000
vn -0.829815 -0.488580 0.269623
vn -0.705882 -0.488581 0.512855
vn -0.512853 -0.488581 0.705883
vn -0.269623 -0.488581 0.829814
vn 0.000000 -0.488582 0.872518
vn 0.269624 -0.488581 0.829814
vn 0.512854 -0.488581 0.705882
vn 0.705883 -0.488580 0.512853
vn 0.829815 -0.488580 0.269622
vn 0.872519 -0.488580 -0.000001
vn 0.829815 -0.488580 -0.269624
vn 0.705883 -0.488580 -0.512854
vn 0.512854 -0.488580 -0.705883
vn 0.269623 -0.488581 -0.829815
vn -0.000000 -0.488582 -0.872518
vn -0.269624 -0.488582 -0.829814
vn -0.512854 -0.488580 -0.705883
vn -0.705883 -0.488580 -0.512854
vn -0.829814 -0.488581 -0.269623
vn -0.872519 -0.488581 -0.000000
vn -0.726921 -0.644826 0.236191
vn -0.618356 -0.644824 0.449263
vn -0.449262 -0.644827 0.618355
vn -0.236190 -0.644828 0.726918
vn 0.000000 -0.644828 0.764328
vn 0.236191 -0.644827 0.726920
vn 0.449262 -0.644828 0.618353
vn 0.618356 -0.644827 0.449258
vn 0.726921 -0.644826 0.236191
vn 0.764329 -0.644826 -0.000001
vn 0.726920 -0.644826 -0.236192
vn 0.618356 -0.644826 -0.449260
vn 0.449261 -0.644826 -0.618355
vn 0.236191 -0.644827 -0.726920
vn 0.000000 -0.644828 -0.764328
vn -0.236191 -0.644828 -0.726919
vn -0.449263 -0.644826 -0.618355
vn -0.618356 -0.644826 -0.449261
vn -0.726920 -0.644827 -0.236191
vn -0.764329 -0.644827 -0.000001
vn -0.538635 -0.824162 0.175012
vn -0.458190 -0.824161 0.332898
vn -0.332894 -0.824162 0.458190
vn -0.175013 -0.824163 0.538633
vn 0.000000 -0.824162 0.566353
vn 0.175014 -0.824162 0.538635
vn 0.332894 -0.824163 0.458188
vn 0.458190 -0.824164 0.332891
vn 0.538635 -0.824162 0.175013
vn 0.566355 -0.824161 0.000000
vn 0.538636 -0.824162 -0.175010
vn 0.458192 -0.824162 -0.332892
vn 0.332894 -0.824162 -0.458191
vn 0.175013 -0.824162 -0.538635
vn -0.000000 -0.824163 -0.566353
vn -0.175013 -0.824163 -0.538633
vn -0.332894 -0.824163 -0.458188
vn -0.458191 -0.824161 -0.332895
vn -0.538636 -0.824162 -0.175012
vn -0.566354 -0.824162 -0.000000
vn 0.000000 -1.000000 -0.000000
vn 0.598221 -0.777400 -0.194373
vn 0.508866 -0.777411 -0.369714
vn 0.508866 -0.777411 -0.369714
vn 0.598221 -0.777400 -0.194373
vn 0.369714 -0.777403 -0.508877
vn 0.369712 -0.777403 -0.508878
vn 0.194372 -0.777405 -0.598215
vn 0.194370 -0.777405 -0.598216
vn 0.000000 -0.777417 -0.628985
vn 0.000000 -0.777417 -0.628985
vn -0.194369 -0.777414 -0.598205
vn -0.194371 -0.777414 -0.598204
vn -0.369718 -0.777411 -0.508862
vn -0.369716 -0.777411 -0.508863
vn -0.508879 -0.777405 -0.369706
vn -0.508878 -0.777406 -0.369707
vn -0.598218 -0.777403 -0.194369
vn -0.598218 -0.777403 -0.194369
vn -0.628989 -0.777414 -0.000003
vn -0.628989 -0.777414 -0.000003
vn -0.598204 -0.777416 0.194361
vn -0.598204 -0.777416 0.194361
vn -0.508866 -0.777411 0.369713
vn -0.508865 -0.777411 0.369714
vn -0.369706 -0.777413 0.508869
vn -0.369707 -0.777413 0.508868
vn -0.194366 -0.777416 0.598202
vn -0.194368 -0.777416 0.598202
vn -0.000000 -0.777419 0.628983
vn -0.000000 -0.777419 0.628983
vn 0.194373 -0.777408 0.598211
vn 0.194371 -0.777408 0.598212
vn 0.369714 -0.777416 0.508857
vn 0.369713 -0.777416 0.508858
vn 0.508864 -0.777420 0.369696
vn 0.508864 -0.777420 0.369696
vn 0.598204 -0.777415 0.194364
vn 0.598204 -0.777415 0.194364
vn 0.628996 -0.777409 -0.000002
vn 0.628996 -0.777409 -0.000002
vn 0.882518 0.000000 -0.470278
vn 0.848533 0.000000 -0.529143
vn 0.848436 0.000000 -0.529297
vn 0.882604 0.000000 -0.470118
vn 0.000000 1.000000 -0.000001
vn 0.000000 1.000000 0.000000
vn 0.000000 1.000000 0.000000
vn 0.000000 1.000000 -0.000001
vn -0.882604 0.000000 0.470117
vn -0.848436 0.000000 0.529298
vn -0.848532 0.000000 0.529144
vn -0.882518 0.000000 0.470278
vn 0.000000 -1.000000 -0.000000
vn 0.000000 -1.000000 0.000001
vn 0.000000 -1.000000 0.000000
vn 0.000000 -1.000000 -0.000000
vn -0.500003 0.000000 -0.866024
vn -0.500003 0.000000 -0.866024
vn -0.500003 0.000000 -0.866024
vn -0.500003 0.000000 -0.866024
vn 0.500001 0.000000 0.866025
vn 0.500001 0.000000 0.866025
vn 0.500001 0.000000 0.866025
vn 0.500001 0.000000 0.866025
vn 0.881963 0.000000 -0.471318
vn 0.849155 0.000000 -0.528143
vn -0.499997 0.000000 -0.866027
vn -0.499997 0.000000 -0.866027
vn -0.499997 0.000000 -0.866027
vn -0.499997 0.000000 -0.866027
vn -0.849155 0.000000 0.528144
vn -0.881964 0.000000 0.471317
vn 0.499997 0.000000 0.866027
vn 0.499997 0.000000 0.866027
vn 0.499997 0.000000 0.866027
vn 0.499997 0.000000 0.866027
vn 0.881704 0.000000 -0.471802
vn 0.849445 0.000000 -0.527677
vn -0.500003 0.000000 -0.866024
vn -0.500003 0.000000 -0.866024
vn -0.500003 0.000000 -0.866024
vn -0.500003 0.000000 -0.866024
vn -0.849445 0.000000 0.527677
vn -0.881705 0.000000 0.471802
vn 0.500003 0.000000 0.866024
vn 0.500003 0.000000 0.866024
vn 0.500003 0.000000 0.866024
vn 0.500003 0.000000 0.866024
vn -0.930452 0.000000 0.366415
vn -0.782551 0.000000 0.622587
vn -0.499997 0.000000 -0.866027
vn -0.499997 0.000000 -0.866027
vn -0.499997 0.000000 -0.866027
vn -0.499997 0.000000 -0.866027
vn 0.782553 0.000000 -0.622584
vn 0.930450 0.000000 -0.366418
vn 0.499997 0.000000 0.866027
vn 0.499997 0.000000 0.866027
vn 0.499997 0.000000 0.866027
vn 0.499997 0.000000 0.866027
vn 0.930450 0.000000 -0.366418
vn 0.782553 0.000000 -0.622584
vn -0.499998 0.000000 -0.866027
vn -0.499998 0.000000 -0.866027
vn -0.499998 0.000000 -0.866027
vn -0.499998 0.000000 -0.866027
vn -0.782551 0.000000 0.622587
vn -0.930452 0.000000 0.366415
vn 0.499998 0.000000 0.866027
vn 0.499998 0.000000 0.866027
vn 0.499998 0.000000 0.866027
vn 0.499998 0.000000 0.866027
vn 0.000000 -1.000000 -0.000004
vn 0.000000 -1.000000 -0.000004
vn 0.000000 -1.000000 0.000001
vn 0.000000 -1.000000 -0.000001
vn -0.525108 0.000000 0.851036
vn -0.525108 0.000000 0.851036
vn 0.000000 1.000000 0.000004
vn 0.000000 1.000000 0.000004
vn 0.000000 1.000000 0.000003
vn 0.000000 1.000000 0.000001
vn 0.525118 0.000000 -0.851029
vn 0.525118 0.000000 -0.851029
vn 0.000000 -1.000000 -0.000001
vn 0.000000 -1.000000 -0.000001
vn 0.000000 -1.000000 -0.000000
vn 0.000000 -1.000000 0.000000
vn 0.999572 0.000000 -0.029251
vn 0.999572 0.000000 -0.029251
vn 0.000000 1.000000 -0.000002
vn 0.000000 1.000000 -0.000002
vn 0.000000 1.000000 -0.000001
vn 0.000000 1.000000 -0.000002
vn -0.999573 0.000000 0.029235
vn -0.999573 0.000000 0.029235
vn 0.000000 -1.000000 0.000004
vn 0.000000 -1.000000 0.000004
vn 0.000000 -1.000000 -0.000001
vn 0.000000 -1.000000 0.000001
vn -0.525107 0.000000 0.851036
vn -0.525107 0.000000 0.851036
vn 0.000000 1.000000 0.000000
vn 0.000000 1.000000 0.000000
vn 0.525119 0.000000 -0.851029
vn 0.525119 0.000000 -0.851029
vn 0.000000 -1.000000 0.000001
vn 0.000000 -1.000000 0.000001
vn 0.000000 -1.000000 0.000001
vn 0.000000 -1.000000 0.000001
vn 0.999572 0.000000 -0.029251
vn 0.999572 0.000000 -0.029251
vn 0.000000 1.000000 -0.000000
vn 0.000000 1.000000 -0.000001
vn -0.999573 0.000000 0.029236
vn -0.999573 0.000000 0.029236
vn 0.000000 -1.000000 0.000002
vn 0.000000 -1.000000 0.000002
vn -0.525107 0.000000 0.851036
vn -0.525107 0.000000 0.851036
vn 0.000000 1.000000 -0.000002
vn 0.000000 1.000000 -0.000002
vn 0.000000 1.000000 -0.000001
vn 0.000000 1.000000 -0.000001
vn 0.525119 0.000000 -0.851029
vn 0.525119 0.000000 -0.851029
vn 0.000000 -1.000000 -0.000001
vn 0.000000 -1.000000 -0.000001
vn 0.999572 0.000000 -0.029251
vn 0.999572 0.000000 -0.029251
vn 0.000000 1.000000 0.000000
vn 0.000000 1.000000 0.000000
vn 0.000000 1.000000 0.000001
vn 0.000000 1.000000 0.000000
vn -0.999573 0.000000 0.029235
vn -0.999573 0.000000 0.029235
vn 0.000000 -1.000000 0.000004
vn 0.000000 -1.000000 0.000004
vn 0.000000 1.000000 0.000000
vn 0.000000 1.000000 0.000000
vn 0.525121 0.000000 -0.851027
vn 0.525121 0.000000 -0.851027
vn 0.000000 -1.000000 0.000001
vn 0.000000 -1.000000 0.000001
vn 0.999572 0.000000 -0.029257
vn 0.999572 0.000000 -0.029257
vn 0.000000 1.000000 -0.000001
vn 0.000000 1.000000 -0.000001
vn 0.000000 -1.000000 -0.000004
vn 0.000000 -1.000000 -0.000004
vn 0.000000 1.000000 0.000000
vn 0.000000 1.000000 0.000000
vn 0.525122 0.000000 -0.851027
vn 0.525122 0.000000 -0.851027
vn 0.000000 -1.000000 0.000001
vn 0.000000 -1.000000 0.000001
vn 0.999572 0.000000 -0.029257
vn 0.999572 0.000000 -0.029257
vn 0.000000 1.000000 0.000001
vn 0.000000 1.000000 0.000001
vn 0.000000 -1.000000 0.000002
vn 0.000000 -1.000000 0.000002
vn 0.000000 1.000000 0.000000
vn 0.000000 1.000000 0.000000
vn 0.525122 0.000000 -0.851027
vn 0.525122 0.000000 -0.851027
vn 0.000000 -1.000000 -0.000000
vn 0.000000 -1.000000 -0.000000
vn 0.999572 0.000000 -0.029257
vn 0.999572 0.000000 -0.029257
vn 0.000000 1.000000 0.000001
vn 0.000000 1.000000 0.000001
vn 0.499999 0.000000 0.866026
vn 0.499999 0.000000 0.866026
vn 0.607410 0.000000 0.794388
vn 0.607410 0.000000 0.794388
vn 0.000000 1.000000 0.000000
vn 0.000000 1.000000 0.000000
vn 0.000000 1.000000 0.000000
vn 0.000000 1.000000 0.000000
vn -0.500000 0.000000 -0.866025
vn -0.500000 0.000000 -0.866025
vn -0.607409 0.000000 -0.794389
vn -0.607409 0.000000 -0.794389
vn 0.000000 -1.000000 0.000000
vn 0.000000 -1.000000 0.000000
vn 0.000000 -1.000000 0.000000
vn 0.000000 -1.000000 0.000000
vn -0.500001 0.000000 -0.866025
vn -0.500001 0.000000 -0.866025
vn -0.384256 0.000000 -0.923227
vn -0.384256 0.000000 -0.923227
vn 0.000000 -1.000000 0.000000
vn 0.000000 -1.000000 0.000000
vn 0.000000 -1.000000 0.000000
vn 0.000000 -1.000000 0.000000
vn 0.500001 0.000000 0.866025
vn 0.500001 0.000000 0.866025
vn 0.384256 0.000000 0.923226
vn 0.384256 0.000000 0.923226
vn 0.000000 1.000000 -0.000003
vn 0.000000 1.000000 -0.000003
vn 0.000000 1.000000 -0.000003
vn 0.000000 1.000000 -0.000002
vn 0.499999 0.000000 0.866026
vn 0.499999 0.000000 0.866026
vn 0.499999 0.000000 0.866026
vn 0.499999 0.000000 0.866026
vn 0.000000 1.000000 -0.000003
vn 0.000000 1.000000 -0.000003
vn 0.000000 1.000000 -0.000003
vn 0.000000 1.000000 -0.000003
vn -0.500000 0.000000 -0.866026
vn -0.500000 0.000000 -0.866026
vn -0.500000 0.000000 -0.866026
vn -0.500000 0.000000 -0.866026
vn 0.000000 -1.000000 0.000000
vn 0.000000 -1.000000 0.000000
vn 0.000000 -1.000000 0.000000
vn 0.000000 -1.000000 0.000000
vn -0.500001 0.000000 -0.866025
vn -0.500001 0.000000 -0.866025
vn -0.500001 0.000000 -0.866025
vn -0.500001 0.000000 -0.866025
vn 0.000000 -1.000000 0.000000
vn 0.000000 -1.000000 0.000000
vn 0.000000 -1.000000 0.000000
vn 0.000000 -1.000000 0.000000
vn 0.500002 0.000000 0.866025
vn 0.500002 0.000000 0.866025
vn 0.500002 0.000000 0.866025
vn 0.500002 0.000000 0.866025
vn 0.000000 1.000000 0.000000
vn 0.000000 1.000000 0.000000
vn 0.000000 1.000000 0.000000
vn 0.000000 1.000000 0.000000
vn 0.499999 0.000000 0.866026
vn 0.499999 0.000000 0.866026
vn 0.607408 0.000000 0.794390
vn 0.607408 0.000000 0.794390
vn 0.000000 1.000000 -0.000002
vn 0.000000 1.000000 -0.000002
vn 0.000000 1.000000 -0.000000
vn 0.000000 1.000000 -0.000001
vn -0.500000 0.000000 -0.866026
vn -0.500000 0.000000 -0.866026
vn -0.607408 0.000000 -0.794390
vn -0.607408 0.000000 -0.794390
vn 0.000000 -1.000000 -0.000002
vn 0.000000 -1.000000 -0.000002
vn 0.000000 -1.000000 -0.000001
vn 0.000000 -1.000000 -0.000000
vn -0.500002 0.000000 -0.866025
vn -0.500002 0.000000 -0.866025
vn -0.384257 0.000000 -0.923226
vn -0.384257 0.000000 -0.923226
vn 0.000000 -1.000000 0.000002
vn 0.000000 -1.000000 0.000002
vn 0.000000 -1.000000 0.000001
vn 0.000000 -1.000000 0.000001
vn 0.500001 0.000000 0.866025
vn 0.500001 0.000000 0.866025
vn 0.384258 0.000000 0.923226
vn 0.384258 0.000000 0.923226
vn 0.000000 1.000000 -0.000002
vn 0.000000 1.000000 -0.000002
vn 0.000000 1.000000 -0.000001
vn 0.000000 1.000000 -0.000000
vn 0.000000 0.000000 0.000000
vn 0.000000 0.000000 0.000000
vn 0.000000 0.000000 0.000000
vn 0.000000 0.000000 0.000000
vn 0.000000 0.000000 0.000000
vn 0.000000 0.000000 0.000000
vn 0.000000 0.000000 0.000000
vn 0.000000 0.000000 0.000000
vn 0.000000 0.000000 0.000000
vn 0.000000 0.000000 0.000000
vn 0.000000 0.000000 0.000000
vn 0.000000 0.000000 0.000000
vn 0.000000 0.000000 0.000000
vn 0.000000 0.000000 0.000000
vn 0.000000 0.000000 0.000000
vn 0.000000 0.000000 0.000000
vn 0.000000 0.000000 0.000000
vn 0.000000 0.000000 0.000000
vn 0.000000 0.000000 0.000000
vn 0.000000 0.000000 0.000000
vn 0.000000 0.000000 0.000000
vn 0.000000 0.000000 0.000000
vn 0.000000 0.000000 0.000000
vn 0.000000 0.000000 0.000000
vn 0.000000 0.000000 0.000000
vn 0.000000 0.000000 0.000000
vn 0.000000 0.000000 0.000000
vn 0.000000 0.000000 0.000000
vn 0.000000 0.000000 0.000000
vn 0.000000 0.000000 0.000000
vn 0.000000 0.000000 0.000000
vn 0.000000 0.000000 0.000000
vn 0.851032 0.000000 0.525114
vn 0.851032 0.000000 0.525114
vn 0.851032 0.000000 0.525114
vn 0.851032 0.000000 0.525114
vn 0.000000 1.000000 0.000000
vn 0.000000 1.000000 0.000000
vn 0.000000 1.000000 0.000000
vn 0.000000 1.000000 0.000000
vn -0.851027 0.000000 -0.525123
vn -0.851027 0.000000 -0.525123
vn -0.851027 0.000000 -0.525123
vn -0.851027 0.000000 -0.525123
vn 0.000000 -1.000000 0.000000
vn 0.000000 -1.000000 0.000000
vn 0.000000 -1.000000 0.000000
vn 0.000000 -1.000000 0.000000
vn -0.029249 0.000000 -0.999572
vn -0.029249 0.000000 -0.999572
vn -0.029249 0.000000 -0.999572
vn -0.029249 0.000000 -0.999572
vn 0.000000 -1.000000 0.000000
vn 0.000000 -1.000000 0.000000
vn 0.000000 -1.000000 0.000000
vn 0.000000 -1.000000 0.000000
vn 0.029265 0.000000 0.999572
vn 0.029265 0.000000 0.999572
vn 0.029265 0.000000 0.999572
vn 0.029265 0.000000 0.999572
vn 0.000000 1.000000 0.000000
vn 0.000000 1.000000 0.000000
vn 0.000000 1.000000 0.000000
vn 0.000000 1.000000 0.000000
vn 0.866028 0.000000 -0.499996
vn 0.866028 0.000000 -0.499996
vn 0.866028 0.000000 -0.499996
vn 0.866028 0.000000 -0.499996
vn 0.000000 1.000000 0.000000
vn 0.000000 1.000000 0.000000
vn 0.000000 1.000000 0.000000
vn 0.000000 1.000000 0.000000
vn -0.866027 0.000000 0.499998
vn -0.866027 0.000000 0.499998
vn -0.866027 0.000000 0.499998
vn -0.866027 0.000000 0.499998
vn 0.000000 -1.000000 -0.000005
vn 0.000000 -1.000000 -0.000005
vn 0.000000 -1.000000 -0.000005
vn 0.000000 -1.000000 -0.000005
vn 0.866028 0.000000 -0.499996
vn 0.866028 0.000000 -0.499996
vn 0.866028 0.000000 -0.499996
vn 0.866028 0.000000 -0.499996
vn 0.000000 -1.000000 0.000005
vn 0.000000 -1.000000 0.000005
vn 0.000000 -1.000000 0.000005
vn 0.000000 -1.000000 0.000005
vn -0.866027 0.000000 0.499998
vn -0.866027 0.000000 0.499998
vn -0.866027 0.000000 0.499998
vn -0.866027 0.000000 0.499998
vn 0.000000 1.000000 0.000000
vn 0.000000 1.000000 0.000000
vn 0.000000 1.000000 0.000000
vn 0.000000 1.000000 0.000000
vn 0.866022 0.000000 -0.500007
vn 0.866022 0.000000 -0.500007
vn 0.866022 0.000000 -0.500007
vn 0.866022 0.000000 -0.500007
vn 0.000000 1.000000 0.000000
vn 0.000000 1.000000 0.000000
vn 0.000000 1.000000 0.000000
vn 0.000000 1.000000 0.000000
vn -0.866024 0.000000 0.500002
vn -0.866024 0.000000 0.500002
vn -0.866024 0.000000 0.500002
vn -0.866024 0.000000 0.500002
vn 0.000000 -1.000000 0.000000
vn 0.000000 -1.000000 0.000000
vn 0.000000 -1.000000 0.000000
vn 0.000000 -1.000000 0.000000
vn 0.851032 0.000000 0.525114
vn 0.851032 0.000000 0.525114
vn 0.000000 1.000000 0.000000
vn 0.000000 1.000000 0.000000
vn -0.851021 0.000000 -0.525132
vn -0.851021 0.000000 -0.525132
vn 0.000000 -1.000000 0.000000
vn 0.000000 -1.000000 0.000000
vn -0.029249 0.000000 -0.999572
vn -0.029249 0.000000 -0.999572
vn 0.000000 -1.000000 0.000000
vn 0.000000 -1.000000 0.000000
vn 0.029265 0.000000 0.999572
vn 0.029265 0.000000 0.999572
vn 0.000000 1.000000 0.000000
vn 0.000000 1.000000 0.000000
vn 0.851023 0.000000 0.525128
vn 0.851023 0.000000 0.525128
vn 0.000000 1.000000 0.000002
vn 0.000000 1.000000 0.000002
vn -0.851020 0.000000 -0.525134
vn -0.851020 0.000000 -0.525134
vn 0.000000 -1.000000 0.000002
vn 0.000000 -1.000000 0.000002
vn -0.029264 0.000000 -0.999572
vn -0.029264 0.000000 -0.999572
vn 0.000000 -1.000000 0.000000
vn 0.000000 -1.000000 0.000000
vn 0.029272 0.000000 0.999572
vn 0.029272 0.000000 0.999572
vn 0.000000 1.000000 0.000002
vn 0.000000 1.000000 0.000002
vn 0.866026 0.000000 -0.499999
vn 0.866026 0.000000 -0.499999
vn 0.866026 0.000000 -0.499999
vn 0.866026 0.000000 -0.499999
vn 0.000000 1.000000 0.000000
vn 0.000000 1.000000 0.000000
vn 0.000000 1.000000 0.000000
vn 0.000000 1.000000 0.000000
vn -0.866025 0.000000 0.500000
vn -0.866025 0.000000 0.500000
vn -0.866025 0.000000 0.500000
vn -0.866025 0.000000 0.500000
vn 0.000000 -1.000000 0.000006
vn 0.000000 -1.000000 0.000006
vn 0.000000 -1.000000 0.000006
vn 0.000000 -1.000000 0.000006
vn 0.866022 0.000000 -0.500006
vn 0.866022 0.000000 -0.500006
vn 0.866022 0.000000 -0.500006
vn 0.866022 0.000000 -0.500006
vn 0.000000 -1.000000 -0.000003
vn 0.000000 -1.000000 -0.000003
vn 0.000000 -1.000000 -0.000003
vn 0.000000 -1.000000 -0.000003
vn -0.866025 0.000000 0.500000
vn -0.866025 0.000000 0.500000
vn -0.866025 0.000000 0.500000
vn -0.866025 0.000000 0.500000
vn 0.000000 1.000000 0.000000
vn 0.000000 1.000000 0.000000
vn 0.000000 1.000000 0.000000
vn 0.000000 1.000000 0.000000
vn 0.866026 0.000000 -0.499998
vn 0.866026 0.000000 -0.499998
vn 0.866026 0.000000 -0.499998
vn 0.866026 0.000000 -0.499998
vn 0.000000 1.000000 0.000000
vn 0.000000 1.000000 0.000000
vn 0.000000 1.000000 0.000000
vn 0.000000 1.000000 0.000000
vn -0.866025 0.000000 0.500000
vn -0.866025 0.000000 0.500000
vn -0.866025 0.000000 0.500000
vn -0.866025 0.000000 0.500000
vn 0.000000 -1.000000 0.000000
vn 0.000000 -1.000000 0.000000
vn 0.000000 -1.000000 0.000000
vn 0.000000 -1.000000 0.000000
vn 0.866027 0.000000 -0.499998
vn 0.866027 0.000000 -0.499998
vn 0.866027 0.000000 -0.499998
vn 0.866027 0.000000 -0.499998
vn 0.000000 1.000000 -0.000001
vn 0.000000 1.000000 -0.000001
vn 0.000000 1.000000 -0.000001
vn 0.000000 1.000000 -0.000001
vn -0.866024 0.000000 0.500002
vn -0.866024 0.000000 0.500002
vn -0.866024 0.000000 0.500002
vn -0.866024 0.000000 0.500002
vn 0.000000 -1.000000 0.000000
vn 0.000000 -1.000000 0.000000
vn 0.000000 -1.000000 0.000000
vn 0.000000 -1.000000 0.000000
vn 0.866022 0.000000 -0.500006
vn 0.866022 0.000000 -0.500006
vn 0.866022 0.000000 -0.500006
vn 0.866022 0.000000 -0.500006
vn 0.000000 -1.000000 -0.000001
vn 0.000000 -1.000000 -0.000001
vn 0.000000 -1.000000 -0.000001
vn 0.000000 -1.000000 -0.000001
vn -0.866027 0.000000 0.499998
vn -0.866027 0.000000 0.499998
vn -0.866027 0.000000 0.499998
vn -0.866027 0.000000 0.499998
vn 0.000000 1.000000 0.000000
vn 0.000000 1.000000 0.000000
vn 0.000000 1.000000 0.000000
vn 0.000000 1.000000 0.000000
vn 0.866028 0.000000 -0.499996
vn 0.866028 0.000000 -0.499996
vn 0.866028 0.000000 -0.499996
vn 0.866028 0.000000 -0.499996
vn 0.000000 1.000000 0.000000
vn 0.000000 1.000000 0.000000
vn 0.000000 1.000000 0.000000
vn 0.000000 1.000000 0.000000
vn -0.866026 0.000000 0.499999
vn -0.866026 0.000000 0.499999
vn -0.866026 0.000000 0.499999
vn -0.866026 0.000000 0.499999
vn 0.000000 -1.000000 0.000003
vn 0.000000 -1.000000 0.000003
vn 0.000000 -1.000000 0.000003
vn 0.000000 -1.000000 0.000003
vn 0.866025 0.000000 -0.500000
vn 0.866025 0.000000 -0.500000
vn 0.866025 0.000000 -0.500000
vn 0.866025 0.000000 -0.500000
vn 0.000000 1.000000 0.000001
vn 0.000000 1.000000 0.000001
vn 0.000000 1.000000 0.000001
vn 0.000000 1.000000 0.000001
vn -0.866025 0.000000 0.500000
vn -0.866025 0.000000 0.500000
vn -0.866025 0.000000 0.500000
vn -0.866025 0.000000 0.500000
vn 0.000000 -1.000000 0.000000
vn 0.000000 -1.000000 0.000000
vn 0.000000 -1.000000 0.000000
vn 0.000000 -1.000000 0.000000
vn -0.500002 0.000000 -0.866024
vn -0.500002 0.000000 -0.866024
vn -0.500002 0.000000 -0.866024
vn -0.500002 0.000000 -0.866024
vn 0.500001 0.000000 0.866025
vn 0.500001 0.000000 0.866025
vn 0.500001 0.000000 0.866025
vn 0.500001 0.000000 0.866025
vn 0.866025 0.000000 -0.500000
vn 0.866025 0.000000 -0.500000
vn 0.866025 0.000000 -0.500000
vn 0.866025 0.000000 -0.500000
vn 0.000000 1.000000 -0.000000
vn 0.000000 1.000000 -0.000000
vn 0.000000 1.000000 -0.000000
vn 0.000000 1.000000 -0.000000
vn -0.866025 0.000000 0.500000
vn -0.866025 0.000000 0.500000
vn -0.866025 0.000000 0.500000
vn -0.866025 0.000000 0.500000
vn 0.000000 -1.000000 -0.000000
vn 0.000000 -1.000000 -0.000000
vn 0.000000 -1.000000 -0.000000
vn 0.000000 -1.000000 -0.000000
vn -0.500002 0.000000 -0.866024
vn -0.500002 0.000000 -0.866024
vn -0.500002 0.000000 -0.866024
vn -0.500002 0.000000 -0.866024
vn 0.500000 0.000000 0.866025
vn 0.500000 0.000000 0.866025
vn 0.500000 0.000000 0.866025
vn 0.500000 0.000000 0.866025
vn -0.539956 0.781834 0.311742
vn -0.539956 0.781834 0.311742
vn -0.539956 0.781834 0.311742
vn -0.539956 0.781834 0.311742
vn -0.780264 0.433881 0.450483
vn -0.780264 0.433881 0.450483
vn -0.780264 0.433881 0.450484
vn -0.780264 0.433881 0.450484
vn -0.866025 0.000000 0.500001
vn -0.866025 0.000000 0.500001
vn -0.866025 0.000000 0.500001
vn -0.866025 0.000000 0.500001
vn -0.780264 -0.433881 0.450485
vn -0.780264 -0.433881 0.450485
vn -0.780264 -0.433881 0.450485
vn -0.780264 -0.433881 0.450485
vn -0.539958 -0.781831 0.311746
vn -0.539958 -0.781831 0.311746
vn -0.539958 -0.781831 0.311746
vn -0.539958 -0.781831 0.311746
vn -0.192707 -0.974928 0.111261
vn -0.192707 -0.974928 0.111261
vn -0.192707 -0.974928 0.111261
vn -0.192707 -0.974928 0.111261
vn 0.192709 -0.974928 -0.111260
vn 0.192709 -0.974928 -0.111260
vn 0.192709 -0.974928 -0.111260
vn 0.192709 -0.974928 -0.111260
vn 0.539956 -0.781834 -0.311743
vn 0.539956 -0.781834 -0.311743
vn 0.539956 -0.781834 -0.311743
vn 0.539956 -0.781834 -0.311743
vn 0.780263 -0.433879 -0.450487
vn 0.780263 -0.433879 -0.450487
vn 0.780263 -0.433879 -0.450487
vn 0.780263 -0.433879 -0.450487
vn 0.866028 0.000000 -0.499996
vn 0.866028 0.000000 -0.499996
vn 0.866028 0.000000 -0.499996
vn 0.866028 0.000000 -0.499996
vn 0.780263 0.433880 -0.450486
vn 0.780263 0.433880 -0.450486
vn 0.780263 0.433880 -0.450486
vn 0.780263 0.433880 -0.450486
vn 0.539959 0.781831 -0.311746
vn 0.539959 0.781831 -0.311746
vn 0.539959 0.781831 -0.311746
vn 0.539959 0.781831 -0.311746
vn 0.192710 0.974928 -0.111261
vn 0.192710 0.974928 -0.111261
vn 0.192710 0.974928 -0.111261
vn 0.192710 0.974928 -0.111261
vn -0.192709 0.974928 0.111259
vn -0.192709 0.974928 0.111259
vn -0.192709 0.974928 0.111259
vn -0.192708 0.974928 0.111259
vn -0.500000 -0.000003 -0.866025
vn -0.499999 -0.000003 -0.866026
vn -0.500000 -0.000001 -0.866026
vn -0.499999 0.000000 -0.866026
vn -0.499999 0.000000 -0.866026
vn -0.500000 0.000001 -0.866026
vn -0.499999 0.000001 -0.866026
vn -0.499999 0.000000 -0.866026
vn -0.500001 0.000000 -0.866025
vn -0.500001 0.000000 -0.866025
vn -0.500001 0.000000 -0.866025
vn -0.500000 0.000000 -0.866026
vn -0.500000 -0.000004 -0.866025
vn -0.500001 0.000000 -0.866025
vn -0.499999 0.000004 -0.866026
vn 0.500001 0.000001 0.866025
vn 0.500001 0.000001 0.866025
vn 0.500000 0.000000 0.866025
vn 0.500000 0.000000 0.866025
vn 0.500000 0.000000 0.866026
vn 0.499999 0.000001 0.866026
vn 0.500000 0.000001 0.866025
vn 0.499999 -0.000001 0.866026
vn 0.500000 -0.000001 0.866025
vn 0.500000 0.000007 0.866025
vn 0.500000 0.000007 0.866025
vn 0.499999 -0.000008 0.866026
vn 0.500000 -0.000008 0.866026
vn 0.500000 0.000002 0.866026
vn 0.499999 0.000002 0.866026
vn -0.499999 0.000005 -0.866026
vn -0.499999 0.000005 -0.866026
vn -0.677085 -0.623491 0.390916
vn -0.677085 -0.623491 0.390916
vn -0.677085 -0.623491 0.390916
vn -0.677085 -0.623491 0.390916
vn 0.499999 0.000002 0.866026
vn 0.499999 0.000002 0.866026
vn 0.677091 0.623486 -0.390913
vn 0.677091 0.623486 -0.390913
vn 0.677091 0.623487 -0.390913
vn 0.677091 0.623487 -0.390913
vn -0.499994 0.000000 -0.866029
vn -0.499994 0.000000 -0.866029
vn 0.000000 -1.000000 -0.000002
vn 0.000000 -1.000000 -0.000002
vn 0.000000 -1.000000 -0.000002
vn 0.000000 -1.000000 -0.000002
vn 0.500002 0.000000 0.866025
vn 0.500002 0.000000 0.866025
vn 0.000000 1.000000 -0.000002
vn 0.000000 1.000000 -0.000002
vn 0.000000 1.000000 -0.000002
vn 0.000000 1.000000 -0.000002
vn -0.500000 -0.000005 -0.866026
vn -0.500000 -0.000005 -0.866026
vn 0.677080 -0.623497 -0.390915
vn 0.677080 -0.623496 -0.390915
vn 0.677080 -0.623497 -0.390915
vn 0.677080 -0.623496 -0.390915
vn 0.499999 0.000002 0.866026
vn 0.499999 0.000002 0.866026
vn -0.677087 0.623488 0.390916
vn -0.677087 0.623488 0.390916
vn -0.677087 0.623488 0.390916
vn -0.677087 0.623488 0.390916
vn -0.500001 0.000001 -0.866025
vn -0.500001 0.000001 -0.866025
vn 0.844310 0.222528 -0.487465
vn 0.844310 0.222528 -0.487466
vn 0.844310 0.222528 -0.487465
vn 0.844310 0.222528 -0.487466
vn 0.499997 -0.000006 0.866027
vn 0.499997 -0.000006 0.866027
vn -0.844317 -0.222507 0.487462
vn -0.844317 -0.222507 0.487462
vn -0.844317 -0.222507 0.487462
vn -0.844317 -0.222507 0.487462
vn -0.500006 0.000000 -0.866022
vn -0.500006 0.000000 -0.866022
vn 0.375754 0.900969 -0.216942
vn 0.375754 0.900969 -0.216942
vn 0.375754 0.900969 -0.216942
vn 0.375754 0.900969 -0.216942
vn 0.499998 0.000014 0.866027
vn 0.499998 0.000014 0.866027
vn -0.375758 -0.900967 0.216944
vn -0.375758 -0.900967 0.216944
vn -0.375758 -0.900967 0.216944
vn -0.375758 -0.900967 0.216944
vn -0.500002 0.000000 -0.866024
vn -0.500002 0.000000 -0.866024
vn -0.375753 0.900969 0.216944
vn -0.375753 0.900969 0.216944
vn -0.375753 0.900969 0.216944
vn -0.375753 0.900969 0.216944
vn 0.499998 -0.000019 0.866027
vn 0.499998 -0.000019 0.866027
vn 0.375755 -0.900969 -0.216941
vn 0.375755 -0.900969 -0.216941
vn 0.375755 -0.900969 -0.216941
vn 0.375755 -0.900969 -0.216941
vn -0.500002 0.000017 -0.866024
vn -0.500002 0.000017 -0.866024
vn -0.844319 0.222496 0.487464
vn -0.844319 0.222496 0.487464
vn -0.844319 0.222496 0.487464
vn -0.844319 0.222496 0.487464
vn 0.499997 0.000011 0.866027
vn 0.499997 0.000011 0.866027
vn 0.844313 -0.222517 -0.487464
vn 0.844313 -0.222517 -0.487464
vn 0.844313 -0.222517 -0.487464
vn 0.844313 -0.222517 -0.487464
vn -0.539958 0.781831 0.311745
vn -0.539958 0.781831 0.311745
vn -0.539958 0.781831 0.311745
vn -0.539958 0.781831 0.311745
vn -0.780259 0.433891 0.450483
vn -0.780259 0.433891 0.450483
vn -0.780259 0.433891 0.450483
vn -0.780259 0.433891 0.450483
vn -0.866025 0.000000 0.500001
vn -0.866025 0.000000 0.500001
vn -0.866025 0.000000 0.500001
vn -0.866025 0.000000 0.500001
vn -0.780257 -0.433896 0.450482
vn -0.780257 -0.433896 0.450482
vn -0.780257 -0.433896 0.450482
vn -0.780257 -0.433896 0.450482
vn -0.539959 -0.781831 0.311746
vn -0.539959 -0.781831 0.311746
vn -0.539959 -0.781831 0.311746
vn -0.539959 -0.781831 0.311746
vn -0.192708 -0.974928 0.111262
vn -0.192708 -0.974928 0.111262
vn -0.192708 -0.974928 0.111262
vn -0.192708 -0.974928 0.111262
vn 0.192707 -0.974928 -0.111258
vn 0.192707 -0.974928 -0.111258
vn 0.192707 -0.974928 -0.111258
vn 0.192707 -0.974928 -0.111258
vn 0.539958 -0.781832 -0.311745
vn 0.539958 -0.781832 -0.311745
vn 0.539958 -0.781832 -0.311745
vn 0.539958 -0.781832 -0.311745
vn 0.780263 -0.433880 -0.450487
vn 0.780263 -0.433880 -0.450487
vn 0.780263 -0.433880 -0.450487
vn 0.780263 -0.433880 -0.450487
vn 0.866024 0.000000 -0.500002
vn 0.866024 0.000000 -0.500002
vn 0.866024 0.000000 -0.500002
vn 0.866024 0.000000 -0.500002
vn 0.780263 0.433881 -0.450486
vn 0.780263 0.433881 -0.450486
vn 0.780263 0.433881 -0.450486
vn 0.780263 0.433881 -0.450486
vn 0.539960 0.781829 -0.311748
vn 0.539960 0.781829 -0.311748
vn 0.539960 0.781829 -0.311748
vn 0.539960 0.781829 -0.311748
vn 0.192709 0.974928 -0.111260
vn 0.192708 0.974928 -0.111260
vn 0.192709 0.974928 -0.111260
vn 0.192708 0.974928 -0.111260
vn -0.192708 0.974928 0.111260
vn -0.192708 0.974928 0.111260
vn -0.192708 0.974928 0.111260
vn -0.192708 0.974928 0.111260
vn -0.500001 -0.000002 -0.866025
vn -0.500001 0.000002 -0.866025
vn -0.500000 0.000000 -0.866025
vn -0.500001 -0.000004 -0.866025
vn -0.500000 0.000002 -0.866026
vn -0.499999 0.000000 -0.866026
vn -0.500000 -0.000001 -0.866025
vn -0.499999 0.000002 -0.866026
vn -0.500000 0.000002 -0.866026
vn -0.500000 0.000006 -0.866026
vn -0.500000 0.000006 -0.866026
vn -0.499999 -0.000004 -0.866026
vn -0.500000 -0.000002 -0.866026
vn -0.500000 -0.000000 -0.866026
vn -0.499999 -0.000002 -0.866026
vn 0.500003 0.000000 0.866024
vn 0.500002 -0.000003 0.866024
vn 0.500001 -0.000001 0.866025
vn 0.500002 -0.000004 0.866024
vn 0.500001 0.000004 0.866025
vn 0.500000 0.000004 0.866025
vn 0.500002 0.000001 0.866024
vn 0.499999 0.000000 0.866026
vn 0.499999 -0.000002 0.866026
vn 0.500000 -0.000004 0.866025
vn 0.500000 -0.000002 0.866025
vn 0.499999 0.000002 0.866026
vn 0.500000 0.000002 0.866026
vn 0.500000 0.000001 0.866025
vn 0.500000 0.000001 0.866026
vn -0.500000 -0.000007 -0.866026
vn -0.500000 -0.000007 -0.866026
vn -0.677083 -0.623495 0.390914
vn -0.677083 -0.623495 0.390914
vn -0.677083 -0.623495 0.390914
vn -0.677083 -0.623495 0.390914
vn 0.500001 0.000010 0.866025
vn 0.500001 0.000010 0.866025
vn 0.677087 0.623489 -0.390915
vn 0.677087 0.623489 -0.390915
vn 0.677087 0.623489 -0.390915
vn 0.677087 0.623489 -0.390915
vn -0.500002 0.000000 -0.866025
vn -0.500002 0.000000 -0.866025
vn 0.000000 -1.000000 0.000000
vn 0.000000 -1.000000 0.000000
vn 0.000000 -1.000000 0.000000
vn 0.000000 -1.000000 0.000000
vn 0.500002 0.000000 0.866025
vn 0.500002 0.000000 0.866025
vn 0.000000 1.000000 -0.000002
vn 0.000000 1.000000 -0.000002
vn 0.000000 1.000000 -0.000002
vn 0.000000 1.000000 -0.000002
vn -0.500000 0.000010 -0.866026
vn -0.500000 0.000010 -0.866026
vn 0.677085 -0.623490 -0.390918
vn 0.677085 -0.623490 -0.390918
vn 0.677085 -0.623490 -0.390918
vn 0.677085 -0.623490 -0.390918
vn 0.500001 0.000002 0.866025
vn 0.500001 0.000002 0.866025
vn -0.677084 0.623493 0.390913
vn -0.677084 0.623493 0.390914
vn -0.677084 0.623493 0.390914
vn -0.677084 0.623493 0.390914
vn -0.499997 0.000007 -0.866027
vn -0.499997 0.000007 -0.866027
vn 0.844308 0.222535 -0.487465
vn 0.844308 0.222535 -0.487465
vn 0.844308 0.222535 -0.487465
vn 0.844308 0.222535 -0.487465
vn 0.499995 0.000000 0.866028
vn 0.499995 0.000000 0.866028
vn -0.844314 -0.222511 0.487465
vn -0.844314 -0.222511 0.487465
vn -0.844314 -0.222511 0.487465
vn -0.844314 -0.222511 0.487465
vn -0.499996 0.000010 -0.866028
vn -0.499996 0.000010 -0.866028
vn 0.375749 0.900972 -0.216937
vn 0.375749 0.900972 -0.216937
vn 0.375749 0.900972 -0.216937
vn 0.375749 0.900972 -0.216937
vn 0.499996 -0.000010 0.866028
vn 0.499996 -0.000010 0.866028
vn -0.375751 -0.900971 0.216940
vn -0.375751 -0.900971 0.216940
vn -0.375751 -0.900971 0.216940
vn -0.375751 -0.900971 0.216940
vn -0.499997 -0.000010 -0.866027
vn -0.499997 -0.000010 -0.866027
vn -0.375746 0.900973 0.216939
vn -0.375746 0.900973 0.216939
vn -0.375746 0.900973 0.216939
vn -0.375746 0.900973 0.216939
vn 0.499996 0.000010 0.866028
vn 0.499996 0.000010 0.866028
vn 0.375746 -0.900973 -0.216939
vn 0.375746 -0.900973 -0.216939
vn 0.375746 -0.900973 -0.216939
vn 0.375746 -0.900973 -0.216939
vn -0.499996 -0.000010 -0.866028
vn -0.499996 -0.000010 -0.866028
vn -0.844313 0.222518 0.487465
vn -0.844313 0.222518 0.487465
vn -0.844313 0.222518 0.487465
vn -0.844313 0.222518 0.487465
vn 0.499997 0.000004 0.866027
vn 0.499997 0.000004 0.866027
vn 0.844312 -0.222521 -0.487465
vn 0.844312 -0.222521 -0.487464
vn 0.844312 -0.222521 -0.487465
vn 0.844312 -0.222521 -0.487464
vn -0.620608 -0.055177 -0.782177
vn -0.725939 -0.109007 -0.679066
vn -0.725939 -0.109007 -0.679066
vn -0.620608 -0.055177 -0.782177
vn -0.813390 -0.160147 -0.559240
vn -0.813391 -0.160147 -0.559239
vn -0.880823 -0.207348 -0.425626
vn -0.880823 -0.207348 -0.425626
vn -0.926563 -0.249438 -0.281533
vn -0.926563 -0.249438 -0.281534
vn -0.949483 -0.285382 -0.130537
vn -0.949483 -0.285382 -0.130537
vn -0.949025 -0.314309 0.023715
vn -0.949025 -0.314309 0.023715
vn -0.925201 -0.335485 0.177349
vn -0.925201 -0.335485 0.177349
vn -0.878601 -0.348408 0.326608
vn -0.878600 -0.348408 0.326609
vn -0.810348 -0.352758 0.467866
vn -0.810348 -0.352758 0.467866
vn -0.722160 -0.348415 0.597572
vn -0.722160 -0.348415 0.597572
vn -0.616198 -0.335490 0.712564
vn -0.616197 -0.335490 0.712564
vn -0.495039 -0.314306 0.810029
vn -0.495039 -0.314306 0.810029
vn -0.361694 -0.285390 0.887542
vn -0.361694 -0.285390 0.887542
vn -0.219453 -0.249440 0.943197
vn -0.219452 -0.249440 0.943197
vn -0.071803 -0.207343 0.975630
vn -0.071803 -0.207343 0.975630
vn 0.077606 -0.160146 0.984038
vn 0.077605 -0.160147 0.984038
vn 0.225111 -0.109003 0.968217
vn 0.225111 -0.109003 0.968217
vn 0.367072 -0.055179 0.928554
vn 0.367072 -0.055179 0.928555
vn 0.500002 0.000000 0.866025
vn 0.500001 -0.000000 0.866025
vn 0.620620 0.055184 0.782167
vn 0.620620 0.055184 0.782167
vn 0.725941 0.108997 0.679065
vn 0.725941 0.108997 0.679065
vn 0.813400 0.160138 0.559229
vn 0.813400 0.160138 0.559228
vn 0.880822 0.207346 0.425629
vn 0.880822 0.207346 0.425629
vn 0.926556 0.249437 0.281558
vn 0.926556 0.249437 0.281559
vn 0.949484 0.285383 0.130524
vn 0.949484 0.285383 0.130524
vn 0.949028 0.314300 -0.023683
vn 0.949028 0.314300 -0.023683
vn 0.925204 0.335492 -0.177319
vn 0.925204 0.335492 -0.177319
vn 0.878582 0.348419 -0.326645
vn 0.878582 0.348419 -0.326645
vn 0.810361 0.352753 -0.467847
vn 0.810361 0.352753 -0.467846
vn 0.722171 0.348409 -0.597563
vn 0.722171 0.348409 -0.597563
vn 0.616163 0.335489 -0.712594
vn 0.616163 0.335489 -0.712594
vn 0.495034 0.314304 -0.810034
vn 0.495034 0.314304 -0.810034
vn 0.361707 0.285386 -0.887538
vn 0.361708 0.285386 -0.887537
vn 0.219453 0.249439 -0.943197
vn 0.219451 0.249439 -0.943198
vn 0.071806 0.207341 -0.975630
vn 0.071805 0.207341 -0.975630
vn -0.077613 0.160142 -0.984038
vn -0.077612 0.160143 -0.984038
vn -0.225117 0.109003 -0.968215
vn -0.225117 0.109003 -0.968215
vn -0.367082 0.055180 -0.928550
vn -0.367082 0.055180 -0.928551
vn -0.499995 0.000006 -0.866028
vn -0.499996 0.000006 -0.866028
vn 0.305502 -0.935712 -0.176386
vn 0.305500 -0.935714 -0.176379
vn 0.305493 -0.935716 -0.176378
vn 0.305498 -0.935716 -0.176371
vn 0.305495 -0.935717 -0.176368
vn 0.305493 -0.935715 -0.176384
vn 0.305494 -0.935715 -0.176385
vn 0.305494 -0.935718 -0.176368
vn 0.305497 -0.935714 -0.176385
vn 0.305506 -0.935709 -0.176392
vn 0.305503 -0.935710 -0.176392
vn 0.305486 -0.935718 -0.176381
vn 0.305502 -0.935716 -0.176363
vn 0.305511 -0.935711 -0.176376
vn 0.305501 -0.935712 -0.176390
vn 0.305499 -0.935713 -0.176384
vn 0.305495 -0.935715 -0.176379
vn 0.305477 -0.935723 -0.176370
vn 0.305501 -0.935713 -0.176382
vn 0.305509 -0.935710 -0.176384
vn 0.305477 -0.935725 -0.176361
vn 0.305489 -0.935717 -0.176381
vn 0.305490 -0.935714 -0.176396
vn 0.305479 -0.935721 -0.176376
vn 0.305484 -0.935719 -0.176379
vn 0.305493 -0.935715 -0.176384
vn 0.305497 -0.935714 -0.176385
vn 0.305497 -0.935717 -0.176367
vn 0.305489 -0.935718 -0.176378
vn 0.305479 -0.935714 -0.176412
vn 0.305488 -0.935717 -0.176381
vn 0.305500 -0.935717 -0.176365
vn 0.305495 -0.935714 -0.176387
vn 0.305487 -0.935719 -0.176374
vn 0.305491 -0.935720 -0.176362
vn 0.305497 -0.935714 -0.176381
vn 0.305480 -0.935722 -0.176368
vn 0.305461 -0.935731 -0.176356
vn 0.305483 -0.935722 -0.176364
vn 0.305509 -0.935710 -0.176384
vn 0.305503 -0.935713 -0.176377
vn -0.305480 0.935724 0.176360
vn -0.305499 0.935710 0.176402
vn -0.305493 0.935717 0.176376
vn -0.305491 0.935718 0.176371
vn -0.305494 0.935712 0.176402
vn -0.305492 0.935713 0.176399
vn -0.305492 0.935719 0.176366
vn -0.305492 0.935719 0.176366
vn -0.305490 0.935713 0.176397
vn -0.305487 0.935715 0.176397
vn -0.305485 0.935715 0.176397
vn -0.305501 0.935715 0.176374
vn -0.305495 0.935720 0.176356
vn -0.305476 0.935719 0.176391
vn -0.305496 0.935718 0.176365
vn -0.305502 0.935719 0.176350
vn -0.305497 0.935716 0.176373
vn -0.305484 0.935719 0.176380
vn -0.305491 0.935715 0.176387
vn -0.305484 0.935723 0.176360
vn -0.305476 0.935722 0.176376
vn -0.305500 0.935710 0.176402
vn -0.305511 0.935711 0.176376
vn -0.305515 0.935709 0.176376
vn -0.305498 0.935716 0.176368
vn -0.305493 0.935718 0.176368
vn -0.305498 0.935716 0.176371
vn -0.305495 0.935717 0.176370
vn -0.305492 0.935719 0.176366
vn -0.305497 0.935718 0.176364
vn -0.305503 0.935714 0.176374
vn -0.305491 0.935718 0.176371
vn -0.305479 0.935722 0.176370
vn -0.305500 0.935716 0.176365
vn -0.305496 0.935719 0.176356
vn -0.305474 0.935722 0.176382
vn -0.305494 0.935714 0.176389
vn -0.305508 0.935711 0.176380
vn -0.305500 0.935712 0.176386
vn -0.305499 0.935711 0.176394
vn -0.305476 0.935728 0.176345
vn 0.858261 0.000000 -0.513214
vn 0.858261 0.000000 -0.513214
vn 0.858261 0.000000 -0.513213
vn 0.858261 0.000000 -0.513213
vn -0.502536 0.000000 -0.864556
vn -0.502536 0.000000 -0.864556
vn -0.502536 0.000000 -0.864556
vn -0.502536 0.000000 -0.864556
vn 0.499998 0.000000 0.866027
vn 0.499998 0.000000 0.866027
vn 0.499999 0.000000 0.866026
vn 0.499999 0.000000 0.866026
vn 0.000000 -1.000000 -0.000000
vn 0.000000 -1.000000 -0.000000
vn 0.000000 -1.000000 -0.000000
vn 0.000000 -1.000000 -0.000000
vn 0.000000 -1.000000 -0.000000
vn 0.000000 -1.000000 -0.000000
vn 0.000000 -1.000000 -0.000000
vn 0.000000 -1.000000 -0.000000
vn 0.047627 0.000000 0.998865
vn 0.047627 0.000000 0.998865
vn 0.047626 0.000000 0.998865
vn 0.047626 0.000000 0.998865
vn -0.861217 0.000000 -0.508237
vn -0.861217 0.000000 -0.508237
vn -0.861218 0.000000 -0.508236
vn -0.861218 0.000000 -0.508236
vn 0.000000 1.000000 -0.000001
vn 0.000000 1.000000 -0.000001
vn 0.000000 1.000000 -0.000001
vn 0.000000 1.000000 -0.000001
vn 0.000000 1.000000 -0.000001
vn 0.000000 1.000000 -0.000001
vn 0.000000 1.000000 -0.000001
vn 0.000000 1.000000 -0.000001
vn 0.999895 0.000000 -0.014488
vn 0.999895 0.000000 -0.014488
vn 0.999895 0.000000 -0.014488
vn 0.999895 0.000000 -0.014488
vn 0.526634 0.000000 -0.850092
vn 0.526634 0.000000 -0.850092
vn 0.526632 0.000000 -0.850094
vn 0.526632 0.000000 -0.850094
vn 0.499999 0.000000 0.866026
vn 0.499999 0.000000 0.866026
vn 0.499999 0.000000 0.866026
vn 0.499999 0.000000 0.866026
vn 0.999895 0.000000 -0.014488
vn 0.999895 0.000000 -0.014488
vn 0.999895 0.000000 -0.014488
vn 0.999895 0.000000 -0.014488
vn 0.858261 0.000000 -0.513213
vn 0.858261 0.000000 -0.513213
vn 0.858261 0.000000 -0.513214
vn 0.858261 0.000000 -0.513214
vn 0.526632 0.000000 -0.850093
vn 0.526632 0.000000 -0.850093
vn 0.526632 0.000000 -0.850094
vn 0.526632 0.000000 -0.850094
vn -0.502537 0.000000 -0.864556
vn -0.502536 0.000000 -0.864556
vn -0.502537 0.000000 -0.864556
vn -0.502537 0.000000 -0.864556
vn -0.861218 0.000000 -0.508236
vn -0.861218 0.000000 -0.508236
vn -0.861218 0.000000 -0.508236
vn -0.861218 0.000000 -0.508236
vn 0.047627 0.000000 0.998865
vn 0.047627 0.000000 0.998865
vn 0.047627 0.000000 0.998865
vn 0.047627 0.000000 0.998865
vn 0.047627 0.000000 0.998865
vn 0.047627 0.000000 0.998865
vn 0.499999 0.000000 0.866026
vn 0.499999 0.000000 0.866026
vn 0.999895 0.000000 -0.014488
vn 0.999895 0.000000 -0.014488
vn 0.858261 0.000000 -0.513214
vn 0.858261 0.000000 -0.513214
vn 0.526632 0.000000 -0.850093
vn 0.526632 0.000000 -0.850093
vn -0.502536 0.000000 -0.864556
vn -0.502536 0.000000 -0.864556
vn -0.861218 0.000000 -0.508236
vn -0.861218 0.000000 -0.508236
vn -0.868315 0.000000 0.496013
vn -0.868315 0.000000 0.496013
vn -0.868315 0.000000 0.496013
vn -0.868315 0.000000 0.496013
vn 0.047626 0.000000 0.998865
vn 0.047626 0.000000 0.998865
vn 0.047626 0.000000 0.998865
vn 0.047626 0.000000 0.998865
vn 0.500000 0.000000 0.866025
vn 0.500000 0.000000 0.866025
vn 0.500000 0.000000 0.866025
vn 0.500000 0.000000 0.866025
vn 0.999895 0.000000 -0.014481
vn 0.999895 0.000000 -0.014481
vn 0.999895 0.000000 -0.014481
vn 0.999895 0.000000 -0.014481
vn 0.858260 0.000000 -0.513215
vn 0.858260 0.000000 -0.513215
vn 0.858260 0.000000 -0.513215
vn 0.858260 0.000000 -0.513215
vn 0.526638 0.000000 -0.850090
vn 0.526638 0.000000 -0.850090
vn 0.526638 0.000000 -0.850090
vn 0.526638 0.000000 -0.850090
vn -0.502538 0.000000 -0.864555
vn -0.502538 0.000000 -0.864555
vn -0.502538 0.000000 -0.864555
vn -0.502538 0.000000 -0.864555
vn -0.861214 0.000000 -0.508243
vn -0.861214 0.000000 -0.508243
vn -0.861214 0.000000 -0.508243
vn -0.861214 0.000000 -0.508243
vn -0.868317 0.000000 0.496010
vn -0.868317 0.000000 0.496010
vn -0.868317 0.000000 0.496010
vn -0.868317 0.000000 0.496010
vn 0.047621 0.000000 0.998865
vn 0.047621 0.000000 0.998865
vn 0.047621 0.000000 0.998865
vn 0.047621 0.000000 0.998865
vn -0.868318 0.000000 0.496008
vn -0.868318 0.000000 0.496008
vn -0.868318 0.000000 0.496008
vn -0.868318 0.000000 0.496008
vn -0.861217 0.000000 -0.508238
vn -0.861217 0.000000 -0.508238
vn -0.861216 0.000000 -0.508238
vn -0.861217 0.000000 -0.508238
vn -0.502539 0.000000 -0.864555
vn -0.502539 0.000000 -0.864555
vn -0.502539 0.000000 -0.864555
vn -0.502539 0.000000 -0.864555
vn 0.526641 0.000000 -0.850087
vn 0.526641 0.000000 -0.850088
vn 0.526641 0.000000 -0.850088
vn 0.526641 0.000000 -0.850088
vn 0.858262 0.000000 -0.513212
vn 0.858262 0.000000 -0.513212
vn 0.858262 0.000000 -0.513212
vn 0.858262 0.000000 -0.513212
vn 0.999895 0.000000 -0.014481
vn 0.999895 0.000000 -0.014481
vn 0.999895 0.000000 -0.014481
vn 0.999895 0.000000 -0.014481
vn 0.500008 0.000000 0.866021
vn 0.500008 0.000000 0.866021
vn 0.500008 0.000000 0.866021
vn 0.500008 0.000000 0.866021
vn 0.999895 0.000000 -0.014488
vn 0.999895 0.000000 -0.014488
vn 0.999895 0.000000 -0.014488
vn 0.999895 0.000000 -0.014488
vn 0.858261 0.000000 -0.513214
vn 0.858261 0.000000 -0.513214
vn 0.858261 0.000000 -0.513214
vn 0.858261 0.000000 -0.513214
vn 0.526633 0.000000 -0.850093
vn 0.526633 0.000000 -0.850093
vn 0.526634 0.000000 -0.850092
vn 0.526634 0.000000 -0.850092
vn -0.502537 0.000000 -0.864556
vn -0.502537 0.000000 -0.864556
vn -0.502537 0.000000 -0.864556
vn -0.502537 0.000000 -0.864556
vn -0.861217 0.000000 -0.508237
vn -0.861217 0.000000 -0.508237
vn -0.861218 0.000000 -0.508236
vn -0.861218 0.000000 -0.508236
vn -0.868314 0.000000 0.496015
vn -0.868314 0.000000 0.496015
vn -0.868314 0.000000 0.496015
vn -0.868314 0.000000 0.496015
vn 0.047626 0.000000 0.998865
vn 0.047626 0.000000 0.998865
vn 0.047626 0.000000 0.998865
vn 0.047626 0.000000 0.998865
vn 0.499999 0.000000 0.866026
vn 0.499999 0.000000 0.866026
vn 0.499999 0.000000 0.866026
vn 0.499999 0.000000 0.866026
vn 0.047626 0.000000 0.998865
vn 0.047626 0.000000 0.998865
vn -0.868315 0.000000 0.496014
vn -0.868315 0.000000 0.496014
vn -0.868315 0.000000 0.496014
vn -0.868315 0.000000 0.496014
vn -0.861217 0.000000 -0.508237
vn -0.861217 0.000000 -0.508237
vn -0.502536 0.000000 -0.864557
vn -0.502536 0.000000 -0.864557
vn 0.526631 0.000000 -0.850094
vn 0.526631 0.000000 -0.850094
vn 0.858261 0.000000 -0.513214
vn 0.858261 0.000000 -0.513214
vn 0.999895 0.000000 -0.014488
vn 0.999895 0.000000 -0.014488
vn 0.499998 0.000000 0.866027
vn 0.499998 0.000000 0.866027
vn 0.000000 1.000000 0.000009
vn 0.000000 1.000000 0.000009
vn 0.000000 1.000000 0.000009
vn 0.000000 1.000000 0.000009
vn 0.000005 -1.000000 0.000002
vn 0.000005 -1.000000 0.000002
vn 0.000005 -1.000000 0.000002
vn 0.000005 -1.000000 0.000002
vn -0.000001 -1.000000 -0.000004
vn -0.000001 -1.000000 -0.000004
vn -0.000001 -1.000000 -0.000004
vn -0.000001 -1.000000 -0.000004
vn 0.000000 1.000000 -0.000002
vn 0.000000 1.000000 -0.000002
vn 0.000000 1.000000 -0.000002
vn 0.000000 1.000000 -0.000002
vn 0.000000 1.000000 0.000000
vn 0.000000 1.000000 0.000000
vn 0.000000 1.000000 0.000000
vn 0.000000 1.000000 0.000000
vn -0.000002 -1.000000 0.000008
vn -0.000002 -1.000000 0.000008
vn -0.000002 -1.000000 0.000008
vn -0.000002 -1.000000 0.000008
vn 0.000002 -1.000000 0.000002
vn 0.000002 -1.000000 0.000002
vn 0.000002 -1.000000 0.000002
vn 0.000002 -1.000000 0.000002
vn 0.000000 1.000000 0.000003
vn 0.000000 1.000000 0.000003
vn 0.000000 1.000000 0.000003
vn 0.000000 1.000000 0.000003
vn -0.000005 -1.000000 -0.000010
vn -0.000005 -1.000000 -0.000010
vn -0.000005 -1.000000 -0.000010
vn -0.000005 -1.000000 -0.000010
vn 0.000000 1.000000 0.000000
vn 0.000000 1.000000 0.000000
vn 0.000000 1.000000 0.000000
vn 0.000000 1.000000 0.000000
vn 0.000001 -1.000000 -0.000004
vn 0.000001 -1.000000 -0.000004
vn 0.000001 -1.000000 -0.000004
vn 0.000001 -1.000000 -0.000004
vn 0.000000 1.000000 0.000006
vn 0.000000 1.000000 0.000006
vn 0.000000 1.000000 0.000006
vn 0.000000 1.000000 0.000006
vn 0.000001 -1.000000 -0.000004
vn 0.000001 -1.000000 -0.000004
vn 0.000001 -1.000000 -0.000004
vn 0.000001 -1.000000 -0.000004
vn 0.000000 1.000000 0.000000
vn 0.000000 1.000000 0.000000
vn 0.000000 1.000000 0.000000
vn 0.000000 1.000000 0.000000
vn -0.000002 -1.000000 0.000005
vn -0.000002 -1.000000 0.000005
vn -0.000002 -1.000000 0.000005
vn -0.000002 -1.000000 0.000005
vn 0.000000 1.000000 0.000005
vn 0.000000 1.000000 0.000005
vn 0.000000 1.000000 0.000005
vn 0.000000 1.000000 0.000005
vn -0.000003 1.000000 -0.000002
vn -0.000003 1.000000 -0.000002
vn -0.000003 1.000000 -0.000002
vn -0.000003 1.000000 -0.000002
vn 0.000000 -1.000000 -0.000003
vn 0.000000 -1.000000 -0.000003
vn 0.000000 -1.000000 -0.000003
vn 0.000000 -1.000000 -0.000003
vn 0.000001 1.000000 0.000001
vn 0.000001 1.000000 0.000001
vn 0.000001 1.000000 0.000001
vn 0.000001 1.000000 0.000001
vn 0.000000 -1.000000 0.000002
vn 0.000000 -1.000000 0.000002
vn 0.000000 -1.000000 0.000002
vn 0.000000 -1.000000 0.000002
vn 0.000000 -1.000000 0.000000
vn 0.000000 -1.000000 0.000000
vn 0.000000 -1.000000 0.000000
vn 0.000000 -1.000000 0.000000
vn -0.000001 1.000000 0.000002
vn -0.000001 1.000000 0.000002
vn -0.000001 1.000000 0.000002
vn -0.000001 1.000000 0.000002
vn -0.000001 1.000000 -0.000005
vn -0.000001 1.000000 -0.000005
vn -0.000001 1.000000 -0.000005
vn -0.000001 1.000000 -0.000005
vn 0.000000 -1.000000 0.000003
vn 0.000000 -1.000000 0.000003
vn 0.000000 -1.000000 0.000003
vn 0.000000 -1.000000 0.000003
vn 0.000000 -1.000000 -0.000002
vn 0.000000 -1.000000 -0.000002
vn 0.000000 -1.000000 -0.000002
vn 0.000000 -1.000000 -0.000002
vn 0.000003 1.000000 0.000003
vn 0.000003 1.000000 0.000003
vn 0.000003 1.000000 0.000003
vn 0.000003 1.000000 0.000003
vn -0.000001 1.000000 -0.000003
vn -0.000001 1.000000 -0.000003
vn -0.000001 1.000000 -0.000003
vn -0.000001 1.000000 -0.000003
vn 0.000000 -1.000000 0.000002
vn 0.000000 -1.000000 0.000002
vn 0.000000 -1.000000 0.000002
vn 0.000000 -1.000000 0.000002
vn 0.000001 1.000000 -0.000006
vn 0.000001 1.000000 -0.000006
vn 0.000001 1.000000 -0.000006
vn 0.000001 1.000000 -0.000006
vn 0.000000 -1.000000 0.000000
vn 0.000000 -1.000000 0.000000
vn 0.000000 -1.000000 0.000000
vn 0.000000 -1.000000 0.000000
vn 0.000000 1.000000 0.000006
vn 0.000000 1.000000 0.000006
vn 0.000000 1.000000 0.000006
vn 0.000000 1.000000 0.000006
vn 0.000000 -1.000000 0.000000
vn 0.000000 -1.000000 0.000000
vn 0.000000 -1.000000 0.000000
vn 0.000000 -1.000000 0.000000
vn -0.000000 -1.000000 0.000000
vn -0.000000 -1.000000 0.000000
vn -0.000000 -1.000000 -0.000000
vn -0.000000 -1.000000 -0.000000
vn 0.500001 0.000000 0.866025
vn 0.500001 0.000000 0.866025
vn 0.500000 0.000000 0.866026
vn 0.500000 0.000000 0.866026
vn 0.000001 1.000000 0.000001
vn 0.000001 1.000000 0.000001
vn 0.000001 1.000000 0.000001
vn 0.000001 1.000000 0.000001
vn -0.500016 0.000000 -0.866016
vn -0.500001 0.000000 -0.866025
vn -0.500001 0.000000 -0.866025
vn -0.500016 0.000000 -0.866016
vn 0.000000 -1.000000 0.000000
vn 0.000000 -1.000000 0.000000
vn 0.000000 -1.000000 0.000000
vn 0.000000 -1.000000 0.000000
vn 0.500002 0.000000 0.866024
vn 0.500002 0.000000 0.866024
vn 0.500002 0.000000 0.866024
vn 0.500002 0.000000 0.866024
vn 0.000000 1.000000 0.000000
vn 0.000000 1.000000 0.000000
vn 0.000000 1.000000 -0.000000
vn 0.000000 1.000000 -0.000000
vn -0.500002 0.000000 -0.866025
vn -0.500002 0.000000 -0.866025
vn -0.500002 0.000000 -0.866024
vn -0.500002 0.000000 -0.866024
vn -0.000000 -1.000000 -0.000026
vn -0.000000 -1.000000 -0.000008
vn -0.000000 -1.000000 -0.000008
vn -0.000000 -1.000000 -0.000026
vn 0.965115 0.000000 0.261828
vn 0.965092 0.000000 0.261911
vn 0.965092 0.000000 0.261911
vn 0.965116 0.000000 0.261823
vn 0.000002 1.000000 0.000001
vn 0.000001 1.000000 0.000001
vn 0.000000 1.000000 0.000002
vn 0.255717 0.000000 -0.966752
vn 0.255717 0.000000 -0.966752
vn 0.255708 0.000000 -0.966754
vn 0.255710 0.000000 -0.966753
vn 0.000000 -1.000000 0.000001
vn 0.000000 -1.000000 0.000001
vn 0.000000 -1.000000 -0.000000
vn 0.000000 -1.000000 -0.000000
vn 0.965092 0.000000 0.261910
vn 0.965092 0.000000 0.261911
vn 0.965092 0.000000 0.261911
vn 0.965092 0.000000 0.261910
vn 0.000000 1.000000 0.000000
vn 0.000000 1.000000 0.000000
vn 0.000000 1.000000 -0.000000
vn 0.000000 1.000000 -0.000002
vn 0.255718 0.000000 -0.966751
vn 0.255718 0.000000 -0.966751
vn 0.255717 0.000000 -0.966752
vn 0.255717 0.000000 -0.966752
vn 0.867628 0.000000 -0.497215
vn 0.867628 0.000000 -0.497215
vn 0.867626 0.000000 -0.497217
vn 0.867626 0.000000 -0.497217
vn 0.000001 1.000000 0.000001
vn 0.000002 1.000000 -0.000001
vn 0.000000 1.000000 -0.000001
vn 0.000000 1.000000 0.000000
vn -0.552765 0.000000 -0.833337
vn -0.792862 0.000000 -0.609401
vn -0.792862 0.000000 -0.609402
vn -0.552766 0.000000 -0.833337
vn -0.991756 0.000000 0.128137
vn -0.986325 0.000000 0.164810
vn -0.892629 0.000000 0.450792
vn -0.991756 0.000000 0.128138
vn -0.552770 0.000000 -0.833334
vn -0.792863 0.000000 -0.609400
vn -0.792862 0.000000 -0.609402
vn -0.552765 0.000000 -0.833337
vn -0.991756 0.000000 0.128137
vn -0.892626 0.000000 0.450798
vn -0.987172 0.000000 0.159659
vn -0.991756 0.000000 0.128137
vn -0.500001 0.000000 -0.866025
vn -0.500000 0.000000 -0.866025
vn -0.500000 0.000000 -0.866025
vn -0.500005 0.000000 -0.866023
vn -0.552765 0.000000 -0.833337
vn -0.500000 0.000000 -0.866026
vn -0.500000 0.000000 -0.866026
vn -0.552765 0.000000 -0.833337
vn -0.892625 0.000000 0.450800
vn -0.991756 0.000000 0.128137
vn -0.991757 0.000000 0.128137
vn -0.892625 0.000000 0.450800
vn -0.792863 0.000000 -0.609401
vn -0.792862 0.000000 -0.609401
vn -0.639791 0.000000 0.768549
vn -0.610678 0.000000 0.791879
vn -0.610682 0.000000 0.791876
vn -0.840176 0.000000 0.542315
vn 0.129728 0.000000 0.991550
vn 0.445207 0.000000 0.895428
vn 0.445209 0.000000 0.895427
vn 0.129724 0.000000 0.991550
vn 0.500000 0.000000 0.866026
vn 0.500003 0.000000 0.866024
vn 0.499995 0.000000 0.866029
vn 0.500000 0.000000 0.866026
vn 0.445207 0.000000 0.895428
vn 0.445203 0.000000 0.895430
vn 0.500000 0.000000 0.866026
vn 0.445207 0.000000 0.895428
vn 0.445207 0.000000 0.895428
vn 0.500000 0.000000 0.866025
vn -0.635744 0.000000 0.771900
vn -0.840171 0.000000 0.542322
vn -0.840170 0.000000 0.542323
vn -0.840170 0.000000 0.542322
vn 0.000000 1.000000 0.000002
vn -0.000000 1.000000 0.000001
vn 0.000000 -1.000000 -0.000000
vn 0.000000 -1.000000 -0.000000
vn 0.000000 -1.000000 -0.000000
vn 0.000000 -1.000000 -0.000000
vn 0.000000 -1.000000 -0.000000
vn 0.000000 -1.000000 -0.000000
vn 0.129727 0.000000 0.991550
vn 0.129727 0.000000 0.991550
vn -0.610680 0.000000 0.791878
vn -0.610679 0.000000 0.791878
vn -0.610681 0.000000 0.791877
vn -0.610677 0.000000 0.791879
vn 0.129725 0.000000 0.991550
vn 0.129724 0.000000 0.991550
vn 0.999895 0.000000 -0.014488
vn 0.999895 0.000000 -0.014488
vn 0.858261 0.000000 -0.513213
vn 0.858261 0.000000 -0.513213
vn 0.526634 0.000000 -0.850092
vn 0.526634 0.000000 -0.850092
vn -0.502536 0.000000 -0.864556
vn -0.502536 0.000000 -0.864556
vn -0.861218 0.000000 -0.508236
vn -0.861218 0.000000 -0.508236
vn -0.500001 0.000000 -0.866025
vn -0.500001 0.000000 -0.866025
vn 0.255717 0.000000 -0.966752
vn 0.255708 0.000000 -0.966754
vn -0.500000 0.000000 -0.866025
vn -0.552766 0.000000 -0.833337
vn -0.792862 0.000000 -0.609401
vn -0.991756 0.000000 0.128137
vn -0.990414 0.000000 0.138131
vn -0.618682 0.000000 0.785642
vn -0.610678 0.000000 0.791879
vn 0.129728 0.000000 0.991550
vn 0.445207 0.000000 0.895428
vn 0.500000 0.000000 0.866026
vn 0.965114 0.000000 0.261828
vn 0.965092 0.000000 0.261911
vn 0.500001 0.000000 0.866025
vn 0.500001 0.000000 0.866025
vn 0.047626 0.000000 0.998865
vn 0.047626 0.000000 0.998865
vn 0.499999 0.000000 0.866026
vn 0.499999 0.000000 0.866026
vn 0.047627 0.000000 0.998865
vn 0.047627 0.000000 0.998865
vn 0.500001 0.000000 0.866025
vn 0.500001 0.000000 0.866025
vn 0.965092 0.000000 0.261911
vn 0.965092 0.000000 0.261911
vn 0.500000 0.000000 0.866026
vn 0.445207 0.000000 0.895428
vn 0.129724 0.000000 0.991550
vn -0.610677 0.000000 0.791880
vn -0.619544 0.000000 0.784962
vn -0.990263 0.000000 0.139211
vn -0.991757 0.000000 0.128137
vn -0.792862 0.000000 -0.609402
vn -0.552765 0.000000 -0.833337
vn -0.500000 0.000000 -0.866025
vn 0.255718 0.000000 -0.966751
vn 0.255718 0.000000 -0.966751
vn -0.500001 0.000000 -0.866025
vn -0.500001 0.000000 -0.866025
vn -0.861218 0.000000 -0.508236
vn -0.861218 0.000000 -0.508236
vn -0.502536 0.000000 -0.864556
vn -0.502536 0.000000 -0.864556
vn 0.526631 0.000000 -0.850094
vn 0.526631 0.000000 -0.850094
vn 0.858261 0.000000 -0.513213
vn 0.858261 0.000000 -0.513213
vn 0.999895 0.000000 -0.014488
vn 0.999895 0.000000 -0.014488
vn 0.499999 0.000000 0.866026
vn 0.499999 0.000000 0.866026
vn -0.500010 0.000000 -0.866020
vn -0.500010 0.000000 -0.866020
vn 0.255713 0.000000 -0.966753
vn 0.255727 0.000000 -0.966749
vn 0.965089 0.000000 0.261923
vn 0.965115 0.000000 0.261825
vn 0.500014 0.000000 0.866017
vn 0.500014 0.000000 0.866017
vn 0.499987 0.000000 0.866033
vn 0.499987 0.000000 0.866033
vn 0.965095 0.000000 0.261899
vn 0.965095 0.000000 0.261899
vn 0.255735 0.000000 -0.966747
vn 0.255735 0.000000 -0.966747
vn -0.499983 0.000000 -0.866035
vn -0.499983 0.000000 -0.866035
vn 0.000000 1.000000 -0.000014
vn 0.000000 1.000000 -0.000014
vn 0.000000 1.000000 -0.000036
vn 0.000000 1.000000 -0.000036
vn 0.867681 0.000000 -0.497121
vn 0.867681 0.000000 -0.497121
vn 0.000000 -1.000000 0.000000
vn 0.000000 -1.000000 0.000000
vn 0.000000 -1.000000 0.000000
vn 0.000000 -1.000000 0.000000
vn -0.868354 0.000000 0.495945
vn -0.868354 0.000000 0.495945
vn -0.868346 0.000000 0.495958
vn -0.868346 0.000000 0.495958
vn 0.000000 -1.000000 -0.000002
vn 0.000000 -1.000000 -0.000002
vn 0.000000 -1.000000 0.000000
vn 0.000000 -1.000000 0.000000
vn 0.867619 0.000000 -0.497230
vn 0.867619 0.000000 -0.497230
vn 0.000000 1.000000 0.000000
vn 0.000000 1.000000 0.000000
vn 0.000000 1.000000 0.000000
vn 0.000000 1.000000 0.000000
vn 0.255718 0.000000 -0.966752
vn 0.255718 0.000000 -0.966751
vn 0.255718 0.000000 -0.966751
vn 0.255712 0.000000 -0.966753
vn 0.000000 -1.000000 0.000000
vn -0.000000 -1.000000 -0.000002
vn -0.000000 -1.000000 -0.000002
vn 0.000000 -1.000000 0.000000
vn 0.965086 0.000000 0.261933
vn 0.965090 0.000000 0.261919
vn 0.965090 0.000000 0.261919
vn 0.965090 0.000000 0.261920
vn 0.000001 1.000000 0.000008
vn 0.000001 1.000000 0.000008
vn 0.000000 1.000000 0.000001
vn 0.000001 1.000000 0.000002
vn -0.867953 -0.000004 0.496647
vn -0.867953 -0.000004 0.496647
vn -0.867953 -0.000004 0.496647
vn -0.867953 -0.000004 0.496647
vn -0.866021 0.000000 0.500008
vn -0.866021 0.000000 0.500008
vn -0.866021 0.000000 0.500008
vn -0.866021 0.000000 0.500008
vn -0.867953 0.000000 0.496647
vn -0.867953 0.000000 0.496647
vn -0.867953 0.000000 0.496647
vn -0.867953 0.000000 0.496647
vn -0.866028 0.000000 0.499995
vn -0.866029 0.000000 0.499995
vn -0.866029 0.000000 0.499995
vn -0.866029 0.000000 0.499995
vn -0.867932 0.000002 0.496683
vn -0.867932 0.000002 0.496683
vn -0.867932 0.000002 0.496683
vn -0.867932 0.000002 0.496683
vn -0.866029 0.000000 0.499994
vn -0.866029 0.000000 0.499994
vn -0.866029 0.000000 0.499994
vn -0.866029 0.000000 0.499994
vn -0.867932 -0.000002 0.496683
vn -0.867932 -0.000002 0.496683
vn -0.867932 -0.000002 0.496683
vn -0.867932 -0.000002 0.496683
vn -0.866020 0.000000 0.500009
vn -0.866020 0.000000 0.500009
vn -0.866020 0.000000 0.500009
vn -0.866020 0.000000 0.500009
vn 0.380031 -0.899170 -0.216956
vn 0.380031 -0.899170 -0.216956
vn 0.380031 -0.899170 -0.216956
vn 0.380031 -0.899170 -0.216956
vn 0.500002 0.000000 0.866024
vn 0.500002 0.000000 0.866024
vn 0.500002 0.000000 0.866024
vn 0.500002 0.000000 0.866024
vn -0.722656 0.554582 0.412562
vn -0.722656 0.554582 0.412562
vn -0.722656 0.554582 0.412562
vn -0.722656 0.554582 0.412562
vn -0.500002 0.000000 -0.866024
vn -0.500001 0.000000 -0.866024
vn -0.500002 0.000000 -0.866025
vn -0.500002 0.000000 -0.866025
vn 0.326142 0.926792 -0.186247
vn 0.326142 0.926792 -0.186247
vn 0.326142 0.926792 -0.186247
vn 0.326142 0.926792 -0.186247
vn -0.500001 0.000000 -0.866025
vn -0.500001 0.000000 -0.866025
vn -0.500001 0.000000 -0.866025
vn -0.500001 0.000000 -0.866025
vn -0.722604 -0.554582 0.412654
vn -0.722604 -0.554582 0.412654
vn -0.722604 -0.554582 0.412654
vn -0.722604 -0.554582 0.412654
vn 0.500001 0.000000 0.866025
vn 0.500002 0.000000 0.866024
vn 0.500002 0.000000 0.866024
vn 0.500001 0.000000 0.866025
vn 0.202730 -0.972371 -0.115738
vn 0.202730 -0.972371 -0.115738
vn 0.202730 -0.972371 -0.115738
vn 0.202730 -0.972371 -0.115738
vn 0.499999 0.000001 0.866026
vn 0.499999 0.000001 0.866026
vn 0.499999 0.000001 0.866026
vn 0.499999 0.000001 0.866026
vn -0.575303 0.749103 0.328438
vn -0.575303 0.749103 0.328438
vn -0.575303 0.749103 0.328438
vn -0.575303 0.749103 0.328438
vn -0.500000 0.000000 -0.866025
vn -0.500000 0.000000 -0.866025
vn -0.500000 0.000000 -0.866025
vn -0.500000 0.000000 -0.866025
vn 0.170226 0.980599 -0.097207
vn 0.170226 0.980599 -0.097207
vn 0.170226 0.980599 -0.097207
vn 0.170226 0.980599 -0.097207
vn -0.500000 0.000000 -0.866026
vn -0.500000 0.000000 -0.866026
vn -0.500000 0.000000 -0.866026
vn -0.500000 0.000000 -0.866026
vn -0.575261 -0.749103 0.328511
vn -0.575261 -0.749103 0.328511
vn -0.575261 -0.749103 0.328511
vn -0.575261 -0.749103 0.328511
vn 0.500000 -0.000002 0.866025
vn 0.500000 -0.000002 0.866026
vn 0.500000 -0.000002 0.866025
vn 0.500000 -0.000002 0.866025
vn -0.583567 0.738873 0.336922
vn -0.583567 0.738873 0.336922
vn -0.583567 0.738873 0.336922
vn -0.583567 0.738873 0.336922
vn -0.865109 0.045984 0.499471
vn -0.865109 0.045984 0.499471
vn -0.865109 0.045984 0.499471
vn -0.865109 0.045984 0.499471
vn -0.639882 -0.673845 0.369437
vn -0.639882 -0.673845 0.369437
vn -0.639882 -0.673845 0.369437
vn -0.639882 -0.673845 0.369437
vn -0.039819 -0.998942 0.022990
vn -0.039819 -0.998942 0.022990
vn -0.039819 -0.998942 0.022990
vn -0.039819 -0.998942 0.022990
vn 0.865109 -0.045999 -0.499471
vn 0.865109 -0.045999 -0.499471
vn 0.865109 -0.045999 -0.499471
vn 0.865109 -0.045999 -0.499471
vn 0.039820 0.998942 -0.022990
vn 0.039820 0.998942 -0.022990
vn 0.039820 0.998942 -0.022990
vn 0.039820 0.998942 -0.022990
vn -0.500001 0.000000 -0.866025
vn -0.500000 -0.000002 -0.866026
vn -0.500000 -0.000001 -0.866026
vn -0.500000 0.000002 -0.866026
vn -0.499999 -0.000004 -0.866026
vn -0.500000 -0.000002 -0.866026
vn -0.500000 0.000000 -0.866026
vn -0.499999 -0.000002 -0.866026
vn -0.499999 0.000000 -0.866026
vn 0.500000 -0.000004 0.866025
vn 0.500000 -0.000002 0.866026
vn 0.500000 0.000000 0.866025
vn 0.500001 0.000004 0.866025
vn 0.500000 0.000005 0.866025
vn 0.500001 0.000002 0.866025
vn 0.500000 0.000000 0.866025
vn 0.499999 0.000000 0.866026
vn 0.500000 -0.000002 0.866025
vn 0.580153 0.091937 0.809302
vn 0.580153 0.091937 0.809302
vn 0.580153 0.091937 0.809302
vn 0.580153 0.091937 0.809302
vn -0.573190 0.750408 0.329152
vn -0.573190 0.750408 0.329152
vn -0.573190 0.750408 0.329153
vn -0.573190 0.750408 0.329152
vn -0.406183 0.096450 -0.908687
vn -0.406183 0.096450 -0.908687
vn -0.406183 0.096450 -0.908687
vn -0.406183 0.096450 -0.908687
vn 0.578998 -0.744454 -0.332491
vn 0.578998 -0.744454 -0.332491
vn 0.578998 -0.744454 -0.332491
vn 0.578998 -0.744454 -0.332491
vn -0.436288 -0.066439 -0.897351
vn -0.436288 -0.066439 -0.897351
vn -0.436288 -0.066439 -0.897351
vn -0.436288 -0.066439 -0.897351
vn -0.506939 -0.811331 0.291128
vn -0.506939 -0.811331 0.291128
vn -0.506939 -0.811331 0.291128
vn -0.506939 -0.811331 0.291128
vn 0.554782 -0.061528 0.829717
vn 0.554783 -0.061528 0.829717
vn 0.554783 -0.061528 0.829717
vn 0.554782 -0.061528 0.829717
vn 0.309291 0.934232 -0.177622
vn 0.309291 0.934232 -0.177622
vn 0.309291 0.934232 -0.177622
vn 0.309291 0.934232 -0.177622
vn -0.583565 0.738872 0.336928
vn -0.583565 0.738872 0.336928
vn -0.583565 0.738872 0.336928
vn -0.583565 0.738872 0.336928
vn -0.865112 0.045968 0.499468
vn -0.865112 0.045968 0.499468
vn -0.865112 0.045968 0.499468
vn -0.865112 0.045968 0.499468
vn -0.639895 -0.673843 0.369419
vn -0.639895 -0.673843 0.369419
vn -0.639895 -0.673843 0.369419
vn -0.639895 -0.673843 0.369419
vn -0.039818 -0.998943 0.022986
vn -0.039818 -0.998943 0.022986
vn -0.039818 -0.998943 0.022986
vn -0.039818 -0.998943 0.022986
vn 0.583580 -0.738866 -0.336915
vn 0.583580 -0.738866 -0.336915
vn 0.583580 -0.738866 -0.336915
vn 0.583580 -0.738866 -0.336915
vn 0.865110 -0.045985 -0.499471
vn 0.865110 -0.045985 -0.499471
vn 0.865110 -0.045985 -0.499470
vn 0.865110 -0.045985 -0.499470
vn 0.639873 0.673852 -0.369441
vn 0.639873 0.673852 -0.369441
vn 0.639873 0.673852 -0.369441
vn 0.639873 0.673852 -0.369441
vn 0.039820 0.998942 -0.022993
vn 0.039820 0.998942 -0.022993
vn 0.039820 0.998942 -0.022993
vn 0.039820 0.998942 -0.022993
vn -0.583574 0.738871 0.336914
vn -0.583574 0.738871 0.336914
vn -0.583574 0.738871 0.336914
vn -0.583574 0.738871 0.336914
vn -0.865110 0.045985 0.499470
vn -0.865110 0.045985 0.499470
vn -0.865110 0.045985 0.499470
vn -0.865110 0.045985 0.499470
vn -0.639875 -0.673849 0.369442
vn -0.639875 -0.673849 0.369442
vn -0.639875 -0.673849 0.369442
vn -0.639875 -0.673849 0.369442
vn -0.039820 -0.998942 0.022994
vn -0.039820 -0.998942 0.022994
vn -0.039820 -0.998942 0.022994
vn -0.039820 -0.998942 0.022994
vn 0.583570 -0.738866 -0.336932
vn 0.583570 -0.738866 -0.336932
vn 0.583570 -0.738866 -0.336932
vn 0.583570 -0.738866 -0.336932
vn 0.865110 -0.045994 -0.499469
vn 0.865110 -0.045994 -0.499469
vn 0.865110 -0.045994 -0.499469
vn 0.865110 -0.045994 -0.499469
vn 0.639885 0.673850 -0.369423
vn 0.639885 0.673850 -0.369423
vn 0.639885 0.673850 -0.369423
vn 0.639885 0.673850 -0.369423
vn 0.039821 0.998942 -0.022990
vn 0.039821 0.998942 -0.022990
vn 0.039821 0.998942 -0.022990
vn 0.039821 0.998942 -0.022990
vn 0.931364 -0.000315 0.364089
vn 0.998302 -0.000316 0.058258
vn 0.945791 0.293492 -0.139075
vn 0.731581 0.535152 -0.422378
vn 0.815597 0.336259 -0.470885
vn 0.593338 0.293491 -0.749541
vn 0.816661 -0.332798 -0.471499
vn 0.610689 -0.189447 -0.768875
vn 0.845146 -0.218259 -0.487945
vn 0.448698 -0.000316 -0.893683
vn 0.150372 -0.000315 -0.988629
vn 0.971210 -0.189447 -0.144435
vn 0.866026 0.000065 -0.500000
vn -0.931583 -0.000000 -0.363529
vn -0.941572 -0.307430 0.137586
vn -0.997437 0.000000 -0.071555
vn -0.732027 -0.534336 0.422636
vn -0.589938 -0.307430 0.746632
vn -0.817699 -0.329379 0.472099
vn -0.816770 0.332439 0.471562
vn -0.845497 0.216441 0.488148
vn -0.607025 0.195058 0.770372
vn -0.150967 0.000000 0.988539
vn -0.436750 -0.000000 0.899583
vn -0.970674 0.195058 0.140513
vn -0.866025 0.000000 0.500000
vn 0.031493 0.190243 0.981232
vn -0.181080 0.000219 0.983468
vn -0.181081 0.000321 0.983468
vn 0.017327 0.193939 0.980861
vn -0.834026 0.190243 -0.517888
vn -0.737332 0.141991 -0.660439
vn -0.737332 0.141991 -0.660439
vn -0.840788 0.193938 -0.505435
vn -0.714825 -0.231451 -0.659890
vn -0.825473 -0.241119 -0.510348
vn -0.826515 -0.241177 -0.508632
vn -0.714825 -0.231451 -0.659890
vn -0.942249 0.000219 -0.334913
vn -0.942250 0.000321 -0.334911
vn 0.029239 -0.241118 0.970055
vn 0.027232 -0.241177 0.970099
vn 0.203292 0.141992 0.968768
vn 0.203292 0.141992 0.968768
vn 0.214069 -0.231451 0.949002
vn 0.214069 -0.231451 0.949002
vn 0.000000 0.000000 0.000000
vn 0.000000 0.000000 0.000000
vn 0.000000 0.000000 0.000000
vn 0.000000 0.000000 0.000000
vn 0.000000 0.000000 0.000000
vn 0.000000 0.000000 0.000000
vn 0.000000 0.000000 0.000000
vn 0.000000 0.000000 0.000000
vn 0.000000 0.000000 0.000000
vn 0.000000 0.000000 0.000000
vn 0.000000 0.000000 0.000000
vn 0.000000 0.000000 0.000000
vn 0.000000 0.000000 0.000000
vn 0.000000 0.000000 0.000000
vn 0.000000 0.000000 0.000000
vn 0.000000 0.000000 0.000000
vn 0.000000 0.000000 0.000000
vn 0.000000 0.000000 0.000000
vn 0.000000 0.000000 0.000000
vn 0.000000 0.000000 0.000000
vn 0.000000 0.000000 0.000000
vn 0.000000 0.000000 0.000000
vn 0.000000 0.000000 0.000000
vn 0.000000 0.000000 0.000000
vn 0.000000 0.000000 0.000000
vn 0.000000 0.000000 0.000000
vn 0.000000 0.000000 0.000000
vn 0.000000 0.000000 0.000000
vn 0.000000 0.000000 0.000000
vn 0.000000 0.000000 0.000000
vn 0.000000 0.000000 0.000000
vn 0.000000 0.000000 0.000000
vn 0.864571 -0.156613 -0.477482
vn 0.864571 -0.156613 -0.477482
vn 0.864571 -0.156613 -0.477482
vn 0.864571 -0.156613 -0.477482
vn 0.964653 0.132939 0.227536
vn 0.964653 0.132939 0.227536
vn 0.964653 0.132939 0.227536
vn 0.964653 0.132939 0.227536
vn 0.999007 -0.036088 -0.026127
vn 0.999007 -0.036088 -0.026127
vn 0.999007 -0.036088 -0.026127
vn 0.999007 -0.036088 -0.026127
vn 0.845797 -0.156614 -0.509999
vn 0.845797 -0.156614 -0.509999
vn 0.845797 -0.156614 -0.509999
vn 0.845797 -0.156614 -0.509999
vn 0.868405 0.155813 -0.470740
vn 0.868405 0.155813 -0.470740
vn 0.868405 0.155813 -0.470740
vn 0.868405 0.155813 -0.470740
vn 0.841874 0.155813 -0.516691
vn 0.841875 0.155813 -0.516691
vn 0.841874 0.155813 -0.516691
vn 0.841874 0.155813 -0.516691
vn 0.285275 0.132939 -0.949181
vn 0.285275 0.132939 -0.949182
vn 0.285275 0.132939 -0.949182
vn 0.285275 0.132939 -0.949181
vn 0.522131 -0.036091 -0.852102
vn 0.522131 -0.036091 -0.852102
vn 0.522131 -0.036091 -0.852102
vn 0.522131 -0.036091 -0.852102
vn 0.656794 0.179645 0.732359
vn 0.656794 0.179645 0.732359
vn 0.656794 0.179645 0.732359
vn 0.656794 0.179645 0.732359
vn -0.175553 0.440639 -0.880351
vn -0.175553 0.440639 -0.880351
vn -0.175553 0.440639 -0.880351
vn -0.175553 0.440639 -0.880351
vn -0.209148 -0.374885 -0.903171
vn -0.209148 -0.374885 -0.903171
vn -0.209148 -0.374885 -0.903171
vn -0.209148 -0.374885 -0.903171
vn -0.305845 0.179645 -0.934979
vn -0.305845 0.179645 -0.934979
vn -0.305845 0.179645 -0.934979
vn -0.305845 0.179645 -0.934979
vn 0.657957 -0.181403 0.730880
vn 0.657957 -0.181403 0.730880
vn 0.657957 -0.181403 0.730880
vn 0.657957 -0.181403 0.730880
vn -0.303983 -0.181403 -0.935247
vn -0.303983 -0.181403 -0.935247
vn -0.303983 -0.181403 -0.935247
vn -0.303983 -0.181403 -0.935247
vn 0.674630 0.440639 0.592210
vn 0.674630 0.440639 0.592210
vn 0.674630 0.440639 0.592210
vn 0.674630 0.440639 0.592210
vn 0.677595 -0.374885 0.632714
vn 0.677595 -0.374885 0.632714
vn 0.677595 -0.374885 0.632714
vn 0.677595 -0.374885 0.632714
vn 0.866025 0.000000 -0.500000
vn 0.866025 0.000000 -0.500000
vn 0.866025 0.000000 -0.500000
vn 0.866025 0.000000 -0.500000
vn 0.000000 1.000000 0.000001
vn 0.000000 1.000000 0.000001
vn 0.000000 1.000000 0.000001
vn 0.000000 1.000000 0.000001
vn -0.866025 0.000000 0.500000
vn -0.866025 0.000000 0.500000
vn -0.866025 0.000000 0.500000
vn -0.866025 0.000000 0.500000
vn 0.000000 -1.000000 0.000001
vn 0.000000 -1.000000 0.000001
vn 0.000000 -1.000000 0.000001
vn 0.000000 -1.000000 0.000001
vn -0.500001 0.000000 -0.866025
vn -0.500001 0.000000 -0.866025
vn -0.500001 0.000000 -0.866025
vn -0.500001 0.000000 -0.866025
vn 0.500001 0.000000 0.866025
vn 0.500001 0.000000 0.866025
vn 0.500001 0.000000 0.866025
vn 0.500001 0.000000 0.866025
vn -0.848532 0.000000 -0.529143
vn -0.882518 0.000000 -0.470279
vn -0.882604 0.000000 -0.470118
vn -0.848436 0.000000 -0.529298
vn 0.000000 1.000000 0.000000
vn 0.000000 1.000000 -0.000001
vn 0.000000 1.000000 -0.000001
vn 0.000000 1.000000 0.000000
vn 0.848436 0.000000 0.529299
vn 0.882604 0.000000 0.470117
vn 0.882518 0.000000 0.470278
vn 0.848532 0.000000 0.529144
vn 0.000000 -1.000000 -0.000001
vn 0.000000 -1.000000 -0.000001
vn 0.000000 -1.000000 -0.000001
vn 0.000000 -1.000000 -0.000001
vn -0.500003 0.000000 0.866024
vn -0.500003 0.000000 0.866024
vn -0.500003 0.000000 0.866024
vn -0.500003 0.000000 0.866024
vn 0.500003 0.000000 -0.866024
vn 0.500003 0.000000 -0.866024
vn 0.500003 0.000000 -0.866024
vn 0.500003 0.000000 -0.866024
vn -0.849156 0.000000 -0.528143
vn -0.881964 0.000000 -0.471318
vn -0.499999 0.000000 0.866026
vn -0.499999 0.000000 0.866026
vn -0.499999 0.000000 0.866026
vn -0.499999 0.000000 0.866026
vn 0.881964 0.000000 0.471317
vn 0.849155 0.000000 0.528144
vn 0.499997 0.000000 -0.866027
vn 0.499997 0.000000 -0.866027
vn 0.499997 0.000000 -0.866027
vn 0.499997 0.000000 -0.866027
vn -0.849446 0.000000 -0.527676
vn -0.881705 0.000000 -0.471802
vn -0.500001 0.000000 0.866025
vn -0.500001 0.000000 0.866025
vn -0.500001 0.000000 0.866025
vn -0.500001 0.000000 0.866025
vn 0.881705 0.000000 0.471802
vn 0.849445 0.000000 0.527677
vn 0.500003 0.000000 -0.866024
vn 0.500003 0.000000 -0.866024
vn 0.500003 0.000000 -0.866024
vn 0.500003 0.000000 -0.866024
vn 0.782551 0.000000 0.622587
vn 0.930452 0.000000 0.366415
vn -0.499997 0.000000 0.866027
vn -0.499997 0.000000 0.866027
vn -0.499997 0.000000 0.866027
vn -0.499997 0.000000 0.866027
vn -0.930450 0.000000 -0.366418
vn -0.782553 0.000000 -0.622584
vn 0.499997 0.000000 -0.866027
vn 0.499997 0.000000 -0.866027
vn 0.499997 0.000000 -0.866027
vn 0.499997 0.000000 -0.866027
vn -0.782553 0.000000 -0.622584
vn -0.930450 0.000000 -0.366418
vn -0.499998 0.000000 0.866027
vn -0.499998 0.000000 0.866027
vn -0.499998 0.000000 0.866027
vn -0.499998 0.000000 0.866027
vn 0.930452 0.000000 0.366415
vn 0.782551 0.000000 0.622587
vn 0.499998 0.000000 -0.866027
vn 0.499998 0.000000 -0.866027
vn 0.499998 0.000000 -0.866027
vn 0.499998 0.000000 -0.866027
vn 0.000000 -1.000000 0.000002
vn 0.000000 -1.000000 0.000002
vn 0.000000 -1.000000 0.000000
vn 0.000000 -1.000000 0.000001
vn 0.999573 0.000000 0.029235
vn 0.999573 0.000000 0.029235
vn 0.000000 1.000000 -0.000005
vn 0.000000 1.000000 -0.000005
vn 0.000000 1.000000 -0.000003
vn 0.000000 1.000000 -0.000001
vn -0.999572 0.000000 -0.029251
vn -0.999572 0.000000 -0.029251
vn 0.000000 -1.000000 -0.000004
vn 0.000000 -1.000000 -0.000004
vn 0.000000 -1.000000 -0.000003
vn 0.000000 -1.000000 -0.000001
vn -0.525118 0.000000 -0.851029
vn -0.525118 0.000000 -0.851029
vn 0.000000 1.000000 0.000009
vn 0.000000 1.000000 0.000009
vn 0.000000 1.000000 0.000000
vn 0.000000 1.000000 0.000004
vn 0.525107 0.000000 0.851036
vn 0.525107 0.000000 0.851036
vn 0.000000 -1.000000 -0.000001
vn 0.000000 -1.000000 -0.000001
vn 0.000000 -1.000000 -0.000001
vn 0.000000 -1.000000 -0.000001
vn 0.999573 0.000000 0.029236
vn 0.999573 0.000000 0.029236
vn 0.000000 1.000000 -0.000002
vn 0.000000 1.000000 -0.000001
vn -0.999572 0.000000 -0.029251
vn -0.999572 0.000000 -0.029251
vn 0.000000 -1.000000 0.000000
vn 0.000000 -1.000000 0.000000
vn 0.000000 -1.000000 0.000000
vn 0.000000 -1.000000 0.000000
vn -0.525119 0.000000 -0.851029
vn -0.525119 0.000000 -0.851029
vn 0.000000 1.000000 0.000000
vn 0.000000 1.000000 0.000000
vn 0.525107 0.000000 0.851036
vn 0.525107 0.000000 0.851036
vn 0.000000 -1.000000 -0.000000
vn 0.000000 -1.000000 -0.000001
vn 0.999573 0.000000 0.029235
vn 0.999573 0.000000 0.029235
vn 0.000000 1.000000 0.000001
vn 0.000000 1.000000 0.000001
vn 0.000000 1.000000 0.000000
vn 0.000000 1.000000 -0.000000
vn -0.999572 0.000000 -0.029251
vn -0.999572 0.000000 -0.029251
vn 0.000000 -1.000000 0.000000
vn 0.000000 -1.000000 0.000000
vn -0.525118 0.000000 -0.851029
vn -0.525118 0.000000 -0.851029
vn 0.000000 1.000000 -0.000004
vn 0.000000 1.000000 -0.000004
vn 0.000000 1.000000 -0.000003
vn 0.000000 1.000000 -0.000004
vn 0.525107 0.000000 0.851036
vn 0.525107 0.000000 0.851036
vn 0.000000 -1.000000 -0.000001
vn 0.000000 -1.000000 -0.000001
vn 0.000000 1.000000 0.000001
vn 0.000000 1.000000 0.000001
vn -0.999572 0.000000 -0.029257
vn -0.999572 0.000000 -0.029257
vn 0.000000 -1.000000 0.000000
vn 0.000000 -1.000000 0.000000
vn -0.525121 0.000000 -0.851027
vn -0.525121 0.000000 -0.851027
vn 0.000000 1.000000 -0.000004
vn 0.000000 1.000000 -0.000004
vn 0.000000 -1.000000 -0.000001
vn 0.000000 -1.000000 -0.000001
vn 0.000000 1.000000 -0.000001
vn 0.000000 1.000000 -0.000001
vn -0.999572 0.000000 -0.029257
vn -0.999572 0.000000 -0.029257
vn 0.000000 -1.000000 0.000000
vn 0.000000 -1.000000 0.000000
vn -0.525121 0.000000 -0.851028
vn -0.525121 0.000000 -0.851028
vn 0.000000 1.000000 0.000000
vn 0.000000 1.000000 0.000000
vn 0.000000 -1.000000 0.000000
vn 0.000000 -1.000000 0.000000
vn 0.000000 1.000000 -0.000001
vn 0.000000 1.000000 -0.000001
vn -0.999572 0.000000 -0.029257
vn -0.999572 0.000000 -0.029257
vn 0.000000 -1.000000 0.000000
vn 0.000000 -1.000000 0.000000
vn -0.525121 0.000000 -0.851028
vn -0.525121 0.000000 -0.851028
vn 0.000000 1.000000 -0.000002
vn 0.000000 1.000000 -0.000002
vn 0.500001 0.000000 -0.866025
vn 0.500001 0.000000 -0.866025
vn 0.384256 0.000000 -0.923227
vn 0.384256 0.000000 -0.923227
vn 0.000000 1.000000 -0.000003
vn 0.000000 1.000000 -0.000003
vn 0.000000 1.000000 -0.000004
vn 0.000000 1.000000 -0.000004
vn -0.500001 0.000000 0.866025
vn -0.500001 0.000000 0.866025
vn -0.384257 0.000000 0.923226
vn -0.384257 0.000000 0.923226
vn 0.000000 -1.000000 0.000000
vn 0.000000 -1.000000 0.000000
vn 0.000000 -1.000000 0.000000
vn 0.000000 -1.000000 0.000000
vn -0.500001 0.000000 0.866025
vn -0.500001 0.000000 0.866025
vn -0.607410 0.000000 0.794388
vn -0.607410 0.000000 0.794388
vn 0.000000 -1.000000 0.000003
vn 0.000000 -1.000000 0.000003
vn 0.000000 -1.000000 0.000002
vn 0.000000 -1.000000 0.000003
vn 0.500001 0.000000 -0.866025
vn 0.500001 0.000000 -0.866025
vn 0.607410 0.000000 -0.794388
vn 0.607410 0.000000 -0.794388
vn 0.000000 1.000000 0.000000
vn 0.000000 1.000000 0.000000
vn 0.000000 1.000000 -0.000000
vn 0.000000 1.000000 -0.000001
vn 0.500001 0.000000 -0.866025
vn 0.500001 0.000000 -0.866025
vn 0.500001 0.000000 -0.866025
vn 0.500001 0.000000 -0.866025
vn 0.000000 1.000000 0.000000
vn 0.000000 1.000000 0.000000
vn 0.000000 1.000000 0.000000
vn 0.000000 1.000000 0.000000
vn -0.500002 0.000000 0.866025
vn -0.500002 0.000000 0.866025
vn -0.500002 0.000000 0.866025
vn -0.500002 0.000000 0.866025
vn 0.000000 -1.000000 0.000000
vn 0.000000 -1.000000 0.000000
vn 0.000000 -1.000000 0.000000
vn 0.000000 -1.000000 0.000000
vn -0.500001 0.000000 0.866025
vn -0.500001 0.000000 0.866025
vn -0.500001 0.000000 0.866025
vn -0.500001 0.000000 0.866025
vn 0.000000 -1.000000 0.000000
vn 0.000000 -1.000000 0.000000
vn 0.000000 -1.000000 0.000000
vn 0.000000 -1.000000 0.000000
vn 0.500000 0.000000 -0.866025
vn 0.500000 0.000000 -0.866025
vn 0.500000 0.000000 -0.866025
vn 0.500000 0.000000 -0.866025
vn 0.000000 1.000000 -0.000003
vn 0.000000 1.000000 -0.000003
vn 0.000000 1.000000 -0.000003
vn 0.000000 1.000000 -0.000003
vn 0.500002 0.000000 -0.866025
vn 0.500002 0.000000 -0.866025
vn 0.384258 0.000000 -0.923226
vn 0.384258 0.000000 -0.923226
vn 0.000000 1.000000 -0.000002
vn 0.000000 1.000000 -0.000002
vn 0.000000 1.000000 -0.000000
vn 0.000000 1.000000 -0.000001
vn -0.500001 0.000000 0.866025
vn -0.500001 0.000000 0.866025
vn -0.384259 0.000000 0.923226
vn -0.384259 0.000000 0.923226
vn 0.000000 -1.000000 0.000002
vn 0.000000 -1.000000 0.000002
vn 0.000000 -1.000000 0.000001
vn 0.000000 -1.000000 0.000001
vn -0.500001 0.000000 0.866025
vn -0.500001 0.000000 0.866025
vn -0.607408 0.000000 0.794390
vn -0.607408 0.000000 0.794390
vn 0.000000 -1.000000 -0.000002
vn 0.000000 -1.000000 -0.000002
vn 0.000000 -1.000000 -0.000001
vn 0.000000 -1.000000 -0.000001
vn 0.500000 0.000000 -0.866025
vn 0.500000 0.000000 -0.866025
vn 0.607409 0.000000 -0.794390
vn 0.607409 0.000000 -0.794390
vn 0.000000 1.000000 0.000002
vn 0.000000 1.000000 0.000002
vn 0.000000 1.000000 0.000002
vn 0.000000 1.000000 0.000002
vn 0.000000 0.000000 0.000000
vn 0.000000 0.000000 0.000000
vn 0.000000 0.000000 0.000000
vn 0.000000 0.000000 0.000000
vn 0.000000 0.000000 0.000000
vn 0.000000 0.000000 0.000000
vn 0.000000 0.000000 0.000000
vn 0.000000 0.000000 0.000000
vn 0.000000 0.000000 0.000000
vn 0.000000 0.000000 0.000000
vn 0.000000 0.000000 0.000000
vn 0.000000 0.000000 0.000000
vn 0.000000 0.000000 0.000000
vn 0.000000 0.000000 0.000000
vn 0.000000 0.000000 0.000000
vn 0.000000 0.000000 0.000000
vn 0.000000 0.000000 0.000000
vn 0.000000 0.000000 0.000000
vn 0.000000 0.000000 0.000000
vn 0.000000 0.000000 0.000000
vn 0.000000 0.000000 0.000000
vn 0.000000 0.000000 0.000000
vn 0.000000 0.000000 0.000000
vn 0.000000 0.000000 0.000000
vn 0.000000 0.000000 0.000000
vn 0.000000 0.000000 0.000000
vn 0.000000 0.000000 0.000000
vn 0.000000 0.000000 0.000000
vn 0.000000 0.000000 0.000000
vn 0.000000 0.000000 0.000000
vn 0.000000 0.000000 0.000000
vn 0.000000 0.000000 0.000000
vn 0.029249 0.000000 -0.999572
vn 0.029249 0.000000 -0.999572
vn 0.029249 0.000000 -0.999572
vn 0.029249 0.000000 -0.999572
vn 0.000000 1.000000 0.000000
vn 0.000000 1.000000 0.000000
vn 0.000000 1.000000 0.000000
vn 0.000000 1.000000 0.000000
vn -0.029265 0.000000 0.999572
vn -0.029265 0.000000 0.999572
vn -0.029265 0.000000 0.999572
vn -0.029265 0.000000 0.999572
vn 0.000000 -1.000000 0.000000
vn 0.000000 -1.000000 0.000000
vn 0.000000 -1.000000 0.000000
vn 0.000000 -1.000000 0.000000
vn -0.851032 0.000000 0.525115
vn -0.851032 0.000000 0.525115
vn -0.851032 0.000000 0.525115
vn -0.851032 0.000000 0.525115
vn 0.000000 -1.000000 0.000002
vn 0.000000 -1.000000 0.000002
vn 0.000000 -1.000000 0.000002
vn 0.000000 -1.000000 0.000002
vn 0.851024 0.000000 -0.525127
vn 0.851024 0.000000 -0.525127
vn 0.851024 0.000000 -0.525127
vn 0.851024 0.000000 -0.525127
vn 0.000000 1.000000 -0.000002
vn 0.000000 1.000000 -0.000002
vn 0.000000 1.000000 -0.000002
vn 0.000000 1.000000 -0.000002
vn -0.866028 0.000000 -0.499996
vn -0.866028 0.000000 -0.499996
vn -0.866028 0.000000 -0.499996
vn -0.866028 0.000000 -0.499996
vn 0.000000 1.000000 -0.000003
vn 0.000000 1.000000 -0.000003
vn 0.000000 1.000000 -0.000003
vn 0.000000 1.000000 -0.000003
vn 0.866027 0.000000 0.499998
vn 0.866027 0.000000 0.499998
vn 0.866027 0.000000 0.499998
vn 0.866027 0.000000 0.499998
vn 0.000000 -1.000000 0.000005
vn 0.000000 -1.000000 0.000005
vn 0.000000 -1.000000 0.000005
vn 0.000000 -1.000000 0.000005
vn -0.866028 0.000000 -0.499996
vn -0.866028 0.000000 -0.499996
vn -0.866028 0.000000 -0.499996
vn -0.866028 0.000000 -0.499996
vn 0.000000 -1.000000 0.000000
vn 0.000000 -1.000000 0.000000
vn 0.000000 -1.000000 0.000000
vn 0.000000 -1.000000 0.000000
vn 0.866027 0.000000 0.499998
vn 0.866027 0.000000 0.499998
vn 0.866027 0.000000 0.499998
vn 0.866027 0.000000 0.499998
vn 0.000000 1.000000 0.000000
vn 0.000000 1.000000 0.000000
vn 0.000000 1.000000 0.000000
vn 0.000000 1.000000 0.000000
vn -0.866022 0.000000 -0.500007
vn -0.866022 0.000000 -0.500007
vn -0.866022 0.000000 -0.500007
vn -0.866022 0.000000 -0.500007
vn 0.000000 1.000000 0.000000
vn 0.000000 1.000000 0.000000
vn 0.000000 1.000000 0.000000
vn 0.000000 1.000000 0.000000
vn 0.866025 0.000000 0.500001
vn 0.866025 0.000000 0.500001
vn 0.866025 0.000000 0.500001
vn 0.866025 0.000000 0.500001
vn 0.000000 -1.000000 0.000000
vn 0.000000 -1.000000 0.000000
vn 0.000000 -1.000000 0.000000
vn 0.000000 -1.000000 0.000000
vn 0.029247 0.000000 -0.999572
vn 0.029247 0.000000 -0.999572
vn 0.000000 1.000000 -0.000004
vn 0.000000 1.000000 -0.000004
vn -0.029265 0.000000 0.999572
vn -0.029265 0.000000 0.999572
vn 0.000000 -1.000000 0.000000
vn 0.000000 -1.000000 0.000000
vn -0.851029 0.000000 0.525119
vn -0.851029 0.000000 0.525119
vn 0.000000 -1.000000 0.000000
vn 0.000000 -1.000000 0.000000
vn 0.851021 0.000000 -0.525131
vn 0.851021 0.000000 -0.525131
vn 0.000000 1.000000 -0.000002
vn 0.000000 1.000000 -0.000002
vn 0.029266 0.000000 -0.999572
vn 0.029266 0.000000 -0.999572
vn 0.000000 1.000000 0.000002
vn 0.000000 1.000000 0.000002
vn -0.029272 0.000000 0.999572
vn -0.029272 0.000000 0.999572
vn 0.000000 -1.000000 0.000000
vn 0.000000 -1.000000 0.000000
vn -0.851020 0.000000 0.525133
vn -0.851020 0.000000 0.525133
vn 0.000000 -1.000000 0.000001
vn 0.000000 -1.000000 0.000001
vn 0.851019 0.000000 -0.525135
vn 0.851019 0.000000 -0.525135
vn 0.000000 1.000000 0.000002
vn 0.000000 1.000000 0.000002
vn -0.866024 0.000000 -0.500002
vn -0.866024 0.000000 -0.500002
vn -0.866024 0.000000 -0.500002
vn -0.866024 0.000000 -0.500002
vn 0.000000 1.000000 0.000000
vn 0.000000 1.000000 0.000000
vn 0.000000 1.000000 0.000000
vn 0.000000 1.000000 0.000000
vn 0.866025 0.000000 0.500000
vn 0.866025 0.000000 0.500000
vn 0.866025 0.000000 0.500000
vn 0.866025 0.000000 0.500000
vn 0.000000 -1.000000 0.000003
vn 0.000000 -1.000000 0.000003
vn 0.000000 -1.000000 0.000003
vn 0.000000 -1.000000 0.000003
vn -0.866024 0.000000 -0.500002
vn -0.866024 0.000000 -0.500002
vn -0.866024 0.000000 -0.500002
vn -0.866024 0.000000 -0.500002
vn 0.000000 -1.000000 -0.000003
vn 0.000000 -1.000000 -0.000003
vn 0.000000 -1.000000 -0.000003
vn 0.000000 -1.000000 -0.000003
vn 0.866025 0.000000 0.500000
vn 0.866025 0.000000 0.500000
vn 0.866025 0.000000 0.500000
vn 0.866025 0.000000 0.500000
vn 0.000000 1.000000 0.000006
vn 0.000000 1.000000 0.000006
vn 0.000000 1.000000 0.000006
vn 0.000000 1.000000 0.000006
vn -0.866026 0.000000 -0.499998
vn -0.866026 0.000000 -0.499998
vn -0.866026 0.000000 -0.499998
vn -0.866026 0.000000 -0.499998
vn 0.000000 1.000000 0.000003
vn 0.000000 1.000000 0.000003
vn 0.000000 1.000000 0.000003
vn 0.000000 1.000000 0.000003
vn 0.866025 0.000000 0.500000
vn 0.866025 0.000000 0.500000
vn 0.866025 0.000000 0.500000
vn 0.866025 0.000000 0.500000
vn 0.000000 -1.000000 0.000000
vn 0.000000 -1.000000 0.000000
vn 0.000000 -1.000000 0.000000
vn 0.000000 -1.000000 0.000000
vn -0.866025 0.000000 -0.500001
vn -0.866025 0.000000 -0.500001
vn -0.866025 0.000000 -0.500001
vn -0.866025 0.000000 -0.500001
vn 0.000000 1.000000 0.000000
vn 0.000000 1.000000 0.000000
vn 0.000000 1.000000 0.000000
vn 0.000000 1.000000 0.000000
vn 0.866026 0.000000 0.500000
vn 0.866026 0.000000 0.500000
vn 0.866026 0.000000 0.500000
vn 0.866026 0.000000 0.500000
vn 0.000000 -1.000000 0.000000
vn 0.000000 -1.000000 0.000000
vn 0.000000 -1.000000 0.000000
vn 0.000000 -1.000000 0.000000
vn -0.866025 0.000000 -0.500001
vn -0.866025 0.000000 -0.500001
vn -0.866025 0.000000 -0.500001
vn -0.866025 0.000000 -0.500001
vn 0.000000 -1.000000 0.000000
vn 0.000000 -1.000000 0.000000
vn 0.000000 -1.000000 0.000000
vn 0.000000 -1.000000 0.000000
vn 0.866026 0.000000 0.500000
vn 0.866026 0.000000 0.500000
vn 0.866026 0.000000 0.500000
vn 0.866026 0.000000 0.500000
vn 0.000000 1.000000 -0.000003
vn 0.000000 1.000000 -0.000003
vn 0.000000 1.000000 -0.000003
vn 0.000000 1.000000 -0.000003
vn -0.866027 0.000000 -0.499997
vn -0.866027 0.000000 -0.499997
vn -0.866027 0.000000 -0.499997
vn -0.866027 0.000000 -0.499997
vn 0.000000 1.000000 0.000000
vn 0.000000 1.000000 0.000000
vn 0.000000 1.000000 0.000000
vn 0.000000 1.000000 0.000000
vn 0.866026 0.000000 0.499999
vn 0.866026 0.000000 0.499999
vn 0.866026 0.000000 0.499999
vn 0.866026 0.000000 0.499999
vn 0.000000 -1.000000 0.000003
vn 0.000000 -1.000000 0.000003
vn 0.000000 -1.000000 0.000003
vn 0.000000 -1.000000 0.000003
vn -0.866025 0.000000 -0.500000
vn -0.866025 0.000000 -0.500000
vn -0.866025 0.000000 -0.500000
vn -0.866025 0.000000 -0.500000
vn 0.000000 1.000000 -0.000001
vn 0.000000 1.000000 -0.000001
vn 0.000000 1.000000 -0.000001
vn 0.000000 1.000000 -0.000001
vn 0.866025 0.000000 0.500000
vn 0.866025 0.000000 0.500000
vn 0.866025 0.000000 0.500000
vn 0.866025 0.000000 0.500000
vn 0.000000 -1.000000 0.000001
vn 0.000000 -1.000000 0.000001
vn 0.000000 -1.000000 0.000001
vn 0.000000 -1.000000 0.000001
vn -0.500001 0.000000 0.866025
vn -0.500001 0.000000 0.866025
vn -0.500001 0.000000 0.866025
vn -0.500001 0.000000 0.866025
vn 0.500002 0.000000 -0.866024
vn 0.500002 0.000000 -0.866024
vn 0.500002 0.000000 -0.866024
vn 0.500002 0.000000 -0.866024
vn -0.866025 0.000000 -0.500000
vn -0.866025 0.000000 -0.500000
vn -0.866025 0.000000 -0.500000
vn -0.866025 0.000000 -0.500000
vn 0.000000 1.000000 0.000000
vn 0.000000 1.000000 0.000000
vn 0.000000 1.000000 0.000000
vn 0.000000 1.000000 0.000000
vn 0.866025 0.000000 0.500000
vn 0.866025 0.000000 0.500000
vn 0.866025 0.000000 0.500000
vn 0.866025 0.000000 0.500000
vn 0.000000 -1.000000 0.000000
vn 0.000000 -1.000000 0.000000
vn 0.000000 -1.000000 0.000000
vn 0.000000 -1.000000 0.000000
vn -0.500000 0.000000 0.866025
vn -0.500000 0.000000 0.866025
vn -0.500000 0.000000 0.866025
vn -0.500000 0.000000 0.866025
vn 0.500002 0.000000 -0.866024
vn 0.500002 0.000000 -0.866024
vn 0.500002 0.000000 -0.866024
vn 0.500002 0.000000 -0.866024
vn 0.539958 0.781831 0.311745
vn 0.539958 0.781831 0.311745
vn 0.539958 0.781831 0.311745
vn 0.539958 0.781831 0.311745
vn 0.780260 0.433889 0.450483
vn 0.780260 0.433889 0.450483
vn 0.780260 0.433889 0.450483
vn 0.780260 0.433889 0.450483
vn 0.866024 0.000000 0.500002
vn 0.866024 0.000000 0.500002
vn 0.866024 0.000000 0.500002
vn 0.866024 0.000000 0.500002
vn 0.780260 -0.433889 0.450483
vn 0.780260 -0.433889 0.450483
vn 0.780260 -0.433889 0.450483
vn 0.780260 -0.433889 0.450483
vn 0.539957 -0.781832 0.311745
vn 0.539957 -0.781832 0.311745
vn 0.539957 -0.781832 0.311745
vn 0.539957 -0.781832 0.311745
vn 0.192710 -0.974927 0.111263
vn 0.192710 -0.974927 0.111263
vn 0.192710 -0.974927 0.111263
vn 0.192710 -0.974927 0.111263
vn -0.192707 -0.974928 -0.111260
vn -0.192707 -0.974928 -0.111260
vn -0.192707 -0.974928 -0.111260
vn -0.192707 -0.974928 -0.111260
vn -0.539958 -0.781832 -0.311745
vn -0.539958 -0.781832 -0.311745
vn -0.539958 -0.781832 -0.311745
vn -0.539958 -0.781832 -0.311745
vn -0.780262 -0.433882 -0.450486
vn -0.780262 -0.433882 -0.450486
vn -0.780262 -0.433882 -0.450486
vn -0.780262 -0.433882 -0.450486
vn -0.866026 0.000000 -0.500000
vn -0.866026 0.000000 -0.500000
vn -0.866026 0.000000 -0.500000
vn -0.866026 0.000000 -0.500000
vn -0.780262 0.433881 -0.450487
vn -0.780262 0.433881 -0.450487
vn -0.780262 0.433881 -0.450487
vn -0.780262 0.433881 -0.450487
vn -0.539963 0.781828 -0.311747
vn -0.539963 0.781827 -0.311747
vn -0.539963 0.781827 -0.311747
vn -0.539963 0.781828 -0.311747
vn -0.192708 0.974928 -0.111260
vn -0.192708 0.974928 -0.111260
vn -0.192708 0.974928 -0.111260
vn -0.192708 0.974928 -0.111260
vn 0.192709 0.974928 0.111261
vn 0.192709 0.974928 0.111261
vn 0.192709 0.974928 0.111261
vn 0.192709 0.974928 0.111261
vn -0.500001 -0.000000 0.866025
vn -0.500002 0.000002 0.866024
vn -0.500000 -0.000000 0.866025
vn -0.500000 -0.000002 0.866025
vn -0.500000 0.000002 0.866026
vn -0.500001 0.000001 0.866025
vn -0.500002 -0.000001 0.866024
vn -0.499999 -0.000001 0.866026
vn -0.499999 0.000001 0.866026
vn -0.500000 0.000001 0.866026
vn -0.500000 -0.000001 0.866025
vn -0.500000 0.000001 0.866026
vn -0.499999 0.000000 0.866026
vn -0.499999 -0.000000 0.866026
vn -0.499999 0.000001 0.866026
vn 0.500001 0.000000 -0.866025
vn 0.500001 0.000000 -0.866025
vn 0.500000 -0.000000 -0.866025
vn 0.499999 0.000000 -0.866026
vn 0.499999 0.000000 -0.866026
vn 0.500000 0.000001 -0.866025
vn 0.500000 0.000001 -0.866025
vn 0.499999 0.000001 -0.866026
vn 0.500001 -0.000001 -0.866025
vn 0.500001 -0.000002 -0.866025
vn 0.500001 0.000000 -0.866025
vn 0.499999 -0.000001 -0.866026
vn 0.499999 -0.000001 -0.866026
vn 0.500001 -0.000000 -0.866025
vn 0.499999 -0.000000 -0.866026
vn -0.500000 0.000007 0.866026
vn -0.500000 0.000007 0.866026
vn 0.677086 -0.623488 0.390918
vn 0.677086 -0.623488 0.390918
vn 0.677086 -0.623488 0.390918
vn 0.677086 -0.623488 0.390918
vn 0.499999 0.000000 -0.866026
vn 0.499999 0.000000 -0.866026
vn -0.677087 0.623488 -0.390917
vn -0.677087 0.623488 -0.390917
vn -0.677087 0.623488 -0.390917
vn -0.677087 0.623488 -0.390917
vn -0.500002 0.000000 0.866025
vn -0.500002 0.000000 0.866025
vn 0.000000 -1.000000 0.000000
vn 0.000000 -1.000000 0.000000
vn 0.000000 -1.000000 0.000000
vn 0.000000 -1.000000 0.000000
vn 0.499997 0.000000 -0.866027
vn 0.499997 0.000000 -0.866027
vn 0.000000 1.000000 0.000000
vn 0.000000 1.000000 0.000000
vn 0.000000 1.000000 0.000000
vn 0.000000 1.000000 0.000000
vn -0.500001 -0.000001 0.866025
vn -0.500001 -0.000001 0.866025
vn -0.677085 -0.623490 -0.390916
vn -0.677085 -0.623490 -0.390916
vn -0.677085 -0.623490 -0.390916
vn -0.677085 -0.623490 -0.390916
vn 0.499999 0.000002 -0.866026
vn 0.499999 0.000002 -0.866026
vn 0.677087 0.623490 0.390914
vn 0.677087 0.623490 0.390914
vn 0.677087 0.623490 0.390914
vn 0.677087 0.623490 0.390914
vn -0.499997 -0.000004 0.866027
vn -0.499997 -0.000004 0.866027
vn -0.844307 0.222540 -0.487465
vn -0.844307 0.222540 -0.487464
vn -0.844307 0.222540 -0.487465
vn -0.844307 0.222540 -0.487464
vn 0.500000 0.000004 -0.866025
vn 0.500000 0.000004 -0.866025
vn 0.844313 -0.222521 0.487462
vn 0.844313 -0.222521 0.487462
vn 0.844313 -0.222521 0.487462
vn 0.844313 -0.222521 0.487462
vn -0.499997 0.000002 0.866027
vn -0.499997 0.000002 0.866027
vn -0.375749 0.900972 -0.216939
vn -0.375749 0.900972 -0.216939
vn -0.375749 0.900972 -0.216939
vn -0.375749 0.900972 -0.216939
vn 0.500001 0.000000 -0.866025
vn 0.500001 0.000000 -0.866025
vn 0.375752 -0.900970 0.216943
vn 0.375752 -0.900970 0.216943
vn 0.375752 -0.900970 0.216943
vn 0.375752 -0.900970 0.216943
vn -0.499998 -0.000002 0.866027
vn -0.499998 -0.000002 0.866027
vn 0.375748 0.900971 0.216942
vn 0.375748 0.900972 0.216942
vn 0.375748 0.900972 0.216942
vn 0.375748 0.900971 0.216942
vn 0.499997 -0.000002 -0.866027
vn 0.499997 -0.000002 -0.866027
vn -0.375748 -0.900972 -0.216938
vn -0.375748 -0.900972 -0.216938
vn -0.375748 -0.900972 -0.216938
vn -0.375748 -0.900972 -0.216938
vn -0.499998 0.000002 0.866027
vn -0.499998 0.000002 0.866027
vn 0.844314 0.222521 0.487462
vn 0.844314 0.222521 0.487462
vn 0.844314 0.222521 0.487462
vn 0.844314 0.222521 0.487462
vn 0.499999 -0.000002 -0.866026
vn 0.499999 -0.000002 -0.866026
vn -0.844312 -0.222523 -0.487464
vn -0.844312 -0.222523 -0.487464
vn -0.844312 -0.222523 -0.487464
vn -0.844312 -0.222523 -0.487464
vn 0.539954 0.781835 0.311744
vn 0.539954 0.781835 0.311744
vn 0.539954 0.781835 0.311744
vn 0.539954 0.781835 0.311744
vn 0.780261 0.433886 0.450485
vn 0.780261 0.433886 0.450485
vn 0.780261 0.433886 0.450485
vn 0.780261 0.433886 0.450485
vn 0.866025 0.000000 0.500001
vn 0.866025 0.000000 0.500001
vn 0.866025 0.000000 0.500001
vn 0.866025 0.000000 0.500001
vn 0.780261 -0.433886 0.450485
vn 0.780261 -0.433886 0.450485
vn 0.780261 -0.433886 0.450485
vn 0.780261 -0.433886 0.450485
vn 0.539956 -0.781833 0.311744
vn 0.539956 -0.781833 0.311744
vn 0.539956 -0.781833 0.311744
vn 0.539956 -0.781833 0.311744
vn 0.192708 -0.974928 0.111262
vn 0.192708 -0.974928 0.111262
vn 0.192708 -0.974928 0.111262
vn 0.192708 -0.974928 0.111262
vn -0.192709 -0.974928 -0.111260
vn -0.192709 -0.974928 -0.111260
vn -0.192709 -0.974928 -0.111260
vn -0.192709 -0.974928 -0.111260
vn -0.539958 -0.781831 -0.311745
vn -0.539958 -0.781831 -0.311745
vn -0.539958 -0.781831 -0.311745
vn -0.539958 -0.781831 -0.311745
vn -0.780262 -0.433882 -0.450486
vn -0.780262 -0.433882 -0.450486
vn -0.780262 -0.433882 -0.450486
vn -0.780262 -0.433882 -0.450486
vn -0.866024 0.000000 -0.500002
vn -0.866024 0.000000 -0.500002
vn -0.866024 0.000000 -0.500002
vn -0.866024 0.000000 -0.500002
vn -0.780262 0.433883 -0.450486
vn -0.780262 0.433883 -0.450486
vn -0.780262 0.433883 -0.450486
vn -0.780262 0.433883 -0.450486
vn -0.539961 0.781829 -0.311746
vn -0.539961 0.781829 -0.311746
vn -0.539961 0.781829 -0.311746
vn -0.539961 0.781829 -0.311746
vn -0.192709 0.974928 -0.111260
vn -0.192709 0.974928 -0.111260
vn -0.192709 0.974928 -0.111260
vn -0.192709 0.974928 -0.111260
vn 0.192708 0.974928 0.111262
vn 0.192708 0.974928 0.111262
vn 0.192708 0.974928 0.111262
vn 0.192708 0.974928 0.111262
vn -0.500000 -0.000001 0.866025
vn -0.500000 -0.000001 0.866026
vn -0.500000 0.000000 0.866025
vn -0.500000 0.000000 0.866026
vn -0.500000 0.000000 0.866026
vn -0.500000 -0.000000 0.866025
vn -0.500000 -0.000000 0.866026
vn -0.499999 -0.000001 0.866026
vn -0.500000 -0.000001 0.866025
vn -0.500001 0.000001 0.866025
vn -0.500001 0.000001 0.866025
vn -0.500000 0.000000 0.866026
vn -0.500000 0.000002 0.866025
vn -0.500001 0.000002 0.866025
vn -0.499999 0.000000 0.866026
vn 0.500000 0.000000 -0.866025
vn 0.500001 0.000000 -0.866025
vn 0.500000 -0.000000 -0.866026
vn 0.500000 0.000000 -0.866026
vn 0.500000 0.000000 -0.866026
vn 0.500000 0.000001 -0.866025
vn 0.500000 0.000001 -0.866025
vn 0.499999 0.000002 -0.866026
vn 0.499999 0.000000 -0.866026
vn 0.499999 -0.000000 -0.866026
vn 0.500000 0.000002 -0.866025
vn 0.499999 -0.000002 -0.866026
vn 0.499999 -0.000002 -0.866026
vn 0.499999 -0.000001 -0.866026
vn 0.499999 -0.000001 -0.866026
vn -0.500000 -0.000004 0.866026
vn -0.500000 -0.000004 0.866026
vn 0.677081 -0.623495 0.390916
vn 0.677081 -0.623495 0.390915
vn 0.677081 -0.623495 0.390916
vn 0.677081 -0.623495 0.390915
vn 0.500000 0.000001 -0.866026
vn 0.500000 0.000001 -0.866026
vn -0.677090 0.623485 -0.390916
vn -0.677090 0.623485 -0.390916
vn -0.677090 0.623485 -0.390916
vn -0.677090 0.623485 -0.390916
vn -0.499997 0.000000 0.866027
vn -0.499997 0.000000 0.866027
vn 0.000000 -1.000000 0.000000
vn 0.000000 -1.000000 0.000000
vn 0.000000 -1.000000 0.000000
vn 0.000000 -1.000000 0.000000
vn 0.499997 0.000000 -0.866027
vn 0.499997 0.000000 -0.866027
vn 0.000000 1.000000 0.000000
vn 0.000000 1.000000 0.000000
vn 0.000000 1.000000 0.000000
vn 0.000000 1.000000 0.000000
vn -0.500000 -0.000001 0.866025
vn -0.500000 -0.000001 0.866025
vn -0.677086 -0.623490 -0.390916
vn -0.677086 -0.623490 -0.390916
vn -0.677086 -0.623490 -0.390916
vn -0.677086 -0.623490 -0.390916
vn 0.500000 0.000002 -0.866026
vn 0.500000 0.000002 -0.866026
vn 0.677083 0.623496 0.390911
vn 0.677083 0.623496 0.390911
vn 0.677083 0.623496 0.390911
vn 0.677083 0.623496 0.390911
vn -0.500000 -0.000004 0.866025
vn -0.500000 -0.000004 0.866025
vn -0.844309 0.222534 -0.487464
vn -0.844309 0.222534 -0.487464
vn -0.844309 0.222534 -0.487464
vn -0.844309 0.222534 -0.487464
vn 0.500000 0.000010 -0.866025
vn 0.500000 0.000010 -0.866025
vn 0.844314 -0.222518 0.487463
vn 0.844314 -0.222518 0.487463
vn 0.844314 -0.222518 0.487463
vn 0.844314 -0.222518 0.487463
vn -0.500001 0.000002 0.866025
vn -0.500001 0.000002 0.866025
vn -0.375753 0.900970 -0.216940
vn -0.375753 0.900970 -0.216940
vn -0.375753 0.900970 -0.216940
vn -0.375753 0.900970 -0.216940
vn 0.500001 0.000000 -0.866025
vn 0.500001 0.000000 -0.866025
vn 0.375755 -0.900969 0.216942
vn 0.375755 -0.900968 0.216942
vn 0.375755 -0.900969 0.216942
vn 0.375755 -0.900968 0.216942
vn -0.499998 0.000000 0.866026
vn -0.499998 0.000000 0.866026
vn 0.375753 0.900969 0.216943
vn 0.375753 0.900969 0.216943
vn 0.375753 0.900969 0.216943
vn 0.375753 0.900969 0.216943
vn 0.499999 -0.000002 -0.866026
vn 0.499999 -0.000002 -0.866026
vn -0.375753 -0.900969 -0.216942
vn -0.375753 -0.900969 -0.216942
vn -0.375753 -0.900969 -0.216942
vn -0.375753 -0.900969 -0.216942
vn -0.499999 0.000001 0.866026
vn -0.499999 0.000001 0.866026
vn 0.844314 0.222517 0.487464
vn 0.844314 0.222517 0.487464
vn 0.844314 0.222517 0.487464
vn 0.844314 0.222517 0.487464
vn 0.499998 -0.000002 -0.866027
vn 0.499998 -0.000002 -0.866027
vn -0.844313 -0.222521 -0.487464
vn -0.844313 -0.222521 -0.487464
vn -0.844313 -0.222521 -0.487464
vn -0.844313 -0.222521 -0.487464
vn -0.367085 -0.055184 0.928549
vn -0.225110 -0.109009 0.968216
vn -0.225110 -0.109009 0.968216
vn -0.367085 -0.055184 0.928549
vn -0.077602 -0.160147 0.984038
vn -0.077601 -0.160147 0.984038
vn 0.071801 -0.207337 0.975631
vn 0.071802 -0.207337 0.975631
vn 0.219455 -0.249429 0.943199
vn 0.219454 -0.249429 0.943199
vn 0.361706 -0.285387 0.887538
vn 0.361705 -0.285387 0.887538
vn 0.495035 -0.314307 0.810032
vn 0.495035 -0.314307 0.810032
vn 0.616180 -0.335488 0.712580
vn 0.616180 -0.335488 0.712580
vn 0.722156 -0.348414 0.597577
vn 0.722156 -0.348414 0.597577
vn 0.810356 -0.352755 0.467855
vn 0.810356 -0.352755 0.467855
vn 0.878595 -0.348410 0.326620
vn 0.878595 -0.348410 0.326620
vn 0.925201 -0.335491 0.177336
vn 0.925201 -0.335491 0.177336
vn 0.949027 -0.314304 0.023696
vn 0.949027 -0.314304 0.023696
vn 0.949485 -0.285382 -0.130517
vn 0.949485 -0.285382 -0.130518
vn 0.926563 -0.249438 -0.281533
vn 0.926563 -0.249438 -0.281534
vn 0.880819 -0.207343 -0.425638
vn 0.880819 -0.207343 -0.425637
vn 0.813389 -0.160147 -0.559242
vn 0.813389 -0.160147 -0.559241
vn 0.725940 -0.109006 -0.679064
vn 0.725940 -0.109006 -0.679065
vn 0.620619 -0.055187 -0.782168
vn 0.620618 -0.055187 -0.782168
vn 0.500003 -0.000000 -0.866024
vn 0.500003 -0.000000 -0.866024
vn 0.367069 0.055189 -0.928555
vn 0.367069 0.055189 -0.928555
vn 0.225106 0.109010 -0.968217
vn 0.225105 0.109010 -0.968217
vn 0.077613 0.160145 -0.984037
vn 0.077612 0.160146 -0.984037
vn -0.071803 0.207341 -0.975630
vn -0.071804 0.207341 -0.975630
vn -0.219455 0.249436 -0.943197
vn -0.219454 0.249436 -0.943198
vn -0.361696 0.285386 -0.887542
vn -0.361695 0.285386 -0.887542
vn -0.495027 0.314310 -0.810036
vn -0.495027 0.314310 -0.810036
vn -0.616177 0.335492 -0.712580
vn -0.616178 0.335492 -0.712580
vn -0.722164 0.348410 -0.597570
vn -0.722163 0.348410 -0.597570
vn -0.810355 0.352751 -0.467858
vn -0.810355 0.352751 -0.467858
vn -0.878594 0.348410 -0.326626
vn -0.878594 0.348410 -0.326625
vn -0.925202 0.335487 -0.177339
vn -0.925202 0.335487 -0.177339
vn -0.949026 0.314307 -0.023698
vn -0.949026 0.314307 -0.023699
vn -0.949483 0.285383 0.130530
vn -0.949483 0.285383 0.130530
vn -0.926562 0.249431 0.281546
vn -0.926561 0.249431 0.281546
vn -0.880823 0.207348 0.425627
vn -0.880823 0.207348 0.425627
vn -0.813398 0.160151 0.559227
vn -0.813399 0.160152 0.559226
vn -0.725942 0.109008 0.679062
vn -0.725942 0.109008 0.679062
vn -0.620610 0.055183 0.782176
vn -0.620610 0.055183 0.782176
vn -0.500010 0.000003 0.866019
vn -0.500010 0.000003 0.866020
vn -0.305502 -0.935712 -0.176386
vn -0.305500 -0.935714 -0.176379
vn -0.305494 -0.935716 -0.176378
vn -0.305481 -0.935721 -0.176373
vn -0.305478 -0.935723 -0.176369
vn -0.305497 -0.935714 -0.176383
vn -0.305503 -0.935712 -0.176386
vn -0.305498 -0.935715 -0.176376
vn -0.305499 -0.935716 -0.176368
vn -0.305494 -0.935714 -0.176387
vn -0.305493 -0.935718 -0.176368
vn -0.305498 -0.935716 -0.176369
vn -0.305495 -0.935714 -0.176385
vn -0.305495 -0.935717 -0.176369
vn -0.305499 -0.935713 -0.176386
vn -0.305497 -0.935713 -0.176386
vn -0.305488 -0.935720 -0.176366
vn -0.305491 -0.935719 -0.176366
vn -0.305497 -0.935714 -0.176384
vn -0.305496 -0.935714 -0.176384
vn -0.305494 -0.935716 -0.176379
vn -0.305501 -0.935713 -0.176382
vn -0.305502 -0.935713 -0.176380
vn -0.305489 -0.935718 -0.176373
vn -0.305485 -0.935721 -0.176368
vn -0.305498 -0.935716 -0.176371
vn -0.305493 -0.935719 -0.176366
vn -0.305484 -0.935718 -0.176381
vn -0.305488 -0.935717 -0.176381
vn -0.305493 -0.935719 -0.176365
vn -0.305496 -0.935717 -0.176370
vn -0.305493 -0.935715 -0.176384
vn -0.305495 -0.935715 -0.176383
vn -0.305494 -0.935715 -0.176382
vn -0.305496 -0.935714 -0.176384
vn -0.305497 -0.935713 -0.176386
vn -0.305494 -0.935715 -0.176384
vn -0.305489 -0.935717 -0.176381
vn -0.305499 -0.935710 -0.176402
vn -0.305503 -0.935711 -0.176389
vn -0.305494 -0.935717 -0.176371
vn 0.305502 0.935715 0.176371
vn 0.305501 0.935711 0.176394
vn 0.305493 0.935717 0.176373
vn 0.305475 0.935722 0.176376
vn 0.305487 0.935720 0.176372
vn 0.305502 0.935717 0.176361
vn 0.305499 0.935718 0.176357
vn 0.305485 0.935718 0.176381
vn 0.305484 0.935718 0.176381
vn 0.305492 0.935718 0.176368
vn 0.305496 0.935717 0.176371
vn 0.305484 0.935722 0.176363
vn 0.305488 0.935720 0.176364
vn 0.305498 0.935717 0.176368
vn 0.305497 0.935717 0.176369
vn 0.305494 0.935718 0.176368
vn 0.305486 0.935721 0.176366
vn 0.305484 0.935721 0.176369
vn 0.305499 0.935710 0.176402
vn 0.305498 0.935716 0.176371
vn 0.305495 0.935720 0.176356
vn 0.305490 0.935717 0.176381
vn 0.305492 0.935717 0.176373
vn 0.305510 0.935710 0.176382
vn 0.305497 0.935713 0.176388
vn 0.305475 0.935720 0.176388
vn 0.305484 0.935720 0.176374
vn 0.305499 0.935717 0.176365
vn 0.305498 0.935711 0.176396
vn 0.305490 0.935719 0.176369
vn 0.305493 0.935724 0.176338
vn 0.305503 0.935715 0.176369
vn 0.305498 0.935710 0.176400
vn 0.305493 0.935712 0.176400
vn 0.305492 0.935718 0.176369
vn 0.305491 0.935719 0.176368
vn 0.305498 0.935717 0.176368
vn 0.305506 0.935714 0.176371
vn 0.305502 0.935720 0.176340
vn 0.305492 0.935719 0.176366
vn 0.305475 0.935722 0.176376
vn -0.873589 0.000000 -0.486665
vn -0.873589 0.000000 -0.486665
vn -0.873589 0.000000 -0.486664
vn -0.873589 0.000000 -0.486664
vn -0.497456 0.000000 0.867490
vn -0.497456 0.000000 0.867490
vn -0.497457 0.000000 0.867489
vn -0.497457 0.000000 0.867489
vn 0.500000 0.000000 -0.866025
vn 0.500000 0.000000 -0.866025
vn 0.500002 0.000000 -0.866025
vn 0.500002 0.000000 -0.866024
vn 0.000000 -1.000000 0.000000
vn 0.000000 -1.000000 0.000000
vn 0.000000 -1.000000 0.000000
vn 0.000000 -1.000000 0.000000
vn 0.000000 -1.000000 0.000000
vn 0.000000 -1.000000 0.000000
vn 0.000000 -1.000000 0.000000
vn 0.000000 -1.000000 0.000000
vn 0.841226 0.000000 -0.540683
vn 0.841226 0.000000 -0.540683
vn 0.841226 0.000000 -0.540683
vn 0.841226 0.000000 -0.540683
vn -0.009545 0.000000 0.999955
vn -0.009545 0.000000 0.999954
vn -0.009546 0.000000 0.999955
vn -0.009546 0.000000 0.999954
vn 0.000000 1.000000 0.000000
vn 0.000000 1.000000 0.000000
vn 0.000000 1.000000 0.000000
vn 0.000000 1.000000 0.000000
vn 0.000000 1.000000 0.000000
vn 0.000000 1.000000 0.000000
vn 0.000000 1.000000 0.000000
vn 0.000000 1.000000 0.000000
vn -0.512485 0.000000 -0.858696
vn -0.512485 0.000000 -0.858696
vn -0.512485 0.000000 -0.858696
vn -0.512485 0.000000 -0.858696
vn -0.999519 0.000000 -0.031030
vn -0.999519 0.000000 -0.031030
vn -0.999518 0.000000 -0.031030
vn -0.999519 0.000000 -0.031030
vn 0.500001 0.000000 -0.866025
vn 0.500001 0.000000 -0.866025
vn 0.500001 0.000000 -0.866025
vn 0.500001 0.000000 -0.866025
vn -0.512486 0.000000 -0.858696
vn -0.512486 0.000000 -0.858696
vn -0.512486 0.000000 -0.858695
vn -0.512486 0.000000 -0.858695
vn -0.873589 0.000000 -0.486665
vn -0.873589 0.000000 -0.486665
vn -0.873589 0.000000 -0.486665
vn -0.873589 0.000000 -0.486665
vn -0.999518 0.000000 -0.031030
vn -0.999518 0.000000 -0.031030
vn -0.999519 0.000000 -0.031030
vn -0.999518 0.000000 -0.031030
vn -0.497457 0.000000 0.867489
vn -0.497457 0.000000 0.867489
vn -0.497456 0.000000 0.867489
vn -0.497456 0.000000 0.867489
vn -0.009544 0.000000 0.999954
vn -0.009544 0.000000 0.999954
vn -0.009544 0.000000 0.999954
vn -0.009544 0.000000 0.999954
vn 0.841226 0.000000 -0.540683
vn 0.841226 0.000000 -0.540683
vn 0.841226 0.000000 -0.540683
vn 0.841226 0.000000 -0.540683
vn 0.841226 0.000000 -0.540684
vn 0.841226 0.000000 -0.540683
vn 0.500001 0.000000 -0.866025
vn 0.500001 0.000000 -0.866025
vn -0.512485 0.000000 -0.858696
vn -0.512485 0.000000 -0.858696
vn -0.873589 0.000000 -0.486664
vn -0.873589 0.000000 -0.486664
vn -0.999518 0.000000 -0.031030
vn -0.999519 0.000000 -0.031030
vn -0.497456 0.000000 0.867489
vn -0.497456 0.000000 0.867489
vn -0.009544 0.000000 0.999954
vn -0.009544 0.000000 0.999954
vn 0.863717 0.000000 0.503978
vn 0.863717 0.000000 0.503978
vn 0.863717 0.000000 0.503978
vn 0.863717 0.000000 0.503978
vn 0.841231 0.000000 -0.540676
vn 0.841231 0.000000 -0.540676
vn 0.841231 0.000000 -0.540676
vn 0.841231 0.000000 -0.540676
vn 0.500000 0.000000 -0.866026
vn 0.500000 0.000000 -0.866026
vn 0.500000 0.000000 -0.866026
vn 0.500000 0.000000 -0.866026
vn -0.512488 0.000000 -0.858695
vn -0.512488 0.000000 -0.858695
vn -0.512488 0.000000 -0.858695
vn -0.512488 0.000000 -0.858695
vn -0.873590 0.000000 -0.486662
vn -0.873590 0.000000 -0.486662
vn -0.873590 0.000000 -0.486662
vn -0.873590 0.000000 -0.486662
vn -0.999518 0.000000 -0.031042
vn -0.999518 0.000000 -0.031042
vn -0.999518 0.000000 -0.031042
vn -0.999518 0.000000 -0.031042
vn -0.497460 0.000000 0.867487
vn -0.497460 0.000000 0.867487
vn -0.497460 0.000000 0.867487
vn -0.497460 0.000000 0.867487
vn -0.009544 0.000000 0.999955
vn -0.009544 0.000000 0.999955
vn -0.009544 0.000000 0.999955
vn -0.009544 0.000000 0.999955
vn 0.863718 0.000000 0.503975
vn 0.863718 0.000000 0.503975
vn 0.863718 0.000000 0.503975
vn 0.863718 0.000000 0.503975
vn 0.841235 0.000000 -0.540670
vn 0.841235 0.000000 -0.540670
vn 0.841235 0.000000 -0.540670
vn 0.841235 0.000000 -0.540670
vn 0.863717 0.000000 0.503976
vn 0.863717 0.000000 0.503976
vn 0.863717 0.000000 0.503976
vn 0.863717 0.000000 0.503976
vn -0.009539 0.000000 0.999955
vn -0.009539 0.000000 0.999955
vn -0.009539 0.000000 0.999955
vn -0.009539 0.000000 0.999955
vn -0.497463 0.000000 0.867485
vn -0.497463 0.000000 0.867485
vn -0.497463 0.000000 0.867485
vn -0.497463 0.000000 0.867485
vn -0.999518 0.000000 -0.031038
vn -0.999518 0.000000 -0.031038
vn -0.999518 0.000000 -0.031038
vn -0.999518 0.000000 -0.031038
vn -0.873590 0.000000 -0.486663
vn -0.873590 0.000000 -0.486663
vn -0.873590 0.000000 -0.486663
vn -0.873590 0.000000 -0.486663
vn -0.512492 0.000000 -0.858692
vn -0.512492 0.000000 -0.858692
vn -0.512491 0.000000 -0.858692
vn -0.512491 0.000000 -0.858692
vn 0.500002 0.000000 -0.866024
vn 0.500002 0.000000 -0.866024
vn 0.500002 0.000000 -0.866024
vn 0.500002 0.000000 -0.866024
vn -0.512486 0.000000 -0.858696
vn -0.512486 0.000000 -0.858696
vn -0.512486 0.000000 -0.858696
vn -0.512486 0.000000 -0.858696
vn -0.873589 0.000000 -0.486664
vn -0.873589 0.000000 -0.486664
vn -0.873589 0.000000 -0.486664
vn -0.873589 0.000000 -0.486664
vn -0.999518 0.000000 -0.031030
vn -0.999518 0.000000 -0.031030
vn -0.999519 0.000000 -0.031030
vn -0.999519 0.000000 -0.031030
vn -0.497457 0.000000 0.867489
vn -0.497457 0.000000 0.867489
vn -0.497457 0.000000 0.867488
vn -0.497457 0.000000 0.867488
vn -0.009543 0.000000 0.999954
vn -0.009543 0.000000 0.999954
vn -0.009543 0.000000 0.999954
vn -0.009543 0.000000 0.999954
vn 0.863720 0.000000 0.503973
vn 0.863720 0.000000 0.503973
vn 0.863719 0.000000 0.503975
vn 0.863719 0.000000 0.503975
vn 0.841227 0.000000 -0.540682
vn 0.841227 0.000000 -0.540682
vn 0.841227 0.000000 -0.540682
vn 0.841227 0.000000 -0.540682
vn 0.500001 0.000000 -0.866025
vn 0.500001 0.000000 -0.866025
vn 0.500001 0.000000 -0.866025
vn 0.500001 0.000000 -0.866025
vn 0.841226 0.000000 -0.540684
vn 0.841226 0.000000 -0.540684
vn 0.863717 0.000000 0.503978
vn 0.863716 0.000000 0.503978
vn 0.863717 0.000000 0.503978
vn 0.863716 0.000000 0.503978
vn -0.009545 0.000000 0.999954
vn -0.009545 0.000000 0.999954
vn -0.497456 0.000000 0.867489
vn -0.497456 0.000000 0.867489
vn -0.999519 0.000000 -0.031030
vn -0.999519 0.000000 -0.031030
vn -0.873589 0.000000 -0.486665
vn -0.873589 0.000000 -0.486665
vn -0.512485 0.000000 -0.858696
vn -0.512485 0.000000 -0.858696
vn 0.500000 0.000000 -0.866026
vn 0.500000 0.000000 -0.866026
vn 0.000000 1.000000 0.000000
vn 0.000000 1.000000 0.000000
vn 0.000000 1.000000 0.000000
vn 0.000000 1.000000 0.000000
vn -0.000002 -1.000000 -0.000004
vn -0.000002 -1.000000 -0.000004
vn -0.000002 -1.000000 -0.000004
vn -0.000002 -1.000000 -0.000004
vn -0.000001 -1.000000 0.000007
vn -0.000001 -1.000000 0.000007
vn -0.000001 -1.000000 0.000007
vn -0.000001 -1.000000 0.000007
vn 0.000000 1.000000 -0.000003
vn 0.000000 1.000000 -0.000003
vn 0.000000 1.000000 -0.000003
vn 0.000000 1.000000 -0.000003
vn 0.000000 1.000000 -0.000004
vn 0.000000 1.000000 -0.000004
vn 0.000000 1.000000 -0.000004
vn 0.000000 1.000000 -0.000004
vn 0.000005 -1.000000 0.000001
vn 0.000005 -1.000000 0.000001
vn 0.000005 -1.000000 0.000001
vn 0.000005 -1.000000 0.000001
vn -0.000002 -1.000000 0.000000
vn -0.000002 -1.000000 0.000000
vn -0.000002 -1.000000 0.000000
vn -0.000002 -1.000000 0.000000
vn 0.000000 1.000000 0.000004
vn 0.000000 1.000000 0.000004
vn 0.000000 1.000000 0.000004
vn 0.000000 1.000000 0.000004
vn 0.000001 -1.000000 0.000008
vn 0.000001 -1.000000 0.000008
vn 0.000001 -1.000000 0.000008
vn 0.000001 -1.000000 0.000008
vn 0.000000 1.000000 0.000000
vn 0.000000 1.000000 0.000000
vn 0.000000 1.000000 0.000000
vn 0.000000 1.000000 0.000000
vn 0.000001 -1.000000 0.000001
vn 0.000001 -1.000000 0.000001
vn 0.000001 -1.000000 0.000001
vn 0.000001 -1.000000 0.000001
vn 0.000000 1.000000 0.000004
vn 0.000000 1.000000 0.000004
vn 0.000000 1.000000 0.000004
vn 0.000000 1.000000 0.000004
vn -0.000005 -1.000000 0.000004
vn -0.000005 -1.000000 0.000004
vn -0.000005 -1.000000 0.000004
vn -0.000005 -1.000000 0.000004
vn 0.000000 1.000000 0.000002
vn 0.000000 1.000000 0.000002
vn 0.000000 1.000000 0.000002
vn 0.000000 1.000000 0.000002
vn 0.000002 -1.000000 0.000000
vn 0.000002 -1.000000 0.000000
vn 0.000002 -1.000000 0.000000
vn 0.000002 -1.000000 0.000000
vn 0.000000 1.000000 0.000004
vn 0.000000 1.000000 0.000004
vn 0.000000 1.000000 0.000004
vn 0.000000 1.000000 0.000004
vn 0.000001 1.000000 0.000005
vn 0.000001 1.000000 0.000005
vn 0.000001 1.000000 0.000005
vn 0.000001 1.000000 0.000005
vn 0.000000 -1.000000 0.000000
vn 0.000000 -1.000000 0.000000
vn 0.000000 -1.000000 0.000000
vn 0.000000 -1.000000 0.000000
vn -0.000001 1.000000 0.000000
vn -0.000001 1.000000 0.000000
vn -0.000001 1.000000 0.000000
vn -0.000001 1.000000 0.000000
vn 0.000000 -1.000000 -0.000001
vn 0.000000 -1.000000 -0.000001
vn 0.000000 -1.000000 -0.000001
vn 0.000000 -1.000000 -0.000001
vn 0.000000 -1.000000 0.000000
vn 0.000000 -1.000000 0.000000
vn 0.000000 -1.000000 0.000000
vn 0.000000 -1.000000 0.000000
vn 0.000003 1.000000 -0.000001
vn 0.000003 1.000000 -0.000001
vn 0.000003 1.000000 -0.000001
vn 0.000003 1.000000 -0.000001
vn -0.000001 1.000000 0.000000
vn -0.000001 1.000000 0.000000
vn -0.000001 1.000000 0.000000
vn -0.000001 1.000000 0.000000
vn 0.000000 -1.000000 0.000001
vn 0.000000 -1.000000 0.000001
vn 0.000000 -1.000000 0.000001
vn 0.000000 -1.000000 0.000001
vn 0.000000 -1.000000 0.000000
vn 0.000000 -1.000000 0.000000
vn 0.000000 -1.000000 0.000000
vn 0.000000 -1.000000 0.000000
vn -0.000001 1.000000 -0.000002
vn -0.000001 1.000000 -0.000002
vn -0.000001 1.000000 -0.000002
vn -0.000001 1.000000 -0.000002
vn 0.000001 1.000000 0.000003
vn 0.000001 1.000000 0.000003
vn 0.000001 1.000000 0.000003
vn 0.000001 1.000000 0.000003
vn 0.000000 -1.000000 0.000000
vn 0.000000 -1.000000 0.000000
vn 0.000000 -1.000000 0.000000
vn 0.000000 -1.000000 0.000000
vn -0.000003 1.000000 0.000001
vn -0.000003 1.000000 0.000001
vn -0.000003 1.000000 0.000001
vn -0.000003 1.000000 0.000001
vn 0.000000 -1.000000 0.000003
vn 0.000000 -1.000000 0.000003
vn 0.000000 -1.000000 0.000003
vn 0.000000 -1.000000 0.000003
vn 0.000000 1.000000 0.000000
vn 0.000000 1.000000 0.000000
vn 0.000000 1.000000 0.000000
vn 0.000000 1.000000 0.000000
vn 0.000000 -1.000000 0.000001
vn 0.000000 -1.000000 0.000001
vn 0.000000 -1.000000 0.000001
vn 0.000000 -1.000000 0.000001
vn -0.000000 -1.000000 0.000002
vn -0.000000 -1.000000 0.000002
vn -0.000000 -1.000000 0.000002
vn -0.000000 -1.000000 0.000002
vn 0.500001 0.000000 -0.866025
vn 0.500001 0.000000 -0.866025
vn 0.500000 0.000000 -0.866026
vn 0.500000 0.000000 -0.866026
vn 0.000001 1.000000 0.000001
vn 0.000001 1.000000 0.000001
vn 0.000001 1.000000 0.000001
vn 0.000001 1.000000 0.000001
vn -0.500001 0.000000 0.866025
vn -0.499998 0.000000 0.866026
vn -0.499998 0.000000 0.866026
vn -0.500001 0.000000 0.866025
vn 0.000000 -1.000000 0.000000
vn 0.000000 -1.000000 0.000000
vn 0.000000 -1.000000 0.000000
vn 0.000000 -1.000000 0.000000
vn 0.500002 0.000000 -0.866024
vn 0.500002 0.000000 -0.866024
vn 0.500002 0.000000 -0.866024
vn 0.500002 0.000000 -0.866024
vn 0.000000 1.000000 0.000002
vn 0.000000 1.000000 0.000002
vn 0.000000 1.000000 0.000002
vn 0.000000 1.000000 0.000002
vn -0.499997 0.000000 0.866027
vn -0.499997 0.000000 0.866027
vn -0.500002 0.000000 0.866024
vn -0.500002 0.000000 0.866024
vn -0.000000 -1.000000 0.000000
vn -0.000000 -1.000000 0.000001
vn -0.000000 -1.000000 0.000001
vn -0.000000 -1.000000 0.000000
vn -0.255692 0.000000 -0.966758
vn -0.255724 0.000000 -0.966750
vn -0.255728 0.000000 -0.966749
vn -0.255702 0.000000 -0.966756
vn -0.000000 1.000000 -0.000004
vn -0.000000 1.000000 -0.000001
vn 0.000001 1.000000 -0.000001
vn -0.965092 0.000000 0.261910
vn -0.965092 0.000000 0.261910
vn -0.965115 0.000000 0.261828
vn -0.965116 0.000000 0.261823
vn 0.000000 -1.000000 0.000003
vn 0.000000 -1.000000 0.000003
vn 0.000000 -1.000000 0.000001
vn 0.000000 -1.000000 0.000001
vn -0.255726 0.000000 -0.966749
vn -0.255724 0.000000 -0.966750
vn -0.255724 0.000000 -0.966750
vn -0.255726 0.000000 -0.966749
vn 0.000000 1.000000 -0.000004
vn 0.000000 1.000000 -0.000000
vn 0.000000 1.000000 0.000000
vn 0.000000 1.000000 0.000000
vn -0.965092 0.000000 0.261909
vn -0.965092 0.000000 0.261909
vn -0.965093 0.000000 0.261908
vn -0.965093 0.000000 0.261908
vn -0.864414 0.000000 -0.502780
vn -0.864414 0.000000 -0.502780
vn -0.864415 0.000000 -0.502778
vn -0.864415 0.000000 -0.502778
vn 0.000001 1.000000 0.000000
vn -0.000001 1.000000 0.000000
vn 0.000000 1.000000 0.000006
vn 0.000000 1.000000 0.000002
vn -0.445308 0.000000 0.895378
vn -0.131324 0.000000 0.991340
vn -0.131325 0.000000 0.991339
vn -0.445309 0.000000 0.895377
vn 0.606849 0.000000 0.794817
vn 0.635894 0.000000 0.771777
vn 0.836714 0.000000 0.547641
vn 0.606852 0.000000 0.794815
vn -0.445310 0.000000 0.895377
vn -0.131321 0.000000 0.991340
vn -0.131321 0.000000 0.991340
vn -0.445308 0.000000 0.895378
vn 0.606851 0.000000 0.794815
vn 0.836716 0.000000 0.547637
vn 0.631857 0.000000 0.775085
vn 0.606850 0.000000 0.794816
vn -0.500001 0.000000 0.866025
vn -0.500000 0.000000 0.866025
vn -0.500000 0.000000 0.866025
vn -0.500005 0.000000 0.866023
vn -0.445308 0.000000 0.895378
vn -0.500000 0.000000 0.866026
vn -0.500000 0.000000 0.866026
vn -0.445307 0.000000 0.895378
vn 0.836717 0.000000 0.547636
vn 0.606849 0.000000 0.794818
vn 0.606848 0.000000 0.794818
vn 0.836717 0.000000 0.547636
vn -0.131321 0.000000 0.991340
vn -0.131321 0.000000 0.991340
vn 0.985479 0.000000 0.169797
vn 0.991127 0.000000 0.132920
vn 0.991127 0.000000 0.132920
vn 0.889748 0.000000 0.456453
vn 0.793847 0.000000 -0.608118
vn 0.552859 0.000000 -0.833275
vn 0.552862 0.000000 -0.833273
vn 0.793844 0.000000 -0.608121
vn 0.500000 0.000000 -0.866026
vn 0.500003 0.000000 -0.866024
vn 0.499995 0.000000 -0.866029
vn 0.499999 0.000000 -0.866026
vn 0.552859 0.000000 -0.833275
vn 0.552855 0.000000 -0.833278
vn 0.500000 0.000000 -0.866026
vn 0.552859 0.000000 -0.833275
vn 0.552860 0.000000 -0.833274
vn 0.500000 0.000000 -0.866025
vn 0.986357 0.000000 0.164618
vn 0.889750 0.000000 0.456447
vn 0.889750 0.000000 0.456447
vn 0.889751 0.000000 0.456447
vn 0.000001 1.000000 -0.000000
vn 0.000001 1.000000 -0.000000
vn 0.000000 -1.000000 0.000001
vn 0.000000 -1.000000 0.000001
vn 0.000000 -1.000000 0.000001
vn 0.000000 -1.000000 0.000001
vn 0.000000 -1.000000 0.000001
vn 0.000000 -1.000000 0.000001
vn 0.793847 0.000000 -0.608117
vn 0.793847 0.000000 -0.608117
vn 0.991127 0.000000 0.132920
vn 0.991127 0.000000 0.132920
vn 0.991127 0.000000 0.132920
vn 0.991127 0.000000 0.132920
vn 0.793847 0.000000 -0.608118
vn 0.793848 0.000000 -0.608117
vn -0.512485 0.000000 -0.858696
vn -0.512485 0.000000 -0.858696
vn -0.873589 0.000000 -0.486664
vn -0.873589 0.000000 -0.486664
vn -0.999518 0.000000 -0.031030
vn -0.999519 0.000000 -0.031030
vn -0.497457 0.000000 0.867489
vn -0.497457 0.000000 0.867489
vn -0.009546 0.000000 0.999954
vn -0.009546 0.000000 0.999955
vn -0.499998 0.000000 0.866026
vn -0.499998 0.000000 0.866026
vn -0.965092 0.000000 0.261910
vn -0.965114 0.000000 0.261828
vn -0.500000 0.000000 0.866025
vn -0.445307 0.000000 0.895378
vn -0.131324 0.000000 0.991340
vn 0.606849 0.000000 0.794817
vn 0.614832 0.000000 0.788658
vn 0.989727 0.000000 0.142971
vn 0.991127 0.000000 0.132920
vn 0.793847 0.000000 -0.608118
vn 0.552859 0.000000 -0.833275
vn 0.500000 0.000000 -0.866026
vn -0.255692 0.000000 -0.966758
vn -0.255724 0.000000 -0.966750
vn 0.500001 0.000000 -0.866025
vn 0.500001 0.000000 -0.866025
vn 0.841226 0.000000 -0.540684
vn 0.841226 0.000000 -0.540684
vn 0.500002 0.000000 -0.866024
vn 0.500002 0.000000 -0.866025
vn 0.841226 0.000000 -0.540683
vn 0.841226 0.000000 -0.540683
vn 0.500001 0.000000 -0.866025
vn 0.500001 0.000000 -0.866025
vn -0.255724 0.000000 -0.966750
vn -0.255724 0.000000 -0.966750
vn 0.499999 0.000000 -0.866026
vn 0.552859 0.000000 -0.833275
vn 0.793848 0.000000 -0.608117
vn 0.991127 0.000000 0.132920
vn 0.989569 0.000000 0.144057
vn 0.615693 0.000000 0.787986
vn 0.606850 0.000000 0.794816
vn -0.131321 0.000000 0.991340
vn -0.445307 0.000000 0.895378
vn -0.500000 0.000000 0.866025
vn -0.965092 0.000000 0.261909
vn -0.965092 0.000000 0.261909
vn -0.499997 0.000000 0.866027
vn -0.499997 0.000000 0.866027
vn -0.009544 0.000000 0.999954
vn -0.009544 0.000000 0.999954
vn -0.497457 0.000000 0.867489
vn -0.497457 0.000000 0.867489
vn -0.999519 0.000000 -0.031030
vn -0.999518 0.000000 -0.031030
vn -0.873589 0.000000 -0.486665
vn -0.873589 0.000000 -0.486665
vn -0.512486 0.000000 -0.858695
vn -0.512486 0.000000 -0.858695
vn 0.500001 0.000000 -0.866025
vn 0.500001 0.000000 -0.866025
vn -0.499983 0.000000 0.866035
vn -0.499983 0.000000 0.866035
vn -0.965093 0.000000 0.261906
vn -0.965116 0.000000 0.261824
vn -0.255726 0.000000 -0.966749
vn -0.255696 0.000000 -0.966757
vn 0.500013 0.000000 -0.866018
vn 0.500013 0.000000 -0.866018
vn 0.499987 0.000000 -0.866033
vn 0.499987 0.000000 -0.866033
vn -0.255734 0.000000 -0.966747
vn -0.255734 0.000000 -0.966747
vn -0.965093 0.000000 0.261908
vn -0.965093 0.000000 0.261908
vn -0.500009 0.000000 0.866020
vn -0.500009 0.000000 0.866020
vn 0.000000 1.000000 0.000012
vn 0.000000 1.000000 0.000012
vn 0.000000 1.000000 0.000004
vn 0.000000 1.000000 0.000004
vn -0.864353 0.000000 -0.502886
vn -0.864353 0.000000 -0.502886
vn 0.000000 -1.000000 0.000000
vn 0.000000 -1.000000 0.000000
vn 0.000000 -1.000000 0.000000
vn 0.000000 -1.000000 0.000000
vn 0.863654 0.000000 0.504085
vn 0.863654 0.000000 0.504085
vn 0.863635 0.000000 0.504118
vn 0.863635 0.000000 0.504118
vn 0.000000 -1.000000 0.000008
vn 0.000000 -1.000000 0.000008
vn 0.000000 -1.000000 0.000000
vn 0.000000 -1.000000 0.000000
vn -0.864409 0.000000 -0.502790
vn -0.864409 0.000000 -0.502790
vn 0.000000 1.000000 -0.000046
vn 0.000000 1.000000 -0.000046
vn 0.000000 1.000000 0.000000
vn 0.000000 1.000000 0.000000
vn -0.965090 0.000000 0.261919
vn -0.965090 0.000000 0.261918
vn -0.965090 0.000000 0.261918
vn -0.965091 0.000000 0.261914
vn 0.000000 -1.000000 0.000000
vn -0.000000 -1.000000 0.000002
vn -0.000000 -1.000000 0.000002
vn 0.000000 -1.000000 0.000000
vn -0.255729 0.000000 -0.966749
vn -0.255727 0.000000 -0.966749
vn -0.255727 0.000000 -0.966749
vn -0.255731 0.000000 -0.966748
vn 0.000001 1.000000 -0.000005
vn 0.000001 1.000000 -0.000005
vn 0.000000 1.000000 0.000000
vn 0.000001 1.000000 0.000000
vn 0.864085 -0.000002 0.503346
vn 0.864085 -0.000002 0.503346
vn 0.864085 -0.000002 0.503346
vn 0.864085 -0.000002 0.503346
vn 0.866024 0.000000 0.500002
vn 0.866024 0.000000 0.500002
vn 0.866024 0.000000 0.500002
vn 0.866024 0.000000 0.500002
vn 0.864085 0.000000 0.503345
vn 0.864085 0.000000 0.503345
vn 0.864085 0.000000 0.503345
vn 0.864085 0.000000 0.503345
vn 0.866025 0.000000 0.500001
vn 0.866025 0.000000 0.500001
vn 0.866025 0.000000 0.500001
vn 0.866025 0.000000 0.500001
vn 0.864106 -0.000000 0.503309
vn 0.864106 -0.000000 0.503309
vn 0.864106 -0.000000 0.503309
vn 0.864106 -0.000000 0.503309
vn 0.866023 0.000000 0.500004
vn 0.866023 0.000000 0.500004
vn 0.866023 0.000000 0.500004
vn 0.866023 0.000000 0.500004
vn 0.864106 0.000000 0.503310
vn 0.864106 0.000000 0.503310
vn 0.864106 0.000000 0.503310
vn 0.864106 0.000000 0.503310
vn 0.866024 0.000000 0.500003
vn 0.866024 0.000000 0.500003
vn 0.866024 0.000000 0.500003
vn 0.866024 0.000000 0.500003
vn -0.377906 -0.899170 -0.220636
vn -0.377906 -0.899170 -0.220636
vn -0.377906 -0.899170 -0.220636
vn -0.377906 -0.899170 -0.220636
vn 0.500000 0.000000 -0.866025
vn 0.500001 0.000000 -0.866025
vn 0.500001 0.000000 -0.866025
vn 0.500001 0.000000 -0.866025
vn 0.718617 0.554582 0.419557
vn 0.718617 0.554582 0.419557
vn 0.718617 0.554582 0.419557
vn 0.718617 0.554582 0.419557
vn -0.500001 0.000000 0.866025
vn -0.500001 0.000000 0.866025
vn -0.500001 0.000000 0.866025
vn -0.500001 0.000000 0.866025
vn -0.324365 0.926792 -0.189324
vn -0.324365 0.926792 -0.189324
vn -0.324365 0.926792 -0.189324
vn -0.324365 0.926792 -0.189324
vn -0.500000 0.000000 0.866025
vn -0.500000 0.000000 0.866025
vn -0.500000 0.000000 0.866025
vn -0.500000 0.000000 0.866025
vn 0.718671 -0.554582 0.419466
vn 0.718671 -0.554582 0.419466
vn 0.718671 -0.554582 0.419466
vn 0.718671 -0.554582 0.419466
vn 0.499999 0.000000 -0.866026
vn 0.499999 0.000000 -0.866026
vn 0.499999 0.000000 -0.866026
vn 0.499999 0.000000 -0.866026
vn -0.201595 -0.972372 -0.117699
vn -0.201595 -0.972372 -0.117699
vn -0.201595 -0.972372 -0.117699
vn -0.201595 -0.972372 -0.117699
vn 0.500000 0.000001 -0.866026
vn 0.500000 0.000001 -0.866026
vn 0.500000 0.000001 -0.866026
vn 0.500000 0.000001 -0.866026
vn 0.572086 0.749104 0.334008
vn 0.572086 0.749104 0.334008
vn 0.572086 0.749104 0.334008
vn 0.572086 0.749104 0.334008
vn -0.500000 0.000000 0.866025
vn -0.500000 0.000000 0.866025
vn -0.500000 0.000000 0.866025
vn -0.500000 0.000000 0.866025
vn -0.169297 0.980599 -0.098815
vn -0.169297 0.980599 -0.098815
vn -0.169297 0.980599 -0.098815
vn -0.169297 0.980599 -0.098815
vn -0.500000 0.000000 0.866026
vn -0.500000 0.000000 0.866025
vn -0.500000 0.000000 0.866025
vn -0.500000 0.000000 0.866026
vn 0.572128 -0.749105 0.333933
vn 0.572128 -0.749105 0.333933
vn 0.572128 -0.749105 0.333933
vn 0.572128 -0.749105 0.333933
vn 0.500001 -0.000001 -0.866025
vn 0.500001 -0.000001 -0.866025
vn 0.500001 -0.000001 -0.866025
vn 0.500001 -0.000001 -0.866025
vn 0.583569 0.738870 0.336924
vn 0.583569 0.738870 0.336924
vn 0.583569 0.738870 0.336924
vn 0.583569 0.738870 0.336924
vn 0.865109 0.045984 0.499472
vn 0.865109 0.045984 0.499472
vn 0.865109 0.045984 0.499472
vn 0.865109 0.045984 0.499472
vn 0.639882 -0.673845 0.369437
vn 0.639882 -0.673845 0.369437
vn 0.639882 -0.673845 0.369437
vn 0.639882 -0.673845 0.369437
vn 0.039818 -0.998942 0.022991
vn 0.039818 -0.998942 0.022991
vn 0.039818 -0.998942 0.022991
vn 0.039818 -0.998942 0.022991
vn -0.865109 -0.045989 -0.499471
vn -0.865109 -0.045989 -0.499471
vn -0.865109 -0.045989 -0.499471
vn -0.865109 -0.045989 -0.499471
vn -0.039820 0.998942 -0.022991
vn -0.039820 0.998942 -0.022991
vn -0.039820 0.998942 -0.022991
vn -0.039820 0.998942 -0.022991
vn -0.499998 0.000000 0.866027
vn -0.499999 -0.000002 0.866026
vn -0.499999 -0.000000 0.866026
vn -0.500001 0.000000 0.866025
vn -0.500001 -0.000001 0.866025
vn -0.499999 0.000001 0.866026
vn -0.499999 0.000000 0.866026
vn -0.499999 0.000000 0.866026
vn -0.500000 0.000000 0.866025
vn 0.500001 0.000002 -0.866025
vn 0.500000 -0.000001 -0.866025
vn 0.500001 0.000000 -0.866025
vn 0.500001 -0.000000 -0.866025
vn 0.500003 0.000000 -0.866024
vn 0.500001 0.000001 -0.866025
vn 0.500000 0.000001 -0.866026
vn 0.500000 -0.000002 -0.866025
vn 0.500001 0.000001 -0.866025
vn 0.410803 0.091930 -0.907078
vn 0.410803 0.091930 -0.907078
vn 0.410803 0.091930 -0.907078
vn 0.410803 0.091930 -0.907078
vn 0.571657 0.750401 0.331823
vn 0.571657 0.750401 0.331823
vn 0.571657 0.750401 0.331823
vn 0.571657 0.750401 0.331823
vn -0.583860 0.096458 0.806104
vn -0.583860 0.096458 0.806104
vn -0.583859 0.096458 0.806104
vn -0.583859 0.096458 0.806104
vn -0.577440 -0.744457 -0.335181
vn -0.577440 -0.744457 -0.335181
vn -0.577440 -0.744457 -0.335181
vn -0.577440 -0.744457 -0.335181
vn -0.558982 -0.066437 0.826514
vn -0.558982 -0.066437 0.826514
vn -0.558982 -0.066437 0.826514
vn -0.558982 -0.066437 0.826514
vn 0.505598 -0.811328 0.293457
vn 0.505598 -0.811328 0.293457
vn 0.505598 -0.811328 0.293457
vn 0.505598 -0.811328 0.293457
vn 0.441160 -0.061524 -0.895317
vn 0.441160 -0.061524 -0.895317
vn 0.441160 -0.061524 -0.895317
vn 0.441160 -0.061524 -0.895317
vn -0.308478 0.934230 -0.179043
vn -0.308478 0.934229 -0.179043
vn -0.308478 0.934230 -0.179043
vn -0.308478 0.934230 -0.179043
vn 0.583571 0.738871 0.336920
vn 0.583571 0.738871 0.336920
vn 0.583571 0.738871 0.336920
vn 0.583571 0.738871 0.336920
vn 0.865110 0.045985 0.499471
vn 0.865110 0.045985 0.499470
vn 0.865110 0.045985 0.499471
vn 0.865110 0.045985 0.499470
vn 0.639886 -0.673843 0.369435
vn 0.639886 -0.673843 0.369435
vn 0.639886 -0.673843 0.369435
vn 0.639886 -0.673843 0.369435
vn 0.039817 -0.998943 0.022989
vn 0.039817 -0.998942 0.022989
vn 0.039817 -0.998943 0.022989
vn 0.039817 -0.998942 0.022989
vn -0.583570 -0.738871 -0.336922
vn -0.583570 -0.738871 -0.336922
vn -0.583570 -0.738871 -0.336922
vn -0.583570 -0.738871 -0.336922
vn -0.865110 -0.045994 -0.499469
vn -0.865110 -0.045994 -0.499469
vn -0.865110 -0.045994 -0.499469
vn -0.865110 -0.045994 -0.499469
vn -0.639882 0.673848 -0.369432
vn -0.639882 0.673848 -0.369432
vn -0.639882 0.673848 -0.369432
vn -0.639882 0.673848 -0.369432
vn -0.039821 0.998942 -0.022992
vn -0.039821 0.998942 -0.022992
vn -0.039821 0.998942 -0.022992
vn -0.039821 0.998942 -0.022992
vn 0.583567 0.738875 0.336918
vn 0.583567 0.738875 0.336918
vn 0.583567 0.738875 0.336918
vn 0.583567 0.738875 0.336918
vn 0.865111 0.045972 0.499470
vn 0.865111 0.045972 0.499470
vn 0.865111 0.045972 0.499470
vn 0.865111 0.045972 0.499470
vn 0.639880 -0.673850 0.369433
vn 0.639880 -0.673850 0.369433
vn 0.639880 -0.673850 0.369433
vn 0.639880 -0.673850 0.369433
vn 0.039821 -0.998942 0.022987
vn 0.039821 -0.998942 0.022987
vn 0.039821 -0.998942 0.022987
vn 0.039821 -0.998942 0.022987
vn -0.583573 -0.738868 -0.336923
vn -0.583573 -0.738868 -0.336923
vn -0.583573 -0.738868 -0.336923
vn -0.583573 -0.738868 -0.336923
vn -0.865113 -0.045989 -0.499464
vn -0.865113 -0.045989 -0.499464
vn -0.865113 -0.045989 -0.499464
vn -0.865113 -0.045989 -0.499464
vn -0.639879 0.673850 -0.369434
vn -0.639879 0.673850 -0.369433
vn -0.639879 0.673850 -0.369434
vn -0.639879 0.673850 -0.369433
vn -0.039821 0.998942 -0.022987
vn -0.039821 0.998942 -0.022987
vn -0.039821 0.998942 -0.022987
vn -0.039821 0.998942 -0.022987
vn -0.150372 -0.000315 -0.988629
vn -0.448698 -0.000316 -0.893683
vn -0.593338 0.293492 -0.749541
vn -0.731580 0.535152 -0.422377
vn -0.815597 0.336259 -0.470885
vn -0.945791 0.293492 -0.139075
vn -0.816661 -0.332797 -0.471499
vn -0.971210 -0.189447 -0.144435
vn -0.845146 -0.218259 -0.487945
vn -0.998302 -0.000316 0.058258
vn -0.931364 -0.000315 0.364089
vn -0.610689 -0.189447 -0.768875
vn -0.866026 0.000065 -0.500000
vn 0.150967 -0.000000 0.988539
vn 0.589938 -0.307430 0.746632
vn 0.436750 -0.000000 0.899583
vn 0.732028 -0.534336 0.422636
vn 0.941572 -0.307430 0.137586
vn 0.817699 -0.329379 0.472099
vn 0.816770 0.332439 0.471562
vn 0.845497 0.216441 0.488148
vn 0.970674 0.195058 0.140513
vn 0.931583 0.000000 -0.363529
vn 0.997437 -0.000000 -0.071555
vn 0.607025 0.195058 0.770372
vn 0.866025 -0.000000 0.500000
vn 0.834025 0.190243 -0.517889
vn 0.942249 0.000219 -0.334914
vn 0.942249 0.000321 -0.334913
vn 0.840787 0.193938 -0.505436
vn -0.031493 0.190243 0.981232
vn -0.203292 0.141992 0.968768
vn -0.203292 0.141992 0.968768
vn -0.017327 0.193939 0.980861
vn -0.214069 -0.231451 0.949002
vn -0.029239 -0.241118 0.970055
vn -0.027232 -0.241177 0.970099
vn -0.214069 -0.231451 0.949002
vn 0.181080 0.000219 0.983468
vn 0.181081 0.000321 0.983468
vn 0.825473 -0.241119 -0.510349
vn 0.826514 -0.241177 -0.508633
vn 0.737332 0.141992 -0.660439
vn 0.737332 0.141992 -0.660439
vn 0.714825 -0.231451 -0.659891
vn 0.714825 -0.231451 -0.659891
vn 0.000000 0.000000 0.000000
vn 0.000000 0.000000 0.000000
vn 0.000000 0.000000 0.000000
vn 0.000000 0.000000 0.000000
vn 0.000000 0.000000 0.000000
vn 0.000000 0.000000 0.000000
vn 0.000000 0.000000 0.000000
vn 0.000000 0.000000 0.000000
vn 0.000000 0.000000 0.000000
vn 0.000000 0.000000 0.000000
vn 0.000000 0.000000 0.000000
vn 0.000000 0.000000 0.000000
vn 0.000000 0.000000 0.000000
vn 0.000000 0.000000 0.000000
vn 0.000000 0.000000 0.000000
vn 0.000000 0.000000 0.000000
vn 0.000000 0.000000 0.000000
vn 0.000000 0.000000 0.000000
vn 0.000000 0.000000 0.000000
vn 0.000000 0.000000 0.000000
vn 0.000000 0.000000 0.000000
vn 0.000000 0.000000 0.000000
vn 0.000000 0.000000 0.000000
vn 0.000000 0.000000 0.000000
vn 0.000000 0.000000 0.000000
vn 0.000000 0.000000 0.000000
vn 0.000000 0.000000 0.000000
vn 0.000000 0.000000 0.000000
vn 0.000000 0.000000 0.000000
vn 0.000000 0.000000 0.000000
vn 0.000000 0.000000 0.000000
vn 0.000000 0.000000 0.000000
vn -0.845798 -0.156615 -0.509998
vn -0.845798 -0.156615 -0.509998
vn -0.845798 -0.156615 -0.509998
vn -0.845798 -0.156615 -0.509998
vn -0.285275 0.132940 -0.949181
vn -0.285275 0.132940 -0.949181
vn -0.285275 0.132940 -0.949181
vn -0.285275 0.132940 -0.949181
vn -0.522131 -0.036091 -0.852102
vn -0.522131 -0.036091 -0.852102
vn -0.522131 -0.036091 -0.852102
vn -0.522131 -0.036091 -0.852102
vn -0.864571 -0.156614 -0.477482
vn -0.864571 -0.156614 -0.477482
vn -0.864571 -0.156614 -0.477482
vn -0.864571 -0.156614 -0.477482
vn -0.841875 0.155813 -0.516691
vn -0.841875 0.155813 -0.516691
vn -0.841875 0.155813 -0.516691
vn -0.841875 0.155813 -0.516691
vn -0.868405 0.155813 -0.470739
vn -0.868405 0.155813 -0.470739
vn -0.868405 0.155813 -0.470739
vn -0.868405 0.155813 -0.470739
vn -0.964652 0.132940 0.227537
vn -0.964652 0.132940 0.227537
vn -0.964652 0.132940 0.227537
vn -0.964652 0.132940 0.227537
vn -0.999007 -0.036091 -0.026127
vn -0.999007 -0.036091 -0.026127
vn -0.999007 -0.036091 -0.026127
vn -0.999007 -0.036091 -0.026127
vn 0.305845 0.179645 -0.934979
vn 0.305845 0.179645 -0.934979
vn 0.305845 0.179645 -0.934979
vn 0.305845 0.179645 -0.934979
vn -0.674630 0.440638 0.592210
vn -0.674630 0.440638 0.592210
vn -0.674630 0.440638 0.592210
vn -0.674630 0.440638 0.592210
vn -0.677595 -0.374886 0.632713
vn -0.677595 -0.374886 0.632713
vn -0.677595 -0.374886 0.632713
vn -0.677595 -0.374886 0.632713
vn -0.656793 0.179645 0.732359
vn -0.656794 0.179645 0.732359
vn -0.656794 0.179645 0.732359
vn -0.656794 0.179645 0.732359
vn 0.303984 -0.181403 -0.935247
vn 0.303984 -0.181403 -0.935247
vn 0.303984 -0.181403 -0.935247
vn 0.303984 -0.181403 -0.935247
vn -0.657957 -0.181403 0.730880
vn -0.657957 -0.181403 0.730880
vn -0.657957 -0.181403 0.730880
vn -0.657957 -0.181403 0.730880
vn 0.175553 0.440638 -0.880352
vn 0.175553 0.440638 -0.880352
vn 0.175553 0.440638 -0.880352
vn 0.175553 0.440638 -0.880352
vn 0.209149 -0.374885 -0.903171
vn 0.209149 -0.374885 -0.903171
vn 0.209149 -0.374885 -0.903171
vn 0.209149 -0.374885 -0.903171
vn -0.866025 0.000000 -0.500000
vn -0.866025 0.000000 -0.500000
vn -0.866025 0.000000 -0.500000
vn -0.866025 0.000000 -0.500000
vn 0.000000 1.000000 -0.000001
vn 0.000000 1.000000 -0.000001
vn 0.000000 1.000000 -0.000001
vn 0.000000 1.000000 -0.000001
vn 0.866025 0.000000 0.500000
vn 0.866025 0.000000 0.500000
vn 0.866025 0.000000 0.500000
vn 0.866025 0.000000 0.500000
vn 0.000000 -1.000000 -0.000001
vn 0.000000 -1.000000 -0.000001
vn 0.000000 -1.000000 -0.000001
vn 0.000000 -1.000000 -0.000001
vn -0.500001 0.000000 0.866025
vn -0.500001 0.000000 0.866025
vn -0.500001 0.000000 0.866025
vn -0.500001 0.000000 0.866025
vn 0.500001 0.000000 -0.866025
vn 0.500001 0.000000 -0.866025
vn 0.500001 0.000000 -0.866025
vn 0.500001 0.000000 -0.866025
s 1
g Roamer
usemtl initialShadingGroup
f 1/15/1 2/16/2 16/31/3 15/30/4
f 2/16/2 3/17/5 17/32/6 16/31/3
f 3/17/5 4/18/7 18/33/8 17/32/6
f 4/18/7 5/19/9 19/34/10 18/33/8
f 5/19/9 6/20/11 20/35/12 19/34/10
f 6/20/11 7/21/13 21/36/14 20/35/12
f 7/21/13 8/22/15 22/37/16 21/36/14
f 8/22/15 9/23/17 23/38/18 22/37/16
f 9/23/17 10/24/19 24/39/20 23/38/18
f 10/24/19 11/25/21 25/40/22 24/39/20
f 11/25/21 12/26/23 26/41/24 25/40/22
f 12/26/23 13/27/25 27/42/26 26/41/24
f 13/27/25 14/28/27 28/43/28 27/42/26
f 14/28/27 1/29/1 15/44/4 28/43/28
s 2
f 2/2/29 1/1/30 29/59/31
f 3/3/32 2/2/29 29/59/31
f 4/4/33 3/3/32 29/59/31
f 5/5/34 4/4/33 29/59/31
f 6/6/35 5/5/34 29/59/31
f 7/7/36 6/6/35 29/59/31
f 8/8/37 7/7/36 29/59/31
f 9/9/38 8/8/37 29/59/31
f 10/10/39 9/9/38 29/59/31
f 11/11/40 10/10/39 29/59/31
f 12/12/41 11/11/40 29/59/31
f 13/13/42 12/12/41 29/59/31
f 14/14/43 13/13/42 29/59/31
f 1/1/30 14/14/43 29/59/31
s 3
f 15/57/44 16/56/45 30/60/46
f 16/56/45 17/55/47 30/60/46
f 17/55/47 18/54/48 30/60/46
f 18/54/48 19/53/49 30/60/46
f 19/53/49 20/52/50 30/60/46
f 20/52/50 21/51/51 30/60/46
f 21/51/51 22/50/52 30/60/46
f 22/50/52 23/49/53 30/60/46
f 23/49/53 24/48/54 30/60/46
f 24/48/54 25/47/55 30/60/46
f 25/47/55 26/46/56 30/60/46
f 26/46/56 27/45/57 30/60/46
f 27/45/57 28/58/58 30/60/46
f 28/58/58 15/57/44 30/60/46
s 4
f 31/61/59 32/62/60 46/63/61 45/64/62
f 32/62/60 33/65/63 47/66/64 46/63/61
f 33/65/63 34/67/65 48/68/66 47/66/64
f 34/67/65 35/69/67 49/70/68 48/68/66
f 35/69/67 36/71/69 50/72/70 49/70/68
f 36/71/69 37/73/71 51/74/72 50/72/70
f 37/73/71 38/75/73 52/76/74 51/74/72
f 38/75/73 39/77/75 53/78/76 52/76/74
f 39/77/75 40/79/77 54/80/78 53/78/76
f 40/79/77 41/81/79 55/82/80 54/80/78
f 41/81/79 42/83/81 56/84/82 55/82/80
f 42/83/81 43/85/83 57/86/84 56/84/82
f 43/85/83 44/87/85 58/88/86 57/86/84
f 44/87/85 31/89/59 45/90/62 58/88/86
s 5
f 32/91/87 31/92/88 59/93/89
f 33/94/90 32/91/87 59/93/89
f 34/95/91 33/94/90 59/93/89
f 35/96/92 34/95/91 59/93/89
f 36/97/93 35/96/92 59/93/89
f 37/98/94 36/97/93 59/93/89
f 38/99/95 37/98/94 59/93/89
f 39/100/96 38/99/95 59/93/89
f 40/101/97 39/100/96 59/93/89
f 41/102/98 40/101/97 59/93/89
f 42/103/99 41/102/98 59/93/89
f 43/104/100 42/103/99 59/93/89
f 44/105/101 43/104/100 59/93/89
f 31/92/88 44/105/101 59/93/89
s 6
f 186/106/102 187/107/103 188/108/104
f 187/107/103 189/109/105 188/108/104
f 189/109/105 190/110/106 188/108/104
f 190/110/106 191/111/107 188/108/104
f 191/111/107 192/112/108 188/108/104
f 192/112/108 193/113/109 188/108/104
f 193/113/109 194/114/110 188/108/104
f 194/114/110 195/115/111 188/108/104
f 195/115/111 196/116/112 188/108/104
f 196/116/112 197/117/113 188/108/104
f 197/117/113 198/118/114 188/108/104
f 198/118/114 199/119/115 188/108/104
f 199/119/115 200/120/116 188/108/104
f 200/120/116 186/106/102 188/108/104
s off
f 45/121/117 46/122/118 61/123/119 60/124/120
f 46/122/121 47/125/122 62/126/123 61/123/124
f 47/125/125 48/127/126 63/128/127 62/126/128
f 48/127/129 49/129/130 64/130/131 63/128/132
f 49/129/133 50/131/134 65/132/135 64/130/136
f 50/131/137 51/133/138 66/134/139 65/132/140
f 51/133/141 52/135/142 67/136/143 66/134/144
f 52/135/145 53/137/146 68/138/147 67/136/148
f 53/137/149 54/139/150 69/140/151 68/138/152
f 54/139/153 55/141/154 70/142/155 69/140/156
f 55/141/157 56/143/158 71/144/159 70/142/160
f 56/143/161 57/145/162 72/146/163 71/144/164
f 57/145/165 58/147/166 73/148/167 72/146/168
f 58/147/169 45/121/170 60/124/171 73/148/172
f 60/124/173 61/123/174 75/149/175 74/150/176
f 61/123/177 62/126/178 76/151/179 75/149/180
f 62/126/181 63/128/182 77/152/183 76/151/184
f 63/128/185 64/130/186 78/153/187 77/152/188
f 64/130/189 65/132/190 79/154/191 78/153/192
f 65/132/193 66/134/194 80/155/195 79/154/196
f 66/134/197 67/136/198 81/156/199 80/155/200
f 67/136/201 68/138/202 82/157/203 81/156/204
f 68/138/205 69/140/206 83/158/207 82/157/208
f 69/140/209 70/142/210 84/159/211 83/158/212
f 70/142/213 71/144/214 85/160/215 84/159/216
f 71/144/217 72/146/218 86/161/219 85/160/220
f 72/146/221 73/148/222 87/162/223 86/161/224
f 73/148/225 60/124/226 74/150/227 87/162/228
f 74/150/229 75/149/230 89/163/231 88/164/232
f 75/149/233 76/151/234 90/165/235 89/163/236
f 76/151/237 77/152/238 91/166/239 90/165/240
f 77/152/241 78/153/242 92/167/243 91/166/244
f 78/153/245 79/154/246 93/168/247 92/167/248
f 79/154/249 80/155/250 94/169/251 93/168/252
f 80/155/253 81/156/254 95/170/255 94/169/256
f 81/156/257 82/157/258 96/171/259 95/170/260
f 82/157/261 83/158/262 97/172/263 96/171/264
f 83/158/265 84/159/266 98/173/267 97/172/268
f 84/159/269 85/160/270 99/174/271 98/173/272
f 85/160/273 86/161/274 100/175/275 99/174/276
f 86/161/277 87/162/278 101/176/279 100/175/280
f 87/162/281 74/150/282 88/164/283 101/176/284
f 88/164/285 89/163/286 103/177/287 102/178/288
f 89/163/289 90/165/290 104/179/291 103/177/292
f 90/165/293 91/166/294 105/180/295 104/179/296
f 91/166/297 92/167/298 106/181/299 105/180/300
f 92/167/301 93/168/302 107/182/303 106/181/304
f 93/168/305 94/169/306 108/183/307 107/182/308
f 94/169/309 95/170/310 109/184/311 108/183/312
f 95/170/313 96/171/314 110/185/315 109/184/316
f 96/171/317 97/172/318 111/186/319 110/185/320
f 97/172/321 98/173/322 112/187/323 111/186/324
f 98/173/325 99/174/326 113/188/327 112/187/328
f 99/174/329 100/175/330 114/189/331 113/188/332
f 100/175/333 101/176/334 115/190/335 114/189/336
f 101/176/337 88/164/338 102/178/339 115/190/340
f 102/178/341 103/177/342 117/191/343 116/192/344
f 103/177/345 104/179/346 118/193/347 117/191/348
f 104/179/349 105/180/350 119/194/351 118/193/352
f 105/180/353 106/181/354 120/195/355 119/194/356
f 106/181/357 107/182/358 121/196/359 120/195/360
f 107/182/361 108/183/362 122/197/363 121/196/364
f 108/183/365 109/184/366 123/198/367 122/197/368
f 109/184/369 110/185/370 124/199/371 123/198/372
f 110/185/373 111/186/374 125/200/375 124/199/376
f 111/186/377 112/187/378 126/201/379 125/200/380
f 112/187/381 113/188/382 127/202/383 126/201/384
f 113/188/385 114/189/386 128/203/387 127/202/388
f 114/189/389 115/190/390 129/204/391 128/203/392
f 115/190/393 102/178/394 116/192/395 129/204/396
f 116/192/397 117/191/398 131/205/399 130/206/400
f 117/191/401 118/193/402 132/207/403 131/205/404
f 118/193/405 119/194/406 133/208/407 132/207/408
f 119/194/409 120/195/410 134/209/411 133/208/412
f 120/195/413 121/196/414 135/210/415 134/209/416
f 121/196/417 122/197/418 136/211/419 135/210/420
f 122/197/421 123/198/422 137/212/423 136/211/424
f 123/198/425 124/199/426 138/213/427 137/212/428
f 124/199/429 125/200/430 139/214/431 138/213/432
f 125/200/433 126/201/434 140/215/435 139/214/436
f 126/201/437 127/202/438 141/216/439 140/215/440
f 127/202/441 128/203/442 142/217/443 141/216/444
f 128/203/445 129/204/446 143/218/447 142/217/448
f 129/204/449 116/192/450 130/206/451 143/218/452
f 130/206/453 131/205/454 145/219/455 144/220/456
f 131/205/457 132/207/458 146/221/459 145/219/460
f 132/207/461 133/208/462 147/222/463 146/221/464
f 133/208/465 134/209/466 148/223/467 147/222/468
f 134/209/469 135/210/470 149/224/471 148/223/472
f 135/210/473 136/211/474 150/225/475 149/224/476
f 136/211/477 137/212/478 151/226/479 150/225/480
f 137/212/481 138/213/482 152/227/483 151/226/484
f 138/213/485 139/214/486 153/228/487 152/227/488
f 139/214/489 140/215/490 154/229/491 153/228/492
f 140/215/493 141/216/494 155/230/495 154/229/496
f 141/216/497 142/217/498 156/231/499 155/230/500
f 142/217/501 143/218/502 157/232/503 156/231/504
f 143/218/505 130/206/506 144/220/507 157/232/508
f 144/220/509 145/219/510 159/233/511 158/234/512
f 145/219/513 146/221/514 160/235/515 159/233/516
f 146/221/517 147/222/518 161/236/519 160/235/520
f 147/222/521 148/223/522 162/237/523 161/236/524
f 148/223/525 149/224/526 163/238/527 162/237/528
f 149/224/529 150/225/530 164/239/531 163/238/532
f 150/225/533 151/226/534 165/240/535 164/239/536
f 151/226/537 152/227/538 166/241/539 165/240/540
f 152/227/541 153/228/542 167/242/543 166/241/544
f 153/228/545 154/229/546 168/243/547 167/242/548
f 154/229/549 155/230/550 169/244/551 168/243/552
f 155/230/553 156/231/554 170/245/555 169/244/556
f 156/231/557 157/232/558 171/246/559 170/245/560
f 157/232/561 144/220/562 158/234/563 171/246/564
f 158/234/565 159/233/566 173/247/567 172/248/568
f 159/233/569 160/235/570 174/249/571 173/247/572
f 160/235/573 161/236/574 175/250/575 174/249/576
f 161/236/577 162/237/578 176/251/579 175/250/580
f 162/237/581 163/238/582 177/252/583 176/251/584
f 163/238/585 164/239/586 178/253/587 177/252/588
f 164/239/589 165/240/590 179/254/591 178/253/592
f 165/240/593 166/241/594 180/255/595 179/254/596
f 166/241/597 167/242/598 181/256/599 180/255/600
f 167/242/601 168/243/602 182/257/603 181/256/604
f 168/243/605 169/244/606 183/258/607 182/257/608
f 169/244/609 170/245/610 184/259/611 183/258/612
f 170/245/613 171/246/614 185/260/615 184/259/616
f 171/246/617 158/234/618 172/248/619 185/260/620
f 172/248/621 173/247/622 187/107/623 186/106/624
f 173/247/625 174/249/626 189/109/627 187/107/628
f 174/249/629 175/250/630 190/110/631 189/109/632
f 175/250/633 176/251/634 191/111/635 190/110/636
f 176/251/637 177/252/638 192/112/639 191/111/640
f 177/252/641 178/253/642 193/113/643 192/112/644
f 178/253/645 179/254/646 194/114/647 193/113/648
f 179/254/649 180/255/650 195/115/651 194/114/652
f 180/255/653 181/256/654 196/116/655 195/115/656
f 181/256/657 182/257/658 197/117/659 196/116/660
f 182/257/661 183/258/662 198/118/663 197/117/664
f 183/258/665 184/259/666 199/119/667 198/118/668
f 184/259/669 185/260/670 200/120/671 199/119/672
f 185/260/673 172/248/674 186/106/675 200/120/676
s 7
f 201/261/677 202/262/678 216/263/679 215/264/680
f 202/262/678 203/265/681 217/266/682 216/263/679
f 203/265/681 204/267/683 218/268/684 217/266/682
f 204/267/683 205/269/685 219/270/686 218/268/684
f 205/269/685 206/271/687 220/272/688 219/270/686
f 206/271/687 207/273/689 221/274/690 220/272/688
f 207/273/689 208/275/691 222/276/692 221/274/690
f 208/275/691 209/277/693 223/278/694 222/276/692
f 209/277/693 210/279/695 224/280/696 223/278/694
f 210/279/695 211/281/697 225/282/698 224/280/696
f 211/281/697 212/283/699 226/284/700 225/282/698
f 212/283/699 213/285/701 227/286/702 226/284/700
f 213/285/701 214/287/703 228/288/704 227/286/702
f 214/287/703 201/289/677 215/290/680 228/288/704
s 8
f 202/291/705 201/292/706 229/293/707
f 203/294/708 202/291/705 229/293/707
f 204/295/709 203/294/708 229/293/707
f 205/296/710 204/295/709 229/293/707
f 206/297/711 205/296/710 229/293/707
f 207/298/712 206/297/711 229/293/707
f 208/299/713 207/298/712 229/293/707
f 209/300/714 208/299/713 229/293/707
f 210/301/715 209/300/714 229/293/707
f 211/302/716 210/301/715 229/293/707
f 212/303/717 211/302/716 229/293/707
f 213/304/718 212/303/717 229/293/707
f 214/305/719 213/304/718 229/293/707
f 201/292/706 214/305/719 229/293/707
s 9
f 356/306/720 357/307/721 358/308/722
f 357/307/721 359/309/723 358/308/722
f 359/309/723 360/310/724 358/308/722
f 360/310/724 361/311/725 358/308/722
f 361/311/725 362/312/726 358/308/722
f 362/312/726 363/313/727 358/308/722
f 363/313/727 364/314/728 358/308/722
f 364/314/728 365/315/729 358/308/722
f 365/315/729 366/316/730 358/308/722
f 366/316/730 367/317/731 358/308/722
f 367/317/731 368/318/732 358/308/722
f 368/318/732 369/319/733 358/308/722
f 369/319/733 370/320/734 358/308/722
f 370/320/734 356/306/720 358/308/722
s off
f 215/321/735 216/322/736 231/323/737 230/324/738
f 216/322/739 217/325/740 232/326/741 231/323/742
f 217/325/743 218/327/744 233/328/745 232/326/746
f 218/327/747 219/329/748 234/330/749 233/328/750
f 219/329/751 220/331/752 235/332/753 234/330/754
f 220/331/755 221/333/756 236/334/757 235/332/758
f 221/333/759 222/335/760 237/336/761 236/334/762
f 222/335/763 223/337/764 238/338/765 237/336/766
f 223/337/767 224/339/768 239/340/769 238/338/770
f 224/339/771 225/341/772 240/342/773 239/340/774
f 225/341/775 226/343/776 241/344/777 240/342/778
f 226/343/779 227/345/780 242/346/781 241/344/782
f 227/345/783 228/347/784 243/348/785 242/346/786
f 228/347/787 215/321/788 230/324/789 243/348/790
f 230/324/791 231/323/792 245/349/793 244/350/794
f 231/323/795 232/326/796 246/351/797 245/349/798
f 232/326/799 233/328/800 247/352/801 246/351/802
f 233/328/803 234/330/804 248/353/805 247/352/806
f 234/330/807 235/332/808 249/354/809 248/353/810
f 235/332/811 236/334/812 250/355/813 249/354/814
f 236/334/815 237/336/816 251/356/817 250/355/818
f 237/336/819 238/338/820 252/357/821 251/356/822
f 238/338/823 239/340/824 253/358/825 252/357/826
f 239/340/827 240/342/828 254/359/829 253/358/830
f 240/342/831 241/344/832 255/360/833 254/359/834
f 241/344/835 242/346/836 256/361/837 255/360/838
f 242/346/839 243/348/840 257/362/841 256/361/842
f 243/348/843 230/324/844 244/350/845 257/362/846
f 244/350/847 245/349/848 259/363/849 258/364/850
f 245/349/851 246/351/852 260/365/853 259/363/854
f 246/351/855 247/352/856 261/366/857 260/365/858
f 247/352/859 248/353/860 262/367/861 261/366/862
f 248/353/863 249/354/864 263/368/865 262/367/866
f 249/354/867 250/355/868 264/369/869 263/368/870
f 250/355/871 251/356/872 265/370/873 264/369/874
f 251/356/875 252/357/876 266/371/877 265/370/878
f 252/357/879 253/358/880 267/372/881 266/371/882
f 253/358/883 254/359/884 268/373/885 267/372/886
f 254/359/887 255/360/888 269/374/889 268/373/890
f 255/360/891 256/361/892 270/375/893 269/374/894
f 256/361/895 257/362/896 271/376/897 270/375/898
f 257/362/899 244/350/900 258/364/901 271/376/902
f 258/364/903 259/363/904 273/377/905 272/378/906
f 259/363/907 260/365/908 274/379/909 273/377/910
f 260/365/911 261/366/912 275/380/913 274/379/914
f 261/366/915 262/367/916 276/381/917 275/380/918
f 262/367/919 263/368/920 277/382/921 276/381/922
f 263/368/923 264/369/924 278/383/925 277/382/926
f 264/369/927 265/370/928 279/384/929 278/383/930
f 265/370/931 266/371/932 280/385/933 279/384/934
f 266/371/935 267/372/936 281/386/937 280/385/938
f 267/372/939 268/373/940 282/387/941 281/386/942
f 268/373/943 269/374/944 283/388/945 282/387/946
f 269/374/947 270/375/948 284/389/949 283/388/950
f 270/375/951 271/376/952 285/390/953 284/389/954
f 271/376/955 258/364/956 272/378/957 285/390/958
f 272/378/959 273/377/960 287/391/961 286/392/962
f 273/377/963 274/379/964 288/393/965 287/391/966
f 274/379/967 275/380/968 289/394/969 288/393/970
f 275/380/971 276/381/972 290/395/973 289/394/974
f 276/381/975 277/382/976 291/396/977 290/395/978
f 277/382/979 278/383/980 292/397/981 291/396/982
f 278/383/983 279/384/984 293/398/985 292/397/986
f 279/384/987 280/385/988 294/399/989 293/398/990
f 280/385/991 281/386/992 295/400/993 294/399/994
f 281/386/995 282/387/996 296/401/997 295/400/998
f 282/387/999 283/388/1000 297/402/1001 296/401/1002
f 283/388/1003 284/389/1004 298/403/1005 297/402/1006
f 284/389/1007 285/390/1008 299/404/1009 298/403/1010
f 285/390/1011 272/378/1012 286/392/1013 299/404/1014
f 286/392/1015 287/391/1016 301/405/1017 300/406/1018
f 287/391/1019 288/393/1020 302/407/1021 301/405/1022
f 288/393/1023 289/394/1024 303/408/1025 302/407/1026
f 289/394/1027 290/395/1028 304/409/1029 303/408/1030
f 290/395/1031 291/396/1032 305/410/1033 304/409/1034
f 291/396/1035 292/397/1036 306/411/1037 305/410/1038
f 292/397/1039 293/398/1040 307/412/1041 306/411/1042
f 293/398/1043 294/399/1044 308/413/1045 307/412/1046
f 294/399/1047 295/400/1048 309/414/1049 308/413/1050
f 295/400/1051 296/401/1052 310/415/1053 309/414/1054
f 296/401/1055 297/402/1056 311/416/1057 310/415/1058
f 297/402/1059 298/403/1060 312/417/1061 311/416/1062
f 298/403/1063 299/404/1064 313/418/1065 312/417/1066
f 299/404/1067 286/392/1068 300/406/1069 313/418/1070
f 300/406/1071 301/405/1072 315/419/1073 314/420/1074
f 301/405/1075 302/407/1076 316/421/1077 315/419/1078
f 302/407/1079 303/408/1080 317/422/1081 316/421/1082
f 303/408/1083 304/409/1084 318/423/1085 317/422/1086
f 304/409/1087 305/410/1088 319/424/1089 318/423/1090
f 305/410/1091 306/411/1092 320/425/1093 319/424/1094
f 306/411/1095 307/412/1096 321/426/1097 320/425/1098
f 307/412/1099 308/413/1100 322/427/1101 321/426/1102
f 308/413/1103 309/414/1104 323/428/1105 322/427/1106
f 309/414/1107 310/415/1108 324/429/1109 323/428/1110
f 310/415/1111 311/416/1112 325/430/1113 324/429/1114
f 311/416/1115 312/417/1116 326/431/1117 325/430/1118
f 312/417/1119 313/418/1120 327/432/1121 326/431/1122
f 313/418/1123 300/406/1124 314/420/1125 327/432/1126
f 314/420/1127 315/419/1128 329/433/1129 328/434/1130
f 315/419/1131 316/421/1132 330/435/1133 329/433/1134
f 316/421/1135 317/422/1136 331/436/1137 330/435/1138
f 317/422/1139 318/423/1140 332/437/1141 331/436/1142
f 318/423/1143 319/424/1144 333/438/1145 332/437/1146
f 319/424/1147 320/425/1148 334/439/1149 333/438/1150
f 320/425/1151 321/426/1152 335/440/1153 334/439/1154
f 321/426/1155 322/427/1156 336/441/1157 335/440/1158
f 322/427/1159 323/428/1160 337/442/1161 336/441/1162
f 323/428/1163 324/429/1164 338/443/1165 337/442/1166
f 324/429/1167 325/430/1168 339/444/1169 338/443/1170
f 325/430/1171 326/431/1172 340/445/1173 339/444/1174
f 326/431/1175 327/432/1176 341/446/1177 340/445/1178
f 327/432/1179 314/420/1180 328/434/1181 341/446/1182
f 328/434/1183 329/433/1184 343/447/1185 342/448/1186
f 329/433/1187 330/435/1188 344/449/1189 343/447/1190
f 330/435/1191 331/436/1192 345/450/1193 344/449/1194
f 331/436/1195 332/437/1196 346/451/1197 345/450/1198
f 332/437/1199 333/438/1200 347/452/1201 346/451/1202
f 333/438/1203 334/439/1204 348/453/1205 347/452/1206
f 334/439/1207 335/440/1208 349/454/1209 348/453/1210
f 335/440/1211 336/441/1212 350/455/1213 349/454/1214
f 336/441/1215 337/442/1216 351/456/1217 350/455/1218
f 337/442/1219 338/443/1220 352/457/1221 351/456/1222
f 338/443/1223 339/444/1224 353/458/1225 352/457/1226
f 339/444/1227 340/445/1228 354/459/1229 353/458/1230
f 340/445/1231 341/446/1232 355/460/1233 354/459/1234
f 341/446/1235 328/434/1236 342/448/1237 355/460/1238
f 342/448/1239 343/447/1240 357/307/1241 356/306/1242
f 343/447/1243 344/449/1244 359/309/1245 357/307/1246
f 344/449/1247 345/450/1248 360/310/1249 359/309/1250
f 345/450/1251 346/451/1252 361/311/1253 360/310/1254
f 346/451/1255 347/452/1256 362/312/1257 361/311/1258
f 347/452/1259 348/453/1260 363/313/1261 362/312/1262
f 348/453/1263 349/454/1264 364/314/1265 363/313/1266
f 349/454/1267 350/455/1268 365/315/1269 364/314/1270
f 350/455/1271 351/456/1272 366/316/1273 365/315/1274
f 351/456/1275 352/457/1276 367/317/1277 366/316/1278
f 352/457/1279 353/458/1280 368/318/1281 367/317/1282
f 353/458/1283 354/459/1284 369/319/1285 368/318/1286
f 354/459/1287 355/460/1288 370/320/1289 369/319/1290
f 355/460/1291 342/448/1292 356/306/1293 370/320/1294
s 10
f 371/461/1295 372/462/1296 386/463/1297 385/464/1298
f 372/462/1296 373/465/1299 387/466/1300 386/463/1297
f 373/465/1299 374/467/1301 388/468/1302 387/466/1300
f 374/467/1301 375/469/1303 389/470/1304 388/468/1302
f 375/469/1303 376/471/1305 390/472/1306 389/470/1304
f 376/471/1305 377/473/1307 391/474/1308 390/472/1306
f 377/473/1307 378/475/1309 392/476/1310 391/474/1308
f 378/475/1309 379/477/1311 393/478/1312 392/476/1310
f 379/477/1311 380/479/1313 394/480/1314 393/478/1312
f 380/479/1313 381/481/1315 395/482/1316 394/480/1314
f 381/481/1315 382/483/1317 396/484/1318 395/482/1316
f 382/483/1317 383/485/1319 397/486/1320 396/484/1318
f 383/485/1319 384/487/1321 398/488/1322 397/486/1320
f 384/487/1321 371/489/1295 385/490/1298 398/488/1322
s 11
f 372/491/1323 371/492/1324 399/493/1325
f 373/494/1326 372/491/1323 399/493/1325
f 374/495/1327 373/494/1326 399/493/1325
f 375/496/1328 374/495/1327 399/493/1325
f 376/497/1329 375/496/1328 399/493/1325
f 377/498/1330 376/497/1329 399/493/1325
f 378/499/1331 377/498/1330 399/493/1325
f 379/500/1332 378/499/1331 399/493/1325
f 380/501/1333 379/500/1332 399/493/1325
f 381/502/1334 380/501/1333 399/493/1325
f 382/503/1335 381/502/1334 399/493/1325
f 383/504/1336 382/503/1335 399/493/1325
f 384/505/1337 383/504/1336 399/493/1325
f 371/492/1324 384/505/1337 399/493/1325
s 12
f 526/506/1338 527/507/1339 528/508/1340
f 527/507/1339 529/509/1341 528/508/1340
f 529/509/1341 530/510/1342 528/508/1340
f 530/510/1342 531/511/1343 528/508/1340
f 531/511/1343 532/512/1344 528/508/1340
f 532/512/1344 533/513/1345 528/508/1340
f 533/513/1345 534/514/1346 528/508/1340
f 534/514/1346 535/515/1347 528/508/1340
f 535/515/1347 536/516/1348 528/508/1340
f 536/516/1348 537/517/1349 528/508/1340
f 537/517/1349 538/518/1350 528/508/1340
f 538/518/1350 539/519/1351 528/508/1340
f 539/519/1351 540/520/1352 528/508/1340
f 540/520/1352 526/506/1338 528/508/1340
s off
f 385/521/1353 386/522/1354 401/523/1355 400/524/1356
f 386/522/1357 387/525/1358 402/526/1359 401/523/1360
f 387/525/1361 388/527/1362 403/528/1363 402/526/1364
f 388/527/1365 389/529/1366 404/530/1367 403/528/1368
f 389/529/1369 390/531/1370 405/532/1371 404/530/1372
f 390/531/1373 391/533/1374 406/534/1375 405/532/1376
f 391/533/1377 392/535/1378 407/536/1379 406/534/1380
f 392/535/1381 393/537/1382 408/538/1383 407/536/1384
f 393/537/1385 394/539/1386 409/540/1387 408/538/1388
f 394/539/1389 395/541/1390 410/542/1391 409/540/1392
f 395/541/1393 396/543/1394 411/544/1395 410/542/1396
f 396/543/1397 397/545/1398 412/546/1399 411/544/1400
f 397/545/1401 398/547/1402 413/548/1403 412/546/1404
f 398/547/1405 385/521/1406 400/524/1407 413/548/1408
f 400/524/1409 401/523/1410 415/549/1411 414/550/1412
f 401/523/1413 402/526/1414 416/551/1415 415/549/1416
f 402/526/1417 403/528/1418 417/552/1419 416/551/1420
f 403/528/1421 404/530/1422 418/553/1423 417/552/1424
f 404/530/1425 405/532/1426 419/554/1427 418/553/1428
f 405/532/1429 406/534/1430 420/555/1431 419/554/1432
f 406/534/1433 407/536/1434 421/556/1435 420/555/1436
f 407/536/1437 408/538/1438 422/557/1439 421/556/1440
f 408/538/1441 409/540/1442 423/558/1443 422/557/1444
f 409/540/1445 410/542/1446 424/559/1447 423/558/1448
f 410/542/1449 411/544/1450 425/560/1451 424/559/1452
f 411/544/1453 412/546/1454 426/561/1455 425/560/1456
f 412/546/1457 413/548/1458 427/562/1459 426/561/1460
f 413/548/1461 400/524/1462 414/550/1463 427/562/1464
f 414/550/1465 415/549/1466 429/563/1467 428/564/1468
f 415/549/1469 416/551/1470 430/565/1471 429/563/1472
f 416/551/1473 417/552/1474 431/566/1475 430/565/1476
f 417/552/1477 418/553/1478 432/567/1479 431/566/1480
f 418/553/1481 419/554/1482 433/568/1483 432/567/1484
f 419/554/1485 420/555/1486 434/569/1487 433/568/1488
f 420/555/1489 421/556/1490 435/570/1491 434/569/1492
f 421/556/1493 422/557/1494 436/571/1495 435/570/1496
f 422/557/1497 423/558/1498 437/572/1499 436/571/1500
f 423/558/1501 424/559/1502 438/573/1503 437/572/1504
f 424/559/1505 425/560/1506 439/574/1507 438/573/1508
f 425/560/1509 426/561/1510 440/575/1511 439/574/1512
f 426/561/1513 427/562/1514 441/576/1515 440/575/1516
f 427/562/1517 414/550/1518 428/564/1519 441/576/1520
f 428/564/1521 429/563/1522 443/577/1523 442/578/1524
f 429/563/1525 430/565/1526 444/579/1527 443/577/1528
f 430/565/1529 431/566/1530 445/580/1531 444/579/1532
f 431/566/1533 432/567/1534 446/581/1535 445/580/1536
f 432/567/1537 433/568/1538 447/582/1539 446/581/1540
f 433/568/1541 434/569/1542 448/583/1543 447/582/1544
f 434/569/1545 435/570/1546 449/584/1547 448/583/1548
f 435/570/1549 436/571/1550 450/585/1551 449/584/1552
f 436/571/1553 437/572/1554 451/586/1555 450/585/1556
f 437/572/1557 438/573/1558 452/587/1559 451/586/1560
f 438/573/1561 439/574/1562 453/588/1563 452/587/1564
f 439/574/1565 440/575/1566 454/589/1567 453/588/1568
f 440/575/1569 441/576/1570 455/590/1571 454/589/1572
f 441/576/1573 428/564/1574 442/578/1575 455/590/1576
f 442/578/1577 443/577/1578 457/591/1579 456/592/1580
f 443/577/1581 444/579/1582 458/593/1583 457/591/1584
f 444/579/1585 445/580/1586 459/594/1587 458/593/1588
f 445/580/1589 446/581/1590 460/595/1591 459/594/1592
f 446/581/1593 447/582/1594 461/596/1595 460/595/1596
f 447/582/1597 448/583/1598 462/597/1599 461/596/1600
f 448/583/1601 449/584/1602 463/598/1603 462/597/1604
f 449/584/1605 450/585/1606 464/599/1607 463/598/1608
f 450/585/1609 451/586/1610 465/600/1611 464/599/1612
f 451/586/1613 452/587/1614 466/601/1615 465/600/1616
f 452/587/1617 453/588/1618 467/602/1619 466/601/1620
f 453/588/1621 454/589/1622 468/603/1623 467/602/1624
f 454/589/1625 455/590/1626 469/604/1627 468/603/1628
f 455/590/1629 442/578/1630 456/592/1631 469/604/1632
f 456/592/1633 457/591/1634 471/605/1635 470/606/1636
f 457/591/1637 458/593/1638 472/607/1639 471/605/1640
f 458/593/1641 459/594/1642 473/608/1643 472/607/1644
f 459/594/1645 460/595/1646 474/609/1647 473/608/1648
f 460/595/1649 461/596/1650 475/610/1651 474/609/1652
f 461/596/1653 462/597/1654 476/611/1655 475/610/1656
f 462/597/1657 463/598/1658 477/612/1659 476/611/1660
f 463/598/1661 464/599/1662 478/613/1663 477/612/1664
f 464/599/1665 465/600/1666 479/614/1667 478/613/1668
f 465/600/1669 466/601/1670 480/615/1671 479/614/1672
f 466/601/1673 467/602/1674 481/616/1675 480/615/1676
f 467/602/1677 468/603/1678 482/617/1679 481/616/1680
f 468/603/1681 469/604/1682 483/618/1683 482/617/1684
f 469/604/1685 456/592/1686 470/606/1687 483/618/1688
f 470/606/1689 471/605/1690 485/619/1691 484/620/1692
f 471/605/1693 472/607/1694 486/621/1695 485/619/1696
f 472/607/1697 473/608/1698 487/622/1699 486/621/1700
f 473/608/1701 474/609/1702 488/623/1703 487/622/1704
f 474/609/1705 475/610/1706 489/624/1707 488/623/1708
f 475/610/1709 476/611/1710 490/625/1711 489/624/1712
f 476/611/1713 477/612/1714 491/626/1715 490/625/1716
f 477/612/1717 478/613/1718 492/627/1719 491/626/1720
f 478/613/1721 479/614/1722 493/628/1723 492/627/1724
f 479/614/1725 480/615/1726 494/629/1727 493/628/1728
f 480/615/1729 481/616/1730 495/630/1731 494/629/1732
f 481/616/1733 482/617/1734 496/631/1735 495/630/1736
f 482/617/1737 483/618/1738 497/632/1739 496/631/1740
f 483/618/1741 470/606/1742 484/620/1743 497/632/1744
f 484/620/1745 485/619/1746 499/633/1747 498/634/1748
f 485/619/1749 486/621/1750 500/635/1751 499/633/1752
f 486/621/1753 487/622/1754 501/636/1755 500/635/1756
f 487/622/1757 488/623/1758 502/637/1759 501/636/1760
f 488/623/1761 489/624/1762 503/638/1763 502/637/1764
f 489/624/1765 490/625/1766 504/639/1767 503/638/1768
f 490/625/1769 491/626/1770 505/640/1771 504/639/1772
f 491/626/1773 492/627/1774 506/641/1775 505/640/1776
f 492/627/1777 493/628/1778 507/642/1779 506/641/1780
f 493/628/1781 494/629/1782 508/643/1783 507/642/1784
f 494/629/1785 495/630/1786 509/644/1787 508/643/1788
f 495/630/1789 496/631/1790 510/645/1791 509/644/1792
f 496/631/1793 497/632/1794 511/646/1795 510/645/1796
f 497/632/1797 484/620/1798 498/634/1799 511/646/1800
f 498/634/1801 499/633/1802 513/647/1803 512/648/1804
f 499/633/1805 500/635/1806 514/649/1807 513/647/1808
f 500/635/1809 501/636/1810 515/650/1811 514/649/1812
f 501/636/1813 502/637/1814 516/651/1815 515/650/1816
f 502/637/1817 503/638/1818 517/652/1819 516/651/1820
f 503/638/1821 504/639/1822 518/653/1823 517/652/1824
f 504/639/1825 505/640/1826 519/654/1827 518/653/1828
f 505/640/1829 506/641/1830 520/655/1831 519/654/1832
f 506/641/1833 507/642/1834 521/656/1835 520/655/1836
f 507/642/1837 508/643/1838 522/657/1839 521/656/1840
f 508/643/1841 509/644/1842 523/658/1843 522/657/1844
f 509/644/1845 510/645/1846 524/659/1847 523/658/1848
f 510/645/1849 511/646/1850 525/660/1851 524/659/1852
f 511/646/1853 498/634/1854 512/648/1855 525/660/1856
f 512/648/1857 513/647/1858 527/507/1859 526/506/1860
f 513/647/1861 514/649/1862 529/509/1863 527/507/1864
f 514/649/1865 515/650/1866 530/510/1867 529/509/1868
f 515/650/1869 516/651/1870 531/511/1871 530/510/1872
f 516/651/1873 517/652/1874 532/512/1875 531/511/1876
f 517/652/1877 518/653/1878 533/513/1879 532/512/1880
f 518/653/1881 519/654/1882 534/514/1883 533/513/1884
f 519/654/1885 520/655/1886 535/515/1887 534/514/1888
f 520/655/1889 521/656/1890 536/516/1891 535/515/1892
f 521/656/1893 522/657/1894 537/517/1895 536/516/1896
f 522/657/1897 523/658/1898 538/518/1899 537/517/1900
f 523/658/1901 524/659/1902 539/519/1903 538/518/1904
f 524/659/1905 525/660/1906 540/520/1907 539/519/1908
f 525/660/1909 512/648/1910 526/506/1911 540/520/1912
s 13
f 549/661/1913 550/662/1914 559/663/1915 560/664/1916
s 14
f 543/665/1917 544/666/1918 546/667/1919 545/668/1920
s 15
f 557/669/1921 558/670/1922 551/671/1923 552/672/1924
s 16
f 547/673/1925 548/674/1926 542/675/1927 541/676/1928
s off
f 550/662/1929 551/677/1930 558/678/1931 559/663/1932
f 552/679/1933 549/661/1934 560/664/1935 557/680/1936
s 13
f 553/681/1937 554/682/1938 550/662/1914 549/661/1913
s off
f 589/683/1939 590/684/1940 591/685/1941 592/686/1942
s 15
f 552/672/1924 551/671/1923 555/687/1943 556/688/1944
s off
f 593/689/1945 594/690/1946 595/691/1947 596/692/1948
s 13
f 561/693/1949 562/694/1950 554/682/1938 553/681/1937
s off
f 562/694/1951 563/695/1952 555/696/1953 554/682/1954
s 15
f 556/688/1944 555/687/1943 563/697/1955 564/698/1956
s off
f 564/699/1957 561/693/1958 553/681/1959 556/700/1960
s 15
f 545/668/1961 546/667/1962 558/670/1922 557/669/1921
s off
f 598/701/1963 597/702/1964 599/703/1965 600/704/1966
s 13
f 560/664/1916 559/663/1915 544/666/1967 543/665/1968
s off
f 602/705/1969 601/706/1970 603/707/1971 604/708/1972
s 13
f 541/709/1973 542/710/1974 562/694/1950 561/693/1949
s off
f 606/711/1975 605/712/1976 607/713/1977 608/714/1978
s 15
f 564/698/1956 563/697/1955 548/674/1979 547/673/1980
s off
f 609/715/1981 610/716/1982 611/717/1983 612/718/1984
s 17
f 554/682/1985 555/696/1986 566/719/1987 565/720/1988
s 15
f 555/696/1943 551/677/1923 567/721/1989 566/719/1990
s 18
f 551/677/1991 550/662/1992 568/722/1993 567/721/1994
s 13
f 550/662/1914 554/682/1938 565/720/1995 568/722/1996
s 19
f 556/700/1997 553/681/1998 570/723/1999 569/724/2000
s 13
f 553/681/1937 549/661/1913 571/725/2001 570/723/2002
s 20
f 549/661/2003 552/679/2004 572/726/2005 571/725/2006
s 15
f 552/679/1924 556/700/1944 569/724/2007 572/726/2008
s 21
f 559/663/2009 558/678/2010 573/727/2011 574/728/2012
s 15
f 558/678/1922 546/729/1962 575/730/2013 573/727/2014
s 14
f 546/729/1919 544/666/1918 576/731/2015 575/730/2016
s 13
f 544/666/1967 559/663/1915 574/728/2017 576/731/2018
s 22
f 557/680/2019 560/664/2020 577/732/2021 578/733/2022
s 13
f 560/664/1916 543/665/1968 579/734/2023 577/732/2024
s 14
f 543/665/1917 545/735/1920 580/736/2025 579/734/2026
s 15
f 545/735/1961 557/680/1921 578/733/2027 580/736/2028
s 16
f 542/710/1927 548/737/1926 581/738/2029 582/739/2030
s 15
f 548/737/1979 563/695/1955 583/740/2031 581/738/2032
s 23
f 563/695/2033 562/694/2034 584/741/2035 583/740/2036
s 13
f 562/694/1950 542/710/1974 582/739/2037 584/741/2038
s 16
f 547/742/1925 541/709/1928 586/743/2039 585/744/2040
s 13
f 541/709/1973 561/693/1949 587/745/2041 586/743/2042
s 24
f 561/693/2043 564/699/2044 588/746/2045 587/745/2046
s 15
f 564/699/1956 547/742/1980 585/744/2047 588/746/2048
s 17
f 565/720/1988 566/719/1987 590/684/2049 589/683/2050
s 18
f 567/721/1994 568/722/1993 592/686/2051 591/685/2052
s 13
f 568/722/1996 565/720/1995 589/683/2053 592/686/2054
s 19
f 569/724/2000 570/723/1999 594/690/2055 593/689/2056
s 13
f 570/723/2002 571/725/2001 595/691/2057 594/690/2058
s 20
f 571/725/2006 572/726/2005 596/692/2059 595/691/2060
s 21
f 574/728/2012 573/727/2011 597/702/2061 598/701/2062
s 14
f 575/730/2016 576/731/2015 600/704/2063 599/703/2064
s 13
f 576/731/2018 574/728/2017 598/701/2065 600/704/2066
s 22
f 578/733/2022 577/732/2021 601/706/2067 602/705/2068
s 13
f 577/732/2024 579/734/2023 603/707/2069 601/706/2070
s 14
f 579/734/2026 580/736/2025 604/708/2071 603/707/2072
s 16
f 582/739/2030 581/738/2029 605/712/2073 606/711/2074
s 23
f 583/740/2036 584/741/2035 608/714/2075 607/713/2076
s 13
f 584/741/2038 582/739/2037 606/711/2077 608/714/2078
s 16
f 585/744/2040 586/743/2039 610/716/2079 609/715/2080
s 13
f 586/743/2042 587/745/2041 611/717/2081 610/716/2082
s 24
f 587/745/2046 588/746/2045 612/718/2083 611/717/2084
s 25
f 566/719/2085 567/721/2086 613/747/2087 614/748/2088
s 26
f 567/721/2089 591/685/2090 615/749/2091 613/747/2092
s 27
f 591/685/2093 590/684/2094 616/750/2095 615/749/2096
s 28
f 590/684/2097 566/719/2098 614/748/2099 616/750/2100
s 29
f 572/726/2101 569/724/2102 618/751/2103 617/752/2104
s 30
f 569/724/2105 593/689/2106 619/753/2107 618/751/2108
s 31
f 593/689/2109 596/692/2110 620/754/2111 619/753/2112
s 32
f 596/692/2113 572/726/2114 617/752/2115 620/754/2116
s off
f 573/727/2117 575/730/2118 621/755/2119 622/756/2120
f 575/730/2121 599/703/2122 623/757/2123 621/755/2124
f 599/703/2125 597/702/2126 624/758/2127 623/757/2128
f 597/702/2129 573/727/2130 622/756/2131 624/758/2132
f 580/736/2133 578/733/2134 626/759/2135 625/760/2136
f 578/733/2137 602/705/2138 627/761/2139 626/759/2140
f 602/705/2141 604/708/2142 628/762/2143 627/761/2144
f 604/708/2145 580/736/2146 625/760/2147 628/762/2148
s 33
f 581/738/2149 583/740/2150 629/763/2151 630/764/2152
s 34
f 583/740/2153 607/713/2154 631/765/2155 629/763/2156
s 35
f 607/713/2157 605/712/2158 632/766/2159 631/765/2160
s 36
f 605/712/2161 581/738/2162 630/764/2163 632/766/2164
s 37
f 588/746/2165 585/744/2166 634/767/2167 633/768/2168
s 38
f 585/744/2169 609/715/2170 635/769/2171 634/767/2172
s 39
f 609/715/2173 612/718/2174 636/770/2175 635/769/2176
s 40
f 612/718/2177 588/746/2178 633/768/2179 636/770/2180
s off
f 622/756/2181 621/755/2182 637/771/2183 638/772/2184
f 621/755/2185 623/757/2186 639/773/2187 637/771/2188
f 623/757/2189 624/758/2190 640/774/2191 639/773/2192
f 624/758/2193 622/756/2194 638/772/2195 640/774/2196
f 625/760/2197 626/759/2198 642/775/2199 641/776/2200
f 626/759/2201 627/761/2202 643/777/2203 642/775/2204
f 627/761/2205 628/762/2206 644/778/2207 643/777/2208
f 628/762/2209 625/760/2210 641/776/2211 644/778/2212
f 638/772/2213 637/771/2214 645/779/2215 646/780/2216
f 637/771/2217 639/773/2218 647/781/2219 645/779/2220
f 639/773/2221 640/774/2222 648/782/2223 647/781/2224
f 640/774/2225 638/772/2226 646/780/2227 648/782/2228
f 641/776/2229 642/775/2230 650/783/2231 649/784/2232
f 642/775/2233 643/777/2234 651/785/2235 650/783/2236
f 643/777/2237 644/778/2238 652/786/2239 651/785/2240
f 644/778/2241 641/776/2242 649/784/2243 652/786/2244
f 646/780/2245 645/779/2246 653/787/2247 654/788/2248
f 645/779/2249 647/781/2250 655/789/2251 653/787/2252
f 647/781/2253 648/782/2254 656/790/2255 655/789/2256
f 648/782/2257 646/780/2258 654/788/2259 656/790/2260
f 649/784/2261 650/783/2262 658/791/2263 657/792/2264
f 650/783/2265 651/785/2266 659/793/2267 658/791/2268
f 651/785/2269 652/786/2270 660/794/2271 659/793/2272
f 652/786/2273 649/784/2274 657/792/2275 660/794/2276
f 654/788/2277 653/787/2278 657/792/2279 658/791/2280
f 653/787/2281 655/789/2282 660/794/2283 657/792/2284
f 655/789/2285 656/790/2286 659/793/2287 660/794/2288
f 656/790/2289 654/788/2290 658/791/2291 659/793/2292
s 25
f 614/748/2088 613/747/2087 661/795/2293 662/796/2294
s 26
f 613/747/2092 615/749/2091 663/797/2295 661/795/2296
s 27
f 615/749/2096 616/750/2095 664/798/2297 663/797/2298
s 28
f 616/750/2100 614/748/2099 662/796/2299 664/798/2300
s 29
f 617/752/2104 618/751/2103 666/799/2301 665/800/2302
s 30
f 618/751/2108 619/753/2107 667/801/2303 666/799/2304
s 31
f 619/753/2112 620/754/2111 668/802/2305 667/801/2306
s 32
f 620/754/2116 617/752/2115 665/800/2307 668/802/2308
s 33
f 630/764/2152 629/763/2151 669/803/2309 670/804/2310
s 34
f 629/763/2156 631/765/2155 671/805/2311 669/803/2312
s 35
f 631/765/2160 632/766/2159 672/806/2313 671/805/2314
s 36
f 632/766/2164 630/764/2163 670/804/2315 672/806/2316
s 37
f 633/768/2168 634/767/2167 674/807/2317 673/808/2318
s 38
f 634/767/2172 635/769/2171 675/809/2319 674/807/2320
s 39
f 635/769/2176 636/770/2175 676/810/2321 675/809/2322
s 40
f 636/770/2180 633/768/2179 673/808/2323 676/810/2324
s off
f 662/796/2325 661/795/2326 677/811/2327 678/812/2328
f 661/795/2329 663/797/2330 679/813/2331 677/811/2332
f 663/797/2333 664/798/2334 680/814/2335 679/813/2336
f 664/798/2337 662/796/2338 678/812/2339 680/814/2340
f 665/800/2341 666/799/2342 682/815/2343 681/816/2344
f 666/799/2345 667/801/2346 683/817/2347 682/815/2348
f 667/801/2349 668/802/2350 684/818/2351 683/817/2352
f 668/802/2353 665/800/2354 681/816/2355 684/818/2356
f 678/812/2357 677/811/2358 681/816/2359 682/815/2360
f 677/811/2361 679/813/2362 684/818/2363 681/816/2364
f 679/813/2365 680/814/2366 683/817/2367 684/818/2368
f 680/814/2369 678/812/2370 682/815/2371 683/817/2372
f 670/804/2373 669/803/2374 685/819/2375 686/820/2376
f 669/803/2377 671/805/2378 687/821/2379 685/819/2380
f 671/805/2381 672/806/2382 688/822/2383 687/821/2384
f 672/806/2385 670/804/2386 686/820/2387 688/822/2388
f 673/808/2389 674/807/2390 690/823/2391 689/824/2392
f 674/807/2393 675/809/2394 691/825/2395 690/823/2396
f 675/809/2397 676/810/2398 692/826/2399 691/825/2400
f 676/810/2401 673/808/2402 689/824/2403 692/826/2404
f 686/820/2405 685/819/2406 689/824/2407 690/823/2408
f 685/819/2409 687/821/2410 692/826/2411 689/824/2412
f 687/821/2413 688/822/2414 691/825/2415 692/826/2416
f 688/822/2417 686/820/2418 690/823/2419 691/825/2420
f 693/827/2421 694/828/2422 696/829/2423 695/830/2424
f 695/830/2425 696/829/2426 698/831/2427 697/832/2428
f 697/832/2429 698/831/2430 700/833/2431 699/834/2432
f 699/834/2433 700/833/2434 694/835/2435 693/836/2436
f 694/828/2437 700/837/2438 698/838/2439 696/829/2440
f 699/839/2441 693/827/2442 695/830/2443 697/840/2444
f 701/841/2445 702/842/2446 704/843/2447 703/844/2448
f 703/844/2449 704/843/2450 706/845/2451 705/846/2452
f 705/846/2453 706/845/2454 708/847/2455 707/848/2456
f 707/848/2457 708/847/2458 702/849/2459 701/850/2460
f 702/842/2461 708/851/2462 706/852/2463 704/843/2464
f 707/853/2465 701/841/2466 703/844/2467 705/854/2468
f 739/855/2469 740/856/2470 741/857/2471 742/858/2472
f 710/859/2473 711/860/2474 725/861/2475 724/862/2476
f 743/863/2477 744/864/2478 745/865/2479 746/866/2480
f 712/867/2481 713/868/2482 727/869/2483 726/870/2484
f 747/871/2485 748/872/2486 749/873/2487 750/874/2488
f 714/875/2489 715/876/2490 729/877/2491 728/878/2492
f 751/879/2493 752/880/2494 753/881/2495 754/882/2496
f 716/883/2497 717/884/2498 731/885/2499 730/886/2500
f 755/887/2501 756/888/2502 757/889/2503 758/890/2504
f 718/891/2505 719/892/2506 733/893/2507 732/894/2508
f 759/895/2509 760/896/2510 761/897/2511 762/898/2512
f 720/899/2513 721/900/2514 735/901/2515 734/902/2516
f 763/903/2517 764/904/2518 765/905/2519 766/906/2520
f 722/907/2521 709/908/2522 723/909/2523 736/910/2524
s 41
f 710/911/2525 709/912/2526 737/913/2527
f 711/914/2528 710/911/2525 737/913/2527
f 712/915/2529 711/914/2528 737/913/2527
f 713/916/2530 712/915/2529 737/913/2527
f 714/917/2531 713/916/2530 737/913/2527
f 715/918/2532 714/917/2531 737/913/2527
f 716/919/2533 715/918/2532 737/913/2527
f 717/920/2534 716/919/2533 737/913/2527
f 718/921/2535 717/920/2534 737/913/2527
f 719/922/2536 718/921/2535 737/913/2527
f 720/923/2537 719/922/2536 737/913/2527
f 721/924/2538 720/923/2537 737/913/2527
f 722/925/2539 721/924/2538 737/913/2527
f 709/912/2526 722/925/2539 737/913/2527
s 42
f 723/926/2540 724/927/2541 738/928/2542
f 724/927/2541 725/929/2543 738/928/2542
f 725/929/2543 726/930/2544 738/928/2542
f 726/930/2544 727/931/2545 738/928/2542
f 727/931/2545 728/932/2546 738/928/2542
f 728/932/2546 729/933/2547 738/928/2542
f 729/933/2547 730/934/2548 738/928/2542
f 730/934/2548 731/935/2549 738/928/2542
f 731/935/2549 732/936/2550 738/928/2542
f 732/936/2550 733/937/2551 738/928/2542
f 733/937/2551 734/938/2552 738/928/2542
f 734/938/2552 735/939/2553 738/928/2542
f 735/939/2553 736/940/2554 738/928/2542
f 736/940/2554 723/926/2540 738/928/2542
s 41
f 709/941/2526 710/859/2525 740/856/2555 739/855/2556
s off
f 710/859/2557 724/862/2558 741/857/2559 740/856/2560
s 42
f 724/862/2541 723/942/2540 742/858/2561 741/857/2562
s off
f 723/942/2563 709/941/2564 739/855/2565 742/858/2566
s 41
f 711/860/2528 712/867/2529 744/864/2567 743/863/2568
s off
f 712/867/2569 726/870/2570 745/865/2571 744/864/2572
s 42
f 726/870/2544 725/861/2543 746/866/2573 745/865/2574
s off
f 725/861/2575 711/860/2576 743/863/2577 746/866/2578
s 41
f 713/868/2530 714/875/2531 748/872/2579 747/871/2580
s off
f 714/875/2581 728/878/2582 749/873/2583 748/872/2584
s 42
f 728/878/2546 727/869/2545 750/874/2585 749/873/2586
s off
f 727/869/2587 713/868/2588 747/871/2589 750/874/2590
s 41
f 715/876/2532 716/883/2533 752/880/2591 751/879/2592
s off
f 716/883/2593 730/886/2594 753/881/2595 752/880/2596
s 42
f 730/886/2548 729/877/2547 754/882/2597 753/881/2598
s off
f 729/877/2599 715/876/2600 751/879/2601 754/882/2602
s 41
f 717/884/2534 718/891/2535 756/888/2603 755/887/2604
s off
f 718/891/2605 732/894/2606 757/889/2607 756/888/2608
s 42
f 732/894/2550 731/885/2549 758/890/2609 757/889/2610
s off
f 731/885/2611 717/884/2612 755/887/2613 758/890/2614
s 41
f 719/892/2536 720/899/2537 760/896/2615 759/895/2616
s off
f 720/899/2617 734/902/2618 761/897/2619 760/896/2620
s 42
f 734/902/2552 733/893/2551 762/898/2621 761/897/2622
s off
f 733/893/2623 719/892/2624 759/895/2625 762/898/2626
s 41
f 721/900/2538 722/907/2539 764/904/2627 763/903/2628
s off
f 722/907/2629 736/910/2630 765/905/2631 764/904/2632
s 42
f 736/910/2554 735/901/2553 766/906/2633 765/905/2634
s off
f 735/901/2635 721/900/2636 763/903/2637 766/906/2638
f 797/943/2639 798/944/2640 799/945/2641 800/946/2642
f 768/947/2643 769/948/2644 783/949/2645 782/950/2646
f 801/951/2647 802/952/2648 803/953/2649 804/954/2650
f 770/955/2651 771/956/2652 785/957/2653 784/958/2654
f 805/959/2655 806/960/2656 807/961/2657 808/962/2658
f 772/963/2659 773/964/2660 787/965/2661 786/966/2662
f 809/967/2663 810/968/2664 811/969/2665 812/970/2666
f 774/971/2667 775/972/2668 789/973/2669 788/974/2670
f 813/975/2671 814/976/2672 815/977/2673 816/978/2674
f 776/979/2675 777/980/2676 791/981/2677 790/982/2678
f 817/983/2679 818/984/2680 819/985/2681 820/986/2682
f 778/987/2683 779/988/2684 793/989/2685 792/990/2686
f 821/991/2687 822/992/2688 823/993/2689 824/994/2690
f 780/995/2691 767/996/2692 781/997/2693 794/998/2694
s 43
f 768/999/2695 767/1000/2696 795/1001/2697
f 769/1002/2698 768/999/2695 795/1001/2697
f 770/1003/2699 769/1002/2698 795/1001/2697
f 771/1004/2700 770/1003/2699 795/1001/2697
f 772/1005/2701 771/1004/2700 795/1001/2697
f 773/1006/2702 772/1005/2701 795/1001/2697
f 774/1007/2703 773/1006/2702 795/1001/2697
f 775/1008/2704 774/1007/2703 795/1001/2697
f 776/1009/2705 775/1008/2704 795/1001/2697
f 777/1010/2706 776/1009/2705 795/1001/2697
f 778/1011/2707 777/1010/2706 795/1001/2697
f 779/1012/2708 778/1011/2707 795/1001/2697
f 780/1013/2709 779/1012/2708 795/1001/2697
f 767/1000/2696 780/1013/2709 795/1001/2697
s 44
f 781/1014/2710 782/1015/2711 796/1016/2712
f 782/1015/2711 783/1017/2713 796/1016/2712
f 783/1017/2713 784/1018/2714 796/1016/2712
f 784/1018/2714 785/1019/2715 796/1016/2712
f 785/1019/2715 786/1020/2716 796/1016/2712
f 786/1020/2716 787/1021/2717 796/1016/2712
f 787/1021/2717 788/1022/2718 796/1016/2712
f 788/1022/2718 789/1023/2719 796/1016/2712
f 789/1023/2719 790/1024/2720 796/1016/2712
f 790/1024/2720 791/1025/2721 796/1016/2712
f 791/1025/2721 792/1026/2722 796/1016/2712
f 792/1026/2722 793/1027/2723 796/1016/2712
f 793/1027/2723 794/1028/2724 796/1016/2712
f 794/1028/2724 781/1014/2710 796/1016/2712
s 43
f 767/1029/2696 768/947/2695 798/944/2725 797/943/2726
s off
f 768/947/2727 782/950/2728 799/945/2729 798/944/2730
s 44
f 782/950/2711 781/1030/2710 800/946/2731 799/945/2732
s off
f 781/1030/2733 767/1029/2734 797/943/2735 800/946/2736
s 43
f 769/948/2698 770/955/2699 802/952/2737 801/951/2738
s off
f 770/955/2739 784/958/2740 803/953/2741 802/952/2742
s 44
f 784/958/2714 783/949/2713 804/954/2743 803/953/2744
s off
f 783/949/2745 769/948/2746 801/951/2747 804/954/2748
s 43
f 771/956/2700 772/963/2701 806/960/2749 805/959/2750
s off
f 772/963/2751 786/966/2752 807/961/2753 806/960/2754
s 44
f 786/966/2716 785/957/2715 808/962/2755 807/961/2756
s off
f 785/957/2757 771/956/2758 805/959/2759 808/962/2760
s 43
f 773/964/2702 774/971/2703 810/968/2761 809/967/2762
s off
f 774/971/2763 788/974/2764 811/969/2765 810/968/2766
s 44
f 788/974/2718 787/965/2717 812/970/2767 811/969/2768
s off
f 787/965/2769 773/964/2770 809/967/2771 812/970/2772
s 43
f 775/972/2704 776/979/2705 814/976/2773 813/975/2774
s off
f 776/979/2775 790/982/2776 815/977/2777 814/976/2778
s 44
f 790/982/2720 789/973/2719 816/978/2779 815/977/2780
s off
f 789/973/2781 775/972/2782 813/975/2783 816/978/2784
s 43
f 777/980/2706 778/987/2707 818/984/2785 817/983/2786
s off
f 778/987/2787 792/990/2788 819/985/2789 818/984/2790
s 44
f 792/990/2722 791/981/2721 820/986/2791 819/985/2792
s off
f 791/981/2793 777/980/2794 817/983/2795 820/986/2796
s 43
f 779/988/2708 780/995/2709 822/992/2797 821/991/2798
s off
f 780/995/2799 794/998/2800 823/993/2801 822/992/2802
s 44
f 794/998/2724 793/989/2723 824/994/2803 823/993/2804
s off
f 793/989/2805 779/988/2806 821/991/2807 824/994/2808
s 45
f 825/1031/2809 826/1032/2810 866/1033/2811 865/1034/2812
f 826/1032/2810 827/1035/2813 867/1036/2814 866/1033/2811
f 827/1035/2813 828/1037/2815 868/1038/2816 867/1036/2814
f 828/1037/2815 829/1039/2817 869/1040/2818 868/1038/2816
f 829/1039/2817 830/1041/2819 870/1042/2820 869/1040/2818
f 830/1041/2819 831/1043/2821 871/1044/2822 870/1042/2820
f 831/1043/2821 832/1045/2823 872/1046/2824 871/1044/2822
f 832/1045/2823 833/1047/2825 873/1048/2826 872/1046/2824
f 833/1047/2825 834/1049/2827 874/1050/2828 873/1048/2826
f 834/1049/2827 835/1051/2829 875/1052/2830 874/1050/2828
f 835/1051/2829 836/1053/2831 876/1054/2832 875/1052/2830
f 836/1053/2831 837/1055/2833 877/1056/2834 876/1054/2832
f 837/1055/2833 838/1057/2835 878/1058/2836 877/1056/2834
f 838/1057/2835 839/1059/2837 879/1060/2838 878/1058/2836
f 839/1059/2837 840/1061/2839 880/1062/2840 879/1060/2838
f 840/1061/2839 841/1063/2841 881/1064/2842 880/1062/2840
f 841/1063/2841 842/1065/2843 882/1066/2844 881/1064/2842
f 842/1065/2843 843/1067/2845 883/1068/2846 882/1066/2844
f 843/1067/2845 844/1069/2847 884/1070/2848 883/1068/2846
f 844/1069/2847 845/1071/2849 885/1072/2850 884/1070/2848
f 845/1071/2849 846/1073/2851 886/1074/2852 885/1072/2850
f 846/1073/2851 847/1075/2853 887/1076/2854 886/1074/2852
f 847/1075/2853 848/1077/2855 888/1078/2856 887/1076/2854
f 848/1077/2855 849/1079/2857 889/1080/2858 888/1078/2856
f 849/1079/2857 850/1081/2859 890/1082/2860 889/1080/2858
f 850/1081/2859 851/1083/2861 891/1084/2862 890/1082/2860
f 851/1083/2861 852/1085/2863 892/1086/2864 891/1084/2862
f 852/1085/2863 853/1087/2865 893/1088/2866 892/1086/2864
f 853/1087/2865 854/1089/2867 894/1090/2868 893/1088/2866
f 854/1089/2867 855/1091/2869 895/1092/2870 894/1090/2868
f 855/1091/2869 856/1093/2871 896/1094/2872 895/1092/2870
f 856/1093/2871 857/1095/2873 897/1096/2874 896/1094/2872
f 857/1095/2873 858/1097/2875 898/1098/2876 897/1096/2874
f 858/1097/2875 859/1099/2877 899/1100/2878 898/1098/2876
f 859/1099/2877 860/1101/2879 900/1102/2880 899/1100/2878
f 860/1101/2879 861/1103/2881 901/1104/2882 900/1102/2880
f 861/1103/2881 862/1105/2883 902/1106/2884 901/1104/2882
f 862/1105/2883 863/1107/2885 903/1108/2886 902/1106/2884
f 863/1107/2885 864/1109/2887 904/1110/2888 903/1108/2886
f 864/1109/2887 825/1111/2809 865/1112/2812 904/1110/2888
s 46
f 826/1113/2889 825/1114/2890 905/1115/2891
f 827/1116/2892 826/1113/2889 905/1115/2891
f 828/1117/2893 827/1116/2892 905/1115/2891
f 829/1118/2894 828/1117/2893 905/1115/2891
f 830/1119/2895 829/1118/2894 905/1115/2891
f 831/1120/2896 830/1119/2895 905/1115/2891
f 832/1121/2897 831/1120/2896 905/1115/2891
f 833/1122/2898 832/1121/2897 905/1115/2891
f 834/1123/2899 833/1122/2898 905/1115/2891
f 835/1124/2900 834/1123/2899 905/1115/2891
f 836/1125/2901 835/1124/2900 905/1115/2891
f 837/1126/2902 836/1125/2901 905/1115/2891
f 838/1127/2903 837/1126/2902 905/1115/2891
f 839/1128/2904 838/1127/2903 905/1115/2891
f 840/1129/2905 839/1128/2904 905/1115/2891
f 841/1130/2906 840/1129/2905 905/1115/2891
f 842/1131/2907 841/1130/2906 905/1115/2891
f 843/1132/2908 842/1131/2907 905/1115/2891
f 844/1133/2909 843/1132/2908 905/1115/2891
f 845/1134/2910 844/1133/2909 905/1115/2891
f 846/1135/2911 845/1134/2910 905/1115/2891
f 847/1136/2912 846/1135/2911 905/1115/2891
f 848/1137/2913 847/1136/2912 905/1115/2891
f 849/1138/2914 848/1137/2913 905/1115/2891
f 850/1139/2915 849/1138/2914 905/1115/2891
f 851/1140/2916 850/1139/2915 905/1115/2891
f 852/1141/2917 851/1140/2916 905/1115/2891
f 853/1142/2918 852/1141/2917 905/1115/2891
f 854/1143/2919 853/1142/2918 905/1115/2891
f 855/1144/2920 854/1143/2919 905/1115/2891
f 856/1145/2921 855/1144/2920 905/1115/2891
f 857/1146/2922 856/1145/2921 905/1115/2891
f 858/1147/2923 857/1146/2922 905/1115/2891
f 859/1148/2924 858/1147/2923 905/1115/2891
f 860/1149/2925 859/1148/2924 905/1115/2891
f 861/1150/2926 860/1149/2925 905/1115/2891
f 862/1151/2927 861/1150/2926 905/1115/2891
f 863/1152/2928 862/1151/2927 905/1115/2891
f 864/1153/2929 863/1152/2928 905/1115/2891
f 825/1114/2890 864/1153/2929 905/1115/2891
s 47
f 865/1154/2930 866/1155/2931 906/1156/2932
f 866/1155/2931 867/1157/2933 906/1156/2932
f 867/1157/2933 868/1158/2934 906/1156/2932
f 868/1158/2934 869/1159/2935 906/1156/2932
f 869/1159/2935 870/1160/2936 906/1156/2932
f 870/1160/2936 871/1161/2937 906/1156/2932
f 871/1161/2937 872/1162/2938 906/1156/2932
f 872/1162/2938 873/1163/2939 906/1156/2932
f 873/1163/2939 874/1164/2940 906/1156/2932
f 874/1164/2940 875/1165/2941 906/1156/2932
f 875/1165/2941 876/1166/2942 906/1156/2932
f 876/1166/2942 877/1167/2943 906/1156/2932
f 877/1167/2943 878/1168/2944 906/1156/2932
f 878/1168/2944 879/1169/2945 906/1156/2932
f 879/1169/2945 880/1170/2946 906/1156/2932
f 880/1170/2946 881/1171/2947 906/1156/2932
f 881/1171/2947 882/1172/2948 906/1156/2932
f 882/1172/2948 883/1173/2949 906/1156/2932
f 883/1173/2949 884/1174/2950 906/1156/2932
f 884/1174/2950 885/1175/2951 906/1156/2932
f 885/1175/2951 886/1176/2952 906/1156/2932
f 886/1176/2952 887/1177/2953 906/1156/2932
f 887/1177/2953 888/1178/2954 906/1156/2932
f 888/1178/2954 889/1179/2955 906/1156/2932
f 889/1179/2955 890/1180/2956 906/1156/2932
f 890/1180/2956 891/1181/2957 906/1156/2932
f 891/1181/2957 892/1182/2958 906/1156/2932
f 892/1182/2958 893/1183/2959 906/1156/2932
f 893/1183/2959 894/1184/2960 906/1156/2932
f 894/1184/2960 895/1185/2961 906/1156/2932
f 895/1185/2961 896/1186/2962 906/1156/2932
f 896/1186/2962 897/1187/2963 906/1156/2932
f 897/1187/2963 898/1188/2964 906/1156/2932
f 898/1188/2964 899/1189/2965 906/1156/2932
f 899/1189/2965 900/1190/2966 906/1156/2932
f 900/1190/2966 901/1191/2967 906/1156/2932
f 901/1191/2967 902/1192/2968 906/1156/2932
f 902/1192/2968 903/1193/2969 906/1156/2932
f 903/1193/2969 904/1194/2970 906/1156/2932
f 904/1194/2970 865/1154/2930 906/1156/2932
s 48
f 968/1195/2971 969/1196/2972 1045/1197/2973 1046/1198/2974
s 49
f 966/1199/2975 967/1200/2976 1047/1201/2977 1048/1202/2978
s 50
f 970/1203/2979 963/1204/2980 1061/1205/2981 1044/1206/2982
s off
f 909/1207/2983 910/1208/2984 913/1209/2985 914/1210/2986 920/1211/2987 919/1212/2988 916/1213/2989 915/1214/2990
s 51
f 963/1215/2991 964/1216/2992 1060/1217/2993 1061/1218/2994
s 52
f 965/1219/2995 966/1220/2996 1048/1221/2997 1049/1222/2998
s off
f 917/1223/2999 918/1224/3000 921/1225/3001 922/1226/3002 912/1227/3003 911/1228/3004 908/1229/3005 907/1230/3006
s 53
f 1044/1206/3007 1045/1197/3008 969/1196/3009 970/1203/3010
s 54
f 1046/1198/3011 1047/1201/3012 967/1200/3013 968/1195/3014
s 50
f 1079/1231/3015 1062/1232/3016 932/1233/3017 933/1234/3018
s 53
f 933/1234/3019 934/1235/3020 1078/1236/3021 1079/1231/3022
s 48
f 1077/1237/3023 1078/1236/3024 934/1235/3025 935/1238/3026
s 54
f 935/1238/3027 936/1239/3028 1076/1240/3029 1077/1237/3030
s 49
f 1075/1241/3031 1076/1240/3032 936/1239/3033 937/1242/3034
s 52
f 1074/1243/3035 1075/1244/3036 937/1245/3037 938/1246/3038
s 51
f 1062/1247/3039 1063/1248/3040 931/1249/3041 932/1250/3042
f 932/1250/3042 931/1249/3041 939/1251/3043 940/1252/3044
s 50
f 933/1234/3018 932/1233/3017 940/1253/3045 941/1254/3046
s 53
f 941/1254/3047 942/1255/3048 934/1235/3020 933/1234/3019
s 48
f 935/1238/3026 934/1235/3025 942/1255/3049 943/1256/3050
s 54
f 943/1256/3051 944/1257/3052 936/1239/3028 935/1238/3027
s 49
f 937/1242/3034 936/1239/3033 944/1257/3053 945/1258/3054
s 52
f 938/1246/3038 937/1245/3037 945/1259/3055 946/1260/3056
s off
f 946/1260/3057 939/1251/3058 931/1249/3059 938/1246/3060
f 988/1261/3061 987/1262/3062 989/1263/3063 990/1264/3064
f 991/1265/3065 988/1266/3066 990/1267/3067 992/1268/3068
f 992/1268/3069 993/1269/3070 994/1270/3071 991/1265/3072
f 995/1271/3073 994/1270/3074 993/1269/3075 996/1272/3076
f 996/1272/3077 997/1273/3078 998/1274/3079 995/1271/3080
f 999/1275/3081 998/1274/3082 997/1273/3083 1000/1276/3084
f 1001/1277/3085 999/1278/3086 1000/1279/3087 1002/1280/3088
f 989/1263/3089 987/1262/3090 1001/1277/3091 1002/1280/3092
f 972/1281/3093 971/1282/3094 973/1283/3095 974/1284/3096
f 975/1285/3097 973/1283/3098 971/1282/3099 976/1286/3100
f 976/1286/3101 977/1287/3102 978/1288/3103 975/1285/3104
f 979/1289/3105 980/1290/3106 978/1291/3107 977/1292/3108
f 981/1293/3109 980/1290/3110 979/1289/3111 982/1294/3112
f 983/1295/3113 984/1296/3114 981/1293/3115 982/1294/3116
f 985/1297/3117 984/1296/3118 983/1295/3119 986/1298/3120
f 972/1299/3121 974/1300/3122 985/1297/3123 986/1298/3124
s 53
f 924/1301/3125 925/1302/3126 956/1303/3127 955/1304/3128
s 48
f 957/1305/3129 956/1303/3130 925/1302/3131 926/1306/3132
s 54
f 926/1306/3133 927/1307/3134 958/1308/3135 957/1305/3136
s 49
f 959/1309/3137 958/1308/3138 927/1307/3139 928/1310/3140
s 52
f 960/1311/3141 959/1312/3142 928/1313/3143 929/1314/3144
s 67
f 1121/1315/3145 1116/1316/3146 1122/1317/3147 1123/1318/3148
s 51
f 962/1319/3149 961/1320/3150 930/1321/3151 923/1322/3152
s 50
f 955/1304/3153 962/1323/3154 923/1324/3155 924/1301/3156
s 51
f 947/1325/3157 948/1326/3158 964/1216/2992 963/1215/2991
s off
f 965/1219/3159 964/1216/3160 948/1326/3161 949/1327/3162
s 52
f 949/1327/3163 950/1328/3164 966/1220/2996 965/1219/2995
s 49
f 950/1329/3165 951/1330/3166 967/1200/2976 966/1199/2975
s 54
f 968/1195/3014 967/1200/3013 951/1330/3167 952/1331/3168
s 48
f 952/1331/3169 953/1332/3170 969/1196/2972 968/1195/2971
s 53
f 970/1203/3010 969/1196/3009 953/1332/3171 954/1333/3172
s 50
f 954/1333/3173 947/1334/3174 963/1204/2980 970/1203/2979
s off
f 907/1230/3175 908/1229/3176 971/1282/3177 972/1281/3178
f 948/1326/3179 947/1325/3180 974/1284/3181 973/1283/3182
f 949/1327/3183 948/1326/3184 973/1283/3185 975/1285/3186
f 908/1229/3187 911/1228/3188 976/1286/3189 971/1282/3190
f 911/1228/3191 912/1227/3192 977/1287/3193 976/1286/3194
f 950/1328/3195 949/1327/3196 975/1285/3197 978/1288/3198
f 951/1330/3199 950/1329/3200 978/1291/3201 980/1290/3202
f 912/1335/3203 922/1336/3204 979/1289/3205 977/1292/3206
f 952/1331/3207 951/1330/3208 980/1290/3209 981/1293/3210
f 922/1336/3211 921/1225/3212 982/1294/3213 979/1289/3214
f 953/1332/3215 952/1331/3216 981/1293/3217 984/1296/3218
f 921/1225/3219 918/1224/3220 983/1295/3221 982/1294/3222
f 954/1333/3223 953/1332/3224 984/1296/3225 985/1297/3226
f 918/1224/3227 917/1337/3228 986/1298/3229 983/1295/3230
f 947/1334/3231 954/1333/3232 985/1297/3233 974/1300/3234
f 917/1337/3235 907/1338/3236 972/1299/3237 986/1298/3238
f 940/1252/3239 939/1251/3240 987/1262/3241 988/1261/3242
f 910/1208/3243 909/1207/3244 990/1264/3245 989/1263/3246
f 941/1254/3247 940/1253/3248 988/1266/3249 991/1265/3250
f 909/1339/3251 915/1340/3252 992/1268/3253 990/1267/3254
f 915/1340/3255 916/1341/3256 993/1269/3257 992/1268/3258
f 942/1255/3259 941/1254/3260 991/1265/3261 994/1270/3262
f 943/1256/3263 942/1255/3264 994/1270/3265 995/1271/3266
f 916/1341/3267 919/1342/3268 996/1272/3269 993/1269/3270
f 919/1342/3271 920/1343/3272 997/1273/3273 996/1272/3274
f 944/1257/3275 943/1256/3276 995/1271/3277 998/1274/3278
f 945/1258/3279 944/1257/3280 998/1274/3281 999/1275/3282
f 920/1343/3283 914/1344/3284 1000/1276/3285 997/1273/3286
f 946/1260/3287 945/1259/3288 999/1278/3289 1001/1277/3290
f 914/1210/3291 913/1209/3292 1002/1280/3293 1000/1279/3294
f 939/1251/3295 946/1260/3296 1001/1277/3297 987/1262/3298
f 913/1209/3299 910/1208/3300 989/1263/3301 1002/1280/3302
s 70
f 1120/1345/3303 1121/1315/3304 1123/1318/3305 1124/1346/3306
s 71
f 1059/1347/3307 1060/1217/3308 964/1216/3309 1005/1348/3310
s off
f 964/1216/3311 965/1219/3312 1006/1349/3313 1005/1348/3314
s 72
f 965/1219/3315 1049/1222/3316 1050/1350/3317 1006/1349/3318
s off
f 938/1246/3319 931/1249/3320 1008/1351/3321 1007/1352/3322
s 73
f 931/1249/3323 1063/1248/3324 1064/1353/3325 1008/1351/3326
s 74
f 1127/1354/3327 1122/1317/3328 1116/1316/3329 1117/1355/3330
s 75
f 1073/1356/3331 1074/1243/3332 938/1246/3333 1007/1352/3334
s 76
f 1119/1357/3335 1132/1358/3336 1133/1359/3337 1125/1360/3338
s 77
f 1058/1361/3339 1136/1362/3340 1137/1363/3341 1013/1364/3342
s 78
f 1005/1348/3343 1006/1349/3344 1019/1365/3345
s 79
f 1128/1366/3346 1129/1367/3347 1051/1368/3348 1014/1369/3349
s 80
f 1007/1352/3350 1008/1351/3351 1016/1370/3352 1015/1371/3353
s 81
f 1008/1351/3354 1064/1353/3355 1065/1372/3356 1016/1370/3357
s 82
f 1126/1373/3358 1127/1354/3359 1117/1355/3360 1118/1374/3361
s 83
f 1072/1375/3362 1073/1356/3363 1007/1352/3364 1015/1371/3365
s 84
f 1118/1374/3366 1119/1357/3367 1125/1360/3368 1126/1373/3369
s 78
f 1005/1348/3343 1019/1365/3345 1013/1364/3370 1137/1363/3371
f 1019/1365/3345 1006/1349/3344 1128/1366/3372 1014/1369/3373
s 85
f 1052/1376/3374 1053/1377/3375 1023/1378/3376 1025/1379/3377
s 86
f 1053/1377/3378 1054/1380/3379 1024/1381/3380 1023/1378/3381
s 85
f 1027/1382/3382 1026/1383/3383 1070/1384/3384 1071/1385/3385
s 86
f 1026/1383/3386 1028/1386/3387 1069/1387/3388 1070/1384/3389
s 85
f 1014/1369/3390 1051/1368/3391 1052/1376/3374 1025/1379/3377
f 1071/1385/3385 1072/1375/3392 1015/1371/3393 1027/1382/3382
f 1022/1388/3394 1011/1389/3395 1018/1390/3396 1029/1391/3397
s 86
f 1020/1392/3398 1021/1393/3399 1030/1394/3400 1031/1395/3401
s 85
f 1021/1393/3402 1022/1388/3394 1029/1391/3397 1030/1394/3403
s 86
f 1055/1396/3404 1056/1397/3405 1036/1398/3406 1035/1399/3407
s 92
f 1056/1397/3408 1057/1400/3409 1037/1401/3410 1036/1398/3411
f 1057/1400/3409 1058/1361/3412 1013/1364/3413 1037/1401/3410
f 1016/1370/3414 1065/1372/3415 1066/1402/3416 1039/1403/3417
f 1012/1404/3418 1032/1405/3419 1041/1406/3420 1017/1407/3421
s 86
f 1054/1380/3379 1055/1396/3404 1035/1399/3407 1024/1381/3380
f 1068/1408/3422 1069/1387/3388 1028/1386/3387 1038/1409/3423
f 1034/1410/3424 1020/1392/3398 1031/1395/3401 1043/1411/3425
s 78
f 1036/1398/3426 1019/1365/3345 1023/1378/3427
s 80
f 1038/1409/3428 1028/1386/3429 1026/1383/3430 1027/1382/3431 1015/1371/3353 1016/1370/3352 1039/1403/3432 1040/1412/3433
s 92
f 1032/1405/3419 1033/1413/3434 1042/1414/3435 1041/1406/3420
s 86
f 1033/1413/3436 1034/1410/3424 1043/1411/3425 1042/1414/3437
f 1038/1409/3423 1040/1412/3438 1067/1415/3439 1068/1408/3422
s 92
f 1040/1412/3440 1039/1403/3417 1066/1402/3416 1067/1415/3441
s 53
f 1080/1416/3442 1081/1417/3443 1045/1197/3008 1044/1206/3007
s 48
f 1046/1198/2974 1045/1197/2973 1081/1417/3444 1082/1418/3445
s 54
f 1082/1418/3446 1083/1419/3447 1047/1201/3012 1046/1198/3011
s 49
f 1048/1202/2978 1047/1201/2977 1083/1419/3448 1084/1420/3449
s 52
f 1049/1222/2998 1048/1221/2997 1084/1421/3450 1085/1422/3451
s 72
f 1050/1350/3317 1049/1222/3316 1085/1422/3452 1086/1423/3453
s 79
f 1051/1368/3348 1129/1367/3347 1130/1424/3454 1087/1425/3455
s 85
f 1052/1376/3374 1051/1368/3391 1087/1425/3456 1088/1426/3457
f 1088/1426/3457 1089/1427/3458 1053/1377/3375 1052/1376/3374
s 86
f 1089/1427/3459 1090/1428/3460 1054/1380/3379 1053/1377/3378
f 1091/1429/3461 1092/1430/3462 1056/1397/3405 1055/1396/3404
s 92
f 1092/1430/3463 1093/1431/3464 1057/1400/3409 1056/1397/3408
f 1093/1431/3464 1094/1432/3465 1058/1361/3412 1057/1400/3409
s 77
f 1094/1432/3466 1135/1433/3467 1136/1362/3340 1058/1361/3339
s 71
f 1095/1434/3468 1096/1435/3469 1060/1217/3308 1059/1347/3307
s 51
f 1061/1218/2994 1060/1217/2993 1096/1435/3470 1097/1436/3471
s 50
f 1044/1206/2982 1061/1205/2981 1097/1437/3472 1080/1416/3473
s 51
f 1098/1438/3474 1099/1439/3475 1063/1248/3040 1062/1247/3039
s 73
f 1064/1353/3325 1063/1248/3324 1099/1439/3476 1100/1440/3477
s 81
f 1065/1372/3356 1064/1353/3355 1100/1440/3478 1101/1441/3479
s 92
f 1066/1402/3416 1065/1372/3415 1101/1441/3480 1102/1442/3481
f 1067/1415/3441 1066/1402/3416 1102/1442/3481 1103/1443/3482
s 86
f 1068/1408/3422 1067/1415/3439 1103/1443/3483 1104/1444/3484
f 1070/1384/3389 1069/1387/3388 1105/1445/3485 1106/1446/3486
s 85
f 1071/1385/3385 1070/1384/3384 1106/1446/3487 1107/1447/3488
f 1107/1447/3488 1108/1448/3489 1072/1375/3392 1071/1385/3385
s 83
f 1108/1448/3490 1109/1449/3491 1073/1356/3363 1072/1375/3362
s 75
f 1109/1449/3492 1110/1450/3493 1074/1243/3332 1073/1356/3331
s 52
f 1110/1450/3494 1111/1451/3495 1075/1244/3036 1074/1243/3035
s 49
f 1111/1452/3496 1112/1453/3497 1076/1240/3032 1075/1241/3031
s 54
f 1077/1237/3030 1076/1240/3029 1112/1453/3498 1113/1454/3499
s 48
f 1113/1454/3500 1114/1455/3501 1078/1236/3024 1077/1237/3023
s 53
f 1079/1231/3022 1078/1236/3021 1114/1455/3502 1115/1456/3503
s 50
f 1115/1456/3504 1098/1457/3505 1062/1232/3016 1079/1231/3015
s 53
f 955/1304/3128 956/1303/3127 1081/1417/3443 1080/1416/3442
s 48
f 1082/1418/3445 1081/1417/3444 956/1303/3130 957/1305/3129
s 54
f 957/1305/3136 958/1308/3135 1083/1419/3447 1082/1418/3446
s 49
f 1084/1420/3449 1083/1419/3448 958/1308/3138 959/1309/3137
s 52
f 1085/1422/3451 1084/1421/3450 959/1312/3142 960/1311/3141
s 72
f 1086/1423/3453 1085/1422/3452 960/1311/3506 1003/1458/3507
s 79
f 1087/1425/3455 1130/1424/3454 1131/1459/3508 1011/1389/3509
s 85
f 1088/1426/3457 1087/1425/3456 1011/1389/3395 1022/1388/3394
f 1022/1388/3394 1021/1393/3402 1089/1427/3458 1088/1426/3457
s 86
f 1021/1393/3399 1020/1392/3398 1090/1428/3460 1089/1427/3459
f 1020/1392/3398 1034/1410/3424 1091/1429/3461 1090/1428/3460
f 1034/1410/3424 1033/1413/3436 1092/1430/3462 1091/1429/3461
s 92
f 1033/1413/3434 1032/1405/3419 1093/1431/3464 1092/1430/3463
f 1012/1404/3418 1094/1432/3465 1093/1431/3464 1032/1405/3419
s 77
f 1134/1460/3510 1135/1433/3467 1094/1432/3466 1012/1404/3511
s 71
f 961/1320/3512 1096/1435/3469 1095/1434/3468 1004/1461/3513
s 51
f 1097/1436/3471 1096/1435/3470 961/1320/3150 962/1319/3149
s 50
f 1080/1416/3473 1097/1437/3472 962/1323/3154 955/1304/3153
s 51
f 923/1322/3152 930/1321/3151 1099/1439/3475 1098/1438/3474
s 73
f 1100/1440/3477 1099/1439/3476 930/1321/3514 1009/1462/3515
s 81
f 1101/1441/3479 1100/1440/3478 1009/1462/3516 1017/1407/3517
s 92
f 1102/1442/3481 1101/1441/3480 1017/1407/3421 1041/1406/3420
f 1103/1443/3482 1102/1442/3481 1041/1406/3420 1042/1414/3435
s 86
f 1104/1444/3484 1103/1443/3483 1042/1414/3437 1043/1411/3425
f 1031/1395/3401 1105/1445/3485 1104/1444/3484 1043/1411/3425
f 1106/1446/3486 1105/1445/3485 1031/1395/3401 1030/1394/3400
s 85
f 1107/1447/3488 1106/1446/3487 1030/1394/3403 1029/1391/3397
f 1018/1390/3396 1108/1448/3489 1107/1447/3488 1029/1391/3397
s 83
f 1010/1463/3518 1109/1449/3491 1108/1448/3490 1018/1390/3519
s 75
f 929/1314/3520 1110/1450/3493 1109/1449/3492 1010/1463/3521
s 52
f 929/1314/3144 928/1313/3143 1111/1451/3495 1110/1450/3494
s 49
f 928/1310/3140 927/1307/3139 1112/1453/3497 1111/1452/3496
s 54
f 1113/1454/3499 1112/1453/3498 927/1307/3134 926/1306/3133
s 48
f 926/1306/3132 925/1302/3131 1114/1455/3501 1113/1454/3500
s 53
f 1115/1456/3503 1114/1455/3502 925/1302/3126 924/1301/3125
s 50
f 924/1301/3156 923/1324/3155 1098/1457/3505 1115/1456/3504
s 74
f 1117/1355/3330 1116/1316/3329 929/1314/3522 1010/1463/3523
s 82
f 1118/1374/3361 1117/1355/3360 1010/1463/3524 1018/1390/3525
s 84
f 1011/1389/3526 1119/1357/3367 1118/1374/3366 1018/1390/3527
s 76
f 1131/1459/3528 1132/1358/3336 1119/1357/3335 1011/1389/3529
s 70
f 960/1311/3530 1121/1315/3304 1120/1345/3303 1003/1458/3531
s 67
f 929/1314/3532 1116/1316/3146 1121/1315/3145 960/1311/3533
f 1123/1318/3148 1122/1317/3147 930/1321/3534 961/1320/3535
s 70
f 1124/1346/3306 1123/1318/3305 961/1320/3536 1004/1461/3537
s 76
f 1125/1360/3338 1133/1359/3337 1134/1460/3538 1012/1404/3539
s 84
f 1126/1373/3369 1125/1360/3368 1012/1404/3540 1017/1407/3541
s 82
f 1009/1462/3542 1127/1354/3359 1126/1373/3358 1017/1407/3543
s 74
f 930/1321/3544 1122/1317/3328 1127/1354/3327 1009/1462/3545
s 79
f 1006/1349/3546 1050/1350/3547 1129/1367/3347 1128/1366/3346
f 1130/1424/3454 1129/1367/3347 1050/1350/3547 1086/1423/3548
f 1131/1459/3508 1130/1424/3454 1086/1423/3548 1003/1458/3549
s 76
f 1003/1458/3550 1120/1345/3551 1132/1358/3336 1131/1459/3528
f 1133/1359/3337 1132/1358/3336 1120/1345/3551 1124/1346/3552
f 1134/1460/3538 1133/1359/3337 1124/1346/3552 1004/1461/3553
s 77
f 1004/1461/3554 1095/1434/3555 1135/1433/3467 1134/1460/3510
f 1136/1362/3340 1135/1433/3467 1095/1434/3555 1059/1347/3556
f 1137/1363/3341 1136/1362/3340 1059/1347/3556 1005/1348/3557
s 78
f 1036/1398/3426 1023/1378/3427 1024/1381/3558 1035/1399/3559
f 1023/1378/3427 1019/1365/3345 1014/1369/3373 1025/1379/3560
f 1013/1364/3370 1019/1365/3345 1036/1398/3426 1037/1401/3561
s off
f 1090/1428/3562 1091/1429/3563 1139/1464/3564 1138/1465/3565
f 1091/1429/3566 1055/1396/3567 1140/1466/3568 1139/1464/3569
f 1055/1396/3570 1054/1380/3571 1141/1467/3572 1140/1466/3573
f 1054/1380/3574 1090/1428/3575 1138/1465/3576 1141/1467/3577
f 1104/1444/3578 1105/1445/3579 1143/1468/3580 1142/1469/3581
f 1105/1445/3582 1069/1387/3583 1144/1470/3584 1143/1468/3585
f 1069/1387/3586 1068/1408/3587 1145/1471/3588 1144/1470/3589
f 1068/1408/3590 1104/1444/3591 1142/1469/3592 1145/1471/3593
f 1138/1465/3594 1139/1464/3595 1147/1472/3596 1146/1473/3597
f 1139/1464/3598 1140/1466/3599 1148/1474/3600 1147/1472/3601
f 1140/1466/3602 1141/1467/3603 1149/1475/3604 1148/1474/3605
f 1141/1467/3606 1138/1465/3607 1146/1473/3608 1149/1475/3609
f 1142/1469/3610 1143/1468/3611 1151/1476/3612 1150/1477/3613
f 1143/1468/3614 1144/1470/3615 1152/1478/3616 1151/1476/3617
f 1144/1470/3618 1145/1471/3619 1153/1479/3620 1152/1478/3621
f 1145/1471/3622 1142/1469/3623 1150/1477/3624 1153/1479/3625
f 1146/1473/3626 1147/1472/3627 1155/1480/3628 1154/1481/3629
f 1147/1472/3630 1148/1474/3631 1156/1482/3632 1155/1480/3633
f 1148/1474/3634 1149/1475/3635 1157/1483/3636 1156/1482/3637
f 1149/1475/3638 1146/1473/3639 1154/1481/3640 1157/1483/3641
f 1150/1477/3642 1151/1476/3643 1159/1484/3644 1158/1485/3645
f 1151/1476/3646 1152/1478/3647 1160/1486/3648 1159/1484/3649
f 1152/1478/3650 1153/1479/3651 1161/1487/3652 1160/1486/3653
f 1153/1479/3654 1150/1477/3655 1158/1485/3656 1161/1487/3657
f 1162/1488/3658 1163/1489/3659 1171/1490/3660 1170/1491/3661
f 1163/1489/3662 1164/1492/3663 1172/1493/3664 1171/1490/3665
f 1164/1492/3666 1165/1494/3667 1173/1495/3668 1172/1493/3669
f 1165/1494/3670 1166/1496/3671 1174/1497/3672 1173/1495/3673
f 1167/1498/3674 1168/1499/3675 1176/1500/3676 1175/1501/3677
f 1169/1502/3678 1162/1503/3679 1170/1504/3680 1177/1505/3681
s 95
f 1179/1506/3682 1178/1507/3683 1180/1508/3684
f 1181/1509/3685 1179/1506/3682 1180/1508/3684
f 1182/1510/3686 1181/1509/3685 1180/1508/3684
f 1183/1511/3687 1182/1510/3686 1180/1508/3684
f 1184/1512/3688 1183/1511/3687 1180/1508/3684
f 1185/1513/3689 1184/1512/3688 1180/1508/3684
f 1186/1514/3690 1185/1513/3689 1180/1508/3684
f 1178/1507/3683 1186/1514/3690 1180/1508/3684
s 96
f 1187/1515/3691 1188/1516/3692 1189/1517/3693
f 1188/1516/3692 1190/1518/3694 1189/1517/3693
f 1190/1518/3694 1191/1519/3695 1189/1517/3693
f 1191/1519/3695 1192/1520/3696 1189/1517/3693
f 1192/1520/3696 1193/1521/3697 1189/1517/3693
f 1193/1521/3697 1194/1522/3698 1189/1517/3693
f 1194/1522/3698 1195/1523/3699 1189/1517/3693
f 1195/1523/3699 1187/1515/3691 1189/1517/3693
s off
f 1155/1480/3700 1156/1482/3701 1177/1524/3702 1176/1525/3703
f 1156/1482/3704 1157/1483/3705 1169/1502/3706 1177/1505/3707
f 1157/1483/3708 1154/1481/3709 1168/1526/3710 1169/1527/3711
f 1154/1481/3712 1155/1480/3713 1176/1500/3714 1168/1499/3715
f 1159/1484/3716 1160/1486/3717 1166/1528/3718 1167/1529/3719
f 1160/1486/3720 1161/1487/3721 1174/1497/3722 1166/1496/3723
f 1161/1487/3724 1158/1485/3725 1175/1530/3726 1174/1531/3727
f 1158/1485/3728 1159/1484/3729 1167/1498/3730 1175/1501/3731
f 1163/1532/3732 1162/1533/3733 1178/1507/3734 1179/1506/3735
f 1164/1534/3736 1163/1532/3737 1179/1506/3738 1181/1509/3739
f 1165/1535/3740 1164/1534/3741 1181/1509/3742 1182/1510/3743
f 1166/1528/3744 1165/1535/3745 1182/1510/3746 1183/1511/3747
f 1167/1529/3748 1166/1528/3749 1183/1511/3750 1184/1512/3751
f 1168/1526/3752 1167/1529/3753 1184/1512/3754 1185/1513/3755
f 1169/1527/3756 1168/1526/3757 1185/1513/3758 1186/1514/3759
f 1162/1533/3760 1169/1527/3761 1186/1514/3762 1178/1507/3763
f 1170/1536/3764 1171/1537/3765 1188/1516/3766 1187/1515/3767
f 1171/1537/3768 1172/1538/3769 1190/1518/3770 1188/1516/3771
f 1172/1538/3772 1173/1539/3773 1191/1519/3774 1190/1518/3775
f 1173/1539/3776 1174/1531/3777 1192/1520/3778 1191/1519/3779
f 1174/1531/3780 1175/1530/3781 1193/1521/3782 1192/1520/3783
f 1175/1530/3784 1176/1525/3785 1194/1522/3786 1193/1521/3787
f 1176/1525/3788 1177/1524/3789 1195/1523/3790 1194/1522/3791
f 1177/1524/3792 1170/1536/3793 1187/1515/3794 1195/1523/3795
s 97
f 1233/1540/3796 1234/1541/3797 1235/1542/3798
f 1236/1543/3799 1237/1544/3800 1238/1545/3801
f 1239/1546/3802 1240/1547/3803 1241/1548/3804
f 1238/1545/3801 1242/1549/3805 1243/1550/3806
f 1244/1551/3807 1234/1541/3797 1233/1540/3796
f 1243/1550/3806 1242/1549/3805 1240/1547/3803
f 1235/1542/3798 1237/1544/3800 1236/1543/3799
f 1239/1546/3802 1241/1548/3804 1244/1551/3807
f 1235/1542/3798 1245/1552/3808 1237/1544/3800
f 1238/1545/3801 1237/1544/3800 1245/1552/3808
f 1238/1545/3801 1245/1552/3808 1242/1549/3805
f 1240/1547/3803 1242/1549/3805 1245/1552/3808
f 1241/1548/3804 1240/1547/3803 1245/1552/3808
f 1244/1551/3807 1241/1548/3804 1245/1552/3808
f 1244/1551/3807 1245/1552/3808 1234/1541/3797
f 1235/1542/3798 1234/1541/3797 1245/1552/3808
s 101
f 1198/1553/3809 1201/1554/3810 1208/1555/3811
f 1199/1556/3812 1204/1557/3813 1205/1558/3814
f 1196/1559/3815 1207/1560/3816 1200/1561/3817
f 1204/1557/3813 1197/1562/3818 1206/1563/3819
f 1202/1564/3820 1198/1553/3809 1208/1555/3811
f 1197/1562/3818 1200/1561/3817 1206/1563/3819
f 1201/1554/3810 1199/1556/3812 1205/1558/3814
f 1196/1559/3815 1202/1564/3820 1207/1560/3816
f 1201/1554/3810 1205/1558/3814 1203/1565/3821
f 1204/1557/3813 1203/1565/3821 1205/1558/3814
f 1204/1557/3813 1206/1563/3819 1203/1565/3821
f 1200/1561/3817 1203/1565/3821 1206/1563/3819
f 1207/1560/3816 1203/1565/3821 1200/1561/3817
f 1202/1564/3820 1203/1565/3821 1207/1560/3816
f 1202/1564/3820 1208/1555/3811 1203/1565/3821
f 1201/1554/3810 1203/1565/3821 1208/1555/3811
s 105
f 1201/1566/3822 1198/1567/3823 1209/1568/3824 1210/1569/3825
s 106
f 1204/1570/3826 1199/1571/3827 1211/1572/3828 1212/1573/3829
f 1196/1574/3830 1200/1575/3831 1214/1576/3832 1213/1577/3833
f 1197/1578/3834 1204/1570/3826 1212/1573/3829 1215/1579/3835
s 105
f 1198/1567/3823 1202/1580/3836 1216/1581/3837 1209/1568/3824
s 106
f 1200/1575/3831 1197/1578/3834 1215/1579/3835 1214/1576/3832
s 105
f 1199/1571/3838 1201/1566/3822 1210/1569/3825 1211/1572/3839
f 1202/1580/3836 1196/1574/3840 1213/1577/3841 1216/1581/3837
s off
f 1210/1569/3842 1209/1568/3843 1217/1582/3844 1218/1583/3845
f 1212/1573/3846 1211/1572/3847 1219/1584/3848 1220/1585/3849
f 1213/1577/3850 1214/1576/3851 1222/1586/3852 1221/1587/3853
f 1215/1579/3854 1212/1573/3855 1220/1585/3856 1223/1588/3857
f 1209/1568/3858 1216/1581/3859 1224/1589/3860 1217/1582/3861
f 1214/1576/3862 1215/1579/3863 1223/1588/3864 1222/1586/3865
f 1211/1572/3866 1210/1569/3867 1218/1583/3868 1219/1584/3869
f 1216/1581/3870 1213/1577/3871 1221/1587/3872 1224/1589/3873
f 1218/1583/3874 1217/1582/3875 1225/1590/3876 1226/1591/3877
f 1220/1585/3878 1219/1584/3879 1227/1592/3880 1228/1593/3881
f 1221/1587/3882 1222/1586/3883 1230/1594/3884 1229/1595/3885
f 1223/1588/3886 1220/1585/3887 1228/1593/3888 1231/1596/3889
f 1217/1582/3890 1224/1589/3891 1232/1597/3892 1225/1590/3893
f 1222/1586/3894 1223/1588/3895 1231/1596/3896 1230/1594/3897
f 1219/1584/3898 1218/1583/3899 1226/1591/3900 1227/1592/3901
f 1224/1589/3902 1221/1587/3903 1229/1595/3904 1232/1597/3905
f 1226/1591/3906 1225/1590/3907 1233/1540/3908 1235/1542/3909
f 1228/1593/3910 1227/1592/3911 1236/1543/3912 1238/1545/3913
f 1229/1595/3914 1230/1594/3915 1240/1547/3916 1239/1546/3917
f 1231/1596/3918 1228/1593/3919 1238/1545/3920 1243/1550/3921
f 1225/1590/3922 1232/1597/3923 1244/1551/3924 1233/1540/3925
f 1230/1594/3926 1231/1596/3927 1243/1550/3928 1240/1547/3929
f 1227/1592/3930 1226/1591/3931 1235/1542/3932 1236/1543/3933
f 1232/1597/3934 1229/1595/3935 1239/1546/3936 1244/1551/3937
f 1246/1598/3938 1247/1599/3939 1249/1600/3940 1248/1601/3941
f 1248/1601/3942 1249/1600/3943 1251/1602/3944 1250/1603/3945
f 1250/1603/3946 1251/1602/3947 1253/1604/3948 1252/1605/3949
f 1252/1605/3950 1253/1604/3951 1247/1606/3952 1246/1607/3953
f 1247/1599/3954 1253/1608/3955 1251/1609/3956 1249/1600/3957
f 1252/1610/3958 1246/1598/3959 1248/1601/3960 1250/1611/3961
s 108
f 1254/1612/3962 1255/1613/3963 1295/1614/3964 1294/1615/3965
f 1255/1613/3963 1256/1616/3966 1296/1617/3967 1295/1614/3964
f 1256/1616/3966 1257/1618/3968 1297/1619/3969 1296/1617/3967
f 1257/1618/3968 1258/1620/3970 1298/1621/3971 1297/1619/3969
f 1258/1620/3970 1259/1622/3972 1299/1623/3973 1298/1621/3971
f 1259/1622/3972 1260/1624/3974 1300/1625/3975 1299/1623/3973
f 1260/1624/3974 1261/1626/3976 1301/1627/3977 1300/1625/3975
f 1261/1626/3976 1262/1628/3978 1302/1629/3979 1301/1627/3977
f 1262/1628/3978 1263/1630/3980 1303/1631/3981 1302/1629/3979
f 1263/1630/3980 1264/1632/3982 1304/1633/3983 1303/1631/3981
f 1264/1632/3982 1265/1634/3984 1305/1635/3985 1304/1633/3983
f 1265/1634/3984 1266/1636/3986 1306/1637/3987 1305/1635/3985
f 1266/1636/3986 1267/1638/3988 1307/1639/3989 1306/1637/3987
f 1267/1638/3988 1268/1640/3990 1308/1641/3991 1307/1639/3989
f 1268/1640/3990 1269/1642/3992 1309/1643/3993 1308/1641/3991
f 1269/1642/3992 1270/1644/3994 1310/1645/3995 1309/1643/3993
f 1270/1644/3994 1271/1646/3996 1311/1647/3997 1310/1645/3995
f 1271/1646/3996 1272/1648/3998 1312/1649/3999 1311/1647/3997
f 1272/1648/3998 1273/1650/4000 1313/1651/4001 1312/1649/3999
f 1273/1650/4000 1274/1652/4002 1314/1653/4003 1313/1651/4001
f 1274/1652/4002 1275/1654/4004 1315/1655/4005 1314/1653/4003
f 1275/1654/4004 1276/1656/4006 1316/1657/4007 1315/1655/4005
f 1276/1656/4006 1277/1658/4008 1317/1659/4009 1316/1657/4007
f 1277/1658/4008 1278/1660/4010 1318/1661/4011 1317/1659/4009
f 1278/1660/4010 1279/1662/4012 1319/1663/4013 1318/1661/4011
f 1279/1662/4012 1280/1664/4014 1320/1665/4015 1319/1663/4013
f 1280/1664/4014 1281/1666/4016 1321/1667/4017 1320/1665/4015
f 1281/1666/4016 1282/1668/4018 1322/1669/4019 1321/1667/4017
f 1282/1668/4018 1283/1670/4020 1323/1671/4021 1322/1669/4019
f 1283/1670/4020 1284/1672/4022 1324/1673/4023 1323/1671/4021
f 1284/1672/4022 1285/1674/4024 1325/1675/4025 1324/1673/4023
f 1285/1674/4024 1286/1676/4026 1326/1677/4027 1325/1675/4025
f 1286/1676/4026 1287/1678/4028 1327/1679/4029 1326/1677/4027
f 1287/1678/4028 1288/1680/4030 1328/1681/4031 1327/1679/4029
f 1288/1680/4030 1289/1682/4032 1329/1683/4033 1328/1681/4031
f 1289/1682/4032 1290/1684/4034 1330/1685/4035 1329/1683/4033
f 1290/1684/4034 1291/1686/4036 1331/1687/4037 1330/1685/4035
f 1291/1686/4036 1292/1688/4038 1332/1689/4039 1331/1687/4037
f 1292/1688/4038 1293/1690/4040 1333/1691/4041 1332/1689/4039
f 1293/1690/4040 1254/1612/3962 1294/1615/3965 1333/1691/4041
f 1294/1615/3965 1295/1614/3964 1335/1692/4042 1334/1693/4043
f 1295/1614/3964 1296/1617/3967 1336/1694/4044 1335/1692/4042
f 1296/1617/3967 1297/1619/3969 1337/1695/4045 1336/1694/4044
f 1297/1619/3969 1298/1621/3971 1338/1696/4046 1337/1695/4045
f 1298/1621/3971 1299/1623/3973 1339/1697/4047 1338/1696/4046
f 1299/1623/3973 1300/1625/3975 1340/1698/4048 1339/1697/4047
f 1300/1625/3975 1301/1627/3977 1341/1699/4049 1340/1698/4048
f 1301/1627/3977 1302/1629/3979 1342/1700/4050 1341/1699/4049
f 1302/1629/3979 1303/1631/3981 1343/1701/4051 1342/1700/4050
f 1303/1631/3981 1304/1633/3983 1344/1702/4052 1343/1701/4051
f 1304/1633/3983 1305/1635/3985 1345/1703/4053 1344/1702/4052
f 1305/1635/3985 1306/1637/3987 1346/1704/4054 1345/1703/4053
f 1306/1637/3987 1307/1639/3989 1347/1705/4055 1346/1704/4054
f 1307/1639/3989 1308/1641/3991 1348/1706/4056 1347/1705/4055
f 1308/1641/3991 1309/1643/3993 1349/1707/4057 1348/1706/4056
f 1309/1643/3993 1310/1645/3995 1350/1708/4058 1349/1707/4057
f 1310/1645/3995 1311/1647/3997 1351/1709/4059 1350/1708/4058
f 1311/1647/3997 1312/1649/3999 1352/1710/4060 1351/1709/4059
f 1312/1649/3999 1313/1651/4001 1353/1711/4061 1352/1710/4060
f 1313/1651/4001 1314/1653/4003 1354/1712/4062 1353/1711/4061
f 1314/1653/4003 1315/1655/4005 1355/1713/4063 1354/1712/4062
f 1315/1655/4005 1316/1657/4007 1356/1714/4064 1355/1713/4063
f 1316/1657/4007 1317/1659/4009 1357/1715/4065 1356/1714/4064
f 1317/1659/4009 1318/1661/4011 1358/1716/4066 1357/1715/4065
f 1318/1661/4011 1319/1663/4013 1359/1717/4067 1358/1716/4066
f 1319/1663/4013 1320/1665/4015 1360/1718/4068 1359/1717/4067
f 1320/1665/4015 1321/1667/4017 1361/1719/4069 1360/1718/4068
f 1321/1667/4017 1322/1669/4019 1362/1720/4070 1361/1719/4069
f 1322/1669/4019 1323/1671/4021 1363/1721/4071 1362/1720/4070
f 1323/1671/4021 1324/1673/4023 1364/1722/4072 1363/1721/4071
f 1324/1673/4023 1325/1675/4025 1365/1723/4073 1364/1722/4072
f 1325/1675/4025 1326/1677/4027 1366/1724/4074 1365/1723/4073
f 1326/1677/4027 1327/1679/4029 1367/1725/4075 1366/1724/4074
f 1327/1679/4029 1328/1681/4031 1368/1726/4076 1367/1725/4075
f 1328/1681/4031 1329/1683/4033 1369/1727/4077 1368/1726/4076
f 1329/1683/4033 1330/1685/4035 1370/1728/4078 1369/1727/4077
f 1330/1685/4035 1331/1687/4037 1371/1729/4079 1370/1728/4078
f 1331/1687/4037 1332/1689/4039 1372/1730/4080 1371/1729/4079
f 1332/1689/4039 1333/1691/4041 1373/1731/4081 1372/1730/4080
f 1333/1691/4041 1294/1615/3965 1334/1693/4043 1373/1731/4081
f 1334/1693/4043 1335/1692/4042 1375/1732/4082 1374/1733/4083
f 1335/1692/4042 1336/1694/4044 1376/1734/4084 1375/1732/4082
f 1336/1694/4044 1337/1695/4045 1377/1735/4085 1376/1734/4084
f 1337/1695/4045 1338/1696/4046 1378/1736/4086 1377/1735/4085
f 1338/1696/4046 1339/1697/4047 1379/1737/4087 1378/1736/4086
f 1339/1697/4047 1340/1698/4048 1380/1738/4088 1379/1737/4087
f 1340/1698/4048 1341/1699/4049 1381/1739/4089 1380/1738/4088
f 1341/1699/4049 1342/1700/4050 1382/1740/4090 1381/1739/4089
f 1342/1700/4050 1343/1701/4051 1383/1741/4091 1382/1740/4090
f 1343/1701/4051 1344/1702/4052 1384/1742/4092 1383/1741/4091
f 1344/1702/4052 1345/1703/4053 1385/1743/4093 1384/1742/4092
f 1345/1703/4053 1346/1704/4054 1386/1744/4094 1385/1743/4093
f 1346/1704/4054 1347/1705/4055 1387/1745/4095 1386/1744/4094
f 1347/1705/4055 1348/1706/4056 1388/1746/4096 1387/1745/4095
f 1348/1706/4056 1349/1707/4057 1389/1747/4097 1388/1746/4096
f 1349/1707/4057 1350/1708/4058 1390/1748/4098 1389/1747/4097
f 1350/1708/4058 1351/1709/4059 1391/1749/4099 1390/1748/4098
f 1351/1709/4059 1352/1710/4060 1392/1750/4100 1391/1749/4099
f 1352/1710/4060 1353/1711/4061 1393/1751/4101 1392/1750/4100
f 1353/1711/4061 1354/1712/4062 1394/1752/4102 1393/1751/4101
f 1354/1712/4062 1355/1713/4063 1395/1753/4103 1394/1752/4102
f 1355/1713/4063 1356/1714/4064 1396/1754/4104 1395/1753/4103
f 1356/1714/4064 1357/1715/4065 1397/1755/4105 1396/1754/4104
f 1357/1715/4065 1358/1716/4066 1398/1756/4106 1397/1755/4105
f 1358/1716/4066 1359/1717/4067 1399/1757/4107 1398/1756/4106
f 1359/1717/4067 1360/1718/4068 1400/1758/4108 1399/1757/4107
f 1360/1718/4068 1361/1719/4069 1401/1759/4109 1400/1758/4108
f 1361/1719/4069 1362/1720/4070 1402/1760/4110 1401/1759/4109
f 1362/1720/4070 1363/1721/4071 1403/1761/4111 1402/1760/4110
f 1363/1721/4071 1364/1722/4072 1404/1762/4112 1403/1761/4111
f 1364/1722/4072 1365/1723/4073 1405/1763/4113 1404/1762/4112
f 1365/1723/4073 1366/1724/4074 1406/1764/4114 1405/1763/4113
f 1366/1724/4074 1367/1725/4075 1407/1765/4115 1406/1764/4114
f 1367/1725/4075 1368/1726/4076 1408/1766/4116 1407/1765/4115
f 1368/1726/4076 1369/1727/4077 1409/1767/4117 1408/1766/4116
f 1369/1727/4077 1370/1728/4078 1410/1768/4118 1409/1767/4117
f 1370/1728/4078 1371/1729/4079 1411/1769/4119 1410/1768/4118
f 1371/1729/4079 1372/1730/4080 1412/1770/4120 1411/1769/4119
f 1372/1730/4080 1373/1731/4081 1413/1771/4121 1412/1770/4120
f 1373/1731/4081 1334/1693/4043 1374/1733/4083 1413/1771/4121
f 1374/1733/4083 1375/1732/4082 1415/1772/4122 1414/1773/4123
f 1375/1732/4082 1376/1734/4084 1416/1774/4124 1415/1772/4122
f 1376/1734/4084 1377/1735/4085 1417/1775/4125 1416/1774/4124
f 1377/1735/4085 1378/1736/4086 1418/1776/4126 1417/1775/4125
f 1378/1736/4086 1379/1737/4087 1419/1777/4127 1418/1776/4126
f 1379/1737/4087 1380/1738/4088 1420/1778/4128 1419/1777/4127
f 1380/1738/4088 1381/1739/4089 1421/1779/4129 1420/1778/4128
f 1381/1739/4089 1382/1740/4090 1422/1780/4130 1421/1779/4129
f 1382/1740/4090 1383/1741/4091 1423/1781/4131 1422/1780/4130
f 1383/1741/4091 1384/1742/4092 1424/1782/4132 1423/1781/4131
f 1384/1742/4092 1385/1743/4093 1425/1783/4133 1424/1782/4132
f 1385/1743/4093 1386/1744/4094 1426/1784/4134 1425/1783/4133
f 1386/1744/4094 1387/1745/4095 1427/1785/4135 1426/1784/4134
f 1387/1745/4095 1388/1746/4096 1428/1786/4136 1427/1785/4135
f 1388/1746/4096 1389/1747/4097 1429/1787/4137 1428/1786/4136
f 1389/1747/4097 1390/1748/4098 1430/1788/4138 1429/1787/4137
f 1390/1748/4098 1391/1749/4099 1431/1789/4139 1430/1788/4138
f 1391/1749/4099 1392/1750/4100 1432/1790/4140 1431/1789/4139
f 1392/1750/4100 1393/1751/4101 1433/1791/4141 1432/1790/4140
f 1393/1751/4101 1394/1752/4102 1434/1792/4142 1433/1791/4141
f 1394/1752/4102 1395/1753/4103 1435/1793/4143 1434/1792/4142
f 1395/1753/4103 1396/1754/4104 1436/1794/4144 1435/1793/4143
f 1396/1754/4104 1397/1755/4105 1437/1795/4145 1436/1794/4144
f 1397/1755/4105 1398/1756/4106 1438/1796/4146 1437/1795/4145
f 1398/1756/4106 1399/1757/4107 1439/1797/4147 1438/1796/4146
f 1399/1757/4107 1400/1758/4108 1440/1798/4148 1439/1797/4147
f 1400/1758/4108 1401/1759/4109 1441/1799/4149 1440/1798/4148
f 1401/1759/4109 1402/1760/4110 1442/1800/4150 1441/1799/4149
f 1402/1760/4110 1403/1761/4111 1443/1801/4151 1442/1800/4150
f 1403/1761/4111 1404/1762/4112 1444/1802/4152 1443/1801/4151
f 1404/1762/4112 1405/1763/4113 1445/1803/4153 1444/1802/4152
f 1405/1763/4113 1406/1764/4114 1446/1804/4154 1445/1803/4153
f 1406/1764/4114 1407/1765/4115 1447/1805/4155 1446/1804/4154
f 1407/1765/4115 1408/1766/4116 1448/1806/4156 1447/1805/4155
f 1408/1766/4116 1409/1767/4117 1449/1807/4157 1448/1806/4156
f 1409/1767/4117 1410/1768/4118 1450/1808/4158 1449/1807/4157
f 1410/1768/4118 1411/1769/4119 1451/1809/4159 1450/1808/4158
f 1411/1769/4119 1412/1770/4120 1452/1810/4160 1451/1809/4159
f 1412/1770/4120 1413/1771/4121 1453/1811/4161 1452/1810/4160
f 1413/1771/4121 1374/1733/4083 1414/1773/4123 1453/1811/4161
s 109
f 1414/1812/4162 1415/1813/4163 1455/1814/4164 1454/1815/4165
f 1415/1813/4163 1416/1816/4166 1456/1817/4167 1455/1814/4164
f 1416/1816/4166 1417/1818/4168 1457/1819/4169 1456/1817/4167
f 1417/1818/4168 1418/1820/4170 1458/1821/4171 1457/1819/4169
f 1418/1820/4170 1419/1822/4172 1459/1823/4173 1458/1821/4171
f 1419/1822/4172 1420/1824/4174 1460/1825/4175 1459/1823/4173
f 1420/1824/4174 1421/1826/4176 1461/1827/4177 1460/1825/4175
f 1421/1826/4176 1422/1828/4178 1462/1829/4179 1461/1827/4177
f 1422/1828/4178 1423/1830/4180 1463/1831/4181 1462/1829/4179
f 1423/1830/4180 1424/1832/4182 1464/1833/4183 1463/1831/4181
f 1424/1832/4182 1425/1834/4184 1465/1835/4185 1464/1833/4183
f 1425/1834/4184 1426/1836/4186 1466/1837/4187 1465/1835/4185
f 1426/1836/4186 1427/1838/4188 1467/1839/4189 1466/1837/4187
f 1427/1838/4188 1428/1840/4190 1468/1841/4191 1467/1839/4189
f 1428/1840/4190 1429/1842/4192 1469/1843/4193 1468/1841/4191
f 1429/1842/4192 1430/1844/4194 1470/1845/4195 1469/1843/4193
f 1430/1844/4194 1431/1846/4196 1471/1847/4197 1470/1845/4195
f 1431/1846/4196 1432/1848/4198 1472/1849/4199 1471/1847/4197
f 1432/1848/4198 1433/1850/4200 1473/1851/4201 1472/1849/4199
f 1433/1850/4200 1434/1852/4202 1474/1853/4203 1473/1851/4201
f 1434/1852/4202 1435/1854/4204 1475/1855/4205 1474/1853/4203
f 1435/1854/4204 1436/1856/4206 1476/1857/4207 1475/1855/4205
f 1436/1856/4206 1437/1858/4208 1477/1859/4209 1476/1857/4207
f 1437/1858/4208 1438/1860/4210 1478/1861/4211 1477/1859/4209
f 1438/1860/4210 1439/1862/4212 1479/1863/4213 1478/1861/4211
f 1439/1862/4212 1440/1864/4214 1480/1865/4215 1479/1863/4213
f 1440/1864/4214 1441/1866/4216 1481/1867/4217 1480/1865/4215
f 1441/1866/4216 1442/1868/4218 1482/1869/4219 1481/1867/4217
f 1442/1868/4218 1443/1870/4220 1483/1871/4221 1482/1869/4219
f 1443/1870/4220 1444/1872/4222 1484/1873/4223 1483/1871/4221
f 1444/1872/4222 1445/1874/4224 1485/1875/4225 1484/1873/4223
f 1445/1874/4224 1446/1876/4226 1486/1877/4227 1485/1875/4225
f 1446/1876/4226 1447/1878/4228 1487/1879/4229 1486/1877/4227
f 1447/1878/4228 1448/1880/4230 1488/1881/4231 1487/1879/4229
f 1448/1880/4230 1449/1882/4232 1489/1883/4233 1488/1881/4231
f 1449/1882/4232 1450/1884/4234 1490/1885/4235 1489/1883/4233
f 1450/1884/4234 1451/1886/4236 1491/1887/4237 1490/1885/4235
f 1451/1886/4236 1452/1888/4238 1492/1889/4239 1491/1887/4237
f 1452/1888/4238 1453/1890/4240 1493/1891/4241 1492/1889/4239
f 1453/1890/4240 1414/1892/4162 1454/1893/4165 1493/1891/4241
s 110
f 1454/1894/4242 1455/1895/4243 1495/1896/4244 1494/1897/4245
f 1455/1895/4243 1456/1898/4246 1496/1899/4247 1495/1896/4244
f 1456/1898/4246 1457/1900/4248 1497/1901/4249 1496/1899/4247
f 1457/1900/4248 1458/1902/4250 1498/1903/4251 1497/1901/4249
f 1458/1902/4250 1459/1904/4252 1499/1905/4253 1498/1903/4251
f 1459/1904/4252 1460/1906/4254 1500/1907/4255 1499/1905/4253
f 1460/1906/4254 1461/1908/4256 1501/1909/4257 1500/1907/4255
f 1461/1908/4256 1462/1910/4258 1502/1911/4259 1501/1909/4257
f 1462/1910/4258 1463/1912/4260 1503/1913/4261 1502/1911/4259
f 1463/1912/4260 1464/1914/4262 1504/1915/4263 1503/1913/4261
f 1464/1914/4262 1465/1916/4264 1505/1917/4265 1504/1915/4263
f 1465/1916/4264 1466/1918/4266 1506/1919/4267 1505/1917/4265
f 1466/1918/4266 1467/1920/4268 1507/1921/4269 1506/1919/4267
f 1467/1920/4268 1468/1922/4270 1508/1923/4271 1507/1921/4269
f 1468/1922/4270 1469/1924/4272 1509/1925/4273 1508/1923/4271
f 1469/1924/4272 1470/1926/4274 1510/1927/4275 1509/1925/4273
f 1470/1926/4274 1471/1928/4276 1511/1929/4277 1510/1927/4275
f 1471/1928/4276 1472/1930/4278 1512/1931/4279 1511/1929/4277
f 1472/1930/4278 1473/1932/4280 1513/1933/4281 1512/1931/4279
f 1473/1932/4280 1474/1934/4282 1514/1935/4283 1513/1933/4281
f 1474/1934/4282 1475/1936/4284 1515/1937/4285 1514/1935/4283
f 1475/1936/4284 1476/1938/4286 1516/1939/4287 1515/1937/4285
f 1476/1938/4286 1477/1940/4288 1517/1941/4289 1516/1939/4287
f 1477/1940/4288 1478/1942/4290 1518/1943/4291 1517/1941/4289
f 1478/1942/4290 1479/1944/4292 1519/1945/4293 1518/1943/4291
f 1479/1944/4292 1480/1946/4294 1520/1947/4295 1519/1945/4293
f 1480/1946/4294 1481/1948/4296 1521/1949/4297 1520/1947/4295
f 1481/1948/4296 1482/1950/4298 1522/1951/4299 1521/1949/4297
f 1482/1950/4298 1483/1952/4300 1523/1953/4301 1522/1951/4299
f 1483/1952/4300 1484/1954/4302 1524/1955/4303 1523/1953/4301
f 1484/1954/4302 1485/1956/4304 1525/1957/4305 1524/1955/4303
f 1485/1956/4304 1486/1958/4306 1526/1959/4307 1525/1957/4305
f 1486/1958/4306 1487/1960/4308 1527/1961/4309 1526/1959/4307
f 1487/1960/4308 1488/1962/4310 1528/1963/4311 1527/1961/4309
f 1488/1962/4310 1489/1964/4312 1529/1965/4313 1528/1963/4311
f 1489/1964/4312 1490/1966/4314 1530/1967/4315 1529/1965/4313
f 1490/1966/4314 1491/1968/4316 1531/1969/4317 1530/1967/4315
f 1491/1968/4316 1492/1970/4318 1532/1971/4319 1531/1969/4317
f 1492/1970/4318 1493/1972/4320 1533/1973/4321 1532/1971/4319
f 1493/1972/4320 1454/1894/4242 1494/1897/4245 1533/1973/4321
s 111
f 1815/1974/4322 1816/1975/4323 1817/1976/4324 1818/1977/4325
f 1816/1975/4323 1819/1978/4326 1820/1979/4327 1817/1976/4324
f 1819/1978/4326 1821/1980/4328 1822/1981/4329 1820/1979/4327
f 1821/1980/4328 1823/1982/4330 1824/1983/4331 1822/1981/4329
f 1823/1982/4330 1825/1984/4332 1826/1985/4333 1824/1983/4331
f 1825/1984/4332 1827/1986/4334 1828/1987/4335 1826/1985/4333
f 1827/1986/4334 1829/1988/4336 1830/1989/4337 1828/1987/4335
f 1829/1988/4336 1831/1990/4338 1832/1991/4339 1830/1989/4337
f 1831/1990/4338 1833/1992/4340 1834/1993/4341 1832/1991/4339
f 1833/1992/4340 1835/1994/4342 1836/1995/4343 1834/1993/4341
f 1835/1994/4342 1837/1996/4344 1838/1997/4345 1836/1995/4343
f 1837/1996/4344 1839/1998/4346 1840/1999/4347 1838/1997/4345
f 1839/1998/4346 1841/2000/4348 1842/2001/4349 1840/1999/4347
f 1841/2000/4348 1843/2002/4350 1844/2003/4351 1842/2001/4349
f 1843/2002/4350 1845/2004/4352 1846/2005/4353 1844/2003/4351
f 1845/2004/4352 1847/2006/4354 1848/2007/4355 1846/2005/4353
f 1847/2006/4354 1849/2008/4356 1850/2009/4357 1848/2007/4355
f 1849/2008/4356 1851/2010/4358 1852/2011/4359 1850/2009/4357
f 1851/2010/4358 1853/2012/4360 1854/2013/4361 1852/2011/4359
f 1853/2012/4360 1855/2014/4362 1856/2015/4363 1854/2013/4361
f 1855/2014/4362 1857/2016/4364 1858/2017/4365 1856/2015/4363
f 1857/2016/4364 1859/2018/4366 1860/2019/4367 1858/2017/4365
f 1859/2018/4366 1861/2020/4368 1862/2021/4369 1860/2019/4367
f 1861/2020/4368 1863/2022/4370 1864/2023/4371 1862/2021/4369
f 1863/2022/4370 1865/2024/4372 1866/2025/4373 1864/2023/4371
f 1865/2024/4372 1867/2026/4374 1868/2027/4375 1866/2025/4373
f 1867/2026/4374 1869/2028/4376 1870/2029/4377 1868/2027/4375
f 1869/2028/4376 1871/2030/4378 1872/2031/4379 1870/2029/4377
f 1871/2030/4378 1873/2032/4380 1874/2033/4381 1872/2031/4379
f 1873/2032/4380 1875/2034/4382 1876/2035/4383 1874/2033/4381
f 1875/2034/4382 1877/2036/4384 1878/2037/4385 1876/2035/4383
f 1877/2036/4384 1879/2038/4386 1880/2039/4387 1878/2037/4385
f 1879/2038/4386 1881/2040/4388 1882/2041/4389 1880/2039/4387
f 1881/2040/4388 1883/2042/4390 1884/2043/4391 1882/2041/4389
f 1883/2042/4390 1885/2044/4392 1886/2045/4393 1884/2043/4391
f 1885/2044/4392 1887/2046/4394 1888/2047/4395 1886/2045/4393
f 1887/2046/4394 1889/2048/4396 1890/2049/4397 1888/2047/4395
f 1889/2048/4396 1891/2050/4398 1892/2051/4399 1890/2049/4397
f 1891/2050/4398 1893/2052/4400 1894/2053/4401 1892/2051/4399
f 1893/2052/4400 1815/1974/4322 1818/1977/4325 1894/2053/4401
s 112
f 1534/2054/4402 1535/2055/4403 1575/2056/4404 1574/2057/4405
f 1535/2055/4403 1536/2058/4406 1576/2059/4407 1575/2056/4404
f 1536/2058/4406 1537/2060/4408 1577/2061/4409 1576/2059/4407
f 1537/2060/4408 1538/2062/4410 1578/2063/4411 1577/2061/4409
f 1538/2062/4410 1539/2064/4412 1579/2065/4413 1578/2063/4411
f 1539/2064/4412 1540/2066/4414 1580/2067/4415 1579/2065/4413
f 1540/2066/4414 1541/2068/4416 1581/2069/4417 1580/2067/4415
f 1541/2068/4416 1542/2070/4418 1582/2071/4419 1581/2069/4417
f 1542/2070/4418 1543/2072/4420 1583/2073/4421 1582/2071/4419
f 1543/2072/4420 1544/2074/4422 1584/2075/4423 1583/2073/4421
f 1544/2074/4422 1545/2076/4424 1585/2077/4425 1584/2075/4423
f 1545/2076/4424 1546/2078/4426 1586/2079/4427 1585/2077/4425
f 1546/2078/4426 1547/2080/4428 1587/2081/4429 1586/2079/4427
f 1547/2080/4428 1548/2082/4430 1588/2083/4431 1587/2081/4429
f 1548/2082/4430 1549/2084/4432 1589/2085/4433 1588/2083/4431
f 1549/2084/4432 1550/2086/4434 1590/2087/4435 1589/2085/4433
f 1550/2086/4434 1551/2088/4436 1591/2089/4437 1590/2087/4435
f 1551/2088/4436 1552/2090/4438 1592/2091/4439 1591/2089/4437
f 1552/2090/4438 1553/2092/4440 1593/2093/4441 1592/2091/4439
f 1553/2092/4440 1554/2094/4442 1594/2095/4443 1593/2093/4441
f 1554/2094/4442 1555/2096/4444 1595/2097/4445 1594/2095/4443
f 1555/2096/4444 1556/2098/4446 1596/2099/4447 1595/2097/4445
f 1556/2098/4446 1557/2100/4448 1597/2101/4449 1596/2099/4447
f 1557/2100/4448 1558/2102/4450 1598/2103/4451 1597/2101/4449
f 1558/2102/4450 1559/2104/4452 1599/2105/4453 1598/2103/4451
f 1559/2104/4452 1560/2106/4454 1600/2107/4455 1599/2105/4453
f 1560/2106/4454 1561/2108/4456 1601/2109/4457 1600/2107/4455
f 1561/2108/4456 1562/2110/4458 1602/2111/4459 1601/2109/4457
f 1562/2110/4458 1563/2112/4460 1603/2113/4461 1602/2111/4459
f 1563/2112/4460 1564/2114/4462 1604/2115/4463 1603/2113/4461
f 1564/2114/4462 1565/2116/4464 1605/2117/4465 1604/2115/4463
f 1565/2116/4464 1566/2118/4466 1606/2119/4467 1605/2117/4465
f 1566/2118/4466 1567/2120/4468 1607/2121/4469 1606/2119/4467
f 1567/2120/4468 1568/2122/4470 1608/2123/4471 1607/2121/4469
f 1568/2122/4470 1569/2124/4472 1609/2125/4473 1608/2123/4471
f 1569/2124/4472 1570/2126/4474 1610/2127/4475 1609/2125/4473
f 1570/2126/4474 1571/2128/4476 1611/2129/4477 1610/2127/4475
f 1571/2128/4476 1572/2130/4478 1612/2131/4479 1611/2129/4477
f 1572/2130/4478 1573/2132/4480 1613/2133/4481 1612/2131/4479
f 1573/2132/4480 1534/2054/4402 1574/2057/4405 1613/2133/4481
f 1574/2057/4405 1575/2056/4404 1615/2134/4482 1614/2135/4483
f 1575/2056/4404 1576/2059/4407 1616/2136/4484 1615/2134/4482
f 1576/2059/4407 1577/2061/4409 1617/2137/4485 1616/2136/4484
f 1577/2061/4409 1578/2063/4411 1618/2138/4486 1617/2137/4485
f 1578/2063/4411 1579/2065/4413 1619/2139/4487 1618/2138/4486
f 1579/2065/4413 1580/2067/4415 1620/2140/4488 1619/2139/4487
f 1580/2067/4415 1581/2069/4417 1621/2141/4489 1620/2140/4488
f 1581/2069/4417 1582/2071/4419 1622/2142/4490 1621/2141/4489
f 1582/2071/4419 1583/2073/4421 1623/2143/4491 1622/2142/4490
f 1583/2073/4421 1584/2075/4423 1624/2144/4492 1623/2143/4491
f 1584/2075/4423 1585/2077/4425 1625/2145/4493 1624/2144/4492
f 1585/2077/4425 1586/2079/4427 1626/2146/4494 1625/2145/4493
f 1586/2079/4427 1587/2081/4429 1627/2147/4495 1626/2146/4494
f 1587/2081/4429 1588/2083/4431 1628/2148/4496 1627/2147/4495
f 1588/2083/4431 1589/2085/4433 1629/2149/4497 1628/2148/4496
f 1589/2085/4433 1590/2087/4435 1630/2150/4498 1629/2149/4497
f 1590/2087/4435 1591/2089/4437 1631/2151/4499 1630/2150/4498
f 1591/2089/4437 1592/2091/4439 1632/2152/4500 1631/2151/4499
f 1592/2091/4439 1593/2093/4441 1633/2153/4501 1632/2152/4500
f 1593/2093/4441 1594/2095/4443 1634/2154/4502 1633/2153/4501
f 1594/2095/4443 1595/2097/4445 1635/2155/4503 1634/2154/4502
f 1595/2097/4445 1596/2099/4447 1636/2156/4504 1635/2155/4503
f 1596/2099/4447 1597/2101/4449 1637/2157/4505 1636/2156/4504
f 1597/2101/4449 1598/2103/4451 1638/2158/4506 1637/2157/4505
f 1598/2103/4451 1599/2105/4453 1639/2159/4507 1638/2158/4506
f 1599/2105/4453 1600/2107/4455 1640/2160/4508 1639/2159/4507
f 1600/2107/4455 1601/2109/4457 1641/2161/4509 1640/2160/4508
f 1601/2109/4457 1602/2111/4459 1642/2162/4510 1641/2161/4509
f 1602/2111/4459 1603/2113/4461 1643/2163/4511 1642/2162/4510
f 1603/2113/4461 1604/2115/4463 1644/2164/4512 1643/2163/4511
f 1604/2115/4463 1605/2117/4465 1645/2165/4513 1644/2164/4512
f 1605/2117/4465 1606/2119/4467 1646/2166/4514 1645/2165/4513
f 1606/2119/4467 1607/2121/4469 1647/2167/4515 1646/2166/4514
f 1607/2121/4469 1608/2123/4471 1648/2168/4516 1647/2167/4515
f 1608/2123/4471 1609/2125/4473 1649/2169/4517 1648/2168/4516
f 1609/2125/4473 1610/2127/4475 1650/2170/4518 1649/2169/4517
f 1610/2127/4475 1611/2129/4477 1651/2171/4519 1650/2170/4518
f 1611/2129/4477 1612/2131/4479 1652/2172/4520 1651/2171/4519
f 1612/2131/4479 1613/2133/4481 1653/2173/4521 1652/2172/4520
f 1613/2133/4481 1574/2057/4405 1614/2135/4483 1653/2173/4521
s 113
f 2016/2174/4522 2015/2175/4523 2017/2176/4524
f 2018/2177/4525 2016/2174/4522 2017/2176/4524
f 2019/2178/4526 2018/2177/4525 2017/2176/4524
f 2020/2179/4527 2019/2178/4526 2017/2176/4524
f 2021/2180/4528 2020/2179/4527 2017/2176/4524
f 2022/2181/4529 2021/2180/4528 2017/2176/4524
f 2023/2182/4530 2022/2181/4529 2017/2176/4524
f 2024/2183/4531 2023/2182/4530 2017/2176/4524
f 2025/2184/4532 2024/2183/4531 2017/2176/4524
f 2026/2185/4533 2025/2184/4532 2017/2176/4524
f 2027/2186/4534 2026/2185/4533 2017/2176/4524
f 2028/2187/4535 2027/2186/4534 2017/2176/4524
f 2029/2188/4536 2028/2187/4535 2017/2176/4524
f 2030/2189/4537 2029/2188/4536 2017/2176/4524
f 2031/2190/4538 2030/2189/4537 2017/2176/4524
f 2032/2191/4539 2031/2190/4538 2017/2176/4524
f 2033/2192/4540 2032/2191/4539 2017/2176/4524
f 2034/2193/4541 2033/2192/4540 2017/2176/4524
f 2035/2194/4542 2034/2193/4541 2017/2176/4524
f 2036/2195/4543 2035/2194/4542 2017/2176/4524
f 2037/2196/4544 2036/2195/4543 2017/2176/4524
f 2038/2197/4545 2037/2196/4544 2017/2176/4524
f 2039/2198/4546 2038/2197/4545 2017/2176/4524
f 2040/2199/4547 2039/2198/4546 2017/2176/4524
f 2041/2200/4548 2040/2199/4547 2017/2176/4524
f 2042/2201/4549 2041/2200/4548 2017/2176/4524
f 2043/2202/4550 2042/2201/4549 2017/2176/4524
f 2044/2203/4551 2043/2202/4550 2017/2176/4524
f 2045/2204/4552 2044/2203/4551 2017/2176/4524
f 2046/2205/4553 2045/2204/4552 2017/2176/4524
f 2047/2206/4554 2046/2205/4553 2017/2176/4524
f 2048/2207/4555 2047/2206/4554 2017/2176/4524
f 2049/2208/4556 2048/2207/4555 2017/2176/4524
f 2050/2209/4557 2049/2208/4556 2017/2176/4524
f 2051/2210/4558 2050/2209/4557 2017/2176/4524
f 2052/2211/4559 2051/2210/4558 2017/2176/4524
f 2053/2212/4560 2052/2211/4559 2017/2176/4524
f 2054/2213/4561 2053/2212/4560 2017/2176/4524
f 2055/2214/4562 2054/2213/4561 2017/2176/4524
f 2015/2175/4523 2055/2214/4562 2017/2176/4524
s 112
f 1614/2135/4483 1615/2134/4482 1654/2215/4563
f 1615/2134/4482 1616/2136/4484 1654/2215/4563
f 1616/2136/4484 1617/2137/4485 1654/2215/4563
f 1617/2137/4485 1618/2138/4486 1654/2215/4563
f 1618/2138/4486 1619/2139/4487 1654/2215/4563
f 1619/2139/4487 1620/2140/4488 1654/2215/4563
f 1620/2140/4488 1621/2141/4489 1654/2215/4563
f 1621/2141/4489 1622/2142/4490 1654/2215/4563
f 1622/2142/4490 1623/2143/4491 1654/2215/4563
f 1623/2143/4491 1624/2144/4492 1654/2215/4563
f 1624/2144/4492 1625/2145/4493 1654/2215/4563
f 1625/2145/4493 1626/2146/4494 1654/2215/4563
f 1626/2146/4494 1627/2147/4495 1654/2215/4563
f 1627/2147/4495 1628/2148/4496 1654/2215/4563
f 1628/2148/4496 1629/2149/4497 1654/2215/4563
f 1629/2149/4497 1630/2150/4498 1654/2215/4563
f 1630/2150/4498 1631/2151/4499 1654/2215/4563
f 1631/2151/4499 1632/2152/4500 1654/2215/4563
f 1632/2152/4500 1633/2153/4501 1654/2215/4563
f 1633/2153/4501 1634/2154/4502 1654/2215/4563
f 1634/2154/4502 1635/2155/4503 1654/2215/4563
f 1635/2155/4503 1636/2156/4504 1654/2215/4563
f 1636/2156/4504 1637/2157/4505 1654/2215/4563
f 1637/2157/4505 1638/2158/4506 1654/2215/4563
f 1638/2158/4506 1639/2159/4507 1654/2215/4563
f 1639/2159/4507 1640/2160/4508 1654/2215/4563
f 1640/2160/4508 1641/2161/4509 1654/2215/4563
f 1641/2161/4509 1642/2162/4510 1654/2215/4563
f 1642/2162/4510 1643/2163/4511 1654/2215/4563
f 1643/2163/4511 1644/2164/4512 1654/2215/4563
f 1644/2164/4512 1645/2165/4513 1654/2215/4563
f 1645/2165/4513 1646/2166/4514 1654/2215/4563
f 1646/2166/4514 1647/2167/4515 1654/2215/4563
f 1647/2167/4515 1648/2168/4516 1654/2215/4563
f 1648/2168/4516 1649/2169/4517 1654/2215/4563
f 1649/2169/4517 1650/2170/4518 1654/2215/4563
f 1650/2170/4518 1651/2171/4519 1654/2215/4563
f 1651/2171/4519 1652/2172/4520 1654/2215/4563
f 1652/2172/4520 1653/2173/4521 1654/2215/4563
f 1653/2173/4521 1614/2135/4483 1654/2215/4563
s off
f 1494/1897/4564 1495/1896/4565 1656/2216/4566 1655/2217/4567
f 1535/2055/4568 1534/2054/4569 1658/2218/4570 1657/2219/4571
f 1495/1896/4572 1496/1899/4573 1659/2220/4574 1656/2216/4575
f 1536/2058/4576 1535/2055/4577 1657/2219/4578 1660/2221/4579
f 1496/1899/4580 1497/1901/4581 1661/2222/4582 1659/2220/4583
f 1537/2060/4584 1536/2058/4585 1660/2221/4586 1662/2223/4587
f 1497/1901/4588 1498/1903/4589 1663/2224/4590 1661/2222/4591
f 1538/2062/4592 1537/2060/4593 1662/2223/4594 1664/2225/4595
f 1498/1903/4596 1499/1905/4597 1665/2226/4598 1663/2224/4599
f 1539/2064/4600 1538/2062/4601 1664/2225/4602 1666/2227/4603
f 1499/1905/4604 1500/1907/4605 1667/2228/4606 1665/2226/4607
f 1540/2066/4608 1539/2064/4609 1666/2227/4610 1668/2229/4611
f 1500/1907/4612 1501/1909/4613 1669/2230/4614 1667/2228/4615
f 1541/2068/4616 1540/2066/4617 1668/2229/4618 1670/2231/4619
f 1501/1909/4620 1502/1911/4621 1671/2232/4622 1669/2230/4623
f 1542/2070/4624 1541/2068/4625 1670/2231/4626 1672/2233/4627
f 1502/1911/4628 1503/1913/4629 1673/2234/4630 1671/2232/4631
f 1543/2072/4632 1542/2070/4633 1672/2233/4634 1674/2235/4635
f 1503/1913/4636 1504/1915/4637 1675/2236/4638 1673/2234/4639
f 1544/2074/4640 1543/2072/4641 1674/2235/4642 1676/2237/4643
f 1504/1915/4644 1505/1917/4645 1677/2238/4646 1675/2236/4647
f 1545/2076/4648 1544/2074/4649 1676/2237/4650 1678/2239/4651
f 1505/1917/4652 1506/1919/4653 1679/2240/4654 1677/2238/4655
f 1546/2078/4656 1545/2076/4657 1678/2239/4658 1680/2241/4659
f 1506/1919/4660 1507/1921/4661 1681/2242/4662 1679/2240/4663
f 1547/2080/4664 1546/2078/4665 1680/2241/4666 1682/2243/4667
f 1507/1921/4668 1508/1923/4669 1683/2244/4670 1681/2242/4671
f 1548/2082/4672 1547/2080/4673 1682/2243/4674 1684/2245/4675
f 1508/1923/4676 1509/1925/4677 1685/2246/4678 1683/2244/4679
f 1549/2084/4680 1548/2082/4681 1684/2245/4682 1686/2247/4683
f 1509/1925/4684 1510/1927/4685 1687/2248/4686 1685/2246/4687
f 1550/2086/4688 1549/2084/4689 1686/2247/4690 1688/2249/4691
f 1510/1927/4692 1511/1929/4693 1689/2250/4694 1687/2248/4695
f 1551/2088/4696 1550/2086/4697 1688/2249/4698 1690/2251/4699
f 1511/1929/4700 1512/1931/4701 1691/2252/4702 1689/2250/4703
f 1552/2090/4704 1551/2088/4705 1690/2251/4706 1692/2253/4707
f 1512/1931/4708 1513/1933/4709 1693/2254/4710 1691/2252/4711
f 1553/2092/4712 1552/2090/4713 1692/2253/4714 1694/2255/4715
f 1513/1933/4716 1514/1935/4717 1695/2256/4718 1693/2254/4719
f 1554/2094/4720 1553/2092/4721 1694/2255/4722 1696/2257/4723
f 1514/1935/4724 1515/1937/4725 1697/2258/4726 1695/2256/4727
f 1555/2096/4728 1554/2094/4729 1696/2257/4730 1698/2259/4731
f 1515/1937/4732 1516/1939/4733 1699/2260/4734 1697/2258/4735
f 1556/2098/4736 1555/2096/4737 1698/2259/4738 1700/2261/4739
f 1516/1939/4740 1517/1941/4741 1701/2262/4742 1699/2260/4743
f 1557/2100/4744 1556/2098/4745 1700/2261/4746 1702/2263/4747
f 1517/1941/4748 1518/1943/4749 1703/2264/4750 1701/2262/4751
f 1558/2102/4752 1557/2100/4753 1702/2263/4754 1704/2265/4755
f 1518/1943/4756 1519/1945/4757 1705/2266/4758 1703/2264/4759
f 1559/2104/4760 1558/2102/4761 1704/2265/4762 1706/2267/4763
f 1519/1945/4764 1520/1947/4765 1707/2268/4766 1705/2266/4767
f 1560/2106/4768 1559/2104/4769 1706/2267/4770 1708/2269/4771
f 1520/1947/4772 1521/1949/4773 1709/2270/4774 1707/2268/4775
f 1561/2108/4776 1560/2106/4777 1708/2269/4778 1710/2271/4779
f 1521/1949/4780 1522/1951/4781 1711/2272/4782 1709/2270/4783
f 1562/2110/4784 1561/2108/4785 1710/2271/4786 1712/2273/4787
f 1522/1951/4788 1523/1953/4789 1713/2274/4790 1711/2272/4791
f 1563/2112/4792 1562/2110/4793 1712/2273/4794 1714/2275/4795
f 1523/1953/4796 1524/1955/4797 1715/2276/4798 1713/2274/4799
f 1564/2114/4800 1563/2112/4801 1714/2275/4802 1716/2277/4803
f 1524/1955/4804 1525/1957/4805 1717/2278/4806 1715/2276/4807
f 1565/2116/4808 1564/2114/4809 1716/2277/4810 1718/2279/4811
f 1525/1957/4812 1526/1959/4813 1719/2280/4814 1717/2278/4815
f 1566/2118/4816 1565/2116/4817 1718/2279/4818 1720/2281/4819
f 1526/1959/4820 1527/1961/4821 1721/2282/4822 1719/2280/4823
f 1567/2120/4824 1566/2118/4825 1720/2281/4826 1722/2283/4827
f 1527/1961/4828 1528/1963/4829 1723/2284/4830 1721/2282/4831
f 1568/2122/4832 1567/2120/4833 1722/2283/4834 1724/2285/4835
f 1528/1963/4836 1529/1965/4837 1725/2286/4838 1723/2284/4839
f 1569/2124/4840 1568/2122/4841 1724/2285/4842 1726/2287/4843
f 1529/1965/4844 1530/1967/4845 1727/2288/4846 1725/2286/4847
f 1570/2126/4848 1569/2124/4849 1726/2287/4850 1728/2289/4851
f 1530/1967/4852 1531/1969/4853 1729/2290/4854 1727/2288/4855
f 1571/2128/4856 1570/2126/4857 1728/2289/4858 1730/2291/4859
f 1531/1969/4860 1532/1971/4861 1731/2292/4862 1729/2290/4863
f 1572/2130/4864 1571/2128/4865 1730/2291/4866 1732/2293/4867
f 1532/1971/4868 1533/1973/4869 1733/2294/4870 1731/2292/4871
f 1573/2132/4872 1572/2130/4873 1732/2293/4874 1734/2295/4875
f 1533/1973/4876 1494/1897/4877 1655/2217/4878 1733/2294/4879
f 1534/2054/4880 1573/2132/4881 1734/2295/4882 1658/2218/4883
f 1655/2217/4884 1656/2216/4885 1736/2296/4886 1735/2297/4887
f 1657/2219/4888 1658/2218/4889 1738/2298/4890 1737/2299/4891
f 1656/2216/4892 1659/2220/4893 1739/2300/4894 1736/2296/4895
f 1660/2221/4896 1657/2219/4897 1737/2299/4898 1740/2301/4899
f 1659/2220/4900 1661/2222/4901 1741/2302/4902 1739/2300/4903
f 1662/2223/4904 1660/2221/4905 1740/2301/4906 1742/2303/4907
f 1661/2222/4908 1663/2224/4909 1743/2304/4910 1741/2302/4911
f 1664/2225/4912 1662/2223/4913 1742/2303/4914 1744/2305/4915
f 1663/2224/4916 1665/2226/4917 1745/2306/4918 1743/2304/4919
f 1666/2227/4920 1664/2225/4921 1744/2305/4922 1746/2307/4923
f 1665/2226/4924 1667/2228/4925 1747/2308/4926 1745/2306/4927
f 1668/2229/4928 1666/2227/4929 1746/2307/4930 1748/2309/4931
f 1667/2228/4932 1669/2230/4933 1749/2310/4934 1747/2308/4935
f 1670/2231/4936 1668/2229/4937 1748/2309/4938 1750/2311/4939
f 1669/2230/4940 1671/2232/4941 1751/2312/4942 1749/2310/4943
f 1672/2233/4944 1670/2231/4945 1750/2311/4946 1752/2313/4947
f 1671/2232/4948 1673/2234/4949 1753/2314/4950 1751/2312/4951
f 1674/2235/4952 1672/2233/4953 1752/2313/4954 1754/2315/4955
f 1673/2234/4956 1675/2236/4957 1755/2316/4958 1753/2314/4959
f 1676/2237/4960 1674/2235/4961 1754/2315/4962 1756/2317/4963
f 1675/2236/4964 1677/2238/4965 1757/2318/4966 1755/2316/4967
f 1678/2239/4968 1676/2237/4969 1756/2317/4970 1758/2319/4971
f 1677/2238/4972 1679/2240/4973 1759/2320/4974 1757/2318/4975
f 1680/2241/4976 1678/2239/4977 1758/2319/4978 1760/2321/4979
f 1679/2240/4980 1681/2242/4981 1761/2322/4982 1759/2320/4983
f 1682/2243/4984 1680/2241/4985 1760/2321/4986 1762/2323/4987
f 1681/2242/4988 1683/2244/4989 1763/2324/4990 1761/2322/4991
f 1684/2245/4992 1682/2243/4993 1762/2323/4994 1764/2325/4995
f 1683/2244/4996 1685/2246/4997 1765/2326/4998 1763/2324/4999
f 1686/2247/5000 1684/2245/5001 1764/2325/5002 1766/2327/5003
f 1685/2246/5004 1687/2248/5005 1767/2328/5006 1765/2326/5007
f 1688/2249/5008 1686/2247/5009 1766/2327/5010 1768/2329/5011
f 1687/2248/5012 1689/2250/5013 1769/2330/5014 1767/2328/5015
f 1690/2251/5016 1688/2249/5017 1768/2329/5018 1770/2331/5019
f 1689/2250/5020 1691/2252/5021 1771/2332/5022 1769/2330/5023
f 1692/2253/5024 1690/2251/5025 1770/2331/5026 1772/2333/5027
f 1691/2252/5028 1693/2254/5029 1773/2334/5030 1771/2332/5031
f 1694/2255/5032 1692/2253/5033 1772/2333/5034 1774/2335/5035
f 1693/2254/5036 1695/2256/5037 1775/2336/5038 1773/2334/5039
f 1696/2257/5040 1694/2255/5041 1774/2335/5042 1776/2337/5043
f 1695/2256/5044 1697/2258/5045 1777/2338/5046 1775/2336/5047
f 1698/2259/5048 1696/2257/5049 1776/2337/5050 1778/2339/5051
f 1697/2258/5052 1699/2260/5053 1779/2340/5054 1777/2338/5055
f 1700/2261/5056 1698/2259/5057 1778/2339/5058 1780/2341/5059
f 1699/2260/5060 1701/2262/5061 1781/2342/5062 1779/2340/5063
f 1702/2263/5064 1700/2261/5065 1780/2341/5066 1782/2343/5067
f 1701/2262/5068 1703/2264/5069 1783/2344/5070 1781/2342/5071
f 1704/2265/5072 1702/2263/5073 1782/2343/5074 1784/2345/5075
f 1703/2264/5076 1705/2266/5077 1785/2346/5078 1783/2344/5079
f 1706/2267/5080 1704/2265/5081 1784/2345/5082 1786/2347/5083
f 1705/2266/5084 1707/2268/5085 1787/2348/5086 1785/2346/5087
f 1708/2269/5088 1706/2267/5089 1786/2347/5090 1788/2349/5091
f 1707/2268/5092 1709/2270/5093 1789/2350/5094 1787/2348/5095
f 1710/2271/5096 1708/2269/5097 1788/2349/5098 1790/2351/5099
f 1709/2270/5100 1711/2272/5101 1791/2352/5102 1789/2350/5103
f 1712/2273/5104 1710/2271/5105 1790/2351/5106 1792/2353/5107
f 1711/2272/5108 1713/2274/5109 1793/2354/5110 1791/2352/5111
f 1714/2275/5112 1712/2273/5113 1792/2353/5114 1794/2355/5115
f 1713/2274/5116 1715/2276/5117 1795/2356/5118 1793/2354/5119
f 1716/2277/5120 1714/2275/5121 1794/2355/5122 1796/2357/5123
f 1715/2276/5124 1717/2278/5125 1797/2358/5126 1795/2356/5127
f 1718/2279/5128 1716/2277/5129 1796/2357/5130 1798/2359/5131
f 1717/2278/5132 1719/2280/5133 1799/2360/5134 1797/2358/5135
f 1720/2281/5136 1718/2279/5137 1798/2359/5138 1800/2361/5139
f 1719/2280/5140 1721/2282/5141 1801/2362/5142 1799/2360/5143
f 1722/2283/5144 1720/2281/5145 1800/2361/5146 1802/2363/5147
f 1721/2282/5148 1723/2284/5149 1803/2364/5150 1801/2362/5151
f 1724/2285/5152 1722/2283/5153 1802/2363/5154 1804/2365/5155
f 1723/2284/5156 1725/2286/5157 1805/2366/5158 1803/2364/5159
f 1726/2287/5160 1724/2285/5161 1804/2365/5162 1806/2367/5163
f 1725/2286/5164 1727/2288/5165 1807/2368/5166 1805/2366/5167
f 1728/2289/5168 1726/2287/5169 1806/2367/5170 1808/2369/5171
f 1727/2288/5172 1729/2290/5173 1809/2370/5174 1807/2368/5175
f 1730/2291/5176 1728/2289/5177 1808/2369/5178 1810/2371/5179
f 1729/2290/5180 1731/2292/5181 1811/2372/5182 1809/2370/5183
f 1732/2293/5184 1730/2291/5185 1810/2371/5186 1812/2373/5187
f 1731/2292/5188 1733/2294/5189 1813/2374/5190 1811/2372/5191
f 1734/2295/5192 1732/2293/5193 1812/2373/5194 1814/2375/5195
f 1733/2294/5196 1655/2217/5197 1735/2297/5198 1813/2374/5199
f 1658/2218/5200 1734/2295/5201 1814/2375/5202 1738/2298/5203
f 1735/2297/5204 1736/2296/5205 1816/1975/5206 1815/1974/5207
f 1896/2376/5208 1895/2377/5209 1897/2378/5210 1898/2379/5211
f 1736/2296/5212 1739/2300/5213 1819/1978/5214 1816/1975/5215
f 1899/2380/5216 1896/2376/5217 1898/2379/5218 1900/2381/5219
f 1739/2300/5220 1741/2302/5221 1821/1980/5222 1819/1978/5223
f 1901/2382/5224 1899/2380/5225 1900/2381/5226 1902/2383/5227
f 1741/2302/5228 1743/2304/5229 1823/1982/5230 1821/1980/5231
f 1903/2384/5232 1901/2382/5233 1902/2383/5234 1904/2385/5235
f 1743/2304/5236 1745/2306/5237 1825/1984/5238 1823/1982/5239
f 1905/2386/5240 1903/2384/5241 1904/2385/5242 1906/2387/5243
f 1745/2306/5244 1747/2308/5245 1827/1986/5246 1825/1984/5247
f 1907/2388/5248 1905/2386/5249 1906/2387/5250 1908/2389/5251
f 1747/2308/5252 1749/2310/5253 1829/1988/5254 1827/1986/5255
f 1909/2390/5256 1907/2388/5257 1908/2389/5258 1910/2391/5259
f 1749/2310/5260 1751/2312/5261 1831/1990/5262 1829/1988/5263
f 1911/2392/5264 1909/2390/5265 1910/2391/5266 1912/2393/5267
f 1751/2312/5268 1753/2314/5269 1833/1992/5270 1831/1990/5271
f 1913/2394/5272 1911/2392/5273 1912/2393/5274 1914/2395/5275
f 1753/2314/5276 1755/2316/5277 1835/1994/5278 1833/1992/5279
f 1915/2396/5280 1913/2394/5281 1914/2395/5282 1916/2397/5283
f 1755/2316/5284 1757/2318/5285 1837/1996/5286 1835/1994/5287
f 1917/2398/5288 1915/2396/5289 1916/2397/5290 1918/2399/5291
f 1757/2318/5292 1759/2320/5293 1839/1998/5294 1837/1996/5295
f 1919/2400/5296 1917/2398/5297 1918/2399/5298 1920/2401/5299
f 1759/2320/5300 1761/2322/5301 1841/2000/5302 1839/1998/5303
f 1921/2402/5304 1919/2400/5305 1920/2401/5306 1922/2403/5307
f 1761/2322/5308 1763/2324/5309 1843/2002/5310 1841/2000/5311
f 1923/2404/5312 1921/2402/5313 1922/2403/5314 1924/2405/5315
f 1763/2324/5316 1765/2326/5317 1845/2004/5318 1843/2002/5319
f 1925/2406/5320 1923/2404/5321 1924/2405/5322 1926/2407/5323
f 1765/2326/5324 1767/2328/5325 1847/2006/5326 1845/2004/5327
f 1927/2408/5328 1925/2406/5329 1926/2407/5330 1928/2409/5331
f 1767/2328/5332 1769/2330/5333 1849/2008/5334 1847/2006/5335
f 1929/2410/5336 1927/2408/5337 1928/2409/5338 1930/2411/5339
f 1769/2330/5340 1771/2332/5341 1851/2010/5342 1849/2008/5343
f 1931/2412/5344 1929/2410/5345 1930/2411/5346 1932/2413/5347
f 1771/2332/5348 1773/2334/5349 1853/2012/5350 1851/2010/5351
f 1933/2414/5352 1931/2412/5353 1932/2413/5354 1934/2415/5355
f 1773/2334/5356 1775/2336/5357 1855/2014/5358 1853/2012/5359
f 1935/2416/5360 1933/2414/5361 1934/2415/5362 1936/2417/5363
f 1775/2336/5364 1777/2338/5365 1857/2016/5366 1855/2014/5367
f 1937/2418/5368 1935/2416/5369 1936/2417/5370 1938/2419/5371
f 1777/2338/5372 1779/2340/5373 1859/2018/5374 1857/2016/5375
f 1939/2420/5376 1937/2418/5377 1938/2419/5378 1940/2421/5379
f 1779/2340/5380 1781/2342/5381 1861/2020/5382 1859/2018/5383
f 1941/2422/5384 1939/2420/5385 1940/2421/5386 1942/2423/5387
f 1781/2342/5388 1783/2344/5389 1863/2022/5390 1861/2020/5391
f 1943/2424/5392 1941/2422/5393 1942/2423/5394 1944/2425/5395
f 1783/2344/5396 1785/2346/5397 1865/2024/5398 1863/2022/5399
f 1945/2426/5400 1943/2424/5401 1944/2425/5402 1946/2427/5403
f 1785/2346/5404 1787/2348/5405 1867/2026/5406 1865/2024/5407
f 1947/2428/5408 1945/2426/5409 1946/2427/5410 1948/2429/5411
f 1787/2348/5412 1789/2350/5413 1869/2028/5414 1867/2026/5415
f 1949/2430/5416 1947/2428/5417 1948/2429/5418 1950/2431/5419
f 1789/2350/5420 1791/2352/5421 1871/2030/5422 1869/2028/5423
f 1951/2432/5424 1949/2430/5425 1950/2431/5426 1952/2433/5427
f 1791/2352/5428 1793/2354/5429 1873/2032/5430 1871/2030/5431
f 1953/2434/5432 1951/2432/5433 1952/2433/5434 1954/2435/5435
f 1793/2354/5436 1795/2356/5437 1875/2034/5438 1873/2032/5439
f 1955/2436/5440 1953/2434/5441 1954/2435/5442 1956/2437/5443
f 1795/2356/5444 1797/2358/5445 1877/2036/5446 1875/2034/5447
f 1957/2438/5448 1955/2436/5449 1956/2437/5450 1958/2439/5451
f 1797/2358/5452 1799/2360/5453 1879/2038/5454 1877/2036/5455
f 1959/2440/5456 1957/2438/5457 1958/2439/5458 1960/2441/5459
f 1799/2360/5460 1801/2362/5461 1881/2040/5462 1879/2038/5463
f 1961/2442/5464 1959/2440/5465 1960/2441/5466 1962/2443/5467
f 1801/2362/5468 1803/2364/5469 1883/2042/5470 1881/2040/5471
f 1963/2444/5472 1961/2442/5473 1962/2443/5474 1964/2445/5475
f 1803/2364/5476 1805/2366/5477 1885/2044/5478 1883/2042/5479
f 1965/2446/5480 1963/2444/5481 1964/2445/5482 1966/2447/5483
f 1805/2366/5484 1807/2368/5485 1887/2046/5486 1885/2044/5487
f 1967/2448/5488 1965/2446/5489 1966/2447/5490 1968/2449/5491
f 1807/2368/5492 1809/2370/5493 1889/2048/5494 1887/2046/5495
f 1969/2450/5496 1967/2448/5497 1968/2449/5498 1970/2451/5499
f 1809/2370/5500 1811/2372/5501 1891/2050/5502 1889/2048/5503
f 1971/2452/5504 1969/2450/5505 1970/2451/5506 1972/2453/5507
f 1811/2372/5508 1813/2374/5509 1893/2052/5510 1891/2050/5511
f 1973/2454/5512 1971/2452/5513 1972/2453/5514 1974/2455/5515
f 1813/2374/5516 1735/2297/5517 1815/1974/5518 1893/2052/5519
f 1895/2377/5520 1973/2454/5521 1974/2455/5522 1897/2378/5523
f 1737/2299/5524 1738/2298/5525 1895/2377/5526 1896/2376/5527
f 1818/1977/5528 1817/1976/5529 1898/2379/5530 1897/2378/5531
f 1740/2301/5532 1737/2299/5533 1896/2376/5534 1899/2380/5535
f 1817/1976/5536 1820/1979/5537 1900/2381/5538 1898/2379/5539
f 1742/2303/5540 1740/2301/5541 1899/2380/5542 1901/2382/5543
f 1820/1979/5544 1822/1981/5545 1902/2383/5546 1900/2381/5547
f 1744/2305/5548 1742/2303/5549 1901/2382/5550 1903/2384/5551
f 1822/1981/5552 1824/1983/5553 1904/2385/5554 1902/2383/5555
f 1746/2307/5556 1744/2305/5557 1903/2384/5558 1905/2386/5559
f 1824/1983/5560 1826/1985/5561 1906/2387/5562 1904/2385/5563
f 1748/2309/5564 1746/2307/5565 1905/2386/5566 1907/2388/5567
f 1826/1985/5568 1828/1987/5569 1908/2389/5570 1906/2387/5571
f 1750/2311/5572 1748/2309/5573 1907/2388/5574 1909/2390/5575
f 1828/1987/5576 1830/1989/5577 1910/2391/5578 1908/2389/5579
f 1752/2313/5580 1750/2311/5581 1909/2390/5582 1911/2392/5583
f 1830/1989/5584 1832/1991/5585 1912/2393/5586 1910/2391/5587
f 1754/2315/5588 1752/2313/5589 1911/2392/5590 1913/2394/5591
f 1832/1991/5592 1834/1993/5593 1914/2395/5594 1912/2393/5595
f 1756/2317/5596 1754/2315/5597 1913/2394/5598 1915/2396/5599
f 1834/1993/5600 1836/1995/5601 1916/2397/5602 1914/2395/5603
f 1758/2319/5604 1756/2317/5605 1915/2396/5606 1917/2398/5607
f 1836/1995/5608 1838/1997/5609 1918/2399/5610 1916/2397/5611
f 1760/2321/5612 1758/2319/5613 1917/2398/5614 1919/2400/5615
f 1838/1997/5616 1840/1999/5617 1920/2401/5618 1918/2399/5619
f 1762/2323/5620 1760/2321/5621 1919/2400/5622 1921/2402/5623
f 1840/1999/5624 1842/2001/5625 1922/2403/5626 1920/2401/5627
f 1764/2325/5628 1762/2323/5629 1921/2402/5630 1923/2404/5631
f 1842/2001/5632 1844/2003/5633 1924/2405/5634 1922/2403/5635
f 1766/2327/5636 1764/2325/5637 1923/2404/5638 1925/2406/5639
f 1844/2003/5640 1846/2005/5641 1926/2407/5642 1924/2405/5643
f 1768/2329/5644 1766/2327/5645 1925/2406/5646 1927/2408/5647
f 1846/2005/5648 1848/2007/5649 1928/2409/5650 1926/2407/5651
f 1770/2331/5652 1768/2329/5653 1927/2408/5654 1929/2410/5655
f 1848/2007/5656 1850/2009/5657 1930/2411/5658 1928/2409/5659
f 1772/2333/5660 1770/2331/5661 1929/2410/5662 1931/2412/5663
f 1850/2009/5664 1852/2011/5665 1932/2413/5666 1930/2411/5667
f 1774/2335/5668 1772/2333/5669 1931/2412/5670 1933/2414/5671
f 1852/2011/5672 1854/2013/5673 1934/2415/5674 1932/2413/5675
f 1776/2337/5676 1774/2335/5677 1933/2414/5678 1935/2416/5679
f 1854/2013/5680 1856/2015/5681 1936/2417/5682 1934/2415/5683
f 1778/2339/5684 1776/2337/5685 1935/2416/5686 1937/2418/5687
f 1856/2015/5688 1858/2017/5689 1938/2419/5690 1936/2417/5691
f 1780/2341/5692 1778/2339/5693 1937/2418/5694 1939/2420/5695
f 1858/2017/5696 1860/2019/5697 1940/2421/5698 1938/2419/5699
f 1782/2343/5700 1780/2341/5701 1939/2420/5702 1941/2422/5703
f 1860/2019/5704 1862/2021/5705 1942/2423/5706 1940/2421/5707
f 1784/2345/5708 1782/2343/5709 1941/2422/5710 1943/2424/5711
f 1862/2021/5712 1864/2023/5713 1944/2425/5714 1942/2423/5715
f 1786/2347/5716 1784/2345/5717 1943/2424/5718 1945/2426/5719
f 1864/2023/5720 1866/2025/5721 1946/2427/5722 1944/2425/5723
f 1788/2349/5724 1786/2347/5725 1945/2426/5726 1947/2428/5727
f 1866/2025/5728 1868/2027/5729 1948/2429/5730 1946/2427/5731
f 1790/2351/5732 1788/2349/5733 1947/2428/5734 1949/2430/5735
f 1868/2027/5736 1870/2029/5737 1950/2431/5738 1948/2429/5739
f 1792/2353/5740 1790/2351/5741 1949/2430/5742 1951/2432/5743
f 1870/2029/5744 1872/2031/5745 1952/2433/5746 1950/2431/5747
f 1794/2355/5748 1792/2353/5749 1951/2432/5750 1953/2434/5751
f 1872/2031/5752 1874/2033/5753 1954/2435/5754 1952/2433/5755
f 1796/2357/5756 1794/2355/5757 1953/2434/5758 1955/2436/5759
f 1874/2033/5760 1876/2035/5761 1956/2437/5762 1954/2435/5763
f 1798/2359/5764 1796/2357/5765 1955/2436/5766 1957/2438/5767
f 1876/2035/5768 1878/2037/5769 1958/2439/5770 1956/2437/5771
f 1800/2361/5772 1798/2359/5773 1957/2438/5774 1959/2440/5775
f 1878/2037/5776 1880/2039/5777 1960/2441/5778 1958/2439/5779
f 1802/2363/5780 1800/2361/5781 1959/2440/5782 1961/2442/5783
f 1880/2039/5784 1882/2041/5785 1962/2443/5786 1960/2441/5787
f 1804/2365/5788 1802/2363/5789 1961/2442/5790 1963/2444/5791
f 1882/2041/5792 1884/2043/5793 1964/2445/5794 1962/2443/5795
f 1806/2367/5796 1804/2365/5797 1963/2444/5798 1965/2446/5799
f 1884/2043/5800 1886/2045/5801 1966/2447/5802 1964/2445/5803
f 1808/2369/5804 1806/2367/5805 1965/2446/5806 1967/2448/5807
f 1886/2045/5808 1888/2047/5809 1968/2449/5810 1966/2447/5811
f 1810/2371/5812 1808/2369/5813 1967/2448/5814 1969/2450/5815
f 1888/2047/5816 1890/2049/5817 1970/2451/5818 1968/2449/5819
f 1812/2373/5820 1810/2371/5821 1969/2450/5822 1971/2452/5823
f 1890/2049/5824 1892/2051/5825 1972/2453/5826 1970/2451/5827
f 1814/2375/5828 1812/2373/5829 1971/2452/5830 1973/2454/5831
f 1892/2051/5832 1894/2053/5833 1974/2455/5834 1972/2453/5835
f 1738/2298/5836 1814/2375/5837 1973/2454/5838 1895/2377/5839
f 1894/2053/5840 1818/1977/5841 1897/2378/5842 1974/2455/5843
f 1255/1613/5844 1254/1612/5845 1975/2456/5846 1976/2457/5847
f 1256/1616/5848 1255/1613/5849 1976/2457/5850 1977/2458/5851
f 1257/1618/5852 1256/1616/5853 1977/2458/5854 1978/2459/5855
f 1258/1620/5856 1257/1618/5857 1978/2459/5858 1979/2460/5859
f 1259/1622/5860 1258/1620/5861 1979/2460/5862 1980/2461/5863
f 1260/1624/5864 1259/1622/5865 1980/2461/5866 1981/2462/5867
f 1261/1626/5868 1260/1624/5869 1981/2462/5870 1982/2463/5871
f 1262/1628/5872 1261/1626/5873 1982/2463/5874 1983/2464/5875
f 1263/1630/5876 1262/1628/5877 1983/2464/5878 1984/2465/5879
f 1264/1632/5880 1263/1630/5881 1984/2465/5882 1985/2466/5883
f 1265/1634/5884 1264/1632/5885 1985/2466/5886 1986/2467/5887
f 1266/1636/5888 1265/1634/5889 1986/2467/5890 1987/2468/5891
f 1267/1638/5892 1266/1636/5893 1987/2468/5894 1988/2469/5895
f 1268/1640/5896 1267/1638/5897 1988/2469/5898 1989/2470/5899
f 1269/1642/5900 1268/1640/5901 1989/2470/5902 1990/2471/5903
f 1270/1644/5904 1269/1642/5905 1990/2471/5906 1991/2472/5907
f 1271/1646/5908 1270/1644/5909 1991/2472/5910 1992/2473/5911
f 1272/1648/5912 1271/1646/5913 1992/2473/5914 1993/2474/5915
f 1273/1650/5916 1272/1648/5917 1993/2474/5918 1994/2475/5919
f 1274/1652/5920 1273/1650/5921 1994/2475/5922 1995/2476/5923
f 1275/1654/5924 1274/1652/5925 1995/2476/5926 1996/2477/5927
f 1276/1656/5928 1275/1654/5929 1996/2477/5930 1997/2478/5931
f 1277/1658/5932 1276/1656/5933 1997/2478/5934 1998/2479/5935
f 1278/1660/5936 1277/1658/5937 1998/2479/5938 1999/2480/5939
f 1279/1662/5940 1278/1660/5941 1999/2480/5942 2000/2481/5943
f 1280/1664/5944 1279/1662/5945 2000/2481/5946 2001/2482/5947
f 1281/1666/5948 1280/1664/5949 2001/2482/5950 2002/2483/5951
f 1282/1668/5952 1281/1666/5953 2002/2483/5954 2003/2484/5955
f 1283/1670/5956 1282/1668/5957 2003/2484/5958 2004/2485/5959
f 1284/1672/5960 1283/1670/5961 2004/2485/5962 2005/2486/5963
f 1285/1674/5964 1284/1672/5965 2005/2486/5966 2006/2487/5967
f 1286/1676/5968 1285/1674/5969 2006/2487/5970 2007/2488/5971
f 1287/1678/5972 1286/1676/5973 2007/2488/5974 2008/2489/5975
f 1288/1680/5976 1287/1678/5977 2008/2489/5978 2009/2490/5979
f 1289/1682/5980 1288/1680/5981 2009/2490/5982 2010/2491/5983
f 1290/1684/5984 1289/1682/5985 2010/2491/5986 2011/2492/5987
f 1291/1686/5988 1290/1684/5989 2011/2492/5990 2012/2493/5991
f 1292/1688/5992 1291/1686/5993 2012/2493/5994 2013/2494/5995
f 1293/1690/5996 1292/1688/5997 2013/2494/5998 2014/2495/5999
f 1254/1612/6000 1293/1690/6001 2014/2495/6002 1975/2456/6003
f 1976/2457/6004 1975/2456/6005 2015/2175/6006 2016/2174/6007
f 1977/2458/6008 1976/2457/6009 2016/2174/6010 2018/2177/6011
f 1978/2459/6012 1977/2458/6013 2018/2177/6014 2019/2178/6015
f 1979/2460/6016 1978/2459/6017 2019/2178/6018 2020/2179/6019
f 1980/2461/6020 1979/2460/6021 2020/2179/6022 2021/2180/6023
f 1981/2462/6024 1980/2461/6025 2021/2180/6026 2022/2181/6027
f 1982/2463/6028 1981/2462/6029 2022/2181/6030 2023/2182/6031
f 1983/2464/6032 1982/2463/6033 2023/2182/6034 2024/2183/6035
f 1984/2465/6036 1983/2464/6037 2024/2183/6038 2025/2184/6039
f 1985/2466/6040 1984/2465/6041 2025/2184/6042 2026/2185/6043
f 1986/2467/6044 1985/2466/6045 2026/2185/6046 2027/2186/6047
f 1987/2468/6048 1986/2467/6049 2027/2186/6050 2028/2187/6051
f 1988/2469/6052 1987/2468/6053 2028/2187/6054 2029/2188/6055
f 1989/2470/6056 1988/2469/6057 2029/2188/6058 2030/2189/6059
f 1990/2471/6060 1989/2470/6061 2030/2189/6062 2031/2190/6063
f 1991/2472/6064 1990/2471/6065 2031/2190/6066 2032/2191/6067
f 1992/2473/6068 1991/2472/6069 2032/2191/6070 2033/2192/6071
f 1993/2474/6072 1992/2473/6073 2033/2192/6074 2034/2193/6075
f 1994/2475/6076 1993/2474/6077 2034/2193/6078 2035/2194/6079
f 1995/2476/6080 1994/2475/6081 2035/2194/6082 2036/2195/6083
f 1996/2477/6084 1995/2476/6085 2036/2195/6086 2037/2196/6087
f 1997/2478/6088 1996/2477/6089 2037/2196/6090 2038/2197/6091
f 1998/2479/6092 1997/2478/6093 2038/2197/6094 2039/2198/6095
f 1999/2480/6096 1998/2479/6097 2039/2198/6098 2040/2199/6099
f 2000/2481/6100 1999/2480/6101 2040/2199/6102 2041/2200/6103
f 2001/2482/6104 2000/2481/6105 2041/2200/6106 2042/2201/6107
f 2002/2483/6108 2001/2482/6109 2042/2201/6110 2043/2202/6111
f 2003/2484/6112 2002/2483/6113 2043/2202/6114 2044/2203/6115
f 2004/2485/6116 2003/2484/6117 2044/2203/6118 2045/2204/6119
f 2005/2486/6120 2004/2485/6121 2045/2204/6122 2046/2205/6123
f 2006/2487/6124 2005/2486/6125 2046/2205/6126 2047/2206/6127
f 2007/2488/6128 2006/2487/6129 2047/2206/6130 2048/2207/6131
f 2008/2489/6132 2007/2488/6133 2048/2207/6134 2049/2208/6135
f 2009/2490/6136 2008/2489/6137 2049/2208/6138 2050/2209/6139
f 2010/2491/6140 2009/2490/6141 2050/2209/6142 2051/2210/6143
f 2011/2492/6144 2010/2491/6145 2051/2210/6146 2052/2211/6147
f 2012/2493/6148 2011/2492/6149 2052/2211/6150 2053/2212/6151
f 2013/2494/6152 2012/2493/6153 2053/2212/6154 2054/2213/6155
f 2014/2495/6156 2013/2494/6157 2054/2213/6158 2055/2214/6159
f 1975/2456/6160 2014/2495/6161 2055/2214/6162 2015/2175/6163
s 114
usemtl aiStandardSurface1SG
f 2237/2496/6164 2238/2497/6165 2239/2498/6166 2240/2499/6167
f 2238/2497/6165 2241/2500/6168 2242/2501/6169 2239/2498/6166
f 2241/2500/6168 2243/2502/6170 2244/2503/6171 2242/2501/6169
f 2243/2502/6170 2245/2504/6172 2246/2505/6173 2244/2503/6171
f 2245/2504/6172 2247/2506/6174 2248/2507/6175 2246/2505/6173
f 2247/2506/6174 2249/2508/6176 2250/2509/6177 2248/2507/6175
f 2249/2508/6176 2251/2510/6178 2252/2511/6179 2250/2509/6177
f 2251/2510/6178 2253/2512/6180 2254/2513/6181 2252/2511/6179
f 2253/2512/6180 2255/2514/6182 2256/2515/6183 2254/2513/6181
f 2255/2514/6182 2257/2516/6184 2258/2517/6185 2256/2515/6183
f 2257/2516/6184 2259/2518/6186 2260/2519/6187 2258/2517/6185
f 2259/2518/6186 2261/2520/6188 2262/2521/6189 2260/2519/6187
f 2261/2520/6188 2263/2522/6190 2264/2523/6191 2262/2521/6189
f 2263/2522/6190 2265/2524/6192 2266/2525/6193 2264/2523/6191
f 2265/2524/6192 2267/2526/6194 2268/2527/6195 2266/2525/6193
f 2267/2526/6194 2269/2528/6196 2270/2529/6197 2268/2527/6195
f 2269/2528/6196 2271/2530/6198 2272/2531/6199 2270/2529/6197
f 2271/2530/6198 2273/2532/6200 2274/2533/6201 2272/2531/6199
f 2273/2532/6200 2275/2534/6202 2276/2535/6203 2274/2533/6201
f 2275/2534/6202 2237/2536/6164 2240/2537/6167 2276/2535/6203
f 2240/2499/6167 2239/2498/6166 2277/2538/6204 2278/2539/6205
f 2239/2498/6166 2242/2501/6169 2279/2540/6206 2277/2538/6204
f 2242/2501/6169 2244/2503/6171 2280/2541/6207 2279/2540/6206
f 2244/2503/6171 2246/2505/6173 2281/2542/6208 2280/2541/6207
f 2246/2505/6173 2248/2507/6175 2282/2543/6209 2281/2542/6208
f 2248/2507/6175 2250/2509/6177 2283/2544/6210 2282/2543/6209
f 2250/2509/6177 2252/2511/6179 2284/2545/6211 2283/2544/6210
f 2252/2511/6179 2254/2513/6181 2285/2546/6212 2284/2545/6211
f 2254/2513/6181 2256/2515/6183 2286/2547/6213 2285/2546/6212
f 2256/2515/6183 2258/2517/6185 2287/2548/6214 2286/2547/6213
f 2258/2517/6185 2260/2519/6187 2288/2549/6215 2287/2548/6214
f 2260/2519/6187 2262/2521/6189 2289/2550/6216 2288/2549/6215
f 2262/2521/6189 2264/2523/6191 2290/2551/6217 2289/2550/6216
f 2264/2523/6191 2266/2525/6193 2291/2552/6218 2290/2551/6217
f 2266/2525/6193 2268/2527/6195 2292/2553/6219 2291/2552/6218
f 2268/2527/6195 2270/2529/6197 2293/2554/6220 2292/2553/6219
f 2270/2529/6197 2272/2531/6199 2294/2555/6221 2293/2554/6220
f 2272/2531/6199 2274/2533/6201 2295/2556/6222 2294/2555/6221
f 2274/2533/6201 2276/2535/6203 2296/2557/6223 2295/2556/6222
f 2276/2535/6203 2240/2537/6167 2278/2558/6205 2296/2557/6223
f 2278/2539/6205 2277/2538/6204 2297/2559/6224 2298/2560/6225
f 2277/2538/6204 2279/2540/6206 2299/2561/6226 2297/2559/6224
f 2279/2540/6206 2280/2541/6207 2300/2562/6227 2299/2561/6226
f 2280/2541/6207 2281/2542/6208 2301/2563/6228 2300/2562/6227
f 2281/2542/6208 2282/2543/6209 2302/2564/6229 2301/2563/6228
f 2282/2543/6209 2283/2544/6210 2303/2565/6230 2302/2564/6229
f 2283/2544/6210 2284/2545/6211 2304/2566/6231 2303/2565/6230
f 2284/2545/6211 2285/2546/6212 2305/2567/6232 2304/2566/6231
f 2285/2546/6212 2286/2547/6213 2306/2568/6233 2305/2567/6232
f 2286/2547/6213 2287/2548/6214 2307/2569/6234 2306/2568/6233
f 2287/2548/6214 2288/2549/6215 2308/2570/6235 2307/2569/6234
f 2288/2549/6215 2289/2550/6216 2309/2571/6236 2308/2570/6235
f 2289/2550/6216 2290/2551/6217 2310/2572/6237 2309/2571/6236
f 2290/2551/6217 2291/2552/6218 2311/2573/6238 2310/2572/6237
f 2291/2552/6218 2292/2553/6219 2312/2574/6239 2311/2573/6238
f 2292/2553/6219 2293/2554/6220 2313/2575/6240 2312/2574/6239
f 2293/2554/6220 2294/2555/6221 2314/2576/6241 2313/2575/6240
f 2294/2555/6221 2295/2556/6222 2315/2577/6242 2314/2576/6241
f 2295/2556/6222 2296/2557/6223 2316/2578/6243 2315/2577/6242
f 2296/2557/6223 2278/2558/6205 2298/2579/6225 2316/2578/6243
f 2298/2560/6225 2297/2559/6224 2317/2580/6244 2318/2581/6245
f 2297/2559/6224 2299/2561/6226 2319/2582/6246 2317/2580/6244
f 2299/2561/6226 2300/2562/6227 2320/2583/6247 2319/2582/6246
f 2300/2562/6227 2301/2563/6228 2321/2584/6248 2320/2583/6247
f 2301/2563/6228 2302/2564/6229 2322/2585/6249 2321/2584/6248
f 2302/2564/6229 2303/2565/6230 2323/2586/6250 2322/2585/6249
f 2303/2565/6230 2304/2566/6231 2324/2587/6251 2323/2586/6250
f 2304/2566/6231 2305/2567/6232 2325/2588/6252 2324/2587/6251
f 2305/2567/6232 2306/2568/6233 2326/2589/6253 2325/2588/6252
f 2306/2568/6233 2307/2569/6234 2327/2590/6254 2326/2589/6253
f 2307/2569/6234 2308/2570/6235 2328/2591/6255 2327/2590/6254
f 2308/2570/6235 2309/2571/6236 2329/2592/6256 2328/2591/6255
f 2309/2571/6236 2310/2572/6237 2330/2593/6257 2329/2592/6256
f 2310/2572/6237 2311/2573/6238 2331/2594/6258 2330/2593/6257
f 2311/2573/6238 2312/2574/6239 2332/2595/6259 2331/2594/6258
f 2312/2574/6239 2313/2575/6240 2333/2596/6260 2332/2595/6259
f 2313/2575/6240 2314/2576/6241 2334/2597/6261 2333/2596/6260
f 2314/2576/6241 2315/2577/6242 2335/2598/6262 2334/2597/6261
f 2315/2577/6242 2316/2578/6243 2336/2599/6263 2335/2598/6262
f 2316/2578/6243 2298/2579/6225 2318/2600/6245 2336/2599/6263
f 2318/2581/6245 2317/2580/6244 2337/2601/6264 2338/2602/6265
f 2317/2580/6244 2319/2582/6246 2339/2603/6266 2337/2601/6264
f 2319/2582/6246 2320/2583/6247 2340/2604/6267 2339/2603/6266
f 2320/2583/6247 2321/2584/6248 2341/2605/6268 2340/2604/6267
f 2321/2584/6248 2322/2585/6249 2342/2606/6269 2341/2605/6268
f 2322/2585/6249 2323/2586/6250 2343/2607/6270 2342/2606/6269
f 2323/2586/6250 2324/2587/6251 2344/2608/6271 2343/2607/6270
f 2324/2587/6251 2325/2588/6252 2345/2609/6272 2344/2608/6271
f 2325/2588/6252 2326/2589/6253 2346/2610/6273 2345/2609/6272
f 2326/2589/6253 2327/2590/6254 2347/2611/6274 2346/2610/6273
f 2327/2590/6254 2328/2591/6255 2348/2612/6275 2347/2611/6274
f 2328/2591/6255 2329/2592/6256 2349/2613/6276 2348/2612/6275
f 2329/2592/6256 2330/2593/6257 2350/2614/6277 2349/2613/6276
f 2330/2593/6257 2331/2594/6258 2351/2615/6278 2350/2614/6277
f 2331/2594/6258 2332/2595/6259 2352/2616/6279 2351/2615/6278
f 2332/2595/6259 2333/2596/6260 2353/2617/6280 2352/2616/6279
f 2333/2596/6260 2334/2597/6261 2354/2618/6281 2353/2617/6280
f 2334/2597/6261 2335/2598/6262 2355/2619/6282 2354/2618/6281
f 2335/2598/6262 2336/2599/6263 2356/2620/6283 2355/2619/6282
f 2336/2599/6263 2318/2600/6245 2338/2621/6265 2356/2620/6283
f 2338/2602/6265 2337/2601/6264 2357/2622/6284 2358/2623/6285
f 2337/2601/6264 2339/2603/6266 2359/2624/6286 2357/2622/6284
f 2339/2603/6266 2340/2604/6267 2360/2625/6287 2359/2624/6286
f 2340/2604/6267 2341/2605/6268 2361/2626/6288 2360/2625/6287
f 2341/2605/6268 2342/2606/6269 2362/2627/6289 2361/2626/6288
f 2342/2606/6269 2343/2607/6270 2363/2628/6290 2362/2627/6289
f 2343/2607/6270 2344/2608/6271 2364/2629/6291 2363/2628/6290
f 2344/2608/6271 2345/2609/6272 2365/2630/6292 2364/2629/6291
f 2345/2609/6272 2346/2610/6273 2366/2631/6293 2365/2630/6292
f 2346/2610/6273 2347/2611/6274 2367/2632/6294 2366/2631/6293
f 2347/2611/6274 2348/2612/6275 2368/2633/6295 2367/2632/6294
f 2348/2612/6275 2349/2613/6276 2369/2634/6296 2368/2633/6295
f 2349/2613/6276 2350/2614/6277 2370/2635/6297 2369/2634/6296
f 2350/2614/6277 2351/2615/6278 2371/2636/6298 2370/2635/6297
f 2351/2615/6278 2352/2616/6279 2372/2637/6299 2371/2636/6298
f 2352/2616/6279 2353/2617/6280 2373/2638/6300 2372/2637/6299
f 2353/2617/6280 2354/2618/6281 2374/2639/6301 2373/2638/6300
f 2354/2618/6281 2355/2619/6282 2375/2640/6302 2374/2639/6301
f 2355/2619/6282 2356/2620/6283 2376/2641/6303 2375/2640/6302
f 2356/2620/6283 2338/2621/6265 2358/2642/6285 2376/2641/6303
f 2358/2623/6285 2357/2622/6284 2377/2643/6304 2378/2644/6305
f 2357/2622/6284 2359/2624/6286 2379/2645/6306 2377/2643/6304
f 2359/2624/6286 2360/2625/6287 2380/2646/6307 2379/2645/6306
f 2360/2625/6287 2361/2626/6288 2381/2647/6308 2380/2646/6307
f 2361/2626/6288 2362/2627/6289 2382/2648/6309 2381/2647/6308
f 2362/2627/6289 2363/2628/6290 2383/2649/6310 2382/2648/6309
f 2363/2628/6290 2364/2629/6291 2384/2650/6311 2383/2649/6310
f 2364/2629/6291 2365/2630/6292 2385/2651/6312 2384/2650/6311
f 2365/2630/6292 2366/2631/6293 2386/2652/6313 2385/2651/6312
f 2366/2631/6293 2367/2632/6294 2387/2653/6314 2386/2652/6313
f 2367/2632/6294 2368/2633/6295 2388/2654/6315 2387/2653/6314
f 2368/2633/6295 2369/2634/6296 2389/2655/6316 2388/2654/6315
f 2369/2634/6296 2370/2635/6297 2390/2656/6317 2389/2655/6316
f 2370/2635/6297 2371/2636/6298 2391/2657/6318 2390/2656/6317
f 2371/2636/6298 2372/2637/6299 2392/2658/6319 2391/2657/6318
f 2372/2637/6299 2373/2638/6300 2393/2659/6320 2392/2658/6319
f 2373/2638/6300 2374/2639/6301 2394/2660/6321 2393/2659/6320
f 2374/2639/6301 2375/2640/6302 2395/2661/6322 2394/2660/6321
f 2375/2640/6302 2376/2641/6303 2396/2662/6323 2395/2661/6322
f 2376/2641/6303 2358/2642/6285 2378/2663/6305 2396/2662/6323
f 2378/2644/6305 2377/2643/6304 2397/2664/6324 2398/2665/6325
f 2377/2643/6304 2379/2645/6306 2399/2666/6326 2397/2664/6324
f 2379/2645/6306 2380/2646/6307 2400/2667/6327 2399/2666/6326
f 2380/2646/6307 2381/2647/6308 2401/2668/6328 2400/2667/6327
f 2381/2647/6308 2382/2648/6309 2402/2669/6329 2401/2668/6328
f 2382/2648/6309 2383/2649/6310 2403/2670/6330 2402/2669/6329
f 2383/2649/6310 2384/2650/6311 2404/2671/6331 2403/2670/6330
f 2384/2650/6311 2385/2651/6312 2405/2672/6332 2404/2671/6331
f 2385/2651/6312 2386/2652/6313 2406/2673/6333 2405/2672/6332
f 2386/2652/6313 2387/2653/6314 2407/2674/6334 2406/2673/6333
f 2387/2653/6314 2388/2654/6315 2408/2675/6335 2407/2674/6334
f 2388/2654/6315 2389/2655/6316 2409/2676/6336 2408/2675/6335
f 2389/2655/6316 2390/2656/6317 2410/2677/6337 2409/2676/6336
f 2390/2656/6317 2391/2657/6318 2411/2678/6338 2410/2677/6337
f 2391/2657/6318 2392/2658/6319 2412/2679/6339 2411/2678/6338
f 2392/2658/6319 2393/2659/6320 2413/2680/6340 2412/2679/6339
f 2393/2659/6320 2394/2660/6321 2414/2681/6341 2413/2680/6340
f 2394/2660/6321 2395/2661/6322 2415/2682/6342 2414/2681/6341
f 2395/2661/6322 2396/2662/6323 2416/2683/6343 2415/2682/6342
f 2396/2662/6323 2378/2663/6305 2398/2684/6325 2416/2683/6343
f 2398/2665/6325 2397/2664/6324 2417/2685/6344
f 2397/2664/6324 2399/2666/6326 2417/2686/6344
f 2399/2666/6326 2400/2667/6327 2417/2687/6344
f 2400/2667/6327 2401/2668/6328 2417/2688/6344
f 2401/2668/6328 2402/2669/6329 2417/2689/6344
f 2402/2669/6329 2403/2670/6330 2417/2690/6344
f 2403/2670/6330 2404/2671/6331 2417/2691/6344
f 2404/2671/6331 2405/2672/6332 2417/2692/6344
f 2405/2672/6332 2406/2673/6333 2417/2693/6344
f 2406/2673/6333 2407/2674/6334 2417/2694/6344
f 2407/2674/6334 2408/2675/6335 2417/2695/6344
f 2408/2675/6335 2409/2676/6336 2417/2696/6344
f 2409/2676/6336 2410/2677/6337 2417/2697/6344
f 2410/2677/6337 2411/2678/6338 2417/2698/6344
f 2411/2678/6338 2412/2679/6339 2417/2699/6344
f 2412/2679/6339 2413/2680/6340 2417/2700/6344
f 2413/2680/6340 2414/2681/6341 2417/2701/6344
f 2414/2681/6341 2415/2682/6342 2417/2702/6344
f 2415/2682/6342 2416/2683/6343 2417/2703/6344
f 2416/2683/6343 2398/2684/6325 2417/2704/6344
s 115
f 2056/2705/6345 2076/2706/6346 2077/2707/6347 2057/2708/6348
f 2057/2708/6348 2077/2707/6347 2078/2709/6349 2058/2710/6350
f 2058/2710/6350 2078/2709/6349 2079/2711/6351 2059/2712/6352
f 2059/2712/6352 2079/2711/6351 2080/2713/6353 2060/2714/6354
f 2060/2714/6354 2080/2713/6353 2081/2715/6355 2061/2716/6356
f 2061/2716/6356 2081/2715/6355 2082/2717/6357 2062/2718/6358
f 2062/2718/6358 2082/2717/6357 2083/2719/6359 2063/2720/6360
f 2063/2720/6360 2083/2719/6359 2084/2721/6361 2064/2722/6362
f 2064/2722/6362 2084/2721/6361 2085/2723/6363 2065/2724/6364
f 2065/2724/6364 2085/2723/6363 2086/2725/6365 2066/2726/6366
f 2066/2726/6366 2086/2725/6365 2087/2727/6367 2067/2728/6368
f 2067/2728/6368 2087/2727/6367 2088/2729/6369 2068/2730/6370
f 2068/2730/6370 2088/2729/6369 2089/2731/6371 2069/2732/6372
f 2069/2732/6372 2089/2731/6371 2090/2733/6373 2070/2734/6374
f 2070/2734/6374 2090/2733/6373 2091/2735/6375 2071/2736/6376
f 2071/2736/6376 2091/2735/6375 2092/2737/6377 2072/2738/6378
f 2072/2738/6378 2092/2737/6377 2093/2739/6379 2073/2740/6380
f 2073/2740/6380 2093/2739/6379 2094/2741/6381 2074/2742/6382
f 2074/2742/6382 2094/2741/6381 2095/2743/6383 2075/2744/6384
f 2075/2744/6384 2095/2743/6383 2076/2745/6346 2056/2746/6345
f 2076/2706/6346 2096/2747/6385 2097/2748/6386 2077/2707/6347
f 2077/2707/6347 2097/2748/6386 2098/2749/6387 2078/2709/6349
f 2078/2709/6349 2098/2749/6387 2099/2750/6388 2079/2711/6351
f 2079/2711/6351 2099/2750/6388 2100/2751/6389 2080/2713/6353
f 2080/2713/6353 2100/2751/6389 2101/2752/6390 2081/2715/6355
f 2081/2715/6355 2101/2752/6390 2102/2753/6391 2082/2717/6357
f 2082/2717/6357 2102/2753/6391 2103/2754/6392 2083/2719/6359
f 2083/2719/6359 2103/2754/6392 2104/2755/6393 2084/2721/6361
f 2084/2721/6361 2104/2755/6393 2105/2756/6394 2085/2723/6363
f 2085/2723/6363 2105/2756/6394 2106/2757/6395 2086/2725/6365
f 2086/2725/6365 2106/2757/6395 2107/2758/6396 2087/2727/6367
f 2087/2727/6367 2107/2758/6396 2108/2759/6397 2088/2729/6369
f 2088/2729/6369 2108/2759/6397 2109/2760/6398 2089/2731/6371
f 2089/2731/6371 2109/2760/6398 2110/2761/6399 2090/2733/6373
f 2090/2733/6373 2110/2761/6399 2111/2762/6400 2091/2735/6375
f 2091/2735/6375 2111/2762/6400 2112/2763/6401 2092/2737/6377
f 2092/2737/6377 2112/2763/6401 2113/2764/6402 2093/2739/6379
f 2093/2739/6379 2113/2764/6402 2114/2765/6403 2094/2741/6381
f 2094/2741/6381 2114/2765/6403 2115/2766/6404 2095/2743/6383
f 2095/2743/6383 2115/2766/6404 2096/2767/6385 2076/2745/6346
f 2096/2747/6385 2116/2768/6405 2117/2769/6406 2097/2748/6386
f 2097/2748/6386 2117/2769/6406 2118/2770/6407 2098/2749/6387
f 2098/2749/6387 2118/2770/6407 2119/2771/6408 2099/2750/6388
f 2099/2750/6388 2119/2771/6408 2120/2772/6409 2100/2751/6389
f 2100/2751/6389 2120/2772/6409 2121/2773/6410 2101/2752/6390
f 2101/2752/6390 2121/2773/6410 2122/2774/6411 2102/2753/6391
f 2102/2753/6391 2122/2774/6411 2123/2775/6412 2103/2754/6392
f 2103/2754/6392 2123/2775/6412 2124/2776/6413 2104/2755/6393
f 2104/2755/6393 2124/2776/6413 2125/2777/6414 2105/2756/6394
f 2105/2756/6394 2125/2777/6414 2126/2778/6415 2106/2757/6395
f 2106/2757/6395 2126/2778/6415 2127/2779/6416 2107/2758/6396
f 2107/2758/6396 2127/2779/6416 2128/2780/6417 2108/2759/6397
f 2108/2759/6397 2128/2780/6417 2129/2781/6418 2109/2760/6398
f 2109/2760/6398 2129/2781/6418 2130/2782/6419 2110/2761/6399
f 2110/2761/6399 2130/2782/6419 2131/2783/6420 2111/2762/6400
f 2111/2762/6400 2131/2783/6420 2132/2784/6421 2112/2763/6401
f 2112/2763/6401 2132/2784/6421 2133/2785/6422 2113/2764/6402
f 2113/2764/6402 2133/2785/6422 2134/2786/6423 2114/2765/6403
f 2114/2765/6403 2134/2786/6423 2135/2787/6424 2115/2766/6404
f 2115/2766/6404 2135/2787/6424 2116/2788/6405 2096/2767/6385
f 2116/2768/6405 2136/2789/6425 2137/2790/6426 2117/2769/6406
f 2117/2769/6406 2137/2790/6426 2138/2791/6427 2118/2770/6407
f 2118/2770/6407 2138/2791/6427 2139/2792/6428 2119/2771/6408
f 2119/2771/6408 2139/2792/6428 2140/2793/6429 2120/2772/6409
f 2120/2772/6409 2140/2793/6429 2141/2794/6430 2121/2773/6410
f 2121/2773/6410 2141/2794/6430 2142/2795/6431 2122/2774/6411
f 2122/2774/6411 2142/2795/6431 2143/2796/6432 2123/2775/6412
f 2123/2775/6412 2143/2796/6432 2144/2797/6433 2124/2776/6413
f 2124/2776/6413 2144/2797/6433 2145/2798/6434 2125/2777/6414
f 2125/2777/6414 2145/2798/6434 2146/2799/6435 2126/2778/6415
f 2126/2778/6415 2146/2799/6435 2147/2800/6436 2127/2779/6416
f 2127/2779/6416 2147/2800/6436 2148/2801/6437 2128/2780/6417
f 2128/2780/6417 2148/2801/6437 2149/2802/6438 2129/2781/6418
f 2129/2781/6418 2149/2802/6438 2150/2803/6439 2130/2782/6419
f 2130/2782/6419 2150/2803/6439 2151/2804/6440 2131/2783/6420
f 2131/2783/6420 2151/2804/6440 2152/2805/6441 2132/2784/6421
f 2132/2784/6421 2152/2805/6441 2153/2806/6442 2133/2785/6422
f 2133/2785/6422 2153/2806/6442 2154/2807/6443 2134/2786/6423
f 2134/2786/6423 2154/2807/6443 2155/2808/6444 2135/2787/6424
f 2135/2787/6424 2155/2808/6444 2136/2809/6425 2116/2788/6405
f 2136/2789/6425 2156/2810/6445 2157/2811/6446 2137/2790/6426
f 2137/2790/6426 2157/2811/6446 2158/2812/6447 2138/2791/6427
f 2138/2791/6427 2158/2812/6447 2159/2813/6448 2139/2792/6428
f 2139/2792/6428 2159/2813/6448 2160/2814/6449 2140/2793/6429
f 2140/2793/6429 2160/2814/6449 2161/2815/6450 2141/2794/6430
f 2141/2794/6430 2161/2815/6450 2162/2816/6451 2142/2795/6431
f 2142/2795/6431 2162/2816/6451 2163/2817/6452 2143/2796/6432
f 2143/2796/6432 2163/2817/6452 2164/2818/6453 2144/2797/6433
f 2144/2797/6433 2164/2818/6453 2165/2819/6454 2145/2798/6434
f 2145/2798/6434 2165/2819/6454 2166/2820/6455 2146/2799/6435
f 2146/2799/6435 2166/2820/6455 2167/2821/6456 2147/2800/6436
f 2147/2800/6436 2167/2821/6456 2168/2822/6457 2148/2801/6437
f 2148/2801/6437 2168/2822/6457 2169/2823/6458 2149/2802/6438
f 2149/2802/6438 2169/2823/6458 2170/2824/6459 2150/2803/6439
f 2150/2803/6439 2170/2824/6459 2171/2825/6460 2151/2804/6440
f 2151/2804/6440 2171/2825/6460 2172/2826/6461 2152/2805/6441
f 2152/2805/6441 2172/2826/6461 2173/2827/6462 2153/2806/6442
f 2153/2806/6442 2173/2827/6462 2174/2828/6463 2154/2807/6443
f 2154/2807/6443 2174/2828/6463 2175/2829/6464 2155/2808/6444
f 2155/2808/6444 2175/2829/6464 2156/2830/6445 2136/2809/6425
f 2156/2810/6445 2176/2831/6465 2177/2832/6466 2157/2811/6446
f 2157/2811/6446 2177/2832/6466 2178/2833/6467 2158/2812/6447
f 2158/2812/6447 2178/2833/6467 2179/2834/6468 2159/2813/6448
f 2159/2813/6448 2179/2834/6468 2180/2835/6469 2160/2814/6449
f 2160/2814/6449 2180/2835/6469 2181/2836/6470 2161/2815/6450
f 2161/2815/6450 2181/2836/6470 2182/2837/6471 2162/2816/6451
f 2162/2816/6451 2182/2837/6471 2183/2838/6472 2163/2817/6452
f 2163/2817/6452 2183/2838/6472 2184/2839/6473 2164/2818/6453
f 2164/2818/6453 2184/2839/6473 2185/2840/6474 2165/2819/6454
f 2165/2819/6454 2185/2840/6474 2186/2841/6475 2166/2820/6455
f 2166/2820/6455 2186/2841/6475 2187/2842/6476 2167/2821/6456
f 2167/2821/6456 2187/2842/6476 2188/2843/6477 2168/2822/6457
f 2168/2822/6457 2188/2843/6477 2189/2844/6478 2169/2823/6458
f 2169/2823/6458 2189/2844/6478 2190/2845/6479 2170/2824/6459
f 2170/2824/6459 2190/2845/6479 2191/2846/6480 2171/2825/6460
f 2171/2825/6460 2191/2846/6480 2192/2847/6481 2172/2826/6461
f 2172/2826/6461 2192/2847/6481 2193/2848/6482 2173/2827/6462
f 2173/2827/6462 2193/2848/6482 2194/2849/6483 2174/2828/6463
f 2174/2828/6463 2194/2849/6483 2195/2850/6484 2175/2829/6464
f 2175/2829/6464 2195/2850/6484 2176/2851/6465 2156/2830/6445
f 2176/2831/6465 2196/2852/6485 2197/2853/6486 2177/2832/6466
f 2177/2832/6466 2197/2853/6486 2198/2854/6487 2178/2833/6467
f 2178/2833/6467 2198/2854/6487 2199/2855/6488 2179/2834/6468
f 2179/2834/6468 2199/2855/6488 2200/2856/6489 2180/2835/6469
f 2180/2835/6469 2200/2856/6489 2201/2857/6490 2181/2836/6470
f 2181/2836/6470 2201/2857/6490 2202/2858/6491 2182/2837/6471
f 2182/2837/6471 2202/2858/6491 2203/2859/6492 2183/2838/6472
f 2183/2838/6472 2203/2859/6492 2204/2860/6493 2184/2839/6473
f 2184/2839/6473 2204/2860/6493 2205/2861/6494 2185/2840/6474
f 2185/2840/6474 2205/2861/6494 2206/2862/6495 2186/2841/6475
f 2186/2841/6475 2206/2862/6495 2207/2863/6496 2187/2842/6476
f 2187/2842/6476 2207/2863/6496 2208/2864/6497 2188/2843/6477
f 2188/2843/6477 2208/2864/6497 2209/2865/6498 2189/2844/6478
f 2189/2844/6478 2209/2865/6498 2210/2866/6499 2190/2845/6479
f 2190/2845/6479 2210/2866/6499 2211/2867/6500 2191/2846/6480
f 2191/2846/6480 2211/2867/6500 2212/2868/6501 2192/2847/6481
f 2192/2847/6481 2212/2868/6501 2213/2869/6502 2193/2848/6482
f 2193/2848/6482 2213/2869/6502 2214/2870/6503 2194/2849/6483
f 2194/2849/6483 2214/2870/6503 2215/2871/6504 2195/2850/6484
f 2195/2850/6484 2215/2871/6504 2196/2872/6485 2176/2851/6465
f 2196/2852/6485 2216/2873/6505 2217/2874/6506 2197/2853/6486
f 2197/2853/6486 2217/2874/6506 2218/2875/6507 2198/2854/6487
f 2198/2854/6487 2218/2875/6507 2219/2876/6508 2199/2855/6488
f 2199/2855/6488 2219/2876/6508 2220/2877/6509 2200/2856/6489
f 2200/2856/6489 2220/2877/6509 2221/2878/6510 2201/2857/6490
f 2201/2857/6490 2221/2878/6510 2222/2879/6511 2202/2858/6491
f 2202/2858/6491 2222/2879/6511 2223/2880/6512 2203/2859/6492
f 2203/2859/6492 2223/2880/6512 2224/2881/6513 2204/2860/6493
f 2204/2860/6493 2224/2881/6513 2225/2882/6514 2205/2861/6494
f 2205/2861/6494 2225/2882/6514 2226/2883/6515 2206/2862/6495
f 2206/2862/6495 2226/2883/6515 2227/2884/6516 2207/2863/6496
f 2207/2863/6496 2227/2884/6516 2228/2885/6517 2208/2864/6497
f 2208/2864/6497 2228/2885/6517 2229/2886/6518 2209/2865/6498
f 2209/2865/6498 2229/2886/6518 2230/2887/6519 2210/2866/6499
f 2210/2866/6499 2230/2887/6519 2231/2888/6520 2211/2867/6500
f 2211/2867/6500 2231/2888/6520 2232/2889/6521 2212/2868/6501
f 2212/2868/6501 2232/2889/6521 2233/2890/6522 2213/2869/6502
f 2213/2869/6502 2233/2890/6522 2234/2891/6523 2214/2870/6503
f 2214/2870/6503 2234/2891/6523 2235/2892/6524 2215/2871/6504
f 2215/2871/6504 2235/2892/6524 2216/2893/6505 2196/2872/6485
f 2216/2873/6505 2236/2894/6525 2217/2874/6506
f 2217/2874/6506 2236/2895/6525 2218/2875/6507
f 2218/2875/6507 2236/2896/6525 2219/2876/6508
f 2219/2876/6508 2236/2897/6525 2220/2877/6509
f 2220/2877/6509 2236/2898/6525 2221/2878/6510
f 2221/2878/6510 2236/2899/6525 2222/2879/6511
f 2222/2879/6511 2236/2900/6525 2223/2880/6512
f 2223/2880/6512 2236/2901/6525 2224/2881/6513
f 2224/2881/6513 2236/2902/6525 2225/2882/6514
f 2225/2882/6514 2236/2903/6525 2226/2883/6515
f 2226/2883/6515 2236/2904/6525 2227/2884/6516
f 2227/2884/6516 2236/2905/6525 2228/2885/6517
f 2228/2885/6517 2236/2906/6525 2229/2886/6518
f 2229/2886/6518 2236/2907/6525 2230/2887/6519
f 2230/2887/6519 2236/2908/6525 2231/2888/6520
f 2231/2888/6520 2236/2909/6525 2232/2889/6521
f 2232/2889/6521 2236/2910/6525 2233/2890/6522
f 2233/2890/6522 2236/2911/6525 2234/2891/6523
f 2234/2891/6523 2236/2912/6525 2235/2892/6524
f 2235/2892/6524 2236/2913/6525 2216/2893/6505
s 116
f 2056/2914/6526 2057/2915/6527 2238/2497/6528 2237/2496/6529
f 2057/2915/6527 2058/2916/6530 2241/2500/6531 2238/2497/6528
f 2058/2916/6530 2059/2917/6532 2243/2502/6533 2241/2500/6531
f 2059/2917/6532 2060/2918/6534 2245/2504/6535 2243/2502/6533
f 2060/2918/6534 2061/2919/6536 2247/2506/6537 2245/2504/6535
f 2061/2919/6536 2062/2920/6538 2249/2508/6539 2247/2506/6537
f 2062/2920/6538 2063/2921/6540 2251/2510/6541 2249/2508/6539
f 2063/2921/6540 2064/2922/6542 2253/2512/6543 2251/2510/6541
f 2064/2922/6542 2065/2923/6544 2255/2514/6545 2253/2512/6543
f 2065/2923/6544 2066/2924/6546 2257/2516/6547 2255/2514/6545
f 2066/2924/6546 2067/2925/6548 2259/2518/6549 2257/2516/6547
f 2067/2925/6548 2068/2926/6550 2261/2520/6551 2259/2518/6549
f 2068/2926/6550 2069/2927/6552 2263/2522/6553 2261/2520/6551
f 2069/2927/6552 2070/2928/6554 2265/2524/6555 2263/2522/6553
f 2070/2928/6554 2071/2929/6556 2267/2526/6557 2265/2524/6555
f 2071/2929/6556 2072/2930/6558 2269/2528/6559 2267/2526/6557
f 2072/2930/6558 2073/2931/6560 2271/2530/6561 2269/2528/6559
f 2073/2931/6560 2074/2932/6562 2273/2532/6563 2271/2530/6561
f 2074/2932/6562 2075/2933/6564 2275/2534/6565 2273/2532/6563
f 2075/2933/6564 2056/2934/6526 2237/2536/6529 2275/2534/6565
s 117
usemtl initialShadingGroup
f 2426/2935/6566 2427/2936/6567 2436/2937/6568 2437/2938/6569
s 118
f 2420/2939/6570 2421/2940/6571 2423/2941/6572 2422/2942/6573
s 119
f 2434/2943/6574 2435/2944/6575 2428/2945/6576 2429/2946/6577
s 120
f 2424/2947/6578 2425/2948/6579 2419/2949/6580 2418/2950/6581
s off
f 2427/2936/6582 2428/2951/6583 2435/2952/6584 2436/2937/6585
f 2429/2953/6586 2426/2935/6587 2437/2938/6588 2434/2954/6589
s 117
f 2430/2955/6590 2431/2956/6591 2427/2936/6567 2426/2935/6566
s off
f 2466/2957/6592 2467/2958/6593 2468/2959/6594 2469/2960/6595
s 119
f 2429/2946/6577 2428/2945/6576 2432/2961/6596 2433/2962/6597
s off
f 2470/2963/6598 2471/2964/6599 2472/2965/6600 2473/2966/6601
s 117
f 2438/2967/6602 2439/2968/6603 2431/2956/6591 2430/2955/6590
s off
f 2439/2968/6604 2440/2969/6605 2432/2970/6606 2431/2956/6607
s 119
f 2433/2962/6597 2432/2961/6596 2440/2971/6608 2441/2972/6609
s off
f 2441/2973/6610 2438/2967/6611 2430/2955/6612 2433/2974/6613
s 119
f 2422/2942/6614 2423/2941/6615 2435/2944/6575 2434/2943/6574
s off
f 2475/2975/6616 2474/2976/6617 2476/2977/6618 2477/2978/6619
s 117
f 2437/2938/6569 2436/2937/6568 2421/2940/6620 2420/2939/6621
s off
f 2479/2979/6622 2478/2980/6623 2480/2981/6624 2481/2982/6625
s 117
f 2418/2983/6626 2419/2984/6627 2439/2968/6603 2438/2967/6602
s off
f 2483/2985/6628 2482/2986/6629 2484/2987/6630 2485/2988/6631
s 119
f 2441/2972/6609 2440/2971/6608 2425/2948/6632 2424/2947/6633
s off
f 2486/2989/6634 2487/2990/6635 2488/2991/6636 2489/2992/6637
s 121
f 2431/2956/6638 2432/2970/6639 2443/2993/6640 2442/2994/6641
s 119
f 2432/2970/6596 2428/2951/6576 2444/2995/6642 2443/2993/6643
s 122
f 2428/2951/6644 2427/2936/6645 2445/2996/6646 2444/2995/6647
s 117
f 2427/2936/6567 2431/2956/6591 2442/2994/6648 2445/2996/6649
s 123
f 2433/2974/6650 2430/2955/6651 2447/2997/6652 2446/2998/6653
s 117
f 2430/2955/6590 2426/2935/6566 2448/2999/6654 2447/2997/6655
s 124
f 2426/2935/6656 2429/2953/6657 2449/3000/6658 2448/2999/6659
s 119
f 2429/2953/6577 2433/2974/6597 2446/2998/6660 2449/3000/6661
s 125
f 2436/2937/6662 2435/2952/6663 2450/3001/6664 2451/3002/6665
s 119
f 2435/2952/6575 2423/3003/6615 2452/3004/6666 2450/3001/6667
s 118
f 2423/3003/6572 2421/2940/6571 2453/3005/6668 2452/3004/6669
s 117
f 2421/2940/6620 2436/2937/6568 2451/3002/6670 2453/3005/6671
s 126
f 2434/2954/6672 2437/2938/6673 2454/3006/6674 2455/3007/6675
s 117
f 2437/2938/6569 2420/2939/6621 2456/3008/6676 2454/3006/6677
s 118
f 2420/2939/6570 2422/3009/6573 2457/3010/6678 2456/3008/6679
s 119
f 2422/3009/6614 2434/2954/6574 2455/3007/6680 2457/3010/6681
s 120
f 2419/2984/6580 2425/3011/6579 2458/3012/6682 2459/3013/6683
s 119
f 2425/3011/6632 2440/2969/6608 2460/3014/6684 2458/3012/6685
s 127
f 2440/2969/6686 2439/2968/6687 2461/3015/6688 2460/3014/6689
s 117
f 2439/2968/6603 2419/2984/6627 2459/3013/6690 2461/3015/6691
s 120
f 2424/3016/6578 2418/2983/6581 2463/3017/6692 2462/3018/6693
s 117
f 2418/2983/6626 2438/2967/6602 2464/3019/6694 2463/3017/6695
s 128
f 2438/2967/6696 2441/2973/6697 2465/3020/6698 2464/3019/6699
s 119
f 2441/2973/6609 2424/3016/6633 2462/3018/6700 2465/3020/6701
s 121
f 2442/2994/6641 2443/2993/6640 2467/2958/6702 2466/2957/6703
s 122
f 2444/2995/6647 2445/2996/6646 2469/2960/6704 2468/2959/6705
s 117
f 2445/2996/6649 2442/2994/6648 2466/2957/6706 2469/2960/6707
s 123
f 2446/2998/6653 2447/2997/6652 2471/2964/6708 2470/2963/6709
s 117
f 2447/2997/6655 2448/2999/6654 2472/2965/6710 2471/2964/6711
s 124
f 2448/2999/6659 2449/3000/6658 2473/2966/6712 2472/2965/6713
s 125
f 2451/3002/6665 2450/3001/6664 2474/2976/6714 2475/2975/6715
s 118
f 2452/3004/6669 2453/3005/6668 2477/2978/6716 2476/2977/6717
s 117
f 2453/3005/6671 2451/3002/6670 2475/2975/6718 2477/2978/6719
s 126
f 2455/3007/6675 2454/3006/6674 2478/2980/6720 2479/2979/6721
s 117
f 2454/3006/6677 2456/3008/6676 2480/2981/6722 2478/2980/6723
s 118
f 2456/3008/6679 2457/3010/6678 2481/2982/6724 2480/2981/6725
s 120
f 2459/3013/6683 2458/3012/6682 2482/2986/6726 2483/2985/6727
s 127
f 2460/3014/6689 2461/3015/6688 2485/2988/6728 2484/2987/6729
s 117
f 2461/3015/6691 2459/3013/6690 2483/2985/6730 2485/2988/6731
s 120
f 2462/3018/6693 2463/3017/6692 2487/2990/6732 2486/2989/6733
s 117
f 2463/3017/6695 2464/3019/6694 2488/2991/6734 2487/2990/6735
s 128
f 2464/3019/6699 2465/3020/6698 2489/2992/6736 2488/2991/6737
s 129
f 2443/2993/6738 2444/2995/6739 2490/3021/6740 2491/3022/6741
s 130
f 2444/2995/6742 2468/2959/6743 2492/3023/6744 2490/3021/6745
s 131
f 2468/2959/6746 2467/2958/6747 2493/3024/6748 2492/3023/6749
s 132
f 2467/2958/6750 2443/2993/6751 2491/3022/6752 2493/3024/6753
s 133
f 2449/3000/6754 2446/2998/6755 2495/3025/6756 2494/3026/6757
s 134
f 2446/2998/6758 2470/2963/6759 2496/3027/6760 2495/3025/6761
s 135
f 2470/2963/6762 2473/2966/6763 2497/3028/6764 2496/3027/6765
s 136
f 2473/2966/6766 2449/3000/6767 2494/3026/6768 2497/3028/6769
s off
f 2450/3001/6770 2452/3004/6771 2498/3029/6772 2499/3030/6773
f 2452/3004/6774 2476/2977/6775 2500/3031/6776 2498/3029/6777
f 2476/2977/6778 2474/2976/6779 2501/3032/6780 2500/3031/6781
f 2474/2976/6782 2450/3001/6783 2499/3030/6784 2501/3032/6785
f 2457/3010/6786 2455/3007/6787 2503/3033/6788 2502/3034/6789
f 2455/3007/6790 2479/2979/6791 2504/3035/6792 2503/3033/6793
f 2479/2979/6794 2481/2982/6795 2505/3036/6796 2504/3035/6797
f 2481/2982/6798 2457/3010/6799 2502/3034/6800 2505/3036/6801
s 137
f 2458/3012/6802 2460/3014/6803 2506/3037/6804 2507/3038/6805
s 138
f 2460/3014/6806 2484/2987/6807 2508/3039/6808 2506/3037/6809
s 139
f 2484/2987/6810 2482/2986/6811 2509/3040/6812 2508/3039/6813
s 140
f 2482/2986/6814 2458/3012/6815 2507/3038/6816 2509/3040/6817
s 141
f 2465/3020/6818 2462/3018/6819 2511/3041/6820 2510/3042/6821
s 142
f 2462/3018/6822 2486/2989/6823 2512/3043/6824 2511/3041/6825
s 143
f 2486/2989/6826 2489/2992/6827 2513/3044/6828 2512/3043/6829
s 144
f 2489/2992/6830 2465/3020/6831 2510/3042/6832 2513/3044/6833
s off
f 2499/3030/6834 2498/3029/6835 2514/3045/6836 2515/3046/6837
f 2498/3029/6838 2500/3031/6839 2516/3047/6840 2514/3045/6841
f 2500/3031/6842 2501/3032/6843 2517/3048/6844 2516/3047/6845
f 2501/3032/6846 2499/3030/6847 2515/3046/6848 2517/3048/6849
f 2502/3034/6850 2503/3033/6851 2519/3049/6852 2518/3050/6853
f 2503/3033/6854 2504/3035/6855 2520/3051/6856 2519/3049/6857
f 2504/3035/6858 2505/3036/6859 2521/3052/6860 2520/3051/6861
f 2505/3036/6862 2502/3034/6863 2518/3050/6864 2521/3052/6865
f 2515/3046/6866 2514/3045/6867 2522/3053/6868 2523/3054/6869
f 2514/3045/6870 2516/3047/6871 2524/3055/6872 2522/3053/6873
f 2516/3047/6874 2517/3048/6875 2525/3056/6876 2524/3055/6877
f 2517/3048/6878 2515/3046/6879 2523/3054/6880 2525/3056/6881
f 2518/3050/6882 2519/3049/6883 2527/3057/6884 2526/3058/6885
f 2519/3049/6886 2520/3051/6887 2528/3059/6888 2527/3057/6889
f 2520/3051/6890 2521/3052/6891 2529/3060/6892 2528/3059/6893
f 2521/3052/6894 2518/3050/6895 2526/3058/6896 2529/3060/6897
f 2523/3054/6898 2522/3053/6899 2530/3061/6900 2531/3062/6901
f 2522/3053/6902 2524/3055/6903 2532/3063/6904 2530/3061/6905
f 2524/3055/6906 2525/3056/6907 2533/3064/6908 2532/3063/6909
f 2525/3056/6910 2523/3054/6911 2531/3062/6912 2533/3064/6913
f 2526/3058/6914 2527/3057/6915 2535/3065/6916 2534/3066/6917
f 2527/3057/6918 2528/3059/6919 2536/3067/6920 2535/3065/6921
f 2528/3059/6922 2529/3060/6923 2537/3068/6924 2536/3067/6925
f 2529/3060/6926 2526/3058/6927 2534/3066/6928 2537/3068/6929
f 2531/3062/6930 2530/3061/6931 2534/3066/6932 2535/3065/6933
f 2530/3061/6934 2532/3063/6935 2537/3068/6936 2534/3066/6937
f 2532/3063/6938 2533/3064/6939 2536/3067/6940 2537/3068/6941
f 2533/3064/6942 2531/3062/6943 2535/3065/6944 2536/3067/6945
s 129
f 2491/3022/6741 2490/3021/6740 2538/3069/6946 2539/3070/6947
s 130
f 2490/3021/6745 2492/3023/6744 2540/3071/6948 2538/3069/6949
s 131
f 2492/3023/6749 2493/3024/6748 2541/3072/6950 2540/3071/6951
s 132
f 2493/3024/6753 2491/3022/6752 2539/3070/6952 2541/3072/6953
s 133
f 2494/3026/6757 2495/3025/6756 2543/3073/6954 2542/3074/6955
s 134
f 2495/3025/6761 2496/3027/6760 2544/3075/6956 2543/3073/6957
s 135
f 2496/3027/6765 2497/3028/6764 2545/3076/6958 2544/3075/6959
s 136
f 2497/3028/6769 2494/3026/6768 2542/3074/6960 2545/3076/6961
s 137
f 2507/3038/6805 2506/3037/6804 2546/3077/6962 2547/3078/6963
s 138
f 2506/3037/6809 2508/3039/6808 2548/3079/6964 2546/3077/6965
s 139
f 2508/3039/6813 2509/3040/6812 2549/3080/6966 2548/3079/6967
s 140
f 2509/3040/6817 2507/3038/6816 2547/3078/6968 2549/3080/6969
s 141
f 2510/3042/6821 2511/3041/6820 2551/3081/6970 2550/3082/6971
s 142
f 2511/3041/6825 2512/3043/6824 2552/3083/6972 2551/3081/6973
s 143
f 2512/3043/6829 2513/3044/6828 2553/3084/6974 2552/3083/6975
s 144
f 2513/3044/6833 2510/3042/6832 2550/3082/6976 2553/3084/6977
s off
f 2539/3070/6978 2538/3069/6979 2554/3085/6980 2555/3086/6981
f 2538/3069/6982 2540/3071/6983 2556/3087/6984 2554/3085/6985
f 2540/3071/6986 2541/3072/6987 2557/3088/6988 2556/3087/6989
f 2541/3072/6990 2539/3070/6991 2555/3086/6992 2557/3088/6993
f 2542/3074/6994 2543/3073/6995 2559/3089/6996 2558/3090/6997
f 2543/3073/6998 2544/3075/6999 2560/3091/7000 2559/3089/7001
f 2544/3075/7002 2545/3076/7003 2561/3092/7004 2560/3091/7005
f 2545/3076/7006 2542/3074/7007 2558/3090/7008 2561/3092/7009
f 2555/3086/7010 2554/3085/7011 2558/3090/7012 2559/3089/7013
f 2554/3085/7014 2556/3087/7015 2561/3092/7016 2558/3090/7017
f 2556/3087/7018 2557/3088/7019 2560/3091/7020 2561/3092/7021
f 2557/3088/7022 2555/3086/7023 2559/3089/7024 2560/3091/7025
f 2547/3078/7026 2546/3077/7027 2562/3093/7028 2563/3094/7029
f 2546/3077/7030 2548/3079/7031 2564/3095/7032 2562/3093/7033
f 2548/3079/7034 2549/3080/7035 2565/3096/7036 2564/3095/7037
f 2549/3080/7038 2547/3078/7039 2563/3094/7040 2565/3096/7041
f 2550/3082/7042 2551/3081/7043 2567/3097/7044 2566/3098/7045
f 2551/3081/7046 2552/3083/7047 2568/3099/7048 2567/3097/7049
f 2552/3083/7050 2553/3084/7051 2569/3100/7052 2568/3099/7053
f 2553/3084/7054 2550/3082/7055 2566/3098/7056 2569/3100/7057
f 2563/3094/7058 2562/3093/7059 2566/3098/7060 2567/3097/7061
f 2562/3093/7062 2564/3095/7063 2569/3100/7064 2566/3098/7065
f 2564/3095/7066 2565/3096/7067 2568/3099/7068 2569/3100/7069
f 2565/3096/7070 2563/3094/7071 2567/3097/7072 2568/3099/7073
f 2570/3101/7074 2571/3102/7075 2573/3103/7076 2572/3104/7077
f 2572/3104/7078 2573/3103/7079 2575/3105/7080 2574/3106/7081
f 2574/3106/7082 2575/3105/7083 2577/3107/7084 2576/3108/7085
f 2576/3108/7086 2577/3107/7087 2571/3109/7088 2570/3110/7089
f 2571/3102/7090 2577/3111/7091 2575/3112/7092 2573/3103/7093
f 2576/3113/7094 2570/3101/7095 2572/3104/7096 2574/3114/7097
f 2578/3115/7098 2579/3116/7099 2581/3117/7100 2580/3118/7101
f 2580/3118/7102 2581/3117/7103 2583/3119/7104 2582/3120/7105
f 2582/3120/7106 2583/3119/7107 2585/3121/7108 2584/3122/7109
f 2584/3122/7110 2585/3121/7111 2579/3123/7112 2578/3124/7113
f 2579/3116/7114 2585/3125/7115 2583/3126/7116 2581/3117/7117
f 2584/3127/7118 2578/3115/7119 2580/3118/7120 2582/3128/7121
f 2616/3129/7122 2617/3130/7123 2618/3131/7124 2619/3132/7125
f 2587/3133/7126 2588/3134/7127 2602/3135/7128 2601/3136/7129
f 2620/3137/7130 2621/3138/7131 2622/3139/7132 2623/3140/7133
f 2589/3141/7134 2590/3142/7135 2604/3143/7136 2603/3144/7137
f 2624/3145/7138 2625/3146/7139 2626/3147/7140 2627/3148/7141
f 2591/3149/7142 2592/3150/7143 2606/3151/7144 2605/3152/7145
f 2628/3153/7146 2629/3154/7147 2630/3155/7148 2631/3156/7149
f 2593/3157/7150 2594/3158/7151 2608/3159/7152 2607/3160/7153
f 2632/3161/7154 2633/3162/7155 2634/3163/7156 2635/3164/7157
f 2595/3165/7158 2596/3166/7159 2610/3167/7160 2609/3168/7161
f 2636/3169/7162 2637/3170/7163 2638/3171/7164 2639/3172/7165
f 2597/3173/7166 2598/3174/7167 2612/3175/7168 2611/3176/7169
f 2640/3177/7170 2641/3178/7171 2642/3179/7172 2643/3180/7173
f 2599/3181/7174 2586/3182/7175 2600/3183/7176 2613/3184/7177
s 145
f 2587/3185/7178 2586/3186/7179 2614/3187/7180
f 2588/3188/7181 2587/3185/7178 2614/3187/7180
f 2589/3189/7182 2588/3188/7181 2614/3187/7180
f 2590/3190/7183 2589/3189/7182 2614/3187/7180
f 2591/3191/7184 2590/3190/7183 2614/3187/7180
f 2592/3192/7185 2591/3191/7184 2614/3187/7180
f 2593/3193/7186 2592/3192/7185 2614/3187/7180
f 2594/3194/7187 2593/3193/7186 2614/3187/7180
f 2595/3195/7188 2594/3194/7187 2614/3187/7180
f 2596/3196/7189 2595/3195/7188 2614/3187/7180
f 2597/3197/7190 2596/3196/7189 2614/3187/7180
f 2598/3198/7191 2597/3197/7190 2614/3187/7180
f 2599/3199/7192 2598/3198/7191 2614/3187/7180
f 2586/3186/7179 2599/3199/7192 2614/3187/7180
s 146
f 2600/3200/7193 2601/3201/7194 2615/3202/7195
f 2601/3201/7194 2602/3203/7196 2615/3202/7195
f 2602/3203/7196 2603/3204/7197 2615/3202/7195
f 2603/3204/7197 2604/3205/7198 2615/3202/7195
f 2604/3205/7198 2605/3206/7199 2615/3202/7195
f 2605/3206/7199 2606/3207/7200 2615/3202/7195
f 2606/3207/7200 2607/3208/7201 2615/3202/7195
f 2607/3208/7201 2608/3209/7202 2615/3202/7195
f 2608/3209/7202 2609/3210/7203 2615/3202/7195
f 2609/3210/7203 2610/3211/7204 2615/3202/7195
f 2610/3211/7204 2611/3212/7205 2615/3202/7195
f 2611/3212/7205 2612/3213/7206 2615/3202/7195
f 2612/3213/7206 2613/3214/7207 2615/3202/7195
f 2613/3214/7207 2600/3200/7193 2615/3202/7195
s 145
f 2586/3215/7179 2587/3133/7178 2617/3130/7208 2616/3129/7209
s off
f 2587/3133/7210 2601/3136/7211 2618/3131/7212 2617/3130/7213
s 146
f 2601/3136/7194 2600/3216/7193 2619/3132/7214 2618/3131/7215
s off
f 2600/3216/7216 2586/3215/7217 2616/3129/7218 2619/3132/7219
s 145
f 2588/3134/7181 2589/3141/7182 2621/3138/7220 2620/3137/7221
s off
f 2589/3141/7222 2603/3144/7223 2622/3139/7224 2621/3138/7225
s 146
f 2603/3144/7197 2602/3135/7196 2623/3140/7226 2622/3139/7227
s off
f 2602/3135/7228 2588/3134/7229 2620/3137/7230 2623/3140/7231
s 145
f 2590/3142/7183 2591/3149/7184 2625/3146/7232 2624/3145/7233
s off
f 2591/3149/7234 2605/3152/7235 2626/3147/7236 2625/3146/7237
s 146
f 2605/3152/7199 2604/3143/7198 2627/3148/7238 2626/3147/7239
s off
f 2604/3143/7240 2590/3142/7241 2624/3145/7242 2627/3148/7243
s 145
f 2592/3150/7185 2593/3157/7186 2629/3154/7244 2628/3153/7245
s off
f 2593/3157/7246 2607/3160/7247 2630/3155/7248 2629/3154/7249
s 146
f 2607/3160/7201 2606/3151/7200 2631/3156/7250 2630/3155/7251
s off
f 2606/3151/7252 2592/3150/7253 2628/3153/7254 2631/3156/7255
s 145
f 2594/3158/7187 2595/3165/7188 2633/3162/7256 2632/3161/7257
s off
f 2595/3165/7258 2609/3168/7259 2634/3163/7260 2633/3162/7261
s 146
f 2609/3168/7203 2608/3159/7202 2635/3164/7262 2634/3163/7263
s off
f 2608/3159/7264 2594/3158/7265 2632/3161/7266 2635/3164/7267
s 145
f 2596/3166/7189 2597/3173/7190 2637/3170/7268 2636/3169/7269
s off
f 2597/3173/7270 2611/3176/7271 2638/3171/7272 2637/3170/7273
s 146
f 2611/3176/7205 2610/3167/7204 2639/3172/7274 2638/3171/7275
s off
f 2610/3167/7276 2596/3166/7277 2636/3169/7278 2639/3172/7279
s 145
f 2598/3174/7191 2599/3181/7192 2641/3178/7280 2640/3177/7281
s off
f 2599/3181/7282 2613/3184/7283 2642/3179/7284 2641/3178/7285
s 146
f 2613/3184/7207 2612/3175/7206 2643/3180/7286 2642/3179/7287
s off
f 2612/3175/7288 2598/3174/7289 2640/3177/7290 2643/3180/7291
f 2674/3217/7292 2675/3218/7293 2676/3219/7294 2677/3220/7295
f 2645/3221/7296 2646/3222/7297 2660/3223/7298 2659/3224/7299
f 2678/3225/7300 2679/3226/7301 2680/3227/7302 2681/3228/7303
f 2647/3229/7304 2648/3230/7305 2662/3231/7306 2661/3232/7307
f 2682/3233/7308 2683/3234/7309 2684/3235/7310 2685/3236/7311
f 2649/3237/7312 2650/3238/7313 2664/3239/7314 2663/3240/7315
f 2686/3241/7316 2687/3242/7317 2688/3243/7318 2689/3244/7319
f 2651/3245/7320 2652/3246/7321 2666/3247/7322 2665/3248/7323
f 2690/3249/7324 2691/3250/7325 2692/3251/7326 2693/3252/7327
f 2653/3253/7328 2654/3254/7329 2668/3255/7330 2667/3256/7331
f 2694/3257/7332 2695/3258/7333 2696/3259/7334 2697/3260/7335
f 2655/3261/7336 2656/3262/7337 2670/3263/7338 2669/3264/7339
f 2698/3265/7340 2699/3266/7341 2700/3267/7342 2701/3268/7343
f 2657/3269/7344 2644/3270/7345 2658/3271/7346 2671/3272/7347
s 147
f 2645/3273/7348 2644/3274/7349 2672/3275/7350
f 2646/3276/7351 2645/3273/7348 2672/3275/7350
f 2647/3277/7352 2646/3276/7351 2672/3275/7350
f 2648/3278/7353 2647/3277/7352 2672/3275/7350
f 2649/3279/7354 2648/3278/7353 2672/3275/7350
f 2650/3280/7355 2649/3279/7354 2672/3275/7350
f 2651/3281/7356 2650/3280/7355 2672/3275/7350
f 2652/3282/7357 2651/3281/7356 2672/3275/7350
f 2653/3283/7358 2652/3282/7357 2672/3275/7350
f 2654/3284/7359 2653/3283/7358 2672/3275/7350
f 2655/3285/7360 2654/3284/7359 2672/3275/7350
f 2656/3286/7361 2655/3285/7360 2672/3275/7350
f 2657/3287/7362 2656/3286/7361 2672/3275/7350
f 2644/3274/7349 2657/3287/7362 2672/3275/7350
s 148
f 2658/3288/7363 2659/3289/7364 2673/3290/7365
f 2659/3289/7364 2660/3291/7366 2673/3290/7365
f 2660/3291/7366 2661/3292/7367 2673/3290/7365
f 2661/3292/7367 2662/3293/7368 2673/3290/7365
f 2662/3293/7368 2663/3294/7369 2673/3290/7365
f 2663/3294/7369 2664/3295/7370 2673/3290/7365
f 2664/3295/7370 2665/3296/7371 2673/3290/7365
f 2665/3296/7371 2666/3297/7372 2673/3290/7365
f 2666/3297/7372 2667/3298/7373 2673/3290/7365
f 2667/3298/7373 2668/3299/7374 2673/3290/7365
f 2668/3299/7374 2669/3300/7375 2673/3290/7365
f 2669/3300/7375 2670/3301/7376 2673/3290/7365
f 2670/3301/7376 2671/3302/7377 2673/3290/7365
f 2671/3302/7377 2658/3288/7363 2673/3290/7365
s 147
f 2644/3303/7349 2645/3221/7348 2675/3218/7378 2674/3217/7379
s off
f 2645/3221/7380 2659/3224/7381 2676/3219/7382 2675/3218/7383
s 148
f 2659/3224/7364 2658/3304/7363 2677/3220/7384 2676/3219/7385
s off
f 2658/3304/7386 2644/3303/7387 2674/3217/7388 2677/3220/7389
s 147
f 2646/3222/7351 2647/3229/7352 2679/3226/7390 2678/3225/7391
s off
f 2647/3229/7392 2661/3232/7393 2680/3227/7394 2679/3226/7395
s 148
f 2661/3232/7367 2660/3223/7366 2681/3228/7396 2680/3227/7397
s off
f 2660/3223/7398 2646/3222/7399 2678/3225/7400 2681/3228/7401
s 147
f 2648/3230/7353 2649/3237/7354 2683/3234/7402 2682/3233/7403
s off
f 2649/3237/7404 2663/3240/7405 2684/3235/7406 2683/3234/7407
s 148
f 2663/3240/7369 2662/3231/7368 2685/3236/7408 2684/3235/7409
s off
f 2662/3231/7410 2648/3230/7411 2682/3233/7412 2685/3236/7413
s 147
f 2650/3238/7355 2651/3245/7356 2687/3242/7414 2686/3241/7415
s off
f 2651/3245/7416 2665/3248/7417 2688/3243/7418 2687/3242/7419
s 148
f 2665/3248/7371 2664/3239/7370 2689/3244/7420 2688/3243/7421
s off
f 2664/3239/7422 2650/3238/7423 2686/3241/7424 2689/3244/7425
s 147
f 2652/3246/7357 2653/3253/7358 2691/3250/7426 2690/3249/7427
s off
f 2653/3253/7428 2667/3256/7429 2692/3251/7430 2691/3250/7431
s 148
f 2667/3256/7373 2666/3247/7372 2693/3252/7432 2692/3251/7433
s off
f 2666/3247/7434 2652/3246/7435 2690/3249/7436 2693/3252/7437
s 147
f 2654/3254/7359 2655/3261/7360 2695/3258/7438 2694/3257/7439
s off
f 2655/3261/7440 2669/3264/7441 2696/3259/7442 2695/3258/7443
s 148
f 2669/3264/7375 2668/3255/7374 2697/3260/7444 2696/3259/7445
s off
f 2668/3255/7446 2654/3254/7447 2694/3257/7448 2697/3260/7449
s 147
f 2656/3262/7361 2657/3269/7362 2699/3266/7450 2698/3265/7451
s off
f 2657/3269/7452 2671/3272/7453 2700/3267/7454 2699/3266/7455
s 148
f 2671/3272/7377 2670/3263/7376 2701/3268/7456 2700/3267/7457
s off
f 2670/3263/7458 2656/3262/7459 2698/3265/7460 2701/3268/7461
s 149
f 2702/3305/7462 2703/3306/7463 2743/3307/7464 2742/3308/7465
f 2703/3306/7463 2704/3309/7466 2744/3310/7467 2743/3307/7464
f 2704/3309/7466 2705/3311/7468 2745/3312/7469 2744/3310/7467
f 2705/3311/7468 2706/3313/7470 2746/3314/7471 2745/3312/7469
f 2706/3313/7470 2707/3315/7472 2747/3316/7473 2746/3314/7471
f 2707/3315/7472 2708/3317/7474 2748/3318/7475 2747/3316/7473
f 2708/3317/7474 2709/3319/7476 2749/3320/7477 2748/3318/7475
f 2709/3319/7476 2710/3321/7478 2750/3322/7479 2749/3320/7477
f 2710/3321/7478 2711/3323/7480 2751/3324/7481 2750/3322/7479
f 2711/3323/7480 2712/3325/7482 2752/3326/7483 2751/3324/7481
f 2712/3325/7482 2713/3327/7484 2753/3328/7485 2752/3326/7483
f 2713/3327/7484 2714/3329/7486 2754/3330/7487 2753/3328/7485
f 2714/3329/7486 2715/3331/7488 2755/3332/7489 2754/3330/7487
f 2715/3331/7488 2716/3333/7490 2756/3334/7491 2755/3332/7489
f 2716/3333/7490 2717/3335/7492 2757/3336/7493 2756/3334/7491
f 2717/3335/7492 2718/3337/7494 2758/3338/7495 2757/3336/7493
f 2718/3337/7494 2719/3339/7496 2759/3340/7497 2758/3338/7495
f 2719/3339/7496 2720/3341/7498 2760/3342/7499 2759/3340/7497
f 2720/3341/7498 2721/3343/7500 2761/3344/7501 2760/3342/7499
f 2721/3343/7500 2722/3345/7502 2762/3346/7503 2761/3344/7501
f 2722/3345/7502 2723/3347/7504 2763/3348/7505 2762/3346/7503
f 2723/3347/7504 2724/3349/7506 2764/3350/7507 2763/3348/7505
f 2724/3349/7506 2725/3351/7508 2765/3352/7509 2764/3350/7507
f 2725/3351/7508 2726/3353/7510 2766/3354/7511 2765/3352/7509
f 2726/3353/7510 2727/3355/7512 2767/3356/7513 2766/3354/7511
f 2727/3355/7512 2728/3357/7514 2768/3358/7515 2767/3356/7513
f 2728/3357/7514 2729/3359/7516 2769/3360/7517 2768/3358/7515
f 2729/3359/7516 2730/3361/7518 2770/3362/7519 2769/3360/7517
f 2730/3361/7518 2731/3363/7520 2771/3364/7521 2770/3362/7519
f 2731/3363/7520 2732/3365/7522 2772/3366/7523 2771/3364/7521
f 2732/3365/7522 2733/3367/7524 2773/3368/7525 2772/3366/7523
f 2733/3367/7524 2734/3369/7526 2774/3370/7527 2773/3368/7525
f 2734/3369/7526 2735/3371/7528 2775/3372/7529 2774/3370/7527
f 2735/3371/7528 2736/3373/7530 2776/3374/7531 2775/3372/7529
f 2736/3373/7530 2737/3375/7532 2777/3376/7533 2776/3374/7531
f 2737/3375/7532 2738/3377/7534 2778/3378/7535 2777/3376/7533
f 2738/3377/7534 2739/3379/7536 2779/3380/7537 2778/3378/7535
f 2739/3379/7536 2740/3381/7538 2780/3382/7539 2779/3380/7537
f 2740/3381/7538 2741/3383/7540 2781/3384/7541 2780/3382/7539
f 2741/3383/7540 2702/3385/7462 2742/3386/7465 2781/3384/7541
s 150
f 2703/3387/7542 2702/3388/7543 2782/3389/7544
f 2704/3390/7545 2703/3387/7542 2782/3389/7544
f 2705/3391/7546 2704/3390/7545 2782/3389/7544
f 2706/3392/7547 2705/3391/7546 2782/3389/7544
f 2707/3393/7548 2706/3392/7547 2782/3389/7544
f 2708/3394/7549 2707/3393/7548 2782/3389/7544
f 2709/3395/7550 2708/3394/7549 2782/3389/7544
f 2710/3396/7551 2709/3395/7550 2782/3389/7544
f 2711/3397/7552 2710/3396/7551 2782/3389/7544
f 2712/3398/7553 2711/3397/7552 2782/3389/7544
f 2713/3399/7554 2712/3398/7553 2782/3389/7544
f 2714/3400/7555 2713/3399/7554 2782/3389/7544
f 2715/3401/7556 2714/3400/7555 2782/3389/7544
f 2716/3402/7557 2715/3401/7556 2782/3389/7544
f 2717/3403/7558 2716/3402/7557 2782/3389/7544
f 2718/3404/7559 2717/3403/7558 2782/3389/7544
f 2719/3405/7560 2718/3404/7559 2782/3389/7544
f 2720/3406/7561 2719/3405/7560 2782/3389/7544
f 2721/3407/7562 2720/3406/7561 2782/3389/7544
f 2722/3408/7563 2721/3407/7562 2782/3389/7544
f 2723/3409/7564 2722/3408/7563 2782/3389/7544
f 2724/3410/7565 2723/3409/7564 2782/3389/7544
f 2725/3411/7566 2724/3410/7565 2782/3389/7544
f 2726/3412/7567 2725/3411/7566 2782/3389/7544
f 2727/3413/7568 2726/3412/7567 2782/3389/7544
f 2728/3414/7569 2727/3413/7568 2782/3389/7544
f 2729/3415/7570 2728/3414/7569 2782/3389/7544
f 2730/3416/7571 2729/3415/7570 2782/3389/7544
f 2731/3417/7572 2730/3416/7571 2782/3389/7544
f 2732/3418/7573 2731/3417/7572 2782/3389/7544
f 2733/3419/7574 2732/3418/7573 2782/3389/7544
f 2734/3420/7575 2733/3419/7574 2782/3389/7544
f 2735/3421/7576 2734/3420/7575 2782/3389/7544
f 2736/3422/7577 2735/3421/7576 2782/3389/7544
f 2737/3423/7578 2736/3422/7577 2782/3389/7544
f 2738/3424/7579 2737/3423/7578 2782/3389/7544
f 2739/3425/7580 2738/3424/7579 2782/3389/7544
f 2740/3426/7581 2739/3425/7580 2782/3389/7544
f 2741/3427/7582 2740/3426/7581 2782/3389/7544
f 2702/3388/7543 2741/3427/7582 2782/3389/7544
s 151
f 2742/3428/7583 2743/3429/7584 2783/3430/7585
f 2743/3429/7584 2744/3431/7586 2783/3430/7585
f 2744/3431/7586 2745/3432/7587 2783/3430/7585
f 2745/3432/7587 2746/3433/7588 2783/3430/7585
f 2746/3433/7588 2747/3434/7589 2783/3430/7585
f 2747/3434/7589 2748/3435/7590 2783/3430/7585
f 2748/3435/7590 2749/3436/7591 2783/3430/7585
f 2749/3436/7591 2750/3437/7592 2783/3430/7585
f 2750/3437/7592 2751/3438/7593 2783/3430/7585
f 2751/3438/7593 2752/3439/7594 2783/3430/7585
f 2752/3439/7594 2753/3440/7595 2783/3430/7585
f 2753/3440/7595 2754/3441/7596 2783/3430/7585
f 2754/3441/7596 2755/3442/7597 2783/3430/7585
f 2755/3442/7597 2756/3443/7598 2783/3430/7585
f 2756/3443/7598 2757/3444/7599 2783/3430/7585
f 2757/3444/7599 2758/3445/7600 2783/3430/7585
f 2758/3445/7600 2759/3446/7601 2783/3430/7585
f 2759/3446/7601 2760/3447/7602 2783/3430/7585
f 2760/3447/7602 2761/3448/7603 2783/3430/7585
f 2761/3448/7603 2762/3449/7604 2783/3430/7585
f 2762/3449/7604 2763/3450/7605 2783/3430/7585
f 2763/3450/7605 2764/3451/7606 2783/3430/7585
f 2764/3451/7606 2765/3452/7607 2783/3430/7585
f 2765/3452/7607 2766/3453/7608 2783/3430/7585
f 2766/3453/7608 2767/3454/7609 2783/3430/7585
f 2767/3454/7609 2768/3455/7610 2783/3430/7585
f 2768/3455/7610 2769/3456/7611 2783/3430/7585
f 2769/3456/7611 2770/3457/7612 2783/3430/7585
f 2770/3457/7612 2771/3458/7613 2783/3430/7585
f 2771/3458/7613 2772/3459/7614 2783/3430/7585
f 2772/3459/7614 2773/3460/7615 2783/3430/7585
f 2773/3460/7615 2774/3461/7616 2783/3430/7585
f 2774/3461/7616 2775/3462/7617 2783/3430/7585
f 2775/3462/7617 2776/3463/7618 2783/3430/7585
f 2776/3463/7618 2777/3464/7619 2783/3430/7585
f 2777/3464/7619 2778/3465/7620 2783/3430/7585
f 2778/3465/7620 2779/3466/7621 2783/3430/7585
f 2779/3466/7621 2780/3467/7622 2783/3430/7585
f 2780/3467/7622 2781/3468/7623 2783/3430/7585
f 2781/3468/7623 2742/3428/7583 2783/3430/7585
s 152
f 2845/3469/7624 2846/3470/7625 2922/3471/7626 2923/3472/7627
s 153
f 2843/3473/7628 2844/3474/7629 2924/3475/7630 2925/3476/7631
s 154
f 2847/3477/7632 2840/3478/7633 2938/3479/7634 2921/3480/7635
s off
f 2786/3481/7636 2787/3482/7637 2790/3483/7638 2791/3484/7639 2797/3485/7640 2796/3486/7641 2793/3487/7642 2792/3488/7643
s 155
f 2840/3489/7644 2841/3490/7645 2937/3491/7646 2938/3492/7647
s 156
f 2842/3493/7648 2843/3494/7649 2925/3495/7650 2926/3496/7651
s off
f 2794/3497/7652 2795/3498/7653 2798/3499/7654 2799/3500/7655 2789/3501/7656 2788/3502/7657 2785/3503/7658 2784/3504/7659
s 157
f 2921/3480/7660 2922/3471/7661 2846/3470/7662 2847/3477/7663
s 158
f 2923/3472/7664 2924/3475/7665 2844/3474/7666 2845/3469/7667
s 154
f 2956/3505/7668 2939/3506/7669 2809/3507/7670 2810/3508/7671
s 157
f 2810/3508/7672 2811/3509/7673 2955/3510/7674 2956/3505/7675
s 152
f 2954/3511/7676 2955/3510/7677 2811/3509/7678 2812/3512/7679
s 158
f 2812/3512/7680 2813/3513/7681 2953/3514/7682 2954/3511/7683
s 153
f 2952/3515/7684 2953/3514/7685 2813/3513/7686 2814/3516/7687
s 156
f 2951/3517/7688 2952/3518/7689 2814/3519/7690 2815/3520/7691
s 155
f 2939/3521/7692 2940/3522/7693 2808/3523/7694 2809/3524/7695
f 2809/3524/7695 2808/3523/7694 2816/3525/7696 2817/3526/7697
s 154
f 2810/3508/7671 2809/3507/7670 2817/3527/7698 2818/3528/7699
s 157
f 2818/3528/7700 2819/3529/7701 2811/3509/7673 2810/3508/7672
s 152
f 2812/3512/7679 2811/3509/7678 2819/3529/7702 2820/3530/7703
s 158
f 2820/3530/7704 2821/3531/7705 2813/3513/7681 2812/3512/7680
s 153
f 2814/3516/7687 2813/3513/7686 2821/3531/7706 2822/3532/7707
s 156
f 2815/3520/7691 2814/3519/7690 2822/3533/7708 2823/3534/7709
s off
f 2823/3534/7710 2816/3525/7711 2808/3523/7712 2815/3520/7713
f 2865/3535/7714 2864/3536/7715 2866/3537/7716 2867/3538/7717
f 2868/3539/7718 2865/3540/7719 2867/3541/7720 2869/3542/7721
f 2869/3542/7722 2870/3543/7723 2871/3544/7724 2868/3539/7725
f 2872/3545/7726 2871/3544/7727 2870/3543/7728 2873/3546/7729
f 2873/3546/7730 2874/3547/7731 2875/3548/7732 2872/3545/7733
f 2876/3549/7734 2875/3548/7735 2874/3547/7736 2877/3550/7737
f 2878/3551/7738 2876/3552/7739 2877/3553/7740 2879/3554/7741
f 2866/3537/7742 2864/3536/7743 2878/3551/7744 2879/3554/7745
f 2849/3555/7746 2848/3556/7747 2850/3557/7748 2851/3558/7749
f 2852/3559/7750 2850/3557/7751 2848/3556/7752 2853/3560/7753
f 2853/3560/7754 2854/3561/7755 2855/3562/7756 2852/3559/7757
f 2856/3563/7758 2857/3564/7759 2855/3565/7760 2854/3566/7761
f 2858/3567/7762 2857/3564/7763 2856/3563/7764 2859/3568/7765
f 2860/3569/7766 2861/3570/7767 2858/3567/7768 2859/3568/7769
f 2862/3571/7770 2861/3570/7771 2860/3569/7772 2863/3572/7773
f 2849/3573/7774 2851/3574/7775 2862/3571/7776 2863/3572/7777
s 157
f 2801/3575/7778 2802/3576/7779 2833/3577/7780 2832/3578/7781
s 152
f 2834/3579/7782 2833/3577/7783 2802/3576/7784 2803/3580/7785
s 158
f 2803/3580/7786 2804/3581/7787 2835/3582/7788 2834/3579/7789
s 153
f 2836/3583/7790 2835/3582/7791 2804/3581/7792 2805/3584/7793
s 156
f 2837/3585/7794 2836/3586/7795 2805/3587/7796 2806/3588/7797
s 171
f 2998/3589/7798 2993/3590/7799 2999/3591/7800 3000/3592/7801
s 155
f 2839/3593/7802 2838/3594/7803 2807/3595/7804 2800/3596/7805
s 154
f 2832/3578/7806 2839/3597/7807 2800/3598/7808 2801/3575/7809
s 155
f 2824/3599/7810 2825/3600/7811 2841/3490/7645 2840/3489/7644
s off
f 2842/3493/7812 2841/3490/7813 2825/3600/7814 2826/3601/7815
s 156
f 2826/3601/7816 2827/3602/7817 2843/3494/7649 2842/3493/7648
s 153
f 2827/3603/7818 2828/3604/7819 2844/3474/7629 2843/3473/7628
s 158
f 2845/3469/7667 2844/3474/7666 2828/3604/7820 2829/3605/7821
s 152
f 2829/3605/7822 2830/3606/7823 2846/3470/7625 2845/3469/7624
s 157
f 2847/3477/7663 2846/3470/7662 2830/3606/7824 2831/3607/7825
s 154
f 2831/3607/7826 2824/3608/7827 2840/3478/7633 2847/3477/7632
s off
f 2784/3504/7828 2785/3503/7829 2848/3556/7830 2849/3555/7831
f 2825/3600/7832 2824/3599/7833 2851/3558/7834 2850/3557/7835
f 2826/3601/7836 2825/3600/7837 2850/3557/7838 2852/3559/7839
f 2785/3503/7840 2788/3502/7841 2853/3560/7842 2848/3556/7843
f 2788/3502/7844 2789/3501/7845 2854/3561/7846 2853/3560/7847
f 2827/3602/7848 2826/3601/7849 2852/3559/7850 2855/3562/7851
f 2828/3604/7852 2827/3603/7853 2855/3565/7854 2857/3564/7855
f 2789/3609/7856 2799/3610/7857 2856/3563/7858 2854/3566/7859
f 2829/3605/7860 2828/3604/7861 2857/3564/7862 2858/3567/7863
f 2799/3610/7864 2798/3499/7865 2859/3568/7866 2856/3563/7867
f 2830/3606/7868 2829/3605/7869 2858/3567/7870 2861/3570/7871
f 2798/3499/7872 2795/3498/7873 2860/3569/7874 2859/3568/7875
f 2831/3607/7876 2830/3606/7877 2861/3570/7878 2862/3571/7879
f 2795/3498/7880 2794/3611/7881 2863/3572/7882 2860/3569/7883
f 2824/3608/7884 2831/3607/7885 2862/3571/7886 2851/3574/7887
f 2794/3611/7888 2784/3612/7889 2849/3573/7890 2863/3572/7891
f 2817/3526/7892 2816/3525/7893 2864/3536/7894 2865/3535/7895
f 2787/3482/7896 2786/3481/7897 2867/3538/7898 2866/3537/7899
f 2818/3528/7900 2817/3527/7901 2865/3540/7902 2868/3539/7903
f 2786/3613/7904 2792/3614/7905 2869/3542/7906 2867/3541/7907
f 2792/3614/7908 2793/3615/7909 2870/3543/7910 2869/3542/7911
f 2819/3529/7912 2818/3528/7913 2868/3539/7914 2871/3544/7915
f 2820/3530/7916 2819/3529/7917 2871/3544/7918 2872/3545/7919
f 2793/3615/7920 2796/3616/7921 2873/3546/7922 2870/3543/7923
f 2796/3616/7924 2797/3617/7925 2874/3547/7926 2873/3546/7927
f 2821/3531/7928 2820/3530/7929 2872/3545/7930 2875/3548/7931
f 2822/3532/7932 2821/3531/7933 2875/3548/7934 2876/3549/7935
f 2797/3617/7936 2791/3618/7937 2877/3550/7938 2874/3547/7939
f 2823/3534/7940 2822/3533/7941 2876/3552/7942 2878/3551/7943
f 2791/3484/7944 2790/3483/7945 2879/3554/7946 2877/3553/7947
f 2816/3525/7948 2823/3534/7949 2878/3551/7950 2864/3536/7951
f 2790/3483/7952 2787/3482/7953 2866/3537/7954 2879/3554/7955
s 174
f 2997/3619/7956 2998/3589/7957 3000/3592/7958 3001/3620/7959
s 175
f 2936/3621/7960 2937/3491/7961 2841/3490/7962 2882/3622/7963
s off
f 2841/3490/7964 2842/3493/7965 2883/3623/7966 2882/3622/7967
s 176
f 2842/3493/7968 2926/3496/7969 2927/3624/7970 2883/3623/7971
s off
f 2815/3520/7972 2808/3523/7973 2885/3625/7974 2884/3626/7975
s 177
f 2808/3523/7976 2940/3522/7977 2941/3627/7978 2885/3625/7979
s 178
f 3004/3628/7980 2999/3591/7981 2993/3590/7982 2994/3629/7983
s 179
f 2950/3630/7984 2951/3517/7985 2815/3520/7986 2884/3626/7987
s 180
f 2996/3631/7988 3009/3632/7989 3010/3633/7990 3002/3634/7991
s 181
f 2935/3635/7992 3013/3636/7993 3014/3637/7994 2890/3638/7995
s 182
f 2882/3622/7996 2883/3623/7997 2896/3639/7998
s 183
f 3005/3640/7999 3006/3641/8000 2928/3642/8001 2891/3643/8002
s 184
f 2884/3626/8003 2885/3625/8004 2893/3644/8005 2892/3645/8006
s 185
f 2885/3625/8007 2941/3627/8008 2942/3646/8009 2893/3644/8010
s 186
f 3003/3647/8011 3004/3628/8012 2994/3629/8013 2995/3648/8014
s 187
f 2949/3649/8015 2950/3630/8016 2884/3626/8017 2892/3645/8018
s 188
f 2995/3648/8019 2996/3631/8020 3002/3634/8021 3003/3647/8022
s 182
f 2882/3622/7996 2896/3639/7998 2890/3638/8023 3014/3637/8024
f 2896/3639/7998 2883/3623/7997 3005/3640/8025 2891/3643/8026
s 189
f 2929/3650/8027 2930/3651/8028 2900/3652/8029 2902/3653/8030
s 190
f 2930/3651/8031 2931/3654/8032 2901/3655/8033 2900/3652/8034
s 189
f 2904/3656/8035 2903/3657/8036 2947/3658/8037 2948/3659/8038
s 190
f 2903/3657/8039 2905/3660/8040 2946/3661/8041 2947/3658/8042
s 189
f 2891/3643/8043 2928/3642/8044 2929/3650/8027 2902/3653/8030
f 2948/3659/8038 2949/3649/8045 2892/3645/8046 2904/3656/8035
f 2899/3662/8047 2888/3663/8048 2895/3664/8049 2906/3665/8050
s 190
f 2897/3666/8051 2898/3667/8052 2907/3668/8053 2908/3669/8054
s 189
f 2898/3667/8055 2899/3662/8047 2906/3665/8050 2907/3668/8056
s 190
f 2932/3670/8057 2933/3671/8058 2913/3672/8059 2912/3673/8060
s 196
f 2933/3671/8061 2934/3674/8062 2914/3675/8063 2913/3672/8064
f 2934/3674/8062 2935/3635/8065 2890/3638/8066 2914/3675/8063
f 2893/3644/8067 2942/3646/8068 2943/3676/8069 2916/3677/8070
f 2889/3678/8071 2909/3679/8072 2918/3680/8073 2894/3681/8074
s 190
f 2931/3654/8032 2932/3670/8057 2912/3673/8060 2901/3655/8033
f 2945/3682/8075 2946/3661/8041 2905/3660/8040 2915/3683/8076
f 2911/3684/8077 2897/3666/8051 2908/3669/8054 2920/3685/8078
s 182
f 2913/3672/8079 2896/3639/7998 2900/3652/8080
s 184
f 2915/3683/8081 2905/3660/8082 2903/3657/8083 2904/3656/8084 2892/3645/8006 2893/3644/8005 2916/3677/8085 2917/3686/8086
s 196
f 2909/3679/8072 2910/3687/8087 2919/3688/8088 2918/3680/8073
s 190
f 2910/3687/8089 2911/3684/8077 2920/3685/8078 2919/3688/8090
f 2915/3683/8076 2917/3686/8091 2944/3689/8092 2945/3682/8075
s 196
f 2917/3686/8093 2916/3677/8070 2943/3676/8069 2944/3689/8094
s 157
f 2957/3690/8095 2958/3691/8096 2922/3471/7661 2921/3480/7660
s 152
f 2923/3472/7627 2922/3471/7626 2958/3691/8097 2959/3692/8098
s 158
f 2959/3692/8099 2960/3693/8100 2924/3475/7665 2923/3472/7664
s 153
f 2925/3476/7631 2924/3475/7630 2960/3693/8101 2961/3694/8102
s 156
f 2926/3496/7651 2925/3495/7650 2961/3695/8103 2962/3696/8104
s 176
f 2927/3624/7970 2926/3496/7969 2962/3696/8105 2963/3697/8106
s 183
f 2928/3642/8001 3006/3641/8000 3007/3698/8107 2964/3699/8108
s 189
f 2929/3650/8027 2928/3642/8044 2964/3699/8109 2965/3700/8110
f 2965/3700/8110 2966/3701/8111 2930/3651/8028 2929/3650/8027
s 190
f 2966/3701/8112 2967/3702/8113 2931/3654/8032 2930/3651/8031
f 2968/3703/8114 2969/3704/8115 2933/3671/8058 2932/3670/8057
s 196
f 2969/3704/8116 2970/3705/8117 2934/3674/8062 2933/3671/8061
f 2970/3705/8117 2971/3706/8118 2935/3635/8065 2934/3674/8062
s 181
f 2971/3706/8119 3012/3707/8120 3013/3636/7993 2935/3635/7992
s 175
f 2972/3708/8121 2973/3709/8122 2937/3491/7961 2936/3621/7960
s 155
f 2938/3492/7647 2937/3491/7646 2973/3709/8123 2974/3710/8124
s 154
f 2921/3480/7635 2938/3479/7634 2974/3711/8125 2957/3690/8126
s 155
f 2975/3712/8127 2976/3713/8128 2940/3522/7693 2939/3521/7692
s 177
f 2941/3627/7978 2940/3522/7977 2976/3713/8129 2977/3714/8130
s 185
f 2942/3646/8009 2941/3627/8008 2977/3714/8131 2978/3715/8132
s 196
f 2943/3676/8069 2942/3646/8068 2978/3715/8133 2979/3716/8134
f 2944/3689/8094 2943/3676/8069 2979/3716/8134 2980/3717/8135
s 190
f 2945/3682/8075 2944/3689/8092 2980/3717/8136 2981/3718/8137
f 2947/3658/8042 2946/3661/8041 2982/3719/8138 2983/3720/8139
s 189
f 2948/3659/8038 2947/3658/8037 2983/3720/8140 2984/3721/8141
f 2984/3721/8141 2985/3722/8142 2949/3649/8045 2948/3659/8038
s 187
f 2985/3722/8143 2986/3723/8144 2950/3630/8016 2949/3649/8015
s 179
f 2986/3723/8145 2987/3724/8146 2951/3517/7985 2950/3630/7984
s 156
f 2987/3724/8147 2988/3725/8148 2952/3518/7689 2951/3517/7688
s 153
f 2988/3726/8149 2989/3727/8150 2953/3514/7685 2952/3515/7684
s 158
f 2954/3511/7683 2953/3514/7682 2989/3727/8151 2990/3728/8152
s 152
f 2990/3728/8153 2991/3729/8154 2955/3510/7677 2954/3511/7676
s 157
f 2956/3505/7675 2955/3510/7674 2991/3729/8155 2992/3730/8156
s 154
f 2992/3730/8157 2975/3731/8158 2939/3506/7669 2956/3505/7668
s 157
f 2832/3578/7781 2833/3577/7780 2958/3691/8096 2957/3690/8095
s 152
f 2959/3692/8098 2958/3691/8097 2833/3577/7783 2834/3579/7782
s 158
f 2834/3579/7789 2835/3582/7788 2960/3693/8100 2959/3692/8099
s 153
f 2961/3694/8102 2960/3693/8101 2835/3582/7791 2836/3583/7790
s 156
f 2962/3696/8104 2961/3695/8103 2836/3586/7795 2837/3585/7794
s 176
f 2963/3697/8106 2962/3696/8105 2837/3585/8159 2880/3732/8160
s 183
f 2964/3699/8108 3007/3698/8107 3008/3733/8161 2888/3663/8162
s 189
f 2965/3700/8110 2964/3699/8109 2888/3663/8048 2899/3662/8047
f 2899/3662/8047 2898/3667/8055 2966/3701/8111 2965/3700/8110
s 190
f 2898/3667/8052 2897/3666/8051 2967/3702/8113 2966/3701/8112
f 2897/3666/8051 2911/3684/8077 2968/3703/8114 2967/3702/8113
f 2911/3684/8077 2910/3687/8089 2969/3704/8115 2968/3703/8114
s 196
f 2910/3687/8087 2909/3679/8072 2970/3705/8117 2969/3704/8116
f 2889/3678/8071 2971/3706/8118 2970/3705/8117 2909/3679/8072
s 181
f 3011/3734/8163 3012/3707/8120 2971/3706/8119 2889/3678/8164
s 175
f 2838/3594/8165 2973/3709/8122 2972/3708/8121 2881/3735/8166
s 155
f 2974/3710/8124 2973/3709/8123 2838/3594/7803 2839/3593/7802
s 154
f 2957/3690/8126 2974/3711/8125 2839/3597/7807 2832/3578/7806
s 155
f 2800/3596/7805 2807/3595/7804 2976/3713/8128 2975/3712/8127
s 177
f 2977/3714/8130 2976/3713/8129 2807/3595/8167 2886/3736/8168
s 185
f 2978/3715/8132 2977/3714/8131 2886/3736/8169 2894/3681/8170
s 196
f 2979/3716/8134 2978/3715/8133 2894/3681/8074 2918/3680/8073
f 2980/3717/8135 2979/3716/8134 2918/3680/8073 2919/3688/8088
s 190
f 2981/3718/8137 2980/3717/8136 2919/3688/8090 2920/3685/8078
f 2908/3669/8054 2982/3719/8138 2981/3718/8137 2920/3685/8078
f 2983/3720/8139 2982/3719/8138 2908/3669/8054 2907/3668/8053
s 189
f 2984/3721/8141 2983/3720/8140 2907/3668/8056 2906/3665/8050
f 2895/3664/8049 2985/3722/8142 2984/3721/8141 2906/3665/8050
s 187
f 2887/3737/8171 2986/3723/8144 2985/3722/8143 2895/3664/8172
s 179
f 2806/3588/8173 2987/3724/8146 2986/3723/8145 2887/3737/8174
s 156
f 2806/3588/7797 2805/3587/7796 2988/3725/8148 2987/3724/8147
s 153
f 2805/3584/7793 2804/3581/7792 2989/3727/8150 2988/3726/8149
s 158
f 2990/3728/8152 2989/3727/8151 2804/3581/7787 2803/3580/7786
s 152
f 2803/3580/7785 2802/3576/7784 2991/3729/8154 2990/3728/8153
s 157
f 2992/3730/8156 2991/3729/8155 2802/3576/7779 2801/3575/7778
s 154
f 2801/3575/7809 2800/3598/7808 2975/3731/8158 2992/3730/8157
s 178
f 2994/3629/7983 2993/3590/7982 2806/3588/8175 2887/3737/8176
s 186
f 2995/3648/8014 2994/3629/8013 2887/3737/8177 2895/3664/8178
s 188
f 2888/3663/8179 2996/3631/8020 2995/3648/8019 2895/3664/8180
s 180
f 3008/3733/8181 3009/3632/7989 2996/3631/7988 2888/3663/8182
s 174
f 2837/3585/8183 2998/3589/7957 2997/3619/7956 2880/3732/8184
s 171
f 2806/3588/8185 2993/3590/7799 2998/3589/7798 2837/3585/8186
f 3000/3592/7801 2999/3591/7800 2807/3595/8187 2838/3594/8188
s 174
f 3001/3620/7959 3000/3592/7958 2838/3594/8189 2881/3735/8190
s 180
f 3002/3634/7991 3010/3633/7990 3011/3734/8191 2889/3678/8192
s 188
f 3003/3647/8022 3002/3634/8021 2889/3678/8193 2894/3681/8194
s 186
f 2886/3736/8195 3004/3628/8012 3003/3647/8011 2894/3681/8196
s 178
f 2807/3595/8197 2999/3591/7981 3004/3628/7980 2886/3736/8198
s 183
f 2883/3623/8199 2927/3624/8200 3006/3641/8000 3005/3640/7999
f 3007/3698/8107 3006/3641/8000 2927/3624/8200 2963/3697/8201
f 3008/3733/8161 3007/3698/8107 2963/3697/8201 2880/3732/8202
s 180
f 2880/3732/8203 2997/3619/8204 3009/3632/7989 3008/3733/8181
f 3010/3633/7990 3009/3632/7989 2997/3619/8204 3001/3620/8205
f 3011/3734/8191 3010/3633/7990 3001/3620/8205 2881/3735/8206
s 181
f 2881/3735/8207 2972/3708/8208 3012/3707/8120 3011/3734/8163
f 3013/3636/7993 3012/3707/8120 2972/3708/8208 2936/3621/8209
f 3014/3637/7994 3013/3636/7993 2936/3621/8209 2882/3622/8210
s 182
f 2913/3672/8079 2900/3652/8080 2901/3655/8211 2912/3673/8212
f 2900/3652/8080 2896/3639/7998 2891/3643/8026 2902/3653/8213
f 2890/3638/8023 2896/3639/7998 2913/3672/8079 2914/3675/8214
s off
f 2967/3702/8215 2968/3703/8216 3016/3738/8217 3015/3739/8218
f 2968/3703/8219 2932/3670/8220 3017/3740/8221 3016/3738/8222
f 2932/3670/8223 2931/3654/8224 3018/3741/8225 3017/3740/8226
f 2931/3654/8227 2967/3702/8228 3015/3739/8229 3018/3741/8230
f 2981/3718/8231 2982/3719/8232 3020/3742/8233 3019/3743/8234
f 2982/3719/8235 2946/3661/8236 3021/3744/8237 3020/3742/8238
f 2946/3661/8239 2945/3682/8240 3022/3745/8241 3021/3744/8242
f 2945/3682/8243 2981/3718/8244 3019/3743/8245 3022/3745/8246
f 3015/3739/8247 3016/3738/8248 3024/3746/8249 3023/3747/8250
f 3016/3738/8251 3017/3740/8252 3025/3748/8253 3024/3746/8254
f 3017/3740/8255 3018/3741/8256 3026/3749/8257 3025/3748/8258
f 3018/3741/8259 3015/3739/8260 3023/3747/8261 3026/3749/8262
f 3019/3743/8263 3020/3742/8264 3028/3750/8265 3027/3751/8266
f 3020/3742/8267 3021/3744/8268 3029/3752/8269 3028/3750/8270
f 3021/3744/8271 3022/3745/8272 3030/3753/8273 3029/3752/8274
f 3022/3745/8275 3019/3743/8276 3027/3751/8277 3030/3753/8278
f 3023/3747/8279 3024/3746/8280 3032/3754/8281 3031/3755/8282
f 3024/3746/8283 3025/3748/8284 3033/3756/8285 3032/3754/8286
f 3025/3748/8287 3026/3749/8288 3034/3757/8289 3033/3756/8290
f 3026/3749/8291 3023/3747/8292 3031/3755/8293 3034/3757/8294
f 3027/3751/8295 3028/3750/8296 3036/3758/8297 3035/3759/8298
f 3028/3750/8299 3029/3752/8300 3037/3760/8301 3036/3758/8302
f 3029/3752/8303 3030/3753/8304 3038/3761/8305 3037/3760/8306
f 3030/3753/8307 3027/3751/8308 3035/3759/8309 3038/3761/8310
f 3039/3762/8311 3040/3763/8312 3048/3764/8313 3047/3765/8314
f 3040/3763/8315 3041/3766/8316 3049/3767/8317 3048/3764/8318
f 3041/3766/8319 3042/3768/8320 3050/3769/8321 3049/3767/8322
f 3042/3768/8323 3043/3770/8324 3051/3771/8325 3050/3769/8326
f 3044/3772/8327 3045/3773/8328 3053/3774/8329 3052/3775/8330
f 3046/3776/8331 3039/3777/8332 3047/3778/8333 3054/3779/8334
s 199
f 3056/3780/8335 3055/3781/8336 3057/3782/8337
f 3058/3783/8338 3056/3780/8335 3057/3782/8337
f 3059/3784/8339 3058/3783/8338 3057/3782/8337
f 3060/3785/8340 3059/3784/8339 3057/3782/8337
f 3061/3786/8341 3060/3785/8340 3057/3782/8337
f 3062/3787/8342 3061/3786/8341 3057/3782/8337
f 3063/3788/8343 3062/3787/8342 3057/3782/8337
f 3055/3781/8336 3063/3788/8343 3057/3782/8337
s 200
f 3064/3789/8344 3065/3790/8345 3066/3791/8346
f 3065/3790/8345 3067/3792/8347 3066/3791/8346
f 3067/3792/8347 3068/3793/8348 3066/3791/8346
f 3068/3793/8348 3069/3794/8349 3066/3791/8346
f 3069/3794/8349 3070/3795/8350 3066/3791/8346
f 3070/3795/8350 3071/3796/8351 3066/3791/8346
f 3071/3796/8351 3072/3797/8352 3066/3791/8346
f 3072/3797/8352 3064/3789/8344 3066/3791/8346
s off
f 3032/3754/8353 3033/3756/8354 3054/3798/8355 3053/3799/8356
f 3033/3756/8357 3034/3757/8358 3046/3776/8359 3054/3779/8360
f 3034/3757/8361 3031/3755/8362 3045/3800/8363 3046/3801/8364
f 3031/3755/8365 3032/3754/8366 3053/3774/8367 3045/3773/8368
f 3036/3758/8369 3037/3760/8370 3043/3802/8371 3044/3803/8372
f 3037/3760/8373 3038/3761/8374 3051/3771/8375 3043/3770/8376
f 3038/3761/8377 3035/3759/8378 3052/3804/8379 3051/3805/8380
f 3035/3759/8381 3036/3758/8382 3044/3772/8383 3052/3775/8384
f 3040/3806/8385 3039/3807/8386 3055/3781/8387 3056/3780/8388
f 3041/3808/8389 3040/3806/8390 3056/3780/8391 3058/3783/8392
f 3042/3809/8393 3041/3808/8394 3058/3783/8395 3059/3784/8396
f 3043/3802/8397 3042/3809/8398 3059/3784/8399 3060/3785/8400
f 3044/3803/8401 3043/3802/8402 3060/3785/8403 3061/3786/8404
f 3045/3800/8405 3044/3803/8406 3061/3786/8407 3062/3787/8408
f 3046/3801/8409 3045/3800/8410 3062/3787/8411 3063/3788/8412
f 3039/3807/8413 3046/3801/8414 3063/3788/8415 3055/3781/8416
f 3047/3810/8417 3048/3811/8418 3065/3790/8419 3064/3789/8420
f 3048/3811/8421 3049/3812/8422 3067/3792/8423 3065/3790/8424
f 3049/3812/8425 3050/3813/8426 3068/3793/8427 3067/3792/8428
f 3050/3813/8429 3051/3805/8430 3069/3794/8431 3068/3793/8432
f 3051/3805/8433 3052/3804/8434 3070/3795/8435 3069/3794/8436
f 3052/3804/8437 3053/3799/8438 3071/3796/8439 3070/3795/8440
f 3053/3799/8441 3054/3798/8442 3072/3797/8443 3071/3796/8444
f 3054/3798/8445 3047/3810/8446 3064/3789/8447 3072/3797/8448
s 201
f 3110/3814/8449 3111/3815/8450 3112/3816/8451
f 3113/3817/8452 3114/3818/8453 3115/3819/8454
f 3116/3820/8455 3117/3821/8456 3118/3822/8457
f 3115/3819/8454 3119/3823/8458 3120/3824/8459
f 3121/3825/8460 3111/3815/8450 3110/3814/8449
f 3120/3824/8459 3119/3823/8458 3117/3821/8456
f 3112/3816/8451 3114/3818/8453 3113/3817/8452
f 3116/3820/8455 3118/3822/8457 3121/3825/8460
f 3112/3816/8451 3122/3826/8461 3114/3818/8453
f 3115/3819/8454 3114/3818/8453 3122/3826/8461
f 3115/3819/8454 3122/3826/8461 3119/3823/8458
f 3117/3821/8456 3119/3823/8458 3122/3826/8461
f 3118/3822/8457 3117/3821/8456 3122/3826/8461
f 3121/3825/8460 3118/3822/8457 3122/3826/8461
f 3121/3825/8460 3122/3826/8461 3111/3815/8450
f 3112/3816/8451 3111/3815/8450 3122/3826/8461
s 205
f 3075/3827/8462 3078/3828/8463 3085/3829/8464
f 3076/3830/8465 3081/3831/8466 3082/3832/8467
f 3073/3833/8468 3084/3834/8469 3077/3835/8470
f 3081/3831/8466 3074/3836/8471 3083/3837/8472
f 3079/3838/8473 3075/3827/8462 3085/3829/8464
f 3074/3836/8471 3077/3835/8470 3083/3837/8472
f 3078/3828/8463 3076/3830/8465 3082/3832/8467
f 3073/3833/8468 3079/3838/8473 3084/3834/8469
f 3078/3828/8463 3082/3832/8467 3080/3839/8474
f 3081/3831/8466 3080/3839/8474 3082/3832/8467
f 3081/3831/8466 3083/3837/8472 3080/3839/8474
f 3077/3835/8470 3080/3839/8474 3083/3837/8472
f 3084/3834/8469 3080/3839/8474 3077/3835/8470
f 3079/3838/8473 3080/3839/8474 3084/3834/8469
f 3079/3838/8473 3085/3829/8464 3080/3839/8474
f 3078/3828/8463 3080/3839/8474 3085/3829/8464
s 209
f 3078/3840/8475 3075/3841/8476 3086/3842/8477 3087/3843/8478
s 210
f 3081/3844/8479 3076/3845/8480 3088/3846/8481 3089/3847/8482
f 3073/3848/8483 3077/3849/8484 3091/3850/8485 3090/3851/8486
f 3074/3852/8487 3081/3844/8479 3089/3847/8482 3092/3853/8488
s 209
f 3075/3841/8476 3079/3854/8489 3093/3855/8490 3086/3842/8477
s 210
f 3077/3849/8484 3074/3852/8487 3092/3853/8488 3091/3850/8485
s 209
f 3076/3845/8491 3078/3840/8475 3087/3843/8478 3088/3846/8492
f 3079/3854/8489 3073/3848/8493 3090/3851/8494 3093/3855/8490
s off
f 3087/3843/8495 3086/3842/8496 3094/3856/8497 3095/3857/8498
f 3089/3847/8499 3088/3846/8500 3096/3858/8501 3097/3859/8502
f 3090/3851/8503 3091/3850/8504 3099/3860/8505 3098/3861/8506
f 3092/3853/8507 3089/3847/8508 3097/3859/8509 3100/3862/8510
f 3086/3842/8511 3093/3855/8512 3101/3863/8513 3094/3856/8514
f 3091/3850/8515 3092/3853/8516 3100/3862/8517 3099/3860/8518
f 3088/3846/8519 3087/3843/8520 3095/3857/8521 3096/3858/8522
f 3093/3855/8523 3090/3851/8524 3098/3861/8525 3101/3863/8526
f 3095/3857/8527 3094/3856/8528 3102/3864/8529 3103/3865/8530
f 3097/3859/8531 3096/3858/8532 3104/3866/8533 3105/3867/8534
f 3098/3861/8535 3099/3860/8536 3107/3868/8537 3106/3869/8538
f 3100/3862/8539 3097/3859/8540 3105/3867/8541 3108/3870/8542
f 3094/3856/8543 3101/3863/8544 3109/3871/8545 3102/3864/8546
f 3099/3860/8547 3100/3862/8548 3108/3870/8549 3107/3868/8550
f 3096/3858/8551 3095/3857/8552 3103/3865/8553 3104/3866/8554
f 3101/3863/8555 3098/3861/8556 3106/3869/8557 3109/3871/8558
f 3103/3865/8559 3102/3864/8560 3110/3814/8561 3112/3816/8562
f 3105/3867/8563 3104/3866/8564 3113/3817/8565 3115/3819/8566
f 3106/3869/8567 3107/3868/8568 3117/3821/8569 3116/3820/8570
f 3108/3870/8571 3105/3867/8572 3115/3819/8573 3120/3824/8574
f 3102/3864/8575 3109/3871/8576 3121/3825/8577 3110/3814/8578
f 3107/3868/8579 3108/3870/8580 3120/3824/8581 3117/3821/8582
f 3104/3866/8583 3103/3865/8584 3112/3816/8585 3113/3817/8586
f 3109/3871/8587 3106/3869/8588 3116/3820/8589 3121/3825/8590
f 3123/3872/8591 3124/3873/8592 3126/3874/8593 3125/3875/8594
f 3125/3875/8595 3126/3874/8596 3128/3876/8597 3127/3877/8598
f 3127/3877/8599 3128/3876/8600 3130/3878/8601 3129/3879/8602
f 3129/3879/8603 3130/3878/8604 3124/3880/8605 3123/3881/8606
f 3124/3873/8607 3130/3882/8608 3128/3883/8609 3126/3874/8610
f 3129/3884/8611 3123/3872/8612 3125/3875/8613 3127/3885/8614
s 212
f 3139/3886/8615 3140/3887/8616 3149/3888/8617 3150/3889/8618
s 213
f 3133/3890/8619 3134/3891/8620 3136/3892/8621 3135/3893/8622
s 214
f 3147/3894/8623 3148/3895/8624 3141/3896/8625 3142/3897/8626
s 215
f 3137/3898/8627 3138/3899/8628 3132/3900/8629 3131/3901/8630
s off
f 3140/3887/8631 3141/3902/8632 3148/3903/8633 3149/3888/8634
f 3142/3904/8635 3139/3886/8636 3150/3889/8637 3147/3905/8638
s 212
f 3143/3906/8639 3144/3907/8640 3140/3887/8616 3139/3886/8615
s off
f 3179/3908/8641 3180/3909/8642 3181/3910/8643 3182/3911/8644
s 214
f 3142/3897/8626 3141/3896/8625 3145/3912/8645 3146/3913/8646
s off
f 3183/3914/8647 3184/3915/8648 3185/3916/8649 3186/3917/8650
s 212
f 3151/3918/8651 3152/3919/8652 3144/3907/8640 3143/3906/8639
s off
f 3152/3919/8653 3153/3920/8654 3145/3921/8655 3144/3907/8656
s 214
f 3146/3913/8646 3145/3912/8645 3153/3922/8657 3154/3923/8658
s off
f 3154/3924/8659 3151/3918/8660 3143/3906/8661 3146/3925/8662
s 214
f 3135/3893/8663 3136/3892/8664 3148/3895/8624 3147/3894/8623
s off
f 3188/3926/8665 3187/3927/8666 3189/3928/8667 3190/3929/8668
s 212
f 3150/3889/8618 3149/3888/8617 3134/3891/8669 3133/3890/8670
s off
f 3192/3930/8671 3191/3931/8672 3193/3932/8673 3194/3933/8674
s 212
f 3131/3934/8675 3132/3935/8676 3152/3919/8652 3151/3918/8651
s off
f 3196/3936/8677 3195/3937/8678 3197/3938/8679 3198/3939/8680
s 214
f 3154/3923/8658 3153/3922/8657 3138/3899/8681 3137/3898/8682
s off
f 3199/3940/8683 3200/3941/8684 3201/3942/8685 3202/3943/8686
s 216
f 3144/3907/8687 3145/3921/8688 3156/3944/8689 3155/3945/8690
s 214
f 3145/3921/8645 3141/3902/8625 3157/3946/8691 3156/3944/8692
s 217
f 3141/3902/8693 3140/3887/8694 3158/3947/8695 3157/3946/8696
s 212
f 3140/3887/8616 3144/3907/8640 3155/3945/8697 3158/3947/8698
s 218
f 3146/3925/8699 3143/3906/8700 3160/3948/8701 3159/3949/8702
s 212
f 3143/3906/8639 3139/3886/8615 3161/3950/8703 3160/3948/8704
s 219
f 3139/3886/8705 3142/3904/8706 3162/3951/8707 3161/3950/8708
s 214
f 3142/3904/8626 3146/3925/8646 3159/3949/8709 3162/3951/8710
s 220
f 3149/3888/8711 3148/3903/8712 3163/3952/8713 3164/3953/8714
s 214
f 3148/3903/8624 3136/3954/8664 3165/3955/8715 3163/3952/8716
s 213
f 3136/3954/8621 3134/3891/8620 3166/3956/8717 3165/3955/8718
s 212
f 3134/3891/8669 3149/3888/8617 3164/3953/8719 3166/3956/8720
s 221
f 3147/3905/8721 3150/3889/8722 3167/3957/8723 3168/3958/8724
s 212
f 3150/3889/8618 3133/3890/8670 3169/3959/8725 3167/3957/8726
s 213
f 3133/3890/8619 3135/3960/8622 3170/3961/8727 3169/3959/8728
s 214
f 3135/3960/8663 3147/3905/8623 3168/3958/8729 3170/3961/8730
s 215
f 3132/3935/8629 3138/3962/8628 3171/3963/8731 3172/3964/8732
s 214
f 3138/3962/8681 3153/3920/8657 3173/3965/8733 3171/3963/8734
s 222
f 3153/3920/8735 3152/3919/8736 3174/3966/8737 3173/3965/8738
s 212
f 3152/3919/8652 3132/3935/8676 3172/3964/8739 3174/3966/8740
s 215
f 3137/3967/8627 3131/3934/8630 3176/3968/8741 3175/3969/8742
s 212
f 3131/3934/8675 3151/3918/8651 3177/3970/8743 3176/3968/8744
s 223
f 3151/3918/8745 3154/3924/8746 3178/3971/8747 3177/3970/8748
s 214
f 3154/3924/8658 3137/3967/8682 3175/3969/8749 3178/3971/8750
s 216
f 3155/3945/8690 3156/3944/8689 3180/3909/8751 3179/3908/8752
s 217
f 3157/3946/8696 3158/3947/8695 3182/3911/8753 3181/3910/8754
s 212
f 3158/3947/8698 3155/3945/8697 3179/3908/8755 3182/3911/8756
s 218
f 3159/3949/8702 3160/3948/8701 3184/3915/8757 3183/3914/8758
s 212
f 3160/3948/8704 3161/3950/8703 3185/3916/8759 3184/3915/8760
s 219
f 3161/3950/8708 3162/3951/8707 3186/3917/8761 3185/3916/8762
s 220
f 3164/3953/8714 3163/3952/8713 3187/3927/8763 3188/3926/8764
s 213
f 3165/3955/8718 3166/3956/8717 3190/3929/8765 3189/3928/8766
s 212
f 3166/3956/8720 3164/3953/8719 3188/3926/8767 3190/3929/8768
s 221
f 3168/3958/8724 3167/3957/8723 3191/3931/8769 3192/3930/8770
s 212
f 3167/3957/8726 3169/3959/8725 3193/3932/8771 3191/3931/8772
s 213
f 3169/3959/8728 3170/3961/8727 3194/3933/8773 3193/3932/8774
s 215
f 3172/3964/8732 3171/3963/8731 3195/3937/8775 3196/3936/8776
s 222
f 3173/3965/8738 3174/3966/8737 3198/3939/8777 3197/3938/8778
s 212
f 3174/3966/8740 3172/3964/8739 3196/3936/8779 3198/3939/8780
s 215
f 3175/3969/8742 3176/3968/8741 3200/3941/8781 3199/3940/8782
s 212
f 3176/3968/8744 3177/3970/8743 3201/3942/8783 3200/3941/8784
s 223
f 3177/3970/8748 3178/3971/8747 3202/3943/8785 3201/3942/8786
s 224
f 3156/3944/8787 3157/3946/8788 3203/3972/8789 3204/3973/8790
s 225
f 3157/3946/8791 3181/3910/8792 3205/3974/8793 3203/3972/8794
s 226
f 3181/3910/8795 3180/3909/8796 3206/3975/8797 3205/3974/8798
s 227
f 3180/3909/8799 3156/3944/8800 3204/3973/8801 3206/3975/8802
s 228
f 3162/3951/8803 3159/3949/8804 3208/3976/8805 3207/3977/8806
s 229
f 3159/3949/8807 3183/3914/8808 3209/3978/8809 3208/3976/8810
s 230
f 3183/3914/8811 3186/3917/8812 3210/3979/8813 3209/3978/8814
s 231
f 3186/3917/8815 3162/3951/8816 3207/3977/8817 3210/3979/8818
s off
f 3163/3952/8819 3165/3955/8820 3211/3980/8821 3212/3981/8822
f 3165/3955/8823 3189/3928/8824 3213/3982/8825 3211/3980/8826
f 3189/3928/8827 3187/3927/8828 3214/3983/8829 3213/3982/8830
f 3187/3927/8831 3163/3952/8832 3212/3981/8833 3214/3983/8834
f 3170/3961/8835 3168/3958/8836 3216/3984/8837 3215/3985/8838
f 3168/3958/8839 3192/3930/8840 3217/3986/8841 3216/3984/8842
f 3192/3930/8843 3194/3933/8844 3218/3987/8845 3217/3986/8846
f 3194/3933/8847 3170/3961/8848 3215/3985/8849 3218/3987/8850
s 232
f 3171/3963/8851 3173/3965/8852 3219/3988/8853 3220/3989/8854
s 233
f 3173/3965/8855 3197/3938/8856 3221/3990/8857 3219/3988/8858
s 234
f 3197/3938/8859 3195/3937/8860 3222/3991/8861 3221/3990/8862
s 235
f 3195/3937/8863 3171/3963/8864 3220/3989/8865 3222/3991/8866
s 236
f 3178/3971/8867 3175/3969/8868 3224/3992/8869 3223/3993/8870
s 237
f 3175/3969/8871 3199/3940/8872 3225/3994/8873 3224/3992/8874
s 238
f 3199/3940/8875 3202/3943/8876 3226/3995/8877 3225/3994/8878
s 239
f 3202/3943/8879 3178/3971/8880 3223/3993/8881 3226/3995/8882
s off
f 3212/3981/8883 3211/3980/8884 3227/3996/8885 3228/3997/8886
f 3211/3980/8887 3213/3982/8888 3229/3998/8889 3227/3996/8890
f 3213/3982/8891 3214/3983/8892 3230/3999/8893 3229/3998/8894
f 3214/3983/8895 3212/3981/8896 3228/3997/8897 3230/3999/8898
f 3215/3985/8899 3216/3984/8900 3232/4000/8901 3231/4001/8902
f 3216/3984/8903 3217/3986/8904 3233/4002/8905 3232/4000/8906
f 3217/3986/8907 3218/3987/8908 3234/4003/8909 3233/4002/8910
f 3218/3987/8911 3215/3985/8912 3231/4001/8913 3234/4003/8914
f 3228/3997/8915 3227/3996/8916 3235/4004/8917 3236/4005/8918
f 3227/3996/8919 3229/3998/8920 3237/4006/8921 3235/4004/8922
f 3229/3998/8923 3230/3999/8924 3238/4007/8925 3237/4006/8926
f 3230/3999/8927 3228/3997/8928 3236/4005/8929 3238/4007/8930
f 3231/4001/8931 3232/4000/8932 3240/4008/8933 3239/4009/8934
f 3232/4000/8935 3233/4002/8936 3241/4010/8937 3240/4008/8938
f 3233/4002/8939 3234/4003/8940 3242/4011/8941 3241/4010/8942
f 3234/4003/8943 3231/4001/8944 3239/4009/8945 3242/4011/8946
f 3236/4005/8947 3235/4004/8948 3243/4012/8949 3244/4013/8950
f 3235/4004/8951 3237/4006/8952 3245/4014/8953 3243/4012/8954
f 3237/4006/8955 3238/4007/8956 3246/4015/8957 3245/4014/8958
f 3238/4007/8959 3236/4005/8960 3244/4013/8961 3246/4015/8962
f 3239/4009/8963 3240/4008/8964 3248/4016/8965 3247/4017/8966
f 3240/4008/8967 3241/4010/8968 3249/4018/8969 3248/4016/8970
f 3241/4010/8971 3242/4011/8972 3250/4019/8973 3249/4018/8974
f 3242/4011/8975 3239/4009/8976 3247/4017/8977 3250/4019/8978
f 3244/4013/8979 3243/4012/8980 3247/4017/8981 3248/4016/8982
f 3243/4012/8983 3245/4014/8984 3250/4019/8985 3247/4017/8986
f 3245/4014/8987 3246/4015/8988 3249/4018/8989 3250/4019/8990
f 3246/4015/8991 3244/4013/8992 3248/4016/8993 3249/4018/8994
s 224
f 3204/3973/8790 3203/3972/8789 3251/4020/8995 3252/4021/8996
s 225
f 3203/3972/8794 3205/3974/8793 3253/4022/8997 3251/4020/8998
s 226
f 3205/3974/8798 3206/3975/8797 3254/4023/8999 3253/4022/9000
s 227
f 3206/3975/8802 3204/3973/8801 3252/4021/9001 3254/4023/9002
s 228
f 3207/3977/8806 3208/3976/8805 3256/4024/9003 3255/4025/9004
s 229
f 3208/3976/8810 3209/3978/8809 3257/4026/9005 3256/4024/9006
s 230
f 3209/3978/8814 3210/3979/8813 3258/4027/9007 3257/4026/9008
s 231
f 3210/3979/8818 3207/3977/8817 3255/4025/9009 3258/4027/9010
s 232
f 3220/3989/8854 3219/3988/8853 3259/4028/9011 3260/4029/9012
s 233
f 3219/3988/8858 3221/3990/8857 3261/4030/9013 3259/4028/9014
s 234
f 3221/3990/8862 3222/3991/8861 3262/4031/9015 3261/4030/9016
s 235
f 3222/3991/8866 3220/3989/8865 3260/4029/9017 3262/4031/9018
s 236
f 3223/3993/8870 3224/3992/8869 3264/4032/9019 3263/4033/9020
s 237
f 3224/3992/8874 3225/3994/8873 3265/4034/9021 3264/4032/9022
s 238
f 3225/3994/8878 3226/3995/8877 3266/4035/9023 3265/4034/9024
s 239
f 3226/3995/8882 3223/3993/8881 3263/4033/9025 3266/4035/9026
s off
f 3252/4021/9027 3251/4020/9028 3267/4036/9029 3268/4037/9030
f 3251/4020/9031 3253/4022/9032 3269/4038/9033 3267/4036/9034
f 3253/4022/9035 3254/4023/9036 3270/4039/9037 3269/4038/9038
f 3254/4023/9039 3252/4021/9040 3268/4037/9041 3270/4039/9042
f 3255/4025/9043 3256/4024/9044 3272/4040/9045 3271/4041/9046
f 3256/4024/9047 3257/4026/9048 3273/4042/9049 3272/4040/9050
f 3257/4026/9051 3258/4027/9052 3274/4043/9053 3273/4042/9054
f 3258/4027/9055 3255/4025/9056 3271/4041/9057 3274/4043/9058
f 3268/4037/9059 3267/4036/9060 3271/4041/9061 3272/4040/9062
f 3267/4036/9063 3269/4038/9064 3274/4043/9065 3271/4041/9066
f 3269/4038/9067 3270/4039/9068 3273/4042/9069 3274/4043/9070
f 3270/4039/9071 3268/4037/9072 3272/4040/9073 3273/4042/9074
f 3260/4029/9075 3259/4028/9076 3275/4044/9077 3276/4045/9078
f 3259/4028/9079 3261/4030/9080 3277/4046/9081 3275/4044/9082
f 3261/4030/9083 3262/4031/9084 3278/4047/9085 3277/4046/9086
f 3262/4031/9087 3260/4029/9088 3276/4045/9089 3278/4047/9090
f 3263/4033/9091 3264/4032/9092 3280/4048/9093 3279/4049/9094
f 3264/4032/9095 3265/4034/9096 3281/4050/9097 3280/4048/9098
f 3265/4034/9099 3266/4035/9100 3282/4051/9101 3281/4050/9102
f 3266/4035/9103 3263/4033/9104 3279/4049/9105 3282/4051/9106
f 3276/4045/9107 3275/4044/9108 3279/4049/9109 3280/4048/9110
f 3275/4044/9111 3277/4046/9112 3282/4051/9113 3279/4049/9114
f 3277/4046/9115 3278/4047/9116 3281/4050/9117 3282/4051/9118
f 3278/4047/9119 3276/4045/9120 3280/4048/9121 3281/4050/9122
f 3283/4052/9123 3284/4053/9124 3286/4054/9125 3285/4055/9126
f 3285/4055/9127 3286/4054/9128 3288/4056/9129 3287/4057/9130
f 3287/4057/9131 3288/4056/9132 3290/4058/9133 3289/4059/9134
f 3289/4059/9135 3290/4058/9136 3284/4060/9137 3283/4061/9138
f 3284/4053/9139 3290/4062/9140 3288/4063/9141 3286/4054/9142
f 3289/4064/9143 3283/4052/9144 3285/4055/9145 3287/4065/9146
f 3291/4066/9147 3292/4067/9148 3294/4068/9149 3293/4069/9150
f 3293/4069/9151 3294/4068/9152 3296/4070/9153 3295/4071/9154
f 3295/4071/9155 3296/4070/9156 3298/4072/9157 3297/4073/9158
f 3297/4073/9159 3298/4072/9160 3292/4074/9161 3291/4075/9162
f 3292/4067/9163 3298/4076/9164 3296/4077/9165 3294/4068/9166
f 3297/4078/9167 3291/4066/9168 3293/4069/9169 3295/4079/9170
f 3329/4080/9171 3330/4081/9172 3331/4082/9173 3332/4083/9174
f 3300/4084/9175 3301/4085/9176 3315/4086/9177 3314/4087/9178
f 3333/4088/9179 3334/4089/9180 3335/4090/9181 3336/4091/9182
f 3302/4092/9183 3303/4093/9184 3317/4094/9185 3316/4095/9186
f 3337/4096/9187 3338/4097/9188 3339/4098/9189 3340/4099/9190
f 3304/4100/9191 3305/4101/9192 3319/4102/9193 3318/4103/9194
f 3341/4104/9195 3342/4105/9196 3343/4106/9197 3344/4107/9198
f 3306/4108/9199 3307/4109/9200 3321/4110/9201 3320/4111/9202
f 3345/4112/9203 3346/4113/9204 3347/4114/9205 3348/4115/9206
f 3308/4116/9207 3309/4117/9208 3323/4118/9209 3322/4119/9210
f 3349/4120/9211 3350/4121/9212 3351/4122/9213 3352/4123/9214
f 3310/4124/9215 3311/4125/9216 3325/4126/9217 3324/4127/9218
f 3353/4128/9219 3354/4129/9220 3355/4130/9221 3356/4131/9222
f 3312/4132/9223 3299/4133/9224 3313/4134/9225 3326/4135/9226
s 240
f 3300/4136/9227 3299/4137/9228 3327/4138/9229
f 3301/4139/9230 3300/4136/9227 3327/4138/9229
f 3302/4140/9231 3301/4139/9230 3327/4138/9229
f 3303/4141/9232 3302/4140/9231 3327/4138/9229
f 3304/4142/9233 3303/4141/9232 3327/4138/9229
f 3305/4143/9234 3304/4142/9233 3327/4138/9229
f 3306/4144/9235 3305/4143/9234 3327/4138/9229
f 3307/4145/9236 3306/4144/9235 3327/4138/9229
f 3308/4146/9237 3307/4145/9236 3327/4138/9229
f 3309/4147/9238 3308/4146/9237 3327/4138/9229
f 3310/4148/9239 3309/4147/9238 3327/4138/9229
f 3311/4149/9240 3310/4148/9239 3327/4138/9229
f 3312/4150/9241 3311/4149/9240 3327/4138/9229
f 3299/4137/9228 3312/4150/9241 3327/4138/9229
s 241
f 3313/4151/9242 3314/4152/9243 3328/4153/9244
f 3314/4152/9243 3315/4154/9245 3328/4153/9244
f 3315/4154/9245 3316/4155/9246 3328/4153/9244
f 3316/4155/9246 3317/4156/9247 3328/4153/9244
f 3317/4156/9247 3318/4157/9248 3328/4153/9244
f 3318/4157/9248 3319/4158/9249 3328/4153/9244
f 3319/4158/9249 3320/4159/9250 3328/4153/9244
f 3320/4159/9250 3321/4160/9251 3328/4153/9244
f 3321/4160/9251 3322/4161/9252 3328/4153/9244
f 3322/4161/9252 3323/4162/9253 3328/4153/9244
f 3323/4162/9253 3324/4163/9254 3328/4153/9244
f 3324/4163/9254 3325/4164/9255 3328/4153/9244
f 3325/4164/9255 3326/4165/9256 3328/4153/9244
f 3326/4165/9256 3313/4151/9242 3328/4153/9244
s 240
f 3299/4166/9228 3300/4084/9227 3330/4081/9257 3329/4080/9258
s off
f 3300/4084/9259 3314/4087/9260 3331/4082/9261 3330/4081/9262
s 241
f 3314/4087/9243 3313/4167/9242 3332/4083/9263 3331/4082/9264
s off
f 3313/4167/9265 3299/4166/9266 3329/4080/9267 3332/4083/9268
s 240
f 3301/4085/9230 3302/4092/9231 3334/4089/9269 3333/4088/9270
s off
f 3302/4092/9271 3316/4095/9272 3335/4090/9273 3334/4089/9274
s 241
f 3316/4095/9246 3315/4086/9245 3336/4091/9275 3335/4090/9276
s off
f 3315/4086/9277 3301/4085/9278 3333/4088/9279 3336/4091/9280
s 240
f 3303/4093/9232 3304/4100/9233 3338/4097/9281 3337/4096/9282
s off
f 3304/4100/9283 3318/4103/9284 3339/4098/9285 3338/4097/9286
s 241
f 3318/4103/9248 3317/4094/9247 3340/4099/9287 3339/4098/9288
s off
f 3317/4094/9289 3303/4093/9290 3337/4096/9291 3340/4099/9292
s 240
f 3305/4101/9234 3306/4108/9235 3342/4105/9293 3341/4104/9294
s off
f 3306/4108/9295 3320/4111/9296 3343/4106/9297 3342/4105/9298
s 241
f 3320/4111/9250 3319/4102/9249 3344/4107/9299 3343/4106/9300
s off
f 3319/4102/9301 3305/4101/9302 3341/4104/9303 3344/4107/9304
s 240
f 3307/4109/9236 3308/4116/9237 3346/4113/9305 3345/4112/9306
s off
f 3308/4116/9307 3322/4119/9308 3347/4114/9309 3346/4113/9310
s 241
f 3322/4119/9252 3321/4110/9251 3348/4115/9311 3347/4114/9312
s off
f 3321/4110/9313 3307/4109/9314 3345/4112/9315 3348/4115/9316
s 240
f 3309/4117/9238 3310/4124/9239 3350/4121/9317 3349/4120/9318
s off
f 3310/4124/9319 3324/4127/9320 3351/4122/9321 3350/4121/9322
s 241
f 3324/4127/9254 3323/4118/9253 3352/4123/9323 3351/4122/9324
s off
f 3323/4118/9325 3309/4117/9326 3349/4120/9327 3352/4123/9328
s 240
f 3311/4125/9240 3312/4132/9241 3354/4129/9329 3353/4128/9330
s off
f 3312/4132/9331 3326/4135/9332 3355/4130/9333 3354/4129/9334
s 241
f 3326/4135/9256 3325/4126/9255 3356/4131/9335 3355/4130/9336
s off
f 3325/4126/9337 3311/4125/9338 3353/4128/9339 3356/4131/9340
f 3387/4168/9341 3388/4169/9342 3389/4170/9343 3390/4171/9344
f 3358/4172/9345 3359/4173/9346 3373/4174/9347 3372/4175/9348
f 3391/4176/9349 3392/4177/9350 3393/4178/9351 3394/4179/9352
f 3360/4180/9353 3361/4181/9354 3375/4182/9355 3374/4183/9356
f 3395/4184/9357 3396/4185/9358 3397/4186/9359 3398/4187/9360
f 3362/4188/9361 3363/4189/9362 3377/4190/9363 3376/4191/9364
f 3399/4192/9365 3400/4193/9366 3401/4194/9367 3402/4195/9368
f 3364/4196/9369 3365/4197/9370 3379/4198/9371 3378/4199/9372
f 3403/4200/9373 3404/4201/9374 3405/4202/9375 3406/4203/9376
f 3366/4204/9377 3367/4205/9378 3381/4206/9379 3380/4207/9380
f 3407/4208/9381 3408/4209/9382 3409/4210/9383 3410/4211/9384
f 3368/4212/9385 3369/4213/9386 3383/4214/9387 3382/4215/9388
f 3411/4216/9389 3412/4217/9390 3413/4218/9391 3414/4219/9392
f 3370/4220/9393 3357/4221/9394 3371/4222/9395 3384/4223/9396
s 242
f 3358/4224/9397 3357/4225/9398 3385/4226/9399
f 3359/4227/9400 3358/4224/9397 3385/4226/9399
f 3360/4228/9401 3359/4227/9400 3385/4226/9399
f 3361/4229/9402 3360/4228/9401 3385/4226/9399
f 3362/4230/9403 3361/4229/9402 3385/4226/9399
f 3363/4231/9404 3362/4230/9403 3385/4226/9399
f 3364/4232/9405 3363/4231/9404 3385/4226/9399
f 3365/4233/9406 3364/4232/9405 3385/4226/9399
f 3366/4234/9407 3365/4233/9406 3385/4226/9399
f 3367/4235/9408 3366/4234/9407 3385/4226/9399
f 3368/4236/9409 3367/4235/9408 3385/4226/9399
f 3369/4237/9410 3368/4236/9409 3385/4226/9399
f 3370/4238/9411 3369/4237/9410 3385/4226/9399
f 3357/4225/9398 3370/4238/9411 3385/4226/9399
s 243
f 3371/4239/9412 3372/4240/9413 3386/4241/9414
f 3372/4240/9413 3373/4242/9415 3386/4241/9414
f 3373/4242/9415 3374/4243/9416 3386/4241/9414
f 3374/4243/9416 3375/4244/9417 3386/4241/9414
f 3375/4244/9417 3376/4245/9418 3386/4241/9414
f 3376/4245/9418 3377/4246/9419 3386/4241/9414
f 3377/4246/9419 3378/4247/9420 3386/4241/9414
f 3378/4247/9420 3379/4248/9421 3386/4241/9414
f 3379/4248/9421 3380/4249/9422 3386/4241/9414
f 3380/4249/9422 3381/4250/9423 3386/4241/9414
f 3381/4250/9423 3382/4251/9424 3386/4241/9414
f 3382/4251/9424 3383/4252/9425 3386/4241/9414
f 3383/4252/9425 3384/4253/9426 3386/4241/9414
f 3384/4253/9426 3371/4239/9412 3386/4241/9414
s 242
f 3357/4254/9398 3358/4172/9397 3388/4169/9427 3387/4168/9428
s off
f 3358/4172/9429 3372/4175/9430 3389/4170/9431 3388/4169/9432
s 243
f 3372/4175/9413 3371/4255/9412 3390/4171/9433 3389/4170/9434
s off
f 3371/4255/9435 3357/4254/9436 3387/4168/9437 3390/4171/9438
s 242
f 3359/4173/9400 3360/4180/9401 3392/4177/9439 3391/4176/9440
s off
f 3360/4180/9441 3374/4183/9442 3393/4178/9443 3392/4177/9444
s 243
f 3374/4183/9416 3373/4174/9415 3394/4179/9445 3393/4178/9446
s off
f 3373/4174/9447 3359/4173/9448 3391/4176/9449 3394/4179/9450
s 242
f 3361/4181/9402 3362/4188/9403 3396/4185/9451 3395/4184/9452
s off
f 3362/4188/9453 3376/4191/9454 3397/4186/9455 3396/4185/9456
s 243
f 3376/4191/9418 3375/4182/9417 3398/4187/9457 3397/4186/9458
s off
f 3375/4182/9459 3361/4181/9460 3395/4184/9461 3398/4187/9462
s 242
f 3363/4189/9404 3364/4196/9405 3400/4193/9463 3399/4192/9464
s off
f 3364/4196/9465 3378/4199/9466 3401/4194/9467 3400/4193/9468
s 243
f 3378/4199/9420 3377/4190/9419 3402/4195/9469 3401/4194/9470
s off
f 3377/4190/9471 3363/4189/9472 3399/4192/9473 3402/4195/9474
s 242
f 3365/4197/9406 3366/4204/9407 3404/4201/9475 3403/4200/9476
s off
f 3366/4204/9477 3380/4207/9478 3405/4202/9479 3404/4201/9480
s 243
f 3380/4207/9422 3379/4198/9421 3406/4203/9481 3405/4202/9482
s off
f 3379/4198/9483 3365/4197/9484 3403/4200/9485 3406/4203/9486
s 242
f 3367/4205/9408 3368/4212/9409 3408/4209/9487 3407/4208/9488
s off
f 3368/4212/9489 3382/4215/9490 3409/4210/9491 3408/4209/9492
s 243
f 3382/4215/9424 3381/4206/9423 3410/4211/9493 3409/4210/9494
s off
f 3381/4206/9495 3367/4205/9496 3407/4208/9497 3410/4211/9498
s 242
f 3369/4213/9410 3370/4220/9411 3412/4217/9499 3411/4216/9500
s off
f 3370/4220/9501 3384/4223/9502 3413/4218/9503 3412/4217/9504
s 243
f 3384/4223/9426 3383/4214/9425 3414/4219/9505 3413/4218/9506
s off
f 3383/4214/9507 3369/4213/9508 3411/4216/9509 3414/4219/9510
s 244
f 3415/4256/9511 3416/4257/9512 3456/4258/9513 3455/4259/9514
f 3416/4257/9512 3417/4260/9515 3457/4261/9516 3456/4258/9513
f 3417/4260/9515 3418/4262/9517 3458/4263/9518 3457/4261/9516
f 3418/4262/9517 3419/4264/9519 3459/4265/9520 3458/4263/9518
f 3419/4264/9519 3420/4266/9521 3460/4267/9522 3459/4265/9520
f 3420/4266/9521 3421/4268/9523 3461/4269/9524 3460/4267/9522
f 3421/4268/9523 3422/4270/9525 3462/4271/9526 3461/4269/9524
f 3422/4270/9525 3423/4272/9527 3463/4273/9528 3462/4271/9526
f 3423/4272/9527 3424/4274/9529 3464/4275/9530 3463/4273/9528
f 3424/4274/9529 3425/4276/9531 3465/4277/9532 3464/4275/9530
f 3425/4276/9531 3426/4278/9533 3466/4279/9534 3465/4277/9532
f 3426/4278/9533 3427/4280/9535 3467/4281/9536 3466/4279/9534
f 3427/4280/9535 3428/4282/9537 3468/4283/9538 3467/4281/9536
f 3428/4282/9537 3429/4284/9539 3469/4285/9540 3468/4283/9538
f 3429/4284/9539 3430/4286/9541 3470/4287/9542 3469/4285/9540
f 3430/4286/9541 3431/4288/9543 3471/4289/9544 3470/4287/9542
f 3431/4288/9543 3432/4290/9545 3472/4291/9546 3471/4289/9544
f 3432/4290/9545 3433/4292/9547 3473/4293/9548 3472/4291/9546
f 3433/4292/9547 3434/4294/9549 3474/4295/9550 3473/4293/9548
f 3434/4294/9549 3435/4296/9551 3475/4297/9552 3474/4295/9550
f 3435/4296/9551 3436/4298/9553 3476/4299/9554 3475/4297/9552
f 3436/4298/9553 3437/4300/9555 3477/4301/9556 3476/4299/9554
f 3437/4300/9555 3438/4302/9557 3478/4303/9558 3477/4301/9556
f 3438/4302/9557 3439/4304/9559 3479/4305/9560 3478/4303/9558
f 3439/4304/9559 3440/4306/9561 3480/4307/9562 3479/4305/9560
f 3440/4306/9561 3441/4308/9563 3481/4309/9564 3480/4307/9562
f 3441/4308/9563 3442/4310/9565 3482/4311/9566 3481/4309/9564
f 3442/4310/9565 3443/4312/9567 3483/4313/9568 3482/4311/9566
f 3443/4312/9567 3444/4314/9569 3484/4315/9570 3483/4313/9568
f 3444/4314/9569 3445/4316/9571 3485/4317/9572 3484/4315/9570
f 3445/4316/9571 3446/4318/9573 3486/4319/9574 3485/4317/9572
f 3446/4318/9573 3447/4320/9575 3487/4321/9576 3486/4319/9574
f 3447/4320/9575 3448/4322/9577 3488/4323/9578 3487/4321/9576
f 3448/4322/9577 3449/4324/9579 3489/4325/9580 3488/4323/9578
f 3449/4324/9579 3450/4326/9581 3490/4327/9582 3489/4325/9580
f 3450/4326/9581 3451/4328/9583 3491/4329/9584 3490/4327/9582
f 3451/4328/9583 3452/4330/9585 3492/4331/9586 3491/4329/9584
f 3452/4330/9585 3453/4332/9587 3493/4333/9588 3492/4331/9586
f 3453/4332/9587 3454/4334/9589 3494/4335/9590 3493/4333/9588
f 3454/4334/9589 3415/4336/9511 3455/4337/9514 3494/4335/9590
s 245
f 3416/4338/9591 3415/4339/9592 3495/4340/9593
f 3417/4341/9594 3416/4338/9591 3495/4340/9593
f 3418/4342/9595 3417/4341/9594 3495/4340/9593
f 3419/4343/9596 3418/4342/9595 3495/4340/9593
f 3420/4344/9597 3419/4343/9596 3495/4340/9593
f 3421/4345/9598 3420/4344/9597 3495/4340/9593
f 3422/4346/9599 3421/4345/9598 3495/4340/9593
f 3423/4347/9600 3422/4346/9599 3495/4340/9593
f 3424/4348/9601 3423/4347/9600 3495/4340/9593
f 3425/4349/9602 3424/4348/9601 3495/4340/9593
f 3426/4350/9603 3425/4349/9602 3495/4340/9593
f 3427/4351/9604 3426/4350/9603 3495/4340/9593
f 3428/4352/9605 3427/4351/9604 3495/4340/9593
f 3429/4353/9606 3428/4352/9605 3495/4340/9593
f 3430/4354/9607 3429/4353/9606 3495/4340/9593
f 3431/4355/9608 3430/4354/9607 3495/4340/9593
f 3432/4356/9609 3431/4355/9608 3495/4340/9593
f 3433/4357/9610 3432/4356/9609 3495/4340/9593
f 3434/4358/9611 3433/4357/9610 3495/4340/9593
f 3435/4359/9612 3434/4358/9611 3495/4340/9593
f 3436/4360/9613 3435/4359/9612 3495/4340/9593
f 3437/4361/9614 3436/4360/9613 3495/4340/9593
f 3438/4362/9615 3437/4361/9614 3495/4340/9593
f 3439/4363/9616 3438/4362/9615 3495/4340/9593
f 3440/4364/9617 3439/4363/9616 3495/4340/9593
f 3441/4365/9618 3440/4364/9617 3495/4340/9593
f 3442/4366/9619 3441/4365/9618 3495/4340/9593
f 3443/4367/9620 3442/4366/9619 3495/4340/9593
f 3444/4368/9621 3443/4367/9620 3495/4340/9593
f 3445/4369/9622 3444/4368/9621 3495/4340/9593
f 3446/4370/9623 3445/4369/9622 3495/4340/9593
f 3447/4371/9624 3446/4370/9623 3495/4340/9593
f 3448/4372/9625 3447/4371/9624 3495/4340/9593
f 3449/4373/9626 3448/4372/9625 3495/4340/9593
f 3450/4374/9627 3449/4373/9626 3495/4340/9593
f 3451/4375/9628 3450/4374/9627 3495/4340/9593
f 3452/4376/9629 3451/4375/9628 3495/4340/9593
f 3453/4377/9630 3452/4376/9629 3495/4340/9593
f 3454/4378/9631 3453/4377/9630 3495/4340/9593
f 3415/4339/9592 3454/4378/9631 3495/4340/9593
s 246
f 3455/4379/9632 3456/4380/9633 3496/4381/9634
f 3456/4380/9633 3457/4382/9635 3496/4381/9634
f 3457/4382/9635 3458/4383/9636 3496/4381/9634
f 3458/4383/9636 3459/4384/9637 3496/4381/9634
f 3459/4384/9637 3460/4385/9638 3496/4381/9634
f 3460/4385/9638 3461/4386/9639 3496/4381/9634
f 3461/4386/9639 3462/4387/9640 3496/4381/9634
f 3462/4387/9640 3463/4388/9641 3496/4381/9634
f 3463/4388/9641 3464/4389/9642 3496/4381/9634
f 3464/4389/9642 3465/4390/9643 3496/4381/9634
f 3465/4390/9643 3466/4391/9644 3496/4381/9634
f 3466/4391/9644 3467/4392/9645 3496/4381/9634
f 3467/4392/9645 3468/4393/9646 3496/4381/9634
f 3468/4393/9646 3469/4394/9647 3496/4381/9634
f 3469/4394/9647 3470/4395/9648 3496/4381/9634
f 3470/4395/9648 3471/4396/9649 3496/4381/9634
f 3471/4396/9649 3472/4397/9650 3496/4381/9634
f 3472/4397/9650 3473/4398/9651 3496/4381/9634
f 3473/4398/9651 3474/4399/9652 3496/4381/9634
f 3474/4399/9652 3475/4400/9653 3496/4381/9634
f 3475/4400/9653 3476/4401/9654 3496/4381/9634
f 3476/4401/9654 3477/4402/9655 3496/4381/9634
f 3477/4402/9655 3478/4403/9656 3496/4381/9634
f 3478/4403/9656 3479/4404/9657 3496/4381/9634
f 3479/4404/9657 3480/4405/9658 3496/4381/9634
f 3480/4405/9658 3481/4406/9659 3496/4381/9634
f 3481/4406/9659 3482/4407/9660 3496/4381/9634
f 3482/4407/9660 3483/4408/9661 3496/4381/9634
f 3483/4408/9661 3484/4409/9662 3496/4381/9634
f 3484/4409/9662 3485/4410/9663 3496/4381/9634
f 3485/4410/9663 3486/4411/9664 3496/4381/9634
f 3486/4411/9664 3487/4412/9665 3496/4381/9634
f 3487/4412/9665 3488/4413/9666 3496/4381/9634
f 3488/4413/9666 3489/4414/9667 3496/4381/9634
f 3489/4414/9667 3490/4415/9668 3496/4381/9634
f 3490/4415/9668 3491/4416/9669 3496/4381/9634
f 3491/4416/9669 3492/4417/9670 3496/4381/9634
f 3492/4417/9670 3493/4418/9671 3496/4381/9634
f 3493/4418/9671 3494/4419/9672 3496/4381/9634
f 3494/4419/9672 3455/4379/9632 3496/4381/9634
s 247
f 3558/4420/9673 3559/4421/9674 3635/4422/9675 3636/4423/9676
s 248
f 3556/4424/9677 3557/4425/9678 3637/4426/9679 3638/4427/9680
s 249
f 3560/4428/9681 3553/4429/9682 3651/4430/9683 3634/4431/9684
s off
f 3499/4432/9685 3500/4433/9686 3503/4434/9687 3504/4435/9688 3510/4436/9689 3509/4437/9690 3506/4438/9691 3505/4439/9692
s 250
f 3553/4440/9693 3554/4441/9694 3650/4442/9695 3651/4443/9696
s 251
f 3555/4444/9697 3556/4445/9698 3638/4446/9699 3639/4447/9700
s off
f 3507/4448/9701 3508/4449/9702 3511/4450/9703 3512/4451/9704 3502/4452/9705 3501/4453/9706 3498/4454/9707 3497/4455/9708
s 252
f 3634/4431/9709 3635/4422/9710 3559/4421/9711 3560/4428/9712
s 253
f 3636/4423/9713 3637/4426/9714 3557/4425/9715 3558/4420/9716
s 249
f 3669/4456/9717 3652/4457/9718 3522/4458/9719 3523/4459/9720
s 252
f 3523/4459/9721 3524/4460/9722 3668/4461/9723 3669/4456/9724
s 247
f 3667/4462/9725 3668/4461/9726 3524/4460/9727 3525/4463/9728
s 253
f 3525/4463/9729 3526/4464/9730 3666/4465/9731 3667/4462/9732
s 248
f 3665/4466/9733 3666/4465/9734 3526/4464/9735 3527/4467/9736
s 251
f 3664/4468/9737 3665/4469/9738 3527/4470/9739 3528/4471/9740
s 250
f 3652/4472/9741 3653/4473/9742 3521/4474/9743 3522/4475/9744
f 3522/4475/9744 3521/4474/9743 3529/4476/9745 3530/4477/9746
s 249
f 3523/4459/9720 3522/4458/9719 3530/4478/9747 3531/4479/9748
s 252
f 3531/4479/9749 3532/4480/9750 3524/4460/9722 3523/4459/9721
s 247
f 3525/4463/9728 3524/4460/9727 3532/4480/9751 3533/4481/9752
s 253
f 3533/4481/9753 3534/4482/9754 3526/4464/9730 3525/4463/9729
s 248
f 3527/4467/9736 3526/4464/9735 3534/4482/9755 3535/4483/9756
s 251
f 3528/4471/9740 3527/4470/9739 3535/4484/9757 3536/4485/9758
s off
f 3536/4485/9759 3529/4476/9760 3521/4474/9761 3528/4471/9762
f 3578/4486/9763 3577/4487/9764 3579/4488/9765 3580/4489/9766
f 3581/4490/9767 3578/4491/9768 3580/4492/9769 3582/4493/9770
f 3582/4493/9771 3583/4494/9772 3584/4495/9773 3581/4490/9774
f 3585/4496/9775 3584/4495/9776 3583/4494/9777 3586/4497/9778
f 3586/4497/9779 3587/4498/9780 3588/4499/9781 3585/4496/9782
f 3589/4500/9783 3588/4499/9784 3587/4498/9785 3590/4501/9786
f 3591/4502/9787 3589/4503/9788 3590/4504/9789 3592/4505/9790
f 3579/4488/9791 3577/4487/9792 3591/4502/9793 3592/4505/9794
f 3562/4506/9795 3561/4507/9796 3563/4508/9797 3564/4509/9798
f 3565/4510/9799 3563/4508/9800 3561/4507/9801 3566/4511/9802
f 3566/4511/9803 3567/4512/9804 3568/4513/9805 3565/4510/9806
f 3569/4514/9807 3570/4515/9808 3568/4516/9809 3567/4517/9810
f 3571/4518/9811 3570/4515/9812 3569/4514/9813 3572/4519/9814
f 3573/4520/9815 3574/4521/9816 3571/4518/9817 3572/4519/9818
f 3575/4522/9819 3574/4521/9820 3573/4520/9821 3576/4523/9822
f 3562/4524/9823 3564/4525/9824 3575/4522/9825 3576/4523/9826
s 252
f 3514/4526/9827 3515/4527/9828 3546/4528/9829 3545/4529/9830
s 247
f 3547/4530/9831 3546/4528/9832 3515/4527/9833 3516/4531/9834
s 253
f 3516/4531/9835 3517/4532/9836 3548/4533/9837 3547/4530/9838
s 248
f 3549/4534/9839 3548/4533/9840 3517/4532/9841 3518/4535/9842
s 251
f 3550/4536/9843 3549/4537/9844 3518/4538/9845 3519/4539/9846
s 266
f 3711/4540/9847 3706/4541/9848 3712/4542/9849 3713/4543/9850
s 250
f 3552/4544/9851 3551/4545/9852 3520/4546/9853 3513/4547/9854
s 249
f 3545/4529/9855 3552/4548/9856 3513/4549/9857 3514/4526/9858
s 250
f 3537/4550/9859 3538/4551/9860 3554/4441/9694 3553/4440/9693
s off
f 3555/4444/9861 3554/4441/9862 3538/4551/9863 3539/4552/9864
s 251
f 3539/4552/9865 3540/4553/9866 3556/4445/9698 3555/4444/9697
s 248
f 3540/4554/9867 3541/4555/9868 3557/4425/9678 3556/4424/9677
s 253
f 3558/4420/9716 3557/4425/9715 3541/4555/9869 3542/4556/9870
s 247
f 3542/4556/9871 3543/4557/9872 3559/4421/9674 3558/4420/9673
s 252
f 3560/4428/9712 3559/4421/9711 3543/4557/9873 3544/4558/9874
s 249
f 3544/4558/9875 3537/4559/9876 3553/4429/9682 3560/4428/9681
s off
f 3497/4455/9877 3498/4454/9878 3561/4507/9879 3562/4506/9880
f 3538/4551/9881 3537/4550/9882 3564/4509/9883 3563/4508/9884
f 3539/4552/9885 3538/4551/9886 3563/4508/9887 3565/4510/9888
f 3498/4454/9889 3501/4453/9890 3566/4511/9891 3561/4507/9892
f 3501/4453/9893 3502/4452/9894 3567/4512/9895 3566/4511/9896
f 3540/4553/9897 3539/4552/9898 3565/4510/9899 3568/4513/9900
f 3541/4555/9901 3540/4554/9902 3568/4516/9903 3570/4515/9904
f 3502/4560/9905 3512/4561/9906 3569/4514/9907 3567/4517/9908
f 3542/4556/9909 3541/4555/9910 3570/4515/9911 3571/4518/9912
f 3512/4561/9913 3511/4450/9914 3572/4519/9915 3569/4514/9916
f 3543/4557/9917 3542/4556/9918 3571/4518/9919 3574/4521/9920
f 3511/4450/9921 3508/4449/9922 3573/4520/9923 3572/4519/9924
f 3544/4558/9925 3543/4557/9926 3574/4521/9927 3575/4522/9928
f 3508/4449/9929 3507/4562/9930 3576/4523/9931 3573/4520/9932
f 3537/4559/9933 3544/4558/9934 3575/4522/9935 3564/4525/9936
f 3507/4562/9937 3497/4563/9938 3562/4524/9939 3576/4523/9940
f 3530/4477/9941 3529/4476/9942 3577/4487/9943 3578/4486/9944
f 3500/4433/9945 3499/4432/9946 3580/4489/9947 3579/4488/9948
f 3531/4479/9949 3530/4478/9950 3578/4491/9951 3581/4490/9952
f 3499/4564/9953 3505/4565/9954 3582/4493/9955 3580/4492/9956
f 3505/4565/9957 3506/4566/9958 3583/4494/9959 3582/4493/9960
f 3532/4480/9961 3531/4479/9962 3581/4490/9963 3584/4495/9964
f 3533/4481/9965 3532/4480/9966 3584/4495/9967 3585/4496/9968
f 3506/4566/9969 3509/4567/9970 3586/4497/9971 3583/4494/9972
f 3509/4567/9973 3510/4568/9974 3587/4498/9975 3586/4497/9976
f 3534/4482/9977 3533/4481/9978 3585/4496/9979 3588/4499/9980
f 3535/4483/9981 3534/4482/9982 3588/4499/9983 3589/4500/9984
f 3510/4568/9985 3504/4569/9986 3590/4501/9987 3587/4498/9988
f 3536/4485/9989 3535/4484/9990 3589/4503/9991 3591/4502/9992
f 3504/4435/9993 3503/4434/9994 3592/4505/9995 3590/4504/9996
f 3529/4476/9997 3536/4485/9998 3591/4502/9999 3577/4487/10000
f 3503/4434/10001 3500/4433/10002 3579/4488/10003 3592/4505/10004
s 269
f 3710/4570/10005 3711/4540/10006 3713/4543/10007 3714/4571/10008
s 270
f 3649/4572/10009 3650/4442/10010 3554/4441/10011 3595/4573/10012
s off
f 3554/4441/10013 3555/4444/10014 3596/4574/10015 3595/4573/10016
s 271
f 3555/4444/10017 3639/4447/10018 3640/4575/10019 3596/4574/10020
s off
f 3528/4471/10021 3521/4474/10022 3598/4576/10023 3597/4577/10024
s 272
f 3521/4474/10025 3653/4473/10026 3654/4578/10027 3598/4576/10028
s 273
f 3717/4579/10029 3712/4542/10030 3706/4541/10031 3707/4580/10032
s 274
f 3663/4581/10033 3664/4468/10034 3528/4471/10035 3597/4577/10036
s 275
f 3709/4582/10037 3722/4583/10038 3723/4584/10039 3715/4585/10040
s 276
f 3648/4586/10041 3726/4587/10042 3727/4588/10043 3603/4589/10044
s 277
f 3595/4573/10045 3596/4574/10046 3609/4590/10047
s 278
f 3718/4591/10048 3719/4592/10049 3641/4593/10050 3604/4594/10051
s 279
f 3597/4577/10052 3598/4576/10053 3606/4595/10054 3605/4596/10055
s 280
f 3598/4576/10056 3654/4578/10057 3655/4597/10058 3606/4595/10059
s 281
f 3716/4598/10060 3717/4579/10061 3707/4580/10062 3708/4599/10063
s 282
f 3662/4600/10064 3663/4581/10065 3597/4577/10066 3605/4596/10067
s 283
f 3708/4599/10068 3709/4582/10069 3715/4585/10070 3716/4598/10071
s 277
f 3595/4573/10045 3609/4590/10047 3603/4589/10072 3727/4588/10073
f 3609/4590/10047 3596/4574/10046 3718/4591/10074 3604/4594/10075
s 284
f 3642/4601/10076 3643/4602/10077 3613/4603/10078 3615/4604/10079
s 285
f 3643/4602/10080 3644/4605/10081 3614/4606/10082 3613/4603/10083
s 284
f 3617/4607/10084 3616/4608/10085 3660/4609/10086 3661/4610/10087
s 285
f 3616/4608/10088 3618/4611/10089 3659/4612/10090 3660/4609/10091
s 284
f 3604/4594/10092 3641/4593/10093 3642/4601/10076 3615/4604/10079
f 3661/4610/10087 3662/4600/10094 3605/4596/10095 3617/4607/10084
f 3612/4613/10096 3601/4614/10097 3608/4615/10098 3619/4616/10099
s 285
f 3610/4617/10100 3611/4618/10101 3620/4619/10102 3621/4620/10103
s 284
f 3611/4618/10104 3612/4613/10096 3619/4616/10099 3620/4619/10105
s 285
f 3645/4621/10106 3646/4622/10107 3626/4623/10108 3625/4624/10109
s 291
f 3646/4622/10110 3647/4625/10111 3627/4626/10112 3626/4623/10113
f 3647/4625/10111 3648/4586/10114 3603/4589/10115 3627/4626/10112
f 3606/4595/10116 3655/4597/10117 3656/4627/10118 3629/4628/10119
f 3602/4629/10120 3622/4630/10121 3631/4631/10122 3607/4632/10123
s 285
f 3644/4605/10081 3645/4621/10106 3625/4624/10109 3614/4606/10082
f 3658/4633/10124 3659/4612/10090 3618/4611/10089 3628/4634/10125
f 3624/4635/10126 3610/4617/10100 3621/4620/10103 3633/4636/10127
s 277
f 3626/4623/10128 3609/4590/10047 3613/4603/10129
s 279
f 3628/4634/10130 3618/4611/10131 3616/4608/10132 3617/4607/10133 3605/4596/10055 3606/4595/10054 3629/4628/10134 3630/4637/10135
s 291
f 3622/4630/10121 3623/4638/10136 3632/4639/10137 3631/4631/10122
s 285
f 3623/4638/10138 3624/4635/10126 3633/4636/10127 3632/4639/10139
f 3628/4634/10125 3630/4637/10140 3657/4640/10141 3658/4633/10124
s 291
f 3630/4637/10142 3629/4628/10119 3656/4627/10118 3657/4640/10143
s 252
f 3670/4641/10144 3671/4642/10145 3635/4422/9710 3634/4431/9709
s 247
f 3636/4423/9676 3635/4422/9675 3671/4642/10146 3672/4643/10147
s 253
f 3672/4643/10148 3673/4644/10149 3637/4426/9714 3636/4423/9713
s 248
f 3638/4427/9680 3637/4426/9679 3673/4644/10150 3674/4645/10151
s 251
f 3639/4447/9700 3638/4446/9699 3674/4646/10152 3675/4647/10153
s 271
f 3640/4575/10019 3639/4447/10018 3675/4647/10154 3676/4648/10155
s 278
f 3641/4593/10050 3719/4592/10049 3720/4649/10156 3677/4650/10157
s 284
f 3642/4601/10076 3641/4593/10093 3677/4650/10158 3678/4651/10159
f 3678/4651/10159 3679/4652/10160 3643/4602/10077 3642/4601/10076
s 285
f 3679/4652/10161 3680/4653/10162 3644/4605/10081 3643/4602/10080
f 3681/4654/10163 3682/4655/10164 3646/4622/10107 3645/4621/10106
s 291
f 3682/4655/10165 3683/4656/10166 3647/4625/10111 3646/4622/10110
f 3683/4656/10166 3684/4657/10167 3648/4586/10114 3647/4625/10111
s 276
f 3684/4657/10168 3725/4658/10169 3726/4587/10042 3648/4586/10041
s 270
f 3685/4659/10170 3686/4660/10171 3650/4442/10010 3649/4572/10009
s 250
f 3651/4443/9696 3650/4442/9695 3686/4660/10172 3687/4661/10173
s 249
f 3634/4431/9684 3651/4430/9683 3687/4662/10174 3670/4641/10175
s 250
f 3688/4663/10176 3689/4664/10177 3653/4473/9742 3652/4472/9741
s 272
f 3654/4578/10027 3653/4473/10026 3689/4664/10178 3690/4665/10179
s 280
f 3655/4597/10058 3654/4578/10057 3690/4665/10180 3691/4666/10181
s 291
f 3656/4627/10118 3655/4597/10117 3691/4666/10182 3692/4667/10183
f 3657/4640/10143 3656/4627/10118 3692/4667/10183 3693/4668/10184
s 285
f 3658/4633/10124 3657/4640/10141 3693/4668/10185 3694/4669/10186
f 3660/4609/10091 3659/4612/10090 3695/4670/10187 3696/4671/10188
s 284
f 3661/4610/10087 3660/4609/10086 3696/4671/10189 3697/4672/10190
f 3697/4672/10190 3698/4673/10191 3662/4600/10094 3661/4610/10087
s 282
f 3698/4673/10192 3699/4674/10193 3663/4581/10065 3662/4600/10064
s 274
f 3699/4674/10194 3700/4675/10195 3664/4468/10034 3663/4581/10033
s 251
f 3700/4675/10196 3701/4676/10197 3665/4469/9738 3664/4468/9737
s 248
f 3701/4677/10198 3702/4678/10199 3666/4465/9734 3665/4466/9733
s 253
f 3667/4462/9732 3666/4465/9731 3702/4678/10200 3703/4679/10201
s 247
f 3703/4679/10202 3704/4680/10203 3668/4461/9726 3667/4462/9725
s 252
f 3669/4456/9724 3668/4461/9723 3704/4680/10204 3705/4681/10205
s 249
f 3705/4681/10206 3688/4682/10207 3652/4457/9718 3669/4456/9717
s 252
f 3545/4529/9830 3546/4528/9829 3671/4642/10145 3670/4641/10144
s 247
f 3672/4643/10147 3671/4642/10146 3546/4528/9832 3547/4530/9831
s 253
f 3547/4530/9838 3548/4533/9837 3673/4644/10149 3672/4643/10148
s 248
f 3674/4645/10151 3673/4644/10150 3548/4533/9840 3549/4534/9839
s 251
f 3675/4647/10153 3674/4646/10152 3549/4537/9844 3550/4536/9843
s 271
f 3676/4648/10155 3675/4647/10154 3550/4536/10208 3593/4683/10209
s 278
f 3677/4650/10157 3720/4649/10156 3721/4684/10210 3601/4614/10211
s 284
f 3678/4651/10159 3677/4650/10158 3601/4614/10097 3612/4613/10096
f 3612/4613/10096 3611/4618/10104 3679/4652/10160 3678/4651/10159
s 285
f 3611/4618/10101 3610/4617/10100 3680/4653/10162 3679/4652/10161
f 3610/4617/10100 3624/4635/10126 3681/4654/10163 3680/4653/10162
f 3624/4635/10126 3623/4638/10138 3682/4655/10164 3681/4654/10163
s 291
f 3623/4638/10136 3622/4630/10121 3683/4656/10166 3682/4655/10165
f 3602/4629/10120 3684/4657/10167 3683/4656/10166 3622/4630/10121
s 276
f 3724/4685/10212 3725/4658/10169 3684/4657/10168 3602/4629/10213
s 270
f 3551/4545/10214 3686/4660/10171 3685/4659/10170 3594/4686/10215
s 250
f 3687/4661/10173 3686/4660/10172 3551/4545/9852 3552/4544/9851
s 249
f 3670/4641/10175 3687/4662/10174 3552/4548/9856 3545/4529/9855
s 250
f 3513/4547/9854 3520/4546/9853 3689/4664/10177 3688/4663/10176
s 272
f 3690/4665/10179 3689/4664/10178 3520/4546/10216 3599/4687/10217
s 280
f 3691/4666/10181 3690/4665/10180 3599/4687/10218 3607/4632/10219
s 291
f 3692/4667/10183 3691/4666/10182 3607/4632/10123 3631/4631/10122
f 3693/4668/10184 3692/4667/10183 3631/4631/10122 3632/4639/10137
s 285
f 3694/4669/10186 3693/4668/10185 3632/4639/10139 3633/4636/10127
f 3621/4620/10103 3695/4670/10187 3694/4669/10186 3633/4636/10127
f 3696/4671/10188 3695/4670/10187 3621/4620/10103 3620/4619/10102
s 284
f 3697/4672/10190 3696/4671/10189 3620/4619/10105 3619/4616/10099
f 3608/4615/10098 3698/4673/10191 3697/4672/10190 3619/4616/10099
s 282
f 3600/4688/10220 3699/4674/10193 3698/4673/10192 3608/4615/10221
s 274
f 3519/4539/10222 3700/4675/10195 3699/4674/10194 3600/4688/10223
s 251
f 3519/4539/9846 3518/4538/9845 3701/4676/10197 3700/4675/10196
s 248
f 3518/4535/9842 3517/4532/9841 3702/4678/10199 3701/4677/10198
s 253
f 3703/4679/10201 3702/4678/10200 3517/4532/9836 3516/4531/9835
s 247
f 3516/4531/9834 3515/4527/9833 3704/4680/10203 3703/4679/10202
s 252
f 3705/4681/10205 3704/4680/10204 3515/4527/9828 3514/4526/9827
s 249
f 3514/4526/9858 3513/4549/9857 3688/4682/10207 3705/4681/10206
s 273
f 3707/4580/10032 3706/4541/10031 3519/4539/10224 3600/4688/10225
s 281
f 3708/4599/10063 3707/4580/10062 3600/4688/10226 3608/4615/10227
s 283
f 3601/4614/10228 3709/4582/10069 3708/4599/10068 3608/4615/10229
s 275
f 3721/4684/10230 3722/4583/10038 3709/4582/10037 3601/4614/10231
s 269
f 3550/4536/10232 3711/4540/10006 3710/4570/10005 3593/4683/10233
s 266
f 3519/4539/10234 3706/4541/9848 3711/4540/9847 3550/4536/10235
f 3713/4543/9850 3712/4542/9849 3520/4546/10236 3551/4545/10237
s 269
f 3714/4571/10008 3713/4543/10007 3551/4545/10238 3594/4686/10239
s 275
f 3715/4585/10040 3723/4584/10039 3724/4685/10240 3602/4629/10241
s 283
f 3716/4598/10071 3715/4585/10070 3602/4629/10242 3607/4632/10243
s 281
f 3599/4687/10244 3717/4579/10061 3716/4598/10060 3607/4632/10245
s 273
f 3520/4546/10246 3712/4542/10030 3717/4579/10029 3599/4687/10247
s 278
f 3596/4574/10248 3640/4575/10249 3719/4592/10049 3718/4591/10048
f 3720/4649/10156 3719/4592/10049 3640/4575/10249 3676/4648/10250
f 3721/4684/10210 3720/4649/10156 3676/4648/10250 3593/4683/10251
s 275
f 3593/4683/10252 3710/4570/10253 3722/4583/10038 3721/4684/10230
f 3723/4584/10039 3722/4583/10038 3710/4570/10253 3714/4571/10254
f 3724/4685/10240 3723/4584/10039 3714/4571/10254 3594/4686/10255
s 276
f 3594/4686/10256 3685/4659/10257 3725/4658/10169 3724/4685/10212
f 3726/4587/10042 3725/4658/10169 3685/4659/10257 3649/4572/10258
f 3727/4588/10043 3726/4587/10042 3649/4572/10258 3595/4573/10259
s 277
f 3626/4623/10128 3613/4603/10129 3614/4606/10260 3625/4624/10261
f 3613/4603/10129 3609/4590/10047 3604/4594/10075 3615/4604/10262
f 3603/4589/10072 3609/4590/10047 3626/4623/10128 3627/4626/10263
s off
f 3680/4653/10264 3681/4654/10265 3729/4689/10266 3728/4690/10267
f 3681/4654/10268 3645/4621/10269 3730/4691/10270 3729/4689/10271
f 3645/4621/10272 3644/4605/10273 3731/4692/10274 3730/4691/10275
f 3644/4605/10276 3680/4653/10277 3728/4690/10278 3731/4692/10279
f 3694/4669/10280 3695/4670/10281 3733/4693/10282 3732/4694/10283
f 3695/4670/10284 3659/4612/10285 3734/4695/10286 3733/4693/10287
f 3659/4612/10288 3658/4633/10289 3735/4696/10290 3734/4695/10291
f 3658/4633/10292 3694/4669/10293 3732/4694/10294 3735/4696/10295
f 3728/4690/10296 3729/4689/10297 3737/4697/10298 3736/4698/10299
f 3729/4689/10300 3730/4691/10301 3738/4699/10302 3737/4697/10303
f 3730/4691/10304 3731/4692/10305 3739/4700/10306 3738/4699/10307
f 3731/4692/10308 3728/4690/10309 3736/4698/10310 3739/4700/10311
f 3732/4694/10312 3733/4693/10313 3741/4701/10314 3740/4702/10315
f 3733/4693/10316 3734/4695/10317 3742/4703/10318 3741/4701/10319
f 3734/4695/10320 3735/4696/10321 3743/4704/10322 3742/4703/10323
f 3735/4696/10324 3732/4694/10325 3740/4702/10326 3743/4704/10327
f 3736/4698/10328 3737/4697/10329 3745/4705/10330 3744/4706/10331
f 3737/4697/10332 3738/4699/10333 3746/4707/10334 3745/4705/10335
f 3738/4699/10336 3739/4700/10337 3747/4708/10338 3746/4707/10339
f 3739/4700/10340 3736/4698/10341 3744/4706/10342 3747/4708/10343
f 3740/4702/10344 3741/4701/10345 3749/4709/10346 3748/4710/10347
f 3741/4701/10348 3742/4703/10349 3750/4711/10350 3749/4709/10351
f 3742/4703/10352 3743/4704/10353 3751/4712/10354 3750/4711/10355
f 3743/4704/10356 3740/4702/10357 3748/4710/10358 3751/4712/10359
f 3752/4713/10360 3753/4714/10361 3761/4715/10362 3760/4716/10363
f 3753/4714/10364 3754/4717/10365 3762/4718/10366 3761/4715/10367
f 3754/4717/10368 3755/4719/10369 3763/4720/10370 3762/4718/10371
f 3755/4719/10372 3756/4721/10373 3764/4722/10374 3763/4720/10375
f 3757/4723/10376 3758/4724/10377 3766/4725/10378 3765/4726/10379
f 3759/4727/10380 3752/4728/10381 3760/4729/10382 3767/4730/10383
s 294
f 3769/4731/10384 3768/4732/10385 3770/4733/10386
f 3771/4734/10387 3769/4731/10384 3770/4733/10386
f 3772/4735/10388 3771/4734/10387 3770/4733/10386
f 3773/4736/10389 3772/4735/10388 3770/4733/10386
f 3774/4737/10390 3773/4736/10389 3770/4733/10386
f 3775/4738/10391 3774/4737/10390 3770/4733/10386
f 3776/4739/10392 3775/4738/10391 3770/4733/10386
f 3768/4732/10385 3776/4739/10392 3770/4733/10386
s 295
f 3777/4740/10393 3778/4741/10394 3779/4742/10395
f 3778/4741/10394 3780/4743/10396 3779/4742/10395
f 3780/4743/10396 3781/4744/10397 3779/4742/10395
f 3781/4744/10397 3782/4745/10398 3779/4742/10395
f 3782/4745/10398 3783/4746/10399 3779/4742/10395
f 3783/4746/10399 3784/4747/10400 3779/4742/10395
f 3784/4747/10400 3785/4748/10401 3779/4742/10395
f 3785/4748/10401 3777/4740/10393 3779/4742/10395
s off
f 3745/4705/10402 3746/4707/10403 3767/4749/10404 3766/4750/10405
f 3746/4707/10406 3747/4708/10407 3759/4727/10408 3767/4730/10409
f 3747/4708/10410 3744/4706/10411 3758/4751/10412 3759/4752/10413
f 3744/4706/10414 3745/4705/10415 3766/4725/10416 3758/4724/10417
f 3749/4709/10418 3750/4711/10419 3756/4753/10420 3757/4754/10421
f 3750/4711/10422 3751/4712/10423 3764/4722/10424 3756/4721/10425
f 3751/4712/10426 3748/4710/10427 3765/4755/10428 3764/4756/10429
f 3748/4710/10430 3749/4709/10431 3757/4723/10432 3765/4726/10433
f 3753/4757/10434 3752/4758/10435 3768/4732/10436 3769/4731/10437
f 3754/4759/10438 3753/4757/10439 3769/4731/10440 3771/4734/10441
f 3755/4760/10442 3754/4759/10443 3771/4734/10444 3772/4735/10445
f 3756/4753/10446 3755/4760/10447 3772/4735/10448 3773/4736/10449
f 3757/4754/10450 3756/4753/10451 3773/4736/10452 3774/4737/10453
f 3758/4751/10454 3757/4754/10455 3774/4737/10456 3775/4738/10457
f 3759/4752/10458 3758/4751/10459 3775/4738/10460 3776/4739/10461
f 3752/4758/10462 3759/4752/10463 3776/4739/10464 3768/4732/10465
f 3760/4761/10466 3761/4762/10467 3778/4741/10468 3777/4740/10469
f 3761/4762/10470 3762/4763/10471 3780/4743/10472 3778/4741/10473
f 3762/4763/10474 3763/4764/10475 3781/4744/10476 3780/4743/10477
f 3763/4764/10478 3764/4756/10479 3782/4745/10480 3781/4744/10481
f 3764/4756/10482 3765/4755/10483 3783/4746/10484 3782/4745/10485
f 3765/4755/10486 3766/4750/10487 3784/4747/10488 3783/4746/10489
f 3766/4750/10490 3767/4749/10491 3785/4748/10492 3784/4747/10493
f 3767/4749/10494 3760/4761/10495 3777/4740/10496 3785/4748/10497
s 296
f 3823/4765/10498 3824/4766/10499 3825/4767/10500
f 3826/4768/10501 3827/4769/10502 3828/4770/10503
f 3829/4771/10504 3830/4772/10505 3831/4773/10506
f 3828/4770/10503 3832/4774/10507 3833/4775/10508
f 3834/4776/10509 3824/4766/10499 3823/4765/10498
f 3833/4775/10508 3832/4774/10507 3830/4772/10505
f 3825/4767/10500 3827/4769/10502 3826/4768/10501
f 3829/4771/10504 3831/4773/10506 3834/4776/10509
f 3825/4767/10500 3835/4777/10510 3827/4769/10502
f 3828/4770/10503 3827/4769/10502 3835/4777/10510
f 3828/4770/10503 3835/4777/10510 3832/4774/10507
f 3830/4772/10505 3832/4774/10507 3835/4777/10510
f 3831/4773/10506 3830/4772/10505 3835/4777/10510
f 3834/4776/10509 3831/4773/10506 3835/4777/10510
f 3834/4776/10509 3835/4777/10510 3824/4766/10499
f 3825/4767/10500 3824/4766/10499 3835/4777/10510
s 300
f 3788/4778/10511 3791/4779/10512 3798/4780/10513
f 3789/4781/10514 3794/4782/10515 3795/4783/10516
f 3786/4784/10517 3797/4785/10518 3790/4786/10519
f 3794/4782/10515 3787/4787/10520 3796/4788/10521
f 3792/4789/10522 3788/4778/10511 3798/4780/10513
f 3787/4787/10520 3790/4786/10519 3796/4788/10521
f 3791/4779/10512 3789/4781/10514 3795/4783/10516
f 3786/4784/10517 3792/4789/10522 3797/4785/10518
f 3791/4779/10512 3795/4783/10516 3793/4790/10523
f 3794/4782/10515 3793/4790/10523 3795/4783/10516
f 3794/4782/10515 3796/4788/10521 3793/4790/10523
f 3790/4786/10519 3793/4790/10523 3796/4788/10521
f 3797/4785/10518 3793/4790/10523 3790/4786/10519
f 3792/4789/10522 3793/4790/10523 3797/4785/10518
f 3792/4789/10522 3798/4780/10513 3793/4790/10523
f 3791/4779/10512 3793/4790/10523 3798/4780/10513
s 304
f 3791/4791/10524 3788/4792/10525 3799/4793/10526 3800/4794/10527
s 305
f 3794/4795/10528 3789/4796/10529 3801/4797/10530 3802/4798/10531
f 3786/4799/10532 3790/4800/10533 3804/4801/10534 3803/4802/10535
f 3787/4803/10536 3794/4795/10528 3802/4798/10531 3805/4804/10537
s 304
f 3788/4792/10525 3792/4805/10538 3806/4806/10539 3799/4793/10526
s 305
f 3790/4800/10533 3787/4803/10536 3805/4804/10537 3804/4801/10534
s 304
f 3789/4796/10540 3791/4791/10524 3800/4794/10527 3801/4797/10541
f 3792/4805/10538 3786/4799/10542 3803/4802/10543 3806/4806/10539
s off
f 3800/4794/10544 3799/4793/10545 3807/4807/10546 3808/4808/10547
f 3802/4798/10548 3801/4797/10549 3809/4809/10550 3810/4810/10551
f 3803/4802/10552 3804/4801/10553 3812/4811/10554 3811/4812/10555
f 3805/4804/10556 3802/4798/10557 3810/4810/10558 3813/4813/10559
f 3799/4793/10560 3806/4806/10561 3814/4814/10562 3807/4807/10563
f 3804/4801/10564 3805/4804/10565 3813/4813/10566 3812/4811/10567
f 3801/4797/10568 3800/4794/10569 3808/4808/10570 3809/4809/10571
f 3806/4806/10572 3803/4802/10573 3811/4812/10574 3814/4814/10575
f 3808/4808/10576 3807/4807/10577 3815/4815/10578 3816/4816/10579
f 3810/4810/10580 3809/4809/10581 3817/4817/10582 3818/4818/10583
f 3811/4812/10584 3812/4811/10585 3820/4819/10586 3819/4820/10587
f 3813/4813/10588 3810/4810/10589 3818/4818/10590 3821/4821/10591
f 3807/4807/10592 3814/4814/10593 3822/4822/10594 3815/4815/10595
f 3812/4811/10596 3813/4813/10597 3821/4821/10598 3820/4819/10599
f 3809/4809/10600 3808/4808/10601 3816/4816/10602 3817/4817/10603
f 3814/4814/10604 3811/4812/10605 3819/4820/10606 3822/4822/10607
f 3816/4816/10608 3815/4815/10609 3823/4765/10610 3825/4767/10611
f 3818/4818/10612 3817/4817/10613 3826/4768/10614 3828/4770/10615
f 3819/4820/10616 3820/4819/10617 3830/4772/10618 3829/4771/10619
f 3821/4821/10620 3818/4818/10621 3828/4770/10622 3833/4775/10623
f 3815/4815/10624 3822/4822/10625 3834/4776/10626 3823/4765/10627
f 3820/4819/10628 3821/4821/10629 3833/4775/10630 3830/4772/10631
f 3817/4817/10632 3816/4816/10633 3825/4767/10634 3826/4768/10635
f 3822/4822/10636 3819/4820/10637 3829/4771/10638 3834/4776/10639
f 3836/4823/10640 3837/4824/10641 3839/4825/10642 3838/4826/10643
f 3838/4826/10644 3839/4825/10645 3841/4827/10646 3840/4828/10647
f 3840/4828/10648 3841/4827/10649 3843/4829/10650 3842/4830/10651
f 3842/4830/10652 3843/4829/10653 3837/4831/10654 3836/4832/10655
f 3837/4824/10656 3843/4833/10657 3841/4834/10658 3839/4825/10659
f 3842/4835/10660 3836/4823/10661 3838/4826/10662 3840/4836/10663
